recordingId,trackId,frame,trackLifetime,xCenter,yCenter,heading,width,length,xVelocity,yVelocity,xAcceleration,yAcceleration,lonVelocity,latVelocity,lonAcceleration,latAcceleration,class,egoTrackId,ego_xCenter,ego_yCenter,ego_xVelocity,ego_yVelocity,ego_lonVelocity,ego_latVelocity,ego_heading,ego_speed_mps,ego_speed_kph,rel_x_to_ego,rel_y_to_ego,rel_vx_to_ego,rel_vy_to_ego,rel_speed_to_ego,distance_to_ego,is_ego,event_id,is_primary_actor,event_peak_frame,event_start_frame,event_end_frame,pair_type,risk_score_peak,event_min_ttc,event_min_dcpa,event_min_distance,dist_threshold_used,ttc_threshold_used,dcpa_threshold_used,min_rel_speed_threshold_used,ego_speed_mps_peak,ego_speed_kph_peak
3,598,22413,558,52.6331,-46.9885,333.3761,2.2462,7.6669,0.1732,-0.0889,0.9199,-0.5343,0.1947,0.0019,1.0618,0.0654,van,616,,,,,,,,,,,,,,,,0,03_613_616_22488_ego_616,0,22488,22488,22490,vehicle_vehicle,0.27263505511009967,1.638173700601931,2.7119367022350884,14.062367997602678,15.0,3.0,3.5,0.8,0.22860489933507547,0.8229776376062717
3,609,22413,230,64.1984,-54.1882,287.3496,2.2055,5.1926,2.4474,-6.5066,2.6225,1.1934,6.9404,-0.3958,-0.357,-2.859,car,616,,,,,,,,,,,,,,,,0,03_613_616_22488_ego_616,0,22488,22488,22490,vehicle_vehicle,0.27263505511009967,1.638173700601931,2.7119367022350884,14.062367997602678,15.0,3.0,3.5,0.8,0.22860489933507547,0.8229776376062717
3,613,22413,131,63.3864,-40.574,246.9485,2.0341,4.3748,-2.7573,-7.3215,2.8313,-0.7549,7.8166,-0.3296,-0.414,-2.9008,car,616,,,,,,,,,,,,,,,,0,03_613_616_22488_ego_616,1,22488,22488,22490,vehicle_vehicle,0.27263505511009967,1.638173700601931,2.7119367022350884,14.062367997602678,15.0,3.0,3.5,0.8,0.22860489933507547,0.8229776376062717
3,598,22414,559,52.6387,-46.9916,333.3226,2.2462,7.6669,0.2083,-0.1083,1.0017,-0.5876,0.2347,0.0032,1.1588,0.0753,van,616,,,,,,,,,,,,,,,,0,03_613_616_22488_ego_616,0,22488,22488,22490,vehicle_vehicle,0.27263505511009967,1.638173700601931,2.7119367022350884,14.062367997602678,15.0,3.0,3.5,0.8,0.22860489933507547,0.8229776376062717
3,609,22414,231,64.2981,-54.4469,288.2942,2.2055,5.1926,2.5519,-6.4582,2.6082,1.2041,6.9328,-0.3957,-0.3245,-2.8543,car,616,,,,,,,,,,,,,,,,0,03_613_616_22488_ego_616,0,22488,22488,22490,vehicle_vehicle,0.27263505511009967,1.638173700601931,2.7119367022350884,14.062367997602678,15.0,3.0,3.5,0.8,0.22860489933507547,0.8229776376062717
3,613,22414,132,63.2778,-40.8679,247.8096,2.0341,4.3748,-2.6414,-7.3516,2.8493,-0.7255,7.8047,-0.3309,-0.4043,-2.9123,car,616,,,,,,,,,,,,,,,,0,03_613_616_22488_ego_616,1,22488,22488,22490,vehicle_vehicle,0.27263505511009967,1.638173700601931,2.7119367022350884,14.062367997602678,15.0,3.0,3.5,0.8,0.22860489933507547,0.8229776376062717
3,598,22415,560,52.6456,-46.9954,333.2703,2.2462,7.6669,0.2476,-0.1301,1.0846,-0.6427,0.2797,0.0049,1.2578,0.0862,van,616,,,,,,,,,,,,,,,,0,03_613_616_22488_ego_616,0,22488,22488,22490,vehicle_vehicle,0.27263505511009967,1.638173700601931,2.7119367022350884,14.062367997602678,15.0,3.0,3.5,0.8,0.22860489933507547,0.8229776376062717
3,609,22415,232,64.4015,-54.7035,289.2357,2.2055,5.1926,2.6561,-6.4097,2.5942,1.2142,6.9269,-0.3961,-0.2918,-2.8494,car,616,,,,,,,,,,,,,,,,0,03_613_616_22488_ego_616,0,22488,22488,22490,vehicle_vehicle,0.27263505511009967,1.638173700601931,2.7119367022350884,14.062367997602678,15.0,3.0,3.5,0.8,0.22860489933507547,0.8229776376062717
3,613,22415,133,63.1743,-41.1632,248.6594,2.0341,4.3748,-2.5246,-7.3804,2.8646,-0.6963,7.7931,-0.3343,-0.3939,-2.9216,car,616,,,,,,,,,,,,,,,,0,03_613_616_22488_ego_616,1,22488,22488,22490,vehicle_vehicle,0.27263505511009967,1.638173700601931,2.7119367022350884,14.062367997602678,15.0,3.0,3.5,0.8,0.22860489933507547,0.8229776376062717
3,598,22416,561,52.6542,-47.0,333.2165,2.2462,7.6669,0.2911,-0.1546,1.168,-0.6993,0.3295,0.0069,1.3578,0.098,van,616,,,,,,,,,,,,,,,,0,03_613_616_22488_ego_616,0,22488,22488,22490,vehicle_vehicle,0.27263505511009967,1.638173700601931,2.7119367022350884,14.062367997602678,15.0,3.0,3.5,0.8,0.22860489933507547,0.8229776376062717
3,609,22416,233,64.5095,-54.9583,290.1749,2.2055,5.1926,2.7599,-6.361,2.5802,1.2242,6.9226,-0.3967,-0.2592,-2.8441,car,616,,,,,,,,,,,,,,,,0,03_613_616_22488_ego_616,0,22488,22488,22490,vehicle_vehicle,0.27263505511009967,1.638173700601931,2.7119367022350884,14.062367997602678,15.0,3.0,3.5,0.8,0.22860489933507547,0.8229776376062717
3,613,22416,134,63.0759,-41.46,249.4963,2.0341,4.3748,-2.4074,-7.4075,2.8772,-0.6676,7.7815,-0.3397,-0.3825,-2.9288,car,616,,,,,,,,,,,,,,,,0,03_613_616_22488_ego_616,1,22488,22488,22490,vehicle_vehicle,0.27263505511009967,1.638173700601931,2.7119367022350884,14.062367997602678,15.0,3.0,3.5,0.8,0.22860489933507547,0.8229776376062717
3,598,22417,562,52.6645,-47.0055,333.1687,2.2462,7.6669,0.3388,-0.182,1.2507,-0.7568,0.3844,0.0094,1.4577,0.1108,van,616,,,,,,,,,,,,,,,,0,03_613_616_22488_ego_616,0,22488,22488,22490,vehicle_vehicle,0.27263505511009967,1.638173700601931,2.7119367022350884,14.062367997602678,15.0,3.0,3.5,0.8,0.22860489933507547,0.8229776376062717
3,609,22417,234,64.6218,-55.2109,291.1021,2.2055,5.1926,2.8631,-6.3123,2.5662,1.2341,6.9198,-0.3985,-0.2275,-2.8385,car,616,,,,,,,,,,,,,,,,0,03_613_616_22488_ego_616,0,22488,22488,22490,vehicle_vehicle,0.27263505511009967,1.638173700601931,2.7119367022350884,14.062367997602678,15.0,3.0,3.5,0.8,0.22860489933507547,0.8229776376062717
3,613,22417,135,62.9823,-41.7574,250.31,2.0341,4.3748,-2.2899,-7.4333,2.8873,-0.6397,7.7702,-0.3485,-0.3705,-2.934,car,616,,,,,,,,,,,,,,,,0,03_613_616_22488_ego_616,1,22488,22488,22490,vehicle_vehicle,0.27263505511009967,1.638173700601931,2.7119367022350884,14.062367997602678,15.0,3.0,3.5,0.8,0.22860489933507547,0.8229776376062717
3,598,22418,563,52.6759,-47.0118,333.1215,2.2462,7.6669,0.3911,-0.2122,1.3319,-0.8146,0.4447,0.0124,1.5563,0.1245,van,616,,,,,,,,,,,,,,,,0,03_613_616_22488_ego_616,0,22488,22488,22490,vehicle_vehicle,0.27263505511009967,1.638173700601931,2.7119367022350884,14.062367997602678,15.0,3.0,3.5,0.8,0.22860489933507547,0.8229776376062717
3,609,22418,235,64.7377,-55.4615,292.02,2.2055,5.1926,2.9662,-6.2635,2.552,1.2445,6.9187,-0.4014,-0.1969,-2.8325,car,616,,,,,,,,,,,,,,,,0,03_613_616_22488_ego_616,0,22488,22488,22490,vehicle_vehicle,0.27263505511009967,1.638173700601931,2.7119367022350884,14.062367997602678,15.0,3.0,3.5,0.8,0.22860489933507547,0.8229776376062717
3,613,22418,136,62.8936,-42.0556,251.116,2.0341,4.3748,-2.1721,-7.4578,2.895,-0.6128,7.7594,-0.3585,-0.3571,-2.9375,car,616,,,,,,,,,,,,,,,,0,03_613_616_22488_ego_616,1,22488,22488,22490,vehicle_vehicle,0.27263505511009967,1.638173700601931,2.7119367022350884,14.062367997602678,15.0,3.0,3.5,0.8,0.22860489933507547,0.8229776376062717
3,598,22419,564,52.6888,-47.0192,333.0738,2.2462,7.6669,0.4481,-0.2454,1.41,-0.8722,0.5107,0.0159,1.6521,0.1391,van,616,,,,,,,,,,,,,,,,0,03_613_616_22488_ego_616,0,22488,22488,22490,vehicle_vehicle,0.27263505511009967,1.638173700601931,2.7119367022350884,14.062367997602678,15.0,3.0,3.5,0.8,0.22860489933507547,0.8229776376062717
3,609,22419,236,64.858,-55.7101,292.9315,2.2055,5.1926,3.0687,-6.2147,2.5374,1.2557,6.9192,-0.4048,-0.1678,-2.8261,car,616,,,,,,,,,,,,,,,,0,03_613_616_22488_ego_616,0,22488,22488,22490,vehicle_vehicle,0.27263505511009967,1.638173700601931,2.7119367022350884,14.062367997602678,15.0,3.0,3.5,0.8,0.22860489933507547,0.8229776376062717
3,613,22419,137,62.8091,-42.3543,251.9223,2.0341,4.3748,-2.0541,-7.4812,2.9004,-0.587,7.7493,-0.3688,-0.342,-2.9394,car,616,,,,,,,,,,,,,,,,0,03_613_616_22488_ego_616,1,22488,22488,22490,vehicle_vehicle,0.27263505511009967,1.638173700601931,2.7119367022350884,14.062367997602678,15.0,3.0,3.5,0.8,0.22860489933507547,0.8229776376062717
3,598,22420,565,52.7039,-47.0281,333.0226,2.2462,7.6669,0.5099,-0.2816,1.4836,-0.9288,0.5821,0.0196,1.7435,0.1547,van,616,,,,,,,,,,,,,,,,0,03_613_616_22488_ego_616,0,22488,22488,22490,vehicle_vehicle,0.27263505511009967,1.638173700601931,2.7119367022350884,14.062367997602678,15.0,3.0,3.5,0.8,0.22860489933507547,0.8229776376062717
3,609,22420,237,64.983,-55.9568,293.8491,2.2055,5.1926,3.1707,-6.1657,2.5223,1.268,6.9213,-0.4069,-0.1399,-2.8196,car,616,,,,,,,,,,,,,,,,0,03_613_616_22488_ego_616,0,22488,22488,22490,vehicle_vehicle,0.27263505511009967,1.638173700601931,2.7119367022350884,14.062367997602678,15.0,3.0,3.5,0.8,0.22860489933507547,0.8229776376062717
3,613,22420,138,62.7303,-42.6539,252.723,2.0341,4.3748,-1.9363,-7.5037,2.9039,-0.5622,7.7402,-0.3796,-0.3256,-2.9398,car,616,,,,,,,,,,,,,,,,0,03_613_616_22488_ego_616,1,22488,22488,22490,vehicle_vehicle,0.27263505511009967,1.638173700601931,2.7119367022350884,14.062367997602678,15.0,3.0,3.5,0.8,0.22860489933507547,0.8229776376062717
3,598,22421,566,52.7208,-47.0383,332.9627,2.2462,7.6669,0.5765,-0.3207,1.5509,-0.9837,0.6593,0.0237,1.8286,0.1712,van,616,,,,,,,,,,,,,,,,0,03_613_616_22488_ego_616,0,22488,22488,22490,vehicle_vehicle,0.27263505511009967,1.638173700601931,2.7119367022350884,14.062367997602678,15.0,3.0,3.5,0.8,0.22860489933507547,0.8229776376062717
3,609,22421,238,65.1119,-56.2015,294.7631,2.2055,5.1926,3.2719,-6.1167,2.5067,1.2818,6.9248,-0.409,-0.1139,-2.8131,car,616,,,,,,,,,,,,,,,,0,03_613_616_22488_ego_616,0,22488,22488,22490,vehicle_vehicle,0.27263505511009967,1.638173700601931,2.7119367022350884,14.062367997602678,15.0,3.0,3.5,0.8,0.22860489933507547,0.8229776376062717
3,613,22421,139,62.6554,-42.9545,253.5255,2.0341,4.3748,-1.8184,-7.5252,2.9056,-0.5383,7.732,-0.3903,-0.3078,-2.9389,car,616,,,,,,,,,,,,,,,,0,03_613_616_22488_ego_616,1,22488,22488,22490,vehicle_vehicle,0.27263505511009967,1.638173700601931,2.7119367022350884,14.062367997602678,15.0,3.0,3.5,0.8,0.22860489933507547,0.8229776376062717
3,598,22422,567,52.7412,-47.0502,332.9049,2.2462,7.6669,0.6473,-0.3628,1.6102,-1.0362,0.7415,0.0282,1.9055,0.1891,van,616,,,,,,,,,,,,,,,,0,03_613_616_22488_ego_616,0,22488,22488,22490,vehicle_vehicle,0.27263505511009967,1.638173700601931,2.7119367022350884,14.062367997602678,15.0,3.0,3.5,0.8,0.22860489933507547,0.8229776376062717
3,609,22422,239,65.2442,-56.4442,295.6757,2.2055,5.1926,3.3728,-6.0675,2.4907,1.2974,6.9297,-0.4109,-0.0901,-2.8069,car,616,,,,,,,,,,,,,,,,0,03_613_616_22488_ego_616,0,22488,22488,22490,vehicle_vehicle,0.27263505511009967,1.638173700601931,2.7119367022350884,14.062367997602678,15.0,3.0,3.5,0.8,0.22860489933507547,0.8229776376062717
3,613,22422,140,62.5847,-43.2554,254.3268,2.0341,4.3748,-1.7004,-7.546,2.9055,-0.5154,7.7248,-0.4014,-0.2887,-2.9367,car,616,,,,,,,,,,,,,,,,0,03_613_616_22488_ego_616,1,22488,22488,22490,vehicle_vehicle,0.27263505511009967,1.638173700601931,2.7119367022350884,14.062367997602678,15.0,3.0,3.5,0.8,0.22860489933507547,0.8229776376062717
3,598,22423,568,52.7666,-47.0644,332.8423,2.2462,7.6669,0.7212,-0.4074,1.6603,-1.0859,0.8277,0.0333,1.9729,0.2083,van,616,,,,,,,,,,,,,,,,0,03_613_616_22488_ego_616,0,22488,22488,22490,vehicle_vehicle,0.27263505511009967,1.638173700601931,2.7119367022350884,14.062367997602678,15.0,3.0,3.5,0.8,0.22860489933507547,0.8229776376062717
3,609,22423,240,65.3813,-56.6858,296.5874,2.2055,5.1926,3.473,-6.0176,2.4741,1.3151,6.9357,-0.4125,-0.0687,-2.8011,car,616,,,,,,,,,,,,,,,,0,03_613_616_22488_ego_616,0,22488,22488,22490,vehicle_vehicle,0.27263505511009967,1.638173700601931,2.7119367022350884,14.062367997602678,15.0,3.0,3.5,0.8,0.22860489933507547,0.8229776376062717
3,613,22423,141,62.5187,-43.5573,255.1393,2.0341,4.3748,-1.5822,-7.566,2.9035,-0.4931,7.7187,-0.4111,-0.268,-2.9329,car,616,,,,,,,,,,,,,,,,0,03_613_616_22488_ego_616,1,22488,22488,22490,vehicle_vehicle,0.27263505511009967,1.638173700601931,2.7119367022350884,14.062367997602678,15.0,3.0,3.5,0.8,0.22860489933507547,0.8229776376062717
3,598,22424,569,52.7955,-47.0808,332.7775,2.2462,7.6669,0.7976,-0.4543,1.7007,-1.1322,0.9171,0.0391,2.0302,0.2288,van,616,,,,,,,,,,,,,,,,0,03_613_616_22488_ego_616,0,22488,22488,22490,vehicle_vehicle,0.27263505511009967,1.638173700601931,2.7119367022350884,14.062367997602678,15.0,3.0,3.5,0.8,0.22860489933507547,0.8229776376062717
3,609,22424,241,65.522,-56.9251,297.488,2.2055,5.1926,3.5726,-5.9672,2.457,1.3349,6.9425,-0.415,-0.0502,-2.7957,car,616,,,,,,,,,,,,,,,,0,03_613_616_22488_ego_616,0,22488,22488,22490,vehicle_vehicle,0.27263505511009967,1.638173700601931,2.7119367022350884,14.062367997602678,15.0,3.0,3.5,0.8,0.22860489933507547,0.8229776376062717
3,613,22424,142,62.4581,-43.8596,255.9602,2.0341,4.3748,-1.4643,-7.5853,2.8997,-0.4714,7.714,-0.4196,-0.2461,-2.9275,car,616,,,,,,,,,,,,,,,,0,03_613_616_22488_ego_616,1,22488,22488,22490,vehicle_vehicle,0.27263505511009967,1.638173700601931,2.7119367022350884,14.062367997602678,15.0,3.0,3.5,0.8,0.22860489933507547,0.8229776376062717
3,598,22425,570,52.8282,-47.0995,332.7045,2.2462,7.6669,0.8759,-0.5032,1.7309,-1.1749,1.0091,0.0455,2.077,0.2503,van,616,,,,,,,,,,,,,,,,0,03_613_616_22488_ego_616,0,22488,22488,22490,vehicle_vehicle,0.27263505511009967,1.638173700601931,2.7119367022350884,14.062367997602678,15.0,3.0,3.5,0.8,0.22860489933507547,0.8229776376062717
3,609,22425,242,65.6661,-57.1627,298.3888,2.2055,5.1926,3.6718,-5.9161,2.439,1.357,6.9504,-0.4174,-0.0341,-2.7909,car,616,,,,,,,,,,,,,,,,0,03_613_616_22488_ego_616,0,22488,22488,22490,vehicle_vehicle,0.27263505511009967,1.638173700601931,2.7119367022350884,14.062367997602678,15.0,3.0,3.5,0.8,0.22860489933507547,0.8229776376062717
3,613,22425,143,62.4023,-44.1626,256.7862,2.0341,4.3748,-1.3467,-7.6041,2.8942,-0.4499,7.7106,-0.4272,-0.2236,-2.9204,car,616,,,,,,,,,,,,,,,,0,03_613_616_22488_ego_616,1,22488,22488,22490,vehicle_vehicle,0.27263505511009967,1.638173700601931,2.7119367022350884,14.062367997602678,15.0,3.0,3.5,0.8,0.22860489933507547,0.8229776376062717
3,598,22426,571,52.865,-47.121,332.6147,2.2462,7.6669,0.9552,-0.5537,1.751,-1.2142,1.1028,0.0523,2.1133,0.2727,van,616,,,,,,,,,,,,,,,,0,03_613_616_22488_ego_616,0,22488,22488,22490,vehicle_vehicle,0.27263505511009967,1.638173700601931,2.7119367022350884,14.062367997602678,15.0,3.0,3.5,0.8,0.22860489933507547,0.8229776376062717
3,609,22426,243,65.8148,-57.399,299.2924,2.2055,5.1926,3.7703,-5.8637,2.4201,1.3811,6.9587,-0.4193,-0.0204,-2.7864,car,616,,,,,,,,,,,,,,,,0,03_613_616_22488_ego_616,0,22488,22488,22490,vehicle_vehicle,0.27263505511009967,1.638173700601931,2.7119367022350884,14.062367997602678,15.0,3.0,3.5,0.8,0.22860489933507547,0.8229776376062717
3,613,22426,144,62.3515,-44.4666,257.6226,2.0341,4.3748,-1.2296,-7.6223,2.8872,-0.4283,7.7087,-0.4328,-0.2005,-2.9119,car,616,,,,,,,,,,,,,,,,0,03_613_616_22488_ego_616,1,22488,22488,22490,vehicle_vehicle,0.27263505511009967,1.638173700601931,2.7119367022350884,14.062367997602678,15.0,3.0,3.5,0.8,0.22860489933507547,0.8229776376062717
3,598,22427,572,52.9059,-47.1449,332.5118,2.2462,7.6669,1.0348,-0.6054,1.7613,-1.2501,1.1974,0.0594,2.1394,0.296,van,616,,,,,,,,,,,,,,,,0,03_613_616_22488_ego_616,0,22488,22488,22490,vehicle_vehicle,0.27263505511009967,1.638173700601931,2.7119367022350884,14.062367997602678,15.0,3.0,3.5,0.8,0.22860489933507547,0.8229776376062717
3,609,22427,244,65.9673,-57.6331,300.1984,2.2055,5.1926,3.8682,-5.8102,2.4002,1.407,6.9674,-0.4208,-0.0088,-2.7822,car,616,,,,,,,,,,,,,,,,0,03_613_616_22488_ego_616,0,22488,22488,22490,vehicle_vehicle,0.27263505511009967,1.638173700601931,2.7119367022350884,14.062367997602678,15.0,3.0,3.5,0.8,0.22860489933507547,0.8229776376062717
3,613,22427,145,62.3056,-44.7718,258.4729,2.0341,4.3748,-1.1132,-7.6396,2.879,-0.4065,7.708,-0.4359,-0.177,-2.9022,car,616,,,,,,,,,,,,,,,,0,03_613_616_22488_ego_616,1,22488,22488,22490,vehicle_vehicle,0.27263505511009967,1.638173700601931,2.7119367022350884,14.062367997602678,15.0,3.0,3.5,0.8,0.22860489933507547,0.8229776376062717
3,598,22428,573,52.9511,-47.1716,332.3947,2.2462,7.6669,1.1139,-0.6579,1.7624,-1.2832,1.2919,0.0669,2.1564,0.3205,van,616,,,,,,,,,,,,,,,,0,03_613_616_22488_ego_616,0,22488,22488,22490,vehicle_vehicle,0.27263505511009967,1.638173700601931,2.7119367022350884,14.062367997602678,15.0,3.0,3.5,0.8,0.22860489933507547,0.8229776376062717
3,609,22428,245,66.1237,-57.8654,301.1062,2.2055,5.1926,3.9654,-5.7551,2.3791,1.4344,6.9762,-0.422,0.0009,-2.778,car,616,,,,,,,,,,,,,,,,0,03_613_616_22488_ego_616,0,22488,22488,22490,vehicle_vehicle,0.27263505511009967,1.638173700601931,2.7119367022350884,14.062367997602678,15.0,3.0,3.5,0.8,0.22860489933507547,0.8229776376062717
3,613,22428,146,62.2638,-45.0774,259.331,2.0341,4.3748,-0.9973,-7.6562,2.8701,-0.3845,7.7085,-0.4374,-0.1535,-2.8916,car,616,,,,,,,,,,,,,,,,0,03_613_616_22488_ego_616,1,22488,22488,22490,vehicle_vehicle,0.27263505511009967,1.638173700601931,2.7119367022350884,14.062367997602678,15.0,3.0,3.5,0.8,0.22860489933507547,0.8229776376062717
3,598,22429,574,53.0012,-47.2008,332.2633,2.2462,7.6669,1.1914,-0.711,1.7558,-1.3142,1.3854,0.0749,2.1657,0.346,van,616,,,,,,,,,,,,,,,,0,03_613_616_22488_ego_616,0,22488,22488,22490,vehicle_vehicle,0.27263505511009967,1.638173700601931,2.7119367022350884,14.062367997602678,15.0,3.0,3.5,0.8,0.22860489933507547,0.8229776376062717
3,609,22429,246,66.2841,-58.0955,302.0158,2.2055,5.1926,4.0618,-5.6986,2.3568,1.4628,6.9852,-0.4229,0.0091,-2.7738,car,616,,,,,,,,,,,,,,,,0,03_613_616_22488_ego_616,0,22488,22488,22490,vehicle_vehicle,0.27263505511009967,1.638173700601931,2.7119367022350884,14.062367997602678,15.0,3.0,3.5,0.8,0.22860489933507547,0.8229776376062717
3,613,22429,147,62.2269,-45.3834,260.1911,2.0341,4.3748,-0.882,-7.6721,2.8605,-0.3621,7.7102,-0.438,-0.1306,-2.8803,car,616,,,,,,,,,,,,,,,,0,03_613_616_22488_ego_616,1,22488,22488,22490,vehicle_vehicle,0.27263505511009967,1.638173700601931,2.7119367022350884,14.062367997602678,15.0,3.0,3.5,0.8,0.22860489933507547,0.8229776376062717
3,598,22430,575,53.0535,-47.2316,332.1167,2.2462,7.6669,1.2672,-0.7649,1.7428,-1.3436,1.4778,0.0834,2.1689,0.3725,van,616,,,,,,,,,,,,,,,,0,03_613_616_22488_ego_616,0,22488,22488,22490,vehicle_vehicle,0.27263505511009967,1.638173700601931,2.7119367022350884,14.062367997602678,15.0,3.0,3.5,0.8,0.22860489933507547,0.8229776376062717
3,609,22430,247,66.4486,-58.3232,302.9218,2.2055,5.1926,4.1573,-5.6405,2.3332,1.4919,6.9942,-0.4241,0.0158,-2.7694,car,616,,,,,,,,,,,,,,,,0,03_613_616_22488_ego_616,0,22488,22488,22490,vehicle_vehicle,0.27263505511009967,1.638173700601931,2.7119367022350884,14.062367997602678,15.0,3.0,3.5,0.8,0.22860489933507547,0.8229776376062717
3,613,22430,148,62.195,-45.6904,261.0698,2.0341,4.3748,-0.7675,-7.6872,2.8506,-0.339,7.7132,-0.4351,-0.1076,-2.8687,car,616,,,,,,,,,,,,,,,,0,03_613_616_22488_ego_616,1,22488,22488,22490,vehicle_vehicle,0.27263505511009967,1.638173700601931,2.7119367022350884,14.062367997602678,15.0,3.0,3.5,0.8,0.22860489933507547,0.8229776376062717
3,598,22431,576,53.1088,-47.2647,331.9539,2.2462,7.6669,1.3413,-0.8193,1.7249,-1.372,1.569,0.0924,2.1674,0.3999,van,616,,,,,,,,,,,,,,,,0,03_613_616_22488_ego_616,0,22488,22488,22490,vehicle_vehicle,0.27263505511009967,1.638173700601931,2.7119367022350884,14.062367997602678,15.0,3.0,3.5,0.8,0.22860489933507547,0.8229776376062717
3,609,22431,248,66.6169,-58.5488,303.8342,2.2055,5.1926,4.2517,-5.5809,2.3086,1.5213,7.0031,-0.4243,0.0218,-2.7646,car,616,,,,,,,,,,,,,,,,0,03_613_616_22488_ego_616,0,22488,22488,22490,vehicle_vehicle,0.27263505511009967,1.638173700601931,2.7119367022350884,14.062367997602678,15.0,3.0,3.5,0.8,0.22860489933507547,0.8229776376062717
3,613,22431,149,62.1677,-45.998,261.9446,2.0341,4.3748,-0.6539,-7.7014,2.8409,-0.3154,7.7171,-0.4318,-0.0858,-2.8571,car,616,,,,,,,,,,,,,,,,0,03_613_616_22488_ego_616,1,22488,22488,22490,vehicle_vehicle,0.27263505511009967,1.638173700601931,2.7119367022350884,14.062367997602678,15.0,3.0,3.5,0.8,0.22860489933507547,0.8229776376062717
3,598,22432,577,53.1669,-47.2999,331.7806,2.2462,7.6669,1.4135,-0.8743,1.7032,-1.4,1.6589,0.1021,2.1628,0.4283,van,616,,,,,,,,,,,,,,,,0,03_613_616_22488_ego_616,0,22488,22488,22490,vehicle_vehicle,0.27263505511009967,1.638173700601931,2.7119367022350884,14.062367997602678,15.0,3.0,3.5,0.8,0.22860489933507547,0.8229776376062717
3,609,22432,249,66.7896,-58.7716,304.7439,2.2055,5.1926,4.3449,-5.5197,2.2829,1.5504,7.0118,-0.4245,0.0271,-2.7595,car,616,,,,,,,,,,,,,,,,0,03_613_616_22488_ego_616,0,22488,22488,22490,vehicle_vehicle,0.27263505511009967,1.638173700601931,2.7119367022350884,14.062367997602678,15.0,3.0,3.5,0.8,0.22860489933507547,0.8229776376062717
3,613,22432,150,62.1449,-46.3064,262.8162,2.0341,4.3748,-0.5411,-7.7147,2.8318,-0.291,7.7218,-0.4279,-0.0654,-2.846,car,616,,,,,,,,,,,,,,,,0,03_613_616_22488_ego_616,1,22488,22488,22490,vehicle_vehicle,0.27263505511009967,1.638173700601931,2.7119367022350884,14.062367997602678,15.0,3.0,3.5,0.8,0.22860489933507547,0.8229776376062717
3,598,22433,578,53.2279,-47.3373,331.592,2.2462,7.6669,1.4835,-0.93,1.6789,-1.4282,1.7473,0.1122,2.1562,0.4574,van,616,,,,,,,,,,,,,,,,0,03_613_616_22488_ego_616,0,22488,22488,22490,vehicle_vehicle,0.27263505511009967,1.638173700601931,2.7119367022350884,14.062367997602678,15.0,3.0,3.5,0.8,0.22860489933507547,0.8229776376062717
3,609,22433,250,66.9658,-58.9921,305.6595,2.2055,5.1926,4.4368,-5.457,2.2566,1.5791,7.0203,-0.4236,0.0325,-2.754,car,616,,,,,,,,,,,,,,,,0,03_613_616_22488_ego_616,0,22488,22488,22490,vehicle_vehicle,0.27263505511009967,1.638173700601931,2.7119367022350884,14.062367997602678,15.0,3.0,3.5,0.8,0.22860489933507547,0.8229776376062717
3,613,22433,151,62.1261,-46.6153,263.7035,2.0341,4.3748,-0.4288,-7.727,2.8237,-0.2661,7.7274,-0.4212,-0.0452,-2.8359,car,616,,,,,,,,,,,,,,,,0,03_613_616_22488_ego_616,1,22488,22488,22490,vehicle_vehicle,0.27263505511009967,1.638173700601931,2.7119367022350884,14.062367997602678,15.0,3.0,3.5,0.8,0.22860489933507547,0.8229776376062717
3,598,22434,579,53.2912,-47.3767,331.3888,2.2462,7.6669,1.5515,-0.9863,1.6533,-1.4569,1.8344,0.1229,2.149,0.4873,van,616,,,,,,,,,,,,,,,,0,03_613_616_22488_ego_616,0,22488,22488,22490,vehicle_vehicle,0.27263505511009967,1.638173700601931,2.7119367022350884,14.062367997602678,15.0,3.0,3.5,0.8,0.22860489933507547,0.8229776376062717
3,609,22434,251,67.1449,-59.2099,306.5852,2.2055,5.1926,4.5277,-5.3928,2.2296,1.6069,7.0289,-0.4214,0.0386,-2.7481,car,616,,,,,,,,,,,,,,,,0,03_613_616_22488_ego_616,0,22488,22488,22490,vehicle_vehicle,0.27263505511009967,1.638173700601931,2.7119367022350884,14.062367997602678,15.0,3.0,3.5,0.8,0.22860489933507547,0.8229776376062717
3,613,22434,152,62.1119,-46.9244,264.5702,2.0341,4.3748,-0.3172,-7.7383,2.8168,-0.2405,7.7336,-0.4164,-0.0272,-2.8269,car,616,,,,,,,,,,,,,,,,0,03_613_616_22488_ego_616,1,22488,22488,22490,vehicle_vehicle,0.27263505511009967,1.638173700601931,2.7119367022350884,14.062367997602678,15.0,3.0,3.5,0.8,0.22860489933507547,0.8229776376062717
3,598,22435,580,53.3568,-47.4177,331.1724,2.2462,7.6669,1.6176,-1.0437,1.6272,-1.4864,1.9204,0.1343,2.1423,0.5176,van,616,,,,,,,,,,,,,,,,0,03_613_616_22488_ego_616,0,22488,22488,22490,vehicle_vehicle,0.27263505511009967,1.638173700601931,2.7119367022350884,14.062367997602678,15.0,3.0,3.5,0.8,0.22860489933507547,0.8229776376062717
3,609,22435,252,67.328,-59.4255,307.5139,2.2055,5.1926,4.6175,-5.3271,2.202,1.6335,7.0373,-0.4187,0.0453,-2.7414,car,616,,,,,,,,,,,,,,,,0,03_613_616_22488_ego_616,0,22488,22488,22490,vehicle_vehicle,0.27263505511009967,1.638173700601931,2.7119367022350884,14.062367997602678,15.0,3.0,3.5,0.8,0.22860489933507547,0.8229776376062717
3,613,22435,153,62.1024,-47.2338,265.4466,2.0341,4.3748,-0.2063,-7.7488,2.8114,-0.2141,7.7407,-0.4095,-0.0098,-2.8195,car,616,,,,,,,,,,,,,,,,0,03_613_616_22488_ego_616,1,22488,22488,22490,vehicle_vehicle,0.27263505511009967,1.638173700601931,2.7119367022350884,14.062367997602678,15.0,3.0,3.5,0.8,0.22860489933507547,0.8229776376062717
3,598,22436,581,53.4233,-47.4604,330.9417,2.2462,7.6669,1.6825,-1.1023,1.6013,-1.5168,2.0061,0.1464,2.1364,0.5481,van,616,,,,,,,,,,,,,,,,0,03_613_616_22488_ego_616,0,22488,22488,22490,vehicle_vehicle,0.27263505511009967,1.638173700601931,2.7119367022350884,14.062367997602678,15.0,3.0,3.5,0.8,0.22860489933507547,0.8229776376062717
3,609,22436,253,67.5148,-59.6379,308.4538,2.2055,5.1926,4.706,-5.26,2.1739,1.6584,7.0457,-0.4142,0.0532,-2.7338,car,616,,,,,,,,,,,,,,,,0,03_613_616_22488_ego_616,0,22488,22488,22490,vehicle_vehicle,0.27263505511009967,1.638173700601931,2.7119367022350884,14.062367997602678,15.0,3.0,3.5,0.8,0.22860489933507547,0.8229776376062717
3,613,22436,154,62.097,-47.5433,266.3233,2.0341,4.3748,-0.0958,-7.7584,2.8079,-0.1868,7.7485,-0.4019,0.0063,-2.8141,car,616,,,,,,,,,,,,,,,,0,03_613_616_22488_ego_616,1,22488,22488,22490,vehicle_vehicle,0.27263505511009967,1.638173700601931,2.7119367022350884,14.062367997602678,15.0,3.0,3.5,0.8,0.22860489933507547,0.8229776376062717
3,598,22437,582,53.4924,-47.5055,330.702,2.2462,7.6669,1.7461,-1.1622,1.5757,-1.548,2.0915,0.1591,2.1316,0.5789,van,616,,,,,,,,,,,,,,,,0,03_613_616_22488_ego_616,0,22488,22488,22490,vehicle_vehicle,0.27263505511009967,1.638173700601931,2.7119367022350884,14.062367997602678,15.0,3.0,3.5,0.8,0.22860489933507547,0.8229776376062717
3,609,22437,254,67.7051,-59.8473,309.3939,2.2055,5.1926,4.7933,-5.1918,2.1455,1.6816,7.0543,-0.4093,0.0621,-2.7252,car,616,,,,,,,,,,,,,,,,0,03_613_616_22488_ego_616,0,22488,22488,22490,vehicle_vehicle,0.27263505511009967,1.638173700601931,2.7119367022350884,14.062367997602678,15.0,3.0,3.5,0.8,0.22860489933507547,0.8229776376062717
3,613,22437,155,62.096,-47.8536,267.2033,2.0341,4.3748,0.0143,-7.767,2.8064,-0.1584,7.757,-0.3933,0.0213,-2.8108,car,616,,,,,,,,,,,,,,,,0,03_613_616_22488_ego_616,1,22488,22488,22490,vehicle_vehicle,0.27263505511009967,1.638173700601931,2.7119367022350884,14.062367997602678,15.0,3.0,3.5,0.8,0.22860489933507547,0.8229776376062717
3,598,22438,583,53.5634,-47.5529,330.436,2.2462,7.6669,1.8088,-1.2235,1.5504,-1.5799,2.177,0.1718,2.1281,0.6092,van,616,,,,,,,,,,,,,,,,0,03_613_616_22488_ego_616,0,22488,22488,22490,vehicle_vehicle,0.27263505511009967,1.638173700601931,2.7119367022350884,14.062367997602678,15.0,3.0,3.5,0.8,0.22860489933507547,0.8229776376062717
3,609,22438,255,67.8996,-60.0533,310.3239,2.2055,5.1926,4.8789,-5.1228,2.1169,1.703,7.0628,-0.4047,0.0715,-2.716,car,616,,,,,,,,,,,,,,,,0,03_613_616_22488_ego_616,0,22488,22488,22490,vehicle_vehicle,0.27263505511009967,1.638173700601931,2.7119367022350884,14.062367997602678,15.0,3.0,3.5,0.8,0.22860489933507547,0.8229776376062717
3,613,22438,156,62.0994,-48.1641,268.0789,2.0341,4.3748,0.1242,-7.7746,2.8072,-0.1288,7.766,-0.3848,0.0346,-2.8099,car,616,,,,,,,,,,,,,,,,0,03_613_616_22488_ego_616,1,22488,22488,22490,vehicle_vehicle,0.27263505511009967,1.638173700601931,2.7119367022350884,14.062367997602678,15.0,3.0,3.5,0.8,0.22860489933507547,0.8229776376062717
3,598,22439,584,53.6364,-47.6025,330.1683,2.2462,7.6669,1.8707,-1.2863,1.5255,-1.6122,2.2627,0.1853,2.1253,0.6398,van,616,,,,,,,,,,,,,,,,0,03_613_616_22488_ego_616,0,22488,22488,22490,vehicle_vehicle,0.27263505511009967,1.638173700601931,2.7119367022350884,14.062367997602678,15.0,3.0,3.5,0.8,0.22860489933507547,0.8229776376062717
3,609,22439,256,68.0967,-60.2563,311.2603,2.2055,5.1926,4.9634,-5.0532,2.0886,1.7227,7.0719,-0.3986,0.0823,-2.7061,car,616,,,,,,,,,,,,,,,,0,03_613_616_22488_ego_616,0,22488,22488,22490,vehicle_vehicle,0.27263505511009967,1.638173700601931,2.7119367022350884,14.062367997602678,15.0,3.0,3.5,0.8,0.22860489933507547,0.8229776376062717
3,613,22439,157,62.1064,-48.4747,268.9418,2.0341,4.3748,0.2341,-7.7812,2.8104,-0.0978,7.7755,-0.3778,0.0459,-2.8117,car,616,,,,,,,,,,,,,,,,0,03_613_616_22488_ego_616,1,22488,22488,22490,vehicle_vehicle,0.27263505511009967,1.638173700601931,2.7119367022350884,14.062367997602678,15.0,3.0,3.5,0.8,0.22860489933507547,0.8229776376062717
3,598,22440,585,53.7122,-47.6546,329.9045,2.2462,7.6669,1.9316,-1.3507,1.5006,-1.6449,2.3485,0.2,2.1231,0.6707,van,616,,,,,,,,,,,,,,,,0,03_613_616_22488_ego_616,0,22488,22488,22490,vehicle_vehicle,0.27263505511009967,1.638173700601931,2.7119367022350884,14.062367997602678,15.0,3.0,3.5,0.8,0.22860489933507547,0.8229776376062717
3,609,22440,257,68.2974,-60.4561,312.1862,2.2055,5.1926,5.0465,-4.9831,2.0605,1.7412,7.0813,-0.3929,0.0936,-2.6961,car,616,,,,,,,,,,,,,,,,0,03_613_616_22488_ego_616,0,22488,22488,22490,vehicle_vehicle,0.27263505511009967,1.638173700601931,2.7119367022350884,14.062367997602678,15.0,3.0,3.5,0.8,0.22860489933507547,0.8229776376062717
3,613,22440,158,62.1178,-48.7857,269.808,2.0341,4.3748,0.3443,-7.7866,2.8158,-0.0654,7.7854,-0.3704,0.0559,-2.8161,car,616,,,,,,,,,,,,,,,,0,03_613_616_22488_ego_616,1,22488,22488,22490,vehicle_vehicle,0.27263505511009967,1.638173700601931,2.7119367022350884,14.062367997602678,15.0,3.0,3.5,0.8,0.22860489933507547,0.8229776376062717
3,598,22441,586,53.7903,-47.7094,329.6245,2.2462,7.6669,1.9918,-1.4166,1.4757,-1.6775,2.4347,0.215,2.1214,0.701,van,616,,,,,,,,,,,,,,,,0,03_613_616_22488_ego_616,0,22488,22488,22490,vehicle_vehicle,0.27263505511009967,1.638173700601931,2.7119367022350884,14.062367997602678,15.0,3.0,3.5,0.8,0.22860489933507547,0.8229776376062717
3,609,22441,258,68.5018,-60.6528,313.1009,2.2055,5.1926,5.1282,-4.9129,2.0331,1.7587,7.0911,-0.3875,0.105,-2.6862,car,616,,,,,,,,,,,,,,,,0,03_613_616_22488_ego_616,0,22488,22488,22490,vehicle_vehicle,0.27263505511009967,1.638173700601931,2.7119367022350884,14.062367997602678,15.0,3.0,3.5,0.8,0.22860489933507547,0.8229776376062717
3,613,22441,159,62.1329,-49.0969,270.6714,2.0341,4.3748,0.455,-7.791,2.8234,-0.0313,7.7958,-0.3637,0.0644,-2.8228,car,616,,,,,,,,,,,,,,,,0,03_613_616_22488_ego_616,1,22488,22488,22490,vehicle_vehicle,0.27263505511009967,1.638173700601931,2.7119367022350884,14.062367997602678,15.0,3.0,3.5,0.8,0.22860489933507547,0.8229776376062717
3,598,22442,587,53.8704,-47.7668,329.3229,2.2462,7.6669,2.0512,-1.484,1.4506,-1.71,2.5213,0.2298,2.12,0.7306,van,616,,,,,,,,,,,,,,,,0,03_613_616_22488_ego_616,0,22488,22488,22490,vehicle_vehicle,0.27263505511009967,1.638173700601931,2.7119367022350884,14.062367997602678,15.0,3.0,3.5,0.8,0.22860489933507547,0.8229776376062717
3,609,22442,259,68.709,-60.8473,314.0107,2.2055,5.1926,5.2086,-4.8421,2.0065,1.7758,7.1014,-0.3818,0.1169,-2.6769,car,616,,,,,,,,,,,,,,,,0,03_613_616_22488_ego_616,0,22488,22488,22490,vehicle_vehicle,0.27263505511009967,1.638173700601931,2.7119367022350884,14.062367997602678,15.0,3.0,3.5,0.8,0.22860489933507547,0.8229776376062717
3,613,22442,160,62.1519,-49.4084,271.5369,2.0341,4.3748,0.5667,-7.794,2.8326,0.0045,7.8064,-0.3574,0.0714,-2.8317,car,616,,,,,,,,,,,,,,,,0,03_613_616_22488_ego_616,1,22488,22488,22490,vehicle_vehicle,0.27263505511009967,1.638173700601931,2.7119367022350884,14.062367997602678,15.0,3.0,3.5,0.8,0.22860489933507547,0.8229776376062717
3,598,22443,588,53.9538,-47.8278,328.9936,2.2462,7.6669,2.1095,-1.5526,1.425,-1.7422,2.6079,0.2441,2.1189,0.7591,van,616,,,,,,,,,,,,,,,,0,03_613_616_22488_ego_616,0,22488,22488,22490,vehicle_vehicle,0.27263505511009967,1.638173700601931,2.7119367022350884,14.062367997602678,15.0,3.0,3.5,0.8,0.22860489933507547,0.8229776376062717
3,609,22443,260,68.9197,-61.0388,314.9025,2.2055,5.1926,5.2876,-4.771,1.981,1.7926,7.1119,-0.3774,0.1287,-2.6686,car,616,,,,,,,,,,,,,,,,0,03_613_616_22488_ego_616,0,22488,22488,22490,vehicle_vehicle,0.27263505511009967,1.638173700601931,2.7119367022350884,14.062367997602678,15.0,3.0,3.5,0.8,0.22860489933507547,0.8229776376062717
3,613,22443,161,62.1763,-49.7201,272.3975,2.0341,4.3748,0.6789,-7.7956,2.8429,0.0421,7.8171,-0.3522,0.0768,-2.8422,car,616,,,,,,,,,,,,,,,,0,03_613_616_22488_ego_616,1,22488,22488,22490,vehicle_vehicle,0.27263505511009967,1.638173700601931,2.7119367022350884,14.062367997602678,15.0,3.0,3.5,0.8,0.22860489933507547,0.8229776376062717
3,598,22444,589,54.0393,-47.8915,328.6314,2.2462,7.6669,2.1669,-1.6225,1.3992,-1.7741,2.6947,0.2574,2.1182,0.7865,van,616,75.5214,-75.9204,0.6061,0.8173,1.0154,0.0649,57.0959,1.0175148647562846,3.6630535131226245,-21.482100000000003,28.0289,1.5608,-2.4398,2.896328828016598,35.3143010070991,0,03_613_616_22488_ego_616,0,22488,22488,22490,vehicle_vehicle,0.27263505511009967,1.638173700601931,2.7119367022350884,14.062367997602678,15.0,3.0,3.5,0.8,0.22860489933507547,0.8229776376062717
3,609,22444,261,69.1336,-61.2272,315.7857,2.2055,5.1926,5.3652,-4.6996,1.9569,1.8095,7.1227,-0.373,0.1407,-2.6616,car,616,75.5214,-75.9204,0.6061,0.8173,1.0154,0.0649,57.0959,1.0175148647562846,3.6630535131226245,-6.387799999999999,14.693199999999997,4.7591,-5.516900000000001,7.285960363603415,16.0216764129101,0,03_613_616_22488_ego_616,0,22488,22488,22490,vehicle_vehicle,0.27263505511009967,1.638173700601931,2.7119367022350884,14.062367997602678,15.0,3.0,3.5,0.8,0.22860489933507547,0.8229776376062717
3,613,22444,162,62.2049,-50.0319,273.2614,2.0341,4.3748,0.7919,-7.7957,2.8541,0.0815,7.8281,-0.3471,0.081,-2.8541,car,616,75.5214,-75.9204,0.6061,0.8173,1.0154,0.0649,57.0959,1.0175148647562846,3.6630535131226245,-13.316499999999998,25.8885,0.18580000000000008,-8.613,8.615003809633516,29.112602159545958,0,03_613_616_22488_ego_616,1,22488,22488,22490,vehicle_vehicle,0.27263505511009967,1.638173700601931,2.7119367022350884,14.062367997602678,15.0,3.0,3.5,0.8,0.22860489933507547,0.8229776376062717
3,616,22444,0,75.5214,-75.9204,57.0959,1.9987,4.0458,0.6061,0.8173,0.0812,-0.0291,1.0154,0.0649,0.0197,0.084,car,616,75.5214,-75.9204,0.6061,0.8173,1.0154,0.0649,57.0959,1.0175148647562846,3.6630535131226245,0.0,0.0,0.0,0.0,0.0,0.0,1,03_613_616_22488_ego_616,1,22488,22488,22490,vehicle_vehicle,0.27263505511009967,1.638173700601931,2.7119367022350884,14.062367997602678,15.0,3.0,3.5,0.8,0.22860489933507547,0.8229776376062717
3,598,22445,590,54.127,-47.9587,328.2434,2.2462,7.6669,2.2232,-1.6933,1.3731,-1.8061,2.7815,0.2697,2.1181,0.8131,van,616,75.5449,-75.8879,0.6109,0.818,1.0187,0.0677,57.0465,1.0209421188294663,3.6753916277860785,-21.417899999999996,27.9292,1.6122999999999998,-2.5113,2.9843154960560048,35.19611701665398,0,03_613_616_22488_ego_616,0,22488,22488,22490,vehicle_vehicle,0.27263505511009967,1.638173700601931,2.7119367022350884,14.062367997602678,15.0,3.0,3.5,0.8,0.22860489933507547,0.8229776376062717
3,609,22445,262,69.3505,-61.4122,316.6597,2.2055,5.1926,5.4416,-4.6282,1.9345,1.8271,7.1341,-0.3688,0.153,-2.6566,car,616,75.5449,-75.8879,0.6109,0.818,1.0187,0.0677,57.0465,1.0209421188294663,3.6753916277860785,-6.194400000000002,14.475700000000003,4.8307,-5.446199999999999,7.279887150911063,15.745363820820405,0,03_613_616_22488_ego_616,0,22488,22488,22490,vehicle_vehicle,0.27263505511009967,1.638173700601931,2.7119367022350884,14.062367997602678,15.0,3.0,3.5,0.8,0.22860489933507547,0.8229776376062717
3,613,22445,163,62.2378,-50.3444,274.114,2.0341,4.3748,0.9057,-7.7939,2.8659,0.1225,7.8388,-0.3442,0.0834,-2.8673,car,616,75.5449,-75.8879,0.6109,0.818,1.0187,0.0677,57.0465,1.0209421188294663,3.6753916277860785,-13.307099999999998,25.5435,0.29479999999999995,-8.6119,8.616944275669885,28.80189755311271,0,03_613_616_22488_ego_616,1,22488,22488,22490,vehicle_vehicle,0.27263505511009967,1.638173700601931,2.7119367022350884,14.062367997602678,15.0,3.0,3.5,0.8,0.22860489933507547,0.8229776376062717
3,616,22445,1,75.5449,-75.8879,57.0465,1.9987,4.0458,0.6109,0.818,0.0806,-0.0332,1.0187,0.0677,0.016,0.0857,car,616,75.5449,-75.8879,0.6109,0.818,1.0187,0.0677,57.0465,1.0209421188294663,3.6753916277860785,0.0,0.0,0.0,0.0,0.0,0.0,1,03_613_616_22488_ego_616,1,22488,22488,22490,vehicle_vehicle,0.27263505511009967,1.638173700601931,2.7119367022350884,14.062367997602678,15.0,3.0,3.5,0.8,0.22860489933507547,0.8229776376062717
3,598,22446,591,54.2172,-48.0289,327.834,2.2462,7.6669,2.2784,-1.7649,1.3465,-1.8385,2.8683,0.281,2.1187,0.8395,van,616,75.5687,-75.855,0.616,0.8184,1.0219,0.0709,57.0002,1.0243215120263753,3.6875574432949514,-21.35150000000001,27.826100000000004,1.6623999999999999,-2.5833,3.0719721108760085,35.07389903418211,0,03_613_616_22488_ego_616,0,22488,22488,22490,vehicle_vehicle,0.27263505511009967,1.638173700601931,2.7119367022350884,14.062367997602678,15.0,3.0,3.5,0.8,0.22860489933507547,0.8229776376062717
3,609,22446,263,69.5696,-61.5956,317.5289,2.2055,5.1926,5.5172,-4.5561,1.914,1.8456,7.146,-0.3647,0.1656,-2.6537,car,616,75.5687,-75.855,0.616,0.8184,1.0219,0.0709,57.0002,1.0243215120263753,3.6875574432949514,-5.999100000000013,14.259400000000007,4.9012,-5.374499999999999,7.273720622212541,15.469960865173523,0,03_613_616_22488_ego_616,0,22488,22488,22490,vehicle_vehicle,0.27263505511009967,1.638173700601931,2.7119367022350884,14.062367997602678,15.0,3.0,3.5,0.8,0.22860489933507547,0.8229776376062717
3,613,22446,164,62.2755,-50.6567,274.976,2.0341,4.3748,1.0203,-7.7902,2.8779,0.1649,7.8494,-0.3408,0.0853,-2.8813,car,616,75.5687,-75.855,0.616,0.8184,1.0219,0.0709,57.0002,1.0243215120263753,3.6875574432949514,-13.293200000000006,25.198300000000003,0.4043,-8.6086,8.618088677311228,28.48970847744849,0,03_613_616_22488_ego_616,1,22488,22488,22490,vehicle_vehicle,0.27263505511009967,1.638173700601931,2.7119367022350884,14.062367997602678,15.0,3.0,3.5,0.8,0.22860489933507547,0.8229776376062717
3,616,22446,2,75.5687,-75.855,57.0002,1.9987,4.0458,0.616,0.8184,0.0783,-0.0392,1.0219,0.0709,0.0098,0.087,car,616,75.5687,-75.855,0.616,0.8184,1.0219,0.0709,57.0002,1.0243215120263753,3.6875574432949514,0.0,0.0,0.0,0.0,0.0,0.0,1,03_613_616_22488_ego_616,1,22488,22488,22490,vehicle_vehicle,0.27263505511009967,1.638173700601931,2.7119367022350884,14.062367997602678,15.0,3.0,3.5,0.8,0.22860489933507547,0.8229776376062717
3,598,22447,592,54.3094,-48.1023,327.4037,2.2462,7.6669,2.3326,-1.8373,1.3197,-1.8718,2.9549,0.2913,2.1203,0.866,van,616,75.5932,-75.8218,0.6211,0.8184,1.0247,0.0741,56.9369,1.0273965982034396,3.698627753532383,-21.2838,27.719499999999996,1.7114999999999998,-2.6557,3.159426330839192,34.94811615366413,0,03_613_616_22488_ego_616,0,22488,22488,22490,vehicle_vehicle,0.27263505511009967,1.638173700601931,2.7119367022350884,14.062367997602678,15.0,3.0,3.5,0.8,0.22860489933507547,0.8229776376062717
3,609,22447,264,69.7922,-61.7756,318.3933,2.2055,5.1926,5.5918,-4.4836,1.8953,1.8653,7.1583,-0.3605,0.1786,-2.6533,car,616,75.5932,-75.8218,0.6211,0.8184,1.0247,0.0741,56.9369,1.0273965982034396,3.698627753532383,-5.801000000000002,14.046199999999999,4.9707,-5.302,7.267672425887121,15.196951517985442,0,03_613_616_22488_ego_616,0,22488,22488,22490,vehicle_vehicle,0.27263505511009967,1.638173700601931,2.7119367022350884,14.062367997602678,15.0,3.0,3.5,0.8,0.22860489933507547,0.8229776376062717
3,613,22447,165,62.3182,-50.9689,275.8357,2.0341,4.3748,1.1356,-7.7846,2.8897,0.2084,7.8597,-0.3383,0.0865,-2.896,car,616,75.5932,-75.8218,0.6211,0.8184,1.0247,0.0741,56.9369,1.0273965982034396,3.698627753532383,-13.274999999999999,24.852899999999998,0.5145,-8.603,8.618371032277503,28.176093828101862,0,03_613_616_22488_ego_616,1,22488,22488,22490,vehicle_vehicle,0.27263505511009967,1.638173700601931,2.7119367022350884,14.062367997602678,15.0,3.0,3.5,0.8,0.22860489933507547,0.8229776376062717
3,616,22447,3,75.5932,-75.8218,56.9369,1.9987,4.0458,0.6211,0.8184,0.0742,-0.0468,1.0247,0.0741,0.0013,0.0877,car,616,75.5932,-75.8218,0.6211,0.8184,1.0247,0.0741,56.9369,1.0273965982034396,3.698627753532383,0.0,0.0,0.0,0.0,0.0,0.0,1,03_613_616_22488_ego_616,1,22488,22488,22490,vehicle_vehicle,0.27263505511009967,1.638173700601931,2.7119367022350884,14.062367997602678,15.0,3.0,3.5,0.8,0.22860489933507547,0.8229776376062717
3,598,22448,593,54.4032,-48.1784,326.9654,2.2462,7.6669,2.3859,-1.9106,1.2925,-1.9065,3.0417,0.301,2.1229,0.8937,van,616,75.6174,-75.7882,0.6263,0.8177,1.0271,0.0771,56.845,1.0299927087120568,3.707973751363405,-21.214200000000005,27.6098,1.7595999999999998,-2.7283,3.2465078238008296,34.81872108047624,0,03_613_616_22488_ego_616,0,22488,22488,22490,vehicle_vehicle,0.27263505511009967,1.638173700601931,2.7119367022350884,14.062367997602678,15.0,3.0,3.5,0.8,0.22860489933507547,0.8229776376062717
3,609,22448,265,70.0168,-61.9532,319.2484,2.2055,5.1926,5.6659,-4.4105,1.8785,1.8865,7.1713,-0.3575,0.1916,-2.6553,car,616,75.6174,-75.7882,0.6263,0.8177,1.0271,0.0771,56.845,1.0299927087120568,3.707973751363405,-5.6006,13.835,5.0396,-5.2282,7.261655692746662,14.925613734784912,0,03_613_616_22488_ego_616,0,22488,22488,22490,vehicle_vehicle,0.27263505511009967,1.638173700601931,2.7119367022350884,14.062367997602678,15.0,3.0,3.5,0.8,0.22860489933507547,0.8229776376062717
3,613,22448,166,62.3658,-51.2805,276.6894,2.0341,4.3748,1.2515,-7.7771,2.9014,0.2527,7.8699,-0.337,0.087,-2.9111,car,616,75.6174,-75.7882,0.6263,0.8177,1.0271,0.0771,56.845,1.0299927087120568,3.707973751363405,-13.251600000000003,24.5077,0.6252000000000001,-8.5948,8.617509041480606,27.860945099726965,0,03_613_616_22488_ego_616,1,22488,22488,22490,vehicle_vehicle,0.27263505511009967,1.638173700601931,2.7119367022350884,14.062367997602678,15.0,3.0,3.5,0.8,0.22860489933507547,0.8229776376062717
3,616,22448,4,75.6174,-75.7882,56.845,1.9987,4.0458,0.6263,0.8177,0.0679,-0.0557,1.0271,0.0771,-0.0096,0.0873,car,616,75.6174,-75.7882,0.6263,0.8177,1.0271,0.0771,56.845,1.0299927087120568,3.707973751363405,0.0,0.0,0.0,0.0,0.0,0.0,1,03_613_616_22488_ego_616,1,22488,22488,22490,vehicle_vehicle,0.27263505511009967,1.638173700601931,2.7119367022350884,14.062367997602678,15.0,3.0,3.5,0.8,0.22860489933507547,0.8229776376062717
3,598,22449,594,54.4996,-48.257,326.5009,2.2462,7.6669,2.4381,-1.9849,1.2648,-1.9429,3.1287,0.3096,2.127,0.9221,van,616,75.642,-75.755,0.6315,0.8165,1.029,0.0806,56.7606,1.03221339847921,3.715968234525156,-21.142399999999995,27.497999999999998,1.8066,-2.8014,3.333413493702814,34.686324131565165,0,03_613_616_22488_ego_616,0,22488,22488,22490,vehicle_vehicle,0.27263505511009967,1.638173700601931,2.7119367022350884,14.062367997602678,15.0,3.0,3.5,0.8,0.22860489933507547,0.8229776376062717
3,609,22449,266,70.2439,-62.1288,320.1026,2.2055,5.1926,5.7397,-4.3362,1.8632,1.9089,7.1848,-0.3548,0.2051,-2.6596,car,616,75.642,-75.755,0.6315,0.8165,1.029,0.0806,56.7606,1.03221339847921,3.715968234525156,-5.3980999999999995,13.626199999999997,5.1082,-5.152699999999999,7.255620202987474,14.656493784326452,0,03_613_616_22488_ego_616,0,22488,22488,22490,vehicle_vehicle,0.27263505511009967,1.638173700601931,2.7119367022350884,14.062367997602678,15.0,3.0,3.5,0.8,0.22860489933507547,0.8229776376062717
3,613,22449,167,62.4181,-51.5919,277.5531,2.0341,4.3748,1.3678,-7.7675,2.9128,0.2978,7.8799,-0.3349,0.0877,-2.9267,car,616,75.642,-75.755,0.6315,0.8165,1.029,0.0806,56.7606,1.03221339847921,3.715968234525156,-13.223899999999993,24.163099999999993,0.7363,-8.584,8.615520511843727,27.544998326738003,0,03_613_616_22488_ego_616,1,22488,22488,22490,vehicle_vehicle,0.27263505511009967,1.638173700601931,2.7119367022350884,14.062367997602678,15.0,3.0,3.5,0.8,0.22860489933507547,0.8229776376062717
3,616,22449,5,75.642,-75.755,56.7606,1.9987,4.0458,0.6315,0.8165,0.0593,-0.0658,1.029,0.0806,-0.0226,0.0856,car,616,75.642,-75.755,0.6315,0.8165,1.029,0.0806,56.7606,1.03221339847921,3.715968234525156,0.0,0.0,0.0,0.0,0.0,0.0,1,03_613_616_22488_ego_616,1,22488,22488,22490,vehicle_vehicle,0.27263505511009967,1.638173700601931,2.7119367022350884,14.062367997602678,15.0,3.0,3.5,0.8,0.22860489933507547,0.8229776376062717
3,598,22450,595,54.5975,-48.3374,326.0018,2.2462,7.6669,2.4895,-2.061,1.2363,-1.981,3.2164,0.3166,2.1327,0.9511,van,616,75.6674,-75.7223,0.6362,0.8148,1.0303,0.0841,56.6829,1.0337550386817953,3.721518139254463,-21.069900000000004,27.384900000000002,1.8533,-2.8758,3.4212492645231216,34.552473630986256,0,03_613_616_22488_ego_616,0,22488,22488,22490,vehicle_vehicle,0.27263505511009967,1.638173700601931,2.7119367022350884,14.062367997602678,15.0,3.0,3.5,0.8,0.22860489933507547,0.8229776376062717
3,609,22450,267,70.4743,-62.301,320.9561,2.2055,5.1926,5.8132,-4.2609,1.8491,1.9324,7.1989,-0.3526,0.2189,-2.6657,car,616,75.6674,-75.7223,0.6362,0.8148,1.0303,0.0841,56.6829,1.0337550386817953,3.721518139254463,-5.193100000000001,13.421300000000002,5.1770000000000005,-5.0757,7.250107550236756,14.390954843233999,0,03_613_616_22488_ego_616,0,22488,22488,22490,vehicle_vehicle,0.27263505511009967,1.638173700601931,2.7119367022350884,14.062367997602678,15.0,3.0,3.5,0.8,0.22860489933507547,0.8229776376062717
3,613,22450,168,62.4744,-51.9024,278.4158,2.0341,4.3748,1.4849,-7.7562,2.9238,0.3434,7.89,-0.3337,0.0882,-2.9426,car,616,75.6674,-75.7223,0.6362,0.8148,1.0303,0.0841,56.6829,1.0337550386817953,3.721518139254463,-13.192999999999998,23.819900000000004,0.8487000000000001,-8.571,8.612916619241126,27.22944885615572,0,03_613_616_22488_ego_616,1,22488,22488,22490,vehicle_vehicle,0.27263505511009967,1.638173700601931,2.7119367022350884,14.062367997602678,15.0,3.0,3.5,0.8,0.22860489933507547,0.8229776376062717
3,616,22450,6,75.6674,-75.7223,56.6829,1.9987,4.0458,0.6362,0.8148,0.0482,-0.0768,1.0303,0.0841,-0.0377,0.0825,car,616,75.6674,-75.7223,0.6362,0.8148,1.0303,0.0841,56.6829,1.0337550386817953,3.721518139254463,0.0,0.0,0.0,0.0,0.0,0.0,1,03_613_616_22488_ego_616,1,22488,22488,22490,vehicle_vehicle,0.27263505511009967,1.638173700601931,2.7119367022350884,14.062367997602678,15.0,3.0,3.5,0.8,0.22860489933507547,0.8229776376062717
3,598,22451,596,54.6978,-48.4196,325.4726,2.2462,7.6669,2.5399,-2.1393,1.207,-2.0205,3.3051,0.3229,2.1396,0.9804,van,616,75.693,-75.6896,0.6405,0.8126,1.031,0.0875,56.6005,1.0346782156786718,3.7248415764432186,-20.995199999999997,27.269999999999996,1.8994,-2.9519,3.5101900190730415,34.415858598035875,0,03_613_616_22488_ego_616,0,22488,22488,22490,vehicle_vehicle,0.27263505511009967,1.638173700601931,2.7119367022350884,14.062367997602678,15.0,3.0,3.5,0.8,0.22860489933507547,0.8229776376062717
3,609,22451,268,70.7079,-62.4697,321.8084,2.2055,5.1926,5.8863,-4.1847,1.836,1.9571,7.2137,-0.3505,0.2329,-2.6733,car,616,75.693,-75.6896,0.6405,0.8126,1.031,0.0875,56.6005,1.0346782156786718,3.7248415764432186,-4.985100000000003,13.219899999999996,5.2458,-4.9973,7.245096612882398,14.128587262001814,0,03_613_616_22488_ego_616,0,22488,22488,22490,vehicle_vehicle,0.27263505511009967,1.638173700601931,2.7119367022350884,14.062367997602678,15.0,3.0,3.5,0.8,0.22860489933507547,0.8229776376062717
3,613,22451,169,62.5361,-52.2123,279.2951,2.0341,4.3748,1.6024,-7.743,2.9342,0.3896,7.9002,-0.3307,0.0894,-2.9586,car,616,75.693,-75.6896,0.6405,0.8126,1.031,0.0875,56.6005,1.0346782156786718,3.7248415764432186,-13.1569,23.4773,0.9619000000000001,-8.5556,8.609503061733587,26.912592459664676,0,03_613_616_22488_ego_616,1,22488,22488,22490,vehicle_vehicle,0.27263505511009967,1.638173700601931,2.7119367022350884,14.062367997602678,15.0,3.0,3.5,0.8,0.22860489933507547,0.8229776376062717
3,616,22451,7,75.693,-75.6896,56.6005,1.9987,4.0458,0.6405,0.8126,0.0348,-0.0888,1.031,0.0875,-0.055,0.0779,car,616,75.693,-75.6896,0.6405,0.8126,1.031,0.0875,56.6005,1.0346782156786718,3.7248415764432186,0.0,0.0,0.0,0.0,0.0,0.0,1,03_613_616_22488_ego_616,1,22488,22488,22490,vehicle_vehicle,0.27263505511009967,1.638173700601931,2.7119367022350884,14.062367997602678,15.0,3.0,3.5,0.8,0.22860489933507547,0.8229776376062717
3,598,22452,597,54.7993,-48.5036,324.9197,2.2462,7.6669,2.5895,-2.2205,1.1766,-2.0602,3.3953,0.3289,2.1469,1.0097,van,616,75.7195,-75.6573,0.644,0.8099,1.0308,0.0904,56.524,1.0347337870196374,3.7250416332706946,-20.920199999999994,27.153700000000008,1.9455,-3.0303999999999998,3.6011518171274033,34.277954894217366,0,03_613_616_22488_ego_616,0,22488,22488,22490,vehicle_vehicle,0.27263505511009967,1.638173700601931,2.7119367022350884,14.062367997602678,15.0,3.0,3.5,0.8,0.22860489933507547,0.8229776376062717
3,609,22452,269,70.9448,-62.6345,322.6651,2.2055,5.1926,5.9589,-4.108,1.8237,1.9831,7.2293,-0.3476,0.2474,-2.6828,car,616,75.7195,-75.6573,0.644,0.8099,1.0308,0.0904,56.524,1.0347337870196374,3.7250416332706946,-4.774699999999996,13.022800000000004,5.3149,-4.9178999999999995,7.2411257702100436,13.870511163255667,0,03_613_616_22488_ego_616,0,22488,22488,22490,vehicle_vehicle,0.27263505511009967,1.638173700601931,2.7119367022350884,14.062367997602678,15.0,3.0,3.5,0.8,0.22860489933507547,0.8229776376062717
3,613,22452,170,62.602,-52.5216,280.1706,2.0341,4.3748,1.7205,-7.7281,2.9439,0.4364,7.9105,-0.3289,0.0903,-2.9747,car,616,75.7195,-75.6573,0.644,0.8099,1.0308,0.0904,56.524,1.0347337870196374,3.7250416332706946,-13.1175,23.135700000000007,1.0764999999999998,-8.538,8.60559679801465,26.59566545021952,0,03_613_616_22488_ego_616,1,22488,22488,22490,vehicle_vehicle,0.27263505511009967,1.638173700601931,2.7119367022350884,14.062367997602678,15.0,3.0,3.5,0.8,0.22860489933507547,0.8229776376062717
3,616,22452,8,75.7195,-75.6573,56.524,1.9987,4.0458,0.644,0.8099,0.0191,-0.1016,1.0308,0.0904,-0.0742,0.072,car,616,75.7195,-75.6573,0.644,0.8099,1.0308,0.0904,56.524,1.0347337870196374,3.7250416332706946,0.0,0.0,0.0,0.0,0.0,0.0,1,03_613_616_22488_ego_616,1,22488,22488,22490,vehicle_vehicle,0.27263505511009967,1.638173700601931,2.7119367022350884,14.062367997602678,15.0,3.0,3.5,0.8,0.22860489933507547,0.8229776376062717
3,598,22453,598,54.9035,-48.5924,324.3407,2.2462,7.6669,2.638,-2.304,1.1448,-2.0992,3.4865,0.3341,2.1539,1.0382,van,616,75.746,-75.6249,0.6464,0.8068,1.0296,0.0928,56.4444,1.0338081059848583,3.72170918154549,-20.842499999999994,27.0325,1.9916,-3.1108,3.6937172604302027,34.134525959796186,0,03_613_616_22488_ego_616,0,22488,22488,22490,vehicle_vehicle,0.27263505511009967,1.638173700601931,2.7119367022350884,14.062367997602678,15.0,3.0,3.5,0.8,0.22860489933507547,0.8229776376062717
3,609,22453,270,71.1848,-62.7966,323.5277,2.2055,5.1926,6.0309,-4.0304,1.8124,2.0107,7.2455,-0.3439,0.2622,-2.6942,car,616,75.746,-75.6249,0.6464,0.8068,1.0296,0.0928,56.4444,1.0338081059848583,3.72170918154549,-4.5611999999999995,12.828299999999999,5.3845,-4.8372,7.238186519425981,13.61505880743818,0,03_613_616_22488_ego_616,0,22488,22488,22490,vehicle_vehicle,0.27263505511009967,1.638173700601931,2.7119367022350884,14.062367997602678,15.0,3.0,3.5,0.8,0.22860489933507547,0.8229776376062717
3,613,22453,171,62.6733,-52.8304,281.0489,2.0341,4.3748,1.839,-7.7113,2.9529,0.4839,7.9208,-0.3271,0.091,-2.9909,car,616,75.746,-75.6249,0.6464,0.8068,1.0296,0.0928,56.4444,1.0338081059848583,3.72170918154549,-13.072699999999998,22.7945,1.1926,-8.5181,8.6011814519867,26.27707585596236,0,03_613_616_22488_ego_616,1,22488,22488,22490,vehicle_vehicle,0.27263505511009967,1.638173700601931,2.7119367022350884,14.062367997602678,15.0,3.0,3.5,0.8,0.22860489933507547,0.8229776376062717
3,616,22453,9,75.746,-75.6249,56.4444,1.9987,4.0458,0.6464,0.8068,0.0016,-0.1153,1.0296,0.0928,-0.0952,0.0651,car,616,75.746,-75.6249,0.6464,0.8068,1.0296,0.0928,56.4444,1.0338081059848583,3.72170918154549,0.0,0.0,0.0,0.0,0.0,0.0,1,03_613_616_22488_ego_616,1,22488,22488,22490,vehicle_vehicle,0.27263505511009967,1.638173700601931,2.7119367022350884,14.062367997602678,15.0,3.0,3.5,0.8,0.22860489933507547,0.8229776376062717
3,598,22454,599,55.0097,-48.685,323.7419,2.2462,7.6669,2.6854,-2.3895,1.1115,-2.1369,3.5786,0.3386,2.1601,1.0658,van,616,75.7726,-75.5928,0.6479,0.8031,1.0275,0.0947,56.3708,1.0318643418589482,3.7147116306922134,-20.762899999999995,26.907799999999995,2.0375,-3.1926,3.7873606918274896,33.987169891740024,0,03_613_616_22488_ego_616,0,22488,22488,22490,vehicle_vehicle,0.27263505511009967,1.638173700601931,2.7119367022350884,14.062367997602678,15.0,3.0,3.5,0.8,0.22860489933507547,0.8229776376062717
3,609,22454,271,71.4266,-62.9564,324.3866,2.2055,5.1926,6.1028,-3.9517,1.8018,2.0401,7.2625,-0.3411,0.2768,-2.7077,car,616,75.7726,-75.5928,0.6479,0.8031,1.0275,0.0947,56.3708,1.0318643418589482,3.7147116306922134,-4.346000000000004,12.636399999999995,5.4549,-4.7548,7.236301337700083,13.362870984934334,0,03_613_616_22488_ego_616,0,22488,22488,22490,vehicle_vehicle,0.27263505511009967,1.638173700601931,2.7119367022350884,14.062367997602678,15.0,3.0,3.5,0.8,0.22860489933507547,0.8229776376062717
3,613,22454,172,62.7491,-53.1384,281.9274,2.0341,4.3748,1.9579,-7.6926,2.9611,0.532,7.9312,-0.3258,0.0914,-3.0072,car,616,75.7726,-75.5928,0.6479,0.8031,1.0275,0.0947,56.3708,1.0318643418589482,3.7147116306922134,-13.023499999999999,22.4544,1.31,-8.4957,8.596104844055823,25.957881878342846,0,03_613_616_22488_ego_616,1,22488,22488,22490,vehicle_vehicle,0.27263505511009967,1.638173700601931,2.7119367022350884,14.062367997602678,15.0,3.0,3.5,0.8,0.22860489933507547,0.8229776376062717
3,616,22454,10,75.7726,-75.5928,56.3708,1.9987,4.0458,0.6479,0.8031,-0.0174,-0.1299,1.0275,0.0947,-0.1178,0.0575,car,616,75.7726,-75.5928,0.6479,0.8031,1.0275,0.0947,56.3708,1.0318643418589482,3.7147116306922134,0.0,0.0,0.0,0.0,0.0,0.0,1,03_613_616_22488_ego_616,1,22488,22488,22490,vehicle_vehicle,0.27263505511009967,1.638173700601931,2.7119367022350884,14.062367997602678,15.0,3.0,3.5,0.8,0.22860489933507547,0.8229776376062717
3,598,22455,600,55.1181,-48.7816,323.1229,2.2462,7.6669,2.7314,-2.4767,1.0766,-2.173,3.6712,0.3421,2.1652,1.0921,van,616,75.799,-75.5607,0.6484,0.7988,1.0243,0.0963,56.3015,1.0288362357537764,3.703810448713595,-20.68090000000001,26.7791,2.0829999999999997,-3.2755,3.8817250353418906,33.83518614726392,0,03_613_616_22488_ego_616,0,22488,22488,22490,vehicle_vehicle,0.27263505511009967,1.638173700601931,2.7119367022350884,14.062367997602678,15.0,3.0,3.5,0.8,0.22860489933507547,0.8229776376062717
3,609,22455,272,71.6709,-63.1129,325.2489,2.2055,5.1926,6.1747,-3.8718,1.7916,2.0712,7.2804,-0.3384,0.2914,-2.723,car,616,75.799,-75.5607,0.6484,0.7988,1.0243,0.0963,56.3015,1.0288362357537764,3.703810448713595,-4.128100000000003,12.447799999999994,5.5263,-4.6706,7.235640679995104,13.11445517167983,0,03_613_616_22488_ego_616,0,22488,22488,22490,vehicle_vehicle,0.27263505511009967,1.638173700601931,2.7119367022350884,14.062367997602678,15.0,3.0,3.5,0.8,0.22860489933507547,0.8229776376062717
3,613,22455,173,62.83,-53.4456,282.8137,2.0341,4.3748,2.0771,-7.672,2.9686,0.5808,7.9416,-0.3238,0.092,-3.0235,car,616,75.799,-75.5607,0.6484,0.7988,1.0243,0.0963,56.3015,1.0288362357537764,3.703810448713595,-12.969000000000008,22.115099999999998,1.4287,-8.4708,8.59043865760067,25.63732842965507,0,03_613_616_22488_ego_616,1,22488,22488,22490,vehicle_vehicle,0.27263505511009967,1.638173700601931,2.7119367022350884,14.062367997602678,15.0,3.0,3.5,0.8,0.22860489933507547,0.8229776376062717
3,616,22455,11,75.799,-75.5607,56.3015,1.9987,4.0458,0.6484,0.7988,-0.0378,-0.1455,1.0243,0.0963,-0.142,0.0493,car,616,75.799,-75.5607,0.6484,0.7988,1.0243,0.0963,56.3015,1.0288362357537764,3.703810448713595,0.0,0.0,0.0,0.0,0.0,0.0,1,03_613_616_22488_ego_616,1,22488,22488,22490,vehicle_vehicle,0.27263505511009967,1.638173700601931,2.7119367022350884,14.062367997602678,15.0,3.0,3.5,0.8,0.22860489933507547,0.8229776376062717
3,598,22456,601,55.228,-48.8815,322.4935,2.2462,7.6669,2.776,-2.5658,1.0402,-2.2071,3.7644,0.3452,2.1689,1.1175,van,616,75.8256,-75.5288,0.6479,0.7938,1.02,0.0973,56.2279,1.024642791415623,3.688714049096243,-20.597599999999993,26.6473,2.1281,-3.3596,3.9768985114030757,33.67996025903237,0,03_613_616_22488_ego_616,0,22488,22488,22490,vehicle_vehicle,0.27263505511009967,1.638173700601931,2.7119367022350884,14.062367997602678,15.0,3.0,3.5,0.8,0.22860489933507547,0.8229776376062717
3,609,22456,273,71.9186,-63.2663,326.1199,2.2055,5.1926,6.2466,-3.7906,1.7813,2.104,7.299,-0.3352,0.306,-2.7397,car,616,75.8256,-75.5288,0.6479,0.7938,1.02,0.0973,56.2279,1.024642791415623,3.688714049096243,-3.9069999999999965,12.262500000000003,5.5987,-4.5844,7.236170606750507,12.869870055676554,0,03_613_616_22488_ego_616,0,22488,22488,22490,vehicle_vehicle,0.27263505511009967,1.638173700601931,2.7119367022350884,14.062367997602678,15.0,3.0,3.5,0.8,0.22860489933507547,0.8229776376062717
3,613,22456,174,62.9154,-53.7522,283.6955,2.0341,4.3748,2.1965,-7.6494,2.9754,0.6302,7.9519,-0.323,0.0921,-3.04,car,616,75.8256,-75.5288,0.6479,0.7938,1.02,0.0973,56.2279,1.024642791415623,3.688714049096243,-12.910199999999996,21.776600000000002,1.5486,-8.4432,8.584042649008682,25.315875880561588,0,03_613_616_22488_ego_616,1,22488,22488,22490,vehicle_vehicle,0.27263505511009967,1.638173700601931,2.7119367022350884,14.062367997602678,15.0,3.0,3.5,0.8,0.22860489933507547,0.8229776376062717
3,616,22456,12,75.8256,-75.5288,56.2279,1.9987,4.0458,0.6479,0.7938,-0.0593,-0.1619,1.02,0.0973,-0.1676,0.0408,car,616,75.8256,-75.5288,0.6479,0.7938,1.02,0.0973,56.2279,1.024642791415623,3.688714049096243,0.0,0.0,0.0,0.0,0.0,0.0,1,03_613_616_22488_ego_616,1,22488,22488,22490,vehicle_vehicle,0.27263505511009967,1.638173700601931,2.7119367022350884,14.062367997602678,15.0,3.0,3.5,0.8,0.22860489933507547,0.8229776376062717
3,598,22457,602,55.3404,-48.985,321.8449,2.2462,7.6669,2.8191,-2.6566,1.0023,-2.2388,3.858,0.3474,2.1712,1.1413,van,616,75.852,-75.4969,0.6462,0.7881,1.0145,0.0976,56.1466,1.019154576107079,3.6689564739854847,-20.5116,26.511899999999997,2.1729000000000003,-3.4447,4.07276963502725,33.52024129045016,0,03_613_616_22488_ego_616,0,22488,22488,22490,vehicle_vehicle,0.27263505511009967,1.638173700601931,2.7119367022350884,14.062367997602678,15.0,3.0,3.5,0.8,0.22860489933507547,0.8229776376062717
3,609,22457,274,72.1689,-63.4165,326.9932,2.2055,5.1926,6.3184,-3.708,1.7707,2.1383,7.3185,-0.3323,0.3201,-2.7578,car,616,75.852,-75.4969,0.6462,0.7881,1.0145,0.0976,56.1466,1.019154576107079,3.6689564739854847,-3.6831000000000103,12.080399999999997,5.672199999999999,-4.4961,7.238008569351102,12.629382002695145,0,03_613_616_22488_ego_616,0,22488,22488,22490,vehicle_vehicle,0.27263505511009967,1.638173700601931,2.7119367022350884,14.062367997602678,15.0,3.0,3.5,0.8,0.22860489933507547,0.8229776376062717
3,613,22457,175,63.0057,-54.0582,284.5613,2.0341,4.3748,2.3162,-7.6246,2.9815,0.6802,7.962,-0.3249,0.0912,-3.0567,car,616,75.852,-75.4969,0.6462,0.7881,1.0145,0.0976,56.1466,1.019154576107079,3.6689564739854847,-12.846300000000006,21.438699999999997,1.67,-8.412700000000001,8.576853810693057,24.992904620711855,0,03_613_616_22488_ego_616,1,22488,22488,22490,vehicle_vehicle,0.27263505511009967,1.638173700601931,2.7119367022350884,14.062367997602678,15.0,3.0,3.5,0.8,0.22860489933507547,0.8229776376062717
3,616,22457,13,75.852,-75.4969,56.1466,1.9987,4.0458,0.6462,0.7881,-0.0816,-0.1792,1.0145,0.0976,-0.1943,0.0321,car,616,75.852,-75.4969,0.6462,0.7881,1.0145,0.0976,56.1466,1.019154576107079,3.6689564739854847,0.0,0.0,0.0,0.0,0.0,0.0,1,03_613_616_22488_ego_616,1,22488,22488,22490,vehicle_vehicle,0.27263505511009967,1.638173700601931,2.7119367022350884,14.062367997602678,15.0,3.0,3.5,0.8,0.22860489933507547,0.8229776376062717
3,598,22458,603,55.4543,-49.0922,321.1889,2.2462,7.6669,2.8604,-2.749,0.963,-2.2678,3.9519,0.3493,2.1718,1.1636,van,616,75.8784,-75.4653,0.6435,0.7816,1.0077,0.0972,56.0494,1.0124182979381595,3.6447058725773744,-20.424099999999996,26.3731,2.2169,-3.5306,4.168906567674551,33.35692228638607,0,03_613_616_22488_ego_616,0,22488,22488,22490,vehicle_vehicle,0.27263505511009967,1.638173700601931,2.7119367022350884,14.062367997602678,15.0,3.0,3.5,0.8,0.22860489933507547,0.8229776376062717
3,609,22458,275,72.4224,-63.5637,327.8826,2.2055,5.1926,6.3901,-3.6237,1.7593,2.1741,7.3387,-0.3281,0.3342,-2.7767,car,616,75.8784,-75.4653,0.6435,0.7816,1.0077,0.0972,56.0494,1.0124182979381595,3.6447058725773744,-3.456000000000003,11.901600000000002,5.746600000000001,-4.4052999999999995,7.240861802990028,12.393224703845243,0,03_613_616_22488_ego_616,0,22488,22488,22490,vehicle_vehicle,0.27263505511009967,1.638173700601931,2.7119367022350884,14.062367997602678,15.0,3.0,3.5,0.8,0.22860489933507547,0.8229776376062717
3,613,22458,176,63.1008,-54.363,285.4326,2.0341,4.3748,2.4361,-7.5976,2.9869,0.7305,7.972,-0.3265,0.0907,-3.0736,car,616,75.8784,-75.4653,0.6435,0.7816,1.0077,0.0972,56.0494,1.0124182979381595,3.6447058725773744,-12.7776,21.1023,1.7926000000000002,-8.379199999999999,8.568804315655715,24.669295228076543,0,03_613_616_22488_ego_616,1,22488,22488,22490,vehicle_vehicle,0.27263505511009967,1.638173700601931,2.7119367022350884,14.062367997602678,15.0,3.0,3.5,0.8,0.22860489933507547,0.8229776376062717
3,616,22458,14,75.8784,-75.4653,56.0494,1.9987,4.0458,0.6435,0.7816,-0.1045,-0.1972,1.0077,0.0972,-0.2219,0.0235,car,616,75.8784,-75.4653,0.6435,0.7816,1.0077,0.0972,56.0494,1.0124182979381595,3.6447058725773744,0.0,0.0,0.0,0.0,0.0,0.0,1,03_613_616_22488_ego_616,1,22488,22488,22490,vehicle_vehicle,0.27263505511009967,1.638173700601931,2.7119367022350884,14.062367997602678,15.0,3.0,3.5,0.8,0.22860489933507547,0.8229776376062717
3,598,22459,604,55.5701,-49.2028,320.5319,2.2462,7.6669,2.9,-2.8431,0.9226,-2.2938,4.0459,0.3515,2.1702,1.1843,van,616,75.9049,-75.4344,0.6394,0.7745,0.9998,0.0959,55.936,1.0043319222249185,3.615594920009707,-20.3348,26.231599999999993,2.2606,-3.6176000000000004,4.265834281825772,33.19037405031766,0,03_613_616_22488_ego_616,0,22488,22488,22490,vehicle_vehicle,0.27263505511009967,1.638173700601931,2.7119367022350884,14.062367997602678,15.0,3.0,3.5,0.8,0.22860489933507547,0.8229776376062717
3,609,22459,276,72.6793,-63.7072,328.783,2.2055,5.1926,6.4613,-3.538,1.7471,2.2111,7.3595,-0.3231,0.3482,-2.7964,car,616,75.9049,-75.4344,0.6394,0.7745,0.9998,0.0959,55.936,1.0043319222249185,3.615594920009707,-3.2256,11.727199999999996,5.821899999999999,-4.3125,7.24514843602255,12.162718248812636,0,03_613_616_22488_ego_616,0,22488,22488,22490,vehicle_vehicle,0.27263505511009967,1.638173700601931,2.7119367022350884,14.062367997602678,15.0,3.0,3.5,0.8,0.22860489933507547,0.8229776376062717
3,613,22459,177,63.2014,-54.6665,286.2946,2.0341,4.3748,2.556,-7.5686,2.9918,0.781,7.9818,-0.3298,0.0898,-3.0907,car,616,75.9049,-75.4344,0.6394,0.7745,0.9998,0.0959,55.936,1.0043319222249185,3.615594920009707,-12.703499999999998,20.767899999999997,1.9166,-8.3431,8.560413142483252,24.3451141434991,0,03_613_616_22488_ego_616,1,22488,22488,22490,vehicle_vehicle,0.27263505511009967,1.638173700601931,2.7119367022350884,14.062367997602678,15.0,3.0,3.5,0.8,0.22860489933507547,0.8229776376062717
3,616,22459,15,75.9049,-75.4344,55.936,1.9987,4.0458,0.6394,0.7745,-0.1277,-0.2159,0.9998,0.0959,-0.2504,0.0151,car,616,75.9049,-75.4344,0.6394,0.7745,0.9998,0.0959,55.936,1.0043319222249185,3.615594920009707,0.0,0.0,0.0,0.0,0.0,0.0,1,03_613_616_22488_ego_616,1,22488,22488,22490,vehicle_vehicle,0.27263505511009967,1.638173700601931,2.7119367022350884,14.062367997602678,15.0,3.0,3.5,0.8,0.22860489933507547,0.8229776376062717
3,598,22460,605,55.6877,-49.3182,319.8662,2.2462,7.6669,2.9375,-2.9383,0.8813,-2.3163,4.1398,0.353,2.1668,1.2028,van,616,75.9311,-75.4043,0.6342,0.7669,0.9907,0.0939,55.8238,0.9951609166360986,3.582579299889955,-20.2434,26.08610000000001,2.3033,-3.7052,4.362762648827003,33.019386075001464,0,03_613_616_22488_ego_616,0,22488,22488,22490,vehicle_vehicle,0.27263505511009967,1.638173700601931,2.7119367022350884,14.062367997602678,15.0,3.0,3.5,0.8,0.22860489933507547,0.8229776376062717
3,609,22460,277,72.9385,-63.8473,329.683,2.2055,5.1926,6.5324,-3.4505,1.7339,2.2491,7.3808,-0.3188,0.3614,-2.8168,car,616,75.9311,-75.4043,0.6342,0.7669,0.9907,0.0939,55.8238,0.9951609166360986,3.582579299889955,-2.992599999999996,11.55700000000001,5.8982,-4.2174,7.250877602056182,11.938170033970877,0,03_613_616_22488_ego_616,0,22488,22488,22490,vehicle_vehicle,0.27263505511009967,1.638173700601931,2.7119367022350884,14.062367997602678,15.0,3.0,3.5,0.8,0.22860489933507547,0.8229776376062717
3,613,22460,178,63.3066,-54.9687,287.1294,2.0341,4.3748,2.6758,-7.5376,2.9964,0.8317,7.9913,-0.3371,0.0877,-3.1084,car,616,75.9311,-75.4043,0.6342,0.7669,0.9907,0.0939,55.8238,0.9951609166360986,3.582579299889955,-12.624499999999998,20.435600000000008,2.0416000000000003,-8.3045,8.551774716981265,24.020652522568998,0,03_613_616_22488_ego_616,1,22488,22488,22490,vehicle_vehicle,0.27263505511009967,1.638173700601931,2.7119367022350884,14.062367997602678,15.0,3.0,3.5,0.8,0.22860489933507547,0.8229776376062717
3,616,22460,16,75.9311,-75.4043,55.8238,1.9987,4.0458,0.6342,0.7669,-0.1509,-0.2355,0.9907,0.0939,-0.2796,0.0074,car,616,75.9311,-75.4043,0.6342,0.7669,0.9907,0.0939,55.8238,0.9951609166360986,3.582579299889955,0.0,0.0,0.0,0.0,0.0,0.0,1,03_613_616_22488_ego_616,1,22488,22488,22490,vehicle_vehicle,0.27263505511009967,1.638173700601931,2.7119367022350884,14.062367997602678,15.0,3.0,3.5,0.8,0.22860489933507547,0.8229776376062717
3,598,22461,606,55.8073,-49.4373,319.2017,2.2462,7.6669,2.9729,-3.0345,0.8397,-2.3354,4.2332,0.3546,2.1616,1.2193,van,616,75.9567,-75.374,0.6279,0.7586,0.9805,0.0913,55.7092,0.9847499022594519,3.545099648134027,-20.1494,25.936699999999995,2.345,-3.7931,4.459443082942084,32.84373193244032,0,03_613_616_22488_ego_616,0,22488,22488,22490,vehicle_vehicle,0.27263505511009967,1.638173700601931,2.7119367022350884,14.062367997602678,15.0,3.0,3.5,0.8,0.22860489933507547,0.8229776376062717
3,609,22461,278,73.2004,-63.9835,330.598,2.2055,5.1926,6.6032,-3.3616,1.7193,2.2882,7.403,-0.3131,0.3745,-2.8376,car,616,75.9567,-75.374,0.6279,0.7586,0.9805,0.0913,55.7092,0.9847499022594519,3.545099648134027,-2.756299999999996,11.390499999999996,5.9753,-4.1202000000000005,7.2581167068324275,11.71924400036111,0,03_613_616_22488_ego_616,0,22488,22488,22490,vehicle_vehicle,0.27263505511009967,1.638173700601931,2.7119367022350884,14.062367997602678,15.0,3.0,3.5,0.8,0.22860489933507547,0.8229776376062717
3,613,22461,179,63.4159,-55.2695,287.942,2.0341,4.3748,2.7959,-7.5045,3.0008,0.8826,8.0008,-0.3481,0.0847,-3.1268,car,616,75.9567,-75.374,0.6279,0.7586,0.9805,0.0913,55.7092,0.9847499022594519,3.545099648134027,-12.540799999999997,20.104499999999994,2.168,-8.2631,8.5427773943841,23.695201727142983,0,03_613_616_22488_ego_616,1,22488,22488,22490,vehicle_vehicle,0.27263505511009967,1.638173700601931,2.7119367022350884,14.062367997602678,15.0,3.0,3.5,0.8,0.22860489933507547,0.8229776376062717
3,616,22461,17,75.9567,-75.374,55.7092,1.9987,4.0458,0.6279,0.7586,-0.174,-0.2562,0.9805,0.0913,-0.3097,0.0006,car,616,75.9567,-75.374,0.6279,0.7586,0.9805,0.0913,55.7092,0.9847499022594519,3.545099648134027,0.0,0.0,0.0,0.0,0.0,0.0,1,03_613_616_22488_ego_616,1,22488,22488,22490,vehicle_vehicle,0.27263505511009967,1.638173700601931,2.7119367022350884,14.062367997602678,15.0,3.0,3.5,0.8,0.22860489933507547,0.8229776376062717
3,598,22462,607,55.9289,-49.5591,318.542,2.2462,7.6669,3.0058,-3.132,0.7983,-2.3507,4.3262,0.3572,2.1546,1.2331,van,616,75.9814,-75.3435,0.6207,0.7493,0.969,0.0887,55.5906,0.9729948509627376,3.5027814634658556,-20.052499999999995,25.784400000000005,2.3850999999999996,-3.8813,4.555567110689952,32.66401750565904,0,03_613_616_22488_ego_616,0,22488,22488,22490,vehicle_vehicle,0.27263505511009967,1.638173700601931,2.7119367022350884,14.062367997602678,15.0,3.0,3.5,0.8,0.22860489933507547,0.8229776376062717
3,609,22462,279,73.4655,-64.1163,331.5103,2.2055,5.1926,6.6736,-3.271,1.7033,2.3283,7.4257,-0.3084,0.3864,-2.8588,car,616,75.9814,-75.3435,0.6207,0.7493,0.969,0.0887,55.5906,0.9729948509627376,3.5027814634658556,-2.515899999999988,11.22720000000001,6.0529,-4.0203,7.266389096380678,11.505640905660153,0,03_613_616_22488_ego_616,0,22488,22488,22490,vehicle_vehicle,0.27263505511009967,1.638173700601931,2.7119367022350884,14.062367997602678,15.0,3.0,3.5,0.8,0.22860489933507547,0.8229776376062717
3,613,22462,180,63.5301,-55.5688,288.7494,2.0341,4.3748,2.9161,-7.4694,3.0051,0.9337,8.0104,-0.3605,0.0818,-3.1458,car,616,75.9814,-75.3435,0.6207,0.7493,0.969,0.0887,55.5906,0.9729948509627376,3.5027814634658556,-12.451299999999996,19.774700000000003,2.2954,-8.2187,8.533222770442595,23.368218412621875,0,03_613_616_22488_ego_616,1,22488,22488,22490,vehicle_vehicle,0.27263505511009967,1.638173700601931,2.7119367022350884,14.062367997602678,15.0,3.0,3.5,0.8,0.22860489933507547,0.8229776376062717
3,616,22462,18,75.9814,-75.3435,55.5906,1.9987,4.0458,0.6207,0.7493,-0.1968,-0.2779,0.969,0.0887,-0.3405,-0.0053,car,616,75.9814,-75.3435,0.6207,0.7493,0.969,0.0887,55.5906,0.9729948509627376,3.5027814634658556,0.0,0.0,0.0,0.0,0.0,0.0,1,03_613_616_22488_ego_616,1,22488,22488,22490,vehicle_vehicle,0.27263505511009967,1.638173700601931,2.7119367022350884,14.062367997602678,15.0,3.0,3.5,0.8,0.22860489933507547,0.8229776376062717
3,598,22463,608,56.0523,-49.6847,317.8809,2.2462,7.6669,3.036,-3.2307,0.7582,-2.3615,4.4187,0.3602,2.1462,1.2432,van,616,76.0053,-75.3132,0.613,0.7389,0.9562,0.0861,55.4714,0.9600740648512488,3.456266633464496,-19.953000000000003,25.628499999999995,2.423,-3.9696000000000002,4.650661583043858,32.47987409535326,0,03_613_616_22488_ego_616,0,22488,22488,22490,vehicle_vehicle,0.27263505511009967,1.638173700601931,2.7119367022350884,14.062367997602678,15.0,3.0,3.5,0.8,0.22860489933507547,0.8229776376062717
3,609,22463,280,73.7336,-64.2456,332.4238,2.2055,5.1926,6.7434,-3.1787,1.6855,2.3693,7.4489,-0.3041,0.3972,-2.8804,car,616,76.0053,-75.3132,0.613,0.7389,0.9562,0.0861,55.4714,0.9600740648512488,3.456266633464496,-2.27170000000001,11.067599999999999,6.1304,-3.9176,7.275259027691042,11.298335746914233,0,03_613_616_22488_ego_616,0,22488,22488,22490,vehicle_vehicle,0.27263505511009967,1.638173700601931,2.7119367022350884,14.062367997602678,15.0,3.0,3.5,0.8,0.22860489933507547,0.8229776376062717
3,613,22463,181,63.6493,-55.8669,289.5499,2.0341,4.3748,3.0364,-7.4323,3.0092,0.985,8.0199,-0.3744,0.0787,-3.1653,car,616,76.0053,-75.3132,0.613,0.7389,0.9562,0.0861,55.4714,0.9600740648512488,3.456266633464496,-12.356000000000009,19.446299999999994,2.4234,-8.171199999999999,8.522991082947348,23.039733498675716,0,03_613_616_22488_ego_616,1,22488,22488,22490,vehicle_vehicle,0.27263505511009967,1.638173700601931,2.7119367022350884,14.062367997602678,15.0,3.0,3.5,0.8,0.22860489933507547,0.8229776376062717
3,616,22463,19,76.0053,-75.3132,55.4714,1.9987,4.0458,0.613,0.7389,-0.2195,-0.3005,0.9562,0.0861,-0.372,-0.0105,car,616,76.0053,-75.3132,0.613,0.7389,0.9562,0.0861,55.4714,0.9600740648512488,3.456266633464496,0.0,0.0,0.0,0.0,0.0,0.0,1,03_613_616_22488_ego_616,1,22488,22488,22490,vehicle_vehicle,0.27263505511009967,1.638173700601931,2.7119367022350884,14.062367997602678,15.0,3.0,3.5,0.8,0.22860489933507547,0.8229776376062717
3,598,22464,609,56.1764,-49.8139,317.2212,2.2462,7.6669,3.0638,-3.3307,0.7201,-2.3673,4.5109,0.3638,2.1363,1.2484,van,616,76.0289,-75.2833,0.6046,0.7274,0.9421,0.0841,55.3691,0.9458604125345347,3.4050974851243248,-19.852499999999992,25.4694,2.4592,-4.0581000000000005,4.745085905439438,32.29260120538449,0,03_613_616_22488_ego_616,0,22488,22488,22490,vehicle_vehicle,0.27263505511009967,1.638173700601931,2.7119367022350884,14.062367997602678,15.0,3.0,3.5,0.8,0.22860489933507547,0.8229776376062717
3,609,22464,281,74.0043,-64.3713,333.3345,2.2055,5.1926,6.8127,-3.0846,1.666,2.4111,7.4724,-0.3009,0.4068,-2.9023,car,616,76.0289,-75.2833,0.6046,0.7274,0.9421,0.0841,55.3691,0.9458604125345347,3.4050974851243248,-2.0245999999999924,10.911999999999992,6.2081,-3.8120000000000003,7.285042869468923,11.098231803309922,0,03_613_616_22488_ego_616,0,22488,22488,22490,vehicle_vehicle,0.27263505511009967,1.638173700601931,2.7119367022350884,14.062367997602678,15.0,3.0,3.5,0.8,0.22860489933507547,0.8229776376062717
3,613,22464,182,63.7726,-56.1636,290.3432,2.0341,4.3748,3.1572,-7.393,3.013,1.0365,8.0295,-0.3901,0.0756,-3.1854,car,616,76.0289,-75.2833,0.6046,0.7274,0.9421,0.0841,55.3691,0.9458604125345347,3.4050974851243248,-12.256299999999996,19.119699999999995,2.5526,-8.1204,8.512147961589953,22.710786375200655,0,03_613_616_22488_ego_616,1,22488,22488,22490,vehicle_vehicle,0.27263505511009967,1.638173700601931,2.7119367022350884,14.062367997602678,15.0,3.0,3.5,0.8,0.22860489933507547,0.8229776376062717
3,616,22464,20,76.0289,-75.2833,55.3691,1.9987,4.0458,0.6046,0.7274,-0.2426,-0.3237,0.9421,0.0841,-0.4042,-0.0156,car,616,76.0289,-75.2833,0.6046,0.7274,0.9421,0.0841,55.3691,0.9458604125345347,3.4050974851243248,0.0,0.0,0.0,0.0,0.0,0.0,1,03_613_616_22488_ego_616,1,22488,22488,22490,vehicle_vehicle,0.27263505511009967,1.638173700601931,2.7119367022350884,14.062367997602678,15.0,3.0,3.5,0.8,0.22860489933507547,0.8229776376062717
3,598,22465,610,56.3023,-49.9472,316.5548,2.2462,7.6669,3.089,-3.4316,0.6852,-2.3671,4.6025,0.3673,2.1252,1.2474,van,616,76.0532,-75.2543,0.5952,0.7149,0.9266,0.082,55.2797,0.9302392434207449,3.3488612763146817,-19.7509,25.3071,2.4938000000000002,-4.1465,4.838646576264896,32.10213951156527,0,03_613_616_22488_ego_616,0,22488,22488,22490,vehicle_vehicle,0.27263505511009967,1.638173700601931,2.7119367022350884,14.062367997602678,15.0,3.0,3.5,0.8,0.22860489933507547,0.8229776376062717
3,609,22465,282,74.278,-64.4929,334.2402,2.2055,5.1926,6.8813,-2.9888,1.6446,2.4535,7.4963,-0.2988,0.4149,-2.9244,car,616,76.0532,-75.2543,0.5952,0.7149,0.9266,0.082,55.2797,0.9302392434207449,3.3488612763146817,-1.7751999999999981,10.761399999999995,6.2861,-3.7037,7.296056941937885,10.906835700605372,0,03_613_616_22488_ego_616,0,22488,22488,22490,vehicle_vehicle,0.27263505511009967,1.638173700601931,2.7119367022350884,14.062367997602678,15.0,3.0,3.5,0.8,0.22860489933507547,0.8229776376062717
3,613,22465,183,63.901,-56.4583,291.1433,2.0341,4.3748,3.2782,-7.3518,3.0164,1.0882,8.0393,-0.4057,0.0731,-3.2059,car,616,76.0532,-75.2543,0.5952,0.7149,0.9266,0.082,55.2797,0.9302392434207449,3.3488612763146817,-12.1522,18.796,2.683,-8.066699999999999,8.501184499233032,22.38226040506186,0,03_613_616_22488_ego_616,1,22488,22488,22490,vehicle_vehicle,0.27263505511009967,1.638173700601931,2.7119367022350884,14.062367997602678,15.0,3.0,3.5,0.8,0.22860489933507547,0.8229776376062717
3,616,22465,21,76.0532,-75.2543,55.2797,1.9987,4.0458,0.5952,0.7149,-0.266,-0.3474,0.9266,0.082,-0.437,-0.0207,car,616,76.0532,-75.2543,0.5952,0.7149,0.9266,0.082,55.2797,0.9302392434207449,3.3488612763146817,0.0,0.0,0.0,0.0,0.0,0.0,1,03_613_616_22488_ego_616,1,22488,22488,22490,vehicle_vehicle,0.27263505511009967,1.638173700601931,2.7119367022350884,14.062367997602678,15.0,3.0,3.5,0.8,0.22860489933507547,0.8229776376062717
3,598,22466,611,56.4281,-50.0863,315.8864,2.2462,7.6669,3.1121,-3.5325,0.6542,-2.3608,4.6933,0.3699,2.113,1.2396,van,616,76.0772,-75.2258,0.5847,0.7014,0.9097,0.0796,55.1806,0.9131462369193666,3.2873264529097197,-19.649100000000004,25.139500000000005,2.5274,-4.2339,4.930888355053276,31.9073908532177,0,03_613_616_22488_ego_616,0,22488,22488,22490,vehicle_vehicle,0.27263505511009967,1.638173700601931,2.7119367022350884,14.062367997602678,15.0,3.0,3.5,0.8,0.22860489933507547,0.8229776376062717
3,609,22466,283,74.5548,-64.611,335.1318,2.2055,5.1926,6.9489,-2.891,1.6213,2.4963,7.5203,-0.2993,0.4212,-2.9467,car,616,76.0772,-75.2258,0.5847,0.7014,0.9097,0.0796,55.1806,0.9131462369193666,3.2873264529097197,-1.5224000000000046,10.614800000000002,6.3642,-3.5924,7.308103680162181,10.723417403048343,0,03_613_616_22488_ego_616,0,22488,22488,22490,vehicle_vehicle,0.27263505511009967,1.638173700601931,2.7119367022350884,14.062367997602678,15.0,3.0,3.5,0.8,0.22860489933507547,0.8229776376062717
3,613,22466,184,64.0346,-56.7513,291.956,2.0341,4.3748,3.3993,-7.3085,3.0194,1.1402,8.0494,-0.4201,0.0715,-3.2267,car,616,76.0772,-75.2258,0.5847,0.7014,0.9097,0.0796,55.1806,0.9131462369193666,3.2873264529097197,-12.042600000000007,18.474500000000006,2.8146000000000004,-8.0099,8.490021859218032,22.05292191547416,0,03_613_616_22488_ego_616,1,22488,22488,22490,vehicle_vehicle,0.27263505511009967,1.638173700601931,2.7119367022350884,14.062367997602678,15.0,3.0,3.5,0.8,0.22860489933507547,0.8229776376062717
3,616,22466,22,76.0772,-75.2258,55.1806,1.9987,4.0458,0.5847,0.7014,-0.2896,-0.3715,0.9097,0.0796,-0.4703,-0.0256,car,616,76.0772,-75.2258,0.5847,0.7014,0.9097,0.0796,55.1806,0.9131462369193666,3.2873264529097197,0.0,0.0,0.0,0.0,0.0,0.0,1,03_613_616_22488_ego_616,1,22488,22488,22490,vehicle_vehicle,0.27263505511009967,1.638173700601931,2.7119367022350884,14.062367997602678,15.0,3.0,3.5,0.8,0.22860489933507547,0.8229776376062717
3,598,22467,612,56.5536,-50.2293,315.2215,2.2462,7.6669,3.1338,-3.6333,0.6276,-2.3482,4.7836,0.3717,2.0994,1.2248,van,616,76.1014,-75.1979,0.5729,0.6868,0.8911,0.0768,55.0932,0.8943761233396159,3.2197540440226176,-19.547799999999995,24.968600000000002,2.5609,-4.3201,5.022098447860217,31.710368506215755,0,03_613_616_22488_ego_616,0,22488,22488,22490,vehicle_vehicle,0.27263505511009967,1.638173700601931,2.7119367022350884,14.062367997602678,15.0,3.0,3.5,0.8,0.22860489933507547,0.8229776376062717
3,609,22467,284,74.8336,-64.7251,336.0189,2.2055,5.1926,7.0157,-2.7913,1.5961,2.5394,7.5446,-0.301,0.4262,-2.969,car,616,76.1014,-75.1979,0.5729,0.6868,0.8911,0.0768,55.0932,0.8943761233396159,3.2197540440226176,-1.267799999999994,10.472800000000007,6.4428,-3.4781,7.321669990514459,10.549258584374549,0,03_613_616_22488_ego_616,0,22488,22488,22490,vehicle_vehicle,0.27263505511009967,1.638173700601931,2.7119367022350884,14.062367997602678,15.0,3.0,3.5,0.8,0.22860489933507547,0.8229776376062717
3,613,22467,185,64.1722,-57.0424,292.8011,2.0341,4.3748,3.5208,-7.2633,3.0217,1.1925,8.0602,-0.4309,0.0717,-3.2477,car,616,76.1014,-75.1979,0.5729,0.6868,0.8911,0.0768,55.0932,0.8943761233396159,3.2197540440226176,-11.929199999999994,18.155500000000004,2.9478999999999997,-7.9501,8.479045018160948,21.72390372124679,0,03_613_616_22488_ego_616,1,22488,22488,22490,vehicle_vehicle,0.27263505511009967,1.638173700601931,2.7119367022350884,14.062367997602678,15.0,3.0,3.5,0.8,0.22860489933507547,0.8229776376062717
3,616,22467,23,76.1014,-75.1979,55.0932,1.9987,4.0458,0.5729,0.6868,-0.3132,-0.3959,0.8911,0.0768,-0.5039,-0.0303,car,616,76.1014,-75.1979,0.5729,0.6868,0.8911,0.0768,55.0932,0.8943761233396159,3.2197540440226176,0.0,0.0,0.0,0.0,0.0,0.0,1,03_613_616_22488_ego_616,1,22488,22488,22490,vehicle_vehicle,0.27263505511009967,1.638173700601931,2.7119367022350884,14.062367997602678,15.0,3.0,3.5,0.8,0.22860489933507547,0.8229776376062717
3,598,22468,613,56.6795,-50.3765,314.5672,2.2462,7.6669,3.1544,-3.7335,0.6055,-2.3292,4.8734,0.3727,2.0843,1.2032,van,616,76.1248,-75.1704,0.5598,0.6712,0.8709,0.0738,55.0126,0.8740054233241348,3.1464195239668853,-19.445299999999996,24.7939,2.5946,-4.4047,5.112076999615714,31.509636134046357,0,03_613_616_22488_ego_616,0,22488,22488,22490,vehicle_vehicle,0.27263505511009967,1.638173700601931,2.7119367022350884,14.062367997602678,15.0,3.0,3.5,0.8,0.22860489933507547,0.8229776376062717
3,609,22468,285,75.1147,-64.8348,336.9043,2.2055,5.1926,7.0819,-2.6899,1.5688,2.5828,7.5695,-0.3037,0.4299,-2.9911,car,616,76.1248,-75.1704,0.5598,0.6712,0.8709,0.0738,55.0126,0.8740054233241348,3.1464195239668853,-1.0100999999999942,10.3356,6.5221,-3.3611000000000004,7.337218929539993,10.384841326183082,0,03_613_616_22488_ego_616,0,22488,22488,22490,vehicle_vehicle,0.27263505511009967,1.638173700601931,2.7119367022350884,14.062367997602678,15.0,3.0,3.5,0.8,0.22860489933507547,0.8229776376062717
3,613,22468,186,64.3148,-57.3316,293.6604,2.0341,4.3748,3.6427,-7.2162,3.0232,1.2453,8.0715,-0.4405,0.0726,-3.2688,car,616,76.1248,-75.1704,0.5598,0.6712,0.8709,0.0738,55.0126,0.8740054233241348,3.1464195239668853,-11.809999999999988,17.8388,3.0829,-7.8873999999999995,8.468491670303514,21.393898322652646,0,03_613_616_22488_ego_616,1,22488,22488,22490,vehicle_vehicle,0.27263505511009967,1.638173700601931,2.7119367022350884,14.062367997602678,15.0,3.0,3.5,0.8,0.22860489933507547,0.8229776376062717
3,616,22468,24,76.1248,-75.1704,55.0126,1.9987,4.0458,0.5598,0.6712,-0.3364,-0.4205,0.8709,0.0738,-0.5374,-0.0344,car,616,76.1248,-75.1704,0.5598,0.6712,0.8709,0.0738,55.0126,0.8740054233241348,3.1464195239668853,0.0,0.0,0.0,0.0,0.0,0.0,1,03_613_616_22488_ego_616,1,22488,22488,22490,vehicle_vehicle,0.27263505511009967,1.638173700601931,2.7119367022350884,14.062367997602678,15.0,3.0,3.5,0.8,0.22860489933507547,0.8229776376062717
3,598,22469,614,56.8068,-50.5277,313.932,2.2462,7.6669,3.1738,-3.833,0.588,-2.3039,4.9624,0.3737,2.0672,1.175,van,616,76.148,-75.1433,0.5454,0.6543,0.8489,0.0703,54.924,0.8518037626120232,3.0664935454032833,-19.341199999999994,24.615599999999993,2.6284,-4.4873,5.200418045695942,31.30510790270494,0,03_613_616_22488_ego_616,0,22488,22488,22490,vehicle_vehicle,0.27263505511009967,1.638173700601931,2.7119367022350884,14.062367997602678,15.0,3.0,3.5,0.8,0.22860489933507547,0.8229776376062717
3,609,22469,286,75.3994,-64.9406,337.7929,2.2055,5.1926,7.1469,-2.5867,1.5391,2.6262,7.5944,-0.3064,0.4323,-3.0131,car,616,76.148,-75.1433,0.5454,0.6543,0.8489,0.0703,54.924,0.8518037626120232,3.0664935454032833,-0.7485999999999962,10.202699999999993,6.6015,-3.241,7.354174545793701,10.230126551025645,0,03_613_616_22488_ego_616,0,22488,22488,22490,vehicle_vehicle,0.27263505511009967,1.638173700601931,2.7119367022350884,14.062367997602678,15.0,3.0,3.5,0.8,0.22860489933507547,0.8229776376062717
3,613,22469,187,64.4626,-57.6185,294.5579,2.0341,4.3748,3.7648,-7.1673,3.0235,1.2988,8.0837,-0.4454,0.0753,-3.2898,car,616,76.148,-75.1433,0.5454,0.6543,0.8489,0.0703,54.924,0.8518037626120232,3.0664935454032833,-11.685400000000001,17.5248,3.2194000000000003,-7.8216,8.458248218159598,21.063408750722186,0,03_613_616_22488_ego_616,1,22488,22488,22490,vehicle_vehicle,0.27263505511009967,1.638173700601931,2.7119367022350884,14.062367997602678,15.0,3.0,3.5,0.8,0.22860489933507547,0.8229776376062717
3,616,22469,25,76.148,-75.1433,54.924,1.9987,4.0458,0.5454,0.6543,-0.3588,-0.4453,0.8489,0.0703,-0.5706,-0.0377,car,616,76.148,-75.1433,0.5454,0.6543,0.8489,0.0703,54.924,0.8518037626120232,3.0664935454032833,0.0,0.0,0.0,0.0,0.0,0.0,1,03_613_616_22488_ego_616,1,22488,22488,22490,vehicle_vehicle,0.27263505511009967,1.638173700601931,2.7119367022350884,14.062367997602678,15.0,3.0,3.5,0.8,0.22860489933507547,0.8229776376062717
3,598,22470,615,56.9347,-50.6832,313.3192,2.2462,7.6669,3.1924,-3.9313,0.5754,-2.2724,5.0504,0.3746,2.0481,1.1404,van,616,76.1698,-75.1166,0.5299,0.6361,0.8252,0.0666,54.8208,0.8278992813138565,2.9804374127298834,-19.235099999999996,24.433400000000006,2.6625,-4.5674,5.286780590302571,31.096303760575793,0,03_613_616_22488_ego_616,0,22488,22488,22490,vehicle_vehicle,0.27263505511009967,1.638173700601931,2.7119367022350884,14.062367997602678,15.0,3.0,3.5,0.8,0.22860489933507547,0.8229776376062717
3,609,22470,287,75.6864,-65.0428,338.6709,2.2055,5.1926,7.2108,-2.4814,1.5071,2.6695,7.6194,-0.3113,0.4329,-3.0349,car,616,76.1698,-75.1166,0.5299,0.6361,0.8252,0.0666,54.8208,0.8278992813138565,2.9804374127298834,-0.48339999999998895,10.073800000000006,6.680899999999999,-3.1174999999999997,7.372464381738307,10.085391514462891,0,03_613_616_22488_ego_616,0,22488,22488,22490,vehicle_vehicle,0.27263505511009967,1.638173700601931,2.7119367022350884,14.062367997602678,15.0,3.0,3.5,0.8,0.22860489933507547,0.8229776376062717
3,613,22470,188,64.6149,-57.9041,295.4597,2.0341,4.3748,3.8872,-7.1162,3.0225,1.3532,8.0962,-0.4506,0.0775,-3.3107,car,616,76.1698,-75.1166,0.5299,0.6361,0.8252,0.0666,54.8208,0.8278992813138565,2.9804374127298834,-11.55489999999999,17.212500000000006,3.3573,-7.7523,8.448054129798175,20.73127758388276,0,03_613_616_22488_ego_616,1,22488,22488,22490,vehicle_vehicle,0.27263505511009967,1.638173700601931,2.7119367022350884,14.062367997602678,15.0,3.0,3.5,0.8,0.22860489933507547,0.8229776376062717
3,616,22470,26,76.1698,-75.1166,54.8208,1.9987,4.0458,0.5299,0.6361,-0.3801,-0.4698,0.8252,0.0666,-0.603,-0.04,car,616,76.1698,-75.1166,0.5299,0.6361,0.8252,0.0666,54.8208,0.8278992813138565,2.9804374127298834,0.0,0.0,0.0,0.0,0.0,0.0,1,03_613_616_22488_ego_616,1,22488,22488,22490,vehicle_vehicle,0.27263505511009967,1.638173700601931,2.7119367022350884,14.062367997602678,15.0,3.0,3.5,0.8,0.22860489933507547,0.8229776376062717
3,598,22471,616,57.0632,-50.8424,312.7276,2.2462,7.6669,3.2103,-4.0284,0.5679,-2.2347,5.1374,0.3751,2.0269,1.0992,van,616,76.1907,-75.0904,0.5136,0.6165,0.7999,0.0629,54.6979,0.8024071348137428,2.888665685329474,-19.127500000000005,24.248000000000005,2.6967000000000003,-4.644900000000001,5.370967035832561,30.88408587363402,0,03_613_616_22488_ego_616,0,22488,22488,22490,vehicle_vehicle,0.27263505511009967,1.638173700601931,2.7119367022350884,14.062367997602678,15.0,3.0,3.5,0.8,0.22860489933507547,0.8229776376062717
3,609,22471,288,75.9761,-65.1406,339.5421,2.2055,5.1926,7.2733,-2.3741,1.4729,2.7125,7.6444,-0.3178,0.4319,-3.0562,car,616,76.1907,-75.0904,0.5136,0.6165,0.7999,0.0629,54.6979,0.8024071348137428,2.888665685329474,-0.21460000000000434,9.949799999999996,6.7597,-2.9905999999999997,7.391700240810635,9.952114006581713,0,03_613_616_22488_ego_616,0,22488,22488,22490,vehicle_vehicle,0.27263505511009967,1.638173700601931,2.7119367022350884,14.062367997602678,15.0,3.0,3.5,0.8,0.22860489933507547,0.8229776376062717
3,613,22471,189,64.7721,-58.1872,296.3737,2.0341,4.3748,4.0099,-7.0632,3.02,1.4086,8.1093,-0.4548,0.0795,-3.3314,car,616,76.1907,-75.0904,0.5136,0.6165,0.7999,0.0629,54.6979,0.8024071348137428,2.888665685329474,-11.418600000000012,16.903200000000005,3.4963,-7.6797,8.438122171431273,20.398592995596545,0,03_613_616_22488_ego_616,1,22488,22488,22490,vehicle_vehicle,0.27263505511009967,1.638173700601931,2.7119367022350884,14.062367997602678,15.0,3.0,3.5,0.8,0.22860489933507547,0.8229776376062717
3,616,22471,27,76.1907,-75.0904,54.6979,1.9987,4.0458,0.5136,0.6165,-0.4003,-0.4937,0.7999,0.0629,-0.6342,-0.0415,car,616,76.1907,-75.0904,0.5136,0.6165,0.7999,0.0629,54.6979,0.8024071348137428,2.888665685329474,0.0,0.0,0.0,0.0,0.0,0.0,1,03_613_616_22488_ego_616,1,22488,22488,22490,vehicle_vehicle,0.27263505511009967,1.638173700601931,2.7119367022350884,14.062367997602678,15.0,3.0,3.5,0.8,0.22860489933507547,0.8229776376062717
3,598,22472,617,57.193,-51.0054,312.1603,2.2462,7.6669,3.2275,-4.1239,0.5656,-2.1909,5.2232,0.3755,2.0037,1.0513,van,616,76.2109,-75.0653,0.4965,0.5955,0.773,0.0593,54.5681,0.7753273502205376,2.7911784607939354,-19.017899999999997,24.059899999999992,2.731,-4.7194,5.452622979814394,30.66853939169584,0,03_613_616_22488_ego_616,0,22488,22488,22490,vehicle_vehicle,0.27263505511009967,1.638173700601931,2.7119367022350884,14.062367997602678,15.0,3.0,3.5,0.8,0.22860489933507547,0.8229776376062717
3,609,22472,289,76.2688,-65.2343,340.4031,2.2055,5.1926,7.3343,-2.2647,1.4365,2.7547,7.6691,-0.3265,0.4293,-3.077,car,616,76.2109,-75.0653,0.4965,0.5955,0.773,0.0593,54.5681,0.7753273502205376,2.7911784607939354,0.057900000000003615,9.830999999999989,6.8378,-2.8602,7.411899411082155,9.831170500505003,0,03_613_616_22488_ego_616,0,22488,22488,22490,vehicle_vehicle,0.27263505511009967,1.638173700601931,2.7119367022350884,14.062367997602678,15.0,3.0,3.5,0.8,0.22860489933507547,0.8229776376062717
3,613,22472,190,64.9338,-58.4684,297.2832,2.0341,4.3748,4.1328,-7.008,3.0155,1.4652,8.1228,-0.4606,0.0801,-3.3516,car,616,76.2109,-75.0653,0.4965,0.5955,0.773,0.0593,54.5681,0.7753273502205376,2.7911784607939354,-11.27709999999999,16.59689999999999,3.6362999999999994,-7.6035,8.428279180236023,20.06564412173204,0,03_613_616_22488_ego_616,1,22488,22488,22490,vehicle_vehicle,0.27263505511009967,1.638173700601931,2.7119367022350884,14.062367997602678,15.0,3.0,3.5,0.8,0.22860489933507547,0.8229776376062717
3,616,22472,28,76.2109,-75.0653,54.5681,1.9987,4.0458,0.4965,0.5955,-0.4195,-0.5165,0.773,0.0593,-0.664,-0.0424,car,616,76.2109,-75.0653,0.4965,0.5955,0.773,0.0593,54.5681,0.7753273502205376,2.7911784607939354,0.0,0.0,0.0,0.0,0.0,0.0,1,03_613_616_22488_ego_616,1,22488,22488,22490,vehicle_vehicle,0.27263505511009967,1.638173700601931,2.7119367022350884,14.062367997602678,15.0,3.0,3.5,0.8,0.22860489933507547,0.8229776376062717
3,598,22473,618,57.3217,-51.1733,311.6295,2.2462,7.6669,3.245,-4.2171,0.5686,-2.1413,5.3078,0.376,1.9782,0.9975,van,616,76.2305,-75.0407,0.4786,0.5732,0.7446,0.0561,54.4522,0.7467370353745688,2.688253327348448,-18.908800000000006,23.867400000000004,2.7664,-4.7903,5.531721526794349,30.449885060538413,0,03_613_616_22488_ego_616,0,22488,22488,22490,vehicle_vehicle,0.27263505511009967,1.638173700601931,2.7119367022350884,14.062367997602678,15.0,3.0,3.5,0.8,0.22860489933507547,0.8229776376062717
3,609,22473,290,76.5636,-65.3228,341.2715,2.2055,5.1926,7.3937,-2.1535,1.3981,2.796,7.6937,-0.3345,0.4263,-3.0969,car,616,76.2305,-75.0407,0.4786,0.5732,0.7446,0.0561,54.4522,0.7467370353745688,2.688253327348448,0.3330999999999875,9.7179,6.9151,-2.7267,7.433269865947287,9.723607150641165,0,03_613_616_22488_ego_616,0,22488,22488,22490,vehicle_vehicle,0.27263505511009967,1.638173700601931,2.7119367022350884,14.062367997602678,15.0,3.0,3.5,0.8,0.22860489933507547,0.8229776376062717
3,613,22473,191,65.1004,-58.7476,298.218,2.0341,4.3748,4.2561,-6.9506,3.0085,1.5229,8.1369,-0.4638,0.0806,-3.3711,car,616,76.2305,-75.0407,0.4786,0.5732,0.7446,0.0561,54.4522,0.7467370353745688,2.688253327348448,-11.130100000000013,16.293100000000003,3.7775,-7.5238,8.418852219275498,19.731807662249306,0,03_613_616_22488_ego_616,1,22488,22488,22490,vehicle_vehicle,0.27263505511009967,1.638173700601931,2.7119367022350884,14.062367997602678,15.0,3.0,3.5,0.8,0.22860489933507547,0.8229776376062717
3,616,22473,29,76.2305,-75.0407,54.4522,1.9987,4.0458,0.4786,0.5732,-0.4375,-0.5379,0.7446,0.0561,-0.692,-0.0432,car,616,76.2305,-75.0407,0.4786,0.5732,0.7446,0.0561,54.4522,0.7467370353745688,2.688253327348448,0.0,0.0,0.0,0.0,0.0,0.0,1,03_613_616_22488_ego_616,1,22488,22488,22490,vehicle_vehicle,0.27263505511009967,1.638173700601931,2.7119367022350884,14.062367997602678,15.0,3.0,3.5,0.8,0.22860489933507547,0.8229776376062717
3,598,22474,619,57.4503,-51.3446,311.136,2.2462,7.6669,3.2633,-4.3081,0.5765,-2.0862,5.3913,0.3763,1.9504,0.9382,van,616,76.25,-75.0171,0.4597,0.5495,0.7145,0.0533,54.3522,0.7164316715500508,2.579154017580183,-18.7997,23.6725,2.8036000000000003,-4.8576,5.608605060084013,30.229389281624595,0,03_613_616_22488_ego_616,0,22488,22488,22490,vehicle_vehicle,0.27263505511009967,1.638173700601931,2.7119367022350884,14.062367997602678,15.0,3.0,3.5,0.8,0.22860489933507547,0.8229776376062717
3,609,22474,291,76.861,-65.4061,342.1441,2.2055,5.1926,7.4514,-2.041,1.3578,2.8365,7.7182,-0.3421,0.4227,-3.1163,car,616,76.25,-75.0171,0.4597,0.5495,0.7145,0.0533,54.3522,0.7164316715500508,2.579154017580183,0.6110000000000042,9.611000000000004,6.9917,-2.5905,7.456175905918529,9.630401964611865,0,03_613_616_22488_ego_616,0,22488,22488,22490,vehicle_vehicle,0.27263505511009967,1.638173700601931,2.7119367022350884,14.062367997602678,15.0,3.0,3.5,0.8,0.22860489933507547,0.8229776376062717
3,613,22474,192,65.2725,-59.0242,299.17,2.0341,4.3748,4.3793,-6.8909,2.9989,1.5818,8.1514,-0.4652,0.0805,-3.3895,car,616,76.25,-75.0171,0.4597,0.5495,0.7145,0.0533,54.3522,0.7164316715500508,2.579154017580183,-10.977500000000006,15.992899999999999,3.9196,-7.4404,8.409685863336396,19.39789567607786,0,03_613_616_22488_ego_616,1,22488,22488,22490,vehicle_vehicle,0.27263505511009967,1.638173700601931,2.7119367022350884,14.062367997602678,15.0,3.0,3.5,0.8,0.22860489933507547,0.8229776376062717
3,616,22474,30,76.25,-75.0171,54.3522,1.9987,4.0458,0.4597,0.5495,-0.4543,-0.5574,0.7145,0.0533,-0.7177,-0.0443,car,616,76.25,-75.0171,0.4597,0.5495,0.7145,0.0533,54.3522,0.7164316715500508,2.579154017580183,0.0,0.0,0.0,0.0,0.0,0.0,1,03_613_616_22488_ego_616,1,22488,22488,22490,vehicle_vehicle,0.27263505511009967,1.638173700601931,2.7119367022350884,14.062367997602678,15.0,3.0,3.5,0.8,0.22860489933507547,0.8229776376062717
3,598,22475,620,57.5788,-51.5196,310.6703,2.2462,7.6669,3.2829,-4.3964,0.5883,-2.026,5.474,0.3752,1.92,0.8741,van,616,76.2685,-74.9946,0.4399,0.5247,0.6829,0.0504,54.2508,0.6847058492520712,2.4649410573074566,-18.689700000000002,23.47500000000001,2.843,-4.9211,5.683297828725853,30.006341181323666,0,03_613_616_22488_ego_616,0,22488,22488,22490,vehicle_vehicle,0.27263505511009967,1.638173700601931,2.7119367022350884,14.062367997602678,15.0,3.0,3.5,0.8,0.22860489933507547,0.8229776376062717
3,609,22475,292,77.1604,-65.4851,343.0118,2.2055,5.1926,7.5073,-1.927,1.3159,2.8764,7.7427,-0.3505,0.4181,-3.1354,car,616,76.2685,-74.9946,0.4399,0.5247,0.6829,0.0504,54.2508,0.6847058492520712,2.4649410573074566,0.8918999999999926,9.509500000000003,7.0674,-2.4517,7.480573216672637,9.551234258461053,0,03_613_616_22488_ego_616,0,22488,22488,22490,vehicle_vehicle,0.27263505511009967,1.638173700601931,2.7119367022350884,14.062367997602678,15.0,3.0,3.5,0.8,0.22860489933507547,0.8229776376062717
3,613,22475,193,65.4507,-59.2985,300.1212,2.0341,4.3748,4.5018,-6.8289,2.9865,1.6419,8.1659,-0.467,0.0785,-3.4072,car,616,76.2685,-74.9946,0.4399,0.5247,0.6829,0.0504,54.2508,0.6847058492520712,2.4649410573074566,-10.817800000000005,15.696100000000008,4.0619000000000005,-7.3536,8.4008609421892,19.062852673458934,0,03_613_616_22488_ego_616,1,22488,22488,22490,vehicle_vehicle,0.27263505511009967,1.638173700601931,2.7119367022350884,14.062367997602678,15.0,3.0,3.5,0.8,0.22860489933507547,0.8229776376062717
3,616,22475,31,76.2685,-74.9946,54.2508,1.9987,4.0458,0.4399,0.5247,-0.4695,-0.5747,0.6829,0.0504,-0.7407,-0.0453,car,616,76.2685,-74.9946,0.4399,0.5247,0.6829,0.0504,54.2508,0.6847058492520712,2.4649410573074566,0.0,0.0,0.0,0.0,0.0,0.0,1,03_613_616_22488_ego_616,1,22488,22488,22490,vehicle_vehicle,0.27263505511009967,1.638173700601931,2.7119367022350884,14.062367997602678,15.0,3.0,3.5,0.8,0.22860489933507547,0.8229776376062717
3,598,22476,621,57.7082,-51.6981,310.2127,2.2462,7.6669,3.3039,-4.4819,0.6031,-1.9611,5.5557,0.3706,1.887,0.8056,van,616,76.2859,-74.9736,0.4195,0.4991,0.6502,0.0478,54.1593,0.6519824077381229,2.3471366678572423,-18.5777,23.275500000000008,2.8844000000000003,-4.981000000000001,5.755877375344268,29.780527825073893,0,03_613_616_22488_ego_616,0,22488,22488,22490,vehicle_vehicle,0.27263505511009967,1.638173700601931,2.7119367022350884,14.062367997602678,15.0,3.0,3.5,0.8,0.22860489933507547,0.8229776376062717
3,609,22476,293,77.4621,-65.5608,343.8797,2.2055,5.1926,7.5614,-1.811,1.2725,2.9156,7.7669,-0.3596,0.413,-3.1543,car,616,76.2859,-74.9736,0.4195,0.4991,0.6502,0.0478,54.1593,0.6519824077381229,2.3471366678572423,1.1762000000000086,9.412800000000004,7.1419,-2.3101,7.5062172643749125,9.486002861057976,0,03_613_616_22488_ego_616,0,22488,22488,22490,vehicle_vehicle,0.27263505511009967,1.638173700601931,2.7119367022350884,14.062367997602678,15.0,3.0,3.5,0.8,0.22860489933507547,0.8229776376062717
3,613,22476,194,65.6339,-59.5699,301.0644,2.0341,4.3748,4.6236,-6.7646,2.9717,1.7034,8.1803,-0.4699,0.0743,-3.4245,car,616,76.2859,-74.9736,0.4195,0.4991,0.6502,0.0478,54.1593,0.6519824077381229,2.3471366678572423,-10.652000000000001,15.403700000000008,4.2040999999999995,-7.2637,8.392603559087012,18.728029199304455,0,03_613_616_22488_ego_616,1,22488,22488,22490,vehicle_vehicle,0.27263505511009967,1.638173700601931,2.7119367022350884,14.062367997602678,15.0,3.0,3.5,0.8,0.22860489933507547,0.8229776376062717
3,616,22476,32,76.2859,-74.9736,54.1593,1.9987,4.0458,0.4195,0.4991,-0.4832,-0.5893,0.6502,0.0478,-0.7606,-0.0466,car,616,76.2859,-74.9736,0.4195,0.4991,0.6502,0.0478,54.1593,0.6519824077381229,2.3471366678572423,0.0,0.0,0.0,0.0,0.0,0.0,1,03_613_616_22488_ego_616,1,22488,22488,22490,vehicle_vehicle,0.27263505511009967,1.638173700601931,2.7119367022350884,14.062367997602678,15.0,3.0,3.5,0.8,0.22860489933507547,0.8229776376062717
3,598,22477,622,57.8389,-51.8798,309.7669,2.2462,7.6669,3.3263,-4.5644,0.62,-1.892,5.6362,0.363,1.8509,0.7336,van,616,76.3028,-74.9536,0.3982,0.4726,0.6163,0.0453,54.0827,0.617991909332153,2.2247708735957508,-18.463900000000002,23.07379999999999,2.9280999999999997,-5.037,5.826245670240828,29.551917867542873,0,03_613_616_22488_ego_616,0,22488,22488,22490,vehicle_vehicle,0.27263505511009967,1.638173700601931,2.7119367022350884,14.062367997602678,15.0,3.0,3.5,0.8,0.22860489933507547,0.8229776376062717
3,609,22477,294,77.765,-65.6325,344.7468,2.2055,5.1926,7.614,-1.6928,1.2275,2.9535,7.7911,-0.3699,0.4072,-3.1724,car,616,76.3028,-74.9536,0.3982,0.4726,0.6163,0.0453,54.0827,0.617991909332153,2.2247708735957508,1.4621999999999957,9.321100000000001,7.2158,-2.1654,7.533706046827152,9.435090569252635,0,03_613_616_22488_ego_616,0,22488,22488,22490,vehicle_vehicle,0.27263505511009967,1.638173700601931,2.7119367022350884,14.062367997602678,15.0,3.0,3.5,0.8,0.22860489933507547,0.8229776376062717
3,613,22477,195,65.8199,-59.8397,301.9968,2.0341,4.3748,4.7452,-6.6977,2.9543,1.7662,8.1945,-0.4754,0.0675,-3.4414,car,616,76.3028,-74.9536,0.3982,0.4726,0.6163,0.0453,54.0827,0.617991909332153,2.2247708735957508,-10.4829,15.113899999999994,4.3469999999999995,-7.1703,8.385082652544337,18.393508790331435,0,03_613_616_22488_ego_616,1,22488,22488,22490,vehicle_vehicle,0.27263505511009967,1.638173700601931,2.7119367022350884,14.062367997602678,15.0,3.0,3.5,0.8,0.22860489933507547,0.8229776376062717
3,616,22477,33,76.3028,-74.9536,54.0827,1.9987,4.0458,0.3982,0.4726,-0.495,-0.6011,0.6163,0.0453,-0.7772,-0.0483,car,616,76.3028,-74.9536,0.3982,0.4726,0.6163,0.0453,54.0827,0.617991909332153,2.2247708735957508,0.0,0.0,0.0,0.0,0.0,0.0,1,03_613_616_22488_ego_616,1,22488,22488,22490,vehicle_vehicle,0.27263505511009967,1.638173700601931,2.7119367022350884,14.062367997602678,15.0,3.0,3.5,0.8,0.22860489933507547,0.8229776376062717
3,598,22478,623,57.9709,-52.0652,309.337,2.2462,7.6669,3.3499,-4.6437,0.6384,-1.819,5.715,0.3526,1.8115,0.6592,van,616,76.3195,-74.9351,0.3761,0.4456,0.5816,0.0426,54.0272,0.5831042531143124,2.0991753112115243,-18.348600000000005,22.86990000000001,2.9737999999999998,-5.0893,5.8944432247668646,29.320699991132553,0,03_613_616_22488_ego_616,0,22488,22488,22490,vehicle_vehicle,0.27263505511009967,1.638173700601931,2.7119367022350884,14.062367997602678,15.0,3.0,3.5,0.8,0.22860489933507547,0.8229776376062717
3,609,22478,295,78.071,-65.6992,345.6166,2.2055,5.1926,7.6646,-1.5726,1.1809,2.9896,7.815,-0.3806,0.4013,-3.1892,car,616,76.3195,-74.9351,0.3761,0.4456,0.5816,0.0426,54.0272,0.5831042531143124,2.0991753112115243,1.751499999999993,9.2359,7.2885,-2.0182,7.562761631176802,9.40051068080878,0,03_613_616_22488_ego_616,0,22488,22488,22490,vehicle_vehicle,0.27263505511009967,1.638173700601931,2.7119367022350884,14.062367997602678,15.0,3.0,3.5,0.8,0.22860489933507547,0.8229776376062717
3,613,22478,196,66.011,-60.1069,302.9178,2.0341,4.3748,4.8667,-6.628,2.9339,1.8301,8.2086,-0.4835,0.0581,-3.4574,car,616,76.3195,-74.9351,0.3761,0.4456,0.5816,0.0426,54.0272,0.5831042531143124,2.0991753112115243,-10.30850000000001,14.828200000000002,4.4906,-7.0736,8.378621922488207,18.05936564472851,0,03_613_616_22488_ego_616,1,22488,22488,22490,vehicle_vehicle,0.27263505511009967,1.638173700601931,2.7119367022350884,14.062367997602678,15.0,3.0,3.5,0.8,0.22860489933507547,0.8229776376062717
3,616,22478,34,76.3195,-74.9351,54.0272,1.9987,4.0458,0.3761,0.4456,-0.5048,-0.61,0.5816,0.0426,-0.7901,-0.0502,car,616,76.3195,-74.9351,0.3761,0.4456,0.5816,0.0426,54.0272,0.5831042531143124,2.0991753112115243,0.0,0.0,0.0,0.0,0.0,0.0,1,03_613_616_22488_ego_616,1,22488,22488,22490,vehicle_vehicle,0.27263505511009967,1.638173700601931,2.7119367022350884,14.062367997602678,15.0,3.0,3.5,0.8,0.22860489933507547,0.8229776376062717
3,598,22479,624,58.1038,-52.2534,308.9419,2.2462,7.6669,3.375,-4.7197,0.6576,-1.7426,5.7921,0.3414,1.7687,0.5838,van,616,76.3353,-74.9175,0.3531,0.4182,0.5459,0.0397,53.9799,0.5473306587429577,1.9703903714746478,-18.231500000000004,22.664100000000005,3.0219,-5.137899999999999,5.960695934200972,29.086921821670995,0,03_613_616_22488_ego_616,0,22488,22488,22490,vehicle_vehicle,0.27263505511009967,1.638173700601931,2.7119367022350884,14.062367997602678,15.0,3.0,3.5,0.8,0.22860489933507547,0.8229776376062717
3,609,22479,296,78.379,-65.7607,346.4962,2.2055,5.1926,7.7131,-1.4505,1.1329,3.0234,7.8386,-0.3907,0.3956,-3.2043,car,616,76.3353,-74.9175,0.3531,0.4182,0.5459,0.0397,53.9799,0.5473306587429577,1.9703903714746478,2.043700000000001,9.156800000000004,7.359999999999999,-1.8687,7.593526169705349,9.382094431948556,0,03_613_616_22488_ego_616,0,22488,22488,22490,vehicle_vehicle,0.27263505511009967,1.638173700601931,2.7119367022350884,14.062367997602678,15.0,3.0,3.5,0.8,0.22860489933507547,0.8229776376062717
3,613,22479,197,66.2066,-60.3715,303.8427,2.0341,4.3748,4.9878,-6.5553,2.9099,1.8947,8.2224,-0.492,0.0469,-3.4721,car,616,76.3353,-74.9175,0.3531,0.4182,0.5459,0.0397,53.9799,0.5473306587429577,1.9703903714746478,-10.12870000000001,14.546000000000006,4.6347,-6.9735,8.373180180791524,17.725029751456,0,03_613_616_22488_ego_616,1,22488,22488,22490,vehicle_vehicle,0.27263505511009967,1.638173700601931,2.7119367022350884,14.062367997602678,15.0,3.0,3.5,0.8,0.22860489933507547,0.8229776376062717
3,616,22479,35,76.3353,-74.9175,53.9799,1.9987,4.0458,0.3531,0.4182,-0.5119,-0.6159,0.5459,0.0397,-0.7992,-0.0519,car,616,76.3353,-74.9175,0.3531,0.4182,0.5459,0.0397,53.9799,0.5473306587429577,1.9703903714746478,0.0,0.0,0.0,0.0,0.0,0.0,1,03_613_616_22488_ego_616,1,22488,22488,22490,vehicle_vehicle,0.27263505511009967,1.638173700601931,2.7119367022350884,14.062367997602678,15.0,3.0,3.5,0.8,0.22860489933507547,0.8229776376062717
3,598,22480,625,58.2376,-52.4443,308.5736,2.2462,7.6669,3.4015,-4.7922,0.6769,-1.6632,5.8675,0.3288,1.7223,0.5078,van,616,76.3498,-74.9011,0.3295,0.3905,0.5096,0.0365,53.9362,0.5109407989190138,1.8393868761084498,-18.1122,22.4568,3.072,-5.1827000000000005,6.024745910824788,28.850643928342397,0,03_613_616_22488_ego_616,0,22488,22488,22490,vehicle_vehicle,0.27263505511009967,1.638173700601931,2.7119367022350884,14.062367997602678,15.0,3.0,3.5,0.8,0.22860489933507547,0.8229776376062717
3,609,22480,297,78.6888,-65.8169,347.3912,2.2055,5.1926,7.7596,-1.3269,1.0836,3.0546,7.8621,-0.399,0.3907,-3.2174,car,616,76.3498,-74.9011,0.3295,0.3905,0.5096,0.0365,53.9362,0.5109407989190138,1.8393868761084498,2.3389999999999986,9.084199999999996,7.4300999999999995,-1.7174,7.6259982146601635,9.38049095943277,0,03_613_616_22488_ego_616,0,22488,22488,22490,vehicle_vehicle,0.27263505511009967,1.638173700601931,2.7119367022350884,14.062367997602678,15.0,3.0,3.5,0.8,0.22860489933507547,0.8229776376062717
3,613,22480,198,66.4074,-60.6329,304.7609,2.0341,4.3748,5.1085,-6.4798,2.882,1.9597,8.236,-0.5024,0.0332,-3.485,car,616,76.3498,-74.9011,0.3295,0.3905,0.5096,0.0365,53.9362,0.5109407989190138,1.8393868761084498,-9.942400000000006,14.2682,4.779,-6.8703,8.368982201558323,17.39059656826068,0,03_613_616_22488_ego_616,1,22488,22488,22490,vehicle_vehicle,0.27263505511009967,1.638173700601931,2.7119367022350884,14.062367997602678,15.0,3.0,3.5,0.8,0.22860489933507547,0.8229776376062717
3,616,22480,36,76.3498,-74.9011,53.9362,1.9987,4.0458,0.3295,0.3905,-0.5161,-0.6188,0.5096,0.0365,-0.804,-0.053,car,616,76.3498,-74.9011,0.3295,0.3905,0.5096,0.0365,53.9362,0.5109407989190138,1.8393868761084498,0.0,0.0,0.0,0.0,0.0,0.0,1,03_613_616_22488_ego_616,1,22488,22488,22490,vehicle_vehicle,0.27263505511009967,1.638173700601931,2.7119367022350884,14.062367997602678,15.0,3.0,3.5,0.8,0.22860489933507547,0.8229776376062717
3,598,22481,626,58.3729,-52.6383,308.2645,2.2462,7.6669,3.4293,-4.8613,0.6958,-1.581,5.9406,0.318,1.6723,0.4328,van,616,76.363,-74.8856,0.3055,0.3625,0.4729,0.0332,53.892,0.47406381426976685,1.7066297313711607,-17.990099999999998,22.247299999999996,3.1238,-5.2238,6.086560020241318,28.610942929236007,0,03_613_616_22488_ego_616,0,22488,22488,22490,vehicle_vehicle,0.27263505511009967,1.638173700601931,2.7119367022350884,14.062367997602678,15.0,3.0,3.5,0.8,0.22860489933507547,0.8229776376062717
3,609,22481,298,79.0013,-65.8683,348.2923,2.2055,5.1926,7.8036,-1.2016,1.0334,3.0828,7.8851,-0.4069,0.3864,-3.2284,car,616,76.363,-74.8856,0.3055,0.3625,0.4729,0.0332,53.892,0.47406381426976685,1.7066297313711607,2.638300000000001,9.017299999999992,7.4981,-1.5641,7.659498183301567,9.395335341540495,0,03_613_616_22488_ego_616,0,22488,22488,22490,vehicle_vehicle,0.27263505511009967,1.638173700601931,2.7119367022350884,14.062367997602678,15.0,3.0,3.5,0.8,0.22860489933507547,0.8229776376062717
3,613,22481,199,66.6142,-60.8913,305.6869,2.0341,4.3748,5.2279,-6.4013,2.8498,2.0248,8.249,-0.512,0.0179,-3.4958,car,616,76.363,-74.8856,0.3055,0.3625,0.4729,0.0332,53.892,0.47406381426976685,1.7066297313711607,-9.748800000000003,13.994299999999996,4.9224,-6.7638,8.365345910361388,17.055190820685645,0,03_613_616_22488_ego_616,1,22488,22488,22490,vehicle_vehicle,0.27263505511009967,1.638173700601931,2.7119367022350884,14.062367997602678,15.0,3.0,3.5,0.8,0.22860489933507547,0.8229776376062717
3,616,22481,37,76.363,-74.8856,53.892,1.9987,4.0458,0.3055,0.3625,-0.5171,-0.6185,0.4729,0.0332,-0.8044,-0.0533,car,616,76.363,-74.8856,0.3055,0.3625,0.4729,0.0332,53.892,0.47406381426976685,1.7066297313711607,0.0,0.0,0.0,0.0,0.0,0.0,1,03_613_616_22488_ego_616,1,22488,22488,22490,vehicle_vehicle,0.27263505511009967,1.638173700601931,2.7119367022350884,14.062367997602678,15.0,3.0,3.5,0.8,0.22860489933507547,0.8229776376062717
3,598,22482,627,58.5092,-52.8357,307.9707,2.2462,7.6669,3.4584,-4.9264,0.7136,-1.4967,6.0114,0.3046,1.619,0.3583,van,616,76.3751,-74.8711,0.2815,0.3343,0.436,0.03,53.8405,0.43703402613526554,1.573322494086956,-17.865900000000003,22.035399999999996,3.1769000000000003,-5.2607,6.145539691516117,28.36810243865458,0,03_613_616_22488_ego_616,0,22488,22488,22490,vehicle_vehicle,0.27263505511009967,1.638173700601931,2.7119367022350884,14.062367997602678,15.0,3.0,3.5,0.8,0.22860489933507547,0.8229776376062717
3,609,22482,299,79.3152,-65.9142,349.1958,2.2055,5.1926,7.8453,-1.0752,0.9828,3.108,7.9078,-0.4145,0.3827,-3.2371,car,616,76.3751,-74.8711,0.2815,0.3343,0.436,0.03,53.8405,0.43703402613526554,1.573322494086956,2.940100000000001,8.956900000000005,7.5638,-1.4095,7.694008103063058,9.42710165533395,0,03_613_616_22488_ego_616,0,22488,22488,22490,vehicle_vehicle,0.27263505511009967,1.638173700601931,2.7119367022350884,14.062367997602678,15.0,3.0,3.5,0.8,0.22860489933507547,0.8229776376062717
3,613,22482,200,66.8263,-61.1466,306.6422,2.0341,4.3748,5.3458,-6.3199,2.8136,2.0896,8.2614,-0.5175,0.0025,-3.5047,car,616,76.3751,-74.8711,0.2815,0.3343,0.436,0.03,53.8405,0.43703402613526554,1.573322494086956,-9.5488,13.724499999999999,5.064299999999999,-6.6541999999999994,8.36214757882208,16.71949406202233,0,03_613_616_22488_ego_616,1,22488,22488,22490,vehicle_vehicle,0.27263505511009967,1.638173700601931,2.7119367022350884,14.062367997602678,15.0,3.0,3.5,0.8,0.22860489933507547,0.8229776376062717
3,616,22482,38,76.3751,-74.8711,53.8405,1.9987,4.0458,0.2815,0.3343,-0.5147,-0.6148,0.436,0.03,-0.8001,-0.0528,car,616,76.3751,-74.8711,0.2815,0.3343,0.436,0.03,53.8405,0.43703402613526554,1.573322494086956,0.0,0.0,0.0,0.0,0.0,0.0,1,03_613_616_22488_ego_616,1,22488,22488,22490,vehicle_vehicle,0.27263505511009967,1.638173700601931,2.7119367022350884,14.062367997602678,15.0,3.0,3.5,0.8,0.22860489933507547,0.8229776376062717
3,598,22483,628,58.6461,-53.0355,307.6972,2.2462,7.6669,3.489,-4.9874,0.7298,-1.4109,6.0798,0.289,1.5626,0.2853,van,616,76.3856,-74.8576,0.2576,0.306,0.3991,0.0269,53.7665,0.3999921999239485,1.4399719197262146,-17.7395,21.822100000000006,3.2314,-5.2934,6.20177631973292,28.122836070709518,0,03_613_616_22488_ego_616,0,22488,22488,22490,vehicle_vehicle,0.27263505511009967,1.638173700601931,2.7119367022350884,14.062367997602678,15.0,3.0,3.5,0.8,0.22860489933507547,0.8229776376062717
3,609,22483,300,79.6305,-65.9546,350.1069,2.2055,5.1926,7.8846,-0.9477,0.9319,3.1301,7.9302,-0.421,0.3803,-3.2436,car,616,76.3856,-74.8576,0.2576,0.306,0.3991,0.0269,53.7665,0.3999921999239485,1.4399719197262146,3.2449000000000012,8.903000000000006,7.627,-1.2537,7.729352669531905,9.475905498156898,0,03_613_616_22488_ego_616,0,22488,22488,22490,vehicle_vehicle,0.27263505511009967,1.638173700601931,2.7119367022350884,14.062367997602678,15.0,3.0,3.5,0.8,0.22860489933507547,0.8229776376062717
3,613,22483,201,67.0431,-61.3983,307.633,2.0341,4.3748,5.4619,-6.2357,2.7737,2.154,8.2733,-0.518,-0.0122,-3.5118,car,616,76.3856,-74.8576,0.2576,0.306,0.3991,0.0269,53.7665,0.3999921999239485,1.4399719197262146,-9.342500000000001,13.459300000000006,5.2043,-6.5417,8.359340726397027,16.383987998652838,0,03_613_616_22488_ego_616,1,22488,22488,22490,vehicle_vehicle,0.27263505511009967,1.638173700601931,2.7119367022350884,14.062367997602678,15.0,3.0,3.5,0.8,0.22860489933507547,0.8229776376062717
3,616,22483,39,76.3856,-74.8576,53.7665,1.9987,4.0458,0.2576,0.306,-0.509,-0.6076,0.3991,0.0269,-0.791,-0.0514,car,616,76.3856,-74.8576,0.2576,0.306,0.3991,0.0269,53.7665,0.3999921999239485,1.4399719197262146,0.0,0.0,0.0,0.0,0.0,0.0,1,03_613_616_22488_ego_616,1,22488,22488,22490,vehicle_vehicle,0.27263505511009967,1.638173700601931,2.7119367022350884,14.062367997602678,15.0,3.0,3.5,0.8,0.22860489933507547,0.8229776376062717
3,598,22484,629,58.7861,-53.2373,307.4371,2.2462,7.6669,3.5204,-5.0446,0.7438,-1.3241,6.1456,0.2713,1.5035,0.2143,van,616,76.3947,-74.8459,0.2343,0.2781,0.3628,0.0241,53.6913,0.3636428192608786,1.309114149339163,-17.608600000000003,21.608600000000003,3.2861,-5.3227,6.255364777532962,27.87461906322668,0,03_613_616_22488_ego_616,0,22488,22488,22490,vehicle_vehicle,0.27263505511009967,1.638173700601931,2.7119367022350884,14.062367997602678,15.0,3.0,3.5,0.8,0.22860489933507547,0.8229776376062717
3,609,22484,301,79.9474,-65.9902,351.0256,2.2055,5.1926,7.9216,-0.8193,0.8812,3.149,7.9525,-0.4264,0.3791,-3.2479,car,616,76.3947,-74.8459,0.2343,0.2781,0.3628,0.0241,53.6913,0.3636428192608786,1.309114149339163,3.5527000000000015,8.855699999999999,7.6873,-1.0974,7.76523457791199,9.541755592132928,0,03_613_616_22488_ego_616,0,22488,22488,22490,vehicle_vehicle,0.27263505511009967,1.638173700601931,2.7119367022350884,14.062367997602678,15.0,3.0,3.5,0.8,0.22860489933507547,0.8229776376062717
3,613,22484,202,67.2647,-61.6467,308.6444,2.0341,4.3748,5.5761,-6.1486,2.7303,2.2175,8.2845,-0.5154,-0.0269,-3.5173,car,616,76.3947,-74.8459,0.2343,0.2781,0.3628,0.0241,53.6913,0.3636428192608786,1.309114149339163,-9.129999999999995,13.199199999999998,5.3418,-6.4267,8.356871431941501,16.049167599598423,0,03_613_616_22488_ego_616,1,22488,22488,22490,vehicle_vehicle,0.27263505511009967,1.638173700601931,2.7119367022350884,14.062367997602678,15.0,3.0,3.5,0.8,0.22860489933507547,0.8229776376062717
3,616,22484,40,76.3947,-74.8459,53.6913,1.9987,4.0458,0.2343,0.2781,-0.5002,-0.5968,0.3628,0.0241,-0.7771,-0.0497,car,616,76.3947,-74.8459,0.2343,0.2781,0.3628,0.0241,53.6913,0.3636428192608786,1.309114149339163,0.0,0.0,0.0,0.0,0.0,0.0,1,03_613_616_22488_ego_616,1,22488,22488,22490,vehicle_vehicle,0.27263505511009967,1.638173700601931,2.7119367022350884,14.062367997602678,15.0,3.0,3.5,0.8,0.22860489933507547,0.8229776376062717
3,598,22485,630,58.9284,-53.4402,307.1934,2.2462,7.6669,3.552,-5.0983,0.7559,-1.2365,6.2085,0.2525,1.442,0.1454,van,616,76.4033,-74.8359,0.2115,0.2508,0.3274,0.0215,53.6219,0.3280745189739673,1.1810682683062823,-17.474899999999998,21.395699999999998,3.3405,-5.3491,6.306489598818031,27.62513544763174,0,03_613_616_22488_ego_616,0,22488,22488,22490,vehicle_vehicle,0.27263505511009967,1.638173700601931,2.7119367022350884,14.062367997602678,15.0,3.0,3.5,0.8,0.22860489933507547,0.8229776376062717
3,609,22485,302,80.2654,-66.0207,351.9566,2.2055,5.1926,7.9564,-0.6901,0.8308,3.1646,7.9747,-0.43,0.3798,-3.2497,car,616,76.4033,-74.8359,0.2115,0.2508,0.3274,0.0215,53.6219,0.3280745189739673,1.1810682683062823,3.862099999999998,8.81519999999999,7.7449,-0.9409000000000001,7.801843937172802,9.624113852713911,0,03_613_616_22488_ego_616,0,22488,22488,22490,vehicle_vehicle,0.27263505511009967,1.638173700601931,2.7119367022350884,14.062367997602678,15.0,3.0,3.5,0.8,0.22860489933507547,0.8229776376062717
3,613,22485,203,67.4909,-61.8914,309.6626,2.0341,4.3748,5.6882,-6.0588,2.6839,2.28,8.2947,-0.5118,-0.0422,-3.5214,car,616,76.4033,-74.8359,0.2115,0.2508,0.3274,0.0215,53.6219,0.3280745189739673,1.1810682683062823,-8.912400000000005,12.944499999999998,5.4767,-6.3096,8.354956316462701,15.715945851586536,0,03_613_616_22488_ego_616,1,22488,22488,22490,vehicle_vehicle,0.27263505511009967,1.638173700601931,2.7119367022350884,14.062367997602678,15.0,3.0,3.5,0.8,0.22860489933507547,0.8229776376062717
3,616,22485,41,76.4033,-74.8359,53.6219,1.9987,4.0458,0.2115,0.2508,-0.4885,-0.5824,0.3274,0.0215,-0.7586,-0.0479,car,616,76.4033,-74.8359,0.2115,0.2508,0.3274,0.0215,53.6219,0.3280745189739673,1.1810682683062823,0.0,0.0,0.0,0.0,0.0,0.0,1,03_613_616_22488_ego_616,1,22488,22488,22490,vehicle_vehicle,0.27263505511009967,1.638173700601931,2.7119367022350884,14.062367997602678,15.0,3.0,3.5,0.8,0.22860489933507547,0.8229776376062717
3,598,22486,631,59.0716,-53.6453,306.9728,2.2462,7.6669,3.5838,-5.1484,0.7662,-1.1483,6.2686,0.2333,1.3782,0.0785,van,616,76.4109,-74.8269,0.1893,0.2243,0.293,0.0191,53.5609,0.29350465072976273,1.0566167426271458,-17.3393,21.181599999999996,3.3945000000000003,-5.3727,6.355197521714019,27.373554812080943,0,03_613_616_22488_ego_616,0,22488,22488,22490,vehicle_vehicle,0.27263505511009967,1.638173700601931,2.7119367022350884,14.062367997602678,15.0,3.0,3.5,0.8,0.22860489933507547,0.8229776376062717
3,609,22486,303,80.5845,-66.0462,352.8933,2.2055,5.1926,7.9892,-0.5601,0.7809,3.1769,7.9971,-0.4326,0.3818,-3.2491,car,616,76.4109,-74.8269,0.1893,0.2243,0.293,0.0191,53.5609,0.29350465072976273,1.0566167426271458,4.1736000000000075,8.780699999999996,7.7999,-0.7844,7.8392425252699,9.722120625151696,0,03_613_616_22488_ego_616,0,22488,22488,22490,vehicle_vehicle,0.27263505511009967,1.638173700601931,2.7119367022350884,14.062367997602678,15.0,3.0,3.5,0.8,0.22860489933507547,0.8229776376062717
3,613,22486,204,67.7215,-62.1326,310.6699,2.0341,4.3748,5.798,-5.9662,2.6348,2.3413,8.3038,-0.5095,-0.0587,-3.5243,car,616,76.4109,-74.8269,0.1893,0.2243,0.293,0.0191,53.5609,0.29350465072976273,1.0566167426271458,-8.689399999999992,12.694299999999998,5.6087,-6.1905,8.353430788604165,15.383462706751033,0,03_613_616_22488_ego_616,1,22488,22488,22490,vehicle_vehicle,0.27263505511009967,1.638173700601931,2.7119367022350884,14.062367997602678,15.0,3.0,3.5,0.8,0.22860489933507547,0.8229776376062717
3,616,22486,42,76.4109,-74.8269,53.5609,1.9987,4.0458,0.1893,0.2243,-0.4741,-0.5647,0.293,0.0191,-0.7359,-0.046,car,616,76.4109,-74.8269,0.1893,0.2243,0.293,0.0191,53.5609,0.29350465072976273,1.0566167426271458,0.0,0.0,0.0,0.0,0.0,0.0,1,03_613_616_22488_ego_616,1,22488,22488,22490,vehicle_vehicle,0.27263505511009967,1.638173700601931,2.7119367022350884,14.062367997602678,15.0,3.0,3.5,0.8,0.22860489933507547,0.8229776376062717
3,598,22487,632,59.2158,-53.8523,306.776,2.2462,7.6669,3.6159,-5.195,0.775,-1.0594,6.3259,0.2139,1.3126,0.0135,van,616,76.4174,-74.819,0.168,0.1988,0.2598,0.0169,53.5084,0.2602795420312553,0.9370063513125191,-17.2016,20.966700000000003,3.4478999999999997,-5.393800000000001,6.401647666812037,27.12005810189204,0,03_613_616_22488_ego_616,0,22488,22488,22490,vehicle_vehicle,0.27263505511009967,1.638173700601931,2.7119367022350884,14.062367997602678,15.0,3.0,3.5,0.8,0.22860489933507547,0.8229776376062717
3,609,22487,304,80.9042,-66.0657,353.8365,2.2055,5.1926,8.0201,-0.4297,0.7314,3.1858,8.0198,-0.4339,0.3851,-3.246,car,616,76.4174,-74.819,0.168,0.1988,0.2598,0.0169,53.5084,0.2602795420312553,0.9370063513125191,4.486800000000002,8.753299999999996,7.852099999999999,-0.6285000000000001,7.877213127750194,9.836240904430918,0,03_613_616_22488_ego_616,0,22488,22488,22490,vehicle_vehicle,0.27263505511009967,1.638173700601931,2.7119367022350884,14.062367997602678,15.0,3.0,3.5,0.8,0.22860489933507547,0.8229776376062717
3,613,22487,205,67.9571,-62.3699,311.6875,2.0341,4.3748,5.9053,-5.8709,2.5836,2.4011,8.3117,-0.5054,-0.0748,-3.5263,car,616,76.4174,-74.819,0.168,0.1988,0.2598,0.0169,53.5084,0.2602795420312553,0.9370063513125191,-8.460300000000004,12.449100000000001,5.7373,-6.0697,8.352117658414542,15.05180277906936,0,03_613_616_22488_ego_616,1,22488,22488,22490,vehicle_vehicle,0.27263505511009967,1.638173700601931,2.7119367022350884,14.062367997602678,15.0,3.0,3.5,0.8,0.22860489933507547,0.8229776376062717
3,616,22487,43,76.4174,-74.819,53.5084,1.9987,4.0458,0.168,0.1988,-0.4572,-0.544,0.2598,0.0169,-0.7093,-0.0441,car,616,76.4174,-74.819,0.168,0.1988,0.2598,0.0169,53.5084,0.2602795420312553,0.9370063513125191,0.0,0.0,0.0,0.0,0.0,0.0,1,03_613_616_22488_ego_616,1,22488,22488,22490,vehicle_vehicle,0.27263505511009967,1.638173700601931,2.7119367022350884,14.062367997602678,15.0,3.0,3.5,0.8,0.22860489933507547,0.8229776376062717
3,598,22488,633,59.3621,-54.0611,306.6042,2.2462,7.6669,3.648,-5.2379,0.7826,-0.97,6.3801,0.1947,1.2453,-0.0498,van,616,76.4229,-74.8122,0.1478,0.1744,0.2281,0.0149,53.4594,0.22860489933507547,0.8229776376062717,-17.0608,20.7511,3.5002,-5.4123,6.445493877896402,26.864084720124005,0,03_613_616_22488_ego_616,0,22488,22488,22490,vehicle_vehicle,0.27263505511009967,1.638173700601931,2.7119367022350884,14.062367997602678,15.0,3.0,3.5,0.8,0.22860489933507547,0.8229776376062717
3,609,22488,305,81.2259,-66.0804,354.7805,2.2055,5.1926,8.0489,-0.2989,0.6823,3.1914,8.0427,-0.4345,0.3891,-3.2403,car,616,76.4229,-74.8122,0.1478,0.1744,0.2281,0.0149,53.4594,0.22860489933507547,0.8229776376062717,4.802999999999997,8.731800000000007,7.9011,-0.4733,7.915263362643089,9.965597836557528,0,03_613_616_22488_ego_616,0,22488,22488,22490,vehicle_vehicle,0.27263505511009967,1.638173700601931,2.7119367022350884,14.062367997602678,15.0,3.0,3.5,0.8,0.22860489933507547,0.8229776376062717
3,613,22488,206,68.198,-62.604,312.7129,2.0341,4.3748,6.0095,-5.7728,2.531,2.459,8.318,-0.4997,-0.09,-3.5277,car,616,76.4229,-74.8122,0.1478,0.1744,0.2281,0.0149,53.4594,0.22860489933507547,0.8229776376062717,-8.224900000000005,12.208200000000005,5.8617,-5.9472000000000005,8.350372131228644,14.720364372188625,0,03_613_616_22488_ego_616,1,22488,22488,22490,vehicle_vehicle,0.27263505511009967,1.638173700601931,2.7119367022350884,14.062367997602678,15.0,3.0,3.5,0.8,0.22860489933507547,0.8229776376062717
3,616,22488,44,76.4229,-74.8122,53.4594,1.9987,4.0458,0.1478,0.1744,-0.4382,-0.5205,0.2281,0.0149,-0.6791,-0.0422,car,616,76.4229,-74.8122,0.1478,0.1744,0.2281,0.0149,53.4594,0.22860489933507547,0.8229776376062717,0.0,0.0,0.0,0.0,0.0,0.0,1,03_613_616_22488_ego_616,1,22488,22488,22490,vehicle_vehicle,0.27263505511009967,1.638173700601931,2.7119367022350884,14.062367997602678,15.0,3.0,3.5,0.8,0.22860489933507547,0.8229776376062717
3,598,22489,634,59.5094,-54.2716,306.4541,2.2462,7.6669,3.6801,-5.2771,0.7891,-0.88,6.4312,0.1755,1.1767,-0.1118,van,616,76.4274,-74.8063,0.1287,0.1512,0.1981,0.0131,53.3959,0.19855762387780532,0.7148074459600992,-16.918000000000006,20.534699999999994,3.5514,-5.4283,6.486823787494154,26.60625167305609,0,03_613_616_22488_ego_616,0,22488,22488,22490,vehicle_vehicle,0.27263505511009967,1.638173700601931,2.7119367022350884,14.062367997602678,15.0,3.0,3.5,0.8,0.22860489933507547,0.8229776376062717
3,609,22489,306,81.549,-66.0902,355.7264,2.2055,5.1926,8.0755,-0.1678,0.6337,3.1936,8.0655,-0.4345,0.394,-3.232,car,616,76.4274,-74.8063,0.1287,0.1512,0.1981,0.0131,53.3959,0.19855762387780532,0.7148074459600992,5.121600000000001,8.716099999999997,7.9468,-0.319,7.953200062867777,10.109460211603782,0,03_613_616_22488_ego_616,0,22488,22488,22490,vehicle_vehicle,0.27263505511009967,1.638173700601931,2.7119367022350884,14.062367997602678,15.0,3.0,3.5,0.8,0.22860489933507547,0.8229776376062717
3,613,22489,207,68.4431,-62.8343,313.7387,2.0341,4.3748,6.1104,-5.6719,2.4781,2.5146,8.3225,-0.4934,-0.1035,-3.529,car,616,76.4274,-74.8063,0.1287,0.1512,0.1981,0.0131,53.3959,0.19855762387780532,0.7148074459600992,-7.984300000000005,11.971999999999994,5.9817,-5.8231,8.348007456872567,14.390199112243025,0,03_613_616_22488_ego_616,1,22488,22488,22490,vehicle_vehicle,0.27263505511009967,1.638173700601931,2.7119367022350884,14.062367997602678,15.0,3.0,3.5,0.8,0.22860489933507547,0.8229776376062717
3,616,22489,45,76.4274,-74.8063,53.3959,1.9987,4.0458,0.1287,0.1512,-0.4174,-0.4945,0.1981,0.0131,-0.6458,-0.0402,car,616,76.4274,-74.8063,0.1287,0.1512,0.1981,0.0131,53.3959,0.19855762387780532,0.7148074459600992,0.0,0.0,0.0,0.0,0.0,0.0,1,03_613_616_22488_ego_616,1,22488,22488,22490,vehicle_vehicle,0.27263505511009967,1.638173700601931,2.7119367022350884,14.062367997602678,15.0,3.0,3.5,0.8,0.22860489933507547,0.8229776376062717
3,598,22490,635,59.6577,-54.4832,306.33,2.2462,7.6669,3.7123,-5.3129,0.795,-0.7896,6.4794,0.1569,1.1071,-0.1727,van,616,76.4313,-74.8016,0.1107,0.1294,0.17,0.0115,53.3336,0.17029048710952704,0.6130457535942974,-16.773599999999995,20.318399999999997,3.6016,-5.4423,6.526113073644986,26.34750529974327,0,03_613_616_22488_ego_616,0,22488,22488,22490,vehicle_vehicle,0.27263505511009967,1.638173700601931,2.7119367022350884,14.062367997602678,15.0,3.0,3.5,0.8,0.22860489933507547,0.8229776376062717
3,609,22490,307,81.8735,-66.0951,356.6766,2.2055,5.1926,8.0998,-0.0362,0.5861,3.1922,8.0882,-0.4334,0.4,-3.2208,car,616,76.4313,-74.8016,0.1107,0.1294,0.17,0.0115,53.3336,0.17029048710952704,0.6130457535942974,5.442200000000014,8.706499999999991,7.9891000000000005,-0.1656,7.990816114140032,10.267457479337327,0,03_613_616_22488_ego_616,0,22488,22488,22490,vehicle_vehicle,0.27263505511009967,1.638173700601931,2.7119367022350884,14.062367997602678,15.0,3.0,3.5,0.8,0.22860489933507547,0.8229776376062717
3,613,22490,208,68.692,-63.0605,314.7612,2.0341,4.3748,6.2083,-5.5681,2.426,2.5673,8.3252,-0.4874,-0.1146,-3.5304,car,616,76.4313,-74.8016,0.1107,0.1294,0.17,0.0115,53.3336,0.17029048710952704,0.6130457535942974,-7.7393,11.741099999999996,6.097600000000001,-5.697500000000001,8.345192149375592,14.062367997602678,0,03_613_616_22488_ego_616,1,22488,22488,22490,vehicle_vehicle,0.27263505511009967,1.638173700601931,2.7119367022350884,14.062367997602678,15.0,3.0,3.5,0.8,0.22860489933507547,0.8229776376062717
3,616,22490,46,76.4313,-74.8016,53.3336,1.9987,4.0458,0.1107,0.1294,-0.3952,-0.4662,0.17,0.0115,-0.61,-0.0386,car,616,76.4313,-74.8016,0.1107,0.1294,0.17,0.0115,53.3336,0.17029048710952704,0.6130457535942974,0.0,0.0,0.0,0.0,0.0,0.0,1,03_613_616_22488_ego_616,1,22488,22488,22490,vehicle_vehicle,0.27263505511009967,1.638173700601931,2.7119367022350884,14.062367997602678,15.0,3.0,3.5,0.8,0.22860489933507547,0.8229776376062717
3,598,22491,636,59.807,-54.696,306.2361,2.2462,7.6669,3.7446,-5.3451,0.8004,-0.6986,6.5248,0.1392,1.0366,-0.2326,van,616,76.4349,-74.798,0.0939,0.1093,0.1438,0.0099,53.2729,0.144096148456508,0.5187461344434289,-16.627899999999997,20.102000000000004,3.6507,-5.454400000000001,6.563390118681046,26.08787960739623,0,03_613_616_22488_ego_616,0,22488,22488,22490,vehicle_vehicle,0.27263505511009967,1.638173700601931,2.7119367022350884,14.062367997602678,15.0,3.0,3.5,0.8,0.22860489933507547,0.8229776376062717
3,609,22491,308,82.199,-66.0946,357.6178,2.2055,5.1926,8.1217,0.0955,0.5397,3.1868,8.1107,-0.433,0.4067,-3.2065,car,616,76.4349,-74.798,0.0939,0.1093,0.1438,0.0099,53.2729,0.144096148456508,0.5187461344434289,5.764099999999999,8.703400000000002,8.027800000000001,-0.013799999999999993,8.027811861273284,10.439062236139797,0,03_613_616_22488_ego_616,0,22488,22488,22490,vehicle_vehicle,0.27263505511009967,1.638173700601931,2.7119367022350884,14.062367997602678,15.0,3.0,3.5,0.8,0.22860489933507547,0.8229776376062717
3,613,22491,209,68.9444,-63.2822,315.7844,2.0341,4.3748,6.3032,-5.4619,2.3756,2.6167,8.3265,-0.481,-0.1221,-3.5321,car,616,76.4349,-74.798,0.0939,0.1093,0.1438,0.0099,53.2729,0.144096148456508,0.5187461344434289,-7.490499999999997,11.515799999999999,6.209300000000001,-5.5712,8.342282417300437,13.737584936589107,0,03_613_616_22488_ego_616,1,22488,22488,22490,vehicle_vehicle,0.27263505511009967,1.638173700601931,2.7119367022350884,14.062367997602678,15.0,3.0,3.5,0.8,0.22860489933507547,0.8229776376062717
3,616,22491,47,76.4349,-74.798,53.2729,1.9987,4.0458,0.0939,0.1093,-0.3719,-0.4363,0.1438,0.0099,-0.5721,-0.0372,car,616,76.4349,-74.798,0.0939,0.1093,0.1438,0.0099,53.2729,0.144096148456508,0.5187461344434289,0.0,0.0,0.0,0.0,0.0,0.0,1,03_613_616_22488_ego_616,1,22488,22488,22490,vehicle_vehicle,0.27263505511009967,1.638173700601931,2.7119367022350884,14.062367997602678,15.0,3.0,3.5,0.8,0.22860489933507547,0.8229776376062717
3,598,22492,637,59.9569,-54.9104,306.1739,2.2462,7.6669,3.7773,-5.3737,0.8051,-0.6069,6.5673,0.1226,0.9651,-0.2917,van,616,76.4381,-74.7952,0.0782,0.0908,0.1195,0.0082,53.2161,0.11983271673462136,0.4313977802446369,-16.48120000000001,19.88479999999999,3.6991,-5.4645,6.598795424924158,25.827025079942906,0,03_613_616_22488_ego_616,0,22488,22488,22490,vehicle_vehicle,0.27263505511009967,1.638173700601931,2.7119367022350884,14.062367997602678,15.0,3.0,3.5,0.8,0.22860489933507547,0.8229776376062717
3,609,22492,309,82.5246,-66.0891,358.5611,2.2055,5.1926,8.1417,0.2274,0.4948,3.1772,8.1334,-0.4317,0.4149,-3.1887,car,616,76.4381,-74.7952,0.0782,0.0908,0.1195,0.0082,53.2161,0.11983271673462136,0.4313977802446369,6.086500000000001,8.706099999999992,8.0635,0.1366,8.064656955506539,10.62269548937556,0,03_613_616_22488_ego_616,0,22488,22488,22490,vehicle_vehicle,0.27263505511009967,1.638173700601931,2.7119367022350884,14.062367997602678,15.0,3.0,3.5,0.8,0.22860489933507547,0.8229776376062717
3,613,22492,210,69.1992,-63.4994,316.7947,2.0341,4.3748,6.3958,-5.3533,2.3275,2.6623,8.3269,-0.4766,-0.1261,-3.534,car,616,76.4381,-74.7952,0.0782,0.0908,0.1195,0.0082,53.2161,0.11983271673462136,0.4313977802446369,-7.238900000000001,11.295799999999993,6.3176000000000005,-5.4441,8.339681922591533,13.416287521143838,0,03_613_616_22488_ego_616,1,22488,22488,22490,vehicle_vehicle,0.27263505511009967,1.638173700601931,2.7119367022350884,14.062367997602678,15.0,3.0,3.5,0.8,0.22860489933507547,0.8229776376062717
3,616,22492,48,76.4381,-74.7952,53.2161,1.9987,4.0458,0.0782,0.0908,-0.3476,-0.405,0.1195,0.0082,-0.5325,-0.0359,car,616,76.4381,-74.7952,0.0782,0.0908,0.1195,0.0082,53.2161,0.11983271673462136,0.4313977802446369,0.0,0.0,0.0,0.0,0.0,0.0,1,03_613_616_22488_ego_616,1,22488,22488,22490,vehicle_vehicle,0.27263505511009967,1.638173700601931,2.7119367022350884,14.062367997602678,15.0,3.0,3.5,0.8,0.22860489933507547,0.8229776376062717
3,598,22493,638,60.1078,-55.1257,306.1417,2.2462,7.6669,3.8106,-5.3987,0.8089,-0.5146,6.6072,0.1068,0.8926,-0.3498,van,616,76.4409,-74.7932,0.0634,0.0741,0.0973,0.0063,53.1664,0.097521125916388,0.35107605329899677,-16.3331,19.667499999999997,3.7472,-5.472799999999999,6.632725509170419,25.56522465889944,0,03_613_616_22488_ego_616,0,22488,22488,22490,vehicle_vehicle,0.27263505511009967,1.638173700601931,2.7119367022350884,14.062367997602678,15.0,3.0,3.5,0.8,0.22860489933507547,0.8229776376062717
3,609,22493,310,82.8506,-66.0786,359.4991,2.2055,5.1926,8.1599,0.3593,0.4516,3.163,8.1565,-0.4306,0.4239,-3.1669,car,616,76.4409,-74.7932,0.0634,0.0741,0.0973,0.0063,53.1664,0.097521125916388,0.35107605329899677,6.409700000000001,8.714600000000004,8.0965,0.2852,8.101521541661171,10.817971494231259,0,03_613_616_22488_ego_616,0,22488,22488,22490,vehicle_vehicle,0.27263505511009967,1.638173700601931,2.7119367022350884,14.062367997602678,15.0,3.0,3.5,0.8,0.22860489933507547,0.8229776376062717
3,613,22493,211,69.4569,-63.7115,317.7966,2.0341,4.3748,6.4865,-5.2429,2.2818,2.7041,8.3269,-0.4736,-0.1262,-3.5359,car,616,76.4409,-74.7932,0.0634,0.0741,0.0973,0.0063,53.1664,0.097521125916388,0.35107605329899677,-6.983999999999995,11.081699999999998,6.423100000000001,-5.316999999999999,8.338267362587986,13.098867542272496,0,03_613_616_22488_ego_616,1,22488,22488,22490,vehicle_vehicle,0.27263505511009967,1.638173700601931,2.7119367022350884,14.062367997602678,15.0,3.0,3.5,0.8,0.22860489933507547,0.8229776376062717
3,616,22493,49,76.4409,-74.7932,53.1664,1.9987,4.0458,0.0634,0.0741,-0.3224,-0.373,0.0973,0.0063,-0.4919,-0.0345,car,616,76.4409,-74.7932,0.0634,0.0741,0.0973,0.0063,53.1664,0.097521125916388,0.35107605329899677,0.0,0.0,0.0,0.0,0.0,0.0,1,03_613_616_22488_ego_616,1,22488,22488,22490,vehicle_vehicle,0.27263505511009967,1.638173700601931,2.7119367022350884,14.062367997602678,15.0,3.0,3.5,0.8,0.22860489933507547,0.8229776376062717
3,598,22494,639,60.2603,-55.3422,306.1382,2.2462,7.6669,3.8442,-5.4199,0.8116,-0.4215,6.6442,0.0917,0.819,-0.4069,van,616,76.4426,-74.7917,0.0498,0.0591,0.0772,0.0044,53.1446,0.07728421572352275,0.2782231766046819,-16.182299999999998,19.449500000000008,3.7944,-5.479,6.664601440446383,25.301183441491432,0,03_613_616_22488_ego_616,0,22488,22488,22490,vehicle_vehicle,0.27263505511009967,1.638173700601931,2.7119367022350884,14.062367997602678,15.0,3.0,3.5,0.8,0.22860489933507547,0.8229776376062717
3,609,22494,311,83.1776,-66.0627,0.4399,2.2055,5.1926,8.1763,0.491,0.41,3.1438,8.1798,-0.4282,0.4341,-3.1406,car,616,76.4426,-74.7917,0.0498,0.0591,0.0772,0.0044,53.1446,0.07728421572352275,0.2782231766046819,6.734999999999999,8.729,8.1265,0.4319,8.137969025500158,11.02522861440977,0,03_613_616_22488_ego_616,0,22488,22488,22490,vehicle_vehicle,0.27263505511009967,1.638173700601931,2.7119367022350884,14.062367997602678,15.0,3.0,3.5,0.8,0.22860489933507547,0.8229776376062717
3,613,22494,212,69.7175,-63.9182,318.808,2.0341,4.3748,6.5756,-5.1312,2.2384,2.742,8.3275,-0.4694,-0.1214,-3.5376,car,616,76.4426,-74.7917,0.0498,0.0591,0.0772,0.0044,53.1446,0.07728421572352275,0.2782231766046819,-6.725099999999998,10.873500000000007,6.525799999999999,-5.1903,8.338182039869363,12.785146548241054,0,03_613_616_22488_ego_616,1,22488,22488,22490,vehicle_vehicle,0.27263505511009967,1.638173700601931,2.7119367022350884,14.062367997602678,15.0,3.0,3.5,0.8,0.22860489933507547,0.8229776376062717
3,616,22494,50,76.4426,-74.7917,53.1446,1.9987,4.0458,0.0498,0.0591,-0.2965,-0.3407,0.0772,0.0044,-0.4505,-0.0329,car,616,76.4426,-74.7917,0.0498,0.0591,0.0772,0.0044,53.1446,0.07728421572352275,0.2782231766046819,0.0,0.0,0.0,0.0,0.0,0.0,1,03_613_616_22488_ego_616,1,22488,22488,22490,vehicle_vehicle,0.27263505511009967,1.638173700601931,2.7119367022350884,14.062367997602678,15.0,3.0,3.5,0.8,0.22860489933507547,0.8229776376062717
3,598,22495,640,60.4142,-55.5597,306.1699,2.2462,7.6669,3.8782,-5.4373,0.8128,-0.3279,6.6782,0.0782,0.7444,-0.4627,van,616,76.4431,-74.7905,0.0378,0.0458,0.0593,0.0027,53.1232,0.05938417297563384,0.2137830227122818,-16.0289,19.230799999999995,3.8404000000000003,-5.483099999999999,6.694255579973026,25.03496163068759,0,03_613_616_22488_ego_616,0,22488,22488,22490,vehicle_vehicle,0.27263505511009967,1.638173700601931,2.7119367022350884,14.062367997602678,15.0,3.0,3.5,0.8,0.22860489933507547,0.8229776376062717
3,609,22495,312,83.5053,-66.0412,1.3758,2.2055,5.1926,8.1909,0.6223,0.3702,3.1192,8.2034,-0.4254,0.445,-3.1094,car,616,76.4431,-74.7905,0.0378,0.0458,0.0593,0.0027,53.1232,0.05938417297563384,0.2137830227122818,7.062200000000004,8.749299999999991,8.153099999999998,0.5765,8.173456542981064,11.243883640895609,0,03_613_616_22488_ego_616,0,22488,22488,22490,vehicle_vehicle,0.27263505511009967,1.638173700601931,2.7119367022350884,14.062367997602678,15.0,3.0,3.5,0.8,0.22860489933507547,0.8229776376062717
3,613,22495,213,69.9811,-64.1201,319.8293,2.0341,4.3748,6.6635,-5.0183,2.1969,2.7767,8.3289,-0.4638,-0.1124,-3.5389,car,616,76.4431,-74.7905,0.0378,0.0458,0.0593,0.0027,53.1232,0.05938417297563384,0.2137830227122818,-6.462000000000003,10.6704,6.6257,-5.0641,8.339365041776263,12.474569337656513,0,03_613_616_22488_ego_616,1,22488,22488,22490,vehicle_vehicle,0.27263505511009967,1.638173700601931,2.7119367022350884,14.062367997602678,15.0,3.0,3.5,0.8,0.22860489933507547,0.8229776376062717
3,616,22495,51,76.4431,-74.7905,53.1232,1.9987,4.0458,0.0378,0.0458,-0.2702,-0.3086,0.0593,0.0027,-0.409,-0.0309,car,616,76.4431,-74.7905,0.0378,0.0458,0.0593,0.0027,53.1232,0.05938417297563384,0.2137830227122818,0.0,0.0,0.0,0.0,0.0,0.0,1,03_613_616_22488_ego_616,1,22488,22488,22490,vehicle_vehicle,0.27263505511009967,1.638173700601931,2.7119367022350884,14.062367997602678,15.0,3.0,3.5,0.8,0.22860489933507547,0.8229776376062717
3,598,22496,641,60.5693,-55.7781,306.2358,2.2462,7.6669,3.9125,-5.4506,0.8124,-0.2339,6.7092,0.0661,0.6689,-0.517,van,616,76.4436,-74.7899,0.0271,0.0342,0.0436,0.0012,53.1175,0.04363542139134215,0.15708751700883172,-15.874300000000005,19.0118,3.8854,-5.4848,6.721559655318102,24.76776008705673,0,03_613_616_22488_ego_616,0,22488,22488,22490,vehicle_vehicle,0.27263505511009967,1.638173700601931,2.7119367022350884,14.062367997602678,15.0,3.0,3.5,0.8,0.22860489933507547,0.8229776376062717
3,609,22496,313,83.8333,-66.0147,2.3007,2.2055,5.1926,8.2038,0.7529,0.3322,3.089,8.2274,-0.423,0.4559,-3.0731,car,616,76.4436,-74.7899,0.0271,0.0342,0.0436,0.0012,53.1175,0.04363542139134215,0.15708751700883172,7.389699999999991,8.775199999999998,8.176699999999999,0.7187,8.208224691125357,11.472218666413216,0,03_613_616_22488_ego_616,0,22488,22488,22490,vehicle_vehicle,0.27263505511009967,1.638173700601931,2.7119367022350884,14.062367997602678,15.0,3.0,3.5,0.8,0.22860489933507547,0.8229776376062717
3,613,22496,214,70.2471,-64.3172,320.85,2.0341,4.3748,6.7506,-4.9047,2.1566,2.8084,8.3316,-0.4584,-0.1006,-3.5395,car,616,76.4436,-74.7899,0.0271,0.0342,0.0436,0.0012,53.1175,0.04363542139134215,0.15708751700883172,-6.1965,10.472700000000003,6.7235000000000005,-4.9389,8.342552694469482,12.16856842607215,0,03_613_616_22488_ego_616,1,22488,22488,22490,vehicle_vehicle,0.27263505511009967,1.638173700601931,2.7119367022350884,14.062367997602678,15.0,3.0,3.5,0.8,0.22860489933507547,0.8229776376062717
3,616,22496,52,76.4436,-74.7899,53.1175,1.9987,4.0458,0.0271,0.0342,-0.2438,-0.2769,0.0436,0.0012,-0.3678,-0.0288,car,616,76.4436,-74.7899,0.0271,0.0342,0.0436,0.0012,53.1175,0.04363542139134215,0.15708751700883172,0.0,0.0,0.0,0.0,0.0,0.0,1,03_613_616_22488_ego_616,1,22488,22488,22490,vehicle_vehicle,0.27263505511009967,1.638173700601931,2.7119367022350884,14.062367997602678,15.0,3.0,3.5,0.8,0.22860489933507547,0.8229776376062717
3,598,22497,642,60.727,-55.9977,306.3371,2.2462,7.6669,3.9465,-5.4597,0.8104,-0.1399,6.7365,0.0559,0.5929,-0.5699,van,616,76.4434,-74.7894,0.018,0.0241,0.03,-0.0,53.1332,0.03008005984036601,0.10828821542531764,-15.7164,18.7917,3.9285,-5.4838,6.745752344253382,24.49761657488336,0,03_613_616_22488_ego_616,0,22488,22488,22490,vehicle_vehicle,0.27263505511009967,1.638173700601931,2.7119367022350884,14.062367997602678,15.0,3.0,3.5,0.8,0.22860489933507547,0.8229776376062717
3,609,22497,314,84.1625,-65.9835,3.227,2.2055,5.1926,8.2149,0.8829,0.2961,3.0526,8.2516,-0.419,0.4675,-3.031,car,616,76.4434,-74.7894,0.018,0.0241,0.03,-0.0,53.1332,0.03008005984036601,0.10828821542531764,7.719099999999997,8.805899999999994,8.1969,0.8588,8.24176601524212,11.710182732135305,0,03_613_616_22488_ego_616,0,22488,22488,22490,vehicle_vehicle,0.27263505511009967,1.638173700601931,2.7119367022350884,14.062367997602678,15.0,3.0,3.5,0.8,0.22860489933507547,0.8229776376062717
3,613,22497,215,70.5171,-64.5094,321.8811,2.0341,4.3748,6.8368,-4.7905,2.1167,2.838,8.3359,-0.4515,-0.0866,-3.5394,car,616,76.4434,-74.7894,0.018,0.0241,0.03,-0.0,53.1332,0.03008005984036601,0.10828821542531764,-5.926299999999998,10.280000000000001,6.8188,-4.8145999999999995,8.347239459845392,11.865893632171156,0,03_613_616_22488_ego_616,1,22488,22488,22490,vehicle_vehicle,0.27263505511009967,1.638173700601931,2.7119367022350884,14.062367997602678,15.0,3.0,3.5,0.8,0.22860489933507547,0.8229776376062717
3,616,22497,53,76.4434,-74.7894,53.1332,1.9987,4.0458,0.018,0.0241,-0.2178,-0.2461,0.03,-0.0,-0.3276,-0.0266,car,616,76.4434,-74.7894,0.018,0.0241,0.03,-0.0,53.1332,0.03008005984036601,0.10828821542531764,0.0,0.0,0.0,0.0,0.0,0.0,1,03_613_616_22488_ego_616,1,22488,22488,22490,vehicle_vehicle,0.27263505511009967,1.638173700601931,2.7119367022350884,14.062367997602678,15.0,3.0,3.5,0.8,0.22860489933507547,0.8229776376062717
3,598,22498,643,60.886,-56.2173,306.4708,2.2462,7.6669,3.9803,-5.4645,0.8069,-0.0465,6.7603,0.0474,0.517,-0.6212,van,616,76.4429,-74.7893,0.0103,0.0155,0.0185,-0.001,53.1413,0.018610212250267325,0.06699676410096238,-15.556899999999992,18.571999999999996,3.97,-5.48,6.766926924387466,24.226768699312743,0,03_613_616_22488_ego_616,0,22488,22488,22490,vehicle_vehicle,0.27263505511009967,1.638173700601931,2.7119367022350884,14.062367997602678,15.0,3.0,3.5,0.8,0.22860489933507547,0.8229776376062717
3,609,22498,315,84.4926,-65.9468,4.1565,2.2055,5.1926,8.2241,1.0118,0.2625,3.0095,8.2758,-0.413,0.48,-2.9826,car,616,76.4429,-74.7893,0.0103,0.0155,0.0185,-0.001,53.1413,0.018610212250267325,0.06699676410096238,8.049700000000001,8.842500000000001,8.213799999999999,0.9963000000000001,8.274002908508068,11.957737091105493,0,03_613_616_22488_ego_616,0,22488,22488,22490,vehicle_vehicle,0.27263505511009967,1.638173700601931,2.7119367022350884,14.062367997602678,15.0,3.0,3.5,0.8,0.22860489933507547,0.8229776376062717
3,613,22498,216,70.7905,-64.6979,322.9132,2.0341,4.3748,6.9221,-4.6754,2.0766,2.8658,8.3413,-0.4445,-0.0716,-3.5383,car,616,76.4429,-74.7893,0.0103,0.0155,0.0185,-0.001,53.1413,0.018610212250267325,0.06699676410096238,-5.6524,10.091399999999993,6.9118,-4.6909,8.353294083773179,11.56658894056497,0,03_613_616_22488_ego_616,1,22488,22488,22490,vehicle_vehicle,0.27263505511009967,1.638173700601931,2.7119367022350884,14.062367997602678,15.0,3.0,3.5,0.8,0.22860489933507547,0.8229776376062717
3,616,22498,54,76.4429,-74.7893,53.1413,1.9987,4.0458,0.0103,0.0155,-0.1927,-0.2164,0.0185,-0.001,-0.2887,-0.0244,car,616,76.4429,-74.7893,0.0103,0.0155,0.0185,-0.001,53.1413,0.018610212250267325,0.06699676410096238,0.0,0.0,0.0,0.0,0.0,0.0,1,03_613_616_22488_ego_616,1,22488,22488,22490,vehicle_vehicle,0.27263505511009967,1.638173700601931,2.7119367022350884,14.062367997602678,15.0,3.0,3.5,0.8,0.22860489933507547,0.8229776376062717
3,598,22499,644,61.0465,-56.437,306.6352,2.2462,7.6669,4.0137,-5.4652,0.8021,0.0459,6.7806,0.0404,0.4418,-0.671,van,616,76.4424,-74.7896,0.0039,0.0083,0.009,-0.0018,53.1615,0.0091706052144883,0.033014178772157884,-15.395900000000005,18.352599999999995,4.0098,-5.4735000000000005,6.78510856877029,23.9552011799108,0,03_613_616_22488_ego_616,0,22488,22488,22490,vehicle_vehicle,0.27263505511009967,1.638173700601931,2.7119367022350884,14.062367997602678,15.0,3.0,3.5,0.8,0.22860489933507547,0.8229776376062717
3,609,22499,316,84.8227,-65.9049,5.0791,2.2055,5.1926,8.2316,1.1394,0.2318,2.9595,8.3002,-0.4062,0.4929,-2.9274,car,616,76.4424,-74.7896,0.0039,0.0083,0.009,-0.0018,53.1615,0.0091706052144883,0.033014178772157884,8.380299999999991,8.884699999999995,8.2277,1.1311,8.305084858085436,12.213407476212351,0,03_613_616_22488_ego_616,0,22488,22488,22490,vehicle_vehicle,0.27263505511009967,1.638173700601931,2.7119367022350884,14.062367997602678,15.0,3.0,3.5,0.8,0.22860489933507547,0.8229776376062717
3,613,22499,217,71.0677,-64.8819,323.9422,2.0341,4.3748,7.0064,-4.5596,2.0354,2.8923,8.3479,-0.4379,-0.0569,-3.5362,car,616,76.4424,-74.7896,0.0039,0.0083,0.009,-0.0018,53.1615,0.0091706052144883,0.033014178772157884,-5.374700000000004,9.907699999999991,7.0025,-4.5679,8.360664845572988,11.27164226632481,0,03_613_616_22488_ego_616,1,22488,22488,22490,vehicle_vehicle,0.27263505511009967,1.638173700601931,2.7119367022350884,14.062367997602678,15.0,3.0,3.5,0.8,0.22860489933507547,0.8229776376062717
3,616,22499,55,76.4424,-74.7896,53.1615,1.9987,4.0458,0.0039,0.0083,-0.1687,-0.1881,0.009,-0.0018,-0.2517,-0.0222,car,616,76.4424,-74.7896,0.0039,0.0083,0.009,-0.0018,53.1615,0.0091706052144883,0.033014178772157884,0.0,0.0,0.0,0.0,0.0,0.0,1,03_613_616_22488_ego_616,1,22488,22488,22490,vehicle_vehicle,0.27263505511009967,1.638173700601931,2.7119367022350884,14.062367997602678,15.0,3.0,3.5,0.8,0.22860489933507547,0.8229776376062717
3,598,22500,645,61.2085,-56.6568,306.828,2.2462,7.6669,4.0466,-5.4617,0.7964,0.1369,6.7973,0.0348,0.3678,-0.7196,van,616,76.4421,-74.7901,-0.0014,0.0026,0.0013,-0.0027,53.1802,0.00295296461204668,0.010630672603368049,-15.233599999999996,18.1333,4.048,-5.464300000000001,6.8003587030391275,23.68288702523406,0,03_613_616_22488_ego_616,0,22488,22488,22490,vehicle_vehicle,0.27263505511009967,1.638173700601931,2.7119367022350884,14.062367997602678,15.0,3.0,3.5,0.8,0.22860489933507547,0.8229776376062717
3,609,22500,317,85.1533,-65.8576,6.0022,2.2055,5.1926,8.2374,1.2653,0.2042,2.9021,8.3246,-0.397,0.5066,-2.8649,car,616,76.4421,-74.7901,-0.0014,0.0026,0.0013,-0.0027,53.1802,0.00295296461204668,0.010630672603368049,8.711200000000005,8.93249999999999,8.2388,1.2627000000000002,8.335000703659238,12.476961236214526,0,03_613_616_22488_ego_616,0,22488,22488,22490,vehicle_vehicle,0.27263505511009967,1.638173700601931,2.7119367022350884,14.062367997602678,15.0,3.0,3.5,0.8,0.22860489933507547,0.8229776376062717
3,613,22500,218,71.3485,-65.0613,324.9789,2.0341,4.3748,7.0895,-4.4429,1.9929,2.9176,8.3555,-0.43,-0.0423,-3.533,car,616,76.4421,-74.7901,-0.0014,0.0026,0.0013,-0.0027,53.1802,0.00295296461204668,0.010630672603368049,-5.093599999999995,9.728799999999993,7.0909,-4.4455,8.369189510340892,10.98154408086585,0,03_613_616_22488_ego_616,1,22488,22488,22490,vehicle_vehicle,0.27263505511009967,1.638173700601931,2.7119367022350884,14.062367997602678,15.0,3.0,3.5,0.8,0.22860489933507547,0.8229776376062717
3,616,22500,56,76.4421,-74.7901,53.1802,1.9987,4.0458,-0.0014,0.0026,-0.1461,-0.1614,0.0013,-0.0027,-0.2168,-0.0202,car,616,76.4421,-74.7901,-0.0014,0.0026,0.0013,-0.0027,53.1802,0.00295296461204668,0.010630672603368049,0.0,0.0,0.0,0.0,0.0,0.0,1,03_613_616_22488_ego_616,1,22488,22488,22490,vehicle_vehicle,0.27263505511009967,1.638173700601931,2.7119367022350884,14.062367997602678,15.0,3.0,3.5,0.8,0.22860489933507547,0.8229776376062717
3,598,22501,646,61.3715,-56.876,307.0426,2.2462,7.6669,4.079,-5.4542,0.79,0.2261,6.8107,0.0299,0.2954,-0.7668,van,616,76.442,-74.7909,-0.0058,-0.0017,-0.0048,-0.0036,53.1999,0.00604400529450463,0.021758419060216666,-15.070499999999996,17.914899999999996,4.0847999999999995,-5.452500000000001,6.8128809831083945,23.410758472548462,0,03_613_616_22488_ego_616,0,22488,22488,22490,vehicle_vehicle,0.27263505511009967,1.638173700601931,2.7119367022350884,14.062367997602678,15.0,3.0,3.5,0.8,0.22860489933507547,0.8229776376062717
3,609,22501,318,85.4833,-65.805,6.9235,2.2055,5.1926,8.2419,1.3889,0.1803,2.8372,8.3493,-0.3853,0.521,-2.7948,car,616,76.442,-74.7909,-0.0058,-0.0017,-0.0048,-0.0036,53.1999,0.00604400529450463,0.021758419060216666,9.041300000000007,8.985899999999987,8.2477,1.3906,8.36410925622089,12.747215558701432,0,03_613_616_22488_ego_616,0,22488,22488,22490,vehicle_vehicle,0.27263505511009967,1.638173700601931,2.7119367022350884,14.062367997602678,15.0,3.0,3.5,0.8,0.22860489933507547,0.8229776376062717
3,613,22501,219,71.6328,-65.2363,326.0139,2.0341,4.3748,7.1711,-4.3254,1.9485,2.9421,8.364,-0.4221,-0.0289,-3.5287,car,616,76.442,-74.7909,-0.0058,-0.0017,-0.0048,-0.0036,53.1999,0.00604400529450463,0.021758419060216666,-4.80919999999999,9.554599999999994,7.1769,-4.3237000000000005,8.378679806508899,10.696671716005861,0,03_613_616_22488_ego_616,1,22488,22488,22490,vehicle_vehicle,0.27263505511009967,1.638173700601931,2.7119367022350884,14.062367997602678,15.0,3.0,3.5,0.8,0.22860489933507547,0.8229776376062717
3,616,22501,57,76.442,-74.7909,53.1999,1.9987,4.0458,-0.0058,-0.0017,-0.125,-0.1368,-0.0048,-0.0036,-0.1844,-0.0182,car,616,76.442,-74.7909,-0.0058,-0.0017,-0.0048,-0.0036,53.1999,0.00604400529450463,0.021758419060216666,0.0,0.0,0.0,0.0,0.0,0.0,1,03_613_616_22488_ego_616,1,22488,22488,22490,vehicle_vehicle,0.27263505511009967,1.638173700601931,2.7119367022350884,14.062367997602678,15.0,3.0,3.5,0.8,0.22860489933507547,0.8229776376062717
3,598,22502,647,61.5354,-57.0951,307.286,2.2462,7.6669,4.1111,-5.4427,0.7831,0.3131,6.8209,0.0263,0.2253,-0.8127,van,616,76.442,-74.7918,-0.0095,-0.0048,-0.0095,-0.0047,53.2427,0.01064377752492037,0.03831759908971333,-14.90659999999999,17.696699999999993,4.1206000000000005,-5.4379,6.822763426207888,23.138278121977862,0,03_613_616_22488_ego_616,0,22488,22488,22490,vehicle_vehicle,0.27263505511009967,1.638173700601931,2.7119367022350884,14.062367997602678,15.0,3.0,3.5,0.8,0.22860489933507547,0.8229776376062717
3,609,22502,319,85.8125,-65.7469,7.8439,2.2055,5.1926,8.2458,1.5099,0.1598,2.7648,8.3747,-0.3705,0.5357,-2.7171,car,616,76.442,-74.7918,-0.0095,-0.0048,-0.0095,-0.0047,53.2427,0.01064377752492037,0.03831759908971333,9.370500000000007,9.044899999999998,8.255299999999998,1.5147,8.393109923026147,13.023689425811723,0,03_613_616_22488_ego_616,0,22488,22488,22490,vehicle_vehicle,0.27263505511009967,1.638173700601931,2.7119367022350884,14.062367997602678,15.0,3.0,3.5,0.8,0.22860489933507547,0.8229776376062717
3,613,22502,220,71.92,-65.4069,327.0666,2.0341,4.3748,7.2515,-4.2069,1.902,2.9658,8.3734,-0.4115,-0.0161,-3.5232,car,616,76.442,-74.7918,-0.0095,-0.0048,-0.0095,-0.0047,53.2427,0.01064377752492037,0.03831759908971333,-4.521999999999991,9.384900000000002,7.261,-4.2021,8.389264890918632,10.417525234430679,0,03_613_616_22488_ego_616,1,22488,22488,22490,vehicle_vehicle,0.27263505511009967,1.638173700601931,2.7119367022350884,14.062367997602678,15.0,3.0,3.5,0.8,0.22860489933507547,0.8229776376062717
3,616,22502,58,76.442,-74.7918,53.2427,1.9987,4.0458,-0.0095,-0.0048,-0.1052,-0.1144,-0.0095,-0.0047,-0.1546,-0.0159,car,616,76.442,-74.7918,-0.0095,-0.0048,-0.0095,-0.0047,53.2427,0.01064377752492037,0.03831759908971333,0.0,0.0,0.0,0.0,0.0,0.0,1,03_613_616_22488_ego_616,1,22488,22488,22490,vehicle_vehicle,0.27263505511009967,1.638173700601931,2.7119367022350884,14.062367997602678,15.0,3.0,3.5,0.8,0.22860489933507547,0.8229776376062717
3,598,22503,648,61.701,-57.3139,307.5504,2.2462,7.6669,4.1428,-5.4272,0.7757,0.3973,6.8276,0.0232,0.1578,-0.8572,van,616,76.4414,-74.7923,-0.0123,-0.0069,-0.0129,-0.0058,53.2678,0.01410319112825179,0.05077148806170645,-14.740400000000001,17.4784,4.1551,-5.4203,6.829678477058784,22.86424848360427,0,03_613_616_22488_ego_616,0,22488,22488,22490,vehicle_vehicle,0.27263505511009967,1.638173700601931,2.7119367022350884,14.062367997602678,15.0,3.0,3.5,0.8,0.22860489933507547,0.8229776376062717
3,609,22503,320,86.1422,-65.6844,8.7473,2.2055,5.1926,8.2489,1.628,0.1427,2.6848,8.4005,-0.3546,0.5494,-2.6318,car,616,76.4414,-74.7923,-0.0123,-0.0069,-0.0129,-0.0058,53.2678,0.01410319112825179,0.05077148806170645,9.700800000000001,9.1079,8.2612,1.6348999999999998,8.421420512597622,13.306365508657878,0,03_613_616_22488_ego_616,0,22488,22488,22490,vehicle_vehicle,0.27263505511009967,1.638173700601931,2.7119367022350884,14.062367997602678,15.0,3.0,3.5,0.8,0.22860489933507547,0.8229776376062717
3,613,22503,221,72.2109,-65.5733,328.1424,2.0341,4.3748,7.3303,-4.0873,1.8528,2.9886,8.3835,-0.3974,-0.0037,-3.5163,car,616,76.4414,-74.7923,-0.0123,-0.0069,-0.0129,-0.0058,53.2678,0.01410319112825179,0.05077148806170645,-4.230500000000006,9.218999999999994,7.3426,-4.0804,8.400204695124994,10.143327424962676,0,03_613_616_22488_ego_616,1,22488,22488,22490,vehicle_vehicle,0.27263505511009967,1.638173700601931,2.7119367022350884,14.062367997602678,15.0,3.0,3.5,0.8,0.22860489933507547,0.8229776376062717
3,616,22503,59,76.4414,-74.7923,53.2678,1.9987,4.0458,-0.0123,-0.0069,-0.0868,-0.0944,-0.0129,-0.0058,-0.1276,-0.0131,car,616,76.4414,-74.7923,-0.0123,-0.0069,-0.0129,-0.0058,53.2678,0.01410319112825179,0.05077148806170645,0.0,0.0,0.0,0.0,0.0,0.0,1,03_613_616_22488_ego_616,1,22488,22488,22490,vehicle_vehicle,0.27263505511009967,1.638173700601931,2.7119367022350884,14.062367997602678,15.0,3.0,3.5,0.8,0.22860489933507547,0.8229776376062717
3,598,22504,649,61.868,-57.5319,307.8313,2.2462,7.6669,4.1739,-5.4078,0.7682,0.4783,6.8312,0.0202,0.0934,-0.9001,van,616,76.4402,-74.7922,-0.0142,-0.0083,-0.0152,-0.0064,53.2785,0.016447796204963144,0.05921206633786732,-14.572200000000002,17.260299999999994,4.1880999999999995,-5.3995,6.833358022231821,22.589089599406165,0,03_613_616_22488_ego_616,0,22488,22488,22490,vehicle_vehicle,0.27263505511009967,1.638173700601931,2.7119367022350884,14.062367997602678,15.0,3.0,3.5,0.8,0.22860489933507547,0.8229776376062717
3,609,22504,321,86.4723,-65.6168,9.6359,2.2055,5.1926,8.2513,1.7429,0.1289,2.5973,8.4266,-0.3371,0.5618,-2.5391,car,616,76.4402,-74.7922,-0.0142,-0.0083,-0.0152,-0.0064,53.2785,0.016447796204963144,0.05921206633786732,10.0321,9.175399999999996,8.265500000000001,1.7511999999999999,8.448975777572098,13.595256362790659,0,03_613_616_22488_ego_616,0,22488,22488,22490,vehicle_vehicle,0.27263505511009967,1.638173700601931,2.7119367022350884,14.062367997602678,15.0,3.0,3.5,0.8,0.22860489933507547,0.8229776376062717
3,613,22504,222,72.5048,-65.7351,329.2336,2.0341,4.3748,7.4075,-3.9665,1.8008,3.0102,8.394,-0.381,0.0075,-3.5077,car,616,76.4402,-74.7922,-0.0142,-0.0083,-0.0152,-0.0064,53.2785,0.016447796204963144,0.05921206633786732,-3.9354000000000013,9.057099999999991,7.4216999999999995,-3.9581999999999997,8.411241176544635,9.875142205052029,0,03_613_616_22488_ego_616,1,22488,22488,22490,vehicle_vehicle,0.27263505511009967,1.638173700601931,2.7119367022350884,14.062367997602678,15.0,3.0,3.5,0.8,0.22860489933507547,0.8229776376062717
3,616,22504,60,76.4402,-74.7922,53.2785,1.9987,4.0458,-0.0142,-0.0083,-0.0699,-0.0768,-0.0152,-0.0064,-0.1034,-0.0101,car,616,76.4402,-74.7922,-0.0142,-0.0083,-0.0152,-0.0064,53.2785,0.016447796204963144,0.05921206633786732,0.0,0.0,0.0,0.0,0.0,0.0,1,03_613_616_22488_ego_616,1,22488,22488,22490,vehicle_vehicle,0.27263505511009967,1.638173700601931,2.7119367022350884,14.062367997602678,15.0,3.0,3.5,0.8,0.22860489933507547,0.8229776376062717
3,598,22505,650,62.0359,-57.7491,308.1266,2.2462,7.6669,4.2045,-5.3847,0.7607,0.5556,6.8317,0.017,0.0326,-0.9414,van,616,76.4393,-74.7923,-0.0153,-0.0092,-0.0165,-0.0068,53.2895,0.017853010950537165,0.0642708394219338,-14.403400000000005,17.0432,4.2198,-5.3755,6.833938270865489,22.314313742528586,0,03_613_616_22488_ego_616,0,22488,22488,22490,vehicle_vehicle,0.27263505511009967,1.638173700601931,2.7119367022350884,14.062367997602678,15.0,3.0,3.5,0.8,0.22860489933507547,0.8229776376062717
3,609,22505,322,86.8025,-65.5447,10.5002,2.2055,5.1926,8.2532,1.8541,0.1184,2.5025,8.4528,-0.319,0.5724,-2.439,car,616,76.4393,-74.7923,-0.0153,-0.0092,-0.0165,-0.0068,53.2895,0.017853010950537165,0.0642708394219338,10.363199999999992,9.247599999999991,8.2685,1.8633000000000002,8.475846809611415,13.889349156817957,0,03_613_616_22488_ego_616,0,22488,22488,22490,vehicle_vehicle,0.27263505511009967,1.638173700601931,2.7119367022350884,14.062367997602678,15.0,3.0,3.5,0.8,0.22860489933507547,0.8229776376062717
3,613,22505,223,72.8023,-65.8913,330.3285,2.0341,4.3748,7.4827,-3.8449,1.7456,3.0306,8.4049,-0.3634,0.0165,-3.4974,car,616,76.4393,-74.7923,-0.0153,-0.0092,-0.0165,-0.0068,53.2895,0.017853010950537165,0.0642708394219338,-3.6370000000000005,8.900999999999996,7.498,-3.8357,8.422149279726643,9.615381947691935,0,03_613_616_22488_ego_616,1,22488,22488,22490,vehicle_vehicle,0.27263505511009967,1.638173700601931,2.7119367022350884,14.062367997602678,15.0,3.0,3.5,0.8,0.22860489933507547,0.8229776376062717
3,616,22505,61,76.4393,-74.7923,53.2895,1.9987,4.0458,-0.0153,-0.0092,-0.0546,-0.0615,-0.0165,-0.0068,-0.0819,-0.007,car,616,76.4393,-74.7923,-0.0153,-0.0092,-0.0165,-0.0068,53.2895,0.017853010950537165,0.0642708394219338,0.0,0.0,0.0,0.0,0.0,0.0,1,03_613_616_22488_ego_616,1,22488,22488,22490,vehicle_vehicle,0.27263505511009967,1.638173700601931,2.7119367022350884,14.062367997602678,15.0,3.0,3.5,0.8,0.22860489933507547,0.8229776376062717
3,598,22506,651,62.2047,-57.9654,308.432,2.2462,7.6669,4.2349,-5.358,0.7532,0.6286,6.8295,0.0131,-0.0242,-0.9807,van,616,76.4389,-74.7927,-0.0159,-0.0095,-0.0171,-0.0071,53.2963,0.018521878954360974,0.0666787642356995,-14.234200000000001,16.827299999999994,4.2508,-5.3485,6.831965521722134,22.04020133596787,0,03_613_616_22488_ego_616,0,22488,22488,22490,vehicle_vehicle,0.27263505511009967,1.638173700601931,2.7119367022350884,14.062367997602678,15.0,3.0,3.5,0.8,0.22860489933507547,0.8229776376062717
3,609,22506,323,87.1329,-65.4682,11.3356,2.2055,5.1926,8.2545,1.9613,0.1112,2.4005,8.479,-0.3006,0.5808,-2.3318,car,616,76.4389,-74.7927,-0.0159,-0.0095,-0.0171,-0.0071,53.2963,0.018521878954360974,0.0666787642356995,10.694000000000003,9.3245,8.2704,1.9708,8.50197440598359,14.188302796670223,0,03_613_616_22488_ego_616,0,22488,22488,22490,vehicle_vehicle,0.27263505511009967,1.638173700601931,2.7119367022350884,14.062367997602678,15.0,3.0,3.5,0.8,0.22860489933507547,0.8229776376062717
3,613,22506,224,73.1033,-66.0431,331.4073,2.0341,4.3748,7.5556,-3.7222,1.6874,3.0497,8.4155,-0.3477,0.0221,-3.4853,car,616,76.4389,-74.7927,-0.0159,-0.0095,-0.0171,-0.0071,53.2963,0.018521878954360974,0.0666787642356995,-3.3355999999999995,8.749600000000001,7.5715,-3.7127,8.432778518376965,9.363852173117644,0,03_613_616_22488_ego_616,1,22488,22488,22490,vehicle_vehicle,0.27263505511009967,1.638173700601931,2.7119367022350884,14.062367997602678,15.0,3.0,3.5,0.8,0.22860489933507547,0.8229776376062717
3,616,22506,62,76.4389,-74.7927,53.2963,1.9987,4.0458,-0.0159,-0.0095,-0.0409,-0.0484,-0.0171,-0.0071,-0.0632,-0.0039,car,616,76.4389,-74.7927,-0.0159,-0.0095,-0.0171,-0.0071,53.2963,0.018521878954360974,0.0666787642356995,0.0,0.0,0.0,0.0,0.0,0.0,1,03_613_616_22488_ego_616,1,22488,22488,22490,vehicle_vehicle,0.27263505511009967,1.638173700601931,2.7119367022350884,14.062367997602678,15.0,3.0,3.5,0.8,0.22860489933507547,0.8229776376062717
3,598,22507,652,62.3751,-58.1804,308.7491,2.2462,7.6669,4.2647,-5.3278,0.7459,0.6968,6.8245,0.0087,-0.0765,-1.0179,van,616,76.4382,-74.7927,-0.0159,-0.0094,-0.017,-0.0071,53.2961,0.018470787747142784,0.06649483588971403,-14.063099999999991,16.612299999999998,4.280600000000001,-5.3184,6.827072207029892,21.765552896721914,0,03_613_616_22488_ego_616,0,22488,22488,22490,vehicle_vehicle,0.27263505511009967,1.638173700601931,2.7119367022350884,14.062367997602678,15.0,3.0,3.5,0.8,0.22860489933507547,0.8229776376062717
3,609,22507,324,87.4637,-65.3872,12.1509,2.2055,5.1926,8.2554,2.0642,0.1075,2.2914,8.5049,-0.2803,0.5874,-2.2174,car,616,76.4382,-74.7927,-0.0159,-0.0094,-0.017,-0.0071,53.2961,0.018470787747142784,0.06649483588971403,11.025500000000008,9.40549999999999,8.2713,2.0736,8.52726337402569,14.492242079816359,0,03_613_616_22488_ego_616,0,22488,22488,22490,vehicle_vehicle,0.27263505511009967,1.638173700601931,2.7119367022350884,14.062367997602678,15.0,3.0,3.5,0.8,0.22860489933507547,0.8229776376062717
3,613,22507,225,73.4075,-66.1905,332.476,2.0341,4.3748,7.6258,-3.5984,1.6262,3.0672,8.4256,-0.3329,0.0248,-3.4716,car,616,76.4382,-74.7927,-0.0159,-0.0094,-0.017,-0.0071,53.2961,0.018470787747142784,0.06649483588971403,-3.030699999999996,8.602199999999996,7.6417,-3.589,8.442541080148796,9.120470784449667,0,03_613_616_22488_ego_616,1,22488,22488,22490,vehicle_vehicle,0.27263505511009967,1.638173700601931,2.7119367022350884,14.062367997602678,15.0,3.0,3.5,0.8,0.22860489933507547,0.8229776376062717
3,616,22507,63,76.4382,-74.7927,53.2961,1.9987,4.0458,-0.0159,-0.0094,-0.0289,-0.0374,-0.017,-0.0071,-0.0472,-0.0008,car,616,76.4382,-74.7927,-0.0159,-0.0094,-0.017,-0.0071,53.2961,0.018470787747142784,0.06649483588971403,0.0,0.0,0.0,0.0,0.0,0.0,1,03_613_616_22488_ego_616,1,22488,22488,22490,vehicle_vehicle,0.27263505511009967,1.638173700601931,2.7119367022350884,14.062367997602678,15.0,3.0,3.5,0.8,0.22860489933507547,0.8229776376062717
3,598,22508,653,62.5475,-58.3935,309.0802,2.2462,7.6669,4.2939,-5.2947,0.7391,0.7599,6.817,0.0046,-0.1239,-1.0528,van,616,76.4377,-74.7928,-0.0154,-0.009,-0.0165,-0.007,53.2953,0.01783704011320264,0.0642133444075295,-13.890200000000007,16.399299999999997,4.3092999999999995,-5.285699999999999,6.819728072291445,21.491270240030023,0,03_613_616_22488_ego_616,0,22488,22488,22490,vehicle_vehicle,0.27263505511009967,1.638173700601931,2.7119367022350884,14.062367997602678,15.0,3.0,3.5,0.8,0.22860489933507547,0.8229776376062717
3,609,22508,325,87.794,-65.3019,12.9201,2.2055,5.1926,8.2561,2.1625,0.1074,2.1756,8.5306,-0.2617,0.5911,-2.0965,car,616,76.4377,-74.7928,-0.0154,-0.009,-0.0165,-0.007,53.2953,0.01783704011320264,0.0642133444075295,11.35629999999999,9.490899999999996,8.2715,2.1715,8.551790718907942,14.80009231390128,0,03_613_616_22488_ego_616,0,22488,22488,22490,vehicle_vehicle,0.27263505511009967,1.638173700601931,2.7119367022350884,14.062367997602678,15.0,3.0,3.5,0.8,0.22860489933507547,0.8229776376062717
3,613,22508,226,73.7143,-66.3323,333.5201,2.0341,4.3748,7.6935,-3.4738,1.5624,3.0828,8.4353,-0.321,0.024,-3.456,car,616,76.4377,-74.7928,-0.0154,-0.009,-0.0165,-0.007,53.2953,0.01783704011320264,0.0642133444075295,-2.7234000000000123,8.460499999999996,7.7089,-3.4648000000000003,8.451744095155744,8.888023841664692,0,03_613_616_22488_ego_616,1,22488,22488,22490,vehicle_vehicle,0.27263505511009967,1.638173700601931,2.7119367022350884,14.062367997602678,15.0,3.0,3.5,0.8,0.22860489933507547,0.8229776376062717
3,616,22508,64,76.4377,-74.7928,53.2953,1.9987,4.0458,-0.0154,-0.009,-0.0184,-0.0283,-0.0165,-0.007,-0.0337,0.0021,car,616,76.4377,-74.7928,-0.0154,-0.009,-0.0165,-0.007,53.2953,0.01783704011320264,0.0642133444075295,0.0,0.0,0.0,0.0,0.0,0.0,1,03_613_616_22488_ego_616,1,22488,22488,22490,vehicle_vehicle,0.27263505511009967,1.638173700601931,2.7119367022350884,14.062367997602678,15.0,3.0,3.5,0.8,0.22860489933507547,0.8229776376062717
3,598,22509,654,62.7208,-58.6047,309.4249,2.2462,7.6669,4.3223,-5.2591,0.7332,0.8177,6.8074,0.001,-0.166,-1.0857,van,616,76.4374,-74.793,-0.0148,-0.0083,-0.0155,-0.0069,53.2929,0.01696850022836432,0.06108660082211156,-13.7166,16.188300000000005,4.3371,-5.2508,6.810384500892736,21.218062410361608,0,03_613_616_22488_ego_616,0,22488,22488,22490,vehicle_vehicle,0.27263505511009967,1.638173700601931,2.7119367022350884,14.062367997602678,15.0,3.0,3.5,0.8,0.22860489933507547,0.8229776376062717
3,609,22509,326,88.1244,-65.2124,13.6557,2.2055,5.1926,8.2568,2.2555,0.1108,2.0535,8.5559,-0.2424,0.5925,-1.9692,car,616,76.4374,-74.793,-0.0148,-0.0083,-0.0155,-0.0069,53.2929,0.01696850022836432,0.06108660082211156,11.686999999999998,9.580600000000004,8.2716,2.2638000000000003,8.575789001602125,15.11204371883565,0,03_613_616_22488_ego_616,0,22488,22488,22490,vehicle_vehicle,0.27263505511009967,1.638173700601931,2.7119367022350884,14.062367997602678,15.0,3.0,3.5,0.8,0.22860489933507547,0.8229776376062717
3,613,22509,227,74.0242,-66.4687,334.5352,2.0341,4.3748,7.7582,-3.3486,1.4962,3.0965,8.4442,-0.3124,0.0195,-3.439,car,616,76.4374,-74.793,-0.0148,-0.0083,-0.0155,-0.0069,53.2929,0.01696850022836432,0.06108660082211156,-2.4132000000000033,8.324300000000008,7.773000000000001,-3.3402999999999996,8.460327008455407,8.66703552144562,0,03_613_616_22488_ego_616,1,22488,22488,22490,vehicle_vehicle,0.27263505511009967,1.638173700601931,2.7119367022350884,14.062367997602678,15.0,3.0,3.5,0.8,0.22860489933507547,0.8229776376062717
3,616,22509,65,76.4374,-74.793,53.2929,1.9987,4.0458,-0.0148,-0.0083,-0.0095,-0.0211,-0.0155,-0.0069,-0.0226,0.005,car,616,76.4374,-74.793,-0.0148,-0.0083,-0.0155,-0.0069,53.2929,0.01696850022836432,0.06108660082211156,0.0,0.0,0.0,0.0,0.0,0.0,1,03_613_616_22488_ego_616,1,22488,22488,22490,vehicle_vehicle,0.27263505511009967,1.638173700601931,2.7119367022350884,14.062367997602678,15.0,3.0,3.5,0.8,0.22860489933507547,0.8229776376062717
3,598,22510,655,62.8951,-58.8141,309.7769,2.2462,7.6669,4.3502,-5.2212,0.7286,0.8704,6.796,-0.0028,-0.2028,-1.1168,van,616,76.4373,-74.793,-0.0139,-0.0075,-0.0143,-0.0067,53.2822,0.015794302770302967,0.056859489973090684,-13.542199999999994,15.978900000000003,4.3641,-5.213699999999999,6.799120273976626,20.945558623488655,0,03_613_616_22488_ego_616,0,22488,22488,22490,vehicle_vehicle,0.27263505511009967,1.638173700601931,2.7119367022350884,14.062367997602678,15.0,3.0,3.5,0.8,0.22860489933507547,0.8229776376062717
3,609,22510,327,88.4549,-65.119,14.3508,2.2055,5.1926,8.2575,2.3431,0.1179,1.9256,8.5806,-0.2233,0.5915,-1.8363,car,616,76.4373,-74.793,-0.0139,-0.0075,-0.0143,-0.0067,53.2822,0.015794302770302967,0.056859489973090684,12.017600000000002,9.674000000000007,8.2714,2.3506,8.598917276029582,15.427539847947246,0,03_613_616_22488_ego_616,0,22488,22488,22490,vehicle_vehicle,0.27263505511009967,1.638173700601931,2.7119367022350884,14.062367997602678,15.0,3.0,3.5,0.8,0.22860489933507547,0.8229776376062717
3,613,22510,228,74.3372,-66.6006,335.5259,2.0341,4.3748,7.8197,-3.2227,1.428,3.1082,8.4522,-0.3064,0.0121,-3.4206,car,616,76.4373,-74.793,-0.0139,-0.0075,-0.0143,-0.0067,53.2822,0.015794302770302967,0.056859489973090684,-2.1000999999999976,8.192400000000006,7.8336,-3.2152000000000003,8.467750586785135,8.457294944011359,0,03_613_616_22488_ego_616,1,22488,22488,22490,vehicle_vehicle,0.27263505511009967,1.638173700601931,2.7119367022350884,14.062367997602678,15.0,3.0,3.5,0.8,0.22860489933507547,0.8229776376062717
3,616,22510,66,76.4373,-74.793,53.2822,1.9987,4.0458,-0.0139,-0.0075,-0.0019,-0.0156,-0.0143,-0.0067,-0.0137,0.0078,car,616,76.4373,-74.793,-0.0139,-0.0075,-0.0143,-0.0067,53.2822,0.015794302770302967,0.056859489973090684,0.0,0.0,0.0,0.0,0.0,0.0,1,03_613_616_22488_ego_616,1,22488,22488,22490,vehicle_vehicle,0.27263505511009967,1.638173700601931,2.7119367022350884,14.062367997602678,15.0,3.0,3.5,0.8,0.22860489933507547,0.8229776376062717
3,598,22511,656,63.0698,-59.0219,310.1337,2.2462,7.6669,4.3779,-5.1815,0.7254,0.9181,6.7833,-0.0072,-0.2343,-1.1464,van,616,76.4368,-74.7924,-0.0128,-0.0068,-0.0131,-0.0062,53.2853,0.01449413674559475,0.052178892284141104,-13.367000000000004,15.770499999999998,4.390700000000001,-5.1747,6.786439904692298,20.6733006375373,0,03_613_616_22488_ego_616,0,22488,22488,22490,vehicle_vehicle,0.27263505511009967,1.638173700601931,2.7119367022350884,14.062367997602678,15.0,3.0,3.5,0.8,0.22860489933507547,0.8229776376062717
3,609,22511,328,88.785,-65.022,15.0101,2.2055,5.1926,8.2587,2.4249,0.1287,1.7926,8.6049,-0.2032,0.5886,-1.6981,car,616,76.4368,-74.7924,-0.0128,-0.0068,-0.0131,-0.0062,53.2853,0.01449413674559475,0.052178892284141104,12.348199999999991,9.770399999999995,8.2715,2.4317,8.621535660194185,15.74607123697844,0,03_613_616_22488_ego_616,0,22488,22488,22490,vehicle_vehicle,0.27263505511009967,1.638173700601931,2.7119367022350884,14.062367997602678,15.0,3.0,3.5,0.8,0.22860489933507547,0.8229776376062717
3,613,22511,229,74.6523,-66.7266,336.4764,2.0341,4.3748,7.878,-3.0965,1.3585,3.118,8.4592,-0.3052,0.0011,-3.4011,car,616,76.4368,-74.7924,-0.0128,-0.0068,-0.0131,-0.0062,53.2853,0.01449413674559475,0.052178892284141104,-1.7845000000000084,8.065799999999996,7.8908000000000005,-3.0896999999999997,8.474135397195399,8.260845591705486,0,03_613_616_22488_ego_616,1,22488,22488,22490,vehicle_vehicle,0.27263505511009967,1.638173700601931,2.7119367022350884,14.062367997602678,15.0,3.0,3.5,0.8,0.22860489933507547,0.8229776376062717
3,616,22511,67,76.4368,-74.7924,53.2853,1.9987,4.0458,-0.0128,-0.0068,0.0045,-0.0117,-0.0131,-0.0062,-0.0067,0.0106,car,616,76.4368,-74.7924,-0.0128,-0.0068,-0.0131,-0.0062,53.2853,0.01449413674559475,0.052178892284141104,0.0,0.0,0.0,0.0,0.0,0.0,1,03_613_616_22488_ego_616,1,22488,22488,22490,vehicle_vehicle,0.27263505511009967,1.638173700601931,2.7119367022350884,14.062367997602678,15.0,3.0,3.5,0.8,0.22860489933507547,0.8229776376062717
3,598,22512,657,63.2455,-59.2277,310.495,2.2462,7.6669,4.4054,-5.14,0.7237,0.9609,6.7696,-0.0123,-0.2608,-1.1743,van,616,76.4365,-74.792,-0.0115,-0.0062,-0.0118,-0.0055,53.2891,0.013064838307457157,0.047033417906845766,-13.190999999999995,15.564300000000003,4.4169,-5.1338,6.772363549751297,20.402203692003468,0,03_613_616_22488_ego_616,0,22488,22488,22490,vehicle_vehicle,0.27263505511009967,1.638173700601931,2.7119367022350884,14.062367997602678,15.0,3.0,3.5,0.8,0.22860489933507547,0.8229776376062717
3,609,22512,329,89.1151,-64.9216,15.623,2.2055,5.1926,8.2604,2.5005,0.1429,1.6553,8.6287,-0.1835,0.5834,-1.5557,car,616,76.4365,-74.792,-0.0115,-0.0062,-0.0118,-0.0055,53.2891,0.013064838307457157,0.047033417906845766,12.678600000000003,9.870400000000004,8.2719,2.5067000000000004,8.643371709003379,16.067722119827692,0,03_613_616_22488_ego_616,0,22488,22488,22490,vehicle_vehicle,0.27263505511009967,1.638173700601931,2.7119367022350884,14.062367997602678,15.0,3.0,3.5,0.8,0.22860489933507547,0.8229776376062717
3,613,22512,230,74.9695,-66.8474,337.384,2.0341,4.3748,7.9331,-2.9701,1.2879,3.126,8.4652,-0.309,-0.0132,-3.3809,car,616,76.4365,-74.792,-0.0115,-0.0062,-0.0118,-0.0055,53.2891,0.013064838307457157,0.047033417906845766,-1.4669999999999987,7.944600000000008,7.944599999999999,-2.9638999999999998,8.479467693788331,8.078908228219957,0,03_613_616_22488_ego_616,1,22488,22488,22490,vehicle_vehicle,0.27263505511009967,1.638173700601931,2.7119367022350884,14.062367997602678,15.0,3.0,3.5,0.8,0.22860489933507547,0.8229776376062717
3,616,22512,68,76.4365,-74.792,53.2891,1.9987,4.0458,-0.0115,-0.0062,0.0097,-0.0089,-0.0118,-0.0055,-0.0013,0.0131,car,616,76.4365,-74.792,-0.0115,-0.0062,-0.0118,-0.0055,53.2891,0.013064838307457157,0.047033417906845766,0.0,0.0,0.0,0.0,0.0,0.0,1,03_613_616_22488_ego_616,1,22488,22488,22490,vehicle_vehicle,0.27263505511009967,1.638173700601931,2.7119367022350884,14.062367997602678,15.0,3.0,3.5,0.8,0.22860489933507547,0.8229776376062717
3,598,22513,658,63.4222,-59.4316,310.8661,2.2462,7.6669,4.4329,-5.0973,0.7235,0.9992,6.7552,-0.0172,-0.2823,-1.2009,van,616,76.4363,-74.7916,-0.01,-0.0058,-0.0106,-0.0046,53.2918,0.01156027681329474,0.041616996527861064,-13.014100000000006,15.36,4.4429,-5.0915,6.757420562611151,20.131974538281142,0,03_613_616_22488_ego_616,0,22488,22488,22490,vehicle_vehicle,0.27263505511009967,1.638173700601931,2.7119367022350884,14.062367997602678,15.0,3.0,3.5,0.8,0.22860489933507547,0.8229776376062717
3,609,22513,330,89.4454,-64.8184,16.1817,2.2055,5.1926,8.2628,2.5699,0.1604,1.5145,8.6517,-0.1654,0.5761,-1.4097,car,616,76.4363,-74.7916,-0.01,-0.0058,-0.0106,-0.0046,53.2918,0.01156027681329474,0.041616996527861064,13.009100000000004,9.973200000000006,8.2728,2.5757,8.664493656873436,16.39211398965979,0,03_613_616_22488_ego_616,0,22488,22488,22490,vehicle_vehicle,0.27263505511009967,1.638173700601931,2.7119367022350884,14.062367997602678,15.0,3.0,3.5,0.8,0.22860489933507547,0.8229776376062717
3,613,22513,231,75.2884,-66.9631,338.2521,2.0341,4.3748,7.9851,-2.8436,1.2167,3.1324,8.4704,-0.3174,-0.0305,-3.3603,car,616,76.4363,-74.7916,-0.01,-0.0058,-0.0106,-0.0046,53.2918,0.01156027681329474,0.041616996527861064,-1.147900000000007,7.828500000000005,7.9951,-2.8378,8.483792362499214,7.912211237068946,0,03_613_616_22488_ego_616,1,22488,22488,22490,vehicle_vehicle,0.27263505511009967,1.638173700601931,2.7119367022350884,14.062367997602678,15.0,3.0,3.5,0.8,0.22860489933507547,0.8229776376062717
3,616,22513,69,76.4363,-74.7916,53.2918,1.9987,4.0458,-0.01,-0.0058,0.0138,-0.0071,-0.0106,-0.0046,0.0026,0.0153,car,616,76.4363,-74.7916,-0.01,-0.0058,-0.0106,-0.0046,53.2918,0.01156027681329474,0.041616996527861064,0.0,0.0,0.0,0.0,0.0,0.0,1,03_613_616_22488_ego_616,1,22488,22488,22490,vehicle_vehicle,0.27263505511009967,1.638173700601931,2.7119367022350884,14.062367997602678,15.0,3.0,3.5,0.8,0.22860489933507547,0.8229776376062717
3,598,22514,659,63.6008,-59.6339,311.2494,2.2462,7.6669,4.4601,-5.0533,0.7248,1.0334,6.7401,-0.0215,-0.2991,-1.2263,van,616,76.4363,-74.7913,-0.0086,-0.0055,-0.0095,-0.0036,53.2927,0.010208329931972222,0.0367499877551,-12.835500000000003,15.15740000000001,4.4687,-5.0478000000000005,6.741629219261469,19.861944391473873,0,03_613_616_22488_ego_616,0,22488,22488,22490,vehicle_vehicle,0.27263505511009967,1.638173700601931,2.7119367022350884,14.062367997602678,15.0,3.0,3.5,0.8,0.22860489933507547,0.8229776376062717
3,609,22514,331,89.776,-64.7123,16.6965,2.2055,5.1926,8.2659,2.6329,0.1813,1.3708,8.6739,-0.1471,0.5675,-1.2609,car,616,76.4363,-74.7913,-0.0086,-0.0055,-0.0095,-0.0036,53.2927,0.010208329931972222,0.0367499877551,13.339699999999993,10.079000000000008,8.2745,2.6384,8.684958538185429,16.719265447082297,0,03_613_616_22488_ego_616,0,22488,22488,22490,vehicle_vehicle,0.27263505511009967,1.638173700601931,2.7119367022350884,14.062367997602678,15.0,3.0,3.5,0.8,0.22860489933507547,0.8229776376062717
3,613,22514,232,75.6098,-67.0742,339.0885,2.0341,4.3748,8.0339,-2.717,1.1452,3.1375,8.4745,-0.3295,-0.0501,-3.3396,car,616,76.4363,-74.7913,-0.0086,-0.0055,-0.0095,-0.0036,53.2927,0.010208329931972222,0.0367499877551,-0.8264999999999958,7.717100000000002,8.042499999999999,-2.7115,8.487286875085582,7.761232805424665,0,03_613_616_22488_ego_616,1,22488,22488,22490,vehicle_vehicle,0.27263505511009967,1.638173700601931,2.7119367022350884,14.062367997602678,15.0,3.0,3.5,0.8,0.22860489933507547,0.8229776376062717
3,616,22514,70,76.4363,-74.7913,53.2927,1.9987,4.0458,-0.0086,-0.0055,0.017,-0.0059,-0.0095,-0.0036,0.0054,0.0171,car,616,76.4363,-74.7913,-0.0086,-0.0055,-0.0095,-0.0036,53.2927,0.010208329931972222,0.0367499877551,0.0,0.0,0.0,0.0,0.0,0.0,1,03_613_616_22488_ego_616,1,22488,22488,22490,vehicle_vehicle,0.27263505511009967,1.638173700601931,2.7119367022350884,14.062367997602678,15.0,3.0,3.5,0.8,0.22860489933507547,0.8229776376062717
3,598,22515,660,63.7799,-59.8343,311.6443,2.2462,7.6669,4.4874,-5.0084,0.7279,1.0638,6.7246,-0.0253,-0.3113,-1.2508,van,616,76.4366,-74.7912,-0.0073,-0.0052,-0.0086,-0.0027,53.2953,0.008962700485902673,0.032265721749249625,-12.6567,14.956900000000005,4.4947,-5.0032,6.725647800026404,19.59338951024044,0,03_613_616_22488_ego_616,0,22488,22488,22490,vehicle_vehicle,0.27263505511009967,1.638173700601931,2.7119367022350884,14.062367997602678,15.0,3.0,3.5,0.8,0.22860489933507547,0.8229776376062717
3,609,22515,332,90.1063,-64.604,17.1604,2.2055,5.1926,8.2701,2.6893,0.2054,1.2251,8.6954,-0.1296,0.5578,-1.11,car,616,76.4366,-74.7912,-0.0073,-0.0052,-0.0086,-0.0027,53.2953,0.008962700485902673,0.032265721749249625,13.669700000000006,10.187200000000004,8.2774,2.6944999999999997,8.704922803218878,17.048159488050324,0,03_613_616_22488_ego_616,0,22488,22488,22490,vehicle_vehicle,0.27263505511009967,1.638173700601931,2.7119367022350884,14.062367997602678,15.0,3.0,3.5,0.8,0.22860489933507547,0.8229776376062717
3,613,22515,233,75.9325,-67.1804,339.8879,2.0341,4.3748,8.0797,-2.5901,1.0736,3.1412,8.4776,-0.3461,-0.072,-3.3188,car,616,76.4366,-74.7912,-0.0073,-0.0052,-0.0086,-0.0027,53.2953,0.008962700485902673,0.032265721749249625,-0.504099999999994,7.610799999999998,8.087000000000002,-2.5849,8.490069317149302,7.627476217596483,0,03_613_616_22488_ego_616,1,22488,22488,22490,vehicle_vehicle,0.27263505511009967,1.638173700601931,2.7119367022350884,14.062367997602678,15.0,3.0,3.5,0.8,0.22860489933507547,0.8229776376062717
3,616,22515,71,76.4366,-74.7912,53.2953,1.9987,4.0458,-0.0073,-0.0052,0.0194,-0.0053,-0.0086,-0.0027,0.0074,0.0187,car,616,76.4366,-74.7912,-0.0073,-0.0052,-0.0086,-0.0027,53.2953,0.008962700485902673,0.032265721749249625,0.0,0.0,0.0,0.0,0.0,0.0,1,03_613_616_22488_ego_616,1,22488,22488,22490,vehicle_vehicle,0.27263505511009967,1.638173700601931,2.7119367022350884,14.062367997602678,15.0,3.0,3.5,0.8,0.22860489933507547,0.8229776376062717
3,598,22516,661,63.9594,-60.0328,312.0473,2.2462,7.6669,4.515,-4.9626,0.7326,1.0907,6.7091,-0.0291,-0.3193,-1.2745,van,616,76.4371,-74.7915,-0.0062,-0.005,-0.0077,-0.002,53.306,0.00796492310069595,0.02867372316250542,-12.477699999999999,14.758699999999997,4.521199999999999,-4.9576,6.709623476768275,19.326464316578964,0,03_613_616_22488_ego_616,0,22488,22488,22490,vehicle_vehicle,0.27263505511009967,1.638173700601931,2.7119367022350884,14.062367997602678,15.0,3.0,3.5,0.8,0.22860489933507547,0.8229776376062717
3,609,22516,333,90.4365,-64.4936,17.579,2.2055,5.1926,8.2755,2.7392,0.2325,1.0782,8.7163,-0.1119,0.5473,-0.9576,car,616,76.4371,-74.7915,-0.0062,-0.005,-0.0077,-0.002,53.306,0.00796492310069595,0.02867372316250542,13.999399999999994,10.297899999999998,8.281699999999999,2.7441999999999998,8.724516521274975,17.379008739568544,0,03_613_616_22488_ego_616,0,22488,22488,22490,vehicle_vehicle,0.27263505511009967,1.638173700601931,2.7119367022350884,14.062367997602678,15.0,3.0,3.5,0.8,0.22860489933507547,0.8229776376062717
3,613,22516,234,76.2572,-67.281,340.6662,2.0341,4.3748,8.1224,-2.4633,1.0022,3.1436,8.4798,-0.3647,-0.0951,-3.2981,car,616,76.4371,-74.7915,-0.0062,-0.005,-0.0077,-0.002,53.306,0.00796492310069595,0.02867372316250542,-0.1799000000000035,7.510499999999993,8.1286,-2.4583,8.492195054872445,7.512654275287789,0,03_613_616_22488_ego_616,1,22488,22488,22490,vehicle_vehicle,0.27263505511009967,1.638173700601931,2.7119367022350884,14.062367997602678,15.0,3.0,3.5,0.8,0.22860489933507547,0.8229776376062717
3,616,22516,72,76.4371,-74.7915,53.306,1.9987,4.0458,-0.0062,-0.005,0.0213,-0.0051,-0.0077,-0.002,0.0087,0.0201,car,616,76.4371,-74.7915,-0.0062,-0.005,-0.0077,-0.002,53.306,0.00796492310069595,0.02867372316250542,0.0,0.0,0.0,0.0,0.0,0.0,1,03_613_616_22488_ego_616,1,22488,22488,22490,vehicle_vehicle,0.27263505511009967,1.638173700601931,2.7119367022350884,14.062367997602678,15.0,3.0,3.5,0.8,0.22860489933507547,0.8229776376062717
3,598,22517,662,64.1399,-60.2293,312.4605,2.2462,7.6669,4.543,-4.9162,0.7387,1.1146,6.6938,-0.0327,-0.3236,-1.2975,van,616,76.4369,-74.7914,-0.0051,-0.0048,-0.0069,-0.0012,53.3096,0.0070035705179572515,0.025212853864646105,-12.296999999999997,14.562099999999994,4.5481,-4.9113999999999995,6.693807852784541,19.0596685545683,0,03_613_616_22488_ego_616,0,22488,22488,22490,vehicle_vehicle,0.27263505511009967,1.638173700601931,2.7119367022350884,14.062367997602678,15.0,3.0,3.5,0.8,0.22860489933507547,0.8229776376062717
3,609,22517,334,90.7672,-64.3813,17.9437,2.2055,5.1926,8.2822,2.7825,0.2622,0.9308,8.7366,-0.0956,0.5362,-0.8047,car,616,76.4369,-74.7914,-0.0051,-0.0048,-0.0069,-0.0012,53.3096,0.0070035705179572515,0.025212853864646105,14.330300000000008,10.4101,8.2873,2.7873,8.743476572851328,17.712359529435943,0,03_613_616_22488_ego_616,0,22488,22488,22490,vehicle_vehicle,0.27263505511009967,1.638173700601931,2.7119367022350884,14.062367997602678,15.0,3.0,3.5,0.8,0.22860489933507547,0.8229776376062717
3,613,22517,235,76.5841,-67.3759,341.438,2.0341,4.3748,8.1617,-2.3368,0.9313,3.145,8.481,-0.3829,-0.1183,-3.2778,car,616,76.4369,-74.7914,-0.0051,-0.0048,-0.0069,-0.0012,53.3096,0.0070035705179572515,0.025212853864646105,0.1472000000000122,7.415499999999994,8.1668,-2.3320000000000003,8.49322354821772,7.416960839184735,0,03_613_616_22488_ego_616,1,22488,22488,22490,vehicle_vehicle,0.27263505511009967,1.638173700601931,2.7119367022350884,14.062367997602678,15.0,3.0,3.5,0.8,0.22860489933507547,0.8229776376062717
3,616,22517,73,76.4369,-74.7914,53.3096,1.9987,4.0458,-0.0051,-0.0048,0.023,-0.0053,-0.0069,-0.0012,0.0095,0.0216,car,616,76.4369,-74.7914,-0.0051,-0.0048,-0.0069,-0.0012,53.3096,0.0070035705179572515,0.025212853864646105,0.0,0.0,0.0,0.0,0.0,0.0,1,03_613_616_22488_ego_616,1,22488,22488,22490,vehicle_vehicle,0.27263505511009967,1.638173700601931,2.7119367022350884,14.062367997602678,15.0,3.0,3.5,0.8,0.22860489933507547,0.8229776376062717
3,598,22518,663,64.3212,-60.4241,312.8795,2.2462,7.6669,4.5717,-4.8692,0.7459,1.136,6.679,-0.0368,-0.3249,-1.3196,van,616,76.4372,-74.7915,-0.0041,-0.0047,-0.0062,-0.0004,53.2974,0.006236986451805071,0.022453151226498255,-12.116,14.367399999999996,4.5758,-4.8645000000000005,6.678420912910477,18.794138414942033,0,03_613_616_22488_ego_616,0,22488,22488,22490,vehicle_vehicle,0.27263505511009967,1.638173700601931,2.7119367022350884,14.062367997602678,15.0,3.0,3.5,0.8,0.22860489933507547,0.8229776376062717
3,609,22518,335,91.0976,-64.2678,18.2591,2.2055,5.1926,8.2905,2.8193,0.2943,0.7835,8.7564,-0.0798,0.525,-0.6518,car,616,76.4372,-74.7915,-0.0041,-0.0047,-0.0062,-0.0004,53.2974,0.006236986451805071,0.022453151226498255,14.660399999999996,10.523700000000005,8.294599999999999,2.8240000000000003,8.762155280523166,18.046484140962193,0,03_613_616_22488_ego_616,0,22488,22488,22490,vehicle_vehicle,0.27263505511009967,1.638173700601931,2.7119367022350884,14.062367997602678,15.0,3.0,3.5,0.8,0.22860489933507547,0.8229776376062717
3,613,22518,236,76.9128,-67.4654,342.205,2.0341,4.3748,8.1976,-2.2108,0.8614,3.146,8.481,-0.4003,-0.1412,-3.2587,car,616,76.4372,-74.7915,-0.0041,-0.0047,-0.0062,-0.0004,53.2974,0.006236986451805071,0.022453151226498255,0.4756,7.326099999999997,8.201699999999999,-2.2060999999999997,8.49321847711455,7.3415214070381865,0,03_613_616_22488_ego_616,1,22488,22488,22490,vehicle_vehicle,0.27263505511009967,1.638173700601931,2.7119367022350884,14.062367997602678,15.0,3.0,3.5,0.8,0.22860489933507547,0.8229776376062717
3,616,22518,74,76.4372,-74.7915,53.2974,1.9987,4.0458,-0.0041,-0.0047,0.0245,-0.0059,-0.0062,-0.0004,0.0099,0.0231,car,616,76.4372,-74.7915,-0.0041,-0.0047,-0.0062,-0.0004,53.2974,0.006236986451805071,0.022453151226498255,0.0,0.0,0.0,0.0,0.0,0.0,1,03_613_616_22488_ego_616,1,22488,22488,22490,vehicle_vehicle,0.27263505511009967,1.638173700601931,2.7119367022350884,14.062367997602678,15.0,3.0,3.5,0.8,0.22860489933507547,0.8229776376062717
3,598,22519,664,64.5037,-60.617,313.3029,2.2462,7.6669,4.6011,-4.8218,0.7537,1.1552,6.6647,-0.0413,-0.3237,-1.3408,van,616,76.437,-74.7914,-0.003,-0.0048,-0.0056,0.0005,53.2918,0.005660388679233962,0.020377399245242265,-11.933300000000003,14.174399999999999,4.6041,-4.816999999999999,6.663424480700595,18.528822527349114,0,03_613_616_22488_ego_616,0,22488,22488,22490,vehicle_vehicle,0.27263505511009967,1.638173700601931,2.7119367022350884,14.062367997602678,15.0,3.0,3.5,0.8,0.22860489933507547,0.8229776376062717
3,609,22519,336,91.4288,-64.1528,18.5347,2.2055,5.1926,8.3004,2.8495,0.3285,0.637,8.7757,-0.0632,0.5139,-0.4995,car,616,76.437,-74.7914,-0.003,-0.0048,-0.0056,0.0005,53.2918,0.005660388679233962,0.020377399245242265,14.991799999999998,10.638599999999997,8.3034,2.8543,8.780289291931103,18.38297791980396,0,03_613_616_22488_ego_616,0,22488,22488,22490,vehicle_vehicle,0.27263505511009967,1.638173700601931,2.7119367022350884,14.062367997602678,15.0,3.0,3.5,0.8,0.22860489933507547,0.8229776376062717
3,613,22519,237,77.2425,-67.5503,342.9792,2.0341,4.3748,8.2302,-2.0852,0.7932,3.147,8.4801,-0.4153,-0.1627,-3.2413,car,616,76.437,-74.7914,-0.003,-0.0048,-0.0056,0.0005,53.2918,0.005660388679233962,0.020377399245242265,0.8055000000000092,7.241100000000003,8.2332,-2.0804,8.491975412117018,7.285764164451115,0,03_613_616_22488_ego_616,1,22488,22488,22490,vehicle_vehicle,0.27263505511009967,1.638173700601931,2.7119367022350884,14.062367997602678,15.0,3.0,3.5,0.8,0.22860489933507547,0.8229776376062717
3,616,22519,75,76.437,-74.7914,53.2918,1.9987,4.0458,-0.003,-0.0048,0.0258,-0.0067,-0.0056,0.0005,0.0101,0.0247,car,616,76.437,-74.7914,-0.003,-0.0048,-0.0056,0.0005,53.2918,0.005660388679233962,0.020377399245242265,0.0,0.0,0.0,0.0,0.0,0.0,1,03_613_616_22488_ego_616,1,22488,22488,22490,vehicle_vehicle,0.27263505511009967,1.638173700601931,2.7119367022350884,14.062367997602678,15.0,3.0,3.5,0.8,0.22860489933507547,0.8229776376062717
3,598,22520,665,64.687,-60.8079,313.7393,2.2462,7.6669,4.6313,-4.774,0.7618,1.1726,6.6511,-0.0454,-0.3205,-1.3611,van,616,76.4363,-74.7912,-0.0016,-0.005,-0.0049,0.0017,53.2973,0.005249761899362675,0.01889914283770563,-11.749300000000005,13.983300000000007,4.6329,-4.769,6.648843764896269,18.26413779459628,0,03_613_616_22488_ego_616,0,22488,22488,22490,vehicle_vehicle,0.27263505511009967,1.638173700601931,2.7119367022350884,14.062367997602678,15.0,3.0,3.5,0.8,0.22860489933507547,0.8229776376062717
3,609,22520,337,91.7604,-64.0369,18.7669,2.2055,5.1926,8.3119,2.8734,0.3644,0.4919,8.7945,-0.0465,0.5033,-0.3485,car,616,76.4363,-74.7912,-0.0016,-0.005,-0.0049,0.0017,53.2973,0.005249761899362675,0.01889914283770563,15.324100000000001,10.7543,8.3135,2.8784,8.797696790069546,18.721191449798276,0,03_613_616_22488_ego_616,0,22488,22488,22490,vehicle_vehicle,0.27263505511009967,1.638173700601931,2.7119367022350884,14.062367997602678,15.0,3.0,3.5,0.8,0.22860489933507547,0.8229776376062717
3,613,22520,238,77.5727,-67.631,343.7446,2.0341,4.3748,8.26,-1.9596,0.7269,3.1482,8.4783,-0.4308,-0.1834,-3.2258,car,616,76.4363,-74.7912,-0.0016,-0.005,-0.0049,0.0017,53.2973,0.005249761899362675,0.01889914283770563,1.1363999999999947,7.160200000000003,8.2616,-1.9546000000000001,8.489669941758631,7.249818549453499,0,03_613_616_22488_ego_616,1,22488,22488,22490,vehicle_vehicle,0.27263505511009967,1.638173700601931,2.7119367022350884,14.062367997602678,15.0,3.0,3.5,0.8,0.22860489933507547,0.8229776376062717
3,616,22520,76,76.4363,-74.7912,53.2973,1.9987,4.0458,-0.0016,-0.005,0.0269,-0.0076,-0.0049,0.0017,0.01,0.0261,car,616,76.4363,-74.7912,-0.0016,-0.005,-0.0049,0.0017,53.2973,0.005249761899362675,0.01889914283770563,0.0,0.0,0.0,0.0,0.0,0.0,1,03_613_616_22488_ego_616,1,22488,22488,22490,vehicle_vehicle,0.27263505511009967,1.638173700601931,2.7119367022350884,14.062367997602678,15.0,3.0,3.5,0.8,0.22860489933507547,0.8229776376062717
3,598,22521,666,64.8718,-60.9972,314.1864,2.2462,7.6669,4.6622,-4.7258,0.7696,1.1885,6.6383,-0.0493,-0.3159,-1.3802,van,616,76.4359,-74.7909,0.0,-0.0055,-0.0044,0.0033,53.2961,0.0055,0.019799999999999998,-11.56410000000001,13.793699999999994,4.6622,-4.7203,6.634556573728195,17.999849124367685,0,03_613_616_22488_ego_616,0,22488,22488,22490,vehicle_vehicle,0.27263505511009967,1.638173700601931,2.7119367022350884,14.062367997602678,15.0,3.0,3.5,0.8,0.22860489933507547,0.8229776376062717
3,609,22521,338,92.0926,-63.9208,18.9451,2.2055,5.1926,8.3251,2.8911,0.4018,0.3485,8.8128,-0.0316,0.4932,-0.1992,car,616,76.4359,-74.7909,0.0,-0.0055,-0.0044,0.0033,53.2961,0.0055,0.019799999999999998,15.6567,10.870099999999994,8.3251,2.8966,8.814623166647568,19.060202750757924,0,03_613_616_22488_ego_616,0,22488,22488,22490,vehicle_vehicle,0.27263505511009967,1.638173700601931,2.7119367022350884,14.062367997602678,15.0,3.0,3.5,0.8,0.22860489933507547,0.8229776376062717
3,613,22521,239,77.9039,-67.707,344.5066,2.0341,4.3748,8.287,-1.834,0.6625,3.1498,8.4758,-0.4464,-0.203,-3.2123,car,616,76.4359,-74.7909,0.0,-0.0055,-0.0044,0.0033,53.2961,0.0055,0.019799999999999998,1.4679999999999893,7.0839,8.287,-1.8285,8.486329079761166,7.234408283335961,0,03_613_616_22488_ego_616,1,22488,22488,22490,vehicle_vehicle,0.27263505511009967,1.638173700601931,2.7119367022350884,14.062367997602678,15.0,3.0,3.5,0.8,0.22860489933507547,0.8229776376062717
3,616,22521,77,76.4359,-74.7909,53.2961,1.9987,4.0458,0.0,-0.0055,0.0276,-0.0085,-0.0044,0.0033,0.0097,0.0272,car,616,76.4359,-74.7909,0.0,-0.0055,-0.0044,0.0033,53.2961,0.0055,0.019799999999999998,0.0,0.0,0.0,0.0,0.0,0.0,1,03_613_616_22488_ego_616,1,22488,22488,22490,vehicle_vehicle,0.27263505511009967,1.638173700601931,2.7119367022350884,14.062367997602678,15.0,3.0,3.5,0.8,0.22860489933507547,0.8229776376062717
3,598,22522,667,65.0583,-61.185,314.6433,2.2462,7.6669,4.6938,-4.6771,0.7767,1.2032,6.626,-0.0531,-0.3103,-1.3981,van,616,76.4356,-74.7906,0.0018,-0.0062,-0.0039,0.0051,53.2946,0.006456004956627589,0.023241617843859322,-11.377299999999991,13.605599999999995,4.692,-4.6709000000000005,6.620586893168913,17.73570710882427,0,03_613_616_22488_ego_616,0,22488,22488,22490,vehicle_vehicle,0.27263505511009967,1.638173700601931,2.7119367022350884,14.062367997602678,15.0,3.0,3.5,0.8,0.22860489933507547,0.8229776376062717
3,609,22522,339,92.4254,-63.8042,19.0867,2.2055,5.1926,8.34,2.9028,0.4405,0.2073,8.8307,-0.016,0.4841,-0.0519,car,616,76.4356,-74.7906,0.0018,-0.0062,-0.0039,0.0051,53.2946,0.006456004956627589,0.023241617843859322,15.989800000000002,10.986399999999996,8.3382,2.9090000000000003,8.831073561011708,19.400378578780362,0,03_613_616_22488_ego_616,0,22488,22488,22490,vehicle_vehicle,0.27263505511009967,1.638173700601931,2.7119367022350884,14.062367997602678,15.0,3.0,3.5,0.8,0.22860489933507547,0.8229776376062717
3,613,22522,240,78.2363,-67.7781,345.2762,2.0341,4.3748,8.3113,-1.7081,0.6003,3.1516,8.4725,-0.4604,-0.2204,-3.2007,car,616,76.4356,-74.7906,0.0018,-0.0062,-0.0039,0.0051,53.2946,0.006456004956627589,0.023241617843859322,1.8007000000000062,7.012500000000003,8.3095,-1.7019,8.481995865360934,7.240005299721822,0,03_613_616_22488_ego_616,1,22488,22488,22490,vehicle_vehicle,0.27263505511009967,1.638173700601931,2.7119367022350884,14.062367997602678,15.0,3.0,3.5,0.8,0.22860489933507547,0.8229776376062717
3,616,22522,78,76.4356,-74.7906,53.2946,1.9987,4.0458,0.0018,-0.0062,0.0276,-0.0091,-0.0039,0.0051,0.0092,0.0276,car,616,76.4356,-74.7906,0.0018,-0.0062,-0.0039,0.0051,53.2946,0.006456004956627589,0.023241617843859322,0.0,0.0,0.0,0.0,0.0,0.0,1,03_613_616_22488_ego_616,1,22488,22488,22490,vehicle_vehicle,0.27263505511009967,1.638173700601931,2.7119367022350884,14.062367997602678,15.0,3.0,3.5,0.8,0.22860489933507547,0.8229776376062717
3,598,22523,668,65.2458,-61.3705,315.1122,2.2462,7.6669,4.7259,-4.628,0.783,1.2168,6.6143,-0.0563,-0.304,-1.4147,van,616,76.4355,-74.7904,0.0036,-0.0071,-0.0035,0.0071,53.2939,0.007960527620704549,0.028657899434536376,-11.189700000000002,13.419900000000005,4.722300000000001,-4.6209,6.607029143268554,17.472924829575618,0,03_613_616_22488_ego_616,0,22488,22488,22490,vehicle_vehicle,0.27263505511009967,1.638173700601931,2.7119367022350884,14.062367997602678,15.0,3.0,3.5,0.8,0.22860489933507547,0.8229776376062717
3,609,22523,340,92.7582,-63.6867,19.1843,2.2055,5.1926,8.3569,2.9083,0.4802,0.0686,8.8485,-0.0007,0.476,0.093,car,616,76.4355,-74.7904,0.0036,-0.0071,-0.0035,0.0071,53.2939,0.007960527620704549,0.028657899434536376,16.322699999999998,11.103700000000003,8.353299999999999,2.9154,8.847439067323378,19.741395314921384,0,03_613_616_22488_ego_616,0,22488,22488,22490,vehicle_vehicle,0.27263505511009967,1.638173700601931,2.7119367022350884,14.062367997602678,15.0,3.0,3.5,0.8,0.22860489933507547,0.8229776376062717
3,613,22523,241,78.5688,-67.8439,346.0654,2.0341,4.3748,8.3333,-1.5822,0.5401,3.1535,8.4691,-0.4711,-0.2352,-3.1908,car,616,76.4355,-74.7904,0.0036,-0.0071,-0.0035,0.0071,53.2939,0.007960527620704549,0.028657899434536376,2.1332999999999913,6.9465,8.329699999999999,-1.5751,8.477313377479918,7.266693274110307,0,03_613_616_22488_ego_616,1,22488,22488,22490,vehicle_vehicle,0.27263505511009967,1.638173700601931,2.7119367022350884,14.062367997602678,15.0,3.0,3.5,0.8,0.22860489933507547,0.8229776376062717
3,616,22523,79,76.4355,-74.7904,53.2939,1.9987,4.0458,0.0036,-0.0071,0.027,-0.0092,-0.0035,0.0071,0.0088,0.0272,car,616,76.4355,-74.7904,0.0036,-0.0071,-0.0035,0.0071,53.2939,0.007960527620704549,0.028657899434536376,0.0,0.0,0.0,0.0,0.0,0.0,1,03_613_616_22488_ego_616,1,22488,22488,22490,vehicle_vehicle,0.27263505511009967,1.638173700601931,2.7119367022350884,14.062367997602678,15.0,3.0,3.5,0.8,0.22860489933507547,0.8229776376062717
3,598,22524,669,65.4353,-61.5543,315.5874,2.2462,7.6669,4.7584,-4.5785,0.7881,1.2296,6.6031,-0.0595,-0.2975,-1.4298,van,616,76.4357,-74.7903,0.0054,-0.0082,-0.0033,0.0092,53.2907,0.009818350166906862,0.035346060600864704,-11.000399999999999,13.236000000000004,4.753,-4.5703,6.593834323821004,17.21047634901487,0,03_613_616_22488_ego_616,0,22488,22488,22490,vehicle_vehicle,0.27263505511009967,1.638173700601931,2.7119367022350884,14.062367997602678,15.0,3.0,3.5,0.8,0.22860489933507547,0.8229776376062717
3,609,22524,341,93.0923,-63.5693,19.2399,2.2055,5.1926,8.3756,2.908,0.5205,-0.0673,8.866,0.0144,0.4692,0.235,car,616,76.4357,-74.7903,0.0054,-0.0082,-0.0033,0.0092,53.2907,0.009818350166906862,0.035346060600864704,16.656599999999997,11.221000000000004,8.3702,2.9162,8.863660106299204,20.083654163523132,0,03_613_616_22488_ego_616,0,22488,22488,22490,vehicle_vehicle,0.27263505511009967,1.638173700601931,2.7119367022350884,14.062367997602678,15.0,3.0,3.5,0.8,0.22860489933507547,0.8229776376062717
3,613,22524,242,78.9025,-67.9048,346.8789,2.0341,4.3748,8.3529,-1.4562,0.482,3.1555,8.4654,-0.4781,-0.2469,-3.1826,car,616,76.4357,-74.7903,0.0054,-0.0082,-0.0033,0.0092,53.2907,0.009818350166906862,0.035346060600864704,2.4668000000000063,6.8855000000000075,8.3475,-1.448,8.472157945293514,7.314042144395952,0,03_613_616_22488_ego_616,1,22488,22488,22490,vehicle_vehicle,0.27263505511009967,1.638173700601931,2.7119367022350884,14.062367997602678,15.0,3.0,3.5,0.8,0.22860489933507547,0.8229776376062717
3,616,22524,80,76.4357,-74.7903,53.2907,1.9987,4.0458,0.0054,-0.0082,0.0257,-0.0087,-0.0033,0.0092,0.0084,0.0259,car,616,76.4357,-74.7903,0.0054,-0.0082,-0.0033,0.0092,53.2907,0.009818350166906862,0.035346060600864704,0.0,0.0,0.0,0.0,0.0,0.0,1,03_613_616_22488_ego_616,1,22488,22488,22490,vehicle_vehicle,0.27263505511009967,1.638173700601931,2.7119367022350884,14.062367997602678,15.0,3.0,3.5,0.8,0.22860489933507547,0.8229776376062717
3,598,22525,670,65.6264,-61.7363,316.0671,2.2462,7.6669,4.791,-4.5286,0.7921,1.2415,6.5922,-0.0628,-0.2909,-1.4437,van,616,76.436,-74.7905,0.0071,-0.0093,-0.0032,0.0112,53.2947,0.011700427342623004,0.042121538433442816,-10.809600000000003,13.054199999999994,4.7839,-4.5193,6.58101600818597,16.948734165122772,0,03_613_616_22488_ego_616,0,22488,22488,22490,vehicle_vehicle,0.27263505511009967,1.638173700601931,2.7119367022350884,14.062367997602678,15.0,3.0,3.5,0.8,0.22860489933507547,0.8229776376062717
3,609,22525,342,93.4274,-63.4525,19.2585,2.2055,5.1926,8.396,2.9019,0.5612,-0.1998,8.8833,0.0298,0.4639,0.3737,car,616,76.436,-74.7905,0.0071,-0.0093,-0.0032,0.0112,53.2947,0.011700427342623004,0.042121538433442816,16.9914,11.337999999999994,8.388900000000001,2.9112,8.879680661487779,20.426892028891714,0,03_613_616_22488_ego_616,0,22488,22488,22490,vehicle_vehicle,0.27263505511009967,1.638173700601931,2.7119367022350884,14.062367997602678,15.0,3.0,3.5,0.8,0.22860489933507547,0.8229776376062717
3,613,22525,243,79.2374,-67.961,347.7007,2.0341,4.3748,8.3701,-1.3299,0.426,3.1576,8.4612,-0.4836,-0.2564,-3.1759,car,616,76.436,-74.7905,0.0071,-0.0093,-0.0032,0.0112,53.2947,0.011700427342623004,0.042121538433442816,2.801399999999987,6.829499999999996,8.363000000000001,-1.3206,8.466625854494813,7.381728267147191,0,03_613_616_22488_ego_616,1,22488,22488,22490,vehicle_vehicle,0.27263505511009967,1.638173700601931,2.7119367022350884,14.062367997602678,15.0,3.0,3.5,0.8,0.22860489933507547,0.8229776376062717
3,616,22525,81,76.436,-74.7905,53.2947,1.9987,4.0458,0.0071,-0.0093,0.0237,-0.0075,-0.0032,0.0112,0.0081,0.0235,car,616,76.436,-74.7905,0.0071,-0.0093,-0.0032,0.0112,53.2947,0.011700427342623004,0.042121538433442816,0.0,0.0,0.0,0.0,0.0,0.0,1,03_613_616_22488_ego_616,1,22488,22488,22490,vehicle_vehicle,0.27263505511009967,1.638173700601931,2.7119367022350884,14.062367997602678,15.0,3.0,3.5,0.8,0.22860489933507547,0.8229776376062717
3,598,22526,671,65.8184,-61.9162,316.5517,2.2462,7.6669,4.8239,-4.4783,0.795,1.2528,6.5818,-0.0662,-0.2844,-1.4563,van,616,76.4367,-74.791,0.0086,-0.0103,-0.0032,0.013,53.2982,0.013418271125595876,0.04830577605214516,-10.618300000000005,12.874799999999993,4.8153,-4.468,6.56887647090429,16.688582022748363,0,03_613_616_22488_ego_616,0,22488,22488,22490,vehicle_vehicle,0.27263505511009967,1.638173700601931,2.7119367022350884,14.062367997602678,15.0,3.0,3.5,0.8,0.22860489933507547,0.8229776376062717
3,609,22526,343,93.7621,-63.3358,19.2407,2.2055,5.1926,8.4187,2.8903,0.602,-0.3289,8.9009,0.0455,0.46,0.5089,car,616,76.4367,-74.791,0.0086,-0.0103,-0.0032,0.013,53.2982,0.013418271125595876,0.04830577605214516,17.325400000000002,11.455199999999998,8.4101,2.9006,8.89624990487565,20.76995648045513,0,03_613_616_22488_ego_616,0,22488,22488,22490,vehicle_vehicle,0.27263505511009967,1.638173700601931,2.7119367022350884,14.062367997602678,15.0,3.0,3.5,0.8,0.22860489933507547,0.8229776376062717
3,613,22526,244,79.5723,-68.0121,348.5303,2.0341,4.3748,8.3851,-1.2033,0.372,3.1595,8.4569,-0.4881,-0.2637,-3.1703,car,616,76.4367,-74.791,0.0086,-0.0103,-0.0032,0.013,53.2982,0.013418271125595876,0.04830577605214516,3.1355999999999966,6.778899999999993,8.3765,-1.193,8.461028380167507,7.46896730278021,0,03_613_616_22488_ego_616,1,22488,22488,22490,vehicle_vehicle,0.27263505511009967,1.638173700601931,2.7119367022350884,14.062367997602678,15.0,3.0,3.5,0.8,0.22860489933507547,0.8229776376062717
3,616,22526,82,76.4367,-74.791,53.2982,1.9987,4.0458,0.0086,-0.0103,0.0211,-0.0056,-0.0032,0.013,0.0082,0.0203,car,616,76.4367,-74.791,0.0086,-0.0103,-0.0032,0.013,53.2982,0.013418271125595876,0.04830577605214516,0.0,0.0,0.0,0.0,0.0,0.0,1,03_613_616_22488_ego_616,1,22488,22488,22490,vehicle_vehicle,0.27263505511009967,1.638173700601931,2.7119367022350884,14.062367997602678,15.0,3.0,3.5,0.8,0.22860489933507547,0.8229776376062717
3,598,22527,672,66.0118,-62.0943,317.0375,2.2462,7.6669,4.8569,-4.4276,0.7967,1.2635,6.5718,-0.07,-0.2781,-1.4676,van,616,76.4373,-74.7917,0.0098,-0.0111,-0.003,0.0145,53.3162,0.014807092894960848,0.05330553442185905,-10.4255,12.697400000000009,4.8471,-4.4165,6.5574271372238675,16.429090571605,0,03_613_616_22488_ego_616,0,22488,22488,22490,vehicle_vehicle,0.27263505511009967,1.638173700601931,2.7119367022350884,14.062367997602678,15.0,3.0,3.5,0.8,0.22860489933507547,0.8229776376062717
3,609,22527,344,94.0981,-63.2199,19.1799,2.2055,5.1926,8.4436,2.8732,0.6423,-0.4542,8.9189,0.0603,0.4574,0.64,car,616,76.4373,-74.7917,0.0098,-0.0111,-0.003,0.0145,53.3162,0.014807092894960848,0.05330553442185905,17.66080000000001,11.571800000000003,8.4338,2.8843,8.913370234092154,21.114222975994178,0,03_613_616_22488_ego_616,0,22488,22488,22490,vehicle_vehicle,0.27263505511009967,1.638173700601931,2.7119367022350884,14.062367997602678,15.0,3.0,3.5,0.8,0.22860489933507547,0.8229776376062717
3,613,22527,245,79.9077,-68.0578,349.385,2.0341,4.3748,8.398,-1.0766,0.32,3.1611,8.4526,-0.4888,-0.2677,-3.1659,car,616,76.4373,-74.7917,0.0098,-0.0111,-0.003,0.0145,53.3162,0.014807092894960848,0.05330553442185905,3.470400000000012,6.7339000000000055,8.3882,-1.0655,8.455601072070511,7.575558419681031,0,03_613_616_22488_ego_616,1,22488,22488,22490,vehicle_vehicle,0.27263505511009967,1.638173700601931,2.7119367022350884,14.062367997602678,15.0,3.0,3.5,0.8,0.22860489933507547,0.8229776376062717
3,616,22527,83,76.4373,-74.7917,53.3162,1.9987,4.0458,0.0098,-0.0111,0.018,-0.0029,-0.003,0.0145,0.0084,0.0162,car,616,76.4373,-74.7917,0.0098,-0.0111,-0.003,0.0145,53.3162,0.014807092894960848,0.05330553442185905,0.0,0.0,0.0,0.0,0.0,0.0,1,03_613_616_22488_ego_616,1,22488,22488,22490,vehicle_vehicle,0.27263505511009967,1.638173700601931,2.7119367022350884,14.062367997602678,15.0,3.0,3.5,0.8,0.22860489933507547,0.8229776376062717
3,598,22528,673,66.207,-62.2702,317.5211,2.2462,7.6669,4.89,-4.3765,0.7971,1.2735,6.562,-0.0745,-0.2722,-1.4776,van,616,76.438,-74.7927,0.0108,-0.0116,-0.0029,0.0156,53.3348,0.015849290204927157,0.057057444737737766,-10.231000000000009,12.522499999999994,4.8792,-4.3649000000000004,6.546674319835988,16.170540103843162,0,03_613_616_22488_ego_616,0,22488,22488,22490,vehicle_vehicle,0.27263505511009967,1.638173700601931,2.7119367022350884,14.062367997602678,15.0,3.0,3.5,0.8,0.22860489933507547,0.8229776376062717
3,609,22528,345,94.4354,-63.1045,19.0806,2.2055,5.1926,8.4704,2.8509,0.6816,-0.5755,8.937,0.0747,0.456,0.7667,car,616,76.438,-74.7927,0.0108,-0.0116,-0.0029,0.0156,53.3348,0.015849290204927157,0.057057444737737766,17.9974,11.688199999999995,8.4596,2.8625000000000003,8.930774793375992,21.45973965359319,0,03_613_616_22488_ego_616,0,22488,22488,22490,vehicle_vehicle,0.27263505511009967,1.638173700601931,2.7119367022350884,14.062367997602678,15.0,3.0,3.5,0.8,0.22860489933507547,0.8229776376062717
3,613,22528,246,80.2438,-68.0985,350.2739,2.0341,4.3748,8.4089,-0.9498,0.27,3.1624,8.4485,-0.4844,-0.2681,-3.1625,car,616,76.438,-74.7927,0.0108,-0.0116,-0.0029,0.0156,53.3348,0.015849290204927157,0.057057444737737766,3.8057999999999907,6.694199999999995,8.3981,-0.9381999999999999,8.45034335692935,7.700417344533987,0,03_613_616_22488_ego_616,1,22488,22488,22490,vehicle_vehicle,0.27263505511009967,1.638173700601931,2.7119367022350884,14.062367997602678,15.0,3.0,3.5,0.8,0.22860489933507547,0.8229776376062717
3,616,22528,84,76.438,-74.7927,53.3348,1.9987,4.0458,0.0108,-0.0116,0.0146,0.0002,-0.0029,0.0156,0.0089,0.0116,car,616,76.438,-74.7927,0.0108,-0.0116,-0.0029,0.0156,53.3348,0.015849290204927157,0.057057444737737766,0.0,0.0,0.0,0.0,0.0,0.0,1,03_613_616_22488_ego_616,1,22488,22488,22490,vehicle_vehicle,0.27263505511009967,1.638173700601931,2.7119367022350884,14.062367997602678,15.0,3.0,3.5,0.8,0.22860489933507547,0.8229776376062717
3,598,22529,674,66.404,-62.4447,318.0129,2.2462,7.6669,4.9227,-4.3248,0.7965,1.283,6.5522,-0.0785,-0.2662,-1.4865,van,616,76.439,-74.7938,0.0115,-0.0117,-0.0026,0.0162,53.3513,0.016405486887014355,0.05905975279325168,-10.034999999999997,12.349100000000007,4.9112,-4.3130999999999995,6.536261702992009,15.912306426473823,0,03_613_616_22488_ego_616,0,22488,22488,22490,vehicle_vehicle,0.27263505511009967,1.638173700601931,2.7119367022350884,14.062367997602678,15.0,3.0,3.5,0.8,0.22860489933507547,0.8229776376062717
3,609,22529,346,94.7738,-62.9905,18.9342,2.2055,5.1926,8.4992,2.8234,0.7196,-0.6924,8.9555,0.0872,0.456,0.8884,car,616,76.439,-74.7938,0.0115,-0.0117,-0.0026,0.0162,53.3513,0.016405486887014355,0.05905975279325168,18.3348,11.803300000000007,8.4877,2.8350999999999997,8.948678299056235,21.8055676819018,0,03_613_616_22488_ego_616,0,22488,22488,22490,vehicle_vehicle,0.27263505511009967,1.638173700601931,2.7119367022350884,14.062367997602678,15.0,3.0,3.5,0.8,0.22860489933507547,0.8229776376062717
3,613,22529,247,80.58,-68.1347,351.1729,2.0341,4.3748,8.4179,-0.8227,0.2218,3.1632,8.4445,-0.4788,-0.2662,-3.1598,car,616,76.439,-74.7938,0.0115,-0.0117,-0.0026,0.0162,53.3513,0.016405486887014355,0.05905975279325168,4.141000000000005,6.659100000000009,8.4064,-0.8109999999999999,8.445429649224483,7.841651217058826,0,03_613_616_22488_ego_616,1,22488,22488,22490,vehicle_vehicle,0.27263505511009967,1.638173700601931,2.7119367022350884,14.062367997602678,15.0,3.0,3.5,0.8,0.22860489933507547,0.8229776376062717
3,616,22529,85,76.439,-74.7938,53.3513,1.9987,4.0458,0.0115,-0.0117,0.011,0.0036,-0.0026,0.0162,0.0094,0.0067,car,616,76.439,-74.7938,0.0115,-0.0117,-0.0026,0.0162,53.3513,0.016405486887014355,0.05905975279325168,0.0,0.0,0.0,0.0,0.0,0.0,1,03_613_616_22488_ego_616,1,22488,22488,22490,vehicle_vehicle,0.27263505511009967,1.638173700601931,2.7119367022350884,14.062367997602678,15.0,3.0,3.5,0.8,0.22860489933507547,0.8229776376062717
3,598,22530,675,66.6029,-62.6176,318.5059,2.2462,7.6669,4.9549,-4.2724,0.7953,1.2915,6.542,-0.0827,-0.26,-1.4943,van,616,76.4403,-74.7952,0.0117,-0.0114,-0.0021,0.0162,53.3656,0.01633554406807438,0.05880795864506777,-9.837399999999988,12.177599999999991,4.9432,-4.261,6.526204658145499,15.654660025692015,0,03_613_616_22488_ego_616,0,22488,22488,22490,vehicle_vehicle,0.27263505511009967,1.638173700601931,2.7119367022350884,14.062367997602678,15.0,3.0,3.5,0.8,0.22860489933507547,0.8229776376062717
3,609,22530,347,95.1134,-62.8781,18.7486,2.2055,5.1926,8.5299,2.7914,0.7559,-0.805,8.9744,0.0984,0.457,1.0052,car,616,76.4403,-74.7952,0.0117,-0.0114,-0.0021,0.0162,53.3656,0.01633554406807438,0.05880795864506777,18.673100000000005,11.91709999999999,8.5182,2.8028,8.967464473305707,22.15179306557372,0,03_613_616_22488_ego_616,0,22488,22488,22490,vehicle_vehicle,0.27263505511009967,1.638173700601931,2.7119367022350884,14.062367997602678,15.0,3.0,3.5,0.8,0.22860489933507547,0.8229776376062717
3,613,22530,248,80.9173,-68.1658,352.0962,2.0341,4.3748,8.4249,-0.6953,0.1754,3.1632,8.4404,-0.4698,-0.2612,-3.1573,car,616,76.4403,-74.7952,0.0117,-0.0114,-0.0021,0.0162,53.3656,0.01633554406807438,0.05880795864506777,4.477000000000004,6.62939999999999,8.4132,-0.6839000000000001,8.440950980191746,7.999529571168538,0,03_613_616_22488_ego_616,1,22488,22488,22490,vehicle_vehicle,0.27263505511009967,1.638173700601931,2.7119367022350884,14.062367997602678,15.0,3.0,3.5,0.8,0.22860489933507547,0.8229776376062717
3,616,22530,86,76.4403,-74.7952,53.3656,1.9987,4.0458,0.0117,-0.0114,0.0075,0.0069,-0.0021,0.0162,0.01,0.0019,car,616,76.4403,-74.7952,0.0117,-0.0114,-0.0021,0.0162,53.3656,0.01633554406807438,0.05880795864506777,0.0,0.0,0.0,0.0,0.0,0.0,1,03_613_616_22488_ego_616,1,22488,22488,22490,vehicle_vehicle,0.27263505511009967,1.638173700601931,2.7119367022350884,14.062367997602678,15.0,3.0,3.5,0.8,0.22860489933507547,0.8229776376062717
3,598,22531,676,66.8034,-62.7886,318.997,2.2462,7.6669,4.9864,-4.2191,0.7942,1.2987,6.5313,-0.0875,-0.2527,-1.5011,van,616,76.441,-74.7961,0.0116,-0.0107,-0.0016,0.0157,53.3641,0.015781318069160128,0.05681274504897646,-9.637600000000006,12.007499999999993,4.9748,-4.2084,6.516077470380474,15.396862992505971,0,03_613_616_22488_ego_616,0,22488,22488,22490,vehicle_vehicle,0.27263505511009967,1.638173700601931,2.7119367022350884,14.062367997602678,15.0,3.0,3.5,0.8,0.22860489933507547,0.8229776376062717
3,609,22531,348,95.4551,-62.7673,18.5148,2.2055,5.1926,8.5621,2.7548,0.7902,-0.9132,8.9937,0.1066,0.4594,1.1169,car,616,76.441,-74.7961,0.0116,-0.0107,-0.0016,0.0157,53.3641,0.015781318069160128,0.05681274504897646,19.0141,12.028799999999997,8.5505,2.7655,8.986603390603149,22.499511733591017,0,03_613_616_22488_ego_616,0,22488,22488,22490,vehicle_vehicle,0.27263505511009967,1.638173700601931,2.7119367022350884,14.062367997602678,15.0,3.0,3.5,0.8,0.22860489933507547,0.8229776376062717
3,613,22531,249,81.255,-68.1916,353.0218,2.0341,4.3748,8.4297,-0.5676,0.1311,3.1622,8.4363,-0.4608,-0.254,-3.1547,car,616,76.441,-74.7961,0.0116,-0.0107,-0.0016,0.0157,53.3641,0.015781318069160128,0.05681274504897646,4.813999999999993,6.604500000000002,8.4181,-0.5569,8.436500768683661,8.172760626006365,0,03_613_616_22488_ego_616,1,22488,22488,22490,vehicle_vehicle,0.27263505511009967,1.638173700601931,2.7119367022350884,14.062367997602678,15.0,3.0,3.5,0.8,0.22860489933507547,0.8229776376062717
3,616,22531,87,76.441,-74.7961,53.3641,1.9987,4.0458,0.0116,-0.0107,0.0042,0.0098,-0.0016,0.0157,0.0104,-0.0025,car,616,76.441,-74.7961,0.0116,-0.0107,-0.0016,0.0157,53.3641,0.015781318069160128,0.05681274504897646,0.0,0.0,0.0,0.0,0.0,0.0,1,03_613_616_22488_ego_616,1,22488,22488,22490,vehicle_vehicle,0.27263505511009967,1.638173700601931,2.7119367022350884,14.062367997602678,15.0,3.0,3.5,0.8,0.22860489933507547,0.8229776376062717
3,598,22532,677,67.0051,-62.9575,319.4957,2.2462,7.6669,5.0171,-4.1652,0.7937,1.3041,6.5201,-0.0917,-0.2435,-1.5071,van,616,76.4412,-74.7966,0.0116,-0.0098,-0.001,0.0151,53.3581,0.015185519418182572,0.05466786990545726,-9.436099999999996,11.839099999999995,5.0055000000000005,-4.155399999999999,6.5055652644485855,15.139493783479017,0,03_613_616_22488_ego_616,0,22488,22488,22490,vehicle_vehicle,0.27263505511009967,1.638173700601931,2.7119367022350884,14.062367997602678,15.0,3.0,3.5,0.8,0.22860489933507547,0.8229776376062717
3,609,22532,349,95.7983,-62.6587,18.2413,2.2055,5.1926,8.5956,2.7143,0.8227,-1.0173,9.0132,0.1126,0.4629,1.2237,car,616,76.4412,-74.7966,0.0116,-0.0098,-0.001,0.0151,53.3581,0.015185519418182572,0.05466786990545726,19.357100000000003,12.137899999999995,8.584,2.7241,9.005874572188977,22.847886922426763,0,03_613_616_22488_ego_616,0,22488,22488,22490,vehicle_vehicle,0.27263505511009967,1.638173700601931,2.7119367022350884,14.062367997602678,15.0,3.0,3.5,0.8,0.22860489933507547,0.8229776376062717
3,613,22532,250,81.5925,-68.2119,353.9552,2.0341,4.3748,8.4328,-0.4399,0.089,3.16,8.4322,-0.4506,-0.2443,-3.1518,car,616,76.4412,-74.7966,0.0116,-0.0098,-0.001,0.0151,53.3581,0.015185519418182572,0.05466786990545726,5.151300000000006,6.584699999999998,8.4212,-0.43010000000000004,8.432176198941766,8.360273068506796,0,03_613_616_22488_ego_616,1,22488,22488,22490,vehicle_vehicle,0.27263505511009967,1.638173700601931,2.7119367022350884,14.062367997602678,15.0,3.0,3.5,0.8,0.22860489933507547,0.8229776376062717
3,616,22532,88,76.4412,-74.7966,53.3581,1.9987,4.0458,0.0116,-0.0098,0.0013,0.0124,-0.001,0.0151,0.0107,-0.0063,car,616,76.4412,-74.7966,0.0116,-0.0098,-0.001,0.0151,53.3581,0.015185519418182572,0.05466786990545726,0.0,0.0,0.0,0.0,0.0,0.0,1,03_613_616_22488_ego_616,1,22488,22488,22490,vehicle_vehicle,0.27263505511009967,1.638173700601931,2.7119367022350884,14.062367997602678,15.0,3.0,3.5,0.8,0.22860489933507547,0.8229776376062717
3,598,22533,678,67.2079,-63.1239,319.9931,2.2462,7.6669,5.0473,-4.1106,0.7945,1.3072,6.5087,-0.0962,-0.2319,-1.5121,van,616,76.442,-74.7973,0.0113,-0.0087,-0.0003,0.0143,53.3633,0.014261135999632005,0.05134008959867522,-9.234099999999998,11.673400000000008,5.036,-4.1019,6.495142770563246,14.884114698899634,0,03_613_616_22488_ego_616,0,22488,22488,22490,vehicle_vehicle,0.27263505511009967,1.638173700601931,2.7119367022350884,14.062367997602678,15.0,3.0,3.5,0.8,0.22860489933507547,0.8229776376062717
3,609,22533,350,96.142,-62.5517,17.9414,2.2055,5.1926,8.6307,2.67,0.8531,-1.1175,9.0335,0.1185,0.4673,1.3259,car,616,76.442,-74.7973,0.0113,-0.0087,-0.0003,0.0143,53.3633,0.014261135999632005,0.05134008959867522,19.700000000000003,12.24560000000001,8.619399999999999,2.6787,9.026045094613698,23.195790983710822,0,03_613_616_22488_ego_616,0,22488,22488,22490,vehicle_vehicle,0.27263505511009967,1.638173700601931,2.7119367022350884,14.062367997602678,15.0,3.0,3.5,0.8,0.22860489933507547,0.8229776376062717
3,613,22533,251,81.9301,-68.2267,354.8967,2.0341,4.3748,8.434,-0.3124,0.0491,3.1566,8.4284,-0.4391,-0.2319,-3.1485,car,616,76.442,-74.7973,0.0113,-0.0087,-0.0003,0.0143,53.3633,0.014261135999632005,0.05134008959867522,5.488100000000003,6.570600000000013,8.422699999999999,-0.3037,8.428173525740911,8.561076215640192,0,03_613_616_22488_ego_616,1,22488,22488,22490,vehicle_vehicle,0.27263505511009967,1.638173700601931,2.7119367022350884,14.062367997602678,15.0,3.0,3.5,0.8,0.22860489933507547,0.8229776376062717
3,616,22533,89,76.442,-74.7973,53.3633,1.9987,4.0458,0.0113,-0.0087,-0.0013,0.0144,-0.0003,0.0143,0.0108,-0.0097,car,616,76.442,-74.7973,0.0113,-0.0087,-0.0003,0.0143,53.3633,0.014261135999632005,0.05134008959867522,0.0,0.0,0.0,0.0,0.0,0.0,1,03_613_616_22488_ego_616,1,22488,22488,22490,vehicle_vehicle,0.27263505511009967,1.638173700601931,2.7119367022350884,14.062367997602678,15.0,3.0,3.5,0.8,0.22860489933507547,0.8229776376062717
3,598,22534,679,67.4118,-63.2876,320.494,2.2462,7.6669,5.0769,-4.0558,0.7971,1.308,6.4973,-0.1004,-0.2171,-1.5163,van,616,76.4424,-74.7975,0.0109,-0.0076,0.0004,0.0133,53.3645,0.013287964479181904,0.04783667212505485,-9.030600000000007,11.509900000000002,5.066,-4.0482,6.4847728749741105,14.629748267485677,0,03_613_616_22488_ego_616,0,22488,22488,22490,vehicle_vehicle,0.27263505511009967,1.638173700601931,2.7119367022350884,14.062367997602678,15.0,3.0,3.5,0.8,0.22860489933507547,0.8229776376062717
3,609,22534,351,96.4873,-62.4462,17.6159,2.2055,5.1926,8.6673,2.6218,0.8811,-1.2142,9.0543,0.1242,0.4723,1.4239,car,616,76.4424,-74.7975,0.0109,-0.0076,0.0004,0.0133,53.3645,0.013287964479181904,0.04783667212505485,20.0449,12.351300000000002,8.6564,2.6294,9.046933476045902,23.5446942579427,0,03_613_616_22488_ego_616,0,22488,22488,22490,vehicle_vehicle,0.27263505511009967,1.638173700601931,2.7119367022350884,14.062367997602678,15.0,3.0,3.5,0.8,0.22860489933507547,0.8229776376062717
3,613,22534,252,82.2674,-68.2364,355.8363,2.0341,4.3748,8.4337,-0.1851,0.0116,3.1522,8.4249,-0.4277,-0.2173,-3.1447,car,616,76.4424,-74.7975,0.0109,-0.0076,0.0004,0.0133,53.3645,0.013287964479181904,0.04783667212505485,5.824999999999989,6.561099999999996,8.4228,-0.1775,8.424670087902554,8.773748241772147,0,03_613_616_22488_ego_616,1,22488,22488,22490,vehicle_vehicle,0.27263505511009967,1.638173700601931,2.7119367022350884,14.062367997602678,15.0,3.0,3.5,0.8,0.22860489933507547,0.8229776376062717
3,616,22534,90,76.4424,-74.7975,53.3645,1.9987,4.0458,0.0109,-0.0076,-0.0036,0.0159,0.0004,0.0133,0.0106,-0.0124,car,616,76.4424,-74.7975,0.0109,-0.0076,0.0004,0.0133,53.3645,0.013287964479181904,0.04783667212505485,0.0,0.0,0.0,0.0,0.0,0.0,1,03_613_616_22488_ego_616,1,22488,22488,22490,vehicle_vehicle,0.27263505511009967,1.638173700601931,2.7119367022350884,14.062367997602678,15.0,3.0,3.5,0.8,0.22860489933507547,0.8229776376062717
3,598,22535,680,67.617,-63.4492,320.9931,2.2462,7.6669,5.1061,-4.0009,0.8022,1.3062,6.486,-0.1049,-0.1987,-1.5199,van,616,76.4425,-74.7975,0.0105,-0.0066,0.001,0.0124,53.3675,0.012402015965156632,0.04464725747456388,-8.825499999999991,11.348300000000002,5.095599999999999,-3.9942999999999995,6.474532558416861,14.37613867281475,0,03_613_616_22488_ego_616,0,22488,22488,22490,vehicle_vehicle,0.27263505511009967,1.638173700601931,2.7119367022350884,14.062367997602678,15.0,3.0,3.5,0.8,0.22860489933507547,0.8229776376062717
3,609,22535,352,96.8343,-62.3429,17.2767,2.2055,5.1926,8.7051,2.57,0.9066,-1.3075,9.0756,0.1313,0.4774,1.5177,car,616,76.4425,-74.7975,0.0105,-0.0066,0.001,0.0124,53.3675,0.012402015965156632,0.04464725747456388,20.391800000000003,12.4546,8.6946,2.5766,9.068348070073181,23.894404541649497,0,03_613_616_22488_ego_616,0,22488,22488,22490,vehicle_vehicle,0.27263505511009967,1.638173700601931,2.7119367022350884,14.062367997602678,15.0,3.0,3.5,0.8,0.22860489933507547,0.8229776376062717
3,613,22535,253,82.6046,-68.2411,356.7541,2.0341,4.3748,8.432,-0.0581,-0.0238,3.1468,8.4217,-0.4194,-0.2019,-3.1404,car,616,76.4425,-74.7975,0.0105,-0.0066,0.001,0.0124,53.3675,0.012402015965156632,0.04464725747456388,6.1621000000000095,6.5563999999999965,8.4215,-0.0515,8.421657467506025,8.997658438171571,0,03_613_616_22488_ego_616,1,22488,22488,22490,vehicle_vehicle,0.27263505511009967,1.638173700601931,2.7119367022350884,14.062367997602678,15.0,3.0,3.5,0.8,0.22860489933507547,0.8229776376062717
3,616,22535,91,76.4425,-74.7975,53.3675,1.9987,4.0458,0.0105,-0.0066,-0.0057,0.0169,0.001,0.0124,0.0102,-0.0146,car,616,76.4425,-74.7975,0.0105,-0.0066,0.001,0.0124,53.3675,0.012402015965156632,0.04464725747456388,0.0,0.0,0.0,0.0,0.0,0.0,1,03_613_616_22488_ego_616,1,22488,22488,22490,vehicle_vehicle,0.27263505511009967,1.638173700601931,2.7119367022350884,14.062367997602678,15.0,3.0,3.5,0.8,0.22860489933507547,0.8229776376062717
3,598,22536,681,67.8229,-63.6075,321.4987,2.2462,7.6669,5.1351,-3.9462,0.8102,1.3018,6.4753,-0.1085,-0.1763,-1.5232,van,616,76.4424,-74.7973,0.0103,-0.0057,0.0016,0.0116,53.3751,0.011772000679578643,0.04237920244648311,-8.619500000000002,11.189800000000005,5.1248000000000005,-3.9405,6.464604805399941,14.124708998418345,0,03_613_616_22488_ego_616,0,22488,22488,22490,vehicle_vehicle,0.27263505511009967,1.638173700601931,2.7119367022350884,14.062367997602678,15.0,3.0,3.5,0.8,0.22860489933507547,0.8229776376062717
3,609,22536,353,97.1828,-62.2418,16.9136,2.2055,5.1926,8.7442,2.5147,0.9294,-1.3977,9.0976,0.138,0.4826,1.6076,car,616,76.4424,-74.7973,0.0103,-0.0057,0.0016,0.0116,53.3751,0.011772000679578643,0.04237920244648311,20.740399999999994,12.55550000000001,8.733899999999998,2.5204,9.090292919922877,24.24468544671182,0,03_613_616_22488_ego_616,0,22488,22488,22490,vehicle_vehicle,0.27263505511009967,1.638173700601931,2.7119367022350884,14.062367997602678,15.0,3.0,3.5,0.8,0.22860489933507547,0.8229776376062717
3,613,22536,254,82.9413,-68.2401,357.6657,2.0341,4.3748,8.429,0.0683,-0.057,3.1407,8.4193,-0.4116,-0.1849,-3.1358,car,616,76.4424,-74.7973,0.0103,-0.0057,0.0016,0.0116,53.3751,0.011772000679578643,0.04237920244648311,6.498899999999992,6.557200000000009,8.4187,0.074,8.41902522207886,9.232148885822847,0,03_613_616_22488_ego_616,1,22488,22488,22490,vehicle_vehicle,0.27263505511009967,1.638173700601931,2.7119367022350884,14.062367997602678,15.0,3.0,3.5,0.8,0.22860489933507547,0.8229776376062717
3,616,22536,92,76.4424,-74.7973,53.3751,1.9987,4.0458,0.0103,-0.0057,-0.0075,0.0176,0.0016,0.0116,0.0096,-0.0165,car,616,76.4424,-74.7973,0.0103,-0.0057,0.0016,0.0116,53.3751,0.011772000679578643,0.04237920244648311,0.0,0.0,0.0,0.0,0.0,0.0,1,03_613_616_22488_ego_616,1,22488,22488,22490,vehicle_vehicle,0.27263505511009967,1.638173700601931,2.7119367022350884,14.062367997602678,15.0,3.0,3.5,0.8,0.22860489933507547,0.8229776376062717
3,598,22537,682,68.0296,-63.7631,322.0093,2.2462,7.6669,5.1641,-3.8922,0.8215,1.2952,6.4657,-0.1112,-0.1498,-1.5265,van,616,76.443,-74.7977,0.0099,-0.0047,0.0021,0.0107,53.3882,0.010959014554237987,0.03945245239525675,-8.413399999999996,11.034600000000005,5.1542,-3.8874999999999997,6.455883664534237,13.87615568952727,0,03_613_616_22488_ego_616,0,22488,22488,22490,vehicle_vehicle,0.27263505511009967,1.638173700601931,2.7119367022350884,14.062367997602678,15.0,3.0,3.5,0.8,0.22860489933507547,0.8229776376062717
3,609,22537,354,97.5327,-62.143,16.5334,2.2055,5.1926,8.7844,2.4561,0.9493,-1.485,9.1201,0.1453,0.4874,1.6938,car,616,76.443,-74.7977,0.0099,-0.0047,0.0021,0.0107,53.3882,0.010959014554237987,0.03945245239525675,21.089700000000008,12.654700000000005,8.7745,2.4608000000000003,9.113033901506128,24.59505800318431,0,03_613_616_22488_ego_616,0,22488,22488,22490,vehicle_vehicle,0.27263505511009967,1.638173700601931,2.7119367022350884,14.062367997602678,15.0,3.0,3.5,0.8,0.22860489933507547,0.8229776376062717
3,613,22537,255,83.2777,-68.2339,358.558,2.0341,4.3748,8.4251,0.1942,-0.0885,3.1342,8.4175,-0.4061,-0.1673,-3.131,car,616,76.443,-74.7977,0.0099,-0.0047,0.0021,0.0107,53.3882,0.010959014554237987,0.03945245239525675,6.834699999999998,6.5638000000000005,8.4152,0.19890000000000002,8.41755025230025,9.476106506894062,0,03_613_616_22488_ego_616,1,22488,22488,22490,vehicle_vehicle,0.27263505511009967,1.638173700601931,2.7119367022350884,14.062367997602678,15.0,3.0,3.5,0.8,0.22860489933507547,0.8229776376062717
3,616,22537,93,76.443,-74.7977,53.3882,1.9987,4.0458,0.0099,-0.0047,-0.0094,0.018,0.0021,0.0107,0.0088,-0.0182,car,616,76.443,-74.7977,0.0099,-0.0047,0.0021,0.0107,53.3882,0.010959014554237987,0.03945245239525675,0.0,0.0,0.0,0.0,0.0,0.0,1,03_613_616_22488_ego_616,1,22488,22488,22490,vehicle_vehicle,0.27263505511009967,1.638173700601931,2.7119367022350884,14.062367997602678,15.0,3.0,3.5,0.8,0.22860489933507547,0.8229776376062717
3,598,22538,683,68.2368,-63.9161,322.5154,2.2462,7.6669,5.1935,-3.8392,0.8362,1.2871,6.4575,-0.1141,-0.1198,-1.5302,van,616,76.4435,-74.7981,0.0094,-0.0036,0.0027,0.0096,53.4051,0.010065783625729295,0.03623682105262546,-8.206699999999998,10.882000000000005,5.1841,-3.8356,6.448776641348342,13.629667966975575,0,03_613_616_22488_ego_616,0,22488,22488,22490,vehicle_vehicle,0.27263505511009967,1.638173700601931,2.7119367022350884,14.062367997602678,15.0,3.0,3.5,0.8,0.22860489933507547,0.8229776376062717
3,609,22538,355,97.885,-62.0467,16.1437,2.2055,5.1926,8.8254,2.3942,0.9661,-1.5698,9.1431,0.1541,0.4916,1.7765,car,616,76.4435,-74.7981,0.0094,-0.0036,0.0027,0.0096,53.4051,0.010065783625729295,0.03623682105262546,21.441500000000005,12.751400000000004,8.816,2.3978,9.136262958124618,24.94666559302065,0,03_613_616_22488_ego_616,0,22488,22488,22490,vehicle_vehicle,0.27263505511009967,1.638173700601931,2.7119367022350884,14.062367997602678,15.0,3.0,3.5,0.8,0.22860489933507547,0.8229776376062717
3,613,22538,256,83.6133,-68.2231,359.4358,2.0341,4.3748,8.4204,0.3195,-0.1185,3.1276,8.4168,-0.4024,-0.1492,-3.1263,car,616,76.4435,-74.7981,0.0094,-0.0036,0.0027,0.0096,53.4051,0.010065783625729295,0.03623682105262546,7.169799999999995,6.575000000000003,8.411000000000001,0.3231,8.41720349106519,9.728137388010099,0,03_613_616_22488_ego_616,1,22488,22488,22490,vehicle_vehicle,0.27263505511009967,1.638173700601931,2.7119367022350884,14.062367997602678,15.0,3.0,3.5,0.8,0.22860489933507547,0.8229776376062717
3,616,22538,94,76.4435,-74.7981,53.4051,1.9987,4.0458,0.0094,-0.0036,-0.0111,0.018,0.0027,0.0096,0.0079,-0.0196,car,616,76.4435,-74.7981,0.0094,-0.0036,0.0027,0.0096,53.4051,0.010065783625729295,0.03623682105262546,0.0,0.0,0.0,0.0,0.0,0.0,1,03_613_616_22488_ego_616,1,22488,22488,22490,vehicle_vehicle,0.27263505511009967,1.638173700601931,2.7119367022350884,14.062367997602678,15.0,3.0,3.5,0.8,0.22860489933507547,0.8229776376062717
3,598,22539,684,68.4453,-64.0666,323.0088,2.2462,7.6669,5.2236,-3.7873,0.8543,1.2782,6.451,-0.118,-0.0868,-1.535,van,616,76.4434,-74.7981,0.009,-0.0025,0.0033,0.0087,53.4281,0.009340770846134702,0.03362677504608493,-7.998099999999994,10.731500000000011,5.2146,-3.7848,6.443350386250929,13.384121034270429,0,03_613_616_22488_ego_616,0,22488,22488,22490,vehicle_vehicle,0.27263505511009967,1.638173700601931,2.7119367022350884,14.062367997602678,15.0,3.0,3.5,0.8,0.22860489933507547,0.8229776376062717
3,609,22539,356,98.2392,-61.9524,15.7419,2.2055,5.1926,8.8668,2.3291,0.9801,-1.6521,9.1661,0.1639,0.4951,1.8561,car,616,76.4434,-74.7981,0.009,-0.0025,0.0033,0.0087,53.4281,0.009340770846134702,0.03362677504608493,21.7958,12.845700000000008,8.8578,2.3316,9.159529431144374,25.29958312166428,0,03_613_616_22488_ego_616,0,22488,22488,22490,vehicle_vehicle,0.27263505511009967,1.638173700601931,2.7119367022350884,14.062367997602678,15.0,3.0,3.5,0.8,0.22860489933507547,0.8229776376062717
3,613,22539,257,83.9489,-68.2076,0.2813,2.0341,4.3748,8.4149,0.4445,-0.1475,3.1211,8.417,-0.4032,-0.1322,-3.1218,car,616,76.4434,-74.7981,0.009,-0.0025,0.0033,0.0087,53.4281,0.009340770846134702,0.03362677504608493,7.505499999999998,6.590500000000006,8.405899999999999,0.447,8.417776654794304,9.988354243818149,0,03_613_616_22488_ego_616,1,22488,22488,22490,vehicle_vehicle,0.27263505511009967,1.638173700601931,2.7119367022350884,14.062367997602678,15.0,3.0,3.5,0.8,0.22860489933507547,0.8229776376062717
3,616,22539,95,76.4434,-74.7981,53.4281,1.9987,4.0458,0.009,-0.0025,-0.0128,0.0177,0.0033,0.0087,0.0066,-0.0208,car,616,76.4434,-74.7981,0.009,-0.0025,0.0033,0.0087,53.4281,0.009340770846134702,0.03362677504608493,0.0,0.0,0.0,0.0,0.0,0.0,1,03_613_616_22488_ego_616,1,22488,22488,22490,vehicle_vehicle,0.27263505511009967,1.638173700601931,2.7119367022350884,14.062367997602678,15.0,3.0,3.5,0.8,0.22860489933507547,0.8229776376062717
3,598,22540,685,68.6546,-64.2152,323.499,2.2462,7.6669,5.2544,-3.7365,0.8757,1.2692,6.4464,-0.122,-0.051,-1.5412,van,616,76.4434,-74.7979,0.0087,-0.0016,0.0039,0.0079,53.4559,0.008845903006477066,0.03184525082331744,-7.788799999999995,10.582700000000003,5.2457,-3.7349,6.4394756385904595,13.13997506580587,0,03_613_616_22488_ego_616,0,22488,22488,22490,vehicle_vehicle,0.27263505511009967,1.638173700601931,2.7119367022350884,14.062367997602678,15.0,3.0,3.5,0.8,0.22860489933507547,0.8229776376062717
3,609,22540,357,98.5948,-61.8602,15.3185,2.2055,5.1926,8.9088,2.2605,0.9913,-1.732,9.1895,0.1734,0.4985,1.9324,car,616,76.4434,-74.7979,0.0087,-0.0016,0.0039,0.0079,53.4559,0.008845903006477066,0.03184525082331744,22.15140000000001,12.9377,8.9001,2.2620999999999998,9.1830755425402,25.652847858473734,0,03_613_616_22488_ego_616,0,22488,22488,22490,vehicle_vehicle,0.27263505511009967,1.638173700601931,2.7119367022350884,14.062367997602678,15.0,3.0,3.5,0.8,0.22860489933507547,0.8229776376062717
3,613,22540,258,84.2847,-68.1874,1.1159,2.0341,4.3748,8.4085,0.5693,-0.1759,3.1146,8.418,-0.4055,-0.1153,-3.1175,car,616,76.4434,-74.7979,0.0087,-0.0016,0.0039,0.0079,53.4559,0.008845903006477066,0.03184525082331744,7.841300000000004,6.610500000000002,8.3998,0.5709000000000001,8.419178513964413,10.255959045355052,0,03_613_616_22488_ego_616,1,22488,22488,22490,vehicle_vehicle,0.27263505511009967,1.638173700601931,2.7119367022350884,14.062367997602678,15.0,3.0,3.5,0.8,0.22860489933507547,0.8229776376062717
3,616,22540,96,76.4434,-74.7979,53.4559,1.9987,4.0458,0.0087,-0.0016,-0.0146,0.0171,0.0039,0.0079,0.0051,-0.0219,car,616,76.4434,-74.7979,0.0087,-0.0016,0.0039,0.0079,53.4559,0.008845903006477066,0.03184525082331744,0.0,0.0,0.0,0.0,0.0,0.0,1,03_613_616_22488_ego_616,1,22488,22488,22490,vehicle_vehicle,0.27263505511009967,1.638173700601931,2.7119367022350884,14.062367997602678,15.0,3.0,3.5,0.8,0.22860489933507547,0.8229776376062717
3,598,22541,686,68.8649,-64.3617,323.9943,2.2462,7.6669,5.2864,-3.6868,0.9003,1.2609,6.4438,-0.1252,-0.0129,-1.5493,van,616,76.4438,-74.7981,0.0082,-0.0006,0.0044,0.007,53.4876,0.008221921916437787,0.029598918899176034,-7.57889999999999,10.436400000000006,5.2782,-3.6862,6.437970618137364,12.897990935413159,0,03_613_616_22488_ego_616,0,22488,22488,22490,vehicle_vehicle,0.27263505511009967,1.638173700601931,2.7119367022350884,14.062367997602678,15.0,3.0,3.5,0.8,0.22860489933507547,0.8229776376062717
3,609,22541,358,98.9523,-61.7702,14.8647,2.2055,5.1926,8.951,2.1884,0.9998,-1.8093,9.2129,0.1811,0.5022,2.0052,car,616,76.4438,-74.7981,0.0082,-0.0006,0.0044,0.007,53.4876,0.008221921916437787,0.029598918899176034,22.508499999999998,13.027900000000002,8.9428,2.189,9.206812306113337,26.006898136071513,0,03_613_616_22488_ego_616,0,22488,22488,22490,vehicle_vehicle,0.27263505511009967,1.638173700601931,2.7119367022350884,14.062367997602678,15.0,3.0,3.5,0.8,0.22860489933507547,0.8229776376062717
3,613,22541,259,84.6206,-68.163,1.9413,2.0341,4.3748,8.4012,0.6942,-0.204,3.1081,8.4199,-0.4092,-0.0986,-3.1132,car,616,76.4438,-74.7981,0.0082,-0.0006,0.0044,0.007,53.4876,0.008221921916437787,0.029598918899176034,8.1768,6.635100000000008,8.392999999999999,0.6948000000000001,8.42170980502178,10.53017617373993,0,03_613_616_22488_ego_616,1,22488,22488,22490,vehicle_vehicle,0.27263505511009967,1.638173700601931,2.7119367022350884,14.062367997602678,15.0,3.0,3.5,0.8,0.22860489933507547,0.8229776376062717
3,616,22541,97,76.4438,-74.7981,53.4876,1.9987,4.0458,0.0082,-0.0006,-0.0165,0.0163,0.0044,0.007,0.0032,-0.023,car,616,76.4438,-74.7981,0.0082,-0.0006,0.0044,0.007,53.4876,0.008221921916437787,0.029598918899176034,0.0,0.0,0.0,0.0,0.0,0.0,1,03_613_616_22488_ego_616,1,22488,22488,22490,vehicle_vehicle,0.27263505511009967,1.638173700601931,2.7119367022350884,14.062367997602678,15.0,3.0,3.5,0.8,0.22860489933507547,0.8229776376062717
3,598,22542,687,69.0765,-64.5065,324.4899,2.2462,7.6669,5.3196,-3.6381,0.9279,1.2541,6.4434,-0.1284,0.0269,-1.5598,van,616,76.4446,-74.7982,0.0076,0.0004,0.0048,0.0059,53.5044,0.00761051903617618,0.027397868530234248,-7.368099999999998,10.291699999999992,5.312,-3.6385,6.438635433847766,12.657329358912953,0,03_613_616_22488_ego_616,0,22488,22488,22490,vehicle_vehicle,0.27263505511009967,1.638173700601931,2.7119367022350884,14.062367997602678,15.0,3.0,3.5,0.8,0.22860489933507547,0.8229776376062717
3,609,22542,359,99.3115,-61.683,14.3885,2.2055,5.1926,8.9935,2.1127,1.0058,-1.8835,9.2364,0.1884,0.5062,2.0743,car,616,76.4446,-74.7982,0.0076,0.0004,0.0048,0.0059,53.5044,0.00761051903617618,0.027397868530234248,22.8669,13.115199999999994,8.985899999999999,2.1123,9.230829328938976,26.361024006096574,0,03_613_616_22488_ego_616,0,22488,22488,22490,vehicle_vehicle,0.27263505511009967,1.638173700601931,2.7119367022350884,14.062367997602678,15.0,3.0,3.5,0.8,0.22860489933507547,0.8229776376062717
3,613,22542,260,84.9562,-68.134,2.7596,2.0341,4.3748,8.3928,0.8193,-0.2318,3.1009,8.4225,-0.4143,-0.0822,-3.1085,car,616,76.4446,-74.7982,0.0076,0.0004,0.0048,0.0059,53.5044,0.00761051903617618,0.027397868530234248,8.511600000000001,6.664199999999994,8.3852,0.8189000000000001,8.425092061811549,10.81012933317636,0,03_613_616_22488_ego_616,1,22488,22488,22490,vehicle_vehicle,0.27263505511009967,1.638173700601931,2.7119367022350884,14.062367997602678,15.0,3.0,3.5,0.8,0.22860489933507547,0.8229776376062717
3,616,22542,98,76.4446,-74.7982,53.5044,1.9987,4.0458,0.0076,0.0004,-0.0186,0.0151,0.0048,0.0059,0.0011,-0.024,car,616,76.4446,-74.7982,0.0076,0.0004,0.0048,0.0059,53.5044,0.00761051903617618,0.027397868530234248,0.0,0.0,0.0,0.0,0.0,0.0,1,03_613_616_22488_ego_616,1,22488,22488,22490,vehicle_vehicle,0.27263505511009967,1.638173700601931,2.7119367022350884,14.062367997602678,15.0,3.0,3.5,0.8,0.22860489933507547,0.8229776376062717
3,598,22543,688,69.2901,-64.6492,324.987,2.2462,7.6669,5.3539,-3.5904,0.9583,1.2494,6.445,-0.1312,0.068,-1.5731,van,616,76.4458,-74.7984,0.0064,0.0014,0.005,0.0043,53.4907,0.00655133574166368,0.02358480866998925,-7.15570000000001,10.149200000000008,5.3475,-3.5917999999999997,6.44179970893228,12.41814410972913,0,03_613_616_22488_ego_616,0,22488,22488,22490,vehicle_vehicle,0.27263505511009967,1.638173700601931,2.7119367022350884,14.062367997602678,15.0,3.0,3.5,0.8,0.22860489933507547,0.8229776376062717
3,609,22543,360,99.6723,-61.5989,13.8946,2.2055,5.1926,9.0361,2.0336,1.0094,-1.9541,9.26,0.1958,0.5106,2.1393,car,616,76.4458,-74.7984,0.0064,0.0014,0.005,0.0043,53.4907,0.00655133574166368,0.02358480866998925,23.2265,13.1995,9.0297,2.0322,9.255556111331183,26.715110003516738,0,03_613_616_22488_ego_616,0,22488,22488,22490,vehicle_vehicle,0.27263505511009967,1.638173700601931,2.7119367022350884,14.062367997602678,15.0,3.0,3.5,0.8,0.22860489933507547,0.8229776376062717
3,613,22543,261,85.2923,-68.1003,3.5833,2.0341,4.3748,8.3831,0.9448,-0.2593,3.0927,8.4257,-0.419,-0.0655,-3.1029,car,616,76.4458,-74.7984,0.0064,0.0014,0.005,0.0043,53.4907,0.00655133574166368,0.02358480866998925,8.846499999999992,6.698099999999997,8.376700000000001,0.9434,8.42965636606855,11.096175280699192,0,03_613_616_22488_ego_616,1,22488,22488,22490,vehicle_vehicle,0.27263505511009967,1.638173700601931,2.7119367022350884,14.062367997602678,15.0,3.0,3.5,0.8,0.22860489933507547,0.8229776376062717
3,616,22543,99,76.4458,-74.7984,53.4907,1.9987,4.0458,0.0064,0.0014,-0.0205,0.0136,0.005,0.0043,-0.0013,-0.0245,car,616,76.4458,-74.7984,0.0064,0.0014,0.005,0.0043,53.4907,0.00655133574166368,0.02358480866998925,0.0,0.0,0.0,0.0,0.0,0.0,1,03_613_616_22488_ego_616,1,22488,22488,22490,vehicle_vehicle,0.27263505511009967,1.638173700601931,2.7119367022350884,14.062367997602678,15.0,3.0,3.5,0.8,0.22860489933507547,0.8229776376062717
3,598,22544,689,69.5044,-64.79,325.507,2.2462,7.6669,5.3896,-3.5437,0.9914,1.2475,6.4489,-0.1315,0.1106,-1.5896,van,616,76.4465,-74.7981,0.0051,0.0023,0.0049,0.0027,53.4657,0.005594640292279746,0.020140705052207088,-6.942099999999996,10.008099999999999,5.3845,-3.546,6.447244081776336,12.18009926150029,0,03_613_616_22488_ego_616,0,22488,22488,22490,vehicle_vehicle,0.27263505511009967,1.638173700601931,2.7119367022350884,14.062367997602678,15.0,3.0,3.5,0.8,0.22860489933507547,0.8229776376062717
3,609,22544,361,100.0347,-61.5183,13.3922,2.2055,5.1926,9.0788,1.9514,1.0106,-2.0209,9.2839,0.2045,0.515,2.2,car,616,76.4465,-74.7981,0.0051,0.0023,0.0049,0.0027,53.4657,0.005594640292279746,0.020140705052207088,23.5882,13.279800000000002,9.073699999999999,1.9491,9.280680066676148,27.069471130408143,0,03_613_616_22488_ego_616,0,22488,22488,22490,vehicle_vehicle,0.27263505511009967,1.638173700601931,2.7119367022350884,14.062367997602678,15.0,3.0,3.5,0.8,0.22860489933507547,0.8229776376062717
3,613,22544,262,85.6279,-68.0613,4.4275,2.0341,4.3748,8.3721,1.0704,-0.2862,3.0828,8.4297,-0.4209,-0.0473,-3.0957,car,616,76.4465,-74.7981,0.0051,0.0023,0.0049,0.0027,53.4657,0.005594640292279746,0.020140705052207088,9.181399999999996,6.736800000000002,8.366999999999999,1.0681,8.43489932423618,11.38782596459921,0,03_613_616_22488_ego_616,1,22488,22488,22490,vehicle_vehicle,0.27263505511009967,1.638173700601931,2.7119367022350884,14.062367997602678,15.0,3.0,3.5,0.8,0.22860489933507547,0.8229776376062717
3,616,22544,100,76.4465,-74.7981,53.4657,1.9987,4.0458,0.0051,0.0023,-0.0219,0.0117,0.0049,0.0027,-0.0037,-0.0245,car,616,76.4465,-74.7981,0.0051,0.0023,0.0049,0.0027,53.4657,0.005594640292279746,0.020140705052207088,0.0,0.0,0.0,0.0,0.0,0.0,1,03_613_616_22488_ego_616,1,22488,22488,22490,vehicle_vehicle,0.27263505511009967,1.638173700601931,2.7119367022350884,14.062367997602678,15.0,3.0,3.5,0.8,0.22860489933507547,0.8229776376062717
3,598,22545,690,69.7196,-64.9293,326.0563,2.2462,7.6669,5.4271,-3.4976,1.0268,1.2492,6.4553,-0.1288,0.1543,-1.6097,van,616,76.4466,-74.7974,0.0036,0.0029,0.0045,0.0012,53.4306,0.004622769732530488,0.016641971037109758,-6.727000000000004,9.868099999999998,5.423500000000001,-3.5004999999999997,6.455064097280522,11.942860905578698,0,03_613_616_22488_ego_616,0,22488,22488,22490,vehicle_vehicle,0.27263505511009967,1.638173700601931,2.7119367022350884,14.062367997602678,15.0,3.0,3.5,0.8,0.22860489933507547,0.8229776376062717
3,609,22545,362,100.3995,-61.4431,12.869,2.2055,5.1926,9.1212,1.8669,1.0097,-2.0838,9.3079,0.2114,0.5202,2.2563,car,616,76.4466,-74.7974,0.0036,0.0029,0.0045,0.0012,53.4306,0.004622769732530488,0.016641971037109758,23.9529,13.354299999999995,9.1176,1.864,9.306187498648413,27.42405416600543,0,03_613_616_22488_ego_616,0,22488,22488,22490,vehicle_vehicle,0.27263505511009967,1.638173700601931,2.7119367022350884,14.062367997602678,15.0,3.0,3.5,0.8,0.22860489933507547,0.8229776376062717
3,613,22545,263,85.9627,-68.0174,5.2881,2.0341,4.3748,8.3599,1.1962,-0.3124,3.0707,8.4346,-0.4206,-0.0281,-3.0865,car,616,76.4466,-74.7974,0.0036,0.0029,0.0045,0.0012,53.4306,0.004622769732530488,0.016641971037109758,9.516099999999994,6.780000000000001,8.3563,1.1933,8.441073070409946,11.684372435436996,0,03_613_616_22488_ego_616,1,22488,22488,22490,vehicle_vehicle,0.27263505511009967,1.638173700601931,2.7119367022350884,14.062367997602678,15.0,3.0,3.5,0.8,0.22860489933507547,0.8229776376062717
3,616,22545,101,76.4466,-74.7974,53.4306,1.9987,4.0458,0.0036,0.0029,-0.0227,0.0095,0.0045,0.0012,-0.0059,-0.0239,car,616,76.4466,-74.7974,0.0036,0.0029,0.0045,0.0012,53.4306,0.004622769732530488,0.016641971037109758,0.0,0.0,0.0,0.0,0.0,0.0,1,03_613_616_22488_ego_616,1,22488,22488,22490,vehicle_vehicle,0.27263505511009967,1.638173700601931,2.7119367022350884,14.062367997602678,15.0,3.0,3.5,0.8,0.22860489933507547,0.8229776376062717
3,598,22546,691,69.9359,-65.0674,326.6498,2.2462,7.6669,5.4667,-3.4517,1.0641,1.2548,6.4641,-0.122,0.1991,-1.6332,van,616,76.4468,-74.7969,0.0022,0.0032,0.0039,-0.0002,53.3871,0.00388329756778952,0.013979871244042272,-6.510899999999992,9.729499999999987,5.4645,-3.4549000000000003,6.465067227802043,11.707048691279953,0,03_613_616_22488_ego_616,0,22488,22488,22490,vehicle_vehicle,0.27263505511009967,1.638173700601931,2.7119367022350884,14.062367997602678,15.0,3.0,3.5,0.8,0.22860489933507547,0.8229776376062717
3,609,22546,363,100.7657,-61.3708,12.3372,2.2055,5.1926,9.1633,1.7803,1.0069,-2.1433,9.3321,0.2187,0.5257,2.3089,car,616,76.4468,-74.7969,0.0022,0.0032,0.0039,-0.0002,53.3871,0.00388329756778952,0.013979871244042272,24.3189,13.426099999999991,9.1611,1.7771,9.33187213907263,27.778931916472235,0,03_613_616_22488_ego_616,0,22488,22488,22490,vehicle_vehicle,0.27263505511009967,1.638173700601931,2.7119367022350884,14.062367997602678,15.0,3.0,3.5,0.8,0.22860489933507547,0.8229776376062717
3,613,22546,264,86.2968,-67.9684,6.1523,2.0341,4.3748,8.3468,1.322,-0.338,3.0559,8.4404,-0.4199,-0.0086,-3.0745,car,616,76.4468,-74.7969,0.0022,0.0032,0.0039,-0.0002,53.3871,0.00388329756778952,0.013979871244042272,9.850000000000009,6.828499999999991,8.3446,1.3188,8.44817036996769,11.985445851114594,0,03_613_616_22488_ego_616,1,22488,22488,22490,vehicle_vehicle,0.27263505511009967,1.638173700601931,2.7119367022350884,14.062367997602678,15.0,3.0,3.5,0.8,0.22860489933507547,0.8229776376062717
3,616,22546,102,76.4468,-74.7969,53.3871,1.9987,4.0458,0.0022,0.0032,-0.023,0.0074,0.0039,-0.0002,-0.0078,-0.0229,car,616,76.4468,-74.7969,0.0022,0.0032,0.0039,-0.0002,53.3871,0.00388329756778952,0.013979871244042272,0.0,0.0,0.0,0.0,0.0,0.0,1,03_613_616_22488_ego_616,1,22488,22488,22490,vehicle_vehicle,0.27263505511009967,1.638173700601931,2.7119367022350884,14.062367997602678,15.0,3.0,3.5,0.8,0.22860489933507547,0.8229776376062717
3,598,22547,692,70.1538,-65.2044,327.285,2.2462,7.6669,5.5084,-3.4057,1.1026,1.2645,6.4753,-0.1117,0.2443,-1.6598,van,616,76.4468,-74.7965,0.0007,0.0033,0.0031,-0.0014,53.3507,0.0033734255586866002,0.01214433201127176,-6.292999999999992,9.592099999999988,5.5077,-3.409,6.477348245231222,11.47215025224128,0,03_613_616_22488_ego_616,0,22488,22488,22490,vehicle_vehicle,0.27263505511009967,1.638173700601931,2.7119367022350884,14.062367997602678,15.0,3.0,3.5,0.8,0.22860489933507547,0.8229776376062717
3,609,22547,364,101.1342,-61.3022,11.793,2.2055,5.1926,9.2049,1.6916,1.0026,-2.1996,9.3563,0.2253,0.5319,2.3581,car,616,76.4468,-74.7965,0.0007,0.0033,0.0031,-0.0014,53.3507,0.0033734255586866002,0.01214433201127176,24.68740000000001,13.494299999999996,9.2042,1.6883,9.357759054923353,28.134744556331064,0,03_613_616_22488_ego_616,0,22488,22488,22490,vehicle_vehicle,0.27263505511009967,1.638173700601931,2.7119367022350884,14.062367997602678,15.0,3.0,3.5,0.8,0.22860489933507547,0.8229776376062717
3,613,22547,265,86.6309,-67.9144,7.04,2.0341,4.3748,8.3324,1.4478,-0.3628,3.0378,8.447,-0.4156,0.0123,-3.0594,car,616,76.4468,-74.7965,0.0007,0.0033,0.0031,-0.0014,53.3507,0.0033734255586866002,0.01214433201127176,10.1841,6.882099999999994,8.3317,1.4445,8.45599226229542,12.291427631483657,0,03_613_616_22488_ego_616,1,22488,22488,22490,vehicle_vehicle,0.27263505511009967,1.638173700601931,2.7119367022350884,14.062367997602678,15.0,3.0,3.5,0.8,0.22860489933507547,0.8229776376062717
3,616,22547,103,76.4468,-74.7965,53.3507,1.9987,4.0458,0.0007,0.0033,-0.0228,0.0053,0.0031,-0.0014,-0.0094,-0.0214,car,616,76.4468,-74.7965,0.0007,0.0033,0.0031,-0.0014,53.3507,0.0033734255586866002,0.01214433201127176,0.0,0.0,0.0,0.0,0.0,0.0,1,03_613_616_22488_ego_616,1,22488,22488,22490,vehicle_vehicle,0.27263505511009967,1.638173700601931,2.7119367022350884,14.062367997602678,15.0,3.0,3.5,0.8,0.22860489933507547,0.8229776376062717
3,598,22548,693,70.3726,-65.3407,327.9605,2.2462,7.6669,5.5526,-3.3588,1.1414,1.2781,6.4887,-0.0985,0.2895,-1.689,van,616,76.4463,-74.7959,-0.0005,0.0032,0.0023,-0.0023,53.3097,0.0032388269481403295,0.011659777013305186,-6.073699999999988,9.455200000000005,5.5531,-3.362,6.491530143964518,11.237910781368571,0,03_613_616_22488_ego_616,0,22488,22488,22490,vehicle_vehicle,0.27263505511009967,1.638173700601931,2.7119367022350884,14.062367997602678,15.0,3.0,3.5,0.8,0.22860489933507547,0.8229776376062717
3,609,22548,365,101.504,-61.2364,11.2263,2.2055,5.1926,9.2459,1.6007,0.9972,-2.253,9.3806,0.2299,0.5395,2.4041,car,616,76.4463,-74.7959,-0.0005,0.0032,0.0023,-0.0023,53.3097,0.0032388269481403295,0.011659777013305186,25.05770000000001,13.5595,9.246400000000001,1.5975,9.383385274515804,28.49119810643281,0,03_613_616_22488_ego_616,0,22488,22488,22490,vehicle_vehicle,0.27263505511009967,1.638173700601931,2.7119367022350884,14.062367997602678,15.0,3.0,3.5,0.8,0.22860489933507547,0.8229776376062717
3,613,22548,266,86.9645,-67.8553,7.9467,2.0341,4.3748,8.3167,1.5733,-0.3866,3.0159,8.4544,-0.4084,0.0341,-3.0404,car,616,76.4463,-74.7959,-0.0005,0.0032,0.0023,-0.0023,53.3097,0.0032388269481403295,0.011659777013305186,10.518200000000007,6.940600000000003,8.317200000000001,1.5700999999999998,8.464102424356645,12.60176414634079,0,03_613_616_22488_ego_616,1,22488,22488,22490,vehicle_vehicle,0.27263505511009967,1.638173700601931,2.7119367022350884,14.062367997602678,15.0,3.0,3.5,0.8,0.22860489933507547,0.8229776376062717
3,616,22548,104,76.4463,-74.7959,53.3097,1.9987,4.0458,-0.0005,0.0032,-0.0221,0.0035,0.0023,-0.0023,-0.0104,-0.0198,car,616,76.4463,-74.7959,-0.0005,0.0032,0.0023,-0.0023,53.3097,0.0032388269481403295,0.011659777013305186,0.0,0.0,0.0,0.0,0.0,0.0,1,03_613_616_22488_ego_616,1,22488,22488,22490,vehicle_vehicle,0.27263505511009967,1.638173700601931,2.7119367022350884,14.062367997602678,15.0,3.0,3.5,0.8,0.22860489933507547,0.8229776376062717
3,598,22549,694,70.593,-65.4749,328.6371,2.2462,7.6669,5.5995,-3.311,1.1796,1.2953,6.5046,-0.087,0.3331,-1.72,van,616,76.4462,-74.796,-0.0017,0.0031,0.0014,-0.0032,53.2783,0.0035355339059327377,0.012727922061357855,-5.853200000000001,9.321100000000001,5.6011999999999995,-3.3141,6.508202536030973,11.00649151410203,0,03_613_616_22488_ego_616,0,22488,22488,22490,vehicle_vehicle,0.27263505511009967,1.638173700601931,2.7119367022350884,14.062367997602678,15.0,3.0,3.5,0.8,0.22860489933507547,0.8229776376062717
3,609,22549,366,101.8748,-61.1738,10.6439,2.2055,5.1926,9.2867,1.5076,0.9908,-2.3035,9.4054,0.2337,0.5483,2.4469,car,616,76.4462,-74.796,-0.0017,0.0031,0.0014,-0.0032,53.2783,0.0035355339059327377,0.012727922061357855,25.42859999999999,13.622200000000007,9.2884,1.5045,9.409457731984345,28.847496092382084,0,03_613_616_22488_ego_616,0,22488,22488,22490,vehicle_vehicle,0.27263505511009967,1.638173700601931,2.7119367022350884,14.062367997602678,15.0,3.0,3.5,0.8,0.22860489933507547,0.8229776376062717
3,613,22549,267,87.2968,-67.7909,8.8566,2.0341,4.3748,8.3001,1.6983,-0.4092,2.9898,8.4627,-0.4002,0.056,-3.0172,car,616,76.4462,-74.796,-0.0017,0.0031,0.0014,-0.0032,53.2783,0.0035355339059327377,0.012727922061357855,10.8506,7.005100000000013,8.3018,1.6951999999999998,8.473109599196743,12.915376354175676,0,03_613_616_22488_ego_616,1,22488,22488,22490,vehicle_vehicle,0.27263505511009967,1.638173700601931,2.7119367022350884,14.062367997602678,15.0,3.0,3.5,0.8,0.22860489933507547,0.8229776376062717
3,616,22549,105,76.4462,-74.796,53.2783,1.9987,4.0458,-0.0017,0.0031,-0.0211,0.002,0.0014,-0.0032,-0.011,-0.0181,car,616,76.4462,-74.796,-0.0017,0.0031,0.0014,-0.0032,53.2783,0.0035355339059327377,0.012727922061357855,0.0,0.0,0.0,0.0,0.0,0.0,1,03_613_616_22488_ego_616,1,22488,22488,22490,vehicle_vehicle,0.27263505511009967,1.638173700601931,2.7119367022350884,14.062367997602678,15.0,3.0,3.5,0.8,0.22860489933507547,0.8229776376062717
3,598,22550,695,70.8159,-65.6068,329.3222,2.2462,7.6669,5.6486,-3.2624,1.2163,1.3157,6.5226,-0.0762,0.3748,-1.7521,van,616,76.4459,-74.7959,-0.0028,0.0029,0.0007,-0.004,53.2552,0.004031128874149275,0.01451206394693739,-5.6299999999999955,9.189099999999996,5.6514,-3.2653,6.526906315399356,10.776662693524369,0,03_613_616_22488_ego_616,0,22488,22488,22490,vehicle_vehicle,0.27263505511009967,1.638173700601931,2.7119367022350884,14.062367997602678,15.0,3.0,3.5,0.8,0.22860489933507547,0.8229776376062717
3,609,22550,367,102.2477,-61.1154,10.0489,2.2055,5.1926,9.327,1.4124,0.9838,-2.3509,9.4303,0.2367,0.5585,2.4865,car,616,76.4459,-74.7959,-0.0028,0.0029,0.0007,-0.004,53.2552,0.004031128874149275,0.01451206394693739,25.8018,13.680500000000002,9.3298,1.4095000000000002,9.435669466974772,29.204262762309206,0,03_613_616_22488_ego_616,0,22488,22488,22490,vehicle_vehicle,0.27263505511009967,1.638173700601931,2.7119367022350884,14.062367997602678,15.0,3.0,3.5,0.8,0.22860489933507547,0.8229776376062717
3,613,22550,268,87.6294,-67.7221,9.7714,2.0341,4.3748,8.2823,1.823,-0.4306,2.9591,8.4715,-0.3909,0.0778,-2.9892,car,616,76.4459,-74.7959,-0.0028,0.0029,0.0007,-0.004,53.2552,0.004031128874149275,0.01451206394693739,11.18350000000001,7.073800000000006,8.2851,1.8201,8.482667388268856,13.23288776835957,0,03_613_616_22488_ego_616,1,22488,22488,22490,vehicle_vehicle,0.27263505511009967,1.638173700601931,2.7119367022350884,14.062367997602678,15.0,3.0,3.5,0.8,0.22860489933507547,0.8229776376062717
3,616,22550,106,76.4459,-74.7959,53.2552,1.9987,4.0458,-0.0028,0.0029,-0.0198,0.0007,0.0007,-0.004,-0.0113,-0.0163,car,616,76.4459,-74.7959,-0.0028,0.0029,0.0007,-0.004,53.2552,0.004031128874149275,0.01451206394693739,0.0,0.0,0.0,0.0,0.0,0.0,1,03_613_616_22488_ego_616,1,22488,22488,22490,vehicle_vehicle,0.27263505511009967,1.638173700601931,2.7119367022350884,14.062367997602678,15.0,3.0,3.5,0.8,0.22860489933507547,0.8229776376062717
3,598,22551,696,71.0409,-65.7368,330.0246,2.2462,7.6669,5.7,-3.2127,1.2505,1.3392,6.5427,-0.0649,0.4142,-1.7849,van,616,76.4455,-74.7958,-0.0037,0.0027,-0.0001,-0.0046,53.2297,0.004580392996239515,0.016489414786462257,-5.404600000000002,9.058999999999997,5.7037,-3.2154,6.54759427958086,10.54870523618894,0,03_613_616_22488_ego_616,0,22488,22488,22490,vehicle_vehicle,0.27263505511009967,1.638173700601931,2.7119367022350884,14.062367997602678,15.0,3.0,3.5,0.8,0.22860489933507547,0.8229776376062717
3,609,22551,368,102.6218,-61.0602,9.4463,2.2055,5.1926,9.3669,1.3151,0.9761,-2.3952,9.4557,0.24,0.5697,2.5229,car,616,76.4455,-74.7958,-0.0037,0.0027,-0.0001,-0.0046,53.2297,0.004580392996239515,0.016489414786462257,26.176299999999998,13.735599999999998,9.3706,1.3124,9.462057816352635,29.561214268869264,0,03_613_616_22488_ego_616,0,22488,22488,22490,vehicle_vehicle,0.27263505511009967,1.638173700601931,2.7119367022350884,14.062367997602678,15.0,3.0,3.5,0.8,0.22860489933507547,0.8229776376062717
3,613,22551,269,87.9613,-67.6483,10.6872,2.0341,4.3748,8.2632,1.9469,-0.4503,2.923,8.4809,-0.3808,0.0995,-2.9558,car,616,76.4455,-74.7958,-0.0037,0.0027,-0.0001,-0.0046,53.2297,0.004580392996239515,0.016489414786462257,11.515799999999999,7.147499999999994,8.2669,1.9442000000000002,8.492440712186339,13.553612281971176,0,03_613_616_22488_ego_616,1,22488,22488,22490,vehicle_vehicle,0.27263505511009967,1.638173700601931,2.7119367022350884,14.062367997602678,15.0,3.0,3.5,0.8,0.22860489933507547,0.8229776376062717
3,616,22551,107,76.4455,-74.7958,53.2297,1.9987,4.0458,-0.0037,0.0027,-0.0184,-0.0003,-0.0001,-0.0046,-0.0112,-0.0146,car,616,76.4455,-74.7958,-0.0037,0.0027,-0.0001,-0.0046,53.2297,0.004580392996239515,0.016489414786462257,0.0,0.0,0.0,0.0,0.0,0.0,1,03_613_616_22488_ego_616,1,22488,22488,22490,vehicle_vehicle,0.27263505511009967,1.638173700601931,2.7119367022350884,14.062367997602678,15.0,3.0,3.5,0.8,0.22860489933507547,0.8229776376062717
3,598,22552,697,71.2689,-65.8649,330.7309,2.2462,7.6669,5.7532,-3.1618,1.2819,1.3655,6.5645,-0.0546,0.4506,-1.8179,van,616,76.4459,-74.7959,-0.0048,0.0025,-0.0009,-0.0053,53.1954,0.005412023651093923,0.01948328514393812,-5.1769999999999925,8.930999999999997,5.758,-3.1643,6.57018709703156,10.322988423901283,0,03_613_616_22488_ego_616,0,22488,22488,22490,vehicle_vehicle,0.27263505511009967,1.638173700601931,2.7119367022350884,14.062367997602678,15.0,3.0,3.5,0.8,0.22860489933507547,0.8229776376062717
3,609,22552,369,102.9965,-61.0089,8.8228,2.2055,5.1926,9.4068,1.2158,0.9677,-2.4361,9.4819,0.2414,0.5826,2.5557,car,616,76.4459,-74.7959,-0.0048,0.0025,-0.0009,-0.0053,53.1954,0.005412023651093923,0.01948328514393812,26.550600000000003,13.787000000000006,9.4116,1.2133,9.4894842562702,29.916813489407595,0,03_613_616_22488_ego_616,0,22488,22488,22490,vehicle_vehicle,0.27263505511009967,1.638173700601931,2.7119367022350884,14.062367997602678,15.0,3.0,3.5,0.8,0.22860489933507547,0.8229776376062717
3,613,22552,270,88.2927,-67.5698,11.5923,2.0341,4.3748,8.2429,2.0702,-0.468,2.8809,8.4907,-0.3715,0.1205,-2.9162,car,616,76.4459,-74.7959,-0.0048,0.0025,-0.0009,-0.0053,53.1954,0.005412023651093923,0.01948328514393812,11.846800000000002,7.226100000000002,8.2477,2.0677,8.502937056100086,13.876714000439732,0,03_613_616_22488_ego_616,1,22488,22488,22490,vehicle_vehicle,0.27263505511009967,1.638173700601931,2.7119367022350884,14.062367997602678,15.0,3.0,3.5,0.8,0.22860489933507547,0.8229776376062717
3,616,22552,108,76.4459,-74.7959,53.1954,1.9987,4.0458,-0.0048,0.0025,-0.0167,-0.0011,-0.0009,-0.0053,-0.0109,-0.0127,car,616,76.4459,-74.7959,-0.0048,0.0025,-0.0009,-0.0053,53.1954,0.005412023651093923,0.01948328514393812,0.0,0.0,0.0,0.0,0.0,0.0,1,03_613_616_22488_ego_616,1,22488,22488,22490,vehicle_vehicle,0.27263505511009967,1.638173700601931,2.7119367022350884,14.062367997602678,15.0,3.0,3.5,0.8,0.22860489933507547,0.8229776376062717
3,598,22553,698,71.4985,-65.9907,331.4355,2.2462,7.6669,5.8082,-3.1097,1.3097,1.3944,6.5881,-0.046,0.4836,-1.8509,van,616,76.4458,-74.7959,-0.0059,0.0023,-0.0017,-0.0061,53.1581,0.006332456079595025,0.02279684188654209,-4.9472999999999985,8.8052,5.8141,-3.112,6.594566157830248,10.099867540220513,0,03_613_616_22488_ego_616,0,22488,22488,22490,vehicle_vehicle,0.27263505511009967,1.638173700601931,2.7119367022350884,14.062367997602678,15.0,3.0,3.5,0.8,0.22860489933507547,0.8229776376062717
3,609,22553,370,103.3733,-60.9611,8.1843,2.2055,5.1926,9.4464,1.1144,0.9584,-2.4733,9.5089,0.2417,0.5965,2.5845,car,616,76.4458,-74.7959,-0.0059,0.0023,-0.0017,-0.0061,53.1581,0.006332456079595025,0.02279684188654209,26.927499999999995,13.834800000000001,9.452300000000001,1.1121,9.517496608877778,30.273618007928945,0,03_613_616_22488_ego_616,0,22488,22488,22490,vehicle_vehicle,0.27263505511009967,1.638173700601931,2.7119367022350884,14.062367997602678,15.0,3.0,3.5,0.8,0.22860489933507547,0.8229776376062717
3,613,22553,271,88.6231,-67.4862,12.506,2.0341,4.3748,8.2214,2.1923,-0.483,2.8322,8.5011,-0.36,0.1417,-2.8696,car,616,76.4458,-74.7959,-0.0059,0.0023,-0.0017,-0.0061,53.1581,0.006332456079595025,0.02279684188654209,12.177299999999988,7.3097000000000065,8.2273,2.19,8.513786777339446,14.202758513049492,0,03_613_616_22488_ego_616,1,22488,22488,22490,vehicle_vehicle,0.27263505511009967,1.638173700601931,2.7119367022350884,14.062367997602678,15.0,3.0,3.5,0.8,0.22860489933507547,0.8229776376062717
3,616,22553,109,76.4458,-74.7959,53.1581,1.9987,4.0458,-0.0059,0.0023,-0.0146,-0.0017,-0.0017,-0.0061,-0.0101,-0.0107,car,616,76.4458,-74.7959,-0.0059,0.0023,-0.0017,-0.0061,53.1581,0.006332456079595025,0.02279684188654209,0.0,0.0,0.0,0.0,0.0,0.0,1,03_613_616_22488_ego_616,1,22488,22488,22490,vehicle_vehicle,0.27263505511009967,1.638173700601931,2.7119367022350884,14.062367997602678,15.0,3.0,3.5,0.8,0.22860489933507547,0.8229776376062717
3,598,22554,699,71.7307,-66.114,332.1357,2.2462,7.6669,5.8648,-3.0564,1.3336,1.4258,6.6134,-0.039,0.5126,-1.8838,van,616,76.4454,-74.7958,-0.0068,0.0022,-0.0024,-0.0067,53.1343,0.007147027354082255,0.02572929847469612,-4.714700000000008,8.681799999999996,5.8716,-3.0586,6.620477363453484,9.879374845100271,0,03_613_616_22488_ego_616,0,22488,22488,22490,vehicle_vehicle,0.27263505511009967,1.638173700601931,2.7119367022350884,14.062367997602678,15.0,3.0,3.5,0.8,0.22860489933507547,0.8229776376062717
3,609,22554,371,103.7518,-60.9183,7.5424,2.2055,5.1926,9.4858,1.0114,0.9481,-2.5065,9.5365,0.2424,0.6109,2.6092,car,616,76.4454,-74.7958,-0.0068,0.0022,-0.0024,-0.0067,53.1343,0.007147027354082255,0.02572929847469612,27.306399999999996,13.877499999999998,9.4926,1.0092,9.546095505493332,30.630450326594936,0,03_613_616_22488_ego_616,0,22488,22488,22490,vehicle_vehicle,0.27263505511009967,1.638173700601931,2.7119367022350884,14.062367997602678,15.0,3.0,3.5,0.8,0.22860489933507547,0.8229776376062717
3,613,22554,272,88.9525,-67.3973,13.4154,2.0341,4.3748,8.1989,2.3129,-0.4952,2.7765,8.5118,-0.3475,0.1625,-2.8156,car,616,76.4454,-74.7958,-0.0068,0.0022,-0.0024,-0.0067,53.1343,0.007147027354082255,0.02572929847469612,12.507099999999994,7.3984999999999985,8.2057,2.3106999999999998,8.524837064718598,14.53152960496588,0,03_613_616_22488_ego_616,1,22488,22488,22490,vehicle_vehicle,0.27263505511009967,1.638173700601931,2.7119367022350884,14.062367997602678,15.0,3.0,3.5,0.8,0.22860489933507547,0.8229776376062717
3,616,22554,110,76.4454,-74.7958,53.1343,1.9987,4.0458,-0.0068,0.0022,-0.0122,-0.0022,-0.0024,-0.0067,-0.0091,-0.0084,car,616,76.4454,-74.7958,-0.0068,0.0022,-0.0024,-0.0067,53.1343,0.007147027354082255,0.02572929847469612,0.0,0.0,0.0,0.0,0.0,0.0,1,03_613_616_22488_ego_616,1,22488,22488,22490,vehicle_vehicle,0.27263505511009967,1.638173700601931,2.7119367022350884,14.062367997602678,15.0,3.0,3.5,0.8,0.22860489933507547,0.8229776376062717
3,598,22555,700,71.9661,-66.2351,332.8282,2.2462,7.6669,5.9225,-3.0019,1.3532,1.4597,6.6398,-0.034,0.5372,-1.9166,van,616,76.4447,-74.7958,-0.0074,0.002,-0.0029,-0.0071,53.1221,0.007665507158694721,0.027595825771300996,-4.4786,8.560699999999997,5.9299,-3.0039,6.6473400108614875,9.661441013120141,0,03_613_616_22488_ego_616,0,22488,22488,22490,vehicle_vehicle,0.27263505511009967,1.638173700601931,2.7119367022350884,14.062367997602678,15.0,3.0,3.5,0.8,0.22860489933507547,0.8229776376062717
3,609,22555,372,104.132,-60.88,6.8849,2.2055,5.1926,9.5247,0.9072,0.9368,-2.5356,9.5648,0.2411,0.6261,2.6297,car,616,76.4447,-74.7958,-0.0074,0.002,-0.0029,-0.0071,53.1221,0.007665507158694721,0.027595825771300996,27.687300000000008,13.915799999999997,9.5321,0.9052,9.574983939934311,30.98767611373916,0,03_613_616_22488_ego_616,0,22488,22488,22490,vehicle_vehicle,0.27263505511009967,1.638173700601931,2.7119367022350884,14.062367997602678,15.0,3.0,3.5,0.8,0.22860489933507547,0.8229776376062717
3,613,22555,273,89.2813,-67.3032,14.3038,2.0341,4.3748,8.1755,2.4315,-0.5039,2.7133,8.5228,-0.3363,0.1821,-2.7537,car,616,76.4447,-74.7958,-0.0074,0.002,-0.0029,-0.0071,53.1221,0.007665507158694721,0.027595825771300996,12.836600000000004,7.492599999999996,8.1829,2.4295000000000004,8.53594298598579,14.863288812372584,0,03_613_616_22488_ego_616,1,22488,22488,22490,vehicle_vehicle,0.27263505511009967,1.638173700601931,2.7119367022350884,14.062367997602678,15.0,3.0,3.5,0.8,0.22860489933507547,0.8229776376062717
3,616,22555,111,76.4447,-74.7958,53.1221,1.9987,4.0458,-0.0074,0.002,-0.0095,-0.0027,-0.0029,-0.0071,-0.0078,-0.006,car,616,76.4447,-74.7958,-0.0074,0.002,-0.0029,-0.0071,53.1221,0.007665507158694721,0.027595825771300996,0.0,0.0,0.0,0.0,0.0,0.0,1,03_613_616_22488_ego_616,1,22488,22488,22490,vehicle_vehicle,0.27263505511009967,1.638173700601931,2.7119367022350884,14.062367997602678,15.0,3.0,3.5,0.8,0.22860489933507547,0.8229776376062717
3,598,22556,701,72.2042,-66.3545,333.5178,2.2462,7.6669,5.981,-2.9458,1.3684,1.496,6.667,-0.0303,0.5577,-1.9493,van,616,76.4446,-74.7961,-0.0081,0.0019,-0.0033,-0.0076,53.1153,0.008319855767980595,0.029951480764730143,-4.240399999999994,8.441599999999994,5.9891,-2.9477,6.675196933424512,9.44677737220476,0,03_613_616_22488_ego_616,0,22488,22488,22490,vehicle_vehicle,0.27263505511009967,1.638173700601931,2.7119367022350884,14.062367997602678,15.0,3.0,3.5,0.8,0.22860489933507547,0.8229776376062717
3,609,22556,373,104.5135,-60.846,6.2299,2.2055,5.1926,9.5632,0.8019,0.9245,-2.5609,9.5938,0.2406,0.6412,2.6461,car,616,76.4446,-74.7961,-0.0081,0.0019,-0.0033,-0.0076,53.1153,0.008319855767980595,0.029951480764730143,28.0689,13.950099999999999,9.5713,0.7999999999999999,9.604675095493862,31.34435255703968,0,03_613_616_22488_ego_616,0,22488,22488,22490,vehicle_vehicle,0.27263505511009967,1.638173700601931,2.7119367022350884,14.062367997602678,15.0,3.0,3.5,0.8,0.22860489933507547,0.8229776376062717
3,613,22556,274,89.6091,-67.2041,15.1808,2.0341,4.3748,8.1512,2.5477,-0.5088,2.6425,8.534,-0.3243,0.2009,-2.6835,car,616,76.4446,-74.7961,-0.0081,0.0019,-0.0033,-0.0076,53.1153,0.008319855767980595,0.029951480764730143,13.164500000000004,7.591999999999999,8.1593,2.5458,8.547237807034504,15.196793222584825,0,03_613_616_22488_ego_616,1,22488,22488,22490,vehicle_vehicle,0.27263505511009967,1.638173700601931,2.7119367022350884,14.062367997602678,15.0,3.0,3.5,0.8,0.22860489933507547,0.8229776376062717
3,616,22556,112,76.4446,-74.7961,53.1153,1.9987,4.0458,-0.0081,0.0019,-0.0066,-0.0031,-0.0033,-0.0076,-0.0064,-0.0034,car,616,76.4446,-74.7961,-0.0081,0.0019,-0.0033,-0.0076,53.1153,0.008319855767980595,0.029951480764730143,0.0,0.0,0.0,0.0,0.0,0.0,1,03_613_616_22488_ego_616,1,22488,22488,22490,vehicle_vehicle,0.27263505511009967,1.638173700601931,2.7119367022350884,14.062367997602678,15.0,3.0,3.5,0.8,0.22860489933507547,0.8229776376062717
3,598,22557,702,72.4446,-66.4712,334.1982,2.2462,7.6669,6.04,-2.8883,1.3794,1.5347,6.695,-0.0286,0.5739,-1.982,van,616,76.444,-74.796,-0.0085,0.0019,-0.0036,-0.0079,53.1108,0.008709764635166671,0.03135515268660002,-3.9994000000000085,8.32480000000001,6.0485,-2.8902,6.703551915962163,9.2356643182827,0,03_613_616_22488_ego_616,0,22488,22488,22490,vehicle_vehicle,0.27263505511009967,1.638173700601931,2.7119367022350884,14.062367997602678,15.0,3.0,3.5,0.8,0.22860489933507547,0.8229776376062717
3,609,22557,374,104.8983,-60.8164,5.5631,2.2055,5.1926,9.6007,0.6958,0.9114,-2.5824,9.6229,0.2382,0.6568,2.6586,car,616,76.444,-74.796,-0.0085,0.0019,-0.0036,-0.0079,53.1108,0.008709764635166671,0.03135515268660002,28.454300000000003,13.979600000000005,9.6092,0.6939,9.634221393034311,31.70294000010094,0,03_613_616_22488_ego_616,0,22488,22488,22490,vehicle_vehicle,0.27263505511009967,1.638173700601931,2.7119367022350884,14.062367997602678,15.0,3.0,3.5,0.8,0.22860489933507547,0.8229776376062717
3,613,22557,275,89.9352,-67.1,16.0418,2.0341,4.3748,8.1266,2.6611,-0.5095,2.564,8.5455,-0.3118,0.2189,-2.6049,car,616,76.444,-74.796,-0.0085,0.0019,-0.0036,-0.0079,53.1108,0.008709764635166671,0.03135515268660002,13.491199999999992,7.696000000000012,8.1351,2.6592,8.55869129306578,15.531931413703834,0,03_613_616_22488_ego_616,1,22488,22488,22490,vehicle_vehicle,0.27263505511009967,1.638173700601931,2.7119367022350884,14.062367997602678,15.0,3.0,3.5,0.8,0.22860489933507547,0.8229776376062717
3,616,22557,113,76.444,-74.796,53.1108,1.9987,4.0458,-0.0085,0.0019,-0.0035,-0.0036,-0.0036,-0.0079,-0.0049,-0.0007,car,616,76.444,-74.796,-0.0085,0.0019,-0.0036,-0.0079,53.1108,0.008709764635166671,0.03135515268660002,0.0,0.0,0.0,0.0,0.0,0.0,1,03_613_616_22488_ego_616,1,22488,22488,22490,vehicle_vehicle,0.27263505511009967,1.638173700601931,2.7119367022350884,14.062367997602678,15.0,3.0,3.5,0.8,0.22860489933507547,0.8229776376062717
3,598,22558,703,72.6876,-66.586,334.8939,2.2462,7.6669,6.0993,-2.829,1.3861,1.5755,6.7234,-0.0262,0.5867,-2.0147,van,616,76.4431,-74.7956,-0.0085,0.0017,-0.0038,-0.0078,53.1185,0.008668333173107735,0.031205999423187848,-3.755499999999998,8.209599999999995,6.1078,-2.8307,6.731870715484664,9.027807730008426,0,03_613_616_22488_ego_616,0,22488,22488,22490,vehicle_vehicle,0.27263505511009967,1.638173700601931,2.7119367022350884,14.062367997602678,15.0,3.0,3.5,0.8,0.22860489933507547,0.8229776376062717
3,609,22558,375,105.2857,-60.791,4.8903,2.2055,5.1926,9.6366,0.5889,0.8984,-2.6002,9.6517,0.2347,0.6734,2.6673,car,616,76.4431,-74.7956,-0.0085,0.0017,-0.0038,-0.0078,53.1185,0.008668333173107735,0.031205999423187848,28.842600000000004,14.004599999999996,9.6451,0.5871999999999999,9.662958027953966,32.0628195254254,0,03_613_616_22488_ego_616,0,22488,22488,22490,vehicle_vehicle,0.27263505511009967,1.638173700601931,2.7119367022350884,14.062367997602678,15.0,3.0,3.5,0.8,0.22860489933507547,0.8229776376062717
3,613,22558,276,90.2604,-66.9913,16.8778,2.0341,4.3748,8.1017,2.7712,-0.5057,2.4778,8.5573,-0.2997,0.2354,-2.5179,car,616,76.4431,-74.7956,-0.0085,0.0017,-0.0038,-0.0078,53.1185,0.008668333173107735,0.031205999423187848,13.817300000000003,7.804299999999998,8.110199999999999,2.7695,8.570033505768807,15.8689910763098,0,03_613_616_22488_ego_616,1,22488,22488,22490,vehicle_vehicle,0.27263505511009967,1.638173700601931,2.7119367022350884,14.062367997602678,15.0,3.0,3.5,0.8,0.22860489933507547,0.8229776376062717
3,616,22558,114,76.4431,-74.7956,53.1185,1.9987,4.0458,-0.0085,0.0017,-0.0004,-0.004,-0.0038,-0.0078,-0.0035,0.0021,car,616,76.4431,-74.7956,-0.0085,0.0017,-0.0038,-0.0078,53.1185,0.008668333173107735,0.031205999423187848,0.0,0.0,0.0,0.0,0.0,0.0,1,03_613_616_22488_ego_616,1,22488,22488,22490,vehicle_vehicle,0.27263505511009967,1.638173700601931,2.7119367022350884,14.062367997602678,15.0,3.0,3.5,0.8,0.22860489933507547,0.8229776376062717
3,598,22559,704,72.9329,-66.6987,335.5944,2.2462,7.6669,6.1588,-2.7677,1.3888,1.6182,6.7521,-0.0243,0.5961,-2.0474,van,616,76.4429,-74.7957,-0.0085,0.0015,-0.0039,-0.0077,53.1203,0.008631338250816035,0.031072817702937728,-3.509999999999991,8.096999999999994,6.1673,-2.7692,6.760477640670073,8.825050084843703,0,03_613_616_22488_ego_616,0,22488,22488,22490,vehicle_vehicle,0.27263505511009967,1.638173700601931,2.7119367022350884,14.062367997602678,15.0,3.0,3.5,0.8,0.22860489933507547,0.8229776376062717
3,609,22559,376,105.6738,-60.7697,4.213,2.2055,5.1926,9.6711,0.4815,0.8863,-2.6146,9.6804,0.2303,0.6918,2.6726,car,616,76.4429,-74.7957,-0.0085,0.0015,-0.0039,-0.0077,53.1203,0.008631338250816035,0.031072817702937728,29.230900000000005,14.025999999999996,9.679599999999999,0.48,9.691494010729201,32.42181658713775,0,03_613_616_22488_ego_616,0,22488,22488,22490,vehicle_vehicle,0.27263505511009967,1.638173700601931,2.7119367022350884,14.062367997602678,15.0,3.0,3.5,0.8,0.22860489933507547,0.8229776376062717
3,613,22559,277,90.5846,-66.8776,17.6833,2.0341,4.3748,8.0768,2.8776,-0.4974,2.3843,8.5692,-0.2883,0.2503,-2.4227,car,616,76.4429,-74.7957,-0.0085,0.0015,-0.0039,-0.0077,53.1203,0.008631338250816035,0.031072817702937728,14.1417,7.9180999999999955,8.0853,2.8761,8.581609831494323,16.20752869810817,0,03_613_616_22488_ego_616,1,22488,22488,22490,vehicle_vehicle,0.27263505511009967,1.638173700601931,2.7119367022350884,14.062367997602678,15.0,3.0,3.5,0.8,0.22860489933507547,0.8229776376062717
3,616,22559,115,76.4429,-74.7957,53.1203,1.9987,4.0458,-0.0085,0.0015,0.0026,-0.0044,-0.0039,-0.0077,-0.002,0.0048,car,616,76.4429,-74.7957,-0.0085,0.0015,-0.0039,-0.0077,53.1203,0.008631338250816035,0.031072817702937728,0.0,0.0,0.0,0.0,0.0,0.0,1,03_613_616_22488_ego_616,1,22488,22488,22490,vehicle_vehicle,0.27263505511009967,1.638173700601931,2.7119367022350884,14.062367997602678,15.0,3.0,3.5,0.8,0.22860489933507547,0.8229776376062717
3,598,22560,705,73.1799,-66.8096,336.317,2.2462,7.6669,6.2186,-2.7042,1.3873,1.6624,6.7811,-0.0214,0.6027,-2.0797,van,616,76.4424,-74.7957,-0.0083,0.0013,-0.0039,-0.0074,53.1223,0.00840119039184329,0.030244285410635844,-3.262500000000003,7.986099999999993,6.2269000000000005,-2.7055000000000002,6.78925723919782,8.626801229888162,0,03_613_616_22488_ego_616,0,22488,22488,22490,vehicle_vehicle,0.27263505511009967,1.638173700601931,2.7119367022350884,14.062367997602678,15.0,3.0,3.5,0.8,0.22860489933507547,0.8229776376062717
3,609,22560,377,106.0633,-60.7525,3.5361,2.2055,5.1926,9.7045,0.3734,0.876,-2.6254,9.709,0.2259,0.7124,2.6744,car,616,76.4424,-74.7957,-0.0083,0.0013,-0.0039,-0.0074,53.1223,0.00840119039184329,0.030244285410635844,29.620899999999992,14.043199999999999,9.7128,0.3721,9.719925012570828,32.781232177116216,0,03_613_616_22488_ego_616,0,22488,22488,22490,vehicle_vehicle,0.27263505511009967,1.638173700601931,2.7119367022350884,14.062367997602678,15.0,3.0,3.5,0.8,0.22860489933507547,0.8229776376062717
3,613,22560,278,90.9073,-66.759,18.4633,2.0341,4.3748,8.0522,2.9796,-0.4844,2.2838,8.5813,-0.2761,0.2638,-2.3197,car,616,76.4424,-74.7957,-0.0083,0.0013,-0.0039,-0.0074,53.1223,0.00840119039184329,0.030244285410635844,14.4649,8.036699999999996,8.0605,2.9783,8.593132789617531,16.547564137963022,0,03_613_616_22488_ego_616,1,22488,22488,22490,vehicle_vehicle,0.27263505511009967,1.638173700601931,2.7119367022350884,14.062367997602678,15.0,3.0,3.5,0.8,0.22860489933507547,0.8229776376062717
3,616,22560,116,76.4424,-74.7957,53.1223,1.9987,4.0458,-0.0083,0.0013,0.0056,-0.0048,-0.0039,-0.0074,-0.0005,0.0074,car,616,76.4424,-74.7957,-0.0083,0.0013,-0.0039,-0.0074,53.1223,0.00840119039184329,0.030244285410635844,0.0,0.0,0.0,0.0,0.0,0.0,1,03_613_616_22488_ego_616,1,22488,22488,22490,vehicle_vehicle,0.27263505511009967,1.638173700601931,2.7119367022350884,14.062367997602678,15.0,3.0,3.5,0.8,0.22860489933507547,0.8229776376062717
3,598,22561,706,73.4297,-66.9178,337.0295,2.2462,7.6669,6.2784,-2.6383,1.3816,1.7075,6.8101,-0.0211,0.6056,-2.1113,van,616,76.4418,-74.7954,-0.0078,0.001,-0.0039,-0.0069,53.1309,0.007863841300535,0.028309828681926,-3.0121000000000038,7.877600000000001,6.2862,-2.6393,6.817786659173195,8.433820496666979,0,03_613_616_22488_ego_616,0,22488,22488,22490,vehicle_vehicle,0.27263505511009967,1.638173700601931,2.7119367022350884,14.062367997602678,15.0,3.0,3.5,0.8,0.22860489933507547,0.8229776376062717
3,609,22561,378,106.4535,-60.7397,2.8655,2.2055,5.1926,9.7369,0.2649,0.868,-2.6328,9.7379,0.2222,0.7353,2.6729,car,616,76.4418,-74.7954,-0.0078,0.001,-0.0039,-0.0069,53.1309,0.007863841300535,0.028309828681926,30.011700000000005,14.055700000000002,9.7447,0.2639,9.748272734182194,33.140079049091,0,03_613_616_22488_ego_616,0,22488,22488,22490,vehicle_vehicle,0.27263505511009967,1.638173700601931,2.7119367022350884,14.062367997602678,15.0,3.0,3.5,0.8,0.22860489933507547,0.8229776376062717
3,613,22561,279,91.2293,-66.6366,19.2131,2.0341,4.3748,8.0279,3.0769,-0.4666,2.1771,8.5934,-0.2637,0.2759,-2.2093,car,616,76.4418,-74.7954,-0.0078,0.001,-0.0039,-0.0069,53.1309,0.007863841300535,0.028309828681926,14.787499999999994,8.1588,8.0357,3.0759000000000003,8.60428005704138,16.88893642862095,0,03_613_616_22488_ego_616,1,22488,22488,22490,vehicle_vehicle,0.27263505511009967,1.638173700601931,2.7119367022350884,14.062367997602678,15.0,3.0,3.5,0.8,0.22860489933507547,0.8229776376062717
3,616,22561,117,76.4418,-74.7954,53.1309,1.9987,4.0458,-0.0078,0.001,0.0084,-0.0052,-0.0039,-0.0069,0.0009,0.0098,car,616,76.4418,-74.7954,-0.0078,0.001,-0.0039,-0.0069,53.1309,0.007863841300535,0.028309828681926,0.0,0.0,0.0,0.0,0.0,0.0,1,03_613_616_22488_ego_616,1,22488,22488,22490,vehicle_vehicle,0.27263505511009967,1.638173700601931,2.7119367022350884,14.062367997602678,15.0,3.0,3.5,0.8,0.22860489933507547,0.8229776376062717
3,598,22562,707,73.6822,-67.0236,337.7311,2.2462,7.6669,6.3378,-2.57,1.3716,1.753,6.839,-0.0234,0.605,-2.142,van,616,76.4415,-74.7955,-0.0073,0.0008,-0.0038,-0.0063,53.1333,0.007343704787094863,0.026437337233541507,-2.7593000000000103,7.771900000000002,6.3450999999999995,-2.5707999999999998,6.846116172692367,8.247191406776011,0,03_613_616_22488_ego_616,0,22488,22488,22490,vehicle_vehicle,0.27263505511009967,1.638173700601931,2.7119367022350884,14.062367997602678,15.0,3.0,3.5,0.8,0.22860489933507547,0.8229776376062717
3,609,22562,379,106.8442,-60.7316,2.1949,2.2055,5.1926,9.7687,0.1562,0.8629,-2.6367,9.7675,0.218,0.7613,2.6678,car,616,76.4415,-74.7955,-0.0073,0.0008,-0.0038,-0.0063,53.1333,0.007343704787094863,0.026437337233541507,30.402699999999996,14.063900000000004,9.776000000000002,0.1554,9.777235046780865,33.498021590834284,0,03_613_616_22488_ego_616,0,22488,22488,22490,vehicle_vehicle,0.27263505511009967,1.638173700601931,2.7119367022350884,14.062367997602678,15.0,3.0,3.5,0.8,0.22860489933507547,0.8229776376062717
3,613,22562,280,91.5501,-66.5105,19.921,2.0341,4.3748,8.0044,3.1695,-0.4439,2.0645,8.6054,-0.2526,0.2861,-2.0922,car,616,76.4415,-74.7955,-0.0073,0.0008,-0.0038,-0.0063,53.1333,0.007343704787094863,0.026437337233541507,15.108599999999996,8.28500000000001,8.011700000000001,3.1687000000000003,8.615567107277386,17.231106144412205,0,03_613_616_22488_ego_616,1,22488,22488,22490,vehicle_vehicle,0.27263505511009967,1.638173700601931,2.7119367022350884,14.062367997602678,15.0,3.0,3.5,0.8,0.22860489933507547,0.8229776376062717
3,616,22562,118,76.4415,-74.7955,53.1333,1.9987,4.0458,-0.0073,0.0008,0.011,-0.0055,-0.0038,-0.0063,0.0022,0.0121,car,616,76.4415,-74.7955,-0.0073,0.0008,-0.0038,-0.0063,53.1333,0.007343704787094863,0.026437337233541507,0.0,0.0,0.0,0.0,0.0,0.0,1,03_613_616_22488_ego_616,1,22488,22488,22490,vehicle_vehicle,0.27263505511009967,1.638173700601931,2.7119367022350884,14.062367997602678,15.0,3.0,3.5,0.8,0.22860489933507547,0.8229776376062717
3,598,22563,708,73.9374,-67.1264,338.4185,2.2462,7.6669,6.3966,-2.4993,1.3576,1.7981,6.8674,-0.0287,0.601,-2.1714,van,616,76.441,-74.7954,-0.0065,0.0005,-0.0036,-0.0055,53.1452,0.006519202405202648,0.023469128658729535,-2.503600000000006,7.668999999999997,6.4031,-2.4998,6.873768227835443,8.06731516429103,0,03_613_616_22488_ego_616,0,22488,22488,22490,vehicle_vehicle,0.27263505511009967,1.638173700601931,2.7119367022350884,14.062367997602678,15.0,3.0,3.5,0.8,0.22860489933507547,0.8229776376062717
3,609,22563,380,107.2366,-60.7287,1.5282,2.2055,5.1926,9.8,0.0479,0.8608,-2.6376,9.7977,0.2134,0.7901,2.6596,car,616,76.441,-74.7954,-0.0065,0.0005,-0.0036,-0.0055,53.1452,0.006519202405202648,0.023469128658729535,30.795599999999993,14.066699999999997,9.806500000000002,0.0474,9.806614553963056,33.85618153675927,0,03_613_616_22488_ego_616,0,22488,22488,22490,vehicle_vehicle,0.27263505511009967,1.638173700601931,2.7119367022350884,14.062367997602678,15.0,3.0,3.5,0.8,0.22860489933507547,0.8229776376062717
3,613,22563,281,91.8698,-66.381,20.5672,2.0341,4.3748,7.9818,3.2572,-0.4163,1.9467,8.6174,-0.2456,0.2941,-1.9688,car,616,76.441,-74.7954,-0.0065,0.0005,-0.0036,-0.0055,53.1452,0.006519202405202648,0.023469128658729535,15.428799999999995,8.4144,7.9883,3.2567,8.62664661267633,17.574128621357016,0,03_613_616_22488_ego_616,1,22488,22488,22490,vehicle_vehicle,0.27263505511009967,1.638173700601931,2.7119367022350884,14.062367997602678,15.0,3.0,3.5,0.8,0.22860489933507547,0.8229776376062717
3,616,22563,119,76.441,-74.7954,53.1452,1.9987,4.0458,-0.0065,0.0005,0.0133,-0.0057,-0.0036,-0.0055,0.0034,0.0141,car,616,76.441,-74.7954,-0.0065,0.0005,-0.0036,-0.0055,53.1452,0.006519202405202648,0.023469128658729535,0.0,0.0,0.0,0.0,0.0,0.0,1,03_613_616_22488_ego_616,1,22488,22488,22490,vehicle_vehicle,0.27263505511009967,1.638173700601931,2.7119367022350884,14.062367997602678,15.0,3.0,3.5,0.8,0.22860489933507547,0.8229776376062717
