recordingId,trackId,frame,trackLifetime,xCenter,yCenter,heading,width,length,xVelocity,yVelocity,xAcceleration,yAcceleration,lonVelocity,latVelocity,lonAcceleration,latAcceleration,class,egoTrackId,ego_xCenter,ego_yCenter,ego_xVelocity,ego_yVelocity,ego_lonVelocity,ego_latVelocity,ego_heading,ego_speed_mps,ego_speed_kph,rel_x_to_ego,rel_y_to_ego,rel_vx_to_ego,rel_vy_to_ego,rel_speed_to_ego,distance_to_ego,is_ego,event_id,is_primary_actor,event_peak_frame,event_start_frame,event_end_frame,pair_type,risk_score_peak,event_min_ttc,event_min_dcpa,event_min_distance,dist_threshold_used,ttc_threshold_used,dcpa_threshold_used,min_rel_speed_threshold_used,ego_speed_mps_peak,ego_speed_kph_peak
14,13,811,811,67.7018,-39.5462,242.9668,1.2661,2.6528,0.0,0.0,-0.0,0.0,-0.0,-0.0,0.0,0.0,truck,30,83.4958,-27.3745,-5.8798,-2.6159,6.4259,0.3501,207.1025,6.4354472144521555,23.167609972027762,-15.793999999999997,-12.171699999999998,5.8798,2.6159,6.4354472144521555,19.93992770523504,0,14_13_30_886_ego_30,1,886,860,886,vehicle_vehicle,0.7691258835868089,0.011703096085631097,2.0214249983259314,2.0232114125814995,15.0,3.0,3.5,0.8,7.263234412436376,26.147643884770954
14,14,811,811,70.6178,-36.4685,224.0776,2.1358,4.5059,-0.0,0.0,0.0,-0.0,0.0,0.0,0.0,-0.0,trailer,30,83.4958,-27.3745,-5.8798,-2.6159,6.4259,0.3501,207.1025,6.4354472144521555,23.167609972027762,-12.878,-9.093999999999998,5.8798,2.6159,6.4354472144521555,15.765269423641321,0,14_13_30_886_ego_30,0,886,860,886,vehicle_vehicle,0.7691258835868089,0.011703096085631097,2.0214249983259314,2.0232114125814995,15.0,3.0,3.5,0.8,7.263234412436376,26.147643884770954
14,27,811,237,95.2202,-33.5172,131.3509,2.0752,4.7129,-4.4642,4.6483,-0.9055,-1.7673,6.4387,-0.2802,-0.7285,-1.8474,car,30,83.4958,-27.3745,-5.8798,-2.6159,6.4259,0.3501,207.1025,6.4354472144521555,23.167609972027762,11.724400000000003,-6.142700000000001,1.4156000000000004,7.2642,7.40084623539768,13.23609907223424,0,14_13_30_886_ego_30,0,886,860,886,vehicle_vehicle,0.7691258835868089,0.011703096085631097,2.0214249983259314,2.0232114125814995,15.0,3.0,3.5,0.8,7.263234412436376,26.147643884770954
14,30,811,98,83.4958,-27.3745,207.1025,1.9425,3.9964,-5.8798,-2.6159,-1.787,0.6762,6.4259,0.3501,1.2827,1.4161,car,30,83.4958,-27.3745,-5.8798,-2.6159,6.4259,0.3501,207.1025,6.4354472144521555,23.167609972027762,0.0,0.0,0.0,0.0,0.0,0.0,1,14_13_30_886_ego_30,1,886,860,886,vehicle_vehicle,0.7691258835868089,0.011703096085631097,2.0214249983259314,2.0232114125814995,15.0,3.0,3.5,0.8,7.263234412436376,26.147643884770954
14,31,811,89,82.569,-22.3333,213.7125,2.0133,4.3115,-3.466,-1.9479,-1.0989,0.3461,3.9642,0.3034,0.722,0.8978,car,30,83.4958,-27.3745,-5.8798,-2.6159,6.4259,0.3501,207.1025,6.4354472144521555,23.167609972027762,-0.9268000000000001,5.0412,2.4138,0.6679999999999999,2.50452678963512,5.125685874105045,0,14_13_30_886_ego_30,0,886,860,886,vehicle_vehicle,0.7691258835868089,0.011703096085631097,2.0214249983259314,2.0232114125814995,15.0,3.0,3.5,0.8,7.263234412436376,26.147643884770954
14,13,812,812,67.7018,-39.5462,242.9668,1.2661,2.6528,0.0,0.0,-0.0,0.0,-0.0,-0.0,0.0,0.0,truck,30,83.2582,-27.478,-5.9557,-2.5844,6.4834,0.3377,206.4398,6.492263538243037,23.372148737674934,-15.556399999999996,-12.068199999999997,5.9557,2.5844,6.492263538243037,19.6886523713534,0,14_13_30_886_ego_30,1,886,860,886,vehicle_vehicle,0.7691258835868089,0.011703096085631097,2.0214249983259314,2.0232114125814995,15.0,3.0,3.5,0.8,7.263234412436376,26.147643884770954
14,14,812,812,70.6178,-36.4685,224.0776,2.1358,4.5059,-0.0,-0.0,0.0,-0.0,0.0,0.0,0.0,-0.0,trailer,30,83.2582,-27.478,-5.9557,-2.5844,6.4834,0.3377,206.4398,6.492263538243037,23.372148737674934,-12.6404,-8.990499999999997,5.9557,2.5844,6.492263538243037,15.511569953102747,0,14_13_30_886_ego_30,0,886,860,886,vehicle_vehicle,0.7691258835868089,0.011703096085631097,2.0214249983259314,2.0232114125814995,15.0,3.0,3.5,0.8,7.263234412436376,26.147643884770954
14,27,812,238,95.0401,-33.333,132.0515,2.0752,4.7129,-4.4999,4.5767,-0.8592,-1.7639,6.4124,-0.2759,-0.7342,-1.8194,car,30,83.2582,-27.478,-5.9557,-2.5844,6.4834,0.3377,206.4398,6.492263538243037,23.372148737674934,11.781899999999993,-5.854999999999997,1.4558,7.161099999999999,7.307578726910849,13.15652661647442,0,14_13_30_886_ego_30,0,886,860,886,vehicle_vehicle,0.7691258835868089,0.011703096085631097,2.0214249983259314,2.0232114125814995,15.0,3.0,3.5,0.8,7.263234412436376,26.147643884770954
14,30,812,99,83.2582,-27.478,206.4398,1.9425,3.9964,-5.9557,-2.5844,-1.6963,0.6445,6.4834,0.3377,1.2319,1.3324,car,30,83.2582,-27.478,-5.9557,-2.5844,6.4834,0.3377,206.4398,6.492263538243037,23.372148737674934,0.0,0.0,0.0,0.0,0.0,0.0,1,14_13_30_886_ego_30,1,886,860,886,vehicle_vehicle,0.7691258835868089,0.011703096085631097,2.0214249983259314,2.0232114125814995,15.0,3.0,3.5,0.8,7.263234412436376,26.147643884770954
14,31,812,90,82.4319,-22.4123,213.1662,2.0133,4.3115,-3.5118,-1.9346,-1.133,0.3237,3.998,0.3017,0.7713,0.8908,car,30,83.2582,-27.478,-5.9557,-2.5844,6.4834,0.3377,206.4398,6.492263538243037,23.372148737674934,-0.8263000000000034,5.065700000000003,2.4439,0.6497999999999999,2.5288114302968503,5.132649236018378,0,14_13_30_886_ego_30,0,886,860,886,vehicle_vehicle,0.7691258835868089,0.011703096085631097,2.0214249983259314,2.0232114125814995,15.0,3.0,3.5,0.8,7.263234412436376,26.147643884770954
14,13,813,813,67.7018,-39.5462,242.9668,1.2661,2.6528,0.0,0.0,-0.0,0.0,-0.0,-0.0,0.0,0.0,truck,30,83.0173,-27.5799,-6.0274,-2.5547,6.5383,0.3261,205.8244,6.546452692107383,23.56722969158658,-15.3155,-11.9663,6.0274,2.5547,6.546452692107383,19.435968613372477,0,14_13_30_886_ego_30,1,886,860,886,vehicle_vehicle,0.7691258835868089,0.011703096085631097,2.0214249983259314,2.0232114125814995,15.0,3.0,3.5,0.8,7.263234412436376,26.147643884770954
14,14,813,813,70.6178,-36.4685,224.0776,2.1358,4.5059,-0.0,-0.0,0.0,-0.0,0.0,0.0,-0.0,-0.0,trailer,30,83.0173,-27.5799,-6.0274,-2.5547,6.5383,0.3261,205.8244,6.546452692107383,23.56722969158658,-12.399500000000003,-8.8886,6.0274,2.5547,6.546452692107383,15.256303949843163,0,14_13_30_886_ego_30,0,886,860,886,vehicle_vehicle,0.7691258835868089,0.011703096085631097,2.0214249983259314,2.0232114125814995,15.0,3.0,3.5,0.8,7.263234412436376,26.147643884770954
14,27,813,239,94.8586,-33.1517,132.7517,2.0752,4.7129,-4.5334,4.5054,-0.8137,-1.7596,6.3857,-0.2705,-0.7397,-1.7919,car,30,83.0173,-27.5799,-6.0274,-2.5547,6.5383,0.3261,205.8244,6.546452692107383,23.56722969158658,11.84129999999999,-5.5718,1.4939999999999998,7.0601,7.216442891757684,13.086685635790284,0,14_13_30_886_ego_30,0,886,860,886,vehicle_vehicle,0.7691258835868089,0.011703096085631097,2.0214249983259314,2.0232114125814995,15.0,3.0,3.5,0.8,7.263234412436376,26.147643884770954
14,30,813,100,83.0173,-27.5799,205.8244,1.9425,3.9964,-6.0274,-2.5547,-1.6015,0.6086,6.5383,0.3261,1.1764,1.2454,car,30,83.0173,-27.5799,-6.0274,-2.5547,6.5383,0.3261,205.8244,6.546452692107383,23.56722969158658,0.0,0.0,0.0,0.0,0.0,0.0,1,14_13_30_886_ego_30,1,886,860,886,vehicle_vehicle,0.7691258835868089,0.011703096085631097,2.0214249983259314,2.0232114125814995,15.0,3.0,3.5,0.8,7.263234412436376,26.147643884770954
14,31,813,91,82.292,-22.4904,212.6286,2.0133,4.3115,-3.5595,-1.9219,-1.165,0.3018,4.0341,0.3007,0.8184,0.8823,car,30,83.0173,-27.5799,-6.0274,-2.5547,6.5383,0.3261,205.8244,6.546452692107383,23.56722969158658,-0.7253000000000043,5.0894999999999975,2.4679,0.6328,2.5477374766643446,5.140921156757802,0,14_13_30_886_ego_30,0,886,860,886,vehicle_vehicle,0.7691258835868089,0.011703096085631097,2.0214249983259314,2.0232114125814995,15.0,3.0,3.5,0.8,7.263234412436376,26.147643884770954
14,13,814,814,67.7018,-39.5462,242.9668,1.2661,2.6528,0.0,0.0,-0.0,0.0,-0.0,-0.0,0.0,0.0,truck,30,82.7731,-27.6806,-6.0946,-2.5267,6.5901,0.3153,205.2567,6.597602750241939,23.75136990087098,-15.071299999999994,-11.8656,6.0946,2.5267,6.597602750241939,19.181672165116364,0,14_13_30_886_ego_30,1,886,860,886,vehicle_vehicle,0.7691258835868089,0.011703096085631097,2.0214249983259314,2.0232114125814995,15.0,3.0,3.5,0.8,7.263234412436376,26.147643884770954
14,14,814,814,70.6178,-36.4685,224.0776,2.1358,4.5059,-0.0,-0.0,0.0,-0.0,0.0,0.0,-0.0,-0.0,trailer,30,82.7731,-27.6806,-6.0946,-2.5267,6.5901,0.3153,205.2567,6.597602750241939,23.75136990087098,-12.155299999999997,-8.7879,6.0946,2.5267,6.597602750241939,14.999283466219309,0,14_13_30_886_ego_30,0,886,860,886,vehicle_vehicle,0.7691258835868089,0.011703096085631097,2.0214249983259314,2.0232114125814995,15.0,3.0,3.5,0.8,7.263234412436376,26.147643884770954
14,27,814,240,94.676,-32.9733,133.4507,2.0752,4.7129,-4.5648,4.4344,-0.7691,-1.7546,6.3586,-0.2642,-0.7449,-1.765,car,30,82.7731,-27.6806,-6.0946,-2.5267,6.5901,0.3153,205.2567,6.597602750241939,23.75136990087098,11.902900000000002,-5.2927000000000035,1.5297999999999998,6.9611,7.127215532730857,13.0265767452543,0,14_13_30_886_ego_30,0,886,860,886,vehicle_vehicle,0.7691258835868089,0.011703096085631097,2.0214249983259314,2.0232114125814995,15.0,3.0,3.5,0.8,7.263234412436376,26.147643884770954
14,30,814,101,82.7731,-27.6806,205.2567,1.9425,3.9964,-6.0946,-2.5267,-1.5031,0.5689,6.5901,0.3153,1.1167,1.1558,car,30,82.7731,-27.6806,-6.0946,-2.5267,6.5901,0.3153,205.2567,6.597602750241939,23.75136990087098,0.0,0.0,0.0,0.0,0.0,0.0,1,14_13_30_886_ego_30,1,886,860,886,vehicle_vehicle,0.7691258835868089,0.011703096085631097,2.0214249983259314,2.0232114125814995,15.0,3.0,3.5,0.8,7.263234412436376,26.147643884770954
14,31,814,92,82.1497,-22.5679,212.0885,2.0133,4.3115,-3.609,-1.9097,-1.1943,0.2799,4.0722,0.2992,0.8632,0.8716,car,30,82.7731,-27.6806,-6.0946,-2.5267,6.5901,0.3153,205.2567,6.597602750241939,23.75136990087098,-0.6234000000000037,5.112699999999997,2.4856,0.617,2.561034236397475,5.150565876678015,0,14_13_30_886_ego_30,0,886,860,886,vehicle_vehicle,0.7691258835868089,0.011703096085631097,2.0214249983259314,2.0232114125814995,15.0,3.0,3.5,0.8,7.263234412436376,26.147643884770954
14,13,815,815,67.7018,-39.5462,242.9668,1.2661,2.6528,0.0,0.0,-0.0,0.0,-0.0,-0.0,0.0,0.0,truck,30,82.526,-27.7797,-6.1571,-2.5009,6.6386,0.3059,204.7446,6.6456287302256065,23.924263428812186,-14.82419999999999,-11.7665,6.1571,2.5009,6.6456287302256065,18.926368586974093,0,14_13_30_886_ego_30,1,886,860,886,vehicle_vehicle,0.7691258835868089,0.011703096085631097,2.0214249983259314,2.0232114125814995,15.0,3.0,3.5,0.8,7.263234412436376,26.147643884770954
14,14,815,815,70.6178,-36.4685,224.0776,2.1358,4.5059,-0.0,-0.0,0.0,-0.0,0.0,0.0,-0.0,-0.0,trailer,30,82.526,-27.7797,-6.1571,-2.5009,6.6386,0.3059,204.7446,6.6456287302256065,23.924263428812186,-11.908199999999994,-8.6888,6.1571,2.5009,6.6456287302256065,14.741115041949842,0,14_13_30_886_ego_30,0,886,860,886,vehicle_vehicle,0.7691258835868089,0.011703096085631097,2.0214249983259314,2.0232114125814995,15.0,3.0,3.5,0.8,7.263234412436376,26.147643884770954
14,27,815,241,94.4921,-32.7976,134.1502,2.0752,4.7129,-4.5942,4.3637,-0.7257,-1.7491,6.3311,-0.2569,-0.7495,-1.739,car,30,82.526,-27.7797,-6.1571,-2.5009,6.6386,0.3059,204.7446,6.6456287302256065,23.924263428812186,11.966099999999997,-5.0179000000000045,1.5629,6.864599999999999,7.040269140451946,12.975625981816831,0,14_13_30_886_ego_30,0,886,860,886,vehicle_vehicle,0.7691258835868089,0.011703096085631097,2.0214249983259314,2.0232114125814995,15.0,3.0,3.5,0.8,7.263234412436376,26.147643884770954
14,30,815,102,82.526,-27.7797,204.7446,1.9425,3.9964,-6.1571,-2.5009,-1.4019,0.5258,6.6386,0.3059,1.0531,1.0643,car,30,82.526,-27.7797,-6.1571,-2.5009,6.6386,0.3059,204.7446,6.6456287302256065,23.924263428812186,0.0,0.0,0.0,0.0,0.0,0.0,1,14_13_30_886_ego_30,1,886,860,886,vehicle_vehicle,0.7691258835868089,0.011703096085631097,2.0214249983259314,2.0232114125814995,15.0,3.0,3.5,0.8,7.263234412436376,26.147643884770954
14,31,815,93,82.005,-22.6443,211.5479,2.0133,4.3115,-3.6599,-1.8983,-1.2206,0.2578,4.1122,0.2971,0.9054,0.8583,car,30,82.526,-27.7797,-6.1571,-2.5009,6.6386,0.3059,204.7446,6.6456287302256065,23.924263428812186,-0.5210000000000008,5.135399999999997,2.4972,0.6026,2.5688780819649653,5.161760761600635,0,14_13_30_886_ego_30,0,886,860,886,vehicle_vehicle,0.7691258835868089,0.011703096085631097,2.0214249983259314,2.0232114125814995,15.0,3.0,3.5,0.8,7.263234412436376,26.147643884770954
14,13,816,816,67.7018,-39.5462,242.9668,1.2661,2.6528,0.0,0.0,-0.0,0.0,-0.0,-0.0,0.0,0.0,truck,30,82.2763,-27.8787,-6.2146,-2.4771,6.6835,0.2963,204.2711,6.690088009137099,24.08431683289356,-14.5745,-11.6675,6.2146,2.4771,6.690088009137099,18.669402949746413,0,14_13_30_886_ego_30,1,886,860,886,vehicle_vehicle,0.7691258835868089,0.011703096085631097,2.0214249983259314,2.0232114125814995,15.0,3.0,3.5,0.8,7.263234412436376,26.147643884770954
14,14,816,816,70.6178,-36.4685,224.0776,2.1358,4.5059,-0.0,-0.0,0.0,-0.0,0.0,0.0,-0.0,-0.0,trailer,30,82.2763,-27.8787,-6.2146,-2.4771,6.6835,0.2963,204.2711,6.690088009137099,24.08431683289356,-11.658500000000004,-8.5898,6.2146,2.4771,6.690088009137099,14.48120458698102,0,14_13_30_886_ego_30,0,886,860,886,vehicle_vehicle,0.7691258835868089,0.011703096085631097,2.0214249983259314,2.0232114125814995,15.0,3.0,3.5,0.8,7.263234412436376,26.147643884770954
14,27,816,242,94.3068,-32.6247,134.8393,2.0752,4.7129,-4.6215,4.2934,-0.6839,-1.7431,6.3031,-0.2497,-0.7538,-1.7141,car,30,82.2763,-27.8787,-6.2146,-2.4771,6.6835,0.2963,204.2711,6.690088009137099,24.08431683289356,12.03049999999999,-4.745999999999999,1.5930999999999997,6.7705,6.955403500876136,12.932805041830628,0,14_13_30_886_ego_30,0,886,860,886,vehicle_vehicle,0.7691258835868089,0.011703096085631097,2.0214249983259314,2.0232114125814995,15.0,3.0,3.5,0.8,7.263234412436376,26.147643884770954
14,30,816,103,82.2763,-27.8787,204.2711,1.9425,3.9964,-6.2146,-2.4771,-1.299,0.4799,6.6835,0.2963,0.9869,0.9714,car,30,82.2763,-27.8787,-6.2146,-2.4771,6.6835,0.2963,204.2711,6.690088009137099,24.08431683289356,0.0,0.0,0.0,0.0,0.0,0.0,1,14_13_30_886_ego_30,1,886,860,886,vehicle_vehicle,0.7691258835868089,0.011703096085631097,2.0214249983259314,2.0232114125814995,15.0,3.0,3.5,0.8,7.263234412436376,26.147643884770954
14,31,816,94,81.8583,-22.7206,211.0162,2.0133,4.3115,-3.712,-1.8875,-1.2438,0.2353,4.1539,0.2951,0.9447,0.8426,car,30,82.2763,-27.8787,-6.2146,-2.4771,6.6835,0.2963,204.2711,6.690088009137099,24.08431683289356,-0.41800000000000637,5.1580999999999975,2.5025999999999997,0.5896000000000001,2.571115501100641,5.175009141054726,0,14_13_30_886_ego_30,0,886,860,886,vehicle_vehicle,0.7691258835868089,0.011703096085631097,2.0214249983259314,2.0232114125814995,15.0,3.0,3.5,0.8,7.263234412436376,26.147643884770954
14,13,817,817,67.7018,-39.5462,242.9668,1.2661,2.6528,0.0,0.0,-0.0,0.0,-0.0,-0.0,0.0,0.0,truck,30,82.0246,-27.9767,-6.2671,-2.4554,6.7248,0.2866,203.8356,6.730938387030445,24.231378193309602,-14.3228,-11.569499999999998,6.2671,2.4554,6.730938387030445,18.411842115605925,0,14_13_30_886_ego_30,1,886,860,886,vehicle_vehicle,0.7691258835868089,0.011703096085631097,2.0214249983259314,2.0232114125814995,15.0,3.0,3.5,0.8,7.263234412436376,26.147643884770954
14,14,817,817,70.6178,-36.4685,224.0776,2.1358,4.5059,-0.0,-0.0,0.0,0.0,0.0,0.0,-0.0,-0.0,trailer,30,82.0246,-27.9767,-6.2671,-2.4554,6.7248,0.2866,203.8356,6.730938387030445,24.231378193309602,-11.406800000000004,-8.491799999999998,6.2671,2.4554,6.730938387030445,14.220610165530875,0,14_13_30_886_ego_30,0,886,860,886,vehicle_vehicle,0.7691258835868089,0.011703096085631097,2.0214249983259314,2.0232114125814995,15.0,3.0,3.5,0.8,7.263234412436376,26.147643884770954
14,27,817,243,94.1204,-32.4552,135.5278,2.0752,4.7129,-4.6467,4.2236,-0.6441,-1.737,6.2747,-0.2414,-0.7573,-1.6907,car,30,82.0246,-27.9767,-6.2671,-2.4554,6.7248,0.2866,203.8356,6.730938387030445,24.231378193309602,12.095799999999997,-4.478499999999997,1.6204,6.679,6.872753244515622,12.89826887182927,0,14_13_30_886_ego_30,0,886,860,886,vehicle_vehicle,0.7691258835868089,0.011703096085631097,2.0214249983259314,2.0232114125814995,15.0,3.0,3.5,0.8,7.263234412436376,26.147643884770954
14,30,817,104,82.0246,-27.9767,203.8356,1.9425,3.9964,-6.2671,-2.4554,-1.195,0.4313,6.7248,0.2866,0.9188,0.8774,car,30,82.0246,-27.9767,-6.2671,-2.4554,6.7248,0.2866,203.8356,6.730938387030445,24.231378193309602,0.0,0.0,0.0,0.0,0.0,0.0,1,14_13_30_886_ego_30,1,886,860,886,vehicle_vehicle,0.7691258835868089,0.011703096085631097,2.0214249983259314,2.0232114125814995,15.0,3.0,3.5,0.8,7.263234412436376,26.147643884770954
14,31,817,95,81.7097,-22.7967,210.4997,2.0133,4.3115,-3.7655,-1.8773,-1.2634,0.2123,4.1973,0.2935,0.9808,0.8241,car,30,82.0246,-27.9767,-6.2671,-2.4554,6.7248,0.2866,203.8356,6.730938387030445,24.231378193309602,-0.3149000000000086,5.18,2.5016000000000003,0.5781000000000001,2.5675284165905548,5.189562795650516,0,14_13_30_886_ego_30,0,886,860,886,vehicle_vehicle,0.7691258835868089,0.011703096085631097,2.0214249983259314,2.0232114125814995,15.0,3.0,3.5,0.8,7.263234412436376,26.147643884770954
14,13,818,818,67.7018,-39.5462,242.9668,1.2661,2.6528,0.0,0.0,-0.0,0.0,-0.0,-0.0,0.0,0.0,truck,30,81.7706,-28.0744,-6.3145,-2.4358,6.7623,0.2773,203.442,6.768015358286356,24.36485528983088,-14.068799999999996,-11.471799999999998,6.3145,2.4358,6.768015358286356,18.153052874929877,0,14_13_30_886_ego_30,1,886,860,886,vehicle_vehicle,0.7691258835868089,0.011703096085631097,2.0214249983259314,2.0232114125814995,15.0,3.0,3.5,0.8,7.263234412436376,26.147643884770954
14,14,818,818,70.6178,-36.4685,224.0776,2.1358,4.5059,-0.0,-0.0,0.0,0.0,0.0,0.0,-0.0,-0.0,trailer,30,81.7706,-28.0744,-6.3145,-2.4358,6.7623,0.2773,203.442,6.768015358286356,24.36485528983088,-11.1528,-8.394099999999998,6.3145,2.4358,6.768015358286356,13.958719950267644,0,14_13_30_886_ego_30,0,886,860,886,vehicle_vehicle,0.7691258835868089,0.011703096085631097,2.0214249983259314,2.0232114125814995,15.0,3.0,3.5,0.8,7.263234412436376,26.147643884770954
14,27,818,244,93.933,-32.2879,136.2011,2.0752,4.7129,-4.6699,4.1542,-0.6066,-1.7308,6.2458,-0.2338,-0.7601,-1.6691,car,30,81.7706,-28.0744,-6.3145,-2.4358,6.7623,0.2773,203.442,6.768015358286356,24.36485528983088,12.162400000000005,-4.2135,1.6445999999999996,6.59,6.792113747575198,12.871579390657548,0,14_13_30_886_ego_30,0,886,860,886,vehicle_vehicle,0.7691258835868089,0.011703096085631097,2.0214249983259314,2.0232114125814995,15.0,3.0,3.5,0.8,7.263234412436376,26.147643884770954
14,30,818,105,81.7706,-28.0744,203.442,1.9425,3.9964,-6.3145,-2.4358,-1.0909,0.3803,6.7623,0.2773,0.8496,0.7829,car,30,81.7706,-28.0744,-6.3145,-2.4358,6.7623,0.2773,203.442,6.768015358286356,24.36485528983088,0.0,0.0,0.0,0.0,0.0,0.0,1,14_13_30_886_ego_30,1,886,860,886,vehicle_vehicle,0.7691258835868089,0.011703096085631097,2.0214249983259314,2.0232114125814995,15.0,3.0,3.5,0.8,7.263234412436376,26.147643884770954
14,31,818,96,81.5587,-22.8723,209.9939,2.0133,4.3115,-3.82,-1.8678,-1.2791,0.1883,4.2422,0.292,1.0137,0.8025,car,30,81.7706,-28.0744,-6.3145,-2.4358,6.7623,0.2773,203.442,6.768015358286356,24.36485528983088,-0.21189999999999998,5.2021000000000015,2.4945,0.5680000000000001,2.558349907655323,5.206413930912525,0,14_13_30_886_ego_30,0,886,860,886,vehicle_vehicle,0.7691258835868089,0.011703096085631097,2.0214249983259314,2.0232114125814995,15.0,3.0,3.5,0.8,7.263234412436376,26.147643884770954
14,13,819,819,67.7018,-39.5462,242.9668,1.2661,2.6528,0.0,0.0,-0.0,0.0,-0.0,-0.0,0.0,0.0,truck,30,81.5144,-28.171,-6.3567,-2.4184,6.7959,0.2678,203.0857,6.801197942274581,24.48431259218849,-13.812599999999989,-11.3752,6.3567,2.4184,6.801197942274581,17.89366071546009,0,14_13_30_886_ego_30,1,886,860,886,vehicle_vehicle,0.7691258835868089,0.011703096085631097,2.0214249983259314,2.0232114125814995,15.0,3.0,3.5,0.8,7.263234412436376,26.147643884770954
14,14,819,819,70.6178,-36.4685,224.0776,2.1358,4.5059,-0.0,-0.0,0.0,0.0,0.0,-0.0,-0.0,-0.0,trailer,30,81.5144,-28.171,-6.3567,-2.4184,6.7959,0.2678,203.0857,6.801197942274581,24.48431259218849,-10.896599999999992,-8.2975,6.3567,2.4184,6.801197942274581,13.696145363203467,0,14_13_30_886_ego_30,0,886,860,886,vehicle_vehicle,0.7691258835868089,0.011703096085631097,2.0214249983259314,2.0232114125814995,15.0,3.0,3.5,0.8,7.263234412436376,26.147643884770954
14,27,819,245,93.7452,-32.1234,136.8747,2.0752,4.7129,-4.6914,4.0851,-0.5718,-1.7248,6.2166,-0.2254,-0.7617,-1.6497,car,30,81.5144,-28.171,-6.3567,-2.4184,6.7959,0.2678,203.0857,6.801197942274581,24.48431259218849,12.230800000000002,-3.9523999999999972,1.6653000000000002,6.5035,6.713325281855482,12.853557266375718,0,14_13_30_886_ego_30,0,886,860,886,vehicle_vehicle,0.7691258835868089,0.011703096085631097,2.0214249983259314,2.0232114125814995,15.0,3.0,3.5,0.8,7.263234412436376,26.147643884770954
14,30,819,106,81.5144,-28.171,203.0857,1.9425,3.9964,-6.3567,-2.4184,-0.9878,0.327,6.7959,0.2678,0.7805,0.6881,car,30,81.5144,-28.171,-6.3567,-2.4184,6.7959,0.2678,203.0857,6.801197942274581,24.48431259218849,0.0,0.0,0.0,0.0,0.0,0.0,1,14_13_30_886_ego_30,1,886,860,886,vehicle_vehicle,0.7691258835868089,0.011703096085631097,2.0214249983259314,2.0232114125814995,15.0,3.0,3.5,0.8,7.263234412436376,26.147643884770954
14,31,819,97,81.4051,-22.947,209.4932,2.0133,4.3115,-3.8752,-1.8592,-1.2908,0.1633,4.2884,0.2896,1.0432,0.7776,car,30,81.5144,-28.171,-6.3567,-2.4184,6.7959,0.2678,203.0857,6.801197942274581,24.48431259218849,-0.1092999999999904,5.224,2.4815,0.5592000000000001,2.543726968446103,5.225143298513449,0,14_13_30_886_ego_30,0,886,860,886,vehicle_vehicle,0.7691258835868089,0.011703096085631097,2.0214249983259314,2.0232114125814995,15.0,3.0,3.5,0.8,7.263234412436376,26.147643884770954
14,13,820,820,67.7018,-39.5462,242.9668,1.2661,2.6528,0.0,0.0,-0.0,0.0,-0.0,-0.0,0.0,0.0,truck,30,81.257,-28.2675,-6.3938,-2.4031,6.8256,0.2579,202.7622,6.830488126773957,24.589757256386243,-13.5552,-11.2787,6.3938,2.4031,6.830488126773957,17.633845885966,0,14_13_30_886_ego_30,1,886,860,886,vehicle_vehicle,0.7691258835868089,0.011703096085631097,2.0214249983259314,2.0232114125814995,15.0,3.0,3.5,0.8,7.263234412436376,26.147643884770954
14,14,820,820,70.6178,-36.4685,224.0776,2.1358,4.5059,-0.0,-0.0,0.0,0.0,0.0,-0.0,-0.0,-0.0,trailer,30,81.257,-28.2675,-6.3938,-2.4031,6.8256,0.2579,202.7622,6.830488126773957,24.589757256386243,-10.639200000000002,-8.201,6.3938,2.4031,6.830488126773957,13.433129852718617,0,14_13_30_886_ego_30,0,886,860,886,vehicle_vehicle,0.7691258835868089,0.011703096085631097,2.0214249983259314,2.0232114125814995,15.0,3.0,3.5,0.8,7.263234412436376,26.147643884770954
14,27,820,246,93.5563,-31.9621,137.5397,2.0752,4.7129,-4.7112,4.0166,-0.5399,-1.719,6.1872,-0.2172,-0.7622,-1.6327,car,30,81.257,-28.2675,-6.3938,-2.4031,6.8256,0.2579,202.7622,6.830488126773957,24.589757256386243,12.299299999999988,-3.694600000000001,1.6825999999999999,6.419700000000001,6.63654208530316,12.84222915423953,0,14_13_30_886_ego_30,0,886,860,886,vehicle_vehicle,0.7691258835868089,0.011703096085631097,2.0214249983259314,2.0232114125814995,15.0,3.0,3.5,0.8,7.263234412436376,26.147643884770954
14,30,820,107,81.257,-28.2675,202.7622,1.9425,3.9964,-6.3938,-2.4031,-0.8866,0.2715,6.8256,0.2579,0.7125,0.5934,car,30,81.257,-28.2675,-6.3938,-2.4031,6.8256,0.2579,202.7622,6.830488126773957,24.589757256386243,0.0,0.0,0.0,0.0,0.0,0.0,1,14_13_30_886_ego_30,1,886,860,886,vehicle_vehicle,0.7691258835868089,0.011703096085631097,2.0214249983259314,2.0232114125814995,15.0,3.0,3.5,0.8,7.263234412436376,26.147643884770954
14,31,820,98,81.2498,-23.0216,208.9889,2.0133,4.3115,-3.9312,-1.8514,-1.2984,0.1371,4.336,0.2858,1.0693,0.7492,car,30,81.257,-28.2675,-6.3938,-2.4031,6.8256,0.2579,202.7622,6.830488126773957,24.589757256386243,-0.0072000000000116415,5.245899999999999,2.4625999999999997,0.5516999999999999,2.5236425360973764,5.245904940999217,0,14_13_30_886_ego_30,0,886,860,886,vehicle_vehicle,0.7691258835868089,0.011703096085631097,2.0214249983259314,2.0232114125814995,15.0,3.0,3.5,0.8,7.263234412436376,26.147643884770954
14,13,821,821,67.7018,-39.5462,242.9668,1.2661,2.6528,0.0,0.0,-0.0,0.0,-0.0,-0.0,0.0,0.0,truck,30,80.9986,-28.3642,-6.426,-2.3897,6.8515,0.2474,202.4668,6.855956686706823,24.68144407214456,-13.29679999999999,-11.181999999999999,6.426,2.3897,6.855956686706823,17.37360107289216,0,14_13_30_886_ego_30,1,886,860,886,vehicle_vehicle,0.7691258835868089,0.011703096085631097,2.0214249983259314,2.0232114125814995,15.0,3.0,3.5,0.8,7.263234412436376,26.147643884770954
14,14,821,821,70.6178,-36.4685,224.0776,2.1358,4.5059,0.0,-0.0,0.0,0.0,0.0,-0.0,-0.0,-0.0,trailer,30,80.9986,-28.3642,-6.426,-2.3897,6.8515,0.2474,202.4668,6.855956686706823,24.68144407214456,-10.380799999999994,-8.104299999999999,6.426,2.3897,6.855956686706823,13.169688194106945,0,14_13_30_886_ego_30,0,886,860,886,vehicle_vehicle,0.7691258835868089,0.011703096085631097,2.0214249983259314,2.0232114125814995,15.0,3.0,3.5,0.8,7.263234412436376,26.147643884770954
14,27,821,247,93.3668,-31.8033,138.1888,2.0752,4.7129,-4.7294,3.9485,-0.5112,-1.7138,6.1574,-0.21,-0.7615,-1.6182,car,30,80.9986,-28.3642,-6.426,-2.3897,6.8515,0.2474,202.4668,6.855956686706823,24.68144407214456,12.368200000000002,-3.4391,1.6966,6.3382000000000005,6.561343673364473,12.83743666196644,0,14_13_30_886_ego_30,0,886,860,886,vehicle_vehicle,0.7691258835868089,0.011703096085631097,2.0214249983259314,2.0232114125814995,15.0,3.0,3.5,0.8,7.263234412436376,26.147643884770954
14,30,821,108,80.9986,-28.3642,202.4668,1.9425,3.9964,-6.426,-2.3897,-0.7882,0.2136,6.8515,0.2474,0.6468,0.4986,car,30,80.9986,-28.3642,-6.426,-2.3897,6.8515,0.2474,202.4668,6.855956686706823,24.68144407214456,0.0,0.0,0.0,0.0,0.0,0.0,1,14_13_30_886_ego_30,1,886,860,886,vehicle_vehicle,0.7691258835868089,0.011703096085631097,2.0214249983259314,2.0232114125814995,15.0,3.0,3.5,0.8,7.263234412436376,26.147643884770954
14,31,821,99,81.0922,-23.0953,208.4944,2.0133,4.3115,-3.9878,-1.8448,-1.3014,0.1097,4.3848,0.2811,1.0914,0.7173,car,30,80.9986,-28.3642,-6.426,-2.3897,6.8515,0.2474,202.4668,6.855956686706823,24.68144407214456,0.09360000000000923,5.268899999999999,2.4382,0.5448999999999999,2.49834650318966,5.269731318577826,0,14_13_30_886_ego_30,0,886,860,886,vehicle_vehicle,0.7691258835868089,0.011703096085631097,2.0214249983259314,2.0232114125814995,15.0,3.0,3.5,0.8,7.263234412436376,26.147643884770954
14,13,822,822,67.7018,-39.5462,242.9668,1.2661,2.6528,-0.0,0.0,-0.0,0.0,0.0,0.0,0.0,0.0,truck,30,80.7393,-28.4605,-6.4537,-2.3783,6.8739,0.2367,202.2012,6.87797605258989,24.760713789323606,-13.037499999999994,-11.0857,6.4537,2.3783,6.87797605258989,17.11342019410497,0,14_13_30_886_ego_30,1,886,860,886,vehicle_vehicle,0.7691258835868089,0.011703096085631097,2.0214249983259314,2.0232114125814995,15.0,3.0,3.5,0.8,7.263234412436376,26.147643884770954
14,14,822,822,70.6178,-36.4685,224.0776,2.1358,4.5059,0.0,-0.0,0.0,0.0,0.0,-0.0,-0.0,-0.0,trailer,30,80.7393,-28.4605,-6.4537,-2.3783,6.8739,0.2367,202.2012,6.87797605258989,24.760713789323606,-10.121499999999997,-8.008,6.4537,2.3783,6.87797605258989,12.906309551920717,0,14_13_30_886_ego_30,0,886,860,886,vehicle_vehicle,0.7691258835868089,0.011703096085631097,2.0214249983259314,2.0232114125814995,15.0,3.0,3.5,0.8,7.263234412436376,26.147643884770954
14,27,822,248,93.1766,-31.6468,138.8328,2.0752,4.7129,-4.7463,3.8806,-0.486,-1.7093,6.1274,-0.203,-0.7593,-1.6067,car,30,80.7393,-28.4605,-6.4537,-2.3783,6.8739,0.2367,202.2012,6.87797605258989,24.760713789323606,12.437299999999993,-3.1862999999999992,1.7074000000000007,6.2589,6.487606952490263,12.838961756310352,0,14_13_30_886_ego_30,0,886,860,886,vehicle_vehicle,0.7691258835868089,0.011703096085631097,2.0214249983259314,2.0232114125814995,15.0,3.0,3.5,0.8,7.263234412436376,26.147643884770954
14,30,822,109,80.7393,-28.4605,202.2012,1.9425,3.9964,-6.4537,-2.3783,-0.6934,0.153,6.8739,0.2367,0.5841,0.4037,car,30,80.7393,-28.4605,-6.4537,-2.3783,6.8739,0.2367,202.2012,6.87797605258989,24.760713789323606,0.0,0.0,0.0,0.0,0.0,0.0,1,14_13_30_886_ego_30,1,886,860,886,vehicle_vehicle,0.7691258835868089,0.011703096085631097,2.0214249983259314,2.0232114125814995,15.0,3.0,3.5,0.8,7.263234412436376,26.147643884770954
14,31,822,100,80.9318,-23.1689,208.0248,2.0133,4.3115,-4.0445,-1.8393,-1.2998,0.0812,4.4345,0.2767,1.1092,0.6824,car,30,80.7393,-28.4605,-6.4537,-2.3783,6.8739,0.2367,202.2012,6.87797605258989,24.760713789323606,0.19249999999999545,5.291599999999999,2.4092000000000002,0.5389999999999999,2.4687579144176937,5.295100264395376,0,14_13_30_886_ego_30,0,886,860,886,vehicle_vehicle,0.7691258835868089,0.011703096085631097,2.0214249983259314,2.0232114125814995,15.0,3.0,3.5,0.8,7.263234412436376,26.147643884770954
14,13,823,823,67.7018,-39.5462,242.9668,1.2661,2.6528,-0.0,0.0,-0.0,-0.0,0.0,0.0,0.0,0.0,truck,30,80.479,-28.5559,-6.477,-2.3691,6.893,0.2242,201.9539,6.896677737142718,24.828039853713786,-12.777199999999993,-10.990299999999998,6.477,2.3691,6.896677737142718,16.853591128599263,0,14_13_30_886_ego_30,1,886,860,886,vehicle_vehicle,0.7691258835868089,0.011703096085631097,2.0214249983259314,2.0232114125814995,15.0,3.0,3.5,0.8,7.263234412436376,26.147643884770954
14,14,823,823,70.6178,-36.4685,224.0776,2.1358,4.5059,0.0,-0.0,0.0,0.0,-0.0,-0.0,-0.0,-0.0,trailer,30,80.479,-28.5559,-6.477,-2.3691,6.893,0.2242,201.9539,6.896677737142718,24.828039853713786,-9.861199999999997,-7.912599999999998,6.477,2.3691,6.896677737142718,12.643279012977603,0,14_13_30_886_ego_30,0,886,860,886,vehicle_vehicle,0.7691258835868089,0.011703096085631097,2.0214249983259314,2.0232114125814995,15.0,3.0,3.5,0.8,7.263234412436376,26.147643884770954
14,27,823,249,92.9859,-31.4922,139.4622,2.0752,4.7129,-4.762,3.8126,-0.4645,-1.7053,6.097,-0.1975,-0.7554,-1.5979,car,30,80.479,-28.5559,-6.477,-2.3691,6.893,0.2242,201.9539,6.896677737142718,24.828039853713786,12.506900000000002,-2.9362999999999992,1.7150000000000007,6.1817,6.415188219374394,12.846960936345997,0,14_13_30_886_ego_30,0,886,860,886,vehicle_vehicle,0.7691258835868089,0.011703096085631097,2.0214249983259314,2.0232114125814995,15.0,3.0,3.5,0.8,7.263234412436376,26.147643884770954
14,30,823,110,80.479,-28.5559,201.9539,1.9425,3.9964,-6.477,-2.3691,-0.6026,0.0895,6.893,0.2242,0.5255,0.3083,car,30,80.479,-28.5559,-6.477,-2.3691,6.893,0.2242,201.9539,6.896677737142718,24.828039853713786,0.0,0.0,0.0,0.0,0.0,0.0,1,14_13_30_886_ego_30,1,886,860,886,vehicle_vehicle,0.7691258835868089,0.011703096085631097,2.0214249983259314,2.0232114125814995,15.0,3.0,3.5,0.8,7.263234412436376,26.147643884770954
14,31,823,101,80.7684,-23.2424,207.5776,2.0133,4.3115,-4.101,-1.835,-1.2936,0.0516,4.4845,0.2721,1.1227,0.6446,car,30,80.479,-28.5559,-6.477,-2.3691,6.893,0.2242,201.9539,6.896677737142718,24.828039853713786,0.28940000000000055,5.313500000000001,2.3760000000000003,0.5341,2.435290292757724,5.321375255514313,0,14_13_30_886_ego_30,0,886,860,886,vehicle_vehicle,0.7691258835868089,0.011703096085631097,2.0214249983259314,2.0232114125814995,15.0,3.0,3.5,0.8,7.263234412436376,26.147643884770954
14,13,824,824,67.7018,-39.5462,242.9668,1.2661,2.6528,-0.0,0.0,-0.0,-0.0,0.0,0.0,0.0,0.0,truck,30,80.2183,-28.6503,-6.4962,-2.3626,6.9093,0.2089,201.7172,6.912488206138221,24.884957542097595,-12.516499999999994,-10.895899999999997,6.4962,2.3626,6.912488206138221,16.594680143347137,0,14_13_30_886_ego_30,1,886,860,886,vehicle_vehicle,0.7691258835868089,0.011703096085631097,2.0214249983259314,2.0232114125814995,15.0,3.0,3.5,0.8,7.263234412436376,26.147643884770954
14,14,824,824,70.6178,-36.4685,224.0776,2.1358,4.5059,0.0,-0.0,0.0,0.0,-0.0,-0.0,-0.0,-0.0,trailer,30,80.2183,-28.6503,-6.4962,-2.3626,6.9093,0.2089,201.7172,6.912488206138221,24.884957542097595,-9.600499999999997,-7.818199999999997,6.4962,2.3626,6.912488206138221,12.381189421457048,0,14_13_30_886_ego_30,0,886,860,886,vehicle_vehicle,0.7691258835868089,0.011703096085631097,2.0214249983259314,2.0232114125814995,15.0,3.0,3.5,0.8,7.263234412436376,26.147643884770954
14,27,824,250,92.7952,-31.3403,140.079,2.0752,4.7129,-4.7768,3.7445,-0.4466,-1.7016,6.0665,-0.1937,-0.7494,-1.5916,car,30,80.2183,-28.6503,-6.4962,-2.3626,6.9093,0.2089,201.7172,6.912488206138221,24.884957542097595,12.576899999999995,-2.6899999999999977,1.7194000000000003,6.1071,6.34452573247205,12.861357378208563,0,14_13_30_886_ego_30,0,886,860,886,vehicle_vehicle,0.7691258835868089,0.011703096085631097,2.0214249983259314,2.0232114125814995,15.0,3.0,3.5,0.8,7.263234412436376,26.147643884770954
14,30,824,111,80.2183,-28.6503,201.7172,1.9425,3.9964,-6.4962,-2.3626,-0.5166,0.0229,6.9093,0.2089,0.4714,0.2125,car,30,80.2183,-28.6503,-6.4962,-2.3626,6.9093,0.2089,201.7172,6.912488206138221,24.884957542097595,0.0,0.0,0.0,0.0,0.0,0.0,1,14_13_30_886_ego_30,1,886,860,886,vehicle_vehicle,0.7691258835868089,0.011703096085631097,2.0214249983259314,2.0232114125814995,15.0,3.0,3.5,0.8,7.263234412436376,26.147643884770954
14,31,824,102,80.603,-23.3155,207.1512,2.0133,4.3115,-4.157,-1.8319,-1.283,0.021,4.5349,0.267,1.1321,0.6042,car,30,80.2183,-28.6503,-6.4962,-2.3626,6.9093,0.2089,201.7172,6.912488206138221,24.884957542097595,0.38469999999999516,5.334800000000001,2.3392,0.5307,2.398645269730395,5.348652646227834,0,14_13_30_886_ego_30,0,886,860,886,vehicle_vehicle,0.7691258835868089,0.011703096085631097,2.0214249983259314,2.0232114125814995,15.0,3.0,3.5,0.8,7.263234412436376,26.147643884770954
14,13,825,825,67.7018,-39.5462,242.9668,1.2661,2.6528,-0.0,0.0,-0.0,-0.0,0.0,0.0,0.0,0.0,truck,30,79.9574,-28.7443,-6.5117,-2.3589,6.9231,0.1914,201.4971,6.925795701578267,24.93286452568176,-12.255600000000001,-10.8019,6.5117,2.3589,6.925795701578267,16.336486004340102,0,14_13_30_886_ego_30,1,886,860,886,vehicle_vehicle,0.7691258835868089,0.011703096085631097,2.0214249983259314,2.0232114125814995,15.0,3.0,3.5,0.8,7.263234412436376,26.147643884770954
14,14,825,825,70.6178,-36.4685,224.0776,2.1358,4.5059,0.0,-0.0,0.0,0.0,-0.0,-0.0,-0.0,-0.0,trailer,30,79.9574,-28.7443,-6.5117,-2.3589,6.9231,0.1914,201.4971,6.925795701578267,24.93286452568176,-9.339600000000004,-7.7242,6.5117,2.3589,6.925795701578267,12.119875981213672,0,14_13_30_886_ego_30,0,886,860,886,vehicle_vehicle,0.7691258835868089,0.011703096085631097,2.0214249983259314,2.0232114125814995,15.0,3.0,3.5,0.8,7.263234412436376,26.147643884770954
14,27,825,251,92.6045,-31.1904,140.6887,2.0752,4.7129,-4.7913,3.6759,-0.4324,-1.6976,6.0359,-0.1913,-0.741,-1.5874,car,30,79.9574,-28.7443,-6.5117,-2.3589,6.9231,0.1914,201.4971,6.925795701578267,24.93286452568176,12.647099999999995,-2.4461000000000013,1.7204000000000006,6.034800000000001,6.275236027433551,12.881480645484814,0,14_13_30_886_ego_30,0,886,860,886,vehicle_vehicle,0.7691258835868089,0.011703096085631097,2.0214249983259314,2.0232114125814995,15.0,3.0,3.5,0.8,7.263234412436376,26.147643884770954
14,30,825,112,79.9574,-28.7443,201.4971,1.9425,3.9964,-6.5117,-2.3589,-0.4356,-0.0464,6.9231,0.1914,0.4223,0.1164,car,30,79.9574,-28.7443,-6.5117,-2.3589,6.9231,0.1914,201.4971,6.925795701578267,24.93286452568176,0.0,0.0,0.0,0.0,0.0,0.0,1,14_13_30_886_ego_30,1,886,860,886,vehicle_vehicle,0.7691258835868089,0.011703096085631097,2.0214249983259314,2.0232114125814995,15.0,3.0,3.5,0.8,7.263234412436376,26.147643884770954
14,31,825,103,80.4349,-23.3886,206.737,2.0133,4.3115,-4.2124,-1.8302,-1.2683,-0.0106,4.5854,0.2607,1.1375,0.5611,car,30,79.9574,-28.7443,-6.5117,-2.3589,6.9231,0.1914,201.4971,6.925795701578267,24.93286452568176,0.47749999999999204,5.355699999999999,2.2993000000000006,0.5287000000000002,2.3593016297201177,5.376944182340001,0,14_13_30_886_ego_30,0,886,860,886,vehicle_vehicle,0.7691258835868089,0.011703096085631097,2.0214249983259314,2.0232114125814995,15.0,3.0,3.5,0.8,7.263234412436376,26.147643884770954
14,13,826,826,67.7018,-39.5462,242.9668,1.2661,2.6528,-0.0,0.0,-0.0,-0.0,0.0,0.0,0.0,0.0,truck,30,79.6963,-28.8383,-6.5238,-2.3582,6.9348,0.1725,201.2987,6.936935467481299,24.972967682932676,-11.994499999999988,-10.707899999999999,6.5238,2.3582,6.936935467481299,16.078779576199175,0,14_13_30_886_ego_30,1,886,860,886,vehicle_vehicle,0.7691258835868089,0.011703096085631097,2.0214249983259314,2.0232114125814995,15.0,3.0,3.5,0.8,7.263234412436376,26.147643884770954
14,14,826,826,70.6178,-36.4685,224.0776,2.1358,4.5059,0.0,-0.0,0.0,0.0,-0.0,-0.0,-0.0,-0.0,trailer,30,79.6963,-28.8383,-6.5238,-2.3582,6.9348,0.1725,201.2987,6.936935467481299,24.972967682932676,-9.078499999999991,-7.6301999999999985,6.5238,2.3582,6.936935467481299,11.859136321419019,0,14_13_30_886_ego_30,0,886,860,886,vehicle_vehicle,0.7691258835868089,0.011703096085631097,2.0214249983259314,2.0232114125814995,15.0,3.0,3.5,0.8,7.263234412436376,26.147643884770954
14,27,826,252,92.4132,-31.0435,141.2968,2.0752,4.7129,-4.8055,3.607,-0.4214,-1.6929,6.0056,-0.1899,-0.7297,-1.5846,car,30,79.6963,-28.8383,-6.5238,-2.3582,6.9348,0.1725,201.2987,6.936935467481299,24.972967682932676,12.71690000000001,-2.2052000000000014,1.7182999999999993,5.9652,6.207750472594722,12.906682480405268,0,14_13_30_886_ego_30,0,886,860,886,vehicle_vehicle,0.7691258835868089,0.011703096085631097,2.0214249983259314,2.0232114125814995,15.0,3.0,3.5,0.8,7.263234412436376,26.147643884770954
14,30,826,113,79.6963,-28.8383,201.2987,1.9425,3.9964,-6.5238,-2.3582,-0.3599,-0.1185,6.9348,0.1725,0.3783,0.0203,car,30,79.6963,-28.8383,-6.5238,-2.3582,6.9348,0.1725,201.2987,6.936935467481299,24.972967682932676,0.0,0.0,0.0,0.0,0.0,0.0,1,14_13_30_886_ego_30,1,886,860,886,vehicle_vehicle,0.7691258835868089,0.011703096085631097,2.0214249983259314,2.0232114125814995,15.0,3.0,3.5,0.8,7.263234412436376,26.147643884770954
14,31,826,104,80.2642,-23.4617,206.3467,2.0133,4.3115,-4.2666,-1.8297,-1.2498,-0.0431,4.6354,0.2539,1.1391,0.516,car,30,79.6963,-28.8383,-6.5238,-2.3582,6.9348,0.1725,201.2987,6.936935467481299,24.972967682932676,0.5679000000000087,5.3766,2.257199999999999,0.5285,2.3182459080088975,5.406508852300162,0,14_13_30_886_ego_30,0,886,860,886,vehicle_vehicle,0.7691258835868089,0.011703096085631097,2.0214249983259314,2.0232114125814995,15.0,3.0,3.5,0.8,7.263234412436376,26.147643884770954
14,13,827,827,67.7018,-39.5462,242.9668,1.2661,2.6528,-0.0,0.0,-0.0,-0.0,0.0,0.0,0.0,0.0,truck,30,79.4353,-28.9323,-6.533,-2.3605,6.9447,0.1516,201.1165,6.946369501401433,25.00693020504516,-11.733499999999992,-10.613899999999997,6.533,2.3605,6.946369501401433,15.821817072005343,0,14_13_30_886_ego_30,1,886,860,886,vehicle_vehicle,0.7691258835868089,0.011703096085631097,2.0214249983259314,2.0232114125814995,15.0,3.0,3.5,0.8,7.263234412436376,26.147643884770954
14,14,827,827,70.6178,-36.4685,224.0776,2.1358,4.5059,0.0,0.0,0.0,0.0,-0.0,-0.0,-0.0,-0.0,trailer,30,79.4353,-28.9323,-6.533,-2.3605,6.9447,0.1516,201.1165,6.946369501401433,25.00693020504516,-8.817499999999995,-7.536199999999997,6.533,2.3605,6.946369501401433,11.599250695195783,0,14_13_30_886_ego_30,0,886,860,886,vehicle_vehicle,0.7691258835868089,0.011703096085631097,2.0214249983259314,2.0232114125814995,15.0,3.0,3.5,0.8,7.263234412436376,26.147643884770954
14,27,827,253,92.2215,-30.8998,141.9,2.0752,4.7129,-4.8195,3.538,-0.4134,-1.687,5.9757,-0.1897,-0.7156,-1.5826,car,30,79.4353,-28.9323,-6.533,-2.3605,6.9447,0.1516,201.1165,6.946369501401433,25.00693020504516,12.786200000000008,-1.9674999999999976,1.7135000000000007,5.8985,6.142343567401616,12.936690716330826,0,14_13_30_886_ego_30,0,886,860,886,vehicle_vehicle,0.7691258835868089,0.011703096085631097,2.0214249983259314,2.0232114125814995,15.0,3.0,3.5,0.8,7.263234412436376,26.147643884770954
14,30,827,114,79.4353,-28.9323,201.1165,1.9425,3.9964,-6.533,-2.3605,-0.2894,-0.193,6.9447,0.1516,0.3395,-0.0758,car,30,79.4353,-28.9323,-6.533,-2.3605,6.9447,0.1516,201.1165,6.946369501401433,25.00693020504516,0.0,0.0,0.0,0.0,0.0,0.0,1,14_13_30_886_ego_30,1,886,860,886,vehicle_vehicle,0.7691258835868089,0.011703096085631097,2.0214249983259314,2.0232114125814995,15.0,3.0,3.5,0.8,7.263234412436376,26.147643884770954
14,31,827,105,80.0916,-23.5345,205.9754,2.0133,4.3115,-4.3198,-1.8307,-1.2279,-0.0764,4.6852,0.2462,1.1373,0.4692,car,30,79.4353,-28.9323,-6.533,-2.3605,6.9447,0.1516,201.1165,6.946369501401433,25.00693020504516,0.6563000000000017,5.3978,2.2132000000000005,0.5298,2.2757289557414353,5.437552255381092,0,14_13_30_886_ego_30,0,886,860,886,vehicle_vehicle,0.7691258835868089,0.011703096085631097,2.0214249983259314,2.0232114125814995,15.0,3.0,3.5,0.8,7.263234412436376,26.147643884770954
14,13,828,828,67.7018,-39.5462,242.9668,1.2661,2.6528,-0.0,0.0,-0.0,-0.0,0.0,0.0,0.0,0.0,truck,30,79.1745,-29.0266,-6.5397,-2.366,6.9533,0.1301,200.9613,6.954540393872193,25.036345417939895,-11.472699999999989,-10.5196,6.5397,2.366,6.954540393872193,15.565501259194956,0,14_13_30_886_ego_30,1,886,860,886,vehicle_vehicle,0.7691258835868089,0.011703096085631097,2.0214249983259314,2.0232114125814995,15.0,3.0,3.5,0.8,7.263234412436376,26.147643884770954
14,14,828,828,70.6178,-36.4685,224.0776,2.1358,4.5059,0.0,0.0,0.0,0.0,-0.0,-0.0,-0.0,0.0,trailer,30,79.1745,-29.0266,-6.5397,-2.366,6.9533,0.1301,200.9613,6.954540393872193,25.036345417939895,-8.556699999999992,-7.4419,6.5397,2.366,6.954540393872193,11.340149491959966,0,14_13_30_886_ego_30,0,886,860,886,vehicle_vehicle,0.7691258835868089,0.011703096085631097,2.0214249983259314,2.0232114125814995,15.0,3.0,3.5,0.8,7.263234412436376,26.147643884770954
14,27,828,254,92.0297,-30.7586,142.4905,2.0752,4.7129,-4.8338,3.4688,-0.4079,-1.6796,5.9465,-0.1916,-0.6991,-1.5807,car,30,79.1745,-29.0266,-6.5397,-2.366,6.9533,0.1301,200.9613,6.954540393872193,25.036345417939895,12.85520000000001,-1.7320000000000029,1.7058999999999997,5.8347999999999995,6.079061263879481,12.97135270663782,0,14_13_30_886_ego_30,0,886,860,886,vehicle_vehicle,0.7691258835868089,0.011703096085631097,2.0214249983259314,2.0232114125814995,15.0,3.0,3.5,0.8,7.263234412436376,26.147643884770954
14,30,828,115,79.1745,-29.0266,200.9613,1.9425,3.9964,-6.5397,-2.366,-0.2239,-0.2699,6.9533,0.1301,0.3056,-0.1719,car,30,79.1745,-29.0266,-6.5397,-2.366,6.9533,0.1301,200.9613,6.954540393872193,25.036345417939895,0.0,0.0,0.0,0.0,0.0,0.0,1,14_13_30_886_ego_30,1,886,860,886,vehicle_vehicle,0.7691258835868089,0.011703096085631097,2.0214249983259314,2.0232114125814995,15.0,3.0,3.5,0.8,7.263234412436376,26.147643884770954
14,31,828,106,79.9163,-23.6077,205.6243,2.0133,4.3115,-4.3714,-1.8331,-1.2032,-0.1104,4.7343,0.2377,1.1326,0.4209,car,30,79.1745,-29.0266,-6.5397,-2.366,6.9533,0.1301,200.9613,6.954540393872193,25.036345417939895,0.741800000000012,5.418899999999997,2.1682999999999995,0.5329000000000002,2.2328249595523597,5.469437306524318,0,14_13_30_886_ego_30,0,886,860,886,vehicle_vehicle,0.7691258835868089,0.011703096085631097,2.0214249983259314,2.0232114125814995,15.0,3.0,3.5,0.8,7.263234412436376,26.147643884770954
14,13,829,829,67.7018,-39.5462,242.9668,1.2661,2.6528,-0.0,0.0,-0.0,-0.0,0.0,0.0,0.0,0.0,truck,30,78.9132,-29.1209,-6.5439,-2.3747,6.9606,0.1109,200.8582,6.961452958973435,25.061230652304367,-11.211399999999998,-10.4253,6.5439,2.3747,6.961452958973435,15.309551595327669,0,14_13_30_886_ego_30,1,886,860,886,vehicle_vehicle,0.7691258835868089,0.011703096085631097,2.0214249983259314,2.0232114125814995,15.0,3.0,3.5,0.8,7.263234412436376,26.147643884770954
14,14,829,829,70.6178,-36.4685,224.0776,2.1358,4.5059,0.0,0.0,0.0,0.0,-0.0,-0.0,-0.0,0.0,trailer,30,78.9132,-29.1209,-6.5439,-2.3747,6.9606,0.1109,200.8582,6.961452958973435,25.061230652304367,-8.2954,-7.3476,6.5439,2.3747,6.961452958973435,11.081556159673605,0,14_13_30_886_ego_30,0,886,860,886,vehicle_vehicle,0.7691258835868089,0.011703096085631097,2.0214249983259314,2.0232114125814995,15.0,3.0,3.5,0.8,7.263234412436376,26.147643884770954
14,27,829,255,91.8371,-30.6196,143.069,2.0752,4.7129,-4.8482,3.3992,-0.4045,-1.6702,5.9179,-0.1959,-0.6802,-1.5781,car,30,78.9132,-29.1209,-6.5439,-2.3747,6.9606,0.1109,200.8582,6.961452958973435,25.061230652304367,12.923900000000003,-1.4986999999999995,1.6956999999999995,5.773899999999999,6.017750385318419,13.010507019328651,0,14_13_30_886_ego_30,0,886,860,886,vehicle_vehicle,0.7691258835868089,0.011703096085631097,2.0214249983259314,2.0232114125814995,15.0,3.0,3.5,0.8,7.263234412436376,26.147643884770954
14,30,829,116,78.9132,-29.1209,200.8582,1.9425,3.9964,-6.5439,-2.3747,-0.1633,-0.349,6.9606,0.1109,0.2768,-0.268,car,30,78.9132,-29.1209,-6.5439,-2.3747,6.9606,0.1109,200.8582,6.961452958973435,25.061230652304367,0.0,0.0,0.0,0.0,0.0,0.0,1,14_13_30_886_ego_30,1,886,860,886,vehicle_vehicle,0.7691258835868089,0.011703096085631097,2.0214249983259314,2.0232114125814995,15.0,3.0,3.5,0.8,7.263234412436376,26.147643884770954
14,31,829,107,79.7386,-23.6808,205.2834,2.0133,4.3115,-4.4214,-1.837,-1.1763,-0.1449,4.7824,0.2273,1.1255,0.3714,car,30,78.9132,-29.1209,-6.5439,-2.3747,6.9606,0.1109,200.8582,6.961452958973435,25.061230652304367,0.8254000000000019,5.4400999999999975,2.1224999999999996,0.5376999999999998,2.1895496203557476,5.502360690649057,0,14_13_30_886_ego_30,0,886,860,886,vehicle_vehicle,0.7691258835868089,0.011703096085631097,2.0214249983259314,2.0232114125814995,15.0,3.0,3.5,0.8,7.263234412436376,26.147643884770954
14,13,830,830,67.7018,-39.5462,242.9668,1.2661,2.6528,-0.0,0.0,0.0,-0.0,0.0,0.0,-0.0,-0.0,truck,30,78.652,-29.2152,-6.546,-2.387,6.967,0.0922,200.7921,6.9676312330662284,25.083472439038424,-10.950199999999995,-10.331,6.546,2.387,6.9676312330662284,15.054449210781504,0,14_13_30_886_ego_30,1,886,860,886,vehicle_vehicle,0.7691258835868089,0.011703096085631097,2.0214249983259314,2.0232114125814995,15.0,3.0,3.5,0.8,7.263234412436376,26.147643884770954
14,14,830,830,70.6178,-36.4685,224.0776,2.1358,4.5059,0.0,0.0,0.0,0.0,-0.0,-0.0,-0.0,0.0,trailer,30,78.652,-29.2152,-6.546,-2.387,6.967,0.0922,200.7921,6.9676312330662284,25.083472439038424,-8.034199999999998,-7.253299999999999,6.546,2.387,6.9676312330662284,10.823988660840326,0,14_13_30_886_ego_30,0,886,860,886,vehicle_vehicle,0.7691258835868089,0.011703096085631097,2.0214249983259314,2.0232114125814995,15.0,3.0,3.5,0.8,7.263234412436376,26.147643884770954
14,27,830,256,91.6431,-30.4841,143.6555,2.0752,4.7129,-4.8627,3.3297,-0.4028,-1.6582,5.8901,-0.1998,-0.6582,-1.5744,car,30,78.652,-29.2152,-6.546,-2.387,6.967,0.0922,200.7921,6.9676312330662284,25.083472439038424,12.991100000000003,-1.2689000000000021,1.6833,5.7166999999999994,5.959375619978992,13.052922524093985,0,14_13_30_886_ego_30,0,886,860,886,vehicle_vehicle,0.7691258835868089,0.011703096085631097,2.0214249983259314,2.0232114125814995,15.0,3.0,3.5,0.8,7.263234412436376,26.147643884770954
14,30,830,117,78.652,-29.2152,200.7921,1.9425,3.9964,-6.546,-2.387,-0.1072,-0.4299,6.967,0.0922,0.2528,-0.3639,car,30,78.652,-29.2152,-6.546,-2.387,6.967,0.0922,200.7921,6.9676312330662284,25.083472439038424,0.0,0.0,0.0,0.0,0.0,0.0,1,14_13_30_886_ego_30,1,886,860,886,vehicle_vehicle,0.7691258835868089,0.011703096085631097,2.0214249983259314,2.0232114125814995,15.0,3.0,3.5,0.8,7.263234412436376,26.147643884770954
14,31,830,108,79.5589,-23.7539,204.9638,2.0133,4.3115,-4.4695,-1.8424,-1.148,-0.18,4.8295,0.216,1.1167,0.3214,car,30,78.652,-29.2152,-6.546,-2.387,6.967,0.0922,200.7921,6.9676312330662284,25.083472439038424,0.9068999999999932,5.461299999999998,2.0765000000000002,0.5446,2.1467280708091563,5.536087544466756,0,14_13_30_886_ego_30,0,886,860,886,vehicle_vehicle,0.7691258835868089,0.011703096085631097,2.0214249983259314,2.0232114125814995,15.0,3.0,3.5,0.8,7.263234412436376,26.147643884770954
14,13,831,831,67.7018,-39.5462,242.9668,1.2661,2.6528,-0.0,0.0,0.0,-0.0,0.0,0.0,-0.0,-0.0,truck,30,78.3912,-29.3097,-6.5463,-2.403,6.973,0.0732,200.7585,6.973410405963498,25.10427746146859,-10.689399999999992,-10.2365,6.5463,2.403,6.973410405963498,14.800310963287219,0,14_13_30_886_ego_30,1,886,860,886,vehicle_vehicle,0.7691258835868089,0.011703096085631097,2.0214249983259314,2.0232114125814995,15.0,3.0,3.5,0.8,7.263234412436376,26.147643884770954
14,14,831,831,70.6178,-36.4685,224.0776,2.1358,4.5059,0.0,0.0,-0.0,0.0,-0.0,-0.0,-0.0,0.0,trailer,30,78.3912,-29.3097,-6.5463,-2.403,6.973,0.0732,200.7585,6.973410405963498,25.10427746146859,-7.773399999999995,-7.158799999999999,6.5463,2.403,6.973410405963498,10.567599774783293,0,14_13_30_886_ego_30,0,886,860,886,vehicle_vehicle,0.7691258835868089,0.011703096085631097,2.0214249983259314,2.0232114125814995,15.0,3.0,3.5,0.8,7.263234412436376,26.147643884770954
14,27,831,257,91.4486,-30.3515,144.2395,2.0752,4.7129,-4.8772,3.2604,-0.4029,-1.6434,5.863,-0.2045,-0.6335,-1.569,car,30,78.3912,-29.3097,-6.5463,-2.403,6.973,0.0732,200.7585,6.973410405963498,25.10427746146859,13.057400000000001,-1.041800000000002,1.6690999999999994,5.6634,5.904235290873832,13.098894686193947,0,14_13_30_886_ego_30,0,886,860,886,vehicle_vehicle,0.7691258835868089,0.011703096085631097,2.0214249983259314,2.0232114125814995,15.0,3.0,3.5,0.8,7.263234412436376,26.147643884770954
14,30,831,118,78.3912,-29.3097,200.7585,1.9425,3.9964,-6.5463,-2.403,-0.0554,-0.5123,6.973,0.0732,0.2333,-0.4594,car,30,78.3912,-29.3097,-6.5463,-2.403,6.973,0.0732,200.7585,6.973410405963498,25.10427746146859,0.0,0.0,0.0,0.0,0.0,0.0,1,14_13_30_886_ego_30,1,886,860,886,vehicle_vehicle,0.7691258835868089,0.011703096085631097,2.0214249983259314,2.0232114125814995,15.0,3.0,3.5,0.8,7.263234412436376,26.147643884770954
14,31,831,109,79.3781,-23.827,204.6524,2.0133,4.3115,-4.516,-1.8496,-1.1189,-0.2152,4.8758,0.2027,1.1067,0.2711,car,30,78.3912,-29.3097,-6.5463,-2.403,6.973,0.0732,200.7585,6.973410405963498,25.10427746146859,0.9869000000000057,5.482699999999998,2.0302999999999995,0.5534000000000001,2.1043691810136353,5.570814204404953,0,14_13_30_886_ego_30,0,886,860,886,vehicle_vehicle,0.7691258835868089,0.011703096085631097,2.0214249983259314,2.0232114125814995,15.0,3.0,3.5,0.8,7.263234412436376,26.147643884770954
14,13,832,832,67.7018,-39.5462,242.9668,1.2661,2.6528,-0.0,0.0,0.0,-0.0,0.0,0.0,-0.0,-0.0,truck,30,78.1305,-29.4051,-6.545,-2.4228,6.9788,0.0525,200.7442,6.979038962493331,25.124540264975995,-10.428699999999992,-10.141099999999998,6.545,2.4228,6.979038962493331,14.546466680950388,0,14_13_30_886_ego_30,1,886,860,886,vehicle_vehicle,0.7691258835868089,0.011703096085631097,2.0214249983259314,2.0232114125814995,15.0,3.0,3.5,0.8,7.263234412436376,26.147643884770954
14,14,832,832,70.6178,-36.4685,224.0776,2.1358,4.5059,0.0,0.0,-0.0,0.0,-0.0,-0.0,0.0,0.0,trailer,30,78.1305,-29.4051,-6.545,-2.4228,6.9788,0.0525,200.7442,6.979038962493331,25.124540264975995,-7.512699999999995,-7.063399999999998,6.545,2.4228,6.979038962493331,10.311754499114102,0,14_13_30_886_ego_30,0,886,860,886,vehicle_vehicle,0.7691258835868089,0.011703096085631097,2.0214249983259314,2.0232114125814995,15.0,3.0,3.5,0.8,7.263234412436376,26.147643884770954
14,27,832,258,91.253,-30.2223,144.8293,2.0752,4.7129,-4.8916,3.1916,-0.4046,-1.6255,5.837,-0.2087,-0.6056,-1.5618,car,30,78.1305,-29.4051,-6.545,-2.4228,6.9788,0.0525,200.7442,6.979038962493331,25.124540264975995,13.122500000000002,-0.8171999999999997,1.6533999999999995,5.6144,5.852795820802226,13.147920827644198,0,14_13_30_886_ego_30,0,886,860,886,vehicle_vehicle,0.7691258835868089,0.011703096085631097,2.0214249983259314,2.0232114125814995,15.0,3.0,3.5,0.8,7.263234412436376,26.147643884770954
14,30,832,119,78.1305,-29.4051,200.7442,1.9425,3.9964,-6.545,-2.4228,-0.0073,-0.5956,6.9788,0.0525,0.2178,-0.5544,car,30,78.1305,-29.4051,-6.545,-2.4228,6.9788,0.0525,200.7442,6.979038962493331,25.124540264975995,0.0,0.0,0.0,0.0,0.0,0.0,1,14_13_30_886_ego_30,1,886,860,886,vehicle_vehicle,0.7691258835868089,0.011703096085631097,2.0214249983259314,2.0232114125814995,15.0,3.0,3.5,0.8,7.263234412436376,26.147643884770954
14,31,832,110,79.1951,-23.9006,204.3561,2.0133,4.3115,-4.5607,-1.8583,-1.0895,-0.2504,4.9212,0.1879,1.0958,0.2212,car,30,78.1305,-29.4051,-6.545,-2.4228,6.9788,0.0525,200.7442,6.979038962493331,25.124540264975995,1.0645999999999987,5.5045,1.9843000000000002,0.5645,2.0630333831521,5.606504562559456,0,14_13_30_886_ego_30,0,886,860,886,vehicle_vehicle,0.7691258835868089,0.011703096085631097,2.0214249983259314,2.0232114125814995,15.0,3.0,3.5,0.8,7.263234412436376,26.147643884770954
14,13,833,833,67.7018,-39.5462,242.9668,1.2661,2.6528,-0.0,0.0,0.0,-0.0,0.0,0.0,-0.0,-0.0,truck,30,77.8701,-29.5011,-6.5423,-2.4465,6.9847,0.0351,200.7914,6.984772833814998,25.14518220173399,-10.168299999999988,-10.045099999999998,6.5423,2.4465,6.984772833814998,14.293297691575576,0,14_13_30_886_ego_30,1,886,860,886,vehicle_vehicle,0.7691258835868089,0.011703096085631097,2.0214249983259314,2.0232114125814995,15.0,3.0,3.5,0.8,7.263234412436376,26.147643884770954
14,14,833,833,70.6178,-36.4685,224.0776,2.1358,4.5059,0.0,0.0,-0.0,0.0,-0.0,-0.0,0.0,0.0,trailer,30,77.8701,-29.5011,-6.5423,-2.4465,6.9847,0.0351,200.7914,6.984772833814998,25.14518220173399,-7.252299999999991,-6.967399999999998,6.5423,2.4465,6.984772833814998,10.056864225492946,0,14_13_30_886_ego_30,0,886,860,886,vehicle_vehicle,0.7691258835868089,0.011703096085631097,2.0214249983259314,2.0232114125814995,15.0,3.0,3.5,0.8,7.263234412436376,26.147643884770954
14,27,833,259,91.0568,-30.096,145.4243,2.0752,4.7129,-4.906,3.1236,-0.408,-1.6047,5.8121,-0.2122,-0.5747,-1.5528,car,30,77.8701,-29.5011,-6.5423,-2.4465,6.9847,0.0351,200.7914,6.984772833814998,25.14518220173399,13.186700000000002,-0.5948999999999991,1.6363000000000003,5.5701,5.80547084223149,13.200112230583498,0,14_13_30_886_ego_30,0,886,860,886,vehicle_vehicle,0.7691258835868089,0.011703096085631097,2.0214249983259314,2.0232114125814995,15.0,3.0,3.5,0.8,7.263234412436376,26.147643884770954
14,30,833,120,77.8701,-29.5011,200.7914,1.9425,3.9964,-6.5423,-2.4465,0.0375,-0.6793,6.9847,0.0351,0.206,-0.6484,car,30,77.8701,-29.5011,-6.5423,-2.4465,6.9847,0.0351,200.7914,6.984772833814998,25.14518220173399,0.0,0.0,0.0,0.0,0.0,0.0,1,14_13_30_886_ego_30,1,886,860,886,vehicle_vehicle,0.7691258835868089,0.011703096085631097,2.0214249983259314,2.0232114125814995,15.0,3.0,3.5,0.8,7.263234412436376,26.147643884770954
14,31,833,111,79.0102,-23.9745,204.0712,2.0133,4.3115,-4.6037,-1.8688,-1.0604,-0.2852,4.9656,0.1715,1.0845,0.172,car,30,77.8701,-29.5011,-6.5423,-2.4465,6.9847,0.0351,200.7914,6.984772833814998,25.14518220173399,1.1401000000000039,5.526600000000002,1.9386,0.5776999999999999,2.022846323871391,5.642972228356261,0,14_13_30_886_ego_30,0,886,860,886,vehicle_vehicle,0.7691258835868089,0.011703096085631097,2.0214249983259314,2.0232114125814995,15.0,3.0,3.5,0.8,7.263234412436376,26.147643884770954
14,13,834,834,67.7018,-39.5462,242.9668,1.2661,2.6528,-0.0,0.0,0.0,-0.0,0.0,0.0,-0.0,-0.0,truck,30,77.6099,-29.598,-6.5384,-2.4741,6.9909,0.018,200.8736,6.990840104737055,25.167024377053398,-9.90809999999999,-9.9482,6.5384,2.4741,6.990840104737055,14.040553010832578,0,14_13_30_886_ego_30,1,886,860,886,vehicle_vehicle,0.7691258835868089,0.011703096085631097,2.0214249983259314,2.0232114125814995,15.0,3.0,3.5,0.8,7.263234412436376,26.147643884770954
14,14,834,834,70.6178,-36.4685,224.0776,2.1358,4.5059,0.0,0.0,-0.0,0.0,-0.0,-0.0,0.0,0.0,trailer,30,77.6099,-29.598,-6.5384,-2.4741,6.9909,0.018,200.8736,6.990840104737055,25.167024377053398,-6.9920999999999935,-6.8705,6.5384,2.4741,6.990840104737055,9.802715575798366,0,14_13_30_886_ego_30,0,886,860,886,vehicle_vehicle,0.7691258835868089,0.011703096085631097,2.0214249983259314,2.0232114125814995,15.0,3.0,3.5,0.8,7.263234412436376,26.147643884770954
14,27,834,260,90.86,-29.9728,146.0159,2.0752,4.7129,-4.9205,3.0566,-0.4132,-1.5809,5.7885,-0.2159,-0.541,-1.5418,car,30,77.6099,-29.598,-6.5384,-2.4741,6.9909,0.018,200.8736,6.990840104737055,25.167024377053398,13.250100000000003,-0.37480000000000047,1.6179000000000006,5.5306999999999995,5.7624858264467775,13.255399844968846,0,14_13_30_886_ego_30,0,886,860,886,vehicle_vehicle,0.7691258835868089,0.011703096085631097,2.0214249983259314,2.0232114125814995,15.0,3.0,3.5,0.8,7.263234412436376,26.147643884770954
14,30,834,121,77.6099,-29.598,200.8736,1.9425,3.9964,-6.5384,-2.4741,0.0797,-0.7629,6.9909,0.018,0.1973,-0.7412,car,30,77.6099,-29.598,-6.5384,-2.4741,6.9909,0.018,200.8736,6.990840104737055,25.167024377053398,0.0,0.0,0.0,0.0,0.0,0.0,1,14_13_30_886_ego_30,1,886,860,886,vehicle_vehicle,0.7691258835868089,0.011703096085631097,2.0214249983259314,2.0232114125814995,15.0,3.0,3.5,0.8,7.263234412436376,26.147643884770954
14,31,834,112,78.8242,-24.0492,203.8166,2.0133,4.3115,-4.6451,-1.8807,-1.0321,-0.3196,5.009,0.1552,1.0733,0.1243,car,30,77.6099,-29.598,-6.5384,-2.4741,6.9909,0.018,200.8736,6.990840104737055,25.167024377053398,1.2143000000000086,5.5488,1.8933,0.5933999999999999,1.9841140214211481,5.680114957463451,0,14_13_30_886_ego_30,0,886,860,886,vehicle_vehicle,0.7691258835868089,0.011703096085631097,2.0214249983259314,2.0232114125814995,15.0,3.0,3.5,0.8,7.263234412436376,26.147643884770954
14,13,835,835,67.7018,-39.5462,242.9668,1.2661,2.6528,-0.0,0.0,0.0,-0.0,0.0,0.0,-0.0,-0.0,truck,30,77.3499,-29.6963,-6.5335,-2.5056,6.9974,0.0012,200.992,6.997474802384072,25.19090928858266,-9.6481,-9.849899999999998,6.5335,2.5056,6.997474802384072,13.787906426285318,0,14_13_30_886_ego_30,1,886,860,886,vehicle_vehicle,0.7691258835868089,0.011703096085631097,2.0214249983259314,2.0232114125814995,15.0,3.0,3.5,0.8,7.263234412436376,26.147643884770954
14,14,835,835,70.6178,-36.4685,224.0776,2.1358,4.5059,0.0,0.0,-0.0,0.0,-0.0,-0.0,0.0,0.0,trailer,30,77.3499,-29.6963,-6.5335,-2.5056,6.9974,0.0012,200.992,6.997474802384072,25.19090928858266,-6.732100000000003,-6.772199999999998,6.5335,2.5056,6.997474802384072,9.549024204074467,0,14_13_30_886_ego_30,0,886,860,886,vehicle_vehicle,0.7691258835868089,0.011703096085631097,2.0214249983259314,2.0232114125814995,15.0,3.0,3.5,0.8,7.263234412436376,26.147643884770954
14,27,835,261,90.6628,-29.8525,146.614,2.0752,4.7129,-4.9351,2.9908,-0.4203,-1.5544,5.7665,-0.2184,-0.5044,-1.5292,car,30,77.3499,-29.6963,-6.5335,-2.5056,6.9974,0.0012,200.992,6.997474802384072,25.19090928858266,13.312899999999999,-0.15619999999999834,1.5983999999999998,5.4963999999999995,5.72409779091867,13.313816314265416,0,14_13_30_886_ego_30,0,886,860,886,vehicle_vehicle,0.7691258835868089,0.011703096085631097,2.0214249983259314,2.0232114125814995,15.0,3.0,3.5,0.8,7.263234412436376,26.147643884770954
14,30,835,122,77.3499,-29.6963,200.992,1.9425,3.9964,-6.5335,-2.5056,0.1198,-0.8457,6.9974,0.0012,0.1911,-0.8325,car,30,77.3499,-29.6963,-6.5335,-2.5056,6.9974,0.0012,200.992,6.997474802384072,25.19090928858266,0.0,0.0,0.0,0.0,0.0,0.0,1,14_13_30_886_ego_30,1,886,860,886,vehicle_vehicle,0.7691258835868089,0.011703096085631097,2.0214249983259314,2.0232114125814995,15.0,3.0,3.5,0.8,7.263234412436376,26.147643884770954
14,31,835,113,78.637,-24.1248,203.5801,2.0133,4.3115,-4.6851,-1.894,-1.0049,-0.3535,5.0515,0.1384,1.0625,0.078,car,30,77.3499,-29.6963,-6.5335,-2.5056,6.9974,0.0012,200.992,6.997474802384072,25.19090928858266,1.2870999999999952,5.5715,1.8483999999999998,0.6115999999999999,1.9469558597975454,5.718237373526915,0,14_13_30_886_ego_30,0,886,860,886,vehicle_vehicle,0.7691258835868089,0.011703096085631097,2.0214249983259314,2.0232114125814995,15.0,3.0,3.5,0.8,7.263234412436376,26.147643884770954
14,13,836,836,67.7018,-39.5462,242.9668,1.2661,2.6528,-0.0,0.0,0.0,-0.0,0.0,0.0,-0.0,-0.0,truck,30,77.0899,-29.796,-6.5274,-2.5409,7.0045,-0.0139,201.1555,7.00450737525488,25.21622655091757,-9.388099999999994,-9.7502,6.5274,2.5409,7.00450737525488,13.53524368639146,0,14_13_30_886_ego_30,1,886,860,886,vehicle_vehicle,0.7691258835868089,0.011703096085631097,2.0214249983259314,2.0232114125814995,15.0,3.0,3.5,0.8,7.263234412436376,26.147643884770954
14,14,836,836,70.6178,-36.4685,224.0776,2.1358,4.5059,0.0,0.0,-0.0,-0.0,-0.0,-0.0,0.0,0.0,trailer,30,77.0899,-29.796,-6.5274,-2.5409,7.0045,-0.0139,201.1555,7.00450737525488,25.21622655091757,-6.4720999999999975,-6.672499999999999,6.5274,2.5409,7.00450737525488,9.295715930470335,0,14_13_30_886_ego_30,0,886,860,886,vehicle_vehicle,0.7691258835868089,0.011703096085631097,2.0214249983259314,2.0232114125814995,15.0,3.0,3.5,0.8,7.263234412436376,26.147643884770954
14,27,836,262,90.465,-29.735,147.2181,2.0752,4.7129,-4.95,2.9264,-0.4293,-1.5255,5.7462,-0.2198,-0.465,-1.515,car,30,77.0899,-29.796,-6.5274,-2.5409,7.0045,-0.0139,201.1555,7.00450737525488,25.21622655091757,13.375100000000003,0.06099999999999994,1.5774,5.4673,5.690304038449966,13.375239101040403,0,14_13_30_886_ego_30,0,886,860,886,vehicle_vehicle,0.7691258835868089,0.011703096085631097,2.0214249983259314,2.0232114125814995,15.0,3.0,3.5,0.8,7.263234412436376,26.147643884770954
14,30,836,123,77.0899,-29.796,201.1555,1.9425,3.9964,-6.5274,-2.5409,0.1584,-0.9274,7.0045,-0.0139,0.187,-0.922,car,30,77.0899,-29.796,-6.5274,-2.5409,7.0045,-0.0139,201.1555,7.00450737525488,25.21622655091757,0.0,0.0,0.0,0.0,0.0,0.0,1,14_13_30_886_ego_30,1,886,860,886,vehicle_vehicle,0.7691258835868089,0.011703096085631097,2.0214249983259314,2.0232114125814995,15.0,3.0,3.5,0.8,7.263234412436376,26.147643884770954
14,31,836,114,78.448,-24.2013,203.3598,2.0133,4.3115,-4.7237,-1.9084,-0.9792,-0.3871,5.0932,0.121,1.0524,0.0329,car,30,77.0899,-29.796,-6.5274,-2.5409,7.0045,-0.0139,201.1555,7.00450737525488,25.21622655091757,1.3580999999999932,5.5947,1.8037,0.6325000000000001,1.911384299401876,5.757178449553217,0,14_13_30_886_ego_30,0,886,860,886,vehicle_vehicle,0.7691258835868089,0.011703096085631097,2.0214249983259314,2.0232114125814995,15.0,3.0,3.5,0.8,7.263234412436376,26.147643884770954
14,13,837,837,67.7018,-39.5462,242.9668,1.2661,2.6528,-0.0,-0.0,0.0,-0.0,0.0,0.0,-0.0,-0.0,truck,30,76.8306,-29.8975,-6.5204,-2.5798,7.0122,-0.024,201.3896,7.012202521319533,25.24392907675032,-9.128799999999998,-9.648699999999998,6.5204,2.5798,7.012202521319533,13.282785894909242,0,14_13_30_886_ego_30,1,886,860,886,vehicle_vehicle,0.7691258835868089,0.011703096085631097,2.0214249983259314,2.0232114125814995,15.0,3.0,3.5,0.8,7.263234412436376,26.147643884770954
14,14,837,837,70.6178,-36.4685,224.0776,2.1358,4.5059,0.0,0.0,-0.0,-0.0,-0.0,-0.0,0.0,0.0,trailer,30,76.8306,-29.8975,-6.5204,-2.5798,7.0122,-0.024,201.3896,7.012202521319533,25.24392907675032,-6.212800000000001,-6.570999999999998,6.5204,2.5798,7.012202521319533,9.043059484488642,0,14_13_30_886_ego_30,0,886,860,886,vehicle_vehicle,0.7691258835868089,0.011703096085631097,2.0214249983259314,2.0232114125814995,15.0,3.0,3.5,0.8,7.263234412436376,26.147643884770954
14,27,837,263,90.2665,-29.6204,147.8048,2.0752,4.7129,-4.9652,2.8636,-0.4403,-1.4947,5.7275,-0.2222,-0.4238,-1.4994,car,30,76.8306,-29.8975,-6.5204,-2.5798,7.0122,-0.024,201.3896,7.012202521319533,25.24392907675032,13.43589999999999,0.2771000000000008,1.5552000000000001,5.4434000000000005,5.661205754960688,13.43875713077663,0,14_13_30_886_ego_30,0,886,860,886,vehicle_vehicle,0.7691258835868089,0.011703096085631097,2.0214249983259314,2.0232114125814995,15.0,3.0,3.5,0.8,7.263234412436376,26.147643884770954
14,30,837,124,76.8306,-29.8975,201.3896,1.9425,3.9964,-6.5204,-2.5798,0.196,-1.0074,7.0122,-0.024,0.1849,-1.0095,car,30,76.8306,-29.8975,-6.5204,-2.5798,7.0122,-0.024,201.3896,7.012202521319533,25.24392907675032,0.0,0.0,0.0,0.0,0.0,0.0,1,14_13_30_886_ego_30,1,886,860,886,vehicle_vehicle,0.7691258835868089,0.011703096085631097,2.0214249983259314,2.0232114125814995,15.0,3.0,3.5,0.8,7.263234412436376,26.147643884770954
14,31,837,115,78.258,-24.2782,203.1722,2.0133,4.3115,-4.7612,-1.9241,-0.9551,-0.4204,5.1342,0.1046,1.0435,-0.0106,car,30,76.8306,-29.8975,-6.5204,-2.5798,7.0122,-0.024,201.3896,7.012202521319533,25.24392907675032,1.4273999999999916,5.619300000000003,1.7592000000000008,0.6557000000000002,1.8774256656389894,5.797758467718365,0,14_13_30_886_ego_30,0,886,860,886,vehicle_vehicle,0.7691258835868089,0.011703096085631097,2.0214249983259314,2.0232114125814995,15.0,3.0,3.5,0.8,7.263234412436376,26.147643884770954
14,13,838,838,67.7018,-39.5462,242.9668,1.2661,2.6528,-0.0,-0.0,0.0,-0.0,0.0,0.0,-0.0,-0.0,truck,30,76.5718,-30.0011,-6.5127,-2.622,7.0207,-0.0311,201.6757,7.020694074662419,25.27449866878471,-8.86999999999999,-9.545099999999998,6.5127,2.622,7.020694074662419,13.030189331318244,0,14_13_30_886_ego_30,1,886,860,886,vehicle_vehicle,0.7691258835868089,0.011703096085631097,2.0214249983259314,2.0232114125814995,15.0,3.0,3.5,0.8,7.263234412436376,26.147643884770954
14,14,838,838,70.6178,-36.4685,224.0776,2.1358,4.5059,0.0,0.0,-0.0,-0.0,-0.0,-0.0,0.0,0.0,trailer,30,76.5718,-30.0011,-6.5127,-2.622,7.0207,-0.0311,201.6757,7.020694074662419,25.27449866878471,-5.9539999999999935,-6.467399999999998,6.5127,2.622,7.020694074662419,8.790755300882848,0,14_13_30_886_ego_30,0,886,860,886,vehicle_vehicle,0.7691258835868089,0.011703096085631097,2.0214249983259314,2.0232114125814995,15.0,3.0,3.5,0.8,7.263234412436376,26.147643884770954
14,27,838,264,90.0671,-29.5083,148.3866,2.0752,4.7129,-4.9807,2.8026,-0.4533,-1.4624,5.7107,-0.2241,-0.3805,-1.4829,car,30,76.5718,-30.0011,-6.5127,-2.622,7.0207,-0.0311,201.6757,7.020694074662419,25.27449866878471,13.4953,0.49280000000000257,1.532,5.4246,5.63678180879835,13.504294647629695,0,14_13_30_886_ego_30,0,886,860,886,vehicle_vehicle,0.7691258835868089,0.011703096085631097,2.0214249983259314,2.0232114125814995,15.0,3.0,3.5,0.8,7.263234412436376,26.147643884770954
14,30,838,125,76.5718,-30.0011,201.6757,1.9425,3.9964,-6.5127,-2.622,0.2334,-1.0855,7.0207,-0.0311,0.1841,-1.095,car,30,76.5718,-30.0011,-6.5127,-2.622,7.0207,-0.0311,201.6757,7.020694074662419,25.27449866878471,0.0,0.0,0.0,0.0,0.0,0.0,1,14_13_30_886_ego_30,1,886,860,886,vehicle_vehicle,0.7691258835868089,0.011703096085631097,2.0214249983259314,2.0232114125814995,15.0,3.0,3.5,0.8,7.263234412436376,26.147643884770954
14,31,838,116,78.067,-24.3555,203.0186,2.0133,4.3115,-4.7978,-1.9411,-0.9327,-0.4534,5.1748,0.0896,1.0357,-0.0526,car,30,76.5718,-30.0011,-6.5127,-2.622,7.0207,-0.0311,201.6757,7.020694074662419,25.27449866878471,1.495199999999997,5.645600000000002,1.7149,0.6808999999999998,1.8451305699055556,5.840241638836531,0,14_13_30_886_ego_30,0,886,860,886,vehicle_vehicle,0.7691258835868089,0.011703096085631097,2.0214249983259314,2.0232114125814995,15.0,3.0,3.5,0.8,7.263234412436376,26.147643884770954
14,13,839,839,67.7018,-39.5462,242.9668,1.2661,2.6528,-0.0,-0.0,0.0,-0.0,0.0,0.0,-0.0,-0.0,truck,30,76.3129,-30.1066,-6.5041,-2.6675,7.0298,-0.0363,202.0036,7.029855834937158,25.30748100577377,-8.611099999999993,-9.439599999999999,6.5041,2.6675,7.029855834937158,12.777209842919534,0,14_13_30_886_ego_30,1,886,860,886,vehicle_vehicle,0.7691258835868089,0.011703096085631097,2.0214249983259314,2.0232114125814995,15.0,3.0,3.5,0.8,7.263234412436376,26.147643884770954
14,14,839,839,70.6178,-36.4685,224.0776,2.1358,4.5059,0.0,0.0,-0.0,-0.0,-0.0,0.0,0.0,0.0,trailer,30,76.3129,-30.1066,-6.5041,-2.6675,7.0298,-0.0363,202.0036,7.029855834937158,25.30748100577377,-5.6950999999999965,-6.361899999999999,6.5041,2.6675,7.029855834937158,8.5386143852501,0,14_13_30_886_ego_30,0,886,860,886,vehicle_vehicle,0.7691258835868089,0.011703096085631097,2.0214249983259314,2.0232114125814995,15.0,3.0,3.5,0.8,7.263234412436376,26.147643884770954
14,27,839,265,89.867,-29.3985,148.9553,2.0752,4.7129,-4.9965,2.7434,-0.4685,-1.4291,5.6956,-0.2263,-0.3356,-1.466,car,30,76.3129,-30.1066,-6.5041,-2.6675,7.0298,-0.0363,202.0036,7.029855834937158,25.30748100577377,13.554100000000005,0.7081000000000017,1.5076,5.4109,5.617000673847209,13.572583852015804,0,14_13_30_886_ego_30,0,886,860,886,vehicle_vehicle,0.7691258835868089,0.011703096085631097,2.0214249983259314,2.0232114125814995,15.0,3.0,3.5,0.8,7.263234412436376,26.147643884770954
14,30,839,126,76.3129,-30.1066,202.0036,1.9425,3.9964,-6.5041,-2.6675,0.2712,-1.1617,7.0298,-0.0363,0.1838,-1.1787,car,30,76.3129,-30.1066,-6.5041,-2.6675,7.0298,-0.0363,202.0036,7.029855834937158,25.30748100577377,0.0,0.0,0.0,0.0,0.0,0.0,1,14_13_30_886_ego_30,1,886,860,886,vehicle_vehicle,0.7691258835868089,0.011703096085631097,2.0214249983259314,2.0232114125814995,15.0,3.0,3.5,0.8,7.263234412436376,26.147643884770954
14,31,839,117,77.8745,-24.4331,202.8926,2.0133,4.3115,-4.8336,-1.9596,-0.9118,-0.4862,5.2152,0.075,1.0291,-0.0932,car,30,76.3129,-30.1066,-6.5041,-2.6675,7.0298,-0.0363,202.0036,7.029855834937158,25.30748100577377,1.5615999999999985,5.673500000000001,1.6705000000000005,0.7079,1.8143022515556777,5.884487812035981,0,14_13_30_886_ego_30,0,886,860,886,vehicle_vehicle,0.7691258835868089,0.011703096085631097,2.0214249983259314,2.0232114125814995,15.0,3.0,3.5,0.8,7.263234412436376,26.147643884770954
14,13,840,840,67.7018,-39.5462,242.9668,1.2661,2.6528,0.0,-0.0,0.0,-0.0,-0.0,-0.0,-0.0,-0.0,truck,30,76.0547,-30.2141,-6.4947,-2.7161,7.0396,-0.038,202.3852,7.039767560083217,25.34316321629958,-8.352899999999991,-9.3321,6.4947,2.7161,7.039767560083217,12.524337460321,0,14_13_30_886_ego_30,1,886,860,886,vehicle_vehicle,0.7691258835868089,0.011703096085631097,2.0214249983259314,2.0232114125814995,15.0,3.0,3.5,0.8,7.263234412436376,26.147643884770954
14,14,840,840,70.6178,-36.4685,224.0776,2.1358,4.5059,0.0,0.0,-0.0,-0.0,-0.0,0.0,0.0,0.0,trailer,30,76.0547,-30.2141,-6.4947,-2.7161,7.0396,-0.038,202.3852,7.039767560083217,25.34316321629958,-5.436899999999994,-6.2544,6.4947,2.7161,7.039767560083217,8.287182933301276,0,14_13_30_886_ego_30,0,886,860,886,vehicle_vehicle,0.7691258835868089,0.011703096085631097,2.0214249983259314,2.0232114125814995,15.0,3.0,3.5,0.8,7.263234412436376,26.147643884770954
14,27,840,266,89.6662,-29.2914,149.5115,2.0752,4.7129,-5.0126,2.6861,-0.4863,-1.3953,5.6824,-0.2285,-0.2889,-1.4491,car,30,76.0547,-30.2141,-6.4947,-2.7161,7.0396,-0.038,202.3852,7.039767560083217,25.34316321629958,13.611500000000007,0.922699999999999,1.4821,5.402200000000001,5.601819815916968,13.642738271329556,0,14_13_30_886_ego_30,0,886,860,886,vehicle_vehicle,0.7691258835868089,0.011703096085631097,2.0214249983259314,2.0232114125814995,15.0,3.0,3.5,0.8,7.263234412436376,26.147643884770954
14,30,840,127,76.0547,-30.2141,202.3852,1.9425,3.9964,-6.4947,-2.7161,0.31,-1.2357,7.0396,-0.038,0.184,-1.2607,car,30,76.0547,-30.2141,-6.4947,-2.7161,7.0396,-0.038,202.3852,7.039767560083217,25.34316321629958,0.0,0.0,0.0,0.0,0.0,0.0,1,14_13_30_886_ego_30,1,886,860,886,vehicle_vehicle,0.7691258835868089,0.011703096085631097,2.0214249983259314,2.0232114125814995,15.0,3.0,3.5,0.8,7.263234412436376,26.147643884770954
14,31,840,118,77.6812,-24.5115,202.8051,2.0133,4.3115,-4.8688,-1.9796,-0.8923,-0.5186,5.2555,0.0623,1.0236,-0.1322,car,30,76.0547,-30.2141,-6.4947,-2.7161,7.0396,-0.038,202.3852,7.039767560083217,25.34316321629958,1.6265000000000072,5.702599999999997,1.6258999999999997,0.7364999999999999,1.7849322284053248,5.930020995746978,0,14_13_30_886_ego_30,0,886,860,886,vehicle_vehicle,0.7691258835868089,0.011703096085631097,2.0214249983259314,2.0232114125814995,15.0,3.0,3.5,0.8,7.263234412436376,26.147643884770954
14,13,841,841,67.7018,-39.5462,242.9668,1.2661,2.6528,0.0,-0.0,0.0,-0.0,-0.0,-0.0,-0.0,-0.0,truck,30,75.7957,-30.3237,-6.4839,-2.7676,7.0497,-0.0419,202.7747,7.049863046187493,25.379506966274977,-8.09389999999999,-9.2225,6.4839,2.7676,7.049863046187493,12.270522542255478,0,14_13_30_886_ego_30,1,886,860,886,vehicle_vehicle,0.7691258835868089,0.011703096085631097,2.0214249983259314,2.0232114125814995,15.0,3.0,3.5,0.8,7.263234412436376,26.147643884770954
14,14,841,841,70.6178,-36.4685,224.0776,2.1358,4.5059,0.0,0.0,-0.0,-0.0,-0.0,0.0,0.0,0.0,trailer,30,75.7957,-30.3237,-6.4839,-2.7676,7.0497,-0.0419,202.7747,7.049863046187493,25.379506966274977,-5.177899999999994,-6.1448,6.4839,2.7676,7.049863046187493,8.03549721236962,0,14_13_30_886_ego_30,0,886,860,886,vehicle_vehicle,0.7691258835868089,0.011703096085631097,2.0214249983259314,2.0232114125814995,15.0,3.0,3.5,0.8,7.263234412436376,26.147643884770954
14,27,841,267,89.4649,-29.1866,150.0544,2.0752,4.7129,-5.0293,2.6308,-0.5067,-1.3617,5.6711,-0.231,-0.2407,-1.4329,car,30,75.7957,-30.3237,-6.4839,-2.7676,7.0497,-0.0419,202.7747,7.049863046187493,25.379506966274977,13.669200000000004,1.1371000000000002,1.4546000000000001,5.3984,5.590937642292212,13.71641443854771,0,14_13_30_886_ego_30,0,886,860,886,vehicle_vehicle,0.7691258835868089,0.011703096085631097,2.0214249983259314,2.0232114125814995,15.0,3.0,3.5,0.8,7.263234412436376,26.147643884770954
14,30,841,128,75.7957,-30.3237,202.7747,1.9425,3.9964,-6.4839,-2.7676,0.3504,-1.3077,7.0497,-0.0419,0.1832,-1.3414,car,30,75.7957,-30.3237,-6.4839,-2.7676,7.0497,-0.0419,202.7747,7.049863046187493,25.379506966274977,0.0,0.0,0.0,0.0,0.0,0.0,1,14_13_30_886_ego_30,1,886,860,886,vehicle_vehicle,0.7691258835868089,0.011703096085631097,2.0214249983259314,2.0232114125814995,15.0,3.0,3.5,0.8,7.263234412436376,26.147643884770954
14,31,841,119,77.4867,-24.5908,202.7413,2.0133,4.3115,-4.9037,-2.0009,-0.8738,-0.5504,5.296,0.0503,1.0187,-0.1698,car,30,75.7957,-30.3237,-6.4839,-2.7676,7.0497,-0.0419,202.7747,7.049863046187493,25.379506966274977,1.6910000000000025,5.732899999999997,1.5802000000000005,0.7666999999999997,1.7563772174564327,5.977091551080674,0,14_13_30_886_ego_30,0,886,860,886,vehicle_vehicle,0.7691258835868089,0.011703096085631097,2.0214249983259314,2.0232114125814995,15.0,3.0,3.5,0.8,7.263234412436376,26.147643884770954
14,13,842,842,67.7018,-39.5462,242.9668,1.2661,2.6528,0.0,-0.0,0.0,-0.0,-0.0,-0.0,-0.0,-0.0,truck,30,75.5369,-30.4354,-6.4716,-2.8221,7.06,-0.0466,203.1822,7.060159698618721,25.416574915027397,-7.835099999999997,-9.110799999999998,6.4716,2.8221,7.060159698618721,12.016466562596507,0,14_13_30_886_ego_30,1,886,860,886,vehicle_vehicle,0.7691258835868089,0.011703096085631097,2.0214249983259314,2.0232114125814995,15.0,3.0,3.5,0.8,7.263234412436376,26.147643884770954
14,14,842,842,70.6178,-36.4685,224.0776,2.1358,4.5059,-0.0,0.0,-0.0,-0.0,-0.0,0.0,0.0,0.0,trailer,30,75.5369,-30.4354,-6.4716,-2.8221,7.06,-0.0466,203.1822,7.060159698618721,25.416574915027397,-4.9191,-6.0330999999999975,6.4716,2.8221,7.060159698618721,7.784333010605338,0,14_13_30_886_ego_30,0,886,860,886,vehicle_vehicle,0.7691258835868089,0.011703096085631097,2.0214249983259314,2.0232114125814995,15.0,3.0,3.5,0.8,7.263234412436376,26.147643884770954
14,27,842,268,89.2634,-29.0842,150.5866,2.0752,4.7129,-5.0469,2.5774,-0.5297,-1.329,5.6622,-0.2334,-0.1912,-1.4178,car,30,75.5369,-30.4354,-6.4716,-2.8221,7.06,-0.0466,203.1822,7.060159698618721,25.416574915027397,13.726500000000001,1.3512000000000022,1.4246999999999996,5.3995,5.584296763246022,13.792843930459014,0,14_13_30_886_ego_30,0,886,860,886,vehicle_vehicle,0.7691258835868089,0.011703096085631097,2.0214249983259314,2.0232114125814995,15.0,3.0,3.5,0.8,7.263234412436376,26.147643884770954
14,30,842,129,75.5369,-30.4354,203.1822,1.9425,3.9964,-6.4716,-2.8221,0.3924,-1.3775,7.06,-0.0466,0.1815,-1.4207,car,30,75.5369,-30.4354,-6.4716,-2.8221,7.06,-0.0466,203.1822,7.060159698618721,25.416574915027397,0.0,0.0,0.0,0.0,0.0,0.0,1,14_13_30_886_ego_30,1,886,860,886,vehicle_vehicle,0.7691258835868089,0.011703096085631097,2.0214249983259314,2.0232114125814995,15.0,3.0,3.5,0.8,7.263234412436376,26.147643884770954
14,31,842,120,77.2909,-24.6713,202.7074,2.0133,4.3115,-4.9382,-2.0235,-0.856,-0.5816,5.3366,0.0396,1.0141,-0.2061,car,30,75.5369,-30.4354,-6.4716,-2.8221,7.06,-0.0466,203.1822,7.060159698618721,25.416574915027397,1.7539999999999907,5.764100000000003,1.5333999999999994,0.7986,1.7288948840227385,6.025061394707941,0,14_13_30_886_ego_30,0,886,860,886,vehicle_vehicle,0.7691258835868089,0.011703096085631097,2.0214249983259314,2.0232114125814995,15.0,3.0,3.5,0.8,7.263234412436376,26.147643884770954
14,13,843,843,67.7018,-39.5462,242.9668,1.2661,2.6528,0.0,-0.0,0.0,-0.0,-0.0,-0.0,-0.0,-0.0,truck,30,75.2781,-30.5485,-6.4575,-2.8796,7.0703,-0.0562,203.5783,7.070459844309986,25.45365543951595,-7.576299999999989,-8.997699999999998,6.4575,2.8796,7.070459844309986,11.762607150627781,0,14_13_30_886_ego_30,1,886,860,886,vehicle_vehicle,0.7691258835868089,0.011703096085631097,2.0214249983259314,2.0232114125814995,15.0,3.0,3.5,0.8,7.263234412436376,26.147643884770954
14,14,843,843,70.6178,-36.4685,224.0776,2.1358,4.5059,-0.0,0.0,-0.0,-0.0,-0.0,0.0,0.0,0.0,trailer,30,75.2781,-30.5485,-6.4575,-2.8796,7.0703,-0.0562,203.5783,7.070459844309986,25.45365543951595,-4.660299999999992,-5.919999999999998,6.4575,2.8796,7.070459844309986,7.534241573642293,0,14_13_30_886_ego_30,0,886,860,886,vehicle_vehicle,0.7691258835868089,0.011703096085631097,2.0214249983259314,2.0232114125814995,15.0,3.0,3.5,0.8,7.263234412436376,26.147643884770954
14,27,843,269,89.0617,-28.9838,151.1029,2.0752,4.7129,-5.0657,2.5261,-0.5554,-1.2977,5.6556,-0.2364,-0.1408,-1.4045,car,30,75.2781,-30.5485,-6.4575,-2.8796,7.0703,-0.0562,203.5783,7.070459844309986,25.45365543951595,13.783600000000007,1.564700000000002,1.3918,5.4056999999999995,5.581997826047588,13.8721272719796,0,14_13_30_886_ego_30,0,886,860,886,vehicle_vehicle,0.7691258835868089,0.011703096085631097,2.0214249983259314,2.0232114125814995,15.0,3.0,3.5,0.8,7.263234412436376,26.147643884770954
14,30,843,130,75.2781,-30.5485,203.5783,1.9425,3.9964,-6.4575,-2.8796,0.4361,-1.445,7.0703,-0.0562,0.1783,-1.4988,car,30,75.2781,-30.5485,-6.4575,-2.8796,7.0703,-0.0562,203.5783,7.070459844309986,25.45365543951595,0.0,0.0,0.0,0.0,0.0,0.0,1,14_13_30_886_ego_30,1,886,860,886,vehicle_vehicle,0.7691258835868089,0.011703096085631097,2.0214249983259314,2.0232114125814995,15.0,3.0,3.5,0.8,7.263234412436376,26.147643884770954
14,31,843,121,77.0937,-24.7528,202.6887,2.0133,4.3115,-4.9724,-2.0474,-0.8384,-0.6121,5.3774,0.029,1.0096,-0.2414,car,30,75.2781,-30.5485,-6.4575,-2.8796,7.0703,-0.0562,203.5783,7.070459844309986,25.45365543951595,1.8156000000000034,5.7957,1.4850999999999992,0.8321999999999998,1.702374474080247,6.073429167282682,0,14_13_30_886_ego_30,0,886,860,886,vehicle_vehicle,0.7691258835868089,0.011703096085631097,2.0214249983259314,2.0232114125814995,15.0,3.0,3.5,0.8,7.263234412436376,26.147643884770954
14,13,844,844,67.7018,-39.5462,242.9668,1.2661,2.6528,0.0,-0.0,0.0,-0.0,-0.0,-0.0,-0.0,-0.0,truck,30,75.0198,-30.6645,-6.4416,-2.9401,7.0805,-0.0685,203.9788,7.0808473059373345,25.491050301374404,-7.317999999999998,-8.881699999999999,6.4416,2.9401,7.0808473059373345,11.508158796697234,0,14_13_30_886_ego_30,1,886,860,886,vehicle_vehicle,0.7691258835868089,0.011703096085631097,2.0214249983259314,2.0232114125814995,15.0,3.0,3.5,0.8,7.263234412436376,26.147643884770954
14,14,844,844,70.6178,-36.4685,224.0776,2.1358,4.5059,-0.0,0.0,-0.0,-0.0,0.0,0.0,0.0,0.0,trailer,30,75.0198,-30.6645,-6.4416,-2.9401,7.0805,-0.0685,203.9788,7.0808473059373345,25.491050301374404,-4.402000000000001,-5.8039999999999985,6.4416,2.9401,7.0808473059373345,7.2845054739494834,0,14_13_30_886_ego_30,0,886,860,886,vehicle_vehicle,0.7691258835868089,0.011703096085631097,2.0214249983259314,2.0232114125814995,15.0,3.0,3.5,0.8,7.263234412436376,26.147643884770954
14,27,844,270,88.8592,-28.886,151.6127,2.0752,4.7129,-5.0856,2.4769,-0.5834,-1.2687,5.6517,-0.2388,-0.0899,-1.3935,car,30,75.0198,-30.6645,-6.4416,-2.9401,7.0805,-0.0685,203.9788,7.0808473059373345,25.491050301374404,13.839399999999998,1.778500000000001,1.3559999999999999,5.417,5.584140488920385,13.9532094734509,0,14_13_30_886_ego_30,0,886,860,886,vehicle_vehicle,0.7691258835868089,0.011703096085631097,2.0214249983259314,2.0232114125814995,15.0,3.0,3.5,0.8,7.263234412436376,26.147643884770954
14,30,844,131,75.0198,-30.6645,203.9788,1.9425,3.9964,-6.4416,-2.9401,0.4814,-1.5099,7.0805,-0.0685,0.1738,-1.5753,car,30,75.0198,-30.6645,-6.4416,-2.9401,7.0805,-0.0685,203.9788,7.0808473059373345,25.491050301374404,0.0,0.0,0.0,0.0,0.0,0.0,1,14_13_30_886_ego_30,1,886,860,886,vehicle_vehicle,0.7691258835868089,0.011703096085631097,2.0214249983259314,2.0232114125814995,15.0,3.0,3.5,0.8,7.263234412436376,26.147643884770954
14,31,844,122,76.895,-24.8354,202.6918,2.0133,4.3115,-5.0063,-2.0723,-0.8206,-0.6422,5.4182,0.0194,1.0048,-0.2759,car,30,75.0198,-30.6645,-6.4416,-2.9401,7.0805,-0.0685,203.9788,7.0808473059373345,25.491050301374404,1.8751999999999924,5.8291,1.4352999999999998,0.8678000000000003,1.6772486190186595,6.123298281971896,0,14_13_30_886_ego_30,0,886,860,886,vehicle_vehicle,0.7691258835868089,0.011703096085631097,2.0214249983259314,2.0232114125814995,15.0,3.0,3.5,0.8,7.263234412436376,26.147643884770954
14,13,845,845,67.7018,-39.5462,242.9668,1.2661,2.6528,0.0,-0.0,0.0,-0.0,-0.0,-0.0,-0.0,-0.0,truck,30,74.7622,-30.7831,-6.4237,-3.0032,7.0906,-0.081,204.4019,7.0910600004512725,25.527816001624583,-7.060400000000001,-8.763099999999998,6.4237,3.0032,7.0910600004512725,11.253495891055366,0,14_13_30_886_ego_30,1,886,860,886,vehicle_vehicle,0.7691258835868089,0.011703096085631097,2.0214249983259314,2.0232114125814995,15.0,3.0,3.5,0.8,7.263234412436376,26.147643884770954
14,14,845,845,70.6178,-36.4685,224.0776,2.1358,4.5059,-0.0,0.0,-0.0,-0.0,0.0,0.0,0.0,0.0,trailer,30,74.7622,-30.7831,-6.4237,-3.0032,7.0906,-0.081,204.4019,7.0910600004512725,25.527816001624583,-4.1444000000000045,-5.685399999999998,6.4237,3.0032,7.0910600004512725,7.035611168903524,0,14_13_30_886_ego_30,0,886,860,886,vehicle_vehicle,0.7691258835868089,0.011703096085631097,2.0214249983259314,2.0232114125814995,15.0,3.0,3.5,0.8,7.263234412436376,26.147643884770954
14,27,845,271,88.6565,-28.7902,152.1193,2.0752,4.7129,-5.1072,2.4297,-0.6134,-1.2428,5.6506,-0.2406,-0.0389,-1.3854,car,30,74.7622,-30.7831,-6.4237,-3.0032,7.0906,-0.081,204.4019,7.0910600004512725,25.527816001624583,13.894299999999987,1.9929000000000023,1.3165000000000004,5.4329,5.59013190005388,14.036496104797653,0,14_13_30_886_ego_30,0,886,860,886,vehicle_vehicle,0.7691258835868089,0.011703096085631097,2.0214249983259314,2.0232114125814995,15.0,3.0,3.5,0.8,7.263234412436376,26.147643884770954
14,30,845,132,74.7622,-30.7831,204.4019,1.9425,3.9964,-6.4237,-3.0032,0.5281,-1.5722,7.0906,-0.081,0.1686,-1.65,car,30,74.7622,-30.7831,-6.4237,-3.0032,7.0906,-0.081,204.4019,7.0910600004512725,25.527816001624583,0.0,0.0,0.0,0.0,0.0,0.0,1,14_13_30_886_ego_30,1,886,860,886,vehicle_vehicle,0.7691258835868089,0.011703096085631097,2.0214249983259314,2.0232114125814995,15.0,3.0,3.5,0.8,7.263234412436376,26.147643884770954
14,31,845,123,76.6947,-24.9187,202.6946,2.0133,4.3115,-5.0397,-2.0986,-0.8024,-0.6718,5.4592,0.0083,0.9994,-0.3102,car,30,74.7622,-30.7831,-6.4237,-3.0032,7.0906,-0.081,204.4019,7.0910600004512725,25.527816001624583,1.9324999999999903,5.8644,1.3840000000000003,0.9046000000000003,1.653407741605198,6.1746047330983025,0,14_13_30_886_ego_30,0,886,860,886,vehicle_vehicle,0.7691258835868089,0.011703096085631097,2.0214249983259314,2.0232114125814995,15.0,3.0,3.5,0.8,7.263234412436376,26.147643884770954
14,13,846,846,67.7018,-39.5462,242.9668,1.2661,2.6528,0.0,-0.0,-0.0,-0.0,-0.0,-0.0,0.0,0.0,truck,30,74.5059,-30.9044,-6.404,-3.0688,7.1007,-0.0971,204.8197,7.101320260345959,25.564752937245455,-6.804099999999991,-8.6418,6.404,3.0688,7.101320260345959,10.99893104124214,0,14_13_30_886_ego_30,1,886,860,886,vehicle_vehicle,0.7691258835868089,0.011703096085631097,2.0214249983259314,2.0232114125814995,15.0,3.0,3.5,0.8,7.263234412436376,26.147643884770954
14,14,846,846,70.6178,-36.4685,224.0776,2.1358,4.5059,-0.0,-0.0,-0.0,-0.0,0.0,0.0,0.0,-0.0,trailer,30,74.5059,-30.9044,-6.404,-3.0688,7.1007,-0.0971,204.8197,7.101320260345959,25.564752937245455,-3.8880999999999943,-5.5641,6.404,3.0688,7.101320260345959,6.787969535877423,0,14_13_30_886_ego_30,0,886,860,886,vehicle_vehicle,0.7691258835868089,0.011703096085631097,2.0214249983259314,2.0232114125814995,15.0,3.0,3.5,0.8,7.263234412436376,26.147643884770954
14,27,846,272,88.4523,-28.6974,152.635,2.0752,4.7129,-5.1303,2.3849,-0.645,-1.2211,5.6524,-0.2401,0.0116,-1.381,car,30,74.5059,-30.9044,-6.404,-3.0688,7.1007,-0.0971,204.8197,7.101320260345959,25.564752937245455,13.946399999999997,2.2070000000000007,1.2736999999999998,5.4536999999999995,5.600460282869614,14.119947661376083,0,14_13_30_886_ego_30,0,886,860,886,vehicle_vehicle,0.7691258835868089,0.011703096085631097,2.0214249983259314,2.0232114125814995,15.0,3.0,3.5,0.8,7.263234412436376,26.147643884770954
14,30,846,133,74.5059,-30.9044,204.8197,1.9425,3.9964,-6.404,-3.0688,0.5763,-1.6318,7.1007,-0.0971,0.1619,-1.723,car,30,74.5059,-30.9044,-6.404,-3.0688,7.1007,-0.0971,204.8197,7.101320260345959,25.564752937245455,0.0,0.0,0.0,0.0,0.0,0.0,1,14_13_30_886_ego_30,1,886,860,886,vehicle_vehicle,0.7691258835868089,0.011703096085631097,2.0214249983259314,2.0232114125814995,15.0,3.0,3.5,0.8,7.263234412436376,26.147643884770954
14,31,846,124,76.4927,-25.0031,202.6997,2.0133,4.3115,-5.0725,-2.126,-0.7835,-0.7008,5.5,-0.0038,0.9932,-0.3441,car,30,74.5059,-30.9044,-6.404,-3.0688,7.1007,-0.0971,204.8197,7.101320260345959,25.564752937245455,1.9868000000000023,5.901299999999999,1.3315000000000001,0.9428000000000001,1.6314913698821703,6.226774119076426,0,14_13_30_886_ego_30,0,886,860,886,vehicle_vehicle,0.7691258835868089,0.011703096085631097,2.0214249983259314,2.0232114125814995,15.0,3.0,3.5,0.8,7.263234412436376,26.147643884770954
14,13,847,847,67.7018,-39.5462,242.9668,1.2661,2.6528,0.0,-0.0,-0.0,-0.0,-0.0,-0.0,0.0,0.0,truck,30,74.2503,-31.0286,-6.3824,-3.1368,7.1107,-0.1149,205.2472,7.111578165217619,25.60168139478343,-6.54849999999999,-8.517599999999998,6.3824,3.1368,7.111578165217619,10.743945365181258,0,14_13_30_886_ego_30,1,886,860,886,vehicle_vehicle,0.7691258835868089,0.011703096085631097,2.0214249983259314,2.0232114125814995,15.0,3.0,3.5,0.8,7.263234412436376,26.147643884770954
14,14,847,847,70.6178,-36.4685,224.0776,2.1358,4.5059,-0.0,-0.0,-0.0,-0.0,0.0,0.0,0.0,-0.0,trailer,30,74.2503,-31.0286,-6.3824,-3.1368,7.1107,-0.1149,205.2472,7.111578165217619,25.60168139478343,-3.632499999999993,-5.439899999999998,6.3824,3.1368,7.111578165217619,6.541220701061839,0,14_13_30_886_ego_30,0,886,860,886,vehicle_vehicle,0.7691258835868089,0.011703096085631097,2.0214249983259314,2.0232114125814995,15.0,3.0,3.5,0.8,7.263234412436376,26.147643884770954
14,27,847,273,88.2474,-28.6055,153.1677,2.0752,4.7129,-5.1549,2.3421,-0.678,-1.2049,5.657,-0.2369,0.0611,-1.3812,car,30,74.2503,-31.0286,-6.3824,-3.1368,7.1107,-0.1149,205.2472,7.111578165217619,25.60168139478343,13.997100000000003,2.4231000000000016,1.2275,5.478899999999999,5.614721850635167,14.205288522941029,0,14_13_30_886_ego_30,0,886,860,886,vehicle_vehicle,0.7691258835868089,0.011703096085631097,2.0214249983259314,2.0232114125814995,15.0,3.0,3.5,0.8,7.263234412436376,26.147643884770954
14,30,847,134,74.2503,-31.0286,205.2472,1.9425,3.9964,-6.3824,-3.1368,0.6259,-1.6887,7.1107,-0.1149,0.1542,-1.7943,car,30,74.2503,-31.0286,-6.3824,-3.1368,7.1107,-0.1149,205.2472,7.111578165217619,25.60168139478343,0.0,0.0,0.0,0.0,0.0,0.0,1,14_13_30_886_ego_30,1,886,860,886,vehicle_vehicle,0.7691258835868089,0.011703096085631097,2.0214249983259314,2.0232114125814995,15.0,3.0,3.5,0.8,7.263234412436376,26.147643884770954
14,31,847,125,76.2892,-25.0887,202.7366,2.0133,4.3115,-5.1045,-2.1546,-0.764,-0.7292,5.5405,-0.0143,0.9865,-0.3773,car,30,74.2503,-31.0286,-6.3824,-3.1368,7.1107,-0.1149,205.2472,7.111578165217619,25.60168139478343,2.038899999999998,5.9399000000000015,1.2778999999999998,0.9822000000000002,1.611752229717707,6.28008958694062,0,14_13_30_886_ego_30,0,886,860,886,vehicle_vehicle,0.7691258835868089,0.011703096085631097,2.0214249983259314,2.0232114125814995,15.0,3.0,3.5,0.8,7.263234412436376,26.147643884770954
14,13,848,848,67.7018,-39.5462,242.9668,1.2661,2.6528,0.0,-0.0,-0.0,-0.0,-0.0,-0.0,0.0,0.0,truck,30,73.995,-31.1554,-6.3587,-3.207,7.1204,-0.1358,205.6711,7.121651121053319,25.63794403579195,-6.293199999999999,-8.390799999999999,6.3587,3.207,7.121651121053319,10.488560000305093,0,14_13_30_886_ego_30,1,886,860,886,vehicle_vehicle,0.7691258835868089,0.011703096085631097,2.0214249983259314,2.0232114125814995,15.0,3.0,3.5,0.8,7.263234412436376,26.147643884770954
14,14,848,848,70.6178,-36.4685,224.0776,2.1358,4.5059,-0.0,-0.0,0.0,-0.0,0.0,0.0,0.0,-0.0,trailer,30,73.995,-31.1554,-6.3587,-3.207,7.1204,-0.1358,205.6711,7.121651121053319,25.63794403579195,-3.377200000000002,-5.313099999999999,6.3587,3.207,7.121651121053319,6.295594606548296,0,14_13_30_886_ego_30,0,886,860,886,vehicle_vehicle,0.7691258835868089,0.011703096085631097,2.0214249983259314,2.0232114125814995,15.0,3.0,3.5,0.8,7.263234412436376,26.147643884770954
14,27,848,274,88.0415,-28.5151,153.7118,2.0752,4.7129,-5.1812,2.3007,-0.712,-1.1952,5.6643,-0.2319,0.109,-1.3869,car,30,73.995,-31.1554,-6.3587,-3.207,7.1204,-0.1358,205.6711,7.121651121053319,25.63794403579195,14.046499999999995,2.6403,1.1775000000000002,5.5077,5.6321634866186185,14.292492656636206,0,14_13_30_886_ego_30,0,886,860,886,vehicle_vehicle,0.7691258835868089,0.011703096085631097,2.0214249983259314,2.0232114125814995,15.0,3.0,3.5,0.8,7.263234412436376,26.147643884770954
14,30,848,135,73.995,-31.1554,205.6711,1.9425,3.9964,-6.3587,-3.207,0.6768,-1.7428,7.1204,-0.1358,0.145,-1.864,car,30,73.995,-31.1554,-6.3587,-3.207,7.1204,-0.1358,205.6711,7.121651121053319,25.63794403579195,0.0,0.0,0.0,0.0,0.0,0.0,1,14_13_30_886_ego_30,1,886,860,886,vehicle_vehicle,0.7691258835868089,0.011703096085631097,2.0214249983259314,2.0232114125814995,15.0,3.0,3.5,0.8,7.263234412436376,26.147643884770954
14,31,848,126,76.0845,-25.1751,202.7856,2.0133,4.3115,-5.1358,-2.1845,-0.7438,-0.757,5.581,-0.025,0.9789,-0.4099,car,30,73.995,-31.1554,-6.3587,-3.207,7.1204,-0.1358,205.6711,7.121651121053319,25.63794403579195,2.089500000000001,5.9803,1.2229,1.0225,1.5940485124361807,6.334824254862956,0,14_13_30_886_ego_30,0,886,860,886,vehicle_vehicle,0.7691258835868089,0.011703096085631097,2.0214249983259314,2.0232114125814995,15.0,3.0,3.5,0.8,7.263234412436376,26.147643884770954
14,13,849,849,67.7018,-39.5462,242.9668,1.2661,2.6528,0.0,-0.0,-0.0,-0.0,-0.0,-0.0,0.0,0.0,truck,30,73.7407,-31.2852,-6.3327,-3.2793,7.1297,-0.157,206.1154,7.13140223097814,25.673048031521304,-6.038899999999998,-8.261,6.3327,3.2793,7.13140223097814,10.232909371728061,0,14_13_30_886_ego_30,1,886,860,886,vehicle_vehicle,0.7691258835868089,0.011703096085631097,2.0214249983259314,2.0232114125814995,15.0,3.0,3.5,0.8,7.263234412436376,26.147643884770954
14,14,849,849,70.6178,-36.4685,224.0776,2.1358,4.5059,-0.0,-0.0,0.0,-0.0,0.0,0.0,-0.0,-0.0,trailer,30,73.7407,-31.2852,-6.3327,-3.2793,7.1297,-0.157,206.1154,7.13140223097814,25.673048031521304,-3.1229000000000013,-5.183299999999999,6.3327,3.2793,7.13140223097814,6.051372017980715,0,14_13_30_886_ego_30,0,886,860,886,vehicle_vehicle,0.7691258835868089,0.011703096085631097,2.0214249983259314,2.0232114125814995,15.0,3.0,3.5,0.8,7.263234412436376,26.147643884770954
14,27,849,275,87.8348,-28.4257,154.2778,2.0752,4.7129,-5.2092,2.2605,-0.7466,-1.1926,5.6741,-0.2243,0.155,-1.3985,car,30,73.7407,-31.2852,-6.3327,-3.2793,7.1297,-0.157,206.1154,7.13140223097814,25.673048031521304,14.094099999999997,2.8595000000000006,1.1235,5.5398,5.652577844665211,14.381251512298919,0,14_13_30_886_ego_30,0,886,860,886,vehicle_vehicle,0.7691258835868089,0.011703096085631097,2.0214249983259314,2.0232114125814995,15.0,3.0,3.5,0.8,7.263234412436376,26.147643884770954
14,30,849,136,73.7407,-31.2852,206.1154,1.9425,3.9964,-6.3327,-3.2793,0.729,-1.7943,7.1297,-0.157,0.1353,-1.932,car,30,73.7407,-31.2852,-6.3327,-3.2793,7.1297,-0.157,206.1154,7.13140223097814,25.673048031521304,0.0,0.0,0.0,0.0,0.0,0.0,1,14_13_30_886_ego_30,1,886,860,886,vehicle_vehicle,0.7691258835868089,0.011703096085631097,2.0214249983259314,2.0232114125814995,15.0,3.0,3.5,0.8,7.263234412436376,26.147643884770954
14,31,849,127,75.8785,-25.2625,202.8387,2.0133,4.3115,-5.1662,-2.2157,-0.7228,-0.784,5.6212,-0.0368,0.9705,-0.4419,car,30,73.7407,-31.2852,-6.3327,-3.2793,7.1297,-0.157,206.1154,7.13140223097814,25.673048031521304,2.1377999999999986,6.0227,1.1665,1.0636,1.5785965950805798,6.390860985031672,0,14_13_30_886_ego_30,0,886,860,886,vehicle_vehicle,0.7691258835868089,0.011703096085631097,2.0214249983259314,2.0232114125814995,15.0,3.0,3.5,0.8,7.263234412436376,26.147643884770954
14,13,850,850,67.7018,-39.5462,242.9668,1.2661,2.6528,0.0,-0.0,-0.0,-0.0,-0.0,-0.0,0.0,0.0,truck,30,73.4875,-31.4175,-6.3045,-3.3539,7.1388,-0.1784,206.5808,7.1411039384677775,25.707974178484,-5.785699999999991,-8.128699999999998,6.3045,3.3539,7.1411039384677775,9.97747904933906,0,14_13_30_886_ego_30,1,886,860,886,vehicle_vehicle,0.7691258835868089,0.011703096085631097,2.0214249983259314,2.0232114125814995,15.0,3.0,3.5,0.8,7.263234412436376,26.147643884770954
14,14,850,850,70.6178,-36.4685,224.0776,2.1358,4.5059,-0.0,-0.0,0.0,-0.0,0.0,0.0,-0.0,-0.0,trailer,30,73.4875,-31.4175,-6.3045,-3.3539,7.1388,-0.1784,206.5808,7.1411039384677775,25.707974178484,-2.8696999999999946,-5.050999999999998,6.3045,3.3539,7.1411039384677775,5.809283870667705,0,14_13_30_886_ego_30,0,886,860,886,vehicle_vehicle,0.7691258835868089,0.011703096085631097,2.0214249983259314,2.0232114125814995,15.0,3.0,3.5,0.8,7.263234412436376,26.147643884770954
14,27,850,276,87.6277,-28.3357,154.8644,2.0752,4.7129,-5.2394,2.2201,-0.7813,-1.1976,5.6863,-0.2156,0.1986,-1.416,car,30,73.4875,-31.4175,-6.3045,-3.3539,7.1388,-0.1784,206.5808,7.1411039384677775,25.707974178484,14.140200000000007,3.081800000000001,1.0651000000000002,5.574,5.674849249980126,14.4721369285949,0,14_13_30_886_ego_30,0,886,860,886,vehicle_vehicle,0.7691258835868089,0.011703096085631097,2.0214249983259314,2.0232114125814995,15.0,3.0,3.5,0.8,7.263234412436376,26.147643884770954
14,30,850,137,73.4875,-31.4175,206.5808,1.9425,3.9964,-6.3045,-3.3539,0.7821,-1.8431,7.1388,-0.1784,0.1253,-1.9983,car,30,73.4875,-31.4175,-6.3045,-3.3539,7.1388,-0.1784,206.5808,7.1411039384677775,25.707974178484,0.0,0.0,0.0,0.0,0.0,0.0,1,14_13_30_886_ego_30,1,886,860,886,vehicle_vehicle,0.7691258835868089,0.011703096085631097,2.0214249983259314,2.0232114125814995,15.0,3.0,3.5,0.8,7.263234412436376,26.147643884770954
14,31,850,128,75.6713,-25.3517,202.9021,2.0133,4.3115,-5.1959,-2.2481,-0.7012,-0.81,5.6611,-0.0488,0.9611,-0.4732,car,30,73.4875,-31.4175,-6.3045,-3.3539,7.1388,-0.1784,206.5808,7.1411039384677775,25.707974178484,2.183800000000005,6.065799999999999,1.1086,1.1058,1.5658185080014861,6.446930438588586,0,14_13_30_886_ego_30,0,886,860,886,vehicle_vehicle,0.7691258835868089,0.011703096085631097,2.0214249983259314,2.0232114125814995,15.0,3.0,3.5,0.8,7.263234412436376,26.147643884770954
14,13,851,851,67.7018,-39.5462,242.9668,1.2661,2.6528,0.0,-0.0,-0.0,-0.0,-0.0,-0.0,0.0,0.0,truck,30,73.2355,-31.5531,-6.2739,-3.4304,7.1477,-0.2005,207.0618,7.150487072221025,25.74175345999569,-5.533699999999996,-7.993099999999998,6.2739,3.4304,7.150487072221025,9.72170166688939,0,14_13_30_886_ego_30,1,886,860,886,vehicle_vehicle,0.7691258835868089,0.011703096085631097,2.0214249983259314,2.0232114125814995,15.0,3.0,3.5,0.8,7.263234412436376,26.147643884770954
14,14,851,851,70.6178,-36.4685,224.0776,2.1358,4.5059,-0.0,-0.0,0.0,-0.0,0.0,0.0,-0.0,-0.0,trailer,30,73.2355,-31.5531,-6.2739,-3.4304,7.1477,-0.2005,207.0618,7.150487072221025,25.74175345999569,-2.6176999999999992,-4.915399999999998,6.2739,3.4304,7.150487072221025,5.568977504892615,0,14_13_30_886_ego_30,0,886,860,886,vehicle_vehicle,0.7691258835868089,0.011703096085631097,2.0214249983259314,2.0232114125814995,15.0,3.0,3.5,0.8,7.263234412436376,26.147643884770954
14,27,851,277,87.4195,-28.246,155.4552,2.0752,4.7129,-5.2718,2.1788,-0.8152,-1.2095,5.7005,-0.208,0.2391,-1.4388,car,30,73.2355,-31.5531,-6.2739,-3.4304,7.1477,-0.2005,207.0618,7.150487072221025,25.74175345999569,14.183999999999997,3.307100000000002,1.0021000000000004,5.6091999999999995,5.698010973137907,14.56443498423471,0,14_13_30_886_ego_30,0,886,860,886,vehicle_vehicle,0.7691258835868089,0.011703096085631097,2.0214249983259314,2.0232114125814995,15.0,3.0,3.5,0.8,7.263234412436376,26.147643884770954
14,30,851,138,73.2355,-31.5531,207.0618,1.9425,3.9964,-6.2739,-3.4304,0.8361,-1.8892,7.1477,-0.2005,0.1149,-2.0627,car,30,73.2355,-31.5531,-6.2739,-3.4304,7.1477,-0.2005,207.0618,7.150487072221025,25.74175345999569,0.0,0.0,0.0,0.0,0.0,0.0,1,14_13_30_886_ego_30,1,886,860,886,vehicle_vehicle,0.7691258835868089,0.011703096085631097,2.0214249983259314,2.0232114125814995,15.0,3.0,3.5,0.8,7.263234412436376,26.147643884770954
14,31,851,129,75.4628,-25.4422,202.9617,2.0133,4.3115,-5.2246,-2.2815,-0.6788,-0.835,5.7007,-0.0625,0.9507,-0.504,car,30,73.2355,-31.5531,-6.2739,-3.4304,7.1477,-0.2005,207.0618,7.150487072221025,25.74175345999569,2.2272999999999996,6.110900000000001,1.0493000000000006,1.1489000000000003,1.5559568438745341,6.504149759960944,0,14_13_30_886_ego_30,0,886,860,886,vehicle_vehicle,0.7691258835868089,0.011703096085631097,2.0214249983259314,2.0232114125814995,15.0,3.0,3.5,0.8,7.263234412436376,26.147643884770954
14,13,852,852,67.7018,-39.5462,242.9668,1.2661,2.6528,0.0,-0.0,-0.0,-0.0,-0.0,-0.0,0.0,0.0,truck,30,72.9853,-31.6923,-6.2412,-3.5085,7.1563,-0.2211,207.5727,7.159759052510077,25.77513258903628,-5.283499999999989,-7.853899999999999,6.2412,3.5085,7.159759052510077,9.465681035192338,0,14_13_30_886_ego_30,1,886,860,886,vehicle_vehicle,0.7691258835868089,0.011703096085631097,2.0214249983259314,2.0232114125814995,15.0,3.0,3.5,0.8,7.263234412436376,26.147643884770954
14,14,852,852,70.6178,-36.4685,224.0776,2.1358,4.5059,-0.0,-0.0,0.0,0.0,0.0,0.0,-0.0,-0.0,trailer,30,72.9853,-31.6923,-6.2412,-3.5085,7.1563,-0.2211,207.5727,7.159759052510077,25.77513258903628,-2.3674999999999926,-4.776199999999999,6.2412,3.5085,7.159759052510077,5.330773179380263,0,14_13_30_886_ego_30,0,886,860,886,vehicle_vehicle,0.7691258835868089,0.011703096085631097,2.0214249983259314,2.0232114125814995,15.0,3.0,3.5,0.8,7.263234412436376,26.147643884770954
14,27,852,278,87.2105,-28.1567,156.0578,2.0752,4.7129,-5.3066,2.1358,-0.8475,-1.2274,5.7167,-0.2014,0.2765,-1.4657,car,30,72.9853,-31.6923,-6.2412,-3.5085,7.1563,-0.2211,207.5727,7.159759052510077,25.77513258903628,14.225200000000001,3.5355999999999987,0.9345999999999997,5.6443,5.721153699211375,14.657993805429173,0,14_13_30_886_ego_30,0,886,860,886,vehicle_vehicle,0.7691258835868089,0.011703096085631097,2.0214249983259314,2.0232114125814995,15.0,3.0,3.5,0.8,7.263234412436376,26.147643884770954
14,30,852,139,72.9853,-31.6923,207.5727,1.9425,3.9964,-6.2412,-3.5085,0.8908,-1.9326,7.1563,-0.2211,0.1049,-2.1254,car,30,72.9853,-31.6923,-6.2412,-3.5085,7.1563,-0.2211,207.5727,7.159759052510077,25.77513258903628,0.0,0.0,0.0,0.0,0.0,0.0,1,14_13_30_886_ego_30,1,886,860,886,vehicle_vehicle,0.7691258835868089,0.011703096085631097,2.0214249983259314,2.0232114125814995,15.0,3.0,3.5,0.8,7.263234412436376,26.147643884770954
14,31,852,130,75.2531,-25.5346,203.0527,2.0133,4.3115,-5.2524,-2.3157,-0.6557,-0.8591,5.7397,-0.074,0.9398,-0.5337,car,30,72.9853,-31.6923,-6.2412,-3.5085,7.1563,-0.2211,207.5727,7.159759052510077,25.77513258903628,2.2678000000000083,6.157699999999998,0.9888000000000003,1.1928,1.54935382659998,6.562026068982051,0,14_13_30_886_ego_30,0,886,860,886,vehicle_vehicle,0.7691258835868089,0.011703096085631097,2.0214249983259314,2.0232114125814995,15.0,3.0,3.5,0.8,7.263234412436376,26.147643884770954
14,13,853,853,67.7018,-39.5462,242.9668,1.2661,2.6528,0.0,-0.0,-0.0,-0.0,-0.0,-0.0,0.0,0.0,truck,30,72.7366,-31.8348,-6.2064,-3.5881,7.165,-0.2402,208.1134,7.168951288019748,25.808224636871095,-5.03479999999999,-7.711399999999998,6.2064,3.5881,7.168951288019748,9.209500583636437,0,14_13_30_886_ego_30,1,886,860,886,vehicle_vehicle,0.7691258835868089,0.011703096085631097,2.0214249983259314,2.0232114125814995,15.0,3.0,3.5,0.8,7.263234412436376,26.147643884770954
14,14,853,853,70.6178,-36.4685,224.0776,2.1358,4.5059,-0.0,-0.0,0.0,0.0,0.0,0.0,-0.0,-0.0,trailer,30,72.7366,-31.8348,-6.2064,-3.5881,7.165,-0.2402,208.1134,7.168951288019748,25.808224636871095,-2.118799999999993,-4.6336999999999975,6.2064,3.5881,7.168951288019748,5.095143680996636,0,14_13_30_886_ego_30,0,886,860,886,vehicle_vehicle,0.7691258835868089,0.011703096085631097,2.0214249983259314,2.0232114125814995,15.0,3.0,3.5,0.8,7.263234412436376,26.147643884770954
14,27,853,279,86.999,-28.0701,156.6737,2.0752,4.7129,-5.3432,2.0912,-0.8773,-1.2502,5.7345,-0.1954,0.3106,-1.4954,car,30,72.7366,-31.8348,-6.2064,-3.5881,7.165,-0.2402,208.1134,7.168951288019748,25.808224636871095,14.2624,3.7647000000000013,0.8632,5.6793,5.74452458694364,14.75089895057247,0,14_13_30_886_ego_30,0,886,860,886,vehicle_vehicle,0.7691258835868089,0.011703096085631097,2.0214249983259314,2.0232114125814995,15.0,3.0,3.5,0.8,7.263234412436376,26.147643884770954
14,30,853,140,72.7366,-31.8348,208.1134,1.9425,3.9964,-6.2064,-3.5881,0.9463,-1.9735,7.165,-0.2402,0.0952,-2.1866,car,30,72.7366,-31.8348,-6.2064,-3.5881,7.165,-0.2402,208.1134,7.168951288019748,25.808224636871095,0.0,0.0,0.0,0.0,0.0,0.0,1,14_13_30_886_ego_30,1,886,860,886,vehicle_vehicle,0.7691258835868089,0.011703096085631097,2.0214249983259314,2.0232114125814995,15.0,3.0,3.5,0.8,7.263234412436376,26.147643884770954
14,31,853,131,75.0423,-25.628,203.1462,2.0133,4.3115,-5.2792,-2.3508,-0.6321,-0.8824,5.7783,-0.0864,0.9281,-0.5629,car,30,72.7366,-31.8348,-6.2064,-3.5881,7.165,-0.2402,208.1134,7.168951288019748,25.808224636871095,2.3057000000000016,6.206800000000001,0.9272,1.2372999999999998,1.546160124307958,6.621224866291736,0,14_13_30_886_ego_30,0,886,860,886,vehicle_vehicle,0.7691258835868089,0.011703096085631097,2.0214249983259314,2.0232114125814995,15.0,3.0,3.5,0.8,7.263234412436376,26.147643884770954
14,13,854,854,67.7018,-39.5462,242.9668,1.2661,2.6528,0.0,-0.0,-0.0,-0.0,-0.0,-0.0,0.0,0.0,truck,30,72.4895,-31.9806,-6.1696,-3.6692,7.1736,-0.258,208.6808,7.178230478328207,25.841629721981548,-4.787700000000001,-7.5656,6.1696,3.6692,7.178230478328207,8.953232636874796,0,14_13_30_886_ego_30,1,886,860,886,vehicle_vehicle,0.7691258835868089,0.011703096085631097,2.0214249983259314,2.0232114125814995,15.0,3.0,3.5,0.8,7.263234412436376,26.147643884770954
14,14,854,854,70.6178,-36.4685,224.0776,2.1358,4.5059,-0.0,-0.0,0.0,0.0,0.0,0.0,-0.0,-0.0,trailer,30,72.4895,-31.9806,-6.1696,-3.6692,7.1736,-0.258,208.6808,7.178230478328207,25.841629721981548,-1.8717000000000041,-4.4879,6.1696,3.6692,7.178230478328207,4.862561804234473,0,14_13_30_886_ego_30,0,886,860,886,vehicle_vehicle,0.7691258835868089,0.011703096085631097,2.0214249983259314,2.0232114125814995,15.0,3.0,3.5,0.8,7.263234412436376,26.147643884770954
14,27,854,280,86.7855,-27.9859,157.2831,2.0752,4.7129,-5.3814,2.0451,-0.9042,-1.2772,5.7537,-0.1917,0.3409,-1.5273,car,30,72.4895,-31.9806,-6.1696,-3.6692,7.1736,-0.258,208.6808,7.178230478328207,25.841629721981548,14.295999999999992,3.994699999999998,0.7881999999999998,5.7143,5.768403915295807,14.843626379358913,0,14_13_30_886_ego_30,0,886,860,886,vehicle_vehicle,0.7691258835868089,0.011703096085631097,2.0214249983259314,2.0232114125814995,15.0,3.0,3.5,0.8,7.263234412436376,26.147643884770954
14,30,854,141,72.4895,-31.9806,208.6808,1.9425,3.9964,-6.1696,-3.6692,1.0028,-2.0122,7.1736,-0.258,0.0859,-2.2466,car,30,72.4895,-31.9806,-6.1696,-3.6692,7.1736,-0.258,208.6808,7.178230478328207,25.841629721981548,0.0,0.0,0.0,0.0,0.0,0.0,1,14_13_30_886_ego_30,1,886,860,886,vehicle_vehicle,0.7691258835868089,0.011703096085631097,2.0214249983259314,2.0232114125814995,15.0,3.0,3.5,0.8,7.263234412436376,26.147643884770954
14,31,854,132,74.8307,-25.7234,203.2627,2.0133,4.3115,-5.305,-2.3866,-0.6079,-0.9051,5.8163,-0.0974,0.916,-0.5914,car,30,72.4895,-31.9806,-6.1696,-3.6692,7.1736,-0.258,208.6808,7.178230478328207,25.841629721981548,2.3411999999999864,6.257199999999997,0.8646000000000003,1.2826,1.5468018360475269,6.6808509398129745,0,14_13_30_886_ego_30,0,886,860,886,vehicle_vehicle,0.7691258835868089,0.011703096085631097,2.0214249983259314,2.0232114125814995,15.0,3.0,3.5,0.8,7.263234412436376,26.147643884770954
14,13,855,855,67.7018,-39.5462,242.9668,1.2661,2.6528,0.0,-0.0,-0.0,-0.0,-0.0,-0.0,0.0,0.0,truck,30,72.2439,-32.1291,-6.1306,-3.7517,7.1821,-0.2777,209.2505,7.187454991163423,25.874837968188324,-4.542099999999991,-7.417099999999998,6.1306,3.7517,7.187454991163423,8.697358496693113,0,14_13_30_886_ego_30,1,886,860,886,vehicle_vehicle,0.7691258835868089,0.011703096085631097,2.0214249983259314,2.0232114125814995,15.0,3.0,3.5,0.8,7.263234412436376,26.147643884770954
14,14,855,855,70.6178,-36.4685,224.0776,2.1358,4.5059,-0.0,-0.0,0.0,0.0,0.0,0.0,-0.0,-0.0,trailer,30,72.2439,-32.1291,-6.1306,-3.7517,7.1821,-0.2777,209.2505,7.187454991163423,25.874837968188324,-1.6260999999999939,-4.339399999999998,6.1306,3.7517,7.187454991163423,4.634068792109151,0,14_13_30_886_ego_30,0,886,860,886,vehicle_vehicle,0.7691258835868089,0.011703096085631097,2.0214249983259314,2.0232114125814995,15.0,3.0,3.5,0.8,7.263234412436376,26.147643884770954
14,27,855,281,86.5702,-27.9035,157.8872,2.0752,4.7129,-5.4209,1.9973,-0.9279,-1.3077,5.774,-0.1903,0.3674,-1.5608,car,30,72.2439,-32.1291,-6.1306,-3.7517,7.1821,-0.2777,209.2505,7.187454991163423,25.874837968188324,14.326300000000003,4.2256,0.7097000000000007,5.7490000000000006,5.79263973417992,14.936484427401252,0,14_13_30_886_ego_30,0,886,860,886,vehicle_vehicle,0.7691258835868089,0.011703096085631097,2.0214249983259314,2.0232114125814995,15.0,3.0,3.5,0.8,7.263234412436376,26.147643884770954
14,30,855,142,72.2439,-32.1291,209.2505,1.9425,3.9964,-6.1306,-3.7517,1.0603,-2.0488,7.1821,-0.2777,0.076,-2.3057,car,30,72.2439,-32.1291,-6.1306,-3.7517,7.1821,-0.2777,209.2505,7.187454991163423,25.874837968188324,0.0,0.0,0.0,0.0,0.0,0.0,1,14_13_30_886_ego_30,1,886,860,886,vehicle_vehicle,0.7691258835868089,0.011703096085631097,2.0214249983259314,2.0232114125814995,15.0,3.0,3.5,0.8,7.263234412436376,26.147643884770954
14,31,855,133,74.6183,-25.8204,203.3877,2.0133,4.3115,-5.3301,-2.423,-0.5831,-0.9274,5.8539,-0.1081,0.9033,-0.6197,car,30,72.2439,-32.1291,-6.1306,-3.7517,7.1821,-0.2777,209.2505,7.187454991163423,25.874837968188324,2.3744000000000085,6.308700000000002,0.8005000000000004,1.3287,1.5512072524327625,6.740732233963908,0,14_13_30_886_ego_30,0,886,860,886,vehicle_vehicle,0.7691258835868089,0.011703096085631097,2.0214249983259314,2.0232114125814995,15.0,3.0,3.5,0.8,7.263234412436376,26.147643884770954
14,13,856,856,67.7018,-39.5462,242.9668,1.2661,2.6528,-0.0,-0.0,-0.0,-0.0,0.0,0.0,0.0,0.0,truck,30,72.0003,-32.2801,-6.0897,-3.8359,7.191,-0.2978,209.8354,7.197122682016751,25.909641655260305,-4.29849999999999,-7.266100000000002,6.0897,3.8359,7.197122682016751,8.442352246856318,0,14_13_30_886_ego_30,1,886,860,886,vehicle_vehicle,0.7691258835868089,0.011703096085631097,2.0214249983259314,2.0232114125814995,15.0,3.0,3.5,0.8,7.263234412436376,26.147643884770954
14,14,856,856,70.6178,-36.4685,224.0776,2.1358,4.5059,-0.0,-0.0,0.0,0.0,0.0,-0.0,-0.0,-0.0,trailer,30,72.0003,-32.2801,-6.0897,-3.8359,7.191,-0.2978,209.8354,7.197122682016751,25.909641655260305,-1.3824999999999932,-4.1884000000000015,6.0897,3.8359,7.197122682016751,4.410668975336961,0,14_13_30_886_ego_30,0,886,860,886,vehicle_vehicle,0.7691258835868089,0.011703096085631097,2.0214249983259314,2.0232114125814995,15.0,3.0,3.5,0.8,7.263234412436376,26.147643884770954
14,27,856,282,86.3536,-27.8231,158.4858,2.0752,4.7129,-5.4618,1.9475,-0.948,-1.3412,5.7955,-0.1912,0.3901,-1.5954,car,30,72.0003,-32.2801,-6.0897,-3.8359,7.191,-0.2978,209.8354,7.197122682016751,25.909641655260305,14.353300000000004,4.456999999999997,0.6278999999999995,5.7834,5.817385492641862,15.029373569447268,0,14_13_30_886_ego_30,0,886,860,886,vehicle_vehicle,0.7691258835868089,0.011703096085631097,2.0214249983259314,2.0232114125814995,15.0,3.0,3.5,0.8,7.263234412436376,26.147643884770954
14,30,856,143,72.0003,-32.2801,209.8354,1.9425,3.9964,-6.0897,-3.8359,1.1192,-2.0833,7.191,-0.2978,0.0656,-2.364,car,30,72.0003,-32.2801,-6.0897,-3.8359,7.191,-0.2978,209.8354,7.197122682016751,25.909641655260305,0.0,0.0,0.0,0.0,0.0,0.0,1,14_13_30_886_ego_30,1,886,860,886,vehicle_vehicle,0.7691258835868089,0.011703096085631097,2.0214249983259314,2.0232114125814995,15.0,3.0,3.5,0.8,7.263234412436376,26.147643884770954
14,31,856,134,74.4054,-25.9189,203.5148,2.0133,4.3115,-5.3544,-2.4599,-0.5574,-0.9497,5.8912,-0.1193,0.8901,-0.6485,car,30,72.0003,-32.2801,-6.0897,-3.8359,7.191,-0.2978,209.8354,7.197122682016751,25.909641655260305,2.4051000000000045,6.361199999999997,0.7352999999999996,1.376,1.5601416890782707,6.800689042295639,0,14_13_30_886_ego_30,0,886,860,886,vehicle_vehicle,0.7691258835868089,0.011703096085631097,2.0214249983259314,2.0232114125814995,15.0,3.0,3.5,0.8,7.263234412436376,26.147643884770954
14,13,857,857,67.7018,-39.5462,242.9668,1.2661,2.6528,-0.0,-0.0,-0.0,0.0,0.0,0.0,0.0,0.0,truck,30,71.758,-32.4343,-6.0465,-3.9219,7.2001,-0.3178,210.4411,7.207042518259484,25.945353065734142,-4.05619999999999,-7.111899999999999,6.0465,3.9219,7.207042518259484,8.187299924272953,0,14_13_30_886_ego_30,1,886,860,886,vehicle_vehicle,0.7691258835868089,0.011703096085631097,2.0214249983259314,2.0232114125814995,15.0,3.0,3.5,0.8,7.263234412436376,26.147643884770954
14,14,857,857,70.6178,-36.4685,224.0776,2.1358,4.5059,-0.0,-0.0,0.0,0.0,0.0,-0.0,-0.0,-0.0,trailer,30,71.758,-32.4343,-6.0465,-3.9219,7.2001,-0.3178,210.4411,7.207042518259484,25.945353065734142,-1.140199999999993,-4.0341999999999985,6.0465,3.9219,7.207042518259484,4.192233972478155,0,14_13_30_886_ego_30,0,886,860,886,vehicle_vehicle,0.7691258835868089,0.011703096085631097,2.0214249983259314,2.0232114125814995,15.0,3.0,3.5,0.8,7.263234412436376,26.147643884770954
14,27,857,283,86.1351,-27.7445,159.0778,2.0752,4.7129,-5.5038,1.8958,-0.9642,-1.3769,5.8179,-0.1946,0.409,-1.6305,car,30,71.758,-32.4343,-6.0465,-3.9219,7.2001,-0.3178,210.4411,7.207042518259484,25.945353065734142,14.377099999999999,4.689800000000002,0.5427,5.8177,5.842957862247511,15.122672662264431,0,14_13_30_886_ego_30,0,886,860,886,vehicle_vehicle,0.7691258835868089,0.011703096085631097,2.0214249983259314,2.0232114125814995,15.0,3.0,3.5,0.8,7.263234412436376,26.147643884770954
14,30,857,144,71.758,-32.4343,210.4411,1.9425,3.9964,-6.0465,-3.9219,1.1795,-2.1153,7.2001,-0.3178,0.0548,-2.4214,car,30,71.758,-32.4343,-6.0465,-3.9219,7.2001,-0.3178,210.4411,7.207042518259484,25.945353065734142,0.0,0.0,0.0,0.0,0.0,0.0,1,14_13_30_886_ego_30,1,886,860,886,vehicle_vehicle,0.7691258835868089,0.011703096085631097,2.0214249983259314,2.0232114125814995,15.0,3.0,3.5,0.8,7.263234412436376,26.147643884770954
14,31,857,135,74.1907,-26.0183,203.6499,2.0133,4.3115,-5.3776,-2.4977,-0.5308,-0.9722,5.9279,-0.1307,0.8762,-0.6777,car,30,71.758,-32.4343,-6.0465,-3.9219,7.2001,-0.3178,210.4411,7.207042518259484,25.945353065734142,2.432700000000011,6.416,0.6688999999999998,1.4242,1.5734588809371537,6.8617115423194575,0,14_13_30_886_ego_30,0,886,860,886,vehicle_vehicle,0.7691258835868089,0.011703096085631097,2.0214249983259314,2.0232114125814995,15.0,3.0,3.5,0.8,7.263234412436376,26.147643884770954
14,13,858,858,67.7018,-39.5462,242.9668,1.2661,2.6528,-0.0,-0.0,-0.0,0.0,0.0,0.0,0.0,0.0,truck,30,71.5177,-32.5918,-6.0012,-4.0096,7.2096,-0.3362,211.0784,7.217429847251721,25.982747450106196,-3.815899999999999,-6.9544,6.0012,4.0096,7.217429847251721,7.9325136098212905,0,14_13_30_886_ego_30,1,886,860,886,vehicle_vehicle,0.7691258835868089,0.011703096085631097,2.0214249983259314,2.0232114125814995,15.0,3.0,3.5,0.8,7.263234412436376,26.147643884770954
14,14,858,858,70.6178,-36.4685,224.0776,2.1358,4.5059,0.0,-0.0,0.0,0.0,0.0,-0.0,-0.0,-0.0,trailer,30,71.5177,-32.5918,-6.0012,-4.0096,7.2096,-0.3362,211.0784,7.217429847251721,25.982747450106196,-0.8999000000000024,-3.8766999999999996,6.0012,4.0096,7.217429847251721,3.979776739969216,0,14_13_30_886_ego_30,0,886,860,886,vehicle_vehicle,0.7691258835868089,0.011703096085631097,2.0214249983259314,2.0232114125814995,15.0,3.0,3.5,0.8,7.263234412436376,26.147643884770954
14,27,858,284,85.9142,-27.6687,159.6536,2.0752,4.7129,-5.5464,1.8422,-0.9764,-1.4143,5.8409,-0.2012,0.4237,-1.6656,car,30,71.5177,-32.5918,-6.0012,-4.0096,7.2096,-0.3362,211.0784,7.217429847251721,25.982747450106196,14.396499999999989,4.923099999999998,0.45479999999999965,5.8518,5.869446846168726,15.21499674203053,0,14_13_30_886_ego_30,0,886,860,886,vehicle_vehicle,0.7691258835868089,0.011703096085631097,2.0214249983259314,2.0232114125814995,15.0,3.0,3.5,0.8,7.263234412436376,26.147643884770954
14,30,858,145,71.5177,-32.5918,211.0784,1.9425,3.9964,-6.0012,-4.0096,1.2417,-2.1445,7.2096,-0.3362,0.0435,-2.4776,car,30,71.5177,-32.5918,-6.0012,-4.0096,7.2096,-0.3362,211.0784,7.217429847251721,25.982747450106196,0.0,0.0,0.0,0.0,0.0,0.0,1,14_13_30_886_ego_30,1,886,860,886,vehicle_vehicle,0.7691258835868089,0.011703096085631097,2.0214249983259314,2.0232114125814995,15.0,3.0,3.5,0.8,7.263234412436376,26.147643884770954
14,31,858,136,73.9753,-26.119,203.806,2.0133,4.3115,-5.3999,-2.5363,-0.5031,-0.995,5.9642,-0.1409,0.8619,-0.7073,car,30,71.5177,-32.5918,-6.0012,-4.0096,7.2096,-0.3362,211.0784,7.217429847251721,25.982747450106196,2.4575999999999993,6.472799999999999,0.6013000000000002,1.4732999999999996,1.5912807986021822,6.923650597769936,0,14_13_30_886_ego_30,0,886,860,886,vehicle_vehicle,0.7691258835868089,0.011703096085631097,2.0214249983259314,2.0232114125814995,15.0,3.0,3.5,0.8,7.263234412436376,26.147643884770954
14,13,859,859,67.7018,-39.5462,242.9668,1.2661,2.6528,-0.0,-0.0,-0.0,0.0,0.0,0.0,0.0,0.0,truck,30,71.2788,-32.7533,-5.9535,-4.0987,7.2194,-0.3526,211.7498,7.227966791567321,26.020680449642356,-3.576999999999998,-6.792899999999996,5.9535,4.0987,7.227966791567321,7.677136146376455,0,14_13_30_886_ego_30,1,886,860,886,vehicle_vehicle,0.7691258835868089,0.011703096085631097,2.0214249983259314,2.0232114125814995,15.0,3.0,3.5,0.8,7.263234412436376,26.147643884770954
14,14,859,859,70.6178,-36.4685,224.0776,2.1358,4.5059,0.0,-0.0,0.0,0.0,-0.0,-0.0,-0.0,-0.0,trailer,30,71.2788,-32.7533,-5.9535,-4.0987,7.2194,-0.3526,211.7498,7.227966791567321,26.020680449642356,-0.6610000000000014,-3.715199999999996,5.9535,4.0987,7.227966791567321,3.7735436979051893,0,14_13_30_886_ego_30,0,886,860,886,vehicle_vehicle,0.7691258835868089,0.011703096085631097,2.0214249983259314,2.0232114125814995,15.0,3.0,3.5,0.8,7.263234412436376,26.147643884770954
14,27,859,285,85.6912,-27.5942,160.2286,2.0752,4.7129,-5.5894,1.7863,-0.9846,-1.4528,5.8641,-0.2097,0.4351,-1.7002,car,30,71.2788,-32.7533,-5.9535,-4.0987,7.2194,-0.3526,211.7498,7.227966791567321,26.020680449642356,14.412399999999991,5.159100000000002,0.36409999999999965,5.885,5.89625252257737,15.307958275681305,0,14_13_30_886_ego_30,0,886,860,886,vehicle_vehicle,0.7691258835868089,0.011703096085631097,2.0214249983259314,2.0232114125814995,15.0,3.0,3.5,0.8,7.263234412436376,26.147643884770954
14,30,859,146,71.2788,-32.7533,211.7498,1.9425,3.9964,-5.9535,-4.0987,1.3057,-2.1704,7.2194,-0.3526,0.0318,-2.5327,car,30,71.2788,-32.7533,-5.9535,-4.0987,7.2194,-0.3526,211.7498,7.227966791567321,26.020680449642356,0.0,0.0,0.0,0.0,0.0,0.0,1,14_13_30_886_ego_30,1,886,860,886,vehicle_vehicle,0.7691258835868089,0.011703096085631097,2.0214249983259314,2.0232114125814995,15.0,3.0,3.5,0.8,7.263234412436376,26.147643884770954
14,31,859,137,73.7589,-26.2217,203.9847,2.0133,4.3115,-5.4211,-2.5757,-0.4744,-1.0181,6.0,-0.1497,0.8473,-0.7374,car,30,71.2788,-32.7533,-5.9535,-4.0987,7.2194,-0.3526,211.7498,7.227966791567321,26.020680449642356,2.480099999999993,6.5316000000000045,0.5324,1.5230000000000001,1.6133749595180906,6.986608230751172,0,14_13_30_886_ego_30,0,886,860,886,vehicle_vehicle,0.7691258835868089,0.011703096085631097,2.0214249983259314,2.0232114125814995,15.0,3.0,3.5,0.8,7.263234412436376,26.147643884770954
14,13,860,860,67.7018,-39.5462,242.9668,1.2661,2.6528,-0.0,-0.0,-0.0,0.0,0.0,0.0,0.0,0.0,truck,30,71.0421,-32.9189,-5.9034,-4.1889,7.2293,-0.3662,212.4584,7.238578228492113,26.058881622571608,-3.340299999999999,-6.627299999999998,5.9034,4.1889,7.238578228492113,7.421503175233436,0,14_13_30_886_ego_30,1,886,860,886,vehicle_vehicle,0.7691258835868089,0.011703096085631097,2.0214249983259314,2.0232114125814995,15.0,3.0,3.5,0.8,7.263234412436376,26.147643884770954
14,14,860,860,70.6178,-36.4685,224.0776,2.1358,4.5059,0.0,-0.0,0.0,0.0,-0.0,-0.0,-0.0,-0.0,trailer,30,71.0421,-32.9189,-5.9034,-4.1889,7.2293,-0.3662,212.4584,7.238578228492113,26.058881622571608,-0.42430000000000234,-3.549599999999998,5.9034,4.1889,7.238578228492113,3.5748693192898657,0,14_13_30_886_ego_30,0,886,860,886,vehicle_vehicle,0.7691258835868089,0.011703096085631097,2.0214249983259314,2.0232114125814995,15.0,3.0,3.5,0.8,7.263234412436376,26.147643884770954
14,27,860,286,85.4664,-27.5225,160.7891,2.0752,4.7129,-5.6325,1.7283,-0.9889,-1.4917,5.8876,-0.2213,0.443,-1.734,car,30,71.0421,-32.9189,-5.9034,-4.1889,7.2293,-0.3662,212.4584,7.238578228492113,26.058881622571608,14.424299999999988,5.3964,0.27090000000000014,5.9172,5.92339789732211,15.400700096099516,0,14_13_30_886_ego_30,0,886,860,886,vehicle_vehicle,0.7691258835868089,0.011703096085631097,2.0214249983259314,2.0232114125814995,15.0,3.0,3.5,0.8,7.263234412436376,26.147643884770954
14,30,860,147,71.0421,-32.9189,212.4584,1.9425,3.9964,-5.9034,-4.1889,1.3718,-2.193,7.2293,-0.3662,0.0195,-2.5866,car,30,71.0421,-32.9189,-5.9034,-4.1889,7.2293,-0.3662,212.4584,7.238578228492113,26.058881622571608,0.0,0.0,0.0,0.0,0.0,0.0,1,14_13_30_886_ego_30,1,886,860,886,vehicle_vehicle,0.7691258835868089,0.011703096085631097,2.0214249983259314,2.0232114125814995,15.0,3.0,3.5,0.8,7.263234412436376,26.147643884770954
14,31,860,138,73.5419,-26.3252,204.1733,2.0133,4.3115,-5.4411,-2.6161,-0.4446,-1.0416,6.0353,-0.1586,0.8322,-0.7682,car,30,71.0421,-32.9189,-5.9034,-4.1889,7.2293,-0.3662,212.4584,7.238578228492113,26.058881622571608,2.4997999999999934,6.593700000000002,0.4623000000000008,1.5728000000000004,1.6393355757745278,7.0516579419311025,0,14_13_30_886_ego_30,0,886,860,886,vehicle_vehicle,0.7691258835868089,0.011703096085631097,2.0214249983259314,2.0232114125814995,15.0,3.0,3.5,0.8,7.263234412436376,26.147643884770954
14,13,861,861,67.7018,-39.5462,242.9668,1.2661,2.6528,-0.0,-0.0,-0.0,0.0,0.0,0.0,0.0,0.0,truck,30,70.8075,-33.0877,-5.8508,-4.2802,7.2393,-0.3782,213.1968,7.249273941575114,26.097386189670413,-3.105699999999999,-6.458500000000001,5.8508,4.2802,7.249273941575114,7.16642133425045,0,14_13_30_886_ego_30,1,886,860,886,vehicle_vehicle,0.7691258835868089,0.011703096085631097,2.0214249983259314,2.0232114125814995,15.0,3.0,3.5,0.8,7.263234412436376,26.147643884770954
14,14,861,861,70.6178,-36.4685,224.0776,2.1358,4.5059,0.0,-0.0,0.0,0.0,-0.0,-0.0,-0.0,-0.0,trailer,30,70.8075,-33.0877,-5.8508,-4.2802,7.2393,-0.3782,213.1968,7.249273941575114,26.097386189670413,-0.18970000000000198,-3.3808000000000007,5.8508,4.2802,7.249273941575114,3.38611794389977,0,14_13_30_886_ego_30,0,886,860,886,vehicle_vehicle,0.7691258835868089,0.011703096085631097,2.0214249983259314,2.0232114125814995,15.0,3.0,3.5,0.8,7.263234412436376,26.147643884770954
14,27,861,287,85.24,-27.4535,161.3482,2.0752,4.7129,-5.6757,1.6683,-0.9895,-1.5305,5.9112,-0.2345,0.4481,-1.7666,car,30,70.8075,-33.0877,-5.8508,-4.2802,7.2393,-0.3782,213.1968,7.249273941575114,26.097386189670413,14.43249999999999,5.6342,0.1750999999999996,5.948499999999999,5.95107656311024,15.49326517845737,0,14_13_30_886_ego_30,0,886,860,886,vehicle_vehicle,0.7691258835868089,0.011703096085631097,2.0214249983259314,2.0232114125814995,15.0,3.0,3.5,0.8,7.263234412436376,26.147643884770954
14,30,861,148,70.8075,-33.0877,213.1968,1.9425,3.9964,-5.8508,-4.2802,1.44,-2.2121,7.2393,-0.3782,0.0062,-2.6395,car,30,70.8075,-33.0877,-5.8508,-4.2802,7.2393,-0.3782,213.1968,7.249273941575114,26.097386189670413,0.0,0.0,0.0,0.0,0.0,0.0,1,14_13_30_886_ego_30,1,886,860,886,vehicle_vehicle,0.7691258835868089,0.011703096085631097,2.0214249983259314,2.0232114125814995,15.0,3.0,3.5,0.8,7.263234412436376,26.147643884770954
14,31,861,139,73.3236,-26.4303,204.3785,2.0133,4.3115,-5.4599,-2.6576,-0.4138,-1.0653,6.0701,-0.167,0.8166,-0.7995,car,30,70.8075,-33.0877,-5.8508,-4.2802,7.2393,-0.3782,213.1968,7.249273941575114,26.097386189670413,2.5160999999999945,6.657399999999999,0.39089999999999936,1.6225999999999998,1.6690217404216157,7.117003159336096,0,14_13_30_886_ego_30,0,886,860,886,vehicle_vehicle,0.7691258835868089,0.011703096085631097,2.0214249983259314,2.0232114125814995,15.0,3.0,3.5,0.8,7.263234412436376,26.147643884770954
14,13,862,862,67.7018,-39.5462,242.9668,1.2661,2.6528,-0.0,-0.0,-0.0,0.0,0.0,0.0,0.0,0.0,truck,30,70.575,-33.2599,-5.7956,-4.3725,7.2496,-0.3879,213.9701,7.2600093395256735,26.136033622292427,-2.873199999999997,-6.286299999999997,5.7956,4.3725,7.2600093395256735,6.911790356340385,0,14_13_30_886_ego_30,1,886,860,886,vehicle_vehicle,0.7691258835868089,0.011703096085631097,2.0214249983259314,2.0232114125814995,15.0,3.0,3.5,0.8,7.263234412436376,26.147643884770954
14,14,862,862,70.6178,-36.4685,224.0776,2.1358,4.5059,0.0,0.0,0.0,0.0,-0.0,-0.0,-0.0,-0.0,trailer,30,70.575,-33.2599,-5.7956,-4.3725,7.2496,-0.3879,213.9701,7.2600093395256735,26.136033622292427,0.04279999999999973,-3.208599999999997,5.7956,4.3725,7.2600093395256735,3.208885445135114,0,14_13_30_886_ego_30,0,886,860,886,vehicle_vehicle,0.7691258835868089,0.011703096085631097,2.0214249983259314,2.0232114125814995,15.0,3.0,3.5,0.8,7.263234412436376,26.147643884770954
14,27,862,288,85.0116,-27.3876,161.8998,2.0752,4.7129,-5.7187,1.6067,-0.9867,-1.5689,5.9348,-0.2495,0.4504,-1.7978,car,30,70.575,-33.2599,-5.7956,-4.3725,7.2496,-0.3879,213.9701,7.2600093395256735,26.136033622292427,14.436599999999999,5.872300000000003,0.07690000000000019,5.9792,5.979694494704558,15.58522784081131,0,14_13_30_886_ego_30,0,886,860,886,vehicle_vehicle,0.7691258835868089,0.011703096085631097,2.0214249983259314,2.0232114125814995,15.0,3.0,3.5,0.8,7.263234412436376,26.147643884770954
14,30,862,149,70.575,-33.2599,213.9701,1.9425,3.9964,-5.7956,-4.3725,1.5106,-2.2275,7.2496,-0.3879,-0.0081,-2.6914,car,30,70.575,-33.2599,-5.7956,-4.3725,7.2496,-0.3879,213.9701,7.2600093395256735,26.136033622292427,0.0,0.0,0.0,0.0,0.0,0.0,1,14_13_30_886_ego_30,1,886,860,886,vehicle_vehicle,0.7691258835868089,0.011703096085631097,2.0214249983259314,2.0232114125814995,15.0,3.0,3.5,0.8,7.263234412436376,26.147643884770954
14,31,862,140,73.1047,-26.5373,204.5928,2.0133,4.3115,-5.4774,-2.7002,-0.382,-1.089,6.1043,-0.1757,0.8006,-0.8313,car,30,70.575,-33.2599,-5.7956,-4.3725,7.2496,-0.3879,213.9701,7.2600093395256735,26.136033622292427,2.529699999999991,6.7226000000000035,0.31820000000000004,1.6722999999999995,1.7023038888518107,7.18280814514769,0,14_13_30_886_ego_30,0,886,860,886,vehicle_vehicle,0.7691258835868089,0.011703096085631097,2.0214249983259314,2.0232114125814995,15.0,3.0,3.5,0.8,7.263234412436376,26.147643884770954
14,13,863,863,67.7018,-39.5462,242.9668,1.2661,2.6528,-0.0,-0.0,-0.0,0.0,0.0,0.0,0.0,0.0,truck,30,70.3445,-33.4362,-5.7376,-4.4657,7.2598,-0.3961,214.7713,7.270662297892812,26.174384272414127,-2.6426999999999907,-6.109999999999999,5.7376,4.4657,7.270662297892812,6.657023605936811,0,14_13_30_886_ego_30,1,886,860,886,vehicle_vehicle,0.7691258835868089,0.011703096085631097,2.0214249983259314,2.0232114125814995,15.0,3.0,3.5,0.8,7.263234412436376,26.147643884770954
14,14,863,863,70.6178,-36.4685,224.0776,2.1358,4.5059,0.0,0.0,0.0,0.0,-0.0,-0.0,-0.0,-0.0,trailer,30,70.3445,-33.4362,-5.7376,-4.4657,7.2598,-0.3961,214.7713,7.270662297892812,26.174384272414127,0.2733000000000061,-3.0322999999999993,5.7376,4.4657,7.270662297892812,3.044591299337236,0,14_13_30_886_ego_30,0,886,860,886,vehicle_vehicle,0.7691258835868089,0.011703096085631097,2.0214249983259314,2.0232114125814995,15.0,3.0,3.5,0.8,7.263234412436376,26.147643884770954
14,27,863,289,84.7815,-27.3244,162.4516,2.0752,4.7129,-5.7613,1.5434,-0.9805,-1.6069,5.9585,-0.2655,0.4504,-1.8277,car,30,70.3445,-33.4362,-5.7376,-4.4657,7.2598,-0.3961,214.7713,7.270662297892812,26.174384272414127,14.436999999999998,6.111799999999999,-0.02370000000000072,6.0091,6.009146736434383,15.67740629823696,0,14_13_30_886_ego_30,0,886,860,886,vehicle_vehicle,0.7691258835868089,0.011703096085631097,2.0214249983259314,2.0232114125814995,15.0,3.0,3.5,0.8,7.263234412436376,26.147643884770954
14,30,863,150,70.3445,-33.4362,214.7713,1.9425,3.9964,-5.7376,-4.4657,1.5836,-2.239,7.2598,-0.3961,-0.0239,-2.7423,car,30,70.3445,-33.4362,-5.7376,-4.4657,7.2598,-0.3961,214.7713,7.270662297892812,26.174384272414127,0.0,0.0,0.0,0.0,0.0,0.0,1,14_13_30_886_ego_30,1,886,860,886,vehicle_vehicle,0.7691258835868089,0.011703096085631097,2.0214249983259314,2.0232114125814995,15.0,3.0,3.5,0.8,7.263234412436376,26.147643884770954
14,31,863,141,72.8851,-26.6465,204.814,2.0133,4.3115,-5.4935,-2.7435,-0.3493,-1.113,6.1377,-0.1847,0.7842,-0.8636,car,30,70.3445,-33.4362,-5.7376,-4.4657,7.2598,-0.3961,214.7713,7.270662297892812,26.174384272414127,2.5405999999999977,6.7897,0.24409999999999954,1.7222,1.7394130188083563,7.249460286807563,0,14_13_30_886_ego_30,0,886,860,886,vehicle_vehicle,0.7691258835868089,0.011703096085631097,2.0214249983259314,2.0232114125814995,15.0,3.0,3.5,0.8,7.263234412436376,26.147643884770954
14,13,864,864,67.7018,-39.5462,242.9668,1.2661,2.6528,-0.0,-0.0,-0.0,0.0,0.0,0.0,0.0,0.0,truck,30,70.1165,-33.6162,-5.6768,-4.5594,7.2701,-0.4012,215.612,7.28108416377671,26.211902989596158,-2.4146999999999963,-5.93,5.6768,4.5594,7.28108416377671,6.402786587884995,0,14_13_30_886_ego_30,1,886,860,886,vehicle_vehicle,0.7691258835868089,0.011703096085631097,2.0214249983259314,2.0232114125814995,15.0,3.0,3.5,0.8,7.263234412436376,26.147643884770954
14,14,864,864,70.6178,-36.4685,224.0776,2.1358,4.5059,0.0,0.0,0.0,0.0,-0.0,-0.0,-0.0,-0.0,trailer,30,70.1165,-33.6162,-5.6768,-4.5594,7.2701,-0.4012,215.612,7.28108416377671,26.211902989596158,0.5013000000000005,-2.8522999999999996,5.6768,4.5594,7.28108416377671,2.896017434339786,0,14_13_30_886_ego_30,0,886,860,886,vehicle_vehicle,0.7691258835868089,0.011703096085631097,2.0214249983259314,2.0232114125814995,15.0,3.0,3.5,0.8,7.263234412436376,26.147643884770954
14,27,864,290,84.5496,-27.2639,163.0222,2.0752,4.7129,-5.8034,1.4786,-0.9713,-1.6443,5.9822,-0.2805,0.4488,-1.8563,car,30,70.1165,-33.6162,-5.6768,-4.5594,7.2701,-0.4012,215.612,7.28108416377671,26.211902989596158,14.433099999999996,6.3523,-0.12659999999999982,6.038,6.039327078408653,15.769149973920594,0,14_13_30_886_ego_30,0,886,860,886,vehicle_vehicle,0.7691258835868089,0.011703096085631097,2.0214249983259314,2.0232114125814995,15.0,3.0,3.5,0.8,7.263234412436376,26.147643884770954
14,30,864,151,70.1165,-33.6162,215.612,1.9425,3.9964,-5.6768,-4.5594,1.6591,-2.2463,7.2701,-0.4012,-0.0408,-2.7923,car,30,70.1165,-33.6162,-5.6768,-4.5594,7.2701,-0.4012,215.612,7.28108416377671,26.211902989596158,0.0,0.0,0.0,0.0,0.0,0.0,1,14_13_30_886_ego_30,1,886,860,886,vehicle_vehicle,0.7691258835868089,0.011703096085631097,2.0214249983259314,2.0232114125814995,15.0,3.0,3.5,0.8,7.263234412436376,26.147643884770954
14,31,864,142,72.6649,-26.7572,205.0395,2.0133,4.3115,-5.5083,-2.7878,-0.3158,-1.1371,6.1705,-0.1945,0.7674,-0.8966,car,30,70.1165,-33.6162,-5.6768,-4.5594,7.2701,-0.4012,215.612,7.28108416377671,26.211902989596158,2.548400000000001,6.858999999999998,0.16849999999999987,1.7716000000000003,1.779595125302382,7.317118528491935,0,14_13_30_886_ego_30,0,886,860,886,vehicle_vehicle,0.7691258835868089,0.011703096085631097,2.0214249983259314,2.0232114125814995,15.0,3.0,3.5,0.8,7.263234412436376,26.147643884770954
14,13,865,865,67.7018,-39.5462,242.9668,1.2661,2.6528,-0.0,-0.0,-0.0,0.0,0.0,0.0,0.0,0.0,truck,30,69.8902,-33.8002,-5.6128,-4.6536,7.2796,-0.4075,216.4585,7.291057317015139,26.2478063412545,-2.1883999999999872,-5.746000000000002,5.6128,4.6536,7.291057317015139,6.148626721472037,0,14_13_30_886_ego_30,1,886,860,886,vehicle_vehicle,0.7691258835868089,0.011703096085631097,2.0214249983259314,2.0232114125814995,15.0,3.0,3.5,0.8,7.263234412436376,26.147643884770954
14,14,865,865,70.6178,-36.4685,224.0776,2.1358,4.5059,0.0,0.0,0.0,0.0,-0.0,-0.0,-0.0,-0.0,trailer,30,69.8902,-33.8002,-5.6128,-4.6536,7.2796,-0.4075,216.4585,7.291057317015139,26.2478063412545,0.7276000000000096,-2.668300000000002,5.6128,4.6536,7.291057317015139,2.7657235310131822,0,14_13_30_886_ego_30,0,886,860,886,vehicle_vehicle,0.7691258835868089,0.011703096085631097,2.0214249983259314,2.0232114125814995,15.0,3.0,3.5,0.8,7.263234412436376,26.147643884770954
14,27,865,291,84.3163,-27.2058,163.5966,2.0752,4.7129,-5.845,1.4122,-0.9593,-1.6811,6.0059,-0.2959,0.4455,-1.8836,car,30,69.8902,-33.8002,-5.6128,-4.6536,7.2796,-0.4075,216.4585,7.291057317015139,26.2478063412545,14.426100000000005,6.594399999999997,-0.23219999999999974,6.065799999999999,6.070242703549834,15.861855899295017,0,14_13_30_886_ego_30,0,886,860,886,vehicle_vehicle,0.7691258835868089,0.011703096085631097,2.0214249983259314,2.0232114125814995,15.0,3.0,3.5,0.8,7.263234412436376,26.147643884770954
14,30,865,152,69.8902,-33.8002,216.4585,1.9425,3.9964,-5.6128,-4.6536,1.737,-2.2494,7.2796,-0.4075,-0.0604,-2.8414,car,30,69.8902,-33.8002,-5.6128,-4.6536,7.2796,-0.4075,216.4585,7.291057317015139,26.2478063412545,0.0,0.0,0.0,0.0,0.0,0.0,1,14_13_30_886_ego_30,1,886,860,886,vehicle_vehicle,0.7691258835868089,0.011703096085631097,2.0214249983259314,2.0232114125814995,15.0,3.0,3.5,0.8,7.263234412436376,26.147643884770954
14,31,865,143,72.4438,-26.8693,205.2568,2.0133,4.3115,-5.5215,-2.8332,-0.2817,-1.1614,6.2025,-0.2065,0.7503,-0.9302,car,30,69.8902,-33.8002,-5.6128,-4.6536,7.2796,-0.4075,216.4585,7.291057317015139,26.2478063412545,2.553600000000003,6.930899999999998,0.09130000000000038,1.8203999999999998,1.82268808357327,7.38635551337735,0,14_13_30_886_ego_30,0,886,860,886,vehicle_vehicle,0.7691258835868089,0.011703096085631097,2.0214249983259314,2.0232114125814995,15.0,3.0,3.5,0.8,7.263234412436376,26.147643884770954
14,13,866,866,67.7018,-39.5462,242.9668,1.2661,2.6528,-0.0,-0.0,0.0,0.0,0.0,0.0,-0.0,-0.0,truck,30,69.6659,-33.9877,-5.5452,-4.748,7.2884,-0.4143,217.3181,7.300188150999946,26.280677343599805,-1.9640999999999877,-5.558500000000002,5.5452,4.748,7.300188150999946,5.8953041533071024,0,14_13_30_886_ego_30,1,886,860,886,vehicle_vehicle,0.7691258835868089,0.011703096085631097,2.0214249983259314,2.0232114125814995,15.0,3.0,3.5,0.8,7.263234412436376,26.147643884770954
14,14,866,866,70.6178,-36.4685,224.0776,2.1358,4.5059,0.0,0.0,0.0,0.0,-0.0,-0.0,-0.0,0.0,trailer,30,69.6659,-33.9877,-5.5452,-4.748,7.2884,-0.4143,217.3181,7.300188150999946,26.280677343599805,0.9519000000000091,-2.480800000000002,5.5452,4.748,7.300188150999946,2.657156798158518,0,14_13_30_886_ego_30,0,886,860,886,vehicle_vehicle,0.7691258835868089,0.011703096085631097,2.0214249983259314,2.0232114125814995,15.0,3.0,3.5,0.8,7.263234412436376,26.147643884770954
14,27,866,292,84.0813,-27.1508,164.1782,2.0752,4.7129,-5.886,1.3443,-0.9447,-1.7173,6.0295,-0.3114,0.4406,-1.9098,car,30,69.6659,-33.9877,-5.5452,-4.748,7.2884,-0.4143,217.3181,7.300188150999946,26.280677343599805,14.415400000000005,6.836899999999996,-0.34079999999999977,6.0923,6.101824639400906,15.95452784541116,0,14_13_30_886_ego_30,0,886,860,886,vehicle_vehicle,0.7691258835868089,0.011703096085631097,2.0214249983259314,2.0232114125814995,15.0,3.0,3.5,0.8,7.263234412436376,26.147643884770954
14,30,866,153,69.6659,-33.9877,217.3181,1.9425,3.9964,-5.5452,-4.748,1.8171,-2.2482,7.2884,-0.4143,-0.0822,-2.8895,car,30,69.6659,-33.9877,-5.5452,-4.748,7.2884,-0.4143,217.3181,7.300188150999946,26.280677343599805,0.0,0.0,0.0,0.0,0.0,0.0,1,14_13_30_886_ego_30,1,886,860,886,vehicle_vehicle,0.7691258835868089,0.011703096085631097,2.0214249983259314,2.0232114125814995,15.0,3.0,3.5,0.8,7.263234412436376,26.147643884770954
14,31,866,144,72.2221,-26.9827,205.493,2.0133,4.3115,-5.5331,-2.8799,-0.2471,-1.1857,6.2339,-0.2181,0.7333,-0.9639,car,30,69.6659,-33.9877,-5.5452,-4.748,7.2884,-0.4143,217.3181,7.300188150999946,26.280677343599805,2.556200000000004,7.0049999999999955,0.012100000000000222,1.8681,1.8681391864633643,7.456821269146791,0,14_13_30_886_ego_30,0,886,860,886,vehicle_vehicle,0.7691258835868089,0.011703096085631097,2.0214249983259314,2.0232114125814995,15.0,3.0,3.5,0.8,7.263234412436376,26.147643884770954
14,13,867,867,67.7018,-39.5462,242.9668,1.2661,2.6528,-0.0,-0.0,0.0,0.0,0.0,0.0,-0.0,-0.0,truck,30,69.4441,-34.1788,-5.4738,-4.8426,7.2963,-0.421,218.1965,7.308437671623122,26.31037561784324,-1.7423000000000002,-5.367399999999996,5.4738,4.8426,7.308437671623122,5.643101279438458,0,14_13_30_886_ego_30,1,886,860,886,vehicle_vehicle,0.7691258835868089,0.011703096085631097,2.0214249983259314,2.0232114125814995,15.0,3.0,3.5,0.8,7.263234412436376,26.147643884770954
14,14,867,867,70.6178,-36.4685,224.0776,2.1358,4.5059,0.0,0.0,0.0,0.0,-0.0,-0.0,-0.0,0.0,trailer,30,69.4441,-34.1788,-5.4738,-4.8426,7.2963,-0.421,218.1965,7.308437671623122,26.31037561784324,1.1736999999999966,-2.2896999999999963,5.4738,4.8426,7.308437671623122,2.5729939331448053,0,14_13_30_886_ego_30,0,886,860,886,vehicle_vehicle,0.7691258835868089,0.011703096085631097,2.0214249983259314,2.0232114125814995,15.0,3.0,3.5,0.8,7.263234412436376,26.147643884770954
14,27,867,293,83.8446,-27.0987,164.7952,2.0752,4.7129,-5.9261,1.2752,-0.9275,-1.753,6.0531,-0.3237,0.4353,-1.9349,car,30,69.4441,-34.1788,-5.4738,-4.8426,7.2963,-0.421,218.1965,7.308437671623122,26.31037561784324,14.400499999999994,7.080100000000002,-0.45230000000000015,6.1178,6.1344968929815265,16.046875591840294,0,14_13_30_886_ego_30,0,886,860,886,vehicle_vehicle,0.7691258835868089,0.011703096085631097,2.0214249983259314,2.0232114125814995,15.0,3.0,3.5,0.8,7.263234412436376,26.147643884770954
14,30,867,154,69.4441,-34.1788,218.1965,1.9425,3.9964,-5.4738,-4.8426,1.8987,-2.2424,7.2963,-0.421,-0.1056,-2.9364,car,30,69.4441,-34.1788,-5.4738,-4.8426,7.2963,-0.421,218.1965,7.308437671623122,26.31037561784324,0.0,0.0,0.0,0.0,0.0,0.0,1,14_13_30_886_ego_30,1,886,860,886,vehicle_vehicle,0.7691258835868089,0.011703096085631097,2.0214249983259314,2.0232114125814995,15.0,3.0,3.5,0.8,7.263234412436376,26.147643884770954
14,31,867,145,72.0,-27.0977,205.7542,2.0133,4.3115,-5.543,-2.928,-0.2123,-1.2094,6.2647,-0.2287,0.7167,-0.9971,car,30,69.4441,-34.1788,-5.4738,-4.8426,7.2963,-0.421,218.1965,7.308437671623122,26.31037561784324,2.555899999999994,7.081100000000003,-0.06920000000000037,1.9146,1.9158501507163863,7.528253583667331,0,14_13_30_886_ego_30,0,886,860,886,vehicle_vehicle,0.7691258835868089,0.011703096085631097,2.0214249983259314,2.0232114125814995,15.0,3.0,3.5,0.8,7.263234412436376,26.147643884770954
14,13,868,868,67.7018,-39.5462,242.9668,1.2661,2.6528,-0.0,-0.0,0.0,0.0,0.0,0.0,-0.0,-0.0,truck,30,69.2253,-34.3743,-5.3986,-4.937,7.303,-0.4296,219.0762,7.3156579307674034,26.336368550762653,-1.5234999999999985,-5.171900000000001,5.3986,4.937,7.3156579307674034,5.391623304720018,0,14_13_30_886_ego_30,1,886,860,886,vehicle_vehicle,0.7691258835868089,0.011703096085631097,2.0214249983259314,2.0232114125814995,15.0,3.0,3.5,0.8,7.263234412436376,26.147643884770954
14,14,868,868,70.6178,-36.4685,224.0776,2.1358,4.5059,0.0,0.0,-0.0,0.0,-0.0,-0.0,-0.0,0.0,trailer,30,69.2253,-34.3743,-5.3986,-4.937,7.303,-0.4296,219.0762,7.3156579307674034,26.336368550762653,1.3924999999999983,-2.0942000000000007,5.3986,4.937,7.3156579307674034,2.514901566662202,0,14_13_30_886_ego_30,0,886,860,886,vehicle_vehicle,0.7691258835868089,0.011703096085631097,2.0214249983259314,2.0232114125814995,15.0,3.0,3.5,0.8,7.263234412436376,26.147643884770954
14,27,868,294,83.6062,-27.0494,165.4357,2.0752,4.7129,-5.9653,1.2047,-0.9082,-1.7883,6.0766,-0.3341,0.4293,-1.9592,car,30,69.2253,-34.3743,-5.3986,-4.937,7.303,-0.4296,219.0762,7.3156579307674034,26.336368550762653,14.380899999999997,7.3248999999999995,-0.5667,6.1417,6.167789537589623,16.13891089324183,0,14_13_30_886_ego_30,0,886,860,886,vehicle_vehicle,0.7691258835868089,0.011703096085631097,2.0214249983259314,2.0232114125814995,15.0,3.0,3.5,0.8,7.263234412436376,26.147643884770954
14,30,868,155,69.2253,-34.3743,219.0762,1.9425,3.9964,-5.3986,-4.937,1.9814,-2.2318,7.303,-0.4296,-0.1313,-2.9816,car,30,69.2253,-34.3743,-5.3986,-4.937,7.303,-0.4296,219.0762,7.3156579307674034,26.336368550762653,0.0,0.0,0.0,0.0,0.0,0.0,1,14_13_30_886_ego_30,1,886,860,886,vehicle_vehicle,0.7691258835868089,0.011703096085631097,2.0214249983259314,2.0232114125814995,15.0,3.0,3.5,0.8,7.263234412436376,26.147643884770954
14,31,868,146,71.778,-27.2146,206.0431,2.0133,4.3115,-5.5516,-2.9776,-0.1774,-1.2323,6.2952,-0.2378,0.7004,-1.0293,car,30,69.2253,-34.3743,-5.3986,-4.937,7.303,-0.4296,219.0762,7.3156579307674034,26.336368550762653,2.5527000000000015,7.159699999999997,-0.15299999999999958,1.9594000000000005,1.965364434398873,7.601156581731491,0,14_13_30_886_ego_30,0,886,860,886,vehicle_vehicle,0.7691258835868089,0.011703096085631097,2.0214249983259314,2.0232114125814995,15.0,3.0,3.5,0.8,7.263234412436376,26.147643884770954
14,13,869,869,67.7018,-39.5462,242.9668,1.2661,2.6528,-0.0,-0.0,0.0,0.0,0.0,0.0,-0.0,-0.0,truck,30,69.0096,-34.5743,-5.3195,-5.0307,7.3083,-0.4396,219.9594,7.321545106055142,26.357562381798513,-1.3078000000000003,-4.971899999999998,5.3195,5.0307,7.321545106055142,5.141024260786947,0,14_13_30_886_ego_30,1,886,860,886,vehicle_vehicle,0.7691258835868089,0.011703096085631097,2.0214249983259314,2.0232114125814995,15.0,3.0,3.5,0.8,7.263234412436376,26.147643884770954
14,14,869,869,70.6178,-36.4685,224.0776,2.1358,4.5059,0.0,0.0,-0.0,0.0,-0.0,-0.0,0.0,0.0,trailer,30,69.0096,-34.5743,-5.3195,-5.0307,7.3083,-0.4396,219.9594,7.321545106055142,26.357562381798513,1.6081999999999965,-1.8941999999999979,5.3195,5.0307,7.321545106055142,2.4848140534052003,0,14_13_30_886_ego_30,0,886,860,886,vehicle_vehicle,0.7691258835868089,0.011703096085631097,2.0214249983259314,2.0232114125814995,15.0,3.0,3.5,0.8,7.263234412436376,26.147643884770954
14,27,869,295,83.3656,-27.0027,166.109,2.0752,4.7129,-6.0033,1.1328,-0.8869,-1.8232,6.0997,-0.3415,0.4233,-1.9828,car,30,69.0096,-34.5743,-5.3195,-5.0307,7.3083,-0.4396,219.9594,7.321545106055142,26.357562381798513,14.355999999999995,7.5716,-0.6838000000000006,6.163500000000001,6.201315561233763,16.230337721686503,0,14_13_30_886_ego_30,0,886,860,886,vehicle_vehicle,0.7691258835868089,0.011703096085631097,2.0214249983259314,2.0232114125814995,15.0,3.0,3.5,0.8,7.263234412436376,26.147643884770954
14,30,869,156,69.0096,-34.5743,219.9594,1.9425,3.9964,-5.3195,-5.0307,2.0645,-2.2168,7.3083,-0.4396,-0.1587,-3.0251,car,30,69.0096,-34.5743,-5.3195,-5.0307,7.3083,-0.4396,219.9594,7.321545106055142,26.357562381798513,0.0,0.0,0.0,0.0,0.0,0.0,1,14_13_30_886_ego_30,1,886,860,886,vehicle_vehicle,0.7691258835868089,0.011703096085631097,2.0214249983259314,2.0232114125814995,15.0,3.0,3.5,0.8,7.263234412436376,26.147643884770954
14,31,869,147,71.5558,-27.3344,206.3777,2.0133,4.3115,-5.5587,-3.0282,-0.1424,-1.2538,6.3254,-0.2432,0.6847,-1.06,car,30,69.0096,-34.5743,-5.3195,-5.0307,7.3083,-0.4396,219.9594,7.321545106055142,26.357562381798513,2.546199999999999,7.239900000000002,-0.2392000000000003,2.0025000000000004,2.0167357015732135,7.674587054037502,0,14_13_30_886_ego_30,0,886,860,886,vehicle_vehicle,0.7691258835868089,0.011703096085631097,2.0214249983259314,2.0232114125814995,15.0,3.0,3.5,0.8,7.263234412436376,26.147643884770954
14,13,870,870,67.7018,-39.5462,242.9668,1.2661,2.6528,-0.0,-0.0,0.0,0.0,0.0,0.0,-0.0,-0.0,truck,30,68.7969,-34.7777,-5.2365,-5.1236,7.3124,-0.449,220.8617,7.3261319405263245,26.37407498589477,-1.095099999999988,-4.768499999999996,5.2365,5.1236,7.3261319405263245,4.89263081174126,0,14_13_30_886_ego_30,1,886,860,886,vehicle_vehicle,0.7691258835868089,0.011703096085631097,2.0214249983259314,2.0232114125814995,15.0,3.0,3.5,0.8,7.263234412436376,26.147643884770954
14,14,870,870,70.6178,-36.4685,224.0776,2.1358,4.5059,0.0,0.0,-0.0,0.0,-0.0,-0.0,0.0,0.0,trailer,30,68.7969,-34.7777,-5.2365,-5.1236,7.3124,-0.449,220.8617,7.3261319405263245,26.37407498589477,1.8209000000000088,-1.6907999999999959,5.2365,5.1236,7.3261319405263245,2.4848503878503467,0,14_13_30_886_ego_30,0,886,860,886,vehicle_vehicle,0.7691258835868089,0.011703096085631097,2.0214249983259314,2.0232114125814995,15.0,3.0,3.5,0.8,7.263234412436376,26.147643884770954
14,27,870,296,83.1239,-26.9586,166.7961,2.0752,4.7129,-6.04,1.0595,-0.8643,-1.8577,6.1224,-0.3482,0.4171,-2.006,car,30,68.7969,-34.7777,-5.2365,-5.1236,7.3124,-0.449,220.8617,7.3261319405263245,26.37407498589477,14.327000000000012,7.819100000000002,-0.8034999999999997,6.1831,6.235089242344491,16.32180301958091,0,14_13_30_886_ego_30,0,886,860,886,vehicle_vehicle,0.7691258835868089,0.011703096085631097,2.0214249983259314,2.0232114125814995,15.0,3.0,3.5,0.8,7.263234412436376,26.147643884770954
14,30,870,157,68.7969,-34.7777,220.8617,1.9425,3.9964,-5.2365,-5.1236,2.1476,-2.1974,7.3124,-0.449,-0.1866,-3.0669,car,30,68.7969,-34.7777,-5.2365,-5.1236,7.3124,-0.449,220.8617,7.3261319405263245,26.37407498589477,0.0,0.0,0.0,0.0,0.0,0.0,1,14_13_30_886_ego_30,1,886,860,886,vehicle_vehicle,0.7691258835868089,0.011703096085631097,2.0214249983259314,2.0232114125814995,15.0,3.0,3.5,0.8,7.263234412436376,26.147643884770954
14,31,870,148,71.3335,-27.4566,206.7338,2.0133,4.3115,-5.5645,-3.0796,-0.1074,-1.2741,6.3551,-0.2472,0.6691,-1.0896,car,30,68.7969,-34.7777,-5.2365,-5.1236,7.3124,-0.449,220.8617,7.3261319405263245,26.37407498589477,2.536600000000007,7.321100000000001,-0.3279999999999994,2.0439999999999996,2.070149753037204,7.7480865231358935,0,14_13_30_886_ego_30,0,886,860,886,vehicle_vehicle,0.7691258835868089,0.011703096085631097,2.0214249983259314,2.0232114125814995,15.0,3.0,3.5,0.8,7.263234412436376,26.147643884770954
14,13,871,871,67.7018,-39.5462,242.9668,1.2661,2.6528,-0.0,0.0,0.0,0.0,0.0,0.0,-0.0,-0.0,truck,30,68.587,-34.9849,-5.1493,-5.2155,7.3148,-0.4586,221.7784,7.3291698534008605,26.385011472243097,-0.8851999999999975,-4.561299999999996,5.1493,5.2155,7.3291698534008605,4.646400405690405,0,14_13_30_886_ego_30,1,886,860,886,vehicle_vehicle,0.7691258835868089,0.011703096085631097,2.0214249983259314,2.0232114125814995,15.0,3.0,3.5,0.8,7.263234412436376,26.147643884770954
14,14,871,871,70.6178,-36.4685,224.0776,2.1358,4.5059,0.0,0.0,-0.0,-0.0,-0.0,-0.0,0.0,0.0,trailer,30,68.587,-34.9849,-5.1493,-5.2155,7.3148,-0.4586,221.7784,7.3291698534008605,26.385011472243097,2.0307999999999993,-1.4835999999999956,5.1493,5.2155,7.3291698534008605,2.514998528826604,0,14_13_30_886_ego_30,0,886,860,886,vehicle_vehicle,0.7691258835868089,0.011703096085631097,2.0214249983259314,2.0232114125814995,15.0,3.0,3.5,0.8,7.263234412436376,26.147643884770954
14,27,871,297,82.8806,-26.9166,167.5122,2.0752,4.7129,-6.0755,0.9843,-0.8405,-1.8916,6.1446,-0.3527,0.4116,-2.0286,car,30,68.587,-34.9849,-5.1493,-5.2155,7.3148,-0.4586,221.7784,7.3291698534008605,26.385011472243097,14.293599999999998,8.068300000000004,-0.9261999999999997,6.1998,6.268601636728881,16.413545194442303,0,14_13_30_886_ego_30,0,886,860,886,vehicle_vehicle,0.7691258835868089,0.011703096085631097,2.0214249983259314,2.0232114125814995,15.0,3.0,3.5,0.8,7.263234412436376,26.147643884770954
14,30,871,158,68.587,-34.9849,221.7784,1.9425,3.9964,-5.1493,-5.2155,2.2297,-2.1738,7.3148,-0.4586,-0.2144,-3.1066,car,30,68.587,-34.9849,-5.1493,-5.2155,7.3148,-0.4586,221.7784,7.3291698534008605,26.385011472243097,0.0,0.0,0.0,0.0,0.0,0.0,1,14_13_30_886_ego_30,1,886,860,886,vehicle_vehicle,0.7691258835868089,0.011703096085631097,2.0214249983259314,2.0232114125814995,15.0,3.0,3.5,0.8,7.263234412436376,26.147643884770954
14,31,871,149,71.1105,-27.5812,207.1072,2.0133,4.3115,-5.5688,-3.1316,-0.0724,-1.2933,6.3841,-0.2502,0.6537,-1.1182,car,30,68.587,-34.9849,-5.1493,-5.2155,7.3148,-0.4586,221.7784,7.3291698534008605,26.385011472243097,2.5234999999999985,7.403700000000004,-0.4195000000000002,2.0838999999999994,2.1257044620548733,7.821945150664255,0,14_13_30_886_ego_30,0,886,860,886,vehicle_vehicle,0.7691258835868089,0.011703096085631097,2.0214249983259314,2.0232114125814995,15.0,3.0,3.5,0.8,7.263234412436376,26.147643884770954
14,13,872,872,67.7018,-39.5462,242.9668,1.2661,2.6528,-0.0,0.0,0.0,0.0,0.0,0.0,-0.0,-0.0,truck,30,68.3808,-35.1959,-5.0581,-5.3063,7.3157,-0.4698,222.6974,7.330838649158771,26.391019136971575,-0.6789999999999878,-4.350299999999997,5.0581,5.3063,7.330838649158771,4.402970711917121,0,14_13_30_886_ego_30,1,886,860,886,vehicle_vehicle,0.7691258835868089,0.011703096085631097,2.0214249983259314,2.0232114125814995,15.0,3.0,3.5,0.8,7.263234412436376,26.147643884770954
14,14,872,872,70.6178,-36.4685,224.0776,2.1358,4.5059,0.0,0.0,-0.0,-0.0,-0.0,-0.0,0.0,0.0,trailer,30,68.3808,-35.1959,-5.0581,-5.3063,7.3157,-0.4698,222.6974,7.330838649158771,26.391019136971575,2.237000000000009,-1.272599999999997,5.0581,5.3063,7.330838649158771,2.573651056378862,0,14_13_30_886_ego_30,0,886,860,886,vehicle_vehicle,0.7691258835868089,0.011703096085631097,2.0214249983259314,2.0232114125814995,15.0,3.0,3.5,0.8,7.263234412436376,26.147643884770954
14,27,872,298,82.6363,-26.8775,168.261,2.0752,4.7129,-6.1097,0.9073,-0.816,-1.9244,6.1665,-0.3548,0.4074,-2.0502,car,30,68.3808,-35.1959,-5.0581,-5.3063,7.3157,-0.4698,222.6974,7.330838649158771,26.391019136971575,14.255500000000012,8.3184,-1.0516000000000005,6.2136000000000005,6.301959022399305,16.50500102423506,0,14_13_30_886_ego_30,0,886,860,886,vehicle_vehicle,0.7691258835868089,0.011703096085631097,2.0214249983259314,2.0232114125814995,15.0,3.0,3.5,0.8,7.263234412436376,26.147643884770954
14,30,872,159,68.3808,-35.1959,222.6974,1.9425,3.9964,-5.0581,-5.3063,2.3102,-2.1464,7.3157,-0.4698,-0.2423,-3.1441,car,30,68.3808,-35.1959,-5.0581,-5.3063,7.3157,-0.4698,222.6974,7.330838649158771,26.391019136971575,0.0,0.0,0.0,0.0,0.0,0.0,1,14_13_30_886_ego_30,1,886,860,886,vehicle_vehicle,0.7691258835868089,0.011703096085631097,2.0214249983259314,2.0232114125814995,15.0,3.0,3.5,0.8,7.263234412436376,26.147643884770954
14,31,872,150,70.8878,-27.7082,207.4959,2.0133,4.3115,-5.5717,-3.1842,-0.0373,-1.3115,6.4125,-0.2521,0.6386,-1.1461,car,30,68.3808,-35.1959,-5.0581,-5.3063,7.3157,-0.4698,222.6974,7.330838649158771,26.391019136971575,2.507000000000005,7.4877,-0.5136000000000003,2.1221,2.1833674381560244,7.896245961847948,0,14_13_30_886_ego_30,0,886,860,886,vehicle_vehicle,0.7691258835868089,0.011703096085631097,2.0214249983259314,2.0232114125814995,15.0,3.0,3.5,0.8,7.263234412436376,26.147643884770954
14,13,873,873,67.7018,-39.5462,242.9668,1.2661,2.6528,-0.0,0.0,0.0,0.0,0.0,0.0,-0.0,-0.0,truck,30,68.1781,-35.4104,-4.9627,-5.3957,7.315,-0.4819,223.6242,7.3308914723926994,26.391209300613717,-0.47629999999999484,-4.135799999999996,4.9627,5.3957,7.3308914723926994,4.163136237261515,0,14_13_30_886_ego_30,1,886,860,886,vehicle_vehicle,0.7691258835868089,0.011703096085631097,2.0214249983259314,2.0232114125814995,15.0,3.0,3.5,0.8,7.263234412436376,26.147643884770954
14,14,873,873,70.6178,-36.4685,224.0776,2.1358,4.5059,0.0,0.0,-0.0,-0.0,-0.0,-0.0,0.0,0.0,trailer,30,68.1781,-35.4104,-4.9627,-5.3957,7.315,-0.4819,223.6242,7.3308914723926994,26.391209300613717,2.439700000000002,-1.058099999999996,4.9627,5.3957,7.3308914723926994,2.6592690161019816,0,14_13_30_886_ego_30,0,886,860,886,vehicle_vehicle,0.7691258835868089,0.011703096085631097,2.0214249983259314,2.0232114125814995,15.0,3.0,3.5,0.8,7.263234412436376,26.147643884770954
14,27,873,299,82.3905,-26.8418,169.0316,2.0752,4.7129,-6.1427,0.8285,-0.791,-1.9556,6.1881,-0.3553,0.4045,-2.0704,car,30,68.1781,-35.4104,-4.9627,-5.3957,7.315,-0.4819,223.6242,7.3308914723926994,26.391209300613717,14.212400000000002,8.568600000000004,-1.1799999999999997,6.2242,6.33506634850812,16.59557831833528,0,14_13_30_886_ego_30,0,886,860,886,vehicle_vehicle,0.7691258835868089,0.011703096085631097,2.0214249983259314,2.0232114125814995,15.0,3.0,3.5,0.8,7.263234412436376,26.147643884770954
14,30,873,160,68.1781,-35.4104,223.6242,1.9425,3.9964,-4.9627,-5.3957,2.3881,-2.1153,7.315,-0.4819,-0.2693,-3.1789,car,30,68.1781,-35.4104,-4.9627,-5.3957,7.315,-0.4819,223.6242,7.3308914723926994,26.391209300613717,0.0,0.0,0.0,0.0,0.0,0.0,1,14_13_30_886_ego_30,1,886,860,886,vehicle_vehicle,0.7691258835868089,0.011703096085631097,2.0214249983259314,2.0232114125814995,15.0,3.0,3.5,0.8,7.263234412436376,26.147643884770954
14,31,873,151,70.6652,-27.837,207.892,2.0133,4.3115,-5.5734,-3.2373,-0.0022,-1.3289,6.4404,-0.254,0.6236,-1.1735,car,30,68.1781,-35.4104,-4.9627,-5.3957,7.315,-0.4819,223.6242,7.3308914723926994,26.391209300613717,2.487099999999998,7.573400000000003,-0.6107000000000005,2.1584,2.243132864990391,7.971326989278513,0,14_13_30_886_ego_30,0,886,860,886,vehicle_vehicle,0.7691258835868089,0.011703096085631097,2.0214249983259314,2.0232114125814995,15.0,3.0,3.5,0.8,7.263234412436376,26.147643884770954
14,13,874,874,67.7018,-39.5462,242.9668,1.2661,2.6528,-0.0,0.0,0.0,0.0,0.0,0.0,-0.0,-0.0,truck,30,67.9799,-35.6293,-4.8635,-5.4833,7.313,-0.4905,224.5902,7.329407284357993,26.385866223688776,-0.2780999999999949,-3.9168999999999983,4.8635,5.4833,7.329407284357993,3.926760142916802,0,14_13_30_886_ego_30,1,886,860,886,vehicle_vehicle,0.7691258835868089,0.011703096085631097,2.0214249983259314,2.0232114125814995,15.0,3.0,3.5,0.8,7.263234412436376,26.147643884770954
14,14,874,874,70.6178,-36.4685,224.0776,2.1358,4.5059,0.0,0.0,-0.0,-0.0,-0.0,-0.0,0.0,0.0,trailer,30,67.9799,-35.6293,-4.8635,-5.4833,7.313,-0.4905,224.5902,7.329407284357993,26.385866223688776,2.637900000000002,-0.8391999999999982,4.8635,5.4833,7.329407284357993,2.768171427133805,0,14_13_30_886_ego_30,0,886,860,886,vehicle_vehicle,0.7691258835868089,0.011703096085631097,2.0214249983259314,2.0232114125814995,15.0,3.0,3.5,0.8,7.263234412436376,26.147643884770954
14,27,874,300,82.1433,-26.8086,169.8183,2.0752,4.7129,-6.1743,0.7479,-0.7659,-1.9848,6.2093,-0.3553,0.403,-2.0889,car,30,67.9799,-35.6293,-4.8635,-5.4833,7.313,-0.4905,224.5902,7.329407284357993,26.385866223688776,14.163399999999996,8.820700000000002,-1.3107999999999995,6.231199999999999,6.3675780387836625,16.68552210900216,0,14_13_30_886_ego_30,0,886,860,886,vehicle_vehicle,0.7691258835868089,0.011703096085631097,2.0214249983259314,2.0232114125814995,15.0,3.0,3.5,0.8,7.263234412436376,26.147643884770954
14,30,874,161,67.9799,-35.6293,224.5902,1.9425,3.9964,-4.8635,-5.4833,2.4628,-2.0809,7.313,-0.4905,-0.293,-3.2109,car,30,67.9799,-35.6293,-4.8635,-5.4833,7.313,-0.4905,224.5902,7.329407284357993,26.385866223688776,0.0,0.0,0.0,0.0,0.0,0.0,1,14_13_30_886_ego_30,1,886,860,886,vehicle_vehicle,0.7691258835868089,0.011703096085631097,2.0214249983259314,2.0232114125814995,15.0,3.0,3.5,0.8,7.263234412436376,26.147643884770954
14,31,874,152,70.4423,-27.9679,208.3109,2.0133,4.3115,-5.5736,-3.291,0.0331,-1.3458,6.4677,-0.254,0.6091,-1.2005,car,30,67.9799,-35.6293,-4.8635,-5.4833,7.313,-0.4905,224.5902,7.329407284357993,26.385866223688776,2.4624000000000024,7.6614,-0.7100999999999997,2.1923,2.3044351368610916,8.047388627374723,0,14_13_30_886_ego_30,0,886,860,886,vehicle_vehicle,0.7691258835868089,0.011703096085631097,2.0214249983259314,2.0232114125814995,15.0,3.0,3.5,0.8,7.263234412436376,26.147643884770954
14,13,875,875,67.7018,-39.5462,242.9668,1.2661,2.6528,-0.0,0.0,0.0,0.0,0.0,0.0,-0.0,-0.0,truck,30,67.786,-35.8517,-4.7609,-5.569,7.3095,-0.5003,225.558,7.326658843565736,26.375971836836648,-0.08419999999999561,-3.694499999999998,4.7609,5.569,7.326658843565736,3.695459361162017,0,14_13_30_886_ego_30,1,886,860,886,vehicle_vehicle,0.7691258835868089,0.011703096085631097,2.0214249983259314,2.0232114125814995,15.0,3.0,3.5,0.8,7.263234412436376,26.147643884770954
14,14,875,875,70.6178,-36.4685,224.0776,2.1358,4.5059,0.0,0.0,-0.0,-0.0,-0.0,-0.0,0.0,0.0,trailer,30,67.786,-35.8517,-4.7609,-5.569,7.3095,-0.5003,225.558,7.326658843565736,26.375971836836648,2.831800000000001,-0.6167999999999978,4.7609,5.569,7.326658843565736,2.898194865774212,0,14_13_30_886_ego_30,0,886,860,886,vehicle_vehicle,0.7691258835868089,0.011703096085631097,2.0214249983259314,2.0232114125814995,15.0,3.0,3.5,0.8,7.263234412436376,26.147643884770954
14,27,875,301,81.8946,-26.7793,170.617,2.0752,4.7129,-6.2045,0.6657,-0.741,-2.0113,6.23,-0.3547,0.4031,-2.1052,car,30,67.786,-35.8517,-4.7609,-5.569,7.3095,-0.5003,225.558,7.326658843565736,26.375971836836648,14.108599999999996,9.072400000000002,-1.4436,6.2347,6.399645697224183,16.773819950148503,0,14_13_30_886_ego_30,0,886,860,886,vehicle_vehicle,0.7691258835868089,0.011703096085631097,2.0214249983259314,2.0232114125814995,15.0,3.0,3.5,0.8,7.263234412436376,26.147643884770954
14,30,875,162,67.786,-35.8517,225.558,1.9425,3.9964,-4.7609,-5.569,2.5336,-2.0438,7.3095,-0.5003,-0.3148,-3.2399,car,30,67.786,-35.8517,-4.7609,-5.569,7.3095,-0.5003,225.558,7.326658843565736,26.375971836836648,0.0,0.0,0.0,0.0,0.0,0.0,1,14_13_30_886_ego_30,1,886,860,886,vehicle_vehicle,0.7691258835868089,0.011703096085631097,2.0214249983259314,2.0232114125814995,15.0,3.0,3.5,0.8,7.263234412436376,26.147643884770954
14,31,875,153,70.2193,-28.101,208.7314,2.0133,4.3115,-5.5724,-3.3452,0.0686,-1.3622,6.4944,-0.2546,0.5947,-1.2274,car,30,67.786,-35.8517,-4.7609,-5.569,7.3095,-0.5003,225.558,7.326658843565736,26.375971836836648,2.4333000000000027,7.750700000000002,-0.8114999999999997,2.2237999999999998,2.3672386212631795,8.123687548152011,0,14_13_30_886_ego_30,0,886,860,886,vehicle_vehicle,0.7691258835868089,0.011703096085631097,2.0214249983259314,2.0232114125814995,15.0,3.0,3.5,0.8,7.263234412436376,26.147643884770954
14,13,876,876,67.7018,-39.5462,242.9668,1.2661,2.6528,-0.0,0.0,0.0,0.0,0.0,0.0,-0.0,-0.0,truck,30,67.5968,-36.0777,-4.6551,-5.6525,7.305,-0.5077,226.5517,7.322616490025952,26.36141936409343,0.10500000000000398,-3.468499999999999,4.6551,5.6525,7.322616490025952,3.4700889397823786,0,14_13_30_886_ego_30,1,886,860,886,vehicle_vehicle,0.7691258835868089,0.011703096085631097,2.0214249983259314,2.0232114125814995,15.0,3.0,3.5,0.8,7.263234412436376,26.147643884770954
14,14,876,876,70.6178,-36.4685,224.0776,2.1358,4.5059,0.0,0.0,-0.0,-0.0,-0.0,-0.0,0.0,0.0,trailer,30,67.5968,-36.0777,-4.6551,-5.6525,7.305,-0.5077,226.5517,7.322616490025952,26.36141936409343,3.021000000000001,-0.3907999999999987,4.6551,5.6525,7.322616490025952,3.0461722932230875,0,14_13_30_886_ego_30,0,886,860,886,vehicle_vehicle,0.7691258835868089,0.011703096085631097,2.0214249983259314,2.0232114125814995,15.0,3.0,3.5,0.8,7.263234412436376,26.147643884770954
14,27,876,302,81.6448,-26.7538,171.4253,2.0752,4.7129,-6.2333,0.5823,-0.7167,-2.035,6.2504,-0.3536,0.4053,-2.1191,car,30,67.5968,-36.0777,-4.6551,-5.6525,7.305,-0.5077,226.5517,7.322616490025952,26.36141936409343,14.048000000000002,9.323900000000002,-1.5781999999999998,6.2348,6.431442006268889,16.860646939248806,0,14_13_30_886_ego_30,0,886,860,886,vehicle_vehicle,0.7691258835868089,0.011703096085631097,2.0214249983259314,2.0232114125814995,15.0,3.0,3.5,0.8,7.263234412436376,26.147643884770954
14,30,876,163,67.5968,-36.0777,226.5517,1.9425,3.9964,-4.6551,-5.6525,2.6,-2.0045,7.305,-0.5077,-0.3327,-3.2661,car,30,67.5968,-36.0777,-4.6551,-5.6525,7.305,-0.5077,226.5517,7.322616490025952,26.36141936409343,0.0,0.0,0.0,0.0,0.0,0.0,1,14_13_30_886_ego_30,1,886,860,886,vehicle_vehicle,0.7691258835868089,0.011703096085631097,2.0214249983259314,2.0232114125814995,15.0,3.0,3.5,0.8,7.263234412436376,26.147643884770954
14,31,876,154,69.9965,-28.2363,209.1675,2.0133,4.3115,-5.5698,-3.3999,0.1041,-1.3783,6.5206,-0.2542,0.5808,-1.2543,car,30,67.5968,-36.0777,-4.6551,-5.6525,7.305,-0.5077,226.5517,7.322616490025952,26.36141936409343,2.3996999999999957,7.8414,-0.9146999999999998,2.2525999999999997,2.4312307274300395,8.200372799452472,0,14_13_30_886_ego_30,0,886,860,886,vehicle_vehicle,0.7691258835868089,0.011703096085631097,2.0214249983259314,2.0232114125814995,15.0,3.0,3.5,0.8,7.263234412436376,26.147643884770954
14,13,877,877,67.7018,-39.5462,242.9668,1.2661,2.6528,0.0,0.0,0.0,0.0,-0.0,-0.0,-0.0,-0.0,truck,30,67.412,-36.3078,-4.5463,-5.7336,7.299,-0.5172,227.5349,7.317309112645167,26.3423128055226,0.2897999999999996,-3.2383999999999986,4.5463,5.7336,7.317309112645167,3.2513410463991606,0,14_13_30_886_ego_30,1,886,860,886,vehicle_vehicle,0.7691258835868089,0.011703096085631097,2.0214249983259314,2.0232114125814995,15.0,3.0,3.5,0.8,7.263234412436376,26.147643884770954
14,14,877,877,70.6178,-36.4685,224.0776,2.1358,4.5059,0.0,0.0,-0.0,-0.0,-0.0,-0.0,0.0,0.0,trailer,30,67.412,-36.3078,-4.5463,-5.7336,7.299,-0.5172,227.5349,7.317309112645167,26.3423128055226,3.2057999999999964,-0.1606999999999985,4.5463,5.7336,7.317309112645167,3.209825249137401,0,14_13_30_886_ego_30,0,886,860,886,vehicle_vehicle,0.7691258835868089,0.011703096085631097,2.0214249983259314,2.0232114125814995,15.0,3.0,3.5,0.8,7.263234412436376,26.147643884770954
14,27,877,303,81.394,-26.7318,172.2382,2.0752,4.7129,-6.2607,0.4978,-0.6935,-2.0557,6.2706,-0.3523,0.4096,-2.1305,car,30,67.412,-36.3078,-4.5463,-5.7336,7.299,-0.5172,227.5349,7.317309112645167,26.3423128055226,13.982,9.576,-1.7144000000000004,6.2314,6.4629338013010775,16.946861066285994,0,14_13_30_886_ego_30,0,886,860,886,vehicle_vehicle,0.7691258835868089,0.011703096085631097,2.0214249983259314,2.0232114125814995,15.0,3.0,3.5,0.8,7.263234412436376,26.147643884770954
14,30,877,164,67.412,-36.3078,227.5349,1.9425,3.9964,-4.5463,-5.7336,2.6619,-1.964,7.299,-0.5172,-0.3484,-3.2896,car,30,67.412,-36.3078,-4.5463,-5.7336,7.299,-0.5172,227.5349,7.317309112645167,26.3423128055226,0.0,0.0,0.0,0.0,0.0,0.0,1,14_13_30_886_ego_30,1,886,860,886,vehicle_vehicle,0.7691258835868089,0.011703096085631097,2.0214249983259314,2.0232114125814995,15.0,3.0,3.5,0.8,7.263234412436376,26.147643884770954
14,31,877,155,69.774,-28.3736,209.619,2.0133,4.3115,-5.5659,-3.4551,0.1399,-1.3943,6.5463,-0.2528,0.5675,-1.2812,car,30,67.412,-36.3078,-4.5463,-5.7336,7.299,-0.5172,227.5349,7.317309112645167,26.3423128055226,2.3619999999999948,7.934200000000001,-1.0196000000000005,2.2785,2.4962264340399893,8.278319493713685,0,14_13_30_886_ego_30,0,886,860,886,vehicle_vehicle,0.7691258835868089,0.011703096085631097,2.0214249983259314,2.0232114125814995,15.0,3.0,3.5,0.8,7.263234412436376,26.147643884770954
14,13,878,878,67.7018,-39.5462,242.9668,1.2661,2.6528,0.0,0.0,0.0,0.0,-0.0,-0.0,-0.0,-0.0,truck,30,67.2323,-36.541,-4.4351,-5.8121,7.2917,-0.5312,228.4864,7.310992984540473,26.319574744345704,0.4695000000000107,-3.005200000000002,4.4351,5.8121,7.310992984540473,3.0416537097440965,0,14_13_30_886_ego_30,1,886,860,886,vehicle_vehicle,0.7691258835868089,0.011703096085631097,2.0214249983259314,2.0232114125814995,15.0,3.0,3.5,0.8,7.263234412436376,26.147643884770954
14,14,878,878,70.6178,-36.4685,224.0776,2.1358,4.5059,0.0,0.0,-0.0,-0.0,-0.0,0.0,0.0,0.0,trailer,30,67.2323,-36.541,-4.4351,-5.8121,7.2917,-0.5312,228.4864,7.310992984540473,26.319574744345704,3.3855000000000075,0.07249999999999801,4.4351,5.8121,7.310992984540473,3.386276199603342,0,14_13_30_886_ego_30,0,886,860,886,vehicle_vehicle,0.7691258835868089,0.011703096085631097,2.0214249983259314,2.0232114125814995,15.0,3.0,3.5,0.8,7.263234412436376,26.147643884770954
14,27,878,304,81.1423,-26.7136,173.0705,2.0752,4.7129,-6.2869,0.4125,-0.6717,-2.0732,6.2908,-0.349,0.4167,-2.1391,car,30,67.2323,-36.541,-4.4351,-5.8121,7.2917,-0.5312,228.4864,7.310992984540473,26.319574744345704,13.91000000000001,9.827399999999997,-1.8518,6.2246,6.494213455069058,17.031320875375467,0,14_13_30_886_ego_30,0,886,860,886,vehicle_vehicle,0.7691258835868089,0.011703096085631097,2.0214249983259314,2.0232114125814995,15.0,3.0,3.5,0.8,7.263234412436376,26.147643884770954
14,30,878,165,67.2323,-36.541,228.4864,1.9425,3.9964,-4.4351,-5.8121,2.719,-1.923,7.2917,-0.5312,-0.3622,-3.3106,car,30,67.2323,-36.541,-4.4351,-5.8121,7.2917,-0.5312,228.4864,7.310992984540473,26.319574744345704,0.0,0.0,0.0,0.0,0.0,0.0,1,14_13_30_886_ego_30,1,886,860,886,vehicle_vehicle,0.7691258835868089,0.011703096085631097,2.0214249983259314,2.0232114125814995,15.0,3.0,3.5,0.8,7.263234412436376,26.147643884770954
14,31,878,156,69.5524,-28.5131,210.0797,2.0133,4.3115,-5.5609,-3.5109,0.1761,-1.4102,6.5717,-0.251,0.5544,-1.3085,car,30,67.2323,-36.541,-4.4351,-5.8121,7.2917,-0.5312,228.4864,7.310992984540473,26.319574744345704,2.3201000000000107,8.027899999999995,-1.1258,2.3012,2.5618249510846756,8.35643718459009,0,14_13_30_886_ego_30,0,886,860,886,vehicle_vehicle,0.7691258835868089,0.011703096085631097,2.0214249983259314,2.0232114125814995,15.0,3.0,3.5,0.8,7.263234412436376,26.147643884770954
14,13,879,879,67.7018,-39.5462,242.9668,1.2661,2.6528,0.0,0.0,0.0,0.0,-0.0,-0.0,-0.0,-0.0,truck,30,67.0573,-36.7769,-4.3217,-5.8882,7.2834,-0.547,229.4279,7.303970846738094,26.29429504825714,0.6445000000000078,-2.769300000000001,4.3217,5.8882,7.303970846738094,2.8433084145058936,0,14_13_30_886_ego_30,1,886,860,886,vehicle_vehicle,0.7691258835868089,0.011703096085631097,2.0214249983259314,2.0232114125814995,15.0,3.0,3.5,0.8,7.263234412436376,26.147643884770954
14,14,879,879,70.6178,-36.4685,224.0776,2.1358,4.5059,-0.0,0.0,-0.0,-0.0,-0.0,0.0,0.0,0.0,trailer,30,67.0573,-36.7769,-4.3217,-5.8882,7.2834,-0.547,229.4279,7.303970846738094,26.29429504825714,3.5605000000000047,0.3083999999999989,4.3217,5.8882,7.303970846738094,3.5738313908185475,0,14_13_30_886_ego_30,0,886,860,886,vehicle_vehicle,0.7691258835868089,0.011703096085631097,2.0214249983259314,2.0232114125814995,15.0,3.0,3.5,0.8,7.263234412436376,26.147643884770954
14,27,879,305,80.8904,-26.6994,173.9053,2.0752,4.7129,-6.3123,0.3267,-0.6514,-2.0878,6.3113,-0.3453,0.4261,-2.1452,car,30,67.0573,-36.7769,-4.3217,-5.8882,7.2834,-0.547,229.4279,7.303970846738094,26.29429504825714,13.833100000000002,10.077499999999997,-1.9905999999999997,6.2149,6.525907628062169,17.114632974738313,0,14_13_30_886_ego_30,0,886,860,886,vehicle_vehicle,0.7691258835868089,0.011703096085631097,2.0214249983259314,2.0232114125814995,15.0,3.0,3.5,0.8,7.263234412436376,26.147643884770954
14,30,879,166,67.0573,-36.7769,229.4279,1.9425,3.9964,-4.3217,-5.8882,2.7715,-1.8824,7.2834,-0.547,-0.3727,-3.3295,car,30,67.0573,-36.7769,-4.3217,-5.8882,7.2834,-0.547,229.4279,7.303970846738094,26.29429504825714,0.0,0.0,0.0,0.0,0.0,0.0,1,14_13_30_886_ego_30,1,886,860,886,vehicle_vehicle,0.7691258835868089,0.011703096085631097,2.0214249983259314,2.0232114125814995,15.0,3.0,3.5,0.8,7.263234412436376,26.147643884770954
14,31,879,157,69.3312,-28.6551,210.5338,2.0133,4.3115,-5.5549,-3.5672,0.2132,-1.4261,6.5969,-0.2504,0.5409,-1.3366,car,30,67.0573,-36.7769,-4.3217,-5.8882,7.2834,-0.547,229.4279,7.303970846738094,26.29429504825714,2.2738999999999976,8.121799999999997,-1.2332,2.321,2.6282738137416355,8.434112665242262,0,14_13_30_886_ego_30,0,886,860,886,vehicle_vehicle,0.7691258835868089,0.011703096085631097,2.0214249983259314,2.0232114125814995,15.0,3.0,3.5,0.8,7.263234412436376,26.147643884770954
14,13,880,880,67.7018,-39.5462,242.9668,1.2661,2.6528,0.0,0.0,0.0,0.0,-0.0,-0.0,-0.0,-0.0,truck,30,66.8868,-37.0147,-4.2063,-5.9624,7.2749,-0.5647,230.3597,7.296791997172456,26.268451189820844,0.8150000000000119,-2.531500000000001,4.2063,5.9624,7.296791997172456,2.659458074495634,0,14_13_30_886_ego_30,1,886,860,886,vehicle_vehicle,0.7691258835868089,0.011703096085631097,2.0214249983259314,2.0232114125814995,15.0,3.0,3.5,0.8,7.263234412436376,26.147643884770954
14,14,880,880,70.6178,-36.4685,224.0776,2.1358,4.5059,-0.0,0.0,-0.0,-0.0,0.0,0.0,0.0,0.0,trailer,30,66.8868,-37.0147,-4.2063,-5.9624,7.2749,-0.5647,230.3597,7.296791997172456,26.268451189820844,3.7310000000000088,0.5461999999999989,4.2063,5.9624,7.296791997172456,3.770768547657104,0,14_13_30_886_ego_30,0,886,860,886,vehicle_vehicle,0.7691258835868089,0.011703096085631097,2.0214249983259314,2.0232114125814995,15.0,3.0,3.5,0.8,7.263234412436376,26.147643884770954
14,27,880,306,80.6381,-26.6889,174.7137,2.0752,4.7129,-6.3372,0.2408,-0.6324,-2.0998,6.3324,-0.3441,0.4363,-2.1491,car,30,66.8868,-37.0147,-4.2063,-5.9624,7.2749,-0.5647,230.3597,7.296791997172456,26.268451189820844,13.7513,10.325799999999997,-2.1309000000000005,6.2032,6.558995734866733,17.19652282672285,0,14_13_30_886_ego_30,0,886,860,886,vehicle_vehicle,0.7691258835868089,0.011703096085631097,2.0214249983259314,2.0232114125814995,15.0,3.0,3.5,0.8,7.263234412436376,26.147643884770954
14,30,880,167,66.8868,-37.0147,230.3597,1.9425,3.9964,-4.2063,-5.9624,2.8193,-1.8429,7.2749,-0.5647,-0.3795,-3.3467,car,30,66.8868,-37.0147,-4.2063,-5.9624,7.2749,-0.5647,230.3597,7.296791997172456,26.268451189820844,0.0,0.0,0.0,0.0,0.0,0.0,1,14_13_30_886_ego_30,1,886,860,886,vehicle_vehicle,0.7691258835868089,0.011703096085631097,2.0214249983259314,2.0232114125814995,15.0,3.0,3.5,0.8,7.263234412436376,26.147643884770954
14,31,880,158,69.1101,-28.7991,210.9803,2.0133,4.3115,-5.5478,-3.6241,0.2514,-1.4421,6.6218,-0.2514,0.5268,-1.3658,car,30,66.8868,-37.0147,-4.2063,-5.9624,7.2749,-0.5647,230.3597,7.296791997172456,26.268451189820844,2.223300000000009,8.215599999999998,-1.3415,2.3383,2.695787295021623,8.51111897754931,0,14_13_30_886_ego_30,0,886,860,886,vehicle_vehicle,0.7691258835868089,0.011703096085631097,2.0214249983259314,2.0232114125814995,15.0,3.0,3.5,0.8,7.263234412436376,26.147643884770954
14,13,881,881,67.7018,-39.5462,242.9668,1.2661,2.6528,0.0,0.0,0.0,0.0,-0.0,-0.0,-0.0,-0.0,truck,30,66.7223,-37.2557,-4.0895,-6.0346,7.2665,-0.5812,231.302,7.28974673154013,26.24308823354447,0.9795000000000016,-2.2905000000000015,4.0895,6.0346,7.28974673154013,2.491146422834276,0,14_13_30_886_ego_30,1,886,860,886,vehicle_vehicle,0.7691258835868089,0.011703096085631097,2.0214249983259314,2.0232114125814995,15.0,3.0,3.5,0.8,7.263234412436376,26.147643884770954
14,14,881,881,70.6178,-36.4685,224.0776,2.1358,4.5059,-0.0,-0.0,-0.0,-0.0,0.0,0.0,0.0,0.0,trailer,30,66.7223,-37.2557,-4.0895,-6.0346,7.2665,-0.5812,231.302,7.28974673154013,26.24308823354447,3.8954999999999984,0.7871999999999986,4.0895,6.0346,7.28974673154013,3.974242580668672,0,14_13_30_886_ego_30,0,886,860,886,vehicle_vehicle,0.7691258835868089,0.011703096085631097,2.0214249983259314,2.0232114125814995,15.0,3.0,3.5,0.8,7.263234412436376,26.147643884770954
14,27,881,307,80.3844,-26.6822,175.521,2.0752,4.7129,-6.3614,0.1548,-0.6146,-2.1095,6.3541,-0.3424,0.448,-2.1511,car,30,66.7223,-37.2557,-4.0895,-6.0346,7.2665,-0.5812,231.302,7.28974673154013,26.24308823354447,13.662099999999995,10.573499999999996,-2.2718999999999996,6.1894,6.593193609321662,17.275759857673403,0,14_13_30_886_ego_30,0,886,860,886,vehicle_vehicle,0.7691258835868089,0.011703096085631097,2.0214249983259314,2.0232114125814995,15.0,3.0,3.5,0.8,7.263234412436376,26.147643884770954
14,30,881,168,66.7223,-37.2557,231.302,1.9425,3.9964,-4.0895,-6.0346,2.8629,-1.8046,7.2665,-0.5812,-0.3815,-3.3626,car,30,66.7223,-37.2557,-4.0895,-6.0346,7.2665,-0.5812,231.302,7.28974673154013,26.24308823354447,0.0,0.0,0.0,0.0,0.0,0.0,1,14_13_30_886_ego_30,1,886,860,886,vehicle_vehicle,0.7691258835868089,0.011703096085631097,2.0214249983259314,2.0232114125814995,15.0,3.0,3.5,0.8,7.263234412436376,26.147643884770954
14,31,881,159,68.8894,-28.9455,211.4271,2.0133,4.3115,-5.5396,-3.6815,0.2913,-1.4585,6.6465,-0.253,0.5119,-1.3964,car,30,66.7223,-37.2557,-4.0895,-6.0346,7.2665,-0.5812,231.302,7.28974673154013,26.24308823354447,2.1670999999999907,8.310199999999998,-1.4501,2.3531,2.7640314072021686,8.588116583395916,0,14_13_30_886_ego_30,0,886,860,886,vehicle_vehicle,0.7691258835868089,0.011703096085631097,2.0214249983259314,2.0232114125814995,15.0,3.0,3.5,0.8,7.263234412436376,26.147643884770954
14,13,882,882,67.7018,-39.5462,242.9668,1.2661,2.6528,0.0,0.0,0.0,0.0,-0.0,-0.0,-0.0,-0.0,truck,30,66.5619,-37.4994,-3.9714,-6.1048,7.2588,-0.5927,232.2866,7.282897843578475,26.21843223688251,1.1399000000000115,-2.0467999999999975,3.9714,6.1048,7.282897843578475,2.342810758469411,0,14_13_30_886_ego_30,1,886,860,886,vehicle_vehicle,0.7691258835868089,0.011703096085631097,2.0214249983259314,2.0232114125814995,15.0,3.0,3.5,0.8,7.263234412436376,26.147643884770954
14,14,882,882,70.6178,-36.4685,224.0776,2.1358,4.5059,-0.0,-0.0,-0.0,-0.0,0.0,0.0,0.0,0.0,trailer,30,66.5619,-37.4994,-3.9714,-6.1048,7.2588,-0.5927,232.2866,7.282897843578475,26.21843223688251,4.055900000000008,1.0309000000000026,3.9714,6.1048,7.282897843578475,4.184863154273993,0,14_13_30_886_ego_30,0,886,860,886,vehicle_vehicle,0.7691258835868089,0.011703096085631097,2.0214249983259314,2.0232114125814995,15.0,3.0,3.5,0.8,7.263234412436376,26.147643884770954
14,27,882,308,80.1299,-26.6785,176.32,2.0752,4.7129,-6.3851,0.0688,-0.5977,-2.1175,6.3763,-0.3412,0.4606,-2.1515,car,30,66.5619,-37.4994,-3.9714,-6.1048,7.2588,-0.5927,232.2866,7.282897843578475,26.21843223688251,13.568000000000012,10.820900000000002,-2.4137000000000004,6.1736,6.628671409113594,17.354610361803008,0,14_13_30_886_ego_30,0,886,860,886,vehicle_vehicle,0.7691258835868089,0.011703096085631097,2.0214249983259314,2.0232114125814995,15.0,3.0,3.5,0.8,7.263234412436376,26.147643884770954
14,30,882,169,66.5619,-37.4994,232.2866,1.9425,3.9964,-3.9714,-6.1048,2.9026,-1.7681,7.2588,-0.5927,-0.3769,-3.3778,car,30,66.5619,-37.4994,-3.9714,-6.1048,7.2588,-0.5927,232.2866,7.282897843578475,26.21843223688251,0.0,0.0,0.0,0.0,0.0,0.0,1,14_13_30_886_ego_30,1,886,860,886,vehicle_vehicle,0.7691258835868089,0.011703096085631097,2.0214249983259314,2.0232114125814995,15.0,3.0,3.5,0.8,7.263234412436376,26.147643884770954
14,31,882,160,68.6679,-29.0935,211.8645,2.0133,4.3115,-5.5297,-3.7397,0.333,-1.475,6.6706,-0.257,0.4959,-1.4285,car,30,66.5619,-37.4994,-3.9714,-6.1048,7.2588,-0.5927,232.2866,7.282897843578475,26.21843223688251,2.1060000000000088,8.405900000000003,-1.5583,2.3651,2.8323129947094476,8.66570198022065,0,14_13_30_886_ego_30,0,886,860,886,vehicle_vehicle,0.7691258835868089,0.011703096085631097,2.0214249983259314,2.0232114125814995,15.0,3.0,3.5,0.8,7.263234412436376,26.147643884770954
14,13,883,883,67.7018,-39.5462,242.9668,1.2661,2.6528,0.0,0.0,0.0,0.0,-0.0,-0.0,-0.0,-0.0,truck,30,66.4073,-37.7458,-3.8524,-6.1733,7.2522,-0.5972,233.3269,7.2767175738790355,26.196183265964528,1.2944999999999993,-1.8003999999999962,3.8524,6.1733,7.2767175738790355,2.217469370701653,0,14_13_30_886_ego_30,1,886,860,886,vehicle_vehicle,0.7691258835868089,0.011703096085631097,2.0214249983259314,2.0232114125814995,15.0,3.0,3.5,0.8,7.263234412436376,26.147643884770954
14,14,883,883,70.6178,-36.4685,224.0776,2.1358,4.5059,-0.0,-0.0,-0.0,-0.0,0.0,0.0,0.0,0.0,trailer,30,66.4073,-37.7458,-3.8524,-6.1733,7.2522,-0.5972,233.3269,7.2767175738790355,26.196183265964528,4.210499999999996,1.2773000000000039,3.8524,6.1733,7.2767175738790355,4.399977902217235,0,14_13_30_886_ego_30,0,886,860,886,vehicle_vehicle,0.7691258835868089,0.011703096085631097,2.0214249983259314,2.0232114125814995,15.0,3.0,3.5,0.8,7.263234412436376,26.147643884770954
14,27,883,309,79.874,-26.6786,177.1209,2.0752,4.7129,-6.4081,-0.0171,-0.5818,-2.124,6.3991,-0.339,0.4744,-2.1505,car,30,66.4073,-37.7458,-3.8524,-6.1733,7.2522,-0.5972,233.3269,7.2767175738790355,26.196183265964528,13.466699999999989,11.067200000000003,-2.5557000000000003,6.1562,6.665613319867873,17.430861273327828,0,14_13_30_886_ego_30,0,886,860,886,vehicle_vehicle,0.7691258835868089,0.011703096085631097,2.0214249983259314,2.0232114125814995,15.0,3.0,3.5,0.8,7.263234412436376,26.147643884770954
14,30,883,170,66.4073,-37.7458,233.3269,1.9425,3.9964,-3.8524,-6.1733,2.9392,-1.7336,7.2522,-0.5972,-0.365,-3.3927,car,30,66.4073,-37.7458,-3.8524,-6.1733,7.2522,-0.5972,233.3269,7.2767175738790355,26.196183265964528,0.0,0.0,0.0,0.0,0.0,0.0,1,14_13_30_886_ego_30,1,886,860,886,vehicle_vehicle,0.7691258835868089,0.011703096085631097,2.0214249983259314,2.0232114125814995,15.0,3.0,3.5,0.8,7.263234412436376,26.147643884770954
14,31,883,161,68.4467,-29.2437,212.3007,2.0133,4.3115,-5.518,-3.7988,0.3763,-1.4915,6.694,-0.2623,0.4789,-1.4618,car,30,66.4073,-37.7458,-3.8524,-6.1733,7.2522,-0.5972,233.3269,7.2767175738790355,26.196183265964528,2.0394000000000005,8.502100000000002,-1.6656,2.3745000000000003,2.9004264531271953,8.743274945350858,0,14_13_30_886_ego_30,0,886,860,886,vehicle_vehicle,0.7691258835868089,0.011703096085631097,2.0214249983259314,2.0232114125814995,15.0,3.0,3.5,0.8,7.263234412436376,26.147643884770954
14,13,884,884,67.7018,-39.5462,242.9668,1.2661,2.6528,0.0,0.0,-0.0,0.0,-0.0,-0.0,0.0,0.0,truck,30,66.2569,-37.9943,-3.7325,-6.2404,7.2471,-0.5951,234.4211,7.271461229354111,26.177260425674802,1.444900000000004,-1.5518999999999963,3.7325,6.2404,7.271461229354111,2.1204078900060717,0,14_13_30_886_ego_30,1,886,860,886,vehicle_vehicle,0.7691258835868089,0.011703096085631097,2.0214249983259314,2.0232114125814995,15.0,3.0,3.5,0.8,7.263234412436376,26.147643884770954
14,14,884,884,70.6178,-36.4685,224.0776,2.1358,4.5059,-0.0,-0.0,-0.0,-0.0,0.0,0.0,0.0,0.0,trailer,30,66.2569,-37.9943,-3.7325,-6.2404,7.2471,-0.5951,234.4211,7.271461229354111,26.177260425674802,4.360900000000001,1.5258000000000038,3.7325,6.2404,7.271461229354111,4.6201206098975405,0,14_13_30_886_ego_30,0,886,860,886,vehicle_vehicle,0.7691258835868089,0.011703096085631097,2.0214249983259314,2.0232114125814995,15.0,3.0,3.5,0.8,7.263234412436376,26.147643884770954
14,27,884,310,79.618,-26.6822,177.9204,2.0752,4.7129,-6.4308,-0.1028,-0.5666,-2.1295,6.4228,-0.3361,0.489,-2.1487,car,30,66.2569,-37.9943,-3.7325,-6.2404,7.2471,-0.5951,234.4211,7.271461229354111,26.177260425674802,13.361099999999993,11.312100000000001,-2.6982999999999997,6.1376,6.7045474604927655,17.50664444203971,0,14_13_30_886_ego_30,0,886,860,886,vehicle_vehicle,0.7691258835868089,0.011703096085631097,2.0214249983259314,2.0232114125814995,15.0,3.0,3.5,0.8,7.263234412436376,26.147643884770954
14,30,884,171,66.2569,-37.9943,234.4211,1.9425,3.9964,-3.7325,-6.2404,2.9731,-1.7013,7.2471,-0.5951,-0.3461,-3.4079,car,30,66.2569,-37.9943,-3.7325,-6.2404,7.2471,-0.5951,234.4211,7.271461229354111,26.177260425674802,0.0,0.0,0.0,0.0,0.0,0.0,1,14_13_30_886_ego_30,1,886,860,886,vehicle_vehicle,0.7691258835868089,0.011703096085631097,2.0214249983259314,2.0232114125814995,15.0,3.0,3.5,0.8,7.263234412436376,26.147643884770954
14,31,884,162,68.2259,-29.396,212.7273,2.0133,4.3115,-5.5044,-3.8589,0.4212,-1.5078,6.7169,-0.2704,0.4608,-1.4961,car,30,66.2569,-37.9943,-3.7325,-6.2404,7.2471,-0.5951,234.4211,7.271461229354111,26.177260425674802,1.968999999999994,8.598300000000002,-1.7719000000000005,2.3815,2.9683618141998798,8.820868658471229,0,14_13_30_886_ego_30,0,886,860,886,vehicle_vehicle,0.7691258835868089,0.011703096085631097,2.0214249983259314,2.0232114125814995,15.0,3.0,3.5,0.8,7.263234412436376,26.147643884770954
14,13,885,885,67.7018,-39.5462,242.9668,1.2661,2.6528,0.0,0.0,-0.0,0.0,-0.0,-0.0,0.0,0.0,truck,30,66.1116,-38.2464,-3.6119,-6.3057,7.2424,-0.5959,235.4921,7.266888887274939,26.16079999418978,1.59020000000001,-1.2997999999999976,3.6119,6.3057,7.266888887274939,2.0538296131860663,0,14_13_30_886_ego_30,1,886,860,886,vehicle_vehicle,0.7691258835868089,0.011703096085631097,2.0214249983259314,2.0232114125814995,15.0,3.0,3.5,0.8,7.263234412436376,26.147643884770954
14,14,885,885,70.6178,-36.4685,224.0776,2.1358,4.5059,-0.0,-0.0,-0.0,-0.0,0.0,0.0,0.0,0.0,trailer,30,66.1116,-38.2464,-3.6119,-6.3057,7.2424,-0.5959,235.4921,7.266888887274939,26.16079999418978,4.506200000000007,1.7779000000000025,3.6119,6.3057,7.266888887274939,4.844250907003071,0,14_13_30_886_ego_30,0,886,860,886,vehicle_vehicle,0.7691258835868089,0.011703096085631097,2.0214249983259314,2.0232114125814995,15.0,3.0,3.5,0.8,7.263234412436376,26.147643884770954
14,27,885,311,79.3608,-26.6885,178.706,2.0752,4.7129,-6.453,-0.1885,-0.5519,-2.1345,6.4471,-0.3342,0.5036,-2.1464,car,30,66.1116,-38.2464,-3.6119,-6.3057,7.2424,-0.5959,235.4921,7.266888887274939,26.16079999418978,13.249200000000002,11.5579,-2.8411000000000004,6.1171999999999995,6.744774647829236,17.58198945085567,0,14_13_30_886_ego_30,0,886,860,886,vehicle_vehicle,0.7691258835868089,0.011703096085631097,2.0214249983259314,2.0232114125814995,15.0,3.0,3.5,0.8,7.263234412436376,26.147643884770954
14,30,885,172,66.1116,-38.2464,235.4921,1.9425,3.9964,-3.6119,-6.3057,3.005,-1.6716,7.2424,-0.5959,-0.3249,-3.4233,car,30,66.1116,-38.2464,-3.6119,-6.3057,7.2424,-0.5959,235.4921,7.266888887274939,26.16079999418978,0.0,0.0,0.0,0.0,0.0,0.0,1,14_13_30_886_ego_30,1,886,860,886,vehicle_vehicle,0.7691258835868089,0.011703096085631097,2.0214249983259314,2.0232114125814995,15.0,3.0,3.5,0.8,7.263234412436376,26.147643884770954
14,31,885,163,68.0056,-29.5511,213.1592,2.0133,4.3115,-5.4889,-3.9198,0.4675,-1.5235,6.739,-0.2793,0.4419,-1.5311,car,30,66.1116,-38.2464,-3.6119,-6.3057,7.2424,-0.5959,235.4921,7.266888887274939,26.16079999418978,1.8940000000000055,8.6953,-1.8770000000000002,2.3859,3.0357285468236452,8.899184124963368,0,14_13_30_886_ego_30,0,886,860,886,vehicle_vehicle,0.7691258835868089,0.011703096085631097,2.0214249983259314,2.0232114125814995,15.0,3.0,3.5,0.8,7.263234412436376,26.147643884770954
14,13,886,886,67.7018,-39.5462,242.9668,1.2661,2.6528,0.0,0.0,-0.0,0.0,-0.0,-0.0,0.0,0.0,truck,30,65.9699,-38.5003,-3.4902,-6.3697,7.2388,-0.5957,236.5752,7.263234412436376,26.147643884770954,1.7319000000000102,-1.045899999999996,3.4902,6.3697,7.263234412436376,2.0232114125814995,0,14_13_30_886_ego_30,1,886,860,886,vehicle_vehicle,0.7691258835868089,0.011703096085631097,2.0214249983259314,2.0232114125814995,15.0,3.0,3.5,0.8,7.263234412436376,26.147643884770954
14,14,886,886,70.6178,-36.4685,224.0776,2.1358,4.5059,-0.0,-0.0,-0.0,0.0,0.0,0.0,-0.0,0.0,trailer,30,65.9699,-38.5003,-3.4902,-6.3697,7.2388,-0.5957,236.5752,7.263234412436376,26.147643884770954,4.647900000000007,2.031800000000004,3.4902,6.3697,7.263234412436376,5.0725916108040945,0,14_13_30_886_ego_30,0,886,860,886,vehicle_vehicle,0.7691258835868089,0.011703096085631097,2.0214249983259314,2.0232114125814995,15.0,3.0,3.5,0.8,7.263234412436376,26.147643884770954
14,27,886,312,79.1025,-26.6975,179.4928,2.0752,4.7129,-6.4748,-0.2744,-0.5376,-2.1388,6.4721,-0.3317,0.5186,-2.1435,car,30,65.9699,-38.5003,-3.4902,-6.3697,7.2388,-0.5957,236.5752,7.263234412436376,26.147643884770954,13.13260000000001,11.802800000000001,-2.9846,6.0953,6.786790054952341,17.657045919405668,0,14_13_30_886_ego_30,0,886,860,886,vehicle_vehicle,0.7691258835868089,0.011703096085631097,2.0214249983259314,2.0232114125814995,15.0,3.0,3.5,0.8,7.263234412436376,26.147643884770954
14,30,886,173,65.9699,-38.5003,236.5752,1.9425,3.9964,-3.4902,-6.3697,3.0353,-1.6447,7.2388,-0.5957,-0.2993,-3.4393,car,30,65.9699,-38.5003,-3.4902,-6.3697,7.2388,-0.5957,236.5752,7.263234412436376,26.147643884770954,0.0,0.0,0.0,0.0,0.0,0.0,1,14_13_30_886_ego_30,1,886,860,886,vehicle_vehicle,0.7691258835868089,0.011703096085631097,2.0214249983259314,2.0232114125814995,15.0,3.0,3.5,0.8,7.263234412436376,26.147643884770954
14,31,886,164,67.7857,-29.7089,213.616,2.0133,4.3115,-5.4712,-3.9815,0.515,-1.5385,6.7605,-0.2867,0.4229,-1.5663,car,30,65.9699,-38.5003,-3.4902,-6.3697,7.2388,-0.5957,236.5752,7.263234412436376,26.147643884770954,1.81580000000001,8.791400000000003,-1.9809999999999994,2.3882,3.10287934667141,8.97696182458186,0,14_13_30_886_ego_30,0,886,860,886,vehicle_vehicle,0.7691258835868089,0.011703096085631097,2.0214249983259314,2.0232114125814995,15.0,3.0,3.5,0.8,7.263234412436376,26.147643884770954
14,13,887,887,67.7018,-39.5462,242.9668,1.2661,2.6528,0.0,0.0,-0.0,0.0,-0.0,-0.0,0.0,0.0,truck,30,65.8322,-38.7553,-3.3671,-6.4331,7.2364,-0.5966,237.6588,7.261001172014779,26.139604219253204,1.8696000000000055,-0.7909000000000006,3.3671,6.4331,7.261001172014779,2.0300066428462795,0,14_13_30_886_ego_30,1,886,860,886,vehicle_vehicle,0.7691258835868089,0.011703096085631097,2.0214249983259314,2.0232114125814995,15.0,3.0,3.5,0.8,7.263234412436376,26.147643884770954
14,14,887,887,70.6178,-36.4685,224.0776,2.1358,4.5059,-0.0,-0.0,0.0,0.0,0.0,0.0,-0.0,-0.0,trailer,30,65.8322,-38.7553,-3.3671,-6.4331,7.2364,-0.5966,237.6588,7.261001172014779,26.139604219253204,4.785600000000002,2.2867999999999995,3.3671,6.4331,7.261001172014779,5.30390625859847,0,14_13_30_886_ego_30,0,886,860,886,vehicle_vehicle,0.7691258835868089,0.011703096085631097,2.0214249983259314,2.0232114125814995,15.0,3.0,3.5,0.8,7.263234412436376,26.147643884770954
14,27,887,313,78.843,-26.71,180.2865,2.0752,4.7129,-6.496,-0.3607,-0.5235,-2.1426,6.4977,-0.3282,0.5342,-2.14,car,30,65.8322,-38.7553,-3.3671,-6.4331,7.2364,-0.5966,237.6588,7.261001172014779,26.139604219253204,13.010800000000003,12.045299999999997,-3.1289000000000002,6.0724,6.831109497731682,17.730486985133826,0,14_13_30_886_ego_30,0,886,860,886,vehicle_vehicle,0.7691258835868089,0.011703096085631097,2.0214249983259314,2.0232114125814995,15.0,3.0,3.5,0.8,7.263234412436376,26.147643884770954
14,30,887,174,65.8322,-38.7553,237.6588,1.9425,3.9964,-3.3671,-6.4331,3.0641,-1.6204,7.2364,-0.5966,-0.2701,-3.4556,car,30,65.8322,-38.7553,-3.3671,-6.4331,7.2364,-0.5966,237.6588,7.261001172014779,26.139604219253204,0.0,0.0,0.0,0.0,0.0,0.0,1,14_13_30_886_ego_30,1,886,860,886,vehicle_vehicle,0.7691258835868089,0.011703096085631097,2.0214249983259314,2.0232114125814995,15.0,3.0,3.5,0.8,7.263234412436376,26.147643884770954
14,31,887,165,67.5662,-29.8696,214.076,2.0133,4.3115,-5.4512,-4.0437,0.5633,-1.5529,6.7808,-0.2951,0.4035,-1.6019,car,30,65.8322,-38.7553,-3.3671,-6.4331,7.2364,-0.5966,237.6588,7.261001172014779,26.139604219253204,1.7339999999999947,8.8857,-2.0841,2.3893999999999993,3.170600127736072,9.053309919029614,0,14_13_30_886_ego_30,0,886,860,886,vehicle_vehicle,0.7691258835868089,0.011703096085631097,2.0214249983259314,2.0232114125814995,15.0,3.0,3.5,0.8,7.263234412436376,26.147643884770954
14,13,888,888,67.7018,-39.5462,242.9668,1.2661,2.6528,0.0,0.0,-0.0,0.0,-0.0,-0.0,0.0,0.0,truck,30,65.699,-39.0118,-3.2424,-6.4963,7.2362,-0.5947,238.7773,7.260514544438293,26.137852359977856,2.0028000000000077,-0.534399999999998,3.2424,6.4963,7.260514544438293,2.0728702805530377,0,14_13_30_886_ego_30,1,886,860,886,vehicle_vehicle,0.7691258835868089,0.011703096085631097,2.0214249983259314,2.0232114125814995,15.0,3.0,3.5,0.8,7.263234412436376,26.147643884770954
14,14,888,888,70.6178,-36.4685,224.0776,2.1358,4.5059,-0.0,-0.0,0.0,0.0,0.0,0.0,-0.0,-0.0,trailer,30,65.699,-39.0118,-3.2424,-6.4963,7.2362,-0.5947,238.7773,7.260514544438293,26.137852359977856,4.9188000000000045,2.543300000000002,3.2424,6.4963,7.260514544438293,5.537415311316288,0,14_13_30_886_ego_30,0,886,860,886,vehicle_vehicle,0.7691258835868089,0.011703096085631097,2.0214249983259314,2.0232114125814995,15.0,3.0,3.5,0.8,7.263234412436376,26.147643884770954
14,27,888,314,78.5829,-26.7259,181.0795,2.0752,4.7129,-6.5167,-0.4471,-0.5097,-2.1457,6.5239,-0.3243,0.5501,-2.1357,car,30,65.699,-39.0118,-3.2424,-6.4963,7.2362,-0.5947,238.7773,7.260514544438293,26.137852359977856,12.883899999999997,12.285900000000002,-3.2743,6.0492,6.878507187609824,17.802758719367063,0,14_13_30_886_ego_30,0,886,860,886,vehicle_vehicle,0.7691258835868089,0.011703096085631097,2.0214249983259314,2.0232114125814995,15.0,3.0,3.5,0.8,7.263234412436376,26.147643884770954
14,30,888,175,65.699,-39.0118,238.7773,1.9425,3.9964,-3.2424,-6.4963,3.0909,-1.5981,7.2362,-0.5947,-0.2356,-3.4716,car,30,65.699,-39.0118,-3.2424,-6.4963,7.2362,-0.5947,238.7773,7.260514544438293,26.137852359977856,0.0,0.0,0.0,0.0,0.0,0.0,1,14_13_30_886_ego_30,1,886,860,886,vehicle_vehicle,0.7691258835868089,0.011703096085631097,2.0214249983259314,2.0232114125814995,15.0,3.0,3.5,0.8,7.263234412436376,26.147643884770954
14,31,888,166,67.3484,-30.0326,214.5585,2.0133,4.3115,-5.4292,-4.1064,0.6121,-1.5666,6.8005,-0.3021,0.3846,-1.6374,car,30,65.699,-39.0118,-3.2424,-6.4963,7.2362,-0.5947,238.7773,7.260514544438293,26.137852359977856,1.6494,8.979200000000002,-2.1868,2.3899,3.239400600419775,9.129433334002721,0,14_13_30_886_ego_30,0,886,860,886,vehicle_vehicle,0.7691258835868089,0.011703096085631097,2.0214249983259314,2.0232114125814995,15.0,3.0,3.5,0.8,7.263234412436376,26.147643884770954
14,13,889,889,67.7018,-39.5462,242.9668,1.2661,2.6528,0.0,0.0,-0.0,0.0,-0.0,-0.0,0.0,0.0,truck,30,65.5709,-39.2707,-3.1163,-6.5596,7.239,-0.5797,240.0097,7.2622088822891895,26.143951976241084,2.130900000000011,-0.27550000000000097,3.1163,6.5596,7.2622088822891895,2.1486356275553207,0,14_13_30_886_ego_30,1,886,860,886,vehicle_vehicle,0.7691258835868089,0.011703096085631097,2.0214249983259314,2.0232114125814995,15.0,3.0,3.5,0.8,7.263234412436376,26.147643884770954
14,14,889,889,70.6178,-36.4685,224.0776,2.1358,4.5059,-0.0,-0.0,0.0,0.0,0.0,0.0,-0.0,-0.0,trailer,30,65.5709,-39.2707,-3.1163,-6.5596,7.239,-0.5797,240.0097,7.2622088822891895,26.143951976241084,5.046900000000008,2.802199999999999,3.1163,6.5596,7.2622088822891895,5.772653155179174,0,14_13_30_886_ego_30,0,886,860,886,vehicle_vehicle,0.7691258835868089,0.011703096085631097,2.0214249983259314,2.0232114125814995,15.0,3.0,3.5,0.8,7.263234412436376,26.147643884770954
14,27,889,315,78.3218,-26.7453,181.8591,2.0752,4.7129,-6.5368,-0.5338,-0.4962,-2.1479,6.5507,-0.3215,0.5657,-2.1307,car,30,65.5709,-39.2707,-3.1163,-6.5596,7.239,-0.5797,240.0097,7.2622088822891895,26.143951976241084,12.750900000000001,12.525399999999998,-3.4205000000000005,6.025799999999999,6.928931078456474,17.873754389327384,0,14_13_30_886_ego_30,0,886,860,886,vehicle_vehicle,0.7691258835868089,0.011703096085631097,2.0214249983259314,2.0232114125814995,15.0,3.0,3.5,0.8,7.263234412436376,26.147643884770954
14,30,889,176,65.5709,-39.2707,240.0097,1.9425,3.9964,-3.1163,-6.5596,3.1154,-1.5769,7.239,-0.5797,-0.1915,-3.4865,car,30,65.5709,-39.2707,-3.1163,-6.5596,7.239,-0.5797,240.0097,7.2622088822891895,26.143951976241084,0.0,0.0,0.0,0.0,0.0,0.0,1,14_13_30_886_ego_30,1,886,860,886,vehicle_vehicle,0.7691258835868089,0.011703096085631097,2.0214249983259314,2.0232114125814995,15.0,3.0,3.5,0.8,7.263234412436376,26.147643884770954
14,31,889,167,67.132,-30.1984,215.0567,2.0133,4.3115,-5.4053,-4.1696,0.6615,-1.5798,6.8196,-0.3084,0.3659,-1.6732,car,30,65.5709,-39.2707,-3.1163,-6.5596,7.239,-0.5797,240.0097,7.2622088822891895,26.143951976241084,1.5611000000000104,9.072299999999998,-2.2890000000000006,2.3899999999999997,3.309323344733784,9.205631998944995,0,14_13_30_886_ego_30,0,886,860,886,vehicle_vehicle,0.7691258835868089,0.011703096085631097,2.0214249983259314,2.0232114125814995,15.0,3.0,3.5,0.8,7.263234412436376,26.147643884770954
14,13,890,890,67.7018,-39.5462,242.9668,1.2661,2.6528,0.0,0.0,-0.0,0.0,-0.0,-0.0,0.0,0.0,truck,30,65.448,-39.5322,-2.989,-6.6229,7.2445,-0.56,241.2899,7.266149283492598,26.158137420573354,2.2538000000000125,-0.013999999999995794,2.989,6.6229,7.266149283492598,2.253843481699662,0,14_13_30_886_ego_30,1,886,860,886,vehicle_vehicle,0.7691258835868089,0.011703096085631097,2.0214249983259314,2.0232114125814995,15.0,3.0,3.5,0.8,7.263234412436376,26.147643884770954
14,14,890,890,70.6178,-36.4685,224.0776,2.1358,4.5059,-0.0,-0.0,0.0,0.0,0.0,0.0,-0.0,-0.0,trailer,30,65.448,-39.5322,-2.989,-6.6229,7.2445,-0.56,241.2899,7.266149283492598,26.158137420573354,5.169800000000009,3.0637000000000043,2.989,6.6229,7.266149283492598,6.009416754561139,0,14_13_30_886_ego_30,0,886,860,886,vehicle_vehicle,0.7691258835868089,0.011703096085631097,2.0214249983259314,2.0232114125814995,15.0,3.0,3.5,0.8,7.263234412436376,26.147643884770954
14,27,890,316,78.0602,-26.7687,182.6501,2.0752,4.7129,-6.5565,-0.6205,-0.483,-2.1493,6.5782,-0.3167,0.5818,-2.1247,car,30,65.448,-39.5322,-2.989,-6.6229,7.2445,-0.56,241.2899,7.266149283492598,26.158137420573354,12.612200000000001,12.763500000000004,-3.5675,6.0024,6.982539796521033,17.943648488810744,0,14_13_30_886_ego_30,0,886,860,886,vehicle_vehicle,0.7691258835868089,0.011703096085631097,2.0214249983259314,2.0232114125814995,15.0,3.0,3.5,0.8,7.263234412436376,26.147643884770954
14,30,890,177,65.448,-39.5322,241.2899,1.9425,3.9964,-2.989,-6.6229,3.1373,-1.5559,7.2445,-0.56,-0.1425,-3.4991,car,30,65.448,-39.5322,-2.989,-6.6229,7.2445,-0.56,241.2899,7.266149283492598,26.158137420573354,0.0,0.0,0.0,0.0,0.0,0.0,1,14_13_30_886_ego_30,1,886,860,886,vehicle_vehicle,0.7691258835868089,0.011703096085631097,2.0214249983259314,2.0232114125814995,15.0,3.0,3.5,0.8,7.263234412436376,26.147643884770954
14,31,890,168,66.9169,-30.3669,215.5722,2.0133,4.3115,-5.3797,-4.2331,0.7116,-1.5926,6.8382,-0.3136,0.3477,-1.7094,car,30,65.448,-39.5322,-2.989,-6.6229,7.2445,-0.56,241.2899,7.266149283492598,26.158137420573354,1.468900000000005,9.165300000000002,-2.3907,2.3897999999999993,3.38032402736779,9.28226218655776,0,14_13_30_886_ego_30,0,886,860,886,vehicle_vehicle,0.7691258835868089,0.011703096085631097,2.0214249983259314,2.0232114125814995,15.0,3.0,3.5,0.8,7.263234412436376,26.147643884770954
14,13,891,891,67.7018,-39.5462,242.9668,1.2661,2.6528,0.0,0.0,-0.0,-0.0,-0.0,-0.0,0.0,0.0,truck,30,65.3303,-39.7959,-2.8604,-6.6863,7.2524,-0.5391,242.5868,7.272447720678368,26.180811794442125,2.3715000000000117,0.24970000000000425,2.8604,6.6863,7.272447720678368,2.3846094732681196,0,14_13_30_886_ego_30,1,886,860,886,vehicle_vehicle,0.7691258835868089,0.011703096085631097,2.0214249983259314,2.0232114125814995,15.0,3.0,3.5,0.8,7.263234412436376,26.147643884770954
14,14,891,891,70.6178,-36.4685,224.0776,2.1358,4.5059,-0.0,-0.0,0.0,0.0,0.0,0.0,-0.0,-0.0,trailer,30,65.3303,-39.7959,-2.8604,-6.6863,7.2524,-0.5391,242.5868,7.272447720678368,26.180811794442125,5.2875000000000085,3.3274000000000044,2.8604,6.6863,7.272447720678368,6.247339194409098,0,14_13_30_886_ego_30,0,886,860,886,vehicle_vehicle,0.7691258835868089,0.011703096085631097,2.0214249983259314,2.0232114125814995,15.0,3.0,3.5,0.8,7.263234412436376,26.147643884770954
14,27,891,317,77.7978,-26.7959,183.4317,2.0752,4.7129,-6.5757,-0.7069,-0.4698,-2.1502,6.6063,-0.312,0.5977,-2.1182,car,30,65.3303,-39.7959,-2.8604,-6.6863,7.2524,-0.5391,242.5868,7.272447720678368,26.180811794442125,12.467500000000001,13.000000000000004,-3.7153000000000005,5.9794,7.039650449418636,18.01217799850979,0,14_13_30_886_ego_30,0,886,860,886,vehicle_vehicle,0.7691258835868089,0.011703096085631097,2.0214249983259314,2.0232114125814995,15.0,3.0,3.5,0.8,7.263234412436376,26.147643884770954
14,30,891,178,65.3303,-39.7959,242.5868,1.9425,3.9964,-2.8604,-6.6863,3.1564,-1.5343,7.2524,-0.5391,-0.0912,-3.5083,car,30,65.3303,-39.7959,-2.8604,-6.6863,7.2524,-0.5391,242.5868,7.272447720678368,26.180811794442125,0.0,0.0,0.0,0.0,0.0,0.0,1,14_13_30_886_ego_30,1,886,860,886,vehicle_vehicle,0.7691258835868089,0.011703096085631097,2.0214249983259314,2.0232114125814995,15.0,3.0,3.5,0.8,7.263234412436376,26.147643884770954
14,31,891,169,66.7027,-30.538,216.1185,2.0133,4.3115,-5.3522,-4.2969,0.7626,-1.6052,6.8563,-0.3161,0.3301,-1.7462,car,30,65.3303,-39.7959,-2.8604,-6.6863,7.2524,-0.5391,242.5868,7.272447720678368,26.180811794442125,1.372399999999999,9.257900000000003,-2.4918,2.3894,3.4522890377255497,9.359070155202389,0,14_13_30_886_ego_30,0,886,860,886,vehicle_vehicle,0.7691258835868089,0.011703096085631097,2.0214249983259314,2.0232114125814995,15.0,3.0,3.5,0.8,7.263234412436376,26.147643884770954
14,13,892,892,67.7018,-39.5462,242.9668,1.2661,2.6528,0.0,0.0,-0.0,-0.0,-0.0,-0.0,0.0,0.0,truck,30,65.217,-40.0638,-2.7306,-6.7491,7.262,-0.5204,243.8735,7.280558163355335,26.210009388079204,2.484800000000007,0.5176000000000016,2.7306,6.7491,7.280558163355335,2.538137269731493,0,14_13_30_886_ego_30,1,886,860,886,vehicle_vehicle,0.7691258835868089,0.011703096085631097,2.0214249983259314,2.0232114125814995,15.0,3.0,3.5,0.8,7.263234412436376,26.147643884770954
14,14,892,892,70.6178,-36.4685,224.0776,2.1358,4.5059,-0.0,-0.0,0.0,0.0,0.0,0.0,-0.0,-0.0,trailer,30,65.217,-40.0638,-2.7306,-6.7491,7.262,-0.5204,243.8735,7.280558163355335,26.210009388079204,5.400800000000004,3.5953000000000017,2.7306,6.7491,7.280558163355335,6.488052306355125,0,14_13_30_886_ego_30,0,886,860,886,vehicle_vehicle,0.7691258835868089,0.011703096085631097,2.0214249983259314,2.0232114125814995,15.0,3.0,3.5,0.8,7.263234412436376,26.147643884770954
14,27,892,318,77.5346,-26.8263,184.1998,2.0752,4.7129,-6.5945,-0.7932,-0.4566,-2.1506,6.6349,-0.3082,0.6129,-2.1114,car,30,65.217,-40.0638,-2.7306,-6.7491,7.262,-0.5204,243.8735,7.280558163355335,26.210009388079204,12.317599999999999,13.2375,-3.8639,5.955900000000001,7.099469559058621,18.08188806540954,0,14_13_30_886_ego_30,0,886,860,886,vehicle_vehicle,0.7691258835868089,0.011703096085631097,2.0214249983259314,2.0232114125814995,15.0,3.0,3.5,0.8,7.263234412436376,26.147643884770954
14,30,892,179,65.217,-40.0638,243.8735,1.9425,3.9964,-2.7306,-6.7491,3.1721,-1.5113,7.262,-0.5204,-0.0399,-3.5135,car,30,65.217,-40.0638,-2.7306,-6.7491,7.262,-0.5204,243.8735,7.280558163355335,26.210009388079204,0.0,0.0,0.0,0.0,0.0,0.0,1,14_13_30_886_ego_30,1,886,860,886,vehicle_vehicle,0.7691258835868089,0.011703096085631097,2.0214249983259314,2.0232114125814995,15.0,3.0,3.5,0.8,7.263234412436376,26.147643884770954
14,31,892,170,66.4886,-30.711,216.6798,2.0133,4.3115,-5.3225,-4.3613,0.8146,-1.6176,6.8737,-0.3184,0.313,-1.7839,car,30,65.217,-40.0638,-2.7306,-6.7491,7.262,-0.5204,243.8735,7.280558163355335,26.210009388079204,1.2716000000000065,9.352800000000002,-2.5919,2.3878000000000004,3.5241359863092683,9.438847090614408,0,14_13_30_886_ego_30,0,886,860,886,vehicle_vehicle,0.7691258835868089,0.011703096085631097,2.0214249983259314,2.0232114125814995,15.0,3.0,3.5,0.8,7.263234412436376,26.147643884770954
14,13,893,893,67.7018,-39.5462,242.9668,1.2661,2.6528,0.0,0.0,-0.0,-0.0,-0.0,-0.0,0.0,0.0,truck,30,65.1092,-40.334,-2.5997,-6.8114,7.2735,-0.5003,245.1744,7.290652237625931,26.246348055453353,2.5926000000000045,0.7878000000000043,2.5997,6.8114,7.290652237625931,2.709650088111015,0,14_13_30_886_ego_30,1,886,860,886,vehicle_vehicle,0.7691258835868089,0.011703096085631097,2.0214249983259314,2.0232114125814995,15.0,3.0,3.5,0.8,7.263234412436376,26.147643884770954
14,14,893,893,70.6178,-36.4685,224.0776,2.1358,4.5059,-0.0,-0.0,0.0,0.0,0.0,0.0,-0.0,-0.0,trailer,30,65.1092,-40.334,-2.5997,-6.8114,7.2735,-0.5003,245.1744,7.290652237625931,26.246348055453353,5.508600000000001,3.8655000000000044,2.5997,6.8114,7.290652237625931,6.729544130920018,0,14_13_30_886_ego_30,0,886,860,886,vehicle_vehicle,0.7691258835868089,0.011703096085631097,2.0214249983259314,2.0232114125814995,15.0,3.0,3.5,0.8,7.263234412436376,26.147643884770954
14,27,893,319,77.2701,-26.8603,184.9477,2.0752,4.7129,-6.6127,-0.8793,-0.4435,-2.1509,6.6639,-0.3057,0.6274,-2.1046,car,30,65.1092,-40.334,-2.5997,-6.8114,7.2735,-0.5003,245.1744,7.290652237625931,26.246348055453353,12.160899999999998,13.473700000000004,-4.013,5.9321,7.161981528180592,18.150153732131308,0,14_13_30_886_ego_30,0,886,860,886,vehicle_vehicle,0.7691258835868089,0.011703096085631097,2.0214249983259314,2.0232114125814995,15.0,3.0,3.5,0.8,7.263234412436376,26.147643884770954
14,30,893,180,65.1092,-40.334,245.1744,1.9425,3.9964,-2.5997,-6.8114,3.1841,-1.4867,7.2735,-0.5003,0.0125,-3.514,car,30,65.1092,-40.334,-2.5997,-6.8114,7.2735,-0.5003,245.1744,7.290652237625931,26.246348055453353,0.0,0.0,0.0,0.0,0.0,0.0,1,14_13_30_886_ego_30,1,886,860,886,vehicle_vehicle,0.7691258835868089,0.011703096085631097,2.0214249983259314,2.0232114125814995,15.0,3.0,3.5,0.8,7.263234412436376,26.147643884770954
14,31,893,171,66.2758,-30.887,217.251,2.0133,4.3115,-5.2905,-4.4261,0.8671,-1.6299,6.8903,-0.3208,0.2963,-1.8223,car,30,65.1092,-40.334,-2.5997,-6.8114,7.2735,-0.5003,245.1744,7.290652237625931,26.246348055453353,1.1666000000000025,9.447000000000003,-2.6908,2.3853,3.5958393637647386,9.51875856191342,0,14_13_30_886_ego_30,0,886,860,886,vehicle_vehicle,0.7691258835868089,0.011703096085631097,2.0214249983259314,2.0232114125814995,15.0,3.0,3.5,0.8,7.263234412436376,26.147643884770954
14,13,894,894,67.7018,-39.5462,242.9668,1.2661,2.6528,0.0,0.0,-0.0,-0.0,-0.0,-0.0,0.0,0.0,truck,30,65.0074,-40.6075,-2.4682,-6.8728,7.2865,-0.4847,246.4393,7.302560583795248,26.289218101662893,2.6944000000000017,1.0613000000000028,2.4682,6.8728,7.302560583795248,2.8958848475034387,0,14_13_30_886_ego_30,1,886,860,886,vehicle_vehicle,0.7691258835868089,0.011703096085631097,2.0214249983259314,2.0232114125814995,15.0,3.0,3.5,0.8,7.263234412436376,26.147643884770954
14,14,894,894,70.6178,-36.4685,224.0776,2.1358,4.5059,-0.0,-0.0,0.0,0.0,0.0,0.0,-0.0,-0.0,trailer,30,65.0074,-40.6075,-2.4682,-6.8728,7.2865,-0.4847,246.4393,7.302560583795248,26.289218101662893,5.6103999999999985,4.139000000000003,2.4682,6.8728,7.302560583795248,6.971937260188161,0,14_13_30_886_ego_30,0,886,860,886,vehicle_vehicle,0.7691258835868089,0.011703096085631097,2.0214249983259314,2.0232114125814995,15.0,3.0,3.5,0.8,7.263234412436376,26.147643884770954
14,27,894,320,77.0052,-26.898,185.6646,2.0752,4.7129,-6.6303,-0.9651,-0.4306,-2.1512,6.6932,-0.306,0.6408,-2.0982,car,30,65.0074,-40.6075,-2.4682,-6.8728,7.2865,-0.4847,246.4393,7.302560583795248,26.289218101662893,11.997799999999998,13.709500000000002,-4.162100000000001,5.9077,7.226617168495921,18.218056841771023,0,14_13_30_886_ego_30,0,886,860,886,vehicle_vehicle,0.7691258835868089,0.011703096085631097,2.0214249983259314,2.0232114125814995,15.0,3.0,3.5,0.8,7.263234412436376,26.147643884770954
14,30,894,181,65.0074,-40.6075,246.4393,1.9425,3.9964,-2.4682,-6.8728,3.1919,-1.4602,7.2865,-0.4847,0.0626,-3.5095,car,30,65.0074,-40.6075,-2.4682,-6.8728,7.2865,-0.4847,246.4393,7.302560583795248,26.289218101662893,0.0,0.0,0.0,0.0,0.0,0.0,1,14_13_30_886_ego_30,1,886,860,886,vehicle_vehicle,0.7691258835868089,0.011703096085631097,2.0214249983259314,2.0232114125814995,15.0,3.0,3.5,0.8,7.263234412436376,26.147643884770954
14,31,894,172,66.0647,-31.0655,217.8282,2.0133,4.3115,-5.2563,-4.4913,0.9203,-1.6421,6.9062,-0.3238,0.2802,-1.8614,car,30,65.0074,-40.6075,-2.4682,-6.8728,7.2865,-0.4847,246.4393,7.302560583795248,26.289218101662893,1.057299999999998,9.542000000000002,-2.7881000000000005,2.3815,3.6667484042404657,9.600398288092011,0,14_13_30_886_ego_30,0,886,860,886,vehicle_vehicle,0.7691258835868089,0.011703096085631097,2.0214249983259314,2.0232114125814995,15.0,3.0,3.5,0.8,7.263234412436376,26.147643884770954
14,13,895,895,67.7018,-39.5462,242.9668,1.2661,2.6528,-0.0,0.0,-0.0,-0.0,0.0,0.0,0.0,0.0,truck,30,64.9108,-40.8837,-2.3362,-6.9331,7.3007,-0.4757,247.6496,7.316126437535098,26.338055175126353,2.791000000000011,1.3374999999999986,2.3362,6.9331,7.316126437535098,3.0949292802905943,0,14_13_30_886_ego_30,1,886,860,886,vehicle_vehicle,0.7691258835868089,0.011703096085631097,2.0214249983259314,2.0232114125814995,15.0,3.0,3.5,0.8,7.263234412436376,26.147643884770954
14,14,895,895,70.6178,-36.4685,224.0776,2.1358,4.5059,-0.0,0.0,0.0,0.0,0.0,0.0,-0.0,-0.0,trailer,30,64.9108,-40.8837,-2.3362,-6.9331,7.3007,-0.4757,247.6496,7.316126437535098,26.338055175126353,5.707000000000008,4.415199999999999,2.3362,6.9331,7.316126437535098,7.215527703501669,0,14_13_30_886_ego_30,0,886,860,886,vehicle_vehicle,0.7691258835868089,0.011703096085631097,2.0214249983259314,2.0232114125814995,15.0,3.0,3.5,0.8,7.263234412436376,26.147643884770954
14,27,895,321,76.7397,-26.9381,186.3611,2.0752,4.7129,-6.6474,-1.051,-0.4177,-2.1517,6.7229,-0.3081,0.6535,-2.0922,car,30,64.9108,-40.8837,-2.3362,-6.9331,7.3007,-0.4757,247.6496,7.316126437535098,26.338055175126353,11.828900000000004,13.945599999999999,-4.3112,5.882099999999999,7.292842096878281,18.28667915642422,0,14_13_30_886_ego_30,0,886,860,886,vehicle_vehicle,0.7691258835868089,0.011703096085631097,2.0214249983259314,2.0232114125814995,15.0,3.0,3.5,0.8,7.263234412436376,26.147643884770954
14,30,895,182,64.9108,-40.8837,247.6496,1.9425,3.9964,-2.3362,-6.9331,3.1956,-1.4318,7.3007,-0.4757,0.109,-3.5,car,30,64.9108,-40.8837,-2.3362,-6.9331,7.3007,-0.4757,247.6496,7.316126437535098,26.338055175126353,0.0,0.0,0.0,0.0,0.0,0.0,1,14_13_30_886_ego_30,1,886,860,886,vehicle_vehicle,0.7691258835868089,0.011703096085631097,2.0214249983259314,2.0232114125814995,15.0,3.0,3.5,0.8,7.263234412436376,26.147643884770954
14,31,895,173,65.8545,-31.2458,218.423,2.0133,4.3115,-5.2197,-4.5573,0.9737,-1.6542,6.9215,-0.3265,0.2652,-1.9011,car,30,64.9108,-40.8837,-2.3362,-6.9331,7.3007,-0.4757,247.6496,7.316126437535098,26.338055175126353,0.9437000000000069,9.637899999999998,-2.8834999999999997,2.3758,3.7361742317509763,9.683991227794456,0,14_13_30_886_ego_30,0,886,860,886,vehicle_vehicle,0.7691258835868089,0.011703096085631097,2.0214249983259314,2.0232114125814995,15.0,3.0,3.5,0.8,7.263234412436376,26.147643884770954
14,13,896,896,67.7018,-39.5462,242.9668,1.2661,2.6528,-0.0,0.0,-0.0,-0.0,0.0,0.0,0.0,0.0,truck,30,64.8193,-41.1632,-2.2038,-6.9919,7.3161,-0.466,248.8608,7.33098902263535,26.39156048148726,2.8825000000000074,1.6170000000000044,2.2038,6.9919,7.33098902263535,3.305071141443109,0,14_13_30_886_ego_30,1,886,860,886,vehicle_vehicle,0.7691258835868089,0.011703096085631097,2.0214249983259314,2.0232114125814995,15.0,3.0,3.5,0.8,7.263234412436376,26.147643884770954
14,14,896,896,70.6178,-36.4685,224.0776,2.1358,4.5059,-0.0,0.0,0.0,0.0,0.0,0.0,-0.0,-0.0,trailer,30,64.8193,-41.1632,-2.2038,-6.9919,7.3161,-0.466,248.8608,7.33098902263535,26.39156048148726,5.798500000000004,4.6947000000000045,2.2038,6.9919,7.33098902263535,7.460751325436339,0,14_13_30_886_ego_30,0,886,860,886,vehicle_vehicle,0.7691258835868089,0.011703096085631097,2.0214249983259314,2.0232114125814995,15.0,3.0,3.5,0.8,7.263234412436376,26.147643884770954
14,27,896,322,76.4734,-26.9814,187.0503,2.0752,4.7129,-6.664,-1.1371,-0.405,-2.1523,6.7532,-0.3106,0.6661,-2.0863,car,30,64.8193,-41.1632,-2.2038,-6.9919,7.3161,-0.466,248.8608,7.33098902263535,26.39156048148726,11.6541,14.181800000000003,-4.4601999999999995,5.8548,7.360167598635237,18.355966279387204,0,14_13_30_886_ego_30,0,886,860,886,vehicle_vehicle,0.7691258835868089,0.011703096085631097,2.0214249983259314,2.0232114125814995,15.0,3.0,3.5,0.8,7.263234412436376,26.147643884770954
14,30,896,183,64.8193,-41.1632,248.8608,1.9425,3.9964,-2.2038,-6.9919,3.1947,-1.4017,7.3161,-0.466,0.1552,-3.4853,car,30,64.8193,-41.1632,-2.2038,-6.9919,7.3161,-0.466,248.8608,7.33098902263535,26.39156048148726,0.0,0.0,0.0,0.0,0.0,0.0,1,14_13_30_886_ego_30,1,886,860,886,vehicle_vehicle,0.7691258835868089,0.011703096085631097,2.0214249983259314,2.0232114125814995,15.0,3.0,3.5,0.8,7.263234412436376,26.147643884770954
14,31,896,174,65.646,-31.4286,219.0443,2.0133,4.3115,-5.1807,-4.6241,1.0273,-1.6658,6.9364,-0.3279,0.2515,-1.9409,car,30,64.8193,-41.1632,-2.2038,-6.9919,7.3161,-0.466,248.8608,7.33098902263535,26.39156048148726,0.8267000000000024,9.734600000000004,-2.9768999999999997,2.3678,3.803736380192507,9.769640221113574,0,14_13_30_886_ego_30,0,886,860,886,vehicle_vehicle,0.7691258835868089,0.011703096085631097,2.0214249983259314,2.0232114125814995,15.0,3.0,3.5,0.8,7.263234412436376,26.147643884770954
14,13,897,897,67.7018,-39.5462,242.9668,1.2661,2.6528,-0.0,0.0,-0.0,-0.0,0.0,0.0,0.0,0.0,truck,30,64.7348,-41.4447,-2.0719,-7.0491,7.3333,-0.4541,250.0776,7.347283880455417,26.4502219696395,2.9669999999999987,1.8984999999999985,2.0719,7.0491,7.347283880455417,3.5224127029636927,0,14_13_30_886_ego_30,1,886,860,886,vehicle_vehicle,0.7691258835868089,0.011703096085631097,2.0214249983259314,2.0232114125814995,15.0,3.0,3.5,0.8,7.263234412436376,26.147643884770954
14,14,897,897,70.6178,-36.4685,224.0776,2.1358,4.5059,0.0,0.0,0.0,0.0,-0.0,0.0,-0.0,-0.0,trailer,30,64.7348,-41.4447,-2.0719,-7.0491,7.3333,-0.4541,250.0776,7.347283880455417,26.4502219696395,5.882999999999996,4.976199999999999,2.0719,7.0491,7.347283880455417,7.705339411083715,0,14_13_30_886_ego_30,0,886,860,886,vehicle_vehicle,0.7691258835868089,0.011703096085631097,2.0214249983259314,2.0232114125814995,15.0,3.0,3.5,0.8,7.263234412436376,26.147643884770954
14,27,897,323,76.2059,-27.0278,187.7484,2.0752,4.7129,-6.6798,-1.2236,-0.3926,-2.1526,6.7838,-0.3118,0.6792,-2.08,car,30,64.7348,-41.4447,-2.0719,-7.0491,7.3333,-0.4541,250.0776,7.347283880455417,26.4502219696395,11.471099999999993,14.416899999999998,-4.607900000000001,5.8255,7.427596694759349,18.423711374747484,0,14_13_30_886_ego_30,0,886,860,886,vehicle_vehicle,0.7691258835868089,0.011703096085631097,2.0214249983259314,2.0232114125814995,15.0,3.0,3.5,0.8,7.263234412436376,26.147643884770954
14,30,897,184,64.7348,-41.4447,250.0776,1.9425,3.9964,-2.0719,-7.0491,3.1896,-1.3702,7.3333,-0.4541,0.2014,-3.4656,car,30,64.7348,-41.4447,-2.0719,-7.0491,7.3333,-0.4541,250.0776,7.347283880455417,26.4502219696395,0.0,0.0,0.0,0.0,0.0,0.0,1,14_13_30_886_ego_30,1,886,860,886,vehicle_vehicle,0.7691258835868089,0.011703096085631097,2.0214249983259314,2.0232114125814995,15.0,3.0,3.5,0.8,7.263234412436376,26.147643884770954
14,31,897,175,65.4396,-31.6148,219.67,2.0133,4.3115,-5.1396,-4.6913,1.0809,-1.6768,6.9509,-0.3301,0.2384,-1.9807,car,30,64.7348,-41.4447,-2.0719,-7.0491,7.3333,-0.4541,250.0776,7.347283880455417,26.4502219696395,0.7047999999999917,9.829899999999999,-3.0677,2.3578,3.869108958145273,9.855134552607588,0,14_13_30_886_ego_30,0,886,860,886,vehicle_vehicle,0.7691258835868089,0.011703096085631097,2.0214249983259314,2.0232114125814995,15.0,3.0,3.5,0.8,7.263234412436376,26.147643884770954
14,13,898,898,67.7018,-39.5462,242.9668,1.2661,2.6528,-0.0,0.0,-0.0,-0.0,0.0,0.0,0.0,0.0,truck,30,64.6556,-41.728,-1.9406,-7.105,7.3519,-0.4441,251.2667,7.365253109024835,26.514911192489407,3.046199999999999,2.1818000000000026,1.9406,7.105,7.365253109024835,3.746943511717251,0,14_13_30_886_ego_30,1,886,860,886,vehicle_vehicle,0.7691258835868089,0.011703096085631097,2.0214249983259314,2.0232114125814995,15.0,3.0,3.5,0.8,7.263234412436376,26.147643884770954
14,14,898,898,70.6178,-36.4685,224.0776,2.1358,4.5059,0.0,0.0,0.0,0.0,-0.0,0.0,-0.0,-0.0,trailer,30,64.6556,-41.728,-1.9406,-7.105,7.3519,-0.4441,251.2667,7.365253109024835,26.514911192489407,5.962199999999996,5.259500000000003,1.9406,7.105,7.365253109024835,7.950482318073538,0,14_13_30_886_ego_30,0,886,860,886,vehicle_vehicle,0.7691258835868089,0.011703096085631097,2.0214249983259314,2.0232114125814995,15.0,3.0,3.5,0.8,7.263234412436376,26.147643884770954
14,27,898,324,75.9376,-27.0772,188.4576,2.0752,4.7129,-6.6948,-1.3105,-0.3807,-2.1524,6.8147,-0.3116,0.6931,-2.073,car,30,64.6556,-41.728,-1.9406,-7.105,7.3519,-0.4441,251.2667,7.365253109024835,26.514911192489407,11.281999999999996,14.6508,-4.7542,5.7945,7.4952416832281,18.49133485284391,0,14_13_30_886_ego_30,0,886,860,886,vehicle_vehicle,0.7691258835868089,0.011703096085631097,2.0214249983259314,2.0232114125814995,15.0,3.0,3.5,0.8,7.263234412436376,26.147643884770954
14,30,898,185,64.6556,-41.728,251.2667,1.9425,3.9964,-1.9406,-7.105,3.1805,-1.3376,7.3519,-0.4441,0.2453,-3.4416,car,30,64.6556,-41.728,-1.9406,-7.105,7.3519,-0.4441,251.2667,7.365253109024835,26.514911192489407,0.0,0.0,0.0,0.0,0.0,0.0,1,14_13_30_886_ego_30,1,886,860,886,vehicle_vehicle,0.7691258835868089,0.011703096085631097,2.0214249983259314,2.0232114125814995,15.0,3.0,3.5,0.8,7.263234412436376,26.147643884770954
14,31,898,176,65.2347,-31.8036,220.2887,2.0133,4.3115,-5.0963,-4.7591,1.1344,-1.6871,6.9649,-0.3347,0.2256,-2.0204,car,30,64.6556,-41.728,-1.9406,-7.105,7.3519,-0.4441,251.2667,7.365253109024835,26.514911192489407,0.5790999999999968,9.924400000000002,-3.1557000000000004,2.3459000000000003,3.932135463078555,9.941281213706814,0,14_13_30_886_ego_30,0,886,860,886,vehicle_vehicle,0.7691258835868089,0.011703096085631097,2.0214249983259314,2.0232114125814995,15.0,3.0,3.5,0.8,7.263234412436376,26.147643884770954
14,13,899,899,67.7018,-39.5462,242.9668,1.2661,2.6528,-0.0,0.0,-0.0,-0.0,0.0,0.0,0.0,0.0,truck,30,64.582,-42.0136,-1.8103,-7.1595,7.3718,-0.4391,252.4011,7.384824056130248,26.585366602068895,3.119800000000012,2.467399999999998,1.8103,7.1595,7.384824056130248,3.9775890687701847,0,14_13_30_886_ego_30,1,886,860,886,vehicle_vehicle,0.7691258835868089,0.011703096085631097,2.0214249983259314,2.0232114125814995,15.0,3.0,3.5,0.8,7.263234412436376,26.147643884770954
14,14,899,899,70.6178,-36.4685,224.0776,2.1358,4.5059,0.0,0.0,0.0,0.0,-0.0,-0.0,-0.0,-0.0,trailer,30,64.582,-42.0136,-1.8103,-7.1595,7.3718,-0.4391,252.4011,7.384824056130248,26.585366602068895,6.035800000000009,5.545099999999998,1.8103,7.1595,7.384824056130248,8.196280598539808,0,14_13_30_886_ego_30,0,886,860,886,vehicle_vehicle,0.7691258835868089,0.011703096085631097,2.0214249983259314,2.0232114125814995,15.0,3.0,3.5,0.8,7.263234412436376,26.147643884770954
14,27,899,325,75.669,-27.13,189.1694,2.0752,4.7129,-6.7091,-1.398,-0.3696,-2.1511,6.8461,-0.311,0.7076,-2.0647,car,30,64.582,-42.0136,-1.8103,-7.1595,7.3718,-0.4391,252.4011,7.384824056130248,26.585366602068895,11.087000000000003,14.883599999999998,-4.8988000000000005,5.761500000000001,7.562613548899614,18.55917880618644,0,14_13_30_886_ego_30,0,886,860,886,vehicle_vehicle,0.7691258835868089,0.011703096085631097,2.0214249983259314,2.0232114125814995,15.0,3.0,3.5,0.8,7.263234412436376,26.147643884770954
14,30,899,186,64.582,-42.0136,252.4011,1.9425,3.9964,-1.8103,-7.1595,3.168,-1.304,7.3718,-0.4391,0.2851,-3.414,car,30,64.582,-42.0136,-1.8103,-7.1595,7.3718,-0.4391,252.4011,7.384824056130248,26.585366602068895,0.0,0.0,0.0,0.0,0.0,0.0,1,14_13_30_886_ego_30,1,886,860,886,vehicle_vehicle,0.7691258835868089,0.011703096085631097,2.0214249983259314,2.0232114125814995,15.0,3.0,3.5,0.8,7.263234412436376,26.147643884770954
14,31,899,177,65.0315,-31.9953,220.9207,2.0133,4.3115,-5.0508,-4.8273,1.1878,-1.6967,6.9784,-0.3393,0.2138,-2.0601,car,30,64.582,-42.0136,-1.8103,-7.1595,7.3718,-0.4391,252.4011,7.384824056130248,26.585366602068895,0.44950000000000045,10.018299999999996,-3.2405,2.3322000000000003,3.992492591101454,10.028378988650156,0,14_13_30_886_ego_30,0,886,860,886,vehicle_vehicle,0.7691258835868089,0.011703096085631097,2.0214249983259314,2.0232114125814995,15.0,3.0,3.5,0.8,7.263234412436376,26.147643884770954
14,13,900,900,67.7018,-39.5462,242.9668,1.2661,2.6528,-0.0,0.0,-0.0,-0.0,0.0,0.0,0.0,0.0,truck,30,64.5143,-42.3014,-1.6814,-7.2125,7.3926,-0.4424,253.4533,7.405893748225126,26.661217493610454,3.1875,2.755200000000002,1.6814,7.2125,7.405893748225126,4.213227182338974,0,14_13_30_886_ego_30,1,886,860,886,vehicle_vehicle,0.7691258835868089,0.011703096085631097,2.0214249983259314,2.0232114125814995,15.0,3.0,3.5,0.8,7.263234412436376,26.147643884770954
14,14,900,900,70.6178,-36.4685,224.0776,2.1358,4.5059,0.0,0.0,0.0,0.0,-0.0,-0.0,-0.0,-0.0,trailer,30,64.5143,-42.3014,-1.6814,-7.2125,7.3926,-0.4424,253.4533,7.405893748225126,26.661217493610454,6.103499999999997,5.832900000000002,1.6814,7.2125,7.405893748225126,8.442477992864417,0,14_13_30_886_ego_30,0,886,860,886,vehicle_vehicle,0.7691258835868089,0.011703096085631097,2.0214249983259314,2.0232114125814995,15.0,3.0,3.5,0.8,7.263234412436376,26.147643884770954
14,27,900,326,75.3997,-27.1863,189.8645,2.0752,4.7129,-6.7227,-1.486,-0.3595,-2.148,6.8779,-0.3123,0.7222,-2.0547,car,30,64.5143,-42.3014,-1.6814,-7.2125,7.3926,-0.4424,253.4533,7.405893748225126,26.661217493610454,10.88539999999999,15.115100000000002,-5.0413,5.726500000000001,7.6293845059742535,18.626813500166897,0,14_13_30_886_ego_30,0,886,860,886,vehicle_vehicle,0.7691258835868089,0.011703096085631097,2.0214249983259314,2.0232114125814995,15.0,3.0,3.5,0.8,7.263234412436376,26.147643884770954
14,30,900,187,64.5143,-42.3014,253.4533,1.9425,3.9964,-1.6814,-7.2125,3.1529,-1.2695,7.3926,-0.4424,0.319,-3.3839,car,30,64.5143,-42.3014,-1.6814,-7.2125,7.3926,-0.4424,253.4533,7.405893748225126,26.661217493610454,0.0,0.0,0.0,0.0,0.0,0.0,1,14_13_30_886_ego_30,1,886,860,886,vehicle_vehicle,0.7691258835868089,0.011703096085631097,2.0214249983259314,2.0232114125814995,15.0,3.0,3.5,0.8,7.263234412436376,26.147643884770954
14,31,900,178,64.8297,-32.1895,221.5751,2.0133,4.3115,-5.0028,-4.896,1.241,-1.7055,6.9915,-0.3428,0.2034,-2.0993,car,30,64.5143,-42.3014,-1.6814,-7.2125,7.3926,-0.4424,253.4533,7.405893748225126,26.661217493610454,0.3153999999999968,10.111899999999999,-3.3213999999999997,2.3165000000000004,4.049428380648311,10.11681762067499,0,14_13_30_886_ego_30,0,886,860,886,vehicle_vehicle,0.7691258835868089,0.011703096085631097,2.0214249983259314,2.0232114125814995,15.0,3.0,3.5,0.8,7.263234412436376,26.147643884770954
14,13,901,901,67.7018,-39.5462,242.9668,1.2661,2.6528,-0.0,0.0,-0.0,-0.0,0.0,0.0,0.0,0.0,truck,30,64.4523,-42.5904,-1.5541,-7.2643,7.4151,-0.4479,254.4676,7.428679647151303,26.74324672974469,3.249500000000012,3.0442000000000036,1.5541,7.2643,7.428679647151303,4.452685020299561,0,14_13_30_886_ego_30,1,886,860,886,vehicle_vehicle,0.7691258835868089,0.011703096085631097,2.0214249983259314,2.0232114125814995,15.0,3.0,3.5,0.8,7.263234412436376,26.147643884770954
14,14,901,901,70.6178,-36.4685,224.0776,2.1358,4.5059,0.0,0.0,0.0,0.0,-0.0,-0.0,-0.0,-0.0,trailer,30,64.4523,-42.5904,-1.5541,-7.2643,7.4151,-0.4479,254.4676,7.428679647151303,26.74324672974469,6.165500000000009,6.121900000000004,1.5541,7.2643,7.428679647151303,8.68855856054387,0,14_13_30_886_ego_30,0,886,860,886,vehicle_vehicle,0.7691258835868089,0.011703096085631097,2.0214249983259314,2.0232114125814995,15.0,3.0,3.5,0.8,7.263234412436376,26.147643884770954
14,27,901,327,75.1299,-27.2464,190.5549,2.0752,4.7129,-6.7357,-1.5743,-0.3508,-2.1429,6.9101,-0.3138,0.7374,-2.0424,car,30,64.4523,-42.5904,-1.5541,-7.2643,7.4151,-0.4479,254.4676,7.428679647151303,26.74324672974469,10.677600000000012,15.344000000000001,-5.1815999999999995,5.69,7.695783167423573,18.693567817835106,0,14_13_30_886_ego_30,0,886,860,886,vehicle_vehicle,0.7691258835868089,0.011703096085631097,2.0214249983259314,2.0232114125814995,15.0,3.0,3.5,0.8,7.263234412436376,26.147643884770954
14,30,901,188,64.4523,-42.5904,254.4676,1.9425,3.9964,-1.5541,-7.2643,3.136,-1.2341,7.4151,-0.4479,0.3492,-3.352,car,30,64.4523,-42.5904,-1.5541,-7.2643,7.4151,-0.4479,254.4676,7.428679647151303,26.74324672974469,0.0,0.0,0.0,0.0,0.0,0.0,1,14_13_30_886_ego_30,1,886,860,886,vehicle_vehicle,0.7691258835868089,0.011703096085631097,2.0214249983259314,2.0232114125814995,15.0,3.0,3.5,0.8,7.263234412436376,26.147643884770954
14,31,901,179,64.6298,-32.3862,222.2589,2.0133,4.3115,-4.9524,-4.9653,1.2934,-1.7133,7.0044,-0.3445,0.1949,-2.1379,car,30,64.4523,-42.5904,-1.5541,-7.2643,7.4151,-0.4479,254.4676,7.428679647151303,26.74324672974469,0.1775000000000091,10.2042,-3.3983,2.2990000000000004,4.102906761065866,10.205743671580235,0,14_13_30_886_ego_30,0,886,860,886,vehicle_vehicle,0.7691258835868089,0.011703096085631097,2.0214249983259314,2.0232114125814995,15.0,3.0,3.5,0.8,7.263234412436376,26.147643884770954
14,13,902,902,67.7018,-39.5462,242.9668,1.2661,2.6528,-0.0,0.0,0.0,-0.0,0.0,0.0,-0.0,-0.0,truck,30,64.3957,-42.8808,-1.4288,-7.3151,7.4396,-0.4517,255.4735,7.4533319696629645,26.831995090786673,3.3061000000000007,3.334600000000002,1.4288,7.3151,7.4533319696629645,4.69572724612493,0,14_13_30_886_ego_30,1,886,860,886,vehicle_vehicle,0.7691258835868089,0.011703096085631097,2.0214249983259314,2.0232114125814995,15.0,3.0,3.5,0.8,7.263234412436376,26.147643884770954
14,14,902,902,70.6178,-36.4685,224.0776,2.1358,4.5059,0.0,0.0,0.0,0.0,-0.0,-0.0,-0.0,-0.0,trailer,30,64.3957,-42.8808,-1.4288,-7.3151,7.4396,-0.4517,255.4735,7.4533319696629645,26.831995090786673,6.2220999999999975,6.412300000000002,1.4288,7.3151,7.4533319696629645,8.93488218724791,0,14_13_30_886_ego_30,0,886,860,886,vehicle_vehicle,0.7691258835868089,0.011703096085631097,2.0214249983259314,2.0232114125814995,15.0,3.0,3.5,0.8,7.263234412436376,26.147643884770954
14,27,902,328,74.8594,-27.3099,191.2417,2.0752,4.7129,-6.748,-1.6629,-0.3436,-2.1351,6.9427,-0.3154,0.7532,-2.0271,car,30,64.3957,-42.8808,-1.4288,-7.3151,7.4396,-0.4517,255.4735,7.4533319696629645,26.831995090786673,10.463699999999989,15.570900000000002,-5.3192,5.652200000000001,7.7615239147992074,18.760115791220475,0,14_13_30_886_ego_30,0,886,860,886,vehicle_vehicle,0.7691258835868089,0.011703096085631097,2.0214249983259314,2.0232114125814995,15.0,3.0,3.5,0.8,7.263234412436376,26.147643884770954
14,30,902,189,64.3957,-42.8808,255.4735,1.9425,3.9964,-1.4288,-7.3151,3.1187,-1.1974,7.4396,-0.4517,0.3769,-3.3193,car,30,64.3957,-42.8808,-1.4288,-7.3151,7.4396,-0.4517,255.4735,7.4533319696629645,26.831995090786673,0.0,0.0,0.0,0.0,0.0,0.0,1,14_13_30_886_ego_30,1,886,860,886,vehicle_vehicle,0.7691258835868089,0.011703096085631097,2.0214249983259314,2.0232114125814995,15.0,3.0,3.5,0.8,7.263234412436376,26.147643884770954
14,31,902,180,64.4324,-32.5854,222.9402,2.0133,4.3115,-4.8997,-5.0352,1.3451,-1.72,7.0171,-0.3482,0.187,-2.1755,car,30,64.3957,-42.8808,-1.4288,-7.3151,7.4396,-0.4517,255.4735,7.4533319696629645,26.831995090786673,0.03669999999999618,10.2954,-3.4709000000000003,2.2799000000000005,4.152720893582906,10.295465412015137,0,14_13_30_886_ego_30,0,886,860,886,vehicle_vehicle,0.7691258835868089,0.011703096085631097,2.0214249983259314,2.0232114125814995,15.0,3.0,3.5,0.8,7.263234412436376,26.147643884770954
14,13,903,903,67.7018,-39.5462,242.9668,1.2661,2.6528,-0.0,0.0,0.0,-0.0,0.0,0.0,-0.0,-0.0,truck,30,64.3438,-43.173,-1.3052,-7.365,7.466,-0.4539,256.4712,7.479757485373439,26.927126947344384,3.358000000000004,3.626800000000003,1.3052,7.365,7.479757485373439,4.942655383495803,0,14_13_30_886_ego_30,1,886,860,886,vehicle_vehicle,0.7691258835868089,0.011703096085631097,2.0214249983259314,2.0232114125814995,15.0,3.0,3.5,0.8,7.263234412436376,26.147643884770954
14,14,903,903,70.6178,-36.4685,224.0776,2.1358,4.5059,0.0,0.0,0.0,0.0,-0.0,-0.0,-0.0,-0.0,trailer,30,64.3438,-43.173,-1.3052,-7.365,7.466,-0.4539,256.4712,7.479757485373439,26.927126947344384,6.274000000000001,6.704500000000003,1.3052,7.365,7.479757485373439,9.182232639723306,0,14_13_30_886_ego_30,0,886,860,886,vehicle_vehicle,0.7691258835868089,0.011703096085631097,2.0214249983259314,2.0232114125814995,15.0,3.0,3.5,0.8,7.263234412436376,26.147643884770954
14,27,903,329,74.5888,-27.3769,191.9233,2.0752,4.7129,-6.7598,-1.7516,-0.3382,-2.1242,6.9759,-0.3172,0.7698,-2.0085,car,30,64.3438,-43.173,-1.3052,-7.365,7.466,-0.4539,256.4712,7.479757485373439,26.927126947344384,10.245000000000005,15.796100000000003,-5.4546,5.6134,7.827063352241376,18.82755428115931,0,14_13_30_886_ego_30,0,886,860,886,vehicle_vehicle,0.7691258835868089,0.011703096085631097,2.0214249983259314,2.0232114125814995,15.0,3.0,3.5,0.8,7.263234412436376,26.147643884770954
14,30,903,190,64.3438,-43.173,256.4712,1.9425,3.9964,-1.3052,-7.365,3.102,-1.159,7.466,-0.4539,0.4012,-3.287,car,30,64.3438,-43.173,-1.3052,-7.365,7.466,-0.4539,256.4712,7.479757485373439,26.927126947344384,0.0,0.0,0.0,0.0,0.0,0.0,1,14_13_30_886_ego_30,1,886,860,886,vehicle_vehicle,0.7691258835868089,0.011703096085631097,2.0214249983259314,2.0232114125814995,15.0,3.0,3.5,0.8,7.263234412436376,26.147643884770954
14,31,903,181,64.2372,-32.787,223.622,2.0133,4.3115,-4.8449,-5.1058,1.3958,-1.7251,7.0298,-0.3536,0.1797,-2.2117,car,30,64.3438,-43.173,-1.3052,-7.365,7.466,-0.4539,256.4712,7.479757485373439,26.927126947344384,-0.10660000000000025,10.386000000000003,-3.5397,2.2592,4.199221443315415,10.386547047021933,0,14_13_30_886_ego_30,0,886,860,886,vehicle_vehicle,0.7691258835868089,0.011703096085631097,2.0214249983259314,2.0232114125814995,15.0,3.0,3.5,0.8,7.263234412436376,26.147643884770954
14,13,904,904,67.7018,-39.5462,242.9668,1.2661,2.6528,-0.0,0.0,0.0,-0.0,0.0,0.0,-0.0,-0.0,truck,30,64.2963,-43.467,-1.1832,-7.414,7.4942,-0.4525,257.4775,7.507819806042231,27.028151301752033,3.4055000000000035,3.9208,1.1832,7.414,7.507819806042231,5.1932747751298525,0,14_13_30_886_ego_30,1,886,860,886,vehicle_vehicle,0.7691258835868089,0.011703096085631097,2.0214249983259314,2.0232114125814995,15.0,3.0,3.5,0.8,7.263234412436376,26.147643884770954
14,14,904,904,70.6178,-36.4685,224.0776,2.1358,4.5059,0.0,0.0,-0.0,0.0,-0.0,-0.0,0.0,0.0,trailer,30,64.2963,-43.467,-1.1832,-7.414,7.4942,-0.4525,257.4775,7.507819806042231,27.028151301752033,6.3215,6.9985,1.1832,7.414,7.507819806042231,9.430819927238565,0,14_13_30_886_ego_30,0,886,860,886,vehicle_vehicle,0.7691258835868089,0.011703096085631097,2.0214249983259314,2.0232114125814995,15.0,3.0,3.5,0.8,7.263234412436376,26.147643884770954
14,27,904,330,74.3182,-27.4479,192.5851,2.0752,4.7129,-6.7715,-1.8402,-0.3347,-2.1099,7.0098,-0.3205,0.7864,-1.9863,car,30,64.2963,-43.467,-1.1832,-7.414,7.4942,-0.4525,257.4775,7.507819806042231,27.028151301752033,10.021900000000002,16.019099999999998,-5.588299999999999,5.573799999999999,7.892803261832895,18.895767897071554,0,14_13_30_886_ego_30,0,886,860,886,vehicle_vehicle,0.7691258835868089,0.011703096085631097,2.0214249983259314,2.0232114125814995,15.0,3.0,3.5,0.8,7.263234412436376,26.147643884770954
14,30,904,191,64.2963,-43.467,257.4775,1.9425,3.9964,-1.1832,-7.414,3.0869,-1.1183,7.4942,-0.4525,0.4224,-3.256,car,30,64.2963,-43.467,-1.1832,-7.414,7.4942,-0.4525,257.4775,7.507819806042231,27.028151301752033,0.0,0.0,0.0,0.0,0.0,0.0,1,14_13_30_886_ego_30,1,886,860,886,vehicle_vehicle,0.7691258835868089,0.011703096085631097,2.0214249983259314,2.0232114125814995,15.0,3.0,3.5,0.8,7.263234412436376,26.147643884770954
14,31,904,182,64.0443,-32.9913,224.3182,2.0133,4.3115,-4.788,-5.1772,1.4454,-1.728,7.0427,-0.359,0.1731,-2.2462,car,30,64.2963,-43.467,-1.1832,-7.414,7.4942,-0.4525,257.4775,7.507819806042231,27.028151301752033,-0.25199999999999534,10.475699999999996,-3.6048,2.2367999999999997,4.242388157630086,10.478730576267333,0,14_13_30_886_ego_30,0,886,860,886,vehicle_vehicle,0.7691258835868089,0.011703096085631097,2.0214249983259314,2.0232114125814995,15.0,3.0,3.5,0.8,7.263234412436376,26.147643884770954
14,13,905,905,67.7018,-39.5462,242.9668,1.2661,2.6528,-0.0,0.0,0.0,-0.0,0.0,0.0,-0.0,-0.0,truck,30,64.2538,-43.7636,-1.0628,-7.4617,7.5237,-0.4484,258.4828,7.537009402276211,27.133233848194358,3.4480000000000075,4.217399999999998,1.0628,7.4617,7.537009402276211,5.447491786134242,0,14_13_30_886_ego_30,1,886,860,886,vehicle_vehicle,0.7691258835868089,0.011703096085631097,2.0214249983259314,2.0232114125814995,15.0,3.0,3.5,0.8,7.263234412436376,26.147643884770954
14,14,905,905,70.6178,-36.4685,224.0776,2.1358,4.5059,0.0,0.0,-0.0,-0.0,-0.0,-0.0,0.0,0.0,trailer,30,64.2538,-43.7636,-1.0628,-7.4617,7.5237,-0.4484,258.4828,7.537009402276211,27.133233848194358,6.364000000000004,7.295099999999998,1.0628,7.4617,7.537009402276211,9.68085636759476,0,14_13_30_886_ego_30,0,886,860,886,vehicle_vehicle,0.7691258835868089,0.011703096085631097,2.0214249983259314,2.0232114125814995,15.0,3.0,3.5,0.8,7.263234412436376,26.147643884770954
14,27,905,331,74.0467,-27.5226,193.2497,2.0752,4.7129,-6.7829,-1.9284,-0.3331,-2.0919,7.0443,-0.3225,0.8037,-1.9599,car,30,64.2538,-43.7636,-1.0628,-7.4617,7.5237,-0.4484,258.4828,7.537009402276211,27.133233848194358,9.792900000000003,16.240999999999996,-5.7200999999999995,5.5333000000000006,7.958451664739819,18.964993314261935,0,14_13_30_886_ego_30,0,886,860,886,vehicle_vehicle,0.7691258835868089,0.011703096085631097,2.0214249983259314,2.0232114125814995,15.0,3.0,3.5,0.8,7.263234412436376,26.147643884770954
14,30,905,192,64.2538,-43.7636,258.4828,1.9425,3.9964,-1.0628,-7.4617,3.0744,-1.0748,7.5237,-0.4484,0.4393,-3.2271,car,30,64.2538,-43.7636,-1.0628,-7.4617,7.5237,-0.4484,258.4828,7.537009402276211,27.133233848194358,0.0,0.0,0.0,0.0,0.0,0.0,1,14_13_30_886_ego_30,1,886,860,886,vehicle_vehicle,0.7691258835868089,0.011703096085631097,2.0214249983259314,2.0232114125814995,15.0,3.0,3.5,0.8,7.263234412436376,26.147643884770954
14,31,905,183,63.854,-33.1995,225.021,2.0133,4.3115,-4.7291,-5.2488,1.494,-1.7286,7.0556,-0.3649,0.1667,-2.2786,car,30,64.2538,-43.7636,-1.0628,-7.4617,7.5237,-0.4484,258.4828,7.537009402276211,27.133233848194358,-0.39979999999999905,10.564099999999996,-3.6662999999999997,2.2129000000000003,4.282368748718401,10.571662539544096,0,14_13_30_886_ego_30,0,886,860,886,vehicle_vehicle,0.7691258835868089,0.011703096085631097,2.0214249983259314,2.0232114125814995,15.0,3.0,3.5,0.8,7.263234412436376,26.147643884770954
14,13,906,906,67.7018,-39.5462,242.9668,1.2661,2.6528,-0.0,-0.0,0.0,-0.0,0.0,0.0,-0.0,-0.0,truck,30,64.2152,-44.0626,-0.9434,-7.5078,7.5539,-0.4423,259.4872,7.566839789502616,27.24062324220942,3.48660000000001,4.516400000000004,0.9434,7.5078,7.566839789502616,5.705633051642921,0,14_13_30_886_ego_30,1,886,860,886,vehicle_vehicle,0.7691258835868089,0.011703096085631097,2.0214249983259314,2.0232114125814995,15.0,3.0,3.5,0.8,7.263234412436376,26.147643884770954
14,14,906,906,70.6178,-36.4685,224.0776,2.1358,4.5059,0.0,0.0,-0.0,-0.0,-0.0,-0.0,0.0,0.0,trailer,30,64.2152,-44.0626,-0.9434,-7.5078,7.5539,-0.4423,259.4872,7.566839789502616,27.24062324220942,6.402600000000007,7.5941000000000045,0.9434,7.5078,7.566839789502616,9.932957342604475,0,14_13_30_886_ego_30,0,886,860,886,vehicle_vehicle,0.7691258835868089,0.011703096085631097,2.0214249983259314,2.0232114125814995,15.0,3.0,3.5,0.8,7.263234412436376,26.147643884770954
14,27,906,332,73.7749,-27.6007,193.9097,2.0752,4.7129,-6.7941,-2.0162,-0.3336,-2.0698,7.0795,-0.3239,0.8214,-1.9289,car,30,64.2152,-44.0626,-0.9434,-7.5078,7.5539,-0.4423,259.4872,7.566839789502616,27.24062324220942,9.559700000000007,16.461900000000004,-5.8507,5.4916,8.024235854584536,19.036334092991755,0,14_13_30_886_ego_30,0,886,860,886,vehicle_vehicle,0.7691258835868089,0.011703096085631097,2.0214249983259314,2.0232114125814995,15.0,3.0,3.5,0.8,7.263234412436376,26.147643884770954
14,30,906,193,64.2152,-44.0626,259.4872,1.9425,3.9964,-0.9434,-7.5078,3.0653,-1.0282,7.5539,-0.4423,0.4516,-3.2014,car,30,64.2152,-44.0626,-0.9434,-7.5078,7.5539,-0.4423,259.4872,7.566839789502616,27.24062324220942,0.0,0.0,0.0,0.0,0.0,0.0,1,14_13_30_886_ego_30,1,886,860,886,vehicle_vehicle,0.7691258835868089,0.011703096085631097,2.0214249983259314,2.0232114125814995,15.0,3.0,3.5,0.8,7.263234412436376,26.147643884770954
14,31,906,184,63.6659,-33.4102,225.7571,2.0133,4.3115,-4.6682,-5.3206,1.5414,-1.7265,7.0687,-0.368,0.1614,-2.3089,car,30,64.2152,-44.0626,-0.9434,-7.5078,7.5539,-0.4423,259.4872,7.566839789502616,27.24062324220942,-0.5492999999999952,10.6524,-3.7247999999999997,2.1872,4.319488265987071,10.666553156948124,0,14_13_30_886_ego_30,0,886,860,886,vehicle_vehicle,0.7691258835868089,0.011703096085631097,2.0214249983259314,2.0232114125814995,15.0,3.0,3.5,0.8,7.263234412436376,26.147643884770954
14,13,907,907,67.7018,-39.5462,242.9668,1.2661,2.6528,-0.0,-0.0,0.0,-0.0,0.0,0.0,-0.0,-0.0,truck,30,64.1812,-44.3632,-0.8249,-7.5523,7.5846,-0.4376,260.4646,7.597216286245903,27.34997863048525,3.5206000000000017,4.817,0.8249,7.5523,7.597216286245903,5.966415453184601,0,14_13_30_886_ego_30,1,886,860,886,vehicle_vehicle,0.7691258835868089,0.011703096085631097,2.0214249983259314,2.0232114125814995,15.0,3.0,3.5,0.8,7.263234412436376,26.147643884770954
14,14,907,907,70.6178,-36.4685,224.0776,2.1358,4.5059,0.0,0.0,-0.0,-0.0,-0.0,-0.0,0.0,0.0,trailer,30,64.1812,-44.3632,-0.8249,-7.5523,7.5846,-0.4376,260.4646,7.597216286245903,27.34997863048525,6.4365999999999985,7.8947,0.8249,7.5523,7.597216286245903,10.18607420206627,0,14_13_30_886_ego_30,0,886,860,886,vehicle_vehicle,0.7691258835868089,0.011703096085631097,2.0214249983259314,2.0232114125814995,15.0,3.0,3.5,0.8,7.263234412436376,26.147643884770954
14,27,907,333,73.5023,-27.6823,194.5722,2.0752,4.7129,-6.8051,-2.1035,-0.3363,-2.0435,7.1154,-0.3237,0.8396,-1.8931,car,30,64.1812,-44.3632,-0.8249,-7.5523,7.5846,-0.4376,260.4646,7.597216286245903,27.34997863048525,9.321100000000001,16.680899999999998,-5.9802,5.4488,8.090254228391096,19.108514594808252,0,14_13_30_886_ego_30,0,886,860,886,vehicle_vehicle,0.7691258835868089,0.011703096085631097,2.0214249983259314,2.0232114125814995,15.0,3.0,3.5,0.8,7.263234412436376,26.147643884770954
14,30,907,194,64.1812,-44.3632,260.4646,1.9425,3.9964,-0.8249,-7.5523,3.0599,-0.9784,7.5846,-0.4376,0.458,-3.1797,car,30,64.1812,-44.3632,-0.8249,-7.5523,7.5846,-0.4376,260.4646,7.597216286245903,27.34997863048525,0.0,0.0,0.0,0.0,0.0,0.0,1,14_13_30_886_ego_30,1,886,860,886,vehicle_vehicle,0.7691258835868089,0.011703096085631097,2.0214249983259314,2.0232114125814995,15.0,3.0,3.5,0.8,7.263234412436376,26.147643884770954
14,31,907,185,63.4807,-33.6246,226.5276,2.0133,4.3115,-4.6056,-5.3923,1.5878,-1.7218,7.0819,-0.3677,0.1571,-2.3369,car,30,64.1812,-44.3632,-0.8249,-7.5523,7.5846,-0.4376,260.4646,7.597216286245903,27.34997863048525,-0.7005000000000052,10.738599999999998,-3.7807,2.16,4.354226968131083,10.761423242768586,0,14_13_30_886_ego_30,0,886,860,886,vehicle_vehicle,0.7691258835868089,0.011703096085631097,2.0214249983259314,2.0232114125814995,15.0,3.0,3.5,0.8,7.263234412436376,26.147643884770954
14,13,908,908,67.7018,-39.5462,242.9668,1.2661,2.6528,-0.0,-0.0,0.0,-0.0,0.0,0.0,-0.0,-0.0,truck,30,64.1511,-44.6656,-0.7068,-7.5949,7.6152,-0.4365,261.403,7.627717368256378,27.45978252572296,3.550700000000006,5.119399999999999,0.7068,7.5949,7.627717368256378,6.230226869865979,0,14_13_30_886_ego_30,1,886,860,886,vehicle_vehicle,0.7691258835868089,0.011703096085631097,2.0214249983259314,2.0232114125814995,15.0,3.0,3.5,0.8,7.263234412436376,26.147643884770954
14,14,908,908,70.6178,-36.4685,224.0776,2.1358,4.5059,0.0,0.0,-0.0,-0.0,-0.0,-0.0,0.0,0.0,trailer,30,64.1511,-44.6656,-0.7068,-7.5949,7.6152,-0.4365,261.403,7.627717368256378,27.45978252572296,6.466700000000003,8.197099999999999,0.7068,7.5949,7.627717368256378,10.440816888538944,0,14_13_30_886_ego_30,0,886,860,886,vehicle_vehicle,0.7691258835868089,0.011703096085631097,2.0214249983259314,2.0232114125814995,15.0,3.0,3.5,0.8,7.263234412436376,26.147643884770954
14,27,908,334,73.2301,-27.7672,195.2225,2.0752,4.7129,-6.8163,-2.19,-0.3413,-2.0125,7.1522,-0.3234,0.8578,-1.8523,car,30,64.1511,-44.6656,-0.7068,-7.5949,7.6152,-0.4365,261.403,7.627717368256378,27.45978252572296,9.078999999999994,16.8984,-6.1095,5.4049,8.157140078483389,19.18291332305914,0,14_13_30_886_ego_30,0,886,860,886,vehicle_vehicle,0.7691258835868089,0.011703096085631097,2.0214249983259314,2.0232114125814995,15.0,3.0,3.5,0.8,7.263234412436376,26.147643884770954
14,30,908,195,64.1511,-44.6656,261.403,1.9425,3.9964,-0.7068,-7.5949,3.0588,-0.9252,7.6152,-0.4365,0.4575,-3.1628,car,30,64.1511,-44.6656,-0.7068,-7.5949,7.6152,-0.4365,261.403,7.627717368256378,27.45978252572296,0.0,0.0,0.0,0.0,0.0,0.0,1,14_13_30_886_ego_30,1,886,860,886,vehicle_vehicle,0.7691258835868089,0.011703096085631097,2.0214249983259314,2.0232114125814995,15.0,3.0,3.5,0.8,7.263234412436376,26.147643884770954
14,31,908,186,63.2981,-33.8415,227.3165,2.0133,4.3115,-4.5412,-5.4639,1.6333,-1.7144,7.0953,-0.366,0.153,-2.3629,car,30,64.1511,-44.6656,-0.7068,-7.5949,7.6152,-0.4365,261.403,7.627717368256378,27.45978252572296,-0.8530000000000015,10.824099999999994,-3.8344,2.1310000000000002,4.386773798590486,10.857658578625498,0,14_13_30_886_ego_30,0,886,860,886,vehicle_vehicle,0.7691258835868089,0.011703096085631097,2.0214249983259314,2.0232114125814995,15.0,3.0,3.5,0.8,7.263234412436376,26.147643884770954
14,13,909,909,67.7018,-39.5462,242.9668,1.2661,2.6528,-0.0,-0.0,0.0,-0.0,0.0,0.0,-0.0,-0.0,truck,30,64.1252,-44.9696,-0.5887,-7.6356,7.6458,-0.4375,262.316,7.658260576005494,27.56973807361978,3.576599999999999,5.423400000000001,0.5887,7.6356,7.658260576005494,6.496563331485348,0,14_13_30_886_ego_30,1,886,860,886,vehicle_vehicle,0.7691258835868089,0.011703096085631097,2.0214249983259314,2.0232114125814995,15.0,3.0,3.5,0.8,7.263234412436376,26.147643884770954
14,14,909,909,70.6178,-36.4685,224.0776,2.1358,4.5059,0.0,0.0,-0.0,-0.0,-0.0,-0.0,0.0,0.0,trailer,30,64.1252,-44.9696,-0.5887,-7.6356,7.6458,-0.4375,262.316,7.658260576005494,27.56973807361978,6.492599999999996,8.501100000000001,0.5887,7.6356,7.658260576005494,10.696847945539844,0,14_13_30_886_ego_30,0,886,860,886,vehicle_vehicle,0.7691258835868089,0.011703096085631097,2.0214249983259314,2.0232114125814995,15.0,3.0,3.5,0.8,7.263234412436376,26.147643884770954
14,27,909,335,72.9571,-27.8555,195.881,2.0752,4.7129,-6.8277,-2.2756,-0.3485,-1.9766,7.1898,-0.3204,0.8761,-1.8058,car,30,64.1252,-44.9696,-0.5887,-7.6356,7.6458,-0.4375,262.316,7.658260576005494,27.56973807361978,8.83189999999999,17.1141,-6.239,5.36,8.225248993191634,19.258631218754875,0,14_13_30_886_ego_30,0,886,860,886,vehicle_vehicle,0.7691258835868089,0.011703096085631097,2.0214249983259314,2.0232114125814995,15.0,3.0,3.5,0.8,7.263234412436376,26.147643884770954
14,30,909,196,64.1252,-44.9696,262.316,1.9425,3.9964,-0.5887,-7.6356,3.062,-0.8683,7.6458,-0.4375,0.4511,-3.1506,car,30,64.1252,-44.9696,-0.5887,-7.6356,7.6458,-0.4375,262.316,7.658260576005494,27.56973807361978,0.0,0.0,0.0,0.0,0.0,0.0,1,14_13_30_886_ego_30,1,886,860,886,vehicle_vehicle,0.7691258835868089,0.011703096085631097,2.0214249983259314,2.0232114125814995,15.0,3.0,3.5,0.8,7.263234412436376,26.147643884770954
14,31,909,187,63.1179,-34.0613,228.1106,2.0133,4.3115,-4.475,-5.5352,1.6779,-1.7043,7.1086,-0.3645,0.1484,-2.387,car,30,64.1252,-44.9696,-0.5887,-7.6356,7.6458,-0.4375,262.316,7.658260576005494,27.56973807361978,-1.0073000000000079,10.908299999999997,-3.8862999999999994,2.1004000000000005,4.417579410718046,10.954709589030644,0,14_13_30_886_ego_30,0,886,860,886,vehicle_vehicle,0.7691258835868089,0.011703096085631097,2.0214249983259314,2.0232114125814995,15.0,3.0,3.5,0.8,7.263234412436376,26.147643884770954
14,13,910,910,67.7018,-39.5462,242.9668,1.2661,2.6528,-0.0,-0.0,0.0,-0.0,0.0,0.0,-0.0,-0.0,truck,30,64.1039,-45.2752,-0.4704,-7.6743,7.6761,-0.4402,263.21,7.688703183892587,27.679331462013312,3.59790000000001,5.728999999999999,0.4704,7.6743,7.688703183892587,6.7650813306271536,0,14_13_30_886_ego_30,1,886,860,886,vehicle_vehicle,0.7691258835868089,0.011703096085631097,2.0214249983259314,2.0232114125814995,15.0,3.0,3.5,0.8,7.263234412436376,26.147643884770954
14,14,910,910,70.6178,-36.4685,224.0776,2.1358,4.5059,0.0,0.0,-0.0,-0.0,-0.0,-0.0,0.0,0.0,trailer,30,64.1039,-45.2752,-0.4704,-7.6743,7.6761,-0.4402,263.21,7.688703183892587,27.679331462013312,6.513900000000007,8.8067,0.4704,7.6743,7.688703183892587,10.953942582467743,0,14_13_30_886_ego_30,0,886,860,886,vehicle_vehicle,0.7691258835868089,0.011703096085631097,2.0214249983259314,2.0232114125814995,15.0,3.0,3.5,0.8,7.263234412436376,26.147643884770954
14,27,910,336,72.6839,-27.9472,196.5406,2.0752,4.7129,-6.8395,-2.3602,-0.3579,-1.9354,7.2284,-0.3154,0.8941,-1.7534,car,30,64.1039,-45.2752,-0.4704,-7.6743,7.6761,-0.4402,263.21,7.688703183892587,27.679331462013312,8.579999999999998,17.328,-6.3691,5.3141,8.294883580858746,19.335872982619634,0,14_13_30_886_ego_30,0,886,860,886,vehicle_vehicle,0.7691258835868089,0.011703096085631097,2.0214249983259314,2.0232114125814995,15.0,3.0,3.5,0.8,7.263234412436376,26.147643884770954
14,30,910,197,64.1039,-45.2752,263.21,1.9425,3.9964,-0.4704,-7.6743,3.0694,-0.8077,7.6761,-0.4402,0.4391,-3.1434,car,30,64.1039,-45.2752,-0.4704,-7.6743,7.6761,-0.4402,263.21,7.688703183892587,27.679331462013312,0.0,0.0,0.0,0.0,0.0,0.0,1,14_13_30_886_ego_30,1,886,860,886,vehicle_vehicle,0.7691258835868089,0.011703096085631097,2.0214249983259314,2.0232114125814995,15.0,3.0,3.5,0.8,7.263234412436376,26.147643884770954
14,31,910,188,62.9405,-34.2842,228.8952,2.0133,4.3115,-4.4072,-5.6061,1.7217,-1.6914,7.1217,-0.3648,0.1426,-2.4093,car,30,64.1039,-45.2752,-0.4704,-7.6743,7.6761,-0.4402,263.21,7.688703183892587,27.679331462013312,-1.1633999999999958,10.991,-3.9367999999999994,2.0682,4.447004101639664,11.052401574318587,0,14_13_30_886_ego_30,0,886,860,886,vehicle_vehicle,0.7691258835868089,0.011703096085631097,2.0214249983259314,2.0232114125814995,15.0,3.0,3.5,0.8,7.263234412436376,26.147643884770954
14,13,911,911,67.7018,-39.5462,242.9668,1.2661,2.6528,-0.0,-0.0,0.0,-0.0,0.0,0.0,-0.0,-0.0,truck,30,64.0866,-45.5826,-0.3515,-7.7106,7.7057,-0.4459,264.0785,7.718607685975496,27.786987669511788,3.6152000000000015,6.0364,0.3515,7.7106,7.718607685975496,7.036177655517235,0,14_13_30_886_ego_30,1,886,860,886,vehicle_vehicle,0.7691258835868089,0.011703096085631097,2.0214249983259314,2.0232114125814995,15.0,3.0,3.5,0.8,7.263234412436376,26.147643884770954
14,14,911,911,70.6178,-36.4685,224.0776,2.1358,4.5059,0.0,0.0,-0.0,-0.0,-0.0,-0.0,0.0,0.0,trailer,30,64.0866,-45.5826,-0.3515,-7.7106,7.7057,-0.4459,264.0785,7.718607685975496,27.786987669511788,6.531199999999998,9.1141,0.3515,7.7106,7.718607685975496,11.21264430230443,0,14_13_30_886_ego_30,0,886,860,886,vehicle_vehicle,0.7691258835868089,0.011703096085631097,2.0214249983259314,2.0232114125814995,15.0,3.0,3.5,0.8,7.263234412436376,26.147643884770954
14,27,911,337,72.4098,-28.0428,197.1919,2.0752,4.7129,-6.8516,-2.4433,-0.3696,-1.8885,7.2676,-0.309,0.9113,-1.6949,car,30,64.0866,-45.5826,-0.3515,-7.7106,7.7057,-0.4459,264.0785,7.718607685975496,27.786987669511788,8.3232,17.5398,-6.500100000000001,5.2673000000000005,8.366346233571738,19.41443386452461,0,14_13_30_886_ego_30,0,886,860,886,vehicle_vehicle,0.7691258835868089,0.011703096085631097,2.0214249983259314,2.0232114125814995,15.0,3.0,3.5,0.8,7.263234412436376,26.147643884770954
14,30,911,198,64.0866,-45.5826,264.0785,1.9425,3.9964,-0.3515,-7.7106,3.0808,-0.7431,7.7057,-0.4459,0.4213,-3.1411,car,30,64.0866,-45.5826,-0.3515,-7.7106,7.7057,-0.4459,264.0785,7.718607685975496,27.786987669511788,0.0,0.0,0.0,0.0,0.0,0.0,1,14_13_30_886_ego_30,1,886,860,886,vehicle_vehicle,0.7691258835868089,0.011703096085631097,2.0214249983259314,2.0232114125814995,15.0,3.0,3.5,0.8,7.263234412436376,26.147643884770954
14,31,911,189,62.7657,-34.5102,229.6794,2.0133,4.3115,-4.3377,-5.6763,1.7649,-1.676,7.1346,-0.3657,0.1358,-2.4301,car,30,64.0866,-45.5826,-0.3515,-7.7106,7.7057,-0.4459,264.0785,7.718607685975496,27.786987669511788,-1.3209000000000017,11.072400000000002,-3.9861999999999997,2.0343,4.475284005512946,11.150911109411645,0,14_13_30_886_ego_30,0,886,860,886,vehicle_vehicle,0.7691258835868089,0.011703096085631097,2.0214249983259314,2.0232114125814995,15.0,3.0,3.5,0.8,7.263234412436376,26.147643884770954
14,13,912,912,67.7018,-39.5462,242.9668,1.2661,2.6528,-0.0,-0.0,0.0,-0.0,0.0,0.0,-0.0,-0.0,truck,30,64.0732,-45.8913,-0.2314,-7.7445,7.7346,-0.4545,264.926,7.747956260201784,27.892642536726424,3.628600000000006,6.345100000000002,0.2314,7.7445,7.747956260201784,7.309379725393946,0,14_13_30_886_ego_30,1,886,860,886,vehicle_vehicle,0.7691258835868089,0.011703096085631097,2.0214249983259314,2.0232114125814995,15.0,3.0,3.5,0.8,7.263234412436376,26.147643884770954
14,14,912,912,70.6178,-36.4685,224.0776,2.1358,4.5059,0.0,0.0,-0.0,-0.0,-0.0,-0.0,0.0,0.0,trailer,30,64.0732,-45.8913,-0.2314,-7.7445,7.7346,-0.4545,264.926,7.747956260201784,27.892642536726424,6.544600000000003,9.422800000000002,0.2314,7.7445,7.747956260201784,11.472617356122363,0,14_13_30_886_ego_30,0,886,860,886,vehicle_vehicle,0.7691258835868089,0.011703096085631097,2.0214249983259314,2.0232114125814995,15.0,3.0,3.5,0.8,7.263234412436376,26.147643884770954
14,27,912,338,72.1351,-28.1414,197.8253,2.0752,4.7129,-6.864,-2.5248,-0.3835,-1.8359,7.3073,-0.3024,0.9271,-1.6303,car,30,64.0732,-45.8913,-0.2314,-7.7445,7.7346,-0.4545,264.926,7.747956260201784,27.892642536726424,8.061899999999994,17.7499,-6.6326,5.2197000000000005,8.44018073562409,19.494952721666188,0,14_13_30_886_ego_30,0,886,860,886,vehicle_vehicle,0.7691258835868089,0.011703096085631097,2.0214249983259314,2.0232114125814995,15.0,3.0,3.5,0.8,7.263234412436376,26.147643884770954
14,30,912,199,64.0732,-45.8913,264.926,1.9425,3.9964,-0.2314,-7.7445,3.0957,-0.6744,7.7346,-0.4545,0.398,-3.1432,car,30,64.0732,-45.8913,-0.2314,-7.7445,7.7346,-0.4545,264.926,7.747956260201784,27.892642536726424,0.0,0.0,0.0,0.0,0.0,0.0,1,14_13_30_886_ego_30,1,886,860,886,vehicle_vehicle,0.7691258835868089,0.011703096085631097,2.0214249983259314,2.0232114125814995,15.0,3.0,3.5,0.8,7.263234412436376,26.147643884770954
14,31,912,190,62.5948,-34.7395,230.4445,2.0133,4.3115,-4.2669,-5.7455,1.8077,-1.6582,7.1471,-0.3691,0.1273,-2.4497,car,30,64.0732,-45.8913,-0.2314,-7.7445,7.7346,-0.4545,264.926,7.747956260201784,27.892642536726424,-1.4784000000000006,11.151800000000001,-4.0355,1.9990000000000006,4.503472132699391,11.249369306765605,0,14_13_30_886_ego_30,0,886,860,886,vehicle_vehicle,0.7691258835868089,0.011703096085631097,2.0214249983259314,2.0232114125814995,15.0,3.0,3.5,0.8,7.263234412436376,26.147643884770954
14,13,913,913,67.7018,-39.5462,242.9668,1.2661,2.6528,0.0,-0.0,0.0,-0.0,-0.0,-0.0,-0.0,-0.0,truck,30,64.0653,-46.202,-0.1102,-7.7755,7.7625,-0.4619,265.783,7.776280877771842,27.994611159978632,3.6365000000000123,6.655799999999999,0.1102,7.7755,7.776280877771842,7.584444995515498,0,14_13_30_886_ego_30,1,886,860,886,vehicle_vehicle,0.7691258835868089,0.011703096085631097,2.0214249983259314,2.0232114125814995,15.0,3.0,3.5,0.8,7.263234412436376,26.147643884770954
14,14,913,913,70.6178,-36.4685,224.0776,2.1358,4.5059,0.0,0.0,-0.0,-0.0,-0.0,-0.0,0.0,0.0,trailer,30,64.0653,-46.202,-0.1102,-7.7755,7.7625,-0.4619,265.783,7.776280877771842,27.994611159978632,6.552500000000009,9.7335,0.1102,7.7755,7.776280877771842,11.733553532498162,0,14_13_30_886_ego_30,0,886,860,886,vehicle_vehicle,0.7691258835868089,0.011703096085631097,2.0214249983259314,2.0232114125814995,15.0,3.0,3.5,0.8,7.263234412436376,26.147643884770954
14,27,913,339,71.8598,-28.2431,198.467,2.0752,4.7129,-6.8767,-2.6044,-0.4,-1.7772,7.3476,-0.292,0.9423,-1.559,car,30,64.0653,-46.202,-0.1102,-7.7755,7.7625,-0.4619,265.783,7.776280877771842,27.994611159978632,7.7945000000000135,17.9589,-6.7665,5.1711,8.516207927240856,19.57744415034813,0,14_13_30_886_ego_30,0,886,860,886,vehicle_vehicle,0.7691258835868089,0.011703096085631097,2.0214249983259314,2.0232114125814995,15.0,3.0,3.5,0.8,7.263234412436376,26.147643884770954
14,30,913,200,64.0653,-46.202,265.783,1.9425,3.9964,-0.1102,-7.7755,3.1135,-0.6016,7.7625,-0.4619,0.371,-3.1493,car,30,64.0653,-46.202,-0.1102,-7.7755,7.7625,-0.4619,265.783,7.776280877771842,27.994611159978632,0.0,0.0,0.0,0.0,0.0,0.0,1,14_13_30_886_ego_30,1,886,860,886,vehicle_vehicle,0.7691258835868089,0.011703096085631097,2.0214249983259314,2.0232114125814995,15.0,3.0,3.5,0.8,7.263234412436376,26.147643884770954
14,31,913,191,62.4269,-34.9723,231.2176,2.0133,4.3115,-4.195,-5.8133,1.8505,-1.6385,7.1592,-0.3712,0.1182,-2.4688,car,30,64.0653,-46.202,-0.1102,-7.7755,7.7625,-0.4619,265.783,7.776280877771842,27.994611159978632,-1.63839999999999,11.229700000000001,-4.0848,1.9622000000000002,4.531646486653609,11.348590954387245,0,14_13_30_886_ego_30,0,886,860,886,vehicle_vehicle,0.7691258835868089,0.011703096085631097,2.0214249983259314,2.0232114125814995,15.0,3.0,3.5,0.8,7.263234412436376,26.147643884770954
14,13,914,914,67.7018,-39.5462,242.9668,1.2661,2.6528,0.0,-0.0,0.0,-0.0,-0.0,-0.0,-0.0,-0.0,truck,30,64.0618,-46.514,0.0124,-7.8033,7.7894,-0.4664,266.6646,7.803309852235781,28.091915468048814,3.6400000000000006,6.967800000000004,-0.0124,7.8033,7.803309852235781,7.861287225384915,0,14_13_30_886_ego_30,1,886,860,886,vehicle_vehicle,0.7691258835868089,0.011703096085631097,2.0214249983259314,2.0232114125814995,15.0,3.0,3.5,0.8,7.263234412436376,26.147643884770954
14,14,914,914,70.6178,-36.4685,224.0776,2.1358,4.5059,0.0,0.0,-0.0,-0.0,-0.0,-0.0,0.0,0.0,trailer,30,64.0618,-46.514,0.0124,-7.8033,7.7894,-0.4664,266.6646,7.803309852235781,28.091915468048814,6.555999999999997,10.045500000000004,-0.0124,7.8033,7.803309852235781,11.995549435103007,0,14_13_30_886_ego_30,0,886,860,886,vehicle_vehicle,0.7691258835868089,0.011703096085631097,2.0214249983259314,2.0232114125814995,15.0,3.0,3.5,0.8,7.263234412436376,26.147643884770954
14,27,914,340,71.5842,-28.3484,199.1024,2.0752,4.7129,-6.8901,-2.6818,-0.419,-1.7122,7.3883,-0.2793,0.9563,-1.4808,car,30,64.0618,-46.514,0.0124,-7.8033,7.7894,-0.4664,266.6646,7.803309852235781,28.091915468048814,7.52239999999999,18.1656,-6.902500000000001,5.1215,8.595014165200661,19.661523977555756,0,14_13_30_886_ego_30,0,886,860,886,vehicle_vehicle,0.7691258835868089,0.011703096085631097,2.0214249983259314,2.0232114125814995,15.0,3.0,3.5,0.8,7.263234412436376,26.147643884770954
14,30,914,201,64.0618,-46.514,266.6646,1.9425,3.9964,0.0124,-7.8033,3.1335,-0.5249,7.7894,-0.4664,0.3417,-3.1588,car,30,64.0618,-46.514,0.0124,-7.8033,7.7894,-0.4664,266.6646,7.803309852235781,28.091915468048814,0.0,0.0,0.0,0.0,0.0,0.0,1,14_13_30_886_ego_30,1,886,860,886,vehicle_vehicle,0.7691258835868089,0.011703096085631097,2.0214249983259314,2.0232114125814995,15.0,3.0,3.5,0.8,7.263234412436376,26.147643884770954
14,31,914,192,62.2616,-35.2081,231.9856,2.0133,4.3115,-4.1217,-5.8796,1.8939,-1.6178,7.1707,-0.3737,0.1082,-2.4884,car,30,64.0618,-46.514,0.0124,-7.8033,7.7894,-0.4664,266.6646,7.803309852235781,28.091915468048814,-1.8002000000000038,11.305900000000001,-4.1341,1.9237000000000002,4.559759258996028,11.448322796375024,0,14_13_30_886_ego_30,0,886,860,886,vehicle_vehicle,0.7691258835868089,0.011703096085631097,2.0214249983259314,2.0232114125814995,15.0,3.0,3.5,0.8,7.263234412436376,26.147643884770954
14,13,915,915,67.7018,-39.5462,242.9668,1.2661,2.6528,0.0,-0.0,0.0,-0.0,-0.0,-0.0,-0.0,-0.0,truck,30,64.0642,-46.8278,0.1359,-7.8276,7.8144,-0.474,267.5233,7.828779634783444,28.1836066852204,3.637600000000006,7.2816000000000045,-0.1359,7.8276,7.828779634783444,8.139645712191662,0,14_13_30_886_ego_30,1,886,860,886,vehicle_vehicle,0.7691258835868089,0.011703096085631097,2.0214249983259314,2.0232114125814995,15.0,3.0,3.5,0.8,7.263234412436376,26.147643884770954
14,14,915,915,70.6178,-36.4685,224.0776,2.1358,4.5059,-0.0,0.0,-0.0,-0.0,0.0,0.0,0.0,0.0,trailer,30,64.0642,-46.8278,0.1359,-7.8276,7.8144,-0.474,267.5233,7.828779634783444,28.1836066852204,6.553600000000003,10.359300000000005,-0.1359,7.8276,7.828779634783444,12.258253115758384,0,14_13_30_886_ego_30,0,886,860,886,vehicle_vehicle,0.7691258835868089,0.011703096085631097,2.0214249983259314,2.0232114125814995,15.0,3.0,3.5,0.8,7.263234412436376,26.147643884770954
14,27,915,341,71.3081,-28.4578,199.7244,2.0752,4.7129,-6.9041,-2.7564,-0.4408,-1.641,7.4293,-0.2645,0.9688,-1.396,car,30,64.0642,-46.8278,0.1359,-7.8276,7.8144,-0.474,267.5233,7.828779634783444,28.1836066852204,7.2438999999999965,18.370000000000005,-7.04,5.0712,8.676328108134223,19.746670281594316,0,14_13_30_886_ego_30,0,886,860,886,vehicle_vehicle,0.7691258835868089,0.011703096085631097,2.0214249983259314,2.0232114125814995,15.0,3.0,3.5,0.8,7.263234412436376,26.147643884770954
14,30,915,202,64.0642,-46.8278,267.5233,1.9425,3.9964,0.1359,-7.8276,3.1555,-0.4447,7.8144,-0.474,0.3079,-3.1718,car,30,64.0642,-46.8278,0.1359,-7.8276,7.8144,-0.474,267.5233,7.828779634783444,28.1836066852204,0.0,0.0,0.0,0.0,0.0,0.0,1,14_13_30_886_ego_30,1,886,860,886,vehicle_vehicle,0.7691258835868089,0.011703096085631097,2.0214249983259314,2.0232114125814995,15.0,3.0,3.5,0.8,7.263234412436376,26.147643884770954
14,31,915,193,62.0992,-35.4464,232.7802,2.0133,4.3115,-4.0471,-5.9443,1.9382,-1.5966,7.1816,-0.3728,0.099,-2.5092,car,30,64.0642,-46.8278,0.1359,-7.8276,7.8144,-0.474,267.5233,7.828779634783444,28.1836066852204,-1.9649999999999963,11.381400000000006,-4.183000000000001,1.8833000000000002,4.5874075347629635,11.549783156406017,0,14_13_30_886_ego_30,0,886,860,886,vehicle_vehicle,0.7691258835868089,0.011703096085631097,2.0214249983259314,2.0232114125814995,15.0,3.0,3.5,0.8,7.263234412436376,26.147643884770954
14,13,916,916,67.7018,-39.5462,242.9668,1.2661,2.6528,0.0,-0.0,0.0,-0.0,-0.0,-0.0,-0.0,-0.0,truck,30,64.0712,-47.1422,0.2608,-7.8483,7.838,-0.4804,268.3956,7.852632012898606,28.26947524643498,3.630600000000001,7.596000000000004,-0.2608,7.8483,7.852632012898606,8.419054125019038,0,14_13_30_886_ego_30,1,886,860,886,vehicle_vehicle,0.7691258835868089,0.011703096085631097,2.0214249983259314,2.0232114125814995,15.0,3.0,3.5,0.8,7.263234412436376,26.147643884770954
14,14,916,916,70.6178,-36.4685,224.0776,2.1358,4.5059,-0.0,-0.0,-0.0,-0.0,0.0,0.0,0.0,0.0,trailer,30,64.0712,-47.1422,0.2608,-7.8483,7.838,-0.4804,268.3956,7.852632012898606,28.26947524643498,6.546599999999998,10.673700000000004,-0.2608,7.8483,7.852632012898606,12.521415385250984,0,14_13_30_886_ego_30,0,886,860,886,vehicle_vehicle,0.7691258835868089,0.011703096085631097,2.0214249983259314,2.0232114125814995,15.0,3.0,3.5,0.8,7.263234412436376,26.147643884770954
14,27,916,342,71.0312,-28.5695,200.3103,2.0752,4.7129,-6.9189,-2.828,-0.4653,-1.5638,7.4703,-0.2506,0.9792,-1.3051,car,30,64.0712,-47.1422,0.2608,-7.8483,7.838,-0.4804,268.3956,7.852632012898606,28.26947524643498,6.959999999999994,18.5727,-7.1796999999999995,5.020300000000001,8.76079358163403,19.833980570979694,0,14_13_30_886_ego_30,0,886,860,886,vehicle_vehicle,0.7691258835868089,0.011703096085631097,2.0214249983259314,2.0232114125814995,15.0,3.0,3.5,0.8,7.263234412436376,26.147643884770954
14,30,916,203,64.0712,-47.1422,268.3956,1.9425,3.9964,0.2608,-7.8483,3.179,-0.3614,7.838,-0.4804,0.2722,-3.1879,car,30,64.0712,-47.1422,0.2608,-7.8483,7.838,-0.4804,268.3956,7.852632012898606,28.26947524643498,0.0,0.0,0.0,0.0,0.0,0.0,1,14_13_30_886_ego_30,1,886,860,886,vehicle_vehicle,0.7691258835868089,0.011703096085631097,2.0214249983259314,2.0232114125814995,15.0,3.0,3.5,0.8,7.263234412436376,26.147643884770954
14,31,916,194,61.9391,-35.6857,233.5506,2.0133,4.3115,-3.9708,-6.0081,1.9838,-1.5755,7.1919,-0.3754,0.0887,-2.5317,car,30,64.0712,-47.1422,0.2608,-7.8483,7.838,-0.4804,268.3956,7.852632012898606,28.26947524643498,-2.132100000000001,11.456500000000005,-4.2316,1.8402000000000003,4.614409453006961,11.653207397965598,0,14_13_30_886_ego_30,0,886,860,886,vehicle_vehicle,0.7691258835868089,0.011703096085631097,2.0214249983259314,2.0232114125814995,15.0,3.0,3.5,0.8,7.263234412436376,26.147643884770954
14,13,917,917,67.7018,-39.5462,242.9668,1.2661,2.6528,0.0,-0.0,0.0,-0.0,-0.0,-0.0,-0.0,-0.0,truck,30,64.0834,-47.4576,0.3869,-7.8653,7.8598,-0.4856,269.2804,7.874810200887384,28.349316723194583,3.6184000000000083,7.9114,-0.3869,7.8653,7.874810200887384,8.699601629959849,0,14_13_30_886_ego_30,1,886,860,886,vehicle_vehicle,0.7691258835868089,0.011703096085631097,2.0214249983259314,2.0232114125814995,15.0,3.0,3.5,0.8,7.263234412436376,26.147643884770954
14,14,917,917,70.6178,-36.4685,224.0776,2.1358,4.5059,-0.0,-0.0,-0.0,-0.0,0.0,0.0,0.0,0.0,trailer,30,64.0834,-47.4576,0.3869,-7.8653,7.8598,-0.4856,269.2804,7.874810200887384,28.349316723194583,6.534400000000005,10.9891,-0.3869,7.8653,7.874810200887384,12.785096877614972,0,14_13_30_886_ego_30,0,886,860,886,vehicle_vehicle,0.7691258835868089,0.011703096085631097,2.0214249983259314,2.0232114125814995,15.0,3.0,3.5,0.8,7.263234412436376,26.147643884770954
14,27,917,343,70.7547,-28.6847,200.8583,2.0752,4.7129,-6.9349,-2.8962,-0.4926,-1.4808,7.5116,-0.2372,0.9876,-1.2084,car,30,64.0834,-47.4576,0.3869,-7.8653,7.8598,-0.4856,269.2804,7.874810200887384,28.349316723194583,6.671300000000002,18.7729,-7.3218,4.969100000000001,8.84876884374318,19.923052429284024,0,14_13_30_886_ego_30,0,886,860,886,vehicle_vehicle,0.7691258835868089,0.011703096085631097,2.0214249983259314,2.0232114125814995,15.0,3.0,3.5,0.8,7.263234412436376,26.147643884770954
14,30,917,204,64.0834,-47.4576,269.2804,1.9425,3.9964,0.3869,-7.8653,3.2038,-0.2753,7.8598,-0.4856,0.2351,-3.207,car,30,64.0834,-47.4576,0.3869,-7.8653,7.8598,-0.4856,269.2804,7.874810200887384,28.349316723194583,0.0,0.0,0.0,0.0,0.0,0.0,1,14_13_30_886_ego_30,1,886,860,886,vehicle_vehicle,0.7691258835868089,0.011703096085631097,2.0214249983259314,2.0232114125814995,15.0,3.0,3.5,0.8,7.263234412436376,26.147643884770954
14,31,917,195,61.7825,-35.9279,234.2604,2.0133,4.3115,-3.8929,-6.0708,2.0307,-1.5546,7.2014,-0.3861,0.0757,-2.5563,car,30,64.0834,-47.4576,0.3869,-7.8653,7.8598,-0.4856,269.2804,7.874810200887384,28.349316723194583,-2.3008999999999986,11.529699999999998,-4.2798,1.7945000000000002,4.640788541832088,11.757045670575579,0,14_13_30_886_ego_30,0,886,860,886,vehicle_vehicle,0.7691258835868089,0.011703096085631097,2.0214249983259314,2.0232114125814995,15.0,3.0,3.5,0.8,7.263234412436376,26.147643884770954
14,13,918,918,67.7018,-39.5462,242.9668,1.2661,2.6528,0.0,-0.0,0.0,-0.0,-0.0,-0.0,-0.0,-0.0,truck,30,64.1005,-47.7733,0.5143,-7.8784,7.8798,-0.4922,270.161,7.895168842399762,28.422607832639144,3.601300000000009,8.2271,-0.5143,7.8784,7.895168842399762,8.980787053482565,0,14_13_30_886_ego_30,1,886,860,886,vehicle_vehicle,0.7691258835868089,0.011703096085631097,2.0214249983259314,2.0232114125814995,15.0,3.0,3.5,0.8,7.263234412436376,26.147643884770954
14,14,918,918,70.6178,-36.4685,224.0776,2.1358,4.5059,-0.0,-0.0,-0.0,-0.0,0.0,0.0,0.0,0.0,trailer,30,64.1005,-47.7733,0.5143,-7.8784,7.8798,-0.4922,270.161,7.895168842399762,28.422607832639144,6.517300000000006,11.3048,-0.5143,7.8784,7.895168842399762,13.048896594348507,0,14_13_30_886_ego_30,0,886,860,886,vehicle_vehicle,0.7691258835868089,0.011703096085631097,2.0214249983259314,2.0232114125814995,15.0,3.0,3.5,0.8,7.263234412436376,26.147643884770954
14,27,918,344,70.4778,-28.8033,201.3833,2.0752,4.7129,-6.9523,-2.9605,-0.5224,-1.3925,7.5531,-0.2218,0.9941,-1.1062,car,30,64.1005,-47.7733,0.5143,-7.8784,7.8798,-0.4922,270.161,7.895168842399762,28.422607832639144,6.377300000000005,18.97,-7.4666,4.9178999999999995,8.940685430659105,20.013266981929764,0,14_13_30_886_ego_30,0,886,860,886,vehicle_vehicle,0.7691258835868089,0.011703096085631097,2.0214249983259314,2.0232114125814995,15.0,3.0,3.5,0.8,7.263234412436376,26.147643884770954
14,30,918,205,64.1005,-47.7733,270.161,1.9425,3.9964,0.5143,-7.8784,3.2295,-0.187,7.8798,-0.4922,0.1961,-3.2289,car,30,64.1005,-47.7733,0.5143,-7.8784,7.8798,-0.4922,270.161,7.895168842399762,28.422607832639144,0.0,0.0,0.0,0.0,0.0,0.0,1,14_13_30_886_ego_30,1,886,860,886,vehicle_vehicle,0.7691258835868089,0.011703096085631097,2.0214249983259314,2.0232114125814995,15.0,3.0,3.5,0.8,7.263234412436376,26.147643884770954
14,31,918,196,61.6276,-36.1714,234.9209,2.0133,4.3115,-3.8129,-6.1328,2.0789,-1.534,7.2102,-0.4043,0.0606,-2.5829,car,30,64.1005,-47.7733,0.5143,-7.8784,7.8798,-0.4922,270.161,7.895168842399762,28.422607832639144,-2.4728999999999957,11.6019,-4.3271999999999995,1.7456000000000005,4.666023917641229,11.862517355940938,0,14_13_30_886_ego_30,0,886,860,886,vehicle_vehicle,0.7691258835868089,0.011703096085631097,2.0214249983259314,2.0232114125814995,15.0,3.0,3.5,0.8,7.263234412436376,26.147643884770954
14,13,919,919,67.7018,-39.5462,242.9668,1.2661,2.6528,0.0,-0.0,0.0,-0.0,-0.0,-0.0,-0.0,-0.0,truck,30,64.1223,-48.0891,0.6433,-7.8878,7.8981,-0.5011,271.0323,7.913989116115841,28.49036081801703,3.57950000000001,8.542900000000003,-0.6433,7.8878,7.913989116115841,9.262502937111552,0,14_13_30_886_ego_30,1,886,860,886,vehicle_vehicle,0.7691258835868089,0.011703096085631097,2.0214249983259314,2.0232114125814995,15.0,3.0,3.5,0.8,7.263234412436376,26.147643884770954
14,14,919,919,70.6178,-36.4685,224.0776,2.1358,4.5059,-0.0,-0.0,-0.0,-0.0,0.0,0.0,0.0,0.0,trailer,30,64.1223,-48.0891,0.6433,-7.8878,7.8981,-0.5011,271.0323,7.913989116115841,28.49036081801703,6.495500000000007,11.620600000000003,-0.6433,7.8878,7.913989116115841,13.312770733772897,0,14_13_30_886_ego_30,0,886,860,886,vehicle_vehicle,0.7691258835868089,0.011703096085631097,2.0214249983259314,2.0232114125814995,15.0,3.0,3.5,0.8,7.263234412436376,26.147643884770954
14,27,919,345,70.2001,-28.9243,201.8832,2.0752,4.7129,-6.9713,-3.0206,-0.5542,-1.2994,7.5948,-0.2046,0.9986,-0.9992,car,30,64.1223,-48.0891,0.6433,-7.8878,7.8981,-0.5011,271.0323,7.913989116115841,28.49036081801703,6.0778000000000105,19.164800000000003,-7.6146,4.8672,9.03724344034175,20.105452292350954,0,14_13_30_886_ego_30,0,886,860,886,vehicle_vehicle,0.7691258835868089,0.011703096085631097,2.0214249983259314,2.0232114125814995,15.0,3.0,3.5,0.8,7.263234412436376,26.147643884770954
14,30,919,206,64.1223,-48.0891,271.0323,1.9425,3.9964,0.6433,-7.8878,3.2556,-0.0967,7.8981,-0.5011,0.1553,-3.2533,car,30,64.1223,-48.0891,0.6433,-7.8878,7.8981,-0.5011,271.0323,7.913989116115841,28.49036081801703,0.0,0.0,0.0,0.0,0.0,0.0,1,14_13_30_886_ego_30,1,886,860,886,vehicle_vehicle,0.7691258835868089,0.011703096085631097,2.0214249983259314,2.0232114125814995,15.0,3.0,3.5,0.8,7.263234412436376,26.147643884770954
14,31,919,197,61.4758,-36.4172,235.5672,2.0133,4.3115,-3.7305,-6.1944,2.1281,-1.5133,7.2184,-0.4257,0.0449,-2.6109,car,30,64.1223,-48.0891,0.6433,-7.8878,7.8981,-0.5011,271.0323,7.913989116115841,28.49036081801703,-2.646499999999996,11.6719,-4.3738,1.6934000000000005,4.690173770767988,11.96817495944975,0,14_13_30_886_ego_30,0,886,860,886,vehicle_vehicle,0.7691258835868089,0.011703096085631097,2.0214249983259314,2.0232114125814995,15.0,3.0,3.5,0.8,7.263234412436376,26.147643884770954
14,13,920,920,67.7018,-39.5462,242.9668,1.2661,2.6528,0.0,-0.0,-0.0,-0.0,-0.0,-0.0,0.0,0.0,truck,30,64.1494,-48.4044,0.7739,-7.8937,7.9151,-0.5107,271.9072,7.931545933801304,28.553565361684694,3.5524000000000058,8.858200000000004,-0.7739,7.8937,7.931545933801304,9.543964218290013,0,14_13_30_886_ego_30,1,886,860,886,vehicle_vehicle,0.7691258835868089,0.011703096085631097,2.0214249983259314,2.0232114125814995,15.0,3.0,3.5,0.8,7.263234412436376,26.147643884770954
14,14,920,920,70.6178,-36.4685,224.0776,2.1358,4.5059,-0.0,-0.0,-0.0,-0.0,0.0,0.0,0.0,0.0,trailer,30,64.1494,-48.4044,0.7739,-7.8937,7.9151,-0.5107,271.9072,7.931545933801304,28.553565361684694,6.468400000000003,11.935900000000004,-0.7739,7.8937,7.931545933801304,13.575931178744245,0,14_13_30_886_ego_30,0,886,860,886,vehicle_vehicle,0.7691258835868089,0.011703096085631097,2.0214249983259314,2.0232114125814995,15.0,3.0,3.5,0.8,7.263234412436376,26.147643884770954
14,27,920,346,69.9209,-29.0472,202.3492,2.0752,4.7129,-6.9915,-3.0766,-0.5879,-1.2021,7.6362,-0.187,1.0009,-0.8882,car,30,64.1494,-48.4044,0.7739,-7.8937,7.9151,-0.5107,271.9072,7.931545933801304,28.553565361684694,5.771500000000003,19.357200000000002,-7.7654000000000005,4.8171,9.138155698498467,20.19929216804391,0,14_13_30_886_ego_30,0,886,860,886,vehicle_vehicle,0.7691258835868089,0.011703096085631097,2.0214249983259314,2.0232114125814995,15.0,3.0,3.5,0.8,7.263234412436376,26.147643884770954
14,30,920,207,64.1494,-48.4044,271.9072,1.9425,3.9964,0.7739,-7.8937,3.2816,-0.0044,7.9151,-0.5107,0.1136,-3.2796,car,30,64.1494,-48.4044,0.7739,-7.8937,7.9151,-0.5107,271.9072,7.931545933801304,28.553565361684694,0.0,0.0,0.0,0.0,0.0,0.0,1,14_13_30_886_ego_30,1,886,860,886,vehicle_vehicle,0.7691258835868089,0.011703096085631097,2.0214249983259314,2.0232114125814995,15.0,3.0,3.5,0.8,7.263234412436376,26.147643884770954
14,31,920,198,61.3272,-36.6654,236.2522,2.0133,4.3115,-3.6457,-6.2554,2.1779,-1.4923,7.2267,-0.4437,0.031,-2.6399,car,30,64.1494,-48.4044,0.7739,-7.8937,7.9151,-0.5107,271.9072,7.931545933801304,28.553565361684694,-2.8222000000000023,11.739000000000004,-4.4196,1.6383,4.713479717788123,12.073480601715485,0,14_13_30_886_ego_30,0,886,860,886,vehicle_vehicle,0.7691258835868089,0.011703096085631097,2.0214249983259314,2.0232114125814995,15.0,3.0,3.5,0.8,7.263234412436376,26.147643884770954
14,13,921,921,67.7018,-39.5462,242.9668,1.2661,2.6528,0.0,-0.0,-0.0,-0.0,-0.0,-0.0,0.0,0.0,truck,30,64.1819,-48.7195,0.9059,-7.8961,7.9311,-0.5164,272.8192,7.947895949243422,28.612425417276317,3.519900000000007,9.173299999999998,-0.9059,7.8961,7.947895949243422,9.825432758917035,0,14_13_30_886_ego_30,1,886,860,886,vehicle_vehicle,0.7691258835868089,0.011703096085631097,2.0214249983259314,2.0232114125814995,15.0,3.0,3.5,0.8,7.263234412436376,26.147643884770954
14,14,921,921,70.6178,-36.4685,224.0776,2.1358,4.5059,-0.0,-0.0,0.0,0.0,0.0,0.0,-0.0,-0.0,trailer,30,64.1819,-48.7195,0.9059,-7.8961,7.9311,-0.5164,272.8192,7.947895949243422,28.612425417276317,6.435900000000004,12.250999999999998,-0.9059,7.8961,7.947895949243422,13.838634680126503,0,14_13_30_886_ego_30,0,886,860,886,vehicle_vehicle,0.7691258835868089,0.011703096085631097,2.0214249983259314,2.0232114125814995,15.0,3.0,3.5,0.8,7.263234412436376,26.147643884770954
14,27,921,347,69.6412,-29.1722,202.7838,2.0752,4.7129,-7.0133,-3.1283,-0.6235,-1.1009,7.6775,-0.1683,1.0012,-0.7736,car,30,64.1819,-48.7195,0.9059,-7.8961,7.9311,-0.5164,272.8192,7.947895949243422,28.612425417276317,5.459299999999999,19.547299999999996,-7.9192,4.767799999999999,9.24368138135451,20.29534167684791,0,14_13_30_886_ego_30,0,886,860,886,vehicle_vehicle,0.7691258835868089,0.011703096085631097,2.0214249983259314,2.0232114125814995,15.0,3.0,3.5,0.8,7.263234412436376,26.147643884770954
14,30,921,208,64.1819,-48.7195,272.8192,1.9425,3.9964,0.9059,-7.8961,3.3071,0.09,7.9311,-0.5164,0.0727,-3.3075,car,30,64.1819,-48.7195,0.9059,-7.8961,7.9311,-0.5164,272.8192,7.947895949243422,28.612425417276317,0.0,0.0,0.0,0.0,0.0,0.0,1,14_13_30_886_ego_30,1,886,860,886,vehicle_vehicle,0.7691258835868089,0.011703096085631097,2.0214249983259314,2.0232114125814995,15.0,3.0,3.5,0.8,7.263234412436376,26.147643884770954
14,31,921,199,61.1828,-36.9169,236.9691,2.0133,4.3115,-3.5589,-6.3155,2.2279,-1.4708,7.2347,-0.4589,0.0187,-2.6696,car,30,64.1819,-48.7195,0.9059,-7.8961,7.9311,-0.5164,272.8192,7.947895949243422,28.612425417276317,-2.9990999999999985,11.802599999999998,-4.4648,1.5805999999999996,4.73632087173156,12.177683177435679,0,14_13_30_886_ego_30,0,886,860,886,vehicle_vehicle,0.7691258835868089,0.011703096085631097,2.0214249983259314,2.0232114125814995,15.0,3.0,3.5,0.8,7.263234412436376,26.147643884770954
14,13,922,922,67.7018,-39.5462,242.9668,1.2661,2.6528,0.0,-0.0,-0.0,-0.0,-0.0,-0.0,0.0,0.0,truck,30,64.2202,-49.0348,1.0392,-7.895,7.9461,-0.5194,273.7584,7.963100001883689,28.66716000678128,3.4816000000000003,9.488599999999998,-1.0392,7.895,7.963100001883689,10.10717905847126,0,14_13_30_886_ego_30,1,886,860,886,vehicle_vehicle,0.7691258835868089,0.011703096085631097,2.0214249983259314,2.0232114125814995,15.0,3.0,3.5,0.8,7.263234412436376,26.147643884770954
14,14,922,922,70.6178,-36.4685,224.0776,2.1358,4.5059,-0.0,-0.0,0.0,0.0,0.0,0.0,-0.0,-0.0,trailer,30,64.2202,-49.0348,1.0392,-7.895,7.9461,-0.5194,273.7584,7.963100001883689,28.66716000678128,6.397599999999997,12.566299999999998,-1.0392,7.895,7.963100001883689,14.101105681825093,0,14_13_30_886_ego_30,0,886,860,886,vehicle_vehicle,0.7691258835868089,0.011703096085631097,2.0214249983259314,2.0232114125814995,15.0,3.0,3.5,0.8,7.263234412436376,26.147643884770954
14,27,922,348,69.3606,-29.2997,203.1865,2.0752,4.7129,-7.0367,-3.1754,-0.6608,-0.9964,7.7185,-0.1484,0.9997,-0.6558,car,30,64.2202,-49.0348,1.0392,-7.895,7.9461,-0.5194,273.7584,7.963100001883689,28.66716000678128,5.1404,19.735099999999996,-8.075899999999999,4.7196,9.353864707702373,20.3935745804898,0,14_13_30_886_ego_30,0,886,860,886,vehicle_vehicle,0.7691258835868089,0.011703096085631097,2.0214249983259314,2.0232114125814995,15.0,3.0,3.5,0.8,7.263234412436376,26.147643884770954
14,30,922,209,64.2202,-49.0348,273.7584,1.9425,3.9964,1.0392,-7.895,3.3316,0.1868,7.9461,-0.5194,0.032,-3.3367,car,30,64.2202,-49.0348,1.0392,-7.895,7.9461,-0.5194,273.7584,7.963100001883689,28.66716000678128,0.0,0.0,0.0,0.0,0.0,0.0,1,14_13_30_886_ego_30,1,886,860,886,vehicle_vehicle,0.7691258835868089,0.011703096085631097,2.0214249983259314,2.0232114125814995,15.0,3.0,3.5,0.8,7.263234412436376,26.147643884770954
14,31,922,200,61.0435,-37.1713,237.7277,2.0133,4.3115,-3.4705,-6.3746,2.2785,-1.449,7.2429,-0.4693,0.0086,-2.7002,car,30,64.2202,-49.0348,1.0392,-7.895,7.9461,-0.5194,273.7584,7.963100001883689,28.66716000678128,-3.176700000000004,11.863499999999995,-4.5097,1.5203999999999995,4.759097629803364,12.281451670710588,0,14_13_30_886_ego_30,0,886,860,886,vehicle_vehicle,0.7691258835868089,0.011703096085631097,2.0214249983259314,2.0232114125814995,15.0,3.0,3.5,0.8,7.263234412436376,26.147643884770954
14,13,923,923,67.7018,-39.5462,242.9668,1.2661,2.6528,0.0,-0.0,-0.0,-0.0,-0.0,-0.0,0.0,0.0,truck,30,64.2638,-49.3497,1.1737,-7.8902,7.9599,-0.5222,274.7073,7.97701872443584,28.717267407969025,3.4380000000000024,9.8035,-1.1737,7.8902,7.97701872443584,10.388862124891254,0,14_13_30_886_ego_30,1,886,860,886,vehicle_vehicle,0.7691258835868089,0.011703096085631097,2.0214249983259314,2.0232114125814995,15.0,3.0,3.5,0.8,7.263234412436376,26.147643884770954
14,14,923,923,70.6178,-36.4685,224.0776,2.1358,4.5059,-0.0,-0.0,0.0,0.0,0.0,0.0,-0.0,-0.0,trailer,30,64.2638,-49.3497,1.1737,-7.8902,7.9599,-0.5222,274.7073,7.97701872443584,28.717267407969025,6.353999999999999,12.8812,-1.1737,7.8902,7.97701872443584,14.363099576344933,0,14_13_30_886_ego_30,0,886,860,886,vehicle_vehicle,0.7691258835868089,0.011703096085631097,2.0214249983259314,2.0232114125814995,15.0,3.0,3.5,0.8,7.263234412436376,26.147643884770954
14,27,923,349,69.078,-29.4288,203.5514,2.0752,4.7129,-7.0613,-3.2178,-0.6997,-0.8892,7.7588,-0.1283,0.9967,-0.5355,car,30,64.2638,-49.3497,1.1737,-7.8902,7.9599,-0.5222,274.7073,7.97701872443584,28.717267407969025,4.8142,19.9209,-8.235,4.6724,9.468186033237833,20.494359674066423,0,14_13_30_886_ego_30,0,886,860,886,vehicle_vehicle,0.7691258835868089,0.011703096085631097,2.0214249983259314,2.0232114125814995,15.0,3.0,3.5,0.8,7.263234412436376,26.147643884770954
14,30,923,210,64.2638,-49.3497,274.7073,1.9425,3.9964,1.1737,-7.8902,3.3551,0.2862,7.9599,-0.5222,-0.0099,-3.3672,car,30,64.2638,-49.3497,1.1737,-7.8902,7.9599,-0.5222,274.7073,7.97701872443584,28.717267407969025,0.0,0.0,0.0,0.0,0.0,0.0,1,14_13_30_886_ego_30,1,886,860,886,vehicle_vehicle,0.7691258835868089,0.011703096085631097,2.0214249983259314,2.0232114125814995,15.0,3.0,3.5,0.8,7.263234412436376,26.147643884770954
14,31,923,201,60.9069,-37.4273,238.5252,2.0133,4.3115,-3.3802,-6.4328,2.3299,-1.4269,7.2513,-0.4758,0.0005,-2.7321,car,30,64.2638,-49.3497,1.1737,-7.8902,7.9599,-0.5222,274.7073,7.97701872443584,28.717267407969025,-3.356900000000003,11.922399999999996,-4.5539,1.4573999999999998,4.781424470803653,12.385975915122714,0,14_13_30_886_ego_30,0,886,860,886,vehicle_vehicle,0.7691258835868089,0.011703096085631097,2.0214249983259314,2.0232114125814995,15.0,3.0,3.5,0.8,7.263234412436376,26.147643884770954
14,13,924,924,67.7018,-39.5462,242.9668,1.2661,2.6528,0.0,-0.0,-0.0,-0.0,-0.0,-0.0,0.0,0.0,truck,30,64.3121,-49.6641,1.3097,-7.8819,7.9729,-0.5224,275.6854,7.989972571917878,28.76390125890436,3.389700000000005,10.117899999999999,-1.3097,7.8819,7.989972571917878,10.67061228327597,0,14_13_30_886_ego_30,1,886,860,886,vehicle_vehicle,0.7691258835868089,0.011703096085631097,2.0214249983259314,2.0232114125814995,15.0,3.0,3.5,0.8,7.263234412436376,26.147643884770954
14,14,924,924,70.6178,-36.4685,224.0776,2.1358,4.5059,-0.0,-0.0,0.0,0.0,0.0,0.0,-0.0,-0.0,trailer,30,64.3121,-49.6641,1.3097,-7.8819,7.9729,-0.5224,275.6854,7.989972571917878,28.76390125890436,6.305700000000002,13.195599999999999,-1.3097,7.8819,7.989972571917878,14.624832028095229,0,14_13_30_886_ego_30,0,886,860,886,vehicle_vehicle,0.7691258835868089,0.011703096085631097,2.0214249983259314,2.0232114125814995,15.0,3.0,3.5,0.8,7.263234412436376,26.147643884770954
14,27,924,350,68.7951,-29.5599,203.8757,2.0752,4.7129,-7.0875,-3.2552,-0.7404,-0.7797,7.7985,-0.108,0.9927,-0.4133,car,30,64.3121,-49.6641,1.3097,-7.8819,7.9729,-0.5224,275.6854,7.989972571917878,28.76390125890436,4.483000000000004,20.1042,-8.3972,4.6267,9.587456426498115,20.5979646237195,0,14_13_30_886_ego_30,0,886,860,886,vehicle_vehicle,0.7691258835868089,0.011703096085631097,2.0214249983259314,2.0232114125814995,15.0,3.0,3.5,0.8,7.263234412436376,26.147643884770954
14,30,924,211,64.3121,-49.6641,275.6854,1.9425,3.9964,1.3097,-7.8819,3.377,0.3886,7.9729,-0.5224,-0.0521,-3.3989,car,30,64.3121,-49.6641,1.3097,-7.8819,7.9729,-0.5224,275.6854,7.989972571917878,28.76390125890436,0.0,0.0,0.0,0.0,0.0,0.0,1,14_13_30_886_ego_30,1,886,860,886,vehicle_vehicle,0.7691258835868089,0.011703096085631097,2.0214249983259314,2.0232114125814995,15.0,3.0,3.5,0.8,7.263234412436376,26.147643884770954
14,31,924,202,60.7721,-37.6845,239.3661,2.0133,4.3115,-3.2874,-6.4907,2.3819,-1.4043,7.2599,-0.4788,-0.0053,-2.765,car,30,64.3121,-49.6641,1.3097,-7.8819,7.9729,-0.5224,275.6854,7.989972571917878,28.76390125890436,-3.539999999999999,11.979599999999998,-4.5971,1.3911999999999995,4.802995508013723,12.491693886739297,0,14_13_30_886_ego_30,0,886,860,886,vehicle_vehicle,0.7691258835868089,0.011703096085631097,2.0214249983259314,2.0232114125814995,15.0,3.0,3.5,0.8,7.263234412436376,26.147643884770954
14,13,925,925,67.7018,-39.5462,242.9668,1.2661,2.6528,0.0,-0.0,-0.0,-0.0,-0.0,-0.0,0.0,0.0,truck,30,64.3658,-49.9786,1.4471,-7.8697,7.9848,-0.5199,276.6942,8.001642112716613,28.80591160577981,3.3360000000000127,10.432400000000001,-1.4471,7.8697,8.001642112716613,10.95280173106407,0,14_13_30_886_ego_30,1,886,860,886,vehicle_vehicle,0.7691258835868089,0.011703096085631097,2.0214249983259314,2.0232114125814995,15.0,3.0,3.5,0.8,7.263234412436376,26.147643884770954
14,14,925,925,70.6178,-36.4685,224.0776,2.1358,4.5059,-0.0,-0.0,0.0,0.0,0.0,0.0,-0.0,-0.0,trailer,30,64.3658,-49.9786,1.4471,-7.8697,7.9848,-0.5199,276.6942,8.001642112716613,28.80591160577981,6.2520000000000095,13.510100000000001,-1.4471,7.8697,8.001642112716613,14.886581407764515,0,14_13_30_886_ego_30,0,886,860,886,vehicle_vehicle,0.7691258835868089,0.011703096085631097,2.0214249983259314,2.0232114125814995,15.0,3.0,3.5,0.8,7.263234412436376,26.147643884770954
14,27,925,351,68.5118,-29.6928,204.1516,2.0752,4.7129,-7.1157,-3.2874,-0.7828,-0.6688,7.8379,-0.0883,0.9879,-0.29,car,30,64.3658,-49.9786,1.4471,-7.8697,7.9848,-0.5199,276.6942,8.001642112716613,28.80591160577981,4.146000000000001,20.285800000000002,-8.562800000000001,4.5823,9.71179783201854,20.705144231325704,0,14_13_30_886_ego_30,0,886,860,886,vehicle_vehicle,0.7691258835868089,0.011703096085631097,2.0214249983259314,2.0232114125814995,15.0,3.0,3.5,0.8,7.263234412436376,26.147643884770954
14,30,925,212,64.3658,-49.9786,276.6942,1.9425,3.9964,1.4471,-7.8697,3.3968,0.4941,7.9848,-0.5199,-0.0948,-3.4313,car,30,64.3658,-49.9786,1.4471,-7.8697,7.9848,-0.5199,276.6942,8.001642112716613,28.80591160577981,0.0,0.0,0.0,0.0,0.0,0.0,1,14_13_30_886_ego_30,1,886,860,886,vehicle_vehicle,0.7691258835868089,0.011703096085631097,2.0214249983259314,2.0232114125814995,15.0,3.0,3.5,0.8,7.263234412436376,26.147643884770954
14,31,925,203,60.6395,-37.9435,240.2182,2.0133,4.3115,-3.1912,-6.5484,2.4336,-1.3806,7.2686,-0.4828,-0.0105,-2.7979,car,30,64.3658,-49.9786,1.4471,-7.8697,7.9848,-0.5199,276.6942,8.001642112716613,28.80591160577981,-3.726299999999995,12.0351,-4.6383,1.3213,4.82282703193884,12.59876754686743,0,14_13_30_886_ego_30,0,886,860,886,vehicle_vehicle,0.7691258835868089,0.011703096085631097,2.0214249983259314,2.0232114125814995,15.0,3.0,3.5,0.8,7.263234412436376,26.147643884770954
14,13,926,926,67.7018,-39.5462,242.9668,1.2661,2.6528,0.0,-0.0,-0.0,0.0,-0.0,-0.0,0.0,0.0,truck,30,64.4248,-50.2933,1.586,-7.8531,7.9953,-0.5127,277.7485,8.011652489343257,28.841948961635726,3.277000000000001,10.747100000000003,-1.586,7.8531,8.011652489343257,11.23560801247534,0,14_13_30_886_ego_30,1,886,860,886,vehicle_vehicle,0.7691258835868089,0.011703096085631097,2.0214249983259314,2.0232114125814995,15.0,3.0,3.5,0.8,7.263234412436376,26.147643884770954
14,14,926,926,70.6178,-36.4685,224.0776,2.1358,4.5059,-0.0,-0.0,0.0,0.0,0.0,0.0,-0.0,-0.0,trailer,30,64.4248,-50.2933,1.586,-7.8531,7.9953,-0.5127,277.7485,8.011652489343257,28.841948961635726,6.192999999999998,13.824800000000003,-1.586,7.8531,8.011652489343257,15.148542637494872,0,14_13_30_886_ego_30,0,886,860,886,vehicle_vehicle,0.7691258835868089,0.011703096085631097,2.0214249983259314,2.0232114125814995,15.0,3.0,3.5,0.8,7.263234412436376,26.147643884770954
14,27,926,352,68.2276,-29.8264,204.3716,2.0752,4.7129,-7.146,-3.3146,-0.8263,-0.5572,7.8769,-0.0704,0.9826,-0.1665,car,30,64.4248,-50.2933,1.586,-7.8531,7.9953,-0.5127,277.7485,8.011652489343257,28.841948961635726,3.8027999999999906,20.466900000000003,-8.732,4.538500000000001,9.84102668678426,20.817187212733618,0,14_13_30_886_ego_30,0,886,860,886,vehicle_vehicle,0.7691258835868089,0.011703096085631097,2.0214249983259314,2.0232114125814995,15.0,3.0,3.5,0.8,7.263234412436376,26.147643884770954
14,30,926,213,64.4248,-50.2933,277.7485,1.9425,3.9964,1.586,-7.8531,3.414,0.603,7.9953,-0.5127,-0.1372,-3.4642,car,30,64.4248,-50.2933,1.586,-7.8531,7.9953,-0.5127,277.7485,8.011652489343257,28.841948961635726,0.0,0.0,0.0,0.0,0.0,0.0,1,14_13_30_886_ego_30,1,886,860,886,vehicle_vehicle,0.7691258835868089,0.011703096085631097,2.0214249983259314,2.0232114125814995,15.0,3.0,3.5,0.8,7.263234412436376,26.147643884770954
14,31,926,204,60.5118,-38.2053,241.0635,2.0133,4.3115,-3.0922,-6.6056,2.484,-1.3551,7.277,-0.4899,-0.0159,-2.8295,car,30,64.4248,-50.2933,1.586,-7.8531,7.9953,-0.5127,277.7485,8.011652489343257,28.841948961635726,-3.913000000000004,12.088000000000001,-4.6782,1.2475000000000005,4.841674451055131,12.705562285865197,0,14_13_30_886_ego_30,0,886,860,886,vehicle_vehicle,0.7691258835868089,0.011703096085631097,2.0214249983259314,2.0232114125814995,15.0,3.0,3.5,0.8,7.263234412436376,26.147643884770954
14,13,927,927,67.7018,-39.5462,242.9668,1.2661,2.6528,0.0,-0.0,-0.0,0.0,-0.0,-0.0,0.0,0.0,truck,30,64.4896,-50.6078,1.7261,-7.8319,8.004,-0.5047,278.8204,8.019855286724319,28.87147903220755,3.21220000000001,11.061599999999999,-1.7261,7.8319,8.019855286724319,11.518559953396954,0,14_13_30_886_ego_30,1,886,860,886,vehicle_vehicle,0.7691258835868089,0.011703096085631097,2.0214249983259314,2.0232114125814995,15.0,3.0,3.5,0.8,7.263234412436376,26.147643884770954
14,14,927,927,70.6178,-36.4685,224.0776,2.1358,4.5059,-0.0,-0.0,0.0,0.0,0.0,0.0,-0.0,-0.0,trailer,30,64.4896,-50.6078,1.7261,-7.8319,8.004,-0.5047,278.8204,8.019855286724319,28.87147903220755,6.128200000000007,14.139299999999999,-1.7261,7.8319,8.019855286724319,15.410212189648787,0,14_13_30_886_ego_30,0,886,860,886,vehicle_vehicle,0.7691258835868089,0.011703096085631097,2.0214249983259314,2.0232114125814995,15.0,3.0,3.5,0.8,7.263234412436376,26.147643884770954
14,27,927,353,67.9425,-29.9601,204.5354,2.0752,4.7129,-7.1786,-3.337,-0.8706,-0.4453,7.9161,-0.0547,0.9769,-0.0435,car,30,64.4896,-50.6078,1.7261,-7.8319,8.004,-0.5047,278.8204,8.019855286724319,28.87147903220755,3.4528999999999996,20.647699999999997,-8.9047,4.4948999999999995,9.974858801005656,20.934422220352772,0,14_13_30_886_ego_30,0,886,860,886,vehicle_vehicle,0.7691258835868089,0.011703096085631097,2.0214249983259314,2.0232114125814995,15.0,3.0,3.5,0.8,7.263234412436376,26.147643884770954
14,30,927,214,64.4896,-50.6078,278.8204,1.9425,3.9964,1.7261,-7.8319,3.428,0.7149,8.004,-0.5047,-0.1808,-3.4971,car,30,64.4896,-50.6078,1.7261,-7.8319,8.004,-0.5047,278.8204,8.019855286724319,28.87147903220755,0.0,0.0,0.0,0.0,0.0,0.0,1,14_13_30_886_ego_30,1,886,860,886,vehicle_vehicle,0.7691258835868089,0.011703096085631097,2.0214249983259314,2.0232114125814995,15.0,3.0,3.5,0.8,7.263234412436376,26.147643884770954
14,31,927,205,60.3893,-38.47,241.9495,2.0133,4.3115,-2.9908,-6.662,2.5326,-1.3276,7.2859,-0.4933,-0.0193,-2.8593,car,30,64.4896,-50.6078,1.7261,-7.8319,8.004,-0.5047,278.8204,8.019855286724319,28.87147903220755,-4.100299999999997,12.137799999999999,-4.7169,1.1699000000000002,4.859816006805196,12.81166066245902,0,14_13_30_886_ego_30,0,886,860,886,vehicle_vehicle,0.7691258835868089,0.011703096085631097,2.0214249983259314,2.0232114125814995,15.0,3.0,3.5,0.8,7.263234412436376,26.147643884770954
14,13,928,928,67.7018,-39.5462,242.9668,1.2661,2.6528,0.0,-0.0,-0.0,0.0,-0.0,-0.0,0.0,0.0,truck,30,64.5601,-50.9225,1.8672,-7.8054,8.0102,-0.4972,279.902,8.025628012809962,28.892260846115864,3.1417,11.3763,-1.8672,7.8054,8.025628012809962,11.802138813791338,0,14_13_30_886_ego_30,1,886,860,886,vehicle_vehicle,0.7691258835868089,0.011703096085631097,2.0214249983259314,2.0232114125814995,15.0,3.0,3.5,0.8,7.263234412436376,26.147643884770954
14,14,928,928,70.6178,-36.4685,224.0776,2.1358,4.5059,-0.0,-0.0,0.0,0.0,0.0,0.0,-0.0,-0.0,trailer,30,64.5601,-50.9225,1.8672,-7.8054,8.0102,-0.4972,279.902,8.025628012809962,28.892260846115864,6.057699999999997,14.454,-1.8672,7.8054,8.025628012809962,15.672072144103982,0,14_13_30_886_ego_30,0,886,860,886,vehicle_vehicle,0.7691258835868089,0.011703096085631097,2.0214249983259314,2.0232114125814995,15.0,3.0,3.5,0.8,7.263234412436376,26.147643884770954
14,27,928,354,67.6551,-30.0938,204.6526,2.0752,4.7129,-7.2131,-3.355,-0.9153,-0.3332,7.9551,-0.0405,0.9709,0.0789,car,30,64.5601,-50.9225,1.8672,-7.8054,8.0102,-0.4972,279.902,8.025628012809962,28.892260846115864,3.094999999999999,20.828699999999998,-9.0803,4.4504,10.112265238313322,21.05739225758973,0,14_13_30_886_ego_30,0,886,860,886,vehicle_vehicle,0.7691258835868089,0.011703096085631097,2.0214249983259314,2.0232114125814995,15.0,3.0,3.5,0.8,7.263234412436376,26.147643884770954
14,30,928,215,64.5601,-50.9225,279.902,1.9425,3.9964,1.8672,-7.8054,3.4382,0.8292,8.0102,-0.4972,-0.2256,-3.5296,car,30,64.5601,-50.9225,1.8672,-7.8054,8.0102,-0.4972,279.902,8.025628012809962,28.892260846115864,0.0,0.0,0.0,0.0,0.0,0.0,1,14_13_30_886_ego_30,1,886,860,886,vehicle_vehicle,0.7691258835868089,0.011703096085631097,2.0214249983259314,2.0232114125814995,15.0,3.0,3.5,0.8,7.263234412436376,26.147643884770954
14,31,928,206,60.2717,-38.7377,242.8565,2.0133,4.3115,-2.8875,-6.7172,2.5791,-1.2978,7.2948,-0.4951,-0.0218,-2.8872,car,30,64.5601,-50.9225,1.8672,-7.8054,8.0102,-0.4972,279.902,8.025628012809962,28.892260846115864,-4.288400000000003,12.184800000000003,-4.7547,1.0881999999999996,4.877637884263242,12.9174194636545,0,14_13_30_886_ego_30,0,886,860,886,vehicle_vehicle,0.7691258835868089,0.011703096085631097,2.0214249983259314,2.0232114125814995,15.0,3.0,3.5,0.8,7.263234412436376,26.147643884770954
14,13,929,929,67.7018,-39.5462,242.9668,1.2661,2.6528,0.0,-0.0,-0.0,0.0,-0.0,-0.0,0.0,0.0,truck,30,64.6361,-51.2358,2.0093,-7.7736,8.0142,-0.4895,280.9978,8.029081108694818,28.904691991301345,3.0657000000000068,11.689599999999999,-2.0093,7.7736,8.029081108694818,12.084918892983932,0,14_13_30_886_ego_30,1,886,860,886,vehicle_vehicle,0.7691258835868089,0.011703096085631097,2.0214249983259314,2.0232114125814995,15.0,3.0,3.5,0.8,7.263234412436376,26.147643884770954
14,14,929,929,70.6178,-36.4685,224.0776,2.1358,4.5059,-0.0,-0.0,0.0,0.0,0.0,0.0,-0.0,-0.0,trailer,30,64.6361,-51.2358,2.0093,-7.7736,8.0142,-0.4895,280.9978,8.029081108694818,28.904691991301345,5.981700000000004,14.767299999999999,-2.0093,7.7736,8.029081108694818,15.932792730089727,0,14_13_30_886_ego_30,0,886,860,886,vehicle_vehicle,0.7691258835868089,0.011703096085631097,2.0214249983259314,2.0232114125814995,15.0,3.0,3.5,0.8,7.263234412436376,26.147643884770954
14,27,929,355,67.3662,-30.2277,204.7373,2.0752,4.7129,-7.2496,-3.3687,-0.9602,-0.2209,7.994,-0.0259,0.9645,0.2012,car,30,64.6361,-51.2358,2.0093,-7.7736,8.0142,-0.4895,280.9978,8.029081108694818,28.904691991301345,2.7301000000000073,21.0081,-9.2589,4.4049,10.253310354222192,21.184751865905817,0,14_13_30_886_ego_30,0,886,860,886,vehicle_vehicle,0.7691258835868089,0.011703096085631097,2.0214249983259314,2.0232114125814995,15.0,3.0,3.5,0.8,7.263234412436376,26.147643884770954
14,30,929,216,64.6361,-51.2358,280.9978,1.9425,3.9964,2.0093,-7.7736,3.444,0.9453,8.0142,-0.4895,-0.2709,-3.5611,car,30,64.6361,-51.2358,2.0093,-7.7736,8.0142,-0.4895,280.9978,8.029081108694818,28.904691991301345,0.0,0.0,0.0,0.0,0.0,0.0,1,14_13_30_886_ego_30,1,886,860,886,vehicle_vehicle,0.7691258835868089,0.011703096085631097,2.0214249983259314,2.0232114125814995,15.0,3.0,3.5,0.8,7.263234412436376,26.147643884770954
14,31,929,207,60.158,-39.0072,243.7879,2.0133,4.3115,-2.7822,-6.7714,2.6236,-1.2658,7.304,-0.4948,-0.0232,-2.9129,car,30,64.6361,-51.2358,2.0093,-7.7736,8.0142,-0.4895,280.9978,8.029081108694818,28.904691991301345,-4.478099999999998,12.2286,-4.7915,1.0022000000000002,4.8951891781625765,13.022750768174902,0,14_13_30_886_ego_30,0,886,860,886,vehicle_vehicle,0.7691258835868089,0.011703096085631097,2.0214249983259314,2.0232114125814995,15.0,3.0,3.5,0.8,7.263234412436376,26.147643884770954
14,13,930,930,67.7018,-39.5462,242.9668,1.2661,2.6528,0.0,-0.0,-0.0,0.0,-0.0,-0.0,0.0,0.0,truck,30,64.7174,-51.548,2.1525,-7.7363,8.0159,-0.4797,282.1235,8.030167740464703,28.908603865672934,2.984400000000008,12.001800000000003,-2.1525,7.7363,8.030167740464703,12.367289379649856,0,14_13_30_886_ego_30,1,886,860,886,vehicle_vehicle,0.7691258835868089,0.011703096085631097,2.0214249983259314,2.0232114125814995,15.0,3.0,3.5,0.8,7.263234412436376,26.147643884770954
14,14,930,930,70.6178,-36.4685,224.0776,2.1358,4.5059,-0.0,-0.0,0.0,0.0,0.0,0.0,-0.0,-0.0,trailer,30,64.7174,-51.548,2.1525,-7.7363,8.0159,-0.4797,282.1235,8.030167740464703,28.908603865672934,5.900400000000005,15.079500000000003,-2.1525,7.7363,8.030167740464703,16.19277741494646,0,14_13_30_886_ego_30,0,886,860,886,vehicle_vehicle,0.7691258835868089,0.011703096085631097,2.0214249983259314,2.0232114125814995,15.0,3.0,3.5,0.8,7.263234412436376,26.147643884770954
14,27,930,356,67.0761,-30.3625,204.7924,2.0752,4.7129,-7.2881,-3.378,-1.0051,-0.1082,8.0329,-0.0105,0.9578,0.3233,car,30,64.7174,-51.548,2.1525,-7.7363,8.0159,-0.4797,282.1235,8.030167740464703,28.908603865672934,2.358699999999999,21.1855,-9.4406,4.3583,10.398062668112749,21.31639922547896,0,14_13_30_886_ego_30,0,886,860,886,vehicle_vehicle,0.7691258835868089,0.011703096085631097,2.0214249983259314,2.0232114125814995,15.0,3.0,3.5,0.8,7.263234412436376,26.147643884770954
14,30,930,217,64.7174,-51.548,282.1235,1.9425,3.9964,2.1525,-7.7363,3.4449,1.0623,8.0159,-0.4797,-0.3151,-3.5912,car,30,64.7174,-51.548,2.1525,-7.7363,8.0159,-0.4797,282.1235,8.030167740464703,28.908603865672934,0.0,0.0,0.0,0.0,0.0,0.0,1,14_13_30_886_ego_30,1,886,860,886,vehicle_vehicle,0.7691258835868089,0.011703096085631097,2.0214249983259314,2.0232114125814995,15.0,3.0,3.5,0.8,7.263234412436376,26.147643884770954
14,31,930,208,60.0484,-39.2791,244.6928,2.0133,4.3115,-2.675,-6.8243,2.6659,-1.2316,7.3129,-0.4989,-0.0262,-2.9365,car,30,64.7174,-51.548,2.1525,-7.7363,8.0159,-0.4797,282.1235,8.030167740464703,28.908603865672934,-4.668999999999997,12.268900000000002,-4.8275,0.9119999999999999,4.91289123124052,13.127279543378362,0,14_13_30_886_ego_30,0,886,860,886,vehicle_vehicle,0.7691258835868089,0.011703096085631097,2.0214249983259314,2.0232114125814995,15.0,3.0,3.5,0.8,7.263234412436376,26.147643884770954
14,13,931,931,67.7018,-39.5462,242.9668,1.2661,2.6528,-0.0,-0.0,-0.0,0.0,0.0,0.0,0.0,0.0,truck,30,64.8062,-51.8591,2.2956,-7.6934,8.0146,-0.475,283.2225,8.028585362316328,28.90290730433878,2.8956000000000017,12.312899999999999,-2.2956,7.6934,8.028585362316328,12.648794637039531,0,14_13_30_886_ego_30,1,886,860,886,vehicle_vehicle,0.7691258835868089,0.011703096085631097,2.0214249983259314,2.0232114125814995,15.0,3.0,3.5,0.8,7.263234412436376,26.147643884770954
14,14,931,931,70.6178,-36.4685,224.0776,2.1358,4.5059,0.0,0.0,0.0,0.0,-0.0,0.0,-0.0,-0.0,trailer,30,64.8062,-51.8591,2.2956,-7.6934,8.0146,-0.475,283.2225,8.028585362316328,28.90290730433878,5.8115999999999985,15.3906,-2.2956,7.6934,8.028585362316328,16.45129973345571,0,14_13_30_886_ego_30,0,886,860,886,vehicle_vehicle,0.7691258835868089,0.011703096085631097,2.0214249983259314,2.0232114125814995,15.0,3.0,3.5,0.8,7.263234412436376,26.147643884770954
14,27,931,357,66.784,-30.4975,204.8046,2.0752,4.7129,-7.3285,-3.3829,-1.0498,0.0051,8.0716,0.0037,0.9509,0.445,car,30,64.8062,-51.8591,2.2956,-7.6934,8.0146,-0.475,283.2225,8.028585362316328,28.90290730433878,1.977800000000002,21.3616,-9.6241,4.310499999999999,10.54531702036501,21.452963604127053,0,14_13_30_886_ego_30,0,886,860,886,vehicle_vehicle,0.7691258835868089,0.011703096085631097,2.0214249983259314,2.0232114125814995,15.0,3.0,3.5,0.8,7.263234412436376,26.147643884770954
14,30,931,218,64.8062,-51.8591,283.2225,1.9425,3.9964,2.2956,-7.6934,3.4404,1.1795,8.0146,-0.475,-0.3612,-3.619,car,30,64.8062,-51.8591,2.2956,-7.6934,8.0146,-0.475,283.2225,8.028585362316328,28.90290730433878,0.0,0.0,0.0,0.0,0.0,0.0,1,14_13_30_886_ego_30,1,886,860,886,vehicle_vehicle,0.7691258835868089,0.011703096085631097,2.0214249983259314,2.0232114125814995,15.0,3.0,3.5,0.8,7.263234412436376,26.147643884770954
14,31,931,209,59.9437,-39.5533,245.611,2.0133,4.3115,-2.5661,-6.8757,2.706,-1.1952,7.3218,-0.502,-0.0288,-2.958,car,30,64.8062,-51.8591,2.2956,-7.6934,8.0146,-0.475,283.2225,8.028585362316328,28.90290730433878,-4.862500000000004,12.305799999999998,-4.8617,0.8176999999999994,4.929985819452222,13.2316521980439,0,14_13_30_886_ego_30,0,886,860,886,vehicle_vehicle,0.7691258835868089,0.011703096085631097,2.0214249983259314,2.0232114125814995,15.0,3.0,3.5,0.8,7.263234412436376,26.147643884770954
14,13,932,932,67.7018,-39.5462,242.9668,1.2661,2.6528,-0.0,-0.0,-0.0,0.0,0.0,0.0,0.0,0.0,truck,30,64.9007,-52.1682,2.4387,-7.6449,8.0104,-0.4742,284.3043,8.024447251991878,28.888010107170764,2.8011000000000053,12.622,-2.4387,7.6449,8.024447251991878,12.929077508082315,0,14_13_30_886_ego_30,1,886,860,886,vehicle_vehicle,0.7691258835868089,0.011703096085631097,2.0214249983259314,2.0232114125814995,15.0,3.0,3.5,0.8,7.263234412436376,26.147643884770954
14,14,932,932,70.6178,-36.4685,224.0776,2.1358,4.5059,0.0,0.0,0.0,0.0,-0.0,-0.0,-0.0,-0.0,trailer,30,64.9007,-52.1682,2.4387,-7.6449,8.0104,-0.4742,284.3043,8.024447251991878,28.888010107170764,5.717100000000002,15.6997,-2.4387,7.6449,8.024447251991878,16.70825581860656,0,14_13_30_886_ego_30,0,886,860,886,vehicle_vehicle,0.7691258835868089,0.011703096085631097,2.0214249983259314,2.0232114125814995,15.0,3.0,3.5,0.8,7.263234412436376,26.147643884770954
14,27,932,358,66.4903,-30.6326,204.7795,2.0752,4.7129,-7.3708,-3.3833,-1.0943,0.1189,8.1102,0.0175,0.9437,0.5666,car,30,64.9007,-52.1682,2.4387,-7.6449,8.0104,-0.4742,284.3043,8.024447251991878,28.888010107170764,1.5896000000000043,21.5356,-9.8095,4.2616,10.695210367730033,21.594186613994054,0,14_13_30_886_ego_30,0,886,860,886,vehicle_vehicle,0.7691258835868089,0.011703096085631097,2.0214249983259314,2.0232114125814995,15.0,3.0,3.5,0.8,7.263234412436376,26.147643884770954
14,30,932,219,64.9007,-52.1682,284.3043,1.9425,3.9964,2.4387,-7.6449,3.4305,1.2957,8.0104,-0.4742,-0.4079,-3.6443,car,30,64.9007,-52.1682,2.4387,-7.6449,8.0104,-0.4742,284.3043,8.024447251991878,28.888010107170764,0.0,0.0,0.0,0.0,0.0,0.0,1,14_13_30_886_ego_30,1,886,860,886,vehicle_vehicle,0.7691258835868089,0.011703096085631097,2.0214249983259314,2.0232114125814995,15.0,3.0,3.5,0.8,7.263234412436376,26.147643884770954
14,31,932,210,59.8431,-39.8301,246.5266,2.0133,4.3115,-2.4556,-6.9254,2.7438,-1.1568,7.3304,-0.5061,-0.0319,-2.9775,car,30,64.9007,-52.1682,2.4387,-7.6449,8.0104,-0.4742,284.3043,8.024447251991878,28.888010107170764,-5.057600000000001,12.338099999999997,-4.894299999999999,0.7195,4.946903348560592,13.33446771978544,0,14_13_30_886_ego_30,0,886,860,886,vehicle_vehicle,0.7691258835868089,0.011703096085631097,2.0214249983259314,2.0232114125814995,15.0,3.0,3.5,0.8,7.263234412436376,26.147643884770954
14,13,933,933,67.7018,-39.5462,242.9668,1.2661,2.6528,-0.0,-0.0,-0.0,0.0,0.0,0.0,0.0,0.0,truck,30,64.9999,-52.4741,2.5817,-7.5913,8.0042,-0.4743,285.3916,8.018292248353136,28.86585209407129,2.701900000000009,12.927900000000001,-2.5817,7.5913,8.018292248353136,13.207227643226268,0,14_13_30_886_ego_30,1,886,860,886,vehicle_vehicle,0.7691258835868089,0.011703096085631097,2.0214249983259314,2.0232114125814995,15.0,3.0,3.5,0.8,7.263234412436376,26.147643884770954
14,14,933,933,70.6178,-36.4685,224.0776,2.1358,4.5059,0.0,0.0,0.0,0.0,-0.0,-0.0,-0.0,-0.0,trailer,30,64.9999,-52.4741,2.5817,-7.5913,8.0042,-0.4743,285.3916,8.018292248353136,28.86585209407129,5.617900000000006,16.0056,-2.5817,7.5913,8.018292248353136,16.962901631796374,0,14_13_30_886_ego_30,0,886,860,886,vehicle_vehicle,0.7691258835868089,0.011703096085631097,2.0214249983259314,2.0232114125814995,15.0,3.0,3.5,0.8,7.263234412436376,26.147643884770954
14,27,933,359,66.1949,-30.768,204.7103,2.0752,4.7129,-7.4151,-3.3791,-1.1384,0.2333,8.1486,0.0301,0.9366,0.6879,car,30,64.9999,-52.4741,2.5817,-7.5913,8.0042,-0.4743,285.3916,8.018292248353136,28.86585209407129,1.1950000000000074,21.7061,-9.9968,4.2122,10.847978571144028,21.738969667626844,0,14_13_30_886_ego_30,0,886,860,886,vehicle_vehicle,0.7691258835868089,0.011703096085631097,2.0214249983259314,2.0232114125814995,15.0,3.0,3.5,0.8,7.263234412436376,26.147643884770954
14,30,933,220,64.9999,-52.4741,285.3916,1.9425,3.9964,2.5817,-7.5913,3.415,1.4103,8.0042,-0.4743,-0.4534,-3.6669,car,30,64.9999,-52.4741,2.5817,-7.5913,8.0042,-0.4743,285.3916,8.018292248353136,28.86585209407129,0.0,0.0,0.0,0.0,0.0,0.0,1,14_13_30_886_ego_30,1,886,860,886,vehicle_vehicle,0.7691258835868089,0.011703096085631097,2.0214249983259314,2.0232114125814995,15.0,3.0,3.5,0.8,7.263234412436376,26.147643884770954
14,31,933,211,59.746,-40.1079,247.4419,2.0133,4.3115,-2.3432,-6.9735,2.7791,-1.1165,7.3388,-0.5113,-0.035,-2.9948,car,30,64.9999,-52.4741,2.5817,-7.5913,8.0042,-0.4743,285.3916,8.018292248353136,28.86585209407129,-5.2538999999999945,12.3662,-4.9249,0.6178000000000008,4.963498448675088,13.43601010903162,0,14_13_30_886_ego_30,0,886,860,886,vehicle_vehicle,0.7691258835868089,0.011703096085631097,2.0214249983259314,2.0232114125814995,15.0,3.0,3.5,0.8,7.263234412436376,26.147643884770954
14,13,934,934,67.7018,-39.5462,242.9668,1.2661,2.6528,-0.0,-0.0,-0.0,0.0,0.0,0.0,0.0,0.0,truck,30,65.1041,-52.7788,2.7249,-7.5322,7.9957,-0.4775,286.4709,8.009938629602601,28.835779066569366,2.5977000000000032,13.232599999999998,-2.7249,7.5322,8.009938629602601,13.485167705668326,0,14_13_30_886_ego_30,1,886,860,886,vehicle_vehicle,0.7691258835868089,0.011703096085631097,2.0214249983259314,2.0232114125814995,15.0,3.0,3.5,0.8,7.263234412436376,26.147643884770954
14,14,934,934,70.6178,-36.4685,224.0776,2.1358,4.5059,0.0,0.0,0.0,0.0,-0.0,-0.0,-0.0,-0.0,trailer,30,65.1041,-52.7788,2.7249,-7.5322,7.9957,-0.4775,286.4709,8.009938629602601,28.835779066569366,5.5137,16.310299999999998,-2.7249,7.5322,8.009938629602601,17.21704892773439,0,14_13_30_886_ego_30,0,886,860,886,vehicle_vehicle,0.7691258835868089,0.011703096085631097,2.0214249983259314,2.0232114125814995,15.0,3.0,3.5,0.8,7.263234412436376,26.147643884770954
14,27,934,360,65.8981,-30.904,204.6054,2.0752,4.7129,-7.4613,-3.3699,-1.1819,0.3481,8.1869,0.0427,0.9296,0.8086,car,30,65.1041,-52.7788,2.7249,-7.5322,7.9957,-0.4775,286.4709,8.009938629602601,28.835779066569366,0.7939999999999969,21.874799999999997,-10.1862,4.1623,11.003790789087185,21.889205354237962,0,14_13_30_886_ego_30,0,886,860,886,vehicle_vehicle,0.7691258835868089,0.011703096085631097,2.0214249983259314,2.0232114125814995,15.0,3.0,3.5,0.8,7.263234412436376,26.147643884770954
14,30,934,221,65.1041,-52.7788,286.4709,1.9425,3.9964,2.7249,-7.5322,3.3933,1.5227,7.9957,-0.4775,-0.4982,-3.6858,car,30,65.1041,-52.7788,2.7249,-7.5322,7.9957,-0.4775,286.4709,8.009938629602601,28.835779066569366,0.0,0.0,0.0,0.0,0.0,0.0,1,14_13_30_886_ego_30,1,886,860,886,vehicle_vehicle,0.7691258835868089,0.011703096085631097,2.0214249983259314,2.0232114125814995,15.0,3.0,3.5,0.8,7.263234412436376,26.147643884770954
14,31,934,212,59.653,-40.3876,248.3599,2.0133,4.3115,-2.2287,-7.0201,2.8114,-1.0744,7.3472,-0.5172,-0.0381,-3.0095,car,30,65.1041,-52.7788,2.7249,-7.5322,7.9957,-0.4775,286.4709,8.009938629602601,28.835779066569366,-5.451100000000004,12.391199999999998,-4.9536,0.5120999999999993,4.979999936746987,13.537220122683976,0,14_13_30_886_ego_30,0,886,860,886,vehicle_vehicle,0.7691258835868089,0.011703096085631097,2.0214249983259314,2.0232114125814995,15.0,3.0,3.5,0.8,7.263234412436376,26.147643884770954
14,13,935,935,67.7018,-39.5462,242.9668,1.2661,2.6528,-0.0,-0.0,-0.0,0.0,0.0,0.0,0.0,0.0,truck,30,65.2155,-53.0804,2.8673,-7.468,7.9852,-0.4784,287.5755,7.999527066645877,28.798297439925157,2.4863,13.534199999999998,-2.8673,7.468,7.999527066645877,13.760677938604623,0,14_13_30_886_ego_30,1,886,860,886,vehicle_vehicle,0.7691258835868089,0.011703096085631097,2.0214249983259314,2.0232114125814995,15.0,3.0,3.5,0.8,7.263234412436376,26.147643884770954
14,14,935,935,70.6178,-36.4685,224.0776,2.1358,4.5059,0.0,0.0,0.0,0.0,-0.0,-0.0,-0.0,-0.0,trailer,30,65.2155,-53.0804,2.8673,-7.468,7.9852,-0.4784,287.5755,7.999527066645877,28.798297439925157,5.402299999999997,16.6119,-2.8673,7.468,7.999527066645877,17.46825883996456,0,14_13_30_886_ego_30,0,886,860,886,vehicle_vehicle,0.7691258835868089,0.011703096085631097,2.0214249983259314,2.0232114125814995,15.0,3.0,3.5,0.8,7.263234412436376,26.147643884770954
14,27,935,361,65.5992,-31.039,204.4617,2.0752,4.7129,-7.5095,-3.3559,-1.2245,0.4629,8.2251,0.0549,0.9229,0.9284,car,30,65.2155,-53.0804,2.8673,-7.468,7.9852,-0.4784,287.5755,7.999527066645877,28.798297439925157,0.3836999999999904,22.041399999999996,-10.3768,4.1121,11.161870123326109,22.044739500615556,0,14_13_30_886_ego_30,0,886,860,886,vehicle_vehicle,0.7691258835868089,0.011703096085631097,2.0214249983259314,2.0232114125814995,15.0,3.0,3.5,0.8,7.263234412436376,26.147643884770954
14,30,935,222,65.2155,-53.0804,287.5755,1.9425,3.9964,2.8673,-7.468,3.3649,1.6322,7.9852,-0.4784,-0.5399,-3.7007,car,30,65.2155,-53.0804,2.8673,-7.468,7.9852,-0.4784,287.5755,7.999527066645877,28.798297439925157,0.0,0.0,0.0,0.0,0.0,0.0,1,14_13_30_886_ego_30,1,886,860,886,vehicle_vehicle,0.7691258835868089,0.011703096085631097,2.0214249983259314,2.0232114125814995,15.0,3.0,3.5,0.8,7.263234412436376,26.147643884770954
14,31,935,213,59.5655,-40.6696,249.3039,2.0133,4.3115,-2.1128,-7.0648,2.8404,-1.0304,7.3556,-0.5203,-0.0399,-3.0213,car,30,65.2155,-53.0804,2.8673,-7.468,7.9852,-0.4784,287.5755,7.999527066645877,28.798297439925157,-5.650000000000006,12.410799999999995,-4.9801,0.4032,4.99639532563227,13.636365228315057,0,14_13_30_886_ego_30,0,886,860,886,vehicle_vehicle,0.7691258835868089,0.011703096085631097,2.0214249983259314,2.0232114125814995,15.0,3.0,3.5,0.8,7.263234412436376,26.147643884770954
14,13,936,936,67.7018,-39.5462,242.9668,1.2661,2.6528,-0.0,-0.0,-0.0,0.0,0.0,0.0,0.0,0.0,truck,30,65.3337,-53.3799,3.0083,-7.3986,7.9726,-0.4753,288.7152,7.986811056360354,28.752519802897275,2.3681000000000125,13.8337,-3.0083,7.3986,7.986811056360354,14.034926195032165,0,14_13_30_886_ego_30,1,886,860,886,vehicle_vehicle,0.7691258835868089,0.011703096085631097,2.0214249983259314,2.0232114125814995,15.0,3.0,3.5,0.8,7.263234412436376,26.147643884770954
14,14,936,936,70.6178,-36.4685,224.0776,2.1358,4.5059,0.0,0.0,0.0,0.0,-0.0,-0.0,-0.0,-0.0,trailer,30,65.3337,-53.3799,3.0083,-7.3986,7.9726,-0.4753,288.7152,7.986811056360354,28.752519802897275,5.284100000000009,16.9114,-3.0083,7.3986,7.986811056360354,17.717707604822927,0,14_13_30_886_ego_30,0,886,860,886,vehicle_vehicle,0.7691258835868089,0.011703096085631097,2.0214249983259314,2.0232114125814995,15.0,3.0,3.5,0.8,7.263234412436376,26.147643884770954
14,27,936,362,65.2981,-31.1733,204.2841,2.0752,4.7129,-7.5595,-3.3371,-1.2662,0.5776,8.2631,0.0671,0.9166,1.0472,car,30,65.3337,-53.3799,3.0083,-7.3986,7.9726,-0.4753,288.7152,7.986811056360354,28.752519802897275,-0.035599999999988086,22.206599999999998,-10.5678,4.0615000000000006,11.321403583036867,22.206628535642235,0,14_13_30_886_ego_30,0,886,860,886,vehicle_vehicle,0.7691258835868089,0.011703096085631097,2.0214249983259314,2.0232114125814995,15.0,3.0,3.5,0.8,7.263234412436376,26.147643884770954
14,30,936,223,65.3337,-53.3799,288.7152,1.9425,3.9964,3.0083,-7.3986,3.33,1.7379,7.9726,-0.4753,-0.5775,-3.7116,car,30,65.3337,-53.3799,3.0083,-7.3986,7.9726,-0.4753,288.7152,7.986811056360354,28.752519802897275,0.0,0.0,0.0,0.0,0.0,0.0,1,14_13_30_886_ego_30,1,886,860,886,vehicle_vehicle,0.7691258835868089,0.011703096085631097,2.0214249983259314,2.0232114125814995,15.0,3.0,3.5,0.8,7.263234412436376,26.147643884770954
14,31,936,214,59.4825,-40.9537,250.2441,2.0133,4.3115,-1.9953,-7.1076,2.8657,-0.9848,7.3637,-0.5246,-0.0418,-3.0299,car,30,65.3337,-53.3799,3.0083,-7.3986,7.9726,-0.4753,288.7152,7.986811056360354,28.752519802897275,-5.8511999999999915,12.426200000000001,-5.0036000000000005,0.29100000000000037,5.012054864025333,13.734882157485005,0,14_13_30_886_ego_30,0,886,860,886,vehicle_vehicle,0.7691258835868089,0.011703096085631097,2.0214249983259314,2.0232114125814995,15.0,3.0,3.5,0.8,7.263234412436376,26.147643884770954
14,13,937,937,67.7018,-39.5462,242.9668,1.2661,2.6528,-0.0,-0.0,-0.0,0.0,0.0,0.0,0.0,0.0,truck,30,65.4577,-53.6761,3.1474,-7.3243,7.958,-0.4701,289.8736,7.9719192952513005,28.698909462904684,2.244100000000003,14.1299,-3.1474,7.3243,7.9719192952513005,14.306993353601587,0,14_13_30_886_ego_30,1,886,860,886,vehicle_vehicle,0.7691258835868089,0.011703096085631097,2.0214249983259314,2.0232114125814995,15.0,3.0,3.5,0.8,7.263234412436376,26.147643884770954
14,14,937,937,70.6178,-36.4685,224.0776,2.1358,4.5059,0.0,0.0,0.0,0.0,-0.0,-0.0,-0.0,-0.0,trailer,30,65.4577,-53.6761,3.1474,-7.3243,7.958,-0.4701,289.8736,7.9719192952513005,28.698909462904684,5.1601,17.2076,-3.1474,7.3243,7.9719192952513005,17.96463553123191,0,14_13_30_886_ego_30,0,886,860,886,vehicle_vehicle,0.7691258835868089,0.011703096085631097,2.0214249983259314,2.0232114125814995,15.0,3.0,3.5,0.8,7.263234412436376,26.147643884770954
14,27,937,363,64.995,-31.3077,204.0667,2.0752,4.7129,-7.6114,-3.3133,-1.3068,0.6917,8.3009,0.0787,0.9111,1.1645,car,30,65.4577,-53.6761,3.1474,-7.3243,7.958,-0.4701,289.8736,7.9719192952513005,28.698909462904684,-0.4626999999999981,22.368399999999998,-10.7588,4.011,11.4821556530122,22.373185062703968,0,14_13_30_886_ego_30,0,886,860,886,vehicle_vehicle,0.7691258835868089,0.011703096085631097,2.0214249983259314,2.0232114125814995,15.0,3.0,3.5,0.8,7.263234412436376,26.147643884770954
14,30,937,224,65.4577,-53.6761,289.8736,1.9425,3.9964,3.1474,-7.3243,3.289,1.8392,7.958,-0.4701,-0.6115,-3.7184,car,30,65.4577,-53.6761,3.1474,-7.3243,7.958,-0.4701,289.8736,7.9719192952513005,28.698909462904684,0.0,0.0,0.0,0.0,0.0,0.0,1,14_13_30_886_ego_30,1,886,860,886,vehicle_vehicle,0.7691258835868089,0.011703096085631097,2.0214249983259314,2.0232114125814995,15.0,3.0,3.5,0.8,7.263234412436376,26.147643884770954
14,31,937,215,59.4045,-41.2394,251.1819,2.0133,4.3115,-1.8767,-7.1482,2.887,-0.9377,7.3715,-0.5294,-0.0437,-3.0352,car,30,65.4577,-53.6761,3.1474,-7.3243,7.958,-0.4701,289.8736,7.9719192952513005,28.698909462904684,-6.053200000000004,12.436699999999995,-5.024100000000001,0.17609999999999992,5.027185297957496,13.83158476567309,0,14_13_30_886_ego_30,0,886,860,886,vehicle_vehicle,0.7691258835868089,0.011703096085631097,2.0214249983259314,2.0232114125814995,15.0,3.0,3.5,0.8,7.263234412436376,26.147643884770954
14,13,938,938,67.7018,-39.5462,242.9668,1.2661,2.6528,-0.0,-0.0,0.0,0.0,0.0,0.0,-0.0,-0.0,truck,30,65.5874,-53.97,3.2845,-7.245,7.941,-0.4673,291.0189,7.954744826202787,28.637081374330034,2.1144000000000034,14.4238,-3.2845,7.245,7.954744826202787,14.57795231848424,0,14_13_30_886_ego_30,1,886,860,886,vehicle_vehicle,0.7691258835868089,0.011703096085631097,2.0214249983259314,2.0232114125814995,15.0,3.0,3.5,0.8,7.263234412436376,26.147643884770954
14,14,938,938,70.6178,-36.4685,224.0776,2.1358,4.5059,0.0,0.0,0.0,0.0,-0.0,-0.0,-0.0,-0.0,trailer,30,65.5874,-53.97,3.2845,-7.245,7.941,-0.4673,291.0189,7.954744826202787,28.637081374330034,5.0304,17.5015,-3.2845,7.245,7.954744826202787,18.210091334477156,0,14_13_30_886_ego_30,0,886,860,886,vehicle_vehicle,0.7691258835868089,0.011703096085631097,2.0214249983259314,2.0232114125814995,15.0,3.0,3.5,0.8,7.263234412436376,26.147643884770954
14,27,938,364,64.6898,-31.4412,203.8007,2.0752,4.7129,-7.6649,-3.2842,-1.3461,0.8048,8.3384,0.0883,0.9069,1.2796,car,30,65.5874,-53.97,3.2845,-7.245,7.941,-0.4673,291.0189,7.954744826202787,28.637081374330034,-0.8975999999999971,22.5288,-10.9494,3.9608000000000003,11.643766443896064,22.54667414941725,0,14_13_30_886_ego_30,0,886,860,886,vehicle_vehicle,0.7691258835868089,0.011703096085631097,2.0214249983259314,2.0232114125814995,15.0,3.0,3.5,0.8,7.263234412436376,26.147643884770954
14,30,938,225,65.5874,-53.97,291.0189,1.9425,3.9964,3.2845,-7.245,3.2423,1.9352,7.941,-0.4673,-0.6435,-3.7206,car,30,65.5874,-53.97,3.2845,-7.245,7.941,-0.4673,291.0189,7.954744826202787,28.637081374330034,0.0,0.0,0.0,0.0,0.0,0.0,1,14_13_30_886_ego_30,1,886,860,886,vehicle_vehicle,0.7691258835868089,0.011703096085631097,2.0214249983259314,2.0232114125814995,15.0,3.0,3.5,0.8,7.263234412436376,26.147643884770954
14,31,938,216,59.3318,-41.5272,252.1176,2.0133,4.3115,-1.7572,-7.1866,2.9044,-0.8896,7.379,-0.5344,-0.0452,-3.0372,car,30,65.5874,-53.97,3.2845,-7.245,7.941,-0.4673,291.0189,7.954744826202787,28.637081374330034,-6.255600000000001,12.442799999999998,-5.0417000000000005,0.058399999999999785,5.042038223774191,13.926801614153911,0,14_13_30_886_ego_30,0,886,860,886,vehicle_vehicle,0.7691258835868089,0.011703096085631097,2.0214249983259314,2.0232114125814995,15.0,3.0,3.5,0.8,7.263234412436376,26.147643884770954
14,13,939,939,67.7018,-39.5462,242.9668,1.2661,2.6528,-0.0,-0.0,0.0,0.0,0.0,0.0,-0.0,-0.0,truck,30,65.722,-54.2601,3.4194,-7.1611,7.9218,-0.4679,292.1441,7.935593838522736,28.568137818681848,1.9798000000000116,14.713900000000002,-3.4194,7.1611,7.935593838522736,14.846496598524519,0,14_13_30_886_ego_30,1,886,860,886,vehicle_vehicle,0.7691258835868089,0.011703096085631097,2.0214249983259314,2.0232114125814995,15.0,3.0,3.5,0.8,7.263234412436376,26.147643884770954
14,14,939,939,70.6178,-36.4685,224.0776,2.1358,4.5059,0.0,0.0,0.0,0.0,-0.0,-0.0,-0.0,-0.0,trailer,30,65.722,-54.2601,3.4194,-7.1611,7.9218,-0.4679,292.1441,7.935593838522736,28.568137818681848,4.895800000000008,17.791600000000003,-3.4194,7.1611,7.935593838522736,18.452910019831563,0,14_13_30_886_ego_30,0,886,860,886,vehicle_vehicle,0.7691258835868089,0.011703096085631097,2.0214249983259314,2.0232114125814995,15.0,3.0,3.5,0.8,7.263234412436376,26.147643884770954
14,27,939,365,64.3823,-31.573,203.4863,2.0752,4.7129,-7.7201,-3.2502,-1.3842,0.9162,8.3758,0.0957,0.9044,1.392,car,30,65.722,-54.2601,3.4194,-7.1611,7.9218,-0.4679,292.1441,7.935593838522736,28.568137818681848,-1.3396999999999935,22.6871,-11.1395,3.9109000000000003,11.806083137942066,22.726621009292163,0,14_13_30_886_ego_30,0,886,860,886,vehicle_vehicle,0.7691258835868089,0.011703096085631097,2.0214249983259314,2.0232114125814995,15.0,3.0,3.5,0.8,7.263234412436376,26.147643884770954
14,30,939,226,65.722,-54.2601,292.1441,1.9425,3.9964,3.4194,-7.1611,3.1901,2.0251,7.9218,-0.4679,-0.6732,-3.7182,car,30,65.722,-54.2601,3.4194,-7.1611,7.9218,-0.4679,292.1441,7.935593838522736,28.568137818681848,0.0,0.0,0.0,0.0,0.0,0.0,1,14_13_30_886_ego_30,1,886,860,886,vehicle_vehicle,0.7691258835868089,0.011703096085631097,2.0214249983259314,2.0232114125814995,15.0,3.0,3.5,0.8,7.263234412436376,26.147643884770954
14,31,939,217,59.2643,-41.8162,253.0691,2.0133,4.3115,-1.6372,-7.2227,2.9178,-0.8408,7.3864,-0.5371,-0.0453,-3.0362,car,30,65.722,-54.2601,3.4194,-7.1611,7.9218,-0.4679,292.1441,7.935593838522736,28.568137818681848,-6.4576999999999956,12.4439,-5.0565999999999995,-0.06159999999999943,5.056975194718676,14.01971955853611,0,14_13_30_886_ego_30,0,886,860,886,vehicle_vehicle,0.7691258835868089,0.011703096085631097,2.0214249983259314,2.0232114125814995,15.0,3.0,3.5,0.8,7.263234412436376,26.147643884770954
14,13,940,940,67.7018,-39.5462,242.9668,1.2661,2.6528,-0.0,0.0,0.0,0.0,0.0,0.0,-0.0,-0.0,truck,30,65.8617,-54.5467,3.5521,-7.0729,7.9008,-0.4702,293.2606,7.914753869830697,28.49311393139051,1.8401000000000067,15.000500000000002,-3.5521,7.0729,7.914753869830697,15.112940424020737,0,14_13_30_886_ego_30,1,886,860,886,vehicle_vehicle,0.7691258835868089,0.011703096085631097,2.0214249983259314,2.0232114125814995,15.0,3.0,3.5,0.8,7.263234412436376,26.147643884770954
14,14,940,940,70.6178,-36.4685,224.0776,2.1358,4.5059,0.0,0.0,0.0,-0.0,-0.0,-0.0,-0.0,-0.0,trailer,30,65.8617,-54.5467,3.5521,-7.0729,7.9008,-0.4702,293.2606,7.914753869830697,28.49311393139051,4.7561000000000035,18.078200000000002,-3.5521,7.0729,7.914753869830697,18.693362523901367,0,14_13_30_886_ego_30,0,886,860,886,vehicle_vehicle,0.7691258835868089,0.011703096085631097,2.0214249983259314,2.0232114125814995,15.0,3.0,3.5,0.8,7.263234412436376,26.147643884770954
14,27,940,366,64.0725,-31.7029,203.142,2.0752,4.7129,-7.7768,-3.2115,-1.4209,1.0257,8.4132,0.1033,0.9034,1.5016,car,30,65.8617,-54.5467,3.5521,-7.0729,7.9008,-0.4702,293.2606,7.914753869830697,28.49311393139051,-1.789199999999994,22.8438,-11.328899999999999,3.8613999999999997,11.968892395288712,22.913760823574993,0,14_13_30_886_ego_30,0,886,860,886,vehicle_vehicle,0.7691258835868089,0.011703096085631097,2.0214249983259314,2.0232114125814995,15.0,3.0,3.5,0.8,7.263234412436376,26.147643884770954
14,30,940,227,65.8617,-54.5467,293.2606,1.9425,3.9964,3.5521,-7.0729,3.1329,2.1081,7.9008,-0.4702,-0.6996,-3.7107,car,30,65.8617,-54.5467,3.5521,-7.0729,7.9008,-0.4702,293.2606,7.914753869830697,28.49311393139051,0.0,0.0,0.0,0.0,0.0,0.0,1,14_13_30_886_ego_30,1,886,860,886,vehicle_vehicle,0.7691258835868089,0.011703096085631097,2.0214249983259314,2.0232114125814995,15.0,3.0,3.5,0.8,7.263234412436376,26.147643884770954
14,31,940,218,59.2017,-42.1063,254.018,2.0133,4.3115,-1.5169,-7.2566,2.9275,-0.7917,7.3938,-0.5397,-0.045,-3.0323,car,30,65.8617,-54.5467,3.5521,-7.0729,7.9008,-0.4702,293.2606,7.914753869830697,28.49311393139051,-6.659999999999997,12.440400000000004,-5.069,-0.18369999999999997,5.072327541671575,14.110958584022564,0,14_13_30_886_ego_30,0,886,860,886,vehicle_vehicle,0.7691258835868089,0.011703096085631097,2.0214249983259314,2.0232114125814995,15.0,3.0,3.5,0.8,7.263234412436376,26.147643884770954
14,13,941,941,67.7018,-39.5462,242.9668,1.2661,2.6528,-0.0,0.0,0.0,0.0,0.0,0.0,-0.0,-0.0,truck,30,66.0059,-54.8296,3.6827,-6.9807,7.8782,-0.476,294.3567,7.89255673277044,28.413204237973584,1.6959000000000088,15.2834,-3.6827,6.9807,7.89255673277044,15.377203658988199,0,14_13_30_886_ego_30,1,886,860,886,vehicle_vehicle,0.7691258835868089,0.011703096085631097,2.0214249983259314,2.0232114125814995,15.0,3.0,3.5,0.8,7.263234412436376,26.147643884770954
14,14,941,941,70.6178,-36.4685,224.0776,2.1358,4.5059,0.0,0.0,-0.0,-0.0,-0.0,-0.0,0.0,-0.0,trailer,30,66.0059,-54.8296,3.6827,-6.9807,7.8782,-0.476,294.3567,7.89255673277044,28.413204237973584,4.611900000000006,18.3611,-3.6827,6.9807,7.89255673277044,18.93144513289992,0,14_13_30_886_ego_30,0,886,860,886,vehicle_vehicle,0.7691258835868089,0.011703096085631097,2.0214249983259314,2.0232114125814995,15.0,3.0,3.5,0.8,7.263234412436376,26.147643884770954
14,27,941,367,63.7606,-31.8314,202.766,2.0752,4.7129,-7.8352,-3.168,-1.4562,1.133,8.4507,0.1107,0.9043,1.6082,car,30,66.0059,-54.8296,3.6827,-6.9807,7.8782,-0.476,294.3567,7.89255673277044,28.413204237973584,-2.2453000000000003,22.9982,-11.517900000000001,3.8126999999999995,12.132547205760215,23.107543688804313,0,14_13_30_886_ego_30,0,886,860,886,vehicle_vehicle,0.7691258835868089,0.011703096085631097,2.0214249983259314,2.0232114125814995,15.0,3.0,3.5,0.8,7.263234412436376,26.147643884770954
14,30,941,228,66.0059,-54.8296,294.3567,1.9425,3.9964,3.6827,-6.9807,3.0704,2.1837,7.8782,-0.476,-0.723,-3.6977,car,30,66.0059,-54.8296,3.6827,-6.9807,7.8782,-0.476,294.3567,7.89255673277044,28.413204237973584,0.0,0.0,0.0,0.0,0.0,0.0,1,14_13_30_886_ego_30,1,886,860,886,vehicle_vehicle,0.7691258835868089,0.011703096085631097,2.0214249983259314,2.0232114125814995,15.0,3.0,3.5,0.8,7.263234412436376,26.147643884770954
14,31,941,219,59.1437,-42.3976,254.9928,2.0133,4.3115,-1.3964,-7.2884,2.9337,-0.7423,7.4014,-0.5385,-0.0427,-3.0259,car,30,66.0059,-54.8296,3.6827,-6.9807,7.8782,-0.476,294.3567,7.89255673277044,28.413204237973584,-6.862199999999994,12.432000000000002,-5.0791,-0.30770000000000053,5.08841194283639,14.200155380840027,0,14_13_30_886_ego_30,0,886,860,886,vehicle_vehicle,0.7691258835868089,0.011703096085631097,2.0214249983259314,2.0232114125814995,15.0,3.0,3.5,0.8,7.263234412436376,26.147643884770954
14,13,942,942,67.7018,-39.5462,242.9668,1.2661,2.6528,-0.0,0.0,0.0,0.0,0.0,0.0,-0.0,-0.0,truck,30,66.1564,-55.1081,3.8105,-6.8851,7.8545,-0.4812,295.4558,7.8692129377721125,28.329166575979606,1.5454000000000008,15.561900000000001,-3.8105,6.8851,7.8692129377721125,15.638445983217133,0,14_13_30_886_ego_30,1,886,860,886,vehicle_vehicle,0.7691258835868089,0.011703096085631097,2.0214249983259314,2.0232114125814995,15.0,3.0,3.5,0.8,7.263234412436376,26.147643884770954
14,14,942,942,70.6178,-36.4685,224.0776,2.1358,4.5059,0.0,0.0,-0.0,-0.0,-0.0,-0.0,0.0,0.0,trailer,30,66.1564,-55.1081,3.8105,-6.8851,7.8545,-0.4812,295.4558,7.8692129377721125,28.329166575979606,4.461399999999998,18.6396,-3.8105,6.8851,7.8692129377721125,19.166084058043783,0,14_13_30_886_ego_30,0,886,860,886,vehicle_vehicle,0.7691258835868089,0.011703096085631097,2.0214249983259314,2.0232114125814995,15.0,3.0,3.5,0.8,7.263234412436376,26.147643884770954
14,27,942,368,63.4468,-31.9579,202.3701,2.0752,4.7129,-7.8952,-3.1201,-1.4898,1.2377,8.4885,0.1196,0.9066,1.7116,car,30,66.1564,-55.1081,3.8105,-6.8851,7.8545,-0.4812,295.4558,7.8692129377721125,28.329166575979606,-2.709600000000002,23.1502,-11.7057,3.7650000000000006,12.296285515959688,23.308232283894892,0,14_13_30_886_ego_30,0,886,860,886,vehicle_vehicle,0.7691258835868089,0.011703096085631097,2.0214249983259314,2.0232114125814995,15.0,3.0,3.5,0.8,7.263234412436376,26.147643884770954
14,30,942,229,66.1564,-55.1081,295.4558,1.9425,3.9964,3.8105,-6.8851,3.0028,2.2511,7.8545,-0.4812,-0.7419,-3.6789,car,30,66.1564,-55.1081,3.8105,-6.8851,7.8545,-0.4812,295.4558,7.8692129377721125,28.329166575979606,0.0,0.0,0.0,0.0,0.0,0.0,1,14_13_30_886_ego_30,1,886,860,886,vehicle_vehicle,0.7691258835868089,0.011703096085631097,2.0214249983259314,2.0232114125814995,15.0,3.0,3.5,0.8,7.263234412436376,26.147643884770954
14,31,942,220,59.0904,-42.6901,255.9734,2.0133,4.3115,-1.2757,-7.318,2.9365,-0.6929,7.409,-0.5361,-0.0395,-3.0169,car,30,66.1564,-55.1081,3.8105,-6.8851,7.8545,-0.4812,295.4558,7.8692129377721125,28.329166575979606,-7.0660000000000025,12.418,-5.0862,-0.4328999999999992,5.104589390930479,14.287584820395644,0,14_13_30_886_ego_30,0,886,860,886,vehicle_vehicle,0.7691258835868089,0.011703096085631097,2.0214249983259314,2.0232114125814995,15.0,3.0,3.5,0.8,7.263234412436376,26.147643884770954
14,13,943,943,67.7018,-39.5462,242.9668,1.2661,2.6528,-0.0,0.0,0.0,0.0,0.0,0.0,-0.0,-0.0,truck,30,66.313,-55.3829,3.9348,-6.7863,7.8295,-0.4845,296.5652,7.844521574321789,28.24027766755844,1.3888000000000034,15.8367,-3.9348,6.7863,7.844521574321789,15.89747880420037,0,14_13_30_886_ego_30,1,886,860,886,vehicle_vehicle,0.7691258835868089,0.011703096085631097,2.0214249983259314,2.0232114125814995,15.0,3.0,3.5,0.8,7.263234412436376,26.147643884770954
14,14,943,943,70.6178,-36.4685,224.0776,2.1358,4.5059,0.0,0.0,-0.0,-0.0,-0.0,-0.0,0.0,0.0,trailer,30,66.313,-55.3829,3.9348,-6.7863,7.8295,-0.4845,296.5652,7.844521574321789,28.24027766755844,4.3048,18.9144,-3.9348,6.7863,7.844521574321789,19.398088318182285,0,14_13_30_886_ego_30,0,886,860,886,vehicle_vehicle,0.7691258835868089,0.011703096085631097,2.0214249983259314,2.0232114125814995,15.0,3.0,3.5,0.8,7.263234412436376,26.147643884770954
14,27,943,369,63.1309,-32.0827,201.9565,2.0752,4.7129,-7.9571,-3.0675,-1.5213,1.3396,8.5269,0.1302,0.9101,1.8113,car,30,66.313,-55.3829,3.9348,-6.7863,7.8295,-0.4845,296.5652,7.844521574321789,28.24027766755844,-3.1821000000000055,23.300199999999997,-11.8919,3.7188,12.45980573885484,23.51648529117393,0,14_13_30_886_ego_30,0,886,860,886,vehicle_vehicle,0.7691258835868089,0.011703096085631097,2.0214249983259314,2.0232114125814995,15.0,3.0,3.5,0.8,7.263234412436376,26.147643884770954
14,30,943,230,66.313,-55.3829,296.5652,1.9425,3.9964,3.9348,-6.7863,2.9306,2.3101,7.8295,-0.4845,-0.7556,-3.6543,car,30,66.313,-55.3829,3.9348,-6.7863,7.8295,-0.4845,296.5652,7.844521574321789,28.24027766755844,0.0,0.0,0.0,0.0,0.0,0.0,1,14_13_30_886_ego_30,1,886,860,886,vehicle_vehicle,0.7691258835868089,0.011703096085631097,2.0214249983259314,2.0232114125814995,15.0,3.0,3.5,0.8,7.263234412436376,26.147643884770954
14,31,943,221,59.0437,-42.9845,256.9905,2.0133,4.3115,-1.1556,-7.3453,2.9364,-0.6437,7.4169,-0.5275,-0.0338,-3.0059,car,30,66.313,-55.3829,3.9348,-6.7863,7.8295,-0.4845,296.5652,7.844521574321789,28.24027766755844,-7.269300000000001,12.398400000000002,-5.0904,-0.5590000000000002,5.121001187267974,14.372301313637983,0,14_13_30_886_ego_30,0,886,860,886,vehicle_vehicle,0.7691258835868089,0.011703096085631097,2.0214249983259314,2.0232114125814995,15.0,3.0,3.5,0.8,7.263234412436376,26.147643884770954
14,13,944,944,67.7018,-39.5462,242.9668,1.2661,2.6528,-0.0,0.0,0.0,0.0,0.0,0.0,-0.0,-0.0,truck,30,66.475,-55.6532,4.0554,-6.6848,7.8035,-0.4891,297.6568,7.818747994404219,28.147492779855188,1.2268000000000114,16.107,-4.0554,6.6848,7.818747994404219,16.153652442714,0,14_13_30_886_ego_30,1,886,860,886,vehicle_vehicle,0.7691258835868089,0.011703096085631097,2.0214249983259314,2.0232114125814995,15.0,3.0,3.5,0.8,7.263234412436376,26.147643884770954
14,14,944,944,70.6178,-36.4685,224.0776,2.1358,4.5059,0.0,0.0,-0.0,-0.0,-0.0,-0.0,0.0,0.0,trailer,30,66.475,-55.6532,4.0554,-6.6848,7.8035,-0.4891,297.6568,7.818747994404219,28.147492779855188,4.142800000000008,19.1847,-4.0554,6.6848,7.818747994404219,19.626907701673233,0,14_13_30_886_ego_30,0,886,860,886,vehicle_vehicle,0.7691258835868089,0.011703096085631097,2.0214249983259314,2.0232114125814995,15.0,3.0,3.5,0.8,7.263234412436376,26.147643884770954
14,27,944,370,62.8125,-32.2052,201.5186,2.0752,4.7129,-8.0206,-3.0105,-1.5504,1.4382,8.5658,0.1414,0.9148,1.9067,car,30,66.475,-55.6532,4.0554,-6.6848,7.8035,-0.4891,297.6568,7.818747994404219,28.147492779855188,-3.6624999999999943,23.448,-12.076,3.6743,12.622608941498584,23.732311523532637,0,14_13_30_886_ego_30,0,886,860,886,vehicle_vehicle,0.7691258835868089,0.011703096085631097,2.0214249983259314,2.0232114125814995,15.0,3.0,3.5,0.8,7.263234412436376,26.147643884770954
14,30,944,231,66.475,-55.6532,297.6568,1.9425,3.9964,4.0554,-6.6848,2.8546,2.3602,7.8035,-0.4891,-0.7655,-3.624,car,30,66.475,-55.6532,4.0554,-6.6848,7.8035,-0.4891,297.6568,7.818747994404219,28.147492779855188,0.0,0.0,0.0,0.0,0.0,0.0,1,14_13_30_886_ego_30,1,886,860,886,vehicle_vehicle,0.7691258835868089,0.011703096085631097,2.0214249983259314,2.0232114125814995,15.0,3.0,3.5,0.8,7.263234412436376,26.147643884770954
14,31,944,222,59.0025,-43.2799,258.0187,2.0133,4.3115,-1.0367,-7.3701,2.9342,-0.5953,7.4247,-0.5159,-0.0268,-2.9939,car,30,66.475,-55.6532,4.0554,-6.6848,7.8035,-0.4891,297.6568,7.818747994404219,28.147492779855188,-7.472499999999997,12.3733,-5.092099999999999,-0.6852999999999998,5.13800724989757,14.454646627987831,0,14_13_30_886_ego_30,0,886,860,886,vehicle_vehicle,0.7691258835868089,0.011703096085631097,2.0214249983259314,2.0232114125814995,15.0,3.0,3.5,0.8,7.263234412436376,26.147643884770954
14,13,945,945,67.7018,-39.5462,242.9668,1.2661,2.6528,-0.0,0.0,0.0,0.0,0.0,0.0,-0.0,-0.0,truck,30,66.641,-55.9179,4.1723,-6.5817,7.7771,-0.4941,298.7368,7.792744200857615,28.053879123087412,1.0608000000000004,16.371700000000004,-4.1723,6.5817,7.792744200857615,16.406031132787724,0,14_13_30_886_ego_30,1,886,860,886,vehicle_vehicle,0.7691258835868089,0.011703096085631097,2.0214249983259314,2.0232114125814995,15.0,3.0,3.5,0.8,7.263234412436376,26.147643884770954
14,14,945,945,70.6178,-36.4685,224.0776,2.1358,4.5059,0.0,0.0,-0.0,-0.0,-0.0,-0.0,0.0,0.0,trailer,30,66.641,-55.9179,4.1723,-6.5817,7.7771,-0.4941,298.7368,7.792744200857615,28.053879123087412,3.9767999999999972,19.449400000000004,-4.1723,6.5817,7.792744200857615,19.85180340926235,0,14_13_30_886_ego_30,0,886,860,886,vehicle_vehicle,0.7691258835868089,0.011703096085631097,2.0214249983259314,2.0232114125814995,15.0,3.0,3.5,0.8,7.263234412436376,26.147643884770954
14,27,945,371,62.4911,-32.3242,201.0652,2.0752,4.7129,-8.0856,-2.9496,-1.5767,1.5335,8.6054,0.1537,0.9202,1.9977,car,30,66.641,-55.9179,4.1723,-6.5817,7.7771,-0.4941,298.7368,7.792744200857615,28.053879123087412,-4.149900000000002,23.593700000000005,-12.2579,3.6320999999999994,12.784688608644325,23.955883404708754,0,14_13_30_886_ego_30,0,886,860,886,vehicle_vehicle,0.7691258835868089,0.011703096085631097,2.0214249983259314,2.0232114125814995,15.0,3.0,3.5,0.8,7.263234412436376,26.147643884770954
14,30,945,232,66.641,-55.9179,298.7368,1.9425,3.9964,4.1723,-6.5817,2.7756,2.4013,7.7771,-0.4941,-0.7711,-3.5883,car,30,66.641,-55.9179,4.1723,-6.5817,7.7771,-0.4941,298.7368,7.792744200857615,28.053879123087412,0.0,0.0,0.0,0.0,0.0,0.0,1,14_13_30_886_ego_30,1,886,860,886,vehicle_vehicle,0.7691258835868089,0.011703096085631097,2.0214249983259314,2.0232114125814995,15.0,3.0,3.5,0.8,7.263234412436376,26.147643884770954
14,31,945,223,58.9632,-43.5752,259.0567,2.0133,4.3115,-0.9177,-7.393,2.9305,-0.5477,7.4328,-0.5024,-0.0185,-2.9812,car,30,66.641,-55.9179,4.1723,-6.5817,7.7771,-0.4941,298.7368,7.792744200857615,28.053879123087412,-7.677800000000005,12.3427,-5.09,-0.8113000000000001,5.154251418974437,14.535847279398615,0,14_13_30_886_ego_30,0,886,860,886,vehicle_vehicle,0.7691258835868089,0.011703096085631097,2.0214249983259314,2.0232114125814995,15.0,3.0,3.5,0.8,7.263234412436376,26.147643884770954
14,13,946,946,67.7018,-39.5462,242.9668,1.2661,2.6528,-0.0,0.0,0.0,0.0,0.0,0.0,-0.0,-0.0,truck,30,66.8117,-56.1786,4.2854,-6.4772,7.7504,-0.4995,299.8015,7.766516143033503,27.95945811492061,0.8901000000000039,16.632400000000004,-4.2854,6.4772,7.766516143033503,16.65620028007589,0,14_13_30_886_ego_30,1,886,860,886,vehicle_vehicle,0.7691258835868089,0.011703096085631097,2.0214249983259314,2.0232114125814995,15.0,3.0,3.5,0.8,7.263234412436376,26.147643884770954
14,14,946,946,70.6178,-36.4685,224.0776,2.1358,4.5059,0.0,0.0,-0.0,-0.0,-0.0,-0.0,0.0,0.0,trailer,30,66.8117,-56.1786,4.2854,-6.4772,7.7504,-0.4995,299.8015,7.766516143033503,27.95945811492061,3.8061000000000007,19.710100000000004,-4.2854,6.4772,7.766516143033503,20.074223253217053,0,14_13_30_886_ego_30,0,886,860,886,vehicle_vehicle,0.7691258835868089,0.011703096085631097,2.0214249983259314,2.0232114125814995,15.0,3.0,3.5,0.8,7.263234412436376,26.147643884770954
14,27,946,372,62.1669,-32.4414,200.6042,2.0752,4.7129,-8.1518,-2.8848,-1.5999,1.6253,8.6456,0.1685,0.9256,2.0844,car,30,66.8117,-56.1786,4.2854,-6.4772,7.7504,-0.4995,299.8015,7.766516143033503,27.95945811492061,-4.644800000000004,23.7372,-12.4372,3.5924,12.945627895162135,24.18736924264398,0,14_13_30_886_ego_30,0,886,860,886,vehicle_vehicle,0.7691258835868089,0.011703096085631097,2.0214249983259314,2.0232114125814995,15.0,3.0,3.5,0.8,7.263234412436376,26.147643884770954
14,30,946,233,66.8117,-56.1786,299.8015,1.9425,3.9964,4.2854,-6.4772,2.6942,2.4339,7.7504,-0.4995,-0.7731,-3.5475,car,30,66.8117,-56.1786,4.2854,-6.4772,7.7504,-0.4995,299.8015,7.766516143033503,27.95945811492061,0.0,0.0,0.0,0.0,0.0,0.0,1,14_13_30_886_ego_30,1,886,860,886,vehicle_vehicle,0.7691258835868089,0.011703096085631097,2.0214249983259314,2.0232114125814995,15.0,3.0,3.5,0.8,7.263234412436376,26.147643884770954
14,31,946,224,58.9293,-43.8719,260.0874,2.0133,4.3115,-0.7991,-7.4138,2.9253,-0.5012,7.4406,-0.489,-0.0098,-2.9679,car,30,66.8117,-56.1786,4.2854,-6.4772,7.7504,-0.4995,299.8015,7.766516143033503,27.95945811492061,-7.882400000000004,12.306700000000006,-5.0845,-0.9366000000000003,5.170044468860979,14.61461920988707,0,14_13_30_886_ego_30,0,886,860,886,vehicle_vehicle,0.7691258835868089,0.011703096085631097,2.0214249983259314,2.0232114125814995,15.0,3.0,3.5,0.8,7.263234412436376,26.147643884770954
14,13,947,947,67.7018,-39.5462,242.9668,1.2661,2.6528,-0.0,0.0,0.0,0.0,0.0,0.0,-0.0,-0.0,truck,30,66.9869,-56.4346,4.3946,-6.3719,7.7239,-0.5045,300.8565,7.740388799666332,27.865399678798795,0.7149000000000001,16.888400000000004,-4.3946,6.3719,7.740388799666332,16.90352438309834,0,14_13_30_886_ego_30,1,886,860,886,vehicle_vehicle,0.7691258835868089,0.011703096085631097,2.0214249983259314,2.0232114125814995,15.0,3.0,3.5,0.8,7.263234412436376,26.147643884770954
14,14,947,947,70.6178,-36.4685,224.0776,2.1358,4.5059,0.0,0.0,-0.0,-0.0,-0.0,-0.0,0.0,0.0,trailer,30,66.9869,-56.4346,4.3946,-6.3719,7.7239,-0.5045,300.8565,7.740388799666332,27.865399678798795,3.630899999999997,19.966100000000004,-4.3946,6.3719,7.740388799666332,20.29356016129255,0,14_13_30_886_ego_30,0,886,860,886,vehicle_vehicle,0.7691258835868089,0.011703096085631097,2.0214249983259314,2.0232114125814995,15.0,3.0,3.5,0.8,7.263234412436376,26.147643884770954
14,27,947,373,61.8395,-32.5561,200.1268,2.0752,4.7129,-8.2189,-2.816,-1.62,1.7135,8.686,0.1841,0.9314,2.1663,car,30,66.9869,-56.4346,4.3946,-6.3719,7.7239,-0.5045,300.8565,7.740388799666332,27.865399678798795,-5.147400000000005,23.878500000000003,-12.613499999999998,3.5559000000000003,13.105144297564982,24.42700327526895,0,14_13_30_886_ego_30,0,886,860,886,vehicle_vehicle,0.7691258835868089,0.011703096085631097,2.0214249983259314,2.0232114125814995,15.0,3.0,3.5,0.8,7.263234412436376,26.147643884770954
14,30,947,234,66.9869,-56.4346,300.8565,1.9425,3.9964,4.3946,-6.3719,2.611,2.4583,7.7239,-0.5045,-0.7712,-3.5023,car,30,66.9869,-56.4346,4.3946,-6.3719,7.7239,-0.5045,300.8565,7.740388799666332,27.865399678798795,0.0,0.0,0.0,0.0,0.0,0.0,1,14_13_30_886_ego_30,1,886,860,886,vehicle_vehicle,0.7691258835868089,0.011703096085631097,2.0214249983259314,2.0232114125814995,15.0,3.0,3.5,0.8,7.263234412436376,26.147643884770954
14,31,947,225,58.9005,-44.1694,261.118,2.0133,4.3115,-0.6811,-7.4324,2.9189,-0.456,7.4485,-0.4747,-0.0002,-2.9543,car,30,66.9869,-56.4346,4.3946,-6.3719,7.7239,-0.5045,300.8565,7.740388799666332,27.865399678798795,-8.086400000000005,12.2652,-5.075699999999999,-1.0605000000000002,5.185305269702064,14.690983493285945,0,14_13_30_886_ego_30,0,886,860,886,vehicle_vehicle,0.7691258835868089,0.011703096085631097,2.0214249983259314,2.0232114125814995,15.0,3.0,3.5,0.8,7.263234412436376,26.147643884770954
14,13,948,948,67.7018,-39.5462,242.9668,1.2661,2.6528,-0.0,0.0,0.0,0.0,0.0,0.0,-0.0,-0.0,truck,30,67.1666,-56.6853,4.4998,-6.2664,7.6978,-0.5102,301.8898,7.7146593573533755,27.772773686472153,0.5352000000000032,17.1391,-4.4998,6.2664,7.7146593573533755,17.14745426732493,0,14_13_30_886_ego_30,1,886,860,886,vehicle_vehicle,0.7691258835868089,0.011703096085631097,2.0214249983259314,2.0232114125814995,15.0,3.0,3.5,0.8,7.263234412436376,26.147643884770954
14,14,948,948,70.6178,-36.4685,224.0776,2.1358,4.5059,0.0,0.0,-0.0,-0.0,-0.0,-0.0,0.0,0.0,trailer,30,67.1666,-56.6853,4.4998,-6.2664,7.6978,-0.5102,301.8898,7.7146593573533755,27.772773686472153,3.4512,20.2168,-4.4998,6.2664,7.7146593573533755,20.509260924762742,0,14_13_30_886_ego_30,0,886,860,886,vehicle_vehicle,0.7691258835868089,0.011703096085631097,2.0214249983259314,2.0232114125814995,15.0,3.0,3.5,0.8,7.263234412436376,26.147643884770954
14,27,948,374,61.5093,-32.6684,199.6372,2.0752,4.7129,-8.2868,-2.7433,-1.6369,1.7978,8.7268,0.2011,0.9375,2.2433,car,30,67.1666,-56.6853,4.4998,-6.2664,7.6978,-0.5102,301.8898,7.7146593573533755,27.772773686472153,-5.657299999999999,24.0169,-12.7866,3.5231,13.26308309443924,24.674207766410657,0,14_13_30_886_ego_30,0,886,860,886,vehicle_vehicle,0.7691258835868089,0.011703096085631097,2.0214249983259314,2.0232114125814995,15.0,3.0,3.5,0.8,7.263234412436376,26.147643884770954
14,30,948,235,67.1666,-56.6853,301.8898,1.9425,3.9964,4.4998,-6.2664,2.5267,2.4751,7.6978,-0.5102,-0.7667,-3.4529,car,30,67.1666,-56.6853,4.4998,-6.2664,7.6978,-0.5102,301.8898,7.7146593573533755,27.772773686472153,0.0,0.0,0.0,0.0,0.0,0.0,1,14_13_30_886_ego_30,1,886,860,886,vehicle_vehicle,0.7691258835868089,0.011703096085631097,2.0214249983259314,2.0232114125814995,15.0,3.0,3.5,0.8,7.263234412436376,26.147643884770954
14,31,948,226,58.8758,-44.4676,262.1509,2.0133,4.3115,-0.5633,-7.4491,2.9114,-0.4122,7.4562,-0.4592,0.0107,-2.9404,car,30,67.1666,-56.6853,4.4998,-6.2664,7.6978,-0.5102,301.8898,7.7146593573533755,27.772773686472153,-8.290800000000004,12.2177,-5.0630999999999995,-1.1826999999999996,5.199400051929068,14.765146729037273,0,14_13_30_886_ego_30,0,886,860,886,vehicle_vehicle,0.7691258835868089,0.011703096085631097,2.0214249983259314,2.0232114125814995,15.0,3.0,3.5,0.8,7.263234412436376,26.147643884770954
14,13,949,949,67.7018,-39.5462,242.9668,1.2661,2.6528,0.0,0.0,0.0,0.0,-0.0,-0.0,-0.0,-0.0,truck,30,67.3508,-56.9312,4.6007,-6.1614,7.6721,-0.5174,302.8906,7.689557233677372,27.68240604123854,0.3509999999999991,17.384999999999998,-4.6007,6.1614,7.689557233677372,17.388542952185496,0,14_13_30_886_ego_30,1,886,860,886,vehicle_vehicle,0.7691258835868089,0.011703096085631097,2.0214249983259314,2.0232114125814995,15.0,3.0,3.5,0.8,7.263234412436376,26.147643884770954
14,14,949,949,70.6178,-36.4685,224.0776,2.1358,4.5059,0.0,0.0,-0.0,-0.0,-0.0,-0.0,0.0,0.0,trailer,30,67.3508,-56.9312,4.6007,-6.1614,7.6721,-0.5174,302.8906,7.689557233677372,27.68240604123854,3.266999999999996,20.462699999999998,-4.6007,6.1614,7.689557233677372,20.721857549215994,0,14_13_30_886_ego_30,0,886,860,886,vehicle_vehicle,0.7691258835868089,0.011703096085631097,2.0214249983259314,2.0232114125814995,15.0,3.0,3.5,0.8,7.263234412436376,26.147643884770954
14,27,949,375,61.1763,-32.7774,199.1239,2.0752,4.7129,-8.3553,-2.667,-1.6508,1.8778,8.7679,0.2175,0.9445,2.315,car,30,67.3508,-56.9312,4.6007,-6.1614,7.6721,-0.5174,302.8906,7.689557233677372,27.68240604123854,-6.174500000000009,24.153799999999997,-12.956,3.4944000000000006,13.418970428464323,24.930513526399732,0,14_13_30_886_ego_30,0,886,860,886,vehicle_vehicle,0.7691258835868089,0.011703096085631097,2.0214249983259314,2.0232114125814995,15.0,3.0,3.5,0.8,7.263234412436376,26.147643884770954
14,30,949,236,67.3508,-56.9312,302.8906,1.9425,3.9964,4.6007,-6.1614,2.4421,2.4854,7.6721,-0.5174,-0.7608,-3.4003,car,30,67.3508,-56.9312,4.6007,-6.1614,7.6721,-0.5174,302.8906,7.689557233677372,27.68240604123854,0.0,0.0,0.0,0.0,0.0,0.0,1,14_13_30_886_ego_30,1,886,860,886,vehicle_vehicle,0.7691258835868089,0.011703096085631097,2.0214249983259314,2.0232114125814995,15.0,3.0,3.5,0.8,7.263234412436376,26.147643884770954
14,31,949,227,58.8548,-44.7663,263.1757,2.0133,4.3115,-0.4456,-7.4639,2.9028,-0.3701,7.4639,-0.4445,0.0225,-2.9262,car,30,67.3508,-56.9312,4.6007,-6.1614,7.6721,-0.5174,302.8906,7.689557233677372,27.68240604123854,-8.49600000000001,12.164899999999996,-5.0463,-1.3024999999999993,5.211683983128677,14.838019005581577,0,14_13_30_886_ego_30,0,886,860,886,vehicle_vehicle,0.7691258835868089,0.011703096085631097,2.0214249983259314,2.0232114125814995,15.0,3.0,3.5,0.8,7.263234412436376,26.147643884770954
14,13,950,950,67.7018,-39.5462,242.9668,1.2661,2.6528,0.0,0.0,0.0,0.0,-0.0,-0.0,-0.0,-0.0,truck,30,67.5392,-57.1728,4.6973,-6.0571,7.6471,-0.5247,303.8683,7.665056275070654,27.594202590254355,0.16260000000001185,17.626600000000003,-4.6973,6.0571,7.665056275070654,17.62734995170857,0,14_13_30_886_ego_30,1,886,860,886,vehicle_vehicle,0.7691258835868089,0.011703096085631097,2.0214249983259314,2.0232114125814995,15.0,3.0,3.5,0.8,7.263234412436376,26.147643884770954
14,14,950,950,70.6178,-36.4685,224.0776,2.1358,4.5059,0.0,-0.0,-0.0,-0.0,-0.0,-0.0,0.0,0.0,trailer,30,67.5392,-57.1728,4.6973,-6.0571,7.6471,-0.5247,303.8683,7.665056275070654,27.594202590254355,3.0786000000000087,20.704300000000003,-4.6973,6.0571,7.665056275070654,20.931932936305717,0,14_13_30_886_ego_30,0,886,860,886,vehicle_vehicle,0.7691258835868089,0.011703096085631097,2.0214249983259314,2.0232114125814995,15.0,3.0,3.5,0.8,7.263234412436376,26.147643884770954
14,27,950,376,60.8403,-32.8827,198.5804,2.0752,4.7129,-8.4241,-2.5874,-1.6619,1.9533,8.8095,0.2317,0.9528,2.381,car,30,67.5392,-57.1728,4.6973,-6.0571,7.6471,-0.5247,303.8683,7.665056275070654,27.594202590254355,-6.698899999999995,24.290100000000002,-13.1214,3.4697,13.572396842488802,25.196908921929296,0,14_13_30_886_ego_30,0,886,860,886,vehicle_vehicle,0.7691258835868089,0.011703096085631097,2.0214249983259314,2.0232114125814995,15.0,3.0,3.5,0.8,7.263234412436376,26.147643884770954
14,30,950,237,67.5392,-57.1728,303.8683,1.9425,3.9964,4.6973,-6.0571,2.3582,2.4902,7.6471,-0.5247,-0.7535,-3.3458,car,30,67.5392,-57.1728,4.6973,-6.0571,7.6471,-0.5247,303.8683,7.665056275070654,27.594202590254355,0.0,0.0,0.0,0.0,0.0,0.0,1,14_13_30_886_ego_30,1,886,860,886,vehicle_vehicle,0.7691258835868089,0.011703096085631097,2.0214249983259314,2.0232114125814995,15.0,3.0,3.5,0.8,7.263234412436376,26.147643884770954
14,31,950,228,58.8374,-45.0651,264.1718,2.0133,4.3115,-0.3274,-7.477,2.8926,-0.3296,7.4716,-0.4335,0.0342,-2.9111,car,30,67.5392,-57.1728,4.6973,-6.0571,7.6471,-0.5247,303.8683,7.665056275070654,27.594202590254355,-8.701799999999992,12.107700000000001,-5.0247,-1.4199000000000002,5.22146781087464,14.910322683630957,0,14_13_30_886_ego_30,0,886,860,886,vehicle_vehicle,0.7691258835868089,0.011703096085631097,2.0214249983259314,2.0232114125814995,15.0,3.0,3.5,0.8,7.263234412436376,26.147643884770954
14,13,951,951,67.7018,-39.5462,242.9668,1.2661,2.6528,0.0,0.0,0.0,0.0,-0.0,-0.0,-0.0,-0.0,truck,30,67.731,-57.4097,4.7897,-5.954,7.623,-0.5302,304.8366,7.641422779168811,27.50912200500772,-0.02919999999998879,17.863500000000002,-4.7897,5.954,7.641422779168811,17.86352386540797,0,14_13_30_886_ego_30,1,886,860,886,vehicle_vehicle,0.7691258835868089,0.011703096085631097,2.0214249983259314,2.0232114125814995,15.0,3.0,3.5,0.8,7.263234412436376,26.147643884770954
14,14,951,951,70.6178,-36.4685,224.0776,2.1358,4.5059,0.0,-0.0,-0.0,-0.0,-0.0,-0.0,0.0,0.0,trailer,30,67.731,-57.4097,4.7897,-5.954,7.623,-0.5302,304.8366,7.641422779168811,27.50912200500772,2.886800000000008,20.941200000000002,-4.7897,5.954,7.641422779168811,21.13924009230228,0,14_13_30_886_ego_30,0,886,860,886,vehicle_vehicle,0.7691258835868089,0.011703096085631097,2.0214249983259314,2.0232114125814995,15.0,3.0,3.5,0.8,7.263234412436376,26.147643884770954
14,27,951,377,60.5013,-32.9838,198.0055,2.0752,4.7129,-8.4931,-2.5051,-1.6702,2.0245,8.8515,0.2429,0.9626,2.4417,car,30,67.731,-57.4097,4.7897,-5.954,7.623,-0.5302,304.8366,7.641422779168811,27.50912200500772,-7.229699999999994,24.4259,-13.2828,3.4488999999999996,13.723253515475111,25.473381261622883,0,14_13_30_886_ego_30,0,886,860,886,vehicle_vehicle,0.7691258835868089,0.011703096085631097,2.0214249983259314,2.0232114125814995,15.0,3.0,3.5,0.8,7.263234412436376,26.147643884770954
14,30,951,238,67.731,-57.4097,304.8366,1.9425,3.9964,4.7897,-5.954,2.2757,2.4909,7.623,-0.5302,-0.7445,-3.2907,car,30,67.731,-57.4097,4.7897,-5.954,7.623,-0.5302,304.8366,7.641422779168811,27.50912200500772,0.0,0.0,0.0,0.0,0.0,0.0,1,14_13_30_886_ego_30,1,886,860,886,vehicle_vehicle,0.7691258835868089,0.011703096085631097,2.0214249983259314,2.0232114125814995,15.0,3.0,3.5,0.8,7.263234412436376,26.147643884770954
14,31,951,229,58.8234,-45.3642,265.1478,2.0133,4.3115,-0.2084,-7.4885,2.8796,-0.2909,7.4793,-0.4258,0.0462,-2.8939,car,30,67.731,-57.4097,4.7897,-5.954,7.623,-0.5302,304.8366,7.641422779168811,27.50912200500772,-8.907599999999995,12.045500000000004,-4.9981,-1.5345000000000004,5.228354794770531,14.98130194642642,0,14_13_30_886_ego_30,0,886,860,886,vehicle_vehicle,0.7691258835868089,0.011703096085631097,2.0214249983259314,2.0232114125814995,15.0,3.0,3.5,0.8,7.263234412436376,26.147643884770954
14,13,952,952,67.7018,-39.5462,242.9668,1.2661,2.6528,0.0,0.0,0.0,0.0,-0.0,-0.0,-0.0,-0.0,truck,30,67.9253,-57.6438,4.8784,-5.8517,7.5998,-0.5337,305.8002,7.618476189501415,27.426514282205094,-0.22349999999998715,18.0976,-4.8784,5.8517,7.618476189501415,18.098980026786037,0,14_13_30_886_ego_30,1,886,860,886,vehicle_vehicle,0.7691258835868089,0.011703096085631097,2.0214249983259314,2.0232114125814995,15.0,3.0,3.5,0.8,7.263234412436376,26.147643884770954
14,14,952,952,70.6178,-36.4685,224.0776,2.1358,4.5059,-0.0,-0.0,-0.0,-0.0,0.0,-0.0,0.0,0.0,trailer,30,67.9253,-57.6438,4.8784,-5.8517,7.5998,-0.5337,305.8002,7.618476189501415,27.426514282205094,2.6925000000000097,21.1753,-4.8784,5.8517,7.618476189501415,21.34579317664256,0,14_13_30_886_ego_30,0,886,860,886,vehicle_vehicle,0.7691258835868089,0.011703096085631097,2.0214249983259314,2.0232114125814995,15.0,3.0,3.5,0.8,7.263234412436376,26.147643884770954
14,27,952,378,60.1598,-33.0819,197.4257,2.0752,4.7129,-8.5623,-2.4202,-1.6762,2.0917,8.8941,0.255,0.9729,2.4976,car,30,67.9253,-57.6438,4.8784,-5.8517,7.5998,-0.5337,305.8002,7.618476189501415,27.426514282205094,-7.765499999999996,24.5619,-13.4407,3.4315,13.871827880275907,25.760239165427016,0,14_13_30_886_ego_30,0,886,860,886,vehicle_vehicle,0.7691258835868089,0.011703096085631097,2.0214249983259314,2.0232114125814995,15.0,3.0,3.5,0.8,7.263234412436376,26.147643884770954
14,30,952,239,67.9253,-57.6438,305.8002,1.9425,3.9964,4.8784,-5.8517,2.1954,2.4884,7.5998,-0.5337,-0.734,-3.2362,car,30,67.9253,-57.6438,4.8784,-5.8517,7.5998,-0.5337,305.8002,7.618476189501415,27.426514282205094,0.0,0.0,0.0,0.0,0.0,0.0,1,14_13_30_886_ego_30,1,886,860,886,vehicle_vehicle,0.7691258835868089,0.011703096085631097,2.0214249983259314,2.0232114125814995,15.0,3.0,3.5,0.8,7.263234412436376,26.147643884770954
14,31,952,230,58.8137,-45.6637,266.1069,2.0133,4.3115,-0.0883,-7.4987,2.8626,-0.2537,7.4873,-0.421,0.0587,-2.8732,car,30,67.9253,-57.6438,4.8784,-5.8517,7.5998,-0.5337,305.8002,7.618476189501415,27.426514282205094,-9.111599999999996,11.9801,-4.9667,-1.6470000000000002,5.232658778288529,15.051380354306376,0,14_13_30_886_ego_30,0,886,860,886,vehicle_vehicle,0.7691258835868089,0.011703096085631097,2.0214249983259314,2.0232114125814995,15.0,3.0,3.5,0.8,7.263234412436376,26.147643884770954
14,13,953,953,67.7018,-39.5462,242.9668,1.2661,2.6528,0.0,0.0,0.0,0.0,-0.0,-0.0,-0.0,-0.0,truck,30,68.1236,-57.8739,4.9634,-5.7503,7.5772,-0.5354,306.7574,7.596136494955841,27.346091381841028,-0.4217999999999904,18.3277,-4.9634,5.7503,7.596136494955841,18.332553082699636,0,14_13_30_886_ego_30,1,886,860,886,vehicle_vehicle,0.7691258835868089,0.011703096085631097,2.0214249983259314,2.0232114125814995,15.0,3.0,3.5,0.8,7.263234412436376,26.147643884770954
14,14,953,953,70.6178,-36.4685,224.0776,2.1358,4.5059,-0.0,-0.0,-0.0,-0.0,0.0,-0.0,0.0,0.0,trailer,30,68.1236,-57.8739,4.9634,-5.7503,7.5772,-0.5354,306.7574,7.596136494955841,27.346091381841028,2.4942000000000064,21.4054,-4.9634,5.7503,7.596136494955841,21.550224657761692,0,14_13_30_886_ego_30,0,886,860,886,vehicle_vehicle,0.7691258835868089,0.011703096085631097,2.0214249983259314,2.0232114125814995,15.0,3.0,3.5,0.8,7.263234412436376,26.147643884770954
14,27,953,379,59.8155,-33.1768,196.8385,2.0752,4.7129,-8.6315,-2.3327,-1.6799,2.1549,8.9371,0.2677,0.9836,2.5492,car,30,68.1236,-57.8739,4.9634,-5.7503,7.5772,-0.5354,306.7574,7.596136494955841,27.346091381841028,-8.308099999999996,24.6971,-13.5949,3.4176,14.017891987385266,26.05707723479362,0,14_13_30_886_ego_30,0,886,860,886,vehicle_vehicle,0.7691258835868089,0.011703096085631097,2.0214249983259314,2.0232114125814995,15.0,3.0,3.5,0.8,7.263234412436376,26.147643884770954
14,30,953,240,68.1236,-57.8739,306.7574,1.9425,3.9964,4.9634,-5.7503,2.1177,2.4837,7.5772,-0.5354,-0.7226,-3.1829,car,30,68.1236,-57.8739,4.9634,-5.7503,7.5772,-0.5354,306.7574,7.596136494955841,27.346091381841028,0.0,0.0,0.0,0.0,0.0,0.0,1,14_13_30_886_ego_30,1,886,860,886,vehicle_vehicle,0.7691258835868089,0.011703096085631097,2.0214249983259314,2.0232114125814995,15.0,3.0,3.5,0.8,7.263234412436376,26.147643884770954
14,31,953,231,58.8104,-45.9642,267.0724,2.0133,4.3115,0.0318,-7.5072,2.8403,-0.218,7.4957,-0.4152,0.0727,-2.8478,car,30,68.1236,-57.8739,4.9634,-5.7503,7.5772,-0.5354,306.7574,7.596136494955841,27.346091381841028,-9.313199999999995,11.9097,-4.9316,-1.7569,5.235205456331204,15.118751546672097,0,14_13_30_886_ego_30,0,886,860,886,vehicle_vehicle,0.7691258835868089,0.011703096085631097,2.0214249983259314,2.0232114125814995,15.0,3.0,3.5,0.8,7.263234412436376,26.147643884770954
14,13,954,954,67.7018,-39.5462,242.9668,1.2661,2.6528,0.0,0.0,0.0,0.0,-0.0,-0.0,-0.0,-0.0,truck,30,68.3253,-58.1002,5.0447,-5.6498,7.5555,-0.5323,307.7319,7.574248354127293,27.267294074858253,-0.6234999999999928,18.554000000000002,-5.0447,5.6498,7.574248354127293,18.564473282320726,0,14_13_30_886_ego_30,1,886,860,886,vehicle_vehicle,0.7691258835868089,0.011703096085631097,2.0214249983259314,2.0232114125814995,15.0,3.0,3.5,0.8,7.263234412436376,26.147643884770954
14,14,954,954,70.6178,-36.4685,224.0776,2.1358,4.5059,-0.0,-0.0,-0.0,-0.0,0.0,0.0,0.0,0.0,trailer,30,68.3253,-58.1002,5.0447,-5.6498,7.5555,-0.5323,307.7319,7.574248354127293,27.267294074858253,2.292500000000004,21.631700000000002,-5.0447,5.6498,7.574248354127293,21.75283892139139,0,14_13_30_886_ego_30,0,886,860,886,vehicle_vehicle,0.7691258835868089,0.011703096085631097,2.0214249983259314,2.0232114125814995,15.0,3.0,3.5,0.8,7.263234412436376,26.147643884770954
14,27,954,380,59.4684,-33.268,196.2388,2.0752,4.7129,-8.7006,-2.2428,-1.6815,2.2144,8.9807,0.2798,0.9952,2.5963,car,30,68.3253,-58.1002,5.0447,-5.6498,7.5555,-0.5323,307.7319,7.574248354127293,27.267294074858253,-8.856899999999996,24.8322,-13.7453,3.407,14.161247158707457,26.364423651011222,0,14_13_30_886_ego_30,0,886,860,886,vehicle_vehicle,0.7691258835868089,0.011703096085631097,2.0214249983259314,2.0232114125814995,15.0,3.0,3.5,0.8,7.263234412436376,26.147643884770954
14,30,954,241,68.3253,-58.1002,307.7319,1.9425,3.9964,5.0447,-5.6498,2.043,2.4775,7.5555,-0.5323,-0.7091,-3.132,car,30,68.3253,-58.1002,5.0447,-5.6498,7.5555,-0.5323,307.7319,7.574248354127293,27.267294074858253,0.0,0.0,0.0,0.0,0.0,0.0,1,14_13_30_886_ego_30,1,886,860,886,vehicle_vehicle,0.7691258835868089,0.011703096085631097,2.0214249983259314,2.0232114125814995,15.0,3.0,3.5,0.8,7.263234412436376,26.147643884770954
14,31,954,232,58.8131,-46.2648,268.0048,2.0133,4.3115,0.1514,-7.5142,2.8122,-0.1841,7.5043,-0.4129,0.0861,-2.8169,car,30,68.3253,-58.1002,5.0447,-5.6498,7.5555,-0.5323,307.7319,7.574248354127293,27.267294074858253,-9.5122,11.8354,-4.8933,-1.8643999999999998,5.236446528897244,15.184157599287488,0,14_13_30_886_ego_30,0,886,860,886,vehicle_vehicle,0.7691258835868089,0.011703096085631097,2.0214249983259314,2.0232114125814995,15.0,3.0,3.5,0.8,7.263234412436376,26.147643884770954
14,13,955,955,67.7018,-39.5462,242.9668,1.2661,2.6528,0.0,0.0,0.0,0.0,-0.0,-0.0,-0.0,-0.0,truck,30,68.53,-58.3219,5.1225,-5.5504,7.5343,-0.5293,308.685,7.552942897308306,27.1905944303099,-0.8281999999999954,18.7757,-5.1225,5.5504,7.552942897308306,18.793957159949045,0,14_13_30_886_ego_30,1,886,860,886,vehicle_vehicle,0.7691258835868089,0.011703096085631097,2.0214249983259314,2.0232114125814995,15.0,3.0,3.5,0.8,7.263234412436376,26.147643884770954
14,14,955,955,70.6178,-36.4685,224.0776,2.1358,4.5059,-0.0,-0.0,-0.0,-0.0,0.0,0.0,0.0,0.0,trailer,30,68.53,-58.3219,5.1225,-5.5504,7.5343,-0.5293,308.685,7.552942897308306,27.1905944303099,2.0878000000000014,21.8534,-5.1225,5.5504,7.552942897308306,21.952904145010063,0,14_13_30_886_ego_30,0,886,860,886,vehicle_vehicle,0.7691258835868089,0.011703096085631097,2.0214249983259314,2.0232114125814995,15.0,3.0,3.5,0.8,7.263234412436376,26.147643884770954
14,27,955,381,59.1182,-33.3555,195.6459,2.0752,4.7129,-8.7695,-2.1506,-1.6814,2.2703,9.0246,0.2941,1.0068,2.6396,car,30,68.53,-58.3219,5.1225,-5.5504,7.5343,-0.5293,308.685,7.552942897308306,27.1905944303099,-9.4118,24.9664,-13.892,3.3998,14.301968537232908,26.681512479617794,0,14_13_30_886_ego_30,0,886,860,886,vehicle_vehicle,0.7691258835868089,0.011703096085631097,2.0214249983259314,2.0232114125814995,15.0,3.0,3.5,0.8,7.263234412436376,26.147643884770954
14,30,955,242,68.53,-58.3219,308.685,1.9425,3.9964,5.1225,-5.5504,1.9721,2.4705,7.5343,-0.5293,-0.6958,-3.0836,car,30,68.53,-58.3219,5.1225,-5.5504,7.5343,-0.5293,308.685,7.552942897308306,27.1905944303099,0.0,0.0,0.0,0.0,0.0,0.0,1,14_13_30_886_ego_30,1,886,860,886,vehicle_vehicle,0.7691258835868089,0.011703096085631097,2.0214249983259314,2.0232114125814995,15.0,3.0,3.5,0.8,7.263234412436376,26.147643884770954
14,31,955,233,58.821,-46.5657,268.8902,2.0133,4.3115,0.27,-7.5198,2.7781,-0.1519,7.5131,-0.4156,0.0981,-2.7805,car,30,68.53,-58.3219,5.1225,-5.5504,7.5343,-0.5293,308.685,7.552942897308306,27.1905944303099,-9.709000000000003,11.7562,-4.852499999999999,-1.9694000000000003,5.236916326427222,15.24706264957287,0,14_13_30_886_ego_30,0,886,860,886,vehicle_vehicle,0.7691258835868089,0.011703096085631097,2.0214249983259314,2.0232114125814995,15.0,3.0,3.5,0.8,7.263234412436376,26.147643884770954
14,13,956,956,67.7018,-39.5462,242.9668,1.2661,2.6528,0.0,0.0,-0.0,0.0,-0.0,-0.0,0.0,0.0,truck,30,68.7377,-58.5401,5.1969,-5.4521,7.5137,-0.5268,309.6171,7.532142060529661,27.11571141790678,-1.035899999999998,18.993900000000004,-5.1969,5.4521,7.532142060529661,19.022127273783028,0,14_13_30_886_ego_30,1,886,860,886,vehicle_vehicle,0.7691258835868089,0.011703096085631097,2.0214249983259314,2.0232114125814995,15.0,3.0,3.5,0.8,7.263234412436376,26.147643884770954
14,14,956,956,70.6178,-36.4685,224.0776,2.1358,4.5059,-0.0,-0.0,-0.0,0.0,0.0,0.0,0.0,0.0,trailer,30,68.7377,-58.5401,5.1969,-5.4521,7.5137,-0.5268,309.6171,7.532142060529661,27.11571141790678,1.8800999999999988,22.071600000000004,-5.1969,5.4521,7.532142060529661,22.15153047917909,0,14_13_30_886_ego_30,0,886,860,886,vehicle_vehicle,0.7691258835868089,0.011703096085631097,2.0214249983259314,2.0232114125814995,15.0,3.0,3.5,0.8,7.263234412436376,26.147643884770954
14,27,956,382,58.7653,-33.4393,195.0562,2.0752,4.7129,-8.8381,-2.0565,-1.6797,2.3227,9.0689,0.31,1.0187,2.6793,car,30,68.7377,-58.5401,5.1969,-5.4521,7.5137,-0.5268,309.6171,7.532142060529661,27.11571141790678,-9.9724,25.1008,-14.035,3.3955999999999995,14.439921203386119,27.00923772341604,0,14_13_30_886_ego_30,0,886,860,886,vehicle_vehicle,0.7691258835868089,0.011703096085631097,2.0214249983259314,2.0232114125814995,15.0,3.0,3.5,0.8,7.263234412436376,26.147643884770954
14,30,956,243,68.7377,-58.5401,309.6171,1.9425,3.9964,5.1969,-5.4521,1.9054,2.4637,7.5137,-0.5268,-0.6828,-3.0388,car,30,68.7377,-58.5401,5.1969,-5.4521,7.5137,-0.5268,309.6171,7.532142060529661,27.11571141790678,0.0,0.0,0.0,0.0,0.0,0.0,1,14_13_30_886_ego_30,1,886,860,886,vehicle_vehicle,0.7691258835868089,0.011703096085631097,2.0214249983259314,2.0232114125814995,15.0,3.0,3.5,0.8,7.263234412436376,26.147643884770954
14,31,956,234,58.8337,-46.8674,269.7354,2.0133,4.3115,0.3874,-7.5238,2.7378,-0.1216,7.5219,-0.4221,0.109,-2.7383,car,30,68.7377,-58.5401,5.1969,-5.4521,7.5137,-0.5268,309.6171,7.532142060529661,27.11571141790678,-9.904000000000003,11.672699999999999,-4.8095,-2.0717,5.236719501749163,15.308205031616216,0,14_13_30_886_ego_30,0,886,860,886,vehicle_vehicle,0.7691258835868089,0.011703096085631097,2.0214249983259314,2.0232114125814995,15.0,3.0,3.5,0.8,7.263234412436376,26.147643884770954
14,13,957,957,67.7018,-39.5462,242.9668,1.2661,2.6528,0.0,0.0,-0.0,0.0,-0.0,-0.0,0.0,0.0,truck,30,68.948,-58.7553,5.2683,-5.3544,7.4931,-0.5268,310.5141,7.511629932977263,27.041867758718148,-1.2461999999999875,19.2091,-5.2683,5.3544,7.511629932977263,19.249481480029534,0,14_13_30_886_ego_30,1,886,860,886,vehicle_vehicle,0.7691258835868089,0.011703096085631097,2.0214249983259314,2.0232114125814995,15.0,3.0,3.5,0.8,7.263234412436376,26.147643884770954
14,14,957,957,70.6178,-36.4685,224.0776,2.1358,4.5059,-0.0,-0.0,-0.0,0.0,0.0,0.0,0.0,0.0,trailer,30,68.948,-58.7553,5.2683,-5.3544,7.4931,-0.5268,310.5141,7.511629932977263,27.041867758718148,1.6698000000000093,22.2868,-5.2683,5.3544,7.511629932977263,22.349265900248266,0,14_13_30_886_ego_30,0,886,860,886,vehicle_vehicle,0.7691258835868089,0.011703096085631097,2.0214249983259314,2.0232114125814995,15.0,3.0,3.5,0.8,7.263234412436376,26.147643884770954
14,27,957,383,58.4102,-33.5192,194.4547,2.0752,4.7129,-8.9065,-1.9604,-1.6768,2.3718,9.1139,0.3249,1.0317,2.7153,car,30,68.948,-58.7553,5.2683,-5.3544,7.4931,-0.5268,310.5141,7.511629932977263,27.041867758718148,-10.53779999999999,25.2361,-14.1748,3.394,14.57546537987724,27.34786960715587,0,14_13_30_886_ego_30,0,886,860,886,vehicle_vehicle,0.7691258835868089,0.011703096085631097,2.0214249983259314,2.0232114125814995,15.0,3.0,3.5,0.8,7.263234412436376,26.147643884770954
14,30,957,244,68.948,-58.7553,310.5141,1.9425,3.9964,5.2683,-5.3544,1.8433,2.4575,7.4931,-0.5268,-0.6708,-2.9978,car,30,68.948,-58.7553,5.2683,-5.3544,7.4931,-0.5268,310.5141,7.511629932977263,27.041867758718148,0.0,0.0,0.0,0.0,0.0,0.0,1,14_13_30_886_ego_30,1,886,860,886,vehicle_vehicle,0.7691258835868089,0.011703096085631097,2.0214249983259314,2.0232114125814995,15.0,3.0,3.5,0.8,7.263234412436376,26.147643884770954
14,31,957,235,58.851,-47.1694,270.5579,2.0133,4.3115,0.5034,-7.5262,2.6911,-0.0936,7.5307,-0.43,0.1198,-2.69,car,30,68.948,-58.7553,5.2683,-5.3544,7.4931,-0.5268,310.5141,7.511629932977263,27.041867758718148,-10.096999999999994,11.585899999999995,-4.7649,-2.1718,5.236505251596718,15.368229820314367,0,14_13_30_886_ego_30,0,886,860,886,vehicle_vehicle,0.7691258835868089,0.011703096085631097,2.0214249983259314,2.0232114125814995,15.0,3.0,3.5,0.8,7.263234412436376,26.147643884770954
14,13,958,958,67.7018,-39.5462,242.9668,1.2661,2.6528,0.0,0.0,-0.0,0.0,-0.0,-0.0,0.0,0.0,truck,30,69.1599,-58.9661,5.3374,-5.2575,7.4731,-0.53,311.3754,7.491938668328779,26.970979205983607,-1.4580999999999875,19.4199,-5.3374,5.2575,7.491938668328779,19.47456216760726,0,14_13_30_886_ego_30,1,886,860,886,vehicle_vehicle,0.7691258835868089,0.011703096085631097,2.0214249983259314,2.0232114125814995,15.0,3.0,3.5,0.8,7.263234412436376,26.147643884770954
14,14,958,958,70.6178,-36.4685,224.0776,2.1358,4.5059,-0.0,-0.0,0.0,0.0,0.0,0.0,-0.0,0.0,trailer,30,69.1599,-58.9661,5.3374,-5.2575,7.4731,-0.53,311.3754,7.491938668328779,26.970979205983607,1.4579000000000093,22.4976,-5.3374,5.2575,7.491938668328779,22.544788270684645,0,14_13_30_886_ego_30,0,886,860,886,vehicle_vehicle,0.7691258835868089,0.011703096085631097,2.0214249983259314,2.0232114125814995,15.0,3.0,3.5,0.8,7.263234412436376,26.147643884770954
14,27,958,384,58.0528,-33.5954,193.8156,2.0752,4.7129,-8.9749,-1.8625,-1.6727,2.4178,9.16,0.3346,1.0469,2.7473,car,30,69.1599,-58.9661,5.3374,-5.2575,7.4731,-0.53,311.3754,7.491938668328779,26.970979205983607,-11.107099999999996,25.3707,-14.3123,3.3950000000000005,14.709451257269933,27.695488601936592,0,14_13_30_886_ego_30,0,886,860,886,vehicle_vehicle,0.7691258835868089,0.011703096085631097,2.0214249983259314,2.0232114125814995,15.0,3.0,3.5,0.8,7.263234412436376,26.147643884770954
14,30,958,245,69.1599,-58.9661,311.3754,1.9425,3.9964,5.3374,-5.2575,1.7859,2.4524,7.4731,-0.53,-0.6598,-2.9612,car,30,69.1599,-58.9661,5.3374,-5.2575,7.4731,-0.53,311.3754,7.491938668328779,26.970979205983607,0.0,0.0,0.0,0.0,0.0,0.0,1,14_13_30_886_ego_30,1,886,860,886,vehicle_vehicle,0.7691258835868089,0.011703096085631097,2.0214249983259314,2.0232114125814995,15.0,3.0,3.5,0.8,7.263234412436376,26.147643884770954
14,31,958,236,58.8724,-47.4712,271.363,2.0133,4.3115,0.6178,-7.5271,2.6378,-0.0683,7.5397,-0.4385,0.131,-2.6354,car,30,69.1599,-58.9661,5.3374,-5.2575,7.4731,-0.53,311.3754,7.491938668328779,26.970979205983607,-10.287499999999994,11.494899999999994,-4.7196,-2.2695999999999996,5.236956016618814,15.426126612341795,0,14_13_30_886_ego_30,0,886,860,886,vehicle_vehicle,0.7691258835868089,0.011703096085631097,2.0214249983259314,2.0232114125814995,15.0,3.0,3.5,0.8,7.263234412436376,26.147643884770954
14,13,959,959,67.7018,-39.5462,242.9668,1.2661,2.6528,0.0,0.0,-0.0,0.0,-0.0,-0.0,0.0,0.0,truck,30,69.3737,-59.1733,5.4046,-5.1612,7.4542,-0.5316,312.24,7.473130977040347,26.90327151734525,-1.6718999999999937,19.6271,-5.4046,5.1612,7.473130977040347,19.698180221025492,0,14_13_30_886_ego_30,1,886,860,886,vehicle_vehicle,0.7691258835868089,0.011703096085631097,2.0214249983259314,2.0232114125814995,15.0,3.0,3.5,0.8,7.263234412436376,26.147643884770954
14,14,959,959,70.6178,-36.4685,224.0776,2.1358,4.5059,-0.0,-0.0,0.0,0.0,0.0,0.0,-0.0,0.0,trailer,30,69.3737,-59.1733,5.4046,-5.1612,7.4542,-0.5316,312.24,7.473130977040347,26.90327151734525,1.244100000000003,22.7048,-5.4046,5.1612,7.473130977040347,22.73885942280307,0,14_13_30_886_ego_30,0,886,860,886,vehicle_vehicle,0.7691258835868089,0.011703096085631097,2.0214249983259314,2.0232114125814995,15.0,3.0,3.5,0.8,7.263234412436376,26.147643884770954
14,27,959,385,57.6922,-33.668,193.1577,2.0752,4.7129,-9.0429,-1.7627,-1.6673,2.4608,9.2068,0.342,1.0634,2.7757,car,30,69.3737,-59.1733,5.4046,-5.1612,7.4542,-0.5316,312.24,7.473130977040347,26.90327151734525,-11.6815,25.5053,-14.4475,3.3985000000000003,14.841834741702254,28.053124074512628,0,14_13_30_886_ego_30,0,886,860,886,vehicle_vehicle,0.7691258835868089,0.011703096085631097,2.0214249983259314,2.0232114125814995,15.0,3.0,3.5,0.8,7.263234412436376,26.147643884770954
14,30,959,246,69.3737,-59.1733,312.24,1.9425,3.9964,5.4046,-5.1612,1.733,2.449,7.4542,-0.5316,-0.6481,-2.9293,car,30,69.3737,-59.1733,5.4046,-5.1612,7.4542,-0.5316,312.24,7.473130977040347,26.90327151734525,0.0,0.0,0.0,0.0,0.0,0.0,1,14_13_30_886_ego_30,1,886,860,886,vehicle_vehicle,0.7691258835868089,0.011703096085631097,2.0214249983259314,2.0232114125814995,15.0,3.0,3.5,0.8,7.263234412436376,26.147643884770954
14,31,959,237,58.8986,-47.7731,272.1843,2.0133,4.3115,0.7303,-7.5268,2.5776,-0.0458,7.5492,-0.4429,0.144,-2.574,car,30,69.3737,-59.1733,5.4046,-5.1612,7.4542,-0.5316,312.24,7.473130977040347,26.90327151734525,-10.475099999999998,11.400199999999998,-4.674300000000001,-2.3655999999999997,5.238811301240006,15.481998580609673,0,14_13_30_886_ego_30,0,886,860,886,vehicle_vehicle,0.7691258835868089,0.011703096085631097,2.0214249983259314,2.0232114125814995,15.0,3.0,3.5,0.8,7.263234412436376,26.147643884770954
14,13,960,960,67.7018,-39.5462,242.9668,1.2661,2.6528,0.0,0.0,-0.0,-0.0,-0.0,-0.0,0.0,0.0,truck,30,69.5901,-59.3776,5.4701,-5.0652,7.4359,-0.5346,313.0894,7.455081827183388,26.8382945778602,-1.888300000000001,19.831400000000002,-5.4701,5.0652,7.455081827183388,19.921096928884214,0,14_13_30_886_ego_30,1,886,860,886,vehicle_vehicle,0.7691258835868089,0.011703096085631097,2.0214249983259314,2.0232114125814995,15.0,3.0,3.5,0.8,7.263234412436376,26.147643884770954
14,14,960,960,70.6178,-36.4685,224.0776,2.1358,4.5059,-0.0,-0.0,0.0,0.0,0.0,0.0,-0.0,-0.0,trailer,30,69.5901,-59.3776,5.4701,-5.0652,7.4359,-0.5346,313.0894,7.455081827183388,26.8382945778602,1.0276999999999958,22.909100000000002,-5.4701,5.0652,7.455081827183388,22.932139675573232,0,14_13_30_886_ego_30,0,886,860,886,vehicle_vehicle,0.7691258835868089,0.011703096085631097,2.0214249983259314,2.0232114125814995,15.0,3.0,3.5,0.8,7.263234412436376,26.147643884770954
14,27,960,386,57.3293,-33.7373,192.4953,2.0752,4.7129,-9.1109,-1.6609,-1.6607,2.5006,9.2545,0.3497,1.0803,2.8006,car,30,69.5901,-59.3776,5.4701,-5.0652,7.4359,-0.5346,313.0894,7.455081827183388,26.8382945778602,-12.260800000000003,25.640300000000003,-14.581000000000001,3.4043,14.973136594915577,28.420981698913923,0,14_13_30_886_ego_30,0,886,860,886,vehicle_vehicle,0.7691258835868089,0.011703096085631097,2.0214249983259314,2.0232114125814995,15.0,3.0,3.5,0.8,7.263234412436376,26.147643884770954
14,30,960,247,69.5901,-59.3776,313.0894,1.9425,3.9964,5.4701,-5.0652,1.6841,2.4474,7.4359,-0.5346,-0.6369,-2.9018,car,30,69.5901,-59.3776,5.4701,-5.0652,7.4359,-0.5346,313.0894,7.455081827183388,26.8382945778602,0.0,0.0,0.0,0.0,0.0,0.0,1,14_13_30_886_ego_30,1,886,860,886,vehicle_vehicle,0.7691258835868089,0.011703096085631097,2.0214249983259314,2.0232114125814995,15.0,3.0,3.5,0.8,7.263234412436376,26.147643884770954
14,31,960,238,58.9299,-48.0747,273.0047,2.0133,4.3115,0.8404,-7.5254,2.5104,-0.0264,7.5591,-0.4448,0.158,-2.5056,car,30,69.5901,-59.3776,5.4701,-5.0652,7.4359,-0.5346,313.0894,7.455081827183388,26.8382945778602,-10.660200000000003,11.302900000000001,-4.629700000000001,-2.4602000000000004,5.242776566858444,15.53690485424945,0,14_13_30_886_ego_30,0,886,860,886,vehicle_vehicle,0.7691258835868089,0.011703096085631097,2.0214249983259314,2.0232114125814995,15.0,3.0,3.5,0.8,7.263234412436376,26.147643884770954
14,13,961,961,67.7018,-39.5462,242.9668,1.2661,2.6528,0.0,0.0,-0.0,-0.0,-0.0,-0.0,0.0,0.0,truck,30,69.8086,-59.579,5.5344,-4.9689,7.4184,-0.5358,313.951,7.437711379853348,26.775760967472053,-2.1067999999999927,20.0328,-5.5344,4.9689,7.437711379853348,20.14327883141173,0,14_13_30_886_ego_30,1,886,860,886,vehicle_vehicle,0.7691258835868089,0.011703096085631097,2.0214249983259314,2.0232114125814995,15.0,3.0,3.5,0.8,7.263234412436376,26.147643884770954
14,14,961,961,70.6178,-36.4685,224.0776,2.1358,4.5059,-0.0,-0.0,0.0,0.0,0.0,0.0,-0.0,-0.0,trailer,30,69.8086,-59.579,5.5344,-4.9689,7.4184,-0.5358,313.951,7.437711379853348,26.775760967472053,0.8092000000000041,23.110500000000002,-5.5344,4.9689,7.437711379853348,23.124662481645004,0,14_13_30_886_ego_30,0,886,860,886,vehicle_vehicle,0.7691258835868089,0.011703096085631097,2.0214249983259314,2.0232114125814995,15.0,3.0,3.5,0.8,7.263234412436376,26.147643884770954
14,27,961,387,56.9643,-33.8029,191.815,2.0752,4.7129,-9.1789,-1.5571,-1.6527,2.5367,9.3032,0.3553,1.0982,2.8214,car,30,69.8086,-59.579,5.5344,-4.9689,7.4184,-0.5358,313.951,7.437711379853348,26.775760967472053,-12.844299999999997,25.7761,-14.7133,3.4117999999999995,15.103694121968969,28.799016887734204,0,14_13_30_886_ego_30,0,886,860,886,vehicle_vehicle,0.7691258835868089,0.011703096085631097,2.0214249983259314,2.0232114125814995,15.0,3.0,3.5,0.8,7.263234412436376,26.147643884770954
14,30,961,248,69.8086,-59.579,313.951,1.9425,3.9964,5.5344,-4.9689,1.6386,2.4476,7.4184,-0.5358,-0.6249,-2.8784,car,30,69.8086,-59.579,5.5344,-4.9689,7.4184,-0.5358,313.951,7.437711379853348,26.775760967472053,0.0,0.0,0.0,0.0,0.0,0.0,1,14_13_30_886_ego_30,1,886,860,886,vehicle_vehicle,0.7691258835868089,0.011703096085631097,2.0214249983259314,2.0232114125814995,15.0,3.0,3.5,0.8,7.263234412436376,26.147643884770954
14,31,961,239,58.9675,-48.3764,273.8504,2.0133,4.3115,0.9471,-7.523,2.4366,-0.0105,7.5696,-0.4398,0.1741,-2.4304,car,30,69.8086,-59.579,5.5344,-4.9689,7.4184,-0.5358,313.951,7.437711379853348,26.775760967472053,-10.841099999999997,11.202600000000004,-4.5873,-2.5541,5.250404565364463,15.589345591460855,0,14_13_30_886_ego_30,0,886,860,886,vehicle_vehicle,0.7691258835868089,0.011703096085631097,2.0214249983259314,2.0232114125814995,15.0,3.0,3.5,0.8,7.263234412436376,26.147643884770954
