recordingId,trackId,frame,trackLifetime,xCenter,yCenter,heading,width,length,xVelocity,yVelocity,xAcceleration,yAcceleration,lonVelocity,latVelocity,lonAcceleration,latAcceleration,class,egoTrackId,ego_xCenter,ego_yCenter,ego_xVelocity,ego_yVelocity,ego_lonVelocity,ego_latVelocity,ego_heading,ego_speed_mps,ego_speed_kph,rel_x_to_ego,rel_y_to_ego,rel_vx_to_ego,rel_vy_to_ego,rel_speed_to_ego,distance_to_ego,is_ego,event_id,is_primary_actor,event_peak_frame,event_start_frame,event_end_frame,pair_type,risk_score_peak,event_min_ttc,event_min_dcpa,event_min_distance,dist_threshold_used,ttc_threshold_used,dcpa_threshold_used,min_rel_speed_threshold_used,ego_speed_mps_peak,ego_speed_kph_peak
6,501,21167,178,98.8743,-49.362,76.8042,2.5525,6.5436,1.2561,6.5819,-2.5547,0.4476,6.6949,-0.2796,-0.1474,-2.5894,van,507,,,,,,,,,,,,,,,,0,06_501_507_21242_ego_507,1,21242,21242,21242,vehicle_vehicle,0.1472136630802343,2.1028423431522705,3.3779341775027354,14.967492577248867,15.0,3.0,3.5,0.8,3.31495547632242,11.933839714760712
6,506,21167,3,89.6293,-16.3054,240.0663,2.0781,4.4214,-2.109,-3.5457,-1.4245,-0.9899,4.1251,0.0584,1.5687,0.7405,car,507,,,,,,,,,,,,,,,,0,06_501_507_21242_ego_507,0,21242,21242,21242,vehicle_vehicle,0.1472136630802343,2.1028423431522705,3.3779341775027354,14.967492577248867,15.0,3.0,3.5,0.8,3.31495547632242,11.933839714760712
6,501,21168,179,98.9226,-49.0978,77.6171,2.5525,6.5436,1.1518,6.6003,-2.5747,0.3956,6.6937,-0.2904,-0.1657,-2.5996,van,507,,,,,,,,,,,,,,,,0,06_501_507_21242_ego_507,1,21242,21242,21242,vehicle_vehicle,0.1472136630802343,2.1028423431522705,3.3779341775027354,14.967492577248867,15.0,3.0,3.5,0.8,3.31495547632242,11.933839714760712
6,506,21168,4,89.5424,-16.4489,239.8737,2.0781,4.4214,-2.1682,-3.5925,-1.4414,-0.9757,4.1955,0.0722,1.5674,0.757,car,507,,,,,,,,,,,,,,,,0,06_501_507_21242_ego_507,0,21242,21242,21242,vehicle_vehicle,0.1472136630802343,2.1028423431522705,3.3779341775027354,14.967492577248867,15.0,3.0,3.5,0.8,3.31495547632242,11.933839714760712
6,501,21169,180,98.967,-48.8327,78.4217,2.5525,6.5436,1.0465,6.6162,-2.5924,0.3434,6.6916,-0.3027,-0.1839,-2.6086,van,507,,,,,,,,,,,,,,,,0,06_501_507_21242_ego_507,1,21242,21242,21242,vehicle_vehicle,0.1472136630802343,2.1028423431522705,3.3779341775027354,14.967492577248867,15.0,3.0,3.5,0.8,3.31495547632242,11.933839714760712
6,506,21169,5,89.4533,-16.5948,239.6756,2.0781,4.4214,-2.2275,-3.6382,-1.4564,-0.9546,4.2651,0.0858,1.5593,0.7752,car,507,,,,,,,,,,,,,,,,0,06_501_507_21242_ego_507,0,21242,21242,21242,vehicle_vehicle,0.1472136630802343,2.1028423431522705,3.3779341775027354,14.967492577248867,15.0,3.0,3.5,0.8,3.31495547632242,11.933839714760712
6,501,21170,181,99.007,-48.5671,79.2291,2.5525,6.5436,0.9404,6.6299,-2.6078,0.2911,6.6888,-0.3151,-0.2013,-2.6163,van,507,,,,,,,,,,,,,,,,0,06_501_507_21242_ego_507,1,21242,21242,21242,vehicle_vehicle,0.1472136630802343,2.1028423431522705,3.3779341775027354,14.967492577248867,15.0,3.0,3.5,0.8,3.31495547632242,11.933839714760712
6,506,21170,6,89.3617,-16.7427,239.4618,2.0781,4.4214,-2.287,-3.6825,-1.4699,-0.9271,4.3337,0.0986,1.5454,0.795,car,507,,,,,,,,,,,,,,,,0,06_501_507_21242_ego_507,0,21242,21242,21242,vehicle_vehicle,0.1472136630802343,2.1028423431522705,3.3779341775027354,14.967492577248867,15.0,3.0,3.5,0.8,3.31495547632242,11.933839714760712
6,501,21171,182,99.0426,-48.3013,80.0467,2.5525,6.5436,0.8337,6.6412,-2.6209,0.2391,6.6854,-0.3267,-0.2175,-2.6228,van,507,,,,,,,,,,,,,,,,0,06_501_507_21242_ego_507,1,21242,21242,21242,vehicle_vehicle,0.1472136630802343,2.1028423431522705,3.3779341775027354,14.967492577248867,15.0,3.0,3.5,0.8,3.31495547632242,11.933839714760712
6,506,21171,7,89.2672,-16.8924,239.2312,2.0781,4.4214,-2.3462,-3.7249,-1.4827,-0.8938,4.4009,0.1104,1.5265,0.8167,car,507,,,,,,,,,,,,,,,,0,06_501_507_21242_ego_507,0,21242,21242,21242,vehicle_vehicle,0.1472136630802343,2.1028423431522705,3.3779341775027354,14.967492577248867,15.0,3.0,3.5,0.8,3.31495547632242,11.933839714760712
6,501,21172,183,99.0737,-48.0352,80.8773,2.5525,6.5436,0.7266,6.6504,-2.6316,0.1874,6.6815,-0.337,-0.2322,-2.628,van,507,,,,,,,,,,,,,,,,0,06_501_507_21242_ego_507,1,21242,21242,21242,vehicle_vehicle,0.1472136630802343,2.1028423431522705,3.3779341775027354,14.967492577248867,15.0,3.0,3.5,0.8,3.31495547632242,11.933839714760712
6,506,21172,8,89.1701,-17.0435,238.9919,2.0781,4.4214,-2.4051,-3.7655,-1.4954,-0.8555,4.4664,0.1216,1.5036,0.841,car,507,,,,,,,,,,,,,,,,0,06_501_507_21242_ego_507,0,21242,21242,21242,vehicle_vehicle,0.1472136630802343,2.1028423431522705,3.3779341775027354,14.967492577248867,15.0,3.0,3.5,0.8,3.31495547632242,11.933839714760712
6,501,21173,184,99.1004,-47.7688,81.7119,2.5525,6.5436,0.619,6.6574,-2.6399,0.1361,6.6771,-0.3471,-0.2458,-2.632,van,507,,,,,,,,,,,,,,,,0,06_501_507_21242_ego_507,1,21242,21242,21242,vehicle_vehicle,0.1472136630802343,2.1028423431522705,3.3779341775027354,14.967492577248867,15.0,3.0,3.5,0.8,3.31495547632242,11.933839714760712
6,506,21173,9,89.0711,-17.196,238.743,2.0781,4.4214,-2.4639,-3.804,-1.5088,-0.8126,4.5303,0.1324,1.4775,0.8682,car,507,,,,,,,,,,,,,,,,0,06_501_507_21242_ego_507,0,21242,21242,21242,vehicle_vehicle,0.1472136630802343,2.1028423431522705,3.3779341775027354,14.967492577248867,15.0,3.0,3.5,0.8,3.31495547632242,11.933839714760712
6,501,21174,185,99.1229,-47.5023,82.559,2.5525,6.5436,0.5113,6.6623,-2.6461,0.0854,6.6724,-0.3558,-0.258,-2.6349,van,507,,,,,,,,,,,,,,,,0,06_501_507_21242_ego_507,1,21242,21242,21242,vehicle_vehicle,0.1472136630802343,2.1028423431522705,3.3779341775027354,14.967492577248867,15.0,3.0,3.5,0.8,3.31495547632242,11.933839714760712
6,506,21174,10,88.9698,-17.351,238.4788,2.0781,4.4214,-2.5226,-3.84,-1.5236,-0.7658,4.5923,0.1428,1.4494,0.8984,car,507,,,,,,,,,,,,,,,,0,06_501_507_21242_ego_507,0,21242,21242,21242,vehicle_vehicle,0.1472136630802343,2.1028423431522705,3.3779341775027354,14.967492577248867,15.0,3.0,3.5,0.8,3.31495547632242,11.933839714760712
6,501,21175,186,99.1413,-47.2354,83.4124,2.5525,6.5436,0.4032,6.6651,-2.6501,0.0352,6.6673,-0.3641,-0.2691,-2.6366,van,507,,,,,,,,,,,,,,,,0,06_501_507_21242_ego_507,1,21242,21242,21242,vehicle_vehicle,0.1472136630802343,2.1028423431522705,3.3779341775027354,14.967492577248867,15.0,3.0,3.5,0.8,3.31495547632242,11.933839714760712
6,506,21175,11,88.8663,-17.5076,238.2144,2.0781,4.4214,-2.5814,-3.8731,-1.5402,-0.716,4.652,0.1541,1.42,0.9321,car,507,,,,,,,,,,,,,,,,0,06_501_507_21242_ego_507,0,21242,21242,21242,vehicle_vehicle,0.1472136630802343,2.1028423431522705,3.3779341775027354,14.967492577248867,15.0,3.0,3.5,0.8,3.31495547632242,11.933839714760712
6,501,21176,187,99.1552,-46.9687,84.2699,2.5525,6.5436,0.2951,6.6658,-2.6519,-0.0143,6.662,-0.3719,-0.279,-2.6372,van,507,,,,,,,,,,,,,,,,0,06_501_507_21242_ego_507,1,21242,21242,21242,vehicle_vehicle,0.1472136630802343,2.1028423431522705,3.3779341775027354,14.967492577248867,15.0,3.0,3.5,0.8,3.31495547632242,11.933839714760712
6,506,21176,12,88.7604,-17.6659,237.9411,2.0781,4.4214,-2.6402,-3.9032,-1.5594,-0.6643,4.7094,0.1658,1.3907,0.969,car,507,,,,,,,,,,,,,,,,0,06_501_507_21242_ego_507,0,21242,21242,21242,vehicle_vehicle,0.1472136630802343,2.1028423431522705,3.3779341775027354,14.967492577248867,15.0,3.0,3.5,0.8,3.31495547632242,11.933839714760712
6,501,21177,188,99.1645,-46.7019,85.1307,2.5525,6.5436,0.187,6.6645,-2.6517,-0.0631,6.6563,-0.3794,-0.288,-2.6367,van,507,,,,,,,,,,,,,,,,0,06_501_507_21242_ego_507,1,21242,21242,21242,vehicle_vehicle,0.1472136630802343,2.1028423431522705,3.3779341775027354,14.967492577248867,15.0,3.0,3.5,0.8,3.31495547632242,11.933839714760712
6,506,21177,13,88.653,-17.8248,237.6473,2.0781,4.4214,-2.6996,-3.9302,-1.5814,-0.6117,4.7648,0.1774,1.363,1.0086,car,507,,,,,,,,,,,,,,,,0,06_501_507_21242_ego_507,0,21242,21242,21242,vehicle_vehicle,0.1472136630802343,2.1028423431522705,3.3779341775027354,14.967492577248867,15.0,3.0,3.5,0.8,3.31495547632242,11.933839714760712
6,501,21178,189,99.1701,-46.4354,85.9905,2.5525,6.5436,0.0789,6.6612,-2.6494,-0.1111,6.6504,-0.3871,-0.2961,-2.6351,van,507,,,,,,,,,,,,,,,,0,06_501_507_21242_ego_507,1,21242,21242,21242,vehicle_vehicle,0.1472136630802343,2.1028423431522705,3.3779341775027354,14.967492577248867,15.0,3.0,3.5,0.8,3.31495547632242,11.933839714760712
6,506,21178,14,88.5431,-17.9845,237.3291,2.0781,4.4214,-2.7596,-3.9544,-1.6065,-0.5589,4.8185,0.1884,1.3377,1.0506,car,507,,,,,,,,,,,,,,,,0,06_501_507_21242_ego_507,0,21242,21242,21242,vehicle_vehicle,0.1472136630802343,2.1028423431522705,3.3779341775027354,14.967492577248867,15.0,3.0,3.5,0.8,3.31495547632242,11.933839714760712
6,501,21179,190,99.1709,-46.1689,86.8642,2.5525,6.5436,-0.0291,6.6559,-2.645,-0.1584,6.6444,-0.3932,-0.3028,-2.6324,van,507,,,,,,,,,,,,,,,,0,06_501_507_21242_ego_507,1,21242,21242,21242,vehicle_vehicle,0.1472136630802343,2.1028423431522705,3.3779341775027354,14.967492577248867,15.0,3.0,3.5,0.8,3.31495547632242,11.933839714760712
6,506,21179,15,88.4315,-18.1453,236.9952,2.0781,4.4214,-2.8207,-3.9756,-1.6349,-0.5068,4.8705,0.2,1.3156,1.095,car,507,,,,,,,,,,,,,,,,0,06_501_507_21242_ego_507,0,21242,21242,21242,vehicle_vehicle,0.1472136630802343,2.1028423431522705,3.3779341775027354,14.967492577248867,15.0,3.0,3.5,0.8,3.31495547632242,11.933839714760712
6,501,21180,191,99.1673,-45.9029,87.7519,2.5525,6.5436,-0.1368,6.6488,-2.6388,-0.2048,6.6383,-0.3975,-0.3082,-2.6287,van,507,,,,,,,,,,,,,,,,0,06_501_507_21242_ego_507,1,21242,21242,21242,vehicle_vehicle,0.1472136630802343,2.1028423431522705,3.3779341775027354,14.967492577248867,15.0,3.0,3.5,0.8,3.31495547632242,11.933839714760712
6,506,21180,16,88.318,-18.307,236.6435,2.0781,4.4214,-2.8831,-3.9938,-1.6663,-0.4565,4.9211,0.2122,1.2975,1.1408,car,507,,,,,,,,,,,,,,,,0,06_501_507_21242_ego_507,0,21242,21242,21242,vehicle_vehicle,0.1472136630802343,2.1028423431522705,3.3779341775027354,14.967492577248867,15.0,3.0,3.5,0.8,3.31495547632242,11.933839714760712
6,501,21181,192,99.1597,-45.6371,88.6432,2.5525,6.5436,-0.2442,6.6398,-2.6306,-0.2505,6.6322,-0.4014,-0.3127,-2.6239,van,507,,,,,,,,,,,,,,,,0,06_501_507_21242_ego_507,1,21242,21242,21242,vehicle_vehicle,0.1472136630802343,2.1028423431522705,3.3779341775027354,14.967492577248867,15.0,3.0,3.5,0.8,3.31495547632242,11.933839714760712
6,506,21181,17,88.2026,-18.4686,236.266,2.0781,4.4214,-2.9473,-4.0094,-1.7004,-0.4085,4.971,0.2245,1.284,1.1873,car,507,,,,,,,,,,,,,,,,0,06_501_507_21242_ego_507,0,21242,21242,21242,vehicle_vehicle,0.1472136630802343,2.1028423431522705,3.3779341775027354,14.967492577248867,15.0,3.0,3.5,0.8,3.31495547632242,11.933839714760712
6,501,21182,193,99.1478,-45.3716,89.5415,2.5525,6.5436,-0.3513,6.629,-2.6206,-0.2954,6.626,-0.4043,-0.3163,-2.6181,van,507,,,,,,,,,,,,,,,,0,06_501_507_21242_ego_507,1,21242,21242,21242,vehicle_vehicle,0.1472136630802343,2.1028423431522705,3.3779341775027354,14.967492577248867,15.0,3.0,3.5,0.8,3.31495547632242,11.933839714760712
6,506,21182,18,88.0843,-18.6298,235.8732,2.0781,4.4214,-3.0133,-4.0228,-1.7368,-0.3632,5.0206,0.2375,1.2751,1.2339,car,507,,,,,,,,,,,,,,,,0,06_501_507_21242_ego_507,0,21242,21242,21242,vehicle_vehicle,0.1472136630802343,2.1028423431522705,3.3779341775027354,14.967492577248867,15.0,3.0,3.5,0.8,3.31495547632242,11.933839714760712
6,501,21183,194,99.1316,-45.1067,90.4526,2.5525,6.5436,-0.458,6.6164,-2.6087,-0.3395,6.6198,-0.4057,-0.3189,-2.6113,van,507,,,,,,,,,,,,,,,,0,06_501_507_21242_ego_507,1,21242,21242,21242,vehicle_vehicle,0.1472136630802343,2.1028423431522705,3.3779341775027354,14.967492577248867,15.0,3.0,3.5,0.8,3.31495547632242,11.933839714760712
6,506,21183,19,87.9627,-18.7914,235.4495,2.0781,4.4214,-3.0808,-4.0343,-1.7752,-0.321,5.07,0.2495,1.2711,1.2801,car,507,,,,,,,,,,,,,,,,0,06_501_507_21242_ego_507,0,21242,21242,21242,vehicle_vehicle,0.1472136630802343,2.1028423431522705,3.3779341775027354,14.967492577248867,15.0,3.0,3.5,0.8,3.31495547632242,11.933839714760712
6,501,21184,195,99.1108,-44.8424,91.3657,2.5525,6.5436,-0.564,6.6021,-2.5951,-0.3828,6.6137,-0.4065,-0.3209,-2.6035,van,507,,,,,,,,,,,,,,,,0,06_501_507_21242_ego_507,1,21242,21242,21242,vehicle_vehicle,0.1472136630802343,2.1028423431522705,3.3779341775027354,14.967492577248867,15.0,3.0,3.5,0.8,3.31495547632242,11.933839714760712
6,506,21184,20,87.8387,-18.953,234.9817,2.0781,4.4214,-3.1501,-4.0441,-1.8154,-0.2818,5.1196,0.2592,1.2725,1.3251,car,507,,,,,,,,,,,,,,,,0,06_501_507_21242_ego_507,0,21242,21242,21242,vehicle_vehicle,0.1472136630802343,2.1028423431522705,3.3779341775027354,14.967492577248867,15.0,3.0,3.5,0.8,3.31495547632242,11.933839714760712
6,501,21185,196,99.0858,-44.5786,92.2775,2.5525,6.5436,-0.6693,6.586,-2.5798,-0.4254,6.6074,-0.4071,-0.3226,-2.5947,van,507,,,,,,,,,,,,,,,,0,06_501_507_21242_ego_507,1,21242,21242,21242,vehicle_vehicle,0.1472136630802343,2.1028423431522705,3.3779341775027354,14.967492577248867,15.0,3.0,3.5,0.8,3.31495547632242,11.933839714760712
6,506,21185,21,87.7129,-19.1151,234.4807,2.0781,4.4214,-3.2217,-4.0523,-1.8569,-0.2456,5.17,0.2679,1.2787,1.3687,car,507,,,,,,,,,,,,,,,,0,06_501_507_21242_ego_507,0,21242,21242,21242,vehicle_vehicle,0.1472136630802343,2.1028423431522705,3.3779341775027354,14.967492577248867,15.0,3.0,3.5,0.8,3.31495547632242,11.933839714760712
6,501,21186,197,99.0566,-44.3156,93.1895,2.5525,6.5436,-0.7739,6.5683,-2.5631,-0.4673,6.6012,-0.4073,-0.3239,-2.5851,van,507,,,,,,,,,,,,,,,,0,06_501_507_21242_ego_507,1,21242,21242,21242,vehicle_vehicle,0.1472136630802343,2.1028423431522705,3.3779341775027354,14.967492577248867,15.0,3.0,3.5,0.8,3.31495547632242,11.933839714760712
6,506,21186,22,87.5844,-19.2772,233.9528,2.0781,4.4214,-3.2957,-4.0591,-1.8992,-0.2125,5.2213,0.2761,1.2893,1.4105,car,507,,,,,,,,,,,,,,,,0,06_501_507_21242_ego_507,0,21242,21242,21242,vehicle_vehicle,0.1472136630802343,2.1028423431522705,3.3779341775027354,14.967492577248867,15.0,3.0,3.5,0.8,3.31495547632242,11.933839714760712
6,501,21187,198,99.0231,-44.0532,94.0963,2.5525,6.5436,-0.8777,6.5489,-2.5451,-0.5084,6.5948,-0.4076,-0.3253,-2.5749,van,507,,,,,,,,,,,,,,,,0,06_501_507_21242_ego_507,1,21242,21242,21242,vehicle_vehicle,0.1472136630802343,2.1028423431522705,3.3779341775027354,14.967492577248867,15.0,3.0,3.5,0.8,3.31495547632242,11.933839714760712
6,506,21187,23,87.4524,-19.4392,233.4094,2.0781,4.4214,-3.372,-4.0648,-1.9414,-0.1823,5.2737,0.2844,1.3036,1.4501,car,507,,,,,,,,,,,,,,,,0,06_501_507_21242_ego_507,0,21242,21242,21242,vehicle_vehicle,0.1472136630802343,2.1028423431522705,3.3779341775027354,14.967492577248867,15.0,3.0,3.5,0.8,3.31495547632242,11.933839714760712
6,501,21188,199,98.9854,-43.7917,94.9932,2.5525,6.5436,-0.9804,6.5278,-2.526,-0.5488,6.5884,-0.4085,-0.3268,-2.5641,van,507,,,,,,,,,,,,,,,,0,06_501_507_21242_ego_507,1,21242,21242,21242,vehicle_vehicle,0.1472136630802343,2.1028423431522705,3.3779341775027354,14.967492577248867,15.0,3.0,3.5,0.8,3.31495547632242,11.933839714760712
6,506,21188,24,87.3172,-19.6013,232.8286,2.0781,4.4214,-3.4504,-4.0696,-1.9831,-0.1547,5.3275,0.2905,1.3214,1.4867,car,507,,,,,,,,,,,,,,,,0,06_501_507_21242_ego_507,0,21242,21242,21242,vehicle_vehicle,0.1472136630802343,2.1028423431522705,3.3779341775027354,14.967492577248867,15.0,3.0,3.5,0.8,3.31495547632242,11.933839714760712
6,501,21189,200,98.9433,-43.5309,95.8995,2.5525,6.5436,-1.0821,6.5051,-2.5061,-0.5884,6.5819,-0.4078,-0.3277,-2.5533,van,507,,,,,,,,,,,,,,,,0,06_501_507_21242_ego_507,1,21242,21242,21242,vehicle_vehicle,0.1472136630802343,2.1028423431522705,3.3779341775027354,14.967492577248867,15.0,3.0,3.5,0.8,3.31495547632242,11.933839714760712
6,506,21189,25,87.1791,-19.7643,232.2197,2.0781,4.4214,-3.5311,-4.0732,-2.0237,-0.1297,5.3826,0.2955,1.3423,1.52,car,507,,,,,,,,,,,,,,,,0,06_501_507_21242_ego_507,0,21242,21242,21242,vehicle_vehicle,0.1472136630802343,2.1028423431522705,3.3779341775027354,14.967492577248867,15.0,3.0,3.5,0.8,3.31495547632242,11.933839714760712
6,501,21190,201,98.897,-43.2711,96.8142,2.5525,6.5436,-1.1826,6.4808,-2.4857,-0.6273,6.5753,-0.4053,-0.3279,-2.5426,van,507,,,,,,,,,,,,,,,,0,06_501_507_21242_ego_507,1,21242,21242,21242,vehicle_vehicle,0.1472136630802343,2.1028423431522705,3.3779341775027354,14.967492577248867,15.0,3.0,3.5,0.8,3.31495547632242,11.933839714760712
6,506,21190,26,87.0372,-19.9279,231.6009,2.0781,4.4214,-3.6137,-4.0756,-2.0628,-0.1074,5.4386,0.3006,1.3654,1.5499,car,507,,,,,,,,,,,,,,,,0,06_501_507_21242_ego_507,0,21242,21242,21242,vehicle_vehicle,0.1472136630802343,2.1028423431522705,3.3779341775027354,14.967492577248867,15.0,3.0,3.5,0.8,3.31495547632242,11.933839714760712
6,501,21191,202,98.8462,-43.0123,97.7242,2.5525,6.5436,-1.2816,6.4548,-2.4655,-0.6653,6.5685,-0.4024,-0.3279,-2.5325,van,507,,,,,,,,,,,,,,,,0,06_501_507_21242_ego_507,1,21242,21242,21242,vehicle_vehicle,0.1472136630802343,2.1028423431522705,3.3779341775027354,14.967492577248867,15.0,3.0,3.5,0.8,3.31495547632242,11.933839714760712
6,506,21191,27,86.8915,-20.0911,230.9653,2.0781,4.4214,-3.6982,-4.077,-2.1,-0.0879,5.496,0.3049,1.3908,1.5759,car,507,,,,,,,,,,,,,,,,0,06_501_507_21242_ego_507,0,21242,21242,21242,vehicle_vehicle,0.1472136630802343,2.1028423431522705,3.3779341775027354,14.967492577248867,15.0,3.0,3.5,0.8,3.31495547632242,11.933839714760712
6,501,21192,203,98.7928,-42.7546,98.6309,2.5525,6.5436,-1.3798,6.4274,-2.4456,-0.7025,6.5616,-0.3996,-0.3275,-2.5233,van,507,,,,,,,,,,,,,,,,0,06_501_507_21242_ego_507,1,21242,21242,21242,vehicle_vehicle,0.1472136630802343,2.1028423431522705,3.3779341775027354,14.967492577248867,15.0,3.0,3.5,0.8,3.31495547632242,11.933839714760712
6,506,21192,28,86.742,-20.2541,230.3197,2.0781,4.4214,-3.7841,-4.0777,-2.1354,-0.0712,5.5545,0.3087,1.4182,1.598,car,507,,,,,,,,,,,,,,,,0,06_501_507_21242_ego_507,0,21242,21242,21242,vehicle_vehicle,0.1472136630802343,2.1028423431522705,3.3779341775027354,14.967492577248867,15.0,3.0,3.5,0.8,3.31495547632242,11.933839714760712
6,501,21193,204,98.7349,-42.4985,99.5345,2.5525,6.5436,-1.4769,6.3986,-2.4264,-0.7389,6.5548,-0.3966,-0.3268,-2.5152,van,507,,,,,,,,,,,,,,,,0,06_501_507_21242_ego_507,1,21242,21242,21242,vehicle_vehicle,0.1472136630802343,2.1028423431522705,3.3779341775027354,14.967492577248867,15.0,3.0,3.5,0.8,3.31495547632242,11.933839714760712
6,506,21193,29,86.589,-20.4174,229.6856,2.0781,4.4214,-3.8716,-4.0778,-2.1687,-0.0573,5.6142,0.3139,1.4468,1.6166,car,507,,,,,,,,,,,,,,,,0,06_501_507_21242_ego_507,0,21242,21242,21242,vehicle_vehicle,0.1472136630802343,2.1028423431522705,3.3779341775027354,14.967492577248867,15.0,3.0,3.5,0.8,3.31495547632242,11.933839714760712
6,501,21194,205,98.6729,-42.2431,100.4401,2.5525,6.5436,-1.5728,6.3683,-2.4081,-0.7746,6.5479,-0.3927,-0.3255,-2.5086,van,507,,,,,,,,,,,,,,,,0,06_501_507_21242_ego_507,1,21242,21242,21242,vehicle_vehicle,0.1472136630802343,2.1028423431522705,3.3779341775027354,14.967492577248867,15.0,3.0,3.5,0.8,3.31495547632242,11.933839714760712
6,506,21194,30,86.4324,-20.5807,229.058,2.0781,4.4214,-3.9603,-4.0772,-2.2,-0.0463,5.675,0.3198,1.4766,1.6315,car,507,,,,,,,,,,,,,,,,0,06_501_507_21242_ego_507,0,21242,21242,21242,vehicle_vehicle,0.1472136630802343,2.1028423431522705,3.3779341775027354,14.967492577248867,15.0,3.0,3.5,0.8,3.31495547632242,11.933839714760712
6,501,21195,206,98.608,-41.989,101.349,2.5525,6.5436,-1.6679,6.3366,-2.3909,-0.8097,6.541,-0.3884,-0.3233,-2.5035,van,507,,,,,,,,,,,,,,,,0,06_501_507_21242_ego_507,1,21242,21242,21242,vehicle_vehicle,0.1472136630802343,2.1028423431522705,3.3779341775027354,14.967492577248867,15.0,3.0,3.5,0.8,3.31495547632242,11.933839714760712
6,506,21195,31,86.2718,-20.7441,228.4371,2.0781,4.4214,-4.0502,-4.076,-2.2294,-0.0382,5.7369,0.3263,1.5076,1.6427,car,507,,,,,,,,,,,,,,,,0,06_501_507_21242_ego_507,0,21242,21242,21242,vehicle_vehicle,0.1472136630802343,2.1028423431522705,3.3779341775027354,14.967492577248867,15.0,3.0,3.5,0.8,3.31495547632242,11.933839714760712
6,501,21196,207,98.5403,-41.7364,102.2609,2.5525,6.5436,-1.7628,6.3037,-2.3748,-0.844,6.5342,-0.3839,-0.3205,-2.4998,van,507,,,,,,,,,,,,,,,,0,06_501_507_21242_ego_507,1,21242,21242,21242,vehicle_vehicle,0.1472136630802343,2.1028423431522705,3.3779341775027354,14.967492577248867,15.0,3.0,3.5,0.8,3.31495547632242,11.933839714760712
6,506,21196,32,86.1081,-20.9071,227.8322,2.0781,4.4214,-4.1412,-4.0746,-2.2569,-0.0331,5.8,0.3341,1.5396,1.6505,car,507,,,,,,,,,,,,,,,,0,06_501_507_21242_ego_507,0,21242,21242,21242,vehicle_vehicle,0.1472136630802343,2.1028423431522705,3.3779341775027354,14.967492577248867,15.0,3.0,3.5,0.8,3.31495547632242,11.933839714760712
6,501,21197,208,98.4689,-41.4853,103.1745,2.5525,6.5436,-1.8574,6.2695,-2.3592,-0.8779,6.5278,-0.3796,-0.3171,-2.4972,van,507,,,,,,,,,,,,,,,,0,06_501_507_21242_ego_507,1,21242,21242,21242,vehicle_vehicle,0.1472136630802343,2.1028423431522705,3.3779341775027354,14.967492577248867,15.0,3.0,3.5,0.8,3.31495547632242,11.933839714760712
6,506,21197,33,85.9406,-21.0703,227.2166,2.0781,4.4214,-4.2334,-4.0729,-2.2825,-0.031,5.8646,0.3406,1.5732,1.6541,car,507,,,,,,,,,,,,,,,,0,06_501_507_21242_ego_507,0,21242,21242,21242,vehicle_vehicle,0.1472136630802343,2.1028423431522705,3.3779341775027354,14.967492577248867,15.0,3.0,3.5,0.8,3.31495547632242,11.933839714760712
6,501,21198,209,98.3932,-41.2355,104.081,2.5525,6.5436,-1.9515,6.234,-2.3439,-0.9114,6.5215,-0.3762,-0.3137,-2.4952,van,507,,,,,,,,,,,,,,,,0,06_501_507_21242_ego_507,1,21242,21242,21242,vehicle_vehicle,0.1472136630802343,2.1028423431522705,3.3779341775027354,14.967492577248867,15.0,3.0,3.5,0.8,3.31495547632242,11.933839714760712
6,506,21198,34,85.7694,-21.2339,226.6049,2.0781,4.4214,-4.3265,-4.0708,-2.3063,-0.0321,5.9304,0.3471,1.6079,1.6538,car,507,,,,,,,,,,,,,,,,0,06_501_507_21242_ego_507,0,21242,21242,21242,vehicle_vehicle,0.1472136630802343,2.1028423431522705,3.3779341775027354,14.967492577248867,15.0,3.0,3.5,0.8,3.31495547632242,11.933839714760712
6,501,21199,210,98.3129,-40.9873,104.9887,2.5525,6.5436,-2.0449,6.1974,-2.3289,-0.9446,6.5154,-0.3725,-0.3102,-2.494,van,507,,,,,,,,,,,,,,,,0,06_501_507_21242_ego_507,1,21242,21242,21242,vehicle_vehicle,0.1472136630802343,2.1028423431522705,3.3779341775027354,14.967492577248867,15.0,3.0,3.5,0.8,3.31495547632242,11.933839714760712
6,506,21199,35,85.5949,-21.3969,225.9775,2.0781,4.4214,-4.4208,-4.0687,-2.3282,-0.0366,5.9979,0.3513,1.6442,1.6487,car,507,,,,,,,,,,,,,,,,0,06_501_507_21242_ego_507,0,21242,21242,21242,vehicle_vehicle,0.1472136630802343,2.1028423431522705,3.3779341775027354,14.967492577248867,15.0,3.0,3.5,0.8,3.31495547632242,11.933839714760712
6,501,21200,211,98.2294,-40.7404,105.9029,2.5525,6.5436,-2.1378,6.1595,-2.3142,-0.9777,6.5096,-0.3683,-0.3062,-2.4936,van,507,,,,,,,,,,,,,,,,0,06_501_507_21242_ego_507,1,21242,21242,21242,vehicle_vehicle,0.1472136630802343,2.1028423431522705,3.3779341775027354,14.967492577248867,15.0,3.0,3.5,0.8,3.31495547632242,11.933839714760712
6,506,21200,36,85.4164,-21.5598,225.3353,2.0781,4.4214,-4.516,-4.0668,-2.348,-0.0444,6.067,0.3532,1.6821,1.6388,car,507,,,,,,,,,,,,,,,,0,06_501_507_21242_ego_507,0,21242,21242,21242,vehicle_vehicle,0.1472136630802343,2.1028423431522705,3.3779341775027354,14.967492577248867,15.0,3.0,3.5,0.8,3.31495547632242,11.933839714760712
6,501,21201,212,98.1424,-40.4952,106.8168,2.5525,6.5436,-2.2303,6.1205,-2.2997,-1.0109,6.504,-0.3642,-0.3023,-2.4938,van,507,,,,,,,,,,,,,,,,0,06_501_507_21242_ego_507,1,21242,21242,21242,vehicle_vehicle,0.1472136630802343,2.1028423431522705,3.3779341775027354,14.967492577248867,15.0,3.0,3.5,0.8,3.31495547632242,11.933839714760712
6,506,21201,37,85.2342,-21.7224,224.7027,2.0781,4.4214,-4.6121,-4.0652,-2.3657,-0.0556,6.1377,0.3549,1.7205,1.6246,car,507,,,,,,,,,,,,,,,,0,06_501_507_21242_ego_507,0,21242,21242,21242,vehicle_vehicle,0.1472136630802343,2.1028423431522705,3.3779341775027354,14.967492577248867,15.0,3.0,3.5,0.8,3.31495547632242,11.933839714760712
6,501,21202,213,98.0517,-40.2516,107.7267,2.5525,6.5436,-2.3223,6.0803,-2.2853,-1.0442,6.4987,-0.3607,-0.2988,-2.4947,van,507,,,,,,,,,,,,,,,,0,06_501_507_21242_ego_507,1,21242,21242,21242,vehicle_vehicle,0.1472136630802343,2.1028423431522705,3.3779341775027354,14.967492577248867,15.0,3.0,3.5,0.8,3.31495547632242,11.933839714760712
6,506,21202,38,85.0478,-21.8844,224.0848,2.0781,4.4214,-4.709,-4.0643,-2.3811,-0.07,6.2101,0.3567,1.7591,1.6063,car,507,,,,,,,,,,,,,,,,0,06_501_507_21242_ego_507,0,21242,21242,21242,vehicle_vehicle,0.1472136630802343,2.1028423431522705,3.3779341775027354,14.967492577248867,15.0,3.0,3.5,0.8,3.31495547632242,11.933839714760712
6,501,21203,214,97.9573,-40.0096,108.6238,2.5525,6.5436,-2.4138,6.039,-2.2708,-1.0778,6.4936,-0.3589,-0.2962,-2.4961,van,507,,,,,,,,,,,,,,,,0,06_501_507_21242_ego_507,1,21242,21242,21242,vehicle_vehicle,0.1472136630802343,2.1028423431522705,3.3779341775027354,14.967492577248867,15.0,3.0,3.5,0.8,3.31495547632242,11.933839714760712
6,506,21203,39,84.8573,-22.0457,223.4681,2.0781,4.4214,-4.8064,-4.0645,-2.3944,-0.0873,6.2844,0.3567,1.7978,1.5838,car,507,,,,,,,,,,,,,,,,0,06_501_507_21242_ego_507,0,21242,21242,21242,vehicle_vehicle,0.1472136630802343,2.1028423431522705,3.3779341775027354,14.967492577248867,15.0,3.0,3.5,0.8,3.31495547632242,11.933839714760712
6,501,21204,215,97.859,-39.7693,109.5204,2.5525,6.5436,-2.5048,5.9964,-2.2561,-1.1119,6.4887,-0.3572,-0.2941,-2.498,van,507,,,,,,,,,,,,,,,,0,06_501_507_21242_ego_507,1,21242,21242,21242,vehicle_vehicle,0.1472136630802343,2.1028423431522705,3.3779341775027354,14.967492577248867,15.0,3.0,3.5,0.8,3.31495547632242,11.933839714760712
6,506,21204,40,84.6631,-22.2072,222.8577,2.0781,4.4214,-4.9042,-4.0659,-2.4055,-0.107,6.3606,0.3553,1.8361,1.5578,car,507,,,,,,,,,,,,,,,,0,06_501_507_21242_ego_507,0,21242,21242,21242,vehicle_vehicle,0.1472136630802343,2.1028423431522705,3.3779341775027354,14.967492577248867,15.0,3.0,3.5,0.8,3.31495547632242,11.933839714760712
6,501,21205,216,97.7568,-39.5304,110.4213,2.5525,6.5436,-2.5951,5.9526,-2.2414,-1.1466,6.4839,-0.3551,-0.2925,-2.5006,van,507,,,,,,,,,,,,,,,,0,06_501_507_21242_ego_507,1,21242,21242,21242,vehicle_vehicle,0.1472136630802343,2.1028423431522705,3.3779341775027354,14.967492577248867,15.0,3.0,3.5,0.8,3.31495547632242,11.933839714760712
6,506,21205,41,84.4661,-22.3696,222.2474,2.0781,4.4214,-5.003,-4.0681,-2.4144,-0.1287,6.4386,0.3523,1.8737,1.528,car,507,,,,,,,,,,,,,,,,0,06_501_507_21242_ego_507,0,21242,21242,21242,vehicle_vehicle,0.1472136630802343,2.1028423431522705,3.3779341775027354,14.967492577248867,15.0,3.0,3.5,0.8,3.31495547632242,11.933839714760712
6,501,21206,217,97.6507,-39.2933,111.3201,2.5525,6.5436,-2.6847,5.9073,-2.2266,-1.1819,6.4791,-0.3532,-0.2915,-2.5039,van,507,,,,,,,,,,,,,,,,0,06_501_507_21242_ego_507,1,21242,21242,21242,vehicle_vehicle,0.1472136630802343,2.1028423431522705,3.3779341775027354,14.967492577248867,15.0,3.0,3.5,0.8,3.31495547632242,11.933839714760712
6,506,21206,42,84.2658,-22.5327,221.6127,2.0781,4.4214,-5.1028,-4.0712,-2.4203,-0.1525,6.5188,0.3449,1.9108,1.4933,car,507,,,,,,,,,,,,,,,,0,06_501_507_21242_ego_507,0,21242,21242,21242,vehicle_vehicle,0.1472136630802343,2.1028423431522705,3.3779341775027354,14.967492577248867,15.0,3.0,3.5,0.8,3.31495547632242,11.933839714760712
6,501,21207,218,97.5411,-39.0578,112.2228,2.5525,6.5436,-2.7735,5.8606,-2.2121,-1.2178,6.4742,-0.3509,-0.2908,-2.5083,van,507,,,,,,,,,,,,,,,,0,06_501_507_21242_ego_507,1,21242,21242,21242,vehicle_vehicle,0.1472136630802343,2.1028423431522705,3.3779341775027354,14.967492577248867,15.0,3.0,3.5,0.8,3.31495547632242,11.933839714760712
6,506,21207,43,84.0617,-22.6959,220.948,2.0781,4.4214,-5.2037,-4.0751,-2.4226,-0.1784,6.601,0.3324,1.9467,1.4529,car,507,,,,,,,,,,,,,,,,0,06_501_507_21242_ego_507,0,21242,21242,21242,vehicle_vehicle,0.1472136630802343,2.1028423431522705,3.3779341775027354,14.967492577248867,15.0,3.0,3.5,0.8,3.31495547632242,11.933839714760712
6,501,21208,219,97.4286,-38.8241,113.1261,2.5525,6.5436,-2.8617,5.8123,-2.1978,-1.2543,6.4692,-0.3489,-0.2903,-2.5138,van,507,,,,,,,,,,,,,,,,0,06_501_507_21242_ego_507,1,21242,21242,21242,vehicle_vehicle,0.1472136630802343,2.1028423431522705,3.3779341775027354,14.967492577248867,15.0,3.0,3.5,0.8,3.31495547632242,11.933839714760712
6,506,21208,44,83.8529,-22.8588,220.2846,2.0781,4.4214,-5.3051,-4.0801,-2.4206,-0.2065,6.6851,0.3177,1.98,1.4076,car,507,,,,,,,,,,,,,,,,0,06_501_507_21242_ego_507,0,21242,21242,21242,vehicle_vehicle,0.1472136630802343,2.1028423431522705,3.3779341775027354,14.967492577248867,15.0,3.0,3.5,0.8,3.31495547632242,11.933839714760712
6,501,21209,220,97.3127,-38.5921,114.0344,2.5525,6.5436,-2.9495,5.7624,-2.1836,-1.291,6.4641,-0.3469,-0.2897,-2.5201,van,507,,,,,,,,,,,,,,,,0,06_501_507_21242_ego_507,1,21242,21242,21242,vehicle_vehicle,0.1472136630802343,2.1028423431522705,3.3779341775027354,14.967492577248867,15.0,3.0,3.5,0.8,3.31495547632242,11.933839714760712
6,506,21209,45,83.6395,-23.0217,219.633,2.0781,4.4214,-5.4067,-4.0865,-2.4139,-0.2365,6.7706,0.3016,2.01,1.3576,car,507,,,,,,,,,,,,,,,,0,06_501_507_21242_ego_507,0,21242,21242,21242,vehicle_vehicle,0.1472136630802343,2.1028423431522705,3.3779341775027354,14.967492577248867,15.0,3.0,3.5,0.8,3.31495547632242,11.933839714760712
6,501,21210,221,97.1934,-38.3619,114.9493,2.5525,6.5436,-3.037,5.7107,-2.1695,-1.3279,6.4589,-0.3447,-0.2889,-2.5271,van,507,,,,,,,,,,,,,,,,0,06_501_507_21242_ego_507,1,21242,21242,21242,vehicle_vehicle,0.1472136630802343,2.1028423431522705,3.3779341775027354,14.967492577248867,15.0,3.0,3.5,0.8,3.31495547632242,11.933839714760712
6,506,21210,46,83.4218,-23.1847,219.0099,2.0781,4.4214,-5.5083,-4.0943,-2.4023,-0.2684,6.8573,0.2858,2.0357,1.3036,car,507,,,,,,,,,,,,,,,,0,06_501_507_21242_ego_507,0,21242,21242,21242,vehicle_vehicle,0.1472136630802343,2.1028423431522705,3.3779341775027354,14.967492577248867,15.0,3.0,3.5,0.8,3.31495547632242,11.933839714760712
6,501,21211,222,97.0711,-38.1338,115.8638,2.5525,6.5436,-3.1242,5.6573,-2.155,-1.3646,6.4535,-0.3434,-0.2878,-2.5344,van,507,,,,,,,,,,,,,,,,0,06_501_507_21242_ego_507,1,21242,21242,21242,vehicle_vehicle,0.1472136630802343,2.1028423431522705,3.3779341775027354,14.967492577248867,15.0,3.0,3.5,0.8,3.31495547632242,11.933839714760712
6,506,21211,47,83.2,-23.3485,218.4132,2.0781,4.4214,-5.6096,-4.1034,-2.3856,-0.3019,6.945,0.2702,2.0568,1.2457,car,507,,,,,,,,,,,,,,,,0,06_501_507_21242_ego_507,0,21242,21242,21242,vehicle_vehicle,0.1472136630802343,2.1028423431522705,3.3779341775027354,14.967492577248867,15.0,3.0,3.5,0.8,3.31495547632242,11.933839714760712
6,501,21212,223,96.9454,-37.908,116.7774,2.5525,6.5436,-3.2113,5.6021,-2.1399,-1.4008,6.4482,-0.343,-0.2865,-2.5415,van,507,,,,,,,,,,,,,,,,0,06_501_507_21242_ego_507,1,21242,21242,21242,vehicle_vehicle,0.1472136630802343,2.1028423431522705,3.3779341775027354,14.967492577248867,15.0,3.0,3.5,0.8,3.31495547632242,11.933839714760712
6,506,21212,48,82.9738,-23.5127,217.8599,2.0781,4.4214,-5.7103,-4.114,-2.3637,-0.3369,7.0332,0.2566,2.0729,1.1847,car,507,,,,,,,,,,,,,,,,0,06_501_507_21242_ego_507,0,21242,21242,21242,vehicle_vehicle,0.1472136630802343,2.1028423431522705,3.3779341775027354,14.967492577248867,15.0,3.0,3.5,0.8,3.31495547632242,11.933839714760712
6,501,21213,224,96.8159,-37.6849,117.701,2.5525,6.5436,-3.298,5.5455,-2.1238,-1.4365,6.443,-0.3421,-0.2845,-2.5482,van,507,,,,,,,,,,,,,,,,0,06_501_507_21242_ego_507,1,21242,21242,21242,vehicle_vehicle,0.1472136630802343,2.1028423431522705,3.3779341775027354,14.967492577248867,15.0,3.0,3.5,0.8,3.31495547632242,11.933839714760712
6,506,21213,49,82.7438,-23.6775,217.3471,2.0781,4.4214,-5.8102,-4.1259,-2.3364,-0.3734,7.122,0.2447,2.084,1.1205,car,507,,,,,,,,,,,,,,,,0,06_501_507_21242_ego_507,0,21242,21242,21242,vehicle_vehicle,0.1472136630802343,2.1028423431522705,3.3779341775027354,14.967492577248867,15.0,3.0,3.5,0.8,3.31495547632242,11.933839714760712
6,501,21214,225,96.6828,-37.4637,118.6248,2.5525,6.5436,-3.3843,5.4872,-2.1065,-1.4714,6.4378,-0.3419,-0.2824,-2.5539,van,507,,,,,,,,,,,,,,,,0,06_501_507_21242_ego_507,1,21242,21242,21242,vehicle_vehicle,0.1472136630802343,2.1028423431522705,3.3779341775027354,14.967492577248867,15.0,3.0,3.5,0.8,3.31495547632242,11.933839714760712
6,506,21214,50,82.5093,-23.8424,216.8478,2.0781,4.4214,-5.9089,-4.1396,-2.3039,-0.4114,7.211,0.2309,2.0904,1.0524,car,507,,,,,,,,,,,,,,,,0,06_501_507_21242_ego_507,0,21242,21242,21242,vehicle_vehicle,0.1472136630802343,2.1028423431522705,3.3779341775027354,14.967492577248867,15.0,3.0,3.5,0.8,3.31495547632242,11.933839714760712
6,501,21215,226,96.5461,-37.2451,119.5547,2.5525,6.5436,-3.47,5.4274,-2.0878,-1.5054,6.4328,-0.3415,-0.2797,-2.5587,van,507,,,,,,,,,,,,,,,,0,06_501_507_21242_ego_507,1,21242,21242,21242,vehicle_vehicle,0.1472136630802343,2.1028423431522705,3.3779341775027354,14.967492577248867,15.0,3.0,3.5,0.8,3.31495547632242,11.933839714760712
6,506,21215,51,82.2708,-24.008,216.4161,2.0781,4.4214,-6.0063,-4.1549,-2.2661,-0.4506,7.2999,0.2221,2.0911,0.9827,car,507,,,,,,,,,,,,,,,,0,06_501_507_21242_ego_507,0,21242,21242,21242,vehicle_vehicle,0.1472136630802343,2.1028423431522705,3.3779341775027354,14.967492577248867,15.0,3.0,3.5,0.8,3.31495547632242,11.933839714760712
6,501,21216,227,96.406,-37.0291,120.4981,2.5525,6.5436,-3.5552,5.3661,-2.0675,-1.5384,6.428,-0.3399,-0.2763,-2.5622,van,507,,,,,,,,,,,,,,,,0,06_501_507_21242_ego_507,1,21242,21242,21242,vehicle_vehicle,0.1472136630802343,2.1028423431522705,3.3779341775027354,14.967492577248867,15.0,3.0,3.5,0.8,3.31495547632242,11.933839714760712
6,506,21216,52,82.0283,-24.1738,216.0343,2.0781,4.4214,-6.1019,-4.172,-2.2233,-0.4908,7.3886,0.2158,2.0866,0.911,car,507,,,,,,,,,,,,,,,,0,06_501_507_21242_ego_507,0,21242,21242,21242,vehicle_vehicle,0.1472136630802343,2.1028423431522705,3.3779341775027354,14.967492577248867,15.0,3.0,3.5,0.8,3.31495547632242,11.933839714760712
6,501,21217,228,96.2621,-36.8156,121.435,2.5525,6.5436,-3.6394,5.3036,-2.0457,-1.5704,6.4233,-0.3393,-0.2731,-2.5644,van,507,,,,,,,,,,,,,,,,0,06_501_507_21242_ego_507,1,21242,21242,21242,vehicle_vehicle,0.1472136630802343,2.1028423431522705,3.3779341775027354,14.967492577248867,15.0,3.0,3.5,0.8,3.31495547632242,11.933839714760712
6,506,21217,53,81.7824,-24.3405,215.6903,2.0781,4.4214,-6.1958,-4.1909,-2.1754,-0.5318,7.4771,0.2108,2.0771,0.8372,car,507,,,,,,,,,,,,,,,,0,06_501_507_21242_ego_507,0,21242,21242,21242,vehicle_vehicle,0.1472136630802343,2.1028423431522705,3.3779341775027354,14.967492577248867,15.0,3.0,3.5,0.8,3.31495547632242,11.933839714760712
6,501,21218,229,96.1142,-36.6045,122.3676,2.5525,6.5436,-3.7226,5.2397,-2.0223,-1.6013,6.4185,-0.3392,-0.2699,-2.5654,van,507,,,,,,,,,,,,,,,,0,06_501_507_21242_ego_507,1,21242,21242,21242,vehicle_vehicle,0.1472136630802343,2.1028423431522705,3.3779341775027354,14.967492577248867,15.0,3.0,3.5,0.8,3.31495547632242,11.933839714760712
6,506,21218,54,81.533,-24.5078,215.3621,2.0781,4.4214,-6.2878,-4.2119,-2.1226,-0.5734,7.5654,0.2042,2.0628,0.7609,car,507,,,,,,,,,,,,,,,,0,06_501_507_21242_ego_507,0,21242,21242,21242,vehicle_vehicle,0.1472136630802343,2.1028423431522705,3.3779341775027354,14.967492577248867,15.0,3.0,3.5,0.8,3.31495547632242,11.933839714760712
6,501,21219,230,95.9635,-36.3961,123.2941,2.5525,6.5436,-3.8047,5.1745,-1.9977,-1.6312,6.4137,-0.3398,-0.2668,-2.5652,van,507,,,,,,,,,,,,,,,,0,06_501_507_21242_ego_507,1,21242,21242,21242,vehicle_vehicle,0.1472136630802343,2.1028423431522705,3.3779341775027354,14.967492577248867,15.0,3.0,3.5,0.8,3.31495547632242,11.933839714760712
6,506,21219,55,81.2803,-24.6756,215.0515,2.0781,4.4214,-6.378,-4.2349,-2.0646,-0.615,7.6534,0.1961,2.0434,0.6823,car,507,,,,,,,,,,,,,,,,0,06_501_507_21242_ego_507,0,21242,21242,21242,vehicle_vehicle,0.1472136630802343,2.1028423431522705,3.3779341775027354,14.967492577248867,15.0,3.0,3.5,0.8,3.31495547632242,11.933839714760712
6,501,21220,231,95.809,-36.1905,124.2212,2.5525,6.5436,-3.8856,5.1081,-1.972,-1.6598,6.409,-0.3402,-0.2635,-2.564,van,507,,,,,,,,,,,,,,,,0,06_501_507_21242_ego_507,1,21242,21242,21242,vehicle_vehicle,0.1472136630802343,2.1028423431522705,3.3779341775027354,14.967492577248867,15.0,3.0,3.5,0.8,3.31495547632242,11.933839714760712
6,506,21220,56,81.024,-24.8441,214.7776,2.0781,4.4214,-6.466,-4.2602,-2.0014,-0.6563,7.741,0.189,2.0182,0.6025,car,507,,,,,,,,,,,,,,,,0,06_501_507_21242_ego_507,0,21242,21242,21242,vehicle_vehicle,0.1472136630802343,2.1028423431522705,3.3779341775027354,14.967492577248867,15.0,3.0,3.5,0.8,3.31495547632242,11.933839714760712
6,501,21221,232,95.6518,-35.9875,125.1456,2.5525,6.5436,-3.9654,5.0406,-1.9453,-1.6874,6.4043,-0.3409,-0.2599,-2.562,van,507,89.5674,-15.3159,-2.2301,-3.4426,4.0929,0.2714,240.8589,4.101809450718061,14.76651402258502,6.084399999999988,-20.671599999999998,-1.7352999999999996,8.4832,8.658865302682564,21.54843311983495,0,06_501_507_21242_ego_507,1,21242,21242,21242,vehicle_vehicle,0.1472136630802343,2.1028423431522705,3.3779341775027354,14.967492577248867,15.0,3.0,3.5,0.8,3.31495547632242,11.933839714760712
6,506,21221,57,80.7643,-25.0136,214.5351,2.0781,4.4214,-6.5517,-4.2877,-1.9325,-0.6966,7.8279,0.1822,1.9869,0.5217,car,507,89.5674,-15.3159,-2.2301,-3.4426,4.0929,0.2714,240.8589,4.101809450718061,14.76651402258502,-8.8031,-9.697700000000001,-4.3216,-0.8451,4.403455526061323,13.097326250040505,0,06_501_507_21242_ego_507,0,21242,21242,21242,vehicle_vehicle,0.1472136630802343,2.1028423431522705,3.3779341775027354,14.967492577248867,15.0,3.0,3.5,0.8,3.31495547632242,11.933839714760712
6,507,21221,0,89.5674,-15.3159,240.8589,1.9068,3.7574,-2.2301,-3.4426,-0.0041,0.4909,4.0929,0.2714,-0.4267,0.2426,car,507,89.5674,-15.3159,-2.2301,-3.4426,4.0929,0.2714,240.8589,4.101809450718061,14.76651402258502,0.0,0.0,0.0,0.0,0.0,0.0,1,06_501_507_21242_ego_507,1,21242,21242,21242,vehicle_vehicle,0.1472136630802343,2.1028423431522705,3.3779341775027354,14.967492577248867,15.0,3.0,3.5,0.8,3.31495547632242,11.933839714760712
6,501,21222,233,95.4916,-35.7869,126.0696,2.5525,6.5436,-4.0441,4.9718,-1.9177,-1.7137,6.3998,-0.3416,-0.2561,-2.5591,van,507,89.4789,-15.4528,-2.2349,-3.4305,4.0856,0.2663,240.6454,4.094277501586818,14.739399005712546,6.0127000000000095,-20.334100000000003,-1.8092000000000001,8.4023,8.59487346794588,21.20443783975421,0,06_501_507_21242_ego_507,1,21242,21242,21242,vehicle_vehicle,0.1472136630802343,2.1028423431522705,3.3779341775027354,14.967492577248867,15.0,3.0,3.5,0.8,3.31495547632242,11.933839714760712
6,506,21222,58,80.501,-25.1841,214.3108,2.0781,4.4214,-6.6348,-4.3174,-1.858,-0.7354,7.9139,0.1738,1.9492,0.4399,car,507,89.4789,-15.4528,-2.2349,-3.4305,4.0856,0.2663,240.6454,4.094277501586818,14.739399005712546,-8.977899999999991,-9.731300000000001,-4.399900000000001,-0.8869000000000002,4.488397444522934,13.24012417237844,0,06_501_507_21242_ego_507,0,21242,21242,21242,vehicle_vehicle,0.1472136630802343,2.1028423431522705,3.3779341775027354,14.967492577248867,15.0,3.0,3.5,0.8,3.31495547632242,11.933839714760712
6,507,21222,1,89.4789,-15.4528,240.6454,1.9068,3.7574,-2.2349,-3.4305,0.0041,0.517,4.0856,0.2663,-0.4526,0.2498,car,507,89.4789,-15.4528,-2.2349,-3.4305,4.0856,0.2663,240.6454,4.094277501586818,14.739399005712546,0.0,0.0,0.0,0.0,0.0,0.0,1,06_501_507_21242_ego_507,1,21242,21242,21242,vehicle_vehicle,0.1472136630802343,2.1028423431522705,3.3779341775027354,14.967492577248867,15.0,3.0,3.5,0.8,3.31495547632242,11.933839714760712
6,501,21223,234,95.3286,-35.589,126.9923,2.5525,6.5436,-4.1218,4.9018,-1.8892,-1.7387,6.3953,-0.3427,-0.252,-2.5551,van,507,89.3892,-15.5901,-2.2392,-3.4171,4.0771,0.2601,240.4135,4.085411735676099,14.707482248433958,5.939399999999992,-19.9989,-1.8826000000000005,8.3189,8.529260224075708,20.862225997481666,0,06_501_507_21242_ego_507,1,21242,21242,21242,vehicle_vehicle,0.1472136630802343,2.1028423431522705,3.3779341775027354,14.967492577248867,15.0,3.0,3.5,0.8,3.31495547632242,11.933839714760712
6,506,21223,59,80.2349,-25.3559,214.1176,2.0781,4.4214,-6.7152,-4.3492,-1.7775,-0.772,7.9989,0.1658,1.9046,0.3579,car,507,89.3892,-15.5901,-2.2392,-3.4171,4.0771,0.2601,240.4135,4.085411735676099,14.707482248433958,-9.154300000000006,-9.765799999999999,-4.476000000000001,-0.9320999999999997,4.572022135773186,13.385516730033252,0,06_501_507_21242_ego_507,0,21242,21242,21242,vehicle_vehicle,0.1472136630802343,2.1028423431522705,3.3779341775027354,14.967492577248867,15.0,3.0,3.5,0.8,3.31495547632242,11.933839714760712
6,507,21223,2,89.3892,-15.5901,240.4135,1.9068,3.7574,-2.2392,-3.4171,0.017,0.5505,4.0771,0.2601,-0.4871,0.257,car,507,89.3892,-15.5901,-2.2392,-3.4171,4.0771,0.2601,240.4135,4.085411735676099,14.707482248433958,0.0,0.0,0.0,0.0,0.0,0.0,1,06_501_507_21242_ego_507,1,21242,21242,21242,vehicle_vehicle,0.1472136630802343,2.1028423431522705,3.3779341775027354,14.967492577248867,15.0,3.0,3.5,0.8,3.31495547632242,11.933839714760712
6,501,21224,235,95.1622,-35.3939,127.911,2.5525,6.5436,-4.1984,4.8307,-1.8597,-1.7622,6.3909,-0.3443,-0.2477,-2.55,van,507,89.2988,-15.728,-2.2427,-3.4017,4.0665,0.2541,240.1782,4.074465140358916,14.668074505292097,5.863399999999999,-19.6659,-1.9557000000000002,8.2324,8.461511227316311,20.52138110288876,0,06_501_507_21242_ego_507,1,21242,21242,21242,vehicle_vehicle,0.1472136630802343,2.1028423431522705,3.3779341775027354,14.967492577248867,15.0,3.0,3.5,0.8,3.31495547632242,11.933839714760712
6,506,21224,60,79.9655,-25.5294,213.9528,2.0781,4.4214,-6.7926,-4.383,-1.6908,-0.806,8.0824,0.1581,1.8527,0.2758,car,507,89.2988,-15.728,-2.2427,-3.4017,4.0665,0.2541,240.1782,4.074465140358916,14.668074505292097,-9.333299999999994,-9.8014,-4.5499,-0.9813000000000001,4.6545182027788865,13.53432417411375,0,06_501_507_21242_ego_507,0,21242,21242,21242,vehicle_vehicle,0.1472136630802343,2.1028423431522705,3.3779341775027354,14.967492577248867,15.0,3.0,3.5,0.8,3.31495547632242,11.933839714760712
6,507,21224,3,89.2988,-15.728,240.1782,1.9068,3.7574,-2.2427,-3.4017,0.0341,0.591,4.0665,0.2541,-0.5297,0.2643,car,507,89.2988,-15.728,-2.2427,-3.4017,4.0665,0.2541,240.1782,4.074465140358916,14.668074505292097,0.0,0.0,0.0,0.0,0.0,0.0,1,06_501_507_21242_ego_507,1,21242,21242,21242,vehicle_vehicle,0.1472136630802343,2.1028423431522705,3.3779341775027354,14.967492577248867,15.0,3.0,3.5,0.8,3.31495547632242,11.933839714760712
6,501,21225,236,94.9926,-35.2018,128.8237,2.5525,6.5436,-4.2737,4.7585,-1.8292,-1.784,6.3865,-0.3464,-0.2431,-2.5435,van,507,89.2084,-15.8663,-2.2452,-3.3836,4.0532,0.2465,239.9142,4.0607477143994055,14.61869177183786,5.7841999999999985,-19.335499999999996,-2.0284999999999997,8.1421,8.39098353353169,20.182133928056267,0,06_501_507_21242_ego_507,1,21242,21242,21242,vehicle_vehicle,0.1472136630802343,2.1028423431522705,3.3779341775027354,14.967492577248867,15.0,3.0,3.5,0.8,3.31495547632242,11.933839714760712
6,506,21225,61,79.6932,-25.7048,213.8075,2.0781,4.4214,-6.8669,-4.4183,-1.5977,-0.8369,8.1642,0.1495,1.7932,0.1935,car,507,89.2084,-15.8663,-2.2452,-3.3836,4.0532,0.2465,239.9142,4.0607477143994055,14.61869177183786,-9.515199999999993,-9.838499999999998,-4.621700000000001,-1.0347000000000004,4.736107576903211,13.68704180201112,0,06_501_507_21242_ego_507,0,21242,21242,21242,vehicle_vehicle,0.1472136630802343,2.1028423431522705,3.3779341775027354,14.967492577248867,15.0,3.0,3.5,0.8,3.31495547632242,11.933839714760712
6,507,21225,4,89.2084,-15.8663,239.9142,1.9068,3.7574,-2.2452,-3.3836,0.0553,0.6375,4.0532,0.2465,-0.5793,0.2718,car,507,89.2084,-15.8663,-2.2452,-3.3836,4.0532,0.2465,239.9142,4.0607477143994055,14.61869177183786,0.0,0.0,0.0,0.0,0.0,0.0,1,06_501_507_21242_ego_507,1,21242,21242,21242,vehicle_vehicle,0.1472136630802343,2.1028423431522705,3.3779341775027354,14.967492577248867,15.0,3.0,3.5,0.8,3.31495547632242,11.933839714760712
6,501,21226,237,94.8199,-35.0124,129.7242,2.5525,6.5436,-4.3477,4.6852,-1.7978,-1.8041,6.3821,-0.3496,-0.2386,-2.5357,van,507,89.1176,-16.0042,-2.2465,-3.3624,4.0367,0.2389,239.6395,4.043821955774018,14.557759040786463,5.702300000000008,-19.0082,-2.1011999999999995,8.0476,8.317385839312733,19.845097443197403,0,06_501_507_21242_ego_507,1,21242,21242,21242,vehicle_vehicle,0.1472136630802343,2.1028423431522705,3.3779341775027354,14.967492577248867,15.0,3.0,3.5,0.8,3.31495547632242,11.933839714760712
6,506,21226,62,79.4179,-25.8822,213.7087,2.0781,4.4214,-6.9377,-4.4549,-1.4977,-0.8648,8.2436,0.1443,1.7259,0.1118,car,507,89.1176,-16.0042,-2.2465,-3.3624,4.0367,0.2389,239.6395,4.043821955774018,14.557759040786463,-9.699699999999993,-9.878,-4.6912,-1.0925000000000002,4.816732677863699,13.844098529337323,0,06_501_507_21242_ego_507,0,21242,21242,21242,vehicle_vehicle,0.1472136630802343,2.1028423431522705,3.3779341775027354,14.967492577248867,15.0,3.0,3.5,0.8,3.31495547632242,11.933839714760712
6,507,21226,5,89.1176,-16.0042,239.6395,1.9068,3.7574,-2.2465,-3.3624,0.0801,0.6889,4.0367,0.2389,-0.6349,0.2791,car,507,89.1176,-16.0042,-2.2465,-3.3624,4.0367,0.2389,239.6395,4.043821955774018,14.557759040786463,0.0,0.0,0.0,0.0,0.0,0.0,1,06_501_507_21242_ego_507,1,21242,21242,21242,vehicle_vehicle,0.1472136630802343,2.1028423431522705,3.3779341775027354,14.967492577248867,15.0,3.0,3.5,0.8,3.31495547632242,11.933839714760712
6,501,21227,238,94.6442,-34.826,130.6154,2.5525,6.5436,-4.4203,4.611,-1.7657,-1.8221,6.3777,-0.3538,-0.2337,-2.5265,van,507,89.0265,-16.1419,-2.2462,-3.3376,4.0164,0.2321,239.3668,4.023057071432122,14.48300545715564,5.617699999999999,-18.6841,-2.1741,7.9486,8.240567502909007,19.510359968488537,0,06_501_507_21242_ego_507,1,21242,21242,21242,vehicle_vehicle,0.1472136630802343,2.1028423431522705,3.3779341775027354,14.967492577248867,15.0,3.0,3.5,0.8,3.31495547632242,11.933839714760712
6,506,21227,63,79.1391,-26.0614,213.6308,2.0781,4.4214,-7.0044,-4.4924,-1.3909,-0.8897,8.3202,0.1388,1.6508,0.0296,car,507,89.0265,-16.1419,-2.2462,-3.3376,4.0164,0.2321,239.3668,4.023057071432122,14.48300545715564,-9.8874,-9.9195,-4.7582,-1.1547999999999998,4.896328244715626,14.005611697101987,0,06_501_507_21242_ego_507,0,21242,21242,21242,vehicle_vehicle,0.1472136630802343,2.1028423431522705,3.3779341775027354,14.967492577248867,15.0,3.0,3.5,0.8,3.31495547632242,11.933839714760712
6,507,21227,6,89.0265,-16.1419,239.3668,1.9068,3.7574,-2.2462,-3.3376,0.1081,0.7439,4.0164,0.2321,-0.6952,0.2861,car,507,89.0265,-16.1419,-2.2462,-3.3376,4.0164,0.2321,239.3668,4.023057071432122,14.48300545715564,0.0,0.0,0.0,0.0,0.0,0.0,1,06_501_507_21242_ego_507,1,21242,21242,21242,vehicle_vehicle,0.1472136630802343,2.1028423431522705,3.3779341775027354,14.967492577248867,15.0,3.0,3.5,0.8,3.31495547632242,11.933839714760712
6,501,21228,239,94.4657,-34.6424,131.4987,2.5525,6.5436,-4.4915,4.5358,-1.733,-1.838,6.3732,-0.3586,-0.2283,-2.5158,van,507,88.9351,-16.2784,-2.2441,-3.3092,3.992,0.226,239.0969,3.9983483402525097,14.394054024909035,5.530599999999993,-18.364,-2.2474000000000003,7.845000000000001,8.160565651963106,19.178739071169407,0,06_501_507_21242_ego_507,1,21242,21242,21242,vehicle_vehicle,0.1472136630802343,2.1028423431522705,3.3779341775027354,14.967492577248867,15.0,3.0,3.5,0.8,3.31495547632242,11.933839714760712
6,506,21228,64,78.857,-26.2425,213.5834,2.0781,4.4214,-7.0666,-4.5307,-1.2774,-0.9117,8.3932,0.1344,1.5685,-0.0529,car,507,88.9351,-16.2784,-2.2441,-3.3092,3.992,0.226,239.0969,3.9983483402525097,14.394054024909035,-10.078100000000006,-9.964099999999998,-4.8225,-1.2215000000000003,4.974793312289466,14.172204783307363,0,06_501_507_21242_ego_507,0,21242,21242,21242,vehicle_vehicle,0.1472136630802343,2.1028423431522705,3.3779341775027354,14.967492577248867,15.0,3.0,3.5,0.8,3.31495547632242,11.933839714760712
6,507,21228,7,88.9351,-16.2784,239.0969,1.9068,3.7574,-2.2441,-3.3092,0.1387,0.801,3.992,0.226,-0.7585,0.2924,car,507,88.9351,-16.2784,-2.2441,-3.3092,3.992,0.226,239.0969,3.9983483402525097,14.394054024909035,0.0,0.0,0.0,0.0,0.0,0.0,1,06_501_507_21242_ego_507,1,21242,21242,21242,vehicle_vehicle,0.1472136630802343,2.1028423431522705,3.3779341775027354,14.967492577248867,15.0,3.0,3.5,0.8,3.31495547632242,11.933839714760712
6,501,21229,240,94.2844,-34.4623,132.371,2.5525,6.5436,-4.5613,4.4599,-1.6998,-1.8515,6.3689,-0.3642,-0.2223,-2.5036,van,507,88.8439,-16.4133,-2.2403,-3.2773,3.9637,0.2204,238.8274,3.9698412285631774,14.291428422827439,5.4405,-18.049,-2.321,7.7372,8.077827977866328,18.8511389907878,0,06_501_507_21242_ego_507,1,21242,21242,21242,vehicle_vehicle,0.1472136630802343,2.1028423431522705,3.3779341775027354,14.967492577248867,15.0,3.0,3.5,0.8,3.31495547632242,11.933839714760712
6,506,21229,65,78.5721,-26.4255,213.5714,2.0781,4.4214,-7.1237,-4.5695,-1.1576,-0.9312,8.4623,0.132,1.4795,-0.1358,car,507,88.8439,-16.4133,-2.2403,-3.2773,3.9637,0.2204,238.8274,3.9698412285631774,14.291428422827439,-10.271799999999999,-10.0122,-4.8834,-1.2921999999999998,5.051472696155052,14.34412855770611,0,06_501_507_21242_ego_507,0,21242,21242,21242,vehicle_vehicle,0.1472136630802343,2.1028423431522705,3.3779341775027354,14.967492577248867,15.0,3.0,3.5,0.8,3.31495547632242,11.933839714760712
6,507,21229,8,88.8439,-16.4133,238.8274,1.9068,3.7574,-2.2403,-3.2773,0.1713,0.8588,3.9637,0.2204,-0.8235,0.298,car,507,88.8439,-16.4133,-2.2403,-3.2773,3.9637,0.2204,238.8274,3.9698412285631774,14.291428422827439,0.0,0.0,0.0,0.0,0.0,0.0,1,06_501_507_21242_ego_507,1,21242,21242,21242,vehicle_vehicle,0.1472136630802343,2.1028423431522705,3.3779341775027354,14.967492577248867,15.0,3.0,3.5,0.8,3.31495547632242,11.933839714760712
6,501,21230,241,94.0998,-34.2856,133.2351,2.5525,6.5436,-4.6294,4.3835,-1.6663,-1.8626,6.3647,-0.37,-0.2156,-2.4899,van,507,88.7524,-16.5465,-2.2343,-3.2419,3.9314,0.215,238.5567,3.937259465668982,14.174134076408336,5.3474000000000075,-17.7391,-2.3951000000000002,7.625399999999999,7.992698491123007,18.52755665407611,0,06_501_507_21242_ego_507,1,21242,21242,21242,vehicle_vehicle,0.1472136630802343,2.1028423431522705,3.3779341775027354,14.967492577248867,15.0,3.0,3.5,0.8,3.31495547632242,11.933839714760712
6,506,21230,66,78.2847,-26.6101,213.5773,2.0781,4.4214,-7.1755,-4.6086,-1.0321,-0.9487,8.527,0.1289,1.3846,-0.2196,car,507,88.7524,-16.5465,-2.2343,-3.2419,3.9314,0.215,238.5567,3.937259465668982,14.174134076408336,-10.467699999999994,-10.063599999999997,-4.9412,-1.3667000000000002,5.1267266681577635,14.520633190394964,0,06_501_507_21242_ego_507,0,21242,21242,21242,vehicle_vehicle,0.1472136630802343,2.1028423431522705,3.3779341775027354,14.967492577248867,15.0,3.0,3.5,0.8,3.31495547632242,11.933839714760712
6,507,21230,9,88.7524,-16.5465,238.5567,1.9068,3.7574,-2.2343,-3.2419,0.2051,0.9162,3.9314,0.215,-0.8887,0.303,car,507,88.7524,-16.5465,-2.2343,-3.2419,3.9314,0.215,238.5567,3.937259465668982,14.174134076408336,0.0,0.0,0.0,0.0,0.0,0.0,1,06_501_507_21242_ego_507,1,21242,21242,21242,vehicle_vehicle,0.1472136630802343,2.1028423431522705,3.3779341775027354,14.967492577248867,15.0,3.0,3.5,0.8,3.31495547632242,11.933839714760712
6,501,21231,242,93.912,-34.1122,134.1017,2.5525,6.5436,-4.6957,4.3069,-1.6328,-1.8716,6.3607,-0.3747,-0.2077,-2.4751,van,507,88.6612,-16.6779,-2.2261,-3.2033,3.8952,0.2098,238.2863,3.900852740106963,14.043069864385066,5.250800000000012,-17.4343,-2.4696000000000002,7.510199999999999,7.905822424011305,18.207847679778084,0,06_501_507_21242_ego_507,1,21242,21242,21242,vehicle_vehicle,0.1472136630802343,2.1028423431522705,3.3779341775027354,14.967492577248867,15.0,3.0,3.5,0.8,3.31495547632242,11.933839714760712
6,506,21231,67,77.9954,-26.7963,213.5905,2.0781,4.4214,-7.2216,-4.648,-0.9014,-0.9645,8.5872,0.1236,1.2845,-0.3047,car,507,88.6612,-16.6779,-2.2261,-3.2033,3.8952,0.2098,238.2863,3.900852740106963,14.043069864385066,-10.66579999999999,-10.118399999999998,-4.9955,-1.4446999999999997,5.200209451550966,14.70174507328976,0,06_501_507_21242_ego_507,0,21242,21242,21242,vehicle_vehicle,0.1472136630802343,2.1028423431522705,3.3779341775027354,14.967492577248867,15.0,3.0,3.5,0.8,3.31495547632242,11.933839714760712
6,507,21231,10,88.6612,-16.6779,238.2863,1.9068,3.7574,-2.2261,-3.2033,0.2394,0.9721,3.8952,0.2098,-0.9528,0.3073,car,507,88.6612,-16.6779,-2.2261,-3.2033,3.8952,0.2098,238.2863,3.900852740106963,14.043069864385066,0.0,0.0,0.0,0.0,0.0,0.0,1,06_501_507_21242_ego_507,1,21242,21242,21242,vehicle_vehicle,0.1472136630802343,2.1028423431522705,3.3779341775027354,14.967492577248867,15.0,3.0,3.5,0.8,3.31495547632242,11.933839714760712
6,501,21232,243,93.7216,-33.9421,134.9668,2.5525,6.5436,-4.7601,4.2302,-1.6,-1.8786,6.3569,-0.3784,-0.1984,-2.4597,van,507,88.5705,-16.8076,-2.2158,-3.1614,3.8552,0.2056,238.0269,3.860598347406785,13.898154050664427,5.1511,-17.134500000000003,-2.5443000000000002,7.3916,7.81723819836648,17.892035140251657,0,06_501_507_21242_ego_507,1,21242,21242,21242,vehicle_vehicle,0.1472136630802343,2.1028423431522705,3.3779341775027354,14.967492577248867,15.0,3.0,3.5,0.8,3.31495547632242,11.933839714760712
6,506,21232,68,77.7043,-26.9843,213.6327,2.0781,4.4214,-7.262,-4.6874,-0.7662,-0.9792,8.6426,0.1194,1.1803,-0.3909,car,507,88.5705,-16.8076,-2.2158,-3.1614,3.8552,0.2056,238.0269,3.860598347406785,13.898154050664427,-10.866199999999992,-10.1767,-5.046199999999999,-1.5260000000000002,5.271888697611131,14.887562773335326,0,06_501_507_21242_ego_507,0,21242,21242,21242,vehicle_vehicle,0.1472136630802343,2.1028423431522705,3.3779341775027354,14.967492577248867,15.0,3.0,3.5,0.8,3.31495547632242,11.933839714760712
6,507,21232,11,88.5705,-16.8076,238.0269,1.9068,3.7574,-2.2158,-3.1614,0.2734,1.0255,3.8552,0.2056,-1.0146,0.3111,car,507,88.5705,-16.8076,-2.2158,-3.1614,3.8552,0.2056,238.0269,3.860598347406785,13.898154050664427,0.0,0.0,0.0,0.0,0.0,0.0,1,06_501_507_21242_ego_507,1,21242,21242,21242,vehicle_vehicle,0.1472136630802343,2.1028423431522705,3.3779341775027354,14.967492577248867,15.0,3.0,3.5,0.8,3.31495547632242,11.933839714760712
6,501,21233,244,93.5285,-33.7752,135.8261,2.5525,6.5436,-4.8227,4.1536,-1.5684,-1.884,6.3533,-0.3816,-0.1879,-2.4442,van,507,88.4807,-16.9358,-2.2037,-3.1165,3.8115,0.2026,237.7782,3.8169183826746935,13.740906177628897,5.047799999999995,-16.839399999999998,-2.619,7.270099999999999,7.727452038673549,17.57969502579609,0,06_501_507_21242_ego_507,1,21242,21242,21242,vehicle_vehicle,0.1472136630802343,2.1028423431522705,3.3779341775027354,14.967492577248867,15.0,3.0,3.5,0.8,3.31495547632242,11.933839714760712
6,506,21233,69,77.4114,-27.1743,213.6866,2.0781,4.4214,-7.2961,-4.7268,-0.6271,-0.9933,8.6927,0.1137,1.0727,-0.4787,car,507,88.4807,-16.9358,-2.2037,-3.1165,3.8115,0.2026,237.7782,3.8169183826746935,13.740906177628897,-11.069299999999998,-10.238499999999998,-5.0924,-1.6103,5.340936607936851,15.078338261890796,0,06_501_507_21242_ego_507,0,21242,21242,21242,vehicle_vehicle,0.1472136630802343,2.1028423431522705,3.3779341775027354,14.967492577248867,15.0,3.0,3.5,0.8,3.31495547632242,11.933839714760712
6,507,21233,12,88.4807,-16.9358,237.7782,1.9068,3.7574,-2.2037,-3.1165,0.3063,1.0754,3.8115,0.2026,-1.0731,0.3142,car,507,88.4807,-16.9358,-2.2037,-3.1165,3.8115,0.2026,237.7782,3.8169183826746935,13.740906177628897,0.0,0.0,0.0,0.0,0.0,0.0,1,06_501_507_21242_ego_507,1,21242,21242,21242,vehicle_vehicle,0.1472136630802343,2.1028423431522705,3.3779341775027354,14.967492577248867,15.0,3.0,3.5,0.8,3.31495547632242,11.933839714760712
6,501,21234,245,93.3334,-33.6114,136.6835,2.5525,6.5436,-4.8836,4.077,-1.5384,-1.888,6.3501,-0.3839,-0.1759,-2.429,van,507,88.3913,-17.0617,-2.1896,-3.0686,3.7644,0.1997,237.5272,3.769702126163286,13.57092765418783,4.942099999999996,-16.549700000000005,-2.6940000000000004,7.1456,7.636572225809169,17.271853476103836,0,06_501_507_21242_ego_507,1,21242,21242,21242,vehicle_vehicle,0.1472136630802343,2.1028423431522705,3.3779341775027354,14.967492577248867,15.0,3.0,3.5,0.8,3.31495547632242,11.933839714760712
6,506,21234,70,77.1172,-27.3658,213.7473,2.0781,4.4214,-7.324,-4.7661,-0.4848,-1.0075,8.7376,0.1057,0.9628,-0.5684,car,507,88.3913,-17.0617,-2.1896,-3.0686,3.7644,0.1997,237.5272,3.769702126163286,13.57092765418783,-11.274100000000004,-10.304100000000002,-5.134399999999999,-1.6974999999999998,5.407732390753077,15.27350017579468,0,06_501_507_21242_ego_507,0,21242,21242,21242,vehicle_vehicle,0.1472136630802343,2.1028423431522705,3.3779341775027354,14.967492577248867,15.0,3.0,3.5,0.8,3.31495547632242,11.933839714760712
6,507,21234,13,88.3913,-17.0617,237.5272,1.9068,3.7574,-2.1896,-3.0686,0.3378,1.1209,3.7644,0.1997,-1.127,0.3168,car,507,88.3913,-17.0617,-2.1896,-3.0686,3.7644,0.1997,237.5272,3.769702126163286,13.57092765418783,0.0,0.0,0.0,0.0,0.0,0.0,1,06_501_507_21242_ego_507,1,21242,21242,21242,vehicle_vehicle,0.1472136630802343,2.1028423431522705,3.3779341775027354,14.967492577248867,15.0,3.0,3.5,0.8,3.31495547632242,11.933839714760712
6,501,21235,246,93.1363,-33.451,137.5296,2.5525,6.5436,-4.9431,4.0008,-1.5103,-1.891,6.3475,-0.3865,-0.1628,-2.4146,van,507,88.3028,-17.1856,-2.1737,-3.0182,3.7142,0.1975,237.2817,3.719476163386452,13.390114188191228,4.833500000000001,-16.2654,-2.7694,7.019,7.545590590536967,16.968381166451913,0,06_501_507_21242_ego_507,1,21242,21242,21242,vehicle_vehicle,0.1472136630802343,2.1028423431522705,3.3779341775027354,14.967492577248867,15.0,3.0,3.5,0.8,3.31495547632242,11.933839714760712
6,506,21235,71,76.8222,-27.559,213.8233,2.0781,4.4214,-7.3455,-4.8052,-0.3401,-1.0225,8.7771,0.0968,0.8517,-0.6602,car,507,88.3028,-17.1856,-2.1737,-3.0182,3.7142,0.1975,237.2817,3.719476163386452,13.390114188191228,-11.48060000000001,-10.3734,-5.1718,-1.787,5.471826408065227,15.472931329260149,0,06_501_507_21242_ego_507,0,21242,21242,21242,vehicle_vehicle,0.1472136630802343,2.1028423431522705,3.3779341775027354,14.967492577248867,15.0,3.0,3.5,0.8,3.31495547632242,11.933839714760712
6,507,21235,14,88.3028,-17.1856,237.2817,1.9068,3.7574,-2.1737,-3.0182,0.3672,1.1613,3.7142,0.1975,-1.1755,0.3188,car,507,88.3028,-17.1856,-2.1737,-3.0182,3.7142,0.1975,237.2817,3.719476163386452,13.390114188191228,0.0,0.0,0.0,0.0,0.0,0.0,1,06_501_507_21242_ego_507,1,21242,21242,21242,vehicle_vehicle,0.1472136630802343,2.1028423431522705,3.3779341775027354,14.967492577248867,15.0,3.0,3.5,0.8,3.31495547632242,11.933839714760712
6,501,21236,247,92.9374,-33.2934,138.3757,2.5525,6.5436,-5.0015,3.9248,-1.4842,-1.8935,6.3457,-0.3883,-0.1483,-2.4013,van,507,88.2147,-17.307,-2.1561,-2.9655,3.6612,0.1956,237.0385,3.6664638904535796,13.199270005632886,4.722700000000003,-15.9864,-2.8454,6.8903,7.454698870511136,16.66939951677924,0,06_501_507_21242_ego_507,1,21242,21242,21242,vehicle_vehicle,0.1472136630802343,2.1028423431522705,3.3779341775027354,14.967492577248867,15.0,3.0,3.5,0.8,3.31495547632242,11.933839714760712
6,506,21236,72,76.5265,-27.7539,213.9074,2.0781,4.4214,-7.3606,-4.8442,-0.1935,-1.0391,8.8112,0.0857,0.7403,-0.7544,car,507,88.2147,-17.307,-2.1561,-2.9655,3.6612,0.1956,237.0385,3.6664638904535796,13.199270005632886,-11.688199999999995,-10.446900000000003,-5.2044999999999995,-1.8786999999999998,5.533202864526114,15.676470867194567,0,06_501_507_21242_ego_507,0,21242,21242,21242,vehicle_vehicle,0.1472136630802343,2.1028423431522705,3.3779341775027354,14.967492577248867,15.0,3.0,3.5,0.8,3.31495547632242,11.933839714760712
6,507,21236,15,88.2147,-17.307,237.0385,1.9068,3.7574,-2.1561,-2.9655,0.3939,1.1956,3.6612,0.1956,-1.2175,0.32,car,507,88.2147,-17.307,-2.1561,-2.9655,3.6612,0.1956,237.0385,3.6664638904535796,13.199270005632886,0.0,0.0,0.0,0.0,0.0,0.0,1,06_501_507_21242_ego_507,1,21242,21242,21242,vehicle_vehicle,0.1472136630802343,2.1028423431522705,3.3779341775027354,14.967492577248867,15.0,3.0,3.5,0.8,3.31495547632242,11.933839714760712
6,501,21237,248,92.7365,-33.1387,139.219,2.5525,6.5436,-5.059,3.8491,-1.4601,-1.8958,6.3448,-0.3898,-0.1327,-2.3892,van,507,88.1277,-17.4259,-2.1371,-2.9109,3.6059,0.1945,236.8033,3.611168124028567,13.000205246502842,4.608800000000002,-15.712800000000001,-2.9219,6.76,7.364448357480687,16.374770877175656,0,06_501_507_21242_ego_507,1,21242,21242,21242,vehicle_vehicle,0.1472136630802343,2.1028423431522705,3.3779341775027354,14.967492577248867,15.0,3.0,3.5,0.8,3.31495547632242,11.933839714760712
6,506,21237,73,76.2299,-27.9506,214.0103,2.0781,4.4214,-7.369,-4.8831,-0.0459,-1.058,8.8398,0.074,0.6298,-0.8513,car,507,88.1277,-17.4259,-2.1371,-2.9109,3.6059,0.1945,236.8033,3.611168124028567,13.000205246502842,-11.897800000000004,-10.524700000000003,-5.2318999999999996,-1.9722,5.591274492456974,15.884802640574422,0,06_501_507_21242_ego_507,0,21242,21242,21242,vehicle_vehicle,0.1472136630802343,2.1028423431522705,3.3779341775027354,14.967492577248867,15.0,3.0,3.5,0.8,3.31495547632242,11.933839714760712
6,507,21237,16,88.1277,-17.4259,236.8033,1.9068,3.7574,-2.1371,-2.9109,0.4175,1.2235,3.6059,0.1945,-1.2524,0.3205,car,507,88.1277,-17.4259,-2.1371,-2.9109,3.6059,0.1945,236.8033,3.611168124028567,13.000205246502842,0.0,0.0,0.0,0.0,0.0,0.0,1,06_501_507_21242_ego_507,1,21242,21242,21242,vehicle_vehicle,0.1472136630802343,2.1028423431522705,3.3779341775027354,14.967492577248867,15.0,3.0,3.5,0.8,3.31495547632242,11.933839714760712
6,501,21238,249,92.5337,-32.9866,140.0651,2.5525,6.5436,-5.1158,3.7734,-1.4377,-1.8982,6.3448,-0.3906,-0.1161,-2.3784,van,507,88.0417,-17.5425,-2.1167,-2.8547,3.5485,0.1951,236.5911,3.5538332797136105,12.793799806968998,4.49199999999999,-15.444100000000002,-2.9991000000000003,6.6281,7.275047107751262,16.08410049738561,0,06_501_507_21242_ego_507,1,21242,21242,21242,vehicle_vehicle,0.1472136630802343,2.1028423431522705,3.3779341775027354,14.967492577248867,15.0,3.0,3.5,0.8,3.31495547632242,11.933839714760712
6,506,21238,74,75.9328,-28.1479,214.1281,2.0781,4.4214,-7.3706,-4.9222,0.1019,-1.0798,8.8629,0.0607,0.5215,-0.951,car,507,88.0417,-17.5425,-2.1167,-2.8547,3.5485,0.1951,236.5911,3.5538332797136105,12.793799806968998,-12.108900000000006,-10.6054,-5.2539,-2.0675000000000003,5.646062473972458,16.096582505923426,0,06_501_507_21242_ego_507,0,21242,21242,21242,vehicle_vehicle,0.1472136630802343,2.1028423431522705,3.3779341775027354,14.967492577248867,15.0,3.0,3.5,0.8,3.31495547632242,11.933839714760712
6,507,21238,17,88.0417,-17.5425,236.5911,1.9068,3.7574,-2.1167,-2.8547,0.4377,1.2444,3.5485,0.1951,-1.2797,0.3198,car,507,88.0417,-17.5425,-2.1167,-2.8547,3.5485,0.1951,236.5911,3.5538332797136105,12.793799806968998,0.0,0.0,0.0,0.0,0.0,0.0,1,06_501_507_21242_ego_507,1,21242,21242,21242,vehicle_vehicle,0.1472136630802343,2.1028423431522705,3.3779341775027354,14.967492577248867,15.0,3.0,3.5,0.8,3.31495547632242,11.933839714760712
6,501,21239,250,92.3284,-32.8375,140.9137,2.5525,6.5436,-5.1719,3.6976,-1.4168,-1.9008,6.3457,-0.3907,-0.0987,-2.3687,van,507,87.957,-17.6565,-2.0953,-2.7974,3.4897,0.1953,236.3679,3.49510069239786,12.582362492632296,4.371400000000008,-15.180999999999997,-3.0766,6.495,7.186827711862864,15.79784475680148,0,06_501_507_21242_ego_507,1,21242,21242,21242,vehicle_vehicle,0.1472136630802343,2.1028423431522705,3.3779341775027354,14.967492577248867,15.0,3.0,3.5,0.8,3.31495547632242,11.933839714760712
6,506,21239,75,75.6354,-28.3461,214.2709,2.0781,4.4214,-7.3652,-4.962,0.249,-1.1049,8.8807,0.0469,0.4164,-1.0533,car,507,87.957,-17.6565,-2.0953,-2.7974,3.4897,0.1953,236.3679,3.49510069239786,12.582362492632296,-12.32159999999999,-10.689599999999999,-5.2699,-2.1645999999999996,5.697134294537912,16.31224615802495,0,06_501_507_21242_ego_507,0,21242,21242,21242,vehicle_vehicle,0.1472136630802343,2.1028423431522705,3.3779341775027354,14.967492577248867,15.0,3.0,3.5,0.8,3.31495547632242,11.933839714760712
6,507,21239,18,87.957,-17.6565,236.3679,1.9068,3.7574,-2.0953,-2.7974,0.4541,1.2579,3.4897,0.1953,-1.2988,0.3186,car,507,87.957,-17.6565,-2.0953,-2.7974,3.4897,0.1953,236.3679,3.49510069239786,12.582362492632296,0.0,0.0,0.0,0.0,0.0,0.0,1,06_501_507_21242_ego_507,1,21242,21242,21242,vehicle_vehicle,0.1472136630802343,2.1028423431522705,3.3779341775027354,14.967492577248867,15.0,3.0,3.5,0.8,3.31495547632242,11.933839714760712
6,501,21240,251,92.1207,-32.6912,141.7682,2.5525,6.5436,-5.2273,3.6219,-1.3972,-1.9036,6.3475,-0.3898,-0.0805,-2.36,van,507,87.8731,-17.7677,-2.0732,-2.7394,3.4299,0.1957,236.1475,3.435472398375513,12.367700634151847,4.247600000000006,-14.9235,-3.1540999999999997,6.3613,7.100315802835814,15.516215969430178,0,06_501_507_21242_ego_507,1,21242,21242,21242,vehicle_vehicle,0.1472136630802343,2.1028423431522705,3.3779341775027354,14.967492577248867,15.0,3.0,3.5,0.8,3.31495547632242,11.933839714760712
6,506,21240,76,75.3388,-28.5458,214.4566,2.0781,4.4214,-7.3531,-5.0027,0.3943,-1.1334,8.8935,0.0352,0.3162,-1.1577,car,507,87.8731,-17.7677,-2.0732,-2.7394,3.4299,0.1957,236.1475,3.435472398375513,12.367700634151847,-12.534299999999988,-10.778099999999998,-5.2799000000000005,-2.2633,5.744551409814347,16.531065183465934,0,06_501_507_21242_ego_507,0,21242,21242,21242,vehicle_vehicle,0.1472136630802343,2.1028423431522705,3.3779341775027354,14.967492577248867,15.0,3.0,3.5,0.8,3.31495547632242,11.933839714760712
6,507,21240,19,87.8731,-17.7677,236.1475,1.9068,3.7574,-2.0732,-2.7394,0.4665,1.2638,3.4299,0.1957,-1.3094,0.3165,car,507,87.8731,-17.7677,-2.0732,-2.7394,3.4299,0.1957,236.1475,3.435472398375513,12.367700634151847,0.0,0.0,0.0,0.0,0.0,0.0,1,06_501_507_21242_ego_507,1,21242,21242,21242,vehicle_vehicle,0.1472136630802343,2.1028423431522705,3.3779341775027354,14.967492577248867,15.0,3.0,3.5,0.8,3.31495547632242,11.933839714760712
6,501,21241,252,91.9108,-32.5477,142.63,2.5525,6.5436,-5.2821,3.546,-1.3789,-1.9066,6.3501,-0.3879,-0.0614,-2.3522,van,507,87.7897,-17.876,-2.0502,-2.6813,3.3696,0.1956,235.9203,3.3753058720655225,12.15110113943588,4.121099999999998,-14.671699999999998,-3.2319,6.2273,7.016013319542659,15.239496254797924,0,06_501_507_21242_ego_507,1,21242,21242,21242,vehicle_vehicle,0.1472136630802343,2.1028423431522705,3.3779341775027354,14.967492577248867,15.0,3.0,3.5,0.8,3.31495547632242,11.933839714760712
6,506,21241,77,75.0432,-28.7468,214.6803,2.0781,4.4214,-7.3344,-5.0446,0.5371,-1.1655,8.9017,0.0249,0.2215,-1.264,car,507,87.7897,-17.876,-2.0502,-2.6813,3.3696,0.1956,235.9203,3.3753058720655225,12.15110113943588,-12.746499999999997,-10.8708,-5.2842,-2.3633,5.788605750092159,16.75253875954328,0,06_501_507_21242_ego_507,0,21242,21242,21242,vehicle_vehicle,0.1472136630802343,2.1028423431522705,3.3779341775027354,14.967492577248867,15.0,3.0,3.5,0.8,3.31495547632242,11.933839714760712
6,507,21241,20,87.7897,-17.876,235.9203,1.9068,3.7574,-2.0502,-2.6813,0.4749,1.2621,3.3696,0.1956,-1.3114,0.3139,car,507,87.7897,-17.876,-2.0502,-2.6813,3.3696,0.1956,235.9203,3.3753058720655225,12.15110113943588,0.0,0.0,0.0,0.0,0.0,0.0,1,06_501_507_21242_ego_507,1,21242,21242,21242,vehicle_vehicle,0.1472136630802343,2.1028423431522705,3.3779341775027354,14.967492577248867,15.0,3.0,3.5,0.8,3.31495547632242,11.933839714760712
6,501,21242,253,91.699,-32.4071,143.4946,2.5525,6.5436,-5.3363,3.4698,-1.3615,-1.9099,6.3535,-0.3855,-0.0418,-2.3451,van,507,87.7073,-17.9817,-2.0265,-2.6234,3.3093,0.1948,235.6844,3.31495547632242,11.933839714760712,3.9916999999999945,-14.4254,-3.3097999999999996,6.0932,6.934108614667065,14.967492577248867,0,06_501_507_21242_ego_507,1,21242,21242,21242,vehicle_vehicle,0.1472136630802343,2.1028423431522705,3.3779341775027354,14.967492577248867,15.0,3.0,3.5,0.8,3.31495547632242,11.933839714760712
6,506,21242,78,74.7483,-28.9487,214.93,2.0781,4.4214,-7.3092,-5.0881,0.6765,-1.2008,8.9058,0.0136,0.1329,-1.3719,car,507,87.7073,-17.9817,-2.0265,-2.6234,3.3093,0.1948,235.6844,3.31495547632242,11.933839714760712,-12.959000000000003,-10.966999999999999,-5.2827,-2.4646999999999997,5.829379502142574,16.976771483412268,0,06_501_507_21242_ego_507,0,21242,21242,21242,vehicle_vehicle,0.1472136630802343,2.1028423431522705,3.3779341775027354,14.967492577248867,15.0,3.0,3.5,0.8,3.31495547632242,11.933839714760712
6,507,21242,21,87.7073,-17.9817,235.6844,1.9068,3.7574,-2.0265,-2.6234,0.4787,1.2529,3.3093,0.1948,-1.3047,0.3109,car,507,87.7073,-17.9817,-2.0265,-2.6234,3.3093,0.1948,235.6844,3.31495547632242,11.933839714760712,0.0,0.0,0.0,0.0,0.0,0.0,1,06_501_507_21242_ego_507,1,21242,21242,21242,vehicle_vehicle,0.1472136630802343,2.1028423431522705,3.3779341775027354,14.967492577248867,15.0,3.0,3.5,0.8,3.31495547632242,11.933839714760712
6,501,21243,254,91.4848,-32.2697,144.3659,2.5525,6.5436,-5.39,3.3934,-1.345,-1.9131,6.3578,-0.3822,-0.0214,-2.3385,van,507,87.6259,-18.0849,-2.0024,-2.5663,3.2494,0.1931,235.4357,3.2550731865812175,11.718263471692383,3.8589000000000055,-14.1848,-3.3875999999999995,5.9597,6.855206623435941,14.700328576259786,0,06_501_507_21242_ego_507,1,21242,21242,21242,vehicle_vehicle,0.1472136630802343,2.1028423431522705,3.3779341775027354,14.967492577248867,15.0,3.0,3.5,0.8,3.31495547632242,11.933839714760712
6,506,21243,79,74.4549,-29.1522,215.2204,2.0781,4.4214,-7.2779,-5.1333,0.812,-1.2391,8.9061,0.0037,0.0513,-1.4806,car,507,87.6259,-18.0849,-2.0024,-2.5663,3.2494,0.1931,235.4357,3.2550731865812175,11.718263471692383,-13.171000000000006,-11.0673,-5.275499999999999,-2.567,5.8668892311002425,17.20349878048068,0,06_501_507_21242_ego_507,0,21242,21242,21242,vehicle_vehicle,0.1472136630802343,2.1028423431522705,3.3779341775027354,14.967492577248867,15.0,3.0,3.5,0.8,3.31495547632242,11.933839714760712
6,507,21243,22,87.6259,-18.0849,235.4357,1.9068,3.7574,-2.0024,-2.5663,0.4777,1.2365,3.2494,0.1931,-1.2892,0.3081,car,507,87.6259,-18.0849,-2.0024,-2.5663,3.2494,0.1931,235.4357,3.2550731865812175,11.718263471692383,0.0,0.0,0.0,0.0,0.0,0.0,1,06_501_507_21242_ego_507,1,21242,21242,21242,vehicle_vehicle,0.1472136630802343,2.1028423431522705,3.3779341775027354,14.967492577248867,15.0,3.0,3.5,0.8,3.31495547632242,11.933839714760712
6,501,21244,255,91.2685,-32.1355,145.2427,2.5525,6.5436,-5.4432,3.3169,-1.3292,-1.9164,6.363,-0.3781,-0.0005,-2.3323,van,507,87.5462,-18.1859,-1.9784,-2.51,3.1903,0.1909,235.1788,3.1959609759820284,11.505459513535303,3.722300000000004,-13.9496,-3.4648000000000003,5.8269,6.779203688487314,14.437688784912911,0,06_501_507_21242_ego_507,1,21242,21242,21242,vehicle_vehicle,0.1472136630802343,2.1028423431522705,3.3779341775027354,14.967492577248867,15.0,3.0,3.5,0.8,3.31495547632242,11.933839714760712
6,506,21244,80,74.1635,-29.3568,215.5544,2.0781,4.4214,-7.2407,-5.1808,0.943,-1.2799,8.9033,-0.0046,-0.0229,-1.5896,car,507,87.5462,-18.1859,-1.9784,-2.51,3.1903,0.1909,235.1788,3.1959609759820284,11.505459513535303,-13.3827,-11.1709,-5.262300000000001,-2.6708,5.901268840681638,17.432316716374793,0,06_501_507_21242_ego_507,0,21242,21242,21242,vehicle_vehicle,0.1472136630802343,2.1028423431522705,3.3779341775027354,14.967492577248867,15.0,3.0,3.5,0.8,3.31495547632242,11.933839714760712
6,507,21244,23,87.5462,-18.1859,235.1788,1.9068,3.7574,-1.9784,-2.51,0.4718,1.2132,3.1903,0.1909,-1.2653,0.3054,car,507,87.5462,-18.1859,-1.9784,-2.51,3.1903,0.1909,235.1788,3.1959609759820284,11.505459513535303,0.0,0.0,0.0,0.0,0.0,0.0,1,06_501_507_21242_ego_507,1,21242,21242,21242,vehicle_vehicle,0.1472136630802343,2.1028423431522705,3.3779341775027354,14.967492577248867,15.0,3.0,3.5,0.8,3.31495547632242,11.933839714760712
6,501,21245,256,91.0494,-32.0042,146.1254,2.5525,6.5436,-5.4956,3.2403,-1.3141,-1.9197,6.3688,-0.3729,0.021,-2.3263,van,507,87.467,-18.2839,-1.9544,-2.4553,3.1325,0.1882,234.9189,3.1381805955043443,11.29745014381564,3.582400000000007,-13.720299999999998,-3.5412,5.6956,6.706709834188445,14.180275803030067,0,06_501_507_21242_ego_507,1,21242,21242,21242,vehicle_vehicle,0.1472136630802343,2.1028423431522705,3.3779341775027354,14.967492577248867,15.0,3.0,3.5,0.8,3.31495547632242,11.933839714760712
6,506,21245,81,73.8737,-29.563,215.9286,2.0781,4.4214,-7.1979,-5.2307,1.0691,-1.3224,8.8978,-0.012,-0.0898,-1.6981,car,507,87.467,-18.2839,-1.9544,-2.4553,3.1325,0.1882,234.9189,3.1381805955043443,11.29745014381564,-13.5933,-11.2791,-5.2435,-2.7754,5.932717540048573,17.6634057220005,0,06_501_507_21242_ego_507,0,21242,21242,21242,vehicle_vehicle,0.1472136630802343,2.1028423431522705,3.3779341775027354,14.967492577248867,15.0,3.0,3.5,0.8,3.31495547632242,11.933839714760712
6,507,21245,24,87.467,-18.2839,234.9189,1.9068,3.7574,-1.9544,-2.4553,0.4608,1.1833,3.1325,0.1882,-1.2332,0.303,car,507,87.467,-18.2839,-1.9544,-2.4553,3.1325,0.1882,234.9189,3.1381805955043443,11.29745014381564,0.0,0.0,0.0,0.0,0.0,0.0,1,06_501_507_21242_ego_507,1,21242,21242,21242,vehicle_vehicle,0.1472136630802343,2.1028423431522705,3.3779341775027354,14.967492577248867,15.0,3.0,3.5,0.8,3.31495547632242,11.933839714760712
6,501,21246,257,90.8279,-31.8762,147.0116,2.5525,6.5436,-5.5472,3.1635,-1.2998,-1.9231,6.3753,-0.3668,0.0432,-2.3207,van,507,87.3889,-18.3792,-1.9307,-2.4025,3.0767,0.1845,234.6452,3.0821435300777282,11.095716708279822,3.438999999999993,-13.497,-3.6165000000000003,5.566,6.637727642047389,13.928234992273786,0,06_501_507_21242_ego_507,1,21242,21242,21242,vehicle_vehicle,0.1472136630802343,2.1028423431522705,3.3779341775027354,14.967492577248867,15.0,3.0,3.5,0.8,3.31495547632242,11.933839714760712
6,506,21246,82,73.5864,-29.771,216.3299,2.0781,4.4214,-7.15,-5.2832,1.1901,-1.3656,8.8902,-0.0204,-0.1497,-1.8052,car,507,87.3889,-18.3792,-1.9307,-2.4025,3.0767,0.1845,234.6452,3.0821435300777282,11.095716708279822,-13.802500000000009,-11.3918,-5.2193000000000005,-2.8807,5.961503583828497,17.896427394594717,0,06_501_507_21242_ego_507,0,21242,21242,21242,vehicle_vehicle,0.1472136630802343,2.1028423431522705,3.3779341775027354,14.967492577248867,15.0,3.0,3.5,0.8,3.31495547632242,11.933839714760712
6,507,21246,25,87.3889,-18.3792,234.6452,1.9068,3.7574,-1.9307,-2.4025,0.4447,1.1477,3.0767,0.1845,-1.1934,0.3014,car,507,87.3889,-18.3792,-1.9307,-2.4025,3.0767,0.1845,234.6452,3.0821435300777282,11.095716708279822,0.0,0.0,0.0,0.0,0.0,0.0,1,06_501_507_21242_ego_507,1,21242,21242,21242,vehicle_vehicle,0.1472136630802343,2.1028423431522705,3.3779341775027354,14.967492577248867,15.0,3.0,3.5,0.8,3.31495547632242,11.933839714760712
6,501,21247,258,90.6042,-31.7513,147.8835,2.5525,6.5436,-5.5979,3.0866,-1.2867,-1.9264,6.3822,-0.3618,0.0656,-2.3157,van,507,87.3121,-18.472,-1.9078,-2.3522,3.0232,0.1808,234.3779,3.028621085576735,10.903035908076246,3.292100000000005,-13.2793,-3.6901,5.4388,6.572471639345429,13.681291273121847,0,06_501_507_21242_ego_507,1,21242,21242,21242,vehicle_vehicle,0.1472136630802343,2.1028423431522705,3.3779341775027354,14.967492577248867,15.0,3.0,3.5,0.8,3.31495547632242,11.933839714760712
6,506,21247,83,73.3016,-29.9814,216.7683,2.0781,4.4214,-7.0974,-5.3383,1.306,-1.4088,8.8809,-0.028,-0.2029,-1.9103,car,507,87.3121,-18.472,-1.9078,-2.3522,3.0232,0.1808,234.3779,3.028621085576735,10.903035908076246,-14.010500000000008,-11.5094,-5.1896,-2.9861000000000004,5.987381846015836,18.131751118135288,0,06_501_507_21242_ego_507,0,21242,21242,21242,vehicle_vehicle,0.1472136630802343,2.1028423431522705,3.3779341775027354,14.967492577248867,15.0,3.0,3.5,0.8,3.31495547632242,11.933839714760712
6,507,21247,26,87.3121,-18.472,234.3779,1.9068,3.7574,-1.9078,-2.3522,0.4233,1.1071,3.0232,0.1808,-1.1465,0.3007,car,507,87.3121,-18.472,-1.9078,-2.3522,3.0232,0.1808,234.3779,3.028621085576735,10.903035908076246,0.0,0.0,0.0,0.0,0.0,0.0,1,06_501_507_21242_ego_507,1,21242,21242,21242,vehicle_vehicle,0.1472136630802343,2.1028423431522705,3.3779341775027354,14.967492577248867,15.0,3.0,3.5,0.8,3.31495547632242,11.933839714760712
6,501,21248,259,90.3787,-31.63,148.7432,2.5525,6.5436,-5.6478,3.0099,-1.275,-1.9299,6.3898,-0.3575,0.0885,-2.3114,van,507,87.2374,-18.563,-1.8861,-2.3043,2.9725,0.1772,234.1109,2.9777796594106825,10.720006773878458,3.141300000000001,-13.067,-3.7617000000000003,5.3142,6.510845454316973,13.43928028913751,0,06_501_507_21242_ego_507,1,21242,21242,21242,vehicle_vehicle,0.1472136630802343,2.1028423431522705,3.3779341775027354,14.967492577248867,15.0,3.0,3.5,0.8,3.31495547632242,11.933839714760712
6,506,21248,84,73.0188,-30.1939,217.2411,2.0781,4.4214,-7.0401,-5.396,1.4169,-1.4511,8.8701,-0.0353,-0.2498,-2.0127,car,507,87.2374,-18.563,-1.8861,-2.3043,2.9725,0.1772,234.1109,2.9777796594106825,10.720006773878458,-14.218599999999995,-11.6309,-5.154,-3.0917,6.010185096151366,18.369714771057275,0,06_501_507_21242_ego_507,0,21242,21242,21242,vehicle_vehicle,0.1472136630802343,2.1028423431522705,3.3779341775027354,14.967492577248867,15.0,3.0,3.5,0.8,3.31495547632242,11.933839714760712
6,507,21248,27,87.2374,-18.563,234.1109,1.9068,3.7574,-1.8861,-2.3043,0.397,1.0625,2.9725,0.1772,-1.0936,0.3012,car,507,87.2374,-18.563,-1.8861,-2.3043,2.9725,0.1772,234.1109,2.9777796594106825,10.720006773878458,0.0,0.0,0.0,0.0,0.0,0.0,1,06_501_507_21242_ego_507,1,21242,21242,21242,vehicle_vehicle,0.1472136630802343,2.1028423431522705,3.3779341775027354,14.967492577248867,15.0,3.0,3.5,0.8,3.31495547632242,11.933839714760712
6,501,21249,260,90.1514,-31.5121,149.5997,2.5525,6.5436,-5.6971,2.9333,-1.2649,-1.9339,6.3982,-0.3529,0.1123,-2.3081,van,507,87.1637,-18.6522,-1.8661,-2.259,2.925,0.1735,233.8363,2.930087065259324,10.548313434933567,2.9876999999999896,-12.8599,-3.8309999999999995,5.1922999999999995,6.452638242610536,13.202400512785541,0,06_501_507_21242_ego_507,1,21242,21242,21242,vehicle_vehicle,0.1472136630802343,2.1028423431522705,3.3779341775027354,14.967492577248867,15.0,3.0,3.5,0.8,3.31495547632242,11.933839714760712
6,506,21249,85,72.7384,-30.4094,217.7533,2.0781,4.4214,-6.9784,-5.456,1.5228,-1.4918,8.858,-0.0412,-0.2906,-2.1118,car,507,87.1637,-18.6522,-1.8661,-2.259,2.925,0.1735,233.8363,2.930087065259324,10.548313434933567,-14.425300000000007,-11.757200000000001,-5.112299999999999,-3.1970000000000005,6.029628536651325,18.609702628736446,0,06_501_507_21242_ego_507,0,21242,21242,21242,vehicle_vehicle,0.1472136630802343,2.1028423431522705,3.3779341775027354,14.967492577248867,15.0,3.0,3.5,0.8,3.31495547632242,11.933839714760712
6,507,21249,28,87.1637,-18.6522,233.8363,1.9068,3.7574,-1.8661,-2.259,0.3663,1.0147,2.925,0.1735,-1.0354,0.303,car,507,87.1637,-18.6522,-1.8661,-2.259,2.925,0.1735,233.8363,2.930087065259324,10.548313434933567,0.0,0.0,0.0,0.0,0.0,0.0,1,06_501_507_21242_ego_507,1,21242,21242,21242,vehicle_vehicle,0.1472136630802343,2.1028423431522705,3.3779341775027354,14.967492577248867,15.0,3.0,3.5,0.8,3.31495547632242,11.933839714760712
6,501,21250,261,89.9224,-31.3974,150.4574,2.5525,6.5436,-5.746,2.8571,-1.2565,-1.9389,6.4078,-0.3475,0.1371,-2.3063,van,507,87.0913,-18.7399,-1.8481,-2.2164,2.8808,0.1706,233.5672,2.885810556845338,10.388918004643218,2.831099999999992,-12.657500000000002,-3.8979000000000004,5.0735,6.39797051102926,12.970251865711784,0,06_501_507_21242_ego_507,1,21242,21242,21242,vehicle_vehicle,0.1472136630802343,2.1028423431522705,3.3779341775027354,14.967492577248867,15.0,3.0,3.5,0.8,3.31495547632242,11.933839714760712
6,506,21250,86,72.4606,-30.628,218.3062,2.0781,4.4214,-6.9125,-5.5179,1.6236,-1.5303,8.8447,-0.0452,-0.3255,-2.2073,car,507,87.0913,-18.7399,-1.8481,-2.2164,2.8808,0.1706,233.5672,2.885810556845338,10.388918004643218,-14.630700000000004,-11.888100000000001,-5.064399999999999,-3.3015,6.045498292944925,18.85163929476692,0,06_501_507_21242_ego_507,0,21242,21242,21242,vehicle_vehicle,0.1472136630802343,2.1028423431522705,3.3779341775027354,14.967492577248867,15.0,3.0,3.5,0.8,3.31495547632242,11.933839714760712
6,507,21250,29,87.0913,-18.7399,233.5672,1.9068,3.7574,-1.8481,-2.2164,0.3319,0.9646,2.8808,0.1706,-0.9731,0.3058,car,507,87.0913,-18.7399,-1.8481,-2.2164,2.8808,0.1706,233.5672,2.885810556845338,10.388918004643218,0.0,0.0,0.0,0.0,0.0,0.0,1,06_501_507_21242_ego_507,1,21242,21242,21242,vehicle_vehicle,0.1472136630802343,2.1028423431522705,3.3779341775027354,14.967492577248867,15.0,3.0,3.5,0.8,3.31495547632242,11.933839714760712
6,501,21251,262,89.6917,-31.2858,151.3112,2.5525,6.5436,-5.7946,2.7811,-1.2497,-1.9451,6.4184,-0.342,0.1626,-2.3063,van,507,87.0193,-18.826,-1.8322,-2.1766,2.8401,0.1682,233.3,2.8450912814881706,10.242328613357415,2.672399999999996,-12.459799999999998,-3.9623999999999997,4.9577,6.346605632146998,12.743168279513533,0,06_501_507_21242_ego_507,1,21242,21242,21242,vehicle_vehicle,0.1472136630802343,2.1028423431522705,3.3779341775027354,14.967492577248867,15.0,3.0,3.5,0.8,3.31495547632242,11.933839714760712
6,506,21251,87,72.1854,-30.849,218.8728,2.0781,4.4214,-6.8426,-5.5818,1.7195,-1.5664,8.8304,-0.0512,-0.3556,-2.2987,car,507,87.0193,-18.826,-1.8322,-2.1766,2.8401,0.1682,233.3,2.8450912814881706,10.242328613357415,-14.8339,-12.023,-5.0104,-3.4052000000000002,6.058010828646644,19.09442636504171,0,06_501_507_21242_ego_507,0,21242,21242,21242,vehicle_vehicle,0.1472136630802343,2.1028423431522705,3.3779341775027354,14.967492577248867,15.0,3.0,3.5,0.8,3.31495547632242,11.933839714760712
6,507,21251,30,87.0193,-18.826,233.3,1.9068,3.7574,-1.8322,-2.1766,0.2945,0.9128,2.8401,0.1682,-0.9078,0.3094,car,507,87.0193,-18.826,-1.8322,-2.1766,2.8401,0.1682,233.3,2.8450912814881706,10.242328613357415,0.0,0.0,0.0,0.0,0.0,0.0,1,06_501_507_21242_ego_507,1,21242,21242,21242,vehicle_vehicle,0.1472136630802343,2.1028423431522705,3.3779341775027354,14.967492577248867,15.0,3.0,3.5,0.8,3.31495547632242,11.933839714760712
6,501,21252,263,89.4589,-31.1771,152.1796,2.5525,6.5436,-5.8429,2.7053,-1.2447,-1.9532,6.4302,-0.3343,0.1893,-2.3083,van,507,86.9483,-18.9111,-1.8186,-2.1393,2.8029,0.166,233.0217,2.8078302031996167,10.10818873151862,2.5105999999999966,-12.265999999999998,-4.0243,4.8446,6.298026647291992,12.52029825363597,0,06_501_507_21242_ego_507,1,21242,21242,21242,vehicle_vehicle,0.1472136630802343,2.1028423431522705,3.3779341775027354,14.967492577248867,15.0,3.0,3.5,0.8,3.31495547632242,11.933839714760712
6,506,21252,88,71.9135,-31.0729,219.4674,2.0781,4.4214,-6.7691,-5.6473,1.8106,-1.5998,8.8153,-0.057,-0.3808,-2.3859,car,507,86.9483,-18.9111,-1.8186,-2.1393,2.8029,0.166,233.0217,2.8078302031996167,10.10818873151862,-15.034800000000004,-12.1618,-4.9505,-3.5080000000000005,6.067414132066477,19.33790552981372,0,06_501_507_21242_ego_507,0,21242,21242,21242,vehicle_vehicle,0.1472136630802343,2.1028423431522705,3.3779341775027354,14.967492577248867,15.0,3.0,3.5,0.8,3.31495547632242,11.933839714760712
6,507,21252,31,86.9483,-18.9111,233.0217,1.9068,3.7574,-1.8186,-2.1393,0.2547,0.8599,2.8029,0.166,-0.8402,0.3137,car,507,86.9483,-18.9111,-1.8186,-2.1393,2.8029,0.166,233.0217,2.8078302031996167,10.10818873151862,0.0,0.0,0.0,0.0,0.0,0.0,1,06_501_507_21242_ego_507,1,21242,21242,21242,vehicle_vehicle,0.1472136630802343,2.1028423431522705,3.3779341775027354,14.967492577248867,15.0,3.0,3.5,0.8,3.31495547632242,11.933839714760712
6,501,21253,264,89.2246,-31.0716,153.0533,2.5525,6.5436,-5.8912,2.6296,-1.2412,-1.9634,6.4433,-0.3256,0.2167,-2.3127,van,507,86.8776,-18.9948,-1.8073,-2.1045,2.7691,0.1646,232.7481,2.774032000536403,9.98651520193105,2.346999999999994,-12.076799999999999,-4.083900000000001,4.7341,6.25219497616637,12.30274389069365,0,06_501_507_21242_ego_507,1,21242,21242,21242,vehicle_vehicle,0.1472136630802343,2.1028423431522705,3.3779341775027354,14.967492577248867,15.0,3.0,3.5,0.8,3.31495547632242,11.933839714760712
6,506,21253,89,71.6446,-31.2994,220.0825,2.0781,4.4214,-6.692,-5.7145,1.8969,-1.6302,8.7997,-0.0633,-0.4017,-2.4686,car,507,86.8776,-18.9948,-1.8073,-2.1045,2.7691,0.1646,232.7481,2.774032000536403,9.98651520193105,-15.233000000000004,-12.304599999999997,-4.8847000000000005,-3.6100000000000003,6.073910938596318,19.581814782088,0,06_501_507_21242_ego_507,0,21242,21242,21242,vehicle_vehicle,0.1472136630802343,2.1028423431522705,3.3779341775027354,14.967492577248867,15.0,3.0,3.5,0.8,3.31495547632242,11.933839714760712
6,507,21253,32,86.8776,-18.9948,232.7481,1.9068,3.7574,-1.8073,-2.1045,0.2136,0.8065,2.7691,0.1646,-0.7712,0.3182,car,507,86.8776,-18.9948,-1.8073,-2.1045,2.7691,0.1646,232.7481,2.774032000536403,9.98651520193105,0.0,0.0,0.0,0.0,0.0,0.0,1,06_501_507_21242_ego_507,1,21242,21242,21242,vehicle_vehicle,0.1472136630802343,2.1028423431522705,3.3779341775027354,14.967492577248867,15.0,3.0,3.5,0.8,3.31495547632242,11.933839714760712
6,501,21254,265,88.9885,-30.9687,153.9303,2.5525,6.5436,-5.9396,2.5538,-1.2391,-1.9763,6.4576,-0.3163,0.2446,-2.3197,van,507,86.8066,-19.0771,-1.7981,-2.0725,2.7389,0.1632,232.4646,2.743796614182618,9.877667811057426,2.181899999999999,-11.891599999999997,-4.141500000000001,4.6263,6.209241011589097,12.090113240578019,0,06_501_507_21242_ego_507,1,21242,21242,21242,vehicle_vehicle,0.1472136630802343,2.1028423431522705,3.3779341775027354,14.967492577248867,15.0,3.0,3.5,0.8,3.31495547632242,11.933839714760712
6,506,21254,90,71.3791,-31.5287,220.714,2.0781,4.4214,-6.6118,-5.783,1.9787,-1.6572,8.7837,-0.0706,-0.4188,-2.5468,car,507,86.8066,-19.0771,-1.7981,-2.0725,2.7389,0.1632,232.4646,2.743796614182618,9.877667811057426,-15.427500000000009,-12.4516,-4.8137,-3.7105000000000006,6.0777889022242295,19.82549113666545,0,06_501_507_21242_ego_507,0,21242,21242,21242,vehicle_vehicle,0.1472136630802343,2.1028423431522705,3.3779341775027354,14.967492577248867,15.0,3.0,3.5,0.8,3.31495547632242,11.933839714760712
6,507,21254,33,86.8066,-19.0771,232.4646,1.9068,3.7574,-1.7981,-2.0725,0.1715,0.753,2.7389,0.1632,-0.7016,0.3228,car,507,86.8066,-19.0771,-1.7981,-2.0725,2.7389,0.1632,232.4646,2.743796614182618,9.877667811057426,0.0,0.0,0.0,0.0,0.0,0.0,1,06_501_507_21242_ego_507,1,21242,21242,21242,vehicle_vehicle,0.1472136630802343,2.1028423431522705,3.3779341775027354,14.967492577248867,15.0,3.0,3.5,0.8,3.31495547632242,11.933839714760712
6,501,21255,266,88.7506,-30.8689,154.8181,2.5525,6.5436,-5.9881,2.4778,-1.2382,-1.992,6.4733,-0.3056,0.273,-2.3295,van,507,86.736,-19.1583,-1.791,-2.043,2.712,0.1627,232.1928,2.7168971272390863,9.78082965806071,2.0146000000000015,-11.7106,-4.197100000000001,4.5207999999999995,6.168734152968501,11.88262452154405,0,06_501_507_21242_ego_507,1,21242,21242,21242,vehicle_vehicle,0.1472136630802343,2.1028423431522705,3.3779341775027354,14.967492577248867,15.0,3.0,3.5,0.8,3.31495547632242,11.933839714760712
6,506,21255,91,71.1171,-31.7614,221.359,2.0781,4.4214,-6.5286,-5.8527,2.0564,-1.681,8.7676,-0.079,-0.4327,-2.6205,car,507,86.736,-19.1583,-1.791,-2.043,2.712,0.1627,232.1928,2.7168971272390863,9.78082965806071,-15.61890000000001,-12.603099999999998,-4.7376000000000005,-3.8096999999999994,6.079364099147212,20.069583125217132,0,06_501_507_21242_ego_507,0,21242,21242,21242,vehicle_vehicle,0.1472136630802343,2.1028423431522705,3.3779341775027354,14.967492577248867,15.0,3.0,3.5,0.8,3.31495547632242,11.933839714760712
6,507,21255,34,86.736,-19.1583,232.1928,1.9068,3.7574,-1.791,-2.043,0.129,0.6999,2.712,0.1627,-0.6321,0.3271,car,507,86.736,-19.1583,-1.791,-2.043,2.712,0.1627,232.1928,2.7168971272390863,9.78082965806071,0.0,0.0,0.0,0.0,0.0,0.0,1,06_501_507_21242_ego_507,1,21242,21242,21242,vehicle_vehicle,0.1472136630802343,2.1028423431522705,3.3779341775027354,14.967492577248867,15.0,3.0,3.5,0.8,3.31495547632242,11.933839714760712
6,501,21256,267,88.5111,-30.7713,155.7172,2.5525,6.5436,-6.0371,2.4011,-1.2381,-2.0107,6.4904,-0.294,0.3017,-2.3419,van,507,86.6652,-19.2387,-1.7859,-2.0159,2.6883,0.1626,231.9233,2.693193572693949,9.695496861698217,1.8459000000000003,-11.532599999999999,-4.2512,4.417,6.13046412924829,11.67939251716458,0,06_501_507_21242_ego_507,1,21242,21242,21242,vehicle_vehicle,0.1472136630802343,2.1028423431522705,3.3779341775027354,14.967492577248867,15.0,3.0,3.5,0.8,3.31495547632242,11.933839714760712
6,506,21256,92,70.8587,-31.9971,222.0093,2.0781,4.4214,-6.4428,-5.9232,2.1303,-1.7014,8.7513,-0.0893,-0.4442,-2.6899,car,507,86.6652,-19.2387,-1.7859,-2.0159,2.6883,0.1626,231.9233,2.693193572693949,9.695496861698217,-15.8065,-12.758399999999998,-4.6569,-3.9072999999999998,6.078956398922434,20.313104460175456,0,06_501_507_21242_ego_507,0,21242,21242,21242,vehicle_vehicle,0.1472136630802343,2.1028423431522705,3.3779341775027354,14.967492577248867,15.0,3.0,3.5,0.8,3.31495547632242,11.933839714760712
6,507,21256,35,86.6652,-19.2387,231.9233,1.9068,3.7574,-1.7859,-2.0159,0.0865,0.6476,2.6883,0.1626,-0.5631,0.3313,car,507,86.6652,-19.2387,-1.7859,-2.0159,2.6883,0.1626,231.9233,2.693193572693949,9.695496861698217,0.0,0.0,0.0,0.0,0.0,0.0,1,06_501_507_21242_ego_507,1,21242,21242,21242,vehicle_vehicle,0.1472136630802343,2.1028423431522705,3.3779341775027354,14.967492577248867,15.0,3.0,3.5,0.8,3.31495547632242,11.933839714760712
6,501,21257,268,88.2692,-30.6768,156.6158,2.5525,6.5436,-6.0862,2.3236,-1.2385,-2.0323,6.5085,-0.2828,0.3301,-2.3569,van,507,86.5939,-19.318,-1.7826,-1.9912,2.6676,0.1627,231.6536,2.672553123887344,9.621191245994439,1.675299999999993,-11.358799999999999,-4.303599999999999,4.3148,6.0941342289122575,11.481679647595117,0,06_501_507_21242_ego_507,1,21242,21242,21242,vehicle_vehicle,0.1472136630802343,2.1028423431522705,3.3779341775027354,14.967492577248867,15.0,3.0,3.5,0.8,3.31495547632242,11.933839714760712
6,506,21257,93,70.6037,-32.2357,222.6709,2.0781,4.4214,-6.3545,-5.9943,2.2008,-1.7186,8.7351,-0.1004,-0.4533,-2.7553,car,507,86.5939,-19.318,-1.7826,-1.9912,2.6676,0.1627,231.6536,2.672553123887344,9.621191245994439,-15.990200000000002,-12.9177,-4.571899999999999,-4.0031,6.076765522874813,20.55610540277511,0,06_501_507_21242_ego_507,0,21242,21242,21242,vehicle_vehicle,0.1472136630802343,2.1028423431522705,3.3779341775027354,14.967492577248867,15.0,3.0,3.5,0.8,3.31495547632242,11.933839714760712
6,507,21257,36,86.5939,-19.318,231.6536,1.9068,3.7574,-1.7826,-1.9912,0.044,0.5964,2.6676,0.1627,-0.495,0.3355,car,507,86.5939,-19.318,-1.7826,-1.9912,2.6676,0.1627,231.6536,2.672553123887344,9.621191245994439,0.0,0.0,0.0,0.0,0.0,0.0,1,06_501_507_21242_ego_507,1,21242,21242,21242,vehicle_vehicle,0.1472136630802343,2.1028423431522705,3.3779341775027354,14.967492577248867,15.0,3.0,3.5,0.8,3.31495547632242,11.933839714760712
6,501,21258,269,88.0253,-30.585,157.5243,2.5525,6.5436,-6.1356,2.2451,-1.2391,-2.0569,6.5278,-0.271,0.3587,-2.3744,van,507,86.5226,-19.3963,-1.7809,-1.9689,2.6499,0.1632,231.3951,2.6548393586053374,9.557421690979215,1.5027000000000044,-11.1887,-4.3547,4.214,6.059802644476139,11.289159179496055,0,06_501_507_21242_ego_507,1,21242,21242,21242,vehicle_vehicle,0.1472136630802343,2.1028423431522705,3.3779341775027354,14.967492577248867,15.0,3.0,3.5,0.8,3.31495547632242,11.933839714760712
6,506,21258,94,70.3522,-32.4769,223.3391,2.0781,4.4214,-6.2636,-6.0662,2.2683,-1.7328,8.7189,-0.1131,-0.4605,-2.817,car,507,86.5226,-19.3963,-1.7809,-1.9689,2.6499,0.1632,231.3951,2.6548393586053374,9.557421690979215,-16.1704,-13.0806,-4.4827,-4.097300000000001,6.073093658095519,20.798652180369768,0,06_501_507_21242_ego_507,0,21242,21242,21242,vehicle_vehicle,0.1472136630802343,2.1028423431522705,3.3779341775027354,14.967492577248867,15.0,3.0,3.5,0.8,3.31495547632242,11.933839714760712
6,507,21258,37,86.5226,-19.3963,231.3951,1.9068,3.7574,-1.7809,-1.9689,0.0017,0.5465,2.6499,0.1632,-0.4282,0.3397,car,507,86.5226,-19.3963,-1.7809,-1.9689,2.6499,0.1632,231.3951,2.6548393586053374,9.557421690979215,0.0,0.0,0.0,0.0,0.0,0.0,1,06_501_507_21242_ego_507,1,21242,21242,21242,vehicle_vehicle,0.1472136630802343,2.1028423431522705,3.3779341775027354,14.967492577248867,15.0,3.0,3.5,0.8,3.31495547632242,11.933839714760712
6,501,21259,270,87.7793,-30.4959,158.4309,2.5525,6.5436,-6.1851,2.1652,-1.2399,-2.084,6.548,-0.2602,0.3869,-2.3939,van,507,86.4514,-19.4744,-1.781,-1.9487,2.635,0.1632,231.119,2.6399607364504494,9.503858651221618,1.3278999999999996,-11.0215,-4.404100000000001,4.1139,6.026630071607184,11.10120627049151,0,06_501_507_21242_ego_507,1,21242,21242,21242,vehicle_vehicle,0.1472136630802343,2.1028423431522705,3.3779341775027354,14.967492577248867,15.0,3.0,3.5,0.8,3.31495547632242,11.933839714760712
6,506,21259,95,70.1045,-32.721,224.021,2.0781,4.4214,-6.1705,-6.1386,2.3333,-1.7438,8.703,-0.1261,-0.4661,-2.8754,car,507,86.4514,-19.4744,-1.781,-1.9487,2.635,0.1632,231.119,2.6399607364504494,9.503858651221618,-16.346900000000005,-13.246599999999997,-4.3895,-4.1899,6.0681934923006535,21.04028400877707,0,06_501_507_21242_ego_507,0,21242,21242,21242,vehicle_vehicle,0.1472136630802343,2.1028423431522705,3.3779341775027354,14.967492577248867,15.0,3.0,3.5,0.8,3.31495547632242,11.933839714760712
6,507,21259,38,86.4514,-19.4744,231.119,1.9068,3.7574,-1.781,-1.9487,-0.0405,0.4983,2.635,0.1632,-0.3625,0.3443,car,507,86.4514,-19.4744,-1.781,-1.9487,2.635,0.1632,231.119,2.6399607364504494,9.503858651221618,0.0,0.0,0.0,0.0,0.0,0.0,1,06_501_507_21242_ego_507,1,21242,21242,21242,vehicle_vehicle,0.1472136630802343,2.1028423431522705,3.3779341775027354,14.967492577248867,15.0,3.0,3.5,0.8,3.31495547632242,11.933839714760712
6,501,21260,271,87.5313,-30.4094,159.3336,2.5525,6.5436,-6.2349,2.0836,-1.2405,-2.1132,6.5691,-0.2509,0.4149,-2.415,van,507,86.3802,-19.5519,-1.7828,-1.9305,2.6227,0.1635,230.8455,2.6277758827571276,9.459993177925659,1.1510999999999996,-10.857500000000002,-4.4521,4.0141,5.99451359327844,10.91834865993938,0,06_501_507_21242_ego_507,1,21242,21242,21242,vehicle_vehicle,0.1472136630802343,2.1028423431522705,3.3779341775027354,14.967492577248867,15.0,3.0,3.5,0.8,3.31495547632242,11.933839714760712
6,506,21260,96,69.8607,-32.9679,224.7083,2.0781,4.4214,-6.0753,-6.2115,2.3961,-1.7517,8.6874,-0.1405,-0.4706,-2.9306,car,507,86.3802,-19.5519,-1.7828,-1.9305,2.6227,0.1635,230.8455,2.6277758827571276,9.459993177925659,-16.519500000000008,-13.416,-4.2925,-4.281,6.06238544221662,21.28104640871779,0,06_501_507_21242_ego_507,0,21242,21242,21242,vehicle_vehicle,0.1472136630802343,2.1028423431522705,3.3779341775027354,14.967492577248867,15.0,3.0,3.5,0.8,3.31495547632242,11.933839714760712
6,507,21260,39,86.3802,-19.5519,230.8455,1.9068,3.7574,-1.7828,-1.9305,-0.0825,0.4518,2.6227,0.1635,-0.2982,0.3493,car,507,86.3802,-19.5519,-1.7828,-1.9305,2.6227,0.1635,230.8455,2.6277758827571276,9.459993177925659,0.0,0.0,0.0,0.0,0.0,0.0,1,06_501_507_21242_ego_507,1,21242,21242,21242,vehicle_vehicle,0.1472136630802343,2.1028423431522705,3.3779341775027354,14.967492577248867,15.0,3.0,3.5,0.8,3.31495547632242,11.933839714760712
6,501,21261,272,87.2818,-30.3259,160.235,2.5525,6.5436,-6.2851,2.0001,-1.2408,-2.1438,6.5912,-0.2431,0.4428,-2.4371,van,507,86.3091,-19.6289,-1.7864,-1.9141,2.613,0.1642,230.5721,2.618206212275878,9.425542364193161,0.9727000000000032,-10.697,-4.4986999999999995,3.9142,5.963158838233306,10.74113375254214,0,06_501_507_21242_ego_507,1,21242,21242,21242,vehicle_vehicle,0.1472136630802343,2.1028423431522705,3.3779341775027354,14.967492577248867,15.0,3.0,3.5,0.8,3.31495547632242,11.933839714760712
6,506,21261,97,69.6204,-33.2174,225.422,2.0781,4.4214,-5.9778,-6.2848,2.4572,-1.7564,8.6723,-0.1532,-0.4736,-2.983,car,507,86.3091,-19.6289,-1.7864,-1.9141,2.613,0.1642,230.5721,2.618206212275878,9.425542364193161,-16.688699999999997,-13.588499999999996,-4.1914,-4.370699999999999,6.055646328014871,21.5211533134263,0,06_501_507_21242_ego_507,0,21242,21242,21242,vehicle_vehicle,0.1472136630802343,2.1028423431522705,3.3779341775027354,14.967492577248867,15.0,3.0,3.5,0.8,3.31495547632242,11.933839714760712
6,507,21261,40,86.3091,-19.6289,230.5721,1.9068,3.7574,-1.7864,-1.9141,-0.1244,0.4069,2.613,0.1642,-0.2353,0.3545,car,507,86.3091,-19.6289,-1.7864,-1.9141,2.613,0.1642,230.5721,2.618206212275878,9.425542364193161,0.0,0.0,0.0,0.0,0.0,0.0,1,06_501_507_21242_ego_507,1,21242,21242,21242,vehicle_vehicle,0.1472136630802343,2.1028423431522705,3.3779341775027354,14.967492577248867,15.0,3.0,3.5,0.8,3.31495547632242,11.933839714760712
6,501,21262,273,87.0304,-30.2458,161.124,2.5525,6.5436,-6.3356,1.9147,-1.2404,-2.1751,6.6143,-0.238,0.47,-2.4594,van,507,86.2377,-19.7057,-1.7917,-1.8992,2.6057,0.1658,230.3092,2.6109671637153924,9.399481789375413,0.7926999999999964,-10.540099999999999,-4.543900000000001,3.8139000000000003,5.932357071181741,10.56986666424889,0,06_501_507_21242_ego_507,1,21242,21242,21242,vehicle_vehicle,0.1472136630802343,2.1028423431522705,3.3779341775027354,14.967492577248867,15.0,3.0,3.5,0.8,3.31495547632242,11.933839714760712
6,506,21262,98,69.3841,-33.4694,226.1589,2.0781,4.4214,-5.8783,-6.3586,2.5168,-1.7577,8.6579,-0.1646,-0.4755,-3.0327,car,507,86.2377,-19.7057,-1.7917,-1.8992,2.6057,0.1658,230.3092,2.6109671637153924,9.399481789375413,-16.8536,-13.7637,-4.086600000000001,-4.4594000000000005,6.048681502608647,21.75967073854749,0,06_501_507_21242_ego_507,0,21242,21242,21242,vehicle_vehicle,0.1472136630802343,2.1028423431522705,3.3779341775027354,14.967492577248867,15.0,3.0,3.5,0.8,3.31495547632242,11.933839714760712
6,507,21262,41,86.2377,-19.7057,230.3092,1.9068,3.7574,-1.7917,-1.8992,-0.1659,0.3636,2.6057,0.1658,-0.1738,0.3598,car,507,86.2377,-19.7057,-1.7917,-1.8992,2.6057,0.1658,230.3092,2.6109671637153924,9.399481789375413,0.0,0.0,0.0,0.0,0.0,0.0,1,06_501_507_21242_ego_507,1,21242,21242,21242,vehicle_vehicle,0.1472136630802343,2.1028423431522705,3.3779341775027354,14.967492577248867,15.0,3.0,3.5,0.8,3.31495547632242,11.933839714760712
6,501,21263,274,86.7767,-30.1692,162.0058,2.5525,6.5436,-6.3864,1.8273,-1.2389,-2.2063,6.6385,-0.235,0.4967,-2.4811,van,507,86.1657,-19.7819,-1.7986,-1.8858,2.6007,0.1667,230.0238,2.6059937835689477,9.381577620848212,0.6110000000000042,-10.3873,-4.5878,3.7131,5.902119996238639,10.405254551907896,0,06_501_507_21242_ego_507,1,21242,21242,21242,vehicle_vehicle,0.1472136630802343,2.1028423431522705,3.3779341775027354,14.967492577248867,15.0,3.0,3.5,0.8,3.31495547632242,11.933839714760712
6,506,21263,99,69.1517,-33.7247,226.9154,2.0781,4.4214,-5.7766,-6.4327,2.5753,-1.7553,8.644,-0.1751,-0.4771,-3.0798,car,507,86.1657,-19.7819,-1.7986,-1.8858,2.6007,0.1667,230.0238,2.6059937835689477,9.381577620848212,-17.013999999999996,-13.942799999999998,-3.978,-4.5469,6.04142231680587,21.997224093962398,0,06_501_507_21242_ego_507,0,21242,21242,21242,vehicle_vehicle,0.1472136630802343,2.1028423431522705,3.3779341775027354,14.967492577248867,15.0,3.0,3.5,0.8,3.31495547632242,11.933839714760712
6,507,21263,42,86.1657,-19.7819,230.0238,1.9068,3.7574,-1.7986,-1.8858,-0.2071,0.3215,2.6007,0.1667,-0.1133,0.3653,car,507,86.1657,-19.7819,-1.7986,-1.8858,2.6007,0.1667,230.0238,2.6059937835689477,9.381577620848212,0.0,0.0,0.0,0.0,0.0,0.0,1,06_501_507_21242_ego_507,1,21242,21242,21242,vehicle_vehicle,0.1472136630802343,2.1028423431522705,3.3779341775027354,14.967492577248867,15.0,3.0,3.5,0.8,3.31495547632242,11.933839714760712
6,501,21264,275,86.5205,-30.0962,162.8787,2.5525,6.5436,-6.4373,1.738,-1.2362,-2.2368,6.6637,-0.2341,0.5229,-2.5016,van,507,86.0929,-19.8578,-1.8068,-1.8739,2.5977,0.1675,229.7335,2.6030803771685576,9.371089357806808,0.4275999999999982,-10.238399999999999,-4.6305,3.6119,5.872593282358314,10.24732532517632,0,06_501_507_21242_ego_507,1,21242,21242,21242,vehicle_vehicle,0.1472136630802343,2.1028423431522705,3.3779341775027354,14.967492577248867,15.0,3.0,3.5,0.8,3.31495547632242,11.933839714760712
6,506,21264,100,68.9233,-33.9831,227.7025,2.0781,4.4214,-5.6729,-6.5068,2.6329,-1.7491,8.6305,-0.1829,-0.4781,-3.1246,car,507,86.0929,-19.8578,-1.8068,-1.8739,2.5977,0.1675,229.7335,2.6030803771685576,9.371089357806808,-17.169600000000003,-14.1253,-3.8661000000000003,-4.6329,6.034110673496137,22.233291799686345,0,06_501_507_21242_ego_507,0,21242,21242,21242,vehicle_vehicle,0.1472136630802343,2.1028423431522705,3.3779341775027354,14.967492577248867,15.0,3.0,3.5,0.8,3.31495547632242,11.933839714760712
6,507,21264,43,86.0929,-19.8578,229.7335,1.9068,3.7574,-1.8068,-1.8739,-0.2482,0.2806,2.5977,0.1675,-0.0536,0.3707,car,507,86.0929,-19.8578,-1.8068,-1.8739,2.5977,0.1675,229.7335,2.6030803771685576,9.371089357806808,0.0,0.0,0.0,0.0,0.0,0.0,1,06_501_507_21242_ego_507,1,21242,21242,21242,vehicle_vehicle,0.1472136630802343,2.1028423431522705,3.3779341775027354,14.967492577248867,15.0,3.0,3.5,0.8,3.31495547632242,11.933839714760712
6,501,21265,276,86.2616,-30.027,163.7432,2.5525,6.5436,-6.4878,1.6468,-1.2322,-2.266,6.6895,-0.2352,0.5486,-2.5203,van,507,86.0194,-19.9332,-1.8163,-1.8633,2.5967,0.1684,229.442,2.602082354576811,9.36749647647652,0.24219999999999686,-10.093800000000002,-4.6715,3.5101,5.843262296012391,10.096705367593929,0,06_501_507_21242_ego_507,1,21242,21242,21242,vehicle_vehicle,0.1472136630802343,2.1028423431522705,3.3779341775027354,14.967492577248867,15.0,3.0,3.5,0.8,3.31495547632242,11.933839714760712
6,506,21265,101,68.6989,-34.2442,228.513,2.0781,4.4214,-5.567,-6.5809,2.6899,-1.7389,8.6176,-0.1892,-0.4793,-3.167,car,507,86.0194,-19.9332,-1.8163,-1.8633,2.5967,0.1684,229.442,2.602082354576811,9.36749647647652,-17.32050000000001,-14.311,-3.7507,-4.7176,6.0268980620216235,22.467853507845387,0,06_501_507_21242_ego_507,0,21242,21242,21242,vehicle_vehicle,0.1472136630802343,2.1028423431522705,3.3779341775027354,14.967492577248867,15.0,3.0,3.5,0.8,3.31495547632242,11.933839714760712
6,507,21265,44,86.0194,-19.9332,229.442,1.9068,3.7574,-1.8163,-1.8633,-0.2896,0.2404,2.5967,0.1684,0.0057,0.3763,car,507,86.0194,-19.9332,-1.8163,-1.8633,2.5967,0.1684,229.442,2.602082354576811,9.36749647647652,0.0,0.0,0.0,0.0,0.0,0.0,1,06_501_507_21242_ego_507,1,21242,21242,21242,vehicle_vehicle,0.1472136630802343,2.1028423431522705,3.3779341775027354,14.967492577248867,15.0,3.0,3.5,0.8,3.31495547632242,11.933839714760712
6,501,21266,277,86.0001,-29.9618,164.5887,2.5525,6.5436,-6.5379,1.5541,-1.2273,-2.2932,6.7158,-0.2392,0.5738,-2.537,van,507,85.9452,-20.0074,-1.8269,-1.8544,2.5977,0.1686,229.1404,2.60314482309379,9.371321363137644,0.0549000000000035,-9.9544,-4.710999999999999,3.4085,5.8147565082297294,9.95455138969105,0,06_501_507_21242_ego_507,1,21242,21242,21242,vehicle_vehicle,0.1472136630802343,2.1028423431522705,3.3779341775027354,14.967492577248867,15.0,3.0,3.5,0.8,3.31495547632242,11.933839714760712
6,506,21266,102,68.4788,-34.5083,229.3487,2.0781,4.4214,-5.459,-6.6548,2.7464,-1.7245,8.6052,-0.1936,-0.4808,-3.2071,car,507,85.9452,-20.0074,-1.8269,-1.8544,2.5977,0.1686,229.1404,2.60314482309379,9.371321363137644,-17.466399999999993,-14.500899999999998,-3.6320999999999994,-4.8004,6.019633757131741,22.701348633286077,0,06_501_507_21242_ego_507,0,21242,21242,21242,vehicle_vehicle,0.1472136630802343,2.1028423431522705,3.3779341775027354,14.967492577248867,15.0,3.0,3.5,0.8,3.31495547632242,11.933839714760712
6,507,21266,45,85.9452,-20.0074,229.1404,1.9068,3.7574,-1.8269,-1.8544,-0.3316,0.2008,2.5977,0.1686,0.0651,0.3822,car,507,85.9452,-20.0074,-1.8269,-1.8544,2.5977,0.1686,229.1404,2.60314482309379,9.371321363137644,0.0,0.0,0.0,0.0,0.0,0.0,1,06_501_507_21242_ego_507,1,21242,21242,21242,vehicle_vehicle,0.1472136630802343,2.1028423431522705,3.3779341775027354,14.967492577248867,15.0,3.0,3.5,0.8,3.31495547632242,11.933839714760712
6,501,21267,278,85.7376,-29.9011,165.4226,2.5525,6.5436,-6.5877,1.4601,-1.2217,-2.3183,6.7431,-0.2449,0.5989,-2.5512,van,507,85.871,-20.0814,-1.8389,-1.8471,2.6009,0.1694,228.8541,2.6064020449654346,9.383047361875565,-0.13339999999999463,-9.819700000000001,-4.7488,3.3072,5.786939889095099,9.820606073455956,0,06_501_507_21242_ego_507,1,21242,21242,21242,vehicle_vehicle,0.1472136630802343,2.1028423431522705,3.3779341775027354,14.967492577248867,15.0,3.0,3.5,0.8,3.31495547632242,11.933839714760712
6,506,21267,103,68.2625,-34.7755,230.2148,2.0781,4.4214,-5.3487,-6.7282,2.8025,-1.7057,8.593,-0.1952,-0.4826,-3.2451,car,507,85.871,-20.0814,-1.8389,-1.8471,2.6009,0.1694,228.8541,2.6064020449654346,9.383047361875565,-17.608499999999992,-14.694100000000002,-3.5098000000000003,-4.8811,6.0119741557994075,22.93416331719995,0,06_501_507_21242_ego_507,0,21242,21242,21242,vehicle_vehicle,0.1472136630802343,2.1028423431522705,3.3779341775027354,14.967492577248867,15.0,3.0,3.5,0.8,3.31495547632242,11.933839714760712
6,507,21267,46,85.871,-20.0814,228.8541,1.9068,3.7574,-1.8389,-1.8471,-0.3748,0.162,2.6009,0.1694,0.1246,0.3888,car,507,85.871,-20.0814,-1.8389,-1.8471,2.6009,0.1694,228.8541,2.6064020449654346,9.383047361875565,0.0,0.0,0.0,0.0,0.0,0.0,1,06_501_507_21242_ego_507,1,21242,21242,21242,vehicle_vehicle,0.1472136630802343,2.1028423431522705,3.3779341775027354,14.967492577248867,15.0,3.0,3.5,0.8,3.31495547632242,11.933839714760712
6,501,21268,279,85.4728,-29.8443,166.236,2.5525,6.5436,-6.6372,1.365,-1.2154,-2.3411,6.7714,-0.2533,0.6235,-2.5631,van,507,85.7966,-20.1551,-1.8523,-1.8413,2.6063,0.17,228.5601,2.6117811891504235,9.402412280941524,-0.32379999999999143,-9.6892,-4.7849,3.2062999999999997,5.7598287908582835,9.694608969937878,0,06_501_507_21242_ego_507,1,21242,21242,21242,vehicle_vehicle,0.1472136630802343,2.1028423431522705,3.3779341775027354,14.967492577248867,15.0,3.0,3.5,0.8,3.31495547632242,11.933839714760712
6,506,21268,104,68.0506,-35.0458,231.1177,2.0781,4.4214,-5.2361,-6.801,2.8581,-1.6824,8.5809,-0.1932,-0.4844,-3.281,car,507,85.7966,-20.1551,-1.8523,-1.8413,2.6063,0.17,228.5601,2.6117811891504235,9.402412280941524,-17.745999999999995,-14.890699999999999,-3.3838000000000004,-4.9597,6.004059171094169,23.16578214716697,0,06_501_507_21242_ego_507,0,21242,21242,21242,vehicle_vehicle,0.1472136630802343,2.1028423431522705,3.3779341775027354,14.967492577248867,15.0,3.0,3.5,0.8,3.31495547632242,11.933839714760712
6,507,21268,47,85.7966,-20.1551,228.5601,1.9068,3.7574,-1.8523,-1.8413,-0.4194,0.1239,2.6063,0.17,0.1847,0.3964,car,507,85.7966,-20.1551,-1.8523,-1.8413,2.6063,0.17,228.5601,2.6117811891504235,9.402412280941524,0.0,0.0,0.0,0.0,0.0,0.0,1,06_501_507_21242_ego_507,1,21242,21242,21242,vehicle_vehicle,0.1472136630802343,2.1028423431522705,3.3779341775027354,14.967492577248867,15.0,3.0,3.5,0.8,3.31495547632242,11.933839714760712
6,501,21269,280,85.2061,-29.7916,167.0316,2.5525,6.5436,-6.6864,1.269,-1.2085,-2.3616,6.8006,-0.2638,0.6477,-2.5726,van,507,85.7222,-20.2288,-1.8676,-1.837,2.6141,0.171,228.2701,2.6196371428119583,9.43069371412305,-0.5160999999999945,-9.5628,-4.8187999999999995,3.106,5.733068065181156,9.576716715555492,0,06_501_507_21242_ego_507,1,21242,21242,21242,vehicle_vehicle,0.1472136630802343,2.1028423431522705,3.3779341775027354,14.967492577248867,15.0,3.0,3.5,0.8,3.31495547632242,11.933839714760712
6,506,21269,105,67.8428,-35.3191,232.0361,2.0781,4.4214,-5.121,-6.8728,2.913,-1.6546,8.5688,-0.1906,-0.4875,-3.3145,car,507,85.7222,-20.2288,-1.8676,-1.837,2.6141,0.171,228.2701,2.6196371428119583,9.43069371412305,-17.879400000000004,-15.0903,-3.2534000000000005,-5.0358,5.995322610168698,23.396369343340435,0,06_501_507_21242_ego_507,0,21242,21242,21242,vehicle_vehicle,0.1472136630802343,2.1028423431522705,3.3779341775027354,14.967492577248867,15.0,3.0,3.5,0.8,3.31495547632242,11.933839714760712
6,507,21269,48,85.7222,-20.2288,228.2701,1.9068,3.7574,-1.8676,-1.837,-0.4656,0.0865,2.6141,0.171,0.2453,0.405,car,507,85.7222,-20.2288,-1.8676,-1.837,2.6141,0.171,228.2701,2.6196371428119583,9.43069371412305,0.0,0.0,0.0,0.0,0.0,0.0,1,06_501_507_21242_ego_507,1,21242,21242,21242,vehicle_vehicle,0.1472136630802343,2.1028423431522705,3.3779341775027354,14.967492577248867,15.0,3.0,3.5,0.8,3.31495547632242,11.933839714760712
6,501,21270,281,84.9377,-29.7425,167.8193,2.5525,6.5436,-6.7352,1.1721,-1.2011,-2.3796,6.8309,-0.2754,0.672,-2.5795,van,507,85.647,-20.3022,-1.8846,-1.8343,2.6242,0.1729,227.9924,2.629899931556332,9.467639753602796,-0.7092999999999989,-9.4403,-4.8506,3.0064,5.706729476679265,9.466909241140955,0,06_501_507_21242_ego_507,1,21242,21242,21242,vehicle_vehicle,0.1472136630802343,2.1028423431522705,3.3779341775027354,14.967492577248867,15.0,3.0,3.5,0.8,3.31495547632242,11.933839714760712
6,506,21270,106,67.6399,-35.5952,232.9709,2.0781,4.4214,-5.0035,-6.9437,2.9671,-1.6221,8.5565,-0.1872,-0.4919,-3.3456,car,507,85.647,-20.3022,-1.8846,-1.8343,2.6242,0.1729,227.9924,2.629899931556332,9.467639753602796,-18.00710000000001,-15.293,-3.1189,-5.1094,5.986109385068068,23.62480686503067,0,06_501_507_21242_ego_507,0,21242,21242,21242,vehicle_vehicle,0.1472136630802343,2.1028423431522705,3.3779341775027354,14.967492577248867,15.0,3.0,3.5,0.8,3.31495547632242,11.933839714760712
6,507,21270,49,85.647,-20.3022,227.9924,1.9068,3.7574,-1.8846,-1.8343,-0.5132,0.0497,2.6242,0.1729,0.3065,0.4147,car,507,85.647,-20.3022,-1.8846,-1.8343,2.6242,0.1729,227.9924,2.629899931556332,9.467639753602796,0.0,0.0,0.0,0.0,0.0,0.0,1,06_501_507_21242_ego_507,1,21242,21242,21242,vehicle_vehicle,0.1472136630802343,2.1028423431522705,3.3779341775027354,14.967492577248867,15.0,3.0,3.5,0.8,3.31495547632242,11.933839714760712
6,501,21271,282,84.6673,-29.6974,168.6047,2.5525,6.5436,-6.7838,1.0745,-1.1932,-2.3952,6.8623,-0.287,0.6964,-2.5838,van,507,85.5716,-20.3757,-1.9038,-1.8329,2.6368,0.1755,227.7199,2.6427214855145063,9.513797347852222,-0.9043000000000063,-9.3217,-4.880000000000001,2.9074,5.6804379021339555,9.365460446769289,0,06_501_507_21242_ego_507,1,21242,21242,21242,vehicle_vehicle,0.1472136630802343,2.1028423431522705,3.3779341775027354,14.967492577248867,15.0,3.0,3.5,0.8,3.31495547632242,11.933839714760712
6,506,21271,107,67.441,-35.875,233.9087,2.0781,4.4214,-4.8834,-7.0129,3.02,-1.5852,8.5437,-0.1849,-0.4981,-3.3742,car,507,85.5716,-20.3757,-1.9038,-1.8329,2.6368,0.1755,227.7199,2.6427214855145063,9.513797347852222,-18.1306,-15.499300000000002,-2.9796,-5.18,5.975819287762976,23.85260901557731,0,06_501_507_21242_ego_507,0,21242,21242,21242,vehicle_vehicle,0.1472136630802343,2.1028423431522705,3.3779341775027354,14.967492577248867,15.0,3.0,3.5,0.8,3.31495547632242,11.933839714760712
6,507,21271,50,85.5716,-20.3757,227.7199,1.9068,3.7574,-1.9038,-1.8329,-0.5624,0.0136,2.6368,0.1755,0.3683,0.4253,car,507,85.5716,-20.3757,-1.9038,-1.8329,2.6368,0.1755,227.7199,2.6427214855145063,9.513797347852222,0.0,0.0,0.0,0.0,0.0,0.0,1,06_501_507_21242_ego_507,1,21242,21242,21242,vehicle_vehicle,0.1472136630802343,2.1028423431522705,3.3779341775027354,14.967492577248867,15.0,3.0,3.5,0.8,3.31495547632242,11.933839714760712
6,501,21272,283,84.3947,-29.6564,169.3879,2.5525,6.5436,-6.8319,0.9762,-1.1848,-2.4083,6.8948,-0.2987,0.721,-2.5853,van,507,85.4954,-20.4489,-1.925,-1.833,2.6521,0.1792,227.462,2.6581034592355506,9.569172453247983,-1.1007000000000033,-9.207500000000003,-4.9069,2.8091999999999997,5.654137622131247,9.273057572343658,0,06_501_507_21242_ego_507,1,21242,21242,21242,vehicle_vehicle,0.1472136630802343,2.1028423431522705,3.3779341775027354,14.967492577248867,15.0,3.0,3.5,0.8,3.31495547632242,11.933839714760712
6,506,21272,108,67.2469,-36.1578,234.8462,2.0781,4.4214,-4.7608,-7.0802,3.0713,-1.5441,8.53,-0.1841,-0.5059,-3.4002,car,507,85.4954,-20.4489,-1.925,-1.833,2.6521,0.1792,227.462,2.6581034592355506,9.569172453247983,-18.248500000000007,-15.708900000000003,-2.8358,-5.247199999999999,5.964467241925299,24.078564979250743,0,06_501_507_21242_ego_507,0,21242,21242,21242,vehicle_vehicle,0.1472136630802343,2.1028423431522705,3.3779341775027354,14.967492577248867,15.0,3.0,3.5,0.8,3.31495547632242,11.933839714760712
6,507,21272,51,85.4954,-20.4489,227.462,1.9068,3.7574,-1.925,-1.833,-0.6129,-0.0218,2.6521,0.1792,0.4305,0.4369,car,507,85.4954,-20.4489,-1.925,-1.833,2.6521,0.1792,227.462,2.6581034592355506,9.569172453247983,0.0,0.0,0.0,0.0,0.0,0.0,1,06_501_507_21242_ego_507,1,21242,21242,21242,vehicle_vehicle,0.1472136630802343,2.1028423431522705,3.3779341775027354,14.967492577248867,15.0,3.0,3.5,0.8,3.31495547632242,11.933839714760712
6,501,21273,284,84.1205,-29.6194,170.1675,2.5525,6.5436,-6.8797,0.8775,-1.176,-2.419,6.9285,-0.3103,0.7457,-2.5843,van,507,85.4183,-20.522,-1.9484,-1.8346,2.6699,0.1835,227.2088,2.676195007842291,9.634302028232248,-1.2977999999999952,-9.0974,-4.9313,2.7121,5.627895352616287,9.189503338048254,0,06_501_507_21242_ego_507,1,21242,21242,21242,vehicle_vehicle,0.1472136630802343,2.1028423431522705,3.3779341775027354,14.967492577248867,15.0,3.0,3.5,0.8,3.31495547632242,11.933839714760712
6,506,21273,109,67.0578,-36.4434,235.7836,2.0781,4.4214,-4.6356,-7.1454,3.1205,-1.4993,8.5154,-0.1848,-0.5149,-3.4235,car,507,85.4183,-20.522,-1.9484,-1.8346,2.6699,0.1835,227.2088,2.676195007842291,9.634302028232248,-18.360500000000002,-15.921399999999998,-2.6872000000000003,-5.3108,5.951944260491693,24.302241423580664,0,06_501_507_21242_ego_507,0,21242,21242,21242,vehicle_vehicle,0.1472136630802343,2.1028423431522705,3.3779341775027354,14.967492577248867,15.0,3.0,3.5,0.8,3.31495547632242,11.933839714760712
6,507,21273,52,85.4183,-20.522,227.2088,1.9068,3.7574,-1.9484,-1.8346,-0.6646,-0.0566,2.6699,0.1835,0.493,0.4493,car,507,85.4183,-20.522,-1.9484,-1.8346,2.6699,0.1835,227.2088,2.676195007842291,9.634302028232248,0.0,0.0,0.0,0.0,0.0,0.0,1,06_501_507_21242_ego_507,1,21242,21242,21242,vehicle_vehicle,0.1472136630802343,2.1028423431522705,3.3779341775027354,14.967492577248867,15.0,3.0,3.5,0.8,3.31495547632242,11.933839714760712
6,501,21274,285,83.8444,-29.5869,170.934,2.5525,6.5436,-6.9272,0.7785,-1.1668,-2.4274,6.9633,-0.3227,0.7697,-2.5809,van,507,85.3398,-20.5949,-1.9739,-1.8378,2.6905,0.1874,226.9395,2.6969964868349385,9.70918735260578,-1.4954000000000036,-8.992,-4.9533000000000005,2.6163,5.6018038683981075,9.115496978223405,0,06_501_507_21242_ego_507,1,21242,21242,21242,vehicle_vehicle,0.1472136630802343,2.1028423431522705,3.3779341775027354,14.967492577248867,15.0,3.0,3.5,0.8,3.31495547632242,11.933839714760712
6,506,21274,110,66.874,-36.731,236.7435,2.0781,4.4214,-4.5081,-7.2086,3.1673,-1.4512,8.5002,-0.1833,-0.5233,-3.4444,car,507,85.3398,-20.5949,-1.9739,-1.8378,2.6905,0.1874,226.9395,2.6969964868349385,9.70918735260578,-18.4658,-16.136100000000003,-2.5342,-5.370799999999999,5.938658289546553,24.522632257773637,0,06_501_507_21242_ego_507,0,21242,21242,21242,vehicle_vehicle,0.1472136630802343,2.1028423431522705,3.3779341775027354,14.967492577248867,15.0,3.0,3.5,0.8,3.31495547632242,11.933839714760712
6,507,21274,53,85.3398,-20.5949,226.9395,1.9068,3.7574,-1.9739,-1.8378,-0.7174,-0.0905,2.6905,0.1874,0.5559,0.4623,car,507,85.3398,-20.5949,-1.9739,-1.8378,2.6905,0.1874,226.9395,2.6969964868349385,9.70918735260578,0.0,0.0,0.0,0.0,0.0,0.0,1,06_501_507_21242_ego_507,1,21242,21242,21242,vehicle_vehicle,0.1472136630802343,2.1028423431522705,3.3779341775027354,14.967492577248867,15.0,3.0,3.5,0.8,3.31495547632242,11.933839714760712
6,501,21275,286,83.5661,-29.558,171.6951,2.5525,6.5436,-6.9742,0.6794,-1.1572,-2.4337,6.9992,-0.3351,0.7936,-2.5753,van,507,85.2605,-20.6679,-2.0016,-1.8426,2.714,0.1904,226.6436,2.7205840034816053,9.79410241253378,-1.6943999999999875,-8.8901,-4.9726,2.5220000000000002,5.575592772073657,9.050130903473162,0,06_501_507_21242_ego_507,1,21242,21242,21242,vehicle_vehicle,0.1472136630802343,2.1028423431522705,3.3779341775027354,14.967492577248867,15.0,3.0,3.5,0.8,3.31495547632242,11.933839714760712
6,506,21275,111,66.6949,-37.0208,237.7142,2.0781,4.4214,-4.3782,-7.2698,3.2111,-1.4,8.4844,-0.1817,-0.5316,-3.4624,car,507,85.2605,-20.6679,-2.0016,-1.8426,2.714,0.1904,226.6436,2.7205840034816053,9.79410241253378,-18.56559999999999,-16.3529,-2.3766,-5.4272,5.9247554717473365,24.740631393923636,0,06_501_507_21242_ego_507,0,21242,21242,21242,vehicle_vehicle,0.1472136630802343,2.1028423431522705,3.3779341775027354,14.967492577248867,15.0,3.0,3.5,0.8,3.31495547632242,11.933839714760712
6,507,21275,54,85.2605,-20.6679,226.6436,1.9068,3.7574,-2.0016,-1.8426,-0.7712,-0.1234,2.714,0.1904,0.6192,0.476,car,507,85.2605,-20.6679,-2.0016,-1.8426,2.714,0.1904,226.6436,2.7205840034816053,9.79410241253378,0.0,0.0,0.0,0.0,0.0,0.0,1,06_501_507_21242_ego_507,1,21242,21242,21242,vehicle_vehicle,0.1472136630802343,2.1028423431522705,3.3779341775027354,14.967492577248867,15.0,3.0,3.5,0.8,3.31495547632242,11.933839714760712
6,501,21276,287,83.2864,-29.5332,172.4467,2.5525,6.5436,-7.0208,0.5802,-1.1473,-2.4381,7.0362,-0.3477,0.8168,-2.5677,van,507,85.1804,-20.741,-2.0317,-1.849,2.7404,0.1929,226.3315,2.7471086418268933,9.889591110576816,-1.8940000000000055,-8.792200000000001,-4.9891000000000005,2.4292,5.549065817775097,8.99388774891037,0,06_501_507_21242_ego_507,1,21242,21242,21242,vehicle_vehicle,0.1472136630802343,2.1028423431522705,3.3779341775027354,14.967492577248867,15.0,3.0,3.5,0.8,3.31495547632242,11.933839714760712
6,506,21276,112,66.5203,-37.3127,238.6825,2.0781,4.4214,-4.2458,-7.3289,3.2512,-1.3456,8.468,-0.1822,-0.5404,-3.477,car,507,85.1804,-20.741,-2.0317,-1.849,2.7404,0.1929,226.3315,2.7471086418268933,9.889591110576816,-18.6601,-16.5717,-2.2141,-5.4799,5.910291263550384,24.956373392382154,0,06_501_507_21242_ego_507,0,21242,21242,21242,vehicle_vehicle,0.1472136630802343,2.1028423431522705,3.3779341775027354,14.967492577248867,15.0,3.0,3.5,0.8,3.31495547632242,11.933839714760712
6,507,21276,55,85.1804,-20.741,226.3315,1.9068,3.7574,-2.0317,-1.849,-0.8259,-0.1549,2.7404,0.1929,0.6823,0.4905,car,507,85.1804,-20.741,-2.0317,-1.849,2.7404,0.1929,226.3315,2.7471086418268933,9.889591110576816,0.0,0.0,0.0,0.0,0.0,0.0,1,06_501_507_21242_ego_507,1,21242,21242,21242,vehicle_vehicle,0.1472136630802343,2.1028423431522705,3.3779341775027354,14.967492577248867,15.0,3.0,3.5,0.8,3.31495547632242,11.933839714760712
6,501,21277,288,83.0052,-29.5118,173.1887,2.5525,6.5436,-7.0673,0.4808,-1.1369,-2.4406,7.0745,-0.3607,0.8394,-2.5582,van,507,85.0991,-20.8146,-2.0642,-1.8569,2.7696,0.196,226.0206,2.77650846388049,9.995430469969765,-2.093900000000005,-8.697200000000002,-5.0031,2.3377,5.522304853953646,8.945708750568624,0,06_501_507_21242_ego_507,1,21242,21242,21242,vehicle_vehicle,0.1472136630802343,2.1028423431522705,3.3779341775027354,14.967492577248867,15.0,3.0,3.5,0.8,3.31495547632242,11.933839714760712
6,506,21277,113,66.3509,-37.6071,239.6541,2.0781,4.4214,-4.1109,-7.3858,3.287,-1.2881,8.4507,-0.1838,-0.549,-3.4874,car,507,85.0991,-20.8146,-2.0642,-1.8569,2.7696,0.196,226.0206,2.77650846388049,9.995430469969765,-18.74820000000001,-16.792500000000004,-2.0467,-5.5289,5.895567496009185,25.16908936552931,0,06_501_507_21242_ego_507,0,21242,21242,21242,vehicle_vehicle,0.1472136630802343,2.1028423431522705,3.3779341775027354,14.967492577248867,15.0,3.0,3.5,0.8,3.31495547632242,11.933839714760712
6,507,21277,56,85.0991,-20.8146,226.0206,1.9068,3.7574,-2.0642,-1.8569,-0.8812,-0.1849,2.7696,0.196,0.745,0.5058,car,507,85.0991,-20.8146,-2.0642,-1.8569,2.7696,0.196,226.0206,2.77650846388049,9.995430469969765,0.0,0.0,0.0,0.0,0.0,0.0,1,06_501_507_21242_ego_507,1,21242,21242,21242,vehicle_vehicle,0.1472136630802343,2.1028423431522705,3.3779341775027354,14.967492577248867,15.0,3.0,3.5,0.8,3.31495547632242,11.933839714760712
6,501,21278,289,82.7223,-29.4944,173.9345,2.5525,6.5436,-7.1137,0.3812,-1.1257,-2.4412,7.1142,-0.3726,0.8614,-2.5465,van,507,85.0165,-20.8887,-2.0992,-1.866,2.8016,0.1993,225.7051,2.8086645652338054,10.1111924348417,-2.2941999999999894,-8.605699999999999,-5.0145,2.2472000000000003,5.4950084704211335,8.906257695014215,0,06_501_507_21242_ego_507,1,21242,21242,21242,vehicle_vehicle,0.1472136630802343,2.1028423431522705,3.3779341775027354,14.967492577248867,15.0,3.0,3.5,0.8,3.31495547632242,11.933839714760712
6,506,21278,114,66.1869,-37.9038,240.6287,2.0781,4.4214,-3.9737,-7.4402,3.3175,-1.2277,8.4328,-0.1863,-0.5572,-3.4932,car,507,85.0165,-20.8887,-2.0992,-1.866,2.8016,0.1993,225.7051,2.8086645652338054,10.1111924348417,-18.8296,-17.015099999999997,-1.8744999999999998,-5.574199999999999,5.880940051556383,25.378484276449605,0,06_501_507_21242_ego_507,0,21242,21242,21242,vehicle_vehicle,0.1472136630802343,2.1028423431522705,3.3779341775027354,14.967492577248867,15.0,3.0,3.5,0.8,3.31495547632242,11.933839714760712
6,507,21278,57,85.0165,-20.8887,225.7051,1.9068,3.7574,-2.0992,-1.866,-0.937,-0.2131,2.8016,0.1993,0.8069,0.5218,car,507,85.0165,-20.8887,-2.0992,-1.866,2.8016,0.1993,225.7051,2.8086645652338054,10.1111924348417,0.0,0.0,0.0,0.0,0.0,0.0,1,06_501_507_21242_ego_507,1,21242,21242,21242,vehicle_vehicle,0.1472136630802343,2.1028423431522705,3.3779341775027354,14.967492577248867,15.0,3.0,3.5,0.8,3.31495547632242,11.933839714760712
6,501,21279,290,82.4372,-29.4808,174.6837,2.5525,6.5436,-7.1597,0.2815,-1.1136,-2.4398,7.155,-0.3831,0.8827,-2.5324,van,507,84.9322,-20.9629,-2.1366,-1.8766,2.8365,0.2024,225.3751,2.8437100977420324,10.237356351871316,-2.4949999999999903,-8.517899999999997,-5.0230999999999995,2.1581,5.46707684416453,8.87578984710656,0,06_501_507_21242_ego_507,1,21242,21242,21242,vehicle_vehicle,0.1472136630802343,2.1028423431522705,3.3779341775027354,14.967492577248867,15.0,3.0,3.5,0.8,3.31495547632242,11.933839714760712
6,506,21279,115,66.0291,-38.2039,241.616,2.0781,4.4214,-3.8346,-7.4917,3.3419,-1.1646,8.4139,-0.1878,-0.5641,-3.4937,car,507,84.9322,-20.9629,-2.1366,-1.8766,2.8365,0.2024,225.3751,2.8437100977420324,10.237356351871316,-18.903099999999995,-17.240999999999996,-1.698,-5.6151,5.866221271823967,25.58474683497962,0,06_501_507_21242_ego_507,0,21242,21242,21242,vehicle_vehicle,0.1472136630802343,2.1028423431522705,3.3779341775027354,14.967492577248867,15.0,3.0,3.5,0.8,3.31495547632242,11.933839714760712
6,507,21279,58,84.9322,-20.9629,225.3751,1.9068,3.7574,-2.1366,-1.8766,-0.9929,-0.2394,2.8365,0.2024,0.8679,0.5385,car,507,84.9322,-20.9629,-2.1366,-1.8766,2.8365,0.2024,225.3751,2.8437100977420324,10.237356351871316,0.0,0.0,0.0,0.0,0.0,0.0,1,06_501_507_21242_ego_507,1,21242,21242,21242,vehicle_vehicle,0.1472136630802343,2.1028423431522705,3.3779341775027354,14.967492577248867,15.0,3.0,3.5,0.8,3.31495547632242,11.933839714760712
6,501,21280,291,82.1501,-29.471,175.4363,2.5525,6.5436,-7.2054,0.1817,-1.1004,-2.4362,7.197,-0.3922,0.9031,-2.516,van,507,84.8467,-21.0377,-2.1765,-1.8884,2.8742,0.2054,225.0337,2.88152855443079,10.373502795950845,-2.6966000000000037,-8.4333,-5.0289,2.0701,5.438303891839809,8.853937002825354,0,06_501_507_21242_ego_507,1,21242,21242,21242,vehicle_vehicle,0.1472136630802343,2.1028423431522705,3.3779341775027354,14.967492577248867,15.0,3.0,3.5,0.8,3.31495547632242,11.933839714760712
6,506,21280,116,65.8773,-38.5054,242.6153,2.0781,4.4214,-3.6942,-7.5403,3.3597,-1.0993,8.3945,-0.1881,-0.5693,-3.4889,car,507,84.8467,-21.0377,-2.1765,-1.8884,2.8742,0.2054,225.0337,2.88152855443079,10.373502795950845,-18.969399999999993,-17.4677,-1.5177,-5.6519,5.852126698901862,25.786792736786786,0,06_501_507_21242_ego_507,0,21242,21242,21242,vehicle_vehicle,0.1472136630802343,2.1028423431522705,3.3779341775027354,14.967492577248867,15.0,3.0,3.5,0.8,3.31495547632242,11.933839714760712
6,507,21280,59,84.8467,-21.0377,225.0337,1.9068,3.7574,-2.1765,-1.8884,-1.0488,-0.2637,2.8742,0.2054,0.9277,0.5557,car,507,84.8467,-21.0377,-2.1765,-1.8884,2.8742,0.2054,225.0337,2.88152855443079,10.373502795950845,0.0,0.0,0.0,0.0,0.0,0.0,1,06_501_507_21242_ego_507,1,21242,21242,21242,vehicle_vehicle,0.1472136630802343,2.1028423431522705,3.3779341775027354,14.967492577248867,15.0,3.0,3.5,0.8,3.31495547632242,11.933839714760712
6,501,21281,292,81.861,-29.4658,176.1907,2.5525,6.5436,-7.2505,0.082,-1.0861,-2.4304,7.2399,-0.3999,0.9223,-2.4971,van,507,84.7597,-21.1131,-2.2191,-1.9013,2.9148,0.2085,224.6808,2.9222160255532104,10.519977691991558,-2.898699999999991,-8.352700000000002,-5.0314,1.9833,5.408184986666044,8.841383318237028,0,06_501_507_21242_ego_507,1,21242,21242,21242,vehicle_vehicle,0.1472136630802343,2.1028423431522705,3.3779341775027354,14.967492577248867,15.0,3.0,3.5,0.8,3.31495547632242,11.933839714760712
6,506,21281,117,65.7314,-38.809,243.6159,2.0781,4.4214,-3.5527,-7.5858,3.3707,-1.0322,8.3744,-0.1884,-0.5732,-3.4783,car,507,84.7597,-21.1131,-2.2191,-1.9013,2.9148,0.2085,224.6808,2.9222160255532104,10.519977691991558,-19.0283,-17.695899999999998,-1.3336000000000001,-5.6845,5.838838001691775,25.985016407537632,0,06_501_507_21242_ego_507,0,21242,21242,21242,vehicle_vehicle,0.1472136630802343,2.1028423431522705,3.3779341775027354,14.967492577248867,15.0,3.0,3.5,0.8,3.31495547632242,11.933839714760712
6,507,21281,60,84.7597,-21.1131,224.6808,1.9068,3.7574,-2.2191,-1.9013,-1.1042,-0.2856,2.9148,0.2085,0.986,0.5734,car,507,84.7597,-21.1131,-2.2191,-1.9013,2.9148,0.2085,224.6808,2.9222160255532104,10.519977691991558,0.0,0.0,0.0,0.0,0.0,0.0,1,06_501_507_21242_ego_507,1,21242,21242,21242,vehicle_vehicle,0.1472136630802343,2.1028423431522705,3.3779341775027354,14.967492577248867,15.0,3.0,3.5,0.8,3.31495547632242,11.933839714760712
6,501,21282,293,81.57,-29.4646,176.942,2.5525,6.5436,-7.295,-0.0174,-1.0708,-2.4224,7.2837,-0.4065,0.94,-2.476,van,507,84.6711,-21.1892,-2.2642,-1.9152,2.9579,0.2127,224.3375,2.965567851188032,10.676044264276916,-3.1011000000000024,-8.275400000000001,-5.030799999999999,1.8978,5.376857212163997,8.837367615415806,0,06_501_507_21242_ego_507,1,21242,21242,21242,vehicle_vehicle,0.1472136630802343,2.1028423431522705,3.3779341775027354,14.967492577248867,15.0,3.0,3.5,0.8,3.31495547632242,11.933839714760712
6,506,21282,118,65.5914,-39.1135,244.6162,2.0781,4.4214,-3.4105,-7.6285,3.3744,-0.9636,8.3541,-0.1889,-0.5759,-3.4617,car,507,84.6711,-21.1892,-2.2642,-1.9152,2.9579,0.2127,224.3375,2.965567851188032,10.676044264276916,-19.079700000000003,-17.924300000000002,-1.1462999999999997,-5.7133,5.8271605932906985,26.178530947705987,0,06_501_507_21242_ego_507,0,21242,21242,21242,vehicle_vehicle,0.1472136630802343,2.1028423431522705,3.3779341775027354,14.967492577248867,15.0,3.0,3.5,0.8,3.31495547632242,11.933839714760712
6,507,21282,61,84.6711,-21.1892,224.3375,1.9068,3.7574,-2.2642,-1.9152,-1.1589,-0.3051,2.9579,0.2127,1.0421,0.5917,car,507,84.6711,-21.1892,-2.2642,-1.9152,2.9579,0.2127,224.3375,2.965567851188032,10.676044264276916,0.0,0.0,0.0,0.0,0.0,0.0,1,06_501_507_21242_ego_507,1,21242,21242,21242,vehicle_vehicle,0.1472136630802343,2.1028423431522705,3.3779341775027354,14.967492577248867,15.0,3.0,3.5,0.8,3.31495547632242,11.933839714760712
6,501,21283,294,81.2771,-29.4673,177.6936,2.5525,6.5436,-7.3388,-0.1164,-1.0544,-2.4122,7.3282,-0.4116,0.9565,-2.4527,van,507,84.5807,-21.2657,-2.3121,-1.9299,3.0038,0.2179,224.001,3.0116972656626695,10.84211015638561,-3.3035999999999888,-8.201600000000003,-5.0267,1.8135,5.343827761071646,8.841946364913099,0,06_501_507_21242_ego_507,1,21242,21242,21242,vehicle_vehicle,0.1472136630802343,2.1028423431522705,3.3779341775027354,14.967492577248867,15.0,3.0,3.5,0.8,3.31495547632242,11.933839714760712
6,506,21283,119,65.4576,-39.4181,245.6204,2.0781,4.4214,-3.2682,-7.6691,3.3707,-0.8933,8.3343,-0.1889,-0.5777,-3.4389,car,507,84.5807,-21.2657,-2.3121,-1.9299,3.0038,0.2179,224.001,3.0116972656626695,10.84211015638561,-19.123099999999994,-18.152400000000004,-0.9561000000000002,-5.7392,5.818293895120804,26.36669450974088,0,06_501_507_21242_ego_507,0,21242,21242,21242,vehicle_vehicle,0.1472136630802343,2.1028423431522705,3.3779341775027354,14.967492577248867,15.0,3.0,3.5,0.8,3.31495547632242,11.933839714760712
6,507,21283,62,84.5807,-21.2657,224.001,1.9068,3.7574,-2.3121,-1.9299,-1.2123,-0.3222,3.0038,0.2179,1.0959,0.6104,car,507,84.5807,-21.2657,-2.3121,-1.9299,3.0038,0.2179,224.001,3.0116972656626695,10.84211015638561,0.0,0.0,0.0,0.0,0.0,0.0,1,06_501_507_21242_ego_507,1,21242,21242,21242,vehicle_vehicle,0.1472136630802343,2.1028423431522705,3.3779341775027354,14.967492577248867,15.0,3.0,3.5,0.8,3.31495547632242,11.933839714760712
6,501,21284,295,80.9823,-29.4734,178.4438,2.5525,6.5436,-7.3818,-0.2152,-1.0372,-2.3998,7.3732,-0.4156,0.9716,-2.4271,van,507,84.4882,-21.3431,-2.3624,-1.9454,3.0521,0.2238,223.6651,3.0603128794291607,11.017126365944979,-3.505900000000011,-8.130300000000002,-5.0194,1.7302,5.309234257404734,8.853988530600212,0,06_501_507_21242_ego_507,1,21242,21242,21242,vehicle_vehicle,0.1472136630802343,2.1028423431522705,3.3779341775027354,14.967492577248867,15.0,3.0,3.5,0.8,3.31495547632242,11.933839714760712
6,506,21284,120,65.3303,-39.7246,246.6257,2.0781,4.4214,-3.1263,-7.7072,3.3599,-0.8209,8.315,-0.188,-0.5795,-3.4098,car,507,84.4882,-21.3431,-2.3624,-1.9454,3.0521,0.2238,223.6651,3.0603128794291607,11.017126365944979,-19.157900000000012,-18.381500000000003,-0.7639,-5.7618,5.812218375973154,26.55004095401739,0,06_501_507_21242_ego_507,0,21242,21242,21242,vehicle_vehicle,0.1472136630802343,2.1028423431522705,3.3779341775027354,14.967492577248867,15.0,3.0,3.5,0.8,3.31495547632242,11.933839714760712
6,507,21284,63,84.4882,-21.3431,223.6651,1.9068,3.7574,-2.3624,-1.9454,-1.2641,-0.3366,3.0521,0.2238,1.1469,0.6293,car,507,84.4882,-21.3431,-2.3624,-1.9454,3.0521,0.2238,223.6651,3.0603128794291607,11.017126365944979,0.0,0.0,0.0,0.0,0.0,0.0,1,06_501_507_21242_ego_507,1,21242,21242,21242,vehicle_vehicle,0.1472136630802343,2.1028423431522705,3.3779341775027354,14.967492577248867,15.0,3.0,3.5,0.8,3.31495547632242,11.933839714760712
6,501,21285,296,80.6855,-29.4834,179.2034,2.5525,6.5436,-7.4237,-0.3137,-1.0193,-2.385,7.4187,-0.4169,0.9861,-2.3989,van,507,84.3938,-21.4213,-2.4152,-1.9614,3.1028,0.2306,223.3308,3.111314995303433,11.20073398309236,-3.708299999999994,-8.062100000000001,-5.0085,1.6477,5.272569348998645,8.874060248837619,0,06_501_507_21242_ego_507,1,21242,21242,21242,vehicle_vehicle,0.1472136630802343,2.1028423431522705,3.3779341775027354,14.967492577248867,15.0,3.0,3.5,0.8,3.31495547632242,11.933839714760712
6,506,21285,121,65.2087,-40.0339,247.6124,2.0781,4.4214,-2.9851,-7.7422,3.3421,-0.7461,8.2956,-0.1887,-0.583,-3.3744,car,507,84.3938,-21.4213,-2.4152,-1.9614,3.1028,0.2306,223.3308,3.111314995303433,11.20073398309236,-19.185100000000006,-18.612600000000004,-0.5699000000000001,-5.7808,5.808823861161569,26.730075584816447,0,06_501_507_21242_ego_507,0,21242,21242,21242,vehicle_vehicle,0.1472136630802343,2.1028423431522705,3.3779341775027354,14.967492577248867,15.0,3.0,3.5,0.8,3.31495547632242,11.933839714760712
6,507,21285,64,84.3938,-21.4213,223.3308,1.9068,3.7574,-2.4152,-1.9614,-1.3138,-0.3485,3.1028,0.2306,1.1948,0.648,car,507,84.3938,-21.4213,-2.4152,-1.9614,3.1028,0.2306,223.3308,3.111314995303433,11.20073398309236,0.0,0.0,0.0,0.0,0.0,0.0,1,06_501_507_21242_ego_507,1,21242,21242,21242,vehicle_vehicle,0.1472136630802343,2.1028423431522705,3.3779341775027354,14.967492577248867,15.0,3.0,3.5,0.8,3.31495547632242,11.933839714760712
6,501,21286,297,80.3868,-29.4965,179.973,2.5525,6.5436,-7.4646,-0.4122,-1.0011,-2.3673,7.4644,-0.4157,1.0,-2.3678,van,507,84.2973,-21.5006,-2.4705,-1.9777,3.1557,0.2369,222.9707,3.1645959520924625,11.392545427532864,-3.910500000000013,-7.9959000000000024,-4.9940999999999995,1.5655000000000001,5.233720002063541,8.900922820696747,0,06_501_507_21242_ego_507,1,21242,21242,21242,vehicle_vehicle,0.1472136630802343,2.1028423431522705,3.3779341775027354,14.967492577248867,15.0,3.0,3.5,0.8,3.31495547632242,11.933839714760712
6,506,21286,122,65.0921,-40.3458,248.5835,2.0781,4.4214,-2.8447,-7.7736,3.3175,-0.6695,8.2756,-0.1902,-0.5881,-3.3329,car,507,84.2973,-21.5006,-2.4705,-1.9777,3.1557,0.2369,222.9707,3.1645959520924625,11.392545427532864,-19.205200000000005,-18.8452,-0.3742000000000001,-5.7959,5.807967152971854,26.906900045899008,0,06_501_507_21242_ego_507,0,21242,21242,21242,vehicle_vehicle,0.1472136630802343,2.1028423431522705,3.3779341775027354,14.967492577248867,15.0,3.0,3.5,0.8,3.31495547632242,11.933839714760712
6,507,21286,65,84.2973,-21.5006,222.9707,1.9068,3.7574,-2.4705,-1.9777,-1.3611,-0.358,3.1557,0.2369,1.2399,0.6658,car,507,84.2973,-21.5006,-2.4705,-1.9777,3.1557,0.2369,222.9707,3.1645959520924625,11.392545427532864,0.0,0.0,0.0,0.0,0.0,0.0,1,06_501_507_21242_ego_507,1,21242,21242,21242,vehicle_vehicle,0.1472136630802343,2.1028423431522705,3.3779341775027354,14.967492577248867,15.0,3.0,3.5,0.8,3.31495547632242,11.933839714760712
6,501,21287,298,80.0867,-29.5139,180.7504,2.5525,6.5436,-7.5045,-0.5104,-0.9829,-2.3464,7.5106,-0.4121,1.0136,-2.3333,van,507,84.1986,-21.5807,-2.5281,-1.9941,3.2107,0.2433,222.5987,3.2198950945644174,11.591622340431902,-4.111900000000006,-7.933199999999999,-4.9764,1.4837,5.192872292864518,8.935512511882015,0,06_501_507_21242_ego_507,1,21242,21242,21242,vehicle_vehicle,0.1472136630802343,2.1028423431522705,3.3779341775027354,14.967492577248867,15.0,3.0,3.5,0.8,3.31495547632242,11.933839714760712
6,506,21287,123,64.9805,-40.6603,249.5142,2.0781,4.4214,-2.7051,-7.8008,3.2862,-0.5919,8.2541,-0.1961,-0.5956,-3.2855,car,507,84.1986,-21.5807,-2.5281,-1.9941,3.2107,0.2433,222.5987,3.2198950945644174,11.591622340431902,-19.218099999999993,-19.0796,-0.17700000000000005,-5.806699999999999,5.809397033255688,27.080740458303566,0,06_501_507_21242_ego_507,0,21242,21242,21242,vehicle_vehicle,0.1472136630802343,2.1028423431522705,3.3779341775027354,14.967492577248867,15.0,3.0,3.5,0.8,3.31495547632242,11.933839714760712
6,507,21287,66,84.1986,-21.5807,222.5987,1.9068,3.7574,-2.5281,-1.9941,-1.4054,-0.3652,3.2107,0.2433,1.2817,0.6824,car,507,84.1986,-21.5807,-2.5281,-1.9941,3.2107,0.2433,222.5987,3.2198950945644174,11.591622340431902,0.0,0.0,0.0,0.0,0.0,0.0,1,06_501_507_21242_ego_507,1,21242,21242,21242,vehicle_vehicle,0.1472136630802343,2.1028423431522705,3.3779341775027354,14.967492577248867,15.0,3.0,3.5,0.8,3.31495547632242,11.933839714760712
6,501,21288,299,79.7847,-29.5353,181.533,2.5525,6.5436,-7.5433,-0.6081,-0.9651,-2.3218,7.5569,-0.4061,1.0269,-2.2952,van,507,84.0964,-21.6603,-2.5876,-2.0109,3.2676,0.2486,222.2021,3.2771012450029673,11.797564482010683,-4.311700000000002,-7.875,-4.9557,1.4028,5.150418461639792,8.978105696080885,0,06_501_507_21242_ego_507,1,21242,21242,21242,vehicle_vehicle,0.1472136630802343,2.1028423431522705,3.3779341775027354,14.967492577248867,15.0,3.0,3.5,0.8,3.31495547632242,11.933839714760712
6,506,21288,124,64.8755,-40.9754,250.4244,2.0781,4.4214,-2.5669,-7.8238,3.248,-0.5145,8.2316,-0.2028,-0.6035,-3.2326,car,507,84.0964,-21.6603,-2.5876,-2.0109,3.2676,0.2486,222.2021,3.2771012450029673,11.797564482010683,-19.2209,-19.3151,0.020700000000000163,-5.812900000000001,5.8129368567016115,27.24914833201214,0,06_501_507_21242_ego_507,0,21242,21242,21242,vehicle_vehicle,0.1472136630802343,2.1028423431522705,3.3779341775027354,14.967492577248867,15.0,3.0,3.5,0.8,3.31495547632242,11.933839714760712
6,507,21288,67,84.0964,-21.6603,222.2021,1.9068,3.7574,-2.5876,-2.0109,-1.4464,-0.3704,3.2676,0.2486,1.3203,0.6973,car,507,84.0964,-21.6603,-2.5876,-2.0109,3.2676,0.2486,222.2021,3.2771012450029673,11.797564482010683,0.0,0.0,0.0,0.0,0.0,0.0,1,06_501_507_21242_ego_507,1,21242,21242,21242,vehicle_vehicle,0.1472136630802343,2.1028423431522705,3.3779341775027354,14.967492577248867,15.0,3.0,3.5,0.8,3.31495547632242,11.933839714760712
6,501,21289,300,79.4817,-29.5614,182.3136,2.5525,6.5436,-7.5812,-0.7049,-0.9479,-2.2934,7.6034,-0.3982,1.0397,-2.2532,van,507,83.9923,-21.7411,-2.6489,-2.0279,3.3263,0.2536,221.7966,3.33602302450088,12.009682888203168,-4.510599999999997,-7.8203,-4.9323,1.323,5.106653727246444,9.02787928862587,0,06_501_507_21242_ego_507,1,21242,21242,21242,vehicle_vehicle,0.1472136630802343,2.1028423431522705,3.3779341775027354,14.967492577248867,15.0,3.0,3.5,0.8,3.31495547632242,11.933839714760712
6,506,21289,125,64.7751,-41.2924,251.322,2.0781,4.4214,-2.4302,-7.8422,3.2031,-0.4384,8.2075,-0.2093,-0.6104,-3.1748,car,507,83.9923,-21.7411,-2.6489,-2.0279,3.3263,0.2536,221.7966,3.33602302450088,12.009682888203168,-19.217200000000005,-19.5513,0.21869999999999967,-5.8143,5.818411654395038,27.414487183421837,0,06_501_507_21242_ego_507,0,21242,21242,21242,vehicle_vehicle,0.1472136630802343,2.1028423431522705,3.3779341775027354,14.967492577248867,15.0,3.0,3.5,0.8,3.31495547632242,11.933839714760712
6,507,21289,68,83.9923,-21.7411,221.7966,1.9068,3.7574,-2.6489,-2.0279,-1.4842,-0.3733,3.3263,0.2536,1.3553,0.7109,car,507,83.9923,-21.7411,-2.6489,-2.0279,3.3263,0.2536,221.7966,3.33602302450088,12.009682888203168,0.0,0.0,0.0,0.0,0.0,0.0,1,06_501_507_21242_ego_507,1,21242,21242,21242,vehicle_vehicle,0.1472136630802343,2.1028423431522705,3.3779341775027354,14.967492577248867,15.0,3.0,3.5,0.8,3.31495547632242,11.933839714760712
6,501,21290,301,79.1771,-29.5911,183.0851,2.5525,6.5436,-7.6181,-0.8006,-0.9316,-2.261,7.6501,-0.3895,1.052,-2.2075,van,507,83.8856,-21.8227,-2.7118,-2.0449,3.3867,0.2573,221.3643,3.396391504229158,12.227009415224968,-4.708500000000001,-7.7684,-4.9063,1.2443000000000002,5.061626436235689,9.083942470645662,0,06_501_507_21242_ego_507,1,21242,21242,21242,vehicle_vehicle,0.1472136630802343,2.1028423431522705,3.3779341775027354,14.967492577248867,15.0,3.0,3.5,0.8,3.31495547632242,11.933839714760712
6,506,21290,126,64.6814,-41.6103,252.2126,2.0781,4.4214,-2.2956,-7.8561,3.1515,-0.3653,8.1818,-0.214,-0.6149,-3.1125,car,507,83.8856,-21.8227,-2.7118,-2.0449,3.3867,0.2573,221.3643,3.396391504229158,12.227009415224968,-19.2042,-19.7876,0.41620000000000035,-5.8111999999999995,5.826085124678492,27.57445215049612,0,06_501_507_21242_ego_507,0,21242,21242,21242,vehicle_vehicle,0.1472136630802343,2.1028423431522705,3.3779341775027354,14.967492577248867,15.0,3.0,3.5,0.8,3.31495547632242,11.933839714760712
6,507,21290,69,83.8856,-21.8227,221.3643,1.9068,3.7574,-2.7118,-2.0449,-1.5184,-0.3741,3.3867,0.2573,1.3868,0.7226,car,507,83.8856,-21.8227,-2.7118,-2.0449,3.3867,0.2573,221.3643,3.396391504229158,12.227009415224968,0.0,0.0,0.0,0.0,0.0,0.0,1,06_501_507_21242_ego_507,1,21242,21242,21242,vehicle_vehicle,0.1472136630802343,2.1028423431522705,3.3779341775027354,14.967492577248867,15.0,3.0,3.5,0.8,3.31495547632242,11.933839714760712
6,501,21291,302,78.8715,-29.6248,183.8502,2.5525,6.5436,-7.6543,-0.8951,-0.9164,-2.2245,7.6971,-0.3791,1.0637,-2.158,van,507,83.7761,-21.9051,-2.7763,-2.0619,3.4483,0.2611,220.9304,3.4582182261968373,12.449585614308614,-4.904600000000002,-7.7197,-4.878,1.1668,5.0156062684385425,9.145975576722257,0,06_501_507_21242_ego_507,1,21242,21242,21242,vehicle_vehicle,0.1472136630802343,2.1028423431522705,3.3779341775027354,14.967492577248867,15.0,3.0,3.5,0.8,3.31495547632242,11.933839714760712
6,506,21291,127,64.5934,-41.9289,253.0898,2.0781,4.4214,-2.1636,-7.8654,3.0938,-0.2967,8.1547,-0.2178,-0.6161,-3.0463,car,507,83.7761,-21.9051,-2.7763,-2.0619,3.4483,0.2611,220.9304,3.4582182261968373,12.449585614308614,-19.182699999999997,-20.023799999999998,0.6126999999999998,-5.8035,5.835753039668488,27.729560864355566,0,06_501_507_21242_ego_507,0,21242,21242,21242,vehicle_vehicle,0.1472136630802343,2.1028423431522705,3.3779341775027354,14.967492577248867,15.0,3.0,3.5,0.8,3.31495547632242,11.933839714760712
6,507,21291,70,83.7761,-21.9051,220.9304,1.9068,3.7574,-2.7763,-2.0619,-1.5489,-0.3728,3.4483,0.2611,1.4145,0.7331,car,507,83.7761,-21.9051,-2.7763,-2.0619,3.4483,0.2611,220.9304,3.4582182261968373,12.449585614308614,0.0,0.0,0.0,0.0,0.0,0.0,1,06_501_507_21242_ego_507,1,21242,21242,21242,vehicle_vehicle,0.1472136630802343,2.1028423431522705,3.3779341775027354,14.967492577248867,15.0,3.0,3.5,0.8,3.31495547632242,11.933839714760712
6,501,21292,303,78.5648,-29.6622,184.5992,2.5525,6.5436,-7.6899,-0.9882,-0.9021,-2.184,7.7444,-0.3684,1.0743,-2.1046,van,507,83.6635,-21.9879,-2.8418,-2.0788,3.511,0.2649,220.5007,3.520970985395932,12.675495547425356,-5.098699999999994,-7.674299999999999,-4.8481,1.0906000000000002,4.969253663277816,9.21366497003228,0,06_501_507_21242_ego_507,1,21242,21242,21242,vehicle_vehicle,0.1472136630802343,2.1028423431522705,3.3779341775027354,14.967492577248867,15.0,3.0,3.5,0.8,3.31495547632242,11.933839714760712
6,506,21292,128,64.5116,-42.2468,253.9532,2.0781,4.4214,-2.0349,-7.8708,3.0305,-0.2339,8.1266,-0.2201,-0.6129,-2.9771,car,507,83.6635,-21.9879,-2.8418,-2.0788,3.511,0.2649,220.5007,3.520970985395932,12.675495547425356,-19.151899999999998,-20.2589,0.8069000000000002,-5.792,5.847935670815813,27.878635239552167,0,06_501_507_21242_ego_507,0,21242,21242,21242,vehicle_vehicle,0.1472136630802343,2.1028423431522705,3.3779341775027354,14.967492577248867,15.0,3.0,3.5,0.8,3.31495547632242,11.933839714760712
6,507,21292,71,83.6635,-21.9879,220.5007,1.9068,3.7574,-2.8418,-2.0788,-1.5759,-0.3695,3.511,0.2649,1.4383,0.7425,car,507,83.6635,-21.9879,-2.8418,-2.0788,3.511,0.2649,220.5007,3.520970985395932,12.675495547425356,0.0,0.0,0.0,0.0,0.0,0.0,1,06_501_507_21242_ego_507,1,21242,21242,21242,vehicle_vehicle,0.1472136630802343,2.1028423431522705,3.3779341775027354,14.967492577248867,15.0,3.0,3.5,0.8,3.31495547632242,11.933839714760712
6,501,21293,304,78.2565,-29.7034,185.3368,2.5525,6.5436,-7.7251,-1.0797,-0.8889,-2.1393,7.792,-0.3565,1.084,-2.0474,van,507,83.548,-22.0717,-2.9082,-2.0955,3.5744,0.2682,220.0658,3.584514958819393,12.904253851749816,-5.291499999999999,-7.631699999999999,-4.8169,1.0157999999999998,4.9228421922706405,9.286701090268814,0,06_501_507_21242_ego_507,1,21242,21242,21242,vehicle_vehicle,0.1472136630802343,2.1028423431522705,3.3779341775027354,14.967492577248867,15.0,3.0,3.5,0.8,3.31495547632242,11.933839714760712
6,506,21293,129,64.4349,-42.5635,254.8058,2.0781,4.4214,-1.9095,-7.8729,2.9627,-0.178,8.0982,-0.2206,-0.6047,-2.9058,car,507,83.548,-22.0717,-2.9082,-2.0955,3.5744,0.2682,220.0658,3.584514958819393,12.904253851749816,-19.113100000000003,-20.491799999999998,0.9986999999999999,-5.7774,5.863083868579743,28.021856805893503,0,06_501_507_21242_ego_507,0,21242,21242,21242,vehicle_vehicle,0.1472136630802343,2.1028423431522705,3.3779341775027354,14.967492577248867,15.0,3.0,3.5,0.8,3.31495547632242,11.933839714760712
6,507,21293,72,83.548,-22.0717,220.0658,1.9068,3.7574,-2.9082,-2.0955,-1.5993,-0.3643,3.5744,0.2682,1.4584,0.7506,car,507,83.548,-22.0717,-2.9082,-2.0955,3.5744,0.2682,220.0658,3.584514958819393,12.904253851749816,0.0,0.0,0.0,0.0,0.0,0.0,1,06_501_507_21242_ego_507,1,21242,21242,21242,vehicle_vehicle,0.1472136630802343,2.1028423431522705,3.3779341775027354,14.967492577248867,15.0,3.0,3.5,0.8,3.31495547632242,11.933839714760712
6,501,21294,305,77.947,-29.7487,186.0626,2.5525,6.5436,-7.7597,-1.1693,-0.8765,-2.0906,7.8398,-0.3432,1.0924,-1.9863,van,507,83.4302,-22.156,-2.9755,-2.1118,3.6386,0.2712,219.6272,3.6487394384910523,13.135461978567788,-5.4831999999999965,-7.592700000000001,-4.7842,0.9425000000000001,4.876153800896769,9.365605988402457,0,06_501_507_21242_ego_507,1,21242,21242,21242,vehicle_vehicle,0.1472136630802343,2.1028423431522705,3.3779341775027354,14.967492577248867,15.0,3.0,3.5,0.8,3.31495547632242,11.933839714760712
6,506,21294,130,64.3629,-42.8797,255.6288,2.0781,4.4214,-1.7877,-7.8724,2.8913,-0.1295,8.0698,-0.2222,-0.5921,-2.8329,car,507,83.4302,-22.156,-2.9755,-2.1118,3.6386,0.2712,219.6272,3.6487394384910523,13.135461978567788,-19.067300000000003,-20.7237,1.1877999999999997,-5.7606,5.881783845059252,28.16085352009062,0,06_501_507_21242_ego_507,0,21242,21242,21242,vehicle_vehicle,0.1472136630802343,2.1028423431522705,3.3779341775027354,14.967492577248867,15.0,3.0,3.5,0.8,3.31495547632242,11.933839714760712
6,507,21294,73,83.4302,-22.156,219.6272,1.9068,3.7574,-2.9755,-2.1118,-1.6194,-0.3572,3.6386,0.2712,1.4751,0.7577,car,507,83.4302,-22.156,-2.9755,-2.1118,3.6386,0.2712,219.6272,3.6487394384910523,13.135461978567788,0.0,0.0,0.0,0.0,0.0,0.0,1,06_501_507_21242_ego_507,1,21242,21242,21242,vehicle_vehicle,0.1472136630802343,2.1028423431522705,3.3779341775027354,14.967492577248867,15.0,3.0,3.5,0.8,3.31495547632242,11.933839714760712
6,501,21295,306,77.6359,-29.7978,186.7653,2.5525,6.5436,-7.7939,-1.2567,-0.8651,-2.0379,7.8877,-0.3298,1.0991,-1.9218,van,507,83.3094,-22.241,-3.0433,-2.1278,3.7033,0.2729,219.1751,3.7133822493785904,13.368176097762925,-5.67349999999999,-7.556799999999999,-4.7506,0.8711000000000002,4.829804920491096,9.449541178808623,0,06_501_507_21242_ego_507,1,21242,21242,21242,vehicle_vehicle,0.1472136630802343,2.1028423431522705,3.3779341775027354,14.967492577248867,15.0,3.0,3.5,0.8,3.31495547632242,11.933839714760712
6,506,21295,131,64.2959,-43.1952,256.4209,2.0781,4.4214,-1.6696,-7.8697,2.8169,-0.0888,8.0418,-0.2247,-0.5751,-2.759,car,507,83.3094,-22.241,-3.0433,-2.1278,3.7033,0.2729,219.1751,3.7133822493785904,13.368176097762925,-19.013499999999993,-20.9542,1.3737,-5.741899999999999,5.903936593494208,28.294728835774336,0,06_501_507_21242_ego_507,0,21242,21242,21242,vehicle_vehicle,0.1472136630802343,2.1028423431522705,3.3779341775027354,14.967492577248867,15.0,3.0,3.5,0.8,3.31495547632242,11.933839714760712
6,507,21295,74,83.3094,-22.241,219.1751,1.9068,3.7574,-3.0433,-2.1278,-1.6364,-0.3484,3.7033,0.2729,1.4887,0.7636,car,507,83.3094,-22.241,-3.0433,-2.1278,3.7033,0.2729,219.1751,3.7133822493785904,13.368176097762925,0.0,0.0,0.0,0.0,0.0,0.0,1,06_501_507_21242_ego_507,1,21242,21242,21242,vehicle_vehicle,0.1472136630802343,2.1028423431522705,3.3779341775027354,14.967492577248867,15.0,3.0,3.5,0.8,3.31495547632242,11.933839714760712
6,501,21296,307,77.3229,-29.8503,187.446,2.5525,6.5436,-7.8274,-1.3417,-0.8547,-1.9817,7.9353,-0.316,1.1043,-1.8542,van,507,83.1862,-22.3271,-3.1118,-2.1431,3.7684,0.2741,218.7166,3.7783828352881343,13.602178207037284,-5.863299999999995,-7.523199999999999,-4.7156,0.8014000000000001,4.783212865846554,9.538177243582755,0,06_501_507_21242_ego_507,1,21242,21242,21242,vehicle_vehicle,0.1472136630802343,2.1028423431522705,3.3779341775027354,14.967492577248867,15.0,3.0,3.5,0.8,3.31495547632242,11.933839714760712
6,506,21296,132,64.2339,-43.5105,257.1737,2.0781,4.4214,-1.5556,-7.8653,2.7406,-0.056,8.0144,-0.2293,-0.5538,-2.6847,car,507,83.1862,-22.3271,-3.1118,-2.1431,3.7684,0.2741,218.7166,3.7783828352881343,13.602178207037284,-18.952299999999994,-21.1834,1.5562,-5.722200000000001,5.930036364138083,28.42404107177584,0,06_501_507_21242_ego_507,0,21242,21242,21242,vehicle_vehicle,0.1472136630802343,2.1028423431522705,3.3779341775027354,14.967492577248867,15.0,3.0,3.5,0.8,3.31495547632242,11.933839714760712
6,507,21296,75,83.1862,-22.3271,218.7166,1.9068,3.7574,-3.1118,-2.1431,-1.6503,-0.3381,3.7684,0.2741,1.4991,0.7684,car,507,83.1862,-22.3271,-3.1118,-2.1431,3.7684,0.2741,218.7166,3.7783828352881343,13.602178207037284,0.0,0.0,0.0,0.0,0.0,0.0,1,06_501_507_21242_ego_507,1,21242,21242,21242,vehicle_vehicle,0.1472136630802343,2.1028423431522705,3.3779341775027354,14.967492577248867,15.0,3.0,3.5,0.8,3.31495547632242,11.933839714760712
6,501,21297,308,77.009,-29.906,188.1064,2.5525,6.5436,-7.8604,-1.4243,-0.8454,-1.922,7.9827,-0.3017,1.1079,-1.7836,van,507,83.0601,-22.4136,-3.1807,-2.1578,3.8337,0.2748,218.2537,3.8435599813194017,13.836815932749847,-6.051100000000005,-7.4924,-4.6797,0.7335,4.736835899627514,9.630777173727989,0,06_501_507_21242_ego_507,1,21242,21242,21242,vehicle_vehicle,0.1472136630802343,2.1028423431522705,3.3779341775027354,14.967492577248867,15.0,3.0,3.5,0.8,3.31495547632242,11.933839714760712
6,506,21297,133,64.1769,-43.8252,257.8969,2.0781,4.4214,-1.4457,-7.8595,2.6636,-0.0312,7.9879,-0.2343,-0.528,-2.6109,car,507,83.0601,-22.4136,-3.1807,-2.1578,3.8337,0.2748,218.2537,3.8435599813194017,13.836815932749847,-18.883200000000002,-21.411600000000004,1.7349999999999999,-5.7017,5.959832874334649,28.548762789304902,0,06_501_507_21242_ego_507,0,21242,21242,21242,vehicle_vehicle,0.1472136630802343,2.1028423431522705,3.3779341775027354,14.967492577248867,15.0,3.0,3.5,0.8,3.31495547632242,11.933839714760712
6,507,21297,76,83.0601,-22.4136,218.2537,1.9068,3.7574,-3.1807,-2.1578,-1.6612,-0.3265,3.8337,0.2748,1.5067,0.7721,car,507,83.0601,-22.4136,-3.1807,-2.1578,3.8337,0.2748,218.2537,3.8435599813194017,13.836815932749847,0.0,0.0,0.0,0.0,0.0,0.0,1,06_501_507_21242_ego_507,1,21242,21242,21242,vehicle_vehicle,0.1472136630802343,2.1028423431522705,3.3779341775027354,14.967492577248867,15.0,3.0,3.5,0.8,3.31495547632242,11.933839714760712
6,501,21298,309,76.6939,-29.9647,188.7585,2.5525,6.5436,-7.8931,-1.5044,-0.8372,-1.859,8.0301,-0.285,1.1105,-1.7098,van,507,82.9312,-22.501,-3.2499,-2.1718,3.8991,0.2748,217.785,3.9087805323399776,14.07160991642392,-6.237300000000005,-7.463699999999999,-4.6432,0.6674000000000002,4.690919845829813,9.726804664431175,0,06_501_507_21242_ego_507,1,21242,21242,21242,vehicle_vehicle,0.1472136630802343,2.1028423431522705,3.3779341775027354,14.967492577248867,15.0,3.0,3.5,0.8,3.31495547632242,11.933839714760712
6,506,21298,134,64.1238,-44.1396,258.5748,2.0781,4.4214,-1.3401,-7.8527,2.5868,-0.0144,7.9626,-0.242,-0.4983,-2.5384,car,507,82.9312,-22.501,-3.2499,-2.1718,3.8991,0.2748,217.785,3.9087805323399776,14.07160991642392,-18.8074,-21.6386,1.9097999999999997,-5.680899999999999,5.993326359376735,28.669623379458617,0,06_501_507_21242_ego_507,0,21242,21242,21242,vehicle_vehicle,0.1472136630802343,2.1028423431522705,3.3779341775027354,14.967492577248867,15.0,3.0,3.5,0.8,3.31495547632242,11.933839714760712
6,507,21298,77,82.9312,-22.501,217.785,1.9068,3.7574,-3.2499,-2.1718,-1.6693,-0.3139,3.8991,0.2748,1.5116,0.7748,car,507,82.9312,-22.501,-3.2499,-2.1718,3.8991,0.2748,217.785,3.9087805323399776,14.07160991642392,0.0,0.0,0.0,0.0,0.0,0.0,1,06_501_507_21242_ego_507,1,21242,21242,21242,vehicle_vehicle,0.1472136630802343,2.1028423431522705,3.3779341775027354,14.967492577248867,15.0,3.0,3.5,0.8,3.31495547632242,11.933839714760712
6,501,21299,310,76.3781,-30.0267,189.3884,2.5525,6.5436,-7.9256,-1.5819,-0.8301,-1.7928,8.0775,-0.2678,1.1114,-1.6334,van,507,82.8002,-22.5892,-3.3195,-2.1848,3.9645,0.2749,217.3176,3.9739692110030242,14.306289159610888,-6.4221,-7.4375,-4.6061,0.6029,4.64538971669762,9.826483331283884,0,06_501_507_21242_ego_507,1,21242,21242,21242,vehicle_vehicle,0.1472136630802343,2.1028423431522705,3.3779341775027354,14.967492577248867,15.0,3.0,3.5,0.8,3.31495547632242,11.933839714760712
6,506,21299,135,64.0741,-44.4532,259.2288,2.0781,4.4214,-1.2382,-7.8455,2.5113,-0.0056,7.9386,-0.2499,-0.4639,-2.4681,car,507,82.8002,-22.5892,-3.3195,-2.1848,3.9645,0.2749,217.3176,3.9739692110030242,14.306289159610888,-18.726100000000002,-21.864,2.0813,-5.6607,6.031196745257114,28.787172789456072,0,06_501_507_21242_ego_507,0,21242,21242,21242,vehicle_vehicle,0.1472136630802343,2.1028423431522705,3.3779341775027354,14.967492577248867,15.0,3.0,3.5,0.8,3.31495547632242,11.933839714760712
6,507,21299,78,82.8002,-22.5892,217.3176,1.9068,3.7574,-3.3195,-2.1848,-1.6746,-0.3006,3.9645,0.2749,1.514,0.7762,car,507,82.8002,-22.5892,-3.3195,-2.1848,3.9645,0.2749,217.3176,3.9739692110030242,14.306289159610888,0.0,0.0,0.0,0.0,0.0,0.0,1,06_501_507_21242_ego_507,1,21242,21242,21242,vehicle_vehicle,0.1472136630802343,2.1028423431522705,3.3779341775027354,14.967492577248867,15.0,3.0,3.5,0.8,3.31495547632242,11.933839714760712
6,501,21300,311,76.061,-30.092,189.9983,2.5525,6.5436,-7.9582,-1.6565,-0.8238,-1.7237,8.1249,-0.2497,1.1105,-1.5545,van,507,82.6661,-22.6776,-3.3894,-2.1969,4.0298,0.2751,216.8551,4.039109056462824,14.540792603266166,-6.605099999999993,-7.414399999999997,-4.5687999999999995,0.5403999999999998,4.600648389086042,9.929787176470596,0,06_501_507_21242_ego_507,1,21242,21242,21242,vehicle_vehicle,0.1472136630802343,2.1028423431522705,3.3779341775027354,14.967492577248867,15.0,3.0,3.5,0.8,3.31495547632242,11.933839714760712
6,506,21300,136,64.0276,-44.766,259.8452,2.0781,4.4214,-1.1397,-7.8383,2.4376,-0.0044,7.9164,-0.2601,-0.4255,-2.4002,car,507,82.6661,-22.6776,-3.3894,-2.1969,4.0298,0.2751,216.8551,4.039109056462824,14.540792603266166,-18.638499999999993,-22.088399999999996,2.2497000000000003,-5.641400000000001,6.07342934839947,28.901403024939803,0,06_501_507_21242_ego_507,0,21242,21242,21242,vehicle_vehicle,0.1472136630802343,2.1028423431522705,3.3779341775027354,14.967492577248867,15.0,3.0,3.5,0.8,3.31495547632242,11.933839714760712
6,507,21300,79,82.6661,-22.6776,216.8551,1.9068,3.7574,-3.3894,-2.1969,-1.6771,-0.287,4.0298,0.2751,1.5141,0.7762,car,507,82.6661,-22.6776,-3.3894,-2.1969,4.0298,0.2751,216.8551,4.039109056462824,14.540792603266166,0.0,0.0,0.0,0.0,0.0,0.0,1,06_501_507_21242_ego_507,1,21242,21242,21242,vehicle_vehicle,0.1472136630802343,2.1028423431522705,3.3779341775027354,14.967492577248867,15.0,3.0,3.5,0.8,3.31495547632242,11.933839714760712
6,501,21301,312,75.7428,-30.1601,190.5872,2.5525,6.5436,-7.9908,-1.7281,-0.818,-1.6517,8.1722,-0.2306,1.1075,-1.4733,van,507,82.5291,-22.7662,-3.4594,-2.2083,4.0949,0.2756,216.4025,4.104148785071028,14.7749356262557,-6.786299999999997,-7.393899999999999,-4.5314,0.48019999999999996,4.556772761505669,10.036116026631017,0,06_501_507_21242_ego_507,1,21242,21242,21242,vehicle_vehicle,0.1472136630802343,2.1028423431522705,3.3779341775027354,14.967492577248867,15.0,3.0,3.5,0.8,3.31495547632242,11.933839714760712
6,506,21301,137,63.9848,-45.0786,260.45,2.0781,4.4214,-1.0445,-7.8314,2.366,-0.0104,7.8961,-0.2692,-0.3823,-2.3349,car,507,82.5291,-22.7662,-3.4594,-2.2083,4.0949,0.2756,216.4025,4.104148785071028,14.7749356262557,-18.5443,-22.3124,2.4149000000000003,-5.623100000000001,6.119721858058584,29.012656828529167,0,06_501_507_21242_ego_507,0,21242,21242,21242,vehicle_vehicle,0.1472136630802343,2.1028423431522705,3.3779341775027354,14.967492577248867,15.0,3.0,3.5,0.8,3.31495547632242,11.933839714760712
6,507,21301,80,82.5291,-22.7662,216.4025,1.9068,3.7574,-3.4594,-2.2083,-1.6766,-0.2734,4.0949,0.2756,1.5117,0.7749,car,507,82.5291,-22.7662,-3.4594,-2.2083,4.0949,0.2756,216.4025,4.104148785071028,14.7749356262557,0.0,0.0,0.0,0.0,0.0,0.0,1,06_501_507_21242_ego_507,1,21242,21242,21242,vehicle_vehicle,0.1472136630802343,2.1028423431522705,3.3779341775027354,14.967492577248867,15.0,3.0,3.5,0.8,3.31495547632242,11.933839714760712
6,501,21302,313,75.423,-30.2306,191.156,2.5525,6.5436,-8.0233,-1.7969,-0.8125,-1.5771,8.2193,-0.2106,1.1022,-1.3901,van,507,82.3888,-22.855,-3.529,-2.2191,4.1596,0.2754,215.9494,4.1687223234463575,15.007400364406887,-6.9658000000000015,-7.375599999999999,-4.494300000000001,0.42220000000000013,4.514087430478059,10.145040413916545,0,06_501_507_21242_ego_507,1,21242,21242,21242,vehicle_vehicle,0.1472136630802343,2.1028423431522705,3.3779341775027354,14.967492577248867,15.0,3.0,3.5,0.8,3.31495547632242,11.933839714760712
6,506,21302,138,63.9457,-45.3905,261.032,2.0781,4.4214,-0.9525,-7.8253,2.2969,-0.0232,7.8781,-0.279,-0.3351,-2.2724,car,507,82.3888,-22.855,-3.529,-2.2191,4.1596,0.2754,215.9494,4.1687223234463575,15.007400364406887,-18.4431,-22.535500000000003,2.5765,-5.6062,6.169913345420663,29.1203828590903,0,06_501_507_21242_ego_507,0,21242,21242,21242,vehicle_vehicle,0.1472136630802343,2.1028423431522705,3.3779341775027354,14.967492577248867,15.0,3.0,3.5,0.8,3.31495547632242,11.933839714760712
6,507,21302,81,82.3888,-22.855,215.9494,1.9068,3.7574,-3.529,-2.2191,-1.6734,-0.2599,4.1596,0.2754,1.5073,0.772,car,507,82.3888,-22.855,-3.529,-2.2191,4.1596,0.2754,215.9494,4.1687223234463575,15.007400364406887,0.0,0.0,0.0,0.0,0.0,0.0,1,06_501_507_21242_ego_507,1,21242,21242,21242,vehicle_vehicle,0.1472136630802343,2.1028423431522705,3.3779341775027354,14.967492577248867,15.0,3.0,3.5,0.8,3.31495547632242,11.933839714760712
6,501,21303,314,75.1017,-30.3038,191.7064,2.5525,6.5436,-8.0557,-1.8626,-0.8071,-1.4998,8.2661,-0.1894,1.0946,-1.3049,van,507,82.2461,-22.944,-3.5985,-2.2293,4.2242,0.2745,215.4968,4.233081707219931,15.239094145991752,-7.1444000000000045,-7.3598,-4.4572,0.3666999999999998,4.472259018661599,10.257149087343914,0,06_501_507_21242_ego_507,1,21242,21242,21242,vehicle_vehicle,0.1472136630802343,2.1028423431522705,3.3779341775027354,14.967492577248867,15.0,3.0,3.5,0.8,3.31495547632242,11.933839714760712
6,506,21303,139,63.9093,-45.7022,261.6004,2.0781,4.4214,-0.8632,-7.8202,2.2304,-0.0423,7.8625,-0.2884,-0.284,-2.2127,car,507,82.2461,-22.944,-3.5985,-2.2293,4.2242,0.2745,215.4968,4.233081707219931,15.239094145991752,-18.336799999999997,-22.7582,2.7353,-5.5908999999999995,6.224148849441183,29.226253634018846,0,06_501_507_21242_ego_507,0,21242,21242,21242,vehicle_vehicle,0.1472136630802343,2.1028423431522705,3.3779341775027354,14.967492577248867,15.0,3.0,3.5,0.8,3.31495547632242,11.933839714760712
6,507,21303,82,82.2461,-22.944,215.4968,1.9068,3.7574,-3.5985,-2.2293,-1.6677,-0.2466,4.2242,0.2745,1.5009,0.7676,car,507,82.2461,-22.944,-3.5985,-2.2293,4.2242,0.2745,215.4968,4.233081707219931,15.239094145991752,0.0,0.0,0.0,0.0,0.0,0.0,1,06_501_507_21242_ego_507,1,21242,21242,21242,vehicle_vehicle,0.1472136630802343,2.1028423431522705,3.3779341775027354,14.967492577248867,15.0,3.0,3.5,0.8,3.31495547632242,11.933839714760712
6,501,21304,315,74.7795,-30.3796,192.2343,2.5525,6.5436,-8.0882,-1.9252,-0.8016,-1.42,8.3125,-0.1675,1.0843,-1.2178,van,507,82.1007,-23.0336,-3.6677,-2.2389,4.2884,0.2725,215.0376,4.297056725248109,15.469404210893194,-7.321200000000005,-7.346,-4.4205000000000005,0.3137000000000001,4.43161685392589,10.371291406570354,0,06_501_507_21242_ego_507,1,21242,21242,21242,vehicle_vehicle,0.1472136630802343,2.1028423431522705,3.3779341775027354,14.967492577248867,15.0,3.0,3.5,0.8,3.31495547632242,11.933839714760712
6,506,21304,140,63.876,-46.0135,262.1685,2.0781,4.4214,-0.7764,-7.8166,2.1664,-0.067,7.8495,-0.2959,-0.2288,-2.1553,car,507,82.1007,-23.0336,-3.6677,-2.2389,4.2884,0.2725,215.0376,4.297056725248109,15.469404210893194,-18.224700000000006,-22.9799,2.8913,-5.5777,6.2825435119862085,29.329430511007203,0,06_501_507_21242_ego_507,0,21242,21242,21242,vehicle_vehicle,0.1472136630802343,2.1028423431522705,3.3779341775027354,14.967492577248867,15.0,3.0,3.5,0.8,3.31495547632242,11.933839714760712
6,507,21304,83,82.1007,-23.0336,215.0376,1.9068,3.7574,-3.6677,-2.2389,-1.6594,-0.2335,4.2884,0.2725,1.4927,0.7615,car,507,82.1007,-23.0336,-3.6677,-2.2389,4.2884,0.2725,215.0376,4.297056725248109,15.469404210893194,0.0,0.0,0.0,0.0,0.0,0.0,1,06_501_507_21242_ego_507,1,21242,21242,21242,vehicle_vehicle,0.1472136630802343,2.1028423431522705,3.3779341775027354,14.967492577248867,15.0,3.0,3.5,0.8,3.31495547632242,11.933839714760712
6,501,21305,316,74.4558,-30.4582,192.7429,2.5525,6.5436,-8.1207,-1.9844,-0.7958,-1.3376,8.3584,-0.1443,1.0712,-1.1291,van,507,81.9525,-23.1236,-3.7365,-2.2479,4.3522,0.2696,214.5758,4.360560360779335,15.698017298805606,-7.496700000000004,-7.334600000000002,-4.3842,0.26350000000000007,4.392111324864159,10.487939170780887,0,06_501_507_21242_ego_507,1,21242,21242,21242,vehicle_vehicle,0.1472136630802343,2.1028423431522705,3.3779341775027354,14.967492577248867,15.0,3.0,3.5,0.8,3.31495547632242,11.933839714760712
6,506,21305,141,63.8463,-46.3247,262.732,2.0781,4.4214,-0.6919,-7.8145,2.1047,-0.0967,7.8393,-0.3022,-0.1703,-2.1,car,507,81.9525,-23.1236,-3.7365,-2.2479,4.3522,0.2696,214.5758,4.360560360779335,15.698017298805606,-18.1062,-23.2011,3.0446,-5.566599999999999,6.3448108498205045,29.430010527521056,0,06_501_507_21242_ego_507,0,21242,21242,21242,vehicle_vehicle,0.1472136630802343,2.1028423431522705,3.3779341775027354,14.967492577248867,15.0,3.0,3.5,0.8,3.31495547632242,11.933839714760712
6,507,21305,84,81.9525,-23.1236,214.5758,1.9068,3.7574,-3.7365,-2.2479,-1.6486,-0.2208,4.3522,0.2696,1.4827,0.7538,car,507,81.9525,-23.1236,-3.7365,-2.2479,4.3522,0.2696,214.5758,4.360560360779335,15.698017298805606,0.0,0.0,0.0,0.0,0.0,0.0,1,06_501_507_21242_ego_507,1,21242,21242,21242,vehicle_vehicle,0.1472136630802343,2.1028423431522705,3.3779341775027354,14.967492577248867,15.0,3.0,3.5,0.8,3.31495547632242,11.933839714760712
6,501,21306,317,74.1308,-30.5389,193.2139,2.5525,6.5436,-8.1531,-2.0402,-0.7895,-1.2528,8.4036,-0.1225,1.055,-1.0391,van,507,81.8018,-23.214,-3.8049,-2.2562,4.4156,0.2654,214.1064,4.423539583862678,15.92474250190564,-7.6710000000000065,-7.324900000000003,-4.3482,0.2160000000000002,4.353561672929419,10.60652634041891,0,06_501_507_21242_ego_507,1,21242,21242,21242,vehicle_vehicle,0.1472136630802343,2.1028423431522705,3.3779341775027354,14.967492577248867,15.0,3.0,3.5,0.8,3.31495547632242,11.933839714760712
6,506,21306,142,63.82,-46.6356,263.2871,2.0781,4.4214,-0.6098,-7.8144,2.0451,-0.1309,7.8321,-0.3078,-0.1091,-2.0464,car,507,81.8018,-23.214,-3.8049,-2.2562,4.4156,0.2654,214.1064,4.423539583862678,15.92474250190564,-17.9818,-23.421599999999998,3.1951,-5.558199999999999,6.411103746625849,29.52823187730684,0,06_501_507_21242_ego_507,0,21242,21242,21242,vehicle_vehicle,0.1472136630802343,2.1028423431522705,3.3779341775027354,14.967492577248867,15.0,3.0,3.5,0.8,3.31495547632242,11.933839714760712
6,507,21306,85,81.8018,-23.214,214.1064,1.9068,3.7574,-3.8049,-2.2562,-1.6354,-0.2085,4.4156,0.2654,1.471,0.7444,car,507,81.8018,-23.214,-3.8049,-2.2562,4.4156,0.2654,214.1064,4.423539583862678,15.92474250190564,0.0,0.0,0.0,0.0,0.0,0.0,1,06_501_507_21242_ego_507,1,21242,21242,21242,vehicle_vehicle,0.1472136630802343,2.1028423431522705,3.3779341775027354,14.967492577248867,15.0,3.0,3.5,0.8,3.31495547632242,11.933839714760712
6,501,21307,318,73.8046,-30.6219,193.661,2.5525,6.5436,-8.1855,-2.0925,-0.7825,-1.1658,8.4481,-0.1001,1.0357,-0.948,van,507,81.6484,-23.3052,-3.8729,-2.2637,4.4783,0.2605,213.6351,4.485943836028267,16.14939780970176,-7.843800000000002,-7.316700000000001,-4.3126,0.17120000000000024,4.315996779424192,10.726569690725924,0,06_501_507_21242_ego_507,1,21242,21242,21242,vehicle_vehicle,0.1472136630802343,2.1028423431522705,3.3779341775027354,14.967492577248867,15.0,3.0,3.5,0.8,3.31495547632242,11.933839714760712
6,506,21307,143,63.7971,-46.9466,263.8525,2.0781,4.4214,-0.5301,-7.8162,1.9876,-0.1687,7.828,-0.31,-0.0451,-1.9942,car,507,81.6484,-23.3052,-3.8729,-2.2637,4.4783,0.2605,213.6351,4.485943836028267,16.14939780970176,-17.851299999999995,-23.641399999999997,3.3428,-5.5525,6.481093124620259,29.624056198468157,0,06_501_507_21242_ego_507,0,21242,21242,21242,vehicle_vehicle,0.1472136630802343,2.1028423431522705,3.3779341775027354,14.967492577248867,15.0,3.0,3.5,0.8,3.31495547632242,11.933839714760712
6,507,21307,86,81.6484,-23.3052,213.6351,1.9068,3.7574,-3.8729,-2.2637,-1.6197,-0.1968,4.4783,0.2605,1.4576,0.7333,car,507,81.6484,-23.3052,-3.8729,-2.2637,4.4783,0.2605,213.6351,4.485943836028267,16.14939780970176,0.0,0.0,0.0,0.0,0.0,0.0,1,06_501_507_21242_ego_507,1,21242,21242,21242,vehicle_vehicle,0.1472136630802343,2.1028423431522705,3.3779341775027354,14.967492577248867,15.0,3.0,3.5,0.8,3.31495547632242,11.933839714760712
6,501,21308,319,73.477,-30.7067,194.0797,2.5525,6.5436,-8.2178,-2.1412,-0.7746,-1.0767,8.4918,-0.0777,1.0133,-0.8559,van,507,81.4924,-23.396,-3.9403,-2.2707,4.5406,0.2548,213.1662,4.547751376229796,16.371904954427265,-8.0154,-7.310700000000001,-4.2775,0.12950000000000017,4.27945983740939,10.848639161203584,0,06_501_507_21242_ego_507,1,21242,21242,21242,vehicle_vehicle,0.1472136630802343,2.1028423431522705,3.3779341775027354,14.967492577248867,15.0,3.0,3.5,0.8,3.31495547632242,11.933839714760712
6,506,21308,144,63.7775,-47.2567,264.4261,2.0781,4.4214,-0.4526,-7.8207,1.9321,-0.2094,7.8277,-0.3092,0.0207,-1.9433,car,507,81.4924,-23.396,-3.9403,-2.2707,4.5406,0.2548,213.1662,4.547751376229796,16.371904954427265,-17.7149,-23.8607,3.4877000000000002,-5.550000000000001,6.554887587899583,29.717851310281503,0,06_501_507_21242_ego_507,0,21242,21242,21242,vehicle_vehicle,0.1472136630802343,2.1028423431522705,3.3779341775027354,14.967492577248867,15.0,3.0,3.5,0.8,3.31495547632242,11.933839714760712
6,507,21308,87,81.4924,-23.396,213.1662,1.9068,3.7574,-3.9403,-2.2707,-1.6015,-0.186,4.5406,0.2548,1.4424,0.7204,car,507,81.4924,-23.396,-3.9403,-2.2707,4.5406,0.2548,213.1662,4.547751376229796,16.371904954427265,0.0,0.0,0.0,0.0,0.0,0.0,1,06_501_507_21242_ego_507,1,21242,21242,21242,vehicle_vehicle,0.1472136630802343,2.1028423431522705,3.3779341775027354,14.967492577248867,15.0,3.0,3.5,0.8,3.31495547632242,11.933839714760712
6,501,21309,320,73.148,-30.7936,194.4728,2.5525,6.5436,-8.2499,-2.1862,-0.7657,-0.9855,8.5345,-0.055,0.9877,-0.7629,van,507,81.3333,-23.487,-4.0068,-2.2773,4.602,0.2487,212.7045,4.608746199347498,16.591486317650993,-8.185299999999998,-7.306600000000003,-4.2431,0.09109999999999996,4.244077852726078,10.972034435326933,0,06_501_507_21242_ego_507,1,21242,21242,21242,vehicle_vehicle,0.1472136630802343,2.1028423431522705,3.3779341775027354,14.967492577248867,15.0,3.0,3.5,0.8,3.31495547632242,11.933839714760712
6,506,21309,145,63.7613,-47.5666,264.9893,2.0781,4.4214,-0.3775,-7.828,1.8788,-0.2517,7.8311,-0.3077,0.0867,-1.8936,car,507,81.3333,-23.487,-4.0068,-2.2773,4.602,0.2487,212.7045,4.608746199347498,16.591486317650993,-17.571999999999996,-24.079600000000003,3.6293,-5.550700000000001,6.631899349356865,29.80943340890598,0,06_501_507_21242_ego_507,0,21242,21242,21242,vehicle_vehicle,0.1472136630802343,2.1028423431522705,3.3779341775027354,14.967492577248867,15.0,3.0,3.5,0.8,3.31495547632242,11.933839714760712
6,507,21309,88,81.3333,-23.487,212.7045,1.9068,3.7574,-4.0068,-2.2773,-1.5807,-0.1761,4.602,0.2487,1.4253,0.7059,car,507,81.3333,-23.487,-4.0068,-2.2773,4.602,0.2487,212.7045,4.608746199347498,16.591486317650993,0.0,0.0,0.0,0.0,0.0,0.0,1,06_501_507_21242_ego_507,1,21242,21242,21242,vehicle_vehicle,0.1472136630802343,2.1028423431522705,3.3779341775027354,14.967492577248867,15.0,3.0,3.5,0.8,3.31495547632242,11.933839714760712
6,501,21310,321,72.8177,-30.8823,194.8396,2.5525,6.5436,-8.2817,-2.2274,-0.7556,-0.8925,8.576,-0.032,0.959,-0.6692,van,507,81.1714,-23.5783,-4.0724,-2.2834,4.6626,0.2427,212.2595,4.668871096956951,16.807935949045024,-8.353700000000003,-7.304000000000002,-4.209300000000001,0.05600000000000005,4.209672492011701,11.096518358926826,0,06_501_507_21242_ego_507,1,21242,21242,21242,vehicle_vehicle,0.1472136630802343,2.1028423431522705,3.3779341775027354,14.967492577248867,15.0,3.0,3.5,0.8,3.31495547632242,11.933839714760712
6,506,21310,146,63.7478,-47.8776,265.5519,2.0781,4.4214,-0.3045,-7.838,1.8276,-0.2947,7.838,-0.3043,0.152,-1.8449,car,507,81.1714,-23.5783,-4.0724,-2.2834,4.6626,0.2427,212.2595,4.668871096956951,16.807935949045024,-17.423600000000008,-24.299300000000002,3.7679,-5.554600000000001,6.711978215846652,29.900465171130705,0,06_501_507_21242_ego_507,0,21242,21242,21242,vehicle_vehicle,0.1472136630802343,2.1028423431522705,3.3779341775027354,14.967492577248867,15.0,3.0,3.5,0.8,3.31495547632242,11.933839714760712
6,507,21310,89,81.1714,-23.5783,212.2595,1.9068,3.7574,-4.0724,-2.2834,-1.5575,-0.1671,4.6626,0.2427,1.4062,0.69,car,507,81.1714,-23.5783,-4.0724,-2.2834,4.6626,0.2427,212.2595,4.668871096956951,16.807935949045024,0.0,0.0,0.0,0.0,0.0,0.0,1,06_501_507_21242_ego_507,1,21242,21242,21242,vehicle_vehicle,0.1472136630802343,2.1028423431522705,3.3779341775027354,14.967492577248867,15.0,3.0,3.5,0.8,3.31495547632242,11.933839714760712
6,501,21311,322,72.486,-30.9732,195.184,2.5525,6.5436,-8.3133,-2.2644,-0.7442,-0.798,8.6161,-0.0079,0.9272,-0.5752,van,507,81.0068,-23.6697,-4.1369,-2.2892,4.7222,0.2361,211.8213,4.728041692921076,17.020950094515875,-8.520799999999994,-7.3035,-4.1764,0.024799999999999933,4.176473632144707,11.222528453517056,0,06_501_507_21242_ego_507,1,21242,21242,21242,vehicle_vehicle,0.1472136630802343,2.1028423431522705,3.3779341775027354,14.967492577248867,15.0,3.0,3.5,0.8,3.31495547632242,11.933839714760712
6,506,21311,147,63.7368,-48.1892,266.0951,2.0781,4.4214,-0.2335,-7.8505,1.7786,-0.3373,7.8481,-0.3016,0.2154,-1.7974,car,507,81.0068,-23.6697,-4.1369,-2.2892,4.7222,0.2361,211.8213,4.728041692921076,17.020950094515875,-17.269999999999996,-24.5195,3.9034,-5.5613,6.794452829330703,29.99097831431979,0,06_501_507_21242_ego_507,0,21242,21242,21242,vehicle_vehicle,0.1472136630802343,2.1028423431522705,3.3779341775027354,14.967492577248867,15.0,3.0,3.5,0.8,3.31495547632242,11.933839714760712
6,507,21311,90,81.0068,-23.6697,211.8213,1.9068,3.7574,-4.1369,-2.2892,-1.532,-0.1589,4.7222,0.2361,1.3855,0.6728,car,507,81.0068,-23.6697,-4.1369,-2.2892,4.7222,0.2361,211.8213,4.728041692921076,17.020950094515875,0.0,0.0,0.0,0.0,0.0,0.0,1,06_501_507_21242_ego_507,1,21242,21242,21242,vehicle_vehicle,0.1472136630802343,2.1028423431522705,3.3779341775027354,14.967492577248867,15.0,3.0,3.5,0.8,3.31495547632242,11.933839714760712
6,501,21312,323,72.1528,-31.0655,195.4901,2.5525,6.5436,-8.3443,-2.2972,-0.7316,-0.7024,8.6547,0.0147,0.8926,-0.4815,van,507,80.8396,-23.7619,-4.2001,-2.2945,4.7805,0.2295,211.3957,4.785976416573738,17.229515099665456,-8.686800000000005,-7.303599999999999,-4.1442000000000005,-0.0026999999999999247,4.1442008795424,11.34914389722855,0,06_501_507_21242_ego_507,1,21242,21242,21242,vehicle_vehicle,0.1472136630802343,2.1028423431522705,3.3779341775027354,14.967492577248867,15.0,3.0,3.5,0.8,3.31495547632242,11.933839714760712
6,506,21312,148,63.7279,-48.5016,266.61,2.0781,4.4214,-0.1641,-7.8654,1.7314,-0.3788,7.8614,-0.3013,0.2758,-1.7508,car,507,80.8396,-23.7619,-4.2001,-2.2945,4.7805,0.2295,211.3957,4.785976416573738,17.229515099665456,-17.111700000000006,-24.739700000000003,4.036,-5.5709,6.8792603388736495,30.080941357942912,0,06_501_507_21242_ego_507,0,21242,21242,21242,vehicle_vehicle,0.1472136630802343,2.1028423431522705,3.3779341775027354,14.967492577248867,15.0,3.0,3.5,0.8,3.31495547632242,11.933839714760712
6,507,21312,91,80.8396,-23.7619,211.3957,1.9068,3.7574,-4.2001,-2.2945,-1.5044,-0.1517,4.7805,0.2295,1.3632,0.6542,car,507,80.8396,-23.7619,-4.2001,-2.2945,4.7805,0.2295,211.3957,4.785976416573738,17.229515099665456,0.0,0.0,0.0,0.0,0.0,0.0,1,06_501_507_21242_ego_507,1,21242,21242,21242,vehicle_vehicle,0.1472136630802343,2.1028423431522705,3.3779341775027354,14.967492577248867,15.0,3.0,3.5,0.8,3.31495547632242,11.933839714760712
6,501,21313,324,71.8183,-31.1589,195.7569,2.5525,6.5436,-8.3748,-2.3258,-0.7177,-0.606,8.6917,0.0358,0.8553,-0.3884,van,507,80.6696,-23.854,-4.262,-2.2995,4.8377,0.2216,210.9709,4.842762047633561,17.43394337148082,-8.851300000000009,-7.3049,-4.112800000000001,-0.02629999999999999,4.112884089054785,11.476370319051236,0,06_501_507_21242_ego_507,1,21242,21242,21242,vehicle_vehicle,0.1472136630802343,2.1028423431522705,3.3779341775027354,14.967492577248867,15.0,3.0,3.5,0.8,3.31495547632242,11.933839714760712
6,506,21313,149,63.7216,-48.8153,267.1153,2.0781,4.4214,-0.0961,-7.8826,1.6858,-0.4186,7.8774,-0.3007,0.3332,-1.7048,car,507,80.6696,-23.854,-4.262,-2.2995,4.8377,0.2216,210.9709,4.842762047633561,17.43394337148082,-16.948,-24.9613,4.1659,-5.5831,6.966041086585694,30.17119821435669,0,06_501_507_21242_ego_507,0,21242,21242,21242,vehicle_vehicle,0.1472136630802343,2.1028423431522705,3.3779341775027354,14.967492577248867,15.0,3.0,3.5,0.8,3.31495547632242,11.933839714760712
6,507,21313,92,80.6696,-23.854,210.9709,1.9068,3.7574,-4.262,-2.2995,-1.475,-0.1456,4.8377,0.2216,1.3396,0.6342,car,507,80.6696,-23.854,-4.262,-2.2995,4.8377,0.2216,210.9709,4.842762047633561,17.43394337148082,0.0,0.0,0.0,0.0,0.0,0.0,1,06_501_507_21242_ego_507,1,21242,21242,21242,vehicle_vehicle,0.1472136630802343,2.1028423431522705,3.3779341775027354,14.967492577248867,15.0,3.0,3.5,0.8,3.31495547632242,11.933839714760712
6,501,21314,325,71.4819,-31.2534,195.993,2.5525,6.5436,-8.4044,-2.3502,-0.7027,-0.5094,8.7266,0.0564,0.8159,-0.2961,van,507,80.497,-23.9457,-4.3223,-2.3043,4.8935,0.2129,210.5544,4.898170656479825,17.63341436332737,-9.015100000000004,-7.3077000000000005,-4.0821000000000005,-0.04590000000000005,4.082358046521643,11.60493460989764,0,06_501_507_21242_ego_507,1,21242,21242,21242,vehicle_vehicle,0.1472136630802343,2.1028423431522705,3.3779341775027354,14.967492577248867,15.0,3.0,3.5,0.8,3.31495547632242,11.933839714760712
6,506,21314,150,63.718,-49.1298,267.5979,2.0781,4.4214,-0.0295,-7.9017,1.6413,-0.4562,7.896,-0.3017,0.387,-1.659,car,507,80.497,-23.9457,-4.3223,-2.3043,4.8935,0.2129,210.5544,4.898170656479825,17.63341436332737,-16.778999999999996,-25.184100000000004,4.292800000000001,-5.5974,7.054007272465773,30.26175364730207,0,06_501_507_21242_ego_507,0,21242,21242,21242,vehicle_vehicle,0.1472136630802343,2.1028423431522705,3.3779341775027354,14.967492577248867,15.0,3.0,3.5,0.8,3.31495547632242,11.933839714760712
6,507,21314,93,80.497,-23.9457,210.5544,1.9068,3.7574,-4.3223,-2.3043,-1.4441,-0.1405,4.8935,0.2129,1.315,0.6131,car,507,80.497,-23.9457,-4.3223,-2.3043,4.8935,0.2129,210.5544,4.898170656479825,17.63341436332737,0.0,0.0,0.0,0.0,0.0,0.0,1,06_501_507_21242_ego_507,1,21242,21242,21242,vehicle_vehicle,0.1472136630802343,2.1028423431522705,3.3779341775027354,14.967492577248867,15.0,3.0,3.5,0.8,3.31495547632242,11.933839714760712
6,501,21315,326,71.1444,-31.3493,196.198,2.5525,6.5436,-8.4331,-2.3701,-0.687,-0.4129,8.7595,0.0765,0.7749,-0.2049,van,507,80.3223,-24.0381,-4.3811,-2.3089,4.9481,0.2035,210.1444,4.952277902137561,17.82820044769522,-9.177899999999994,-7.3111999999999995,-4.052,-0.06119999999999992,4.052462145412341,11.734031440643061,0,06_501_507_21242_ego_507,1,21242,21242,21242,vehicle_vehicle,0.1472136630802343,2.1028423431522705,3.3779341775027354,14.967492577248867,15.0,3.0,3.5,0.8,3.31495547632242,11.933839714760712
6,506,21315,151,63.7169,-49.445,268.0658,2.0781,4.4214,0.0358,-7.9229,1.5973,-0.4911,7.9172,-0.3032,0.4369,-1.613,car,507,80.3223,-24.0381,-4.3811,-2.3089,4.9481,0.2035,210.1444,4.952277902137561,17.82820044769522,-16.605399999999996,-25.4069,4.4169,-5.614000000000001,7.14324867339784,30.352098391544526,0,06_501_507_21242_ego_507,0,21242,21242,21242,vehicle_vehicle,0.1472136630802343,2.1028423431522705,3.3779341775027354,14.967492577248867,15.0,3.0,3.5,0.8,3.31495547632242,11.933839714760712
6,507,21315,94,80.3223,-24.0381,210.1444,1.9068,3.7574,-4.3811,-2.3089,-1.412,-0.1365,4.9481,0.2035,1.2896,0.5911,car,507,80.3223,-24.0381,-4.3811,-2.3089,4.9481,0.2035,210.1444,4.952277902137561,17.82820044769522,0.0,0.0,0.0,0.0,0.0,0.0,1,06_501_507_21242_ego_507,1,21242,21242,21242,vehicle_vehicle,0.1472136630802343,2.1028423431522705,3.3779341775027354,14.967492577248867,15.0,3.0,3.5,0.8,3.31495547632242,11.933839714760712
6,501,21316,327,70.8057,-31.4461,196.3702,2.5525,6.5436,-8.4609,-2.3855,-0.6708,-0.3173,8.7902,0.0959,0.7331,-0.1153,van,507,80.1452,-24.1306,-4.4383,-2.3133,5.0012,0.195,209.7624,5.00498389407998,18.01794201868793,-9.339500000000001,-7.3155,-4.022600000000001,-0.07220000000000004,4.023247891940043,11.863507091075556,0,06_501_507_21242_ego_507,1,21242,21242,21242,vehicle_vehicle,0.1472136630802343,2.1028423431522705,3.3779341775027354,14.967492577248867,15.0,3.0,3.5,0.8,3.31495547632242,11.933839714760712
6,506,21316,152,63.7184,-49.7612,268.5212,2.0781,4.4214,0.0999,-7.9459,1.5534,-0.5229,7.9407,-0.3049,0.4826,-1.5664,car,507,80.1452,-24.1306,-4.4383,-2.3133,5.0012,0.195,209.7624,5.00498389407998,18.01794201868793,-16.4268,-25.6306,4.5382,-5.6326,7.233356205801011,30.442854902259082,0,06_501_507_21242_ego_507,0,21242,21242,21242,vehicle_vehicle,0.1472136630802343,2.1028423431522705,3.3779341775027354,14.967492577248867,15.0,3.0,3.5,0.8,3.31495547632242,11.933839714760712
6,507,21316,95,80.1452,-24.1306,209.7624,1.9068,3.7574,-4.4383,-2.3133,-1.3791,-0.1335,5.0012,0.195,1.2634,0.5687,car,507,80.1452,-24.1306,-4.4383,-2.3133,5.0012,0.195,209.7624,5.00498389407998,18.01794201868793,0.0,0.0,0.0,0.0,0.0,0.0,1,06_501_507_21242_ego_507,1,21242,21242,21242,vehicle_vehicle,0.1472136630802343,2.1028423431522705,3.3779341775027354,14.967492577248867,15.0,3.0,3.5,0.8,3.31495547632242,11.933839714760712
6,501,21317,328,70.4655,-31.5431,196.5087,2.5525,6.5436,-8.4875,-2.3965,-0.6547,-0.223,8.8186,0.1141,0.6911,-0.0278,van,507,79.9656,-24.223,-4.4939,-2.3177,5.0529,0.1861,209.3916,5.056369300199502,18.202929480718208,-9.500099999999989,-7.3201,-3.9936000000000007,-0.0788000000000002,3.9943773482233755,11.99315488184822,0,06_501_507_21242_ego_507,1,21242,21242,21242,vehicle_vehicle,0.1472136630802343,2.1028423431522705,3.3779341775027354,14.967492577248867,15.0,3.0,3.5,0.8,3.31495547632242,11.933839714760712
6,506,21317,153,63.7228,-50.0785,268.9793,2.0781,4.4214,0.1625,-7.9706,1.5092,-0.5511,7.9664,-0.3045,0.5241,-1.5187,car,507,79.9656,-24.223,-4.4939,-2.3177,5.0529,0.1861,209.3916,5.056369300199502,18.202929480718208,-16.242799999999995,-25.8555,4.6564,-5.652900000000001,7.32375172776904,30.53416827244521,0,06_501_507_21242_ego_507,0,21242,21242,21242,vehicle_vehicle,0.1472136630802343,2.1028423431522705,3.3779341775027354,14.967492577248867,15.0,3.0,3.5,0.8,3.31495547632242,11.933839714760712
6,507,21317,96,79.9656,-24.223,209.3916,1.9068,3.7574,-4.4939,-2.3177,-1.3456,-0.1315,5.0529,0.1861,1.2369,0.5458,car,507,79.9656,-24.223,-4.4939,-2.3177,5.0529,0.1861,209.3916,5.056369300199502,18.202929480718208,0.0,0.0,0.0,0.0,0.0,0.0,1,06_501_507_21242_ego_507,1,21242,21242,21242,vehicle_vehicle,0.1472136630802343,2.1028423431522705,3.3779341775027354,14.967492577248867,15.0,3.0,3.5,0.8,3.31495547632242,11.933839714760712
