recordingId,trackId,frame,trackLifetime,xCenter,yCenter,heading,width,length,xVelocity,yVelocity,xAcceleration,yAcceleration,lonVelocity,latVelocity,lonAcceleration,latAcceleration,class,egoTrackId,ego_xCenter,ego_yCenter,ego_xVelocity,ego_yVelocity,ego_lonVelocity,ego_latVelocity,ego_heading,ego_speed_mps,ego_speed_kph,rel_x_to_ego,rel_y_to_ego,rel_vx_to_ego,rel_vy_to_ego,rel_speed_to_ego,distance_to_ego,is_ego,event_id,is_primary_actor,event_peak_frame,event_start_frame,event_end_frame,pair_type,risk_score_peak,event_min_ttc,event_min_dcpa,event_min_distance,dist_threshold_used,ttc_threshold_used,dcpa_threshold_used,min_rel_speed_threshold_used,ego_speed_mps_peak,ego_speed_kph_peak
6,345,14650,175,50.4717,-45.0313,341.2611,2.0385,4.741,1.2575,-0.4742,-0.4674,0.1683,1.3432,0.0451,-0.4967,-0.0092,car,345,50.4717,-45.0313,1.2575,-0.4742,1.3432,0.0451,341.2611,1.3439389457858568,4.838180204829085,0.0,0.0,0.0,0.0,0.0,0.0,1,06_345_354_14725_ego_345,1,14725,14725,14733,vehicle_vehicle,0.3245888242356748,1.5566383750505024,1.9168337608010584,12.463579037339152,15.0,3.0,3.5,0.8,0.02005517389602992,0.07219862602570772
6,346,14650,165,45.8952,-43.4171,341.7027,1.8132,2.8113,1.2803,-0.4118,-0.4686,0.1284,1.3448,-0.0109,-0.4852,0.0252,trailer,345,50.4717,-45.0313,1.2575,-0.4742,1.3432,0.0451,341.2611,1.3439389457858568,4.838180204829085,-4.576499999999996,1.6142000000000039,0.02279999999999993,0.06240000000000001,0.06643493057119876,4.852833593891303,0,06_345_354_14725_ego_345,0,14725,14725,14733,vehicle_vehicle,0.3245888242356748,1.5566383750505024,1.9168337608010584,12.463579037339152,15.0,3.0,3.5,0.8,0.02005517389602992,0.07219862602570772
6,350,14650,115,66.5005,-34.2987,230.3521,1.9906,4.1702,-4.4424,-5.7795,2.0088,-1.1836,7.2847,-0.2672,-0.3704,-2.302,car,345,50.4717,-45.0313,1.2575,-0.4742,1.3432,0.0451,341.2611,1.3439389457858568,4.838180204829085,16.028800000000004,10.732600000000005,-5.6999,-5.3053,7.786852258775686,19.290182274929396,0,06_345_354_14725_ego_345,0,14725,14725,14733,vehicle_vehicle,0.3245888242356748,1.5566383750505024,1.9168337608010584,12.463579037339152,15.0,3.0,3.5,0.8,0.02005517389602992,0.07219862602570772
6,354,14650,53,80.8243,-23.0848,202.6696,2.0931,4.5353,-6.0877,-2.09,-1.6564,0.7895,6.4229,0.4178,1.2242,1.3669,car,345,50.4717,-45.0313,1.2575,-0.4742,1.3432,0.0451,341.2611,1.3439389457858568,4.838180204829085,30.352599999999995,21.9465,-7.3452,-1.6158,7.520822606603615,37.45569634928711,0,06_345_354_14725_ego_345,1,14725,14725,14733,vehicle_vehicle,0.3245888242356748,1.5566383750505024,1.9168337608010584,12.463579037339152,15.0,3.0,3.5,0.8,0.02005517389602992,0.07219862602570772
6,356,14650,5,91.8897,-18.4233,235.7257,2.2482,5.2722,-4.2262,-5.5254,-1.299,0.6518,6.946,0.3807,0.1929,1.4405,car,345,50.4717,-45.0313,1.2575,-0.4742,1.3432,0.0451,341.2611,1.3439389457858568,4.838180204829085,41.418000000000006,26.608,-5.483700000000001,-5.051200000000001,7.455574232076294,49.22841037449818,0,06_345_354_14725_ego_345,0,14725,14725,14733,vehicle_vehicle,0.3245888242356748,1.5566383750505024,1.9168337608010584,12.463579037339152,15.0,3.0,3.5,0.8,0.02005517389602992,0.07219862602570772
6,345,14651,176,50.5222,-45.0504,341.2321,2.0385,4.741,1.2377,-0.4665,-0.465,0.17,1.322,0.0434,-0.495,-0.0114,car,345,50.5222,-45.0504,1.2377,-0.4665,1.322,0.0434,341.2321,1.3226955583202054,4.761704009952739,0.0,0.0,0.0,0.0,0.0,0.0,1,06_345_354_14725_ego_345,1,14725,14725,14733,vehicle_vehicle,0.3245888242356748,1.5566383750505024,1.9168337608010584,12.463579037339152,15.0,3.0,3.5,0.8,0.02005517389602992,0.07219862602570772
6,346,14651,166,45.9474,-43.4335,341.7243,1.8132,2.8113,1.2606,-0.4062,-0.4686,0.1281,1.3244,-0.0097,-0.4851,0.0253,trailer,345,50.5222,-45.0504,1.2377,-0.4665,1.322,0.0434,341.2321,1.3226955583202054,4.761704009952739,-4.574799999999996,1.6169000000000011,0.02289999999999992,0.06030000000000002,0.06450193795538238,4.8521294964170085,0,06_345_354_14725_ego_345,0,14725,14725,14733,vehicle_vehicle,0.3245888242356748,1.5566383750505024,1.9168337608010584,12.463579037339152,15.0,3.0,3.5,0.8,0.02005517389602992,0.07219862602570772
6,350,14651,116,66.3238,-34.5308,231.0974,1.9906,4.1702,-4.359,-5.829,2.0341,-1.1481,7.2736,-0.2683,-0.3839,-2.304,car,345,50.5222,-45.0504,1.2377,-0.4665,1.322,0.0434,341.2321,1.3226955583202054,4.761704009952739,15.801600000000008,10.519600000000004,-5.5967,-5.3625,7.751093931826656,18.982954109410905,0,06_345_354_14725_ego_345,0,14725,14725,14733,vehicle_vehicle,0.3245888242356748,1.5566383750505024,1.9168337608010584,12.463579037339152,15.0,3.0,3.5,0.8,0.02005517389602992,0.07219862602570772
6,354,14651,54,80.5796,-23.1659,201.9331,2.0931,4.5353,-6.1584,-2.0557,-1.6167,0.6868,6.4805,0.3934,1.2432,1.241,car,345,50.5222,-45.0504,1.2377,-0.4665,1.322,0.0434,341.2321,1.3226955583202054,4.761704009952739,30.0574,21.884500000000003,-7.396100000000001,-1.5892,7.564909242680972,37.180352809111426,0,06_345_354_14725_ego_345,1,14725,14725,14733,vehicle_vehicle,0.3245888242356748,1.5566383750505024,1.9168337608010584,12.463579037339152,15.0,3.0,3.5,0.8,0.02005517389602992,0.07219862602570772
6,356,14651,6,91.7193,-18.6478,235.3493,2.2482,5.2722,-4.2802,-5.5043,-1.297,0.7279,6.9617,0.3914,0.1386,1.4808,car,345,50.5222,-45.0504,1.2377,-0.4665,1.322,0.0434,341.2321,1.3226955583202054,4.761704009952739,41.197100000000006,26.402600000000003,-5.5179,-5.0378,7.471723311927444,48.931567879744065,0,06_345_354_14725_ego_345,0,14725,14725,14733,vehicle_vehicle,0.3245888242356748,1.5566383750505024,1.9168337608010584,12.463579037339152,15.0,3.0,3.5,0.8,0.02005517389602992,0.07219862602570772
6,345,14652,177,50.5711,-45.0688,341.1981,2.0385,4.741,1.2181,-0.4587,-0.4616,0.1708,1.3009,0.0416,-0.492,-0.0129,car,345,50.5711,-45.0688,1.2181,-0.4587,1.3009,0.0416,341.1981,1.301604125684918,4.685774852465705,0.0,0.0,0.0,0.0,0.0,0.0,1,06_345_354_14725_ego_345,1,14725,14725,14733,vehicle_vehicle,0.3245888242356748,1.5566383750505024,1.9168337608010584,12.463579037339152,15.0,3.0,3.5,0.8,0.02005517389602992,0.07219862602570772
6,346,14652,167,45.9977,-43.4493,341.7388,1.8132,2.8113,1.2409,-0.4006,-0.4676,0.1274,1.3039,-0.0084,-0.484,0.0256,trailer,345,50.5711,-45.0688,1.2181,-0.4587,1.3009,0.0416,341.1981,1.301604125684918,4.685774852465705,-4.5733999999999995,1.6195000000000022,0.02279999999999993,0.058099999999999985,0.06241354019762054,4.851676803951393,0,06_345_354_14725_ego_345,0,14725,14725,14733,vehicle_vehicle,0.3245888242356748,1.5566383750505024,1.9168337608010584,12.463579037339152,15.0,3.0,3.5,0.8,0.02005517389602992,0.07219862602570772
6,350,14652,117,66.1511,-34.765,231.8497,1.9906,4.1702,-4.2747,-5.8769,2.0564,-1.1106,7.2621,-0.2687,-0.3969,-2.3031,car,345,50.5711,-45.0688,1.2181,-0.4587,1.3009,0.0416,341.1981,1.301604125684918,4.685774852465705,15.579999999999998,10.303800000000003,-5.4928,-5.4182,7.715422417470089,18.67899072326982,0,06_345_354_14725_ego_345,0,14725,14725,14733,vehicle_vehicle,0.3245888242356748,1.5566383750505024,1.9168337608010584,12.463579037339152,15.0,3.0,3.5,0.8,0.02005517389602992,0.07219862602570772
6,354,14652,55,80.3318,-23.2466,201.24,2.0931,4.5353,-6.2275,-2.0259,-1.5726,0.5815,6.5384,0.3678,1.2551,1.1118,car,345,50.5711,-45.0688,1.2181,-0.4587,1.3009,0.0416,341.1981,1.301604125684918,4.685774852465705,29.7607,21.822200000000002,-7.4456,-1.5672000000000001,7.608749910464924,36.90403334772502,0,06_345_354_14725_ego_345,1,14725,14725,14733,vehicle_vehicle,0.3245888242356748,1.5566383750505024,1.9168337608010584,12.463579037339152,15.0,3.0,3.5,0.8,0.02005517389602992,0.07219862602570772
6,356,14652,7,91.5469,-18.8722,234.9576,2.2482,5.2722,-4.334,-5.4783,-1.293,0.8081,6.9737,0.4028,0.0808,1.5226,car,345,50.5711,-45.0688,1.2181,-0.4587,1.3009,0.0416,341.1981,1.301604125684918,4.685774852465705,40.97579999999999,26.196600000000004,-5.552099999999999,-5.0196,7.484797830937051,48.63412420512988,0,06_345_354_14725_ego_345,0,14725,14725,14733,vehicle_vehicle,0.3245888242356748,1.5566383750505024,1.9168337608010584,12.463579037339152,15.0,3.0,3.5,0.8,0.02005517389602992,0.07219862602570772
6,345,14653,178,50.62,-45.0873,341.159,2.0385,4.741,1.1984,-0.4508,-0.457,0.1706,1.2798,0.0396,-0.4876,-0.0138,car,345,50.62,-45.0873,1.1984,-0.4508,1.2798,0.0396,341.159,1.2803840048985304,4.60938241763471,0.0,0.0,0.0,0.0,0.0,0.0,1,06_345_354_14725_ego_345,1,14725,14725,14733,vehicle_vehicle,0.3245888242356748,1.5566383750505024,1.9168337608010584,12.463579037339152,15.0,3.0,3.5,0.8,0.02005517389602992,0.07219862602570772
6,346,14653,168,46.0478,-43.465,341.7631,1.8132,2.8113,1.2208,-0.3952,-0.4655,0.1263,1.2832,-0.0067,-0.4816,0.0257,trailer,345,50.62,-45.0873,1.1984,-0.4508,1.2798,0.0396,341.159,1.2803840048985304,4.60938241763471,-4.572199999999995,1.6222999999999956,0.022400000000000198,0.05559999999999998,0.059942639247867684,4.85148123051094,0,06_345_354_14725_ego_345,0,14725,14725,14733,vehicle_vehicle,0.3245888242356748,1.5566383750505024,1.9168337608010584,12.463579037339152,15.0,3.0,3.5,0.8,0.02005517389602992,0.07219862602570772
6,350,14653,118,65.9818,-35.0013,232.619,1.9906,4.1702,-4.1895,-5.9232,2.0757,-1.0711,7.2502,-0.267,-0.4091,-2.2996,car,345,50.62,-45.0873,1.1984,-0.4508,1.2798,0.0396,341.159,1.2803840048985304,4.60938241763471,15.36180000000001,10.085999999999999,-5.3879,-5.4723999999999995,7.67962422062434,18.376950107131496,0,06_345_354_14725_ego_345,0,14725,14725,14733,vehicle_vehicle,0.3245888242356748,1.5566383750505024,1.9168337608010584,12.463579037339152,15.0,3.0,3.5,0.8,0.02005517389602992,0.07219862602570772
6,354,14653,56,80.0808,-23.3261,200.5946,2.0931,4.5353,-6.2945,-2.0007,-1.5243,0.4742,6.596,0.3413,1.2601,0.98,car,345,50.62,-45.0873,1.1984,-0.4508,1.2798,0.0396,341.159,1.2803840048985304,4.60938241763471,29.4608,21.7612,-7.492900000000001,-1.5499,7.651518830925008,36.62633700057924,0,06_345_354_14725_ego_345,1,14725,14725,14733,vehicle_vehicle,0.3245888242356748,1.5566383750505024,1.9168337608010584,12.463579037339152,15.0,3.0,3.5,0.8,0.02005517389602992,0.07219862602570772
6,356,14653,8,91.3722,-19.0955,234.5399,2.2482,5.2722,-4.3875,-5.4471,-1.2872,0.8904,6.9821,0.4137,0.0215,1.565,car,345,50.62,-45.0873,1.1984,-0.4508,1.2798,0.0396,341.159,1.2803840048985304,4.60938241763471,40.75220000000001,25.991799999999998,-5.5859000000000005,-4.9963,7.49435070569826,48.33544736608942,0,06_345_354_14725_ego_345,0,14725,14725,14733,vehicle_vehicle,0.3245888242356748,1.5566383750505024,1.9168337608010584,12.463579037339152,15.0,3.0,3.5,0.8,0.02005517389602992,0.07219862602570772
6,345,14654,179,50.6673,-45.1054,341.1214,2.0385,4.741,1.179,-0.4429,-0.4513,0.1693,1.2589,0.0376,-0.4818,-0.0141,car,345,50.6673,-45.1054,1.179,-0.4429,1.2589,0.0376,341.1214,1.2594448816839903,4.534001574062365,0.0,0.0,0.0,0.0,0.0,0.0,1,06_345_354_14725_ego_345,1,14725,14725,14733,vehicle_vehicle,0.3245888242356748,1.5566383750505024,1.9168337608010584,12.463579037339152,15.0,3.0,3.5,0.8,0.02005517389602992,0.07219862602570772
6,346,14654,169,46.0962,-43.4803,341.7801,1.8132,2.8113,1.2008,-0.39,-0.462,0.1249,1.2626,-0.005,-0.4779,0.0258,trailer,345,50.6673,-45.1054,1.179,-0.4429,1.2589,0.0376,341.1214,1.2594448816839903,4.534001574062365,-4.571099999999994,1.6251000000000033,0.02180000000000004,0.0529,0.05721581949076673,4.851381784605285,0,06_345_354_14725_ego_345,0,14725,14725,14733,vehicle_vehicle,0.3245888242356748,1.5566383750505024,1.9168337608010584,12.463579037339152,15.0,3.0,3.5,0.8,0.02005517389602992,0.07219862602570772
6,350,14654,119,65.8162,-35.2398,233.3891,1.9906,4.1702,-4.1036,-5.9677,2.0921,-1.0298,7.2376,-0.265,-0.421,-2.2935,car,345,50.6673,-45.1054,1.179,-0.4429,1.2589,0.0376,341.1214,1.2594448816839903,4.534001574062365,15.148899999999998,9.8656,-5.2826,-5.5248,7.64390461740595,18.078142453526578,0,06_345_354_14725_ego_345,0,14725,14725,14733,vehicle_vehicle,0.3245888242356748,1.5566383750505024,1.9168337608010584,12.463579037339152,15.0,3.0,3.5,0.8,0.02005517389602992,0.07219862602570772
6,354,14654,57,79.8275,-23.4048,199.9876,2.0931,4.5353,-6.3595,-1.9802,-1.4719,0.3651,6.6533,0.3128,1.2584,0.8462,car,345,50.6673,-45.1054,1.179,-0.4429,1.2589,0.0376,341.1214,1.2594448816839903,4.534001574062365,29.160200000000003,21.7006,-7.5385,-1.5372999999999999,7.693651508874054,36.34877307970656,0,06_345_354_14725_ego_345,1,14725,14725,14733,vehicle_vehicle,0.3245888242356748,1.5566383750505024,1.9168337608010584,12.463579037339152,15.0,3.0,3.5,0.8,0.02005517389602992,0.07219862602570772
6,356,14654,9,91.1947,-19.3171,234.1025,2.2482,5.2722,-4.4404,-5.4108,-1.2798,0.9729,6.9867,0.4245,-0.0377,1.6071,car,345,50.6673,-45.1054,1.179,-0.4429,1.2589,0.0376,341.1214,1.2594448816839903,4.534001574062365,40.5274,25.788300000000003,-5.619400000000001,-4.9679,7.5005124338274385,48.036512858970106,0,06_345_354_14725_ego_345,0,14725,14725,14733,vehicle_vehicle,0.3245888242356748,1.5566383750505024,1.9168337608010584,12.463579037339152,15.0,3.0,3.5,0.8,0.02005517389602992,0.07219862602570772
6,345,14655,180,50.7135,-45.1226,341.0853,2.0385,4.741,1.1601,-0.4351,-0.4446,0.1669,1.2385,0.0356,-0.4747,-0.0137,car,345,50.7135,-45.1226,1.1601,-0.4351,1.2385,0.0356,341.0853,1.239009289714972,4.460433442973899,0.0,0.0,0.0,0.0,0.0,0.0,1,06_345_354_14725_ego_345,1,14725,14725,14733,vehicle_vehicle,0.3245888242356748,1.5566383750505024,1.9168337608010584,12.463579037339152,15.0,3.0,3.5,0.8,0.02005517389602992,0.07219862602570772
6,346,14655,170,46.1438,-43.4954,341.7783,1.8132,2.8113,1.1811,-0.385,-0.4572,0.1235,1.2422,-0.0036,-0.4729,0.0257,trailer,345,50.7135,-45.1226,1.1601,-0.4351,1.2385,0.0356,341.0853,1.239009289714972,4.460433442973899,-4.5697000000000045,1.627200000000002,0.02100000000000013,0.05009999999999998,0.05432319946394913,4.850766736300566,0,06_345_354_14725_ego_345,0,14725,14725,14733,vehicle_vehicle,0.3245888242356748,1.5566383750505024,1.9168337608010584,12.463579037339152,15.0,3.0,3.5,0.8,0.02005517389602992,0.07219862602570772
6,350,14655,120,65.654,-35.4801,234.1588,1.9906,4.1702,-4.0172,-6.0102,2.1058,-0.9871,7.2244,-0.2627,-0.4328,-2.2851,car,345,50.7135,-45.1226,1.1601,-0.4351,1.2385,0.0356,341.0853,1.239009289714972,4.460433442973899,14.940499999999993,9.642499999999998,-5.1773,-5.5751,7.608296478187479,17.7819106538077,0,06_345_354_14725_ego_345,0,14725,14725,14733,vehicle_vehicle,0.3245888242356748,1.5566383750505024,1.9168337608010584,12.463579037339152,15.0,3.0,3.5,0.8,0.02005517389602992,0.07219862602570772
6,354,14655,58,79.5715,-23.4827,199.4262,2.0931,4.5353,-6.4222,-1.9645,-1.4155,0.2547,6.7099,0.2833,1.2503,0.711,car,345,50.7135,-45.1226,1.1601,-0.4351,1.2385,0.0356,341.0853,1.239009289714972,4.460433442973899,28.857999999999997,21.639899999999997,-7.5823,-1.5293999999999999,7.735007281832384,36.070340114975345,0,06_345_354_14725_ego_345,1,14725,14725,14733,vehicle_vehicle,0.3245888242356748,1.5566383750505024,1.9168337608010584,12.463579037339152,15.0,3.0,3.5,0.8,0.02005517389602992,0.07219862602570772
6,356,14655,10,91.0144,-19.5367,233.6287,2.2482,5.2722,-4.4924,-5.3697,-1.2713,1.0539,6.9877,0.4329,-0.0947,1.6486,car,345,50.7135,-45.1226,1.1601,-0.4351,1.2385,0.0356,341.0853,1.239009289714972,4.460433442973899,40.30089999999999,25.5859,-5.6525,-4.9346,7.503401456006468,47.73678685898329,0,06_345_354_14725_ego_345,0,14725,14725,14733,vehicle_vehicle,0.3245888242356748,1.5566383750505024,1.9168337608010584,12.463579037339152,15.0,3.0,3.5,0.8,0.02005517389602992,0.07219862602570772
6,345,14656,181,50.7591,-45.1395,341.0538,2.0385,4.741,1.1416,-0.4276,-0.4371,0.1636,1.2186,0.0338,-0.4666,-0.0128,car,345,50.7591,-45.1395,1.1416,-0.4276,1.2186,0.0338,341.0538,1.2190538626328207,4.388593905478155,0.0,0.0,0.0,0.0,0.0,0.0,1,06_345_354_14725_ego_345,1,14725,14725,14733,vehicle_vehicle,0.3245888242356748,1.5566383750505024,1.9168337608010584,12.463579037339152,15.0,3.0,3.5,0.8,0.02005517389602992,0.07219862602570772
6,346,14656,171,46.1905,-43.5105,341.7643,1.8132,2.8113,1.1615,-0.3801,-0.4511,0.1221,1.2222,-0.0025,-0.4667,0.0252,trailer,345,50.7591,-45.1395,1.1416,-0.4276,1.2186,0.0338,341.0538,1.2190538626328207,4.388593905478155,-4.568599999999996,1.6289999999999978,0.01990000000000003,0.04749999999999999,0.05150009708728713,4.850334726593616,0,06_345_354_14725_ego_345,0,14725,14725,14733,vehicle_vehicle,0.3245888242356748,1.5566383750505024,1.9168337608010584,12.463579037339152,15.0,3.0,3.5,0.8,0.02005517389602992,0.07219862602570772
6,350,14656,121,65.4954,-35.7219,234.9233,1.9906,4.1702,-3.9305,-6.0507,2.1169,-0.9432,7.2105,-0.2605,-0.4446,-2.2745,car,345,50.7591,-45.1395,1.1416,-0.4276,1.2186,0.0338,341.0538,1.2190538626328207,4.388593905478155,14.736300000000007,9.4176,-5.0721,-5.6231,7.572677995266932,17.488559902118876,0,06_345_354_14725_ego_345,0,14725,14725,14733,vehicle_vehicle,0.3245888242356748,1.5566383750505024,1.9168337608010584,12.463579037339152,15.0,3.0,3.5,0.8,0.02005517389602992,0.07219862602570772
6,354,14656,59,79.3131,-23.5602,198.9028,2.0931,4.5353,-6.4825,-1.9535,-1.3555,0.1433,6.7658,0.2519,1.2359,0.5747,car,345,50.7591,-45.1395,1.1416,-0.4276,1.2186,0.0338,341.0538,1.2190538626328207,4.388593905478155,28.55400000000001,21.5793,-7.6241,-1.5259,7.7752988122643885,35.79101988613905,0,06_345_354_14725_ego_345,1,14725,14725,14733,vehicle_vehicle,0.3245888242356748,1.5566383750505024,1.9168337608010584,12.463579037339152,15.0,3.0,3.5,0.8,0.02005517389602992,0.07219862602570772
6,356,14656,11,90.8321,-19.754,233.1146,2.2482,5.2722,-4.5434,-5.324,-1.2623,1.1321,6.9853,0.4384,-0.1478,1.6892,car,345,50.7591,-45.1395,1.1416,-0.4276,1.2186,0.0338,341.0538,1.2190538626328207,4.388593905478155,40.073,25.385499999999997,-5.6850000000000005,-4.8964,7.502929958356269,47.436999686426205,0,06_345_354_14725_ego_345,0,14725,14725,14733,vehicle_vehicle,0.3245888242356748,1.5566383750505024,1.9168337608010584,12.463579037339152,15.0,3.0,3.5,0.8,0.02005517389602992,0.07219862602570772
6,345,14657,182,50.8034,-45.1558,341.0263,2.0385,4.741,1.1238,-0.4205,-0.4291,0.1597,1.1995,0.0323,-0.4577,-0.0115,car,345,50.8034,-45.1558,1.1238,-0.4205,1.1995,0.0323,341.0263,1.1998944495246238,4.319620018288646,0.0,0.0,0.0,0.0,0.0,0.0,1,06_345_354_14725_ego_345,1,14725,14725,14733,vehicle_vehicle,0.3245888242356748,1.5566383750505024,1.9168337608010584,12.463579037339152,15.0,3.0,3.5,0.8,0.02005517389602992,0.07219862602570772
6,346,14657,172,46.2357,-43.5254,341.76,1.8132,2.8113,1.1426,-0.3754,-0.444,0.1208,1.2027,-0.0011,-0.4595,0.0242,trailer,345,50.8034,-45.1558,1.1238,-0.4205,1.1995,0.0323,341.0263,1.1998944495246238,4.319620018288646,-4.567700000000002,1.6304000000000016,0.01880000000000015,0.04509999999999997,0.0488615390670413,4.849957468885683,0,06_345_354_14725_ego_345,0,14725,14725,14733,vehicle_vehicle,0.3245888242356748,1.5566383750505024,1.9168337608010584,12.463579037339152,15.0,3.0,3.5,0.8,0.02005517389602992,0.07219862602570772
6,350,14657,122,65.3407,-35.9658,235.6827,1.9906,4.1702,-3.8436,-6.089,2.1255,-0.8985,7.196,-0.2583,-0.4562,-2.2621,car,345,50.8034,-45.1558,1.1238,-0.4205,1.1995,0.0323,341.0263,1.1998944495246238,4.319620018288646,14.537299999999995,9.189999999999998,-4.9674,-5.668500000000001,7.537038875447042,17.19852293919451,0,06_345_354_14725_ego_345,0,14725,14725,14733,vehicle_vehicle,0.3245888242356748,1.5566383750505024,1.9168337608010584,12.463579037339152,15.0,3.0,3.5,0.8,0.02005517389602992,0.07219862602570772
6,354,14657,60,79.0524,-23.6371,198.4334,2.0931,4.5353,-6.5403,-1.9475,-1.2918,0.0313,6.8205,0.2205,1.2156,0.4382,car,345,50.8034,-45.1558,1.1238,-0.4205,1.1995,0.0323,341.0263,1.1998944495246238,4.319620018288646,28.249000000000002,21.5187,-7.6641,-1.5270000000000001,7.814739778777026,35.51141296386276,0,06_345_354_14725_ego_345,1,14725,14725,14733,vehicle_vehicle,0.3245888242356748,1.5566383750505024,1.9168337608010584,12.463579037339152,15.0,3.0,3.5,0.8,0.02005517389602992,0.07219862602570772
6,356,14657,12,90.6483,-19.9693,232.5665,2.2482,5.2722,-4.5936,-5.2738,-1.2535,1.206,6.9799,0.4419,-0.1958,1.7284,car,345,50.8034,-45.1558,1.1238,-0.4205,1.1995,0.0323,341.0263,1.1998944495246238,4.319620018288646,39.8449,25.1865,-5.7174000000000005,-4.8533,7.4995455628991285,47.137838710106344,0,06_345_354_14725_ego_345,0,14725,14725,14733,vehicle_vehicle,0.3245888242356748,1.5566383750505024,1.9168337608010584,12.463579037339152,15.0,3.0,3.5,0.8,0.02005517389602992,0.07219862602570772
6,345,14658,183,50.8471,-45.1717,341.005,2.0385,4.741,1.1067,-0.4139,-0.421,0.1553,1.1811,0.0312,-0.4486,-0.0099,car,345,50.8471,-45.1717,1.1067,-0.4139,1.1811,0.0312,341.005,1.181565952454623,4.253637428836643,0.0,0.0,0.0,0.0,0.0,0.0,1,06_345_354_14725_ego_345,1,14725,14725,14733,vehicle_vehicle,0.3245888242356748,1.5566383750505024,1.9168337608010584,12.463579037339152,15.0,3.0,3.5,0.8,0.02005517389602992,0.07219862602570772
6,346,14658,173,46.2807,-43.5405,341.7587,1.8132,2.8113,1.1242,-0.3707,-0.4361,0.1197,1.1837,0.0002,-0.4516,0.0228,trailer,345,50.8471,-45.1717,1.1067,-0.4139,1.1811,0.0312,341.005,1.181565952454623,4.253637428836643,-4.5663999999999945,1.6311999999999998,0.01750000000000007,0.043200000000000016,0.04660997747263995,4.849002206640037,0,06_345_354_14725_ego_345,0,14725,14725,14733,vehicle_vehicle,0.3245888242356748,1.5566383750505024,1.9168337608010584,12.463579037339152,15.0,3.0,3.5,0.8,0.02005517389602992,0.07219862602570772
6,350,14658,123,65.1891,-36.2112,236.4276,1.9906,4.1702,-3.7565,-6.1251,2.1321,-0.8534,7.1807,-0.2573,-0.468,-2.2484,car,345,50.8471,-45.1717,1.1067,-0.4139,1.1811,0.0312,341.005,1.181565952454623,4.253637428836643,14.341999999999999,8.960500000000003,-4.8632,-5.7112,7.5012345437267856,16.91104740251177,0,06_345_354_14725_ego_345,0,14725,14725,14733,vehicle_vehicle,0.3245888242356748,1.5566383750505024,1.9168337608010584,12.463579037339152,15.0,3.0,3.5,0.8,0.02005517389602992,0.07219862602570772
6,354,14658,61,78.7893,-23.7134,198.0191,2.0931,4.5353,-6.5953,-1.9465,-1.2246,-0.0806,6.8739,0.1891,1.1895,0.3022,car,345,50.8471,-45.1717,1.1067,-0.4139,1.1811,0.0312,341.005,1.181565952454623,4.253637428836643,27.9422,21.4583,-7.702,-1.5326,7.853003677574588,35.23102581149178,0,06_345_354_14725_ego_345,1,14725,14725,14733,vehicle_vehicle,0.3245888242356748,1.5566383750505024,1.9168337608010584,12.463579037339152,15.0,3.0,3.5,0.8,0.02005517389602992,0.07219862602570772
6,356,14658,13,90.4629,-20.1823,231.9971,2.2482,5.2722,-4.6431,-5.2195,-1.245,1.2745,6.9716,0.4451,-0.2377,1.7658,car,345,50.8471,-45.1717,1.1067,-0.4139,1.1811,0.0312,341.005,1.181565952454623,4.253637428836643,39.61580000000001,24.9894,-5.7498,-4.8056,7.493596693177449,46.838891126925716,0,06_345_354_14725_ego_345,0,14725,14725,14733,vehicle_vehicle,0.3245888242356748,1.5566383750505024,1.9168337608010584,12.463579037339152,15.0,3.0,3.5,0.8,0.02005517389602992,0.07219862602570772
6,345,14659,184,50.8907,-45.1877,340.9891,2.0385,4.741,1.0901,-0.4076,-0.413,0.1508,1.1634,0.0303,-0.4396,-0.0081,car,345,50.8907,-45.1877,1.0901,-0.4076,1.1634,0.0303,340.9891,1.1638108824031506,4.189719176651342,0.0,0.0,0.0,0.0,0.0,0.0,1,06_345_354_14725_ego_345,1,14725,14725,14733,vehicle_vehicle,0.3245888242356748,1.5566383750505024,1.9168337608010584,12.463579037339152,15.0,3.0,3.5,0.8,0.02005517389602992,0.07219862602570772
6,346,14659,174,46.3246,-43.5557,341.7482,1.8132,2.8113,1.1063,-0.3658,-0.4276,0.1185,1.1652,0.0009,-0.4432,0.0214,trailer,345,50.8907,-45.1877,1.0901,-0.4076,1.1634,0.0303,340.9891,1.1638108824031506,4.189719176651342,-4.566100000000006,1.631999999999998,0.016199999999999992,0.041800000000000004,0.044829454602972815,4.84898888532445,0,06_345_354_14725_ego_345,0,14725,14725,14733,vehicle_vehicle,0.3245888242356748,1.5566383750505024,1.9168337608010584,12.463579037339152,15.0,3.0,3.5,0.8,0.02005517389602992,0.07219862602570772
6,350,14659,124,65.0412,-36.4581,237.1543,1.9906,4.1702,-3.6695,-6.159,2.1367,-0.8084,7.1646,-0.2577,-0.4797,-2.2336,car,345,50.8907,-45.1877,1.0901,-0.4076,1.1634,0.0303,340.9891,1.1638108824031506,4.189719176651342,14.150500000000001,8.729599999999998,-4.759600000000001,-5.751399999999999,7.465413191511907,16.626562074283427,0,06_345_354_14725_ego_345,0,14725,14725,14733,vehicle_vehicle,0.3245888242356748,1.5566383750505024,1.9168337608010584,12.463579037339152,15.0,3.0,3.5,0.8,0.02005517389602992,0.07219862602570772
6,354,14659,62,78.5238,-23.7899,197.662,2.0931,4.5353,-6.6474,-1.9506,-1.1542,-0.192,6.9259,0.1581,1.158,0.1673,car,345,50.8907,-45.1877,1.0901,-0.4076,1.1634,0.0303,340.9891,1.1638108824031506,4.189719176651342,27.633099999999992,21.3978,-7.737500000000001,-1.543,7.889851408613473,34.949307009581744,0,06_345_354_14725_ego_345,1,14725,14725,14733,vehicle_vehicle,0.3245888242356748,1.5566383750505024,1.9168337608010584,12.463579037339152,15.0,3.0,3.5,0.8,0.02005517389602992,0.07219862602570772
6,356,14659,14,90.2754,-20.3923,231.4085,2.2482,5.2722,-4.6921,-5.1615,-1.2373,1.3365,6.9611,0.4478,-0.2728,1.8007,car,345,50.8907,-45.1877,1.0901,-0.4076,1.1634,0.0303,340.9891,1.1638108824031506,4.189719176651342,39.3847,24.7954,-5.7822,-4.7539,7.485546209195425,46.539944727620814,0,06_345_354_14725_ego_345,0,14725,14725,14733,vehicle_vehicle,0.3245888242356748,1.5566383750505024,1.9168337608010584,12.463579037339152,15.0,3.0,3.5,0.8,0.02005517389602992,0.07219862602570772
6,345,14660,185,50.9338,-45.2042,340.9764,2.0385,4.741,1.0738,-0.4014,-0.4053,0.1462,1.146,0.0295,-0.4308,-0.0061,car,345,50.9338,-45.2042,1.0738,-0.4014,1.146,0.0295,340.9764,1.1463718419430933,4.126938630995136,0.0,0.0,0.0,0.0,0.0,0.0,1,06_345_354_14725_ego_345,1,14725,14725,14733,vehicle_vehicle,0.3245888242356748,1.5566383750505024,1.9168337608010584,12.463579037339152,15.0,3.0,3.5,0.8,0.02005517389602992,0.07219862602570772
6,346,14660,175,46.3684,-43.5706,341.7653,1.8132,2.8113,1.0888,-0.3608,-0.4187,0.1172,1.147,0.002,-0.4344,0.0197,trailer,345,50.9338,-45.2042,1.0738,-0.4014,1.146,0.0295,340.9764,1.1463718419430933,4.126938630995136,-4.565399999999997,1.6336000000000013,0.014999999999999902,0.04059999999999997,0.04328232895767041,4.848868540185429,0,06_345_354_14725_ego_345,0,14725,14725,14733,vehicle_vehicle,0.3245888242356748,1.5566383750505024,1.9168337608010584,12.463579037339152,15.0,3.0,3.5,0.8,0.02005517389602992,0.07219862602570772
6,350,14660,125,64.897,-36.7061,237.8872,1.9906,4.1702,-3.5826,-6.1906,2.1397,-0.7639,7.1479,-0.2564,-0.4905,-2.2184,car,345,50.9338,-45.2042,1.0738,-0.4014,1.146,0.0295,340.9764,1.1463718419430933,4.126938630995136,13.963200000000008,8.4981,-4.6564,-5.7892,7.42946146096741,16.345906455440158,0,06_345_354_14725_ego_345,0,14725,14725,14733,vehicle_vehicle,0.3245888242356748,1.5566383750505024,1.9168337608010584,12.463579037339152,15.0,3.0,3.5,0.8,0.02005517389602992,0.07219862602570772
6,354,14660,63,78.256,-23.8667,197.3433,2.0931,4.5353,-6.6962,-1.9597,-1.0809,-0.3021,6.976,0.1255,1.1219,0.0338,car,345,50.9338,-45.2042,1.0738,-0.4014,1.146,0.0295,340.9764,1.1463718419430933,4.126938630995136,27.322200000000002,21.3375,-7.7700000000000005,-1.5583,7.924720745237652,34.66686485810334,0,06_345_354_14725_ego_345,1,14725,14725,14733,vehicle_vehicle,0.3245888242356748,1.5566383750505024,1.9168337608010584,12.463579037339152,15.0,3.0,3.5,0.8,0.02005517389602992,0.07219862602570772
6,356,14660,15,90.0856,-20.5995,230.808,2.2482,5.2722,-4.7402,-5.1004,-1.2307,1.3911,6.9484,0.4508,-0.3005,1.8329,car,345,50.9338,-45.2042,1.0738,-0.4014,1.146,0.0295,340.9764,1.1463718419430933,4.126938630995136,39.1518,24.6047,-5.814,-4.699,7.475506471136253,46.24126626001931,0,06_345_354_14725_ego_345,0,14725,14725,14733,vehicle_vehicle,0.3245888242356748,1.5566383750505024,1.9168337608010584,12.463579037339152,15.0,3.0,3.5,0.8,0.02005517389602992,0.07219862602570772
6,345,14661,186,50.9761,-45.2197,340.9549,2.0385,4.741,1.058,-0.3955,-0.3979,0.1415,1.1291,0.0286,-0.4223,-0.0039,car,345,50.9761,-45.2197,1.058,-0.3955,1.1291,0.0286,340.9549,1.12950619741549,4.066222310695764,0.0,0.0,0.0,0.0,0.0,0.0,1,06_345_354_14725_ego_345,1,14725,14725,14733,vehicle_vehicle,0.3245888242356748,1.5566383750505024,1.9168337608010584,12.463579037339152,15.0,3.0,3.5,0.8,0.02005517389602992,0.07219862602570772
6,346,14661,176,46.4111,-43.5849,341.7648,1.8132,2.8113,1.0718,-0.3559,-0.4095,0.1157,1.1294,0.0026,-0.4251,0.0183,trailer,345,50.9761,-45.2197,1.058,-0.3955,1.1291,0.0286,340.9549,1.12950619741549,4.066222310695764,-4.565000000000005,1.6348000000000056,0.013800000000000034,0.039600000000000024,0.04193566501201576,4.848896373402928,0,06_345_354_14725_ego_345,0,14725,14725,14733,vehicle_vehicle,0.3245888242356748,1.5566383750505024,1.9168337608010584,12.463579037339152,15.0,3.0,3.5,0.8,0.02005517389602992,0.07219862602570772
6,350,14661,126,64.7563,-36.9553,238.6148,1.9906,4.1702,-3.4959,-6.2201,2.1415,-0.7203,7.1306,-0.255,-0.5004,-2.2033,car,345,50.9761,-45.2197,1.058,-0.3955,1.1291,0.0286,340.9549,1.12950619741549,4.066222310695764,13.780199999999994,8.264400000000002,-4.5539,-5.8246,7.393508664362273,16.06842305268317,0,06_345_354_14725_ego_345,0,14725,14725,14733,vehicle_vehicle,0.3245888242356748,1.5566383750505024,1.9168337608010584,12.463579037339152,15.0,3.0,3.5,0.8,0.02005517389602992,0.07219862602570772
6,354,14661,64,77.9863,-23.9445,197.0652,2.0931,4.5353,-6.7418,-1.9736,-1.0052,-0.4107,7.0241,0.0917,1.0815,-0.0976,car,345,50.9761,-45.2197,1.058,-0.3955,1.1291,0.0286,340.9549,1.12950619741549,4.066222310695764,27.010199999999998,21.2752,-7.799799999999999,-1.5781,7.957843907114539,34.38291783836852,0,06_345_354_14725_ego_345,1,14725,14725,14733,vehicle_vehicle,0.3245888242356748,1.5566383750505024,1.9168337608010584,12.463579037339152,15.0,3.0,3.5,0.8,0.02005517389602992,0.07219862602570772
6,356,14661,16,89.8941,-20.8038,230.1937,2.2482,5.2722,-4.7878,-5.0365,-1.2256,1.4378,6.9342,0.4537,-0.3199,1.8619,car,345,50.9761,-45.2197,1.058,-0.3955,1.1291,0.0286,340.9549,1.12950619741549,4.066222310695764,38.91799999999999,24.415900000000004,-5.8458,-4.641,7.464064485251987,45.942865570292845,0,06_345_354_14725_ego_345,0,14725,14725,14733,vehicle_vehicle,0.3245888242356748,1.5566383750505024,1.9168337608010584,12.463579037339152,15.0,3.0,3.5,0.8,0.02005517389602992,0.07219862602570772
6,345,14662,187,51.0186,-45.2353,340.9356,2.0385,4.741,1.0423,-0.3899,-0.3908,0.1367,1.1125,0.0281,-0.414,-0.0016,car,345,51.0186,-45.2353,1.0423,-0.3899,1.1125,0.0281,340.9356,1.1128392965743077,4.006221467667507,0.0,0.0,0.0,0.0,0.0,0.0,1,06_345_354_14725_ego_345,1,14725,14725,14733,vehicle_vehicle,0.3245888242356748,1.5566383750505024,1.9168337608010584,12.463579037339152,15.0,3.0,3.5,0.8,0.02005517389602992,0.07219862602570772
6,346,14662,177,46.4533,-43.5989,341.7536,1.8132,2.8113,1.0554,-0.3511,-0.4002,0.1139,1.1123,0.003,-0.4157,0.0171,trailer,345,51.0186,-45.2353,1.0423,-0.3899,1.1125,0.0281,340.9356,1.1128392965743077,4.006221467667507,-4.565300000000001,1.6364000000000019,0.01309999999999989,0.0388,0.040951800937199294,4.849718450590716,0,06_345_354_14725_ego_345,0,14725,14725,14733,vehicle_vehicle,0.3245888242356748,1.5566383750505024,1.9168337608010584,12.463579037339152,15.0,3.0,3.5,0.8,0.02005517389602992,0.07219862602570772
6,350,14662,127,64.6189,-37.2055,239.3355,1.9906,4.1702,-3.4094,-6.2474,2.1423,-0.6779,7.1127,-0.2536,-0.5095,-2.1885,car,345,51.0186,-45.2353,1.0423,-0.3899,1.1125,0.0281,340.9356,1.1128392965743077,4.006221467667507,13.600299999999997,8.029800000000002,-4.451700000000001,-5.8575,7.357169234155213,15.793854758417906,0,06_345_354_14725_ego_345,0,14725,14725,14733,vehicle_vehicle,0.3245888242356748,1.5566383750505024,1.9168337608010584,12.463579037339152,15.0,3.0,3.5,0.8,0.02005517389602992,0.07219862602570772
6,354,14662,65,77.7149,-24.0234,196.8421,2.0931,4.5353,-6.7839,-1.9919,-0.9273,-0.5174,7.07,0.059,1.0375,-0.2266,car,345,51.0186,-45.2353,1.0423,-0.3899,1.1125,0.0281,340.9356,1.1128392965743077,4.006221467667507,26.6963,21.211900000000004,-7.8262,-1.6019999999999999,7.988479857895368,34.0974652327706,0,06_345_354_14725_ego_345,1,14725,14725,14733,vehicle_vehicle,0.3245888242356748,1.5566383750505024,1.9168337608010584,12.463579037339152,15.0,3.0,3.5,0.8,0.02005517389602992,0.07219862602570772
6,356,14662,17,89.7003,-21.0051,229.576,2.2482,5.2722,-4.8346,-4.9703,-1.2224,1.476,6.9187,0.4575,-0.3309,1.8876,car,345,51.0186,-45.2353,1.0423,-0.3899,1.1125,0.0281,340.9356,1.1128392965743077,4.006221467667507,38.6817,24.230200000000004,-5.8769,-4.5804,7.4510413882892905,45.64401939936929,0,06_345_354_14725_ego_345,0,14725,14725,14733,vehicle_vehicle,0.3245888242356748,1.5566383750505024,1.9168337608010584,12.463579037339152,15.0,3.0,3.5,0.8,0.02005517389602992,0.07219862602570772
6,345,14663,188,51.0605,-45.2507,340.9058,2.0385,4.741,1.0266,-0.3845,-0.3837,0.1321,1.0959,0.0275,-0.4058,0.0007,car,345,51.0605,-45.2507,1.0266,-0.3845,1.0959,0.0275,340.9058,1.096242587204128,3.9464733139348604,0.0,0.0,0.0,0.0,0.0,0.0,1,06_345_354_14725_ego_345,1,14725,14725,14733,vehicle_vehicle,0.3245888242356748,1.5566383750505024,1.9168337608010584,12.463579037339152,15.0,3.0,3.5,0.8,0.02005517389602992,0.07219862602570772
6,346,14663,178,46.4955,-43.6128,341.743,1.8132,2.8113,1.0392,-0.3464,-0.3907,0.112,1.0954,0.0034,-0.4062,0.016,trailer,345,51.0605,-45.2507,1.0266,-0.3845,1.0959,0.0275,340.9058,1.096242587204128,3.9464733139348604,-4.564999999999998,1.637900000000002,0.012599999999999945,0.03810000000000002,0.040129415644885744,4.849942413060178,0,06_345_354_14725_ego_345,0,14725,14725,14733,vehicle_vehicle,0.3245888242356748,1.5566383750505024,1.9168337608010584,12.463579037339152,15.0,3.0,3.5,0.8,0.02005517389602992,0.07219862602570772
6,350,14663,128,64.4848,-37.4568,240.0564,1.9906,4.1702,-3.3232,-6.2728,2.1425,-0.6372,7.0942,-0.2514,-0.5173,-2.1746,car,345,51.0605,-45.2507,1.0266,-0.3845,1.0959,0.0275,340.9058,1.096242587204128,3.9464733139348604,13.42430000000001,7.793900000000001,-4.3498,-5.8883,7.320712870342614,15.522780282539603,0,06_345_354_14725_ego_345,0,14725,14725,14733,vehicle_vehicle,0.3245888242356748,1.5566383750505024,1.9168337608010584,12.463579037339152,15.0,3.0,3.5,0.8,0.02005517389602992,0.07219862602570772
6,354,14663,66,77.4416,-24.1027,196.6843,2.0931,4.5353,-6.8224,-2.0149,-0.8478,-0.6221,7.1137,0.0286,0.9907,-0.3525,car,345,51.0605,-45.2507,1.0266,-0.3845,1.0959,0.0275,340.9058,1.096242587204128,3.9464733139348604,26.381099999999996,21.148000000000003,-7.849,-1.6303999999999998,8.016545712462445,33.811245780213426,0,06_345_354_14725_ego_345,1,14725,14725,14733,vehicle_vehicle,0.3245888242356748,1.5566383750505024,1.9168337608010584,12.463579037339152,15.0,3.0,3.5,0.8,0.02005517389602992,0.07219862602570772
6,356,14663,18,89.5046,-21.2029,228.9523,2.2482,5.2722,-4.8807,-4.9026,-1.2217,1.5055,6.9025,0.4614,-0.3331,1.91,car,345,51.0605,-45.2507,1.0266,-0.3845,1.0959,0.0275,340.9058,1.096242587204128,3.9464733139348604,38.4441,24.047800000000002,-5.9073,-4.5181,7.437030381812353,45.34584335581377,0,06_345_354_14725_ego_345,0,14725,14725,14733,vehicle_vehicle,0.3245888242356748,1.5566383750505024,1.9168337608010584,12.463579037339152,15.0,3.0,3.5,0.8,0.02005517389602992,0.07219862602570772
6,345,14664,189,51.1014,-45.2658,340.8789,2.0385,4.741,1.0112,-0.3793,-0.3767,0.1274,1.0797,0.0271,-0.3976,0.003,car,345,51.1014,-45.2658,1.0112,-0.3793,1.0797,0.0271,340.8789,1.0799971898111589,3.8879898833201723,0.0,0.0,0.0,0.0,0.0,0.0,1,06_345_354_14725_ego_345,1,14725,14725,14733,vehicle_vehicle,0.3245888242356748,1.5566383750505024,1.9168337608010584,12.463579037339152,15.0,3.0,3.5,0.8,0.02005517389602992,0.07219862602570772
6,346,14664,179,46.5367,-43.6264,341.7494,1.8132,2.8113,1.0235,-0.3418,-0.3812,0.11,1.079,0.0041,-0.3964,0.0149,trailer,345,51.1014,-45.2658,1.0112,-0.3793,1.0797,0.0271,340.8789,1.0799971898111589,3.8879898833201723,-4.564699999999995,1.639400000000002,0.012299999999999978,0.03750000000000003,0.03946568129400533,4.850166847645549,0,06_345_354_14725_ego_345,0,14725,14725,14733,vehicle_vehicle,0.3245888242356748,1.5566383750505024,1.9168337608010584,12.463579037339152,15.0,3.0,3.5,0.8,0.02005517389602992,0.07219862602570772
6,350,14664,129,64.3544,-37.709,240.7625,1.9906,4.1702,-3.2373,-6.2962,2.1423,-0.5983,7.0752,-0.2504,-0.5242,-2.1616,car,345,51.1014,-45.2658,1.0112,-0.3793,1.0797,0.0271,340.8789,1.0799971898111589,3.8879898833201723,13.253,7.5567999999999955,-4.2485,-5.9169,7.284192327224755,15.25605569077407,0,06_345_354_14725_ego_345,0,14725,14725,14733,vehicle_vehicle,0.3245888242356748,1.5566383750505024,1.9168337608010584,12.463579037339152,15.0,3.0,3.5,0.8,0.02005517389602992,0.07219862602570772
6,354,14664,67,77.1669,-24.1836,196.5859,2.0931,4.5353,-6.8573,-2.0421,-0.767,-0.7245,7.1549,0.0003,0.9419,-0.4754,car,345,51.1014,-45.2658,1.0112,-0.3793,1.0797,0.0271,340.8789,1.0799971898111589,3.8879898833201723,26.0655,21.0822,-7.868500000000001,-1.6628,8.042275554219714,33.524162138523316,0,06_345_354_14725_ego_345,1,14725,14725,14733,vehicle_vehicle,0.3245888242356748,1.5566383750505024,1.9168337608010584,12.463579037339152,15.0,3.0,3.5,0.8,0.02005517389602992,0.07219862602570772
6,356,14664,19,89.3079,-21.3979,228.3297,2.2482,5.2722,-4.9267,-4.8336,-1.2238,1.5263,6.8861,0.4665,-0.3264,1.9289,car,345,51.1014,-45.2658,1.0112,-0.3793,1.0797,0.0271,340.8789,1.0799971898111589,3.8879898833201723,38.206500000000005,23.8679,-5.937900000000001,-4.4543,7.422900033005969,45.049009896556,0,06_345_354_14725_ego_345,0,14725,14725,14733,vehicle_vehicle,0.3245888242356748,1.5566383750505024,1.9168337608010584,12.463579037339152,15.0,3.0,3.5,0.8,0.02005517389602992,0.07219862602570772
6,345,14665,190,51.1412,-45.2807,340.8514,2.0385,4.741,0.9962,-0.3744,-0.3696,0.123,1.0639,0.0269,-0.3895,0.0051,car,345,51.1412,-45.2807,0.9962,-0.3744,1.0639,0.0269,340.8514,1.064232023573807,3.831235284865705,0.0,0.0,0.0,0.0,0.0,0.0,1,06_345_354_14725_ego_345,1,14725,14725,14733,vehicle_vehicle,0.3245888242356748,1.5566383750505024,1.9168337608010584,12.463579037339152,15.0,3.0,3.5,0.8,0.02005517389602992,0.07219862602570772
6,346,14665,180,46.5773,-43.6399,341.7594,1.8132,2.8113,1.0081,-0.3374,-0.3714,0.1079,1.063,0.0049,-0.3866,0.0137,trailer,345,51.1412,-45.2807,0.9962,-0.3744,1.0639,0.0269,340.8514,1.064232023573807,3.831235284865705,-4.563899999999997,1.6408000000000058,0.011900000000000022,0.03700000000000003,0.038866566609362385,4.849887405909542,0,06_345_354_14725_ego_345,0,14725,14725,14733,vehicle_vehicle,0.3245888242356748,1.5566383750505024,1.9168337608010584,12.463579037339152,15.0,3.0,3.5,0.8,0.02005517389602992,0.07219862602570772
6,350,14665,130,64.2273,-37.9618,241.4579,1.9906,4.1702,-3.1516,-6.3178,2.142,-0.5617,7.0559,-0.2501,-0.53,-2.15,car,345,51.1412,-45.2807,0.9962,-0.3744,1.0639,0.0269,340.8514,1.064232023573807,3.831235284865705,13.086100000000002,7.318900000000006,-4.1478,-5.9434000000000005,7.247637435744148,14.993742375404485,0,06_345_354_14725_ego_345,0,14725,14725,14733,vehicle_vehicle,0.3245888242356748,1.5566383750505024,1.9168337608010584,12.463579037339152,15.0,3.0,3.5,0.8,0.02005517389602992,0.07219862602570772
6,354,14665,68,76.8912,-24.2655,196.5468,2.0931,4.5353,-6.8887,-2.0735,-0.6854,-0.8244,7.194,-0.0258,0.8918,-0.5951,car,345,51.1412,-45.2807,0.9962,-0.3744,1.0639,0.0269,340.8514,1.064232023573807,3.831235284865705,25.75,21.015200000000004,-7.8849,-1.6991,8.0658904542524,33.237044559346735,0,06_345_354_14725_ego_345,1,14725,14725,14733,vehicle_vehicle,0.3245888242356748,1.5566383750505024,1.9168337608010584,12.463579037339152,15.0,3.0,3.5,0.8,0.02005517389602992,0.07219862602570772
6,356,14665,20,89.1097,-21.5897,227.6991,2.2482,5.2722,-4.9726,-4.7639,-1.229,1.5384,6.8702,0.4716,-0.3107,1.9443,car,345,51.1412,-45.2807,0.9962,-0.3744,1.0639,0.0269,340.8514,1.064232023573807,3.831235284865705,37.968500000000006,23.691000000000003,-5.9688,-4.3895,7.409067666717588,44.75344090961052,0,06_345_354_14725_ego_345,0,14725,14725,14733,vehicle_vehicle,0.3245888242356748,1.5566383750505024,1.9168337608010584,12.463579037339152,15.0,3.0,3.5,0.8,0.02005517389602992,0.07219862602570772
6,345,14666,191,51.1802,-45.2956,340.8292,2.0385,4.741,0.9818,-0.3697,-0.3628,0.1187,1.0487,0.0268,-0.3816,0.007,car,345,51.1802,-45.2956,0.9818,-0.3697,1.0487,0.0268,340.8292,1.0490992946332582,3.77675746067973,0.0,0.0,0.0,0.0,0.0,0.0,1,06_345_354_14725_ego_345,1,14725,14725,14733,vehicle_vehicle,0.3245888242356748,1.5566383750505024,1.9168337608010584,12.463579037339152,15.0,3.0,3.5,0.8,0.02005517389602992,0.07219862602570772
6,346,14666,181,46.6164,-43.6531,341.7573,1.8132,2.8113,0.9935,-0.3331,-0.3618,0.1058,1.0478,0.0053,-0.3767,0.0127,trailer,345,51.1802,-45.2956,0.9818,-0.3697,1.0487,0.0268,340.8292,1.0490992946332582,3.77675746067973,-4.5638000000000005,1.6424999999999983,0.011700000000000044,0.036599999999999966,0.03842460149435513,4.850368716912148,0,06_345_354_14725_ego_345,0,14725,14725,14733,vehicle_vehicle,0.3245888242356748,1.5566383750505024,1.9168337608010584,12.463579037339152,15.0,3.0,3.5,0.8,0.02005517389602992,0.07219862602570772
6,350,14666,131,64.1029,-38.2151,242.1404,1.9906,4.1702,-3.0659,-6.338,2.1417,-0.5274,7.0361,-0.2512,-0.5346,-2.1399,car,345,51.1802,-45.2956,0.9818,-0.3697,1.0487,0.0268,340.8292,1.0490992946332582,3.77675746067973,12.922700000000006,7.080500000000001,-4.0477,-5.9683,7.211413188827832,14.735320001275852,0,06_345_354_14725_ego_345,0,14725,14725,14733,vehicle_vehicle,0.3245888242356748,1.5566383750505024,1.9168337608010584,12.463579037339152,15.0,3.0,3.5,0.8,0.02005517389602992,0.07219862602570772
6,354,14666,69,76.6149,-24.3489,196.5629,2.0931,4.5353,-6.9167,-2.109,-0.6031,-0.9219,7.2309,-0.0498,0.8409,-0.7117,car,345,51.1802,-45.2956,0.9818,-0.3697,1.0487,0.0268,340.8292,1.0490992946332582,3.77675746067973,25.434700000000007,20.9467,-7.898499999999999,-1.7393,8.087735575548944,32.949783079407375,0,06_345_354_14725_ego_345,1,14725,14725,14733,vehicle_vehicle,0.3245888242356748,1.5566383750505024,1.9168337608010584,12.463579037339152,15.0,3.0,3.5,0.8,0.02005517389602992,0.07219862602570772
6,356,14666,21,88.9107,-21.7789,227.0642,2.2482,5.2722,-5.0191,-4.6938,-1.2369,1.5418,6.8553,0.4773,-0.2863,1.9558,car,345,51.1802,-45.2956,0.9818,-0.3697,1.0487,0.0268,340.8292,1.0490992946332582,3.77675746067973,37.730500000000006,23.5167,-6.0009,-4.3241000000000005,7.39652902515768,44.45926010562929,0,06_345_354_14725_ego_345,0,14725,14725,14733,vehicle_vehicle,0.3245888242356748,1.5566383750505024,1.9168337608010584,12.463579037339152,15.0,3.0,3.5,0.8,0.02005517389602992,0.07219862602570772
6,345,14667,192,51.2188,-45.3103,340.806,2.0385,4.741,0.9677,-0.3651,-0.3563,0.1146,1.0339,0.0267,-0.3742,0.0089,car,345,51.2188,-45.3103,0.9677,-0.3651,1.0339,0.0267,340.806,1.0342829883547346,3.723418758077045,0.0,0.0,0.0,0.0,0.0,0.0,1,06_345_354_14725_ego_345,1,14725,14725,14733,vehicle_vehicle,0.3245888242356748,1.5566383750505024,1.9168337608010584,12.463579037339152,15.0,3.0,3.5,0.8,0.02005517389602992,0.07219862602570772
6,346,14667,182,46.655,-43.6665,341.7476,1.8132,2.8113,0.9796,-0.3288,-0.3525,0.1038,1.0333,0.0055,-0.3673,0.0119,trailer,345,51.2188,-45.3103,0.9677,-0.3651,1.0339,0.0267,340.806,1.0342829883547346,3.723418758077045,-4.5638000000000005,1.6437999999999988,0.011900000000000022,0.0363,0.03820078533224154,4.850809095398416,0,06_345_354_14725_ego_345,0,14725,14725,14733,vehicle_vehicle,0.3245888242356748,1.5566383750505024,1.9168337608010584,12.463579037339152,15.0,3.0,3.5,0.8,0.02005517389602992,0.07219862602570772
6,350,14667,132,63.9819,-38.469,242.8186,1.9906,4.1702,-2.9802,-6.3568,2.1413,-0.4953,7.0161,-0.2527,-0.5375,-2.1311,car,345,51.2188,-45.3103,0.9677,-0.3651,1.0339,0.0267,340.806,1.0342829883547346,3.723418758077045,12.763100000000001,6.841299999999997,-3.9478999999999997,-5.9917,7.175401264040918,14.481025768225123,0,06_345_354_14725_ego_345,0,14725,14725,14733,vehicle_vehicle,0.3245888242356748,1.5566383750505024,1.9168337608010584,12.463579037339152,15.0,3.0,3.5,0.8,0.02005517389602992,0.07219862602570772
6,354,14667,70,76.3373,-24.4336,196.6327,2.0931,4.5353,-6.9412,-2.1486,-0.5204,-1.0168,7.2658,-0.0719,0.7896,-0.8253,car,345,51.2188,-45.3103,0.9677,-0.3651,1.0339,0.0267,340.806,1.0342829883547346,3.723418758077045,25.118499999999997,20.8767,-7.9089,-1.7835,8.107500938020298,32.66153157982644,0,06_345_354_14725_ego_345,1,14725,14725,14733,vehicle_vehicle,0.3245888242356748,1.5566383750505024,1.9168337608010584,12.463579037339152,15.0,3.0,3.5,0.8,0.02005517389602992,0.07219862602570772
6,356,14667,22,88.7107,-21.9656,226.4132,2.2482,5.2722,-5.0666,-4.6235,-1.2472,1.5367,6.8421,0.4823,-0.2532,1.9628,car,345,51.2188,-45.3103,0.9677,-0.3651,1.0339,0.0267,340.806,1.0342829883547346,3.723418758077045,37.4919,23.3447,-6.0343,-4.2584,7.3855769612129825,44.165796536460206,0,06_345_354_14725_ego_345,0,14725,14725,14733,vehicle_vehicle,0.3245888242356748,1.5566383750505024,1.9168337608010584,12.463579037339152,15.0,3.0,3.5,0.8,0.02005517389602992,0.07219862602570772
6,345,14668,193,51.2568,-45.3245,340.7823,2.0385,4.741,0.9541,-0.3608,-0.3504,0.1108,1.0197,0.0267,-0.3673,0.0107,car,345,51.2568,-45.3245,0.9541,-0.3608,1.0197,0.0267,340.7823,1.020040906042498,3.672147261752993,0.0,0.0,0.0,0.0,0.0,0.0,1,06_345_354_14725_ego_345,1,14725,14725,14733,vehicle_vehicle,0.3245888242356748,1.5566383750505024,1.9168337608010584,12.463579037339152,15.0,3.0,3.5,0.8,0.02005517389602992,0.07219862602570772
6,346,14668,183,46.6929,-43.6791,341.7307,1.8132,2.8113,0.9664,-0.3248,-0.344,0.1017,1.0196,0.0055,-0.3586,0.0112,trailer,345,51.2568,-45.3245,0.9541,-0.3608,1.0197,0.0267,340.7823,1.020040906042498,3.672147261752993,-4.563899999999997,1.6454000000000022,0.012300000000000089,0.03600000000000003,0.03804326484412194,4.851445595902316,0,06_345_354_14725_ego_345,0,14725,14725,14733,vehicle_vehicle,0.3245888242356748,1.5566383750505024,1.9168337608010584,12.463579037339152,15.0,3.0,3.5,0.8,0.02005517389602992,0.07219862602570772
6,350,14668,133,63.8639,-38.7237,243.5097,1.9906,4.1702,-2.8943,-6.3742,2.1409,-0.4657,6.996,-0.2527,-0.5382,-2.1238,car,345,51.2568,-45.3245,0.9541,-0.3608,1.0197,0.0267,340.7823,1.020040906042498,3.672147261752993,12.607100000000003,6.6008,-3.8484,-6.0134,7.139409087592614,14.23058435377831,0,06_345_354_14725_ego_345,0,14725,14725,14733,vehicle_vehicle,0.3245888242356748,1.5566383750505024,1.9168337608010584,12.463579037339152,15.0,3.0,3.5,0.8,0.02005517389602992,0.07219862602570772
6,354,14668,71,76.0592,-24.5201,196.7495,2.0931,4.5353,-6.9624,-2.1921,-0.4372,-1.1089,7.2988,-0.0926,0.7382,-0.9358,car,345,51.2568,-45.3245,0.9541,-0.3608,1.0197,0.0267,340.7823,1.020040906042498,3.672147261752993,24.802400000000006,20.8044,-7.916499999999999,-1.8313,8.125554254326284,32.37255172395282,0,06_345_354_14725_ego_345,1,14725,14725,14733,vehicle_vehicle,0.3245888242356748,1.5566383750505024,1.9168337608010584,12.463579037339152,15.0,3.0,3.5,0.8,0.02005517389602992,0.07219862602570772
6,356,14668,23,88.5093,-22.1493,225.7537,2.2482,5.2722,-5.1155,-4.5534,-1.2589,1.5229,6.8311,0.4874,-0.2125,1.9644,car,345,51.2568,-45.3245,0.9541,-0.3608,1.0197,0.0267,340.7823,1.020040906042498,3.672147261752993,37.2525,23.1752,-6.069599999999999,-4.1926,7.3768515587613654,43.87298315922909,0,06_345_354_14725_ego_345,0,14725,14725,14733,vehicle_vehicle,0.3245888242356748,1.5566383750505024,1.9168337608010584,12.463579037339152,15.0,3.0,3.5,0.8,0.02005517389602992,0.07219862602570772
6,345,14669,194,51.2946,-45.3385,340.7566,2.0385,4.741,0.9407,-0.3568,-0.3451,0.1073,1.0057,0.0268,-0.3612,0.0124,car,345,51.2946,-45.3385,0.9407,-0.3568,1.0057,0.0268,340.7566,1.0060928038704977,3.621934093933792,0.0,0.0,0.0,0.0,0.0,0.0,1,06_345_354_14725_ego_345,1,14725,14725,14733,vehicle_vehicle,0.3245888242356748,1.5566383750505024,1.9168337608010584,12.463579037339152,15.0,3.0,3.5,0.8,0.02005517389602992,0.07219862602570772
6,346,14669,184,46.7306,-43.6912,341.7083,1.8132,2.8113,0.9539,-0.3213,-0.3366,0.1,1.0065,0.0056,-0.351,0.0107,trailer,345,51.2946,-45.3385,0.9407,-0.3568,1.0057,0.0268,340.7566,1.0060928038704977,3.621934093933792,-4.564,1.6473000000000013,0.01319999999999999,0.03550000000000003,0.037874661714660925,4.85218438334736,0,06_345_354_14725_ego_345,0,14725,14725,14733,vehicle_vehicle,0.3245888242356748,1.5566383750505024,1.9168337608010584,12.463579037339152,15.0,3.0,3.5,0.8,0.02005517389602992,0.07219862602570772
6,350,14669,134,63.749,-38.9788,244.1962,1.9906,4.1702,-2.8082,-6.3906,2.1401,-0.4383,6.9758,-0.2536,-0.537,-2.1175,car,345,51.2946,-45.3385,0.9407,-0.3568,1.0057,0.0268,340.7566,1.0060928038704977,3.621934093933792,12.4544,6.359700000000004,-3.7489,-6.0338,7.1035901944017015,13.984200493771535,0,06_345_354_14725_ego_345,0,14725,14725,14733,vehicle_vehicle,0.3245888242356748,1.5566383750505024,1.9168337608010584,12.463579037339152,15.0,3.0,3.5,0.8,0.02005517389602992,0.07219862602570772
6,354,14669,72,75.78,-24.6084,196.9171,2.0931,4.5353,-6.9801,-2.2394,-0.3538,-1.1981,7.3297,-0.1113,0.6871,-1.0433,car,345,51.2946,-45.3385,0.9407,-0.3568,1.0057,0.0268,340.7566,1.0060928038704977,3.621934093933792,24.4854,20.730100000000004,-7.9208,-1.8825999999999998,8.141452904733896,32.08226705159721,0,06_345_354_14725_ego_345,1,14725,14725,14733,vehicle_vehicle,0.3245888242356748,1.5566383750505024,1.9168337608010584,12.463579037339152,15.0,3.0,3.5,0.8,0.02005517389602992,0.07219862602570772
6,356,14669,24,88.3049,-22.329,225.0812,2.2482,5.2722,-5.1653,-4.4843,-1.2714,1.5007,6.8226,0.4912,-0.1649,1.96,car,345,51.2946,-45.3385,0.9407,-0.3568,1.0057,0.0268,340.7566,1.0060928038704977,3.621934093933792,37.0103,23.009500000000003,-6.106,-4.1275,7.370175862894996,43.579804913973625,0,06_345_354_14725_ego_345,0,14725,14725,14733,vehicle_vehicle,0.3245888242356748,1.5566383750505024,1.9168337608010584,12.463579037339152,15.0,3.0,3.5,0.8,0.02005517389602992,0.07219862602570772
6,345,14670,195,51.3317,-45.3526,340.7278,2.0385,4.741,0.9276,-0.353,-0.3405,0.1043,0.9922,0.027,-0.3558,0.0139,car,345,51.3317,-45.3526,0.9276,-0.353,0.9922,0.027,340.7278,0.9924972342530733,3.572990043311064,0.0,0.0,0.0,0.0,0.0,0.0,1,06_345_354_14725_ego_345,1,14725,14725,14733,vehicle_vehicle,0.3245888242356748,1.5566383750505024,1.9168337608010584,12.463579037339152,15.0,3.0,3.5,0.8,0.02005517389602992,0.07219862602570772
6,346,14670,185,46.7682,-43.7037,341.7065,1.8132,2.8113,0.9418,-0.3179,-0.3306,0.0989,0.994,0.0062,-0.3449,0.0099,trailer,345,51.3317,-45.3526,0.9276,-0.353,0.9922,0.027,340.7278,0.9924972342530733,3.572990043311064,-4.563499999999998,1.6489000000000047,0.01419999999999999,0.035099999999999965,0.03786357088284196,4.852257563237961,0,06_345_354_14725_ego_345,0,14725,14725,14733,vehicle_vehicle,0.3245888242356748,1.5566383750505024,1.9168337608010584,12.463579037339152,15.0,3.0,3.5,0.8,0.02005517389602992,0.07219862602570772
6,350,14670,135,63.6383,-39.2352,244.8826,1.9906,4.1702,-2.722,-6.4058,2.1387,-0.4132,6.9554,-0.2545,-0.5337,-2.1118,car,345,51.3317,-45.3526,0.9276,-0.353,0.9922,0.027,340.7278,0.9924972342530733,3.572990043311064,12.306600000000003,6.1174000000000035,-3.6496,-6.0528,7.067953593509228,13.743179629183347,0,06_345_354_14725_ego_345,0,14725,14725,14733,vehicle_vehicle,0.3245888242356748,1.5566383750505024,1.9168337608010584,12.463579037339152,15.0,3.0,3.5,0.8,0.02005517389602992,0.07219862602570772
6,354,14670,73,75.4996,-24.6985,197.1305,2.0931,4.5353,-6.9942,-2.2904,-0.2703,-1.2844,7.3585,-0.1286,0.6366,-1.1478,car,345,51.3317,-45.3526,0.9276,-0.353,0.9922,0.027,340.7278,0.9924972342530733,3.572990043311064,24.167900000000003,20.654100000000003,-7.9218,-1.9374,8.155270320473749,31.791181752492314,0,06_345_354_14725_ego_345,1,14725,14725,14733,vehicle_vehicle,0.3245888242356748,1.5566383750505024,1.9168337608010584,12.463579037339152,15.0,3.0,3.5,0.8,0.02005517389602992,0.07219862602570772
6,356,14670,25,88.0987,-22.5062,224.4073,2.2482,5.2722,-5.2162,-4.4165,-1.2842,1.4706,6.8168,0.495,-0.1116,1.9492,car,345,51.3317,-45.3526,0.9276,-0.353,0.9922,0.027,340.7278,0.9924972342530733,3.572990043311064,36.766999999999996,22.846400000000003,-6.1438,-4.0635,7.366024076121391,43.28706829943557,0,06_345_354_14725_ego_345,0,14725,14725,14733,vehicle_vehicle,0.3245888242356748,1.5566383750505024,1.9168337608010584,12.463579037339152,15.0,3.0,3.5,0.8,0.02005517389602992,0.07219862602570772
6,345,14671,196,51.3684,-45.3667,340.6981,2.0385,4.741,0.9148,-0.3493,-0.3366,0.1017,0.9789,0.0272,-0.3513,0.0153,car,345,51.3684,-45.3667,0.9148,-0.3493,0.9789,0.0272,340.6981,0.9792188366243778,3.52518781184776,0.0,0.0,0.0,0.0,0.0,0.0,1,06_345_354_14725_ego_345,1,14725,14725,14733,vehicle_vehicle,0.3245888242356748,1.5566383750505024,1.9168337608010584,12.463579037339152,15.0,3.0,3.5,0.8,0.02005517389602992,0.07219862602570772
6,346,14671,186,46.8051,-43.7166,341.6792,1.8132,2.8113,0.9302,-0.3144,-0.3259,0.0983,0.9819,0.0061,-0.3403,0.0091,trailer,345,51.3684,-45.3667,0.9148,-0.3493,0.9789,0.0272,340.6981,0.9792188366243778,3.52518781184776,-4.563299999999998,1.650100000000002,0.01540000000000008,0.03489999999999999,0.038146690551081906,4.8524773981956875,0,06_345_354_14725_ego_345,0,14725,14725,14733,vehicle_vehicle,0.3245888242356748,1.5566383750505024,1.9168337608010584,12.463579037339152,15.0,3.0,3.5,0.8,0.02005517389602992,0.07219862602570772
6,350,14671,136,63.5307,-39.4919,245.5709,1.9906,4.1702,-2.6357,-6.4198,2.1366,-0.3905,6.9351,-0.2553,-0.5281,-2.1068,car,345,51.3684,-45.3667,0.9148,-0.3493,0.9789,0.0272,340.6981,0.9792188366243778,3.52518781184776,12.162300000000002,5.8748000000000005,-3.5505,-6.0705,7.032568556366869,13.506843314779365,0,06_345_354_14725_ego_345,0,14725,14725,14733,vehicle_vehicle,0.3245888242356748,1.5566383750505024,1.9168337608010584,12.463579037339152,15.0,3.0,3.5,0.8,0.02005517389602992,0.07219862602570772
6,354,14671,74,75.2184,-24.7906,197.3907,2.0931,4.5353,-7.0044,-2.345,-0.1871,-1.3675,7.3851,-0.1443,0.5873,-1.249,car,345,51.3684,-45.3667,0.9148,-0.3493,0.9789,0.0272,340.6981,0.9792188366243778,3.52518781184776,23.85,20.5761,-7.9192,-1.9957000000000003,8.166795401502354,31.499180802205004,0,06_345_354_14725_ego_345,1,14725,14725,14733,vehicle_vehicle,0.3245888242356748,1.5566383750505024,1.9168337608010584,12.463579037339152,15.0,3.0,3.5,0.8,0.02005517389602992,0.07219862602570772
6,356,14671,26,87.8903,-22.6802,223.7262,2.2482,5.2722,-5.2681,-4.3505,-1.2967,1.433,6.8141,0.4975,-0.0534,1.9318,car,345,51.3684,-45.3667,0.9148,-0.3493,0.9789,0.0272,340.6981,0.9792188366243778,3.52518781184776,36.521899999999995,22.686500000000002,-6.182899999999999,-4.0012,7.3646353507828195,42.99449338996798,0,06_345_354_14725_ego_345,0,14725,14725,14733,vehicle_vehicle,0.3245888242356748,1.5566383750505024,1.9168337608010584,12.463579037339152,15.0,3.0,3.5,0.8,0.02005517389602992,0.07219862602570772
6,345,14672,197,51.4052,-45.3802,340.6667,2.0385,4.741,0.902,-0.3458,-0.3335,0.0997,0.9656,0.0277,-0.3477,0.0164,car,345,51.4052,-45.3802,0.902,-0.3458,0.9656,0.0277,340.6667,0.9660132711303712,3.477647776069336,0.0,0.0,0.0,0.0,0.0,0.0,1,06_345_354_14725_ego_345,1,14725,14725,14733,vehicle_vehicle,0.3245888242356748,1.5566383750505024,1.9168337608010584,12.463579037339152,15.0,3.0,3.5,0.8,0.02005517389602992,0.07219862602570772
6,346,14672,187,46.8428,-43.7286,341.6502,1.8132,2.8113,0.9184,-0.3112,-0.3228,0.0983,0.9696,0.0062,-0.3373,0.0083,trailer,345,51.4052,-45.3802,0.902,-0.3458,0.9656,0.0277,340.6667,0.9660132711303712,3.477647776069336,-4.562400000000004,1.651600000000002,0.01639999999999997,0.03460000000000002,0.03828994646117961,4.852141415911127,0,06_345_354_14725_ego_345,0,14725,14725,14733,vehicle_vehicle,0.3245888242356748,1.5566383750505024,1.9168337608010584,12.463579037339152,15.0,3.0,3.5,0.8,0.02005517389602992,0.07219862602570772
6,350,14672,137,63.4269,-39.7488,246.2595,1.9906,4.1702,-2.5494,-6.4331,2.1338,-0.3703,6.9151,-0.2562,-0.5201,-2.1023,car,345,51.4052,-45.3802,0.902,-0.3458,0.9656,0.0277,340.6667,0.9660132711303712,3.477647776069336,12.021700000000003,5.631399999999999,-3.4514,-6.0873,6.997669844312462,13.27531306033873,0,06_345_354_14725_ego_345,0,14725,14725,14733,vehicle_vehicle,0.3245888242356748,1.5566383750505024,1.9168337608010584,12.463579037339152,15.0,3.0,3.5,0.8,0.02005517389602992,0.07219862602570772
6,354,14672,75,74.9369,-24.8856,197.6933,2.0931,4.5353,-7.0108,-2.403,-0.1048,-1.4472,7.4095,-0.1586,0.5397,-1.3469,car,345,51.4052,-45.3802,0.902,-0.3458,0.9656,0.0277,340.6667,0.9660132711303712,3.477647776069336,23.531699999999994,20.494600000000002,-7.9128,-2.0572,8.175847092503627,31.205280547529128,0,06_345_354_14725_ego_345,1,14725,14725,14733,vehicle_vehicle,0.3245888242356748,1.5566383750505024,1.9168337608010584,12.463579037339152,15.0,3.0,3.5,0.8,0.02005517389602992,0.07219862602570772
6,356,14672,27,87.6801,-22.8523,223.0477,2.2482,5.2722,-5.3211,-4.2863,-1.3084,1.3883,6.8145,0.4999,0.0085,1.9077,car,345,51.4052,-45.3802,0.902,-0.3458,0.9656,0.0277,340.6667,0.9660132711303712,3.477647776069336,36.274899999999995,22.527900000000002,-6.2231000000000005,-3.9404999999999997,7.365766345737557,42.700991187793285,0,06_345_354_14725_ego_345,0,14725,14725,14733,vehicle_vehicle,0.3245888242356748,1.5566383750505024,1.9168337608010584,12.463579037339152,15.0,3.0,3.5,0.8,0.02005517389602992,0.07219862602570772
6,345,14673,198,51.4413,-45.394,340.6346,2.0385,4.741,0.8891,-0.3424,-0.331,0.0982,0.9524,0.0282,-0.3448,0.0171,car,345,51.4413,-45.394,0.8891,-0.3424,0.9524,0.0282,340.6346,0.9527521031202187,3.4299075712327873,0.0,0.0,0.0,0.0,0.0,0.0,1,06_345_354_14725_ego_345,1,14725,14725,14733,vehicle_vehicle,0.3245888242356748,1.5566383750505024,1.9168337608010584,12.463579037339152,15.0,3.0,3.5,0.8,0.02005517389602992,0.07219862602570772
6,346,14673,188,46.8798,-43.7411,341.6408,1.8132,2.8113,0.9065,-0.3078,-0.3207,0.099,0.9574,0.0066,-0.3356,0.0071,trailer,345,51.4413,-45.394,0.8891,-0.3424,0.9524,0.0282,340.6346,0.9527521031202187,3.4299075712327873,-4.561499999999995,1.6528999999999954,0.01739999999999997,0.034599999999999964,0.03872880065274416,4.851737901000006,0,06_345_354_14725_ego_345,0,14725,14725,14733,vehicle_vehicle,0.3245888242356748,1.5566383750505024,1.9168337608010584,12.463579037339152,15.0,3.0,3.5,0.8,0.02005517389602992,0.07219862602570772
6,350,14673,138,63.3271,-40.006,246.9426,1.9906,4.1702,-2.4635,-6.4457,2.1303,-0.3523,6.8956,-0.2578,-0.5102,-2.0981,car,345,51.4413,-45.394,0.8891,-0.3424,0.9524,0.0282,340.6346,0.9527521031202187,3.4299075712327873,11.885800000000003,5.387999999999998,-3.3526,-6.103300000000001,6.9634903353131765,13.050010944056718,0,06_345_354_14725_ego_345,0,14725,14725,14733,vehicle_vehicle,0.3245888242356748,1.5566383750505024,1.9168337608010584,12.463579037339152,15.0,3.0,3.5,0.8,0.02005517389602992,0.07219862602570772
6,354,14673,76,74.6558,-24.9826,198.0309,2.0931,4.5353,-7.0137,-2.4642,-0.0236,-1.5237,7.432,-0.1723,0.4941,-1.4416,car,345,51.4413,-45.394,0.8891,-0.3424,0.9524,0.0282,340.6346,0.9527521031202187,3.4299075712327873,23.2145,20.411399999999997,-7.9028,-2.1218,8.182681900208513,30.91178189962526,0,06_345_354_14725_ego_345,1,14725,14725,14733,vehicle_vehicle,0.3245888242356748,1.5566383750505024,1.9168337608010584,12.463579037339152,15.0,3.0,3.5,0.8,0.02005517389602992,0.07219862602570772
6,356,14673,28,87.4674,-23.0215,222.3717,2.2482,5.2722,-5.3751,-4.2244,-1.3186,1.3371,6.818,0.5016,0.0731,1.8765,car,345,51.4413,-45.394,0.8891,-0.3424,0.9524,0.0282,340.6346,0.9527521031202187,3.4299075712327873,36.0261,22.3725,-6.2642,-3.882,7.36954039543851,42.407648336827165,0,06_345_354_14725_ego_345,0,14725,14725,14733,vehicle_vehicle,0.3245888242356748,1.5566383750505024,1.9168337608010584,12.463579037339152,15.0,3.0,3.5,0.8,0.02005517389602992,0.07219862602570772
6,345,14674,199,51.4764,-45.4074,340.6095,2.0385,4.741,0.8765,-0.3391,-0.3289,0.0974,0.9394,0.0289,-0.3426,0.0173,car,345,51.4764,-45.4074,0.8765,-0.3391,0.9394,0.0289,340.6095,0.9398090550744869,3.383312598268153,0.0,0.0,0.0,0.0,0.0,0.0,1,06_345_354_14725_ego_345,1,14725,14725,14733,vehicle_vehicle,0.3245888242356748,1.5566383750505024,1.9168337608010584,12.463579037339152,15.0,3.0,3.5,0.8,0.02005517389602992,0.07219862602570772
6,346,14674,189,46.9156,-43.7532,341.6288,1.8132,2.8113,0.8949,-0.3046,-0.3198,0.1003,0.9452,0.007,-0.3351,0.0056,trailer,345,51.4764,-45.4074,0.8765,-0.3391,0.9394,0.0289,340.6095,0.9398090550744869,3.383312598268153,-4.5608,1.654200000000003,0.018400000000000083,0.03450000000000003,0.039100000000000065,4.851522882559663,0,06_345_354_14725_ego_345,0,14725,14725,14733,vehicle_vehicle,0.3245888242356748,1.5566383750505024,1.9168337608010584,12.463579037339152,15.0,3.0,3.5,0.8,0.02005517389602992,0.07219862602570772
6,350,14674,139,63.2305,-40.2638,247.6236,1.9906,4.1702,-2.3778,-6.4577,2.1262,-0.3365,6.8766,-0.2597,-0.4983,-2.0942,car,345,51.4764,-45.4074,0.8765,-0.3391,0.9394,0.0289,340.6095,0.9398090550744869,3.383312598268153,11.754100000000001,5.143599999999999,-3.2543,-6.1186,6.93020450275459,12.830256730478935,0,06_345_354_14725_ego_345,0,14725,14725,14733,vehicle_vehicle,0.3245888242356748,1.5566383750505024,1.9168337608010584,12.463579037339152,15.0,3.0,3.5,0.8,0.02005517389602992,0.07219862602570772
6,354,14674,77,74.3752,-25.0824,198.4039,2.0931,4.5353,-7.0134,-2.5285,0.0563,-1.5969,7.453,-0.185,0.4507,-1.5329,car,345,51.4764,-45.4074,0.8765,-0.3391,0.9394,0.0289,340.6095,0.9398090550744869,3.383312598268153,22.89880000000001,20.325000000000003,-7.8899,-2.1894,8.18803971473026,30.617979463707275,0,06_345_354_14725_ego_345,1,14725,14725,14733,vehicle_vehicle,0.3245888242356748,1.5566383750505024,1.9168337608010584,12.463579037339152,15.0,3.0,3.5,0.8,0.02005517389602992,0.07219862602570772
6,356,14674,29,87.2518,-23.1872,221.6943,2.2482,5.2722,-5.4297,-4.1654,-1.3272,1.2798,6.825,0.5013,0.1397,1.8384,car,345,51.4764,-45.4074,0.8765,-0.3391,0.9394,0.0289,340.6095,0.9398090550744869,3.383312598268153,35.775400000000005,22.220200000000002,-6.3062000000000005,-3.8263,7.376227364310296,42.11432693514168,0,06_345_354_14725_ego_345,0,14725,14725,14733,vehicle_vehicle,0.3245888242356748,1.5566383750505024,1.9168337608010584,12.463579037339152,15.0,3.0,3.5,0.8,0.02005517389602992,0.07219862602570772
6,345,14675,200,51.5112,-45.421,340.5833,2.0385,4.741,0.8639,-0.3359,-0.3275,0.0972,0.9265,0.0296,-0.3412,0.0172,car,345,51.5112,-45.421,0.8639,-0.3359,0.9265,0.0296,340.5833,0.926904536616366,3.3368563318189177,0.0,0.0,0.0,0.0,0.0,0.0,1,06_345_354_14725_ego_345,1,14725,14725,14733,vehicle_vehicle,0.3245888242356748,1.5566383750505024,1.9168337608010584,12.463579037339152,15.0,3.0,3.5,0.8,0.02005517389602992,0.07219862602570772
6,346,14675,190,46.9512,-43.7653,341.5945,1.8132,2.8113,0.8832,-0.3012,-0.32,0.1022,0.9331,0.007,-0.3359,0.004,trailer,345,51.5112,-45.421,0.8639,-0.3359,0.9265,0.0296,340.5833,0.926904536616366,3.3368563318189177,-4.560000000000002,1.655699999999996,0.019299999999999984,0.03469999999999995,0.039706170805052406,4.851282561343959,0,06_345_354_14725_ego_345,0,14725,14725,14733,vehicle_vehicle,0.3245888242356748,1.5566383750505024,1.9168337608010584,12.463579037339152,15.0,3.0,3.5,0.8,0.02005517389602992,0.07219862602570772
6,350,14675,140,63.1372,-40.522,248.3138,1.9906,4.1702,-2.2923,-6.4692,2.1216,-0.3227,6.8584,-0.2605,-0.4842,-2.0907,car,345,51.5112,-45.421,0.8639,-0.3359,0.9265,0.0296,340.5833,0.926904536616366,3.3368563318189177,11.625999999999998,4.899000000000001,-3.1562,-6.1333,6.897750889239187,12.616024611580304,0,06_345_354_14725_ego_345,0,14725,14725,14733,vehicle_vehicle,0.3245888242356748,1.5566383750505024,1.9168337608010584,12.463579037339152,15.0,3.0,3.5,0.8,0.02005517389602992,0.07219862602570772
6,354,14675,78,74.0946,-25.1846,198.8135,2.0931,4.5353,-7.0098,-2.5958,0.1348,-1.6666,7.4724,-0.1966,0.4098,-1.621,car,345,51.5112,-45.421,0.8639,-0.3359,0.9265,0.0296,340.5833,0.926904536616366,3.3368563318189177,22.583399999999997,20.2364,-7.8737,-2.2599,8.19159933712581,30.32361852615878,0,06_345_354_14725_ego_345,1,14725,14725,14733,vehicle_vehicle,0.3245888242356748,1.5566383750505024,1.9168337608010584,12.463579037339152,15.0,3.0,3.5,0.8,0.02005517389602992,0.07219862602570772
6,356,14675,30,87.0345,-23.351,221.0233,2.2482,5.2722,-5.485,-4.1094,-1.3337,1.2174,6.8353,0.4999,0.2071,1.7939,car,345,51.5112,-45.421,0.8639,-0.3359,0.9265,0.0296,340.5833,0.926904536616366,3.3368563318189177,35.52329999999999,22.07,-6.3489,-3.7735,7.385650510280053,41.820924701517534,0,06_345_354_14725_ego_345,0,14725,14725,14733,vehicle_vehicle,0.3245888242356748,1.5566383750505024,1.9168337608010584,12.463579037339152,15.0,3.0,3.5,0.8,0.02005517389602992,0.07219862602570772
6,345,14676,201,51.5454,-45.4347,340.5619,2.0385,4.741,0.8515,-0.3325,-0.3267,0.0976,0.9136,0.0302,-0.3406,0.0166,car,345,51.5454,-45.4347,0.8515,-0.3325,0.9136,0.0302,340.5619,0.9141162398732451,3.2908184635436823,0.0,0.0,0.0,0.0,0.0,0.0,1,06_345_354_14725_ego_345,1,14725,14725,14733,vehicle_vehicle,0.3245888242356748,1.5566383750505024,1.9168337608010584,12.463579037339152,15.0,3.0,3.5,0.8,0.02005517389602992,0.07219862602570772
6,346,14676,191,46.9869,-43.7774,341.5726,1.8132,2.8113,0.8712,-0.2978,-0.3212,0.1049,0.9207,0.0071,-0.3378,0.002,trailer,345,51.5454,-45.4347,0.8515,-0.3325,0.9136,0.0302,340.5619,0.9141162398732451,3.2908184635436823,-4.558500000000002,1.6572999999999993,0.01969999999999994,0.03470000000000001,0.03990213026894677,4.8504191097265,0,06_345_354_14725_ego_345,0,14725,14725,14733,vehicle_vehicle,0.3245888242356748,1.5566383750505024,1.9168337608010584,12.463579037339152,15.0,3.0,3.5,0.8,0.02005517389602992,0.07219862602570772
6,350,14676,141,63.0478,-40.7814,249.0063,1.9906,4.1702,-2.2071,-6.4801,2.1167,-0.3108,6.8407,-0.261,-0.4681,-2.0876,car,345,51.5454,-45.4347,0.8515,-0.3325,0.9136,0.0302,340.5619,0.9141162398732451,3.2908184635436823,11.502400000000002,4.6533000000000015,-3.0586,-6.147600000000001,6.866441561682442,12.407997688990761,0,06_345_354_14725_ego_345,0,14725,14725,14733,vehicle_vehicle,0.3245888242356748,1.5566383750505024,1.9168337608010584,12.463579037339152,15.0,3.0,3.5,0.8,0.02005517389602992,0.07219862602570772
6,354,14676,79,73.8139,-25.2889,199.2622,2.0931,4.5353,-7.0029,-2.6663,0.2119,-1.7327,7.4904,-0.2068,0.3715,-1.7057,car,345,51.5454,-45.4347,0.8515,-0.3325,0.9136,0.0302,340.5619,0.9141162398732451,3.2908184635436823,22.268500000000003,20.145799999999998,-7.8544,-2.3338,8.19379166198409,30.028975172156642,0,06_345_354_14725_ego_345,1,14725,14725,14733,vehicle_vehicle,0.3245888242356748,1.5566383750505024,1.9168337608010584,12.463579037339152,15.0,3.0,3.5,0.8,0.02005517389602992,0.07219862602570772
6,356,14676,31,86.8149,-23.5127,220.3643,2.2482,5.2722,-5.5409,-4.0565,-1.3378,1.1505,6.849,0.4977,0.2742,1.7431,car,345,51.5454,-45.4347,0.8515,-0.3325,0.9136,0.0302,340.5619,0.9141162398732451,3.2908184635436823,35.269499999999994,21.922,-6.392399999999999,-3.7239999999999998,7.398037155894798,41.52724062889322,0,06_345_354_14725_ego_345,0,14725,14725,14733,vehicle_vehicle,0.3245888242356748,1.5566383750505024,1.9168337608010584,12.463579037339152,15.0,3.0,3.5,0.8,0.02005517389602992,0.07219862602570772
6,345,14677,202,51.5791,-45.4479,340.5398,2.0385,4.741,0.8391,-0.3291,-0.3266,0.0986,0.9008,0.0308,-0.3407,0.0159,car,345,51.5791,-45.4479,0.8391,-0.3291,0.9008,0.0308,340.5398,0.9013299173998386,3.244787702639419,0.0,0.0,0.0,0.0,0.0,0.0,1,06_345_354_14725_ego_345,1,14725,14725,14733,vehicle_vehicle,0.3245888242356748,1.5566383750505024,1.9168337608010584,12.463579037339152,15.0,3.0,3.5,0.8,0.02005517389602992,0.07219862602570772
6,346,14677,192,47.0221,-43.7896,341.5001,1.8132,2.8113,0.859,-0.2941,-0.3231,0.1081,0.9079,0.0063,-0.3407,0.0,trailer,345,51.5791,-45.4479,0.8391,-0.3291,0.9008,0.0308,340.5398,0.9013299173998386,3.244787702639419,-4.556999999999995,1.658299999999997,0.01990000000000003,0.03500000000000003,0.040261768465878436,4.849351285481384,0,06_345_354_14725_ego_345,0,14725,14725,14733,vehicle_vehicle,0.3245888242356748,1.5566383750505024,1.9168337608010584,12.463579037339152,15.0,3.0,3.5,0.8,0.02005517389602992,0.07219862602570772
6,350,14677,142,62.9622,-41.0417,249.697,1.9906,4.1702,-2.1226,-6.4901,2.1117,-0.3013,6.8234,-0.2612,-0.4502,-2.0851,car,345,51.5791,-45.4479,0.8391,-0.3291,0.9008,0.0308,340.5398,0.9013299173998386,3.244787702639419,11.383100000000006,4.406199999999998,-2.9616999999999996,-6.161,6.835904321302339,12.20612813508035,0,06_345_354_14725_ego_345,0,14725,14725,14733,vehicle_vehicle,0.3245888242356748,1.5566383750505024,1.9168337608010584,12.463579037339152,15.0,3.0,3.5,0.8,0.02005517389602992,0.07219862602570772
6,354,14677,80,73.5334,-25.3959,199.7365,2.0931,4.5353,-6.9927,-2.7398,0.2874,-1.7949,7.5071,-0.2175,0.3356,-1.7865,car,345,51.5791,-45.4479,0.8391,-0.3291,0.9008,0.0308,340.5398,0.9013299173998386,3.244787702639419,21.954300000000003,20.051999999999996,-7.8318,-2.4107,8.19442284300731,29.73338178697472,0,06_345_354_14725_ego_345,1,14725,14725,14733,vehicle_vehicle,0.3245888242356748,1.5566383750505024,1.9168337608010584,12.463579037339152,15.0,3.0,3.5,0.8,0.02005517389602992,0.07219862602570772
6,356,14677,32,86.5915,-23.6708,219.7158,2.2482,5.2722,-5.5967,-4.0077,-1.3395,1.0802,6.8659,0.4933,0.3402,1.6869,car,345,51.5791,-45.4479,0.8391,-0.3291,0.9008,0.0308,340.5398,0.9013299173998386,3.244787702639419,35.0124,21.777099999999997,-6.4358,-3.6786,7.4129359635707095,41.23239306867842,0,06_345_354_14725_ego_345,0,14725,14725,14733,vehicle_vehicle,0.3245888242356748,1.5566383750505024,1.9168337608010584,12.463579037339152,15.0,3.0,3.5,0.8,0.02005517389602992,0.07219862602570772
6,345,14678,203,51.6126,-45.461,340.5147,2.0385,4.741,0.8266,-0.3256,-0.327,0.1,0.8879,0.0313,-0.3416,0.0149,car,345,51.6126,-45.461,0.8266,-0.3256,0.8879,0.0313,340.5147,0.8884159611353232,3.1982974600871636,0.0,0.0,0.0,0.0,0.0,0.0,1,06_345_354_14725_ego_345,1,14725,14725,14733,vehicle_vehicle,0.3245888242356748,1.5566383750505024,1.9168337608010584,12.463579037339152,15.0,3.0,3.5,0.8,0.02005517389602992,0.07219862602570772
6,346,14678,193,47.0569,-43.8019,341.4102,1.8132,2.8113,0.8464,-0.29,-0.3254,0.1116,0.8947,0.005,-0.344,-0.002,trailer,345,51.6126,-45.461,0.8266,-0.3256,0.8879,0.0313,340.5147,0.8884159611353232,3.1982974600871636,-4.555700000000002,1.6590999999999951,0.01980000000000004,0.03560000000000002,0.04073573369905105,4.848403376370411,0,06_345_354_14725_ego_345,0,14725,14725,14733,vehicle_vehicle,0.3245888242356748,1.5566383750505024,1.9168337608010584,12.463579037339152,15.0,3.0,3.5,0.8,0.02005517389602992,0.07219862602570772
6,350,14678,143,62.8801,-41.302,250.3903,1.9906,4.1702,-2.0388,-6.4995,2.1072,-0.2942,6.8068,-0.2608,-0.4301,-2.0837,car,345,51.6126,-45.461,0.8266,-0.3256,0.8879,0.0313,340.5147,0.8884159611353232,3.1982974600871636,11.267499999999998,4.158999999999999,-2.8654,-6.173900000000001,6.806435070578432,12.010571895209651,0,06_345_354_14725_ego_345,0,14725,14725,14733,vehicle_vehicle,0.3245888242356748,1.5566383750505024,1.9168337608010584,12.463579037339152,15.0,3.0,3.5,0.8,0.02005517389602992,0.07219862602570772
6,354,14678,81,73.2528,-25.5061,200.2476,2.0931,4.5353,-6.979,-2.8162,0.361,-1.8526,7.5223,-0.2269,0.3025,-1.8631,car,345,51.6126,-45.461,0.8266,-0.3256,0.8879,0.0313,340.5147,0.8884159611353232,3.1982974600871636,21.640199999999993,19.9549,-7.8056,-2.4905999999999997,8.193319212626834,29.43630904257529,0,06_345_354_14725_ego_345,1,14725,14725,14733,vehicle_vehicle,0.3245888242356748,1.5566383750505024,1.9168337608010584,12.463579037339152,15.0,3.0,3.5,0.8,0.02005517389602992,0.07219862602570772
6,356,14678,33,86.3669,-23.8279,219.0799,2.2482,5.2722,-5.6526,-3.9626,-1.3389,1.0075,6.886,0.4874,0.4042,1.6262,car,345,51.6126,-45.461,0.8266,-0.3256,0.8879,0.0313,340.5147,0.8884159611353232,3.1982974600871636,34.7543,21.6331,-6.4792,-3.637,7.43019526257554,40.93717606406187,0,06_345_354_14725_ego_345,0,14725,14725,14733,vehicle_vehicle,0.3245888242356748,1.5566383750505024,1.9168337608010584,12.463579037339152,15.0,3.0,3.5,0.8,0.02005517389602992,0.07219862602570772
6,345,14679,204,51.6458,-45.4741,340.485,2.0385,4.741,0.8139,-0.3221,-0.328,0.1018,0.8747,0.0317,-0.3432,0.0136,car,345,51.6458,-45.4741,0.8139,-0.3221,0.8747,0.0317,340.485,0.8753180107823669,3.151144838816521,0.0,0.0,0.0,0.0,0.0,0.0,1,06_345_354_14725_ego_345,1,14725,14725,14733,vehicle_vehicle,0.3245888242356748,1.5566383750505024,1.9168337608010584,12.463579037339152,15.0,3.0,3.5,0.8,0.02005517389602992,0.07219862602570772
6,346,14679,194,47.0907,-43.8143,341.3214,1.8132,2.8113,0.8336,-0.2854,-0.3281,0.1152,0.8811,0.0034,-0.3477,-0.004,trailer,345,51.6458,-45.4741,0.8139,-0.3221,0.8747,0.0317,340.485,0.8753180107823669,3.151144838816521,-4.555100000000003,1.659799999999997,0.01970000000000005,0.03670000000000001,0.04165309112178834,4.8480792124304255,0,06_345_354_14725_ego_345,0,14725,14725,14733,vehicle_vehicle,0.3245888242356748,1.5566383750505024,1.9168337608010584,12.463579037339152,15.0,3.0,3.5,0.8,0.02005517389602992,0.07219862602570772
6,350,14679,144,62.8006,-41.5626,251.0811,1.9906,4.1702,-1.9552,-6.5085,2.1033,-0.2898,6.7909,-0.2607,-0.4078,-2.0836,car,345,51.6458,-45.4741,0.8139,-0.3221,0.8747,0.0317,340.485,0.8753180107823669,3.151144838816521,11.154800000000002,3.9114999999999966,-2.7691,-6.1864,6.777865428731969,11.820718899034864,0,06_345_354_14725_ego_345,0,14725,14725,14733,vehicle_vehicle,0.3245888242356748,1.5566383750505024,1.9168337608010584,12.463579037339152,15.0,3.0,3.5,0.8,0.02005517389602992,0.07219862602570772
6,354,14679,82,72.9731,-25.6196,200.7821,2.0931,4.5353,-6.962,-2.8951,0.4321,-1.9057,7.5362,-0.2365,0.2722,-1.935,car,345,51.6458,-45.4741,0.8139,-0.3221,0.8747,0.0317,340.485,0.8753180107823669,3.151144838816521,21.3273,19.8545,-7.7759,-2.573,8.190540263621198,29.138546558467876,0,06_345_354_14725_ego_345,1,14725,14725,14733,vehicle_vehicle,0.3245888242356748,1.5566383750505024,1.9168337608010584,12.463579037339152,15.0,3.0,3.5,0.8,0.02005517389602992,0.07219862602570772
6,356,14679,34,86.1416,-23.9841,218.458,2.2482,5.2722,-5.7093,-3.921,-1.3355,0.9332,6.9094,0.4805,0.4654,1.5614,car,345,51.6458,-45.4741,0.8139,-0.3221,0.8747,0.0317,340.485,0.8753180107823669,3.151144838816521,34.495799999999996,21.49,-6.5232,-3.5989,7.450115398435114,40.64210031039242,0,06_345_354_14725_ego_345,0,14725,14725,14733,vehicle_vehicle,0.3245888242356748,1.5566383750505024,1.9168337608010584,12.463579037339152,15.0,3.0,3.5,0.8,0.02005517389602992,0.07219862602570772
6,345,14680,205,51.6781,-45.4871,340.4483,2.0385,4.741,0.8012,-0.3184,-0.3294,0.1041,0.8615,0.0319,-0.3452,0.0122,car,345,51.6781,-45.4871,0.8012,-0.3184,0.8615,0.0319,340.4483,0.8621484790916238,3.103734524729846,0.0,0.0,0.0,0.0,0.0,0.0,1,06_345_354_14725_ego_345,1,14725,14725,14733,vehicle_vehicle,0.3245888242356748,1.5566383750505024,1.9168337608010584,12.463579037339152,15.0,3.0,3.5,0.8,0.02005517389602992,0.07219862602570772
6,346,14680,195,47.1238,-43.826,341.2619,1.8132,2.8113,0.8208,-0.2805,-0.3311,0.1186,0.8674,0.002,-0.3516,-0.006,trailer,345,51.6781,-45.4871,0.8012,-0.3184,0.8615,0.0319,340.4483,0.8621484790916238,3.103734524729846,-4.554299999999998,1.6610999999999976,0.01959999999999995,0.03789999999999999,0.042668137995464456,4.8477728597779794,0,06_345_354_14725_ego_345,0,14725,14725,14733,vehicle_vehicle,0.3245888242356748,1.5566383750505024,1.9168337608010584,12.463579037339152,15.0,3.0,3.5,0.8,0.02005517389602992,0.07219862602570772
6,350,14680,145,62.7244,-41.8234,251.7616,1.9906,4.1702,-1.872,-6.5173,2.1002,-0.2882,6.7758,-0.2618,-0.3836,-2.0849,car,345,51.6781,-45.4871,0.8012,-0.3184,0.8615,0.0319,340.4483,0.8621484790916238,3.103734524729846,11.046300000000002,3.6636999999999986,-2.6732,-6.1989,6.750730290124173,11.63801707250853,0,06_345_354_14725_ego_345,0,14725,14725,14733,vehicle_vehicle,0.3245888242356748,1.5566383750505024,1.9168337608010584,12.463579037339152,15.0,3.0,3.5,0.8,0.02005517389602992,0.07219862602570772
6,354,14680,83,72.6945,-25.7363,201.3556,2.0931,4.5353,-6.942,-2.9763,0.5007,-1.9538,7.5492,-0.244,0.2452,-2.002,car,345,51.6781,-45.4871,0.8012,-0.3184,0.8615,0.0319,340.4483,0.8621484790916238,3.103734524729846,21.016400000000004,19.750799999999998,-7.7432,-2.6579,8.186670791597766,28.840651337998594,0,06_345_354_14725_ego_345,1,14725,14725,14733,vehicle_vehicle,0.3245888242356748,1.5566383750505024,1.9168337608010584,12.463579037339152,15.0,3.0,3.5,0.8,0.02005517389602992,0.07219862602570772
6,356,14680,35,85.9126,-24.1374,217.8531,2.2482,5.2722,-5.7661,-3.8835,-1.3289,0.8582,6.9359,0.4719,0.5227,1.4931,car,345,51.6781,-45.4871,0.8012,-0.3184,0.8615,0.0319,340.4483,0.8621484790916238,3.103734524729846,34.2345,21.3497,-6.5672999999999995,-3.5651,7.472574342219687,40.346135878668726,0,06_345_354_14725_ego_345,0,14725,14725,14733,vehicle_vehicle,0.3245888242356748,1.5566383750505024,1.9168337608010584,12.463579037339152,15.0,3.0,3.5,0.8,0.02005517389602992,0.07219862602570772
6,345,14681,206,51.7097,-45.5001,340.4024,2.0385,4.741,0.7885,-0.3144,-0.3312,0.1066,0.8483,0.0317,-0.3478,0.0107,car,345,51.7097,-45.5001,0.7885,-0.3144,0.8483,0.0317,340.4024,0.8488696071835768,3.0559305858608767,0.0,0.0,0.0,0.0,0.0,0.0,1,06_345_354_14725_ego_345,1,14725,14725,14733,vehicle_vehicle,0.3245888242356748,1.5566383750505024,1.9168337608010584,12.463579037339152,15.0,3.0,3.5,0.8,0.02005517389602992,0.07219862602570772
6,346,14681,196,47.1564,-43.8373,341.1999,1.8132,2.8113,0.8078,-0.2754,-0.3342,0.1217,0.8534,0.0004,-0.3556,-0.0075,trailer,345,51.7097,-45.5001,0.7885,-0.3144,0.8483,0.0317,340.4024,0.8488696071835768,3.0559305858608767,-4.5533,1.6628000000000043,0.019299999999999984,0.039000000000000035,0.04351425053933484,4.847416294274716,0,06_345_354_14725_ego_345,0,14725,14725,14733,vehicle_vehicle,0.3245888242356748,1.5566383750505024,1.9168337608010584,12.463579037339152,15.0,3.0,3.5,0.8,0.02005517389602992,0.07219862602570772
6,350,14681,146,62.6518,-42.0841,252.4371,1.9906,4.1702,-1.7891,-6.5261,2.0981,-0.2894,6.7618,-0.2635,-0.3572,-2.0877,car,345,51.7097,-45.5001,0.7885,-0.3144,0.8483,0.0317,340.4024,0.8488696071835768,3.0559305858608767,10.942100000000003,3.416000000000004,-2.5776,-6.2116999999999996,6.725268667495745,11.462923205273606,0,06_345_354_14725_ego_345,0,14725,14725,14733,vehicle_vehicle,0.3245888242356748,1.5566383750505024,1.9168337608010584,12.463579037339152,15.0,3.0,3.5,0.8,0.02005517389602992,0.07219862602570772
6,354,14681,84,72.4171,-25.857,201.9527,2.0931,4.5353,-6.9192,-3.0595,0.5665,-1.9969,7.5613,-0.251,0.2211,-2.0639,car,345,51.7097,-45.5001,0.7885,-0.3144,0.8483,0.0317,340.4024,0.8488696071835768,3.0559305858608767,20.707400000000007,19.643100000000004,-7.7077,-2.7451,8.181944347158565,28.542035533051955,0,06_345_354_14725_ego_345,1,14725,14725,14733,vehicle_vehicle,0.3245888242356748,1.5566383750505024,1.9168337608010584,12.463579037339152,15.0,3.0,3.5,0.8,0.02005517389602992,0.07219862602570772
6,356,14681,36,85.6801,-24.2885,217.2797,2.2482,5.2722,-5.8222,-3.8504,-1.3191,0.7837,6.9649,0.4628,0.5749,1.4226,car,345,51.7097,-45.5001,0.7885,-0.3144,0.8483,0.0317,340.4024,0.8488696071835768,3.0559305858608767,33.9704,21.211600000000004,-6.6107,-3.536,7.4969760897311115,40.04897065743388,0,06_345_354_14725_ego_345,0,14725,14725,14733,vehicle_vehicle,0.3245888242356748,1.5566383750505024,1.9168337608010584,12.463579037339152,15.0,3.0,3.5,0.8,0.02005517389602992,0.07219862602570772
6,345,14682,207,51.7399,-45.5123,340.3617,2.0385,4.741,0.7762,-0.3105,-0.3337,0.1094,0.8354,0.0315,-0.3511,0.0091,car,345,51.7399,-45.5123,0.7762,-0.3105,0.8354,0.0315,340.3617,0.836000412679324,3.0096014856455664,0.0,0.0,0.0,0.0,0.0,0.0,1,06_345_354_14725_ego_345,1,14725,14725,14733,vehicle_vehicle,0.3245888242356748,1.5566383750505024,1.9168337608010584,12.463579037339152,15.0,3.0,3.5,0.8,0.02005517389602992,0.07219862602570772
6,346,14682,197,47.1883,-43.8482,341.1409,1.8132,2.8113,0.7947,-0.2702,-0.3377,0.1244,0.8394,-0.0012,-0.3598,-0.0086,trailer,345,51.7399,-45.5123,0.7762,-0.3105,0.8354,0.0315,340.3617,0.836000412679324,3.0096014856455664,-4.5516000000000005,1.6641000000000048,0.01849999999999996,0.0403,0.04434343243367611,4.846265713928614,0,06_345_354_14725_ego_345,0,14725,14725,14733,vehicle_vehicle,0.3245888242356748,1.5566383750505024,1.9168337608010584,12.463579037339152,15.0,3.0,3.5,0.8,0.02005517389602992,0.07219862602570772
6,350,14682,147,62.582,-42.3449,253.097,1.9906,4.1702,-1.7064,-6.5351,2.0972,-0.2933,6.7489,-0.2674,-0.3292,-2.0919,car,345,51.7399,-45.5123,0.7762,-0.3105,0.8354,0.0315,340.3617,0.836000412679324,3.0096014856455664,10.842100000000002,3.1674000000000007,-2.4825999999999997,-6.2246,6.701413874698383,11.295289069784804,0,06_345_354_14725_ego_345,0,14725,14725,14733,vehicle_vehicle,0.3245888242356748,1.5566383750505024,1.9168337608010584,12.463579037339152,15.0,3.0,3.5,0.8,0.02005517389602992,0.07219862602570772
6,354,14682,85,72.1409,-25.9815,202.5688,2.0931,4.5353,-6.8938,-3.1442,0.6295,-2.0351,7.5726,-0.2576,0.1998,-2.1209,car,345,51.7399,-45.5123,0.7762,-0.3105,0.8354,0.0315,340.3617,0.836000412679324,3.0096014856455664,20.401000000000003,19.530800000000003,-7.67,-2.8337000000000003,8.176720350482826,28.24275039085252,0,06_345_354_14725_ego_345,1,14725,14725,14733,vehicle_vehicle,0.3245888242356748,1.5566383750505024,1.9168337608010584,12.463579037339152,15.0,3.0,3.5,0.8,0.02005517389602992,0.07219862602570772
6,356,14682,37,85.4463,-24.4393,216.7277,2.2482,5.2722,-5.8781,-3.8214,-1.3063,0.711,6.9964,0.4524,0.6218,1.351,car,345,51.7399,-45.5123,0.7762,-0.3105,0.8354,0.0315,340.3617,0.836000412679324,3.0096014856455664,33.706399999999995,21.073000000000004,-6.6543,-3.5109000000000004,7.523704360220436,39.75163807895216,0,06_345_354_14725_ego_345,0,14725,14725,14733,vehicle_vehicle,0.3245888242356748,1.5566383750505024,1.9168337608010584,12.463579037339152,15.0,3.0,3.5,0.8,0.02005517389602992,0.07219862602570772
6,345,14683,208,51.77,-45.5242,340.3254,2.0385,4.741,0.764,-0.3066,-0.3373,0.1126,0.8227,0.0315,-0.3556,0.0075,car,345,51.77,-45.5242,0.764,-0.3066,0.8227,0.0315,340.3254,0.8232250967991682,2.9636103484770056,0.0,0.0,0.0,0.0,0.0,0.0,1,06_345_354_14725_ego_345,1,14725,14725,14733,vehicle_vehicle,0.3245888242356748,1.5566383750505024,1.9168337608010584,12.463579037339152,15.0,3.0,3.5,0.8,0.02005517389602992,0.07219862602570772
6,346,14683,198,47.22,-43.8579,341.0936,1.8132,2.8113,0.7814,-0.2653,-0.3413,0.127,0.8252,-0.0022,-0.3641,-0.0096,trailer,345,51.77,-45.5242,0.764,-0.3066,0.8227,0.0315,340.3254,0.8232250967991682,2.9636103484770056,-4.550000000000004,1.6662999999999997,0.01739999999999997,0.0413,0.044815733844265,4.845519135242378,0,06_345_354_14725_ego_345,0,14725,14725,14733,vehicle_vehicle,0.3245888242356748,1.5566383750505024,1.9168337608010584,12.463579037339152,15.0,3.0,3.5,0.8,0.02005517389602992,0.07219862602570772
6,350,14683,148,62.5155,-42.6057,253.7408,1.9906,4.1702,-1.6237,-6.5446,2.0975,-0.2995,6.7374,-0.2736,-0.2997,-2.0975,car,345,51.77,-45.5242,0.764,-0.3066,0.8227,0.0315,340.3254,0.8232250967991682,2.9636103484770056,10.7455,2.9185000000000016,-2.3876999999999997,-6.2379999999999995,6.67935290952649,11.134783900013506,0,06_345_354_14725_ego_345,0,14725,14725,14733,vehicle_vehicle,0.3245888242356748,1.5566383750505024,1.9168337608010584,12.463579037339152,15.0,3.0,3.5,0.8,0.02005517389602992,0.07219862602570772
6,354,14683,86,71.866,-26.1094,203.2006,2.0931,4.5353,-6.8661,-3.2302,0.69,-2.0686,7.5834,-0.2641,0.1808,-2.1731,car,345,51.77,-45.5242,0.764,-0.3066,0.8227,0.0315,340.3254,0.8232250967991682,2.9636103484770056,20.095999999999997,19.4148,-7.6301000000000005,-2.9236,8.17103805951239,27.94250659908663,0,06_345_354_14725_ego_345,1,14725,14725,14733,vehicle_vehicle,0.3245888242356748,1.5566383750505024,1.9168337608010584,12.463579037339152,15.0,3.0,3.5,0.8,0.02005517389602992,0.07219862602570772
6,356,14683,38,85.211,-24.5895,216.2014,2.2482,5.2722,-5.9338,-3.796,-1.2902,0.641,7.0303,0.4414,0.6626,1.2793,car,345,51.77,-45.5242,0.764,-0.3066,0.8227,0.0315,340.3254,0.8232250967991682,2.9636103484770056,33.440999999999995,20.9347,-6.6978,-3.4894,7.552247162268989,39.45329067505016,0,06_345_354_14725_ego_345,0,14725,14725,14733,vehicle_vehicle,0.3245888242356748,1.5566383750505024,1.9168337608010584,12.463579037339152,15.0,3.0,3.5,0.8,0.02005517389602992,0.07219862602570772
6,345,14684,209,51.8001,-45.536,340.295,2.0385,4.741,0.7518,-0.3027,-0.3422,0.1164,0.8099,0.0315,-0.3614,0.0058,car,345,51.8001,-45.536,0.7518,-0.3027,0.8099,0.0315,340.295,0.8104508189890365,2.9176229483605316,0.0,0.0,0.0,0.0,0.0,0.0,1,06_345_354_14725_ego_345,1,14725,14725,14733,vehicle_vehicle,0.3245888242356748,1.5566383750505024,1.9168337608010584,12.463579037339152,15.0,3.0,3.5,0.8,0.02005517389602992,0.07219862602570772
6,346,14684,199,47.2509,-43.8682,341.0261,1.8132,2.8113,0.768,-0.2604,-0.3453,0.1298,0.8109,-0.0035,-0.3687,-0.0105,trailer,345,51.8001,-45.536,0.7518,-0.3027,0.8099,0.0315,340.295,0.8104508189890365,2.9176229483605316,-4.549199999999999,1.6677999999999997,0.016199999999999992,0.042300000000000004,0.045296026315781834,4.845284045337279,0,06_345_354_14725_ego_345,0,14725,14725,14733,vehicle_vehicle,0.3245888242356748,1.5566383750505024,1.9168337608010584,12.463579037339152,15.0,3.0,3.5,0.8,0.02005517389602992,0.07219862602570772
6,350,14684,149,62.4519,-42.8667,254.3682,1.9906,4.1702,-1.5408,-6.5547,2.0989,-0.3078,6.7275,-0.2823,-0.2691,-2.1042,car,345,51.8001,-45.536,0.7518,-0.3027,0.8099,0.0315,340.295,0.8104508189890365,2.9176229483605316,10.651800000000001,2.6693,-2.2926,-6.252000000000001,6.659092938231153,10.981165954943037,0,06_345_354_14725_ego_345,0,14725,14725,14733,vehicle_vehicle,0.3245888242356748,1.5566383750505024,1.9168337608010584,12.463579037339152,15.0,3.0,3.5,0.8,0.02005517389602992,0.07219862602570772
6,354,14684,87,71.5921,-26.2411,203.8595,2.0931,4.5353,-6.836,-3.3172,0.7479,-2.0977,7.5936,-0.2686,0.1646,-2.2209,car,345,51.8001,-45.536,0.7518,-0.3027,0.8099,0.0315,340.295,0.8104508189890365,2.9176229483605316,19.792,19.294900000000002,-7.5878000000000005,-3.0145,8.164675075592415,27.64084712902266,0,06_345_354_14725_ego_345,1,14725,14725,14733,vehicle_vehicle,0.3245888242356748,1.5566383750505024,1.9168337608010584,12.463579037339152,15.0,3.0,3.5,0.8,0.02005517389602992,0.07219862602570772
6,356,14684,39,84.9714,-24.7407,215.6866,2.2482,5.2722,-5.9883,-3.7736,-1.2709,0.5741,7.0651,0.4283,0.6974,1.2077,car,345,51.8001,-45.536,0.7518,-0.3027,0.8099,0.0315,340.295,0.8104508189890365,2.9176229483605316,33.1713,20.7953,-6.7401,-3.4709,7.581299019297418,39.1507298243596,0,06_345_354_14725_ego_345,0,14725,14725,14733,vehicle_vehicle,0.3245888242356748,1.5566383750505024,1.9168337608010584,12.463579037339152,15.0,3.0,3.5,0.8,0.02005517389602992,0.07219862602570772
6,345,14685,210,51.8301,-45.5478,340.2684,2.0385,4.741,0.7393,-0.2988,-0.3482,0.1209,0.7968,0.0317,-0.3686,0.0038,car,345,51.8301,-45.5478,0.7393,-0.2988,0.7968,0.0317,340.2684,0.7973994795583955,2.870638126410224,0.0,0.0,0.0,0.0,0.0,0.0,1,06_345_354_14725_ego_345,1,14725,14725,14733,vehicle_vehicle,0.3245888242356748,1.5566383750505024,1.9168337608010584,12.463579037339152,15.0,3.0,3.5,0.8,0.02005517389602992,0.07219862602570772
6,346,14685,200,47.2812,-43.8782,340.9688,1.8132,2.8113,0.7545,-0.2555,-0.3495,0.1327,0.7966,-0.0045,-0.3737,-0.0115,trailer,345,51.8301,-45.5478,0.7393,-0.2988,0.7968,0.0317,340.2684,0.7973994795583955,2.870638126410224,-4.548900000000003,1.6696000000000026,0.015199999999999991,0.043300000000000005,0.04589041294213858,4.84562228924212,0,06_345_354_14725_ego_345,0,14725,14725,14733,vehicle_vehicle,0.3245888242356748,1.5566383750505024,1.9168337608010584,12.463579037339152,15.0,3.0,3.5,0.8,0.02005517389602992,0.07219862602570772
6,350,14685,150,62.3917,-43.1285,254.9919,1.9906,4.1702,-1.4579,-6.5655,2.1013,-0.3178,6.7191,-0.2921,-0.2372,-2.112,car,345,51.8301,-45.5478,0.7393,-0.2988,0.7968,0.0317,340.2684,0.7973994795583955,2.870638126410224,10.561599999999999,2.4193,-2.1972,-6.2667,6.640724111872139,10.83514684026017,0,06_345_354_14725_ego_345,0,14725,14725,14733,vehicle_vehicle,0.3245888242356748,1.5566383750505024,1.9168337608010584,12.463579037339152,15.0,3.0,3.5,0.8,0.02005517389602992,0.07219862602570772
6,354,14685,88,71.3193,-26.3765,204.5453,2.0931,4.5353,-6.8036,-3.405,0.8033,-2.1227,7.6032,-0.271,0.1511,-2.2645,car,345,51.8301,-45.5478,0.7393,-0.2988,0.7968,0.0317,340.2684,0.7973994795583955,2.870638126410224,19.489199999999997,19.171300000000002,-7.5429,-3.1062,8.157439478782543,27.338025904040695,0,06_345_354_14725_ego_345,1,14725,14725,14733,vehicle_vehicle,0.3245888242356748,1.5566383750505024,1.9168337608010584,12.463579037339152,15.0,3.0,3.5,0.8,0.02005517389602992,0.07219862602570772
6,356,14685,40,84.7291,-24.8907,215.1986,2.2482,5.2722,-6.0414,-3.754,-1.2491,0.5105,7.1006,0.4147,0.7265,1.1371,car,345,51.8301,-45.5478,0.7393,-0.2988,0.7968,0.0317,340.2684,0.7973994795583955,2.870638126410224,32.899,20.657100000000003,-6.7807,-3.4552,7.6102759168114265,38.84662123544338,0,06_345_354_14725_ego_345,0,14725,14725,14733,vehicle_vehicle,0.3245888242356748,1.5566383750505024,1.9168337608010584,12.463579037339152,15.0,3.0,3.5,0.8,0.02005517389602992,0.07219862602570772
6,345,14686,211,51.8597,-45.5597,340.242,2.0385,4.741,0.7265,-0.2947,-0.3554,0.1261,0.7833,0.0318,-0.3771,0.0015,car,345,51.8597,-45.5597,0.7265,-0.2947,0.7833,0.0318,340.242,0.7839963902978125,2.8223870050721254,0.0,0.0,0.0,0.0,0.0,0.0,1,06_345_354_14725_ego_345,1,14725,14725,14733,vehicle_vehicle,0.3245888242356748,1.5566383750505024,1.9168337608010584,12.463579037339152,15.0,3.0,3.5,0.8,0.02005517389602992,0.07219862602570772
6,346,14686,201,47.3108,-43.888,340.9259,1.8132,2.8113,0.741,-0.2506,-0.3541,0.1361,0.7822,-0.0053,-0.3791,-0.0129,trailer,345,51.8597,-45.5597,0.7265,-0.2947,0.7833,0.0318,340.242,0.7839963902978125,2.8223870050721254,-4.548899999999996,1.6717000000000013,0.014499999999999957,0.04410000000000003,0.04642262379486969,4.846346262907756,0,06_345_354_14725_ego_345,0,14725,14725,14733,vehicle_vehicle,0.3245888242356748,1.5566383750505024,1.9168337608010584,12.463579037339152,15.0,3.0,3.5,0.8,0.02005517389602992,0.07219862602570772
6,350,14686,151,62.3351,-43.3906,255.632,1.9906,4.1702,-1.3748,-6.5769,2.1047,-0.3292,6.7124,-0.3003,-0.2034,-2.1206,car,345,51.8597,-45.5597,0.7265,-0.2947,0.7833,0.0318,340.242,0.7839963902978125,2.8223870050721254,10.4754,2.1691000000000003,-2.1013,-6.2822000000000005,6.624311174001416,10.69761655556975,0,06_345_354_14725_ego_345,0,14725,14725,14733,vehicle_vehicle,0.3245888242356748,1.5566383750505024,1.9168337608010584,12.463579037339152,15.0,3.0,3.5,0.8,0.02005517389602992,0.07219862602570772
6,354,14686,89,71.0478,-26.5157,205.2426,2.0931,4.5353,-6.769,-3.4932,0.8562,-2.1441,7.6123,-0.273,0.1399,-2.3045,car,345,51.8597,-45.5597,0.7265,-0.2947,0.7833,0.0318,340.242,0.7839963902978125,2.8223870050721254,19.1881,19.044,-7.4955,-3.1984999999999997,8.149412402130597,27.03436919201186,0,06_345_354_14725_ego_345,1,14725,14725,14733,vehicle_vehicle,0.3245888242356748,1.5566383750505024,1.9168337608010584,12.463579037339152,15.0,3.0,3.5,0.8,0.02005517389602992,0.07219862602570772
6,356,14686,41,84.4853,-25.0408,214.7409,2.2482,5.2722,-6.0931,-3.7368,-1.2253,0.4502,7.1364,0.4016,0.7503,1.0682,car,345,51.8597,-45.5597,0.7265,-0.2947,0.7833,0.0318,340.242,0.7839963902978125,2.8223870050721254,32.6256,20.5189,-6.819599999999999,-3.4421,7.639044218356116,38.54160132337523,0,06_345_354_14725_ego_345,0,14725,14725,14733,vehicle_vehicle,0.3245888242356748,1.5566383750505024,1.9168337608010584,12.463579037339152,15.0,3.0,3.5,0.8,0.02005517389602992,0.07219862602570772
6,345,14687,212,51.889,-45.5717,340.2187,2.0385,4.741,0.7131,-0.2903,-0.3636,0.132,0.7693,0.0318,-0.3868,-0.0012,car,345,51.889,-45.5717,0.7131,-0.2903,0.7693,0.0318,340.2187,0.7699257756433407,2.7717327923160267,0.0,0.0,0.0,0.0,0.0,0.0,1,06_345_354_14725_ego_345,1,14725,14725,14733,vehicle_vehicle,0.3245888242356748,1.5566383750505024,1.9168337608010584,12.463579037339152,15.0,3.0,3.5,0.8,0.02005517389602992,0.07219862602570772
6,346,14687,202,47.3395,-43.8984,340.9202,1.8132,2.8113,0.7275,-0.2454,-0.3592,0.1397,0.7677,-0.0059,-0.3852,-0.0146,trailer,345,51.889,-45.5717,0.7131,-0.2903,0.7693,0.0318,340.2187,0.7699257756433407,2.7717327923160267,-4.549500000000002,1.6732999999999976,0.01440000000000008,0.044899999999999995,0.04715262452928789,4.84746151506126,0,06_345_354_14725_ego_345,0,14725,14725,14733,vehicle_vehicle,0.3245888242356748,1.5566383750505024,1.9168337608010584,12.463579037339152,15.0,3.0,3.5,0.8,0.02005517389602992,0.07219862602570772
6,350,14687,152,62.2823,-43.6535,256.275,1.9906,4.1702,-1.2918,-6.589,2.1092,-0.3417,6.7074,-0.3084,-0.1684,-2.1301,car,345,51.889,-45.5717,0.7131,-0.2903,0.7693,0.0318,340.2187,0.7699257756433407,2.7717327923160267,10.393299999999996,1.9181999999999988,-2.0049,-6.2987,6.610086663577112,10.568830405016438,0,06_345_354_14725_ego_345,0,14725,14725,14733,vehicle_vehicle,0.3245888242356748,1.5566383750505024,1.9168337608010584,12.463579037339152,15.0,3.0,3.5,0.8,0.02005517389602992,0.07219862602570772
6,354,14687,90,70.7783,-26.6583,205.9518,2.0931,4.5353,-6.7325,-3.5819,0.9067,-2.1624,7.6211,-0.2744,0.131,-2.3411,car,345,51.889,-45.5717,0.7131,-0.2903,0.7693,0.0318,340.2187,0.7699257756433407,2.7717327923160267,18.8893,18.9134,-7.4456,-3.2916,8.14073644825823,26.73055094924158,0,06_345_354_14725_ego_345,1,14725,14725,14733,vehicle_vehicle,0.3245888242356748,1.5566383750505024,1.9168337608010584,12.463579037339152,15.0,3.0,3.5,0.8,0.02005517389602992,0.07219862602570772
6,356,14687,42,84.2396,-25.1908,214.3112,2.2482,5.2722,-6.1435,-3.7216,-1.1999,0.3929,7.1723,0.389,0.7696,1.0009,car,345,51.889,-45.5717,0.7131,-0.2903,0.7693,0.0318,340.2187,0.7699257756433407,2.7717327923160267,32.35059999999999,20.3809,-6.8566,-3.4313000000000002,7.667253957578294,38.23535543407436,0,06_345_354_14725_ego_345,0,14725,14725,14733,vehicle_vehicle,0.3245888242356748,1.5566383750505024,1.9168337608010584,12.463579037339152,15.0,3.0,3.5,0.8,0.02005517389602992,0.07219862602570772
6,345,14688,213,51.9172,-45.5837,340.1982,2.0385,4.741,0.6995,-0.2854,-0.3726,0.1384,0.7548,0.0316,-0.3975,-0.004,car,345,51.9172,-45.5837,0.6995,-0.2854,0.7548,0.0316,340.1982,0.7554822367203613,2.719736052193301,0.0,0.0,0.0,0.0,0.0,0.0,1,06_345_354_14725_ego_345,1,14725,14725,14733,vehicle_vehicle,0.3245888242356748,1.5566383750505024,1.9168337608010584,12.463579037339152,15.0,3.0,3.5,0.8,0.02005517389602992,0.07219862602570772
6,346,14688,203,47.3672,-43.9086,340.9414,1.8132,2.8113,0.7143,-0.2398,-0.3653,0.1435,0.7534,-0.0066,-0.3922,-0.0163,trailer,345,51.9172,-45.5837,0.6995,-0.2854,0.7548,0.0316,340.1982,0.7554822367203613,2.719736052193301,-4.550000000000004,1.6751000000000005,0.014800000000000035,0.045599999999999974,0.047941631177923,4.848552362303623,0,06_345_354_14725_ego_345,0,14725,14725,14733,vehicle_vehicle,0.3245888242356748,1.5566383750505024,1.9168337608010584,12.463579037339152,15.0,3.0,3.5,0.8,0.02005517389602992,0.07219862602570772
6,350,14688,153,62.2319,-43.917,256.9185,1.9906,4.1702,-1.2084,-6.6017,2.1148,-0.3553,6.7039,-0.3172,-0.1325,-2.1403,car,345,51.9172,-45.5837,0.6995,-0.2854,0.7548,0.0316,340.1982,0.7554822367203613,2.719736052193301,10.314700000000002,1.6666999999999987,-1.9079,-6.3163,6.598160963480658,10.448489124270553,0,06_345_354_14725_ego_345,0,14725,14725,14733,vehicle_vehicle,0.3245888242356748,1.5566383750505024,1.9168337608010584,12.463579037339152,15.0,3.0,3.5,0.8,0.02005517389602992,0.07219862602570772
6,354,14688,91,70.5098,-26.8034,206.6589,2.0931,4.5353,-6.694,-3.6712,0.955,-2.1779,7.6295,-0.2775,0.1236,-2.3748,car,345,51.9172,-45.5837,0.6995,-0.2854,0.7548,0.0316,340.1982,0.7554822367203613,2.719736052193301,18.592599999999997,18.7803,-7.3934999999999995,-3.3857999999999997,8.131880710512174,26.426964313935112,0,06_345_354_14725_ego_345,1,14725,14725,14733,vehicle_vehicle,0.3245888242356748,1.5566383750505024,1.9168337608010584,12.463579037339152,15.0,3.0,3.5,0.8,0.02005517389602992,0.07219862602570772
6,356,14688,43,83.9928,-25.3399,213.8967,2.2482,5.2722,-6.1928,-3.7085,-1.1731,0.3383,7.2085,0.3755,0.7851,0.9351,car,345,51.9172,-45.5837,0.6995,-0.2854,0.7548,0.0316,340.1982,0.7554822367203613,2.719736052193301,32.0756,20.2438,-6.8923000000000005,-3.4231,7.695545003441927,37.929613151204165,0,06_345_354_14725_ego_345,0,14725,14725,14733,vehicle_vehicle,0.3245888242356748,1.5566383750505024,1.9168337608010584,12.463579037339152,15.0,3.0,3.5,0.8,0.02005517389602992,0.07219862602570772
6,345,14689,214,51.9448,-45.5959,340.1768,2.0385,4.741,0.6855,-0.2799,-0.3826,0.145,0.7398,0.0308,-0.4091,-0.0067,car,345,51.9448,-45.5959,0.6855,-0.2799,0.7398,0.0308,340.1768,0.740441935603326,2.665590968171974,0.0,0.0,0.0,0.0,0.0,0.0,1,06_345_354_14725_ego_345,1,14725,14725,14733,vehicle_vehicle,0.3245888242356748,1.5566383750505024,1.9168337608010584,12.463579037339152,15.0,3.0,3.5,0.8,0.02005517389602992,0.07219862602570772
6,346,14689,204,47.3947,-43.919,340.9392,1.8132,2.8113,0.7011,-0.2337,-0.3727,0.1471,0.739,-0.0081,-0.4003,-0.0173,trailer,345,51.9448,-45.5959,0.6855,-0.2799,0.7398,0.0308,340.1768,0.740441935603326,2.665590968171974,-4.5501000000000005,1.6769000000000034,0.015599999999999947,0.04619999999999999,0.048762690655869245,4.849268359247612,0,06_345_354_14725_ego_345,0,14725,14725,14733,vehicle_vehicle,0.3245888242356748,1.5566383750505024,1.9168337608010584,12.463579037339152,15.0,3.0,3.5,0.8,0.02005517389602992,0.07219862602570772
6,350,14689,154,62.1854,-44.1811,257.5822,1.9906,4.1702,-1.1249,-6.6151,2.1214,-0.3698,6.7022,-0.3239,-0.095,-2.1513,car,345,51.9448,-45.5959,0.6855,-0.2799,0.7398,0.0308,340.1768,0.740441935603326,2.665590968171974,10.2406,1.4147999999999996,-1.8104,-6.3352,6.588801651286826,10.337869577432286,0,06_345_354_14725_ego_345,0,14725,14725,14733,vehicle_vehicle,0.3245888242356748,1.5566383750505024,1.9168337608010584,12.463579037339152,15.0,3.0,3.5,0.8,0.02005517389602992,0.07219862602570772
6,354,14689,92,70.2432,-26.9522,207.3653,2.0931,4.5353,-6.6537,-3.7611,1.0012,-2.1905,7.638,-0.2817,0.1177,-2.4056,car,345,51.9448,-45.5959,0.6855,-0.2799,0.7398,0.0308,340.1768,0.740441935603326,2.665590968171974,18.2984,18.6437,-7.3392,-3.4812,8.12296805853624,26.123150503911276,0,06_345_354_14725_ego_345,1,14725,14725,14733,vehicle_vehicle,0.3245888242356748,1.5566383750505024,1.9168337608010584,12.463579037339152,15.0,3.0,3.5,0.8,0.02005517389602992,0.07219862602570772
6,356,14689,44,83.7441,-25.4883,213.5163,2.2482,5.2722,-6.2411,-3.6975,-1.145,0.2863,7.245,0.3634,0.7965,0.871,car,345,51.9448,-45.5959,0.6855,-0.2799,0.7398,0.0308,340.1768,0.740441935603326,2.665590968171974,31.799300000000002,20.1076,-6.9266000000000005,-3.4175999999999997,7.723844723970052,37.623278143325045,0,06_345_354_14725_ego_345,0,14725,14725,14733,vehicle_vehicle,0.3245888242356748,1.5566383750505024,1.9168337608010584,12.463579037339152,15.0,3.0,3.5,0.8,0.02005517389602992,0.07219862602570772
6,345,14690,215,51.9721,-45.6074,340.1576,2.0385,4.741,0.671,-0.2739,-0.3934,0.1515,0.7242,0.0299,-0.4215,-0.009,car,345,51.9721,-45.6074,0.671,-0.2739,0.7242,0.0299,340.1576,0.7247497568126533,2.609099124525552,0.0,0.0,0.0,0.0,0.0,0.0,1,06_345_354_14725_ego_345,1,14725,14725,14733,vehicle_vehicle,0.3245888242356748,1.5566383750505024,1.9168337608010584,12.463579037339152,15.0,3.0,3.5,0.8,0.02005517389602992,0.07219862602570772
6,346,14690,205,47.4218,-43.9288,340.8959,1.8132,2.8113,0.6879,-0.2272,-0.3817,0.1501,0.7244,-0.0105,-0.4098,-0.017,trailer,345,51.9721,-45.6074,0.671,-0.2739,0.7242,0.0299,340.1576,0.7247497568126533,2.609099124525552,-4.5503,1.6785999999999959,0.016899999999999915,0.046699999999999964,0.049663870167356,4.850044128665221,0,06_345_354_14725_ego_345,0,14725,14725,14733,vehicle_vehicle,0.3245888242356748,1.5566383750505024,1.9168337608010584,12.463579037339152,15.0,3.0,3.5,0.8,0.02005517389602992,0.07219862602570772
6,350,14690,155,62.1416,-44.4455,258.2643,1.9906,4.1702,-1.0409,-6.6293,2.1289,-0.385,6.7024,-0.3293,-0.056,-2.1627,car,345,51.9721,-45.6074,0.671,-0.2739,0.7242,0.0299,340.1576,0.7247497568126533,2.609099124525552,10.1695,1.1618999999999957,-1.7119,-6.3553999999999995,6.581923029783924,10.235660304054642,0,06_345_354_14725_ego_345,0,14725,14725,14733,vehicle_vehicle,0.3245888242356748,1.5566383750505024,1.9168337608010584,12.463579037339152,15.0,3.0,3.5,0.8,0.02005517389602992,0.07219862602570772
6,354,14690,93,69.9785,-27.1036,208.058,2.0931,4.5353,-6.6119,-3.8517,1.0455,-2.2002,7.6465,-0.289,0.1123,-2.4334,car,345,51.9721,-45.6074,0.671,-0.2739,0.7242,0.0299,340.1576,0.7247497568126533,2.609099124525552,18.0064,18.5038,-7.282900000000001,-3.5778000000000003,8.114264307378704,25.819005701227148,0,06_345_354_14725_ego_345,1,14725,14725,14733,vehicle_vehicle,0.3245888242356748,1.5566383750505024,1.9168337608010584,12.463579037339152,15.0,3.0,3.5,0.8,0.02005517389602992,0.07219862602570772
6,356,14690,45,83.4931,-25.6358,213.1655,2.2482,5.2722,-6.288,-3.6886,-1.1157,0.2369,7.2815,0.3522,0.8043,0.8087,car,345,51.9721,-45.6074,0.671,-0.2739,0.7242,0.0299,340.1576,0.7247497568126533,2.609099124525552,31.521,19.9716,-6.9590000000000005,-3.4147000000000003,7.751635768661993,37.31538888394439,0,06_345_354_14725_ego_345,0,14725,14725,14733,vehicle_vehicle,0.3245888242356748,1.5566383750505024,1.9168337608010584,12.463579037339152,15.0,3.0,3.5,0.8,0.02005517389602992,0.07219862602570772
6,345,14691,216,51.9987,-45.6183,340.1394,2.0385,4.741,0.6561,-0.2677,-0.4051,0.158,0.708,0.0289,-0.4346,-0.0109,car,345,51.9987,-45.6183,0.6561,-0.2677,0.708,0.0289,340.1394,0.7086116708042566,2.5510020148953236,0.0,0.0,0.0,0.0,0.0,0.0,1,06_345_354_14725_ego_345,1,14725,14725,14733,vehicle_vehicle,0.3245888242356748,1.5566383750505024,1.9168337608010584,12.463579037339152,15.0,3.0,3.5,0.8,0.02005517389602992,0.07219862602570772
6,346,14691,206,47.4485,-43.938,340.8323,1.8132,2.8113,0.6745,-0.2205,-0.3924,0.1526,0.7095,-0.0132,-0.4208,-0.0153,trailer,345,51.9987,-45.6183,0.6561,-0.2677,0.708,0.0289,340.1394,0.7086116708042566,2.5510020148953236,-4.550199999999997,1.6802999999999955,0.018399999999999972,0.04719999999999999,0.05065964863676019,4.850538952528879,0,06_345_354_14725_ego_345,0,14725,14725,14733,vehicle_vehicle,0.3245888242356748,1.5566383750505024,1.9168337608010584,12.463579037339152,15.0,3.0,3.5,0.8,0.02005517389602992,0.07219862602570772
6,350,14691,156,62.1013,-44.7099,258.9521,1.9906,4.1702,-0.9565,-6.6445,2.1373,-0.4007,6.7046,-0.3345,-0.0163,-2.1745,car,345,51.9987,-45.6183,0.6561,-0.2677,0.708,0.0289,340.1394,0.7086116708042566,2.5510020148953236,10.102600000000002,0.9084000000000003,-1.6126,-6.3768,6.577541866077326,10.143358286090463,0,06_345_354_14725_ego_345,0,14725,14725,14733,vehicle_vehicle,0.3245888242356748,1.5566383750505024,1.9168337608010584,12.463579037339152,15.0,3.0,3.5,0.8,0.02005517389602992,0.07219862602570772
6,354,14691,94,69.7151,-27.2591,208.7447,2.0931,4.5353,-6.5684,-3.9429,1.088,-2.2069,7.6551,-0.2983,0.1074,-2.4581,car,345,51.9987,-45.6183,0.6561,-0.2677,0.708,0.0289,340.1394,0.7086116708042566,2.5510020148953236,17.716400000000007,18.359199999999998,-7.2245,-3.6752,8.105584204115086,25.51335049733767,0,06_345_354_14725_ego_345,1,14725,14725,14733,vehicle_vehicle,0.3245888242356748,1.5566383750505024,1.9168337608010584,12.463579037339152,15.0,3.0,3.5,0.8,0.02005517389602992,0.07219862602570772
6,356,14691,46,83.2412,-25.7833,212.8408,2.2482,5.2722,-6.334,-3.6817,-1.0851,0.19,7.3183,0.3417,0.8086,0.7481,car,345,51.9987,-45.6183,0.6561,-0.2677,0.708,0.0289,340.1394,0.7086116708042566,2.5510020148953236,31.242500000000007,19.834999999999997,-6.9901,-3.414,7.77926050534368,37.007040293030734,0,06_345_354_14725_ego_345,0,14725,14725,14733,vehicle_vehicle,0.3245888242356748,1.5566383750505024,1.9168337608010584,12.463579037339152,15.0,3.0,3.5,0.8,0.02005517389602992,0.07219862602570772
6,345,14692,217,52.0254,-45.6289,340.1179,2.0385,4.741,0.6404,-0.2613,-0.4174,0.1642,0.691,0.0279,-0.4483,-0.0125,car,345,52.0254,-45.6289,0.6404,-0.2613,0.691,0.0279,340.1179,0.6916573212220051,2.4899663563992185,0.0,0.0,0.0,0.0,0.0,0.0,1,06_345_354_14725_ego_345,1,14725,14725,14733,vehicle_vehicle,0.3245888242356748,1.5566383750505024,1.9168337608010584,12.463579037339152,15.0,3.0,3.5,0.8,0.02005517389602992,0.07219862602570772
6,346,14692,207,47.4753,-43.9468,340.7786,1.8132,2.8113,0.6607,-0.2137,-0.4051,0.1543,0.6942,-0.0157,-0.4333,-0.0124,trailer,345,52.0254,-45.6289,0.6404,-0.2613,0.691,0.0279,340.1179,0.6916573212220051,2.4899663563992185,-4.5501000000000005,1.6820999999999984,0.020299999999999985,0.047599999999999976,0.05174794681917339,4.851068997654022,0,06_345_354_14725_ego_345,0,14725,14725,14733,vehicle_vehicle,0.3245888242356748,1.5566383750505024,1.9168337608010584,12.463579037339152,15.0,3.0,3.5,0.8,0.02005517389602992,0.07219862602570772
6,350,14692,157,62.0646,-44.9747,259.6562,1.9906,4.1702,-0.8716,-6.6608,2.1464,-0.4163,6.7091,-0.3385,0.0241,-2.1862,car,345,52.0254,-45.6289,0.6404,-0.2613,0.691,0.0279,340.1179,0.6916573212220051,2.4899663563992185,10.039200000000001,0.654200000000003,-1.512,-6.3995,6.57569344251996,10.060492745387775,0,06_345_354_14725_ego_345,0,14725,14725,14733,vehicle_vehicle,0.3245888242356748,1.5566383750505024,1.9168337608010584,12.463579037339152,15.0,3.0,3.5,0.8,0.02005517389602992,0.07219862602570772
6,354,14692,95,69.4537,-27.418,209.4447,2.0931,4.5353,-6.5233,-4.0346,1.1288,-2.2102,7.6641,-0.3067,0.1035,-2.4796,car,345,52.0254,-45.6289,0.6404,-0.2613,0.691,0.0279,340.1179,0.6916573212220051,2.4899663563992185,17.4283,18.210900000000002,-7.1636999999999995,-3.7733000000000003,8.09669010028172,25.20679510965248,0,06_345_354_14725_ego_345,1,14725,14725,14733,vehicle_vehicle,0.3245888242356748,1.5566383750505024,1.9168337608010584,12.463579037339152,15.0,3.0,3.5,0.8,0.02005517389602992,0.07219862602570772
6,356,14692,47,82.9876,-25.9308,212.5385,2.2482,5.2722,-6.379,-3.6764,-1.053,0.1455,7.3551,0.3317,0.8095,0.6891,car,345,52.0254,-45.6289,0.6404,-0.2613,0.691,0.0279,340.1179,0.6916573212220051,2.4899663563992185,30.962200000000003,19.6981,-7.019399999999999,-3.4151000000000002,7.806079961799007,36.69704310227188,0,06_345_354_14725_ego_345,0,14725,14725,14733,vehicle_vehicle,0.3245888242356748,1.5566383750505024,1.9168337608010584,12.463579037339152,15.0,3.0,3.5,0.8,0.02005517389602992,0.07219862602570772
6,345,14693,218,52.051,-45.6389,340.0916,2.0385,4.741,0.624,-0.2546,-0.4301,0.1703,0.6734,0.0269,-0.4624,-0.0137,car,345,52.051,-45.6389,0.624,-0.2546,0.6734,0.0269,340.0916,0.6739415108152932,2.4261894389350553,0.0,0.0,0.0,0.0,0.0,0.0,1,06_345_354_14725_ego_345,1,14725,14725,14733,vehicle_vehicle,0.3245888242356748,1.5566383750505024,1.9168337608010584,12.463579037339152,15.0,3.0,3.5,0.8,0.02005517389602992,0.07219862602570772
6,346,14693,208,47.5018,-43.9552,340.7236,1.8132,2.8113,0.6462,-0.2068,-0.4195,0.1553,0.6782,-0.0181,-0.4473,-0.0082,trailer,345,52.051,-45.6389,0.624,-0.2546,0.6734,0.0269,340.0916,0.6739415108152932,2.4261894389350553,-4.549199999999999,1.6837000000000018,0.022199999999999998,0.04779999999999998,0.052703700059862954,4.8507799713035835,0,06_345_354_14725_ego_345,0,14725,14725,14733,vehicle_vehicle,0.3245888242356748,1.5566383750505024,1.9168337608010584,12.463579037339152,15.0,3.0,3.5,0.8,0.02005517389602992,0.07219862602570772
6,350,14693,158,62.0314,-45.2398,260.3596,1.9906,4.1702,-0.7864,-6.6785,2.1561,-0.4312,6.7158,-0.3431,0.0641,-2.1978,car,345,52.051,-45.6389,0.624,-0.2546,0.6734,0.0269,340.0916,0.6739415108152932,2.4261894389350553,9.980399999999996,0.3990999999999971,-1.4104,-6.4239,6.576908040257215,9.988376493204484,0,06_345_354_14725_ego_345,0,14725,14725,14733,vehicle_vehicle,0.3245888242356748,1.5566383750505024,1.9168337608010584,12.463579037339152,15.0,3.0,3.5,0.8,0.02005517389602992,0.07219862602570772
6,354,14693,96,69.1935,-27.5804,210.1516,2.0931,4.5353,-6.4766,-4.1268,1.1682,-2.2099,7.6731,-0.3153,0.0999,-2.4977,car,345,52.051,-45.6389,0.624,-0.2546,0.6734,0.0269,340.0916,0.6739415108152932,2.4261894389350553,17.1425,18.0585,-7.1006,-3.8722000000000003,8.087796560250512,24.899291726874477,0,06_345_354_14725_ego_345,1,14725,14725,14733,vehicle_vehicle,0.3245888242356748,1.5566383750505024,1.9168337608010584,12.463579037339152,15.0,3.0,3.5,0.8,0.02005517389602992,0.07219862602570772
6,356,14693,48,82.7315,-26.0788,212.2609,2.2482,5.2722,-6.4227,-3.6725,-1.0194,0.1032,7.3915,0.3227,0.8069,0.6314,car,345,52.051,-45.6389,0.624,-0.2546,0.6734,0.0269,340.0916,0.6739415108152932,2.4261894389350553,30.680499999999995,19.5601,-7.0466999999999995,-3.4179,7.831859376929593,36.3853073679473,0,06_345_354_14725_ego_345,0,14725,14725,14733,vehicle_vehicle,0.3245888242356748,1.5566383750505024,1.9168337608010584,12.463579037339152,15.0,3.0,3.5,0.8,0.02005517389602992,0.07219862602570772
6,345,14694,219,52.0767,-45.6489,340.0665,2.0385,4.741,0.6067,-0.2478,-0.4429,0.1765,0.6549,0.0261,-0.4765,-0.0149,car,345,52.0767,-45.6489,0.6067,-0.2478,0.6549,0.0261,340.0665,0.6553546597072458,2.359276774946085,0.0,0.0,0.0,0.0,0.0,0.0,1,06_345_354_14725_ego_345,1,14725,14725,14733,vehicle_vehicle,0.3245888242356748,1.5566383750505024,1.9168337608010584,12.463579037339152,15.0,3.0,3.5,0.8,0.02005517389602992,0.07219862602570772
6,346,14694,209,47.5297,-43.9628,340.6664,1.8132,2.8113,0.6302,-0.2001,-0.4352,0.1558,0.6609,-0.0198,-0.4622,-0.0029,trailer,345,52.0767,-45.6489,0.6067,-0.2478,0.6549,0.0261,340.0665,0.6553546597072458,2.359276774946085,-4.547000000000004,1.6860999999999962,0.023499999999999965,0.04769999999999999,0.053174618005209943,4.849550722489664,0,06_345_354_14725_ego_345,0,14725,14725,14733,vehicle_vehicle,0.3245888242356748,1.5566383750505024,1.9168337608010584,12.463579037339152,15.0,3.0,3.5,0.8,0.02005517389602992,0.07219862602570772
6,350,14694,159,62.0027,-45.5056,261.0784,1.9906,4.1702,-0.7012,-6.6973,2.1666,-0.4448,6.7251,-0.3459,0.1035,-2.2094,car,345,52.0767,-45.6489,0.6067,-0.2478,0.6549,0.0261,340.0665,0.6553546597072458,2.359276774946085,9.925999999999995,0.14329999999999643,-1.3079,-6.4495000000000005,6.580779031391344,9.927034345160688,0,06_345_354_14725_ego_345,0,14725,14725,14733,vehicle_vehicle,0.3245888242356748,1.5566383750505024,1.9168337608010584,12.463579037339152,15.0,3.0,3.5,0.8,0.02005517389602992,0.07219862602570772
6,354,14694,97,68.9356,-27.7474,210.8672,2.0931,4.5353,-6.4283,-4.2188,1.2059,-2.206,7.6823,-0.3232,0.0967,-2.5122,car,345,52.0767,-45.6489,0.6067,-0.2478,0.6549,0.0261,340.0665,0.6553546597072458,2.359276774946085,16.85889999999999,17.9015,-7.035,-3.971,8.078370256431677,24.590368266050827,0,06_345_354_14725_ego_345,1,14725,14725,14733,vehicle_vehicle,0.3245888242356748,1.5566383750505024,1.9168337608010584,12.463579037339152,15.0,3.0,3.5,0.8,0.02005517389602992,0.07219862602570772
6,356,14694,49,82.4733,-26.2271,211.9964,2.2482,5.2722,-6.4648,-3.6698,-0.9843,0.0626,7.4272,0.3132,0.8016,0.5746,car,345,52.0767,-45.6489,0.6067,-0.2478,0.6549,0.0261,340.0665,0.6553546597072458,2.359276774946085,30.396599999999992,19.421799999999998,-7.0715,-3.422,7.8559656472008585,36.07159002317474,0,06_345_354_14725_ego_345,0,14725,14725,14733,vehicle_vehicle,0.3245888242356748,1.5566383750505024,1.9168337608010584,12.463579037339152,15.0,3.0,3.5,0.8,0.02005517389602992,0.07219862602570772
6,345,14695,220,52.1014,-45.6585,340.0369,2.0385,4.741,0.5886,-0.2408,-0.4555,0.1826,0.6355,0.0254,-0.4905,-0.0161,car,345,52.1014,-45.6585,0.5886,-0.2408,0.6355,0.0254,340.0369,0.6359517277278205,2.289426219820154,0.0,0.0,0.0,0.0,0.0,0.0,1,06_345_354_14725_ego_345,1,14725,14725,14733,vehicle_vehicle,0.3245888242356748,1.5566383750505024,1.9168337608010584,12.463579037339152,15.0,3.0,3.5,0.8,0.02005517389602992,0.07219862602570772
6,346,14695,210,47.5565,-43.9706,340.5978,1.8132,2.8113,0.6127,-0.1934,-0.4512,0.1557,0.6422,-0.0211,-0.4773,0.003,trailer,345,52.1014,-45.6585,0.5886,-0.2408,0.6355,0.0254,340.0369,0.6359517277278205,2.289426219820154,-4.544899999999998,1.687899999999999,0.02410000000000001,0.0474,0.0531749000939353,4.848208165910369,0,06_345_354_14725_ego_345,0,14725,14725,14733,vehicle_vehicle,0.3245888242356748,1.5566383750505024,1.9168337608010584,12.463579037339152,15.0,3.0,3.5,0.8,0.02005517389602992,0.07219862602570772
6,350,14695,160,61.9774,-45.7727,261.7882,1.9906,4.1702,-0.616,-6.7172,2.1785,-0.4566,6.7364,-0.3497,0.1408,-2.2213,car,345,52.1014,-45.6585,0.5886,-0.2408,0.6355,0.0254,340.0369,0.6359517277278205,2.289426219820154,9.876000000000005,-0.11420000000000385,-1.2046000000000001,-6.4764,6.587474335433877,9.876660247269827,0,06_345_354_14725_ego_345,0,14725,14725,14733,vehicle_vehicle,0.3245888242356748,1.5566383750505024,1.9168337608010584,12.463579037339152,15.0,3.0,3.5,0.8,0.02005517389602992,0.07219862602570772
6,354,14695,98,68.6804,-27.9184,211.5923,2.0931,4.5353,-6.379,-4.3105,1.2424,-2.1984,7.6918,-0.3299,0.0934,-2.5235,car,345,52.1014,-45.6585,0.5886,-0.2408,0.6355,0.0254,340.0369,0.6359517277278205,2.289426219820154,16.579000000000008,17.740099999999998,-6.967599999999999,-4.0697,8.069071064874816,24.28115295882797,0,06_345_354_14725_ego_345,1,14725,14725,14733,vehicle_vehicle,0.3245888242356748,1.5566383750505024,1.9168337608010584,12.463579037339152,15.0,3.0,3.5,0.8,0.02005517389602992,0.07219862602570772
6,356,14695,50,82.2133,-26.3747,211.7446,2.2482,5.2722,-6.5053,-3.6683,-0.9479,0.0231,7.4621,0.3032,0.794,0.5184,car,345,52.1014,-45.6585,0.5886,-0.2408,0.6355,0.0254,340.0369,0.6359517277278205,2.289426219820154,30.111900000000006,19.283799999999996,-7.0939,-3.4274999999999998,7.878526096929551,35.757397333279165,0,06_345_354_14725_ego_345,0,14725,14725,14733,vehicle_vehicle,0.3245888242356748,1.5566383750505024,1.9168337608010584,12.463579037339152,15.0,3.0,3.5,0.8,0.02005517389602992,0.07219862602570772
6,345,14696,221,52.1256,-45.668,340.012,2.0385,4.741,0.5696,-0.2336,-0.4675,0.1888,0.6152,0.0248,-0.5039,-0.0176,car,345,52.1256,-45.668,0.5696,-0.2336,0.6152,0.0248,340.012,0.6156404145278314,2.216305492300193,0.0,0.0,0.0,0.0,0.0,0.0,1,06_345_354_14725_ego_345,1,14725,14725,14733,vehicle_vehicle,0.3245888242356748,1.5566383750505024,1.9168337608010584,12.463579037339152,15.0,3.0,3.5,0.8,0.02005517389602992,0.07219862602570772
6,346,14696,211,47.5824,-43.9779,340.5281,1.8132,2.8113,0.594,-0.1868,-0.4668,0.1553,0.6223,-0.0218,-0.4919,0.0092,trailer,345,52.1256,-45.668,0.5696,-0.2336,0.6152,0.0248,340.012,0.6156404145278314,2.216305492300193,-4.543199999999999,1.690100000000001,0.024399999999999977,0.04680000000000001,0.05277878361614636,4.8473811744074755,0,06_345_354_14725_ego_345,0,14725,14725,14733,vehicle_vehicle,0.3245888242356748,1.5566383750505024,1.9168337608010584,12.463579037339152,15.0,3.0,3.5,0.8,0.02005517389602992,0.07219862602570772
6,350,14696,161,61.9556,-46.0409,262.4871,1.9906,4.1702,-0.5308,-6.7379,2.192,-0.4661,6.7495,-0.3547,0.1755,-2.2341,car,345,52.1256,-45.668,0.5696,-0.2336,0.6152,0.0248,340.012,0.6156404145278314,2.216305492300193,9.829999999999998,-0.37290000000000134,-1.1004,-6.5043,6.5967263585812015,9.837070418066547,0,06_345_354_14725_ego_345,0,14725,14725,14733,vehicle_vehicle,0.3245888242356748,1.5566383750505024,1.9168337608010584,12.463579037339152,15.0,3.0,3.5,0.8,0.02005517389602992,0.07219862602570772
6,354,14696,99,68.4278,-28.0936,212.3183,2.0931,4.5353,-6.3288,-4.4016,1.2781,-2.1876,7.7016,-0.3362,0.0895,-2.532,car,345,52.1256,-45.668,0.5696,-0.2336,0.6152,0.0248,340.012,0.6156404145278314,2.216305492300193,16.302200000000006,17.5744,-6.8984000000000005,-4.168,8.059785763902166,23.971259044947978,0,06_345_354_14725_ego_345,1,14725,14725,14733,vehicle_vehicle,0.3245888242356748,1.5566383750505024,1.9168337608010584,12.463579037339152,15.0,3.0,3.5,0.8,0.02005517389602992,0.07219862602570772
6,356,14696,51,81.9524,-26.5226,211.5176,2.2482,5.2722,-6.5444,-3.6679,-0.9105,-0.0156,7.4964,0.2943,0.7843,0.4627,car,345,52.1256,-45.668,0.5696,-0.2336,0.6152,0.0248,340.012,0.6156404145278314,2.216305492300193,29.8268,19.1454,-7.114000000000001,-3.4343,7.89958305798477,35.442690916464,0,06_345_354_14725_ego_345,0,14725,14725,14733,vehicle_vehicle,0.3245888242356748,1.5566383750505024,1.9168337608010584,12.463579037339152,15.0,3.0,3.5,0.8,0.02005517389602992,0.07219862602570772
6,345,14697,222,52.1488,-45.6774,339.9893,2.0385,4.741,0.5498,-0.226,-0.4786,0.1951,0.594,0.0242,-0.5165,-0.0195,car,345,52.1488,-45.6774,0.5498,-0.226,0.594,0.0242,339.9893,0.5944375829302855,2.139975298549028,0.0,0.0,0.0,0.0,0.0,0.0,1,06_345_354_14725_ego_345,1,14725,14725,14733,vehicle_vehicle,0.3245888242356748,1.5566383750505024,1.9168337608010584,12.463579037339152,15.0,3.0,3.5,0.8,0.02005517389602992,0.07219862602570772
6,346,14697,212,47.6066,-43.9852,340.4549,1.8132,2.8113,0.5743,-0.1803,-0.4816,0.1545,0.6015,-0.0222,-0.5055,0.0155,trailer,345,52.1488,-45.6774,0.5498,-0.226,0.594,0.0242,339.9893,0.5944375829302855,2.139975298549028,-4.542200000000001,1.6921999999999997,0.024500000000000077,0.04570000000000002,0.05185306162609885,4.847176671011694,0,06_345_354_14725_ego_345,0,14725,14725,14733,vehicle_vehicle,0.3245888242356748,1.5566383750505024,1.9168337608010584,12.463579037339152,15.0,3.0,3.5,0.8,0.02005517389602992,0.07219862602570772
6,350,14697,162,61.9369,-46.3101,263.1897,1.9906,4.1702,-0.4454,-6.7593,2.2076,-0.473,6.7644,-0.3593,0.2078,-2.2481,car,345,52.1488,-45.6774,0.5498,-0.226,0.594,0.0242,339.9893,0.5944375829302855,2.139975298549028,9.7881,-0.6326999999999998,-0.9952,-6.5333,6.608663399659571,9.808527458288527,0,06_345_354_14725_ego_345,0,14725,14725,14733,vehicle_vehicle,0.3245888242356748,1.5566383750505024,1.9168337608010584,12.463579037339152,15.0,3.0,3.5,0.8,0.02005517389602992,0.07219862602570772
6,354,14697,100,68.1777,-28.2728,213.0512,2.0931,4.5353,-6.2781,-4.4915,1.3137,-2.1741,7.7118,-0.3408,0.0846,-2.5387,car,345,52.1488,-45.6774,0.5498,-0.226,0.594,0.0242,339.9893,0.5944375829302855,2.139975298549028,16.0289,17.4046,-6.8279000000000005,-4.2655,8.050758266151083,23.661059493818108,0,06_345_354_14725_ego_345,1,14725,14725,14733,vehicle_vehicle,0.3245888242356748,1.5566383750505024,1.9168337608010584,12.463579037339152,15.0,3.0,3.5,0.8,0.02005517389602992,0.07219862602570772
6,356,14697,52,81.69,-26.6706,211.3064,2.2482,5.2722,-6.582,-3.6686,-0.8718,-0.054,7.5299,0.2857,0.7729,0.4069,car,345,52.1488,-45.6774,0.5498,-0.226,0.594,0.0242,339.9893,0.5944375829302855,2.139975298549028,29.541199999999996,19.0068,-7.1318,-3.4426,7.919221300102682,35.12749555092136,0,06_345_354_14725_ego_345,0,14725,14725,14733,vehicle_vehicle,0.3245888242356748,1.5566383750505024,1.9168337608010584,12.463579037339152,15.0,3.0,3.5,0.8,0.02005517389602992,0.07219862602570772
6,345,14698,223,52.1706,-45.6865,339.9622,2.0385,4.741,0.5295,-0.2181,-0.4886,0.2012,0.5722,0.0235,-0.5279,-0.0217,car,345,52.1706,-45.6865,0.5295,-0.2181,0.5722,0.0235,339.9622,0.5726585893881274,2.0615709217972586,0.0,0.0,0.0,0.0,0.0,0.0,1,06_345_354_14725_ego_345,1,14725,14725,14733,vehicle_vehicle,0.3245888242356748,1.5566383750505024,1.9168337608010584,12.463579037339152,15.0,3.0,3.5,0.8,0.02005517389602992,0.07219862602570772
6,346,14698,213,47.6298,-43.992,340.3635,1.8132,2.8113,0.5537,-0.174,-0.4952,0.1535,0.58,-0.0222,-0.518,0.0218,trailer,345,52.1706,-45.6865,0.5295,-0.2181,0.5722,0.0235,339.9622,0.5726585893881274,2.0615709217972586,-4.540799999999997,1.694500000000005,0.0242,0.0441,0.05030357840154118,4.846668432026271,0,06_345_354_14725_ego_345,0,14725,14725,14733,vehicle_vehicle,0.3245888242356748,1.5566383750505024,1.9168337608010584,12.463579037339152,15.0,3.0,3.5,0.8,0.02005517389602992,0.07219862602570772
6,350,14698,163,61.9214,-46.5803,263.8955,1.9906,4.1702,-0.3595,-6.7812,2.2255,-0.477,6.781,-0.3637,0.2376,-2.2636,car,345,52.1706,-45.6865,0.5295,-0.2181,0.5722,0.0235,339.9622,0.5726585893881274,2.0615709217972586,9.750799999999998,-0.8937999999999988,-0.889,-6.5631,6.6230357548483765,9.79167907358079,0,06_345_354_14725_ego_345,0,14725,14725,14733,vehicle_vehicle,0.3245888242356748,1.5566383750505024,1.9168337608010584,12.463579037339152,15.0,3.0,3.5,0.8,0.02005517389602992,0.07219862602570772
6,354,14698,101,67.9289,-28.4548,213.782,2.0931,4.5353,-6.2264,-4.5808,1.3499,-2.1581,7.7222,-0.3453,0.078,-2.5443,car,345,52.1706,-45.6865,0.5295,-0.2181,0.5722,0.0235,339.9622,0.5726585893881274,2.0615709217972586,15.758299999999998,17.231700000000004,-6.7559,-4.3627,8.04209774250475,23.350706708363244,0,06_345_354_14725_ego_345,1,14725,14725,14733,vehicle_vehicle,0.3245888242356748,1.5566383750505024,1.9168337608010584,12.463579037339152,15.0,3.0,3.5,0.8,0.02005517389602992,0.07219862602570772
6,356,14698,53,81.4272,-26.8191,211.0976,2.2482,5.2722,-6.6185,-3.6701,-0.8318,-0.0927,7.5629,0.2758,0.7601,0.3503,car,345,52.1706,-45.6865,0.5295,-0.2181,0.5722,0.0235,339.9622,0.5726585893881274,2.0615709217972586,29.2566,18.867400000000004,-7.148,-3.452,7.9378969507042605,34.81274804320969,0,06_345_354_14725_ego_345,0,14725,14725,14733,vehicle_vehicle,0.3245888242356748,1.5566383750505024,1.9168337608010584,12.463579037339152,15.0,3.0,3.5,0.8,0.02005517389602992,0.07219862602570772
6,345,14699,224,52.1918,-45.6958,339.9392,2.0385,4.741,0.5086,-0.2096,-0.4972,0.2072,0.5497,0.0225,-0.5381,-0.024,car,345,52.1918,-45.6958,0.5086,-0.2096,0.5497,0.0225,339.9392,0.5500964642678592,1.9803472713642931,0.0,0.0,0.0,0.0,0.0,0.0,1,06_345_354_14725_ego_345,1,14725,14725,14733,vehicle_vehicle,0.3245888242356748,1.5566383750505024,1.9168337608010584,12.463579037339152,15.0,3.0,3.5,0.8,0.02005517389602992,0.07219862602570772
6,346,14699,214,47.6524,-43.9982,340.2483,1.8132,2.8113,0.5323,-0.1679,-0.5073,0.1524,0.5577,-0.0219,-0.529,0.028,trailer,345,52.1918,-45.6958,0.5086,-0.2096,0.5497,0.0225,339.9392,0.5500964642678592,1.9803472713642931,-4.5394000000000005,1.6976000000000013,0.023699999999999943,0.041700000000000015,0.047964361769964145,4.846441799918783,0,06_345_354_14725_ego_345,0,14725,14725,14733,vehicle_vehicle,0.3245888242356748,1.5566383750505024,1.9168337608010584,12.463579037339152,15.0,3.0,3.5,0.8,0.02005517389602992,0.07219862602570772
6,350,14699,164,61.9091,-46.8513,264.6218,1.9906,4.1702,-0.2731,-6.8034,2.2459,-0.478,6.7991,-0.3658,0.2654,-2.2808,car,345,52.1918,-45.6958,0.5086,-0.2096,0.5497,0.0225,339.9392,0.5500964642678592,1.9803472713642931,9.717300000000002,-1.1555000000000035,-0.7817000000000001,-6.5938,6.6399738952800105,9.785760038954564,0,06_345_354_14725_ego_345,0,14725,14725,14733,vehicle_vehicle,0.3245888242356748,1.5566383750505024,1.9168337608010584,12.463579037339152,15.0,3.0,3.5,0.8,0.02005517389602992,0.07219862602570772
6,354,14699,102,67.6816,-28.6401,214.5049,2.0931,4.5353,-6.1735,-4.6692,1.3871,-2.1399,7.7324,-0.3507,0.0692,-2.5492,car,345,52.1918,-45.6958,0.5086,-0.2096,0.5497,0.0225,339.9392,0.5500964642678592,1.9803472713642931,15.489800000000002,17.055699999999998,-6.6821,-4.4596,8.033585287404373,23.039765765519405,0,06_345_354_14725_ego_345,1,14725,14725,14733,vehicle_vehicle,0.3245888242356748,1.5566383750505024,1.9168337608010584,12.463579037339152,15.0,3.0,3.5,0.8,0.02005517389602992,0.07219862602570772
6,356,14699,54,81.1635,-26.9674,210.8948,2.2482,5.2722,-6.6541,-3.6725,-0.7897,-0.1323,7.5957,0.2652,0.7456,0.2919,car,345,52.1918,-45.6958,0.5086,-0.2096,0.5497,0.0225,339.9392,0.5500964642678592,1.9803472713642931,28.9717,18.728399999999997,-7.1627,-3.4629,7.955875043010668,34.49800526769628,0,06_345_354_14725_ego_345,0,14725,14725,14733,vehicle_vehicle,0.3245888242356748,1.5566383750505024,1.9168337608010584,12.463579037339152,15.0,3.0,3.5,0.8,0.02005517389602992,0.07219862602570772
6,345,14700,225,52.2124,-45.7048,339.9205,2.0385,4.741,0.4871,-0.2006,-0.5044,0.2125,0.5264,0.0212,-0.5467,-0.0264,car,345,52.2124,-45.7048,0.4871,-0.2006,0.5264,0.0212,339.9205,0.5267891134030771,1.8964408082510775,0.0,0.0,0.0,0.0,0.0,0.0,1,06_345_354_14725_ego_345,1,14725,14725,14733,vehicle_vehicle,0.3245888242356748,1.5566383750505024,1.9168337608010584,12.463579037339152,15.0,3.0,3.5,0.8,0.02005517389602992,0.07219862602570772
6,346,14700,215,47.6735,-44.0047,340.1466,1.8132,2.8113,0.5102,-0.1618,-0.5178,0.1514,0.5349,-0.0211,-0.5384,0.0335,trailer,345,52.2124,-45.7048,0.4871,-0.2006,0.5264,0.0212,339.9205,0.5267891134030771,1.8964408082510775,-4.538900000000005,1.700099999999999,0.02310000000000001,0.0388,0.0451558412611259,4.8468498243704685,0,06_345_354_14725_ego_345,0,14725,14725,14733,vehicle_vehicle,0.3245888242356748,1.5566383750505024,1.9168337608010584,12.463579037339152,15.0,3.0,3.5,0.8,0.02005517389602992,0.07219862602570772
6,350,14700,165,61.9004,-47.1236,265.3455,1.9906,4.1702,-0.1859,-6.8258,2.269,-0.4758,6.8184,-0.3686,0.2901,-2.3001,car,345,52.2124,-45.7048,0.4871,-0.2006,0.5264,0.0212,339.9205,0.5267891134030771,1.8964408082510775,9.687999999999995,-1.4188000000000045,-0.673,-6.6252,6.659294560236843,9.791339920562452,0,06_345_354_14725_ego_345,0,14725,14725,14733,vehicle_vehicle,0.3245888242356748,1.5566383750505024,1.9168337608010584,12.463579037339152,15.0,3.0,3.5,0.8,0.02005517389602992,0.07219862602570772
6,354,14700,103,67.4365,-28.8291,215.2173,2.0931,4.5353,-6.1194,-4.7568,1.4255,-2.1197,7.7425,-0.3572,0.0578,-2.5538,car,345,52.2124,-45.7048,0.4871,-0.2006,0.5264,0.0212,339.9205,0.5267891134030771,1.8964408082510775,15.224099999999993,16.8757,-6.6065,-4.5562000000000005,8.025260163384113,22.728010720254417,0,06_345_354_14725_ego_345,1,14725,14725,14733,vehicle_vehicle,0.3245888242356748,1.5566383750505024,1.9168337608010584,12.463579037339152,15.0,3.0,3.5,0.8,0.02005517389602992,0.07219862602570772
6,356,14700,55,80.8982,-27.1154,210.7151,2.2482,5.2722,-6.6886,-3.6762,-0.745,-0.1734,7.628,0.2559,0.7291,0.2314,car,345,52.2124,-45.7048,0.4871,-0.2006,0.5264,0.0212,339.9205,0.5267891134030771,1.8964408082510775,28.6858,18.589399999999998,-7.1757,-3.4756,7.973108919988488,34.182465007661456,0,06_345_354_14725_ego_345,0,14725,14725,14733,vehicle_vehicle,0.3245888242356748,1.5566383750505024,1.9168337608010584,12.463579037339152,15.0,3.0,3.5,0.8,0.02005517389602992,0.07219862602570772
6,345,14701,226,52.2317,-45.7134,339.9057,2.0385,4.741,0.4652,-0.1911,-0.51,0.217,0.5026,0.0196,-0.5535,-0.0286,car,345,52.2317,-45.7134,0.4652,-0.1911,0.5026,0.0196,339.9057,0.5029217135896998,1.8105181689229195,0.0,0.0,0.0,0.0,0.0,0.0,1,06_345_354_14725_ego_345,1,14725,14725,14733,vehicle_vehicle,0.3245888242356748,1.5566383750505024,1.9168337608010584,12.463579037339152,15.0,3.0,3.5,0.8,0.02005517389602992,0.07219862602570772
6,346,14701,216,47.6936,-44.0115,340.0456,1.8132,2.8113,0.4878,-0.1557,-0.5265,0.1503,0.5116,-0.0201,-0.5462,0.0384,trailer,345,52.2317,-45.7134,0.4652,-0.1911,0.5026,0.0196,339.9057,0.5029217135896998,1.8105181689229195,-4.538099999999993,1.701900000000002,0.02260000000000001,0.03539999999999999,0.0419990476082494,4.8467324271100365,0,06_345_354_14725_ego_345,0,14725,14725,14733,vehicle_vehicle,0.3245888242356748,1.5566383750505024,1.9168337608010584,12.463579037339152,15.0,3.0,3.5,0.8,0.02005517389602992,0.07219862602570772
6,350,14701,166,61.8947,-47.3973,266.0849,1.9906,4.1702,-0.0979,-6.848,2.2948,-0.4703,6.8388,-0.3699,0.3125,-2.3215,car,345,52.2317,-45.7134,0.4652,-0.1911,0.5026,0.0196,339.9057,0.5029217135896998,1.8105181689229195,9.663000000000004,-1.6839000000000013,-0.5631,-6.6569,6.6806735603530285,9.808623155672771,0,06_345_354_14725_ego_345,0,14725,14725,14733,vehicle_vehicle,0.3245888242356748,1.5566383750505024,1.9168337608010584,12.463579037339152,15.0,3.0,3.5,0.8,0.02005517389602992,0.07219862602570772
6,354,14701,104,67.1922,-29.0209,215.9247,2.0931,4.5353,-6.0635,-4.8436,1.4652,-2.0975,7.752,-0.3647,0.0442,-2.5582,car,345,52.2317,-45.7134,0.4652,-0.1911,0.5026,0.0196,339.9057,0.5029217135896998,1.8105181689229195,14.960500000000003,16.6925,-6.528700000000001,-4.652500000000001,8.0168372778796,22.415532929198896,0,06_345_354_14725_ego_345,1,14725,14725,14733,vehicle_vehicle,0.3245888242356748,1.5566383750505024,1.9168337608010584,12.463579037339152,15.0,3.0,3.5,0.8,0.02005517389602992,0.07219862602570772
6,356,14701,56,80.631,-27.2632,210.5547,2.2482,5.2722,-6.7218,-3.6813,-0.6972,-0.2163,7.6598,0.247,0.7103,0.1682,car,345,52.2317,-45.7134,0.4652,-0.1911,0.5026,0.0196,339.9057,0.5029217135896998,1.8105181689229195,28.399300000000004,18.4502,-7.187,-3.4901999999999997,7.989647366436143,33.866356764937095,0,06_345_354_14725_ego_345,0,14725,14725,14733,vehicle_vehicle,0.3245888242356748,1.5566383750505024,1.9168337608010584,12.463579037339152,15.0,3.0,3.5,0.8,0.02005517389602992,0.07219862602570772
6,345,14702,227,52.25,-45.7214,339.8976,2.0385,4.741,0.4431,-0.1812,-0.5138,0.2204,0.4784,0.0179,-0.5583,-0.0303,car,345,52.25,-45.7214,0.4431,-0.1812,0.4784,0.0179,339.8976,0.47871813209862857,1.723385275555063,0.0,0.0,0.0,0.0,0.0,0.0,1,06_345_354_14725_ego_345,1,14725,14725,14733,vehicle_vehicle,0.3245888242356748,1.5566383750505024,1.9168337608010584,12.463579037339152,15.0,3.0,3.5,0.8,0.02005517389602992,0.07219862602570772
6,346,14702,217,47.7129,-44.0179,339.958,1.8132,2.8113,0.4648,-0.1495,-0.5334,0.1491,0.4879,-0.0189,-0.5522,0.0427,trailer,345,52.25,-45.7214,0.4431,-0.1812,0.4784,0.0179,339.8976,0.47871813209862857,1.723385275555063,-4.537100000000002,1.7035000000000053,0.021699999999999997,0.031700000000000006,0.038415882132264,4.846358288447114,0,06_345_354_14725_ego_345,0,14725,14725,14733,vehicle_vehicle,0.3245888242356748,1.5566383750505024,1.9168337608010584,12.463579037339152,15.0,3.0,3.5,0.8,0.02005517389602992,0.07219862602570772
6,350,14702,167,61.8922,-47.6714,266.8342,1.9906,4.1702,-0.0086,-6.8701,2.3232,-0.4616,6.8601,-0.3708,0.3326,-2.3451,car,345,52.25,-45.7214,0.4431,-0.1812,0.4784,0.0179,339.8976,0.47871813209862857,1.723385275555063,9.642200000000003,-1.9499999999999957,-0.4517,-6.6889,6.704134254323969,9.837404171833139,0,06_345_354_14725_ego_345,0,14725,14725,14733,vehicle_vehicle,0.3245888242356748,1.5566383750505024,1.9168337608010584,12.463579037339152,15.0,3.0,3.5,0.8,0.02005517389602992,0.07219862602570772
6,354,14702,105,66.9503,-29.2165,216.6485,2.0931,4.5353,-6.0058,-4.9294,1.5059,-2.0734,7.7609,-0.3701,0.0294,-2.5624,car,345,52.25,-45.7214,0.4431,-0.1812,0.4784,0.0179,339.8976,0.47871813209862857,1.723385275555063,14.700299999999999,16.504900000000003,-6.4489,-4.748200000000001,8.008352792553536,22.102274636335512,0,06_345_354_14725_ego_345,1,14725,14725,14733,vehicle_vehicle,0.3245888242356748,1.5566383750505024,1.9168337608010584,12.463579037339152,15.0,3.0,3.5,0.8,0.02005517389602992,0.07219862602570772
6,356,14702,57,80.3622,-27.4109,210.4174,2.2482,5.2722,-6.7532,-3.6879,-0.6459,-0.261,7.6909,0.2388,0.6892,0.1019,car,345,52.25,-45.7214,0.4431,-0.1812,0.4784,0.0179,339.8976,0.47871813209862857,1.723385275555063,28.1122,18.3105,-7.1963,-3.5067,8.005228202868423,33.54951861189666,0,06_345_354_14725_ego_345,0,14725,14725,14733,vehicle_vehicle,0.3245888242356748,1.5566383750505024,1.9168337608010584,12.463579037339152,15.0,3.0,3.5,0.8,0.02005517389602992,0.07219862602570772
6,345,14703,228,52.2674,-45.7289,339.8918,2.0385,4.741,0.4208,-0.171,-0.5159,0.2224,0.4539,0.0159,-0.5609,-0.0315,car,345,52.2674,-45.7289,0.4208,-0.171,0.4539,0.0159,339.8918,0.4542176130446727,1.6351834069608218,0.0,0.0,0.0,0.0,0.0,0.0,1,06_345_354_14725_ego_345,1,14725,14725,14733,vehicle_vehicle,0.3245888242356748,1.5566383750505024,1.9168337608010584,12.463579037339152,15.0,3.0,3.5,0.8,0.02005517389602992,0.07219862602570772
6,346,14703,218,47.731,-44.0237,339.9197,1.8132,2.8113,0.4417,-0.1433,-0.5384,0.1477,0.464,-0.017,-0.5564,0.0461,trailer,345,52.2674,-45.7289,0.4208,-0.171,0.4539,0.0159,339.8918,0.4542176130446727,1.6351834069608218,-4.5364,1.705200000000005,0.020899999999999974,0.027700000000000002,0.034700144091919835,4.846300857355022,0,06_345_354_14725_ego_345,0,14725,14725,14733,vehicle_vehicle,0.3245888242356748,1.5566383750505024,1.9168337608010584,12.463579037339152,15.0,3.0,3.5,0.8,0.02005517389602992,0.07219862602570772
6,350,14703,168,61.893,-47.9466,267.5972,1.9906,4.1702,0.0821,-6.8918,2.3539,-0.4497,6.8823,-0.3709,0.3506,-2.3707,car,345,52.2674,-45.7289,0.4208,-0.171,0.4539,0.0159,339.8918,0.4542176130446727,1.6351834069608218,9.625599999999999,-2.2176999999999936,-0.3387,-6.7208,6.729329114406576,9.87777144147403,0,06_345_354_14725_ego_345,0,14725,14725,14733,vehicle_vehicle,0.3245888242356748,1.5566383750505024,1.9168337608010584,12.463579037339152,15.0,3.0,3.5,0.8,0.02005517389602992,0.07219862602570772
6,354,14703,106,66.7102,-29.415,217.3664,2.0931,4.5353,-5.9461,-5.0144,1.5473,-2.0472,7.7691,-0.3766,0.0127,-2.5662,car,345,52.2674,-45.7289,0.4208,-0.171,0.4539,0.0159,339.8918,0.4542176130446727,1.6351834069608218,14.442799999999998,16.313900000000004,-6.3669,-4.8434,7.99974619409891,21.788478722710316,0,06_345_354_14725_ego_345,1,14725,14725,14733,vehicle_vehicle,0.3245888242356748,1.5566383750505024,1.9168337608010584,12.463579037339152,15.0,3.0,3.5,0.8,0.02005517389602992,0.07219862602570772
6,356,14703,58,80.0914,-27.5581,210.2892,2.2482,5.2722,-6.7825,-3.6966,-0.5911,-0.3077,7.7211,0.2289,0.6656,0.0325,car,345,52.2674,-45.7289,0.4208,-0.171,0.4539,0.0159,339.8918,0.4542176130446727,1.6351834069608218,27.82399999999999,18.170800000000003,-7.2033,-3.5256000000000003,8.01981210814817,33.23180628012867,0,06_345_354_14725_ego_345,0,14725,14725,14733,vehicle_vehicle,0.3245888242356748,1.5566383750505024,1.9168337608010584,12.463579037339152,15.0,3.0,3.5,0.8,0.02005517389602992,0.07219862602570772
6,345,14704,229,52.2835,-45.7355,339.8798,2.0385,4.741,0.3985,-0.1607,-0.5163,0.2231,0.4295,0.0138,-0.5615,-0.0319,car,345,52.2835,-45.7355,0.3985,-0.1607,0.4295,0.0138,339.8798,0.42968213833018476,1.5468556979886652,0.0,0.0,0.0,0.0,0.0,0.0,1,06_345_354_14725_ego_345,1,14725,14725,14733,vehicle_vehicle,0.3245888242356748,1.5566383750505024,1.9168337608010584,12.463579037339152,15.0,3.0,3.5,0.8,0.02005517389602992,0.07219862602570772
6,346,14704,219,47.7486,-44.0293,339.9264,1.8132,2.8113,0.4182,-0.1372,-0.5416,0.1462,0.4399,-0.0146,-0.5588,0.0486,trailer,345,52.2835,-45.7355,0.3985,-0.1607,0.4295,0.0138,339.8798,0.42968213833018476,1.5468556979886652,-4.534899999999993,1.7062000000000026,0.019699999999999995,0.02350000000000002,0.030664963720832945,4.845248853258204,0,06_345_354_14725_ego_345,0,14725,14725,14733,vehicle_vehicle,0.3245888242356748,1.5566383750505024,1.9168337608010584,12.463579037339152,15.0,3.0,3.5,0.8,0.02005517389602992,0.07219862602570772
6,350,14704,169,61.8972,-48.2224,268.3748,1.9906,4.1702,0.1744,-6.9131,2.3867,-0.4345,6.9054,-0.3704,0.3666,-2.3981,car,345,52.2835,-45.7355,0.3985,-0.1607,0.4295,0.0138,339.8798,0.42968213833018476,1.5468556979886652,9.613700000000001,-2.4868999999999986,-0.22410000000000002,-6.7524,6.756117714338612,9.930151021006681,0,06_345_354_14725_ego_345,0,14725,14725,14733,vehicle_vehicle,0.3245888242356748,1.5566383750505024,1.9168337608010584,12.463579037339152,15.0,3.0,3.5,0.8,0.02005517389602992,0.07219862602570772
6,354,14704,107,66.4727,-29.6168,218.0637,2.0931,4.5353,-5.8843,-5.0986,1.5891,-2.0189,7.7763,-0.3863,-0.0064,-2.5693,car,345,52.2835,-45.7355,0.3985,-0.1607,0.4295,0.0138,339.8798,0.42968213833018476,1.5468556979886652,14.189200000000007,16.1187,-6.2828,-4.9379,7.991021977819858,21.474307586741887,0,06_345_354_14725_ego_345,1,14725,14725,14733,vehicle_vehicle,0.3245888242356748,1.5566383750505024,1.9168337608010584,12.463579037339152,15.0,3.0,3.5,0.8,0.02005517389602992,0.07219862602570772
6,356,14704,59,79.8193,-27.7057,210.1782,2.2482,5.2722,-6.8095,-3.7073,-0.5329,-0.356,7.7503,0.2182,0.6397,-0.0399,car,345,52.2835,-45.7355,0.3985,-0.1607,0.4295,0.0138,339.8798,0.42968213833018476,1.5468556979886652,27.535800000000002,18.0298,-7.208,-3.5466,8.03328298767073,32.91343144796665,0,06_345_354_14725_ego_345,0,14725,14725,14733,vehicle_vehicle,0.3245888242356748,1.5566383750505024,1.9168337608010584,12.463579037339152,15.0,3.0,3.5,0.8,0.02005517389602992,0.07219862602570772
6,345,14705,230,52.2991,-45.7416,339.8679,2.0385,4.741,0.3762,-0.1505,-0.515,0.2224,0.405,0.0118,-0.5601,-0.0315,car,345,52.2991,-45.7416,0.3762,-0.1505,0.405,0.0118,339.8679,0.4051872283278435,1.4586740219802365,0.0,0.0,0.0,0.0,0.0,0.0,1,06_345_354_14725_ego_345,1,14725,14725,14733,vehicle_vehicle,0.3245888242356748,1.5566383750505024,1.9168337608010584,12.463579037339152,15.0,3.0,3.5,0.8,0.02005517389602992,0.07219862602570772
6,346,14705,220,47.765,-44.0345,339.9456,1.8132,2.8113,0.3945,-0.1313,-0.5428,0.1445,0.4156,-0.012,-0.5594,0.0504,trailer,345,52.2991,-45.7416,0.3762,-0.1505,0.405,0.0118,339.8679,0.4051872283278435,1.4586740219802365,-4.534100000000002,1.707099999999997,0.01830000000000004,0.019199999999999995,0.026524139948356503,4.844817150316409,0,06_345_354_14725_ego_345,0,14725,14725,14733,vehicle_vehicle,0.3245888242356748,1.5566383750505024,1.9168337608010584,12.463579037339152,15.0,3.0,3.5,0.8,0.02005517389602992,0.07219862602570772
6,350,14705,170,61.9054,-48.4988,269.1704,1.9906,4.1702,0.2683,-6.934,2.4213,-0.4159,6.9294,-0.3686,0.3808,-2.4271,car,345,52.2991,-45.7416,0.3762,-0.1505,0.405,0.0118,339.8679,0.4051872283278435,1.4586740219802365,9.606299999999997,-2.7572000000000045,-0.1079,-6.7835,6.7843580875422544,9.994155868806528,0,06_345_354_14725_ego_345,0,14725,14725,14733,vehicle_vehicle,0.3245888242356748,1.5566383750505024,1.9168337608010584,12.463579037339152,15.0,3.0,3.5,0.8,0.02005517389602992,0.07219862602570772
6,354,14705,108,66.2375,-29.8221,218.7584,2.0931,4.5353,-5.8204,-5.1816,1.6308,-1.9883,7.7826,-0.3968,-0.0269,-2.5714,car,345,52.2991,-45.7416,0.3762,-0.1505,0.405,0.0118,339.8679,0.4051872283278435,1.4586740219802365,13.938399999999994,15.9195,-6.1966,-5.0311,7.981843068489884,21.159146362979765,0,06_345_354_14725_ego_345,1,14725,14725,14733,vehicle_vehicle,0.3245888242356748,1.5566383750505024,1.9168337608010584,12.463579037339152,15.0,3.0,3.5,0.8,0.02005517389602992,0.07219862602570772
6,356,14705,60,79.5461,-27.8536,210.0877,2.2482,5.2722,-6.8341,-3.7203,-0.4714,-0.4058,7.7783,0.2071,0.6113,-0.1148,car,345,52.2991,-45.7416,0.3762,-0.1505,0.405,0.0118,339.8679,0.4051872283278435,1.4586740219802365,27.246999999999993,17.887999999999998,-7.2103,-3.5698,8.045613595618423,32.59416440100895,0,06_345_354_14725_ego_345,0,14725,14725,14733,vehicle_vehicle,0.3245888242356748,1.5566383750505024,1.9168337608010584,12.463579037339152,15.0,3.0,3.5,0.8,0.02005517389602992,0.07219862602570772
6,345,14706,231,52.3133,-45.7471,339.8606,2.0385,4.741,0.354,-0.1404,-0.5121,0.2205,0.3807,0.0099,-0.5567,-0.0306,car,345,52.3133,-45.7471,0.354,-0.1404,0.3807,0.0099,339.8606,0.3808256293896197,1.370972265802631,0.0,0.0,0.0,0.0,0.0,0.0,1,06_345_354_14725_ego_345,1,14725,14725,14733,vehicle_vehicle,0.3245888242356748,1.5566383750505024,1.9168337608010584,12.463579037339152,15.0,3.0,3.5,0.8,0.02005517389602992,0.07219862602570772
6,346,14706,221,47.7803,-44.0392,340.024,1.8132,2.8113,0.3708,-0.1256,-0.5419,0.1427,0.3914,-0.0087,-0.5581,0.051,trailer,345,52.3133,-45.7471,0.354,-0.1404,0.3807,0.0099,339.8606,0.3808256293896197,1.370972265802631,-4.533000000000001,1.7079000000000022,0.016800000000000037,0.014800000000000008,0.02238928315065048,4.844069715642005,0,06_345_354_14725_ego_345,0,14725,14725,14733,vehicle_vehicle,0.3245888242356748,1.5566383750505024,1.9168337608010584,12.463579037339152,15.0,3.0,3.5,0.8,0.02005517389602992,0.07219862602570772
6,350,14706,171,61.9175,-48.776,269.9832,1.9906,4.1702,0.3638,-6.9544,2.4573,-0.3936,6.9543,-0.3658,0.3929,-2.4574,car,345,52.3133,-45.7471,0.354,-0.1404,0.3807,0.0099,339.8606,0.3808256293896197,1.370972265802631,9.604199999999999,-3.0289,0.009800000000000031,-6.814,6.814007047252006,10.070496157091764,0,06_345_354_14725_ego_345,0,14725,14725,14733,vehicle_vehicle,0.3245888242356748,1.5566383750505024,1.9168337608010584,12.463579037339152,15.0,3.0,3.5,0.8,0.02005517389602992,0.07219862602570772
6,354,14706,109,66.0055,-30.0317,219.478,2.0931,4.5353,-5.7547,-5.2632,1.672,-1.9556,7.7881,-0.4038,-0.0473,-2.5725,car,345,52.3133,-45.7471,0.354,-0.1404,0.3807,0.0099,339.8606,0.3808256293896197,1.370972265802631,13.6922,15.715400000000002,-6.1087,-5.122800000000001,7.972408389564599,20.843467513827925,0,06_345_354_14725_ego_345,1,14725,14725,14733,vehicle_vehicle,0.3245888242356748,1.5566383750505024,1.9168337608010584,12.463579037339152,15.0,3.0,3.5,0.8,0.02005517389602992,0.07219862602570772
6,356,14706,61,79.2717,-28.0013,210.0292,2.2482,5.2722,-6.8559,-3.7358,-0.4068,-0.4565,7.8052,0.1966,0.5807,-0.1916,car,345,52.3133,-45.7471,0.354,-0.1404,0.3807,0.0099,339.8606,0.3808256293896197,1.370972265802631,26.958399999999997,17.745800000000003,-7.2099,-3.5953999999999997,8.05664689371453,32.27489346535477,0,06_345_354_14725_ego_345,0,14725,14725,14733,vehicle_vehicle,0.3245888242356748,1.5566383750505024,1.9168337608010584,12.463579037339152,15.0,3.0,3.5,0.8,0.02005517389602992,0.07219862602570772
6,345,14707,232,52.327,-45.752,339.8499,2.0385,4.741,0.3321,-0.1306,-0.5077,0.2175,0.3568,0.0082,-0.5516,-0.0292,car,345,52.327,-45.752,0.3321,-0.1306,0.3568,0.0082,339.8499,0.35685679200486015,1.2846844512174966,0.0,0.0,0.0,0.0,0.0,0.0,1,06_345_354_14725_ego_345,1,14725,14725,14733,vehicle_vehicle,0.3245888242356748,1.5566383750505024,1.9168337608010584,12.463579037339152,15.0,3.0,3.5,0.8,0.02005517389602992,0.07219862602570772
6,346,14707,222,47.7945,-44.0436,340.106,1.8132,2.8113,0.3472,-0.1201,-0.5391,0.1412,0.3674,-0.0052,-0.555,0.0507,trailer,345,52.327,-45.752,0.3321,-0.1306,0.3568,0.0082,339.8499,0.35685679200486015,1.2846844512174966,-4.532499999999999,1.7084000000000046,0.015100000000000002,0.010499999999999995,0.018391846019364125,4.843778154498821,0,06_345_354_14725_ego_345,0,14725,14725,14733,vehicle_vehicle,0.3245888242356748,1.5566383750505024,1.9168337608010584,12.463579037339152,15.0,3.0,3.5,0.8,0.02005517389602992,0.07219862602570772
6,350,14707,172,61.934,-49.054,270.8203,1.9906,4.1702,0.4607,-6.974,2.4946,-0.3676,6.9799,-0.3608,0.4033,-2.4891,car,345,52.327,-45.752,0.3321,-0.1306,0.3568,0.0082,339.8499,0.35685679200486015,1.2846844512174966,9.607,-3.3019999999999996,0.1286,-6.8434,6.844608207925418,10.158624562410012,0,06_345_354_14725_ego_345,0,14725,14725,14733,vehicle_vehicle,0.3245888242356748,1.5566383750505024,1.9168337608010584,12.463579037339152,15.0,3.0,3.5,0.8,0.02005517389602992,0.07219862602570772
6,354,14707,110,65.7754,-30.245,220.2077,2.0931,4.5353,-5.6868,-5.343,1.7125,-1.921,7.7923,-0.4093,-0.0677,-2.5726,car,345,52.327,-45.752,0.3321,-0.1306,0.3568,0.0082,339.8499,0.35685679200486015,1.2846844512174966,13.448400000000007,15.507000000000001,-6.0188999999999995,-5.2124,7.962177526908075,20.52623958644155,0,06_345_354_14725_ego_345,1,14725,14725,14733,vehicle_vehicle,0.3245888242356748,1.5566383750505024,1.9168337608010584,12.463579037339152,15.0,3.0,3.5,0.8,0.02005517389602992,0.07219862602570772
6,356,14707,62,78.9964,-28.1495,209.9937,2.2482,5.2722,-6.8748,-3.754,-0.3394,-0.5077,7.8308,0.1855,0.5477,-0.27,car,345,52.327,-45.752,0.3321,-0.1306,0.3568,0.0082,339.8499,0.35685679200486015,1.2846844512174966,26.669399999999996,17.602500000000003,-7.206899999999999,-3.6234,8.066500800842952,31.95473208477893,0,06_345_354_14725_ego_345,0,14725,14725,14733,vehicle_vehicle,0.3245888242356748,1.5566383750505024,1.9168337608010584,12.463579037339152,15.0,3.0,3.5,0.8,0.02005517389602992,0.07219862602570772
6,345,14708,233,52.3396,-45.7569,339.8453,2.0385,4.741,0.3104,-0.121,-0.5019,0.2135,0.3331,0.0067,-0.5448,-0.0275,car,345,52.3396,-45.7569,0.3104,-0.121,0.3331,0.0067,339.8453,0.33315035644585467,1.199341283205077,0.0,0.0,0.0,0.0,0.0,0.0,1,06_345_354_14725_ego_345,1,14725,14725,14733,vehicle_vehicle,0.3245888242356748,1.5566383750505024,1.9168337608010584,12.463579037339152,15.0,3.0,3.5,0.8,0.02005517389602992,0.07219862602570772
6,346,14708,223,47.808,-44.0486,340.1737,1.8132,2.8113,0.3237,-0.1146,-0.5344,0.1398,0.3434,-0.0019,-0.5501,0.0497,trailer,345,52.3396,-45.7569,0.3104,-0.121,0.3331,0.0067,339.8453,0.33315035644585467,1.199341283205077,-4.531599999999997,1.7083000000000013,0.013299999999999979,0.006400000000000003,0.014759742545180098,4.842900726837169,0,06_345_354_14725_ego_345,0,14725,14725,14733,vehicle_vehicle,0.3245888242356748,1.5566383750505024,1.9168337608010584,12.463579037339152,15.0,3.0,3.5,0.8,0.02005517389602992,0.07219862602570772
6,350,14708,173,61.9539,-49.3333,271.6764,1.9906,4.1702,0.5594,-6.9926,2.5332,-0.3376,7.006,-0.3546,0.4116,-2.5222,car,345,52.3396,-45.7569,0.3104,-0.121,0.3331,0.0067,339.8453,0.33315035644585467,1.199341283205077,9.6143,-3.5763999999999996,0.249,-6.871600000000001,6.876109914770125,10.257943334314145,0,06_345_354_14725_ego_345,0,14725,14725,14733,vehicle_vehicle,0.3245888242356748,1.5566383750505024,1.9168337608010584,12.463579037339152,15.0,3.0,3.5,0.8,0.02005517389602992,0.07219862602570772
6,354,14708,111,65.5485,-30.4614,220.95,2.0931,4.5353,-5.617,-5.4209,1.7519,-1.8851,7.7953,-0.4129,-0.0876,-2.5719,car,345,52.3396,-45.7569,0.3104,-0.121,0.3331,0.0067,339.8453,0.33315035644585467,1.199341283205077,13.208900000000007,15.2955,-5.9274000000000004,-5.299899999999999,7.9512898808935395,20.20958583098625,0,06_345_354_14725_ego_345,1,14725,14725,14733,vehicle_vehicle,0.3245888242356748,1.5566383750505024,1.9168337608010584,12.463579037339152,15.0,3.0,3.5,0.8,0.02005517389602992,0.07219862602570772
6,356,14708,63,78.7202,-28.2994,209.9769,2.2482,5.2722,-6.8907,-3.7745,-0.2695,-0.5588,7.8548,0.1734,0.5127,-0.3493,car,345,52.3396,-45.7569,0.3104,-0.121,0.3331,0.0067,339.8453,0.33315035644585467,1.199341283205077,26.38060000000001,17.457500000000003,-7.2011,-3.6535,8.074893402392382,31.633848368638308,0,06_345_354_14725_ego_345,0,14725,14725,14733,vehicle_vehicle,0.3245888242356748,1.5566383750505024,1.9168337608010584,12.463579037339152,15.0,3.0,3.5,0.8,0.02005517389602992,0.07219862602570772
6,345,14709,234,52.3512,-45.7612,339.8386,2.0385,4.741,0.2891,-0.1118,-0.4948,0.2088,0.3099,0.0053,-0.5365,-0.0254,car,345,52.3512,-45.7612,0.2891,-0.1118,0.3099,0.0053,339.8386,0.3099645947523685,1.1158725411085266,0.0,0.0,0.0,0.0,0.0,0.0,1,06_345_354_14725_ego_345,1,14725,14725,14733,vehicle_vehicle,0.3245888242356748,1.5566383750505024,1.9168337608010584,12.463579037339152,15.0,3.0,3.5,0.8,0.02005517389602992,0.07219862602570772
6,346,14709,224,47.8202,-44.0532,340.2815,1.8132,2.8113,0.3005,-0.1091,-0.5278,0.1386,0.3197,0.0013,-0.5436,0.0476,trailer,345,52.3512,-45.7612,0.2891,-0.1118,0.3099,0.0053,339.8386,0.3099645947523685,1.1158725411085266,-4.530999999999999,1.7080000000000055,0.011399999999999966,0.002699999999999994,0.011715374513859947,4.842233472272894,0,06_345_354_14725_ego_345,0,14725,14725,14733,vehicle_vehicle,0.3245888242356748,1.5566383750505024,1.9168337608010584,12.463579037339152,15.0,3.0,3.5,0.8,0.02005517389602992,0.07219862602570772
6,350,14709,174,61.9769,-49.6134,272.5654,1.9906,4.1702,0.6601,-7.01,2.5726,-0.3038,7.0325,-0.3457,0.4186,-2.5565,car,345,52.3512,-45.7612,0.2891,-0.1118,0.3099,0.0053,339.8386,0.3099645947523685,1.1158725411085266,9.625700000000002,-3.8521999999999963,0.371,-6.8982,6.908169384142227,10.367909400163564,0,06_345_354_14725_ego_345,0,14725,14725,14733,vehicle_vehicle,0.3245888242356748,1.5566383750505024,1.9168337608010584,12.463579037339152,15.0,3.0,3.5,0.8,0.02005517389602992,0.07219862602570772
6,354,14709,112,65.3236,-30.6793,221.6969,2.0931,4.5353,-5.545,-5.4976,1.7896,-1.848,7.7972,-0.4164,-0.1069,-2.5703,car,345,52.3512,-45.7612,0.2891,-0.1118,0.3099,0.0053,339.8386,0.3099645947523685,1.1158725411085266,12.9724,15.081900000000001,-5.8341,-5.385800000000001,7.9399977613346975,19.89338757904244,0,06_345_354_14725_ego_345,1,14725,14725,14733,vehicle_vehicle,0.3245888242356748,1.5566383750505024,1.9168337608010584,12.463579037339152,15.0,3.0,3.5,0.8,0.02005517389602992,0.07219862602570772
6,356,14709,64,78.4441,-28.4504,209.9769,2.2482,5.2722,-6.9037,-3.7972,-0.1974,-0.6096,7.8774,0.1602,0.4756,-0.4294,car,345,52.3512,-45.7612,0.2891,-0.1118,0.3099,0.0053,339.8386,0.3099645947523685,1.1158725411085266,26.092900000000007,17.310800000000004,-7.1928,-3.6854,8.081988926000827,31.312988152681957,0,06_345_354_14725_ego_345,0,14725,14725,14733,vehicle_vehicle,0.3245888242356748,1.5566383750505024,1.9168337608010584,12.463579037339152,15.0,3.0,3.5,0.8,0.02005517389602992,0.07219862602570772
6,345,14710,235,52.3623,-45.7652,339.8302,2.0385,4.741,0.2681,-0.1028,-0.4865,0.2033,0.2871,0.004,-0.5268,-0.0231,car,345,52.3623,-45.7652,0.2681,-0.1028,0.2871,0.004,339.8302,0.28713315726331573,1.0336793661479367,0.0,0.0,0.0,0.0,0.0,0.0,1,06_345_354_14725_ego_345,1,14725,14725,14733,vehicle_vehicle,0.3245888242356748,1.5566383750505024,1.9168337608010584,12.463579037339152,15.0,3.0,3.5,0.8,0.02005517389602992,0.07219862602570772
6,346,14710,225,47.8317,-44.0577,340.4181,1.8132,2.8113,0.2776,-0.1036,-0.5194,0.1374,0.2963,0.0045,-0.5354,0.0446,trailer,345,52.3623,-45.7652,0.2681,-0.1028,0.2871,0.004,339.8302,0.28713315726331573,1.0336793661479367,-4.5306,1.7075000000000031,0.009500000000000008,-0.0007999999999999952,0.00953362470417208,4.841682828314966,0,06_345_354_14725_ego_345,0,14725,14725,14733,vehicle_vehicle,0.3245888242356748,1.5566383750505024,1.9168337608010584,12.463579037339152,15.0,3.0,3.5,0.8,0.02005517389602992,0.07219862602570772
6,350,14710,175,62.0032,-49.8943,273.4623,1.9906,4.1702,0.7633,-7.0259,2.6122,-0.2661,7.0592,-0.3376,0.4234,-2.5914,car,345,52.3623,-45.7652,0.2681,-0.1028,0.2871,0.004,339.8302,0.28713315726331573,1.0336793661479367,9.640900000000002,-4.129100000000001,0.4952,-6.9231,6.940787898358514,10.487917792393304,0,06_345_354_14725_ego_345,0,14725,14725,14733,vehicle_vehicle,0.3245888242356748,1.5566383750505024,1.9168337608010584,12.463579037339152,15.0,3.0,3.5,0.8,0.02005517389602992,0.07219862602570772
6,354,14710,113,65.1022,-30.9009,222.4511,2.0931,4.5353,-5.471,-5.5727,1.8251,-1.8097,7.7982,-0.4191,-0.1252,-2.5672,car,345,52.3623,-45.7652,0.2681,-0.1028,0.2871,0.004,339.8302,0.28713315726331573,1.0336793661479367,12.739899999999999,14.8643,-5.7391000000000005,-5.4699,7.928245380914999,19.576834945925246,0,06_345_354_14725_ego_345,1,14725,14725,14733,vehicle_vehicle,0.3245888242356748,1.5566383750505024,1.9168337608010584,12.463579037339152,15.0,3.0,3.5,0.8,0.02005517389602992,0.07219862602570772
6,356,14710,65,78.1676,-28.6031,209.9956,2.2482,5.2722,-6.9137,-3.8218,-0.1231,-0.6601,7.8983,0.1465,0.4366,-0.5102,car,345,52.3623,-45.7652,0.2681,-0.1028,0.2871,0.004,339.8302,0.28713315726331573,1.0336793661479367,25.805299999999995,17.1621,-7.181800000000001,-3.7190000000000003,8.087596196645825,30.991146872937758,0,06_345_354_14725_ego_345,0,14725,14725,14733,vehicle_vehicle,0.3245888242356748,1.5566383750505024,1.9168337608010584,12.463579037339152,15.0,3.0,3.5,0.8,0.02005517389602992,0.07219862602570772
6,345,14711,236,52.3722,-45.7687,339.8189,2.0385,4.741,0.2477,-0.0942,-0.4771,0.1973,0.265,0.003,-0.5159,-0.0206,car,345,52.3722,-45.7687,0.2477,-0.0942,0.265,0.003,339.8189,0.2650074149905998,0.9540266939661594,0.0,0.0,0.0,0.0,0.0,0.0,1,06_345_354_14725_ego_345,1,14725,14725,14733,vehicle_vehicle,0.3245888242356748,1.5566383750505024,1.9168337608010584,12.463579037339152,15.0,3.0,3.5,0.8,0.02005517389602992,0.07219862602570772
6,346,14711,226,47.8415,-44.0618,340.5441,1.8132,2.8113,0.2555,-0.0981,-0.5094,0.1362,0.2735,0.0074,-0.5257,0.0412,trailer,345,52.3722,-45.7687,0.2477,-0.0942,0.265,0.003,339.8189,0.2650074149905998,0.9540266939661594,-4.530699999999996,1.7069000000000045,0.007800000000000001,-0.0039000000000000007,0.008720665112249181,4.841564840007823,0,06_345_354_14725_ego_345,0,14725,14725,14733,vehicle_vehicle,0.3245888242356748,1.5566383750505024,1.9168337608010584,12.463579037339152,15.0,3.0,3.5,0.8,0.02005517389602992,0.07219862602570772
6,350,14711,176,62.0342,-50.1758,274.3455,1.9906,4.1702,0.8688,-7.0402,2.6512,-0.2248,7.0858,-0.3328,0.425,-2.6265,car,345,52.3722,-45.7687,0.2477,-0.0942,0.265,0.003,339.8189,0.2650074149905998,0.9540266939661594,9.661999999999999,-4.4071,0.6211,-6.946,6.973713588182411,10.619640973686444,0,06_345_354_14725_ego_345,0,14725,14725,14733,vehicle_vehicle,0.3245888242356748,1.5566383750505024,1.9168337608010584,12.463579037339152,15.0,3.0,3.5,0.8,0.02005517389602992,0.07219862602570772
6,354,14711,114,64.8841,-31.1253,223.2191,2.0931,4.5353,-5.3954,-5.6462,1.8582,-1.7703,7.7983,-0.4199,-0.1418,-2.5625,car,345,52.3722,-45.7687,0.2477,-0.0942,0.265,0.003,339.8189,0.2650074149905998,0.9540266939661594,12.511900000000004,14.643400000000003,-5.6431000000000004,-5.5520000000000005,7.916393219768711,19.260758167060825,0,06_345_354_14725_ego_345,1,14725,14725,14733,vehicle_vehicle,0.3245888242356748,1.5566383750505024,1.9168337608010584,12.463579037339152,15.0,3.0,3.5,0.8,0.02005517389602992,0.07219862602570772
6,356,14711,66,77.8906,-28.756,210.0282,2.2482,5.2722,-6.9206,-3.8486,-0.0468,-0.7103,7.9176,0.1312,0.396,-0.5916,car,345,52.3722,-45.7687,0.2477,-0.0942,0.265,0.003,339.8189,0.2650074149905998,0.9540266939661594,25.518400000000007,17.012700000000002,-7.1683,-3.7544,8.091974063848697,30.66954026147116,0,06_345_354_14725_ego_345,0,14725,14725,14733,vehicle_vehicle,0.3245888242356748,1.5566383750505024,1.9168337608010584,12.463579037339152,15.0,3.0,3.5,0.8,0.02005517389602992,0.07219862602570772
6,345,14712,237,52.382,-45.7719,339.8051,2.0385,4.741,0.2275,-0.086,-0.4667,0.191,0.2432,0.0022,-0.5039,-0.0182,car,345,52.382,-45.7719,0.2275,-0.086,0.2432,0.0022,339.8051,0.24321235577165895,0.8755644807779722,0.0,0.0,0.0,0.0,0.0,0.0,1,06_345_354_14725_ego_345,1,14725,14725,14733,vehicle_vehicle,0.3245888242356748,1.5566383750505024,1.9168337608010584,12.463579037339152,15.0,3.0,3.5,0.8,0.02005517389602992,0.07219862602570772
6,346,14712,227,47.8511,-44.0652,340.6399,1.8132,2.8113,0.2337,-0.0927,-0.4981,0.1351,0.2513,0.01,-0.5147,0.0377,trailer,345,52.382,-45.7719,0.2275,-0.086,0.2432,0.0022,339.8051,0.24321235577165895,0.8755644807779722,-4.5308999999999955,1.706700000000005,0.006199999999999983,-0.0067000000000000115,0.009128526715741152,4.841681495100641,0,06_345_354_14725_ego_345,0,14725,14725,14733,vehicle_vehicle,0.3245888242356748,1.5566383750505024,1.9168337608010584,12.463579037339152,15.0,3.0,3.5,0.8,0.02005517389602992,0.07219862602570772
6,350,14712,177,62.0689,-50.4582,275.2577,1.9906,4.1702,0.9766,-7.0526,2.6888,-0.1799,7.1124,-0.3262,0.4255,-2.661,car,345,52.382,-45.7719,0.2275,-0.086,0.2432,0.0022,339.8051,0.24321235577165895,0.8755644807779722,9.686900000000001,-4.686299999999996,0.7491,-6.9666,7.006758620788931,10.760921861067478,0,06_345_354_14725_ego_345,0,14725,14725,14733,vehicle_vehicle,0.3245888242356748,1.5566383750505024,1.9168337608010584,12.463579037339152,15.0,3.0,3.5,0.8,0.02005517389602992,0.07219862602570772
6,354,14712,115,64.6687,-31.353,224.0048,2.0931,4.5353,-5.3179,-5.718,1.8883,-1.7298,7.7975,-0.4184,-0.1565,-2.556,car,345,52.382,-45.7719,0.2275,-0.086,0.2432,0.0022,339.8051,0.24321235577165895,0.8755644807779722,12.286700000000003,14.4189,-5.5454,-5.632,7.903852551762336,18.943803052713573,0,06_345_354_14725_ego_345,1,14725,14725,14733,vehicle_vehicle,0.3245888242356748,1.5566383750505024,1.9168337608010584,12.463579037339152,15.0,3.0,3.5,0.8,0.02005517389602992,0.07219862602570772
6,356,14712,67,77.6127,-28.9102,210.0811,2.2482,5.2722,-6.924,-3.8776,0.0313,-0.7601,7.935,0.1152,0.3539,-0.6734,car,345,52.382,-45.7719,0.2275,-0.086,0.2432,0.0022,339.8051,0.24321235577165895,0.8755644807779722,25.230700000000006,16.861700000000003,-7.1515,-3.7916000000000003,8.09445383024698,30.346419053654426,0,06_345_354_14725_ego_345,0,14725,14725,14733,vehicle_vehicle,0.3245888242356748,1.5566383750505024,1.9168337608010584,12.463579037339152,15.0,3.0,3.5,0.8,0.02005517389602992,0.07219862602570772
6,345,14713,238,52.3905,-45.7752,339.7976,2.0385,4.741,0.2078,-0.0781,-0.4552,0.1844,0.222,0.0015,-0.4908,-0.0158,car,345,52.3905,-45.7752,0.2078,-0.0781,0.222,0.0015,339.7976,0.22199200436051747,0.7991712156978629,0.0,0.0,0.0,0.0,0.0,0.0,1,06_345_354_14725_ego_345,1,14725,14725,14733,vehicle_vehicle,0.3245888242356748,1.5566383750505024,1.9168337608010584,12.463579037339152,15.0,3.0,3.5,0.8,0.02005517389602992,0.07219862602570772
6,346,14713,228,47.8601,-44.0686,340.7039,1.8132,2.8113,0.2125,-0.0876,-0.4854,0.1341,0.2295,0.0124,-0.5025,0.0338,trailer,345,52.3905,-45.7752,0.2078,-0.0781,0.222,0.0015,339.7976,0.22199200436051747,0.7991712156978629,-4.5304,1.7065999999999946,0.004699999999999982,-0.009499999999999995,0.010599056561788871,4.841178340032515,0,06_345_354_14725_ego_345,0,14725,14725,14733,vehicle_vehicle,0.3245888242356748,1.5566383750505024,1.9168337608010584,12.463579037339152,15.0,3.0,3.5,0.8,0.02005517389602992,0.07219862602570772
6,350,14713,178,62.1078,-50.7413,276.1537,1.9906,4.1702,1.0869,-7.0629,2.7241,-0.1317,7.1387,-0.3235,0.423,-2.6943,car,345,52.3905,-45.7752,0.2078,-0.0781,0.222,0.0015,339.7976,0.22199200436051747,0.7991712156978629,9.717299999999994,-4.966100000000004,0.8791,-6.9848,7.039903965964308,10.912747981145717,0,06_345_354_14725_ego_345,0,14725,14725,14733,vehicle_vehicle,0.3245888242356748,1.5566383750505024,1.9168337608010584,12.463579037339152,15.0,3.0,3.5,0.8,0.02005517389602992,0.07219862602570772
6,354,14713,116,64.4577,-31.5836,224.7891,2.0931,4.5353,-5.2394,-5.788,1.9154,-1.6884,7.7961,-0.4166,-0.1699,-2.5477,car,345,52.3905,-45.7752,0.2078,-0.0781,0.222,0.0015,339.7976,0.22199200436051747,0.7991712156978629,12.0672,14.191599999999998,-5.4472,-5.7099,7.891447639691972,18.62844133039584,0,06_345_354_14725_ego_345,1,14725,14725,14733,vehicle_vehicle,0.3245888242356748,1.5566383750505024,1.9168337608010584,12.463579037339152,15.0,3.0,3.5,0.8,0.02005517389602992,0.07219862602570772
6,356,14713,68,77.3353,-29.0657,210.1435,2.2482,5.2722,-6.9241,-3.9086,0.1108,-0.8092,7.9505,0.097,0.3106,-0.7554,car,345,52.3905,-45.7752,0.2078,-0.0781,0.222,0.0015,339.7976,0.22199200436051747,0.7991712156978629,24.9448,16.7095,-7.1319,-3.8305,8.095475764894859,30.024164223005442,0,06_345_354_14725_ego_345,0,14725,14725,14733,vehicle_vehicle,0.3245888242356748,1.5566383750505024,1.9168337608010584,12.463579037339152,15.0,3.0,3.5,0.8,0.02005517389602992,0.07219862602570772
6,345,14714,239,52.3983,-45.7781,339.7939,2.0385,4.741,0.1886,-0.0705,-0.4426,0.1774,0.2013,0.001,-0.4767,-0.0136,car,345,52.3983,-45.7781,0.1886,-0.0705,0.2013,0.001,339.7939,0.20134599573867862,0.7248455846592431,0.0,0.0,0.0,0.0,0.0,0.0,1,06_345_354_14725_ego_345,1,14725,14725,14733,vehicle_vehicle,0.3245888242356748,1.5566383750505024,1.9168337608010584,12.463579037339152,15.0,3.0,3.5,0.8,0.02005517389602992,0.07219862602570772
6,346,14714,229,47.8681,-44.0719,340.7096,1.8132,2.8113,0.1918,-0.0824,-0.4714,0.1334,0.2083,0.0145,-0.489,0.0299,trailer,345,52.3983,-45.7781,0.1886,-0.0705,0.2013,0.001,339.7939,0.20134599573867862,0.7248455846592431,-4.530200000000001,1.7062000000000026,0.0032000000000000084,-0.011900000000000008,0.01232274320108961,4.840850181528036,0,06_345_354_14725_ego_345,0,14725,14725,14733,vehicle_vehicle,0.3245888242356748,1.5566383750505024,1.9168337608010584,12.463579037339152,15.0,3.0,3.5,0.8,0.02005517389602992,0.07219862602570772
6,350,14714,179,62.1521,-51.0244,277.0376,1.9906,4.1702,1.1991,-7.071,2.7564,-0.0806,7.1647,-0.3238,0.4177,-2.7257,car,345,52.3983,-45.7781,0.1886,-0.0705,0.2013,0.001,339.7939,0.20134599573867862,0.7248455846592431,9.753799999999998,-5.246299999999998,1.0105,-7.0005,7.073055245083273,11.075210071596834,0,06_345_354_14725_ego_345,0,14725,14725,14733,vehicle_vehicle,0.3245888242356748,1.5566383750505024,1.9168337608010584,12.463579037339152,15.0,3.0,3.5,0.8,0.02005517389602992,0.07219862602570772
6,354,14714,117,64.2504,-31.8171,225.5889,2.0931,4.5353,-5.16,-5.8561,1.9397,-1.6463,7.7942,-0.4121,-0.1814,-2.5377,car,345,52.3983,-45.7781,0.1886,-0.0705,0.2013,0.001,339.7939,0.20134599573867862,0.7248455846592431,11.8521,13.961000000000002,-5.3486,-5.7856,7.879129984966615,18.313432103513534,0,06_345_354_14725_ego_345,1,14725,14725,14733,vehicle_vehicle,0.3245888242356748,1.5566383750505024,1.9168337608010584,12.463579037339152,15.0,3.0,3.5,0.8,0.02005517389602992,0.07219862602570772
6,356,14714,69,77.0579,-29.2224,210.2315,2.2482,5.2722,-6.9208,-3.9417,0.1915,-0.8577,7.9642,0.079,0.2663,-0.8375,car,345,52.3983,-45.7781,0.1886,-0.0705,0.2013,0.001,339.7939,0.20134599573867862,0.7248455846592431,24.659600000000005,16.5557,-7.1094,-3.8712,8.09504526238118,29.701634208406787,0,06_345_354_14725_ego_345,0,14725,14725,14733,vehicle_vehicle,0.3245888242356748,1.5566383750505024,1.9168337608010584,12.463579037339152,15.0,3.0,3.5,0.8,0.02005517389602992,0.07219862602570772
6,345,14715,240,52.4057,-45.7807,339.7877,2.0385,4.741,0.1699,-0.0631,-0.4291,0.1703,0.1812,0.0005,-0.4615,-0.0115,car,345,52.4057,-45.7807,0.1699,-0.0631,0.1812,0.0005,339.7877,0.1812391238116097,0.652460845721795,0.0,0.0,0.0,0.0,0.0,0.0,1,06_345_354_14725_ego_345,1,14725,14725,14733,vehicle_vehicle,0.3245888242356748,1.5566383750505024,1.9168337608010584,12.463579037339152,15.0,3.0,3.5,0.8,0.02005517389602992,0.07219862602570772
6,346,14715,230,47.8762,-44.0756,340.6846,1.8132,2.8113,0.1713,-0.0772,-0.456,0.1328,0.1872,0.0162,-0.4742,0.0255,trailer,345,52.4057,-45.7807,0.1699,-0.0631,0.1812,0.0005,339.7877,0.1812391238116097,0.652460845721795,-4.529500000000006,1.7051000000000016,0.0014000000000000123,-0.014100000000000001,0.014169333082400176,4.839807461046365,0,06_345_354_14725_ego_345,0,14725,14725,14733,vehicle_vehicle,0.3245888242356748,1.5566383750505024,1.9168337608010584,12.463579037339152,15.0,3.0,3.5,0.8,0.02005517389602992,0.07219862602570772
6,350,14715,180,62.2015,-51.3078,277.9129,1.9906,4.1702,1.313,-7.0769,2.7853,-0.0268,7.1903,-0.3262,0.4099,-2.7551,car,345,52.4057,-45.7807,0.1699,-0.0631,0.1812,0.0005,339.7877,0.1812391238116097,0.652460845721795,9.7958,-5.527099999999997,1.1431,-7.0138,7.106339989755626,11.24751226049565,0,06_345_354_14725_ego_345,0,14725,14725,14733,vehicle_vehicle,0.3245888242356748,1.5566383750505024,1.9168337608010584,12.463579037339152,15.0,3.0,3.5,0.8,0.02005517389602992,0.07219862602570772
6,354,14715,118,64.0473,-32.0539,226.3957,2.0931,4.5353,-5.0805,-5.9219,1.9615,-1.604,7.7921,-0.4054,-0.1914,-2.5266,car,345,52.4057,-45.7807,0.1699,-0.0631,0.1812,0.0005,339.7877,0.1812391238116097,0.652460845721795,11.641600000000004,13.726800000000004,-5.2504,-5.8588,7.867161978757015,17.998663528162314,0,06_345_354_14725_ego_345,1,14725,14725,14733,vehicle_vehicle,0.3245888242356748,1.5566383750505024,1.9168337608010584,12.463579037339152,15.0,3.0,3.5,0.8,0.02005517389602992,0.07219862602570772
6,356,14715,70,76.7805,-29.3807,210.3364,2.2482,5.2722,-6.914,-3.9768,0.2733,-0.9054,7.9759,0.0598,0.2214,-0.9195,car,345,52.4057,-45.7807,0.1699,-0.0631,0.1812,0.0005,339.7877,0.1812391238116097,0.652460845721795,24.3748,16.400000000000002,-7.0839,-3.9137,8.09312590412382,29.378408313589762,0,06_345_354_14725_ego_345,0,14725,14725,14733,vehicle_vehicle,0.3245888242356748,1.5566383750505024,1.9168337608010584,12.463579037339152,15.0,3.0,3.5,0.8,0.02005517389602992,0.07219862602570772
6,345,14716,241,52.4123,-45.7831,339.7762,2.0385,4.741,0.1516,-0.056,-0.4146,0.1629,0.1617,0.0002,-0.4453,-0.0095,car,345,52.4123,-45.7831,0.1516,-0.056,0.1617,0.0002,339.7762,0.1616123757637391,0.5818045527494607,0.0,0.0,0.0,0.0,0.0,0.0,1,06_345_354_14725_ego_345,1,14725,14725,14733,vehicle_vehicle,0.3245888242356748,1.5566383750505024,1.9168337608010584,12.463579037339152,15.0,3.0,3.5,0.8,0.02005517389602992,0.07219862602570772
6,346,14716,231,47.8835,-44.0793,340.6354,1.8132,2.8113,0.1511,-0.0716,-0.4387,0.1321,0.1663,0.0175,-0.4577,0.0209,trailer,345,52.4123,-45.7831,0.1516,-0.056,0.1617,0.0002,339.7762,0.1616123757637391,0.5818045527494607,-4.528800000000004,1.703799999999994,-0.0005000000000000004,-0.015599999999999996,0.015608010763707202,4.838694439619019,0,06_345_354_14725_ego_345,0,14725,14725,14733,vehicle_vehicle,0.3245888242356748,1.5566383750505024,1.9168337608010584,12.463579037339152,15.0,3.0,3.5,0.8,0.02005517389602992,0.07219862602570772
6,350,14716,181,62.2553,-51.5912,278.793,1.9906,4.1702,1.4284,-7.0805,2.8104,0.0297,7.2156,-0.3292,0.4002,-2.7819,car,345,52.4123,-45.7831,0.1516,-0.056,0.1617,0.0002,339.7762,0.1616123757637391,0.5818045527494607,9.842999999999996,-5.808100000000003,1.2768,-7.0245,7.139595120873452,11.428852725011376,0,06_345_354_14725_ego_345,0,14725,14725,14733,vehicle_vehicle,0.3245888242356748,1.5566383750505024,1.9168337608010584,12.463579037339152,15.0,3.0,3.5,0.8,0.02005517389602992,0.07219862602570772
6,354,14716,119,63.8482,-32.2937,227.192,2.0931,4.5353,-5.001,-5.9855,1.9819,-1.5619,7.7896,-0.3985,-0.2009,-2.5154,car,345,52.4123,-45.7831,0.1516,-0.056,0.1617,0.0002,339.7762,0.1616123757637391,0.5818045527494607,11.435899999999997,13.489399999999996,-5.1526000000000005,-5.9295,7.855460330878135,17.684561661799815,0,06_345_354_14725_ego_345,1,14725,14725,14733,vehicle_vehicle,0.3245888242356748,1.5566383750505024,1.9168337608010584,12.463579037339152,15.0,3.0,3.5,0.8,0.02005517389602992,0.07219862602570772
6,356,14716,71,76.5042,-29.5407,210.4599,2.2482,5.2722,-6.904,-4.0137,0.356,-0.9524,7.9858,0.0401,0.176,-1.0014,car,345,52.4123,-45.7831,0.1516,-0.056,0.1617,0.0002,339.7762,0.1616123757637391,0.5818045527494607,24.091899999999995,16.242399999999996,-7.0556,-3.9577,8.089801026601334,29.055725827623025,0,06_345_354_14725_ego_345,0,14725,14725,14733,vehicle_vehicle,0.3245888242356748,1.5566383750505024,1.9168337608010584,12.463579037339152,15.0,3.0,3.5,0.8,0.02005517389602992,0.07219862602570772
6,345,14717,242,52.4184,-45.7854,339.7607,2.0385,4.741,0.1338,-0.0492,-0.3989,0.1552,0.1426,-0.0001,-0.4279,-0.0076,car,345,52.4184,-45.7854,0.1338,-0.0492,0.1426,-0.0001,339.7607,0.14255904040081077,0.5132125454429188,0.0,0.0,0.0,0.0,0.0,0.0,1,06_345_354_14725_ego_345,1,14725,14725,14733,vehicle_vehicle,0.3245888242356748,1.5566383750505024,1.9168337608010584,12.463579037339152,15.0,3.0,3.5,0.8,0.02005517389602992,0.07219862602570772
6,346,14717,232,47.8894,-44.0831,340.5827,1.8132,2.8113,0.1315,-0.0657,-0.4195,0.131,0.1459,0.0182,-0.4392,0.0159,trailer,345,52.4184,-45.7854,0.1338,-0.0492,0.1426,-0.0001,339.7607,0.14255904040081077,0.5132125454429188,-4.528999999999996,1.702300000000001,-0.0022999999999999965,-0.016499999999999994,0.016659531806146287,4.838353675580152,0,06_345_354_14725_ego_345,0,14725,14725,14733,vehicle_vehicle,0.3245888242356748,1.5566383750505024,1.9168337608010584,12.463579037339152,15.0,3.0,3.5,0.8,0.02005517389602992,0.07219862602570772
6,350,14717,182,62.314,-51.8748,279.6735,1.9906,4.1702,1.545,-7.0817,2.8314,0.0886,7.2406,-0.3331,0.3884,-2.806,car,345,52.4184,-45.7854,0.1338,-0.0492,0.1426,-0.0001,339.7607,0.14255904040081077,0.5132125454429188,9.895600000000002,-6.089399999999998,1.4112,-7.0325,7.172694172345563,11.619108903870382,0,06_345_354_14725_ego_345,0,14725,14725,14733,vehicle_vehicle,0.3245888242356748,1.5566383750505024,1.9168337608010584,12.463579037339152,15.0,3.0,3.5,0.8,0.02005517389602992,0.07219862602570772
6,354,14717,120,63.6514,-32.5359,227.9819,2.0931,4.5353,-4.9214,-6.0467,2.0016,-1.5208,7.7865,-0.3912,-0.21,-2.505,car,345,52.4184,-45.7854,0.1338,-0.0492,0.1426,-0.0001,339.7607,0.14255904040081077,0.5132125454429188,11.233000000000004,13.249500000000005,-5.0552,-5.9975000000000005,7.843790747463882,17.370363820311887,0,06_345_354_14725_ego_345,1,14725,14725,14733,vehicle_vehicle,0.3245888242356748,1.5566383750505024,1.9168337608010584,12.463579037339152,15.0,3.0,3.5,0.8,0.02005517389602992,0.07219862602570772
6,356,14717,72,76.2287,-29.7025,210.6078,2.2482,5.2722,-6.8907,-4.0523,0.4396,-0.9988,7.9939,0.0208,0.1302,-1.0834,car,345,52.4184,-45.7854,0.1338,-0.0492,0.1426,-0.0001,339.7607,0.14255904040081077,0.5132125454429188,23.810300000000005,16.082900000000002,-7.0245,-4.0031,8.085073274868941,28.733082996782652,0,06_345_354_14725_ego_345,0,14725,14725,14733,vehicle_vehicle,0.3245888242356748,1.5566383750505024,1.9168337608010584,12.463579037339152,15.0,3.0,3.5,0.8,0.02005517389602992,0.07219862602570772
6,345,14718,243,52.4237,-45.7873,339.7548,2.0385,4.741,0.1165,-0.0427,-0.3818,0.1472,0.1241,-0.0003,-0.4092,-0.006,car,345,52.4237,-45.7873,0.1165,-0.0427,0.1241,-0.0003,339.7548,0.1240787653065584,0.44668355510361024,0.0,0.0,0.0,0.0,0.0,0.0,1,06_345_354_14725_ego_345,1,14725,14725,14733,vehicle_vehicle,0.3245888242356748,1.5566383750505024,1.9168337608010584,12.463579037339152,15.0,3.0,3.5,0.8,0.02005517389602992,0.07219862602570772
6,346,14718,233,47.8936,-44.086,340.5489,1.8132,2.8113,0.113,-0.0596,-0.3984,0.1291,0.1264,0.0186,-0.4187,0.0109,trailer,345,52.4237,-45.7873,0.1165,-0.0427,0.1241,-0.0003,339.7548,0.1240787653065584,0.44668355510361024,-4.530099999999997,1.7013000000000034,-0.003500000000000003,-0.0169,0.01725862103413827,4.839031690328137,0,06_345_354_14725_ego_345,0,14725,14725,14733,vehicle_vehicle,0.3245888242356748,1.5566383750505024,1.9168337608010584,12.463579037339152,15.0,3.0,3.5,0.8,0.02005517389602992,0.07219862602570772
6,350,14718,183,62.3775,-52.1584,280.5535,1.9906,4.1702,1.6627,-7.0804,2.848,0.1498,7.2651,-0.3378,0.3743,-2.8273,car,345,52.4237,-45.7873,0.1165,-0.0427,0.1241,-0.0003,339.7548,0.1240787653065584,0.44668355510361024,9.953800000000001,-6.371099999999998,1.5462,-7.0377,7.205550341923926,11.818166086580439,0,06_345_354_14725_ego_345,0,14725,14725,14733,vehicle_vehicle,0.3245888242356748,1.5566383750505024,1.9168337608010584,12.463579037339152,15.0,3.0,3.5,0.8,0.02005517389602992,0.07219862602570772
6,354,14718,121,63.4579,-32.7798,228.7943,2.0931,4.5353,-4.8417,-6.106,2.0213,-1.481,7.7834,-0.3798,-0.2173,-2.4964,car,345,52.4237,-45.7873,0.1165,-0.0427,0.1241,-0.0003,339.7548,0.1240787653065584,0.44668355510361024,11.034200000000006,13.0075,-4.958200000000001,-6.0633,7.832455178933359,17.057216240934512,0,06_345_354_14725_ego_345,1,14725,14725,14733,vehicle_vehicle,0.3245888242356748,1.5566383750505024,1.9168337608010584,12.463579037339152,15.0,3.0,3.5,0.8,0.02005517389602992,0.07219862602570772
6,356,14718,73,75.9536,-29.8651,210.7807,2.2482,5.2722,-6.8743,-4.0928,0.5242,-1.0446,8.0004,0.0017,0.0842,-1.1657,car,345,52.4237,-45.7873,0.1165,-0.0427,0.1241,-0.0003,339.7548,0.1240787653065584,0.44668355510361024,23.529899999999998,15.9222,-6.9908,-4.0501000000000005,8.079269437888552,28.410783988654728,0,06_345_354_14725_ego_345,0,14725,14725,14733,vehicle_vehicle,0.3245888242356748,1.5566383750505024,1.9168337608010584,12.463579037339152,15.0,3.0,3.5,0.8,0.02005517389602992,0.07219862602570772
6,345,14719,244,52.4283,-45.7891,339.7573,2.0385,4.741,0.0998,-0.0364,-0.3634,0.1388,0.1062,-0.0004,-0.389,-0.0045,car,345,52.4283,-45.7891,0.0998,-0.0364,0.1062,-0.0004,339.7573,0.10623088063270492,0.3824311702777377,0.0,0.0,0.0,0.0,0.0,0.0,1,06_345_354_14725_ego_345,1,14725,14725,14733,vehicle_vehicle,0.3245888242356748,1.5566383750505024,1.9168337608010584,12.463579037339152,15.0,3.0,3.5,0.8,0.02005517389602992,0.07219862602570772
6,346,14719,234,47.8966,-44.0882,340.5055,1.8132,2.8113,0.0958,-0.0537,-0.3758,0.1265,0.1083,0.0187,-0.3965,0.0062,trailer,345,52.4283,-45.7891,0.0998,-0.0364,0.1062,-0.0004,339.7573,0.10623088063270492,0.3824311702777377,-4.531700000000001,1.7008999999999972,-0.0040000000000000036,-0.017299999999999996,0.01775640729426986,4.8403890029624685,0,06_345_354_14725_ego_345,0,14725,14725,14733,vehicle_vehicle,0.3245888242356748,1.5566383750505024,1.9168337608010584,12.463579037339152,15.0,3.0,3.5,0.8,0.02005517389602992,0.07219862602570772
6,350,14719,184,62.446,-52.4418,281.4481,1.9906,4.1702,1.7812,-7.0765,2.8602,0.2132,7.2892,-0.3412,0.3587,-2.8456,car,345,52.4283,-45.7891,0.0998,-0.0364,0.1062,-0.0004,339.7573,0.10623088063270492,0.3824311702777377,10.017699999999998,-6.652700000000003,1.6814,-7.0401,7.238101544604082,12.0255033399854,0,06_345_354_14725_ego_345,0,14725,14725,14733,vehicle_vehicle,0.3245888242356748,1.5566383750505024,1.9168337608010584,12.463579037339152,15.0,3.0,3.5,0.8,0.02005517389602992,0.07219862602570772
6,354,14719,122,63.2667,-33.0257,229.6067,2.0931,4.5353,-4.7616,-6.1635,2.0416,-1.443,7.7799,-0.3677,-0.2241,-2.49,car,345,52.4283,-45.7891,0.0998,-0.0364,0.1062,-0.0004,339.7573,0.10623088063270492,0.3824311702777377,10.8384,12.763399999999997,-4.8614,-6.1270999999999995,7.8214170308199265,16.74441083227475,0,06_345_354_14725_ego_345,1,14725,14725,14733,vehicle_vehicle,0.3245888242356748,1.5566383750505024,1.9168337608010584,12.463579037339152,15.0,3.0,3.5,0.8,0.02005517389602992,0.07219862602570772
6,356,14719,74,75.679,-30.0288,210.9867,2.2482,5.2722,-6.8544,-4.1356,0.61,-1.0897,8.0053,-0.0165,0.0381,-1.2482,car,345,52.4283,-45.7891,0.0998,-0.0364,0.1062,-0.0004,339.7573,0.10623088063270492,0.3824311702777377,23.250700000000002,15.760299999999997,-6.9542,-4.0992,8.072443141949035,28.08882529726012,0,06_345_354_14725_ego_345,0,14725,14725,14733,vehicle_vehicle,0.3245888242356748,1.5566383750505024,1.9168337608010584,12.463579037339152,15.0,3.0,3.5,0.8,0.02005517389602992,0.07219862602570772
6,345,14720,245,52.4328,-45.7908,339.7615,2.0385,4.741,0.0835,-0.0303,-0.3433,0.1299,0.0888,-0.0005,-0.3671,-0.0031,car,345,52.4328,-45.7908,0.0835,-0.0303,0.0888,-0.0005,339.7615,0.08882758580531164,0.31977930889912193,0.0,0.0,0.0,0.0,0.0,0.0,1,06_345_354_14725_ego_345,1,14725,14725,14733,vehicle_vehicle,0.3245888242356748,1.5566383750505024,1.9168337608010584,12.463579037339152,15.0,3.0,3.5,0.8,0.02005517389602992,0.07219862602570772
6,346,14720,235,47.9,-44.0903,340.4779,1.8132,2.8113,0.0796,-0.0479,-0.352,0.1231,0.091,0.0185,-0.3729,0.0016,trailer,345,52.4328,-45.7908,0.0835,-0.0303,0.0888,-0.0005,339.7615,0.08882758580531164,0.31977930889912193,-4.532800000000002,1.7004999999999981,-0.0039000000000000007,-0.017599999999999998,0.018026924307823558,4.84127835287334,0,06_345_354_14725_ego_345,0,14725,14725,14733,vehicle_vehicle,0.3245888242356748,1.5566383750505024,1.9168337608010584,12.463579037339152,15.0,3.0,3.5,0.8,0.02005517389602992,0.07219862602570772
6,350,14720,185,62.5197,-52.7253,282.3711,1.9906,4.1702,1.9001,-7.0698,2.8678,0.2786,7.3127,-0.3413,0.3423,-2.8609,car,345,52.4328,-45.7908,0.0835,-0.0303,0.0888,-0.0005,339.7615,0.08882758580531164,0.31977930889912193,10.0869,-6.9345,1.8166,-7.039499999999999,7.27011662973848,12.240622609164943,0,06_345_354_14725_ego_345,0,14725,14725,14733,vehicle_vehicle,0.3245888242356748,1.5566383750505024,1.9168337608010584,12.463579037339152,15.0,3.0,3.5,0.8,0.02005517389602992,0.07219862602570772
6,354,14720,123,63.0785,-33.2737,230.4339,2.0931,4.5353,-4.6809,-6.2194,2.0627,-1.4067,7.776,-0.3531,-0.2295,-2.4862,car,345,52.4328,-45.7908,0.0835,-0.0303,0.0888,-0.0005,339.7615,0.08882758580531164,0.31977930889912193,10.645699999999998,12.5171,-4.7644,-6.1891,7.810535587909449,16.4319420915484,0,06_345_354_14725_ego_345,1,14725,14725,14733,vehicle_vehicle,0.3245888242356748,1.5566383750505024,1.9168337608010584,12.463579037339152,15.0,3.0,3.5,0.8,0.02005517389602992,0.07219862602570772
6,356,14720,75,75.4048,-30.1943,211.2233,2.2482,5.2722,-6.8309,-4.1804,0.6967,-1.1336,8.0085,-0.0339,-0.0082,-1.3306,car,345,52.4328,-45.7908,0.0835,-0.0303,0.0888,-0.0005,339.7615,0.08882758580531164,0.31977930889912193,22.971999999999994,15.596499999999999,-6.9144,-4.150099999999999,8.064258017325587,27.7662312215756,0,06_345_354_14725_ego_345,0,14725,14725,14733,vehicle_vehicle,0.3245888242356748,1.5566383750505024,1.9168337608010584,12.463579037339152,15.0,3.0,3.5,0.8,0.02005517389602992,0.07219862602570772
6,345,14721,246,52.4358,-45.7917,339.774,2.0385,4.741,0.068,-0.0246,-0.3215,0.1205,0.0723,-0.0004,-0.3434,-0.0019,car,345,52.4358,-45.7917,0.068,-0.0246,0.0723,-0.0004,339.774,0.0723129310704524,0.2603265518536287,0.0,0.0,0.0,0.0,0.0,0.0,1,06_345_354_14725_ego_345,1,14725,14725,14733,vehicle_vehicle,0.3245888242356748,1.5566383750505024,1.9168337608010584,12.463579037339152,15.0,3.0,3.5,0.8,0.02005517389602992,0.07219862602570772
6,346,14721,236,47.9024,-44.0919,340.4385,1.8132,2.8113,0.0645,-0.0423,-0.3271,0.1189,0.0749,0.0182,-0.348,-0.0026,trailer,345,52.4358,-45.7917,0.068,-0.0246,0.0723,-0.0004,339.774,0.0723129310704524,0.2603265518536287,-4.5334,1.6997999999999962,-0.003500000000000003,-0.017699999999999997,0.018042727066604976,4.841594324187022,0,06_345_354_14725_ego_345,0,14725,14725,14733,vehicle_vehicle,0.3245888242356748,1.5566383750505024,1.9168337608010584,12.463579037339152,15.0,3.0,3.5,0.8,0.02005517389602992,0.07219862602570772
6,350,14721,186,62.598,-53.0086,283.3351,1.9906,4.1702,2.0193,-7.0603,2.8709,0.3457,7.3356,-0.3365,0.3258,-2.8733,car,345,52.4358,-45.7917,0.068,-0.0246,0.0723,-0.0004,339.774,0.0723129310704524,0.2603265518536287,10.162199999999999,-7.2169000000000025,1.9512999999999998,-7.035699999999999,7.3012770239184865,12.46410664468176,0,06_345_354_14725_ego_345,0,14725,14725,14733,vehicle_vehicle,0.3245888242356748,1.5566383750505024,1.9168337608010584,12.463579037339152,15.0,3.0,3.5,0.8,0.02005517389602992,0.07219862602570772
6,354,14721,124,62.8934,-33.5235,231.2682,2.0931,4.5353,-4.5995,-6.2738,2.0849,-1.3722,7.7719,-0.3374,-0.234,-2.485,car,345,52.4358,-45.7917,0.068,-0.0246,0.0723,-0.0004,339.774,0.0723129310704524,0.2603265518536287,10.4576,12.2682,-4.6674999999999995,-6.249199999999999,7.799875440672113,16.12048786482593,0,06_345_354_14725_ego_345,1,14725,14725,14733,vehicle_vehicle,0.3245888242356748,1.5566383750505024,1.9168337608010584,12.463579037339152,15.0,3.0,3.5,0.8,0.02005517389602992,0.07219862602570772
6,356,14721,76,75.1316,-30.3612,211.4874,2.2482,5.2722,-6.8036,-4.2275,0.7842,-1.1761,8.0099,-0.0514,-0.0545,-1.4125,car,345,52.4358,-45.7917,0.068,-0.0246,0.0723,-0.0004,339.774,0.0723129310704524,0.2603265518536287,22.695800000000006,15.430499999999999,-6.8716,-4.2029,8.055014274971832,27.444483378085298,0,06_345_354_14725_ego_345,0,14725,14725,14733,vehicle_vehicle,0.3245888242356748,1.5566383750505024,1.9168337608010584,12.463579037339152,15.0,3.0,3.5,0.8,0.02005517389602992,0.07219862602570772
6,345,14722,247,52.438,-45.7923,339.7894,2.0385,4.741,0.0535,-0.0194,-0.298,0.1107,0.0569,-0.0003,-0.3179,-0.0009,car,345,52.438,-45.7923,0.0535,-0.0194,0.0569,-0.0003,339.7894,0.05690878666778971,0.20487163200404296,0.0,0.0,0.0,0.0,0.0,0.0,1,06_345_354_14725_ego_345,1,14725,14725,14733,vehicle_vehicle,0.3245888242356748,1.5566383750505024,1.9168337608010584,12.463579037339152,15.0,3.0,3.5,0.8,0.02005517389602992,0.07219862602570772
6,346,14722,237,47.9041,-44.0931,340.3778,1.8132,2.8113,0.0507,-0.0369,-0.3013,0.1142,0.0601,0.0178,-0.3221,-0.0064,trailer,345,52.438,-45.7923,0.0535,-0.0194,0.0569,-0.0003,339.7894,0.05690878666778971,0.20487163200404296,-4.533900000000003,1.6991999999999976,-0.002799999999999997,-0.0175,0.01772258446164103,4.84185190293962,0,06_345_354_14725_ego_345,0,14725,14725,14733,vehicle_vehicle,0.3245888242356748,1.5566383750505024,1.9168337608010584,12.463579037339152,15.0,3.0,3.5,0.8,0.02005517389602992,0.07219862602570772
6,350,14722,187,62.6813,-53.2913,284.3198,1.9906,4.1702,2.1386,-7.0478,2.8696,0.4142,7.3577,-0.329,0.3084,-2.8829,car,345,52.438,-45.7923,0.0535,-0.0194,0.0569,-0.0003,339.7894,0.05690878666778971,0.20487163200404296,10.243299999999998,-7.499000000000002,2.0850999999999997,-7.0283999999999995,7.331169659065325,12.694888573358964,0,06_345_354_14725_ego_345,0,14725,14725,14733,vehicle_vehicle,0.3245888242356748,1.5566383750505024,1.9168337608010584,12.463579037339152,15.0,3.0,3.5,0.8,0.02005517389602992,0.07219862602570772
6,354,14722,125,62.7113,-33.776,232.1008,2.0931,4.5353,-4.5173,-6.3267,2.1083,-1.3397,7.7672,-0.3217,-0.2379,-2.4866,car,345,52.438,-45.7923,0.0535,-0.0194,0.0569,-0.0003,339.7894,0.05690878666778971,0.20487163200404296,10.273299999999999,12.016299999999994,-4.570799999999999,-6.3073,7.7893674922935805,15.80924282121063,0,06_345_354_14725_ego_345,1,14725,14725,14733,vehicle_vehicle,0.3245888242356748,1.5566383750505024,1.9168337608010584,12.463579037339152,15.0,3.0,3.5,0.8,0.02005517389602992,0.07219862602570772
6,356,14722,77,74.8591,-30.5305,211.7867,2.2482,5.2722,-6.7725,-4.2766,0.8722,-1.2166,8.0095,-0.0677,-0.1005,-1.4936,car,345,52.438,-45.7923,0.0535,-0.0194,0.0569,-0.0003,339.7894,0.05690878666778971,0.20487163200404296,22.421099999999996,15.261799999999997,-6.826,-4.2572,8.044751571055503,27.12246789010911,0,06_345_354_14725_ego_345,0,14725,14725,14733,vehicle_vehicle,0.3245888242356748,1.5566383750505024,1.9168337608010584,12.463579037339152,15.0,3.0,3.5,0.8,0.02005517389602992,0.07219862602570772
6,345,14723,248,52.4391,-45.7926,339.8027,2.0385,4.741,0.0402,-0.0148,-0.273,0.1006,0.0428,-0.0,-0.291,-0.0002,car,345,52.4391,-45.7926,0.0402,-0.0148,0.0428,-0.0,339.8027,0.04283783374541714,0.1542162014835017,0.0,0.0,0.0,0.0,0.0,0.0,1,06_345_354_14725_ego_345,1,14725,14725,14733,vehicle_vehicle,0.3245888242356748,1.5566383750505024,1.9168337608010584,12.463579037339152,15.0,3.0,3.5,0.8,0.02005517389602992,0.07219862602570772
6,346,14723,238,47.9052,-44.094,340.3019,1.8132,2.8113,0.0382,-0.032,-0.2749,0.1089,0.0467,0.0173,-0.2955,-0.0099,trailer,345,52.4391,-45.7926,0.0402,-0.0148,0.0428,-0.0,339.8027,0.04283783374541714,0.1542162014835017,-4.533900000000003,1.698599999999999,-0.0020000000000000018,-0.0172,0.01731588865753069,4.841641371477241,0,06_345_354_14725_ego_345,0,14725,14725,14733,vehicle_vehicle,0.3245888242356748,1.5566383750505024,1.9168337608010584,12.463579037339152,15.0,3.0,3.5,0.8,0.02005517389602992,0.07219862602570772
6,350,14723,188,62.7693,-53.5736,285.3064,1.9906,4.1702,2.2577,-7.0323,2.8638,0.484,7.3788,-0.3213,0.2892,-2.89,car,345,52.4391,-45.7926,0.0402,-0.0148,0.0428,-0.0,339.8027,0.04283783374541714,0.1542162014835017,10.330199999999998,-7.780999999999999,2.2175,-7.0175,7.359525290397472,12.932787520097898,0,06_345_354_14725_ego_345,0,14725,14725,14733,vehicle_vehicle,0.3245888242356748,1.5566383750505024,1.9168337608010584,12.463579037339152,15.0,3.0,3.5,0.8,0.02005517389602992,0.07219862602570772
6,354,14723,126,62.5322,-34.0305,232.923,2.0931,4.5353,-4.4342,-6.3781,2.1328,-1.3093,7.762,-0.3076,-0.2413,-2.491,car,345,52.4391,-45.7926,0.0402,-0.0148,0.0428,-0.0,339.8027,0.04283783374541714,0.1542162014835017,10.0931,11.762099999999997,-4.474399999999999,-6.3633,7.7789358044658,15.49895686877023,0,06_345_354_14725_ego_345,1,14725,14725,14733,vehicle_vehicle,0.3245888242356748,1.5566383750505024,1.9168337608010584,12.463579037339152,15.0,3.0,3.5,0.8,0.02005517389602992,0.07219862602570772
6,356,14723,78,74.5882,-30.7019,212.119,2.2482,5.2722,-6.7376,-4.3276,0.9603,-1.2549,8.0073,-0.083,-0.1461,-1.5734,car,345,52.4391,-45.7926,0.0402,-0.0148,0.0428,-0.0,339.8027,0.04283783374541714,0.1542162014835017,22.149099999999997,15.090700000000002,-6.777799999999999,-4.3128,8.033605459567951,26.80134058773926,0,06_345_354_14725_ego_345,0,14725,14725,14733,vehicle_vehicle,0.3245888242356748,1.5566383750505024,1.9168337608010584,12.463579037339152,15.0,3.0,3.5,0.8,0.02005517389602992,0.07219862602570772
6,345,14724,249,52.439,-45.7924,339.813,2.0385,4.741,0.0286,-0.0108,-0.247,0.0905,0.0306,0.0003,-0.2631,0.0003,car,345,52.439,-45.7924,0.0286,-0.0108,0.0306,0.0003,339.813,0.030571228303749916,0.1100564218934997,0.0,0.0,0.0,0.0,0.0,0.0,1,06_345_354_14725_ego_345,1,14725,14725,14733,vehicle_vehicle,0.3245888242356748,1.5566383750505024,1.9168337608010584,12.463579037339152,15.0,3.0,3.5,0.8,0.02005517389602992,0.07219862602570772
6,346,14724,239,47.9057,-44.0947,340.2305,1.8132,2.8113,0.027,-0.0275,-0.2481,0.1034,0.0347,0.0167,-0.2685,-0.0134,trailer,345,52.439,-45.7924,0.0286,-0.0108,0.0306,0.0003,339.813,0.030571228303749916,0.1100564218934997,-4.533299999999997,1.6976999999999975,-0.0016000000000000007,-0.0167,0.016776471619503307,4.8407638013024314,0,06_345_354_14725_ego_345,0,14725,14725,14733,vehicle_vehicle,0.3245888242356748,1.5566383750505024,1.9168337608010584,12.463579037339152,15.0,3.0,3.5,0.8,0.02005517389602992,0.07219862602570772
6,350,14724,189,62.8617,-53.8549,286.2799,1.9906,4.1702,2.3767,-7.0138,2.8537,0.5547,7.3988,-0.3153,0.2675,-2.8948,car,345,52.439,-45.7924,0.0286,-0.0108,0.0306,0.0003,339.813,0.030571228303749916,0.1100564218934997,10.422699999999999,-8.0625,2.3481,-7.003,7.386175100144865,13.177123416740088,0,06_345_354_14725_ego_345,0,14725,14725,14733,vehicle_vehicle,0.3245888242356748,1.5566383750505024,1.9168337608010584,12.463579037339152,15.0,3.0,3.5,0.8,0.02005517389602992,0.07219862602570772
6,354,14724,127,62.3567,-34.2868,233.7283,2.0931,4.5353,-4.3502,-6.4283,2.1587,-1.281,7.7563,-0.2959,-0.2444,-2.4982,car,345,52.439,-45.7924,0.0286,-0.0108,0.0306,0.0003,339.813,0.030571228303749916,0.1100564218934997,9.917699999999996,11.505600000000001,-4.3788,-6.4175,7.769053719083168,15.190115359996446,0,06_345_354_14725_ego_345,1,14725,14725,14733,vehicle_vehicle,0.3245888242356748,1.5566383750505024,1.9168337608010584,12.463579037339152,15.0,3.0,3.5,0.8,0.02005517389602992,0.07219862602570772
6,356,14724,79,74.3187,-30.8749,212.4905,2.2482,5.2722,-6.6989,-4.3805,1.0483,-1.2908,8.0035,-0.0965,-0.1908,-1.6518,car,345,52.439,-45.7924,0.0286,-0.0108,0.0306,0.0003,339.813,0.030571228303749916,0.1100564218934997,21.879700000000007,14.9175,-6.7275,-4.3697,8.022065465950773,26.48118347695209,0,06_345_354_14725_ego_345,0,14725,14725,14733,vehicle_vehicle,0.3245888242356748,1.5566383750505024,1.9168337608010584,12.463579037339152,15.0,3.0,3.5,0.8,0.02005517389602992,0.07219862602570772
6,345,14725,250,52.4385,-45.7921,339.8175,2.0385,4.741,0.0186,-0.0075,-0.2206,0.0805,0.02,0.0007,-0.2348,0.0005,car,345,52.4385,-45.7921,0.0186,-0.0075,0.02,0.0007,339.8175,0.02005517389602992,0.07219862602570772,0.0,0.0,0.0,0.0,0.0,0.0,1,06_345_354_14725_ego_345,1,14725,14725,14733,vehicle_vehicle,0.3245888242356748,1.5566383750505024,1.9168337608010584,12.463579037339152,15.0,3.0,3.5,0.8,0.02005517389602992,0.07219862602570772
6,346,14725,240,47.9056,-44.096,340.1703,1.8132,2.8113,0.0173,-0.0231,-0.2214,0.0977,0.0241,0.0159,-0.2414,-0.0168,trailer,345,52.4385,-45.7921,0.0186,-0.0075,0.02,0.0007,339.8175,0.02005517389602992,0.07219862602570772,-4.532899999999998,1.6961000000000013,-0.001299999999999999,-0.0156,0.015654072952429984,4.839828263482081,0,06_345_354_14725_ego_345,0,14725,14725,14733,vehicle_vehicle,0.3245888242356748,1.5566383750505024,1.9168337608010584,12.463579037339152,15.0,3.0,3.5,0.8,0.02005517389602992,0.07219862602570772
6,350,14725,190,62.9596,-54.1351,287.2341,1.9906,4.1702,2.4951,-6.9925,2.8392,0.6263,7.4178,-0.3114,0.243,-2.8973,car,345,52.4385,-45.7921,0.0186,-0.0075,0.02,0.0007,339.8175,0.02005517389602992,0.07219862602570772,10.521100000000004,-8.343000000000004,2.4764999999999997,-6.984999999999999,7.411024035178944,13.427553545229307,0,06_345_354_14725_ego_345,0,14725,14725,14733,vehicle_vehicle,0.3245888242356748,1.5566383750505024,1.9168337608010584,12.463579037339152,15.0,3.0,3.5,0.8,0.02005517389602992,0.07219862602570772
6,354,14725,128,62.1839,-34.5443,234.5394,2.0931,4.5353,-4.2649,-6.4776,2.1856,-1.2548,7.7503,-0.2842,-0.246,-2.5082,car,345,52.4385,-45.7921,0.0186,-0.0075,0.02,0.0007,339.8175,0.02005517389602992,0.07219862602570772,9.745400000000004,11.247799999999998,-4.2835,-6.4700999999999995,7.759546781868126,14.88239987367629,0,06_345_354_14725_ego_345,1,14725,14725,14733,vehicle_vehicle,0.3245888242356748,1.5566383750505024,1.9168337608010584,12.463579037339152,15.0,3.0,3.5,0.8,0.02005517389602992,0.07219862602570772
6,356,14725,80,74.0514,-31.0511,212.895,2.2482,5.2722,-6.6566,-4.435,1.1358,-1.3238,7.998,-0.1087,-0.2348,-1.7284,car,345,52.4385,-45.7921,0.0186,-0.0075,0.02,0.0007,339.8175,0.02005517389602992,0.07219862602570772,21.612900000000003,14.740999999999996,-6.6752,-4.427499999999999,8.010059381178145,26.16131738674488,0,06_345_354_14725_ego_345,0,14725,14725,14733,vehicle_vehicle,0.3245888242356748,1.5566383750505024,1.9168337608010584,12.463579037339152,15.0,3.0,3.5,0.8,0.02005517389602992,0.07219862602570772
6,345,14726,251,52.4378,-45.7918,339.8195,2.0385,4.741,0.0101,-0.0049,-0.1942,0.071,0.0111,0.0011,-0.2068,0.0004,car,345,52.4378,-45.7918,0.0101,-0.0049,0.0111,0.0011,339.8195,0.011225862995778988,0.04041310678480436,0.0,0.0,0.0,0.0,0.0,0.0,1,06_345_354_14725_ego_345,1,14725,14725,14733,vehicle_vehicle,0.3245888242356748,1.5566383750505024,1.9168337608010584,12.463579037339152,15.0,3.0,3.5,0.8,0.02005517389602992,0.07219862602570772
6,346,14726,241,47.9054,-44.0963,340.1569,1.8132,2.8113,0.009,-0.0191,-0.1951,0.0919,0.0149,0.0149,-0.2147,-0.0202,trailer,345,52.4378,-45.7918,0.0101,-0.0049,0.0111,0.0011,339.8195,0.011225862995778988,0.04041310678480436,-4.532400000000003,1.6955000000000027,-0.0011000000000000003,-0.014199999999999999,0.014242541907960109,4.839149719733833,0,06_345_354_14725_ego_345,0,14725,14725,14733,vehicle_vehicle,0.3245888242356748,1.5566383750505024,1.9168337608010584,12.463579037339152,15.0,3.0,3.5,0.8,0.02005517389602992,0.07219862602570772
6,350,14726,191,63.0626,-54.4145,288.1717,1.9906,4.1702,2.6125,-6.9682,2.8207,0.6987,7.4354,-0.3091,0.2158,-2.8979,car,345,52.4378,-45.7918,0.0101,-0.0049,0.0111,0.0011,339.8195,0.011225862995778988,0.04041310678480436,10.6248,-8.622699999999995,2.6024,-6.9633,7.433709212095938,13.68346923590651,0,06_345_354_14725_ego_345,0,14725,14725,14733,vehicle_vehicle,0.3245888242356748,1.5566383750505024,1.9168337608010584,12.463579037339152,15.0,3.0,3.5,0.8,0.02005517389602992,0.07219862602570772
6,354,14726,129,62.0151,-34.8037,235.3609,2.0931,4.5353,-4.1785,-6.5261,2.2136,-1.2303,7.7445,-0.2716,-0.246,-2.5206,car,345,52.4378,-45.7918,0.0101,-0.0049,0.0111,0.0011,339.8195,0.011225862995778988,0.04041310678480436,9.577299999999994,10.988100000000003,-4.1886,-6.521199999999999,7.7505109121915305,14.576111172051343,0,06_345_354_14725_ego_345,1,14725,14725,14733,vehicle_vehicle,0.3245888242356748,1.5566383750505024,1.9168337608010584,12.463579037339152,15.0,3.0,3.5,0.8,0.02005517389602992,0.07219862602570772
6,356,14726,81,73.7852,-31.2295,213.3464,2.2482,5.2722,-6.6104,-4.4907,1.2229,-1.3541,7.9907,-0.1176,-0.2772,-1.8034,car,345,52.4378,-45.7918,0.0101,-0.0049,0.0111,0.0011,339.8195,0.011225862995778988,0.04041310678480436,21.3474,14.5623,-6.620500000000001,-4.4858,7.997088338264122,25.841286114471934,0,06_345_354_14725_ego_345,0,14725,14725,14733,vehicle_vehicle,0.3245888242356748,1.5566383750505024,1.9168337608010584,12.463579037339152,15.0,3.0,3.5,0.8,0.02005517389602992,0.07219862602570772
6,345,14727,252,52.4369,-45.7915,339.824,2.0385,4.741,0.0031,-0.0027,-0.1685,0.0621,0.0039,0.0015,-0.1796,-0.0002,car,345,52.4369,-45.7915,0.0031,-0.0027,0.0039,0.0015,339.824,0.004110960958218893,0.014799459449588017,0.0,0.0,0.0,0.0,0.0,0.0,1,06_345_354_14725_ego_345,1,14725,14725,14733,vehicle_vehicle,0.3245888242356748,1.5566383750505024,1.9168337608010584,12.463579037339152,15.0,3.0,3.5,0.8,0.02005517389602992,0.07219862602570772
6,346,14727,242,47.905,-44.0958,340.1535,1.8132,2.8113,0.0019,-0.0159,-0.1694,0.0862,0.0072,0.0143,-0.1886,-0.0235,trailer,345,52.4369,-45.7915,0.0031,-0.0027,0.0039,0.0015,339.824,0.004110960958218893,0.014799459449588017,-4.5319,1.6957000000000022,-0.0012,-0.0132,0.013254433220624712,4.838751502195583,0,06_345_354_14725_ego_345,0,14725,14725,14733,vehicle_vehicle,0.3245888242356748,1.5566383750505024,1.9168337608010584,12.463579037339152,15.0,3.0,3.5,0.8,0.02005517389602992,0.07219862602570772
6,350,14727,192,63.1702,-54.6926,289.0976,1.9906,4.1702,2.7289,-6.941,2.7985,0.7719,7.4518,-0.3077,0.1861,-2.897,car,345,52.4369,-45.7915,0.0031,-0.0027,0.0039,0.0015,339.824,0.004110960958218893,0.014799459449588017,10.7333,-8.9011,2.7258,-6.9383,7.454528323777434,13.943934527241584,0,06_345_354_14725_ego_345,0,14725,14725,14733,vehicle_vehicle,0.3245888242356748,1.5566383750505024,1.9168337608010584,12.463579037339152,15.0,3.0,3.5,0.8,0.02005517389602992,0.07219862602570772
6,354,14727,130,61.8496,-35.0651,236.1811,2.0931,4.5353,-4.091,-6.5739,2.2427,-1.2075,7.7386,-0.26,-0.2451,-2.5353,car,345,52.4369,-45.7915,0.0031,-0.0027,0.0039,0.0015,339.824,0.004110960958218893,0.014799459449588017,9.412700000000001,10.726399999999998,-4.0941,-6.5712,7.742242843646794,14.27075955406719,0,06_345_354_14725_ego_345,1,14725,14725,14733,vehicle_vehicle,0.3245888242356748,1.5566383750505024,1.9168337608010584,12.463579037339152,15.0,3.0,3.5,0.8,0.02005517389602992,0.07219862602570772
6,356,14727,82,73.5204,-31.4098,213.8266,2.2482,5.2722,-6.5602,-4.5478,1.3089,-1.3815,7.9815,-0.126,-0.3183,-1.8763,car,345,52.4369,-45.7915,0.0031,-0.0027,0.0039,0.0015,339.824,0.004110960958218893,0.014799459449588017,21.083499999999994,14.381699999999999,-6.5633,-4.5451,7.983410355230401,25.521505973198362,0,06_345_354_14725_ego_345,0,14725,14725,14733,vehicle_vehicle,0.3245888242356748,1.5566383750505024,1.9168337608010584,12.463579037339152,15.0,3.0,3.5,0.8,0.02005517389602992,0.07219862602570772
6,345,14728,253,52.4357,-45.7914,339.8251,2.0385,4.741,-0.0023,-0.0011,-0.1438,0.0539,-0.0018,0.0018,-0.1536,-0.0011,car,345,52.4357,-45.7914,-0.0023,-0.0011,-0.0018,0.0018,339.8251,0.0025495097567963926,0.009178235124467013,0.0,0.0,0.0,0.0,0.0,0.0,1,06_345_354_14725_ego_345,1,14725,14725,14733,vehicle_vehicle,0.3245888242356748,1.5566383750505024,1.9168337608010584,12.463579037339152,15.0,3.0,3.5,0.8,0.02005517389602992,0.07219862602570772
6,346,14728,243,47.9041,-44.096,340.1663,1.8132,2.8113,-0.0037,-0.013,-0.1446,0.081,0.0009,0.0135,-0.1636,-0.0271,trailer,345,52.4357,-45.7914,-0.0023,-0.0011,-0.0018,0.0018,339.8251,0.0025495097567963926,0.009178235124467013,-4.531599999999997,1.6954000000000065,-0.0014000000000000002,-0.011899999999999999,0.01198206993803658,4.838365397528384,0,06_345_354_14725_ego_345,0,14725,14725,14733,vehicle_vehicle,0.3245888242356748,1.5566383750505024,1.9168337608010584,12.463579037339152,15.0,3.0,3.5,0.8,0.02005517389602992,0.07219862602570772
6,350,14728,193,63.2825,-54.9699,290.0133,1.9906,4.1702,2.8439,-6.9108,2.7729,0.8459,7.4668,-0.3071,0.1542,-2.895,car,345,52.4357,-45.7914,-0.0023,-0.0011,-0.0018,0.0018,339.8251,0.0025495097567963926,0.009178235124467013,10.846800000000002,-9.1785,2.8462,-6.9097,7.4729384133686,14.209079227381345,0,06_345_354_14725_ego_345,0,14725,14725,14733,vehicle_vehicle,0.3245888242356748,1.5566383750505024,1.9168337608010584,12.463579037339152,15.0,3.0,3.5,0.8,0.02005517389602992,0.07219862602570772
6,354,14728,131,61.6873,-35.3282,237.0049,2.0931,4.5353,-4.0021,-6.6212,2.2727,-1.1858,7.7327,-0.249,-0.2431,-2.5519,car,345,52.4357,-45.7914,-0.0023,-0.0011,-0.0018,0.0018,339.8251,0.0025495097567963926,0.009178235124467013,9.251600000000003,10.4632,-3.9998000000000005,-6.6201,7.7346056169658715,13.966769733907697,0,06_345_354_14725_ego_345,1,14725,14725,14733,vehicle_vehicle,0.3245888242356748,1.5566383750505024,1.9168337608010584,12.463579037339152,15.0,3.0,3.5,0.8,0.02005517389602992,0.07219862602570772
6,356,14728,83,73.2578,-31.5926,214.3357,2.2482,5.2722,-6.5061,-4.6061,1.3934,-1.4058,7.9705,-0.1338,-0.3576,-1.9468,car,345,52.4357,-45.7914,-0.0023,-0.0011,-0.0018,0.0018,339.8251,0.0025495097567963926,0.009178235124467013,20.822100000000006,14.198800000000002,-6.5038,-4.6049999999999995,7.969030018766399,25.202495309988656,0,06_345_354_14725_ego_345,0,14725,14725,14733,vehicle_vehicle,0.3245888242356748,1.5566383750505024,1.9168337608010584,12.463579037339152,15.0,3.0,3.5,0.8,0.02005517389602992,0.07219862602570772
6,345,14729,254,52.4343,-45.7912,339.8241,2.0385,4.741,-0.0063,0.0002,-0.1206,0.0467,-0.006,0.002,-0.1293,-0.0022,car,345,52.4343,-45.7912,-0.0063,0.0002,-0.006,0.002,339.8241,0.00630317380372777,0.022691425693419972,0.0,0.0,0.0,0.0,0.0,0.0,1,06_345_354_14725_ego_345,1,14725,14725,14733,vehicle_vehicle,0.3245888242356748,1.5566383750505024,1.9168337608010584,12.463579037339152,15.0,3.0,3.5,0.8,0.02005517389602992,0.07219862602570772
6,346,14729,244,47.9029,-44.0961,340.1979,1.8132,2.8113,-0.0081,-0.0105,-0.1212,0.0765,-0.004,0.0126,-0.1399,-0.0309,trailer,345,52.4343,-45.7912,-0.0063,0.0002,-0.006,0.002,339.8241,0.00630317380372777,0.022691425693419972,-4.531399999999998,1.6951000000000036,-0.0017999999999999995,-0.010700000000000001,0.01085034561661517,4.838072960384124,0,06_345_354_14725_ego_345,0,14725,14725,14733,vehicle_vehicle,0.3245888242356748,1.5566383750505024,1.9168337608010584,12.463579037339152,15.0,3.0,3.5,0.8,0.02005517389602992,0.07219862602570772
6,350,14729,194,63.3995,-55.2458,290.932,1.9906,4.1702,2.9576,-6.8776,2.7444,0.9204,7.4804,-0.3053,0.1208,-2.8922,car,345,52.4343,-45.7912,-0.0063,0.0002,-0.006,0.002,339.8241,0.00630317380372777,0.022691425693419972,10.965200000000003,-9.4546,2.9638999999999998,-6.877800000000001,7.48924802967561,14.478434728933927,0,06_345_354_14725_ego_345,0,14725,14725,14733,vehicle_vehicle,0.3245888242356748,1.5566383750505024,1.9168337608010584,12.463579037339152,15.0,3.0,3.5,0.8,0.02005517389602992,0.07219862602570772
6,354,14729,132,61.5282,-35.593,237.8257,2.0931,4.5353,-3.9117,-6.6679,2.3034,-1.1651,7.7269,-0.2396,-0.2404,-2.5701,car,345,52.4343,-45.7912,-0.0063,0.0002,-0.006,0.002,339.8241,0.00630317380372777,0.022691425693419972,9.093899999999998,10.1982,-3.9054,-6.668100000000001,7.727593853846099,13.663905021991333,0,06_345_354_14725_ego_345,1,14725,14725,14733,vehicle_vehicle,0.3245888242356748,1.5566383750505024,1.9168337608010584,12.463579037339152,15.0,3.0,3.5,0.8,0.02005517389602992,0.07219862602570772
6,356,14729,84,72.9978,-31.778,214.8613,2.2482,5.2722,-6.4483,-4.6654,1.4759,-1.4272,7.9578,-0.1424,-0.3953,-2.0147,car,345,52.4343,-45.7912,-0.0063,0.0002,-0.006,0.002,339.8241,0.00630317380372777,0.022691425693419972,20.563499999999998,14.013200000000005,-6.441999999999999,-4.6656,7.954067346961553,24.88427829956095,0,06_345_354_14725_ego_345,0,14725,14725,14733,vehicle_vehicle,0.3245888242356748,1.5566383750505024,1.9168337608010584,12.463579037339152,15.0,3.0,3.5,0.8,0.02005517389602992,0.07219862602570772
6,345,14730,255,52.4327,-45.791,339.8214,2.0385,4.741,-0.0089,0.0011,-0.0995,0.0403,-0.0087,0.002,-0.1073,-0.0035,car,345,52.4327,-45.791,-0.0089,0.0011,-0.0087,0.002,339.8214,0.008967719888578144,0.03228379159888132,0.0,0.0,0.0,0.0,0.0,0.0,1,06_345_354_14725_ego_345,1,14725,14725,14733,vehicle_vehicle,0.3245888242356748,1.5566383750505024,1.9168337608010584,12.463579037339152,15.0,3.0,3.5,0.8,0.02005517389602992,0.07219862602570772
6,346,14730,245,47.9014,-44.0961,340.2466,1.8132,2.8113,-0.011,-0.0083,-0.0994,0.0728,-0.0075,0.0115,-0.1182,-0.0349,trailer,345,52.4327,-45.791,-0.0089,0.0011,-0.0087,0.002,339.8214,0.008967719888578144,0.03228379159888132,-4.5312999999999946,1.694899999999997,-0.0020999999999999994,-0.0094,0.0096317184344228,4.837909228168708,0,06_345_354_14725_ego_345,0,14725,14725,14733,vehicle_vehicle,0.3245888242356748,1.5566383750505024,1.9168337608010584,12.463579037339152,15.0,3.0,3.5,0.8,0.02005517389602992,0.07219862602570772
6,350,14730,195,63.5213,-55.5205,291.8535,1.9906,4.1702,3.0696,-6.8413,2.7135,0.9956,7.4923,-0.3024,0.086,-2.8891,car,345,52.4327,-45.791,-0.0089,0.0011,-0.0087,0.002,339.8214,0.008967719888578144,0.03228379159888132,11.0886,-9.729500000000002,3.0785,-6.8424000000000005,7.503039384809332,14.75195648753073,0,06_345_354_14725_ego_345,0,14725,14725,14733,vehicle_vehicle,0.3245888242356748,1.5566383750505024,1.9168337608010584,12.463579037339152,15.0,3.0,3.5,0.8,0.02005517389602992,0.07219862602570772
6,354,14730,133,61.3721,-35.8594,238.6544,2.0931,4.5353,-3.8195,-6.7143,2.3343,-1.1447,7.7213,-0.2308,-0.2367,-2.5891,car,345,52.4327,-45.791,-0.0089,0.0011,-0.0087,0.002,339.8214,0.008967719888578144,0.03228379159888132,8.939400000000006,9.931599999999996,-3.8106,-6.7154,7.721222022452145,13.362243483786697,0,06_345_354_14725_ego_345,1,14725,14725,14733,vehicle_vehicle,0.3245888242356748,1.5566383750505024,1.9168337608010584,12.463579037339152,15.0,3.0,3.5,0.8,0.02005517389602992,0.07219862602570772
6,356,14730,85,72.74,-31.9662,215.4068,2.2482,5.2722,-6.3867,-4.7253,1.5562,-1.4456,7.9433,-0.1511,-0.4308,-2.0798,car,345,52.4327,-45.791,-0.0089,0.0011,-0.0087,0.002,339.8214,0.008967719888578144,0.03228379159888132,20.307299999999998,13.824799999999996,-6.377800000000001,-4.7264,7.938210742982326,24.56647162964189,0,06_345_354_14725_ego_345,0,14725,14725,14733,vehicle_vehicle,0.3245888242356748,1.5566383750505024,1.9168337608010584,12.463579037339152,15.0,3.0,3.5,0.8,0.02005517389602992,0.07219862602570772
6,345,14731,256,52.431,-45.7908,339.8186,2.0385,4.741,-0.0101,0.0018,-0.0808,0.0349,-0.0101,0.0018,-0.0879,-0.0048,car,345,52.431,-45.7908,-0.0101,0.0018,-0.0101,0.0018,339.8186,0.010259142264341596,0.03693291215162975,0.0,0.0,0.0,0.0,0.0,0.0,1,06_345_354_14725_ego_345,1,14725,14725,14733,vehicle_vehicle,0.3245888242356748,1.5566383750505024,1.9168337608010584,12.463579037339152,15.0,3.0,3.5,0.8,0.02005517389602992,0.07219862602570772
6,346,14731,246,47.8995,-44.0961,340.3151,1.8132,2.8113,-0.0125,-0.0064,-0.0798,0.07,-0.0096,0.0102,-0.0987,-0.039,trailer,345,52.431,-45.7908,-0.0101,0.0018,-0.0101,0.0018,339.8186,0.010259142264341596,0.03693291215162975,-4.531499999999994,1.6946999999999974,-0.002400000000000001,-0.0082,0.008544003745317531,4.8380264922796705,0,06_345_354_14725_ego_345,0,14725,14725,14733,vehicle_vehicle,0.3245888242356748,1.5566383750505024,1.9168337608010584,12.463579037339152,15.0,3.0,3.5,0.8,0.02005517389602992,0.07219862602570772
6,350,14731,196,63.6477,-55.7936,292.7736,1.9906,4.1702,3.1798,-6.8019,2.6806,1.0712,7.5025,-0.2989,0.05,-2.8863,car,345,52.431,-45.7908,-0.0101,0.0018,-0.0101,0.0018,339.8186,0.010259142264341596,0.03693291215162975,11.216700000000003,-10.0028,3.1899,-6.8037,7.5143726085415805,15.02898422149681,0,06_345_354_14725_ego_345,0,14725,14725,14733,vehicle_vehicle,0.3245888242356748,1.5566383750505024,1.9168337608010584,12.463579037339152,15.0,3.0,3.5,0.8,0.02005517389602992,0.07219862602570772
6,354,14731,134,61.219,-36.1278,239.48,2.0931,4.5353,-3.7252,-6.7604,2.3647,-1.1243,7.7155,-0.2241,-0.2323,-2.6081,car,345,52.431,-45.7908,-0.0101,0.0018,-0.0101,0.0018,339.8186,0.010259142264341596,0.03693291215162975,8.788000000000004,9.662999999999997,-3.7151,-6.7622,7.715524405379067,13.061489692986784,0,06_345_354_14725_ego_345,1,14725,14725,14733,vehicle_vehicle,0.3245888242356748,1.5566383750505024,1.9168337608010584,12.463579037339152,15.0,3.0,3.5,0.8,0.02005517389602992,0.07219862602570772
6,356,14731,86,72.4843,-32.1565,215.9745,2.2482,5.2722,-6.3213,-4.786,1.6336,-1.4611,7.9271,-0.1599,-0.4637,-2.1421,car,345,52.431,-45.7908,-0.0101,0.0018,-0.0101,0.0018,339.8186,0.010259142264341596,0.03693291215162975,20.053300000000007,13.634299999999996,-6.3111999999999995,-4.7878,7.921759544444655,24.24930880210816,0,06_345_354_14725_ego_345,0,14725,14725,14733,vehicle_vehicle,0.3245888242356748,1.5566383750505024,1.9168337608010584,12.463579037339152,15.0,3.0,3.5,0.8,0.02005517389602992,0.07219862602570772
6,345,14732,257,52.4305,-45.7911,339.8139,2.0385,4.741,-0.0105,0.0023,-0.0649,0.0304,-0.0107,0.0014,-0.0714,-0.0061,car,345,52.4305,-45.7911,-0.0105,0.0023,-0.0107,0.0014,339.8139,0.010748953437428222,0.0386962323747416,0.0,0.0,0.0,0.0,0.0,0.0,1,06_345_354_14725_ego_345,1,14725,14725,14733,vehicle_vehicle,0.3245888242356748,1.5566383750505024,1.9168337608010584,12.463579037339152,15.0,3.0,3.5,0.8,0.02005517389602992,0.07219862602570772
6,346,14732,247,47.8981,-44.0963,340.3552,1.8132,2.8113,-0.0129,-0.0045,-0.0629,0.0681,-0.0107,0.0086,-0.0821,-0.043,trailer,345,52.4305,-45.7911,-0.0105,0.0023,-0.0107,0.0014,339.8139,0.010748953437428222,0.0386962323747416,-4.532400000000003,1.6948000000000008,-0.0023999999999999994,-0.0068,0.007211102550927978,4.838904504120745,0,06_345_354_14725_ego_345,0,14725,14725,14733,vehicle_vehicle,0.3245888242356748,1.5566383750505024,1.9168337608010584,12.463579037339152,15.0,3.0,3.5,0.8,0.02005517389602992,0.07219862602570772
6,350,14732,197,63.7769,-56.0655,293.6947,1.9906,4.1702,3.2887,-6.7592,2.6461,1.1471,7.5109,-0.2952,0.013,-2.884,car,345,52.4305,-45.7911,-0.0105,0.0023,-0.0107,0.0014,339.8139,0.010748953437428222,0.0386962323747416,11.346399999999996,-10.2744,3.2992,-6.7615,7.523470136180511,15.306994751420016,0,06_345_354_14725_ego_345,0,14725,14725,14733,vehicle_vehicle,0.3245888242356748,1.5566383750505024,1.9168337608010584,12.463579037339152,15.0,3.0,3.5,0.8,0.02005517389602992,0.07219862602570772
6,354,14732,135,61.0695,-36.3982,240.3012,2.0931,4.5353,-3.6287,-6.806,2.3936,-1.1035,7.7098,-0.22,-0.2274,-2.6259,car,345,52.4305,-45.7911,-0.0105,0.0023,-0.0107,0.0014,339.8139,0.010748953437428222,0.0386962323747416,8.638999999999996,9.392899999999997,-3.6182,-6.8083,7.710014275602867,12.761617899388773,0,06_345_354_14725_ego_345,1,14725,14725,14733,vehicle_vehicle,0.3245888242356748,1.5566383750505024,1.9168337608010584,12.463579037339152,15.0,3.0,3.5,0.8,0.02005517389602992,0.07219862602570772
6,356,14732,87,72.2313,-32.3487,216.5689,2.2482,5.2722,-6.2523,-4.8474,1.7076,-1.4738,7.9095,-0.1681,-0.4934,-2.201,car,345,52.4305,-45.7911,-0.0105,0.0023,-0.0107,0.0014,339.8139,0.010748953437428222,0.0386962323747416,19.800800000000002,13.4424,-6.2418,-4.8497,7.904407462295956,23.93260951923129,0,06_345_354_14725_ego_345,0,14725,14725,14733,vehicle_vehicle,0.3245888242356748,1.5566383750505024,1.9168337608010584,12.463579037339152,15.0,3.0,3.5,0.8,0.02005517389602992,0.07219862602570772
6,345,14733,258,52.4298,-45.7913,339.805,2.0385,4.741,-0.0103,0.0029,-0.0519,0.0266,-0.0106,0.0009,-0.0579,-0.0071,car,345,52.4298,-45.7913,-0.0103,0.0029,-0.0106,0.0009,339.805,0.01070046727951635,0.03852168220625886,0.0,0.0,0.0,0.0,0.0,0.0,1,06_345_354_14725_ego_345,1,14725,14725,14733,vehicle_vehicle,0.3245888242356748,1.5566383750505024,1.9168337608010584,12.463579037339152,15.0,3.0,3.5,0.8,0.02005517389602992,0.07219862602570772
6,346,14733,248,47.8971,-44.0967,340.3593,1.8132,2.8113,-0.0125,-0.0026,-0.0488,0.0672,-0.0109,0.0067,-0.0685,-0.0469,trailer,345,52.4298,-45.7913,-0.0103,0.0029,-0.0106,0.0009,339.805,0.01070046727951635,0.03852168220625886,-4.532699999999998,1.6946000000000012,-0.0022000000000000006,-0.0055,0.005923681287847954,4.839115461528066,0,06_345_354_14725_ego_345,0,14725,14725,14733,vehicle_vehicle,0.3245888242356748,1.5566383750505024,1.9168337608010584,12.463579037339152,15.0,3.0,3.5,0.8,0.02005517389602992,0.07219862602570772
6,350,14733,198,63.9103,-56.3357,294.5977,1.9906,4.1702,3.3963,-6.7131,2.6098,1.2229,7.5176,-0.2938,-0.0256,-2.882,car,345,52.4298,-45.7913,-0.0103,0.0029,-0.0106,0.0009,339.805,0.01070046727951635,0.03852168220625886,11.4805,-10.544400000000003,3.4066,-6.716,7.530576309951318,15.588016282067455,0,06_345_354_14725_ego_345,0,14725,14725,14733,vehicle_vehicle,0.3245888242356748,1.5566383750505024,1.9168337608010584,12.463579037339152,15.0,3.0,3.5,0.8,0.02005517389602992,0.07219862602570772
6,354,14733,136,60.9237,-36.6702,241.125,2.0931,4.5353,-3.53,-6.8512,2.4201,-1.0818,7.7041,-0.2173,-0.2214,-2.6417,car,345,52.4298,-45.7913,-0.0103,0.0029,-0.0106,0.0009,339.805,0.01070046727951635,0.03852168220625886,8.493899999999996,9.121099999999998,-3.5197,-6.854100000000001,7.704996748863689,12.463579037339152,0,06_345_354_14725_ego_345,1,14725,14725,14733,vehicle_vehicle,0.3245888242356748,1.5566383750505024,1.9168337608010584,12.463579037339152,15.0,3.0,3.5,0.8,0.02005517389602992,0.07219862602570772
6,356,14733,88,71.9822,-32.5447,217.1879,2.2482,5.2722,-6.1801,-4.909,1.7778,-1.4836,7.8906,-0.1753,-0.5195,-2.2565,car,345,52.4298,-45.7913,-0.0103,0.0029,-0.0106,0.0009,339.805,0.01070046727951635,0.03852168220625886,19.552400000000006,13.2466,-6.1698,-4.9119,7.8862661412103,23.617128473207753,0,06_345_354_14725_ego_345,0,14725,14725,14733,vehicle_vehicle,0.3245888242356748,1.5566383750505024,1.9168337608010584,12.463579037339152,15.0,3.0,3.5,0.8,0.02005517389602992,0.07219862602570772
6,345,14734,259,52.4303,-45.792,339.7945,2.0385,4.741,-0.0099,0.0036,-0.0415,0.0234,-0.0105,0.0001,-0.047,-0.0076,car,345,52.4303,-45.792,-0.0099,0.0036,-0.0105,0.0001,339.7945,0.010534229919647663,0.03792322771073159,0.0,0.0,0.0,0.0,0.0,0.0,1,06_345_354_14725_ego_345,1,14725,14725,14733,vehicle_vehicle,0.3245888242356748,1.5566383750505024,1.9168337608010584,12.463579037339152,15.0,3.0,3.5,0.8,0.02005517389602992,0.07219862602570772
6,346,14734,249,47.8972,-44.0976,340.3795,1.8132,2.8113,-0.0117,-0.0005,-0.0375,0.0669,-0.0109,0.0044,-0.0578,-0.0505,trailer,345,52.4303,-45.792,-0.0099,0.0036,-0.0105,0.0001,339.7945,0.010534229919647663,0.03792322771073159,-4.533100000000005,1.6944000000000017,-0.0017999999999999995,-0.0040999999999999995,0.0044777226354476216,4.83942010678966,0,06_345_354_14725_ego_345,0,14725,14725,14733,vehicle_vehicle,0.3245888242356748,1.5566383750505024,1.9168337608010584,12.463579037339152,15.0,3.0,3.5,0.8,0.02005517389602992,0.07219862602570772
6,350,14734,199,64.0482,-56.6041,295.4946,1.9906,4.1702,3.5025,-6.6637,2.5717,1.2984,7.5224,-0.2932,-0.0651,-2.8802,car,345,52.4303,-45.792,-0.0099,0.0036,-0.0105,0.0001,339.7945,0.010534229919647663,0.03792322771073159,11.617899999999992,-10.812100000000001,3.5124,-6.6673,7.53590359877301,15.870636623021769,0,06_345_354_14725_ego_345,0,14725,14725,14733,vehicle_vehicle,0.3245888242356748,1.5566383750505024,1.9168337608010584,12.463579037339152,15.0,3.0,3.5,0.8,0.02005517389602992,0.07219862602570772
6,354,14734,137,60.7834,-36.9445,241.9481,2.0931,4.5353,-3.4298,-6.8958,2.4435,-1.059,7.6986,-0.216,-0.2146,-2.6544,car,345,52.4303,-45.792,-0.0099,0.0036,-0.0105,0.0001,339.7945,0.010534229919647663,0.03792322771073159,8.353099999999998,8.847500000000004,-3.4199,-6.8994,7.700482866028597,12.16768407956091,0,06_345_354_14725_ego_345,1,14725,14725,14733,vehicle_vehicle,0.3245888242356748,1.5566383750505024,1.9168337608010584,12.463579037339152,15.0,3.0,3.5,0.8,0.02005517389602992,0.07219862602570772
6,356,14734,89,71.7362,-32.7425,217.8321,2.2482,5.2722,-6.1051,-4.9708,1.8441,-1.491,7.8707,-0.1815,-0.542,-2.3087,car,345,52.4303,-45.792,-0.0099,0.0036,-0.0105,0.0001,339.7945,0.010534229919647663,0.03792322771073159,19.305899999999994,13.049500000000002,-6.0952,-4.974399999999999,7.867408620378122,23.30251542344731,0,06_345_354_14725_ego_345,0,14725,14725,14733,vehicle_vehicle,0.3245888242356748,1.5566383750505024,1.9168337608010584,12.463579037339152,15.0,3.0,3.5,0.8,0.02005517389602992,0.07219862602570772
6,345,14735,260,52.4308,-45.7922,339.7894,2.0385,4.741,-0.0094,0.0043,-0.0334,0.0205,-0.0103,-0.0008,-0.0384,-0.0077,car,345,52.4308,-45.7922,-0.0094,0.0043,-0.0103,-0.0008,339.7894,0.010336827366266692,0.037212578518560094,0.0,0.0,0.0,0.0,0.0,0.0,1,06_345_354_14725_ego_345,1,14725,14725,14733,vehicle_vehicle,0.3245888242356748,1.5566383750505024,1.9168337608010584,12.463579037339152,15.0,3.0,3.5,0.8,0.02005517389602992,0.07219862602570772
6,346,14735,250,47.8978,-44.0988,340.3564,1.8132,2.8113,-0.011,0.0022,-0.0287,0.0669,-0.0111,0.0016,-0.0495,-0.0534,trailer,345,52.4308,-45.7922,-0.0094,0.0043,-0.0103,-0.0008,339.7894,0.010336827366266692,0.037212578518560094,-4.533000000000001,1.693400000000004,-0.001599999999999999,-0.0021,0.0026400757564888164,4.83897639589201,0,06_345_354_14725_ego_345,0,14725,14725,14733,vehicle_vehicle,0.3245888242356748,1.5566383750505024,1.9168337608010584,12.463579037339152,15.0,3.0,3.5,0.8,0.02005517389602992,0.07219862602570772
6,350,14735,200,64.1906,-56.8705,296.3798,1.9906,4.1702,3.6071,-6.6109,2.5318,1.3732,7.5252,-0.2942,-0.1053,-2.8783,car,345,52.4308,-45.7922,-0.0094,0.0043,-0.0103,-0.0008,339.7894,0.010336827366266692,0.037212578518560094,11.759800000000006,-11.078299999999999,3.6165,-6.6152,7.539226968993572,16.156163744218492,0,06_345_354_14725_ego_345,0,14725,14725,14733,vehicle_vehicle,0.3245888242356748,1.5566383750505024,1.9168337608010584,12.463579037339152,15.0,3.0,3.5,0.8,0.02005517389602992,0.07219862602570772
6,354,14735,138,60.6481,-37.2209,242.7655,2.0931,4.5353,-3.3287,-6.9396,2.4635,-1.0347,7.6936,-0.2161,-0.2074,-2.6639,car,345,52.4308,-45.7922,-0.0094,0.0043,-0.0103,-0.0008,339.7894,0.010336827366266692,0.037212578518560094,8.217300000000002,8.5713,-3.3193,-6.9439,7.696460205834888,11.873971659895439,0,06_345_354_14725_ego_345,1,14725,14725,14733,vehicle_vehicle,0.3245888242356748,1.5566383750505024,1.9168337608010584,12.463579037339152,15.0,3.0,3.5,0.8,0.02005517389602992,0.07219862602570772
6,356,14735,90,71.4932,-32.9425,218.4926,2.2482,5.2722,-6.0273,-5.033,1.9064,-1.4958,7.8501,-0.1878,-0.5611,-2.3573,car,345,52.4308,-45.7922,-0.0094,0.0043,-0.0103,-0.0008,339.7894,0.010336827366266692,0.037212578518560094,19.062400000000004,12.849699999999999,-6.0179,-5.0373,7.847898553115987,22.988907843784144,0,06_345_354_14725_ego_345,0,14725,14725,14733,vehicle_vehicle,0.3245888242356748,1.5566383750505024,1.9168337608010584,12.463579037339152,15.0,3.0,3.5,0.8,0.02005517389602992,0.07219862602570772
6,345,14736,261,52.4312,-45.7925,339.7838,2.0385,4.741,-0.0089,0.0051,-0.0273,0.0176,-0.0102,-0.0017,-0.0317,-0.0071,car,345,52.4312,-45.7925,-0.0089,0.0051,-0.0102,-0.0017,339.7838,0.010257680049601859,0.0369276481785667,0.0,0.0,0.0,0.0,0.0,0.0,1,06_345_354_14725_ego_345,1,14725,14725,14733,vehicle_vehicle,0.3245888242356748,1.5566383750505024,1.9168337608010584,12.463579037339152,15.0,3.0,3.5,0.8,0.02005517389602992,0.07219862602570772
6,346,14736,251,47.898,-44.1001,340.3508,1.8132,2.8113,-0.0101,0.0054,-0.022,0.0667,-0.0113,-0.0017,-0.0432,-0.0554,trailer,345,52.4312,-45.7925,-0.0089,0.0051,-0.0102,-0.0017,339.7838,0.010257680049601859,0.0369276481785667,-4.533199999999994,1.6923999999999992,-0.0011999999999999997,0.0002999999999999999,0.0012369316876852977,4.838813904253803,0,06_345_354_14725_ego_345,0,14725,14725,14733,vehicle_vehicle,0.3245888242356748,1.5566383750505024,1.9168337608010584,12.463579037339152,15.0,3.0,3.5,0.8,0.02005517389602992,0.07219862602570772
6,350,14736,201,64.337,-57.1348,297.2514,1.9906,4.1702,3.7101,-6.5547,2.4903,1.447,7.526,-0.2969,-0.1461,-2.8764,car,345,52.4312,-45.7925,-0.0089,0.0051,-0.0102,-0.0017,339.7838,0.010257680049601859,0.0369276481785667,11.905800000000006,-11.342300000000002,3.7190000000000003,-6.5598,7.540685448949585,16.44371743037444,0,06_345_354_14725_ego_345,0,14725,14725,14733,vehicle_vehicle,0.3245888242356748,1.5566383750505024,1.9168337608010584,12.463579037339152,15.0,3.0,3.5,0.8,0.02005517389602992,0.07219862602570772
6,354,14736,139,60.5177,-37.4994,243.5895,2.0931,4.5353,-3.2271,-6.9824,2.4802,-1.0091,7.689,-0.2155,-0.1994,-2.6702,car,345,52.4312,-45.7925,-0.0089,0.0051,-0.0102,-0.0017,339.7838,0.010257680049601859,0.0369276481785667,8.086500000000001,8.293099999999995,-3.2182,-6.9875,7.692981703474928,11.583047520406707,0,06_345_354_14725_ego_345,1,14725,14725,14733,vehicle_vehicle,0.3245888242356748,1.5566383750505024,1.9168337608010584,12.463579037339152,15.0,3.0,3.5,0.8,0.02005517389602992,0.07219862602570772
6,356,14736,91,71.2535,-33.1449,219.1663,2.2482,5.2722,-5.9469,-5.0954,1.9647,-1.4981,7.8288,-0.1946,-0.5771,-2.4023,car,345,52.4312,-45.7925,-0.0089,0.0051,-0.0102,-0.0017,339.7838,0.010257680049601859,0.0369276481785667,18.822300000000006,12.647599999999997,-5.938000000000001,-5.100499999999999,7.827831388705304,22.676877277306065,0,06_345_354_14725_ego_345,0,14725,14725,14733,vehicle_vehicle,0.3245888242356748,1.5566383750505024,1.9168337608010584,12.463579037339152,15.0,3.0,3.5,0.8,0.02005517389602992,0.07219862602570772
6,345,14737,262,52.4319,-45.792,339.7842,2.0385,4.741,-0.0087,0.0057,-0.0227,0.0149,-0.0101,-0.0023,-0.0265,-0.0061,car,345,52.4319,-45.792,-0.0087,0.0057,-0.0101,-0.0023,339.7842,0.010400961494015828,0.037443461378456985,0.0,0.0,0.0,0.0,0.0,0.0,1,06_345_354_14725_ego_345,1,14725,14725,14733,vehicle_vehicle,0.3245888242356748,1.5566383750505024,1.9168337608010584,12.463579037339152,15.0,3.0,3.5,0.8,0.02005517389602992,0.07219862602570772
6,346,14737,252,47.8988,-44.1009,340.3091,1.8132,2.8113,-0.0095,0.009,-0.0171,0.0657,-0.012,-0.0053,-0.0382,-0.0561,trailer,345,52.4319,-45.792,-0.0087,0.0057,-0.0101,-0.0023,339.7842,0.010400961494015828,0.037443461378456985,-4.5330999999999975,1.6910999999999987,-0.0008000000000000004,0.003299999999999999,0.003395585369269928,4.838265683072806,0,06_345_354_14725_ego_345,0,14725,14725,14733,vehicle_vehicle,0.3245888242356748,1.5566383750505024,1.9168337608010584,12.463579037339152,15.0,3.0,3.5,0.8,0.02005517389602992,0.07219862602570772
6,350,14737,202,64.4883,-57.3966,298.1026,1.9906,4.1702,3.811,-6.4952,2.4472,1.5193,7.5247,-0.3021,-0.1874,-2.8744,car,345,52.4319,-45.792,-0.0087,0.0057,-0.0101,-0.0023,339.7842,0.010400961494015828,0.037443461378456985,12.056399999999996,-11.604599999999998,3.8197,-6.5009,7.54001385277242,16.73390337369019,0,06_345_354_14725_ego_345,0,14725,14725,14733,vehicle_vehicle,0.3245888242356748,1.5566383750505024,1.9168337608010584,12.463579037339152,15.0,3.0,3.5,0.8,0.02005517389602992,0.07219862602570772
6,354,14737,140,60.3917,-37.7799,244.4017,2.0931,4.5353,-3.1252,-7.024,2.4941,-0.9821,7.6848,-0.2163,-0.1919,-2.6736,car,345,52.4319,-45.792,-0.0087,0.0057,-0.0101,-0.0023,339.7842,0.010400961494015828,0.037443461378456985,7.959800000000001,8.012100000000004,-3.1165,-7.0297,7.689554885687468,11.293899346549892,0,06_345_354_14725_ego_345,1,14725,14725,14733,vehicle_vehicle,0.3245888242356748,1.5566383750505024,1.9168337608010584,12.463579037339152,15.0,3.0,3.5,0.8,0.02005517389602992,0.07219862602570772
6,356,14737,92,71.0173,-33.3507,219.8568,2.2482,5.2722,-5.8643,-5.1575,2.0189,-1.4979,7.807,-0.2009,-0.5898,-2.4437,car,345,52.4319,-45.792,-0.0087,0.0057,-0.0101,-0.0023,339.7842,0.010400961494015828,0.037443461378456985,18.585400000000007,12.441299999999998,-5.8556,-5.1632,7.80683582509585,22.365219400891203,0,06_345_354_14725_ego_345,0,14725,14725,14733,vehicle_vehicle,0.3245888242356748,1.5566383750505024,1.9168337608010584,12.463579037339152,15.0,3.0,3.5,0.8,0.02005517389602992,0.07219862602570772
6,345,14738,263,52.4324,-45.7917,339.7924,2.0385,4.741,-0.0086,0.0061,-0.0193,0.0123,-0.0102,-0.0028,-0.0224,-0.0048,car,345,52.4324,-45.7917,-0.0086,0.0061,-0.0102,-0.0028,339.7924,0.010543718509140881,0.037957386632907174,0.0,0.0,0.0,0.0,0.0,0.0,1,06_345_354_14725_ego_345,1,14725,14725,14733,vehicle_vehicle,0.3245888242356748,1.5566383750505024,1.9168337608010584,12.463579037339152,15.0,3.0,3.5,0.8,0.02005517389602992,0.07219862602570772
6,346,14738,253,47.8996,-44.1011,340.2658,1.8132,2.8113,-0.0091,0.0129,-0.0135,0.0636,-0.0129,-0.009,-0.0342,-0.0553,trailer,345,52.4324,-45.7917,-0.0086,0.0061,-0.0102,-0.0028,339.7924,0.010543718509140881,0.037957386632907174,-4.532800000000002,1.6905999999999963,-0.0005000000000000004,0.0068,0.006818357573492314,4.837809855709503,0,06_345_354_14725_ego_345,0,14725,14725,14733,vehicle_vehicle,0.3245888242356748,1.5566383750505024,1.9168337608010584,12.463579037339152,15.0,3.0,3.5,0.8,0.02005517389602992,0.07219862602570772
6,350,14738,203,64.6438,-57.6561,298.9625,1.9906,4.1702,3.9098,-6.4326,2.4031,1.5899,7.5213,-0.3059,-0.2274,-2.8724,car,345,52.4324,-45.7917,-0.0086,0.0061,-0.0102,-0.0028,339.7924,0.010543718509140881,0.037957386632907174,12.211399999999998,-11.864400000000003,3.9184,-6.4387,7.537288388406005,17.025929558176845,0,06_345_354_14725_ego_345,0,14725,14725,14733,vehicle_vehicle,0.3245888242356748,1.5566383750505024,1.9168337608010584,12.463579037339152,15.0,3.0,3.5,0.8,0.02005517389602992,0.07219862602570772
6,354,14738,141,60.269,-38.0617,245.213,2.0931,4.5353,-3.023,-7.0644,2.5055,-0.9539,7.681,-0.2173,-0.1844,-2.6746,car,345,52.4324,-45.7917,-0.0086,0.0061,-0.0102,-0.0028,339.7924,0.010543718509140881,0.037957386632907174,7.836599999999997,7.729999999999997,-3.0144,-7.0705,7.686259012679706,11.00750650965058,0,06_345_354_14725_ego_345,1,14725,14725,14733,vehicle_vehicle,0.3245888242356748,1.5566383750505024,1.9168337608010584,12.463579037339152,15.0,3.0,3.5,0.8,0.02005517389602992,0.07219862602570772
6,356,14738,93,70.7841,-33.5586,220.5555,2.2482,5.2722,-5.7794,-5.2195,2.069,-1.4956,7.7847,-0.208,-0.5995,-2.4816,car,345,52.4324,-45.7917,-0.0086,0.0061,-0.0102,-0.0028,339.7924,0.010543718509140881,0.037957386632907174,18.351699999999994,12.2331,-5.7707999999999995,-5.2256,7.78518002360896,22.055240386357156,0,06_345_354_14725_ego_345,0,14725,14725,14733,vehicle_vehicle,0.3245888242356748,1.5566383750505024,1.9168337608010584,12.463579037339152,15.0,3.0,3.5,0.8,0.02005517389602992,0.07219862602570772
6,345,14739,264,52.4328,-45.7914,339.798,2.0385,4.741,-0.0086,0.0064,-0.0168,0.0098,-0.0103,-0.0031,-0.0192,-0.0034,car,345,52.4328,-45.7914,-0.0086,0.0064,-0.0103,-0.0031,339.798,0.010720074626605918,0.0385922686557813,0.0,0.0,0.0,0.0,0.0,0.0,1,06_345_354_14725_ego_345,1,14725,14725,14733,vehicle_vehicle,0.3245888242356748,1.5566383750505024,1.9168337608010584,12.463579037339152,15.0,3.0,3.5,0.8,0.02005517389602992,0.07219862602570772
6,346,14739,254,47.9,-44.1014,340.2397,1.8132,2.8113,-0.009,0.017,-0.0108,0.0601,-0.0142,-0.013,-0.0304,-0.0529,trailer,345,52.4328,-45.7914,-0.0086,0.0064,-0.0103,-0.0031,339.798,0.010720074626605918,0.0385922686557813,-4.532800000000002,1.6900000000000048,-0.0003999999999999993,0.010600000000000002,0.010607544484940896,4.8376002149826345,0,06_345_354_14725_ego_345,0,14725,14725,14733,vehicle_vehicle,0.3245888242356748,1.5566383750505024,1.9168337608010584,12.463579037339152,15.0,3.0,3.5,0.8,0.02005517389602992,0.07219862602570772
6,350,14739,204,64.8031,-57.913,299.8299,1.9906,4.1702,4.0064,-6.3667,2.3582,1.6584,7.516,-0.3086,-0.2657,-2.8707,car,345,52.4328,-45.7914,-0.0086,0.0064,-0.0103,-0.0031,339.798,0.010720074626605918,0.0385922686557813,12.3703,-12.121599999999994,4.015000000000001,-6.3731,7.532372044050931,17.31928141263372,0,06_345_354_14725_ego_345,0,14725,14725,14733,vehicle_vehicle,0.3245888242356748,1.5566383750505024,1.9168337608010584,12.463579037339152,15.0,3.0,3.5,0.8,0.02005517389602992,0.07219862602570772
6,354,14739,142,60.1508,-38.3452,246.0247,2.0931,4.5353,-2.9205,-7.1038,2.5144,-0.9246,7.6776,-0.218,-0.1769,-2.6732,car,345,52.4328,-45.7914,-0.0086,0.0064,-0.0103,-0.0031,339.798,0.010720074626605918,0.0385922686557813,7.717999999999996,7.446200000000005,-2.9119,-7.1102,7.683365515840047,10.72443091450544,0,06_345_354_14725_ego_345,1,14725,14725,14733,vehicle_vehicle,0.3245888242356748,1.5566383750505024,1.9168337608010584,12.463579037339152,15.0,3.0,3.5,0.8,0.02005517389602992,0.07219862602570772
6,356,14739,94,70.5549,-33.7695,221.2604,2.2482,5.2722,-5.6926,-5.281,2.115,-1.4915,7.762,-0.2157,-0.6063,-2.516,car,345,52.4328,-45.7914,-0.0086,0.0064,-0.0103,-0.0031,339.798,0.010720074626605918,0.0385922686557813,18.122100000000003,12.021900000000002,-5.683999999999999,-5.2874,7.763018405233881,21.747105279094047,0,06_345_354_14725_ego_345,0,14725,14725,14733,vehicle_vehicle,0.3245888242356748,1.5566383750505024,1.9168337608010584,12.463579037339152,15.0,3.0,3.5,0.8,0.02005517389602992,0.07219862602570772
6,345,14740,265,52.4331,-45.7912,339.8032,2.0385,4.741,-0.0088,0.0067,-0.0149,0.0075,-0.0106,-0.0032,-0.0166,-0.0019,car,345,52.4331,-45.7912,-0.0088,0.0067,-0.0106,-0.0032,339.8032,0.011060289327137875,0.039817041577696353,0.0,0.0,0.0,0.0,0.0,0.0,1,06_345_354_14725_ego_345,1,14725,14725,14733,vehicle_vehicle,0.3245888242356748,1.5566383750505024,1.9168337608010584,12.463579037339152,15.0,3.0,3.5,0.8,0.02005517389602992,0.07219862602570772
6,346,14740,255,47.9004,-44.1011,340.2309,1.8132,2.8113,-0.009,0.0211,-0.0086,0.055,-0.0156,-0.0168,-0.0267,-0.0488,trailer,345,52.4331,-45.7912,-0.0088,0.0067,-0.0106,-0.0032,339.8032,0.011060289327137875,0.039817041577696353,-4.5327000000000055,1.690100000000001,-0.0001999999999999988,0.0144,0.014401388821915754,4.837541452018789,0,06_345_354_14725_ego_345,0,14725,14725,14733,vehicle_vehicle,0.3245888242356748,1.5566383750505024,1.9168337608010584,12.463579037339152,15.0,3.0,3.5,0.8,0.02005517389602992,0.07219862602570772
6,350,14740,205,64.9667,-58.1672,300.6946,1.9906,4.1702,4.1006,-6.2977,2.3132,1.7245,7.5086,-0.3113,-0.3021,-2.8694,car,345,52.4331,-45.7912,-0.0088,0.0067,-0.0106,-0.0032,339.8032,0.011060289327137875,0.039817041577696353,12.5336,-12.375999999999998,4.1094,-6.3044,7.525465282625388,17.614099606849052,0,06_345_354_14725_ego_345,0,14725,14725,14733,vehicle_vehicle,0.3245888242356748,1.5566383750505024,1.9168337608010584,12.463579037339152,15.0,3.0,3.5,0.8,0.02005517389602992,0.07219862602570772
6,354,14740,143,60.0368,-38.6301,246.8249,2.0931,4.5353,-2.8181,-7.1419,2.5214,-0.8941,7.6746,-0.22,-0.1703,-2.6698,car,345,52.4331,-45.7912,-0.0088,0.0067,-0.0106,-0.0032,339.8032,0.011060289327137875,0.039817041577696353,7.603699999999996,7.161100000000005,-2.8093,-7.1486,7.680797383735624,10.444979985619888,0,06_345_354_14725_ego_345,1,14725,14725,14733,vehicle_vehicle,0.3245888242356748,1.5566383750505024,1.9168337608010584,12.463579037339152,15.0,3.0,3.5,0.8,0.02005517389602992,0.07219862602570772
6,356,14740,95,70.3287,-33.9829,221.9731,2.2482,5.2722,-5.6039,-5.342,2.1569,-1.4858,7.7389,-0.2238,-0.6099,-2.5471,car,345,52.4331,-45.7912,-0.0088,0.0067,-0.0106,-0.0032,339.8032,0.011060289327137875,0.039817041577696353,17.895599999999995,11.808300000000003,-5.5951,-5.3487,7.7403963529008,21.440346271690668,0,06_345_354_14725_ego_345,0,14725,14725,14733,vehicle_vehicle,0.3245888242356748,1.5566383750505024,1.9168337608010584,12.463579037339152,15.0,3.0,3.5,0.8,0.02005517389602992,0.07219862602570772
6,345,14741,266,52.4332,-45.791,339.8084,2.0385,4.741,-0.0092,0.0069,-0.0134,0.0054,-0.011,-0.0033,-0.0144,-0.0004,car,345,52.4332,-45.791,-0.0092,0.0069,-0.011,-0.0033,339.8084,0.0115,0.0414,0.0,0.0,0.0,0.0,0.0,0.0,1,06_345_354_14725_ego_345,1,14725,14725,14733,vehicle_vehicle,0.3245888242356748,1.5566383750505024,1.9168337608010584,12.463579037339152,15.0,3.0,3.5,0.8,0.02005517389602992,0.07219862602570772
6,346,14741,256,47.9008,-44.1001,340.2445,1.8132,2.8113,-0.0092,0.025,-0.0067,0.0481,-0.0171,-0.0204,-0.0225,-0.043,trailer,345,52.4332,-45.791,-0.0092,0.0069,-0.011,-0.0033,339.8084,0.0115,0.0414,-4.532400000000003,1.6908999999999992,0.0,0.0181,0.0181,4.837539929550972,0,06_345_354_14725_ego_345,0,14725,14725,14733,vehicle_vehicle,0.3245888242356748,1.5566383750505024,1.9168337608010584,12.463579037339152,15.0,3.0,3.5,0.8,0.02005517389602992,0.07219862602570772
6,350,14741,206,65.1321,-58.4197,301.5644,1.9906,4.1702,4.1932,-6.2254,2.2682,1.7876,7.4993,-0.3141,-0.3358,-2.8683,car,345,52.4332,-45.791,-0.0092,0.0069,-0.011,-0.0033,339.8084,0.0115,0.0414,12.698899999999995,-12.628700000000002,4.2024,-6.2322999999999995,7.516763203001674,17.90938650261365,0,06_345_354_14725_ego_345,0,14725,14725,14733,vehicle_vehicle,0.3245888242356748,1.5566383750505024,1.9168337608010584,12.463579037339152,15.0,3.0,3.5,0.8,0.02005517389602992,0.07219862602570772
6,354,14741,144,59.927,-38.9164,247.609,2.0931,4.5353,-2.7157,-7.1788,2.5266,-0.8624,7.6721,-0.2237,-0.1651,-2.6646,car,345,52.4332,-45.791,-0.0092,0.0069,-0.011,-0.0033,339.8084,0.0115,0.0414,7.4938,6.874599999999994,-2.7065,-7.1857,7.678504199386753,10.169422972814138,0,06_345_354_14725_ego_345,1,14725,14725,14733,vehicle_vehicle,0.3245888242356748,1.5566383750505024,1.9168337608010584,12.463579037339152,15.0,3.0,3.5,0.8,0.02005517389602992,0.07219862602570772
6,356,14741,96,70.1064,-34.1984,222.7007,2.2482,5.2722,-5.5135,-5.4025,2.1947,-1.4789,7.7157,-0.2312,-0.61,-2.5753,car,345,52.4332,-45.791,-0.0092,0.0069,-0.011,-0.0033,339.8084,0.0115,0.0414,17.673199999999994,11.592599999999997,-5.5043,-5.4094,7.71744302538088,21.135997090272316,0,06_345_354_14725_ego_345,0,14725,14725,14733,vehicle_vehicle,0.3245888242356748,1.5566383750505024,1.9168337608010584,12.463579037339152,15.0,3.0,3.5,0.8,0.02005517389602992,0.07219862602570772
6,345,14742,267,52.4334,-45.7908,339.8146,2.0385,4.741,-0.0096,0.007,-0.012,0.0033,-0.0115,-0.0032,-0.0124,0.001,car,345,52.4334,-45.7908,-0.0096,0.007,-0.0115,-0.0032,339.8146,0.011881077392223315,0.04277187861200393,0.0,0.0,0.0,0.0,0.0,0.0,1,06_345_354_14725_ego_345,1,14725,14725,14733,vehicle_vehicle,0.3245888242356748,1.5566383750505024,1.9168337608010584,12.463579037339152,15.0,3.0,3.5,0.8,0.02005517389602992,0.07219862602570772
6,346,14742,257,47.9011,-44.0984,340.2447,1.8132,2.8113,-0.0096,0.0284,-0.0047,0.0397,-0.0187,-0.0235,-0.0178,-0.0358,trailer,345,52.4334,-45.7908,-0.0096,0.007,-0.0115,-0.0032,339.8146,0.011881077392223315,0.04277187861200393,-4.532299999999999,1.6923999999999992,0.0,0.021400000000000002,0.021400000000000002,4.837970757456063,0,06_345_354_14725_ego_345,0,14725,14725,14733,vehicle_vehicle,0.3245888242356748,1.5566383750505024,1.9168337608010584,12.463579037339152,15.0,3.0,3.5,0.8,0.02005517389602992,0.07219862602570772
6,350,14742,207,65.302,-58.6679,302.4338,1.9906,4.1702,4.2839,-6.1502,2.2232,1.8471,7.4884,-0.3171,-0.3666,-2.867,car,345,52.4334,-45.7908,-0.0096,0.007,-0.0115,-0.0032,339.8146,0.011881077392223315,0.04277187861200393,12.868600000000008,-12.877100000000006,4.2935,-6.1572,7.506347586543005,18.20496004856919,0,06_345_354_14725_ego_345,0,14725,14725,14733,vehicle_vehicle,0.3245888242356748,1.5566383750505024,1.9168337608010584,12.463579037339152,15.0,3.0,3.5,0.8,0.02005517389602992,0.07219862602570772
6,354,14742,145,59.8215,-39.2051,248.3856,2.0931,4.5353,-2.6135,-7.2142,2.5305,-0.8297,7.6696,-0.2276,-0.1608,-2.6582,car,345,52.4334,-45.7908,-0.0096,0.007,-0.0115,-0.0032,339.8146,0.011881077392223315,0.04277187861200393,7.388100000000001,6.585699999999996,-2.6039000000000003,-7.2212,7.676328852387709,9.897245379397237,0,06_345_354_14725_ego_345,1,14725,14725,14733,vehicle_vehicle,0.3245888242356748,1.5566383750505024,1.9168337608010584,12.463579037339152,15.0,3.0,3.5,0.8,0.02005517389602992,0.07219862602570772
6,356,14742,97,69.8886,-34.4168,223.4424,2.2482,5.2722,-5.4221,-5.4623,2.2287,-1.4712,7.6928,-0.2376,-0.6065,-2.6007,car,345,52.4334,-45.7908,-0.0096,0.007,-0.0115,-0.0032,339.8146,0.011881077392223315,0.04277187861200393,17.455199999999998,11.373999999999995,-5.4125000000000005,-5.4693,7.6946993924389275,20.83391185159426,0,06_345_354_14725_ego_345,0,14725,14725,14733,vehicle_vehicle,0.3245888242356748,1.5566383750505024,1.9168337608010584,12.463579037339152,15.0,3.0,3.5,0.8,0.02005517389602992,0.07219862602570772
6,345,14743,268,52.4334,-45.7905,339.8199,2.0385,4.741,-0.0102,0.007,-0.0106,0.0014,-0.012,-0.0031,-0.0105,0.0024,car,345,52.4334,-45.7905,-0.0102,0.007,-0.012,-0.0031,339.8199,0.012370933675353692,0.044535361231273295,0.0,0.0,0.0,0.0,0.0,0.0,1,06_345_354_14725_ego_345,1,14725,14725,14733,vehicle_vehicle,0.3245888242356748,1.5566383750505024,1.9168337608010584,12.463579037339152,15.0,3.0,3.5,0.8,0.02005517389602992,0.07219862602570772
6,346,14743,258,47.9014,-44.0961,340.2366,1.8132,2.8113,-0.0103,0.0309,-0.0024,0.0301,-0.0201,-0.0256,-0.0125,-0.0275,trailer,345,52.4334,-45.7905,-0.0102,0.007,-0.012,-0.0031,339.8199,0.012370933675353692,0.044535361231273295,-4.5319999999999965,1.6944000000000017,-9.99999999999994e-05,0.0239,0.023900209204105308,4.838389748666386,0,06_345_354_14725_ego_345,0,14725,14725,14733,vehicle_vehicle,0.3245888242356748,1.5566383750505024,1.9168337608010584,12.463579037339152,15.0,3.0,3.5,0.8,0.02005517389602992,0.07219862602570772
6,350,14743,208,65.4758,-58.9131,303.3097,1.9906,4.1702,4.3725,-6.0724,2.1783,1.9029,7.476,-0.3194,-0.394,-2.8654,car,345,52.4334,-45.7905,-0.0102,0.007,-0.012,-0.0031,339.8199,0.012370933675353692,0.044535361231273295,13.042400000000008,-13.122599999999998,4.3827,-6.0794,7.494475542024271,18.501535842194297,0,06_345_354_14725_ego_345,0,14725,14725,14733,vehicle_vehicle,0.3245888242356748,1.5566383750505024,1.9168337608010584,12.463579037339152,15.0,3.0,3.5,0.8,0.02005517389602992,0.07219862602570772
6,354,14743,146,59.7194,-39.4947,249.1493,2.0931,4.5353,-2.5114,-7.2481,2.5334,-0.7962,7.6673,-0.2329,-0.1577,-2.6509,car,345,52.4334,-45.7905,-0.0102,0.007,-0.012,-0.0031,339.8199,0.012370933675353692,0.044535361231273295,7.286000000000001,6.2958,-2.5012,-7.2551,7.67414343428633,9.62927274720163,0,06_345_354_14725_ego_345,1,14725,14725,14733,vehicle_vehicle,0.3245888242356748,1.5566383750505024,1.9168337608010584,12.463579037339152,15.0,3.0,3.5,0.8,0.02005517389602992,0.07219862602570772
6,356,14743,98,69.6742,-34.6375,224.203,2.2482,5.2722,-5.3295,-5.5213,2.2592,-1.4631,7.6701,-0.2423,-0.5994,-2.624,car,345,52.4334,-45.7905,-0.0102,0.007,-0.012,-0.0031,339.8199,0.012370933675353692,0.044535361231273295,17.2408,11.152999999999999,-5.3193,-5.5283,7.6718350725233915,20.533742806415002,0,06_345_354_14725_ego_345,0,14725,14725,14733,vehicle_vehicle,0.3245888242356748,1.5566383750505024,1.9168337608010584,12.463579037339152,15.0,3.0,3.5,0.8,0.02005517389602992,0.07219862602570772
6,345,14744,269,52.4333,-45.7903,339.8236,2.0385,4.741,-0.0109,0.007,-0.0091,-0.0005,-0.0126,-0.0028,-0.0083,0.0036,car,345,52.4333,-45.7903,-0.0109,0.007,-0.0126,-0.0028,339.8236,0.01295414991421668,0.04663493969118005,0.0,0.0,0.0,0.0,0.0,0.0,1,06_345_354_14725_ego_345,1,14725,14725,14733,vehicle_vehicle,0.3245888242356748,1.5566383750505024,1.9168337608010584,12.463579037339152,15.0,3.0,3.5,0.8,0.02005517389602992,0.07219862602570772
6,346,14744,259,47.9015,-44.0936,340.2441,1.8132,2.8113,-0.011,0.0326,0.0004,0.0198,-0.0214,-0.027,-0.0063,-0.0187,trailer,345,52.4333,-45.7903,-0.0109,0.007,-0.0126,-0.0028,339.8236,0.01295414991421668,0.04663493969118005,-4.531800000000004,1.6966999999999999,-9.99999999999994e-05,0.025599999999999998,0.025600195311754947,4.8390083829231,0,06_345_354_14725_ego_345,0,14725,14725,14733,vehicle_vehicle,0.3245888242356748,1.5566383750505024,1.9168337608010584,12.463579037339152,15.0,3.0,3.5,0.8,0.02005517389602992,0.07219862602570772
6,350,14744,209,65.6528,-59.155,304.1874,1.9906,4.1702,4.4592,-5.9921,2.1339,1.9546,7.4623,-0.3216,-0.4178,-2.8634,car,345,52.4333,-45.7903,-0.0109,0.007,-0.0126,-0.0028,339.8236,0.01295414991421668,0.04663493969118005,13.219499999999996,-13.3647,4.4701,-5.999099999999999,7.481376532430379,18.79814848169893,0,06_345_354_14725_ego_345,0,14725,14725,14733,vehicle_vehicle,0.3245888242356748,1.5566383750505024,1.9168337608010584,12.463579037339152,15.0,3.0,3.5,0.8,0.02005517389602992,0.07219862602570772
6,354,14744,147,59.6216,-39.786,249.8863,2.0931,4.5353,-2.4094,-7.2803,2.5355,-0.7622,7.6649,-0.2411,-0.1562,-2.643,car,345,52.4333,-45.7903,-0.0109,0.007,-0.0126,-0.0028,339.8236,0.01295414991421668,0.04663493969118005,7.188299999999998,6.004300000000001,-2.3985000000000003,-7.2873,7.671867017877721,9.36607043428566,0,06_345_354_14725_ego_345,1,14725,14725,14733,vehicle_vehicle,0.3245888242356748,1.5566383750505024,1.9168337608010584,12.463579037339152,15.0,3.0,3.5,0.8,0.02005517389602992,0.07219862602570772
6,356,14744,99,69.4637,-34.8605,224.9729,2.2482,5.2722,-5.2362,-5.5797,2.2864,-1.455,7.6478,-0.2465,-0.5892,-2.6453,car,345,52.4333,-45.7903,-0.0109,0.007,-0.0126,-0.0028,339.8236,0.01295414991421668,0.04663493969118005,17.0304,10.9298,-5.2253,-5.5866999999999996,7.649508283543459,20.235984092699816,0,06_345_354_14725_ego_345,0,14725,14725,14733,vehicle_vehicle,0.3245888242356748,1.5566383750505024,1.9168337608010584,12.463579037339152,15.0,3.0,3.5,0.8,0.02005517389602992,0.07219862602570772
6,345,14745,270,52.433,-45.79,339.824,2.0385,4.741,-0.0116,0.0069,-0.0072,-0.0023,-0.0132,-0.0025,-0.006,0.0046,car,345,52.433,-45.79,-0.0116,0.0069,-0.0132,-0.0025,339.824,0.013497036711811967,0.048589332162523084,0.0,0.0,0.0,0.0,0.0,0.0,1,06_345_354_14725_ego_345,1,14725,14725,14733,vehicle_vehicle,0.3245888242356748,1.5566383750505024,1.9168337608010584,12.463579037339152,15.0,3.0,3.5,0.8,0.02005517389602992,0.07219862602570772
6,346,14745,260,47.9013,-44.091,340.2354,1.8132,2.8113,-0.0118,0.0334,0.0039,0.0092,-0.0224,-0.0275,0.0005,-0.01,trailer,345,52.433,-45.79,-0.0116,0.0069,-0.0132,-0.0025,339.824,0.013497036711811967,0.048589332162523084,-4.531700000000001,1.698999999999998,-0.00020000000000000052,0.0265,0.026500754706234312,4.839721674848668,0,06_345_354_14725_ego_345,0,14725,14725,14733,vehicle_vehicle,0.3245888242356748,1.5566383750505024,1.9168337608010584,12.463579037339152,15.0,3.0,3.5,0.8,0.02005517389602992,0.07219862602570772
6,350,14745,210,65.8334,-59.3933,305.0648,1.9906,4.1702,4.5438,-5.9098,2.09,2.0021,7.4476,-0.324,-0.438,-2.8609,car,345,52.433,-45.79,-0.0116,0.0069,-0.0132,-0.0025,339.824,0.013497036711811967,0.048589332162523084,13.400399999999998,-13.603300000000004,4.5554,-5.9167,7.467195460813919,19.095038388282966,0,06_345_354_14725_ego_345,0,14725,14725,14733,vehicle_vehicle,0.3245888242356748,1.5566383750505024,1.9168337608010584,12.463579037339152,15.0,3.0,3.5,0.8,0.02005517389602992,0.07219862602570772
6,354,14745,148,59.5278,-40.0787,250.6097,2.0931,4.5353,-2.3075,-7.3109,2.5371,-0.7279,7.6623,-0.2506,-0.1557,-2.6349,car,345,52.433,-45.79,-0.0116,0.0069,-0.0132,-0.0025,339.824,0.013497036711811967,0.048589332162523084,7.094799999999999,5.711300000000001,-2.2959,-7.3178,7.66950804484877,9.10797094472748,0,06_345_354_14725_ego_345,1,14725,14725,14733,vehicle_vehicle,0.3245888242356748,1.5566383750505024,1.9168337608010584,12.463579037339152,15.0,3.0,3.5,0.8,0.02005517389602992,0.07219862602570772
6,356,14745,100,69.2566,-35.0854,225.7443,2.2482,5.2722,-5.1419,-5.6375,2.3107,-1.4471,7.6261,-0.2514,-0.5761,-2.6649,car,345,52.433,-45.79,-0.0116,0.0069,-0.0132,-0.0025,339.824,0.013497036711811967,0.048589332162523084,16.823600000000006,10.7046,-5.1303,-5.6444,7.627531019274848,19.94046083018144,0,06_345_354_14725_ego_345,0,14725,14725,14733,vehicle_vehicle,0.3245888242356748,1.5566383750505024,1.9168337608010584,12.463579037339152,15.0,3.0,3.5,0.8,0.02005517389602992,0.07219862602570772
6,345,14746,271,52.4325,-45.7897,339.8232,2.0385,4.741,-0.0121,0.0067,-0.0051,-0.004,-0.0137,-0.0021,-0.0034,0.0055,car,345,52.4325,-45.7897,-0.0121,0.0067,-0.0137,-0.0021,339.8232,0.013831124321616085,0.04979204755781791,0.0,0.0,0.0,0.0,0.0,0.0,1,06_345_354_14725_ego_345,1,14725,14725,14733,vehicle_vehicle,0.3245888242356748,1.5566383750505024,1.9168337608010584,12.463579037339152,15.0,3.0,3.5,0.8,0.02005517389602992,0.07219862602570772
6,346,14746,261,47.9007,-44.089,340.2356,1.8132,2.8113,-0.0123,0.0335,0.0081,-0.0012,-0.0229,-0.0274,0.008,-0.0016,trailer,345,52.4325,-45.7897,-0.0121,0.0067,-0.0137,-0.0021,339.8232,0.013831124321616085,0.04979204755781791,-4.531799999999997,1.7007000000000048,-0.00020000000000000052,0.0268,0.026800746258266766,4.840412351236203,0,06_345_354_14725_ego_345,0,14725,14725,14733,vehicle_vehicle,0.3245888242356748,1.5566383750505024,1.9168337608010584,12.463579037339152,15.0,3.0,3.5,0.8,0.02005517389602992,0.07219862602570772
6,350,14746,211,66.0168,-59.6284,305.9385,1.9906,4.1702,4.6268,-5.8254,2.0468,2.0454,7.432,-0.3271,-0.4548,-2.8577,car,345,52.4325,-45.7897,-0.0121,0.0067,-0.0137,-0.0021,339.8232,0.013831124321616085,0.04979204755781791,13.584300000000006,-13.838699999999996,4.6389000000000005,-5.8321000000000005,7.452032180553169,19.391823642453023,0,06_345_354_14725_ego_345,0,14725,14725,14733,vehicle_vehicle,0.3245888242356748,1.5566383750505024,1.9168337608010584,12.463579037339152,15.0,3.0,3.5,0.8,0.02005517389602992,0.07219862602570772
6,354,14746,149,59.4381,-40.3727,251.3204,2.0931,4.5353,-2.2058,-7.3396,2.5383,-0.6938,7.6595,-0.2611,-0.1557,-2.6268,car,345,52.4325,-45.7897,-0.0121,0.0067,-0.0137,-0.0021,339.8232,0.013831124321616085,0.04979204755781791,7.005600000000001,5.417000000000002,-2.1936999999999998,-7.3463,7.666840508318926,8.855637772628238,0,06_345_354_14725_ego_345,1,14725,14725,14733,vehicle_vehicle,0.3245888242356748,1.5566383750505024,1.9168337608010584,12.463579037339152,15.0,3.0,3.5,0.8,0.02005517389602992,0.07219862602570772
6,356,14746,101,69.053,-35.3117,226.5117,2.2482,5.2722,-5.0467,-5.6951,2.3323,-1.4397,7.6051,-0.2579,-0.5606,-2.6829,car,345,52.4325,-45.7897,-0.0121,0.0067,-0.0137,-0.0021,339.8232,0.013831124321616085,0.04979204755781791,16.6205,10.478000000000002,-5.0346,-5.7018,7.60642625679103,19.64763355343335,0,06_345_354_14725_ego_345,0,14725,14725,14733,vehicle_vehicle,0.3245888242356748,1.5566383750505024,1.9168337608010584,12.463579037339152,15.0,3.0,3.5,0.8,0.02005517389602992,0.07219862602570772
6,345,14747,272,52.4319,-45.7894,339.8218,2.0385,4.741,-0.0126,0.0065,-0.0027,-0.0056,-0.014,-0.0017,-0.0006,0.0062,car,345,52.4319,-45.7894,-0.0126,0.0065,-0.014,-0.0017,339.8218,0.014177799547179386,0.051040078369845795,0.0,0.0,0.0,0.0,0.0,0.0,1,06_345_354_14725_ego_345,1,14725,14725,14733,vehicle_vehicle,0.3245888242356748,1.5566383750505024,1.9168337608010584,12.463579037339152,15.0,3.0,3.5,0.8,0.02005517389602992,0.07219862602570772
6,346,14747,262,47.8995,-44.0875,340.2482,1.8132,2.8113,-0.0123,0.0331,0.0129,-0.0113,-0.0228,-0.0269,0.0159,0.0063,trailer,345,52.4319,-45.7894,-0.0126,0.0065,-0.014,-0.0017,339.8218,0.014177799547179386,0.051040078369845795,-4.5323999999999955,1.701900000000002,0.0002999999999999999,0.0266,0.02660169167553071,4.841395808028916,0,06_345_354_14725_ego_345,0,14725,14725,14733,vehicle_vehicle,0.3245888242356748,1.5566383750505024,1.9168337608010584,12.463579037339152,15.0,3.0,3.5,0.8,0.02005517389602992,0.07219862602570772
6,350,14747,212,66.2039,-59.8595,306.8169,1.9906,4.1702,4.7078,-5.7393,2.0043,2.0845,7.4159,-0.3295,-0.4676,-2.8537,car,345,52.4319,-45.7894,-0.0126,0.0065,-0.014,-0.0017,339.8218,0.014177799547179386,0.051040078369845795,13.772000000000006,-14.070099999999996,4.7204,-5.7458,7.436154503505155,19.688466116231606,0,06_345_354_14725_ego_345,0,14725,14725,14733,vehicle_vehicle,0.3245888242356748,1.5566383750505024,1.9168337608010584,12.463579037339152,15.0,3.0,3.5,0.8,0.02005517389602992,0.07219862602570772
6,354,14747,150,59.3528,-40.6677,252.0271,2.0931,4.5353,-2.1044,-7.3667,2.5395,-0.6603,7.6566,-0.2714,-0.1555,-2.6193,car,345,52.4319,-45.7894,-0.0126,0.0065,-0.014,-0.0017,339.8218,0.014177799547179386,0.051040078369845795,6.920900000000003,5.121699999999997,-2.0918,-7.3732,7.6641832885180925,8.609916823059326,0,06_345_354_14725_ego_345,1,14725,14725,14733,vehicle_vehicle,0.3245888242356748,1.5566383750505024,1.9168337608010584,12.463579037339152,15.0,3.0,3.5,0.8,0.02005517389602992,0.07219862602570772
6,356,14747,102,68.8528,-35.5401,227.2872,2.2482,5.2722,-4.9506,-5.7526,2.351,-1.4323,7.5849,-0.2646,-0.5424,-2.699,car,345,52.4319,-45.7894,-0.0126,0.0065,-0.014,-0.0017,339.8218,0.014177799547179386,0.051040078369845795,16.420900000000003,10.249299999999998,-4.938,-5.7591,7.586242601578202,19.357017004177067,0,06_345_354_14725_ego_345,0,14725,14725,14733,vehicle_vehicle,0.3245888242356748,1.5566383750505024,1.9168337608010584,12.463579037339152,15.0,3.0,3.5,0.8,0.02005517389602992,0.07219862602570772
6,345,14748,273,52.4311,-45.789,339.8184,2.0385,4.741,-0.0128,0.0061,-0.0001,-0.0071,-0.0141,-0.0013,0.0023,0.0067,car,345,52.4311,-45.789,-0.0128,0.0061,-0.0141,-0.0013,339.8184,0.014179210133149166,0.051045156479337,0.0,0.0,0.0,0.0,0.0,0.0,1,06_345_354_14725_ego_345,1,14725,14725,14733,vehicle_vehicle,0.3245888242356748,1.5566383750505024,1.9168337608010584,12.463579037339152,15.0,3.0,3.5,0.8,0.02005517389602992,0.07219862602570772
6,346,14748,263,47.898,-44.0856,340.2471,1.8132,2.8113,-0.0118,0.032,0.0178,-0.0209,-0.0219,-0.0261,0.0238,0.0137,trailer,345,52.4311,-45.789,-0.0128,0.0061,-0.0141,-0.0013,339.8184,0.014179210133149166,0.051045156479337,-4.5330999999999975,1.703400000000002,0.0010000000000000009,0.0259,0.025919297829995316,4.84257856621862,0,06_345_354_14725_ego_345,0,14725,14725,14733,vehicle_vehicle,0.3245888242356748,1.5566383750505024,1.9168337608010584,12.463579037339152,15.0,3.0,3.5,0.8,0.02005517389602992,0.07219862602570772
6,350,14748,213,66.3937,-60.0875,307.7033,1.9906,4.1702,4.7872,-5.6517,1.9626,2.1193,7.3993,-0.3312,-0.4764,-2.8489,car,345,52.4311,-45.789,-0.0128,0.0061,-0.0141,-0.0013,339.8184,0.014179210133149166,0.051045156479337,13.962599999999995,-14.298499999999997,4.800000000000001,-5.6578,7.419615949629739,19.985026920422193,0,06_345_354_14725_ego_345,0,14725,14725,14733,vehicle_vehicle,0.3245888242356748,1.5566383750505024,1.9168337608010584,12.463579037339152,15.0,3.0,3.5,0.8,0.02005517389602992,0.07219862602570772
6,354,14748,151,59.2714,-40.9635,252.7161,2.0931,4.5353,-2.0033,-7.3922,2.541,-0.6275,7.6535,-0.2834,-0.1557,-2.6127,car,345,52.4311,-45.789,-0.0128,0.0061,-0.0141,-0.0013,339.8184,0.014179210133149166,0.051045156479337,6.840299999999999,4.825499999999998,-1.9905,-7.3983,7.661392376063244,8.371090391340902,0,06_345_354_14725_ego_345,1,14725,14725,14733,vehicle_vehicle,0.3245888242356748,1.5566383750505024,1.9168337608010584,12.463579037339152,15.0,3.0,3.5,0.8,0.02005517389602992,0.07219862602570772
6,356,14748,103,68.6566,-35.7707,228.06,2.2482,5.2722,-4.8537,-5.8101,2.367,-1.4249,7.5658,-0.2728,-0.5221,-2.713,car,345,52.4311,-45.789,-0.0128,0.0061,-0.0141,-0.0013,339.8184,0.014179210133149166,0.051045156479337,16.225499999999997,10.018300000000004,-4.8408999999999995,-5.8162,7.567198639523083,19.069168443851975,0,06_345_354_14725_ego_345,0,14725,14725,14733,vehicle_vehicle,0.3245888242356748,1.5566383750505024,1.9168337608010584,12.463579037339152,15.0,3.0,3.5,0.8,0.02005517389602992,0.07219862602570772
6,345,14749,274,52.4301,-45.7885,339.8136,2.0385,4.741,-0.0127,0.0056,0.0025,-0.0084,-0.0139,-0.0008,0.0052,0.0071,car,345,52.4301,-45.7885,-0.0127,0.0056,-0.0139,-0.0008,339.8136,0.013879841497654071,0.04996742939155466,0.0,0.0,0.0,0.0,0.0,0.0,1,06_345_354_14725_ego_345,1,14725,14725,14733,vehicle_vehicle,0.3245888242356748,1.5566383750505024,1.9168337608010584,12.463579037339152,15.0,3.0,3.5,0.8,0.02005517389602992,0.07219862602570772
6,346,14749,264,47.8961,-44.0832,340.2587,1.8132,2.8113,-0.0105,0.0301,0.0224,-0.0297,-0.0201,-0.0248,0.0312,0.0204,trailer,345,52.4301,-45.7885,-0.0127,0.0056,-0.0139,-0.0008,339.8136,0.013879841497654071,0.04996742939155466,-4.534000000000006,1.7053000000000011,0.002199999999999999,0.024499999999999997,0.02459857719462652,4.844089603836831,0,06_345_354_14725_ego_345,0,14725,14725,14733,vehicle_vehicle,0.3245888242356748,1.5566383750505024,1.9168337608010584,12.463579037339152,15.0,3.0,3.5,0.8,0.02005517389602992,0.07219862602570772
6,350,14749,214,66.587,-60.3115,308.5879,1.9906,4.1702,4.8649,-5.5628,1.9218,2.1499,7.3825,-0.333,-0.4818,-2.8431,car,345,52.4301,-45.7885,-0.0127,0.0056,-0.0139,-0.0008,339.8136,0.013879841497654071,0.04996742939155466,14.1569,-14.523000000000003,4.877599999999999,-5.5684000000000005,7.402571196550561,20.281403960525022,0,06_345_354_14725_ego_345,0,14725,14725,14733,vehicle_vehicle,0.3245888242356748,1.5566383750505024,1.9168337608010584,12.463579037339152,15.0,3.0,3.5,0.8,0.02005517389602992,0.07219862602570772
6,354,14749,152,59.194,-41.2605,253.3968,2.0931,4.5353,-1.9024,-7.416,2.543,-0.5959,7.6504,-0.296,-0.1556,-2.6072,car,345,52.4301,-45.7885,-0.0127,0.0056,-0.0139,-0.0008,339.8136,0.013879841497654071,0.04996742939155466,6.7639,4.527999999999999,-1.8897000000000002,-7.421600000000001,7.658401442207114,8.13960239876617,0,06_345_354_14725_ego_345,1,14725,14725,14733,vehicle_vehicle,0.3245888242356748,1.5566383750505024,1.9168337608010584,12.463579037339152,15.0,3.0,3.5,0.8,0.02005517389602992,0.07219862602570772
6,356,14749,104,68.4649,-36.0038,228.8405,2.2482,5.2722,-4.7564,-5.8675,2.3802,-1.4172,7.548,-0.2807,-0.4996,-2.7248,car,345,52.4301,-45.7885,-0.0127,0.0056,-0.0139,-0.0008,339.8136,0.013879841497654071,0.04996742939155466,16.034799999999997,9.7847,-4.7437000000000005,-5.8731,7.549569080417769,18.784439441463242,0,06_345_354_14725_ego_345,0,14725,14725,14733,vehicle_vehicle,0.3245888242356748,1.5566383750505024,1.9168337608010584,12.463579037339152,15.0,3.0,3.5,0.8,0.02005517389602992,0.07219862602570772
6,345,14750,275,52.4295,-45.7883,339.8109,2.0385,4.741,-0.0126,0.005,0.005,-0.0095,-0.0135,-0.0003,0.0079,0.0072,car,345,52.4295,-45.7883,-0.0126,0.005,-0.0135,-0.0003,339.8109,0.013555810562264434,0.048800918024151964,0.0,0.0,0.0,0.0,0.0,0.0,1,06_345_354_14725_ego_345,1,14725,14725,14733,vehicle_vehicle,0.3245888242356748,1.5566383750505024,1.9168337608010584,12.463579037339152,15.0,3.0,3.5,0.8,0.02005517389602992,0.07219862602570772
6,346,14750,265,47.8951,-44.0817,340.2825,1.8132,2.8113,-0.0088,0.0278,0.0264,-0.0374,-0.0177,-0.0232,0.0375,0.0263,trailer,345,52.4295,-45.7883,-0.0126,0.005,-0.0135,-0.0003,339.8109,0.013555810562264434,0.048800918024151964,-4.534399999999998,1.7066000000000017,0.0037999999999999996,0.022799999999999997,0.023114497615133234,4.8449217661382304,0,06_345_354_14725_ego_345,0,14725,14725,14733,vehicle_vehicle,0.3245888242356748,1.5566383750505024,1.9168337608010584,12.463579037339152,15.0,3.0,3.5,0.8,0.02005517389602992,0.07219862602570772
6,350,14750,215,66.7833,-60.5318,309.487,1.9906,4.1702,4.9408,-5.4729,1.8818,2.1765,7.3657,-0.3329,-0.4831,-2.8364,car,345,52.4295,-45.7883,-0.0126,0.005,-0.0135,-0.0003,339.8109,0.013555810562264434,0.048800918024151964,14.3538,-14.743499999999997,4.9534,-5.4779,7.385361194281564,20.57674334509715,0,06_345_354_14725_ego_345,0,14725,14725,14733,vehicle_vehicle,0.3245888242356748,1.5566383750505024,1.9168337608010584,12.463579037339152,15.0,3.0,3.5,0.8,0.02005517389602992,0.07219862602570772
6,354,14750,153,59.1206,-41.5578,254.0635,2.0931,4.5353,-1.8016,-7.4385,2.5459,-0.5655,7.6473,-0.31,-0.1552,-2.6033,car,345,52.4295,-45.7883,-0.0126,0.005,-0.0135,-0.0003,339.8109,0.013555810562264434,0.048800918024151964,6.691100000000006,4.230499999999999,-1.7890000000000001,-7.4435,7.655469498992208,7.9163090806259,0,06_345_354_14725_ego_345,1,14725,14725,14733,vehicle_vehicle,0.3245888242356748,1.5566383750505024,1.9168337608010584,12.463579037339152,15.0,3.0,3.5,0.8,0.02005517389602992,0.07219862602570772
6,356,14750,105,68.2779,-36.2393,229.6318,2.2482,5.2722,-4.6592,-5.9247,2.3911,-1.409,7.5318,-0.2876,-0.4752,-2.7344,car,345,52.4295,-45.7883,-0.0126,0.005,-0.0135,-0.0003,339.8109,0.013555810562264434,0.048800918024151964,15.848400000000005,9.549,-4.6466,-5.9296999999999995,7.53340783775842,18.502842580533407,0,06_345_354_14725_ego_345,0,14725,14725,14733,vehicle_vehicle,0.3245888242356748,1.5566383750505024,1.9168337608010584,12.463579037339152,15.0,3.0,3.5,0.8,0.02005517389602992,0.07219862602570772
6,345,14751,276,52.4287,-45.788,339.8082,2.0385,4.741,-0.0121,0.0043,0.0073,-0.0102,-0.0129,0.0002,0.0104,0.0071,car,345,52.4287,-45.788,-0.0121,0.0043,-0.0129,0.0002,339.8082,0.012841339493993607,0.04622882217837698,0.0,0.0,0.0,0.0,0.0,0.0,1,06_345_354_14725_ego_345,1,14725,14725,14733,vehicle_vehicle,0.3245888242356748,1.5566383750505024,1.9168337608010584,12.463579037339152,15.0,3.0,3.5,0.8,0.02005517389602992,0.07219862602570772
6,346,14751,266,47.8935,-44.0803,340.3107,1.8132,2.8113,-0.0064,0.025,0.0292,-0.0439,-0.0144,-0.0213,0.0423,0.0315,trailer,345,52.4287,-45.788,-0.0121,0.0043,-0.0129,0.0002,339.8082,0.012841339493993607,0.04622882217837698,-4.535199999999996,1.7076999999999956,0.005699999999999999,0.020700000000000003,0.02147044480209947,4.846058019669178,0,06_345_354_14725_ego_345,0,14725,14725,14733,vehicle_vehicle,0.3245888242356748,1.5566383750505024,1.9168337608010584,12.463579037339152,15.0,3.0,3.5,0.8,0.02005517389602992,0.07219862602570772
6,350,14751,216,66.983,-60.7482,310.3865,1.9906,4.1702,5.0149,-5.3823,1.8429,2.1994,7.349,-0.3324,-0.4812,-2.8288,car,345,52.4287,-45.788,-0.0121,0.0043,-0.0129,0.0002,339.8082,0.012841339493993607,0.04622882217837698,14.554300000000005,-14.9602,5.027,-5.3866,7.3679161613036825,20.871876593397158,0,06_345_354_14725_ego_345,0,14725,14725,14733,vehicle_vehicle,0.3245888242356748,1.5566383750505024,1.9168337608010584,12.463579037339152,15.0,3.0,3.5,0.8,0.02005517389602992,0.07219862602570772
6,354,14751,154,59.0509,-41.8558,254.7259,2.0931,4.5353,-1.7009,-7.4597,2.5498,-0.5366,7.6443,-0.3244,-0.1541,-2.6011,car,345,52.4287,-45.788,-0.0121,0.0043,-0.0129,0.0002,339.8082,0.012841339493993607,0.04622882217837698,6.622199999999999,3.9321999999999946,-1.6888,-7.4639999999999995,7.652668909602713,7.701670577218942,0,06_345_354_14725_ego_345,1,14725,14725,14733,vehicle_vehicle,0.3245888242356748,1.5566383750505024,1.9168337608010584,12.463579037339152,15.0,3.0,3.5,0.8,0.02005517389602992,0.07219862602570772
6,356,14751,106,68.0948,-36.4773,230.4239,2.2482,5.2722,-4.562,-5.9817,2.4002,-1.4003,7.517,-0.2947,-0.4499,-2.7421,car,345,52.4287,-45.788,-0.0121,0.0043,-0.0129,0.0002,339.8082,0.012841339493993607,0.04622882217837698,15.666100000000007,9.310699999999997,-4.5499,-5.986,7.518895265263375,18.224045206813997,0,06_345_354_14725_ego_345,0,14725,14725,14733,vehicle_vehicle,0.3245888242356748,1.5566383750505024,1.9168337608010584,12.463579037339152,15.0,3.0,3.5,0.8,0.02005517389602992,0.07219862602570772
6,345,14752,277,52.4283,-45.7878,339.8046,2.0385,4.741,-0.0116,0.0035,0.0095,-0.0107,-0.0121,0.0007,0.0126,0.0067,car,345,52.4283,-45.7878,-0.0116,0.0035,-0.0121,0.0007,339.8046,0.012116517651536683,0.04361946354553206,0.0,0.0,0.0,0.0,0.0,0.0,1,06_345_354_14725_ego_345,1,14725,14725,14733,vehicle_vehicle,0.3245888242356748,1.5566383750505024,1.9168337608010584,12.463579037339152,15.0,3.0,3.5,0.8,0.02005517389602992,0.07219862602570772
6,346,14752,267,47.8929,-44.0787,340.3509,1.8132,2.8113,-0.0038,0.0217,0.0307,-0.0489,-0.0108,-0.0191,0.0453,0.0357,trailer,345,52.4283,-45.7878,-0.0116,0.0035,-0.0121,0.0007,339.8046,0.012116517651536683,0.04361946354553206,-4.535400000000003,1.7090999999999994,0.0078,0.0182,0.01980101007524616,4.846738694214907,0,06_345_354_14725_ego_345,0,14725,14725,14733,vehicle_vehicle,0.3245888242356748,1.5566383750505024,1.9168337608010584,12.463579037339152,15.0,3.0,3.5,0.8,0.02005517389602992,0.07219862602570772
6,350,14752,217,67.1859,-60.9611,311.2873,1.9906,4.1702,5.0871,-5.291,1.8054,2.2188,7.3324,-0.3313,-0.476,-2.8206,car,345,52.4283,-45.7878,-0.0116,0.0035,-0.0121,0.0007,339.8046,0.012116517651536683,0.04361946354553206,14.757600000000004,-15.173300000000005,5.0987,-5.2945,7.350406243194998,21.16638350427395,0,06_345_354_14725_ego_345,0,14725,14725,14733,vehicle_vehicle,0.3245888242356748,1.5566383750505024,1.9168337608010584,12.463579037339152,15.0,3.0,3.5,0.8,0.02005517389602992,0.07219862602570772
6,354,14752,155,58.9842,-42.1541,255.3967,2.0931,4.5353,-1.5997,-7.4801,2.5547,-0.5088,7.6418,-0.3379,-0.1517,-2.6005,car,345,52.4283,-45.7878,-0.0116,0.0035,-0.0121,0.0007,339.8046,0.012116517651536683,0.04361946354553206,6.555900000000001,3.6336999999999975,-1.5880999999999998,-7.4836,7.650250359955549,7.4955720595562285,0,06_345_354_14725_ego_345,1,14725,14725,14733,vehicle_vehicle,0.3245888242356748,1.5566383750505024,1.9168337608010584,12.463579037339152,15.0,3.0,3.5,0.8,0.02005517389602992,0.07219862602570772
6,356,14752,107,67.9154,-36.7174,231.213,2.2482,5.2722,-4.4649,-6.0384,2.408,-1.3909,7.5038,-0.3023,-0.4243,-2.7482,car,345,52.4283,-45.7878,-0.0116,0.0035,-0.0121,0.0007,339.8046,0.012116517651536683,0.04361946354553206,15.487100000000005,9.0704,-4.4533000000000005,-6.0419,7.505760221323354,17.9477692923104,0,06_345_354_14725_ego_345,0,14725,14725,14733,vehicle_vehicle,0.3245888242356748,1.5566383750505024,1.9168337608010584,12.463579037339152,15.0,3.0,3.5,0.8,0.02005517389602992,0.07219862602570772
6,345,14753,278,52.4276,-45.7876,339.8018,2.0385,4.741,-0.011,0.0028,0.0114,-0.0108,-0.0112,0.0012,0.0144,0.0062,car,345,52.4276,-45.7876,-0.011,0.0028,-0.0112,0.0012,339.8018,0.01135077089893017,0.04086277523614861,0.0,0.0,0.0,0.0,0.0,0.0,1,06_345_354_14725_ego_345,1,14725,14725,14733,vehicle_vehicle,0.3245888242356748,1.5566383750505024,1.9168337608010584,12.463579037339152,15.0,3.0,3.5,0.8,0.02005517389602992,0.07219862602570772
6,346,14753,268,47.8931,-44.0778,340.3773,1.8132,2.8113,-0.0012,0.0181,0.0307,-0.0523,-0.0072,-0.0167,0.0465,0.039,trailer,345,52.4276,-45.7876,-0.011,0.0028,-0.0112,0.0012,339.8018,0.01135077089893017,0.04086277523614861,-4.534500000000001,1.7097999999999942,0.0098,0.015300000000000001,0.018169479904499193,4.846143445049887,0,06_345_354_14725_ego_345,0,14725,14725,14733,vehicle_vehicle,0.3245888242356748,1.5566383750505024,1.9168337608010584,12.463579037339152,15.0,3.0,3.5,0.8,0.02005517389602992,0.07219862602570772
6,350,14753,218,67.391,-61.1707,312.1903,1.9906,4.1702,5.1578,-5.199,1.7693,2.235,7.316,-0.3299,-0.4677,-2.8119,car,345,52.4276,-45.7876,-0.011,0.0028,-0.0112,0.0012,339.8018,0.01135077089893017,0.04086277523614861,14.963400000000007,-15.383099999999999,5.1688,-5.2017999999999995,7.333158710951237,21.460268059136638,0,06_345_354_14725_ego_345,0,14725,14725,14733,vehicle_vehicle,0.3245888242356748,1.5566383750505024,1.9168337608010584,12.463579037339152,15.0,3.0,3.5,0.8,0.02005517389602992,0.07219862602570772
6,354,14753,156,58.9217,-42.4533,256.0602,2.0931,4.5353,-1.4981,-7.4995,2.5603,-0.4821,7.6395,-0.3526,-0.1489,-2.6011,car,345,52.4276,-45.7876,-0.011,0.0028,-0.0112,0.0012,339.8018,0.01135077089893017,0.04086277523614861,6.494100000000003,3.334299999999999,-1.4871,-7.5023,7.648265927646606,7.300061047689947,0,06_345_354_14725_ego_345,1,14725,14725,14733,vehicle_vehicle,0.3245888242356748,1.5566383750505024,1.9168337608010584,12.463579037339152,15.0,3.0,3.5,0.8,0.02005517389602992,0.07219862602570772
6,356,14753,108,67.7406,-36.9603,232.0054,2.2482,5.2722,-4.3683,-6.0946,2.4151,-1.3808,7.492,-0.3093,-0.3985,-2.7533,car,345,52.4276,-45.7876,-0.011,0.0028,-0.0112,0.0012,339.8018,0.01135077089893017,0.04086277523614861,15.313000000000002,8.827300000000001,-4.3572999999999995,-6.0973999999999995,7.494287828072791,17.675100969725747,0,06_345_354_14725_ego_345,0,14725,14725,14733,vehicle_vehicle,0.3245888242356748,1.5566383750505024,1.9168337608010584,12.463579037339152,15.0,3.0,3.5,0.8,0.02005517389602992,0.07219862602570772
6,345,14754,279,52.4273,-45.7876,339.7992,2.0385,4.741,-0.0103,0.002,0.013,-0.0106,-0.0103,0.0016,0.0159,0.0054,car,345,52.4273,-45.7876,-0.0103,0.002,-0.0103,0.0016,339.7992,0.01049237818609299,0.03777256146993477,0.0,0.0,0.0,0.0,0.0,0.0,1,06_345_354_14725_ego_345,1,14725,14725,14733,vehicle_vehicle,0.3245888242356748,1.5566383750505024,1.9168337608010584,12.463579037339152,15.0,3.0,3.5,0.8,0.02005517389602992,0.07219862602570772
6,346,14754,269,47.8941,-44.0773,340.4121,1.8132,2.8113,0.001,0.0145,0.0296,-0.0542,-0.0039,-0.014,0.046,0.0412,trailer,345,52.4273,-45.7876,-0.0103,0.002,-0.0103,0.0016,339.7992,0.01049237818609299,0.03777256146993477,-4.533200000000001,1.7102999999999966,0.011300000000000001,0.0125,0.0168505192798323,4.8451035417212704,0,06_345_354_14725_ego_345,0,14725,14725,14733,vehicle_vehicle,0.3245888242356748,1.5566383750505024,1.9168337608010584,12.463579037339152,15.0,3.0,3.5,0.8,0.02005517389602992,0.07219862602570772
6,350,14754,219,67.5991,-61.3763,313.086,1.9906,4.1702,5.2268,-5.1066,1.7349,2.248,7.2999,-0.329,-0.4566,-2.8027,car,345,52.4273,-45.7876,-0.0103,0.002,-0.0103,0.0016,339.7992,0.01049237818609299,0.03777256146993477,15.171800000000005,-15.588700000000003,5.2371,-5.1086,7.316078893095673,21.752955728590084,0,06_345_354_14725_ego_345,0,14725,14725,14733,vehicle_vehicle,0.3245888242356748,1.5566383750505024,1.9168337608010584,12.463579037339152,15.0,3.0,3.5,0.8,0.02005517389602992,0.07219862602570772
6,354,14754,157,58.8634,-42.7532,256.7389,2.0931,4.5353,-1.3962,-7.518,2.5665,-0.4562,7.6378,-0.3656,-0.1446,-2.6027,car,345,52.4273,-45.7876,-0.0103,0.002,-0.0103,0.0016,339.7992,0.01049237818609299,0.03777256146993477,6.436099999999996,3.034399999999998,-1.3859000000000001,-7.52,7.646641014850899,7.115544010825872,0,06_345_354_14725_ego_345,1,14725,14725,14733,vehicle_vehicle,0.3245888242356748,1.5566383750505024,1.9168337608010584,12.463579037339152,15.0,3.0,3.5,0.8,0.02005517389602992,0.07219862602570772
6,356,14754,109,67.5692,-37.2054,232.8037,2.2482,5.2722,-4.2719,-6.1504,2.4221,-1.3702,7.4818,-0.3153,-0.3728,-2.7578,car,345,52.4273,-45.7876,-0.0103,0.002,-0.0103,0.0016,339.7992,0.01049237818609299,0.03777256146993477,15.141899999999993,8.5822,-4.2616,-6.1524,7.484200713503079,17.40492150082843,0,06_345_354_14725_ego_345,0,14725,14725,14733,vehicle_vehicle,0.3245888242356748,1.5566383750505024,1.9168337608010584,12.463579037339152,15.0,3.0,3.5,0.8,0.02005517389602992,0.07219862602570772
6,345,14755,280,52.4266,-45.7875,339.796,2.0385,4.741,-0.0094,0.0013,0.0144,-0.01,-0.0093,0.002,0.017,0.0044,car,345,52.4266,-45.7875,-0.0094,0.0013,-0.0093,0.002,339.796,0.009489467845985885,0.03416208424554919,0.0,0.0,0.0,0.0,0.0,0.0,1,06_345_354_14725_ego_345,1,14725,14725,14733,vehicle_vehicle,0.3245888242356748,1.5566383750505024,1.9168337608010584,12.463579037339152,15.0,3.0,3.5,0.8,0.02005517389602992,0.07219862602570772
6,346,14755,270,47.8951,-44.0771,340.4525,1.8132,2.8113,0.0028,0.011,0.0277,-0.0546,-0.001,-0.0113,0.0443,0.0422,trailer,345,52.4266,-45.7875,-0.0094,0.0013,-0.0093,0.002,339.796,0.009489467845985885,0.03416208424554919,-4.531500000000001,1.7104,0.0122,0.0097,0.01558621185535472,4.843548328446823,0,06_345_354_14725_ego_345,0,14725,14725,14733,vehicle_vehicle,0.3245888242356748,1.5566383750505024,1.9168337608010584,12.463579037339152,15.0,3.0,3.5,0.8,0.02005517389602992,0.07219862602570772
6,350,14755,220,67.8096,-61.5787,313.9997,1.9906,4.1702,5.2945,-5.0137,1.7023,2.258,7.2844,-0.3258,-0.4418,-2.793,car,345,52.4266,-45.7875,-0.0094,0.0013,-0.0093,0.002,339.796,0.009489467845985885,0.03416208424554919,15.383000000000003,-15.791199999999996,5.3039000000000005,-5.015,7.299423279273507,22.04537789288267,0,06_345_354_14725_ego_345,0,14725,14725,14733,vehicle_vehicle,0.3245888242356748,1.5566383750505024,1.9168337608010584,12.463579037339152,15.0,3.0,3.5,0.8,0.02005517389602992,0.07219862602570772
6,354,14755,158,58.8092,-43.0534,257.4328,2.0931,4.5353,-1.2938,-7.5358,2.5729,-0.431,7.6367,-0.3769,-0.1392,-2.6051,car,345,52.4266,-45.7875,-0.0094,0.0013,-0.0093,0.002,339.796,0.009489467845985885,0.03416208424554919,6.3825999999999965,2.734099999999998,-1.2844,-7.5371,7.645754362389626,6.943549925650419,0,06_345_354_14725_ego_345,1,14725,14725,14733,vehicle_vehicle,0.3245888242356748,1.5566383750505024,1.9168337608010584,12.463579037339152,15.0,3.0,3.5,0.8,0.02005517389602992,0.07219862602570772
6,356,14755,110,67.4019,-37.4525,233.608,2.2482,5.2722,-4.1759,-6.2057,2.4298,-1.3591,7.473,-0.3204,-0.3475,-2.7623,car,345,52.4266,-45.7875,-0.0094,0.0013,-0.0093,0.002,339.796,0.009489467845985885,0.03416208424554919,14.975299999999997,8.335,-4.1665,-6.207,7.475732154779223,17.13860656792144,0,06_345_354_14725_ego_345,0,14725,14725,14733,vehicle_vehicle,0.3245888242356748,1.5566383750505024,1.9168337608010584,12.463579037339152,15.0,3.0,3.5,0.8,0.02005517389602992,0.07219862602570772
6,345,14756,281,52.4256,-45.7872,339.7917,2.0385,4.741,-0.0082,0.0005,0.0153,-0.0091,-0.0079,0.0024,0.0175,0.0033,car,345,52.4256,-45.7872,-0.0082,0.0005,-0.0079,0.0024,339.7917,0.00821522975941635,0.029574827133898862,0.0,0.0,0.0,0.0,0.0,0.0,1,06_345_354_14725_ego_345,1,14725,14725,14733,vehicle_vehicle,0.3245888242356748,1.5566383750505024,1.9168337608010584,12.463579037339152,15.0,3.0,3.5,0.8,0.02005517389602992,0.07219862602570772
6,346,14756,271,47.8954,-44.077,340.4713,1.8132,2.8113,0.0044,0.0075,0.0252,-0.0538,0.0016,-0.0085,0.0417,0.0422,trailer,345,52.4256,-45.7872,-0.0082,0.0005,-0.0079,0.0024,339.7917,0.00821522975941635,0.029574827133898862,-4.530200000000001,1.7102000000000004,0.0126,0.006999999999999999,0.014413882197381801,4.842261463407362,0,06_345_354_14725_ego_345,0,14725,14725,14733,vehicle_vehicle,0.3245888242356748,1.5566383750505024,1.9168337608010584,12.463579037339152,15.0,3.0,3.5,0.8,0.02005517389602992,0.07219862602570772
6,350,14756,221,68.0232,-61.7771,314.9017,1.9906,4.1702,5.3607,-4.9205,1.6714,2.2651,7.2694,-0.3237,-0.4246,-2.7828,car,345,52.4256,-45.7872,-0.0082,0.0005,-0.0079,0.0024,339.7917,0.00821522975941635,0.029574827133898862,15.5976,-15.989899999999999,5.3689,-4.920999999999999,7.282947769275844,22.33745795228275,0,06_345_354_14725_ego_345,0,14725,14725,14733,vehicle_vehicle,0.3245888242356748,1.5566383750505024,1.9168337608010584,12.463579037339152,15.0,3.0,3.5,0.8,0.02005517389602992,0.07219862602570772
6,354,14756,159,58.7583,-43.3548,258.1462,2.0931,4.5353,-1.1907,-7.5528,2.5795,-0.4061,7.6363,-0.3862,-0.1324,-2.6079,car,345,52.4256,-45.7872,-0.0082,0.0005,-0.0079,0.0024,339.7917,0.00821522975941635,0.029574827133898862,6.3326999999999956,2.4324000000000012,-1.1825,-7.5533,7.645302292257645,6.7837791127070135,0,06_345_354_14725_ego_345,1,14725,14725,14733,vehicle_vehicle,0.3245888242356748,1.5566383750505024,1.9168337608010584,12.463579037339152,15.0,3.0,3.5,0.8,0.02005517389602992,0.07219862602570772
6,356,14756,111,67.238,-37.7017,234.4062,2.2482,5.2722,-4.0801,-6.2606,2.4385,-1.3475,7.4657,-0.3261,-0.3236,-2.7672,car,345,52.4256,-45.7872,-0.0082,0.0005,-0.0079,0.0024,339.7917,0.00821522975941635,0.029574827133898862,14.812399999999997,8.085499999999996,-4.071899999999999,-6.2611,7.4687176154946435,16.8755001114041,0,06_345_354_14725_ego_345,0,14725,14725,14733,vehicle_vehicle,0.3245888242356748,1.5566383750505024,1.9168337608010584,12.463579037339152,15.0,3.0,3.5,0.8,0.02005517389602992,0.07219862602570772
6,345,14757,282,52.4249,-45.7872,339.7893,2.0385,4.741,-0.0068,-0.0003,0.0154,-0.0079,-0.0063,0.0026,0.0172,0.002,car,345,52.4249,-45.7872,-0.0068,-0.0003,-0.0063,0.0026,339.7893,0.006806614430096654,0.024503811948347956,0.0,0.0,0.0,0.0,0.0,0.0,1,06_345_354_14725_ego_345,1,14725,14725,14733,vehicle_vehicle,0.3245888242356748,1.5566383750505024,1.9168337608010584,12.463579037339152,15.0,3.0,3.5,0.8,0.02005517389602992,0.07219862602570772
6,346,14757,272,47.8951,-44.0768,340.5038,1.8132,2.8113,0.0061,0.0041,0.0222,-0.0516,0.0044,-0.0059,0.0381,0.0413,trailer,345,52.4249,-45.7872,-0.0068,-0.0003,-0.0063,0.0026,339.7893,0.006806614430096654,0.024503811948347956,-4.529800000000002,1.7104,0.0129,0.0044,0.013629746879527881,4.841957889118824,0,06_345_354_14725_ego_345,0,14725,14725,14733,vehicle_vehicle,0.3245888242356748,1.5566383750505024,1.9168337608010584,12.463579037339152,15.0,3.0,3.5,0.8,0.02005517389602992,0.07219862602570772
6,350,14757,222,68.2396,-61.9713,315.7995,1.9906,4.1702,5.4254,-4.8274,1.6425,2.2695,7.255,-0.3217,-0.4047,-2.7722,car,345,52.4249,-45.7872,-0.0068,-0.0003,-0.0063,0.0026,339.7893,0.006806614430096654,0.024503811948347956,15.814699999999995,-16.1841,5.4322,-4.8271,7.267027676430027,22.628076120165407,0,06_345_354_14725_ego_345,0,14725,14725,14733,vehicle_vehicle,0.3245888242356748,1.5566383750505024,1.9168337608010584,12.463579037339152,15.0,3.0,3.5,0.8,0.02005517389602992,0.07219862602570772
6,354,14757,160,58.7119,-43.6565,258.8711,2.0931,4.5353,-1.0869,-7.569,2.5856,-0.3813,7.6365,-0.3945,-0.1249,-2.6106,car,345,52.4249,-45.7872,-0.0068,-0.0003,-0.0063,0.0026,339.7893,0.006806614430096654,0.024503811948347956,6.286999999999999,2.1306999999999974,-1.0801,-7.5687,7.645380023255875,6.638241596236158,0,06_345_354_14725_ego_345,1,14725,14725,14733,vehicle_vehicle,0.3245888242356748,1.5566383750505024,1.9168337608010584,12.463579037339152,15.0,3.0,3.5,0.8,0.02005517389602992,0.07219862602570772
6,356,14757,112,67.0774,-37.9525,235.2053,2.2482,5.2722,-3.9842,-6.3154,2.4488,-1.3351,7.4598,-0.3319,-0.301,-2.7728,car,345,52.4249,-45.7872,-0.0068,-0.0003,-0.0063,0.0026,339.7893,0.006806614430096654,0.024503811948347956,14.652499999999996,7.834699999999998,-3.9774,-6.3151,7.463256579402855,16.615603520185473,0,06_345_354_14725_ego_345,0,14725,14725,14733,vehicle_vehicle,0.3245888242356748,1.5566383750505024,1.9168337608010584,12.463579037339152,15.0,3.0,3.5,0.8,0.02005517389602992,0.07219862602570772
6,345,14758,283,52.4245,-45.7874,339.7885,2.0385,4.741,-0.0054,-0.001,0.0148,-0.0062,-0.0047,0.0027,0.016,0.0007,car,345,52.4245,-45.7874,-0.0054,-0.001,-0.0047,0.0027,339.7885,0.005491812087098392,0.01977052351355421,0.0,0.0,0.0,0.0,0.0,0.0,1,06_345_354_14725_ego_345,1,14725,14725,14733,vehicle_vehicle,0.3245888242356748,1.5566383750505024,1.9168337608010584,12.463579037339152,15.0,3.0,3.5,0.8,0.02005517389602992,0.07219862602570772
6,346,14758,273,47.8956,-44.0771,340.5165,1.8132,2.8113,0.0076,0.001,0.0185,-0.0484,0.0068,-0.0035,0.0335,0.0394,trailer,345,52.4245,-45.7874,-0.0054,-0.001,-0.0047,0.0027,339.7885,0.005491812087098392,0.01977052351355421,-4.5289,1.7102999999999966,0.013000000000000001,0.002,0.013152946437965907,4.841080592181873,0,06_345_354_14725_ego_345,0,14725,14725,14733,vehicle_vehicle,0.3245888242356748,1.5566383750505024,1.9168337608010584,12.463579037339152,15.0,3.0,3.5,0.8,0.02005517389602992,0.07219862602570772
6,350,14758,223,68.4583,-62.1616,316.7054,1.9906,4.1702,5.4888,-4.7345,1.6159,2.2716,7.2416,-0.318,-0.3817,-2.7615,car,345,52.4245,-45.7874,-0.0054,-0.001,-0.0047,0.0027,339.7885,0.005491812087098392,0.01977052351355421,16.033799999999992,-16.374200000000002,5.4942,-4.733499999999999,7.252051839996732,22.917180631133483,0,06_345_354_14725_ego_345,0,14725,14725,14733,vehicle_vehicle,0.3245888242356748,1.5566383750505024,1.9168337608010584,12.463579037339152,15.0,3.0,3.5,0.8,0.02005517389602992,0.07219862602570772
6,354,14758,161,58.6702,-43.9592,259.6121,2.0931,4.5353,-0.9828,-7.5845,2.5912,-0.3565,7.6374,-0.4008,-0.1166,-2.613,car,345,52.4245,-45.7874,-0.0054,-0.001,-0.0047,0.0027,339.7885,0.005491812087098392,0.01977052351355421,6.245699999999999,1.8281999999999954,-0.9774,-7.5835,7.6462267171461775,6.507771026242394,0,06_345_354_14725_ego_345,1,14725,14725,14733,vehicle_vehicle,0.3245888242356748,1.5566383750505024,1.9168337608010584,12.463579037339152,15.0,3.0,3.5,0.8,0.02005517389602992,0.07219862602570772
6,356,14758,113,66.921,-38.2056,236.0174,2.2482,5.2722,-3.8883,-6.3698,2.4609,-1.3218,7.4553,-0.3361,-0.2795,-2.7794,car,345,52.4245,-45.7874,-0.0054,-0.001,-0.0047,0.0027,339.7885,0.005491812087098392,0.01977052351355421,14.496500000000005,7.581800000000001,-3.8829000000000002,-6.368799999999999,7.459123665015884,16.359468313181825,0,06_345_354_14725_ego_345,0,14725,14725,14733,vehicle_vehicle,0.3245888242356748,1.5566383750505024,1.9168337608010584,12.463579037339152,15.0,3.0,3.5,0.8,0.02005517389602992,0.07219862602570772
6,345,14759,284,52.4242,-45.7875,339.7875,2.0385,4.741,-0.0039,-0.0015,0.0133,-0.0042,-0.0031,0.0028,0.0139,-0.0007,car,345,52.4242,-45.7875,-0.0039,-0.0015,-0.0031,0.0028,339.7875,0.004178516483155236,0.015042659339358848,0.0,0.0,0.0,0.0,0.0,0.0,1,06_345_354_14725_ego_345,1,14725,14725,14733,vehicle_vehicle,0.3245888242356748,1.5566383750505024,1.9168337608010584,12.463579037339152,15.0,3.0,3.5,0.8,0.02005517389602992,0.07219862602570772
6,346,14759,274,47.8962,-44.0777,340.5273,1.8132,2.8113,0.0088,-0.0018,0.0142,-0.0441,0.0089,-0.0013,0.0281,0.0369,trailer,345,52.4242,-45.7875,-0.0039,-0.0015,-0.0031,0.0028,339.7875,0.004178516483155236,0.015042659339358848,-4.527999999999999,1.7098000000000013,0.0127,-0.0002999999999999999,0.012703542812932147,4.8400619872063615,0,06_345_354_14725_ego_345,0,14725,14725,14733,vehicle_vehicle,0.3245888242356748,1.5566383750505024,1.9168337608010584,12.463579037339152,15.0,3.0,3.5,0.8,0.02005517389602992,0.07219862602570772
6,350,14759,224,68.6796,-62.3476,317.5779,1.9906,4.1702,5.551,-4.6421,1.5917,2.2719,7.2292,-0.3178,-0.3576,-2.7508,car,345,52.4242,-45.7875,-0.0039,-0.0015,-0.0031,0.0028,339.7875,0.004178516483155236,0.015042659339358848,16.255399999999995,-16.5601,5.5549,-4.6406,7.238237518208421,23.205062834864286,0,06_345_354_14725_ego_345,0,14725,14725,14733,vehicle_vehicle,0.3245888242356748,1.5566383750505024,1.9168337608010584,12.463579037339152,15.0,3.0,3.5,0.8,0.02005517389602992,0.07219862602570772
6,354,14759,162,58.6325,-44.2624,260.378,2.0931,4.5353,-0.8783,-7.5991,2.596,-0.3313,7.639,-0.4042,-0.1072,-2.6148,car,345,52.4242,-45.7875,-0.0039,-0.0015,-0.0031,0.0028,339.7875,0.004178516483155236,0.015042659339358848,6.208300000000001,1.525100000000002,-0.8744,-7.5976,7.647751376711981,6.392880328928427,0,06_345_354_14725_ego_345,1,14725,14725,14733,vehicle_vehicle,0.3245888242356748,1.5566383750505024,1.9168337608010584,12.463579037339152,15.0,3.0,3.5,0.8,0.02005517389602992,0.07219862602570772
6,356,14759,114,66.7681,-38.461,236.8336,2.2482,5.2722,-3.7922,-6.424,2.4753,-1.3073,7.452,-0.34,-0.2598,-2.7872,car,345,52.4242,-45.7875,-0.0039,-0.0015,-0.0031,0.0028,339.7875,0.004178516483155236,0.015042659339358848,14.343900000000005,7.326500000000003,-3.7883,-6.4225,7.456522187990861,16.106677790904,0,06_345_354_14725_ego_345,0,14725,14725,14733,vehicle_vehicle,0.3245888242356748,1.5566383750505024,1.9168337608010584,12.463579037339152,15.0,3.0,3.5,0.8,0.02005517389602992,0.07219862602570772
6,345,14760,285,52.4241,-45.7878,339.7868,2.0385,4.741,-0.0025,-0.0019,0.0109,-0.0019,-0.0017,0.0026,0.0109,-0.002,car,345,52.4241,-45.7878,-0.0025,-0.0019,-0.0017,0.0026,339.7868,0.0031400636936215164,0.01130422929703746,0.0,0.0,0.0,0.0,0.0,0.0,1,06_345_354_14725_ego_345,1,14725,14725,14733,vehicle_vehicle,0.3245888242356748,1.5566383750505024,1.9168337608010584,12.463579037339152,15.0,3.0,3.5,0.8,0.02005517389602992,0.07219862602570772
6,346,14760,275,47.8961,-44.0783,340.5389,1.8132,2.8113,0.0101,-0.0042,0.0093,-0.0392,0.0109,0.0006,0.0219,0.0338,trailer,345,52.4241,-45.7878,-0.0025,-0.0019,-0.0017,0.0026,339.7868,0.0031400636936215164,0.01130422929703746,-4.528000000000006,1.7094999999999985,0.0126,-0.0023,0.012808200498118384,4.839956017362146,0,06_345_354_14725_ego_345,0,14725,14725,14733,vehicle_vehicle,0.3245888242356748,1.5566383750505024,1.9168337608010584,12.463579037339152,15.0,3.0,3.5,0.8,0.02005517389602992,0.07219862602570772
6,350,14760,225,68.9034,-62.53,318.4515,1.9906,4.1702,5.6119,-4.5503,1.5701,2.271,7.218,-0.3167,-0.3312,-2.7409,car,345,52.4241,-45.7878,-0.0025,-0.0019,-0.0017,0.0026,339.7868,0.0031400636936215164,0.01130422929703746,16.479300000000002,-16.742200000000004,5.614400000000001,-4.5484,7.225609311331468,23.49188347770353,0,06_345_354_14725_ego_345,0,14725,14725,14733,vehicle_vehicle,0.3245888242356748,1.5566383750505024,1.9168337608010584,12.463579037339152,15.0,3.0,3.5,0.8,0.02005517389602992,0.07219862602570772
6,354,14760,163,58.5989,-44.5662,261.1488,2.0931,4.5353,-0.7734,-7.6129,2.5998,-0.3057,7.6412,-0.4071,-0.0979,-2.6159,car,345,52.4241,-45.7878,-0.0025,-0.0019,-0.0017,0.0026,339.7868,0.0031400636936215164,0.01130422929703746,6.174799999999998,1.2215999999999951,-0.7709,-7.611,7.649941686705853,6.294478659905041,0,06_345_354_14725_ego_345,1,14725,14725,14733,vehicle_vehicle,0.3245888242356748,1.5566383750505024,1.9168337608010584,12.463579037339152,15.0,3.0,3.5,0.8,0.02005517389602992,0.07219862602570772
6,356,14760,115,66.6186,-38.7185,237.6455,2.2482,5.2722,-3.6956,-6.4777,2.4919,-1.2915,7.4498,-0.3447,-0.2426,-2.7962,car,345,52.4241,-45.7878,-0.0025,-0.0019,-0.0017,0.0026,339.7868,0.0031400636936215164,0.01130422929703746,14.194499999999998,7.069299999999998,-3.6931000000000003,-6.4758,7.454862389742684,15.857453538951326,0,06_345_354_14725_ego_345,0,14725,14725,14733,vehicle_vehicle,0.3245888242356748,1.5566383750505024,1.9168337608010584,12.463579037339152,15.0,3.0,3.5,0.8,0.02005517389602992,0.07219862602570772
6,345,14761,286,52.4241,-45.7881,339.7844,2.0385,4.741,-0.0013,-0.0021,0.0078,0.0005,-0.0005,0.0024,0.0071,-0.0032,car,345,52.4241,-45.7881,-0.0013,-0.0021,-0.0005,0.0024,339.7844,0.0024698178070456937,0.008891344105364497,0.0,0.0,0.0,0.0,0.0,0.0,1,06_345_354_14725_ego_345,1,14725,14725,14733,vehicle_vehicle,0.3245888242356748,1.5566383750505024,1.9168337608010584,12.463579037339152,15.0,3.0,3.5,0.8,0.02005517389602992,0.07219862602570772
6,346,14761,276,47.8964,-44.0783,340.5559,1.8132,2.8113,0.0112,-0.0065,0.0038,-0.0336,0.0127,0.0024,0.0147,0.0304,trailer,345,52.4241,-45.7881,-0.0013,-0.0021,-0.0005,0.0024,339.7844,0.0024698178070456937,0.008891344105364497,-4.527700000000003,1.7098000000000013,0.0125,-0.004399999999999999,0.013251792331605564,4.839781330804113,0,06_345_354_14725_ego_345,0,14725,14725,14733,vehicle_vehicle,0.3245888242356748,1.5566383750505024,1.9168337608010584,12.463579037339152,15.0,3.0,3.5,0.8,0.02005517389602992,0.07219862602570772
6,350,14761,226,69.1294,-62.7087,319.3229,1.9906,4.1702,5.6719,-4.4592,1.5512,2.2695,7.208,-0.3151,-0.3028,-2.7322,car,345,52.4241,-45.7881,-0.0013,-0.0021,-0.0005,0.0024,339.7844,0.0024698178070456937,0.008891344105364497,16.7053,-16.9206,5.6732,-4.4571,7.214633646277543,23.777589290127793,0,06_345_354_14725_ego_345,0,14725,14725,14733,vehicle_vehicle,0.3245888242356748,1.5566383750505024,1.9168337608010584,12.463579037339152,15.0,3.0,3.5,0.8,0.02005517389602992,0.07219862602570772
6,354,14761,164,58.5698,-44.8704,261.909,2.0931,4.5353,-0.6683,-7.6259,2.6025,-0.2795,7.644,-0.4117,-0.0896,-2.616,car,345,52.4241,-45.7881,-0.0013,-0.0021,-0.0005,0.0024,339.7844,0.0024698178070456937,0.008891344105364497,6.145699999999998,0.9177000000000035,-0.667,-7.623799999999999,7.652922019725537,6.213839536067855,0,06_345_354_14725_ego_345,1,14725,14725,14733,vehicle_vehicle,0.3245888242356748,1.5566383750505024,1.9168337608010584,12.463579037339152,15.0,3.0,3.5,0.8,0.02005517389602992,0.07219862602570772
6,356,14761,116,66.4731,-38.9785,238.4584,2.2482,5.2722,-3.5984,-6.5309,2.511,-1.2742,7.4485,-0.3496,-0.2276,-2.8066,car,345,52.4241,-45.7881,-0.0013,-0.0021,-0.0005,0.0024,339.7844,0.0024698178070456937,0.008891344105364497,14.049,6.809600000000003,-3.5970999999999997,-6.5287999999999995,7.454150377474283,15.612336569520913,0,06_345_354_14725_ego_345,0,14725,14725,14733,vehicle_vehicle,0.3245888242356748,1.5566383750505024,1.9168337608010584,12.463579037339152,15.0,3.0,3.5,0.8,0.02005517389602992,0.07219862602570772
6,345,14762,287,52.4244,-45.7886,339.7822,2.0385,4.741,-0.0003,-0.002,0.0038,0.003,0.0004,0.002,0.0026,-0.0041,car,345,52.4244,-45.7886,-0.0003,-0.002,0.0004,0.002,339.7822,0.002022374841615668,0.007280549429816405,0.0,0.0,0.0,0.0,0.0,0.0,1,06_345_354_14725_ego_345,1,14725,14725,14733,vehicle_vehicle,0.3245888242356748,1.5566383750505024,1.9168337608010584,12.463579037339152,15.0,3.0,3.5,0.8,0.02005517389602992,0.07219862602570772
6,346,14762,277,47.8968,-44.0786,340.5841,1.8132,2.8113,0.0121,-0.0085,-0.0025,-0.0272,0.0143,0.004,0.0067,0.0265,trailer,345,52.4244,-45.7886,-0.0003,-0.002,0.0004,0.002,339.7822,0.002022374841615668,0.007280549429816405,-4.5276,1.7100000000000009,0.0124,-0.006500000000000001,0.014000357138301864,4.839758440252984,0,06_345_354_14725_ego_345,0,14725,14725,14733,vehicle_vehicle,0.3245888242356748,1.5566383750505024,1.9168337608010584,12.463579037339152,15.0,3.0,3.5,0.8,0.02005517389602992,0.07219862602570772
6,350,14762,227,69.3576,-62.8841,320.1948,1.9906,4.1702,5.7311,-4.3685,1.5351,2.2678,7.1995,-0.3129,-0.2725,-2.725,car,345,52.4244,-45.7886,-0.0003,-0.002,0.0004,0.002,339.7822,0.002022374841615668,0.007280549429816405,16.933200000000006,-17.095499999999994,5.7314,-4.3665,7.205225063105246,24.06219820569185,0,06_345_354_14725_ego_345,0,14725,14725,14733,vehicle_vehicle,0.3245888242356748,1.5566383750505024,1.9168337608010584,12.463579037339152,15.0,3.0,3.5,0.8,0.02005517389602992,0.07219862602570772
6,354,14762,165,58.5448,-45.1752,262.6712,2.0931,4.5353,-0.5629,-7.638,2.604,-0.2524,7.6474,-0.416,-0.0818,-2.615,car,345,52.4244,-45.7886,-0.0003,-0.002,0.0004,0.002,339.7822,0.002022374841615668,0.007280549429816405,6.120400000000004,0.6134000000000057,-0.5626,-7.636,7.656697379418884,6.151061349068147,0,06_345_354_14725_ego_345,1,14725,14725,14733,vehicle_vehicle,0.3245888242356748,1.5566383750505024,1.9168337608010584,12.463579037339152,15.0,3.0,3.5,0.8,0.02005517389602992,0.07219862602570772
6,356,14762,117,66.3317,-39.2406,239.2769,2.2482,5.2722,-3.5007,-6.5835,2.5328,-1.2553,7.4479,-0.354,-0.2149,-2.8186,car,345,52.4244,-45.7886,-0.0003,-0.002,0.0004,0.002,339.7822,0.002022374841615668,0.007280549429816405,13.9073,6.548000000000002,-3.5004,-6.5815,7.454457888404763,15.37170443672399,0,06_345_354_14725_ego_345,0,14725,14725,14733,vehicle_vehicle,0.3245888242356748,1.5566383750505024,1.9168337608010584,12.463579037339152,15.0,3.0,3.5,0.8,0.02005517389602992,0.07219862602570772
6,345,14763,288,52.425,-45.7887,339.7883,2.0385,4.741,0.0003,-0.0018,-0.0006,0.0054,0.0009,0.0016,-0.0025,-0.0048,car,345,52.425,-45.7887,0.0003,-0.0018,0.0009,0.0016,339.7883,0.0018248287590894659,0.006569383532722077,0.0,0.0,0.0,0.0,0.0,0.0,1,06_345_354_14725_ego_345,1,14725,14725,14733,vehicle_vehicle,0.3245888242356748,1.5566383750505024,1.9168337608010584,12.463579037339152,15.0,3.0,3.5,0.8,0.02005517389602992,0.07219862602570772
6,346,14763,278,47.8981,-44.0794,340.5765,1.8132,2.8113,0.0125,-0.0101,-0.0094,-0.0203,0.0151,0.0054,-0.0022,0.0223,trailer,345,52.425,-45.7887,0.0003,-0.0018,0.0009,0.0016,339.7883,0.0018248287590894659,0.006569383532722077,-4.526899999999998,1.709299999999999,0.0122,-0.0083,0.014755676873664591,4.838856280155465,0,06_345_354_14725_ego_345,0,14725,14725,14733,vehicle_vehicle,0.3245888242356748,1.5566383750505024,1.9168337608010584,12.463579037339152,15.0,3.0,3.5,0.8,0.02005517389602992,0.07219862602570772
6,350,14763,228,69.5878,-63.0559,321.0458,1.9906,4.1702,5.7898,-4.2784,1.5218,2.2666,7.1923,-0.313,-0.2416,-2.7194,car,345,52.425,-45.7887,0.0003,-0.0018,0.0009,0.0016,339.7883,0.0018248287590894659,0.006569383532722077,17.162800000000004,-17.267200000000003,5.789499999999999,-4.2766,7.197750885519726,24.34579839890243,0,06_345_354_14725_ego_345,0,14725,14725,14733,vehicle_vehicle,0.3245888242356748,1.5566383750505024,1.9168337608010584,12.463579037339152,15.0,3.0,3.5,0.8,0.02005517389602992,0.07219862602570772
6,354,14763,166,58.5246,-45.4806,263.429,2.0931,4.5353,-0.4575,-7.6492,2.6043,-0.2243,7.6513,-0.4208,-0.0751,-2.6129,car,345,52.425,-45.7887,0.0003,-0.0018,0.0009,0.0016,339.7883,0.0018248287590894659,0.006569383532722077,6.099600000000002,0.30809999999999604,-0.45780000000000004,-7.6474,7.661090496789606,6.107376340950345,0,06_345_354_14725_ego_345,1,14725,14725,14733,vehicle_vehicle,0.3245888242356748,1.5566383750505024,1.9168337608010584,12.463579037339152,15.0,3.0,3.5,0.8,0.02005517389602992,0.07219862602570772
6,356,14763,118,66.1944,-39.5051,240.1072,2.2482,5.2722,-3.4024,-6.6352,2.5574,-1.2349,7.4482,-0.3571,-0.204,-2.8326,car,345,52.425,-45.7887,0.0003,-0.0018,0.0009,0.0016,339.7883,0.0018248287590894659,0.006569383532722077,13.769400000000005,6.2836,-3.4027000000000003,-6.6334,7.455223863171381,15.135389169757088,0,06_345_354_14725_ego_345,0,14725,14725,14733,vehicle_vehicle,0.3245888242356748,1.5566383750505024,1.9168337608010584,12.463579037339152,15.0,3.0,3.5,0.8,0.02005517389602992,0.07219862602570772
6,345,14764,289,52.4259,-45.7889,339.7923,2.0385,4.741,0.0003,-0.0015,-0.0054,0.0077,0.0008,0.0013,-0.0077,-0.0053,car,345,52.4259,-45.7889,0.0003,-0.0015,0.0008,0.0013,339.7923,0.0015297058540778355,0.005506941074680208,0.0,0.0,0.0,0.0,0.0,0.0,1,06_345_354_14725_ego_345,1,14725,14725,14733,vehicle_vehicle,0.3245888242356748,1.5566383750505024,1.9168337608010584,12.463579037339152,15.0,3.0,3.5,0.8,0.02005517389602992,0.07219862602570772
6,346,14764,279,47.8995,-44.0806,340.5711,1.8132,2.8113,0.0121,-0.0111,-0.0166,-0.013,0.0151,0.0065,-0.0113,0.0178,trailer,345,52.4259,-45.7889,0.0003,-0.0015,0.0008,0.0013,339.7923,0.0015297058540778355,0.005506941074680208,-4.526399999999995,1.7083000000000013,0.0118,-0.009600000000000001,0.015211837495845136,4.838035329552685,0,06_345_354_14725_ego_345,0,14725,14725,14733,vehicle_vehicle,0.3245888242356748,1.5566383750505024,1.9168337608010584,12.463579037339152,15.0,3.0,3.5,0.8,0.02005517389602992,0.07219862602570772
6,350,14764,229,69.8196,-63.2254,321.9065,1.9906,4.1702,5.8484,-4.1883,1.511,2.2659,7.1867,-0.3119,-0.2088,-2.7155,car,345,52.4259,-45.7889,0.0003,-0.0015,0.0008,0.0013,339.7923,0.0015297058540778355,0.005506941074680208,17.393699999999995,-17.436500000000002,5.8481,-4.1868,7.192327012170678,24.628689204665356,0,06_345_354_14725_ego_345,0,14725,14725,14733,vehicle_vehicle,0.3245888242356748,1.5566383750505024,1.9168337608010584,12.463579037339152,15.0,3.0,3.5,0.8,0.02005517389602992,0.07219862602570772
6,354,14764,167,58.5088,-45.7863,264.191,2.0931,4.5353,-0.3523,-7.6594,2.6034,-0.1951,7.6557,-0.4247,-0.0694,-2.6098,car,345,52.4259,-45.7889,0.0003,-0.0015,0.0008,0.0013,339.7923,0.0015297058540778355,0.005506941074680208,6.082900000000002,0.002600000000001046,-0.3526,-7.6579,7.6660132513582315,6.082900555655996,0,06_345_354_14725_ego_345,1,14725,14725,14733,vehicle_vehicle,0.3245888242356748,1.5566383750505024,1.9168337608010584,12.463579037339152,15.0,3.0,3.5,0.8,0.02005517389602992,0.07219862602570772
6,356,14764,119,66.0607,-39.7718,240.9505,2.2482,5.2722,-3.3033,-6.686,2.5852,-1.2129,7.4489,-0.3587,-0.1949,-2.8489,car,345,52.4259,-45.7889,0.0003,-0.0015,0.0008,0.0013,339.7923,0.0015297058540778355,0.005506941074680208,13.634799999999998,6.017099999999999,-3.3036000000000003,-6.6845,7.456293530300426,14.903464813592844,0,06_345_354_14725_ego_345,0,14725,14725,14733,vehicle_vehicle,0.3245888242356748,1.5566383750505024,1.9168337608010584,12.463579037339152,15.0,3.0,3.5,0.8,0.02005517389602992,0.07219862602570772
6,345,14765,290,52.427,-45.7893,339.7948,2.0385,4.741,-0.0002,-0.0009,-0.01,0.0098,0.0001,0.0009,-0.0127,-0.0057,car,345,52.427,-45.7893,-0.0002,-0.0009,0.0001,0.0009,339.7948,0.0009219544457292888,0.00331903600462544,0.0,0.0,0.0,0.0,0.0,0.0,1,06_345_354_14725_ego_345,1,14725,14725,14733,vehicle_vehicle,0.3245888242356748,1.5566383750505024,1.9168337608010584,12.463579037339152,15.0,3.0,3.5,0.8,0.02005517389602992,0.07219862602570772
6,346,14765,280,47.9012,-44.082,340.5798,1.8132,2.8113,0.011,-0.0115,-0.0236,-0.0057,0.0142,0.0072,-0.0203,0.0132,trailer,345,52.427,-45.7893,-0.0002,-0.0009,0.0001,0.0009,339.7948,0.0009219544457292888,0.00331903600462544,-4.525799999999997,1.7072999999999965,0.0112,-0.0106,0.015420765220960989,4.8371209339854175,0,06_345_354_14725_ego_345,0,14725,14725,14733,vehicle_vehicle,0.3245888242356748,1.5566383750505024,1.9168337608010584,12.463579037339152,15.0,3.0,3.5,0.8,0.02005517389602992,0.07219862602570772
6,350,14765,230,70.0535,-63.3911,322.7609,1.9906,4.1702,5.907,-4.0982,1.5023,2.2658,7.1827,-0.312,-0.1751,-2.7129,car,345,52.427,-45.7893,-0.0002,-0.0009,0.0001,0.0009,339.7948,0.0009219544457292888,0.00331903600462544,17.6265,-17.601800000000004,5.9072000000000005,-4.097300000000001,7.189080548303796,24.910175942574153,0,06_345_354_14725_ego_345,0,14725,14725,14733,vehicle_vehicle,0.3245888242356748,1.5566383750505024,1.9168337608010584,12.463579037339152,15.0,3.0,3.5,0.8,0.02005517389602992,0.07219862602570772
6,354,14765,168,58.4973,-46.0924,264.9573,2.0931,4.5353,-0.2474,-7.6686,2.6016,-0.1645,7.6606,-0.4277,-0.0648,-2.606,car,345,52.427,-45.7893,-0.0002,-0.0009,0.0001,0.0009,339.7948,0.0009219544457292888,0.00331903600462544,6.070300000000003,-0.3031000000000006,-0.2472,-7.6677,7.671683721973944,6.077862428518767,0,06_345_354_14725_ego_345,1,14725,14725,14733,vehicle_vehicle,0.3245888242356748,1.5566383750505024,1.9168337608010584,12.463579037339152,15.0,3.0,3.5,0.8,0.02005517389602992,0.07219862602570772
6,356,14765,120,65.9309,-40.0404,241.8117,2.2482,5.2722,-3.2032,-6.7358,2.6161,-1.1897,7.4501,-0.3585,-0.1872,-2.8678,car,345,52.427,-45.7893,-0.0002,-0.0009,0.0001,0.0009,339.7948,0.0009219544457292888,0.00331903600462544,13.503899999999994,5.748899999999999,-3.203,-6.7349000000000006,7.4577534827855505,14.67668785591626,0,06_345_354_14725_ego_345,0,14725,14725,14733,vehicle_vehicle,0.3245888242356748,1.5566383750505024,1.9168337608010584,12.463579037339152,15.0,3.0,3.5,0.8,0.02005517389602992,0.07219862602570772
6,345,14766,291,52.4275,-45.7897,339.7931,2.0385,4.741,-0.0012,-0.0002,-0.0141,0.0116,-0.0011,0.0006,-0.0172,-0.006,car,345,52.4275,-45.7897,-0.0012,-0.0002,-0.0011,0.0006,339.7931,0.001216552506059644,0.004379589021814718,0.0,0.0,0.0,0.0,0.0,0.0,1,06_345_354_14725_ego_345,1,14725,14725,14733,vehicle_vehicle,0.3245888242356748,1.5566383750505024,1.9168337608010584,12.463579037339152,15.0,3.0,3.5,0.8,0.02005517389602992,0.07219862602570772
6,346,14766,281,47.9024,-44.0835,340.5781,1.8132,2.8113,0.0093,-0.0111,-0.0299,0.0013,0.0125,0.0074,-0.0286,0.0087,trailer,345,52.4275,-45.7897,-0.0012,-0.0002,-0.0011,0.0006,339.7931,0.001216552506059644,0.004379589021814718,-4.525100000000002,1.7062000000000026,0.010499999999999999,-0.0109,0.015134728276384745,4.836077796107092,0,06_345_354_14725_ego_345,0,14725,14725,14733,vehicle_vehicle,0.3245888242356748,1.5566383750505024,1.9168337608010584,12.463579037339152,15.0,3.0,3.5,0.8,0.02005517389602992,0.07219862602570772
6,350,14766,231,70.29,-63.5531,323.6178,1.9906,4.1702,5.9657,-4.0081,1.4952,2.2662,7.1803,-0.3118,-0.1405,-2.7113,car,345,52.4275,-45.7897,-0.0012,-0.0002,-0.0011,0.0006,339.7931,0.001216552506059644,0.004379589021814718,17.862500000000004,-17.763399999999997,5.9669,-4.007899999999999,7.187987063149181,25.191412937943756,0,06_345_354_14725_ego_345,0,14725,14725,14733,vehicle_vehicle,0.3245888242356748,1.5566383750505024,1.9168337608010584,12.463579037339152,15.0,3.0,3.5,0.8,0.02005517389602992,0.07219862602570772
6,354,14766,169,58.4898,-46.3993,265.7351,2.0931,4.5353,-0.1426,-7.6766,2.599,-0.1326,7.6659,-0.4287,-0.0611,-2.6017,car,345,52.4275,-45.7897,-0.0012,-0.0002,-0.0011,0.0006,339.7931,0.001216552506059644,0.004379589021814718,6.0623000000000005,-0.6095999999999933,-0.1414,-7.676399999999999,7.677702190108704,6.0928723480801725,0,06_345_354_14725_ego_345,1,14725,14725,14733,vehicle_vehicle,0.3245888242356748,1.5566383750505024,1.9168337608010584,12.463579037339152,15.0,3.0,3.5,0.8,0.02005517389602992,0.07219862602570772
6,356,14766,121,65.8048,-40.3109,242.6822,2.2482,5.2722,-3.1018,-6.7847,2.6503,-1.1651,7.4515,-0.3578,-0.1811,-2.8894,car,345,52.4275,-45.7897,-0.0012,-0.0002,-0.0011,0.0006,339.7931,0.001216552506059644,0.004379589021814718,13.377299999999998,5.478800000000007,-3.1006,-6.7844999999999995,7.459434335792493,14.455774096533192,0,06_345_354_14725_ego_345,0,14725,14725,14733,vehicle_vehicle,0.3245888242356748,1.5566383750505024,1.9168337608010584,12.463579037339152,15.0,3.0,3.5,0.8,0.02005517389602992,0.07219862602570772
6,345,14767,292,52.4277,-45.7899,339.7857,2.0385,4.741,-0.0024,0.0008,-0.0176,0.013,-0.0025,0.0001,-0.021,-0.0061,car,345,52.4277,-45.7899,-0.0024,0.0008,-0.0025,0.0001,339.7857,0.002529822128134703,0.009107359661284932,0.0,0.0,0.0,0.0,0.0,0.0,1,06_345_354_14725_ego_345,1,14725,14725,14733,vehicle_vehicle,0.3245888242356748,1.5566383750505024,1.9168337608010584,12.463579037339152,15.0,3.0,3.5,0.8,0.02005517389602992,0.07219862602570772
6,346,14767,282,47.9033,-44.0845,340.5742,1.8132,2.8113,0.0072,-0.0103,-0.0354,0.0076,0.0102,0.0073,-0.0359,0.0046,trailer,345,52.4277,-45.7899,-0.0024,0.0008,-0.0025,0.0001,339.7857,0.002529822128134703,0.009107359661284932,-4.5244,1.7054000000000045,0.0096,-0.0111,0.01467548977036201,4.835140589476175,0,06_345_354_14725_ego_345,0,14725,14725,14733,vehicle_vehicle,0.3245888242356748,1.5566383750505024,1.9168337608010584,12.463579037339152,15.0,3.0,3.5,0.8,0.02005517389602992,0.07219862602570772
6,350,14767,232,70.5284,-63.7117,324.4709,1.9906,4.1702,6.0246,-3.918,1.4893,2.2671,7.1798,-0.3125,-0.1055,-2.7104,car,345,52.4277,-45.7899,-0.0024,0.0008,-0.0025,0.0001,339.7857,0.002529822128134703,0.009107359661284932,18.100700000000003,-17.921799999999998,6.027,-3.9188,7.189000100153011,25.472068147875234,0,06_345_354_14725_ego_345,0,14725,14725,14733,vehicle_vehicle,0.3245888242356748,1.5566383750505024,1.9168337608010584,12.463579037339152,15.0,3.0,3.5,0.8,0.02005517389602992,0.07219862602570772
6,354,14767,170,58.4867,-46.7062,266.5038,2.0931,4.5353,-0.0381,-7.6834,2.5959,-0.0992,7.6714,-0.4305,-0.0593,-2.5971,car,345,52.4277,-45.7899,-0.0024,0.0008,-0.0025,0.0001,339.7857,0.002529822128134703,0.009107359661284932,6.0589999999999975,-0.9162999999999997,-0.0357,-7.6842,7.684282928809949,6.1278941480740325,0,06_345_354_14725_ego_345,1,14725,14725,14733,vehicle_vehicle,0.3245888242356748,1.5566383750505024,1.9168337608010584,12.463579037339152,15.0,3.0,3.5,0.8,0.02005517389602992,0.07219862602570772
6,356,14767,122,65.6822,-40.583,243.5572,2.2482,5.2722,-2.9987,-6.8327,2.6876,-1.1392,7.4532,-0.3576,-0.1767,-2.9137,car,345,52.4277,-45.7899,-0.0024,0.0008,-0.0025,0.0001,339.7857,0.002529822128134703,0.009107359661284932,13.254499999999993,5.2069000000000045,-2.9962999999999997,-6.8335,7.4615371030371485,14.2405610093142,0,06_345_354_14725_ego_345,0,14725,14725,14733,vehicle_vehicle,0.3245888242356748,1.5566383750505024,1.9168337608010584,12.463579037339152,15.0,3.0,3.5,0.8,0.02005517389602992,0.07219862602570772
6,345,14768,293,52.4273,-45.79,339.772,2.0385,4.741,-0.0037,0.0018,-0.0205,0.0138,-0.0041,-0.0004,-0.024,-0.0059,car,345,52.4273,-45.79,-0.0037,0.0018,-0.0041,-0.0004,339.772,0.0041146081222881966,0.014812589240237508,0.0,0.0,0.0,0.0,0.0,0.0,1,06_345_354_14725_ego_345,1,14725,14725,14733,vehicle_vehicle,0.3245888242356748,1.5566383750505024,1.9168337608010584,12.463579037339152,15.0,3.0,3.5,0.8,0.02005517389602992,0.07219862602570772
6,346,14768,283,47.9038,-44.0857,340.5578,1.8132,2.8113,0.0047,-0.0089,-0.0399,0.0129,0.0074,0.0068,-0.0419,0.0011,trailer,345,52.4273,-45.79,-0.0037,0.0018,-0.0041,-0.0004,339.772,0.0041146081222881966,0.014812589240237508,-4.523500000000006,1.7042999999999964,0.008400000000000001,-0.0107,0.013603308421115798,4.833910501860791,0,06_345_354_14725_ego_345,0,14725,14725,14733,vehicle_vehicle,0.3245888242356748,1.5566383750505024,1.9168337608010584,12.463579037339152,15.0,3.0,3.5,0.8,0.02005517389602992,0.07219862602570772
6,350,14768,233,70.7697,-63.8668,325.3494,1.9906,4.1702,6.0837,-3.8278,1.484,2.2685,7.181,-0.3101,-0.069,-2.7099,car,345,52.4273,-45.79,-0.0037,0.0018,-0.0041,-0.0004,339.772,0.0041146081222881966,0.014812589240237508,18.342399999999998,-18.0768,6.087400000000001,-3.8295999999999997,7.191820000528378,25.752948103081323,0,06_345_354_14725_ego_345,0,14725,14725,14733,vehicle_vehicle,0.3245888242356748,1.5566383750505024,1.9168337608010584,12.463579037339152,15.0,3.0,3.5,0.8,0.02005517389602992,0.07219862602570772
6,354,14768,171,58.4877,-47.0138,267.2796,2.0931,4.5353,0.066,-7.6888,2.5923,-0.0643,7.677,-0.4309,-0.0588,-2.5924,car,345,52.4273,-45.79,-0.0037,0.0018,-0.0041,-0.0004,339.772,0.0041146081222881966,0.014812589240237508,6.060399999999994,-1.2238000000000042,0.0697,-7.6906,7.690915839482318,6.182728734143197,0,06_345_354_14725_ego_345,1,14725,14725,14733,vehicle_vehicle,0.3245888242356748,1.5566383750505024,1.9168337608010584,12.463579037339152,15.0,3.0,3.5,0.8,0.02005517389602992,0.07219862602570772
6,356,14768,123,65.5628,-40.8568,244.4447,2.2482,5.2722,-2.8936,-6.8798,2.7275,-1.1119,7.455,-0.3573,-0.1735,-2.9403,car,345,52.4273,-45.79,-0.0037,0.0018,-0.0041,-0.0004,339.772,0.0041146081222881966,0.014812589240237508,13.135499999999993,4.933199999999999,-2.8899000000000004,-6.881600000000001,7.46377522236569,14.031315778999481,0,06_345_354_14725_ego_345,0,14725,14725,14733,vehicle_vehicle,0.3245888242356748,1.5566383750505024,1.9168337608010584,12.463579037339152,15.0,3.0,3.5,0.8,0.02005517389602992,0.07219862602570772
6,345,14769,294,52.4272,-45.7903,339.7554,2.0385,4.741,-0.0051,0.0031,-0.0228,0.0141,-0.0059,-0.0011,-0.0262,-0.0054,car,345,52.4272,-45.7903,-0.0051,0.0031,-0.0059,-0.0011,339.7554,0.005968249324550709,0.021485697568382554,0.0,0.0,0.0,0.0,0.0,0.0,1,06_345_354_14725_ego_345,1,14725,14725,14733,vehicle_vehicle,0.3245888242356748,1.5566383750505024,1.9168337608010584,12.463579037339152,15.0,3.0,3.5,0.8,0.02005517389602992,0.07219862602570772
6,346,14769,284,47.904,-44.0863,340.5334,1.8132,2.8113,0.002,-0.0071,-0.0433,0.017,0.0043,0.006,-0.0465,-0.0016,trailer,345,52.4272,-45.7903,-0.0051,0.0031,-0.0059,-0.0011,339.7554,0.005968249324550709,0.021485697568382554,-4.523199999999996,1.7040000000000006,0.0071,-0.0102,0.012427791436936815,4.833523998078417,0,06_345_354_14725_ego_345,0,14725,14725,14733,vehicle_vehicle,0.3245888242356748,1.5566383750505024,1.9168337608010584,12.463579037339152,15.0,3.0,3.5,0.8,0.02005517389602992,0.07219862602570772
6,350,14769,234,71.0131,-64.0182,326.2276,1.9906,4.1702,6.143,-3.7374,1.479,2.2704,7.184,-0.3081,-0.0327,-2.7095,car,345,52.4272,-45.7903,-0.0051,0.0031,-0.0059,-0.0011,339.7554,0.005968249324550709,0.021485697568382554,18.585899999999995,-18.22789999999999,6.1480999999999995,-3.7405,7.196559862878929,26.032518457114357,0,06_345_354_14725_ego_345,0,14725,14725,14733,vehicle_vehicle,0.3245888242356748,1.5566383750505024,1.9168337608010584,12.463579037339152,15.0,3.0,3.5,0.8,0.02005517389602992,0.07219862602570772
6,354,14769,172,58.4925,-47.3218,268.0475,2.0931,4.5353,0.17,-7.6926,2.5884,-0.028,7.6824,-0.432,-0.0602,-2.5879,car,345,52.4272,-45.7903,-0.0051,0.0031,-0.0059,-0.0011,339.7554,0.005968249324550709,0.021485697568382554,6.065300000000001,-1.5315000000000012,0.1751,-7.6956999999999995,7.6976917644187335,6.255665938970847,0,06_345_354_14725_ego_345,1,14725,14725,14733,vehicle_vehicle,0.3245888242356748,1.5566383750505024,1.9168337608010584,12.463579037339152,15.0,3.0,3.5,0.8,0.02005517389602992,0.07219862602570772
6,356,14769,124,65.4475,-41.1328,245.3436,2.2482,5.2722,-2.7861,-6.9258,2.7694,-1.083,7.4566,-0.3572,-0.1711,-2.9688,car,345,52.4272,-45.7903,-0.0051,0.0031,-0.0059,-0.0011,339.7554,0.005968249324550709,0.021485697568382554,13.020300000000006,4.657499999999999,-2.7809999999999997,-6.9289,7.466164759098207,13.828250733191098,0,06_345_354_14725_ego_345,0,14725,14725,14733,vehicle_vehicle,0.3245888242356748,1.5566383750505024,1.9168337608010584,12.463579037339152,15.0,3.0,3.5,0.8,0.02005517389602992,0.07219862602570772
6,345,14770,295,52.4269,-45.7897,339.7453,2.0385,4.741,-0.0066,0.0041,-0.0245,0.0138,-0.0076,-0.0016,-0.0278,-0.0045,car,345,52.4269,-45.7897,-0.0066,0.0041,-0.0076,-0.0016,339.7453,0.007769813382572325,0.02797132817726037,0.0,0.0,0.0,0.0,0.0,0.0,1,06_345_354_14725_ego_345,1,14725,14725,14733,vehicle_vehicle,0.3245888242356748,1.5566383750505024,1.9168337608010584,12.463579037339152,15.0,3.0,3.5,0.8,0.02005517389602992,0.07219862602570772
6,346,14770,285,47.9041,-44.0865,340.4881,1.8132,2.8113,-0.0008,-0.0053,-0.0456,0.0199,0.001,0.0052,-0.0497,-0.0036,trailer,345,52.4269,-45.7897,-0.0066,0.0041,-0.0076,-0.0016,339.7453,0.007769813382572325,0.02797132817726037,-4.522800000000004,1.7032000000000025,0.0058,-0.0094,0.01104536101718726,4.8328676869949625,0,06_345_354_14725_ego_345,0,14725,14725,14733,vehicle_vehicle,0.3245888242356748,1.5566383750505024,1.9168337608010584,12.463579037339152,15.0,3.0,3.5,0.8,0.02005517389602992,0.07219862602570772
6,350,14770,235,71.2586,-64.1665,327.1108,1.9906,4.1702,6.2027,-3.6468,1.4738,2.2726,7.1888,-0.3058,0.0036,-2.7086,car,345,52.4269,-45.7897,-0.0066,0.0041,-0.0076,-0.0016,339.7453,0.007769813382572325,0.02797132817726037,18.831699999999998,-18.376799999999996,6.2093,-3.6509,7.203088039167646,26.312348871394963,0,06_345_354_14725_ego_345,0,14725,14725,14733,vehicle_vehicle,0.3245888242356748,1.5566383750505024,1.9168337608010584,12.463579037339152,15.0,3.0,3.5,0.8,0.02005517389602992,0.07219862602570772
6,354,14770,173,58.502,-47.6299,268.8236,2.0931,4.5353,0.2736,-7.6949,2.5844,0.0094,7.6876,-0.4315,-0.0625,-2.5836,car,345,52.4269,-45.7897,-0.0066,0.0041,-0.0076,-0.0016,339.7453,0.007769813382572325,0.02797132817726037,6.075099999999999,-1.8401999999999958,0.2802,-7.699,7.704097159304262,6.347690607614707,0,06_345_354_14725_ego_345,1,14725,14725,14733,vehicle_vehicle,0.3245888242356748,1.5566383750505024,1.9168337608010584,12.463579037339152,15.0,3.0,3.5,0.8,0.02005517389602992,0.07219862602570772
6,356,14770,125,65.3366,-41.4104,246.2491,2.2482,5.2722,-2.6763,-6.9708,2.8127,-1.0525,7.4583,-0.3579,-0.1695,-2.9984,car,345,52.4269,-45.7897,-0.0066,0.0041,-0.0076,-0.0016,339.7453,0.007769813382572325,0.02797132817726037,12.9097,4.379300000000001,-2.6696999999999997,-6.9749,7.468368503227461,13.632264029866793,0,06_345_354_14725_ego_345,0,14725,14725,14733,vehicle_vehicle,0.3245888242356748,1.5566383750505024,1.9168337608010584,12.463579037339152,15.0,3.0,3.5,0.8,0.02005517389602992,0.07219862602570772
6,345,14771,296,52.4269,-45.7892,339.7414,2.0385,4.741,-0.0082,0.005,-0.0256,0.0131,-0.0095,-0.0019,-0.0285,-0.0034,car,345,52.4269,-45.7892,-0.0082,0.005,-0.0095,-0.0019,339.7414,0.009604165762834377,0.034574996746203755,0.0,0.0,0.0,0.0,0.0,0.0,1,06_345_354_14725_ego_345,1,14725,14725,14733,vehicle_vehicle,0.3245888242356748,1.5566383750505024,1.9168337608010584,12.463579037339152,15.0,3.0,3.5,0.8,0.02005517389602992,0.07219862602570772
6,346,14771,286,47.9047,-44.0863,340.4014,1.8132,2.8113,-0.004,-0.0034,-0.0467,0.0218,-0.0026,0.0046,-0.0513,-0.0048,trailer,345,52.4269,-45.7892,-0.0082,0.005,-0.0095,-0.0019,339.7414,0.009604165762834377,0.034574996746203755,-4.522200000000005,1.7028999999999996,0.004200000000000001,-0.0084,0.009391485505499116,4.832200456313878,0,06_345_354_14725_ego_345,0,14725,14725,14733,vehicle_vehicle,0.3245888242356748,1.5566383750505024,1.9168337608010584,12.463579037339152,15.0,3.0,3.5,0.8,0.02005517389602992,0.07219862602570772
6,350,14771,236,71.5068,-64.3108,328.0028,1.9906,4.1702,6.2626,-3.556,1.4679,2.2749,7.1954,-0.3027,0.0395,-2.707,car,345,52.4269,-45.7892,-0.0082,0.005,-0.0095,-0.0019,339.7414,0.009604165762834377,0.034574996746203755,19.079899999999995,-18.5216,6.2708,-3.561,7.211355880831288,26.591206263913637,0,06_345_354_14725_ego_345,0,14725,14725,14733,vehicle_vehicle,0.3245888242356748,1.5566383750505024,1.9168337608010584,12.463579037339152,15.0,3.0,3.5,0.8,0.02005517389602992,0.07219862602570772
6,354,14771,174,58.516,-47.9382,269.5962,2.0931,4.5353,0.3766,-7.6954,2.5805,0.0479,7.6926,-0.4308,-0.0661,-2.5801,car,345,52.4269,-45.7892,-0.0082,0.005,-0.0095,-0.0019,339.7414,0.009604165762834377,0.034574996746203755,6.089099999999995,-2.149000000000001,0.3848,-7.7004,7.710008508425915,6.457192873842312,0,06_345_354_14725_ego_345,1,14725,14725,14733,vehicle_vehicle,0.3245888242356748,1.5566383750505024,1.9168337608010584,12.463579037339152,15.0,3.0,3.5,0.8,0.02005517389602992,0.07219862602570772
6,356,14771,126,65.2304,-41.6896,247.1597,2.2482,5.2722,-2.5642,-7.0148,2.8566,-1.0202,7.4601,-0.3597,-0.1686,-3.0287,car,345,52.4269,-45.7892,-0.0082,0.005,-0.0095,-0.0019,339.7414,0.009604165762834377,0.034574996746203755,12.8035,4.099600000000002,-2.556,-7.0198,7.470657805039661,13.443821346998034,0,06_345_354_14725_ego_345,0,14725,14725,14733,vehicle_vehicle,0.3245888242356748,1.5566383750505024,1.9168337608010584,12.463579037339152,15.0,3.0,3.5,0.8,0.02005517389602992,0.07219862602570772
6,345,14772,297,52.4271,-45.7889,339.7463,2.0385,4.741,-0.0101,0.0059,-0.0259,0.012,-0.0115,-0.002,-0.0285,-0.0023,car,345,52.4271,-45.7889,-0.0101,0.0059,-0.0115,-0.002,339.7463,0.011697008164483772,0.04210922939214158,0.0,0.0,0.0,0.0,0.0,0.0,1,06_345_354_14725_ego_345,1,14725,14725,14733,vehicle_vehicle,0.3245888242356748,1.5566383750505024,1.9168337608010584,12.463579037339152,15.0,3.0,3.5,0.8,0.02005517389602992,0.07219862602570772
6,346,14772,287,47.9049,-44.0864,340.3301,1.8132,2.8113,-0.0074,-0.0015,-0.0464,0.0226,-0.0065,0.0039,-0.0513,-0.0056,trailer,345,52.4271,-45.7889,-0.0101,0.0059,-0.0115,-0.002,339.7463,0.011697008164483772,0.04210922939214158,-4.522200000000005,1.7025000000000006,0.0026999999999999993,-0.0074,0.007877182237323192,4.83205950811867,0,06_345_354_14725_ego_345,0,14725,14725,14733,vehicle_vehicle,0.3245888242356748,1.5566383750505024,1.9168337608010584,12.463579037339152,15.0,3.0,3.5,0.8,0.02005517389602992,0.07219862602570772
6,350,14772,237,71.7576,-64.4512,328.8892,1.9906,4.1702,6.3226,-3.4651,1.4608,2.2772,7.2036,-0.3002,0.0741,-2.7045,car,345,52.4271,-45.7889,-0.0101,0.0059,-0.0115,-0.002,339.7463,0.011697008164483772,0.04210922939214158,19.330499999999994,-18.662300000000002,6.332700000000001,-3.471,7.221560100836938,26.869121153100632,0,06_345_354_14725_ego_345,0,14725,14725,14733,vehicle_vehicle,0.3245888242356748,1.5566383750505024,1.9168337608010584,12.463579037339152,15.0,3.0,3.5,0.8,0.02005517389602992,0.07219862602570772
6,354,14772,175,58.5337,-48.2468,270.3634,2.0931,4.5353,0.4792,-7.6941,2.5771,0.0872,7.697,-0.4304,-0.0708,-2.5776,car,345,52.4271,-45.7889,-0.0101,0.0059,-0.0115,-0.002,339.7463,0.011697008164483772,0.04210922939214158,6.1066,-2.457900000000002,0.4893,-7.699999999999999,7.715530732878976,6.582692152151733,0,06_345_354_14725_ego_345,1,14725,14725,14733,vehicle_vehicle,0.3245888242356748,1.5566383750505024,1.9168337608010584,12.463579037339152,15.0,3.0,3.5,0.8,0.02005517389602992,0.07219862602570772
6,356,14772,127,65.1285,-41.9706,248.0786,2.2482,5.2722,-2.4497,-7.0576,2.9006,-0.986,7.4619,-0.3623,-0.1682,-3.059,car,345,52.4271,-45.7889,-0.0101,0.0059,-0.0115,-0.002,339.7463,0.011697008164483772,0.04210922939214158,12.7014,3.8183000000000007,-2.4396,-7.0634999999999994,7.472929841099807,13.262917358183305,0,06_345_354_14725_ego_345,0,14725,14725,14733,vehicle_vehicle,0.3245888242356748,1.5566383750505024,1.9168337608010584,12.463579037339152,15.0,3.0,3.5,0.8,0.02005517389602992,0.07219862602570772
6,345,14773,298,52.4268,-45.7885,339.7477,2.0385,4.741,-0.0121,0.0066,-0.0254,0.0106,-0.0136,-0.002,-0.0275,-0.0012,car,345,52.4268,-45.7885,-0.0121,0.0066,-0.0136,-0.002,339.7477,0.013782960494755834,0.049618657781121005,0.0,0.0,0.0,0.0,0.0,0.0,1,06_345_354_14725_ego_345,1,14725,14725,14733,vehicle_vehicle,0.3245888242356748,1.5566383750505024,1.9168337608010584,12.463579037339152,15.0,3.0,3.5,0.8,0.02005517389602992,0.07219862602570772
6,346,14773,288,47.9047,-44.0868,340.2727,1.8132,2.8113,-0.0109,0.0006,-0.0445,0.0223,-0.0104,0.0031,-0.0494,-0.0059,trailer,345,52.4268,-45.7885,-0.0121,0.0066,-0.0136,-0.002,339.7477,0.013782960494755834,0.049618657781121005,-4.522100000000002,1.7017000000000024,0.0011999999999999997,-0.006,0.006118823416311342,4.831684105982098,0,06_345_354_14725_ego_345,0,14725,14725,14733,vehicle_vehicle,0.3245888242356748,1.5566383750505024,1.9168337608010584,12.463579037339152,15.0,3.0,3.5,0.8,0.02005517389602992,0.07219862602570772
6,350,14773,238,72.0112,-64.5874,329.7831,1.9906,4.1702,6.3825,-3.3743,1.4523,2.2798,7.2135,-0.2963,0.1076,-2.701,car,345,52.4268,-45.7885,-0.0121,0.0066,-0.0136,-0.002,339.7477,0.013782960494755834,0.049618657781121005,19.584400000000002,-18.798900000000003,6.3946000000000005,-3.3809,7.233352885764664,27.146774478195383,0,06_345_354_14725_ego_345,0,14725,14725,14733,vehicle_vehicle,0.3245888242356748,1.5566383750505024,1.9168337608010584,12.463579037339152,15.0,3.0,3.5,0.8,0.02005517389602992,0.07219862602570772
6,354,14773,176,58.5548,-48.5554,271.1229,2.0931,4.5353,0.5817,-7.6908,2.5743,0.1268,7.7007,-0.4309,-0.0764,-2.5763,car,345,52.4268,-45.7885,-0.0121,0.0066,-0.0136,-0.002,339.7477,0.013782960494755834,0.049618657781121005,6.128,-2.7668999999999997,0.5938,-7.6974,7.7202697621261915,6.7236983580467085,0,06_345_354_14725_ego_345,1,14725,14725,14733,vehicle_vehicle,0.3245888242356748,1.5566383750505024,1.9168337608010584,12.463579037339152,15.0,3.0,3.5,0.8,0.02005517389602992,0.07219862602570772
6,356,14773,128,65.0312,-42.2535,249.0042,2.2482,5.2722,-2.3328,-7.0992,2.9441,-0.9497,7.4637,-0.3657,-0.1682,-3.0889,car,345,52.4268,-45.7885,-0.0121,0.0066,-0.0136,-0.002,339.7477,0.013782960494755834,0.049618657781121005,12.604399999999998,3.5349999999999966,-2.3207000000000004,-7.1057999999999995,7.4751616791879485,13.090726655155548,0,06_345_354_14725_ego_345,0,14725,14725,14733,vehicle_vehicle,0.3245888242356748,1.5566383750505024,1.9168337608010584,12.463579037339152,15.0,3.0,3.5,0.8,0.02005517389602992,0.07219862602570772
6,345,14774,299,52.4266,-45.7882,339.755,2.0385,4.741,-0.0141,0.0073,-0.0239,0.009,-0.0158,-0.002,-0.0255,-0.0002,car,345,52.4266,-45.7882,-0.0141,0.0073,-0.0158,-0.002,339.755,0.01587765725792064,0.057159566128514305,0.0,0.0,0.0,0.0,0.0,0.0,1,06_345_354_14725_ego_345,1,14725,14725,14733,vehicle_vehicle,0.3245888242356748,1.5566383750505024,1.9168337608010584,12.463579037339152,15.0,3.0,3.5,0.8,0.02005517389602992,0.07219862602570772
6,346,14774,289,47.904,-44.0875,340.1923,1.8132,2.8113,-0.0141,0.0029,-0.041,0.0206,-0.0143,0.0021,-0.0456,-0.0055,trailer,345,52.4266,-45.7882,-0.0141,0.0073,-0.0158,-0.002,339.755,0.01587765725792064,0.057159566128514305,-4.522599999999997,1.7007000000000048,0.0,-0.0044,0.0044,4.83180000103481,0,06_345_354_14725_ego_345,0,14725,14725,14733,vehicle_vehicle,0.3245888242356748,1.5566383750505024,1.9168337608010584,12.463579037339152,15.0,3.0,3.5,0.8,0.02005517389602992,0.07219862602570772
6,350,14774,239,72.2668,-64.7196,330.6738,1.9906,4.1702,6.4424,-3.2838,1.4422,2.2829,7.2252,-0.2924,0.1393,-2.6967,car,345,52.4266,-45.7882,-0.0141,0.0073,-0.0158,-0.002,339.755,0.01587765725792064,0.057159566128514305,19.840200000000003,-18.931399999999996,6.4565,-3.2910999999999997,7.24691185678424,27.423191681494696,0,06_345_354_14725_ego_345,0,14725,14725,14733,vehicle_vehicle,0.3245888242356748,1.5566383750505024,1.9168337608010584,12.463579037339152,15.0,3.0,3.5,0.8,0.02005517389602992,0.07219862602570772
6,354,14774,177,58.5807,-48.8635,271.8901,2.0931,4.5353,0.6839,-7.6858,2.5722,0.1666,7.7041,-0.43,-0.0816,-2.5763,car,345,52.4266,-45.7882,-0.0141,0.0073,-0.0158,-0.002,339.755,0.01587765725792064,0.057159566128514305,6.1541,-3.0752999999999986,0.698,-7.6931,7.724700098385697,6.879710524433422,0,06_345_354_14725_ego_345,1,14725,14725,14733,vehicle_vehicle,0.3245888242356748,1.5566383750505024,1.9168337608010584,12.463579037339152,15.0,3.0,3.5,0.8,0.02005517389602992,0.07219862602570772
6,356,14774,129,64.9393,-42.5381,249.9464,2.2482,5.2722,-2.2137,-7.1393,2.9865,-0.9113,7.4656,-0.3685,-0.168,-3.1179,car,345,52.4266,-45.7882,-0.0141,0.0073,-0.0158,-0.002,339.755,0.01587765725792064,0.057159566128514305,12.512700000000002,3.2501000000000033,-2.1995999999999998,-7.1466,7.477441522339042,12.927908233739906,0,06_345_354_14725_ego_345,0,14725,14725,14733,vehicle_vehicle,0.3245888242356748,1.5566383750505024,1.9168337608010584,12.463579037339152,15.0,3.0,3.5,0.8,0.02005517389602992,0.07219862602570772
6,345,14775,300,52.4265,-45.788,339.7628,2.0385,4.741,-0.0163,0.008,-0.0212,0.007,-0.0181,-0.0018,-0.0223,0.0007,car,345,52.4265,-45.788,-0.0163,0.008,-0.0181,-0.0018,339.7628,0.018157367650626012,0.06536652354225364,0.0,0.0,0.0,0.0,0.0,0.0,1,06_345_354_14725_ego_345,1,14725,14725,14733,vehicle_vehicle,0.3245888242356748,1.5566383750505024,1.9168337608010584,12.463579037339152,15.0,3.0,3.5,0.8,0.02005517389602992,0.07219862602570772
6,346,14775,290,47.9032,-44.0877,340.1262,1.8132,2.8113,-0.0172,0.0053,-0.0361,0.0175,-0.018,0.0008,-0.0399,-0.0042,trailer,345,52.4265,-45.788,-0.0163,0.008,-0.0181,-0.0018,339.7628,0.018157367650626012,0.06536652354225364,-4.523299999999999,1.7002999999999986,-0.0009000000000000015,-0.0027,0.002846049894151542,4.832314453758156,0,06_345_354_14725_ego_345,0,14725,14725,14733,vehicle_vehicle,0.3245888242356748,1.5566383750505024,1.9168337608010584,12.463579037339152,15.0,3.0,3.5,0.8,0.02005517389602992,0.07219862602570772
6,350,14775,240,72.5249,-64.8487,331.569,1.9906,4.1702,6.5023,-3.1934,1.4301,2.2868,7.2384,-0.2875,0.1689,-2.6918,car,345,52.4265,-45.788,-0.0163,0.008,-0.0181,-0.0018,339.7628,0.018157367650626012,0.06536652354225364,20.098400000000005,-19.060699999999997,6.5186,-3.2014,7.2623073413344335,27.69938568001103,0,06_345_354_14725_ego_345,0,14725,14725,14733,vehicle_vehicle,0.3245888242356748,1.5566383750505024,1.9168337608010584,12.463579037339152,15.0,3.0,3.5,0.8,0.02005517389602992,0.07219862602570772
6,354,14775,178,58.6103,-49.1716,272.6734,2.0931,4.5353,0.786,-7.6788,2.5709,0.2062,7.7071,-0.4269,-0.086,-2.5777,car,345,52.4265,-45.788,-0.0163,0.008,-0.0181,-0.0018,339.7628,0.018157367650626012,0.06536652354225364,6.183800000000005,-3.3836000000000013,0.8023,-7.6868,7.728556109002509,7.048980876694167,0,06_345_354_14725_ego_345,1,14725,14725,14733,vehicle_vehicle,0.3245888242356748,1.5566383750505024,1.9168337608010584,12.463579037339152,15.0,3.0,3.5,0.8,0.02005517389602992,0.07219862602570772
6,356,14775,130,64.8524,-42.8243,250.9002,2.2482,5.2722,-2.0927,-7.178,3.0274,-0.8707,7.4676,-0.3712,-0.1679,-3.1457,car,345,52.4265,-45.788,-0.0163,0.008,-0.0181,-0.0018,339.7628,0.018157367650626012,0.06536652354225364,12.425900000000006,2.963699999999996,-2.0763999999999996,-7.186,7.479975465200404,12.774447483159502,0,06_345_354_14725_ego_345,0,14725,14725,14733,vehicle_vehicle,0.3245888242356748,1.5566383750505024,1.9168337608010584,12.463579037339152,15.0,3.0,3.5,0.8,0.02005517389602992,0.07219862602570772
6,345,14776,301,52.4265,-45.788,339.7742,2.0385,4.741,-0.0187,0.0087,-0.0171,0.0047,-0.0206,-0.0017,-0.0177,0.0015,car,345,52.4265,-45.788,-0.0187,0.0087,-0.0206,-0.0017,339.7742,0.020624742422634037,0.07424907272148254,0.0,0.0,0.0,0.0,0.0,0.0,1,06_345_354_14725_ego_345,1,14725,14725,14733,vehicle_vehicle,0.3245888242356748,1.5566383750505024,1.9168337608010584,12.463579037339152,15.0,3.0,3.5,0.8,0.02005517389602992,0.07219862602570772
6,346,14776,291,47.902,-44.0874,340.0642,1.8132,2.8113,-0.0199,0.0076,-0.0299,0.0127,-0.0213,-0.0004,-0.0324,-0.0018,trailer,345,52.4265,-45.788,-0.0187,0.0087,-0.0206,-0.0017,339.7742,0.020624742422634037,0.07424907272148254,-4.524499999999996,1.7005999999999943,-0.0011999999999999997,-0.0010999999999999994,0.00162788205960997,4.833543276934629,0,06_345_354_14725_ego_345,0,14725,14725,14733,vehicle_vehicle,0.3245888242356748,1.5566383750505024,1.9168337608010584,12.463579037339152,15.0,3.0,3.5,0.8,0.02005517389602992,0.07219862602570772
6,350,14776,241,72.7852,-64.9742,332.4594,1.9906,4.1702,6.562,-3.1029,1.4156,2.2916,7.2531,-0.2828,0.1957,-2.6865,car,345,52.4265,-45.788,-0.0187,0.0087,-0.0206,-0.0017,339.7742,0.020624742422634037,0.07424907272148254,20.358700000000006,-19.1862,6.5807,-3.1116,7.27926280951581,27.974755336374262,0,06_345_354_14725_ego_345,0,14725,14725,14733,vehicle_vehicle,0.3245888242356748,1.5566383750505024,1.9168337608010584,12.463579037339152,15.0,3.0,3.5,0.8,0.02005517389602992,0.07219862602570772
6,354,14776,179,58.6436,-49.4791,273.467,2.0931,4.5353,0.888,-7.67,2.5703,0.2454,7.7097,-0.4226,-0.0895,-2.5805,car,345,52.4265,-45.788,-0.0187,0.0087,-0.0206,-0.0017,339.7742,0.020624742422634037,0.07424907272148254,6.217100000000002,-3.691100000000006,0.9067000000000001,-7.6787,7.732046209122137,7.230252528093335,0,06_345_354_14725_ego_345,1,14725,14725,14733,vehicle_vehicle,0.3245888242356748,1.5566383750505024,1.9168337608010584,12.463579037339152,15.0,3.0,3.5,0.8,0.02005517389602992,0.07219862602570772
6,356,14776,131,64.7709,-43.1123,251.8509,2.2482,5.2722,-1.97,-7.2149,3.0668,-0.8279,7.4696,-0.3754,-0.1686,-3.1721,car,345,52.4265,-45.788,-0.0187,0.0087,-0.0206,-0.0017,339.7742,0.020624742422634037,0.07424907272148254,12.3444,2.675699999999999,-1.9513,-7.2236,7.482510851980103,12.631056244431816,0,06_345_354_14725_ego_345,0,14725,14725,14733,vehicle_vehicle,0.3245888242356748,1.5566383750505024,1.9168337608010584,12.463579037339152,15.0,3.0,3.5,0.8,0.02005517389602992,0.07219862602570772
6,345,14777,302,52.4266,-45.788,339.7837,2.0385,4.741,-0.0212,0.0094,-0.0114,0.0019,-0.0232,-0.0015,-0.0113,0.0021,car,345,52.4266,-45.788,-0.0212,0.0094,-0.0232,-0.0015,339.7837,0.02319051530259731,0.08348585508935032,0.0,0.0,0.0,0.0,0.0,0.0,1,06_345_354_14725_ego_345,1,14725,14725,14733,vehicle_vehicle,0.3245888242356748,1.5566383750505024,1.9168337608010584,12.463579037339152,15.0,3.0,3.5,0.8,0.02005517389602992,0.07219862602570772
6,346,14777,292,47.9014,-44.0869,340.0317,1.8132,2.8113,-0.0224,0.0096,-0.0224,0.0064,-0.0243,-0.0014,-0.0232,0.0016,trailer,345,52.4266,-45.788,-0.0212,0.0094,-0.0232,-0.0015,339.7837,0.02319051530259731,0.08348585508935032,-4.525199999999998,1.7010999999999967,-0.0011999999999999997,0.0001999999999999988,0.0012165525060596435,4.83437444246926,0,06_345_354_14725_ego_345,0,14725,14725,14733,vehicle_vehicle,0.3245888242356748,1.5566383750505024,1.9168337608010584,12.463579037339152,15.0,3.0,3.5,0.8,0.02005517389602992,0.07219862602570772
6,350,14777,242,73.0484,-65.0964,333.335,1.9906,4.1702,6.6213,-3.0123,1.3986,2.2975,7.2689,-0.2795,0.2188,-2.6808,car,345,52.4266,-45.788,-0.0212,0.0094,-0.0232,-0.0015,339.7837,0.02319051530259731,0.08348585508935032,20.6218,-19.308400000000006,6.6425,-3.0217,7.2974980054810565,28.250184880810963,0,06_345_354_14725_ego_345,0,14725,14725,14733,vehicle_vehicle,0.3245888242356748,1.5566383750505024,1.9168337608010584,12.463579037339152,15.0,3.0,3.5,0.8,0.02005517389602992,0.07219862602570772
6,354,14777,180,58.6811,-49.7864,274.2794,2.0931,4.5353,0.9901,-7.6594,2.5706,0.2838,7.7119,-0.4158,-0.0912,-2.5846,car,345,52.4266,-45.788,-0.0212,0.0094,-0.0232,-0.0015,339.7837,0.02319051530259731,0.08348585508935032,6.2545,-3.9984000000000037,1.0113,-7.6688,7.735193671137136,7.423339734243613,0,06_345_354_14725_ego_345,1,14725,14725,14733,vehicle_vehicle,0.3245888242356748,1.5566383750505024,1.9168337608010584,12.463579037339152,15.0,3.0,3.5,0.8,0.02005517389602992,0.07219862602570772
6,356,14777,132,64.6942,-43.4017,252.8063,2.2482,5.2722,-1.8455,-7.2501,3.1045,-0.783,7.4717,-0.3801,-0.1697,-3.1972,car,345,52.4266,-45.788,-0.0212,0.0094,-0.0232,-0.0015,339.7837,0.02319051530259731,0.08348585508935032,12.267599999999995,2.3862999999999985,-1.8242999999999998,-7.2595,7.4852128052581115,12.497537255395555,0,06_345_354_14725_ego_345,0,14725,14725,14733,vehicle_vehicle,0.3245888242356748,1.5566383750505024,1.9168337608010584,12.463579037339152,15.0,3.0,3.5,0.8,0.02005517389602992,0.07219862602570772
6,345,14778,303,52.4269,-45.788,339.7924,2.0385,4.741,-0.024,0.0102,-0.0035,-0.0015,-0.0261,-0.0013,-0.0028,0.0026,car,345,52.4269,-45.788,-0.024,0.0102,-0.0261,-0.0013,339.7924,0.026077576574520877,0.09387927566827516,0.0,0.0,0.0,0.0,0.0,0.0,1,06_345_354_14725_ego_345,1,14725,14725,14733,vehicle_vehicle,0.3245888242356748,1.5566383750505024,1.9168337608010584,12.463579037339152,15.0,3.0,3.5,0.8,0.02005517389602992,0.07219862602570772
6,346,14778,293,47.9012,-44.0862,340.0327,1.8132,2.8113,-0.0248,0.0112,-0.0134,-0.0013,-0.0272,-0.0021,-0.0122,0.0058,trailer,345,52.4269,-45.788,-0.024,0.0102,-0.0261,-0.0013,339.7924,0.026077576574520877,0.09387927566827516,-4.5257000000000005,1.7017999999999986,-0.0007999999999999986,0.0009999999999999992,0.0012806248474865683,4.835088802700525,0,06_345_354_14725_ego_345,0,14725,14725,14733,vehicle_vehicle,0.3245888242356748,1.5566383750505024,1.9168337608010584,12.463579037339152,15.0,3.0,3.5,0.8,0.02005517389602992,0.07219862602570772
6,350,14778,243,73.3134,-65.215,334.1908,1.9906,4.1702,6.6802,-2.9215,1.3788,2.3044,7.2858,-0.2783,0.2379,-2.6748,car,345,52.4269,-45.788,-0.024,0.0102,-0.0261,-0.0013,339.7924,0.026077576574520877,0.09387927566827516,20.886499999999998,-19.427000000000007,6.7042,-2.9317,7.317182690762888,28.52462464696074,0,06_345_354_14725_ego_345,0,14725,14725,14733,vehicle_vehicle,0.3245888242356748,1.5566383750505024,1.9168337608010584,12.463579037339152,15.0,3.0,3.5,0.8,0.02005517389602992,0.07219862602570772
6,354,14778,181,58.7223,-50.0935,275.0846,2.0931,4.5353,1.0924,-7.6468,2.5715,0.3213,7.7135,-0.4104,-0.0922,-2.5898,car,345,52.4269,-45.788,-0.024,0.0102,-0.0261,-0.0013,339.7924,0.026077576574520877,0.09387927566827516,6.295399999999994,-4.305500000000002,1.1164,-7.657,7.7379582552505415,7.62688608869963,0,06_345_354_14725_ego_345,1,14725,14725,14733,vehicle_vehicle,0.3245888242356748,1.5566383750505024,1.9168337608010584,12.463579037339152,15.0,3.0,3.5,0.8,0.02005517389602992,0.07219862602570772
6,356,14778,133,64.6229,-43.6917,253.7603,2.2482,5.2722,-1.7196,-7.2838,3.1403,-0.7359,7.474,-0.386,-0.1717,-3.2208,car,345,52.4269,-45.788,-0.024,0.0102,-0.0261,-0.0013,339.7924,0.026077576574520877,0.09387927566827516,12.195999999999998,2.0962999999999994,-1.6956,-7.2940000000000005,7.488490859979733,12.374849077463528,0,06_345_354_14725_ego_345,0,14725,14725,14733,vehicle_vehicle,0.3245888242356748,1.5566383750505024,1.9168337608010584,12.463579037339152,15.0,3.0,3.5,0.8,0.02005517389602992,0.07219862602570772
6,345,14779,304,52.4266,-45.788,339.7995,2.0385,4.741,-0.0267,0.0111,0.0067,-0.0058,-0.0289,-0.0011,0.0083,0.0031,car,345,52.4266,-45.788,-0.0267,0.0111,-0.0289,-0.0011,339.7995,0.028915393824051578,0.10409541776658568,0.0,0.0,0.0,0.0,0.0,0.0,1,06_345_354_14725_ego_345,1,14725,14725,14733,vehicle_vehicle,0.3245888242356748,1.5566383750505024,1.9168337608010584,12.463579037339152,15.0,3.0,3.5,0.8,0.02005517389602992,0.07219862602570772
6,346,14779,294,47.9007,-44.0849,340.0422,1.8132,2.8113,-0.0272,0.0122,-0.0028,-0.0102,-0.0297,-0.0022,0.0009,0.0105,trailer,345,52.4266,-45.788,-0.0267,0.0111,-0.0289,-0.0011,339.7995,0.028915393824051578,0.10409541776658568,-4.5259,1.7030999999999992,-0.000499999999999997,0.0011000000000000003,0.0012083045973594563,4.835733700277549,0,06_345_354_14725_ego_345,0,14725,14725,14733,vehicle_vehicle,0.3245888242356748,1.5566383750505024,1.9168337608010584,12.463579037339152,15.0,3.0,3.5,0.8,0.02005517389602992,0.07219862602570772
6,350,14779,244,73.5813,-65.3293,335.0293,1.9906,4.1702,6.7386,-2.8307,1.3558,2.3126,7.3037,-0.2786,0.2528,-2.6688,car,345,52.4266,-45.788,-0.0267,0.0111,-0.0289,-0.0011,339.7995,0.028915393824051578,0.10409541776658568,21.1547,-19.541300000000007,6.7653,-2.8418,7.3379228212076475,28.799023208782625,0,06_345_354_14725_ego_345,0,14725,14725,14733,vehicle_vehicle,0.3245888242356748,1.5566383750505024,1.9168337608010584,12.463579037339152,15.0,3.0,3.5,0.8,0.02005517389602992,0.07219862602570772
6,354,14779,182,58.7668,-50.3999,275.9,2.0931,4.5353,1.1952,-7.6325,2.5727,0.3575,7.7149,-0.4043,-0.0911,-2.5958,car,345,52.4266,-45.788,-0.0267,0.0111,-0.0289,-0.0011,339.7995,0.028915393824051578,0.10409541776658568,6.340200000000003,-4.611900000000006,1.2219,-7.6436,7.740649880339506,7.840137604022017,0,06_345_354_14725_ego_345,1,14725,14725,14733,vehicle_vehicle,0.3245888242356748,1.5566383750505024,1.9168337608010584,12.463579037339152,15.0,3.0,3.5,0.8,0.02005517389602992,0.07219862602570772
6,356,14779,134,64.5557,-43.9832,254.7193,2.2482,5.2722,-1.5918,-7.3157,3.1742,-0.6864,7.4766,-0.3925,-0.1744,-3.2429,car,345,52.4266,-45.788,-0.0267,0.0111,-0.0289,-0.0011,339.7995,0.028915393824051578,0.10409541776658568,12.129100000000001,1.8048000000000002,-1.5651000000000002,-7.3267999999999995,7.492098254160846,12.262641226505815,0,06_345_354_14725_ego_345,0,14725,14725,14733,vehicle_vehicle,0.3245888242356748,1.5566383750505024,1.9168337608010584,12.463579037339152,15.0,3.0,3.5,0.8,0.02005517389602992,0.07219862602570772
6,345,14780,305,52.4272,-45.7882,339.803,2.0385,4.741,-0.0297,0.012,0.02,-0.011,-0.0321,-0.001,0.0225,0.0034,car,345,52.4272,-45.7882,-0.0297,0.012,-0.0321,-0.001,339.803,0.03203263960400392,0.1153175025744141,0.0,0.0,0.0,0.0,0.0,0.0,1,06_345_354_14725_ego_345,1,14725,14725,14733,vehicle_vehicle,0.3245888242356748,1.5566383750505024,1.9168337608010584,12.463579037339152,15.0,3.0,3.5,0.8,0.02005517389602992,0.07219862602570772
6,346,14780,295,47.9015,-44.0835,340.0434,1.8132,2.8113,-0.0298,0.0125,0.01,-0.0199,-0.0323,-0.0016,0.0162,0.0153,trailer,345,52.4272,-45.7882,-0.0297,0.012,-0.0321,-0.001,339.803,0.03203263960400392,0.1153175025744141,-4.5257000000000005,1.7047000000000025,-9.99999999999994e-05,0.0005000000000000004,0.0005099019513592789,4.836110273763411,0,06_345_354_14725_ego_345,0,14725,14725,14733,vehicle_vehicle,0.3245888242356748,1.5566383750505024,1.9168337608010584,12.463579037339152,15.0,3.0,3.5,0.8,0.02005517389602992,0.07219862602570772
6,350,14780,245,73.8516,-65.4402,335.8577,1.9906,4.1702,6.7962,-2.7398,1.3295,2.3223,7.3223,-0.2795,0.2634,-2.6629,car,345,52.4272,-45.7882,-0.0297,0.012,-0.0321,-0.001,339.803,0.03203263960400392,0.1153175025744141,21.424400000000006,-19.652,6.8259,-2.7518,7.3597088291589365,29.072427132250247,0,06_345_354_14725_ego_345,0,14725,14725,14733,vehicle_vehicle,0.3245888242356748,1.5566383750505024,1.9168337608010584,12.463579037339152,15.0,3.0,3.5,0.8,0.02005517389602992,0.07219862602570772
6,354,14780,183,58.8169,-50.7054,276.7292,2.0931,4.5353,1.2979,-7.6165,2.574,0.3921,7.7161,-0.3965,-0.0877,-2.6022,car,345,52.4272,-45.7882,-0.0297,0.012,-0.0321,-0.001,339.803,0.03203263960400392,0.1153175025744141,6.389699999999998,-4.917199999999994,1.3276000000000001,-7.6285,7.743160466502034,8.062699419549256,0,06_345_354_14725_ego_345,1,14725,14725,14733,vehicle_vehicle,0.3245888242356748,1.5566383750505024,1.9168337608010584,12.463579037339152,15.0,3.0,3.5,0.8,0.02005517389602992,0.07219862602570772
6,356,14780,135,64.4945,-44.2761,255.6842,2.2482,5.2722,-1.4627,-7.3458,3.2059,-0.6344,7.4794,-0.3991,-0.1781,-3.2632,car,345,52.4272,-45.7882,-0.0297,0.012,-0.0321,-0.001,339.803,0.03203263960400392,0.1153175025744141,12.067300000000003,1.5121000000000038,-1.4329999999999998,-7.357799999999999,7.4960462805401615,12.161668294276081,0,06_345_354_14725_ego_345,0,14725,14725,14733,vehicle_vehicle,0.3245888242356748,1.5566383750505024,1.9168337608010584,12.463579037339152,15.0,3.0,3.5,0.8,0.02005517389602992,0.07219862602570772
6,345,14781,306,52.4272,-45.7884,339.803,2.0385,4.741,-0.0327,0.0129,0.0367,-0.0175,-0.0352,-0.0009,0.0405,0.0038,car,345,52.4272,-45.7884,-0.0327,0.0129,-0.0352,-0.0009,339.803,0.03515252480263687,0.12654908928949274,0.0,0.0,0.0,0.0,0.0,0.0,1,06_345_354_14725_ego_345,1,14725,14725,14733,vehicle_vehicle,0.3245888242356748,1.5566383750505024,1.9168337608010584,12.463579037339152,15.0,3.0,3.5,0.8,0.02005517389602992,0.07219862602570772
6,346,14781,296,47.9016,-44.0824,340.0054,1.8132,2.8113,-0.0325,0.0121,0.0257,-0.0303,-0.0347,-0.0003,0.0345,0.0197,trailer,345,52.4272,-45.7884,-0.0327,0.0129,-0.0352,-0.0009,339.803,0.03515252480263687,0.12654908928949274,-4.525599999999997,1.706000000000003,0.0001999999999999988,-0.0008000000000000004,0.0008246211251235322,4.8364750965966925,0,06_345_354_14725_ego_345,0,14725,14725,14733,vehicle_vehicle,0.3245888242356748,1.5566383750505024,1.9168337608010584,12.463579037339152,15.0,3.0,3.5,0.8,0.02005517389602992,0.07219862602570772
6,350,14781,246,74.1247,-65.5475,336.6822,1.9906,4.1702,6.8526,-2.6486,1.2999,2.3336,7.3414,-0.2802,0.2701,-2.6576,car,345,52.4272,-45.7884,-0.0327,0.0129,-0.0352,-0.0009,339.803,0.03515252480263687,0.12654908928949274,21.697500000000005,-19.759099999999997,6.8853,-2.6615,7.381797771545899,29.34626959359571,0,06_345_354_14725_ego_345,0,14725,14725,14733,vehicle_vehicle,0.3245888242356748,1.5566383750505024,1.9168337608010584,12.463579037339152,15.0,3.0,3.5,0.8,0.02005517389602992,0.07219862602570772
6,354,14781,184,58.8708,-51.01,277.562,2.0931,4.5353,1.4008,-7.599,2.5754,0.4249,7.7173,-0.3886,-0.0823,-2.6089,car,345,52.4272,-45.7884,-0.0327,0.0129,-0.0352,-0.0009,339.803,0.03515252480263687,0.12654908928949274,6.4436000000000035,-5.221599999999995,1.4335,-7.6119,7.745704865278563,8.293677563059706,0,06_345_354_14725_ego_345,1,14725,14725,14733,vehicle_vehicle,0.3245888242356748,1.5566383750505024,1.9168337608010584,12.463579037339152,15.0,3.0,3.5,0.8,0.02005517389602992,0.07219862602570772
6,356,14781,136,64.4381,-44.5702,256.6431,2.2482,5.2722,-1.3321,-7.3739,3.2354,-0.5796,7.4821,-0.4075,-0.1835,-3.2818,car,345,52.4272,-45.7884,-0.0327,0.0129,-0.0352,-0.0009,339.803,0.03515252480263687,0.12654908928949274,12.010900000000007,1.218200000000003,-1.2994,-7.3868,7.50021697019493,12.072519623094433,0,06_345_354_14725_ego_345,0,14725,14725,14733,vehicle_vehicle,0.3245888242356748,1.5566383750505024,1.9168337608010584,12.463579037339152,15.0,3.0,3.5,0.8,0.02005517389602992,0.07219862602570772
6,345,14782,307,52.4268,-45.7885,339.801,2.0385,4.741,-0.0353,0.0139,0.0573,-0.0256,-0.0379,-0.0008,0.0626,0.0042,car,345,52.4268,-45.7885,-0.0353,0.0139,-0.0379,-0.0008,339.801,0.03793810749101752,0.13657718696766308,0.0,0.0,0.0,0.0,0.0,0.0,1,06_345_354_14725_ego_345,1,14725,14725,14733,vehicle_vehicle,0.3245888242356748,1.5566383750505024,1.9168337608010584,12.463579037339152,15.0,3.0,3.5,0.8,0.02005517389602992,0.07219862602570772
6,346,14782,297,47.9021,-44.0817,340.013,1.8132,2.8113,-0.0353,0.0112,0.0447,-0.0409,-0.037,0.0015,0.056,0.0232,trailer,345,52.4268,-45.7885,-0.0353,0.0139,-0.0379,-0.0008,339.801,0.03793810749101752,0.13657718696766308,-4.524700000000003,1.7068000000000012,0.0,-0.0026999999999999993,0.0026999999999999993,4.835915252565954,0,06_345_354_14725_ego_345,0,14725,14725,14733,vehicle_vehicle,0.3245888242356748,1.5566383750505024,1.9168337608010584,12.463579037339152,15.0,3.0,3.5,0.8,0.02005517389602992,0.07219862602570772
6,350,14782,247,74.4004,-65.6505,337.5012,1.9906,4.1702,6.9077,-2.5575,1.2672,2.3469,7.3606,-0.2805,0.2727,-2.6532,car,345,52.4268,-45.7885,-0.0353,0.0139,-0.0379,-0.0008,339.801,0.03793810749101752,0.13657718696766308,21.973600000000005,-19.861999999999995,6.9430000000000005,-2.5714,7.403873780663742,29.619894344173478,0,06_345_354_14725_ego_345,0,14725,14725,14733,vehicle_vehicle,0.3245888242356748,1.5566383750505024,1.9168337608010584,12.463579037339152,15.0,3.0,3.5,0.8,0.02005517389602992,0.07219862602570772
6,354,14782,185,58.9291,-51.3136,278.408,2.0931,4.5353,1.5036,-7.5802,2.577,0.4559,7.7186,-0.379,-0.0742,-2.6159,car,345,52.4268,-45.7885,-0.0353,0.0139,-0.0379,-0.0008,339.801,0.03793810749101752,0.13657718696766308,6.502299999999998,-5.525100000000002,1.5389,-7.594099999999999,7.748455847457607,8.532680428798443,0,06_345_354_14725_ego_345,1,14725,14725,14733,vehicle_vehicle,0.3245888242356748,1.5566383750505024,1.9168337608010584,12.463579037339152,15.0,3.0,3.5,0.8,0.02005517389602992,0.07219862602570772
6,356,14782,137,64.387,-44.8659,257.6111,2.2482,5.2722,-1.2001,-7.3996,3.2624,-0.5223,7.4848,-0.4154,-0.1898,-3.2985,car,345,52.4268,-45.7885,-0.0353,0.0139,-0.0379,-0.0008,339.801,0.03793810749101752,0.13657718696766308,11.9602,0.9225999999999956,-1.1648,-7.4135,7.504448100293585,11.99573152417142,0,06_345_354_14725_ego_345,0,14725,14725,14733,vehicle_vehicle,0.3245888242356748,1.5566383750505024,1.9168337608010584,12.463579037339152,15.0,3.0,3.5,0.8,0.02005517389602992,0.07219862602570772
6,345,14783,308,52.4267,-45.7886,339.7974,2.0385,4.741,-0.0376,0.0147,0.0823,-0.0354,-0.0404,-0.0009,0.0894,0.0048,car,345,52.4267,-45.7886,-0.0376,0.0147,-0.0404,-0.0009,339.7974,0.04037140076836571,0.14533704276611656,0.0,0.0,0.0,0.0,0.0,0.0,1,06_345_354_14725_ego_345,1,14725,14725,14733,vehicle_vehicle,0.3245888242356748,1.5566383750505024,1.9168337608010584,12.463579037339152,15.0,3.0,3.5,0.8,0.02005517389602992,0.07219862602570772
6,346,14783,298,47.9028,-44.0813,340.0699,1.8132,2.8113,-0.0381,0.0099,0.0679,-0.0519,-0.0392,0.0037,0.0816,0.0256,trailer,345,52.4267,-45.7886,-0.0376,0.0147,-0.0404,-0.0009,339.7974,0.04037140076836571,0.14533704276611656,-4.523899999999998,1.7073000000000036,-0.0005000000000000004,-0.004799999999999999,0.00482597140480546,4.835343265994669,0,06_345_354_14725_ego_345,0,14725,14725,14733,vehicle_vehicle,0.3245888242356748,1.5566383750505024,1.9168337608010584,12.463579037339152,15.0,3.0,3.5,0.8,0.02005517389602992,0.07219862602570772
6,350,14783,248,74.678,-65.7507,338.2939,1.9906,4.1702,6.9613,-2.4658,1.2314,2.3624,7.3797,-0.2836,0.2704,-2.6503,car,345,52.4267,-45.7886,-0.0376,0.0147,-0.0404,-0.0009,339.7974,0.04037140076836571,0.14533704276611656,22.2513,-19.962099999999992,6.9989,-2.4805,7.425461700123434,29.893239839468716,0,06_345_354_14725_ego_345,0,14725,14725,14733,vehicle_vehicle,0.3245888242356748,1.5566383750505024,1.9168337608010584,12.463579037339152,15.0,3.0,3.5,0.8,0.02005517389602992,0.07219862602570772
6,354,14783,186,58.9922,-51.6165,279.2444,2.0931,4.5353,1.6061,-7.5602,2.5789,0.4851,7.72,-0.3707,-0.0645,-2.6234,car,345,52.4267,-45.7886,-0.0376,0.0147,-0.0404,-0.0009,339.7974,0.04037140076836571,0.14533704276611656,6.5655,-5.8279,1.6437000000000002,-7.5749,7.751184406269793,8.778963985573697,0,06_345_354_14725_ego_345,1,14725,14725,14733,vehicle_vehicle,0.3245888242356748,1.5566383750505024,1.9168337608010584,12.463579037339152,15.0,3.0,3.5,0.8,0.02005517389602992,0.07219862602570772
6,356,14783,138,64.3414,-45.1629,258.5862,2.2482,5.2722,-1.067,-7.4229,3.2869,-0.4624,7.4873,-0.423,-0.1972,-3.3134,car,345,52.4267,-45.7886,-0.0376,0.0147,-0.0404,-0.0009,339.7974,0.04037140076836571,0.14533704276611656,11.914699999999996,0.6257000000000019,-1.0293999999999999,-7.437600000000001,7.508499059066333,11.931117993717098,0,06_345_354_14725_ego_345,0,14725,14725,14733,vehicle_vehicle,0.3245888242356748,1.5566383750505024,1.9168337608010584,12.463579037339152,15.0,3.0,3.5,0.8,0.02005517389602992,0.07219862602570772
6,345,14784,309,52.4262,-45.7881,339.797,2.0385,4.741,-0.0393,0.0152,0.112,-0.0471,-0.0421,-0.0008,0.1214,0.0055,car,345,52.4262,-45.7881,-0.0393,0.0152,-0.0421,-0.0008,339.797,0.04213703833920937,0.15169333802115373,0.0,0.0,0.0,0.0,0.0,0.0,1,06_345_354_14725_ego_345,1,14725,14725,14733,vehicle_vehicle,0.3245888242356748,1.5566383750505024,1.9168337608010584,12.463579037339152,15.0,3.0,3.5,0.8,0.02005517389602992,0.07219862602570772
6,346,14784,299,47.903,-44.0811,340.1228,1.8132,2.8113,-0.0406,0.0082,0.0961,-0.0633,-0.041,0.0061,0.1119,0.0268,trailer,345,52.4262,-45.7881,-0.0393,0.0152,-0.0421,-0.0008,339.797,0.04213703833920937,0.15169333802115373,-4.523200000000003,1.7070000000000007,-0.0012999999999999956,-0.006999999999999999,0.007119691004531024,4.834582426642453,0,06_345_354_14725_ego_345,0,14725,14725,14733,vehicle_vehicle,0.3245888242356748,1.5566383750505024,1.9168337608010584,12.463579037339152,15.0,3.0,3.5,0.8,0.02005517389602992,0.07219862602570772
6,350,14784,249,74.9581,-65.8476,339.0702,1.9906,4.1702,7.0133,-2.3736,1.1928,2.3801,7.3984,-0.2884,0.2639,-2.6491,car,345,52.4262,-45.7881,-0.0393,0.0152,-0.0421,-0.0008,339.797,0.04213703833920937,0.15169333802115373,22.5319,-20.0595,7.0526,-2.3888000000000003,7.4461756761440965,30.16736743337078,0,06_345_354_14725_ego_345,0,14725,14725,14733,vehicle_vehicle,0.3245888242356748,1.5566383750505024,1.9168337608010584,12.463579037339152,15.0,3.0,3.5,0.8,0.02005517389602992,0.07219862602570772
6,354,14784,187,59.0591,-51.918,280.1026,2.0931,4.5353,1.7085,-7.5391,2.5816,0.5126,7.7219,-0.3595,-0.0518,-2.6315,car,345,52.4262,-45.7881,-0.0393,0.0152,-0.0421,-0.0008,339.797,0.04213703833920937,0.15169333802115373,6.632899999999999,-6.129899999999999,1.7477999999999998,-7.5543000000000005,7.753854095222582,9.031668529125723,0,06_345_354_14725_ego_345,1,14725,14725,14733,vehicle_vehicle,0.3245888242356748,1.5566383750505024,1.9168337608010584,12.463579037339152,15.0,3.0,3.5,0.8,0.02005517389602992,0.07219862602570772
6,356,14784,139,64.3013,-45.4608,259.5688,2.2482,5.2722,-0.933,-7.4435,3.3088,-0.4003,7.4894,-0.4302,-0.2054,-3.3266,car,345,52.4262,-45.7881,-0.0393,0.0152,-0.0421,-0.0008,339.797,0.04213703833920937,0.15169333802115373,11.875099999999996,0.32730000000000103,-0.8937,-7.4587,7.512050677411596,11.8796096442602,0,06_345_354_14725_ego_345,0,14725,14725,14733,vehicle_vehicle,0.3245888242356748,1.5566383750505024,1.9168337608010584,12.463579037339152,15.0,3.0,3.5,0.8,0.02005517389602992,0.07219862602570772
6,345,14785,310,52.4252,-45.7875,339.8011,2.0385,4.741,-0.0399,0.0153,0.1468,-0.0607,-0.0428,-0.0005,0.1587,0.0063,car,345,52.4252,-45.7875,-0.0399,0.0153,-0.0428,-0.0005,339.8011,0.042732891313366564,0.15383840872811963,0.0,0.0,0.0,0.0,0.0,0.0,1,06_345_354_14725_ego_345,1,14725,14725,14733,vehicle_vehicle,0.3245888242356748,1.5566383750505024,1.9168337608010584,12.463579037339152,15.0,3.0,3.5,0.8,0.02005517389602992,0.07219862602570772
6,346,14785,300,47.9027,-44.0811,340.1422,1.8132,2.8113,-0.0426,0.0061,0.1298,-0.075,-0.0421,0.0087,0.1476,0.0265,trailer,345,52.4252,-45.7875,-0.0399,0.0153,-0.0428,-0.0005,339.8011,0.042732891313366564,0.15383840872811963,-4.522499999999994,1.7064000000000021,-0.002700000000000001,-0.0092,0.009588013350011566,4.833715673268335,0,06_345_354_14725_ego_345,0,14725,14725,14733,vehicle_vehicle,0.3245888242356748,1.5566383750505024,1.9168337608010584,12.463579037339152,15.0,3.0,3.5,0.8,0.02005517389602992,0.07219862602570772
6,350,14785,250,75.2402,-65.9409,339.8333,1.9906,4.1702,7.0634,-2.2805,1.1517,2.4,7.4166,-0.2945,0.2537,-2.6499,car,345,52.4252,-45.7875,-0.0399,0.0153,-0.0428,-0.0005,339.8011,0.042732891313366564,0.15383840872811963,22.815000000000005,-20.153399999999998,7.1033,-2.2958,7.465089988071142,30.441480853598435,0,06_345_354_14725_ego_345,0,14725,14725,14733,vehicle_vehicle,0.3245888242356748,1.5566383750505024,1.9168337608010584,12.463579037339152,15.0,3.0,3.5,0.8,0.02005517389602992,0.07219862602570772
6,354,14785,188,59.1294,-52.2182,280.9638,2.0931,4.5353,1.811,-7.5174,2.585,0.5387,7.7246,-0.3482,-0.0372,-2.6402,car,345,52.4252,-45.7875,-0.0399,0.0153,-0.0428,-0.0005,339.8011,0.042732891313366564,0.15383840872811963,6.7042,-6.430700000000002,1.8509,-7.5327,7.756764795970032,9.289790101503911,0,06_345_354_14725_ego_345,1,14725,14725,14733,vehicle_vehicle,0.3245888242356748,1.5566383750505024,1.9168337608010584,12.463579037339152,15.0,3.0,3.5,0.8,0.02005517389602992,0.07219862602570772
6,356,14785,140,64.2665,-45.7594,260.5621,2.2482,5.2722,-0.798,-7.4614,3.328,-0.3362,7.4913,-0.4364,-0.2141,-3.3381,car,345,52.4252,-45.7875,-0.0399,0.0153,-0.0428,-0.0005,339.8011,0.042732891313366564,0.15383840872811963,11.841299999999997,0.028100000000002012,-0.7581,-7.4767,7.515035495591488,11.84133334130916,0,06_345_354_14725_ego_345,0,14725,14725,14733,vehicle_vehicle,0.3245888242356748,1.5566383750505024,1.9168337608010584,12.463579037339152,15.0,3.0,3.5,0.8,0.02005517389602992,0.07219862602570772
6,345,14786,311,52.4243,-45.787,339.8045,2.0385,4.741,-0.0395,0.0148,0.1869,-0.0763,-0.0421,-0.0003,0.2017,0.0071,car,345,52.4243,-45.787,-0.0395,0.0148,-0.0421,-0.0003,339.8045,0.04218163107325273,0.15185387186370983,0.0,0.0,0.0,0.0,0.0,0.0,1,06_345_354_14725_ego_345,1,14725,14725,14733,vehicle_vehicle,0.3245888242356748,1.5566383750505024,1.9168337608010584,12.463579037339152,15.0,3.0,3.5,0.8,0.02005517389602992,0.07219862602570772
6,346,14786,301,47.9021,-44.0812,340.17,1.8132,2.8113,-0.0435,0.0038,0.1695,-0.0873,-0.0422,0.0112,0.189,0.0247,trailer,345,52.4243,-45.787,-0.0395,0.0148,-0.0421,-0.0003,339.8045,0.04218163107325273,0.15185387186370983,-4.522200000000005,1.7057999999999964,-0.003999999999999997,-0.011000000000000001,0.011704699910719625,4.833223197825653,0,06_345_354_14725_ego_345,0,14725,14725,14733,vehicle_vehicle,0.3245888242356748,1.5566383750505024,1.9168337608010584,12.463579037339152,15.0,3.0,3.5,0.8,0.02005517389602992,0.07219862602570772
6,350,14786,251,75.524,-66.0303,340.5815,1.9906,4.1702,7.1118,-2.1865,1.1082,2.4219,7.4341,-0.3023,0.24,-2.6526,car,345,52.4243,-45.787,-0.0395,0.0148,-0.0421,-0.0003,339.8045,0.04218163107325273,0.15185387186370983,23.0997,-20.243299999999998,7.1513,-2.2013000000000003,7.482433653564861,30.714611099279768,0,06_345_354_14725_ego_345,0,14725,14725,14733,vehicle_vehicle,0.3245888242356748,1.5566383750505024,1.9168337608010584,12.463579037339152,15.0,3.0,3.5,0.8,0.02005517389602992,0.07219862602570772
6,354,14786,189,59.204,-52.5176,281.831,2.0931,4.5353,1.9136,-7.495,2.5892,0.5637,7.7281,-0.3363,-0.0209,-2.6497,car,345,52.4243,-45.787,-0.0395,0.0148,-0.0421,-0.0003,339.8045,0.04218163107325273,0.15185387186370983,6.779699999999998,-6.730600000000003,1.9531,-7.5098,7.759619555751429,9.553287834562509,0,06_345_354_14725_ego_345,1,14725,14725,14733,vehicle_vehicle,0.3245888242356748,1.5566383750505024,1.9168337608010584,12.463579037339152,15.0,3.0,3.5,0.8,0.02005517389602992,0.07219862602570772
6,356,14786,141,64.2375,-46.059,261.5733,2.2482,5.2722,-0.6623,-7.4765,3.3447,-0.2703,7.4928,-0.4405,-0.2227,-3.3482,car,345,52.4243,-45.787,-0.0395,0.0148,-0.0421,-0.0003,339.8045,0.04218163107325273,0.15185387186370983,11.813199999999995,-0.27199999999999847,-0.6228,-7.4913,7.517144107305646,11.816330997395083,0,06_345_354_14725_ego_345,0,14725,14725,14733,vehicle_vehicle,0.3245888242356748,1.5566383750505024,1.9168337608010584,12.463579037339152,15.0,3.0,3.5,0.8,0.02005517389602992,0.07219862602570772
6,345,14787,312,52.4229,-45.7864,339.8046,2.0385,4.741,-0.0374,0.0137,0.2323,-0.0938,-0.0398,0.0001,0.2504,0.0078,car,345,52.4229,-45.7864,-0.0374,0.0137,-0.0398,0.0001,339.8046,0.03983026487484109,0.14338895354942793,0.0,0.0,0.0,0.0,0.0,0.0,1,06_345_354_14725_ego_345,1,14725,14725,14733,vehicle_vehicle,0.3245888242356748,1.5566383750505024,1.9168337608010584,12.463579037339152,15.0,3.0,3.5,0.8,0.02005517389602992,0.07219862602570772
6,346,14787,302,47.9009,-44.0815,340.2032,1.8132,2.8113,-0.0431,0.001,0.2154,-0.1004,-0.0409,0.0136,0.2366,0.0215,trailer,345,52.4229,-45.7864,-0.0374,0.0137,-0.0398,0.0001,339.8046,0.03983026487484109,0.14338895354942793,-4.5219999999999985,1.704900000000002,-0.005699999999999997,-0.0127,0.013920488497175663,4.832718490663407,0,06_345_354_14725_ego_345,0,14725,14725,14733,vehicle_vehicle,0.3245888242356748,1.5566383750505024,1.9168337608010584,12.463579037339152,15.0,3.0,3.5,0.8,0.02005517389602992,0.07219862602570772
6,350,14787,252,75.81,-66.1166,341.3244,1.9906,4.1702,7.1581,-2.0914,1.0626,2.4457,7.4509,-0.3109,0.2235,-2.6572,car,345,52.4229,-45.7864,-0.0374,0.0137,-0.0398,0.0001,339.8046,0.03983026487484109,0.14338895354942793,23.387100000000004,-20.330200000000005,7.1955,-2.1051,7.497110527396538,30.988279694910467,0,06_345_354_14725_ego_345,0,14725,14725,14733,vehicle_vehicle,0.3245888242356748,1.5566383750505024,1.9168337608010584,12.463579037339152,15.0,3.0,3.5,0.8,0.02005517389602992,0.07219862602570772
6,354,14787,190,59.2818,-52.8159,282.6815,2.0931,4.5353,2.0167,-7.472,2.594,0.5881,7.7324,-0.3272,-0.0043,-2.6598,car,345,52.4229,-45.7864,-0.0374,0.0137,-0.0398,0.0001,339.8046,0.03983026487484109,0.14338895354942793,6.858899999999998,-7.029499999999999,2.0541,-7.4857000000000005,7.7624114358876914,9.821322694016319,0,06_345_354_14725_ego_345,1,14725,14725,14733,vehicle_vehicle,0.3245888242356748,1.5566383750505024,1.9168337608010584,12.463579037339152,15.0,3.0,3.5,0.8,0.02005517389602992,0.07219862602570772
6,356,14787,142,64.2135,-46.359,262.589,2.2482,5.2722,-0.5258,-7.4885,3.3587,-0.2031,7.4938,-0.4445,-0.2318,-3.3568,car,345,52.4229,-45.7864,-0.0374,0.0137,-0.0398,0.0001,339.8046,0.03983026487484109,0.14338895354942793,11.790599999999998,-0.5726000000000013,-0.48840000000000006,-7.5022,7.518080832233716,11.80449571646328,0,06_345_354_14725_ego_345,0,14725,14725,14733,vehicle_vehicle,0.3245888242356748,1.5566383750505024,1.9168337608010584,12.463579037339152,15.0,3.0,3.5,0.8,0.02005517389602992,0.07219862602570772
6,345,14788,313,52.4216,-45.7859,339.8041,2.0385,4.741,-0.0335,0.0118,0.2832,-0.1132,-0.0355,0.0005,0.3048,0.0085,car,345,52.4216,-45.7859,-0.0335,0.0118,-0.0355,0.0005,339.8041,0.035517460494804524,0.1278628577812963,0.0,0.0,0.0,0.0,0.0,0.0,1,06_345_354_14725_ego_345,1,14725,14725,14733,vehicle_vehicle,0.3245888242356748,1.5566383750505024,1.9168337608010584,12.463579037339152,15.0,3.0,3.5,0.8,0.02005517389602992,0.07219862602570772
6,346,14788,303,47.8994,-44.082,340.2472,1.8132,2.8113,-0.0408,-0.002,0.2676,-0.1142,-0.0377,0.0157,0.2905,0.017,trailer,345,52.4216,-45.7859,-0.0335,0.0118,-0.0355,0.0005,339.8041,0.035517460494804524,0.1278628577812963,-4.522199999999998,1.7038999999999973,-0.007300000000000001,-0.0138,0.015611854470241516,4.832552953667448,0,06_345_354_14725_ego_345,0,14725,14725,14733,vehicle_vehicle,0.3245888242356748,1.5566383750505024,1.9168337608010584,12.463579037339152,15.0,3.0,3.5,0.8,0.02005517389602992,0.07219862602570772
6,350,14788,253,76.0983,-66.1994,342.0706,1.9906,4.1702,7.2022,-1.9948,1.0152,2.4711,7.4665,-0.3192,0.2052,-2.6636,car,345,52.4216,-45.7859,-0.0335,0.0118,-0.0355,0.0005,339.8041,0.035517460494804524,0.1278628577812963,23.676699999999997,-20.4135,7.2357000000000005,-2.0065999999999997,7.508781395805847,31.261751472686232,0,06_345_354_14725_ego_345,0,14725,14725,14733,vehicle_vehicle,0.3245888242356748,1.5566383750505024,1.9168337608010584,12.463579037339152,15.0,3.0,3.5,0.8,0.02005517389602992,0.07219862602570772
6,354,14788,191,59.3637,-53.1133,283.5239,2.0931,4.5353,2.1203,-7.4484,2.5991,0.6122,7.7377,-0.3197,0.0126,-2.6702,car,345,52.4216,-45.7859,-0.0335,0.0118,-0.0355,0.0005,339.8041,0.035517460494804524,0.1278628577812963,6.9421000000000035,-7.327400000000004,2.1538,-7.4602,7.764884962444711,10.09373781955922,0,06_345_354_14725_ego_345,1,14725,14725,14733,vehicle_vehicle,0.3245888242356748,1.5566383750505024,1.9168337608010584,12.463579037339152,15.0,3.0,3.5,0.8,0.02005517389602992,0.07219862602570772
6,356,14788,143,64.1952,-46.6594,263.6038,2.2482,5.2722,-0.3889,-7.4976,3.3701,-0.1347,7.4943,-0.4488,-0.2416,-3.3641,car,345,52.4216,-45.7859,-0.0335,0.0118,-0.0355,0.0005,339.8041,0.035517460494804524,0.1278628577812963,11.773600000000002,-0.8734999999999999,-0.35540000000000005,-7.5094,7.517805365929608,11.805958631555509,0,06_345_354_14725_ego_345,0,14725,14725,14733,vehicle_vehicle,0.3245888242356748,1.5566383750505024,1.9168337608010584,12.463579037339152,15.0,3.0,3.5,0.8,0.02005517389602992,0.07219862602570772
6,345,14789,314,52.4206,-45.7855,339.8042,2.0385,4.741,-0.0276,0.0091,0.3395,-0.1345,-0.0291,0.0009,0.365,0.009,car,345,52.4206,-45.7855,-0.0276,0.0091,-0.0291,0.0009,339.8042,0.02906148654146928,0.10462135154928941,0.0,0.0,0.0,0.0,0.0,0.0,1,06_345_354_14725_ego_345,1,14725,14725,14733,vehicle_vehicle,0.3245888242356748,1.5566383750505024,1.9168337608010584,12.463579037339152,15.0,3.0,3.5,0.8,0.02005517389602992,0.07219862602570772
6,346,14789,304,47.8982,-44.0831,340.2849,1.8132,2.8113,-0.0365,-0.0053,0.3263,-0.1292,-0.0326,0.0173,0.3508,0.0116,trailer,345,52.4206,-45.7855,-0.0276,0.0091,-0.0291,0.0009,339.8042,0.02906148654146928,0.10462135154928941,-4.5223999999999975,1.7023999999999972,-0.008899999999999998,-0.0144,0.016928378540191025,4.832211452326974,0,06_345_354_14725_ego_345,0,14725,14725,14733,vehicle_vehicle,0.3245888242356748,1.5566383750505024,1.9168337608010584,12.463579037339152,15.0,3.0,3.5,0.8,0.02005517389602992,0.07219862602570772
6,350,14789,254,76.3875,-66.2784,342.8387,1.9906,4.1702,7.2443,-1.8968,0.9662,2.4975,7.4814,-0.3252,0.1863,-2.6713,car,345,52.4206,-45.7855,-0.0276,0.0091,-0.0291,0.0009,339.8042,0.02906148654146928,0.10462135154928941,23.966900000000003,-20.492900000000006,7.2719,-1.9059000000000001,7.517511850339845,31.533652595600156,0,06_345_354_14725_ego_345,0,14725,14725,14733,vehicle_vehicle,0.3245888242356748,1.5566383750505024,1.9168337608010584,12.463579037339152,15.0,3.0,3.5,0.8,0.02005517389602992,0.07219862602570772
6,354,14789,192,59.45,-53.4099,284.3461,2.0931,4.5353,2.2244,-7.4242,2.6043,0.6364,7.7438,-0.3155,0.0287,-2.6807,car,345,52.4206,-45.7855,-0.0276,0.0091,-0.0291,0.0009,339.8042,0.02906148654146928,0.10462135154928941,7.0294000000000025,-7.624400000000001,2.2520000000000002,-7.4333,7.76694617529953,10.370339421639008,0,06_345_354_14725_ego_345,1,14725,14725,14733,vehicle_vehicle,0.3245888242356748,1.5566383750505024,1.9168337608010584,12.463579037339152,15.0,3.0,3.5,0.8,0.02005517389602992,0.07219862602570772
6,356,14789,144,64.1826,-46.96,264.6103,2.2482,5.2722,-0.2515,-7.5038,3.3789,-0.0655,7.4942,-0.4544,-0.2522,-3.3702,car,345,52.4206,-45.7855,-0.0276,0.0091,-0.0291,0.0009,339.8042,0.02906148654146928,0.10462135154928941,11.761999999999993,-1.1745000000000019,-0.2239,-7.5129,7.516235601682534,11.820494670275007,0,06_345_354_14725_ego_345,0,14725,14725,14733,vehicle_vehicle,0.3245888242356748,1.5566383750505024,1.9168337608010584,12.463579037339152,15.0,3.0,3.5,0.8,0.02005517389602992,0.07219862602570772
6,345,14790,315,52.4191,-45.785,339.8024,2.0385,4.741,-0.0192,0.0055,0.401,-0.1576,-0.0199,0.0014,0.4308,0.0094,car,345,52.4191,-45.785,-0.0192,0.0055,-0.0199,0.0014,339.8024,0.019972230721679536,0.07190003059804634,0.0,0.0,0.0,0.0,0.0,0.0,1,06_345_354_14725_ego_345,1,14725,14725,14733,vehicle_vehicle,0.3245888242356748,1.5566383750505024,1.9168337608010584,12.463579037339152,15.0,3.0,3.5,0.8,0.02005517389602992,0.07219862602570772
6,346,14790,305,47.8966,-44.0844,340.2998,1.8132,2.8113,-0.0298,-0.0087,0.3913,-0.1458,-0.0251,0.0182,0.4175,0.0053,trailer,345,52.4191,-45.785,-0.0192,0.0055,-0.0199,0.0014,339.8024,0.019972230721679536,0.07190003059804634,-4.522500000000001,1.7005999999999943,-0.010600000000000002,-0.014199999999999999,0.01772004514666935,4.831671202596467,0,06_345_354_14725_ego_345,0,14725,14725,14733,vehicle_vehicle,0.3245888242356748,1.5566383750505024,1.9168337608010584,12.463579037339152,15.0,3.0,3.5,0.8,0.02005517389602992,0.07219862602570772
6,350,14790,255,76.6791,-66.3537,343.6155,1.9906,4.1702,7.284,-1.7971,0.916,2.5244,7.4951,-0.3305,0.1667,-2.6802,car,345,52.4191,-45.785,-0.0192,0.0055,-0.0199,0.0014,339.8024,0.019972230721679536,0.07190003059804634,24.260000000000005,-20.568700000000007,7.3031999999999995,-1.8026,7.5223730963041175,31.805958870783954,0,06_345_354_14725_ego_345,0,14725,14725,14733,vehicle_vehicle,0.3245888242356748,1.5566383750505024,1.9168337608010584,12.463579037339152,15.0,3.0,3.5,0.8,0.02005517389602992,0.07219862602570772
6,354,14790,193,59.5416,-53.7046,285.1663,2.0931,4.5353,2.3284,-7.3997,2.6094,0.6613,7.7512,-0.3114,0.0444,-2.6915,car,345,52.4191,-45.785,-0.0192,0.0055,-0.0199,0.0014,339.8024,0.019972230721679536,0.07190003059804634,7.122500000000002,-7.919600000000003,2.3476,-7.4052,7.768411214656443,10.651294306796714,0,06_345_354_14725_ego_345,1,14725,14725,14733,vehicle_vehicle,0.3245888242356748,1.5566383750505024,1.9168337608010584,12.463579037339152,15.0,3.0,3.5,0.8,0.02005517389602992,0.07219862602570772
6,356,14790,145,64.1754,-47.261,265.618,2.2482,5.2722,-0.1139,-7.5068,3.3853,0.0044,7.4936,-0.46,-0.263,-3.375,car,345,52.4191,-45.785,-0.0192,0.0055,-0.0199,0.0014,339.8024,0.019972230721679536,0.07190003059804634,11.756299999999996,-1.4760000000000062,-0.0947,-7.5123,7.512896870049529,11.848593405548185,0,06_345_354_14725_ego_345,0,14725,14725,14733,vehicle_vehicle,0.3245888242356748,1.5566383750505024,1.9168337608010584,12.463579037339152,15.0,3.0,3.5,0.8,0.02005517389602992,0.07219862602570772
6,345,14791,316,52.4179,-45.7847,339.7993,2.0385,4.741,-0.008,0.0009,0.4677,-0.1824,-0.0079,0.0019,0.5019,0.0097,car,345,52.4179,-45.7847,-0.008,0.0009,-0.0079,0.0019,339.7993,0.008050465825031492,0.028981676970113373,0.0,0.0,0.0,0.0,0.0,0.0,1,06_345_354_14725_ego_345,1,14725,14725,14733,vehicle_vehicle,0.3245888242356748,1.5566383750505024,1.9168337608010584,12.463579037339152,15.0,3.0,3.5,0.8,0.02005517389602992,0.07219862602570772
6,346,14791,306,47.8946,-44.0862,340.2981,1.8132,2.8113,-0.0199,-0.0123,0.4623,-0.1643,-0.0146,0.0183,0.4907,-0.0012,trailer,345,52.4179,-45.7847,-0.008,0.0009,-0.0079,0.0019,339.7993,0.008050465825031492,0.028981676970113373,-4.523300000000006,1.6985000000000028,-0.0119,-0.0132,0.01777216925420192,4.831681398850722,0,06_345_354_14725_ego_345,0,14725,14725,14733,vehicle_vehicle,0.3245888242356748,1.5566383750505024,1.9168337608010584,12.463579037339152,15.0,3.0,3.5,0.8,0.02005517389602992,0.07219862602570772
6,350,14791,256,76.9726,-66.4246,344.4111,1.9906,4.1702,7.3211,-1.696,0.8649,2.5513,7.5076,-0.3338,0.1475,-2.6899,car,345,52.4179,-45.7847,-0.008,0.0009,-0.0079,0.0019,339.7993,0.008050465825031492,0.028981676970113373,24.554699999999997,-20.639899999999997,7.3291,-1.6968999999999999,7.522976566492814,32.07707536699691,0,06_345_354_14725_ego_345,0,14725,14725,14733,vehicle_vehicle,0.3245888242356748,1.5566383750505024,1.9168337608010584,12.463579037339152,15.0,3.0,3.5,0.8,0.02005517389602992,0.07219862602570772
6,354,14791,194,59.6367,-53.9987,285.9764,2.0931,4.5353,2.4328,-7.3748,2.6146,0.6874,7.7596,-0.3089,0.0588,-2.7028,car,345,52.4179,-45.7847,-0.008,0.0009,-0.0079,0.0019,339.7993,0.008050465825031492,0.028981676970113373,7.2187999999999946,-8.213999999999999,2.4408,-7.375699999999999,7.76907041607939,10.935303811051611,0,06_345_354_14725_ego_345,1,14725,14725,14733,vehicle_vehicle,0.3245888242356748,1.5566383750505024,1.9168337608010584,12.463579037339152,15.0,3.0,3.5,0.8,0.02005517389602992,0.07219862602570772
6,356,14791,146,64.1735,-47.562,266.6353,2.2482,5.2722,0.024,-7.5068,3.3891,0.0745,7.4924,-0.4645,-0.2733,-3.3789,car,345,52.4179,-45.7847,-0.008,0.0009,-0.0079,0.0019,339.7993,0.008050465825031492,0.028981676970113373,11.755600000000001,-1.7772999999999968,0.032,-7.5077,7.507768196341707,11.889193692172737,0,06_345_354_14725_ego_345,0,14725,14725,14733,vehicle_vehicle,0.3245888242356748,1.5566383750505024,1.9168337608010584,12.463579037339152,15.0,3.0,3.5,0.8,0.02005517389602992,0.07219862602570772
6,345,14792,317,52.4169,-45.7845,339.797,2.0385,4.741,0.0062,-0.0048,0.539,-0.2089,0.0075,0.0023,0.5779,0.0099,car,345,52.4169,-45.7845,0.0062,-0.0048,0.0075,0.0023,339.797,0.007840918313565063,0.02822730592883423,0.0,0.0,0.0,0.0,0.0,0.0,1,06_345_354_14725_ego_345,1,14725,14725,14733,vehicle_vehicle,0.3245888242356748,1.5566383750505024,1.9168337608010584,12.463579037339152,15.0,3.0,3.5,0.8,0.02005517389602992,0.07219862602570772
6,346,14792,307,47.8927,-44.0869,340.2877,1.8132,2.8113,-0.0067,-0.0166,0.5389,-0.1851,-0.0007,0.0179,0.5698,-0.0076,trailer,345,52.4169,-45.7845,0.0062,-0.0048,0.0075,0.0023,339.797,0.007840918313565063,0.02822730592883423,-4.5242,1.6976000000000013,-0.0129,-0.011800000000000001,0.017482848738120456,4.832207714906304,0,06_345_354_14725_ego_345,0,14725,14725,14733,vehicle_vehicle,0.3245888242356748,1.5566383750505024,1.9168337608010584,12.463579037339152,15.0,3.0,3.5,0.8,0.02005517389602992,0.07219862602570772
6,350,14792,257,77.2671,-66.4918,345.2099,1.9906,4.1702,7.3558,-1.5932,0.8137,2.5778,7.5188,-0.3374,0.1286,-2.7001,car,345,52.4169,-45.7845,0.0062,-0.0048,0.0075,0.0023,339.797,0.007840918313565063,0.02822730592883423,24.8502,-20.707299999999996,7.349600000000001,-1.5884,7.51928418933611,32.346942874559254,0,06_345_354_14725_ego_345,0,14725,14725,14733,vehicle_vehicle,0.3245888242356748,1.5566383750505024,1.9168337608010584,12.463579037339152,15.0,3.0,3.5,0.8,0.02005517389602992,0.07219862602570772
6,354,14792,195,59.7364,-54.2917,286.7754,2.0931,4.5353,2.5372,-7.3495,2.6199,0.7154,7.769,-0.308,0.0712,-2.7149,car,345,52.4169,-45.7845,0.0062,-0.0048,0.0075,0.0023,339.797,0.007840918313565063,0.02822730592883423,7.319500000000005,-8.507199999999997,2.5309999999999997,-7.3447,7.768563515219528,11.222634810506845,0,06_345_354_14725_ego_345,1,14725,14725,14733,vehicle_vehicle,0.3245888242356748,1.5566383750505024,1.9168337608010584,12.463579037339152,15.0,3.0,3.5,0.8,0.02005517389602992,0.07219862602570772
6,356,14792,147,64.1774,-47.8626,267.6568,2.2482,5.2722,0.1619,-7.5038,3.3905,0.1446,7.4909,-0.4686,-0.2831,-3.3818,car,345,52.4169,-45.7845,0.0062,-0.0048,0.0075,0.0023,339.797,0.007840918313565063,0.02822730592883423,11.760500000000008,-2.078099999999999,0.15569999999999998,-7.499,7.500616207352566,11.942690645746467,0,06_345_354_14725_ego_345,0,14725,14725,14733,vehicle_vehicle,0.3245888242356748,1.5566383750505024,1.9168337608010584,12.463579037339152,15.0,3.0,3.5,0.8,0.02005517389602992,0.07219862602570772
6,345,14793,318,52.4163,-45.7845,339.7941,2.0385,4.741,0.0238,-0.0117,0.6145,-0.2369,0.0264,0.0028,0.6585,0.0101,car,345,52.4163,-45.7845,0.0238,-0.0117,0.0264,0.0028,339.7941,0.02652036952985384,0.09547333030747382,0.0,0.0,0.0,0.0,0.0,0.0,1,06_345_354_14725_ego_345,1,14725,14725,14733,vehicle_vehicle,0.3245888242356748,1.5566383750505024,1.9168337608010584,12.463579037339152,15.0,3.0,3.5,0.8,0.02005517389602992,0.07219862602570772
6,346,14793,308,47.8908,-44.0874,340.264,1.8132,2.8113,0.0104,-0.0219,0.6203,-0.208,0.0172,0.0171,0.6541,-0.0137,trailer,345,52.4163,-45.7845,0.0238,-0.0117,0.0264,0.0028,339.7941,0.02652036952985384,0.09547333030747382,-4.525500000000001,1.697099999999999,-0.013400000000000002,-0.010199999999999999,0.016840427548016706,4.833249285935913,0,06_345_354_14725_ego_345,0,14725,14725,14733,vehicle_vehicle,0.3245888242356748,1.5566383750505024,1.9168337608010584,12.463579037339152,15.0,3.0,3.5,0.8,0.02005517389602992,0.07219862602570772
6,350,14793,258,77.5627,-66.555,346.0124,1.9906,4.1702,7.3882,-1.4888,0.7624,2.6033,7.5289,-0.3412,0.1106,-2.7104,car,345,52.4163,-45.7845,0.0238,-0.0117,0.0264,0.0028,339.7941,0.02652036952985384,0.09547333030747382,25.146400000000007,-20.770500000000006,7.364400000000001,-1.4770999999999999,7.511072611152152,32.615258748168785,0,06_345_354_14725_ego_345,0,14725,14725,14733,vehicle_vehicle,0.3245888242356748,1.5566383750505024,1.9168337608010584,12.463579037339152,15.0,3.0,3.5,0.8,0.02005517389602992,0.07219862602570772
6,354,14793,196,59.839,-54.5844,287.5706,2.0931,4.5353,2.6422,-7.3232,2.6252,0.7456,7.7792,-0.3082,0.0817,-2.7278,car,345,52.4163,-45.7845,0.0238,-0.0117,0.0264,0.0028,339.7941,0.02652036952985384,0.09547333030747382,7.422699999999999,-8.799900000000001,2.6184,-7.3115,7.766212127543259,11.512372270735515,0,06_345_354_14725_ego_345,1,14725,14725,14733,vehicle_vehicle,0.3245888242356748,1.5566383750505024,1.9168337608010584,12.463579037339152,15.0,3.0,3.5,0.8,0.02005517389602992,0.07219862602570772
6,356,14793,148,64.1867,-48.1632,268.6784,2.2482,5.2722,0.2999,-7.4977,3.3896,0.2147,7.4888,-0.4727,-0.2928,-3.3838,car,345,52.4163,-45.7845,0.0238,-0.0117,0.0264,0.0028,339.7941,0.02652036952985384,0.09547333030747382,11.770400000000002,-2.378700000000002,0.2761,-7.486,7.491089854620621,12.008352503570173,0,06_345_354_14725_ego_345,0,14725,14725,14733,vehicle_vehicle,0.3245888242356748,1.5566383750505024,1.9168337608010584,12.463579037339152,15.0,3.0,3.5,0.8,0.02005517389602992,0.07219862602570772
6,345,14794,319,52.4161,-45.7847,339.7909,2.0385,4.741,0.0451,-0.0199,0.6936,-0.2662,0.0492,0.0031,0.7428,0.0102,car,345,52.4161,-45.7847,0.0451,-0.0199,0.0492,0.0031,339.7909,0.04929523303525403,0.1774628389269145,0.0,0.0,0.0,0.0,0.0,0.0,1,06_345_354_14725_ego_345,1,14725,14725,14733,vehicle_vehicle,0.3245888242356748,1.5566383750505024,1.9168337608010584,12.463579037339152,15.0,3.0,3.5,0.8,0.02005517389602992,0.07219862602570772
6,346,14794,309,47.8888,-44.0877,340.2307,1.8132,2.8113,0.032,-0.0284,0.7056,-0.233,0.0397,0.0159,0.7428,-0.0194,trailer,345,52.4161,-45.7847,0.0451,-0.0199,0.0492,0.0031,339.7909,0.04929523303525403,0.1774628389269145,-4.527299999999997,1.6970000000000027,-0.0131,-0.0085,0.015616017418023074,4.834899615297093,0,06_345_354_14725_ego_345,0,14725,14725,14733,vehicle_vehicle,0.3245888242356748,1.5566383750505024,1.9168337608010584,12.463579037339152,15.0,3.0,3.5,0.8,0.02005517389602992,0.07219862602570772
6,350,14794,259,77.8598,-66.6133,346.8291,1.9906,4.1702,7.4181,-1.383,0.7115,2.6273,7.5381,-0.3437,0.0942,-2.7203,car,345,52.4161,-45.7847,0.0451,-0.0199,0.0492,0.0031,339.7909,0.04929523303525403,0.1774628389269145,25.443700000000007,-20.828599999999994,7.373,-1.3631,7.497944425640937,32.8817950794965,0,06_345_354_14725_ego_345,0,14725,14725,14733,vehicle_vehicle,0.3245888242356748,1.5566383750505024,1.9168337608010584,12.463579037339152,15.0,3.0,3.5,0.8,0.02005517389602992,0.07219862602570772
6,354,14794,197,59.9459,-54.8761,288.3619,2.0931,4.5353,2.7478,-7.2961,2.6301,0.7784,7.7902,-0.3095,0.0898,-2.7414,car,345,52.4161,-45.7847,0.0451,-0.0199,0.0492,0.0031,339.7909,0.04929523303525403,0.1774628389269145,7.529800000000002,-9.0914,2.7026999999999997,-7.2762,7.761937498460034,11.80472117417434,0,06_345_354_14725_ego_345,1,14725,14725,14733,vehicle_vehicle,0.3245888242356748,1.5566383750505024,1.9168337608010584,12.463579037339152,15.0,3.0,3.5,0.8,0.02005517389602992,0.07219862602570772
6,356,14794,149,64.2012,-48.4634,269.6996,2.2482,5.2722,0.4379,-7.4887,3.3863,0.2843,7.4863,-0.4771,-0.3021,-3.3848,car,345,52.4161,-45.7847,0.0451,-0.0199,0.0492,0.0031,339.7909,0.04929523303525403,0.1774628389269145,11.7851,-2.678699999999999,0.39280000000000004,-7.4688,7.4791219591607145,12.085694671801038,0,06_345_354_14725_ego_345,0,14725,14725,14733,vehicle_vehicle,0.3245888242356748,1.5566383750505024,1.9168337608010584,12.463579037339152,15.0,3.0,3.5,0.8,0.02005517389602992,0.07219862602570772
6,345,14795,320,52.4167,-45.7852,339.7844,2.0385,4.741,0.0703,-0.0295,0.7756,-0.2967,0.0761,0.0034,0.8304,0.0104,car,345,52.4167,-45.7852,0.0703,-0.0295,0.0761,0.0034,339.7844,0.07623870408132605,0.2744593346927738,0.0,0.0,0.0,0.0,0.0,0.0,1,06_345_354_14725_ego_345,1,14725,14725,14733,vehicle_vehicle,0.3245888242356748,1.5566383750505024,1.9168337608010584,12.463579037339152,15.0,3.0,3.5,0.8,0.02005517389602992,0.07219862602570772
6,346,14795,310,47.8878,-44.0881,340.209,1.8132,2.8113,0.0581,-0.0362,0.7935,-0.2596,0.0669,0.0144,0.8346,-0.0244,trailer,345,52.4167,-45.7852,0.0703,-0.0295,0.0761,0.0034,339.7844,0.07623870408132605,0.2744593346927738,-4.5289,1.697100000000006,-0.012200000000000003,-0.0067000000000000046,0.013918692467326094,4.836432943813035,0,06_345_354_14725_ego_345,0,14725,14725,14733,vehicle_vehicle,0.3245888242356748,1.5566383750505024,1.9168337608010584,12.463579037339152,15.0,3.0,3.5,0.8,0.02005517389602992,0.07219862602570772
6,350,14795,260,78.1581,-66.6676,347.6495,1.9906,4.1702,7.4456,-1.2758,0.6614,2.6494,7.5462,-0.3463,0.0794,-2.7295,car,345,52.4167,-45.7852,0.0703,-0.0295,0.0761,0.0034,339.7844,0.07623870408132605,0.2744593346927738,25.741400000000006,-20.88239999999999,7.3753,-1.2463,7.479860545491474,33.1465579467914,0,06_345_354_14725_ego_345,0,14725,14725,14733,vehicle_vehicle,0.3245888242356748,1.5566383750505024,1.9168337608010584,12.463579037339152,15.0,3.0,3.5,0.8,0.02005517389602992,0.07219862602570772
6,354,14795,198,60.0574,-55.1669,289.1531,2.0931,4.5353,2.8538,-7.2677,2.6343,0.8139,7.8017,-0.3113,0.0955,-2.7555,car,345,52.4167,-45.7852,0.0703,-0.0295,0.0761,0.0034,339.7844,0.07623870408132605,0.2744593346927738,7.6407000000000025,-9.381699999999995,2.7835,-7.2382,7.754960444128648,12.099445912106884,0,06_345_354_14725_ego_345,1,14725,14725,14733,vehicle_vehicle,0.3245888242356748,1.5566383750505024,1.9168337608010584,12.463579037339152,15.0,3.0,3.5,0.8,0.02005517389602992,0.07219862602570772
6,356,14795,150,64.2216,-48.7632,270.726,2.2482,5.2722,0.5757,-7.4767,3.3806,0.3535,7.4834,-0.4809,-0.3106,-3.3848,car,345,52.4167,-45.7852,0.0703,-0.0295,0.0761,0.0034,339.7844,0.07623870408132605,0.2744593346927738,11.804899999999996,-2.9779999999999944,0.5054,-7.4472000000000005,7.464329641702596,12.174734001611693,0,06_345_354_14725_ego_345,0,14725,14725,14733,vehicle_vehicle,0.3245888242356748,1.5566383750505024,1.9168337608010584,12.463579037339152,15.0,3.0,3.5,0.8,0.02005517389602992,0.07219862602570772
6,345,14796,321,52.418,-45.7862,339.7743,2.0385,4.741,0.0995,-0.0405,0.8599,-0.3282,0.1074,0.0036,0.9203,0.0107,car,345,52.418,-45.7862,0.0995,-0.0405,0.1074,0.0036,339.7743,0.10742671920895658,0.38673618915224367,0.0,0.0,0.0,0.0,0.0,0.0,1,06_345_354_14725_ego_345,1,14725,14725,14733,vehicle_vehicle,0.3245888242356748,1.5566383750505024,1.9168337608010584,12.463579037339152,15.0,3.0,3.5,0.8,0.02005517389602992,0.07219862602570772
6,346,14796,311,47.8885,-44.089,340.2033,1.8132,2.8113,0.0886,-0.0454,0.8831,-0.2876,0.0988,0.0127,0.9284,-0.0285,trailer,345,52.418,-45.7862,0.0995,-0.0405,0.1074,0.0036,339.7743,0.10742671920895658,0.38673618915224367,-4.529499999999999,1.6972000000000023,-0.010900000000000007,-0.004900000000000002,0.01195073219514186,4.837029883099752,0,06_345_354_14725_ego_345,0,14725,14725,14733,vehicle_vehicle,0.3245888242356748,1.5566383750505024,1.9168337608010584,12.463579037339152,15.0,3.0,3.5,0.8,0.02005517389602992,0.07219862602570772
6,350,14796,261,78.4578,-66.7174,348.4733,1.9906,4.1702,7.4705,-1.1673,0.6126,2.6692,7.5531,-0.349,0.0668,-2.7378,car,345,52.418,-45.7862,0.0995,-0.0405,0.1074,0.0036,339.7743,0.10742671920895658,0.38673618915224367,26.039800000000007,-20.931199999999997,7.371,-1.1268,7.456629214330024,33.40937469453746,0,06_345_354_14725_ego_345,0,14725,14725,14733,vehicle_vehicle,0.3245888242356748,1.5566383750505024,1.9168337608010584,12.463579037339152,15.0,3.0,3.5,0.8,0.02005517389602992,0.07219862602570772
6,354,14796,199,60.1733,-55.4571,289.9472,2.0931,4.5353,2.9601,-7.2379,2.6377,0.8521,7.8136,-0.3132,0.0988,-2.7701,car,345,52.418,-45.7862,0.0995,-0.0405,0.1074,0.0036,339.7743,0.10742671920895658,0.38673618915224367,7.755299999999998,-9.670899999999996,2.8606000000000003,-7.1974,7.745037063823517,12.396410161817004,0,06_345_354_14725_ego_345,1,14725,14725,14733,vehicle_vehicle,0.3245888242356748,1.5566383750505024,1.9168337608010584,12.463579037339152,15.0,3.0,3.5,0.8,0.02005517389602992,0.07219862602570772
6,356,14796,151,64.2477,-49.0623,271.7664,2.2482,5.2722,0.7131,-7.4618,3.3726,0.4219,7.4802,-0.4828,-0.3178,-3.384,car,345,52.418,-45.7862,0.0995,-0.0405,0.1074,0.0036,339.7743,0.10742671920895658,0.38673618915224367,11.829699999999995,-3.2760999999999996,0.6135999999999999,-7.4213000000000005,7.446623305230365,12.274959604821513,0,06_345_354_14725_ego_345,0,14725,14725,14733,vehicle_vehicle,0.3245888242356748,1.5566383750505024,1.9168337608010584,12.463579037339152,15.0,3.0,3.5,0.8,0.02005517389602992,0.07219862602570772
6,345,14797,322,52.4205,-45.7876,339.761,2.0385,4.741,0.1331,-0.0529,0.9454,-0.3604,0.1432,0.0036,1.0117,0.0111,car,345,52.4205,-45.7876,0.1331,-0.0529,0.1432,0.0036,339.761,0.14322716222839857,0.5156177840222349,0.0,0.0,0.0,0.0,0.0,0.0,1,06_345_354_14725_ego_345,1,14725,14725,14733,vehicle_vehicle,0.3245888242356748,1.5566383750505024,1.9168337608010584,12.463579037339152,15.0,3.0,3.5,0.8,0.02005517389602992,0.07219862602570772
6,346,14797,312,47.8904,-44.0902,340.2166,1.8132,2.8113,0.1237,-0.0561,0.9735,-0.3166,0.1354,0.0109,1.0232,-0.0316,trailer,345,52.4205,-45.7876,0.1331,-0.0529,0.1432,0.0036,339.761,0.14322716222839857,0.5156177840222349,-4.530099999999997,1.6973999999999947,-0.009399999999999992,-0.0031999999999999945,0.009929753269845118,4.837661911502287,0,06_345_354_14725_ego_345,0,14725,14725,14733,vehicle_vehicle,0.3245888242356748,1.5566383750505024,1.9168337608010584,12.463579037339152,15.0,3.0,3.5,0.8,0.02005517389602992,0.07219862602570772
6,350,14797,262,78.7574,-66.7625,349.2971,1.9906,4.1702,7.4934,-1.0579,0.5653,2.6864,7.5595,-0.3522,0.0565,-2.7447,car,345,52.4205,-45.7876,0.1331,-0.0529,0.1432,0.0036,339.761,0.14322716222839857,0.5156177840222349,26.336900000000007,-20.974900000000005,7.3603000000000005,-1.0050000000000001,7.428596172225275,33.668660971591976,0,06_345_354_14725_ego_345,0,14725,14725,14733,vehicle_vehicle,0.3245888242356748,1.5566383750505024,1.9168337608010584,12.463579037339152,15.0,3.0,3.5,0.8,0.02005517389602992,0.07219862602570772
6,354,14797,200,60.2924,-55.7466,290.7405,2.0931,4.5353,3.067,-7.2064,2.6398,0.893,7.8255,-0.3162,0.0997,-2.785,car,345,52.4205,-45.7876,0.1331,-0.0529,0.1432,0.0036,339.761,0.14322716222839857,0.5156177840222349,7.871900000000004,-9.959000000000003,2.9339000000000004,-7.1535,7.73177414698593,12.694427541642046,0,06_345_354_14725_ego_345,1,14725,14725,14733,vehicle_vehicle,0.3245888242356748,1.5566383750505024,1.9168337608010584,12.463579037339152,15.0,3.0,3.5,0.8,0.02005517389602992,0.07219862602570772
6,356,14797,152,64.2794,-49.3607,272.808,2.2482,5.2722,0.85,-7.4441,3.3626,0.4896,7.4768,-0.4843,-0.3243,-3.3825,car,345,52.4205,-45.7876,0.1331,-0.0529,0.1432,0.0036,339.761,0.14322716222839857,0.5156177840222349,11.858899999999998,-3.5731000000000037,0.7169,-7.3911999999999995,7.425886011110054,12.385497681562901,0,06_345_354_14725_ego_345,0,14725,14725,14733,vehicle_vehicle,0.3245888242356748,1.5566383750505024,1.9168337608010584,12.463579037339152,15.0,3.0,3.5,0.8,0.02005517389602992,0.07219862602570772
6,345,14798,323,52.4243,-45.7895,339.7453,2.0385,4.741,0.1709,-0.0669,1.0313,-0.3933,0.1835,0.0035,1.1037,0.0119,car,345,52.4243,-45.7895,0.1709,-0.0669,0.1835,0.0035,339.7453,0.18352770907958285,0.6606997526864983,0.0,0.0,0.0,0.0,0.0,0.0,1,06_345_354_14725_ego_345,1,14725,14725,14733,vehicle_vehicle,0.3245888242356748,1.5566383750505024,1.9168337608010584,12.463579037339152,15.0,3.0,3.5,0.8,0.02005517389602992,0.07219862602570772
6,346,14798,313,47.8938,-44.0918,340.2312,1.8132,2.8113,0.1633,-0.0682,1.0636,-0.3462,0.1767,0.009,1.118,-0.0339,trailer,345,52.4243,-45.7895,0.1709,-0.0669,0.1835,0.0035,339.7453,0.18352770907958285,0.6606997526864983,-4.5305000000000035,1.6976999999999975,-0.007599999999999996,-0.0012999999999999956,0.007710382610480489,4.838141744513075,0,06_345_354_14725_ego_345,0,14725,14725,14733,vehicle_vehicle,0.3245888242356748,1.5566383750505024,1.9168337608010584,12.463579037339152,15.0,3.0,3.5,0.8,0.02005517389602992,0.07219862602570772
6,350,14798,263,79.0582,-66.8029,350.1316,1.9906,4.1702,7.5142,-0.9477,0.5197,2.7009,7.5654,-0.3542,0.0491,-2.7501,car,345,52.4243,-45.7895,0.1709,-0.0669,0.1835,0.0035,339.7453,0.18352770907958285,0.6606997526864983,26.633899999999997,-21.013399999999997,7.3433,-0.8808,7.395935608832732,33.925324003905985,0,06_345_354_14725_ego_345,0,14725,14725,14733,vehicle_vehicle,0.3245888242356748,1.5566383750505024,1.9168337608010584,12.463579037339152,15.0,3.0,3.5,0.8,0.02005517389602992,0.07219862602570772
6,354,14798,201,60.416,-56.0345,291.537,2.0931,4.5353,3.1746,-7.173,2.6403,0.9364,7.8376,-0.3197,0.0983,-2.7997,car,345,52.4243,-45.7895,0.1709,-0.0669,0.1835,0.0035,339.7453,0.18352770907958285,0.6606997526864983,7.9916999999999945,-10.245000000000005,3.0037,-7.1061,7.714847432062412,12.99335575938718,0,06_345_354_14725_ego_345,1,14725,14725,14733,vehicle_vehicle,0.3245888242356748,1.5566383750505024,1.9168337608010584,12.463579037339152,15.0,3.0,3.5,0.8,0.02005517389602992,0.07219862602570772
6,356,14798,153,64.3168,-49.6581,273.8617,2.2482,5.2722,0.9863,-7.4236,3.3506,0.5563,7.4732,-0.4841,-0.3294,-3.3805,car,345,52.4243,-45.7895,0.1709,-0.0669,0.1835,0.0035,339.7453,0.18352770907958285,0.6606997526864983,11.892499999999998,-3.8686000000000007,0.8153999999999999,-7.3567,7.401750607119913,12.505903494350177,0,06_345_354_14725_ego_345,0,14725,14725,14733,vehicle_vehicle,0.3245888242356748,1.5566383750505024,1.9168337608010584,12.463579037339152,15.0,3.0,3.5,0.8,0.02005517389602992,0.07219862602570772
6,345,14799,324,52.4306,-45.7924,339.7222,2.0385,4.741,0.2128,-0.0821,1.1169,-0.4266,0.2281,0.0033,1.1956,0.0131,car,345,52.4306,-45.7924,0.2128,-0.0821,0.2281,0.0033,339.7222,0.22808825046459538,0.8211177016725434,0.0,0.0,0.0,0.0,0.0,0.0,1,06_345_354_14725_ego_345,1,14725,14725,14733,vehicle_vehicle,0.3245888242356748,1.5566383750505024,1.9168337608010584,12.463579037339152,15.0,3.0,3.5,0.8,0.02005517389602992,0.07219862602570772
6,346,14799,314,47.8999,-44.0943,340.2668,1.8132,2.8113,0.207,-0.0818,1.1529,-0.3763,0.2225,0.0071,1.2122,-0.0351,trailer,345,52.4306,-45.7924,0.2128,-0.0821,0.2281,0.0033,339.7222,0.22808825046459538,0.8211177016725434,-4.530699999999996,1.6981000000000037,-0.0058,0.0003000000000000086,0.005807753438292642,4.838469396410395,0,06_345_354_14725_ego_345,0,14725,14725,14733,vehicle_vehicle,0.3245888242356748,1.5566383750505024,1.9168337608010584,12.463579037339152,15.0,3.0,3.5,0.8,0.02005517389602992,0.07219862602570772
6,350,14799,264,79.3592,-66.8387,350.9828,1.9906,4.1702,7.5331,-0.8368,0.4761,2.7127,7.5711,-0.3542,0.045,-2.7538,car,345,52.4306,-45.7924,0.2128,-0.0821,0.2281,0.0033,339.7222,0.22808825046459538,0.8211177016725434,26.928600000000003,-21.046300000000002,7.3203000000000005,-0.7546999999999999,7.359100772512903,34.1774229814069,0,06_345_354_14725_ego_345,0,14725,14725,14733,vehicle_vehicle,0.3245888242356748,1.5566383750505024,1.9168337608010584,12.463579037339152,15.0,3.0,3.5,0.8,0.02005517389602992,0.07219862602570772
6,354,14799,202,60.5436,-56.3211,292.325,2.0931,4.5353,3.2828,-7.1377,2.6385,0.982,7.8497,-0.3254,0.0939,-2.8137,car,345,52.4306,-45.7924,0.2128,-0.0821,0.2281,0.0033,339.7222,0.22808825046459538,0.8211177016725434,8.113,-10.5287,3.07,-7.0556,7.69456895218959,13.29188822891616,0,06_345_354_14725_ego_345,1,14725,14725,14733,vehicle_vehicle,0.3245888242356748,1.5566383750505024,1.9168337608010584,12.463579037339152,15.0,3.0,3.5,0.8,0.02005517389602992,0.07219862602570772
6,356,14799,154,64.3595,-49.9543,274.9229,2.2482,5.2722,1.1218,-7.4006,3.337,0.6223,7.4696,-0.4826,-0.3336,-3.3781,car,345,52.4306,-45.7924,0.2128,-0.0821,0.2281,0.0033,339.7222,0.22808825046459538,0.8211177016725434,11.928899999999999,-4.161900000000003,0.9089999999999999,-7.3185,7.374735469832122,12.634083537004177,0,06_345_354_14725_ego_345,0,14725,14725,14733,vehicle_vehicle,0.3245888242356748,1.5566383750505024,1.9168337608010584,12.463579037339152,15.0,3.0,3.5,0.8,0.02005517389602992,0.07219862602570772
6,345,14800,325,52.4383,-45.7962,339.7001,2.0385,4.741,0.2587,-0.0986,1.2016,-0.4605,0.2769,0.0027,1.2867,0.015,car,345,52.4383,-45.7962,0.2587,-0.0986,0.2769,0.0027,339.7001,0.276853119902955,0.9966712316506381,0.0,0.0,0.0,0.0,0.0,0.0,1,06_345_354_14725_ego_345,1,14725,14725,14733,vehicle_vehicle,0.3245888242356748,1.5566383750505024,1.9168337608010584,12.463579037339152,15.0,3.0,3.5,0.8,0.02005517389602992,0.07219862602570772
6,346,14800,315,47.9074,-44.0972,340.3306,1.8132,2.8113,0.255,-0.0968,1.2406,-0.4064,0.2727,0.0053,1.305,-0.0348,trailer,345,52.4383,-45.7962,0.2587,-0.0986,0.2769,0.0027,339.7001,0.276853119902955,0.9966712316506381,-4.5308999999999955,1.698999999999998,-0.003699999999999981,0.001799999999999996,0.004114608122288178,4.838972598599826,0,06_345_354_14725_ego_345,0,14725,14725,14733,vehicle_vehicle,0.3245888242356748,1.5566383750505024,1.9168337608010584,12.463579037339152,15.0,3.0,3.5,0.8,0.02005517389602992,0.07219862602570772
6,350,14800,265,79.6612,-66.8697,351.8372,1.9906,4.1702,7.5501,-0.7256,0.4343,2.7217,7.5767,-0.3537,0.0435,-2.7558,car,345,52.4383,-45.7962,0.2587,-0.0986,0.2769,0.0027,339.7001,0.276853119902955,0.9966712316506381,27.222899999999996,-21.073499999999996,7.291399999999999,-0.627,7.318308749977688,34.42642425027612,0,06_345_354_14725_ego_345,0,14725,14725,14733,vehicle_vehicle,0.3245888242356748,1.5566383750505024,1.9168337608010584,12.463579037339152,15.0,3.0,3.5,0.8,0.02005517389602992,0.07219862602570772
6,354,14800,203,60.6762,-56.6066,293.1133,2.0931,4.5353,3.3912,-7.1003,2.6339,1.0296,7.8616,-0.3318,0.087,-2.8267,car,345,52.4383,-45.7962,0.2587,-0.0986,0.2769,0.0027,339.7001,0.276853119902955,0.9966712316506381,8.237900000000003,-10.810400000000001,3.1325,-7.0017,7.6704862388247586,13.591458515185193,0,06_345_354_14725_ego_345,1,14725,14725,14733,vehicle_vehicle,0.3245888242356748,1.5566383750505024,1.9168337608010584,12.463579037339152,15.0,3.0,3.5,0.8,0.02005517389602992,0.07219862602570772
6,356,14800,155,64.4074,-50.2495,275.9796,2.2482,5.2722,1.2566,-7.3751,3.322,0.6876,7.4659,-0.4815,-0.3378,-3.3756,car,345,52.4383,-45.7962,0.2587,-0.0986,0.2769,0.0027,339.7001,0.276853119902955,0.9966712316506381,11.969099999999997,-4.453299999999999,0.9979,-7.2764999999999995,7.344607318298235,12.770717900728991,0,06_345_354_14725_ego_345,0,14725,14725,14733,vehicle_vehicle,0.3245888242356748,1.5566383750505024,1.9168337608010584,12.463579037339152,15.0,3.0,3.5,0.8,0.02005517389602992,0.07219862602570772
