recordingId,trackId,frame,trackLifetime,xCenter,yCenter,heading,width,length,xVelocity,yVelocity,xAcceleration,yAcceleration,lonVelocity,latVelocity,lonAcceleration,latAcceleration,class,egoTrackId,ego_xCenter,ego_yCenter,ego_xVelocity,ego_yVelocity,ego_lonVelocity,ego_latVelocity,ego_heading,ego_speed_mps,ego_speed_kph,rel_x_to_ego,rel_y_to_ego,rel_vx_to_ego,rel_vy_to_ego,rel_speed_to_ego,distance_to_ego,is_ego,event_id,is_primary_actor,event_peak_frame,event_start_frame,event_end_frame,pair_type,risk_score_peak,event_min_ttc,event_min_dcpa,event_min_distance,dist_threshold_used,ttc_threshold_used,dcpa_threshold_used,min_rel_speed_threshold_used,ego_speed_mps_peak,ego_speed_kph_peak
10,357,14840,166,77.5215,-24.5286,199.7208,1.9451,4.0954,-5.6138,-2.0157,-0.6586,-0.7448,5.9648,-0.0032,0.8713,-0.4789,car,364,,,,,,,,,,,,,,,,0,10_357_364_14915_ego_364,1,14915,14915,14917,vehicle_vehicle,0.24142282905353948,1.936079561311909,2.593298100002847,14.33918165098692,15.0,3.0,3.5,0.8,2.327770755465409,8.379974719675472
10,357,14841,167,77.2932,-24.6106,199.8564,1.9451,4.0954,-5.6369,-2.0471,-0.5581,-0.7623,5.9971,-0.0107,0.7839,-0.5274,car,364,,,,,,,,,,,,,,,,0,10_357_364_14915_ego_364,1,14915,14915,14917,vehicle_vehicle,0.24142282905353948,1.936079561311909,2.593298100002847,14.33918165098692,15.0,3.0,3.5,0.8,2.327770755465409,8.379974719675472
10,357,14842,168,77.0646,-24.694,200.0162,1.9451,4.0954,-5.6549,-2.0788,-0.4616,-0.7784,6.0248,-0.0177,0.7001,-0.5734,car,364,,,,,,,,,,,,,,,,0,10_357_364_14915_ego_364,1,14915,14915,14917,vehicle_vehicle,0.24142282905353948,1.936079561311909,2.593298100002847,14.33918165098692,15.0,3.0,3.5,0.8,2.327770755465409,8.379974719675472
10,357,14843,169,76.8359,-24.7784,200.2108,1.9451,4.0954,-5.6681,-2.1109,-0.3698,-0.7934,6.0484,-0.0228,0.6211,-0.6168,car,364,,,,,,,,,,,,,,,,0,10_357_364_14915_ego_364,1,14915,14915,14917,vehicle_vehicle,0.24142282905353948,1.936079561311909,2.593298100002847,14.33918165098692,15.0,3.0,3.5,0.8,2.327770755465409,8.379974719675472
10,357,14844,170,76.6075,-24.8644,200.4302,1.9451,4.0954,-5.6771,-2.1433,-0.2835,-0.8076,6.0682,-0.0268,0.5476,-0.6579,car,364,,,,,,,,,,,,,,,,0,10_357_364_14915_ego_364,1,14915,14915,14917,vehicle_vehicle,0.24142282905353948,1.936079561311909,2.593298100002847,14.33918165098692,15.0,3.0,3.5,0.8,2.327770755465409,8.379974719675472
10,357,14845,171,76.3797,-24.952,200.6712,1.9451,4.0954,-5.6825,-2.1757,-0.2031,-0.8215,6.0847,-0.0297,0.48,-0.6969,car,364,,,,,,,,,,,,,,,,0,10_357_364_14915_ego_364,1,14915,14915,14917,vehicle_vehicle,0.24142282905353948,1.936079561311909,2.593298100002847,14.33918165098692,15.0,3.0,3.5,0.8,2.327770755465409,8.379974719675472
10,357,14846,172,76.1526,-25.0415,200.928,1.9451,4.0954,-5.6848,-2.2079,-0.1286,-0.8356,6.0984,-0.0317,0.4185,-0.7345,car,364,,,,,,,,,,,,,,,,0,10_357_364_14915_ego_364,1,14915,14915,14917,vehicle_vehicle,0.24142282905353948,1.936079561311909,2.593298100002847,14.33918165098692,15.0,3.0,3.5,0.8,2.327770755465409,8.379974719675472
10,357,14847,173,75.9253,-25.1321,201.1599,1.9451,4.0954,-5.6842,-2.2401,-0.0598,-0.8506,6.1096,-0.0372,0.3628,-0.7716,car,364,,,,,,,,,,,,,,,,0,10_357_364_14915_ego_364,1,14915,14915,14917,vehicle_vehicle,0.24142282905353948,1.936079561311909,2.593298100002847,14.33918165098692,15.0,3.0,3.5,0.8,2.327770755465409,8.379974719675472
10,357,14848,174,75.6985,-25.2233,201.3799,1.9451,4.0954,-5.6811,-2.2725,0.0033,-0.867,6.1186,-0.0451,0.313,-0.8086,car,364,,,,,,,,,,,,,,,,0,10_357_364_14915_ego_364,1,14915,14915,14917,vehicle_vehicle,0.24142282905353948,1.936079561311909,2.593298100002847,14.33918165098692,15.0,3.0,3.5,0.8,2.327770755465409,8.379974719675472
10,357,14849,175,75.4722,-25.315,201.5648,1.9451,4.0954,-5.6759,-2.3055,0.0612,-0.8851,6.126,-0.058,0.2684,-0.8456,car,364,,,,,,,,,,,,,,,,0,10_357_364_14915_ego_364,1,14915,14915,14917,vehicle_vehicle,0.24142282905353948,1.936079561311909,2.593298100002847,14.33918165098692,15.0,3.0,3.5,0.8,2.327770755465409,8.379974719675472
10,357,14850,176,75.2458,-25.4082,201.7887,1.9451,4.0954,-5.6685,-2.3392,0.114,-0.9049,6.1318,-0.068,0.23,-0.8826,car,364,,,,,,,,,,,,,,,,0,10_357_364_14915_ego_364,1,14915,14915,14917,vehicle_vehicle,0.24142282905353948,1.936079561311909,2.593298100002847,14.33918165098692,15.0,3.0,3.5,0.8,2.327770755465409,8.379974719675472
10,357,14851,177,75.0202,-25.5026,202.0386,1.9451,4.0954,-5.6595,-2.3736,0.1622,-0.9265,6.1366,-0.0765,0.1973,-0.9196,car,364,,,,,,,,,,,,,,,,0,10_357_364_14915_ego_364,1,14915,14915,14917,vehicle_vehicle,0.24142282905353948,1.936079561311909,2.593298100002847,14.33918165098692,15.0,3.0,3.5,0.8,2.327770755465409,8.379974719675472
10,357,14852,178,74.7944,-25.5988,202.3089,1.9451,4.0954,-5.6487,-2.4086,0.2059,-0.95,6.1402,-0.0841,0.1701,-0.957,car,364,,,,,,,,,,,,,,,,0,10_357_364_14915_ego_364,1,14915,14915,14917,vehicle_vehicle,0.24142282905353948,1.936079561311909,2.593298100002847,14.33918165098692,15.0,3.0,3.5,0.8,2.327770755465409,8.379974719675472
10,357,14853,179,74.5691,-25.6965,202.6012,1.9451,4.0954,-5.6364,-2.4444,0.2455,-0.9756,6.1429,-0.0905,0.1483,-0.995,car,364,,,,,,,,,,,,,,,,0,10_357_364_14915_ego_364,1,14915,14915,14917,vehicle_vehicle,0.24142282905353948,1.936079561311909,2.593298100002847,14.33918165098692,15.0,3.0,3.5,0.8,2.327770755465409,8.379974719675472
10,357,14854,180,74.3447,-25.7954,202.902,1.9451,4.0954,-5.6228,-2.481,0.2812,-1.0035,6.1451,-0.0973,0.1315,-1.0339,car,364,,,,,,,,,,,,,,,,0,10_357_364_14915_ego_364,1,14915,14915,14917,vehicle_vehicle,0.24142282905353948,1.936079561311909,2.593298100002847,14.33918165098692,15.0,3.0,3.5,0.8,2.327770755465409,8.379974719675472
10,357,14855,181,74.1208,-25.8951,203.1993,1.9451,4.0954,-5.6081,-2.5189,0.3133,-1.0338,6.1469,-0.106,0.1193,-1.0736,car,364,,,,,,,,,,,,,,,,0,10_357_364_14915_ego_364,1,14915,14915,14917,vehicle_vehicle,0.24142282905353948,1.936079561311909,2.593298100002847,14.33918165098692,15.0,3.0,3.5,0.8,2.327770755465409,8.379974719675472
10,357,14856,182,73.8974,-25.9963,203.5199,1.9451,4.0954,-5.5925,-2.5581,0.3421,-1.0663,6.1487,-0.1138,0.1119,-1.1142,car,364,,,,,,,,,,,,,,,,0,10_357_364_14915_ego_364,1,14915,14915,14917,vehicle_vehicle,0.24142282905353948,1.936079561311909,2.593298100002847,14.33918165098692,15.0,3.0,3.5,0.8,2.327770755465409,8.379974719675472
10,357,14857,183,73.6749,-26.0991,203.8358,1.9451,4.0954,-5.576,-2.5988,0.3679,-1.1008,6.1506,-0.1238,0.1083,-1.1555,car,364,,,,,,,,,,,,,,,,0,10_357_364_14915_ego_364,1,14915,14915,14917,vehicle_vehicle,0.24142282905353948,1.936079561311909,2.593298100002847,14.33918165098692,15.0,3.0,3.5,0.8,2.327770755465409,8.379974719675472
10,357,14858,184,73.4526,-26.2034,204.1677,1.9451,4.0954,-5.5587,-2.6411,0.391,-1.1371,6.1527,-0.1338,0.1088,-1.1975,car,364,,,,,,,,,,,,,,,,0,10_357_364_14915_ego_364,1,14915,14915,14917,vehicle_vehicle,0.24142282905353948,1.936079561311909,2.593298100002847,14.33918165098692,15.0,3.0,3.5,0.8,2.327770755465409,8.379974719675472
10,357,14859,185,73.2311,-26.31,204.5268,1.9451,4.0954,-5.5406,-2.6848,0.4116,-1.1752,6.1552,-0.1426,0.1133,-1.24,car,364,,,,,,,,,,,,,,,,0,10_357_364_14915_ego_364,1,14915,14915,14917,vehicle_vehicle,0.24142282905353948,1.936079561311909,2.593298100002847,14.33918165098692,15.0,3.0,3.5,0.8,2.327770755465409,8.379974719675472
10,357,14860,186,73.0105,-26.4178,204.8854,1.9451,4.0954,-5.522,-2.7303,0.43,-1.2149,6.1582,-0.1531,0.1212,-1.283,car,364,,,,,,,,,,,,,,,,0,10_357_364_14915_ego_364,1,14915,14915,14917,vehicle_vehicle,0.24142282905353948,1.936079561311909,2.593298100002847,14.33918165098692,15.0,3.0,3.5,0.8,2.327770755465409,8.379974719675472
10,357,14861,187,72.7908,-26.5274,205.2766,1.9451,4.0954,-5.503,-2.7776,0.4464,-1.2561,6.1622,-0.1619,0.1327,-1.3264,car,364,,,,,,,,,,,,,,,,0,10_357_364_14915_ego_364,1,14915,14915,14917,vehicle_vehicle,0.24142282905353948,1.936079561311909,2.593298100002847,14.33918165098692,15.0,3.0,3.5,0.8,2.327770755465409,8.379974719675472
10,357,14862,188,72.5719,-26.6387,205.6649,1.9451,4.0954,-5.4837,-2.8269,0.4611,-1.2984,6.1671,-0.1729,0.1467,-1.37,car,364,,,,,,,,,,,,,,,,0,10_357_364_14915_ego_364,1,14915,14915,14917,vehicle_vehicle,0.24142282905353948,1.936079561311909,2.593298100002847,14.33918165098692,15.0,3.0,3.5,0.8,2.327770755465409,8.379974719675472
10,357,14863,189,72.3534,-26.7517,206.0659,1.9451,4.0954,-5.4641,-2.8783,0.4745,-1.3414,6.173,-0.1846,0.1631,-1.4135,car,364,,,,,,,,,,,,,,,,0,10_357_364_14915_ego_364,1,14915,14915,14917,vehicle_vehicle,0.24142282905353948,1.936079561311909,2.593298100002847,14.33918165098692,15.0,3.0,3.5,0.8,2.327770755465409,8.379974719675472
10,357,14864,190,72.1353,-26.8663,206.475,1.9451,4.0954,-5.4439,-2.932,0.4868,-1.3847,6.1801,-0.1976,0.1816,-1.4565,car,364,,,,,,,,,,,,,,,,0,10_357_364_14915_ego_364,1,14915,14915,14917,vehicle_vehicle,0.24142282905353948,1.936079561311909,2.593298100002847,14.33918165098692,15.0,3.0,3.5,0.8,2.327770755465409,8.379974719675472
10,357,14865,191,71.9185,-26.9833,206.8762,1.9451,4.0954,-5.4234,-2.9881,0.4979,-1.4276,6.1884,-0.2136,0.2013,-1.4984,car,364,,,,,,,,,,,,,,,,0,10_357_364_14915_ego_364,1,14915,14915,14917,vehicle_vehicle,0.24142282905353948,1.936079561311909,2.593298100002847,14.33918165098692,15.0,3.0,3.5,0.8,2.327770755465409,8.379974719675472
10,357,14866,192,71.7033,-27.1033,207.2927,1.9451,4.0954,-5.4031,-3.0461,0.5083,-1.4696,6.1983,-0.2295,0.2222,-1.5391,car,364,,,,,,,,,,,,,,,,0,10_357_364_14915_ego_364,1,14915,14915,14917,vehicle_vehicle,0.24142282905353948,1.936079561311909,2.593298100002847,14.33918165098692,15.0,3.0,3.5,0.8,2.327770755465409,8.379974719675472
10,357,14867,193,71.4884,-27.2262,207.7293,1.9451,4.0954,-5.3826,-3.1059,0.5184,-1.5108,6.2096,-0.2447,0.2441,-1.5785,car,364,,,,,,,,,,,,,,,,0,10_357_364_14915_ego_364,1,14915,14915,14917,vehicle_vehicle,0.24142282905353948,1.936079561311909,2.593298100002847,14.33918165098692,15.0,3.0,3.5,0.8,2.327770755465409,8.379974719675472
10,357,14868,194,71.2743,-27.3517,208.1837,1.9451,4.0954,-5.3621,-3.1672,0.5286,-1.5509,6.2222,-0.2592,0.2666,-1.6167,car,364,,,,,,,,,,,,,,,,0,10_357_364_14915_ego_364,1,14915,14915,14917,vehicle_vehicle,0.24142282905353948,1.936079561311909,2.593298100002847,14.33918165098692,15.0,3.0,3.5,0.8,2.327770755465409,8.379974719675472
10,357,14869,195,71.0608,-27.4803,208.6654,1.9451,4.0954,-5.3413,-3.2299,0.539,-1.5903,6.236,-0.2719,0.2899,-1.6539,car,364,43.031,-42.6413,6.2648,-2.1426,6.6162,0.2547,343.3237,6.621061380171611,23.8358209686178,28.0298,15.161000000000001,-11.606100000000001,-1.0873000000000004,11.656919768961268,31.867312548126804,0,10_357_364_14915_ego_364,1,14915,14915,14917,vehicle_vehicle,0.24142282905353948,1.936079561311909,2.593298100002847,14.33918165098692,15.0,3.0,3.5,0.8,2.327770755465409,8.379974719675472
10,364,14869,0,43.031,-42.6413,343.3237,2.1302,5.1039,6.2648,-2.1426,-0.7736,0.0167,6.6162,0.2547,-0.7459,0.206,car,364,43.031,-42.6413,6.2648,-2.1426,6.6162,0.2547,343.3237,6.621061380171611,23.8358209686178,0.0,0.0,0.0,0.0,0.0,0.0,1,10_357_364_14915_ego_364,1,14915,14915,14917,vehicle_vehicle,0.24142282905353948,1.936079561311909,2.593298100002847,14.33918165098692,15.0,3.0,3.5,0.8,2.327770755465409,8.379974719675472
10,357,14870,196,70.8487,-27.6111,209.1816,1.9451,4.0954,-5.3206,-3.2941,0.5501,-1.629,6.2515,-0.2818,0.314,-1.6905,car,364,43.2794,-42.7261,6.2471,-2.1442,6.6,0.2531,343.2518,6.604835505143182,23.777407818515456,27.56929999999999,15.115000000000002,-11.567699999999999,-1.1498999999999997,11.624713041619565,31.440889419512285,0,10_357_364_14915_ego_364,1,14915,14915,14917,vehicle_vehicle,0.24142282905353948,1.936079561311909,2.593298100002847,14.33918165098692,15.0,3.0,3.5,0.8,2.327770755465409,8.379974719675472
10,364,14870,1,43.2794,-42.7261,343.2518,2.1302,5.1039,6.2471,-2.1442,-0.817,0.0208,6.6,0.2531,-0.7883,0.2155,car,364,43.2794,-42.7261,6.2471,-2.1442,6.6,0.2531,343.2518,6.604835505143182,23.777407818515456,0.0,0.0,0.0,0.0,0.0,0.0,1,10_357_364_14915_ego_364,1,14915,14915,14917,vehicle_vehicle,0.24142282905353948,1.936079561311909,2.593298100002847,14.33918165098692,15.0,3.0,3.5,0.8,2.327770755465409,8.379974719675472
10,357,14871,197,70.6378,-27.7438,209.7115,1.9451,4.0954,-5.3001,-3.36,0.5624,-1.6671,6.2686,-0.2914,0.3379,-1.7267,car,364,43.5289,-42.8116,6.2276,-2.1458,6.5821,0.2515,343.1762,6.586915772954744,23.712896782637078,27.1089,15.067799999999998,-11.5277,-1.2142,11.591468799509403,31.015013397546678,0,10_357_364_14915_ego_364,1,14915,14915,14917,vehicle_vehicle,0.24142282905353948,1.936079561311909,2.593298100002847,14.33918165098692,15.0,3.0,3.5,0.8,2.327770755465409,8.379974719675472
10,364,14871,2,43.5289,-42.8116,343.1762,2.1302,5.1039,6.2276,-2.1458,-0.8735,0.0274,6.5821,0.2515,-0.844,0.2266,car,364,43.5289,-42.8116,6.2276,-2.1458,6.5821,0.2515,343.1762,6.586915772954744,23.712896782637078,0.0,0.0,0.0,0.0,0.0,0.0,1,10_357_364_14915_ego_364,1,14915,14915,14917,vehicle_vehicle,0.24142282905353948,1.936079561311909,2.593298100002847,14.33918165098692,15.0,3.0,3.5,0.8,2.327770755465409,8.379974719675472
10,357,14872,198,70.4272,-27.8796,210.2539,1.9451,4.0954,-5.2794,-3.4274,0.5762,-1.7046,6.2872,-0.3006,0.361,-1.7627,car,364,43.7799,-42.8976,6.2048,-2.1471,6.561,0.2506,343.1002,6.565788714998374,23.636839373994146,26.6473,15.017999999999997,-11.4842,-1.2803,11.555345850730733,30.587888473871484,0,10_357_364_14915_ego_364,1,14915,14915,14917,vehicle_vehicle,0.24142282905353948,1.936079561311909,2.593298100002847,14.33918165098692,15.0,3.0,3.5,0.8,2.327770755465409,8.379974719675472
10,364,14872,3,43.7799,-42.8976,343.1002,2.1302,5.1039,6.2048,-2.1471,-0.9427,0.0363,6.561,0.2506,-0.9125,0.2393,car,364,43.7799,-42.8976,6.2048,-2.1471,6.561,0.2506,343.1002,6.565788714998374,23.636839373994146,0.0,0.0,0.0,0.0,0.0,0.0,1,10_357_364_14915_ego_364,1,14915,14915,14917,vehicle_vehicle,0.24142282905353948,1.936079561311909,2.593298100002847,14.33918165098692,15.0,3.0,3.5,0.8,2.327770755465409,8.379974719675472
10,357,14873,199,70.2172,-28.0183,210.7925,1.9451,4.0954,-5.2585,-3.4961,0.5921,-1.7413,6.307,-0.3113,0.3828,-1.799,car,364,44.0304,-42.9832,6.1779,-2.1481,6.536,0.2482,343.0024,6.540701951625682,23.546527025852455,26.186800000000005,14.964899999999997,-11.436399999999999,-1.3480000000000003,11.51556984955586,30.16117912565754,0,10_357_364_14915_ego_364,1,14915,14915,14917,vehicle_vehicle,0.24142282905353948,1.936079561311909,2.593298100002847,14.33918165098692,15.0,3.0,3.5,0.8,2.327770755465409,8.379974719675472
10,364,14873,4,44.0304,-42.9832,343.0024,2.1302,5.1039,6.1779,-2.1481,-1.0233,0.0477,6.536,0.2482,-0.9926,0.2536,car,364,44.0304,-42.9832,6.1779,-2.1481,6.536,0.2482,343.0024,6.540701951625682,23.546527025852455,0.0,0.0,0.0,0.0,0.0,0.0,1,10_357_364_14915_ego_364,1,14915,14915,14917,vehicle_vehicle,0.24142282905353948,1.936079561311909,2.593298100002847,14.33918165098692,15.0,3.0,3.5,0.8,2.327770755465409,8.379974719675472
10,357,14874,200,70.0079,-28.1591,211.3477,1.9451,4.0954,-5.2372,-3.5665,0.6103,-1.7775,6.3281,-0.3213,0.4035,-1.8355,car,364,44.2811,-43.0686,6.1461,-2.1488,6.5063,0.2444,342.8813,6.510905209723146,23.439258755003326,25.726800000000004,14.909500000000005,-11.383299999999998,-1.4177,11.471241963274943,29.734852084548873,0,10_357_364_14915_ego_364,1,14915,14915,14917,vehicle_vehicle,0.24142282905353948,1.936079561311909,2.593298100002847,14.33918165098692,15.0,3.0,3.5,0.8,2.327770755465409,8.379974719675472
10,364,14874,5,44.2811,-43.0686,342.8813,2.1302,5.1039,6.1461,-2.1488,-1.114,0.0615,6.5063,0.2444,-1.0828,0.2691,car,364,44.2811,-43.0686,6.1461,-2.1488,6.5063,0.2444,342.8813,6.510905209723146,23.439258755003326,0.0,0.0,0.0,0.0,0.0,0.0,1,10_357_364_14915_ego_364,1,14915,14915,14917,vehicle_vehicle,0.24142282905353948,1.936079561311909,2.593298100002847,14.33918165098692,15.0,3.0,3.5,0.8,2.327770755465409,8.379974719675472
10,357,14875,201,69.7986,-28.3018,211.8902,1.9451,4.0954,-5.215,-3.6389,0.6307,-1.8126,6.3503,-0.3346,0.4221,-1.8722,car,364,44.5303,-43.1545,6.109,-2.1489,6.4716,0.2373,342.7198,6.475928675487401,23.313343231754644,25.268299999999996,14.852699999999999,-11.324,-1.4900000000000002,11.421605666455134,29.310231697821834,0,10_357_364_14915_ego_364,1,14915,14915,14917,vehicle_vehicle,0.24142282905353948,1.936079561311909,2.593298100002847,14.33918165098692,15.0,3.0,3.5,0.8,2.327770755465409,8.379974719675472
10,364,14875,6,44.5303,-43.1545,342.7198,2.1302,5.1039,6.109,-2.1489,-1.213,0.078,6.4716,0.2373,-1.1814,0.2858,car,364,44.5303,-43.1545,6.109,-2.1489,6.4716,0.2373,342.7198,6.475928675487401,23.313343231754644,0.0,0.0,0.0,0.0,0.0,0.0,1,10_357_364_14915_ego_364,1,14915,14915,14917,vehicle_vehicle,0.24142282905353948,1.936079561311909,2.593298100002847,14.33918165098692,15.0,3.0,3.5,0.8,2.327770755465409,8.379974719675472
10,357,14876,202,69.5912,-28.4475,212.425,1.9451,4.0954,-5.1923,-3.7132,0.6535,-1.8462,6.3738,-0.3502,0.4383,-1.9087,car,364,44.7776,-43.2409,6.0664,-2.1482,6.4314,0.2288,342.5376,6.4355242366104095,23.167887251797474,24.8136,14.793400000000002,-11.258700000000001,-1.565,11.366949929070683,28.888742245379948,0,10_357_364_14915_ego_364,1,14915,14915,14917,vehicle_vehicle,0.24142282905353948,1.936079561311909,2.593298100002847,14.33918165098692,15.0,3.0,3.5,0.8,2.327770755465409,8.379974719675472
10,364,14876,7,44.7776,-43.2409,342.5376,2.1302,5.1039,6.0664,-2.1482,-1.3186,0.097,6.4314,0.2288,-1.2869,0.3032,car,364,44.7776,-43.2409,6.0664,-2.1482,6.4314,0.2288,342.5376,6.4355242366104095,23.167887251797474,0.0,0.0,0.0,0.0,0.0,0.0,1,10_357_364_14915_ego_364,1,14915,14915,14917,vehicle_vehicle,0.24142282905353948,1.936079561311909,2.593298100002847,14.33918165098692,15.0,3.0,3.5,0.8,2.327770755465409,8.379974719675472
10,357,14877,203,69.3848,-28.5973,212.9819,1.9451,4.0954,-5.169,-3.789,0.679,-1.8779,6.3986,-0.3645,0.4527,-1.9449,car,364,45.0227,-43.3274,6.0181,-2.1465,6.3857,0.2176,342.3216,6.389443626795685,23.001997056464464,24.362099999999998,14.730099999999997,-11.1871,-1.6425,11.307033769295995,28.46906676412137,0,10_357_364_14915_ego_364,1,14915,14915,14917,vehicle_vehicle,0.24142282905353948,1.936079561311909,2.593298100002847,14.33918165098692,15.0,3.0,3.5,0.8,2.327770755465409,8.379974719675472
10,364,14877,8,45.0227,-43.3274,342.3216,2.1302,5.1039,6.0181,-2.1465,-1.4294,0.1183,6.3857,0.2176,-1.3978,0.3214,car,364,45.0227,-43.3274,6.0181,-2.1465,6.3857,0.2176,342.3216,6.389443626795685,23.001997056464464,0.0,0.0,0.0,0.0,0.0,0.0,1,10_357_364_14915_ego_364,1,14915,14915,14917,vehicle_vehicle,0.24142282905353948,1.936079561311909,2.593298100002847,14.33918165098692,15.0,3.0,3.5,0.8,2.327770755465409,8.379974719675472
10,357,14878,204,69.1787,-28.7504,213.5574,1.9451,4.0954,-5.1447,-3.866,0.7073,-1.9077,6.4242,-0.3778,0.4651,-1.9807,car,364,45.2657,-43.4136,5.964,-2.1438,6.3343,0.2062,342.0935,6.337600053648069,22.81536019313305,23.913000000000004,14.663200000000003,-11.1087,-1.7222,11.241405095894375,28.050686323867378,0,10_357_364_14915_ego_364,1,14915,14915,14917,vehicle_vehicle,0.24142282905353948,1.936079561311909,2.593298100002847,14.33918165098692,15.0,3.0,3.5,0.8,2.327770755465409,8.379974719675472
10,364,14878,9,45.2657,-43.4136,342.0935,2.1302,5.1039,5.964,-2.1438,-1.5439,0.1416,6.3343,0.2062,-1.5127,0.34,car,364,45.2657,-43.4136,5.964,-2.1438,6.3343,0.2062,342.0935,6.337600053648069,22.81536019313305,0.0,0.0,0.0,0.0,0.0,0.0,1,10_357_364_14915_ego_364,1,14915,14915,14917,vehicle_vehicle,0.24142282905353948,1.936079561311909,2.593298100002847,14.33918165098692,15.0,3.0,3.5,0.8,2.327770755465409,8.379974719675472
10,357,14879,205,68.973,-28.9069,214.1497,1.9451,4.0954,-5.1191,-3.944,0.7384,-1.9357,6.4504,-0.3904,0.4755,-2.0164,car,364,45.5068,-43.5,5.9039,-2.1398,6.2767,0.1937,341.8454,6.279711717109314,22.60696218159353,23.4662,14.5931,-11.023,-1.8041999999999998,11.169676210168314,27.633695193549485,0,10_357_364_14915_ego_364,1,14915,14915,14917,vehicle_vehicle,0.24142282905353948,1.936079561311909,2.593298100002847,14.33918165098692,15.0,3.0,3.5,0.8,2.327770755465409,8.379974719675472
10,364,14879,10,45.5068,-43.5,341.8454,2.1302,5.1039,5.9039,-2.1398,-1.6609,0.1668,6.2767,0.1937,-1.6302,0.359,car,364,45.5068,-43.5,5.9039,-2.1398,6.2767,0.1937,341.8454,6.279711717109314,22.60696218159353,0.0,0.0,0.0,0.0,0.0,0.0,1,10_357_364_14915_ego_364,1,14915,14915,14917,vehicle_vehicle,0.24142282905353948,1.936079561311909,2.593298100002847,14.33918165098692,15.0,3.0,3.5,0.8,2.327770755465409,8.379974719675472
10,357,14880,206,68.7695,-29.0666,214.7501,1.9451,4.0954,-5.0925,-4.0231,0.7723,-1.962,6.4773,-0.4028,0.4837,-2.0523,car,364,45.7444,-43.5857,5.8379,-2.1347,6.2133,0.1797,341.5708,6.215948881707442,22.377415974146793,23.025099999999995,14.519100000000002,-10.9304,-1.8884000000000003,11.092326118537986,27.220571169980982,0,10_357_364_14915_ego_364,1,14915,14915,14917,vehicle_vehicle,0.24142282905353948,1.936079561311909,2.593298100002847,14.33918165098692,15.0,3.0,3.5,0.8,2.327770755465409,8.379974719675472
10,364,14880,11,45.7444,-43.5857,341.5708,2.1302,5.1039,5.8379,-2.1347,-1.7788,0.1937,6.2133,0.1797,-1.7488,0.3786,car,364,45.7444,-43.5857,5.8379,-2.1347,6.2133,0.1797,341.5708,6.215948881707442,22.377415974146793,0.0,0.0,0.0,0.0,0.0,0.0,1,10_357_364_14915_ego_364,1,14915,14915,14917,vehicle_vehicle,0.24142282905353948,1.936079561311909,2.593298100002847,14.33918165098692,15.0,3.0,3.5,0.8,2.327770755465409,8.379974719675472
10,357,14881,207,68.5675,-29.229,215.3462,1.9451,4.0954,-5.0649,-4.1032,0.8094,-1.9866,6.5051,-0.4167,0.4891,-2.0887,car,364,45.9789,-43.6713,5.7662,-2.1284,6.1443,0.1656,341.2838,6.146474517965563,22.127308264676028,22.588599999999992,14.442300000000003,-10.8311,-1.9748,11.009657680872735,26.81090970575224,0,10_357_364_14915_ego_364,1,14915,14915,14917,vehicle_vehicle,0.24142282905353948,1.936079561311909,2.593298100002847,14.33918165098692,15.0,3.0,3.5,0.8,2.327770755465409,8.379974719675472
10,364,14881,12,45.9789,-43.6713,341.2838,2.1302,5.1039,5.7662,-2.1284,-1.8967,0.222,6.1443,0.1656,-1.8677,0.3984,car,364,45.9789,-43.6713,5.7662,-2.1284,6.1443,0.1656,341.2838,6.146474517965563,22.127308264676028,0.0,0.0,0.0,0.0,0.0,0.0,1,10_357_364_14915_ego_364,1,14915,14915,14917,vehicle_vehicle,0.24142282905353948,1.936079561311909,2.593298100002847,14.33918165098692,15.0,3.0,3.5,0.8,2.327770755465409,8.379974719675472
10,357,14882,208,68.3661,-29.3946,215.9667,1.9451,4.0954,-5.0362,-4.1843,0.8499,-2.0097,6.5336,-0.4288,0.4925,-2.1257,car,364,46.2114,-43.7571,5.6885,-2.1206,6.0689,0.1566,341.0332,6.070912337532144,21.85528441511572,22.154700000000005,14.3625,-10.7247,-2.0637000000000003,10.921448978043161,26.40288125072717,0,10_357_364_14915_ego_364,1,14915,14915,14917,vehicle_vehicle,0.24142282905353948,1.936079561311909,2.593298100002847,14.33918165098692,15.0,3.0,3.5,0.8,2.327770755465409,8.379974719675472
10,364,14882,13,46.2114,-43.7571,341.0332,2.1302,5.1039,5.6885,-2.1206,-2.0135,0.2517,6.0689,0.1566,-1.986,0.4164,car,364,46.2114,-43.7571,5.6885,-2.1206,6.0689,0.1566,341.0332,6.070912337532144,21.85528441511572,0.0,0.0,0.0,0.0,0.0,0.0,1,10_357_364_14915_ego_364,1,14915,14915,14917,vehicle_vehicle,0.24142282905353948,1.936079561311909,2.593298100002847,14.33918165098692,15.0,3.0,3.5,0.8,2.327770755465409,8.379974719675472
10,357,14883,209,68.1649,-29.5633,216.6266,1.9451,4.0954,-5.0056,-4.2665,0.8939,-2.031,6.5626,-0.4377,0.4943,-2.1633,car,364,46.4405,-43.8418,5.6049,-2.1117,5.9876,0.1476,340.7678,5.989505897818283,21.56222123214582,21.724400000000003,14.278499999999998,-10.6105,-2.1548,10.827089788581233,25.996636659575792,0,10_357_364_14915_ego_364,1,14915,14915,14917,vehicle_vehicle,0.24142282905353948,1.936079561311909,2.593298100002847,14.33918165098692,15.0,3.0,3.5,0.8,2.327770755465409,8.379974719675472
10,364,14883,14,46.4405,-43.8418,340.7678,2.1302,5.1039,5.6049,-2.1117,-2.1278,0.2824,5.9876,0.1476,-2.102,0.4342,car,364,46.4405,-43.8418,5.6049,-2.1117,5.9876,0.1476,340.7678,5.989505897818283,21.56222123214582,0.0,0.0,0.0,0.0,0.0,0.0,1,10_357_364_14915_ego_364,1,14915,14915,14917,vehicle_vehicle,0.24142282905353948,1.936079561311909,2.593298100002847,14.33918165098692,15.0,3.0,3.5,0.8,2.327770755465409,8.379974719675472
10,357,14884,210,67.9643,-29.7347,217.3099,1.9451,4.0954,-4.9728,-4.3498,0.9412,-2.0504,6.5918,-0.4456,0.4942,-2.2013,car,364,46.6658,-43.9258,5.5155,-2.1015,5.9007,0.1403,340.5045,5.902291292371125,21.24824865253605,21.298499999999997,14.191100000000002,-10.4883,-2.2483,10.726569338796073,25.593229992714868,0,10_357_364_14915_ego_364,1,14915,14915,14917,vehicle_vehicle,0.24142282905353948,1.936079561311909,2.593298100002847,14.33918165098692,15.0,3.0,3.5,0.8,2.327770755465409,8.379974719675472
10,364,14884,15,46.6658,-43.9258,340.5045,2.1302,5.1039,5.5155,-2.1015,-2.2384,0.3142,5.9007,0.1403,-2.2149,0.4508,car,364,46.6658,-43.9258,5.5155,-2.1015,5.9007,0.1403,340.5045,5.902291292371125,21.24824865253605,0.0,0.0,0.0,0.0,0.0,0.0,1,10_357_364_14915_ego_364,1,14915,14915,14917,vehicle_vehicle,0.24142282905353948,1.936079561311909,2.593298100002847,14.33918165098692,15.0,3.0,3.5,0.8,2.327770755465409,8.379974719675472
10,357,14885,211,67.7647,-29.9085,218.006,1.9451,4.0954,-4.9376,-4.4347,0.9911,-2.0672,6.6212,-0.454,0.4919,-2.2391,car,364,46.8881,-44.0096,5.4204,-2.0901,5.8079,0.1329,340.2232,5.809410828130509,20.913878981269832,20.876600000000003,14.101099999999999,-10.358,-2.3446000000000002,10.620042992380021,25.192726108343262,0,10_357_364_14915_ego_364,1,14915,14915,14917,vehicle_vehicle,0.24142282905353948,1.936079561311909,2.593298100002847,14.33918165098692,15.0,3.0,3.5,0.8,2.327770755465409,8.379974719675472
10,364,14885,16,46.8881,-44.0096,340.2232,2.1302,5.1039,5.4204,-2.0901,-2.344,0.3473,5.8079,0.1329,-2.3233,0.4663,car,364,46.8881,-44.0096,5.4204,-2.0901,5.8079,0.1329,340.2232,5.809410828130509,20.913878981269832,0.0,0.0,0.0,0.0,0.0,0.0,1,10_357_364_14915_ego_364,1,14915,14915,14917,vehicle_vehicle,0.24142282905353948,1.936079561311909,2.593298100002847,14.33918165098692,15.0,3.0,3.5,0.8,2.327770755465409,8.379974719675472
10,357,14886,212,67.567,-30.0858,218.7162,1.9451,4.0954,-4.9,-4.521,1.0433,-2.0808,6.6509,-0.4628,0.4875,-2.2761,car,364,47.1057,-44.0928,5.3199,-2.0775,5.7098,0.1274,339.9466,5.711159449708965,20.560174018952274,20.461299999999994,14.006999999999998,-10.219899999999999,-2.4435,10.507951668141608,24.796387775036905,0,10_357_364_14915_ego_364,1,14915,14915,14917,vehicle_vehicle,0.24142282905353948,1.936079561311909,2.593298100002847,14.33918165098692,15.0,3.0,3.5,0.8,2.327770755465409,8.379974719675472
10,364,14886,17,47.1057,-44.0928,339.9466,2.1302,5.1039,5.3199,-2.0775,-2.4436,0.3815,5.7098,0.1274,-2.4263,0.4795,car,364,47.1057,-44.0928,5.3199,-2.0775,5.7098,0.1274,339.9466,5.711159449708965,20.560174018952274,0.0,0.0,0.0,0.0,0.0,0.0,1,10_357_364_14915_ego_364,1,14915,14915,14917,vehicle_vehicle,0.24142282905353948,1.936079561311909,2.593298100002847,14.33918165098692,15.0,3.0,3.5,0.8,2.327770755465409,8.379974719675472
10,357,14887,213,67.3706,-30.2665,219.4313,1.9451,4.0954,-4.8598,-4.6085,1.0972,-2.0906,6.6807,-0.4729,0.4803,-2.3116,car,364,47.3184,-44.1752,5.2148,-2.0636,5.6069,0.123,339.6673,5.608260336325339,20.18973721077122,20.0522,13.908699999999996,-10.0746,-2.5449,10.391057750296646,24.403742756593708,0,10_357_364_14915_ego_364,1,14915,14915,14917,vehicle_vehicle,0.24142282905353948,1.936079561311909,2.593298100002847,14.33918165098692,15.0,3.0,3.5,0.8,2.327770755465409,8.379974719675472
10,364,14887,18,47.3184,-44.1752,339.6673,2.1302,5.1039,5.2148,-2.0636,-2.5361,0.4171,5.6069,0.123,-2.523,0.4901,car,364,47.3184,-44.1752,5.2148,-2.0636,5.6069,0.123,339.6673,5.608260336325339,20.18973721077122,0.0,0.0,0.0,0.0,0.0,0.0,1,10_357_364_14915_ego_364,1,14915,14915,14917,vehicle_vehicle,0.24142282905353948,1.936079561311909,2.593298100002847,14.33918165098692,15.0,3.0,3.5,0.8,2.327770755465409,8.379974719675472
10,357,14888,214,67.1757,-30.4522,220.1463,1.9451,4.0954,-4.8168,-4.6965,1.1524,-2.0959,6.7101,-0.4844,0.4704,-2.3451,car,364,47.5265,-44.2569,5.1053,-2.0485,5.4997,0.1189,339.3755,5.500949039938472,19.8034165437785,19.649200000000008,13.8047,-9.9221,-2.648,10.26937059463724,24.013762777415796,0,10_357_364_14915_ego_364,1,14915,14915,14917,vehicle_vehicle,0.24142282905353948,1.936079561311909,2.593298100002847,14.33918165098692,15.0,3.0,3.5,0.8,2.327770755465409,8.379974719675472
10,364,14888,19,47.5265,-44.2569,339.3755,2.1302,5.1039,5.1053,-2.0485,-2.6208,0.4541,5.4997,0.1189,-2.6128,0.4982,car,364,47.5265,-44.2569,5.1053,-2.0485,5.4997,0.1189,339.3755,5.500949039938472,19.8034165437785,0.0,0.0,0.0,0.0,0.0,0.0,1,10_357_364_14915_ego_364,1,14915,14915,14917,vehicle_vehicle,0.24142282905353948,1.936079561311909,2.593298100002847,14.33918165098692,15.0,3.0,3.5,0.8,2.327770755465409,8.379974719675472
10,357,14889,215,66.9831,-30.6418,220.8846,1.9451,4.0954,-4.7714,-4.7848,1.2084,-2.0969,6.7391,-0.4944,0.4589,-2.3762,car,364,47.7307,-44.3383,4.9916,-2.032,5.3882,0.1151,339.0734,5.389350105532206,19.401660379915942,19.252399999999994,13.696499999999997,-9.763,-2.7527999999999997,10.143671763222624,23.627293920591068,0,10_357_364_14915_ego_364,1,14915,14915,14917,vehicle_vehicle,0.24142282905353948,1.936079561311909,2.593298100002847,14.33918165098692,15.0,3.0,3.5,0.8,2.327770755465409,8.379974719675472
10,364,14889,20,47.7307,-44.3383,339.0734,2.1302,5.1039,4.9916,-2.032,-2.6972,0.4928,5.3882,0.1151,-2.6953,0.5031,car,364,47.7307,-44.3383,4.9916,-2.032,5.3882,0.1151,339.0734,5.389350105532206,19.401660379915942,0.0,0.0,0.0,0.0,0.0,0.0,1,10_357_364_14915_ego_364,1,14915,14915,14917,vehicle_vehicle,0.24142282905353948,1.936079561311909,2.593298100002847,14.33918165098692,15.0,3.0,3.5,0.8,2.327770755465409,8.379974719675472
10,357,14890,216,66.7925,-30.8346,221.6184,1.9451,4.0954,-4.7233,-4.8731,1.2648,-2.0934,6.7677,-0.506,0.4448,-2.405,car,364,47.9296,-44.4193,4.8743,-2.0139,5.2728,0.1112,338.7599,5.273954275493863,18.986235391777907,18.862900000000003,13.584700000000002,-9.5976,-2.8592,10.014437098509331,23.245495703469096,0,10_357_364_14915_ego_364,1,14915,14915,14917,vehicle_vehicle,0.24142282905353948,1.936079561311909,2.593298100002847,14.33918165098692,15.0,3.0,3.5,0.8,2.327770755465409,8.379974719675472
10,364,14890,21,47.9296,-44.4193,338.7599,2.1302,5.1039,4.8743,-2.0139,-2.7644,0.533,5.2728,0.1112,-2.7697,0.5046,car,364,47.9296,-44.4193,4.8743,-2.0139,5.2728,0.1112,338.7599,5.273954275493863,18.986235391777907,0.0,0.0,0.0,0.0,0.0,0.0,1,10_357_364_14915_ego_364,1,14915,14915,14917,vehicle_vehicle,0.24142282905353948,1.936079561311909,2.593298100002847,14.33918165098692,15.0,3.0,3.5,0.8,2.327770755465409,8.379974719675472
10,357,14891,217,66.6045,-31.031,222.3656,1.9451,4.0954,-4.6731,-4.9615,1.3216,-2.0853,6.7961,-0.5169,0.4288,-2.4313,car,364,48.1235,-44.4997,4.7539,-1.9941,5.154,0.1077,338.4409,5.155191559971366,18.558689615896917,18.481,13.468699999999998,-9.427,-2.9674,9.883005198824899,22.86817090827336,0,10_357_364_14915_ego_364,1,14915,14915,14917,vehicle_vehicle,0.24142282905353948,1.936079561311909,2.593298100002847,14.33918165098692,15.0,3.0,3.5,0.8,2.327770755465409,8.379974719675472
10,364,14891,22,48.1235,-44.4997,338.4409,2.1302,5.1039,4.7539,-1.9941,-2.8219,0.5749,5.154,0.1077,-2.8357,0.5023,car,364,48.1235,-44.4997,4.7539,-1.9941,5.154,0.1077,338.4409,5.155191559971366,18.558689615896917,0.0,0.0,0.0,0.0,0.0,0.0,1,10_357_364_14915_ego_364,1,14915,14915,14917,vehicle_vehicle,0.24142282905353948,1.936079561311909,2.593298100002847,14.33918165098692,15.0,3.0,3.5,0.8,2.327770755465409,8.379974719675472
10,357,14892,218,66.4187,-31.2311,223.1191,1.9451,4.0954,-4.6206,-5.0495,1.3786,-2.0727,6.8241,-0.5276,0.4104,-2.4552,car,364,48.3118,-44.58,4.631,-1.9722,5.0324,0.103,338.105,5.033461417354861,18.1204611024775,18.106900000000003,13.348899999999997,-9.2516,-3.0773,9.749968094819593,22.49562088096259,0,10_357_364_14915_ego_364,1,14915,14915,14917,vehicle_vehicle,0.24142282905353948,1.936079561311909,2.593298100002847,14.33918165098692,15.0,3.0,3.5,0.8,2.327770755465409,8.379974719675472
10,364,14892,23,48.3118,-44.58,338.105,2.1302,5.1039,4.631,-1.9722,-2.8695,0.6181,5.0324,0.103,-2.893,0.4966,car,364,48.3118,-44.58,4.631,-1.9722,5.0324,0.103,338.105,5.033461417354861,18.1204611024775,0.0,0.0,0.0,0.0,0.0,0.0,1,10_357_364_14915_ego_364,1,14915,14915,14917,vehicle_vehicle,0.24142282905353948,1.936079561311909,2.593298100002847,14.33918165098692,15.0,3.0,3.5,0.8,2.327770755465409,8.379974719675472
10,357,14893,219,66.2347,-31.4353,223.8756,1.9451,4.0954,-4.5656,-5.1368,1.436,-2.0556,6.8514,-0.5384,0.3896,-2.477,car,364,48.4949,-44.6593,4.5061,-1.9483,4.9082,0.0992,337.7767,4.909257591530515,17.673327329509856,17.739800000000002,13.224,-9.0717,-3.1885000000000003,9.615730504751056,22.12633453692681,0,10_357_364_14915_ego_364,1,14915,14915,14917,vehicle_vehicle,0.24142282905353948,1.936079561311909,2.593298100002847,14.33918165098692,15.0,3.0,3.5,0.8,2.327770755465409,8.379974719675472
10,364,14893,24,48.4949,-44.6593,337.7767,2.1302,5.1039,4.5061,-1.9483,-2.907,0.6622,4.9082,0.0992,-2.9415,0.4865,car,364,48.4949,-44.6593,4.5061,-1.9483,4.9082,0.0992,337.7767,4.909257591530515,17.673327329509856,0.0,0.0,0.0,0.0,0.0,0.0,1,10_357_364_14915_ego_364,1,14915,14915,14917,vehicle_vehicle,0.24142282905353948,1.936079561311909,2.593298100002847,14.33918165098692,15.0,3.0,3.5,0.8,2.327770755465409,8.379974719675472
10,357,14894,220,66.053,-31.6432,224.6568,1.9451,4.0954,-4.5083,-5.223,1.4935,-2.0342,6.8779,-0.5466,0.3674,-2.4967,car,364,48.6723,-44.7385,4.3799,-1.9218,4.7821,0.095,337.4474,4.782973891837588,17.218706010615318,17.380699999999997,13.095300000000002,-8.888200000000001,-3.3011999999999997,9.481456675005166,21.761792540597384,0,10_357_364_14915_ego_364,1,14915,14915,14917,vehicle_vehicle,0.24142282905353948,1.936079561311909,2.593298100002847,14.33918165098692,15.0,3.0,3.5,0.8,2.327770755465409,8.379974719675472
10,364,14894,25,48.6723,-44.7385,337.4474,2.1302,5.1039,4.3799,-1.9218,-2.9346,0.7067,4.7821,0.095,-2.9812,0.4729,car,364,48.6723,-44.7385,4.3799,-1.9218,4.7821,0.095,337.4474,4.782973891837588,17.218706010615318,0.0,0.0,0.0,0.0,0.0,0.0,1,10_357_364_14915_ego_364,1,14915,14915,14917,vehicle_vehicle,0.24142282905353948,1.936079561311909,2.593298100002847,14.33918165098692,15.0,3.0,3.5,0.8,2.327770755465409,8.379974719675472
10,357,14895,221,65.874,-31.8544,225.4507,1.9451,4.0954,-4.4488,-5.3082,1.5512,-2.009,6.9038,-0.5534,0.3435,-2.5148,car,364,48.8446,-44.8173,4.2529,-1.8926,4.6541,0.0911,337.1317,4.655007322228398,16.758026360022235,17.029399999999995,12.962900000000005,-8.7017,-3.4156000000000004,9.348042910149697,21.40180461479826,0,10_357_364_14915_ego_364,1,14915,14915,14917,vehicle_vehicle,0.24142282905353948,1.936079561311909,2.593298100002847,14.33918165098692,15.0,3.0,3.5,0.8,2.327770755465409,8.379974719675472
10,364,14895,26,48.8446,-44.8173,337.1317,2.1302,5.1039,4.2529,-1.8926,-2.9523,0.7507,4.6541,0.0911,-3.012,0.4556,car,364,48.8446,-44.8173,4.2529,-1.8926,4.6541,0.0911,337.1317,4.655007322228398,16.758026360022235,0.0,0.0,0.0,0.0,0.0,0.0,1,10_357_364_14915_ego_364,1,14915,14915,14917,vehicle_vehicle,0.24142282905353948,1.936079561311909,2.593298100002847,14.33918165098692,15.0,3.0,3.5,0.8,2.327770755465409,8.379974719675472
10,357,14896,222,65.6975,-32.0689,226.2381,1.9451,4.0954,-4.387,-5.3921,1.6091,-1.98,6.9286,-0.5612,0.317,-2.5317,car,364,49.0113,-44.8959,4.1255,-1.8602,4.5247,0.0858,336.816,4.525493817253538,16.291777742112735,16.686200000000007,12.826999999999998,-8.5125,-3.5319000000000003,9.216125751095197,21.046643424546353,0,10_357_364_14915_ego_364,1,14915,14915,14917,vehicle_vehicle,0.24142282905353948,1.936079561311909,2.593298100002847,14.33918165098692,15.0,3.0,3.5,0.8,2.327770755465409,8.379974719675472
10,364,14896,27,49.0113,-44.8959,336.816,2.1302,5.1039,4.1255,-1.8602,-2.9606,0.7931,4.5247,0.0858,-3.0338,0.4365,car,364,49.0113,-44.8959,4.1255,-1.8602,4.5247,0.0858,336.816,4.525493817253538,16.291777742112735,0.0,0.0,0.0,0.0,0.0,0.0,1,10_357_364_14915_ego_364,1,14915,14915,14917,vehicle_vehicle,0.24142282905353948,1.936079561311909,2.593298100002847,14.33918165098692,15.0,3.0,3.5,0.8,2.327770755465409,8.379974719675472
10,357,14897,223,65.5229,-32.2871,227.0481,1.9451,4.0954,-4.3227,-5.4746,1.6672,-1.9477,6.9524,-0.5664,0.2895,-2.5474,car,364,49.1726,-44.973,3.9983,-1.8248,4.3943,0.0802,336.5144,4.395031049947201,15.822111779809925,16.350300000000004,12.685899999999997,-8.321,-3.6498,9.086257812763185,20.694549255782306,0,10_357_364_14915_ego_364,1,14915,14915,14917,vehicle_vehicle,0.24142282905353948,1.936079561311909,2.593298100002847,14.33918165098692,15.0,3.0,3.5,0.8,2.327770755465409,8.379974719675472
10,364,14897,28,49.1726,-44.973,336.5144,2.1302,5.1039,3.9983,-1.8248,-2.9599,0.8325,4.3943,0.0802,-3.0464,0.4161,car,364,49.1726,-44.973,3.9983,-1.8248,4.3943,0.0802,336.5144,4.395031049947201,15.822111779809925,0.0,0.0,0.0,0.0,0.0,0.0,1,10_357_364_14915_ego_364,1,14915,14915,14917,vehicle_vehicle,0.24142282905353948,1.936079561311909,2.593298100002847,14.33918165098692,15.0,3.0,3.5,0.8,2.327770755465409,8.379974719675472
10,357,14898,224,65.35,-32.5084,227.8927,1.9451,4.0954,-4.2556,-5.5554,1.7251,-1.9123,6.9749,-0.5678,0.262,-2.5621,car,364,49.3296,-45.0478,3.8715,-1.7868,4.2632,0.0749,336.2322,4.263937908788073,15.350176471637061,16.020399999999995,12.5394,-8.1271,-3.7685999999999997,8.958353664038945,20.344280978201216,0,10_357_364_14915_ego_364,1,14915,14915,14917,vehicle_vehicle,0.24142282905353948,1.936079561311909,2.593298100002847,14.33918165098692,15.0,3.0,3.5,0.8,2.327770755465409,8.379974719675472
10,364,14898,29,49.3296,-45.0478,336.2322,2.1302,5.1039,3.8715,-1.7868,-2.9506,0.8676,4.2632,0.0749,-3.05,0.3952,car,364,49.3296,-45.0478,3.8715,-1.7868,4.2632,0.0749,336.2322,4.263937908788073,15.350176471637061,0.0,0.0,0.0,0.0,0.0,0.0,1,10_357_364_14915_ego_364,1,14915,14915,14917,vehicle_vehicle,0.24142282905353948,1.936079561311909,2.593298100002847,14.33918165098692,15.0,3.0,3.5,0.8,2.327770755465409,8.379974719675472
10,357,14899,225,65.1795,-32.7322,228.741,1.9451,4.0954,-4.1855,-5.6347,1.7823,-1.874,6.996,-0.5695,0.2334,-2.5757,car,364,49.4809,-45.1204,3.7454,-1.7467,4.1321,0.0699,335.9668,4.132672506986248,14.877621025150493,15.698600000000006,12.388199999999998,-7.9309,-3.888,8.832650723876723,19.997838413188564,0,10_357_364_14915_ego_364,1,14915,14915,14917,vehicle_vehicle,0.24142282905353948,1.936079561311909,2.593298100002847,14.33918165098692,15.0,3.0,3.5,0.8,2.327770755465409,8.379974719675472
10,364,14899,30,49.4809,-45.1204,335.9668,2.1302,5.1039,3.7454,-1.7467,-2.933,0.8977,4.1321,0.0699,-3.0444,0.3746,car,364,49.4809,-45.1204,3.7454,-1.7467,4.1321,0.0699,335.9668,4.132672506986248,14.877621025150493,0.0,0.0,0.0,0.0,0.0,0.0,1,10_357_364_14915_ego_364,1,14915,14915,14917,vehicle_vehicle,0.24142282905353948,1.936079561311909,2.593298100002847,14.33918165098692,15.0,3.0,3.5,0.8,2.327770755465409,8.379974719675472
10,357,14900,226,65.0128,-32.9589,229.6224,1.9451,4.0954,-4.1128,-5.7126,1.8383,-1.8328,7.0162,-0.5677,0.2053,-2.5877,car,364,49.6278,-45.1888,3.6203,-1.7056,4.0015,0.0665,335.7257,4.001954953519592,14.40703783267053,15.384999999999998,12.2299,-7.7331,-4.007,8.70958578865838,19.6537192157108,0,10_357_364_14915_ego_364,1,14915,14915,14917,vehicle_vehicle,0.24142282905353948,1.936079561311909,2.593298100002847,14.33918165098692,15.0,3.0,3.5,0.8,2.327770755465409,8.379974719675472
10,364,14900,31,49.6278,-45.1888,335.7257,2.1302,5.1039,3.6203,-1.7056,-2.9076,0.9225,4.0015,0.0665,-3.0298,0.3543,car,364,49.6278,-45.1888,3.6203,-1.7056,4.0015,0.0665,335.7257,4.001954953519592,14.40703783267053,0.0,0.0,0.0,0.0,0.0,0.0,1,10_357_364_14915_ego_364,1,14915,14915,14917,vehicle_vehicle,0.24142282905353948,1.936079561311909,2.593298100002847,14.33918165098692,15.0,3.0,3.5,0.8,2.327770755465409,8.379974719675472
10,357,14901,227,64.849,-33.1888,230.5121,1.9451,4.0954,-4.0376,-5.7889,1.8927,-1.7886,7.0352,-0.5652,0.1768,-2.5981,car,364,49.7698,-45.2556,3.4965,-1.6639,3.8717,0.0636,335.4924,3.8722184158438173,13.939986297037743,15.079200000000007,12.0668,-7.5341000000000005,-4.125,8.589428840732078,19.312947337990654,0,10_357_364_14915_ego_364,1,14915,14915,14917,vehicle_vehicle,0.24142282905353948,1.936079561311909,2.593298100002847,14.33918165098692,15.0,3.0,3.5,0.8,2.327770755465409,8.379974719675472
10,364,14901,32,49.7698,-45.2556,335.4924,2.1302,5.1039,3.4965,-1.6639,-2.8744,0.9424,3.8717,0.0636,-3.0064,0.3349,car,364,49.7698,-45.2556,3.4965,-1.6639,3.8717,0.0636,335.4924,3.8722184158438173,13.939986297037743,0.0,0.0,0.0,0.0,0.0,0.0,1,10_357_364_14915_ego_364,1,14915,14915,14917,vehicle_vehicle,0.24142282905353948,1.936079561311909,2.593298100002847,14.33918165098692,15.0,3.0,3.5,0.8,2.327770755465409,8.379974719675472
10,357,14902,228,64.6885,-33.4222,231.394,1.9451,4.0954,-3.96,-5.8633,1.9453,-1.7416,7.0528,-0.5639,0.1472,-2.6069,car,364,49.9069,-45.3218,3.3741,-1.6212,3.7429,0.0604,335.2619,3.743372844107303,13.476142238786291,14.781600000000005,11.899600000000007,-7.334099999999999,-4.2421,8.472569575990509,18.976200323563205,0,10_357_364_14915_ego_364,1,14915,14915,14917,vehicle_vehicle,0.24142282905353948,1.936079561311909,2.593298100002847,14.33918165098692,15.0,3.0,3.5,0.8,2.327770755465409,8.379974719675472
10,364,14902,33,49.9069,-45.3218,335.2619,2.1302,5.1039,3.3741,-1.6212,-2.8338,0.9573,3.7429,0.0604,-2.9744,0.3164,car,364,49.9069,-45.3218,3.3741,-1.6212,3.7429,0.0604,335.2619,3.743372844107303,13.476142238786291,0.0,0.0,0.0,0.0,0.0,0.0,1,10_357_364_14915_ego_364,1,14915,14915,14917,vehicle_vehicle,0.24142282905353948,1.936079561311909,2.593298100002847,14.33918165098692,15.0,3.0,3.5,0.8,2.327770755465409,8.379974719675472
10,357,14903,229,64.5309,-33.6587,232.2582,1.9451,4.0954,-3.8801,-5.9355,1.996,-1.6919,7.0687,-0.5649,0.1162,-2.614,car,364,50.0398,-45.3871,3.2533,-1.5774,3.6151,0.0564,335.0269,3.615543064326575,13.01595503157567,14.491100000000003,11.728399999999993,-7.1334,-4.3581,8.35933198108557,18.642621751513385,0,10_357_364_14915_ego_364,1,14915,14915,14917,vehicle_vehicle,0.24142282905353948,1.936079561311909,2.593298100002847,14.33918165098692,15.0,3.0,3.5,0.8,2.327770755465409,8.379974719675472
10,364,14903,34,50.0398,-45.3871,335.0269,2.1302,5.1039,3.2533,-1.5774,-2.7858,0.967,3.6151,0.0564,-2.9336,0.2995,car,364,50.0398,-45.3871,3.2533,-1.5774,3.6151,0.0564,335.0269,3.615543064326575,13.01595503157567,0.0,0.0,0.0,0.0,0.0,0.0,1,10_357_364_14915_ego_364,1,14915,14915,14917,vehicle_vehicle,0.24142282905353948,1.936079561311909,2.593298100002847,14.33918165098692,15.0,3.0,3.5,0.8,2.327770755465409,8.379974719675472
10,357,14904,230,64.3769,-33.8982,233.1462,1.9451,4.0954,-3.7979,-6.0055,2.0443,-1.6397,7.0833,-0.563,0.0859,-2.6193,car,364,50.1673,-45.4504,3.1345,-1.5329,3.4888,0.0516,334.7877,3.489251017052227,12.561303661388017,14.209600000000009,11.5522,-6.9323999999999995,-4.4726,8.249989122417071,18.313002402664623,0,10_357_364_14915_ego_364,1,14915,14915,14917,vehicle_vehicle,0.24142282905353948,1.936079561311909,2.593298100002847,14.33918165098692,15.0,3.0,3.5,0.8,2.327770755465409,8.379974719675472
10,364,14904,35,50.1673,-45.4504,334.7877,2.1302,5.1039,3.1345,-1.5329,-2.7303,0.971,3.4888,0.0516,-2.8838,0.2845,car,364,50.1673,-45.4504,3.1345,-1.5329,3.4888,0.0516,334.7877,3.489251017052227,12.561303661388017,0.0,0.0,0.0,0.0,0.0,0.0,1,10_357_364_14915_ego_364,1,14915,14915,14917,vehicle_vehicle,0.24142282905353948,1.936079561311909,2.593298100002847,14.33918165098692,15.0,3.0,3.5,0.8,2.327770755465409,8.379974719675472
10,357,14905,231,64.2269,-34.141,234.0494,1.9451,4.0954,-3.7139,-6.0728,2.0905,-1.5855,7.0965,-0.5588,0.0562,-2.6231,car,364,50.2901,-45.5115,3.0181,-1.4879,3.3646,0.0467,334.5521,3.3649329889315776,12.11375876015368,13.936799999999998,11.3705,-6.732,-4.5849,8.145006569058125,17.986735793078186,0,10_357_364_14915_ego_364,1,14915,14915,14917,vehicle_vehicle,0.24142282905353948,1.936079561311909,2.593298100002847,14.33918165098692,15.0,3.0,3.5,0.8,2.327770755465409,8.379974719675472
10,364,14905,36,50.2901,-45.5115,334.5521,2.1302,5.1039,3.0181,-1.4879,-2.6676,0.969,3.3646,0.0467,-2.8252,0.2712,car,364,50.2901,-45.5115,3.0181,-1.4879,3.3646,0.0467,334.5521,3.3649329889315776,12.11375876015368,0.0,0.0,0.0,0.0,0.0,0.0,1,10_357_364_14915_ego_364,1,14915,14915,14917,vehicle_vehicle,0.24142282905353948,1.936079561311909,2.593298100002847,14.33918165098692,15.0,3.0,3.5,0.8,2.327770755465409,8.379974719675472
10,357,14906,232,64.08,-34.3863,234.9486,1.9451,4.0954,-3.6281,-6.1376,2.1344,-1.5297,7.1081,-0.5548,0.0265,-2.6258,car,364,50.4072,-45.5702,2.9048,-1.4431,3.2433,0.0415,334.3162,3.243516710300719,11.676660157082589,13.672799999999995,11.183900000000001,-6.5329,-4.6945,8.044694690291236,17.664231629199158,0,10_357_364_14915_ego_364,1,14915,14915,14917,vehicle_vehicle,0.24142282905353948,1.936079561311909,2.593298100002847,14.33918165098692,15.0,3.0,3.5,0.8,2.327770755465409,8.379974719675472
10,364,14906,37,50.4072,-45.5702,334.3162,2.1302,5.1039,2.9048,-1.4431,-2.598,0.961,3.2433,0.0415,-2.7578,0.26,car,364,50.4072,-45.5702,2.9048,-1.4431,3.2433,0.0415,334.3162,3.243516710300719,11.676660157082589,0.0,0.0,0.0,0.0,0.0,0.0,1,10_357_364_14915_ego_364,1,14915,14915,14917,vehicle_vehicle,0.24142282905353948,1.936079561311909,2.593298100002847,14.33918165098692,15.0,3.0,3.5,0.8,2.327770755465409,8.379974719675472
10,357,14907,233,63.9366,-34.6336,235.8402,1.9451,4.0954,-3.5404,-6.1999,2.176,-1.4727,7.1182,-0.5516,-0.0032,-2.6275,car,364,50.5201,-45.627,2.7948,-1.3986,3.125,0.0368,334.0896,3.1252182323799405,11.250785636567786,13.4165,10.993400000000001,-6.3352,-4.8013,7.9490402395509365,17.345238995470773,0,10_357_364_14915_ego_364,1,14915,14915,14917,vehicle_vehicle,0.24142282905353948,1.936079561311909,2.593298100002847,14.33918165098692,15.0,3.0,3.5,0.8,2.327770755465409,8.379974719675472
10,364,14907,38,50.5201,-45.627,334.0896,2.1302,5.1039,2.7948,-1.3986,-2.5221,0.9468,3.125,0.0368,-2.6823,0.2504,car,364,50.5201,-45.627,2.7948,-1.3986,3.125,0.0368,334.0896,3.1252182323799405,11.250785636567786,0.0,0.0,0.0,0.0,0.0,0.0,1,10_357_364_14915_ego_364,1,14915,14915,14917,vehicle_vehicle,0.24142282905353948,1.936079561311909,2.593298100002847,14.33918165098692,15.0,3.0,3.5,0.8,2.327770755465409,8.379974719675472
10,357,14908,234,63.7967,-34.8837,236.7298,1.9451,4.0954,-3.4512,-6.2596,2.2154,-1.4148,7.1269,-0.5484,-0.0325,-2.6285,car,364,50.629,-45.6811,2.6882,-1.3551,3.0103,0.0325,333.8667,3.010434395564866,10.837563824033516,13.167700000000004,10.797400000000003,-6.1394,-4.9045,7.857884741455553,17.02856923085437,0,10_357_364_14915_ego_364,1,14915,14915,14917,vehicle_vehicle,0.24142282905353948,1.936079561311909,2.593298100002847,14.33918165098692,15.0,3.0,3.5,0.8,2.327770755465409,8.379974719675472
10,364,14908,39,50.629,-45.6811,333.8667,2.1302,5.1039,2.6882,-1.3551,-2.4403,0.9269,3.0103,0.0325,-2.5991,0.2427,car,364,50.629,-45.6811,2.6882,-1.3551,3.0103,0.0325,333.8667,3.010434395564866,10.837563824033516,0.0,0.0,0.0,0.0,0.0,0.0,1,10_357_364_14915_ego_364,1,14915,14915,14917,vehicle_vehicle,0.24142282905353948,1.936079561311909,2.593298100002847,14.33918165098692,15.0,3.0,3.5,0.8,2.327770755465409,8.379974719675472
10,357,14909,235,63.6602,-35.136,237.6342,1.9451,4.0954,-3.3602,-6.3166,2.2526,-1.3563,7.1341,-0.5432,-0.0603,-2.6287,car,364,50.7333,-45.7329,2.5854,-1.3131,2.8996,0.029,333.6477,2.8997456388448968,10.439084299841628,12.926900000000003,10.596899999999998,-5.9456,-5.003500000000001,7.770789638769023,16.715233567617297,0,10_357_364_14915_ego_364,1,14915,14915,14917,vehicle_vehicle,0.24142282905353948,1.936079561311909,2.593298100002847,14.33918165098692,15.0,3.0,3.5,0.8,2.327770755465409,8.379974719675472
10,364,14909,40,50.7333,-45.7329,333.6477,2.1302,5.1039,2.5854,-1.3131,-2.353,0.9017,2.8996,0.029,-2.5087,0.2365,car,364,50.7333,-45.7329,2.5854,-1.3131,2.8996,0.029,333.6477,2.8997456388448968,10.439084299841628,0.0,0.0,0.0,0.0,0.0,0.0,1,10_357_364_14915_ego_364,1,14915,14915,14917,vehicle_vehicle,0.24142282905353948,1.936079561311909,2.593298100002847,14.33918165098692,15.0,3.0,3.5,0.8,2.327770755465409,8.379974719675472
10,357,14910,236,63.5269,-35.3904,238.524,1.9451,4.0954,-3.2675,-6.371,2.2873,-1.2975,7.1397,-0.5398,-0.0877,-2.6282,car,364,50.834,-45.7832,2.4864,-1.2727,2.7931,0.0258,333.4218,2.79319713769007,10.055509695684252,12.692899999999995,10.392800000000001,-5.7539,-5.0983,7.687654265118847,16.404877392105064,0,10_357_364_14915_ego_364,1,14915,14915,14917,vehicle_vehicle,0.24142282905353948,1.936079561311909,2.593298100002847,14.33918165098692,15.0,3.0,3.5,0.8,2.327770755465409,8.379974719675472
10,364,14910,41,50.834,-45.7832,333.4218,2.1302,5.1039,2.4864,-1.2727,-2.2607,0.8718,2.7931,0.0258,-2.4119,0.2318,car,364,50.834,-45.7832,2.4864,-1.2727,2.7931,0.0258,333.4218,2.79319713769007,10.055509695684252,0.0,0.0,0.0,0.0,0.0,0.0,1,10_357_364_14915_ego_364,1,14915,14915,14917,vehicle_vehicle,0.24142282905353948,1.936079561311909,2.593298100002847,14.33918165098692,15.0,3.0,3.5,0.8,2.327770755465409,8.379974719675472
10,357,14911,237,63.3972,-35.647,239.4089,1.9451,4.0954,-3.1731,-6.4228,2.3192,-1.2387,7.1437,-0.5371,-0.114,-2.6268,car,364,50.9307,-45.8327,2.3915,-1.2338,2.6909,0.0228,333.1953,2.6910099758269204,9.687635912976914,12.466499999999996,10.185700000000004,-5.5646,-5.189,7.608580298583961,16.098512562966803,0,10_357_364_14915_ego_364,1,14915,14915,14917,vehicle_vehicle,0.24142282905353948,1.936079561311909,2.593298100002847,14.33918165098692,15.0,3.0,3.5,0.8,2.327770755465409,8.379974719675472
10,364,14911,42,50.9307,-45.8327,333.1953,2.1302,5.1039,2.3915,-1.2338,-2.1637,0.8378,2.6909,0.0228,-2.309,0.2279,car,364,50.9307,-45.8327,2.3915,-1.2338,2.6909,0.0228,333.1953,2.6910099758269204,9.687635912976914,0.0,0.0,0.0,0.0,0.0,0.0,1,10_357_364_14915_ego_364,1,14915,14915,14917,vehicle_vehicle,0.24142282905353948,1.936079561311909,2.593298100002847,14.33918165098692,15.0,3.0,3.5,0.8,2.327770755465409,8.379974719675472
10,357,14912,238,63.2717,-35.905,240.2748,1.9451,4.0954,-3.0772,-6.4722,2.3481,-1.18,7.1463,-0.5369,-0.1396,-2.6242,car,364,51.0247,-45.8814,2.3004,-1.1963,2.5928,0.0209,332.9873,2.592869809689642,9.33433131488271,12.247,9.976399999999998,-5.377599999999999,-5.2759,7.533505330853625,15.796125029892615,0,10_357_364_14915_ego_364,1,14915,14915,14917,vehicle_vehicle,0.24142282905353948,1.936079561311909,2.593298100002847,14.33918165098692,15.0,3.0,3.5,0.8,2.327770755465409,8.379974719675472
10,364,14912,43,51.0247,-45.8814,332.9873,2.1302,5.1039,2.3004,-1.1963,-2.0622,0.7997,2.5928,0.0209,-2.2004,0.2241,car,364,51.0247,-45.8814,2.3004,-1.1963,2.5928,0.0209,332.9873,2.592869809689642,9.33433131488271,0.0,0.0,0.0,0.0,0.0,0.0,1,10_357_364_14915_ego_364,1,14915,14915,14917,vehicle_vehicle,0.24142282905353948,1.936079561311909,2.593298100002847,14.33918165098692,15.0,3.0,3.5,0.8,2.327770755465409,8.379974719675472
10,357,14913,239,63.1501,-36.165,241.1301,1.9451,4.0954,-2.98,-6.5191,2.3738,-1.1215,7.1477,-0.5379,-0.164,-2.6203,car,364,51.115,-45.9276,2.2134,-1.1606,2.4991,0.0206,332.8012,2.499226264266603,8.997214551359772,12.0351,9.762599999999999,-5.1934000000000005,-5.358499999999999,7.462233299086809,15.496838089429726,0,10_357_364_14915_ego_364,1,14915,14915,14917,vehicle_vehicle,0.24142282905353948,1.936079561311909,2.593298100002847,14.33918165098692,15.0,3.0,3.5,0.8,2.327770755465409,8.379974719675472
10,364,14913,44,51.115,-45.9276,332.8012,2.1302,5.1039,2.2134,-1.1606,-1.9561,0.7578,2.4991,0.0206,-2.0862,0.2201,car,364,51.115,-45.9276,2.2134,-1.1606,2.4991,0.0206,332.8012,2.499226264266603,8.997214551359772,0.0,0.0,0.0,0.0,0.0,0.0,1,10_357_364_14915_ego_364,1,14915,14915,14917,vehicle_vehicle,0.24142282905353948,1.936079561311909,2.593298100002847,14.33918165098692,15.0,3.0,3.5,0.8,2.327770755465409,8.379974719675472
10,357,14914,240,63.0325,-36.428,241.9977,1.9451,4.0954,-2.8817,-6.5632,2.3962,-1.0636,7.1478,-0.5371,-0.186,-2.615,car,364,51.2014,-45.9721,2.1309,-1.1272,2.4105,0.0212,332.6252,2.410666847575583,8.6784006512721,11.8311,9.5441,-5.0126,-5.436,7.394339372790514,15.20081484723763,0,10_357_364_14915_ego_364,1,14915,14915,14917,vehicle_vehicle,0.24142282905353948,1.936079561311909,2.593298100002847,14.33918165098692,15.0,3.0,3.5,0.8,2.327770755465409,8.379974719675472
10,364,14914,45,51.2014,-45.9721,332.6252,2.1302,5.1039,2.1309,-1.1272,-1.8456,0.7125,2.4105,0.0212,-1.9665,0.2159,car,364,51.2014,-45.9721,2.1309,-1.1272,2.4105,0.0212,332.6252,2.410666847575583,8.6784006512721,0.0,0.0,0.0,0.0,0.0,0.0,1,10_357_364_14915_ego_364,1,14915,14915,14917,vehicle_vehicle,0.24142282905353948,1.936079561311909,2.593298100002847,14.33918165098692,15.0,3.0,3.5,0.8,2.327770755465409,8.379974719675472
10,357,14915,241,62.9188,-36.6932,242.8715,1.9451,4.0954,-2.7824,-6.6042,2.4152,-1.0067,7.1464,-0.5352,-0.2053,-2.6085,car,364,51.2834,-46.0151,2.0535,-1.0962,2.3276,0.0222,332.452,2.327770755465409,8.379974719675472,11.635399999999997,9.3219,-4.8359000000000005,-5.507999999999999,7.329665259068793,14.909069480353223,0,10_357_364_14915_ego_364,1,14915,14915,14917,vehicle_vehicle,0.24142282905353948,1.936079561311909,2.593298100002847,14.33918165098692,15.0,3.0,3.5,0.8,2.327770755465409,8.379974719675472
10,364,14915,46,51.2834,-46.0151,332.452,2.1302,5.1039,2.0535,-1.0962,-1.7312,0.6644,2.3276,0.0222,-1.8422,0.2116,car,364,51.2834,-46.0151,2.0535,-1.0962,2.3276,0.0222,332.452,2.327770755465409,8.379974719675472,0.0,0.0,0.0,0.0,0.0,0.0,1,10_357_364_14915_ego_364,1,14915,14915,14917,vehicle_vehicle,0.24142282905353948,1.936079561311909,2.593298100002847,14.33918165098692,15.0,3.0,3.5,0.8,2.327770755465409,8.379974719675472
10,357,14916,242,62.8093,-36.9592,243.7485,1.9451,4.0954,-2.6822,-6.6426,2.4306,-0.9516,7.1438,-0.5326,-0.2216,-2.6008,car,364,51.3626,-46.0576,1.9813,-1.0674,2.2504,0.0227,332.2633,2.2505315927575866,8.101913733927312,11.4467,9.098399999999998,-4.6635,-5.5752,7.26849965880167,14.62216890375706,0,10_357_364_14915_ego_364,1,14915,14915,14917,vehicle_vehicle,0.24142282905353948,1.936079561311909,2.593298100002847,14.33918165098692,15.0,3.0,3.5,0.8,2.327770755465409,8.379974719675472
10,364,14916,47,51.3626,-46.0576,332.2633,2.1302,5.1039,1.9813,-1.0674,-1.6136,0.6139,2.2504,0.0227,-1.7139,0.2076,car,364,51.3626,-46.0576,1.9813,-1.0674,2.2504,0.0227,332.2633,2.2505315927575866,8.101913733927312,0.0,0.0,0.0,0.0,0.0,0.0,1,10_357_364_14915_ego_364,1,14915,14915,14917,vehicle_vehicle,0.24142282905353948,1.936079561311909,2.593298100002847,14.33918165098692,15.0,3.0,3.5,0.8,2.327770755465409,8.379974719675472
10,357,14917,243,62.7037,-37.2264,244.6332,1.9451,4.0954,-2.5813,-6.6785,2.4423,-0.8985,7.1404,-0.5287,-0.2344,-2.5918,car,364,51.4388,-46.0985,1.9145,-1.0412,2.1791,0.024,332.0902,2.179313582300629,7.845528896282265,11.264899999999997,8.872100000000003,-4.4958,-5.6373,7.210504069064797,14.33918165098692,0,10_357_364_14915_ego_364,1,14915,14915,14917,vehicle_vehicle,0.24142282905353948,1.936079561311909,2.593298100002847,14.33918165098692,15.0,3.0,3.5,0.8,2.327770755465409,8.379974719675472
10,364,14917,48,51.4388,-46.0985,332.0902,2.1302,5.1039,1.9145,-1.0412,-1.4933,0.5615,2.1791,0.024,-1.5824,0.2028,car,364,51.4388,-46.0985,1.9145,-1.0412,2.1791,0.024,332.0902,2.179313582300629,7.845528896282265,0.0,0.0,0.0,0.0,0.0,0.0,1,10_357_364_14915_ego_364,1,14915,14915,14917,vehicle_vehicle,0.24142282905353948,1.936079561311909,2.593298100002847,14.33918165098692,15.0,3.0,3.5,0.8,2.327770755465409,8.379974719675472
10,357,14918,244,62.6024,-37.4952,245.5215,1.9451,4.0954,-2.4799,-6.7118,2.4504,-0.8479,7.1361,-0.5241,-0.2437,-2.5815,car,364,51.5124,-46.1383,1.8532,-1.0176,2.114,0.0263,331.9415,2.114204342063463,7.611135631428467,11.090000000000003,8.643100000000004,-4.3331,-5.6942,7.155394416103141,14.060273027576676,0,10_357_364_14915_ego_364,1,14915,14915,14917,vehicle_vehicle,0.24142282905353948,1.936079561311909,2.593298100002847,14.33918165098692,15.0,3.0,3.5,0.8,2.327770755465409,8.379974719675472
10,364,14918,49,51.5124,-46.1383,331.9415,2.1302,5.1039,1.8532,-1.0176,-1.3711,0.5077,2.114,0.0263,-1.4488,0.1969,car,364,51.5124,-46.1383,1.8532,-1.0176,2.114,0.0263,331.9415,2.114204342063463,7.611135631428467,0.0,0.0,0.0,0.0,0.0,0.0,1,10_357_364_14915_ego_364,1,14915,14915,14917,vehicle_vehicle,0.24142282905353948,1.936079561311909,2.593298100002847,14.33918165098692,15.0,3.0,3.5,0.8,2.327770755465409,8.379974719675472
10,357,14919,245,62.5048,-37.7652,246.4032,1.9451,4.0954,-2.378,-6.7428,2.4548,-0.7999,7.131,-0.5199,-0.2496,-2.5697,car,364,51.5832,-46.1775,1.7977,-0.9967,2.0553,0.0288,331.7984,2.055513604917272,7.39984897770218,10.921600000000005,8.412300000000002,-4.1757,-5.7461,7.103107467862218,13.785794784850099,0,10_357_364_14915_ego_364,1,14915,14915,14917,vehicle_vehicle,0.24142282905353948,1.936079561311909,2.593298100002847,14.33918165098692,15.0,3.0,3.5,0.8,2.327770755465409,8.379974719675472
10,364,14919,50,51.5832,-46.1775,331.7984,2.1302,5.1039,1.7977,-0.9967,-1.2479,0.453,2.0553,0.0288,-1.3138,0.1905,car,364,51.5832,-46.1775,1.7977,-0.9967,2.0553,0.0288,331.7984,2.055513604917272,7.39984897770218,0.0,0.0,0.0,0.0,0.0,0.0,1,10_357_364_14915_ego_364,1,14915,14915,14917,vehicle_vehicle,0.24142282905353948,1.936079561311909,2.593298100002847,14.33918165098692,15.0,3.0,3.5,0.8,2.327770755465409,8.379974719675472
10,357,14920,246,62.411,-38.0357,247.2658,1.9451,4.0954,-2.2758,-6.7719,2.4551,-0.7549,7.1252,-0.5181,-0.2526,-2.5561,car,364,51.652,-46.2162,1.748,-0.9782,2.0028,0.0307,331.6471,2.0030924192358173,7.211132709248942,10.759,8.180500000000002,-4.0238,-5.793699999999999,7.053929835914161,13.515793030747403,0,10_357_364_14915_ego_364,1,14915,14915,14917,vehicle_vehicle,0.24142282905353948,1.936079561311909,2.593298100002847,14.33918165098692,15.0,3.0,3.5,0.8,2.327770755465409,8.379974719675472
10,364,14920,51,51.652,-46.2162,331.6471,2.1302,5.1039,1.748,-0.9782,-1.1244,0.3979,2.0028,0.0307,-1.1785,0.1838,car,364,51.652,-46.2162,1.748,-0.9782,2.0028,0.0307,331.6471,2.0030924192358173,7.211132709248942,0.0,0.0,0.0,0.0,0.0,0.0,1,10_357_364_14915_ego_364,1,14915,14915,14917,vehicle_vehicle,0.24142282905353948,1.936079561311909,2.593298100002847,14.33918165098692,15.0,3.0,3.5,0.8,2.327770755465409,8.379974719675472
10,357,14921,247,62.3218,-38.307,248.1093,1.9451,4.0954,-2.1734,-6.7992,2.4514,-0.7128,7.1193,-0.5183,-0.2526,-2.5404,car,364,51.7184,-46.2547,1.7042,-0.9621,1.9568,0.0326,331.5098,1.957021729567661,7.04527822644358,10.6034,7.9476999999999975,-3.8776,-5.8370999999999995,7.0076756610162825,13.251340568033106,0,10_357_364_14915_ego_364,1,14915,14915,14917,vehicle_vehicle,0.24142282905353948,1.936079561311909,2.593298100002847,14.33918165098692,15.0,3.0,3.5,0.8,2.327770755465409,8.379974719675472
10,364,14921,52,51.7184,-46.2547,331.5098,2.1302,5.1039,1.7042,-0.9621,-1.0016,0.3424,1.9568,0.0326,-1.0437,0.1768,car,364,51.7184,-46.2547,1.7042,-0.9621,1.9568,0.0326,331.5098,1.957021729567661,7.04527822644358,0.0,0.0,0.0,0.0,0.0,0.0,1,10_357_364_14915_ego_364,1,14915,14915,14917,vehicle_vehicle,0.24142282905353948,1.936079561311909,2.593298100002847,14.33918165098692,15.0,3.0,3.5,0.8,2.327770755465409,8.379974719675472
10,357,14922,248,62.2369,-38.5793,248.9359,1.9451,4.0954,-2.0713,-6.8249,2.4436,-0.6736,7.1133,-0.5201,-0.2497,-2.5224,car,364,51.783,-46.2926,1.6665,-0.9483,1.9171,0.0339,331.3713,1.9174188744246783,6.902707947928842,10.453899999999997,7.713299999999997,-3.7378,-5.876600000000001,6.964594489272151,12.991498069891705,0,10_357_364_14915_ego_364,1,14915,14915,14917,vehicle_vehicle,0.24142282905353948,1.936079561311909,2.593298100002847,14.33918165098692,15.0,3.0,3.5,0.8,2.327770755465409,8.379974719675472
10,364,14922,53,51.783,-46.2926,331.3713,2.1302,5.1039,1.6665,-0.9483,-0.8806,0.2868,1.9171,0.0339,-0.9104,0.1702,car,364,51.783,-46.2926,1.6665,-0.9483,1.9171,0.0339,331.3713,1.9174188744246783,6.902707947928842,0.0,0.0,0.0,0.0,0.0,0.0,1,10_357_364_14915_ego_364,1,14915,14915,14917,vehicle_vehicle,0.24142282905353948,1.936079561311909,2.593298100002847,14.33918165098692,15.0,3.0,3.5,0.8,2.327770755465409,8.379974719675472
10,357,14923,249,62.1567,-38.853,249.7762,1.9451,4.0954,-1.9697,-6.8489,2.4318,-0.6372,7.1076,-0.5193,-0.2427,-2.5021,car,364,51.8472,-46.3301,1.6343,-0.9368,1.8834,0.0345,331.2269,1.8837544240160393,6.781515926457741,10.3095,7.4771,-3.604,-5.912100000000001,6.923997574378547,12.735494284086503,0,10_357_364_14915_ego_364,1,14915,14915,14917,vehicle_vehicle,0.24142282905353948,1.936079561311909,2.593298100002847,14.33918165098692,15.0,3.0,3.5,0.8,2.327770755465409,8.379974719675472
10,364,14923,54,51.8472,-46.3301,331.2269,2.1302,5.1039,1.6343,-0.9368,-0.7624,0.2312,1.8834,0.0345,-0.7795,0.1643,car,364,51.8472,-46.3301,1.6343,-0.9368,1.8834,0.0345,331.2269,1.8837544240160393,6.781515926457741,0.0,0.0,0.0,0.0,0.0,0.0,1,10_357_364_14915_ego_364,1,14915,14915,14917,vehicle_vehicle,0.24142282905353948,1.936079561311909,2.593298100002847,14.33918165098692,15.0,3.0,3.5,0.8,2.327770755465409,8.379974719675472
10,357,14924,250,62.0808,-39.1283,250.6149,1.9451,4.0954,-1.869,-6.8712,2.4163,-0.6039,7.102,-0.5176,-0.2323,-2.4798,car,364,51.9107,-46.3667,1.6074,-0.9278,1.8556,0.0351,331.0899,1.8559492449956707,6.681417281984415,10.170100000000005,7.238399999999999,-3.4764,-5.9434000000000005,6.885445557115386,12.483003187134099,0,10_357_364_14915_ego_364,1,14915,14915,14917,vehicle_vehicle,0.24142282905353948,1.936079561311909,2.593298100002847,14.33918165098692,15.0,3.0,3.5,0.8,2.327770755465409,8.379974719675472
10,364,14924,55,51.9107,-46.3667,331.0899,2.1302,5.1039,1.6074,-0.9278,-0.6474,0.1757,1.8556,0.0351,-0.6516,0.1592,car,364,51.9107,-46.3667,1.6074,-0.9278,1.8556,0.0351,331.0899,1.8559492449956707,6.681417281984415,0.0,0.0,0.0,0.0,0.0,0.0,1,10_357_364_14915_ego_364,1,14915,14915,14917,vehicle_vehicle,0.24142282905353948,1.936079561311909,2.593298100002847,14.33918165098692,15.0,3.0,3.5,0.8,2.327770755465409,8.379974719675472
10,357,14925,251,62.009,-39.4045,251.4388,1.9451,4.0954,-1.7693,-6.8918,2.3977,-0.574,7.0965,-0.5165,-0.219,-2.4557,car,364,51.9734,-46.4026,1.5855,-0.9215,1.8334,0.0363,330.9704,1.8338409145833778,6.60182729250016,10.035600000000002,6.998100000000001,-3.3548,-5.9703,6.84829651300234,12.234650422876824,0,10_357_364_14915_ego_364,1,14915,14915,14917,vehicle_vehicle,0.24142282905353948,1.936079561311909,2.593298100002847,14.33918165098692,15.0,3.0,3.5,0.8,2.327770755465409,8.379974719675472
10,364,14925,56,51.9734,-46.4026,330.9704,2.1302,5.1039,1.5855,-0.9215,-0.5361,0.1206,1.8334,0.0363,-0.5273,0.1547,car,364,51.9734,-46.4026,1.5855,-0.9215,1.8334,0.0363,330.9704,1.8338409145833778,6.60182729250016,0.0,0.0,0.0,0.0,0.0,0.0,1,10_357_364_14915_ego_364,1,14915,14915,14917,vehicle_vehicle,0.24142282905353948,1.936079561311909,2.593298100002847,14.33918165098692,15.0,3.0,3.5,0.8,2.327770755465409,8.379974719675472
10,357,14926,252,61.9416,-39.6816,252.218,1.9451,4.0954,-1.671,-6.9108,2.3763,-0.5479,7.0909,-0.5194,-0.204,-2.4301,car,364,52.0356,-46.4386,1.5683,-0.9176,1.8167,0.0377,330.8573,1.817018065402763,6.541265035449947,9.905999999999999,6.756999999999998,-3.2393,-5.9932,6.812599410650828,11.99107522284803,0,10_357_364_14915_ego_364,1,14915,14915,14917,vehicle_vehicle,0.24142282905353948,1.936079561311909,2.593298100002847,14.33918165098692,15.0,3.0,3.5,0.8,2.327770755465409,8.379974719675472
10,364,14926,57,52.0356,-46.4386,330.8573,2.1302,5.1039,1.5683,-0.9176,-0.429,0.0664,1.8167,0.0377,-0.4071,0.1509,car,364,52.0356,-46.4386,1.5683,-0.9176,1.8167,0.0377,330.8573,1.817018065402763,6.541265035449947,0.0,0.0,0.0,0.0,0.0,0.0,1,10_357_364_14915_ego_364,1,14915,14915,14917,vehicle_vehicle,0.24142282905353948,1.936079561311909,2.593298100002847,14.33918165098692,15.0,3.0,3.5,0.8,2.327770755465409,8.379974719675472
10,357,14927,253,61.8779,-39.9593,252.9791,1.9451,4.0954,-1.574,-6.9284,2.3527,-0.5258,7.0857,-0.5231,-0.1859,-2.4036,car,364,52.0974,-46.4748,1.5557,-0.9162,1.805,0.0392,330.7495,1.8054431395089683,6.499595302232286,9.780499999999996,6.515500000000003,-3.1297,-6.0122,6.778021166240189,11.752017720374658,0,10_357_364_14915_ego_364,1,14915,14915,14917,vehicle_vehicle,0.24142282905353948,1.936079561311909,2.593298100002847,14.33918165098692,15.0,3.0,3.5,0.8,2.327770755465409,8.379974719675472
10,364,14927,58,52.0974,-46.4748,330.7495,2.1302,5.1039,1.5557,-0.9162,-0.3264,0.0133,1.805,0.0392,-0.2913,0.1479,car,364,52.0974,-46.4748,1.5557,-0.9162,1.805,0.0392,330.7495,1.8054431395089683,6.499595302232286,0.0,0.0,0.0,0.0,0.0,0.0,1,10_357_364_14915_ego_364,1,14915,14915,14917,vehicle_vehicle,0.24142282905353948,1.936079561311909,2.593298100002847,14.33918165098692,15.0,3.0,3.5,0.8,2.327770755465409,8.379974719675472
10,357,14928,254,61.8178,-40.2375,253.7386,1.9451,4.0954,-1.4783,-6.9449,2.3273,-0.5082,7.081,-0.5256,-0.1638,-2.3765,car,364,52.1592,-46.5103,1.5473,-0.9172,1.7982,0.0409,330.6434,1.7987198586772761,6.475391491238194,9.6586,6.272800000000004,-3.0256,-6.027699999999999,6.744436421970334,11.516795292094066,0,10_357_364_14915_ego_364,1,14915,14915,14917,vehicle_vehicle,0.24142282905353948,1.936079561311909,2.593298100002847,14.33918165098692,15.0,3.0,3.5,0.8,2.327770755465409,8.379974719675472
10,364,14928,59,52.1592,-46.5103,330.6434,2.1302,5.1039,1.5473,-0.9172,-0.2283,-0.0384,1.7982,0.0409,-0.1801,0.1454,car,364,52.1592,-46.5103,1.5473,-0.9172,1.7982,0.0409,330.6434,1.7987198586772761,6.475391491238194,0.0,0.0,0.0,0.0,0.0,0.0,1,10_357_364_14915_ego_364,1,14915,14915,14917,vehicle_vehicle,0.24142282905353948,1.936079561311909,2.593298100002847,14.33918165098692,15.0,3.0,3.5,0.8,2.327770755465409,8.379974719675472
10,357,14929,255,61.7611,-40.5159,254.4898,1.9451,4.0954,-1.3839,-6.9606,2.3005,-0.4951,7.0772,-0.5279,-0.1381,-2.3491,car,364,52.2206,-46.5462,1.5429,-0.9207,1.7962,0.0431,330.5474,1.7967272747971517,6.468218189269746,9.540500000000002,6.030299999999997,-2.9268,-6.0399,6.7116726864470975,11.286525521169036,0,10_357_364_14915_ego_364,1,14915,14915,14917,vehicle_vehicle,0.24142282905353948,1.936079561311909,2.593298100002847,14.33918165098692,15.0,3.0,3.5,0.8,2.327770755465409,8.379974719675472
10,364,14929,60,52.2206,-46.5462,330.5474,2.1302,5.1039,1.5429,-0.9207,-0.1349,-0.0884,1.7962,0.0431,-0.074,0.1433,car,364,52.2206,-46.5462,1.5429,-0.9207,1.7962,0.0431,330.5474,1.7967272747971517,6.468218189269746,0.0,0.0,0.0,0.0,0.0,0.0,1,10_357_364_14915_ego_364,1,14915,14915,14917,vehicle_vehicle,0.24142282905353948,1.936079561311909,2.593298100002847,14.33918165098692,15.0,3.0,3.5,0.8,2.327770755465409,8.379974719675472
10,357,14930,256,61.7081,-40.7941,255.2334,1.9451,4.0954,-1.2907,-6.9761,2.2724,-0.4865,7.0747,-0.53,-0.1087,-2.3214,car,364,52.2812,-46.5822,1.5426,-0.9266,1.7989,0.0456,330.4607,1.7995005751596747,6.478202070574829,9.426900000000003,5.7881,-2.8333,-6.0495,6.68012268899307,11.06203169494646,0,10_357_364_14915_ego_364,1,14915,14915,14917,vehicle_vehicle,0.24142282905353948,1.936079561311909,2.593298100002847,14.33918165098692,15.0,3.0,3.5,0.8,2.327770755465409,8.379974719675472
10,364,14930,61,52.2812,-46.5822,330.4607,2.1302,5.1039,1.5426,-0.9266,-0.0464,-0.1362,1.7989,0.0456,0.0268,0.1413,car,364,52.2812,-46.5822,1.5426,-0.9266,1.7989,0.0456,330.4607,1.7995005751596747,6.478202070574829,0.0,0.0,0.0,0.0,0.0,0.0,1,10_357_364_14915_ego_364,1,14915,14915,14917,vehicle_vehicle,0.24142282905353948,1.936079561311909,2.593298100002847,14.33918165098692,15.0,3.0,3.5,0.8,2.327770755465409,8.379974719675472
10,357,14931,257,61.6587,-41.0725,255.9808,1.9451,4.0954,-1.1988,-6.9916,2.2433,-0.4821,7.0738,-0.5306,-0.0757,-2.2933,car,364,52.3422,-46.6193,1.5462,-0.9344,1.8059,0.0479,330.3733,1.806609476339588,6.503794114822517,9.316500000000005,5.546800000000005,-2.745,-6.0572,6.6501651738885394,10.842700885388297,0,10_357_364_14915_ego_364,1,14915,14915,14917,vehicle_vehicle,0.24142282905353948,1.936079561311909,2.593298100002847,14.33918165098692,15.0,3.0,3.5,0.8,2.327770755465409,8.379974719675472
10,364,14931,62,52.3422,-46.6193,330.3733,2.1302,5.1039,1.5462,-0.9344,0.0368,-0.1816,1.8059,0.0479,0.1218,0.1397,car,364,52.3422,-46.6193,1.5462,-0.9344,1.8059,0.0479,330.3733,1.806609476339588,6.503794114822517,0.0,0.0,0.0,0.0,0.0,0.0,1,10_357_364_14915_ego_364,1,14915,14915,14917,vehicle_vehicle,0.24142282905353948,1.936079561311909,2.593298100002847,14.33918165098692,15.0,3.0,3.5,0.8,2.327770755465409,8.379974719675472
10,357,14932,258,61.6139,-41.3518,256.7515,1.9451,4.0954,-1.1087,-7.0072,2.2135,-0.4815,7.0748,-0.5267,-0.0386,-2.2649,car,364,52.4036,-46.6557,1.5532,-0.9445,1.8171,0.0502,330.2813,1.8178312600458824,6.544192536165177,9.210300000000004,5.303900000000006,-2.6619,-6.0627,6.6213324112296315,10.628310369009748,0,10_357_364_14915_ego_364,1,14915,14915,14917,vehicle_vehicle,0.24142282905353948,1.936079561311909,2.593298100002847,14.33918165098692,15.0,3.0,3.5,0.8,2.327770755465409,8.379974719675472
10,364,14932,63,52.4036,-46.6557,330.2813,2.1302,5.1039,1.5532,-0.9445,0.1145,-0.2245,1.8171,0.0502,0.2107,0.1382,car,364,52.4036,-46.6557,1.5532,-0.9445,1.8171,0.0502,330.2813,1.8178312600458824,6.544192536165177,0.0,0.0,0.0,0.0,0.0,0.0,1,10_357_364_14915_ego_364,1,14915,14915,14917,vehicle_vehicle,0.24142282905353948,1.936079561311909,2.593298100002847,14.33918165098692,15.0,3.0,3.5,0.8,2.327770755465409,8.379974719675472
10,357,14933,259,61.5722,-41.6318,257.5372,1.9451,4.0954,-1.02,-7.0231,2.1834,-0.4844,7.0777,-0.5196,0.0018,-2.2365,car,364,52.4657,-46.6931,1.5634,-0.9564,1.832,0.0523,330.1787,1.8327358020183924,6.597848887266212,9.106500000000004,5.061300000000003,-2.5834,-6.0667,6.593845952856346,10.41849796947718,0,10_357_364_14915_ego_364,1,14915,14915,14917,vehicle_vehicle,0.24142282905353948,1.936079561311909,2.593298100002847,14.33918165098692,15.0,3.0,3.5,0.8,2.327770755465409,8.379974719675472
10,364,14933,64,52.4657,-46.6931,330.1787,2.1302,5.1039,1.5634,-0.9564,0.1866,-0.2645,1.832,0.0523,0.2934,0.1366,car,364,52.4657,-46.6931,1.5634,-0.9564,1.832,0.0523,330.1787,1.8327358020183924,6.597848887266212,0.0,0.0,0.0,0.0,0.0,0.0,1,10_357_364_14915_ego_364,1,14915,14915,14917,vehicle_vehicle,0.24142282905353948,1.936079561311909,2.593298100002847,14.33918165098692,15.0,3.0,3.5,0.8,2.327770755465409,8.379974719675472
10,357,14934,260,61.5336,-41.9119,258.3244,1.9451,4.0954,-0.9328,-7.0396,2.1534,-0.4904,7.0827,-0.5111,0.0445,-2.2081,car,364,52.5278,-46.731,1.5767,-0.9703,1.8506,0.054,330.0644,1.8513414001744788,6.664829040628124,9.0058,4.819099999999999,-2.5095,-6.0693,6.5676474281130535,10.214115646985793,0,10_357_364_14915_ego_364,1,14915,14915,14917,vehicle_vehicle,0.24142282905353948,1.936079561311909,2.593298100002847,14.33918165098692,15.0,3.0,3.5,0.8,2.327770755465409,8.379974719675472
10,364,14934,65,52.5278,-46.731,330.0644,2.1302,5.1039,1.5767,-0.9703,0.253,-0.3013,1.8506,0.054,0.3696,0.1349,car,364,52.5278,-46.731,1.5767,-0.9703,1.8506,0.054,330.0644,1.8513414001744788,6.664829040628124,0.0,0.0,0.0,0.0,0.0,0.0,1,10_357_364_14915_ego_364,1,14915,14915,14917,vehicle_vehicle,0.24142282905353948,1.936079561311909,2.593298100002847,14.33918165098692,15.0,3.0,3.5,0.8,2.327770755465409,8.379974719675472
10,357,14935,261,61.4995,-42.1931,259.1233,1.9451,4.0954,-0.8474,-7.0566,2.1237,-0.4992,7.0897,-0.4994,0.0895,-2.1798,car,364,52.5907,-46.77,1.5929,-0.9856,1.8723,0.0553,329.9431,1.8731625049631973,6.74338501786751,8.9088,4.576900000000002,-2.4403,-6.071000000000001,6.543095986610621,10.015724189992454,0,10_357_364_14915_ego_364,1,14915,14915,14917,vehicle_vehicle,0.24142282905353948,1.936079561311909,2.593298100002847,14.33918165098692,15.0,3.0,3.5,0.8,2.327770755465409,8.379974719675472
10,364,14935,66,52.5907,-46.77,329.9431,2.1302,5.1039,1.5929,-0.9856,0.3134,-0.3349,1.8723,0.0553,0.439,0.1329,car,364,52.5907,-46.77,1.5929,-0.9856,1.8723,0.0553,329.9431,1.8731625049631973,6.74338501786751,0.0,0.0,0.0,0.0,0.0,0.0,1,10_357_364_14915_ego_364,1,14915,14915,14917,vehicle_vehicle,0.24142282905353948,1.936079561311909,2.593298100002847,14.33918165098692,15.0,3.0,3.5,0.8,2.327770755465409,8.379974719675472
10,357,14936,262,61.4684,-42.4751,259.9247,1.9451,4.0954,-0.7636,-7.0742,2.095,-0.5105,7.0987,-0.4858,0.1361,-2.152,car,364,52.6539,-46.81,1.6117,-1.0021,1.8971,0.0564,329.8294,1.8978359518145924,6.832209426532533,8.814500000000002,4.334900000000005,-2.3752999999999997,-6.072100000000001,6.520157091665814,9.822767851272882,0,10_357_364_14915_ego_364,1,14915,14915,14917,vehicle_vehicle,0.24142282905353948,1.936079561311909,2.593298100002847,14.33918165098692,15.0,3.0,3.5,0.8,2.327770755465409,8.379974719675472
10,364,14936,67,52.6539,-46.81,329.8294,2.1302,5.1039,1.6117,-1.0021,0.3677,-0.3653,1.8971,0.0564,0.5014,0.131,car,364,52.6539,-46.81,1.6117,-1.0021,1.8971,0.0564,329.8294,1.8978359518145924,6.832209426532533,0.0,0.0,0.0,0.0,0.0,0.0,1,10_357_364_14915_ego_364,1,14915,14915,14917,vehicle_vehicle,0.24142282905353948,1.936079561311909,2.593298100002847,14.33918165098692,15.0,3.0,3.5,0.8,2.327770755465409,8.379974719675472
10,357,14937,263,61.4405,-42.7573,260.7014,1.9451,4.0954,-0.6813,-7.0928,2.0676,-0.5239,7.1097,-0.4737,0.1829,-2.1251,car,364,52.7177,-46.8518,1.6332,-1.0193,1.9243,0.0565,329.7105,1.9251791423137743,6.930644912329588,8.7228,4.0944999999999965,-2.3145,-6.0735,6.499562485275451,9.635983088922476,0,10_357_364_14915_ego_364,1,14915,14915,14917,vehicle_vehicle,0.24142282905353948,1.936079561311909,2.593298100002847,14.33918165098692,15.0,3.0,3.5,0.8,2.327770755465409,8.379974719675472
10,364,14937,68,52.7177,-46.8518,329.7105,2.1302,5.1039,1.6332,-1.0193,0.4154,-0.3928,1.9243,0.0565,0.5568,0.1296,car,364,52.7177,-46.8518,1.6332,-1.0193,1.9243,0.0565,329.7105,1.9251791423137743,6.930644912329588,0.0,0.0,0.0,0.0,0.0,0.0,1,10_357_364_14915_ego_364,1,14915,14915,14917,vehicle_vehicle,0.24142282905353948,1.936079561311909,2.593298100002847,14.33918165098692,15.0,3.0,3.5,0.8,2.327770755465409,8.379974719675472
10,357,14938,264,61.4153,-43.0399,261.4659,1.9451,4.0954,-0.6003,-7.1125,2.0418,-0.5388,7.1228,-0.4618,0.2298,-2.0992,car,364,52.7828,-46.8933,1.6567,-1.0374,1.9539,0.0559,329.5823,1.9547003990381748,7.03692143653743,8.6325,3.8534000000000006,-2.257,-6.0751,6.480809286655487,9.453504525307006,0,10_357_364_14915_ego_364,1,14915,14915,14917,vehicle_vehicle,0.24142282905353948,1.936079561311909,2.593298100002847,14.33918165098692,15.0,3.0,3.5,0.8,2.327770755465409,8.379974719675472
10,364,14938,69,52.7828,-46.8933,329.5823,2.1302,5.1039,1.6567,-1.0374,0.4563,-0.4178,1.9539,0.0559,0.6051,0.1293,car,364,52.7828,-46.8933,1.6567,-1.0374,1.9539,0.0559,329.5823,1.9547003990381748,7.03692143653743,0.0,0.0,0.0,0.0,0.0,0.0,1,10_357_364_14915_ego_364,1,14915,14915,14917,vehicle_vehicle,0.24142282905353948,1.936079561311909,2.593298100002847,14.33918165098692,15.0,3.0,3.5,0.8,2.327770755465409,8.379974719675472
10,357,14939,265,61.393,-43.3237,262.1985,1.9451,4.0954,-0.5203,-7.1333,2.0178,-0.5547,7.1379,-0.4527,0.2756,-2.0744,car,364,52.8498,-46.9357,1.6817,-1.0564,1.9852,0.0545,329.4391,1.9859747858419552,7.149509229031039,8.543199999999999,3.6119999999999948,-2.202,-6.0769,6.46355301749742,9.275387336386549,0,10_357_364_14915_ego_364,1,14915,14915,14917,vehicle_vehicle,0.24142282905353948,1.936079561311909,2.593298100002847,14.33918165098692,15.0,3.0,3.5,0.8,2.327770755465409,8.379974719675472
10,364,14939,70,52.8498,-46.9357,329.4391,2.1302,5.1039,1.6817,-1.0564,0.4904,-0.4405,1.9852,0.0545,0.6463,0.13,car,364,52.8498,-46.9357,1.6817,-1.0564,1.9852,0.0545,329.4391,1.9859747858419552,7.149509229031039,0.0,0.0,0.0,0.0,0.0,0.0,1,10_357_364_14915_ego_364,1,14915,14915,14917,vehicle_vehicle,0.24142282905353948,1.936079561311909,2.593298100002847,14.33918165098692,15.0,3.0,3.5,0.8,2.327770755465409,8.379974719675472
10,357,14940,266,61.3736,-43.6084,262.9132,1.9451,4.0954,-0.4413,-7.1551,1.9954,-0.5712,7.1549,-0.4449,0.3206,-2.0506,car,364,52.9182,-46.9798,1.7078,-1.0756,2.0176,0.0528,329.2964,2.0182904151781527,7.26584549464135,8.455400000000004,3.371399999999994,-2.1491,-6.0795,6.448174242372797,9.102753820685257,0,10_357_364_14915_ego_364,1,14915,14915,14917,vehicle_vehicle,0.24142282905353948,1.936079561311909,2.593298100002847,14.33918165098692,15.0,3.0,3.5,0.8,2.327770755465409,8.379974719675472
10,364,14940,71,52.9182,-46.9798,329.2964,2.1302,5.1039,1.7078,-1.0756,0.5178,-0.4614,2.0176,0.0528,0.6808,0.1323,car,364,52.9182,-46.9798,1.7078,-1.0756,2.0176,0.0528,329.2964,2.0182904151781527,7.26584549464135,0.0,0.0,0.0,0.0,0.0,0.0,1,10_357_364_14915_ego_364,1,14915,14915,14917,vehicle_vehicle,0.24142282905353948,1.936079561311909,2.593298100002847,14.33918165098692,15.0,3.0,3.5,0.8,2.327770755465409,8.379974719675472
10,357,14941,267,61.3569,-43.8939,263.627,1.9451,4.0954,-0.3628,-7.178,1.9745,-0.5878,7.1739,-0.4362,0.365,-2.0275,car,364,52.988,-47.0241,1.7346,-1.0952,2.0508,0.0512,329.1634,2.051414195134664,7.38509110248479,8.368900000000004,3.130199999999995,-2.0974,-6.0828,6.4342476327850475,8.935135099706105,0,10_357_364_14915_ego_364,1,14915,14915,14917,vehicle_vehicle,0.24142282905353948,1.936079561311909,2.593298100002847,14.33918165098692,15.0,3.0,3.5,0.8,2.327770755465409,8.379974719675472
10,364,14941,72,52.988,-47.0241,329.1634,2.1302,5.1039,1.7346,-1.0952,0.539,-0.4808,2.0508,0.0512,0.7092,0.1366,car,364,52.988,-47.0241,1.7346,-1.0952,2.0508,0.0512,329.1634,2.051414195134664,7.38509110248479,0.0,0.0,0.0,0.0,0.0,0.0,1,10_357_364_14915_ego_364,1,14915,14915,14917,vehicle_vehicle,0.24142282905353948,1.936079561311909,2.593298100002847,14.33918165098692,15.0,3.0,3.5,0.8,2.327770755465409,8.379974719675472
10,357,14942,268,61.3432,-44.1807,264.3256,1.9451,4.0954,-0.2849,-7.202,1.9548,-0.6042,7.1949,-0.4285,0.4079,-2.005,car,364,53.0593,-47.0688,1.7616,-1.1155,2.0845,0.0497,329.0228,2.085083885602687,7.506301988169674,8.283900000000003,2.8881000000000014,-2.0465,-6.0865,6.421342889147097,8.772919743164191,0,10_357_364_14915_ego_364,1,14915,14915,14917,vehicle_vehicle,0.24142282905353948,1.936079561311909,2.593298100002847,14.33918165098692,15.0,3.0,3.5,0.8,2.327770755465409,8.379974719675472
10,364,14942,73,53.0593,-47.0688,329.0228,2.1302,5.1039,1.7616,-1.1155,0.5543,-0.4991,2.0845,0.0497,0.7322,0.1426,car,364,53.0593,-47.0688,1.7616,-1.1155,2.0845,0.0497,329.0228,2.085083885602687,7.506301988169674,0.0,0.0,0.0,0.0,0.0,0.0,1,10_357_364_14915_ego_364,1,14915,14915,14917,vehicle_vehicle,0.24142282905353948,1.936079561311909,2.593298100002847,14.33918165098692,15.0,3.0,3.5,0.8,2.327770755465409,8.379974719675472
10,357,14943,269,61.333,-44.4684,265.0219,1.9451,4.0954,-0.2077,-7.2269,1.9361,-0.6199,7.2177,-0.4202,0.4496,-1.9826,car,364,53.1322,-47.1137,1.7885,-1.1365,2.1185,0.0483,328.8724,2.1190480173889408,7.628572862600187,8.200800000000001,2.645299999999999,-1.9962,-6.0904,6.4091954721322075,8.616886487009099,0,10_357_364_14915_ego_364,1,14915,14915,14917,vehicle_vehicle,0.24142282905353948,1.936079561311909,2.593298100002847,14.33918165098692,15.0,3.0,3.5,0.8,2.327770755465409,8.379974719675472
10,364,14943,74,53.1322,-47.1137,328.8724,2.1302,5.1039,1.7885,-1.1365,0.5646,-0.5164,2.1185,0.0483,0.7503,0.1502,car,364,53.1322,-47.1137,1.7885,-1.1365,2.1185,0.0483,328.8724,2.1190480173889408,7.628572862600187,0.0,0.0,0.0,0.0,0.0,0.0,1,10_357_364_14915_ego_364,1,14915,14915,14917,vehicle_vehicle,0.24142282905353948,1.936079561311909,2.593298100002847,14.33918165098692,15.0,3.0,3.5,0.8,2.327770755465409,8.379974719675472
10,357,14944,270,61.3261,-44.7574,265.7172,1.9451,4.0954,-0.1311,-7.2527,1.9184,-0.6348,7.2422,-0.4109,0.4898,-1.9604,car,364,53.2054,-47.1603,1.8153,-1.158,2.1527,0.0471,328.7208,2.1532018228675174,7.751526562323063,8.1207,2.4029000000000025,-1.9464,-6.0947,6.397956005631799,8.468748248708307,0,10_357_364_14915_ego_364,1,14915,14915,14917,vehicle_vehicle,0.24142282905353948,1.936079561311909,2.593298100002847,14.33918165098692,15.0,3.0,3.5,0.8,2.327770755465409,8.379974719675472
10,364,14944,75,53.2054,-47.1603,328.7208,2.1302,5.1039,1.8153,-1.158,0.5705,-0.5327,2.1527,0.0471,0.7642,0.1591,car,364,53.2054,-47.1603,1.8153,-1.158,2.1527,0.0471,328.7208,2.1532018228675174,7.751526562323063,0.0,0.0,0.0,0.0,0.0,0.0,1,10_357_364_14915_ego_364,1,14915,14915,14917,vehicle_vehicle,0.24142282905353948,1.936079561311909,2.593298100002847,14.33918165098692,15.0,3.0,3.5,0.8,2.327770755465409,8.379974719675472
10,357,14945,271,61.3221,-45.048,266.3925,1.9451,4.0954,-0.0551,-7.2791,1.9014,-0.6487,7.2681,-0.403,0.5278,-1.9385,car,364,53.2799,-47.2085,1.8417,-1.1795,2.1866,0.0461,328.5727,2.187025180467751,7.873290649683905,8.042200000000001,2.160499999999999,-1.8967999999999998,-6.0996,6.38772028191592,8.327348983319963,0,10_357_364_14915_ego_364,1,14915,14915,14917,vehicle_vehicle,0.24142282905353948,1.936079561311909,2.593298100002847,14.33918165098692,15.0,3.0,3.5,0.8,2.327770755465409,8.379974719675472
10,364,14945,76,53.2799,-47.2085,328.5727,2.1302,5.1039,1.8417,-1.1795,0.5724,-0.5486,2.1866,0.0461,0.7745,0.1696,car,364,53.2799,-47.2085,1.8417,-1.1795,2.1866,0.0461,328.5727,2.187025180467751,7.873290649683905,0.0,0.0,0.0,0.0,0.0,0.0,1,10_357_364_14915_ego_364,1,14915,14915,14917,vehicle_vehicle,0.24142282905353948,1.936079561311909,2.593298100002847,14.33918165098692,15.0,3.0,3.5,0.8,2.327770755465409,8.379974719675472
10,357,14946,272,61.3209,-45.3396,267.0549,1.9451,4.0954,0.0204,-7.3061,1.8851,-0.6616,7.2954,-0.3958,0.5639,-1.9166,car,364,53.3554,-47.2569,1.8677,-1.2013,2.2202,0.0457,328.4292,2.220681197290597,7.9944523102461496,7.965499999999999,1.9173000000000044,-1.8473,-6.1048,6.3781737456736,8.192998812400743,0,10_357_364_14915_ego_364,1,14915,14915,14917,vehicle_vehicle,0.24142282905353948,1.936079561311909,2.593298100002847,14.33918165098692,15.0,3.0,3.5,0.8,2.327770755465409,8.379974719675472
10,364,14946,77,53.3554,-47.2569,328.4292,2.1302,5.1039,1.8677,-1.2013,0.571,-0.5644,2.2202,0.0457,0.782,0.1819,car,364,53.3554,-47.2569,1.8677,-1.2013,2.2202,0.0457,328.4292,2.220681197290597,7.9944523102461496,0.0,0.0,0.0,0.0,0.0,0.0,1,10_357_364_14915_ego_364,1,14915,14915,14917,vehicle_vehicle,0.24142282905353948,1.936079561311909,2.593298100002847,14.33918165098692,15.0,3.0,3.5,0.8,2.327770755465409,8.379974719675472
10,357,14947,273,61.3228,-45.6324,267.7462,1.9451,4.0954,0.0955,-7.3336,1.8692,-0.6734,7.3242,-0.3838,0.5994,-1.8942,car,364,53.433,-47.3058,1.8926,-1.2236,2.2533,0.0453,328.268,2.2536929072080785,8.113294465949084,7.889800000000001,1.6734000000000009,-1.7971000000000001,-6.109999999999999,6.368804315568189,8.06530914472595,0,10_357_364_14915_ego_364,1,14915,14915,14917,vehicle_vehicle,0.24142282905353948,1.936079561311909,2.593298100002847,14.33918165098692,15.0,3.0,3.5,0.8,2.327770755465409,8.379974719675472
10,364,14947,78,53.433,-47.3058,328.268,2.1302,5.1039,1.8926,-1.2236,0.5671,-0.5804,2.2533,0.0453,0.7875,0.1954,car,364,53.433,-47.3058,1.8926,-1.2236,2.2533,0.0453,328.268,2.2536929072080785,8.113294465949084,0.0,0.0,0.0,0.0,0.0,0.0,1,10_357_364_14915_ego_364,1,14915,14915,14917,vehicle_vehicle,0.24142282905353948,1.936079561311909,2.593298100002847,14.33918165098692,15.0,3.0,3.5,0.8,2.327770755465409,8.379974719675472
10,357,14948,274,61.3272,-45.9261,268.4336,1.9451,4.0954,0.1702,-7.3616,1.8535,-0.6842,7.3542,-0.3714,0.6333,-1.8715,car,364,53.512,-47.3544,1.9163,-1.2469,2.2858,0.0457,328.0961,2.286255738101055,8.2305206571638,7.815199999999997,1.4283000000000001,-1.7461,-6.1147,6.359121110656724,7.944645488000075,0,10_357_364_14915_ego_364,1,14915,14915,14917,vehicle_vehicle,0.24142282905353948,1.936079561311909,2.593298100002847,14.33918165098692,15.0,3.0,3.5,0.8,2.327770755465409,8.379974719675472
10,364,14948,79,53.512,-47.3544,328.0961,2.1302,5.1039,1.9163,-1.2469,0.5615,-0.5965,2.2858,0.0457,0.792,0.2096,car,364,53.512,-47.3544,1.9163,-1.2469,2.2858,0.0457,328.0961,2.286255738101055,8.2305206571638,0.0,0.0,0.0,0.0,0.0,0.0,1,10_357_364_14915_ego_364,1,14915,14915,14917,vehicle_vehicle,0.24142282905353948,1.936079561311909,2.593298100002847,14.33918165098692,15.0,3.0,3.5,0.8,2.327770755465409,8.379974719675472
10,357,14949,275,61.3343,-46.2206,269.0976,1.9451,4.0954,0.2448,-7.3903,1.8376,-0.6937,7.3855,-0.3612,0.6647,-1.8483,car,364,53.5902,-47.4038,1.9393,-1.2712,2.3183,0.0477,327.9355,2.3188001056580965,8.347680380369148,7.744099999999996,1.1831999999999994,-1.6945000000000001,-6.1190999999999995,6.349386983008674,7.833967516526982,0,10_357_364_14915_ego_364,1,14915,14915,14917,vehicle_vehicle,0.24142282905353948,1.936079561311909,2.593298100002847,14.33918165098692,15.0,3.0,3.5,0.8,2.327770755465409,8.379974719675472
10,364,14949,80,53.5902,-47.4038,327.9355,2.1302,5.1039,1.9393,-1.2712,0.5553,-0.6124,2.3183,0.0477,0.7957,0.2242,car,364,53.5902,-47.4038,1.9393,-1.2712,2.3183,0.0477,327.9355,2.3188001056580965,8.347680380369148,0.0,0.0,0.0,0.0,0.0,0.0,1,10_357_364_14915_ego_364,1,14915,14915,14917,vehicle_vehicle,0.24142282905353948,1.936079561311909,2.593298100002847,14.33918165098692,15.0,3.0,3.5,0.8,2.327770755465409,8.379974719675472
10,357,14950,276,61.3442,-46.5166,269.7782,1.9451,4.0954,0.3193,-7.4194,1.821,-0.702,7.4181,-0.348,0.6949,-1.8237,car,364,53.669,-47.4545,1.9617,-1.2963,2.3508,0.0497,327.7524,2.351310396353489,8.46471742687256,7.675200000000004,0.9379000000000062,-1.6424,-6.123100000000001,6.339545044401846,7.732292767995795,0,10_357_364_14915_ego_364,1,14915,14915,14917,vehicle_vehicle,0.24142282905353948,1.936079561311909,2.593298100002847,14.33918165098692,15.0,3.0,3.5,0.8,2.327770755465409,8.379974719675472
10,364,14950,81,53.669,-47.4545,327.7524,2.1302,5.1039,1.9617,-1.2963,0.5486,-0.6277,2.3508,0.0497,0.7989,0.2381,car,364,53.669,-47.4545,1.9617,-1.2963,2.3508,0.0497,327.7524,2.351310396353489,8.46471742687256,0.0,0.0,0.0,0.0,0.0,0.0,1,10_357_364_14915_ego_364,1,14915,14915,14917,vehicle_vehicle,0.24142282905353948,1.936079561311909,2.593298100002847,14.33918165098692,15.0,3.0,3.5,0.8,2.327770755465409,8.379974719675472
10,357,14951,277,61.357,-46.8141,270.4764,1.9451,4.0954,0.3937,-7.4488,1.803,-0.7089,7.4518,-0.3318,0.7238,-1.7971,car,364,53.7483,-47.5069,1.9837,-1.3221,2.3834,0.0517,327.5607,2.383907317829282,8.582066344185415,7.608699999999999,0.6927999999999983,-1.59,-6.1267000000000005,6.329656617068576,7.640175883446662,0,10_357_364_14915_ego_364,1,14915,14915,14917,vehicle_vehicle,0.24142282905353948,1.936079561311909,2.593298100002847,14.33918165098692,15.0,3.0,3.5,0.8,2.327770755465409,8.379974719675472
10,364,14951,82,53.7483,-47.5069,327.5607,2.1302,5.1039,1.9837,-1.3221,0.5418,-0.6423,2.3834,0.0517,0.8018,0.2515,car,364,53.7483,-47.5069,1.9837,-1.3221,2.3834,0.0517,327.5607,2.383907317829282,8.582066344185415,0.0,0.0,0.0,0.0,0.0,0.0,1,10_357_364_14915_ego_364,1,14915,14915,14917,vehicle_vehicle,0.24142282905353948,1.936079561311909,2.593298100002847,14.33918165098692,15.0,3.0,3.5,0.8,2.327770755465409,8.379974719675472
10,357,14952,278,61.3731,-47.1127,271.1868,1.9451,4.0954,0.4679,-7.4784,1.7833,-0.7145,7.4865,-0.3129,0.7512,-1.7681,car,364,53.8282,-47.5604,2.0054,-1.3484,2.416,0.0542,327.3692,2.416570238995755,8.699652860384719,7.544899999999998,0.44770000000000465,-1.5374999999999999,-6.13,6.319873910925756,7.558171161067999,0,10_357_364_14915_ego_364,1,14915,14915,14917,vehicle_vehicle,0.24142282905353948,1.936079561311909,2.593298100002847,14.33918165098692,15.0,3.0,3.5,0.8,2.327770755465409,8.379974719675472
10,364,14952,83,53.8282,-47.5604,327.3692,2.1302,5.1039,2.0054,-1.3484,0.535,-0.6563,2.416,0.0542,0.8045,0.2642,car,364,53.8282,-47.5604,2.0054,-1.3484,2.416,0.0542,327.3692,2.416570238995755,8.699652860384719,0.0,0.0,0.0,0.0,0.0,0.0,1,10_357_364_14915_ego_364,1,14915,14915,14917,vehicle_vehicle,0.24142282905353948,1.936079561311909,2.593298100002847,14.33918165098692,15.0,3.0,3.5,0.8,2.327770755465409,8.379974719675472
10,357,14953,279,61.3922,-47.4126,271.8764,1.9451,4.0954,0.5417,-7.5082,1.7613,-0.7188,7.5219,-0.2955,0.7761,-1.7369,car,364,53.9102,-47.6161,2.0263,-1.3748,2.448,0.0568,327.1722,2.4486663165895024,8.81519873972221,7.481999999999999,0.20350000000000534,-1.4846,-6.1334,6.310517626946303,7.48476694693963,0,10_357_364_14915_ego_364,1,14915,14915,14917,vehicle_vehicle,0.24142282905353948,1.936079561311909,2.593298100002847,14.33918165098692,15.0,3.0,3.5,0.8,2.327770755465409,8.379974719675472
10,364,14953,84,53.9102,-47.6161,327.1722,2.1302,5.1039,2.0263,-1.3748,0.5284,-0.6699,2.448,0.0568,0.8072,0.2765,car,364,53.9102,-47.6161,2.0263,-1.3748,2.448,0.0568,327.1722,2.4486663165895024,8.81519873972221,0.0,0.0,0.0,0.0,0.0,0.0,1,10_357_364_14915_ego_364,1,14915,14915,14917,vehicle_vehicle,0.24142282905353948,1.936079561311909,2.593298100002847,14.33918165098692,15.0,3.0,3.5,0.8,2.327770755465409,8.379974719675472
10,357,14954,280,61.4148,-47.7138,272.5514,1.9451,4.0954,0.6148,-7.538,1.7368,-0.7221,7.5579,-0.2786,0.7987,-1.703,car,364,53.9927,-47.6725,2.0465,-1.4014,2.4796,0.0597,326.977,2.480339535224966,8.929222326809878,7.4221,-0.04129999999999967,-1.4317,-6.1366000000000005,6.301398610626057,7.422214905269182,0,10_357_364_14915_ego_364,1,14915,14915,14917,vehicle_vehicle,0.24142282905353948,1.936079561311909,2.593298100002847,14.33918165098692,15.0,3.0,3.5,0.8,2.327770755465409,8.379974719675472
10,364,14954,85,53.9927,-47.6725,326.977,2.1302,5.1039,2.0465,-1.4014,0.5226,-0.6836,2.4796,0.0597,0.8107,0.2883,car,364,53.9927,-47.6725,2.0465,-1.4014,2.4796,0.0597,326.977,2.480339535224966,8.929222326809878,0.0,0.0,0.0,0.0,0.0,0.0,1,10_357_364_14915_ego_364,1,14915,14915,14917,vehicle_vehicle,0.24142282905353948,1.936079561311909,2.593298100002847,14.33918165098692,15.0,3.0,3.5,0.8,2.327770755465409,8.379974719675472
10,357,14955,281,61.4402,-48.0162,273.2062,1.9451,4.0954,0.6871,-7.5678,1.7096,-0.7244,7.5944,-0.2628,0.8188,-1.6664,car,364,54.0771,-47.731,2.0656,-1.4278,2.5102,0.0633,326.7908,2.511038868675672,9.03973992723242,7.363099999999996,-0.2851999999999961,-1.3784999999999998,-6.140000000000001,6.2928421440554185,7.368621353414757,0,10_357_364_14915_ego_364,1,14915,14915,14917,vehicle_vehicle,0.24142282905353948,1.936079561311909,2.593298100002847,14.33918165098692,15.0,3.0,3.5,0.8,2.327770755465409,8.379974719675472
10,364,14955,86,54.0771,-47.731,326.7908,2.1302,5.1039,2.0656,-1.4278,0.5182,-0.6978,2.5102,0.0633,0.8157,0.3,car,364,54.0771,-47.731,2.0656,-1.4278,2.5102,0.0633,326.7908,2.511038868675672,9.03973992723242,0.0,0.0,0.0,0.0,0.0,0.0,1,10_357_364_14915_ego_364,1,14915,14915,14917,vehicle_vehicle,0.24142282905353948,1.936079561311909,2.593298100002847,14.33918165098692,15.0,3.0,3.5,0.8,2.327770755465409,8.379974719675472
10,357,14956,282,61.4678,-48.3197,273.8483,1.9451,4.0954,0.7588,-7.5977,1.6792,-0.7257,7.6315,-0.2472,0.8367,-1.6267,car,364,54.1616,-47.7908,2.0839,-1.4539,2.54,0.067,326.6092,2.540957382562722,9.1474465772258,7.306199999999997,-0.5289000000000001,-1.3251,-6.1438,6.285075055239993,7.325318672249007,0,10_357_364_14915_ego_364,1,14915,14915,14917,vehicle_vehicle,0.24142282905353948,1.936079561311909,2.593298100002847,14.33918165098692,15.0,3.0,3.5,0.8,2.327770755465409,8.379974719675472
10,364,14956,87,54.1616,-47.7908,326.6092,2.1302,5.1039,2.0839,-1.4539,0.5158,-0.7134,2.54,0.067,0.8233,0.3118,car,364,54.1616,-47.7908,2.0839,-1.4539,2.54,0.067,326.6092,2.540957382562722,9.1474465772258,0.0,0.0,0.0,0.0,0.0,0.0,1,10_357_364_14915_ego_364,1,14915,14915,14917,vehicle_vehicle,0.24142282905353948,1.936079561311909,2.593298100002847,14.33918165098692,15.0,3.0,3.5,0.8,2.327770755465409,8.379974719675472
10,357,14957,283,61.4986,-48.6243,274.4609,1.9451,4.0954,0.8297,-7.6275,1.6453,-0.7262,7.669,-0.2339,0.8519,-1.5838,car,364,54.2463,-47.8516,2.1018,-1.4797,2.5694,0.0705,326.4254,2.570423181112402,9.253523452004647,7.252300000000005,-0.7727000000000004,-1.2721,-6.1478,6.278031797466465,7.293347693617799,0,10_357_364_14915_ego_364,1,14915,14915,14917,vehicle_vehicle,0.24142282905353948,1.936079561311909,2.593298100002847,14.33918165098692,15.0,3.0,3.5,0.8,2.327770755465409,8.379974719675472
10,364,14957,88,54.2463,-47.8516,326.4254,2.1302,5.1039,2.1018,-1.4797,0.5161,-0.7313,2.5694,0.0705,0.8344,0.3239,car,364,54.2463,-47.8516,2.1018,-1.4797,2.5694,0.0705,326.4254,2.570423181112402,9.253523452004647,0.0,0.0,0.0,0.0,0.0,0.0,1,10_357_364_14915_ego_364,1,14915,14915,14917,vehicle_vehicle,0.24142282905353948,1.936079561311909,2.593298100002847,14.33918165098692,15.0,3.0,3.5,0.8,2.327770755465409,8.379974719675472
10,357,14958,284,61.5324,-48.9303,275.0496,1.9451,4.0954,0.8995,-7.6573,1.6076,-0.7259,7.7067,-0.222,0.8646,-1.5374,car,364,54.3307,-47.9122,2.1197,-1.506,2.5992,0.0742,326.2425,2.600223853824897,9.36080587376963,7.201700000000002,-1.018100000000004,-1.2202,-6.1513,6.271154577109385,7.273308085046311,0,10_357_364_14915_ego_364,1,14915,14915,14917,vehicle_vehicle,0.24142282905353948,1.936079561311909,2.593298100002847,14.33918165098692,15.0,3.0,3.5,0.8,2.327770755465409,8.379974719675472
10,364,14958,89,54.3307,-47.9122,326.2425,2.1302,5.1039,2.1197,-1.506,0.5191,-0.752,2.5992,0.0742,0.8494,0.3368,car,364,54.3307,-47.9122,2.1197,-1.506,2.5992,0.0742,326.2425,2.600223853824897,9.36080587376963,0.0,0.0,0.0,0.0,0.0,0.0,1,10_357_364_14915_ego_364,1,14915,14915,14917,vehicle_vehicle,0.24142282905353948,1.936079561311909,2.593298100002847,14.33918165098692,15.0,3.0,3.5,0.8,2.327770755465409,8.379974719675472
10,357,14959,285,61.5691,-49.237,275.6148,1.9451,4.0954,0.968,-7.6871,1.5657,-0.7249,7.7449,-0.2113,0.8746,-1.4873,car,364,54.4154,-47.9725,2.1379,-1.5333,2.6298,0.0777,326.0447,2.630898192633079,9.471233493479085,7.153700000000001,-1.2645000000000053,-1.1699000000000002,-6.1538,6.264017915842834,7.264597988877294,0,10_357_364_14915_ego_364,1,14915,14915,14917,vehicle_vehicle,0.24142282905353948,1.936079561311909,2.593298100002847,14.33918165098692,15.0,3.0,3.5,0.8,2.327770755465409,8.379974719675472
10,364,14959,90,54.4154,-47.9725,326.0447,2.1302,5.1039,2.1379,-1.5333,0.5247,-0.7756,2.6298,0.0777,0.8684,0.3503,car,364,54.4154,-47.9725,2.1379,-1.5333,2.6298,0.0777,326.0447,2.630898192633079,9.471233493479085,0.0,0.0,0.0,0.0,0.0,0.0,1,10_357_364_14915_ego_364,1,14915,14915,14917,vehicle_vehicle,0.24142282905353948,1.936079561311909,2.593298100002847,14.33918165098692,15.0,3.0,3.5,0.8,2.327770755465409,8.379974719675472
10,357,14960,286,61.6084,-49.5444,276.151,1.9451,4.0954,1.0351,-7.7171,1.5195,-0.7229,7.7836,-0.2023,0.8816,-1.4333,car,364,54.5006,-48.0333,2.1567,-1.562,2.6617,0.0805,325.8176,2.6629305079179213,9.586549828504516,7.107800000000005,-1.511100000000006,-1.1216,-6.1551,6.256456071131644,7.2666528780450275,0,10_357_364_14915_ego_364,1,14915,14915,14917,vehicle_vehicle,0.24142282905353948,1.936079561311909,2.593298100002847,14.33918165098692,15.0,3.0,3.5,0.8,2.327770755465409,8.379974719675472
10,364,14960,91,54.5006,-48.0333,325.8176,2.1302,5.1039,2.1567,-1.562,0.5326,-0.8018,2.6617,0.0805,0.8911,0.364,car,364,54.5006,-48.0333,2.1567,-1.562,2.6617,0.0805,325.8176,2.6629305079179213,9.586549828504516,0.0,0.0,0.0,0.0,0.0,0.0,1,10_357_364_14915_ego_364,1,14915,14915,14917,vehicle_vehicle,0.24142282905353948,1.936079561311909,2.593298100002847,14.33918165098692,15.0,3.0,3.5,0.8,2.327770755465409,8.379974719675472
10,357,14961,287,61.651,-49.8528,276.679,1.9451,4.0954,1.1004,-7.7474,1.4688,-0.7198,7.8228,-0.1919,0.8858,-1.3751,car,364,54.5861,-48.0952,2.1763,-1.5923,2.6953,0.0827,325.5659,2.6966091633753675,9.707792988151324,7.0649000000000015,-1.7576000000000036,-1.0758999999999999,-6.1551,6.248425147187089,7.2802451723825925,0,10_357_364_14915_ego_364,1,14915,14915,14917,vehicle_vehicle,0.24142282905353948,1.936079561311909,2.593298100002847,14.33918165098692,15.0,3.0,3.5,0.8,2.327770755465409,8.379974719675472
10,364,14961,92,54.5861,-48.0952,325.5659,2.1302,5.1039,2.1763,-1.5923,0.5426,-0.83,2.6953,0.0827,0.9168,0.3778,car,364,54.5861,-48.0952,2.1763,-1.5923,2.6953,0.0827,325.5659,2.6966091633753675,9.707792988151324,0.0,0.0,0.0,0.0,0.0,0.0,1,10_357_364_14915_ego_364,1,14915,14915,14917,vehicle_vehicle,0.24142282905353948,1.936079561311909,2.593298100002847,14.33918165098692,15.0,3.0,3.5,0.8,2.327770755465409,8.379974719675472
10,357,14962,288,61.6961,-50.163,277.2048,1.9451,4.0954,1.1637,-7.7777,1.4136,-0.7152,7.8623,-0.1791,0.8869,-1.3127,car,364,54.6719,-48.1579,2.1969,-1.6243,2.7308,0.0857,325.32,2.7321639958099144,9.835790384915692,7.0242,-2.0050999999999988,-1.0332,-6.1534,6.239537947636829,7.304780054868182,0,10_357_364_14915_ego_364,1,14915,14915,14917,vehicle_vehicle,0.24142282905353948,1.936079561311909,2.593298100002847,14.33918165098692,15.0,3.0,3.5,0.8,2.327770755465409,8.379974719675472
10,364,14962,93,54.6719,-48.1579,325.32,2.1302,5.1039,2.1969,-1.6243,0.5539,-0.8597,2.7308,0.0857,0.9447,0.3918,car,364,54.6719,-48.1579,2.1969,-1.6243,2.7308,0.0857,325.32,2.7321639958099144,9.835790384915692,0.0,0.0,0.0,0.0,0.0,0.0,1,10_357_364_14915_ego_364,1,14915,14915,14917,vehicle_vehicle,0.24142282905353948,1.936079561311909,2.593298100002847,14.33918165098692,15.0,3.0,3.5,0.8,2.327770755465409,8.379974719675472
10,357,14963,289,61.7437,-50.4744,277.7073,1.9451,4.0954,1.2248,-7.8079,1.3538,-0.7091,7.9017,-0.1666,0.8843,-1.2465,car,364,54.7585,-48.2218,2.2186,-1.6582,2.7684,0.0892,325.0709,2.7698038197677466,9.971293751163888,6.985199999999999,-2.252600000000001,-0.9937999999999998,-6.1497,6.229482204003796,7.339429528239915,0,10_357_364_14915_ego_364,1,14915,14915,14917,vehicle_vehicle,0.24142282905353948,1.936079561311909,2.593298100002847,14.33918165098692,15.0,3.0,3.5,0.8,2.327770755465409,8.379974719675472
10,364,14963,94,54.7585,-48.2218,325.0709,2.1302,5.1039,2.2186,-1.6582,0.566,-0.8902,2.7684,0.0892,0.9738,0.4058,car,364,54.7585,-48.2218,2.2186,-1.6582,2.7684,0.0892,325.0709,2.7698038197677466,9.971293751163888,0.0,0.0,0.0,0.0,0.0,0.0,1,10_357_364_14915_ego_364,1,14915,14915,14917,vehicle_vehicle,0.24142282905353948,1.936079561311909,2.593298100002847,14.33918165098692,15.0,3.0,3.5,0.8,2.327770755465409,8.379974719675472
10,357,14964,290,61.7943,-50.7874,278.1936,1.9451,4.0954,1.2833,-7.8379,1.2896,-0.7014,7.9408,-0.1532,0.878,-1.1765,car,364,54.8471,-48.2878,2.2412,-1.6938,2.8076,0.0939,324.8357,2.8092589556678464,10.113332240404247,6.947200000000002,-2.499600000000001,-0.9579,-6.1441,6.218322701500783,7.3831963267950576,0,10_357_364_14915_ego_364,1,14915,14915,14917,vehicle_vehicle,0.24142282905353948,1.936079561311909,2.593298100002847,14.33918165098692,15.0,3.0,3.5,0.8,2.327770755465409,8.379974719675472
10,364,14964,95,54.8471,-48.2878,324.8357,2.1302,5.1039,2.2412,-1.6938,0.5784,-0.921,2.8076,0.0939,1.0033,0.4198,car,364,54.8471,-48.2878,2.2412,-1.6938,2.8076,0.0939,324.8357,2.8092589556678464,10.113332240404247,0.0,0.0,0.0,0.0,0.0,0.0,1,10_357_364_14915_ego_364,1,14915,14915,14917,vehicle_vehicle,0.24142282905353948,1.936079561311909,2.593298100002847,14.33918165098692,15.0,3.0,3.5,0.8,2.327770755465409,8.379974719675472
10,357,14965,291,61.8473,-51.1018,278.6464,1.9451,4.0954,1.339,-7.8674,1.2211,-0.6922,7.9792,-0.1411,0.8679,-1.1032,car,364,54.9363,-48.3554,2.2645,-1.7309,2.8486,0.0995,324.6082,2.8502587707083724,10.26093157455014,6.910999999999994,-2.746399999999994,-0.9255,-6.1365,6.2058990082017935,7.436708543435052,0,10_357_364_14915_ego_364,1,14915,14915,14917,vehicle_vehicle,0.24142282905353948,1.936079561311909,2.593298100002847,14.33918165098692,15.0,3.0,3.5,0.8,2.327770755465409,8.379974719675472
10,364,14965,96,54.9363,-48.3554,324.6082,2.1302,5.1039,2.2645,-1.7309,0.5907,-0.9516,2.8486,0.0995,1.0327,0.4337,car,364,54.9363,-48.3554,2.2645,-1.7309,2.8486,0.0995,324.6082,2.8502587707083724,10.26093157455014,0.0,0.0,0.0,0.0,0.0,0.0,1,10_357_364_14915_ego_364,1,14915,14915,14917,vehicle_vehicle,0.24142282905353948,1.936079561311909,2.593298100002847,14.33918165098692,15.0,3.0,3.5,0.8,2.327770755465409,8.379974719675472
10,357,14966,292,61.903,-51.4174,279.0718,1.9451,4.0954,1.3915,-7.8963,1.1488,-0.6816,8.017,-0.1291,0.8542,-1.027,car,364,55.0267,-48.4247,2.2886,-1.7696,2.891,0.1058,324.3841,2.8929524918325225,10.41462897059708,6.8763000000000005,-2.9926999999999992,-0.8971000000000002,-6.1267,6.192030466656313,7.499316967564446,0,10_357_364_14915_ego_364,1,14915,14915,14917,vehicle_vehicle,0.24142282905353948,1.936079561311909,2.593298100002847,14.33918165098692,15.0,3.0,3.5,0.8,2.327770755465409,8.379974719675472
10,364,14966,97,55.0267,-48.4247,324.3841,2.1302,5.1039,2.2886,-1.7696,0.6027,-0.9818,2.891,0.1058,1.0617,0.4472,car,364,55.0267,-48.4247,2.2886,-1.7696,2.891,0.1058,324.3841,2.8929524918325225,10.41462897059708,0.0,0.0,0.0,0.0,0.0,0.0,1,10_357_364_14915_ego_364,1,14915,14915,14917,vehicle_vehicle,0.24142282905353948,1.936079561311909,2.593298100002847,14.33918165098692,15.0,3.0,3.5,0.8,2.327770755465409,8.379974719675472
10,357,14967,293,61.9606,-51.7339,279.4777,1.9451,4.0954,1.4407,-7.9248,1.073,-0.6698,8.0539,-0.1161,0.8373,-0.9481,car,364,55.1176,-48.4949,2.3137,-1.81,2.9354,0.113,324.1676,2.937568329418058,10.575245985905008,6.842999999999996,-3.238999999999997,-0.8729999999999998,-6.114800000000001,6.176804031212258,7.570850018326868,0,10_357_364_14915_ego_364,1,14915,14915,14917,vehicle_vehicle,0.24142282905353948,1.936079561311909,2.593298100002847,14.33918165098692,15.0,3.0,3.5,0.8,2.327770755465409,8.379974719675472
10,364,14967,98,55.1176,-48.4949,324.1676,2.1302,5.1039,2.3137,-1.81,0.6139,-1.0112,2.9354,0.113,1.0897,0.4604,car,364,55.1176,-48.4949,2.3137,-1.81,2.9354,0.113,324.1676,2.937568329418058,10.575245985905008,0.0,0.0,0.0,0.0,0.0,0.0,1,10_357_364_14915_ego_364,1,14915,14915,14917,vehicle_vehicle,0.24142282905353948,1.936079561311909,2.593298100002847,14.33918165098692,15.0,3.0,3.5,0.8,2.327770755465409,8.379974719675472
10,357,14968,294,62.0201,-52.0518,279.864,1.9451,4.0954,1.4864,-7.9527,0.9942,-0.6568,8.0898,-0.1021,0.8174,-0.867,car,364,55.21,-48.5667,2.3394,-1.8522,2.9814,0.1211,323.9562,2.9838627984543793,10.741906074435766,6.8100999999999985,-3.4851000000000028,-0.853,-6.1005,6.1598465281206485,7.650057778866771,0,10_357_364_14915_ego_364,1,14915,14915,14917,vehicle_vehicle,0.24142282905353948,1.936079561311909,2.593298100002847,14.33918165098692,15.0,3.0,3.5,0.8,2.327770755465409,8.379974719675472
10,364,14968,99,55.21,-48.5667,323.9562,2.1302,5.1039,2.3394,-1.8522,0.6241,-1.0391,2.9814,0.1211,1.116,0.4729,car,364,55.21,-48.5667,2.3394,-1.8522,2.9814,0.1211,323.9562,2.9838627984543793,10.741906074435766,0.0,0.0,0.0,0.0,0.0,0.0,1,10_357_364_14915_ego_364,1,14915,14915,14917,vehicle_vehicle,0.24142282905353948,1.936079561311909,2.593298100002847,14.33918165098692,15.0,3.0,3.5,0.8,2.327770755465409,8.379974719675472
10,357,14969,295,62.0809,-52.3714,280.2157,1.9451,4.0954,1.5288,-7.9797,0.9127,-0.6428,8.1244,-0.0894,0.7945,-0.7842,car,364,55.3038,-48.6412,2.3657,-1.8956,3.0287,0.1295,323.7445,3.0314742040795926,10.913307134686534,6.777099999999997,-3.7302000000000035,-0.8369,-6.0841,6.141390267683695,7.735856542749484,0,10_357_364_14915_ego_364,1,14915,14915,14917,vehicle_vehicle,0.24142282905353948,1.936079561311909,2.593298100002847,14.33918165098692,15.0,3.0,3.5,0.8,2.327770755465409,8.379974719675472
10,364,14969,100,55.3038,-48.6412,323.7445,2.1302,5.1039,2.3657,-1.8956,0.633,-1.0652,3.0287,0.1295,1.1404,0.4846,car,364,55.3038,-48.6412,2.3657,-1.8956,3.0287,0.1295,323.7445,3.0314742040795926,10.913307134686534,0.0,0.0,0.0,0.0,0.0,0.0,1,10_357_364_14915_ego_364,1,14915,14915,14917,vehicle_vehicle,0.24142282905353948,1.936079561311909,2.593298100002847,14.33918165098692,15.0,3.0,3.5,0.8,2.327770755465409,8.379974719675472
10,357,14970,296,62.143,-52.6921,280.5315,1.9451,4.0954,1.5679,-8.0057,0.8286,-0.6284,8.1574,-0.0782,0.7693,-0.6998,car,364,55.3989,-48.7177,2.3923,-1.9401,3.0771,0.1379,323.5244,3.0801115726544714,11.088401661556098,6.744100000000003,-3.974400000000003,-0.8244,-6.065599999999999,6.121367389725925,7.828073848016514,0,10_357_364_14915_ego_364,1,14915,14915,14917,vehicle_vehicle,0.24142282905353948,1.936079561311909,2.593298100002847,14.33918165098692,15.0,3.0,3.5,0.8,2.327770755465409,8.379974719675472
10,364,14970,101,55.3989,-48.7177,323.5244,2.1302,5.1039,2.3923,-1.9401,0.6406,-1.0894,3.0771,0.1379,1.1628,0.4951,car,364,55.3989,-48.7177,2.3923,-1.9401,3.0771,0.1379,323.5244,3.0801115726544714,11.088401661556098,0.0,0.0,0.0,0.0,0.0,0.0,1,10_357_364_14915_ego_364,1,14915,14915,14917,vehicle_vehicle,0.24142282905353948,1.936079561311909,2.593298100002847,14.33918165098692,15.0,3.0,3.5,0.8,2.327770755465409,8.379974719675472
10,357,14971,297,62.2063,-53.0131,280.8056,1.9451,4.0954,1.6036,-8.0311,0.742,-0.6137,8.1893,-0.0695,0.7419,-0.6137,car,364,55.4948,-48.7968,2.4194,-1.9854,3.1263,0.1457,323.2958,3.129745919399848,11.267085309839453,6.711500000000001,-4.216300000000004,-0.8158000000000001,-6.0457,6.100493269400435,7.925996337369836,0,10_357_364_14915_ego_364,1,14915,14915,14917,vehicle_vehicle,0.24142282905353948,1.936079561311909,2.593298100002847,14.33918165098692,15.0,3.0,3.5,0.8,2.327770755465409,8.379974719675472
10,364,14971,102,55.4948,-48.7968,323.2958,2.1302,5.1039,2.4194,-1.9854,0.6469,-1.1118,3.1263,0.1457,1.1831,0.5047,car,364,55.4948,-48.7968,2.4194,-1.9854,3.1263,0.1457,323.2958,3.129745919399848,11.267085309839453,0.0,0.0,0.0,0.0,0.0,0.0,1,10_357_364_14915_ego_364,1,14915,14915,14917,vehicle_vehicle,0.24142282905353948,1.936079561311909,2.593298100002847,14.33918165098692,15.0,3.0,3.5,0.8,2.327770755465409,8.379974719675472
10,357,14972,298,62.271,-53.3348,281.0527,1.9451,4.0954,1.6359,-8.0558,0.6527,-0.5988,8.22,-0.0611,0.7128,-0.5258,car,364,55.592,-48.8762,2.4467,-2.0319,3.1768,0.153,323.0482,3.180402254432605,11.449448115957379,6.679000000000002,-4.458600000000004,-0.8108,-6.023899999999999,6.078220779965136,8.030451728265357,0,10_357_364_14915_ego_364,1,14915,14915,14917,vehicle_vehicle,0.24142282905353948,1.936079561311909,2.593298100002847,14.33918165098692,15.0,3.0,3.5,0.8,2.327770755465409,8.379974719675472
10,364,14972,103,55.592,-48.8762,323.0482,2.1302,5.1039,2.4467,-2.0319,0.6517,-1.1323,3.1768,0.153,1.2015,0.5131,car,364,55.592,-48.8762,2.4467,-2.0319,3.1768,0.153,323.0482,3.180402254432605,11.449448115957379,0.0,0.0,0.0,0.0,0.0,0.0,1,10_357_364_14915_ego_364,1,14915,14915,14917,vehicle_vehicle,0.24142282905353948,1.936079561311909,2.593298100002847,14.33918165098692,15.0,3.0,3.5,0.8,2.327770755465409,8.379974719675472
10,357,14973,299,62.3373,-53.6573,281.2756,1.9451,4.0954,1.6644,-8.0801,0.561,-0.5837,8.2496,-0.0524,0.6821,-0.436,car,364,55.6905,-48.9568,2.4742,-2.0799,3.2284,0.16,322.7856,3.232282421138351,11.636216716098064,6.646799999999999,-4.700499999999998,-0.8098000000000001,-6.0001999999999995,6.054599580484245,8.140924424781252,0,10_357_364_14915_ego_364,1,14915,14915,14917,vehicle_vehicle,0.24142282905353948,1.936079561311909,2.593298100002847,14.33918165098692,15.0,3.0,3.5,0.8,2.327770755465409,8.379974719675472
10,364,14973,104,55.6905,-48.9568,322.7856,2.1302,5.1039,2.4742,-2.0799,0.6551,-1.1504,3.2284,0.16,1.2175,0.52,car,364,55.6905,-48.9568,2.4742,-2.0799,3.2284,0.16,322.7856,3.232282421138351,11.636216716098064,0.0,0.0,0.0,0.0,0.0,0.0,1,10_357_364_14915_ego_364,1,14915,14915,14917,vehicle_vehicle,0.24142282905353948,1.936079561311909,2.593298100002847,14.33918165098692,15.0,3.0,3.5,0.8,2.327770755465409,8.379974719675472
10,357,14974,300,62.405,-53.9812,281.4734,1.9451,4.0954,1.689,-8.1036,0.4669,-0.5682,8.2777,-0.0433,0.6498,-0.3446,car,364,55.7912,-49.0396,2.5014,-2.1292,3.2806,0.167,322.5092,3.284888826124866,11.825599774049518,6.613799999999998,-4.941600000000001,-0.8123999999999998,-5.9744,6.02938215076802,8.256013626442241,0,10_357_364_14915_ego_364,1,14915,14915,14917,vehicle_vehicle,0.24142282905353948,1.936079561311909,2.593298100002847,14.33918165098692,15.0,3.0,3.5,0.8,2.327770755465409,8.379974719675472
10,364,14974,105,55.7912,-49.0396,322.5092,2.1302,5.1039,2.5014,-2.1292,0.6572,-1.1656,3.2806,0.167,1.2309,0.5249,car,364,55.7912,-49.0396,2.5014,-2.1292,3.2806,0.167,322.5092,3.284888826124866,11.825599774049518,0.0,0.0,0.0,0.0,0.0,0.0,1,10_357_364_14915_ego_364,1,14915,14915,14917,vehicle_vehicle,0.24142282905353948,1.936079561311909,2.593298100002847,14.33918165098692,15.0,3.0,3.5,0.8,2.327770755465409,8.379974719675472
10,357,14975,301,62.4734,-54.3068,281.6511,1.9451,4.0954,1.7097,-8.1262,0.3708,-0.5528,8.304,-0.0334,0.6163,-0.2515,car,364,55.8929,-49.1262,2.5281,-2.1788,3.333,0.1727,322.2102,3.3374330030728703,12.014758811062332,6.580500000000001,-5.180600000000005,-0.8183999999999998,-5.947400000000001,6.003444454644351,8.375058006366288,0,10_357_364_14915_ego_364,1,14915,14915,14917,vehicle_vehicle,0.24142282905353948,1.936079561311909,2.593298100002847,14.33918165098692,15.0,3.0,3.5,0.8,2.327770755465409,8.379974719675472
10,364,14975,106,55.8929,-49.1262,322.2102,2.1302,5.1039,2.5281,-2.1788,0.6587,-1.1777,3.333,0.1727,1.2422,0.5271,car,364,55.8929,-49.1262,2.5281,-2.1788,3.333,0.1727,322.2102,3.3374330030728703,12.014758811062332,0.0,0.0,0.0,0.0,0.0,0.0,1,10_357_364_14915_ego_364,1,14915,14915,14917,vehicle_vehicle,0.24142282905353948,1.936079561311909,2.593298100002847,14.33918165098692,15.0,3.0,3.5,0.8,2.327770755465409,8.379974719675472
10,357,14976,302,62.5426,-54.6329,281.816,1.9451,4.0954,1.7263,-8.1479,0.2728,-0.5377,8.3287,-0.0213,0.5822,-0.1569,car,364,55.9952,-49.2157,2.5547,-2.2284,3.3854,0.1775,321.9047,3.390023399624256,12.204084238647322,6.547400000000003,-5.417200000000001,-0.8284,-5.919499999999999,5.977183852785523,8.497911661108278,0,10_357_364_14915_ego_364,1,14915,14915,14917,vehicle_vehicle,0.24142282905353948,1.936079561311909,2.593298100002847,14.33918165098692,15.0,3.0,3.5,0.8,2.327770755465409,8.379974719675472
10,364,14976,107,55.9952,-49.2157,321.9047,2.1302,5.1039,2.5547,-2.2284,0.6598,-1.187,3.3854,0.1775,1.2516,0.5271,car,364,55.9952,-49.2157,2.5547,-2.2284,3.3854,0.1775,321.9047,3.390023399624256,12.204084238647322,0.0,0.0,0.0,0.0,0.0,0.0,1,10_357_364_14915_ego_364,1,14915,14915,14917,vehicle_vehicle,0.24142282905353948,1.936079561311909,2.593298100002847,14.33918165098692,15.0,3.0,3.5,0.8,2.327770755465409,8.379974719675472
10,357,14977,303,62.6127,-54.9598,281.9713,1.9451,4.0954,1.7387,-8.1688,0.1732,-0.5231,8.3517,-0.0065,0.5477,-0.0609,car,364,56.098,-49.3078,2.5813,-2.2775,3.4376,0.1812,321.5954,3.442399735649537,12.392639048338333,6.514699999999998,-5.652000000000001,-0.8426000000000002,-5.891299999999999,5.951251166771572,8.624756233656694,0,10_357_364_14915_ego_364,1,14915,14915,14917,vehicle_vehicle,0.24142282905353948,1.936079561311909,2.593298100002847,14.33918165098692,15.0,3.0,3.5,0.8,2.327770755465409,8.379974719675472
10,364,14977,108,56.098,-49.3078,321.5954,2.1302,5.1039,2.5813,-2.2775,0.6606,-1.1943,3.4376,0.1812,1.2596,0.5255,car,364,56.098,-49.3078,2.5813,-2.2775,3.4376,0.1812,321.5954,3.442399735649537,12.392639048338333,0.0,0.0,0.0,0.0,0.0,0.0,1,10_357_364_14915_ego_364,1,14915,14915,14917,vehicle_vehicle,0.24142282905353948,1.936079561311909,2.593298100002847,14.33918165098692,15.0,3.0,3.5,0.8,2.327770755465409,8.379974719675472
10,357,14978,304,62.6837,-55.2876,282.1284,1.9451,4.0954,1.7465,-8.1888,0.0723,-0.5093,8.373,0.013,0.5131,0.0363,car,364,56.2009,-49.4019,2.6083,-2.3261,3.4901,0.1831,321.2761,3.4948490811478536,12.581456692132273,6.482800000000005,-5.8857,-0.8617999999999999,-5.8627,5.925702534721094,8.756035651480644,0,10_357_364_14915_ego_364,1,14915,14915,14917,vehicle_vehicle,0.24142282905353948,1.936079561311909,2.593298100002847,14.33918165098692,15.0,3.0,3.5,0.8,2.327770755465409,8.379974719675472
10,364,14978,109,56.2009,-49.4019,321.2761,2.1302,5.1039,2.6083,-2.3261,0.6611,-1.2004,3.4901,0.1831,1.2667,0.5229,car,364,56.2009,-49.4019,2.6083,-2.3261,3.4901,0.1831,321.2761,3.4948490811478536,12.581456692132273,0.0,0.0,0.0,0.0,0.0,0.0,1,10_357_364_14915_ego_364,1,14915,14915,14917,vehicle_vehicle,0.24142282905353948,1.936079561311909,2.593298100002847,14.33918165098692,15.0,3.0,3.5,0.8,2.327770755465409,8.379974719675472
10,357,14979,305,62.7543,-55.6164,282.267,1.9451,4.0954,1.75,-8.2079,-0.0292,-0.4965,8.3923,0.0339,0.479,0.1341,car,364,56.3049,-49.4974,2.6357,-2.3743,3.5427,0.1841,320.9605,3.5474237102438155,12.770725356877737,6.449399999999997,-6.119,-0.8856999999999999,-5.833600000000001,5.900453664761719,8.890271163468523,0,10_357_364_14915_ego_364,1,14915,14915,14917,vehicle_vehicle,0.24142282905353948,1.936079561311909,2.593298100002847,14.33918165098692,15.0,3.0,3.5,0.8,2.327770755465409,8.379974719675472
10,364,14979,110,56.3049,-49.4974,320.9605,2.1302,5.1039,2.6357,-2.3743,0.6608,-1.2059,3.5427,0.1841,1.2728,0.5204,car,364,56.3049,-49.4974,2.6357,-2.3743,3.5427,0.1841,320.9605,3.5474237102438155,12.770725356877737,0.0,0.0,0.0,0.0,0.0,0.0,1,10_357_364_14915_ego_364,1,14915,14915,14917,vehicle_vehicle,0.24142282905353948,1.936079561311909,2.593298100002847,14.33918165098692,15.0,3.0,3.5,0.8,2.327770755465409,8.379974719675472
10,357,14980,306,62.8255,-55.9456,282.3723,1.9451,4.0954,1.749,-8.2264,-0.1312,-0.4851,8.4101,0.0542,0.4457,0.2321,car,364,56.4102,-49.5946,2.6633,-2.4223,3.5954,0.184,320.6431,3.6000978014492886,12.960352085217439,6.415299999999995,-6.350999999999999,-0.9142999999999999,-5.8041,5.87567198710071,9.02725180162822,0,10_357_364_14915_ego_364,1,14915,14915,14917,vehicle_vehicle,0.24142282905353948,1.936079561311909,2.593298100002847,14.33918165098692,15.0,3.0,3.5,0.8,2.327770755465409,8.379974719675472
10,364,14980,111,56.4102,-49.5946,320.6431,2.1302,5.1039,2.6633,-2.4223,0.6595,-1.2114,3.5954,0.184,1.2782,0.5184,car,364,56.4102,-49.5946,2.6633,-2.4223,3.5954,0.184,320.6431,3.6000978014492886,12.960352085217439,0.0,0.0,0.0,0.0,0.0,0.0,1,10_357_364_14915_ego_364,1,14915,14915,14917,vehicle_vehicle,0.24142282905353948,1.936079561311909,2.593298100002847,14.33918165098692,15.0,3.0,3.5,0.8,2.327770755465409,8.379974719675472
10,357,14981,307,62.8968,-56.2755,282.4266,1.9451,4.0954,1.7433,-8.2442,-0.233,-0.4752,8.4262,0.0716,0.4139,0.3298,car,364,56.5164,-49.693,2.6912,-2.4703,3.6484,0.1834,320.329,3.653072614936637,13.151061413771894,6.380400000000002,-6.582500000000003,-0.9478999999999997,-5.773899999999999,5.851190957403458,9.167268426854319,0,10_357_364_14915_ego_364,1,14915,14915,14917,vehicle_vehicle,0.24142282905353948,1.936079561311909,2.593298100002847,14.33918165098692,15.0,3.0,3.5,0.8,2.327770755465409,8.379974719675472
10,364,14981,112,56.5164,-49.693,320.329,2.1302,5.1039,2.6912,-2.4703,0.6569,-1.2173,3.6484,0.1834,1.2827,0.5177,car,364,56.5164,-49.693,2.6912,-2.4703,3.6484,0.1834,320.329,3.653072614936637,13.151061413771894,0.0,0.0,0.0,0.0,0.0,0.0,1,10_357_364_14915_ego_364,1,14915,14915,14917,vehicle_vehicle,0.24142282905353948,1.936079561311909,2.593298100002847,14.33918165098692,15.0,3.0,3.5,0.8,2.327770755465409,8.379974719675472
10,357,14982,308,62.9677,-56.6062,282.4425,1.9451,4.0954,1.733,-8.2613,-0.3342,-0.467,8.4407,0.0877,0.384,0.4269,car,364,56.6242,-49.7922,2.7191,-2.5187,3.7019,0.1826,320.0157,3.706393732457468,13.343017436846884,6.343499999999999,-6.814,-0.9861,-5.7426,5.826649806707111,9.30970398294167,0,10_357_364_14915_ego_364,1,14915,14915,14917,vehicle_vehicle,0.24142282905353948,1.936079561311909,2.593298100002847,14.33918165098692,15.0,3.0,3.5,0.8,2.327770755465409,8.379974719675472
10,364,14982,113,56.6242,-49.7922,320.0157,2.1302,5.1039,2.7191,-2.5187,0.6527,-1.2236,3.7019,0.1826,1.2864,0.5182,car,364,56.6242,-49.7922,2.7191,-2.5187,3.7019,0.1826,320.0157,3.706393732457468,13.343017436846884,0.0,0.0,0.0,0.0,0.0,0.0,1,10_357_364_14915_ego_364,1,14915,14915,14917,vehicle_vehicle,0.24142282905353948,1.936079561311909,2.593298100002847,14.33918165098692,15.0,3.0,3.5,0.8,2.327770755465409,8.379974719675472
10,357,14983,309,63.0386,-56.938,282.4049,1.9451,4.0954,1.7179,-8.2778,-0.4339,-0.4608,8.4536,0.1004,0.3568,0.5228,car,364,56.7332,-49.8921,2.747,-2.5681,3.7561,0.1814,319.6926,3.760471594095613,13.537697738744207,6.305400000000006,-7.045900000000003,-1.0291,-5.7097,5.801699828498541,9.455304118324282,0,10_357_364_14915_ego_364,1,14915,14915,14917,vehicle_vehicle,0.24142282905353948,1.936079561311909,2.593298100002847,14.33918165098692,15.0,3.0,3.5,0.8,2.327770755465409,8.379974719675472
10,364,14983,114,56.7332,-49.8921,319.6926,2.1302,5.1039,2.747,-2.5681,0.6467,-1.2298,3.7561,0.1814,1.2887,0.5194,car,364,56.7332,-49.8921,2.747,-2.5681,3.7561,0.1814,319.6926,3.760471594095613,13.537697738744207,0.0,0.0,0.0,0.0,0.0,0.0,1,10_357_364_14915_ego_364,1,14915,14915,14917,vehicle_vehicle,0.24142282905353948,1.936079561311909,2.593298100002847,14.33918165098692,15.0,3.0,3.5,0.8,2.327770755465409,8.379974719675472
10,357,14984,310,63.1082,-57.2702,282.34,1.9451,4.0954,1.6984,-8.2937,-0.5317,-0.457,8.465,0.1133,0.3328,0.6171,car,364,56.8432,-49.9938,2.7747,-2.6186,3.8109,0.1814,319.3835,3.8152360411906363,13.73484974828629,6.2649999999999935,-7.276400000000002,-1.0763000000000003,-5.6751,5.7762601828518765,9.60188637508276,0,10_357_364_14915_ego_364,1,14915,14915,14917,vehicle_vehicle,0.24142282905353948,1.936079561311909,2.593298100002847,14.33918165098692,15.0,3.0,3.5,0.8,2.327770755465409,8.379974719675472
10,364,14984,115,56.8432,-49.9938,319.3835,2.1302,5.1039,2.7747,-2.6186,0.639,-1.2351,3.8109,0.1814,1.2891,0.5216,car,364,56.8432,-49.9938,2.7747,-2.6186,3.8109,0.1814,319.3835,3.8152360411906363,13.73484974828629,0.0,0.0,0.0,0.0,0.0,0.0,1,10_357_364_14915_ego_364,1,14915,14915,14917,vehicle_vehicle,0.24142282905353948,1.936079561311909,2.593298100002847,14.33918165098692,15.0,3.0,3.5,0.8,2.327770755465409,8.379974719675472
10,357,14985,311,63.1765,-57.603,282.2589,1.9451,4.0954,1.6746,-8.3092,-0.6272,-0.4559,8.4753,0.1279,0.3123,0.7097,car,364,56.955,-50.099,2.8021,-2.6695,3.8659,0.1815,319.0771,3.8701414263564065,13.932509134883064,6.221499999999999,-7.504000000000005,-1.1274999999999997,-5.6397,5.751301795246012,9.747670401177917,0,10_357_364_14915_ego_364,1,14915,14915,14917,vehicle_vehicle,0.24142282905353948,1.936079561311909,2.593298100002847,14.33918165098692,15.0,3.0,3.5,0.8,2.327770755465409,8.379974719675472
10,364,14985,116,56.955,-50.099,319.0771,2.1302,5.1039,2.8021,-2.6695,0.6294,-1.239,3.8659,0.1815,1.2872,0.5239,car,364,56.955,-50.099,2.8021,-2.6695,3.8659,0.1815,319.0771,3.8701414263564065,13.932509134883064,0.0,0.0,0.0,0.0,0.0,0.0,1,10_357_364_14915_ego_364,1,14915,14915,14917,vehicle_vehicle,0.24142282905353948,1.936079561311909,2.593298100002847,14.33918165098692,15.0,3.0,3.5,0.8,2.327770755465409,8.379974719675472
10,357,14986,312,63.2434,-57.936,282.1415,1.9451,4.0954,1.6468,-8.3245,-0.72,-0.4576,8.4847,0.1409,0.296,0.8002,car,364,57.0682,-50.2062,2.8289,-2.7208,3.9207,0.1826,318.7823,3.924974885269968,14.129909586971886,6.175200000000004,-7.729799999999997,-1.1821,-5.6037,5.727024890813729,9.893578881274461,0,10_357_364_14915_ego_364,1,14915,14915,14917,vehicle_vehicle,0.24142282905353948,1.936079561311909,2.593298100002847,14.33918165098692,15.0,3.0,3.5,0.8,2.327770755465409,8.379974719675472
10,364,14986,117,57.0682,-50.2062,318.7823,2.1302,5.1039,2.8289,-2.7208,0.6181,-1.2413,3.9207,0.1826,1.2829,0.5265,car,364,57.0682,-50.2062,2.8289,-2.7208,3.9207,0.1826,318.7823,3.924974885269968,14.129909586971886,0.0,0.0,0.0,0.0,0.0,0.0,1,10_357_364_14915_ego_364,1,14915,14915,14917,vehicle_vehicle,0.24142282905353948,1.936079561311909,2.593298100002847,14.33918165098692,15.0,3.0,3.5,0.8,2.327770755465409,8.379974719675472
10,357,14987,313,63.3089,-58.2699,281.9694,1.9451,4.0954,1.6152,-8.3397,-0.8101,-0.4624,8.4933,0.1495,0.2843,0.8884,car,364,57.1824,-50.315,2.8549,-2.7725,3.9754,0.1842,318.4921,3.9795992587194005,14.326557331389841,6.1265,-7.954900000000002,-1.2397000000000002,-5.567200000000001,5.703557830863119,10.040639235626386,0,10_357_364_14915_ego_364,1,14915,14915,14917,vehicle_vehicle,0.24142282905353948,1.936079561311909,2.593298100002847,14.33918165098692,15.0,3.0,3.5,0.8,2.327770755465409,8.379974719675472
10,364,14987,118,57.1824,-50.315,318.4921,2.1302,5.1039,2.8549,-2.7725,0.6053,-1.2417,3.9754,0.1842,1.2762,0.5287,car,364,57.1824,-50.315,2.8549,-2.7725,3.9754,0.1842,318.4921,3.9795992587194005,14.326557331389841,0.0,0.0,0.0,0.0,0.0,0.0,1,10_357_364_14915_ego_364,1,14915,14915,14917,vehicle_vehicle,0.24142282905353948,1.936079561311909,2.593298100002847,14.33918165098692,15.0,3.0,3.5,0.8,2.327770755465409,8.379974719675472
10,357,14988,314,63.3731,-58.6041,281.7619,1.9451,4.0954,1.58,-8.355,-0.8974,-0.4703,8.5016,0.1563,0.2775,0.9744,car,364,57.2978,-50.4263,2.8802,-2.8246,4.0297,0.1865,318.2077,4.034094346938356,14.522739648978082,6.075299999999999,-8.177800000000005,-1.3001999999999998,-5.5304,5.6811833450435305,10.187525849292362,0,10_357_364_14915_ego_364,1,14915,14915,14917,vehicle_vehicle,0.24142282905353948,1.936079561311909,2.593298100002847,14.33918165098692,15.0,3.0,3.5,0.8,2.327770755465409,8.379974719675472
10,364,14988,119,57.2978,-50.4263,318.2077,2.1302,5.1039,2.8802,-2.8246,0.5914,-1.2399,4.0297,0.1865,1.2672,0.5303,car,364,57.2978,-50.4263,2.8802,-2.8246,4.0297,0.1865,318.2077,4.034094346938356,14.522739648978082,0.0,0.0,0.0,0.0,0.0,0.0,1,10_357_364_14915_ego_364,1,14915,14915,14917,vehicle_vehicle,0.24142282905353948,1.936079561311909,2.593298100002847,14.33918165098692,15.0,3.0,3.5,0.8,2.327770755465409,8.379974719675472
10,357,14989,315,63.4357,-58.938,281.5385,1.9451,4.0954,1.5412,-8.3708,-0.9818,-0.4813,8.5099,0.1644,0.2752,1.0582,car,364,57.4123,-50.5391,2.9053,-2.877,4.0844,0.1884,317.9218,4.088752510240746,14.719509036866686,6.023399999999995,-8.398900000000005,-1.3641,-5.493799999999999,5.660618981171582,10.335514925246832,0,10_357_364_14915_ego_364,1,14915,14915,14917,vehicle_vehicle,0.24142282905353948,1.936079561311909,2.593298100002847,14.33918165098692,15.0,3.0,3.5,0.8,2.327770755465409,8.379974719675472
10,364,14989,120,57.4123,-50.5391,317.9218,2.1302,5.1039,2.9053,-2.877,0.5762,-1.2354,4.0844,0.1884,1.2556,0.5309,car,364,57.4123,-50.5391,2.9053,-2.877,4.0844,0.1884,317.9218,4.088752510240746,14.719509036866686,0.0,0.0,0.0,0.0,0.0,0.0,1,10_357_364_14915_ego_364,1,14915,14915,14917,vehicle_vehicle,0.24142282905353948,1.936079561311909,2.593298100002847,14.33918165098692,15.0,3.0,3.5,0.8,2.327770755465409,8.379974719675472
10,357,14990,316,63.4965,-59.2725,281.2634,1.9451,4.0954,1.499,-8.3874,-1.0633,-0.4951,8.5187,0.1681,0.2779,1.1395,car,364,57.5275,-50.655,2.9305,-2.9293,4.1392,0.1885,317.6195,4.143504403279909,14.916615851807673,5.968999999999994,-8.6175,-1.4314999999999998,-5.4581,5.642698632746569,10.482855872804887,0,10_357_364_14915_ego_364,1,14915,14915,14917,vehicle_vehicle,0.24142282905353948,1.936079561311909,2.593298100002847,14.33918165098692,15.0,3.0,3.5,0.8,2.327770755465409,8.379974719675472
10,364,14990,121,57.5275,-50.655,317.6195,2.1302,5.1039,2.9305,-2.9293,0.5591,-1.2281,4.1392,0.1885,1.2409,0.5303,car,364,57.5275,-50.655,2.9305,-2.9293,4.1392,0.1885,317.6195,4.143504403279909,14.916615851807673,0.0,0.0,0.0,0.0,0.0,0.0,1,10_357_364_14915_ego_364,1,14915,14915,14917,vehicle_vehicle,0.24142282905353948,1.936079561311909,2.593298100002847,14.33918165098692,15.0,3.0,3.5,0.8,2.327770755465409,8.379974719675472
