recordingId,trackId,frame,trackLifetime,xCenter,yCenter,heading,width,length,xVelocity,yVelocity,xAcceleration,yAcceleration,lonVelocity,latVelocity,lonAcceleration,latAcceleration,class,egoTrackId,ego_xCenter,ego_yCenter,ego_xVelocity,ego_yVelocity,ego_lonVelocity,ego_latVelocity,ego_heading,ego_speed_mps,ego_speed_kph,rel_x_to_ego,rel_y_to_ego,rel_vx_to_ego,rel_vy_to_ego,rel_speed_to_ego,distance_to_ego,is_ego,event_id,is_primary_actor,event_peak_frame,event_start_frame,event_end_frame,pair_type,risk_score_peak,event_min_ttc,event_min_dcpa,event_min_distance,dist_threshold_used,ttc_threshold_used,dcpa_threshold_used,min_rel_speed_threshold_used,ego_speed_mps_peak,ego_speed_kph_peak
21,191,7178,383,78.9604,-24.579,210.6974,2.0905,5.2067,-3.9485,-2.2461,-1.3223,-0.5386,4.5418,0.0844,1.412,0.212,car,191,78.9604,-24.579,-3.9485,-2.2461,4.5418,0.0844,210.6974,4.542644324619747,16.35351956863109,0.0,0.0,0.0,0.0,0.0,0.0,1,21_191_202_7253_ego_191,1,7253,7253,7258,vehicle_vehicle,0.2628129226082215,1.6506816842905385,2.5762106823970514,13.242154781228017,15.0,3.0,3.5,0.8,7.691489381127688,27.68936177205968
21,196,7178,305,72.7845,-30.8824,206.3755,1.8946,3.6036,-6.7157,-3.8856,0.4827,-3.2832,7.7428,-0.4976,1.0261,-3.1559,car,191,78.9604,-24.579,-3.9485,-2.2461,4.5418,0.0844,210.6974,4.542644324619747,16.35351956863109,-6.175900000000013,-6.3034,-2.7672,-1.6395,3.2164197627175466,8.824658201312964,0,21_191_202_7253_ego_191,0,7253,7253,7258,vehicle_vehicle,0.2628129226082215,1.6506816842905385,2.5762106823970514,13.242154781228017,15.0,3.0,3.5,0.8,7.691489381127688,27.68936177205968
21,200,7178,149,82.7906,-27.8476,207.7365,2.057,4.5261,-5.8669,-2.7305,-1.7132,0.2382,6.4636,0.3137,1.4055,1.0082,car,191,78.9604,-24.579,-3.9485,-2.2461,4.5418,0.0844,210.6974,4.542644324619747,16.35351956863109,3.8301999999999907,-3.2685999999999993,-1.9184,-0.48439999999999994,1.9786111088336686,5.035293238729987,0,21_191_202_7253_ego_191,0,7253,7253,7258,vehicle_vehicle,0.2628129226082215,1.6506816842905385,2.5762106823970514,13.242154781228017,15.0,3.0,3.5,0.8,7.691489381127688,27.68936177205968
21,202,7178,114,52.1645,-46.0287,338.2846,2.1047,4.8561,0.2258,-0.0981,0.0508,-0.0529,0.2461,0.0076,0.0667,0.0304,car,191,78.9604,-24.579,-3.9485,-2.2461,4.5418,0.0844,210.6974,4.542644324619747,16.35351956863109,-26.79590000000001,-21.4497,4.174300000000001,2.148,4.69453772910603,34.32360538900307,0,21_191_202_7253_ego_191,1,7253,7253,7258,vehicle_vehicle,0.2628129226082215,1.6506816842905385,2.5762106823970514,13.242154781228017,15.0,3.0,3.5,0.8,7.691489381127688,27.68936177205968
21,203,7178,39,45.8486,-43.4934,342.692,2.0912,4.8595,0.9378,-0.3148,-0.449,0.1478,0.989,0.0215,-0.4726,-0.0075,car,191,78.9604,-24.579,-3.9485,-2.2461,4.5418,0.0844,210.6974,4.542644324619747,16.35351956863109,-33.11180000000001,-18.9144,4.8863,1.9313000000000002,5.254126700033033,38.13326404335197,0,21_191_202_7253_ego_191,0,7253,7253,7258,vehicle_vehicle,0.2628129226082215,1.6506816842905385,2.5762106823970514,13.242154781228017,15.0,3.0,3.5,0.8,7.691489381127688,27.68936177205968
21,191,7179,384,78.801,-24.6698,210.5755,2.0905,5.2067,-4.0005,-2.2652,-1.3197,-0.5453,4.5965,0.0847,1.4136,0.2019,car,191,78.801,-24.6698,-4.0005,-2.2652,4.5965,0.0847,210.5755,4.597296084656719,16.55026590476419,0.0,0.0,0.0,0.0,0.0,0.0,1,21_191_202_7253_ego_191,1,7253,7253,7258,vehicle_vehicle,0.2628129226082215,1.6506816842905385,2.5762106823970514,13.242154781228017,15.0,3.0,3.5,0.8,7.691489381127688,27.68936177205968
21,196,7179,306,72.5165,-31.0414,207.2925,1.8946,3.6036,-6.6996,-4.0181,0.546,-3.2726,7.7962,-0.4988,1.0153,-3.1586,car,191,78.801,-24.6698,-4.0005,-2.2652,4.5965,0.0847,210.5755,4.597296084656719,16.55026590476419,-6.284500000000008,-6.371600000000001,-2.6991000000000005,-1.7528999999999995,3.2183534951897377,8.949426060368348,0,21_191_202_7253_ego_191,0,7253,7253,7258,vehicle_vehicle,0.2628129226082215,1.6506816842905385,2.5762106823970514,13.242154781228017,15.0,3.0,3.5,0.8,7.691489381127688,27.68936177205968
21,200,7179,150,82.5495,-27.9565,207.08,2.057,4.5261,-5.9366,-2.7158,-1.5837,0.2235,6.5221,0.2845,1.3083,0.92,car,191,78.801,-24.6698,-4.0005,-2.2652,4.5965,0.0847,210.5755,4.597296084656719,16.55026590476419,3.748499999999993,-3.2866999999999997,-1.9361000000000006,-0.4506000000000001,1.9878439501127856,4.985343432502915,0,21_191_202_7253_ego_191,0,7253,7253,7258,vehicle_vehicle,0.2628129226082215,1.6506816842905385,2.5762106823970514,13.242154781228017,15.0,3.0,3.5,0.8,7.691489381127688,27.68936177205968
21,202,7179,115,52.1735,-46.0327,338.2865,2.1047,4.8561,0.2288,-0.1011,0.0656,-0.0578,0.2499,0.0093,0.0824,0.0294,car,191,78.801,-24.6698,-4.0005,-2.2652,4.5965,0.0847,210.5755,4.597296084656719,16.55026590476419,-26.627500000000005,-21.3629,4.229299999999999,2.1641,4.75082174997126,34.13791517740942,0,21_191_202_7253_ego_191,1,7253,7253,7258,vehicle_vehicle,0.2628129226082215,1.6506816842905385,2.5762106823970514,13.242154781228017,15.0,3.0,3.5,0.8,7.691489381127688,27.68936177205968
21,203,7179,40,45.8856,-43.5069,342.6872,2.0912,4.8595,0.9225,-0.3091,-0.4141,0.1403,0.9727,0.0206,-0.4371,-0.0107,car,191,78.801,-24.6698,-4.0005,-2.2652,4.5965,0.0847,210.5755,4.597296084656719,16.55026590476419,-32.915400000000005,-18.837100000000003,4.923,1.9561000000000002,5.2973820147314274,37.92439707589298,0,21_191_202_7253_ego_191,0,7253,7253,7258,vehicle_vehicle,0.2628129226082215,1.6506816842905385,2.5762106823970514,13.242154781228017,15.0,3.0,3.5,0.8,7.691489381127688,27.68936177205968
21,191,7180,385,78.6395,-24.7614,210.4515,2.0905,5.2067,-4.0522,-2.2844,-1.3181,-0.5545,4.651,0.0844,1.4173,0.19,car,191,78.6395,-24.7614,-4.0522,-2.2844,4.651,0.0844,210.4515,4.651753239371152,16.746311661736147,0.0,0.0,0.0,0.0,0.0,0.0,1,21_191_202_7253_ego_191,1,7253,7253,7258,vehicle_vehicle,0.2628129226082215,1.6506816842905385,2.5762106823970514,13.242154781228017,15.0,3.0,3.5,0.8,7.691489381127688,27.68936177205968
21,196,7180,307,72.2489,-31.2058,208.1961,1.8946,3.6036,-6.6809,-4.1497,0.6126,-3.2609,7.8488,-0.5006,1.0009,-3.1634,car,191,78.6395,-24.7614,-4.0522,-2.2844,4.651,0.0844,210.4515,4.651753239371152,16.746311661736147,-6.390599999999992,-6.444400000000002,-2.6287000000000003,-1.8653,3.2232604269590133,9.075795266531738,0,21_191_202_7253_ego_191,0,7253,7253,7258,vehicle_vehicle,0.2628129226082215,1.6506816842905385,2.5762106823970514,13.242154781228017,15.0,3.0,3.5,0.8,7.691489381127688,27.68936177205968
21,200,7180,151,82.3061,-28.0647,206.4445,2.057,4.5261,-5.9992,-2.7017,-1.454,0.2036,6.5746,0.2526,1.2111,0.8298,car,191,78.6395,-24.7614,-4.0522,-2.2844,4.651,0.0844,210.4515,4.651753239371152,16.746311661736147,3.6666000000000025,-3.3033,-1.947,-0.4173,1.9912177906999526,4.9351541465287605,0,21_191_202_7253_ego_191,0,7253,7253,7258,vehicle_vehicle,0.2628129226082215,1.6506816842905385,2.5762106823970514,13.242154781228017,15.0,3.0,3.5,0.8,7.691489381127688,27.68936177205968
21,202,7180,116,52.1827,-46.0368,338.305,2.1047,4.8561,0.2324,-0.1042,0.0796,-0.0618,0.2544,0.011,0.0968,0.028,car,191,78.6395,-24.7614,-4.0522,-2.2844,4.651,0.0844,210.4515,4.651753239371152,16.746311661736147,-26.4568,-21.2754,4.2846,2.1802,4.8073973415976345,33.950035513972594,0,21_191_202_7253_ego_191,1,7253,7253,7258,vehicle_vehicle,0.2628129226082215,1.6506816842905385,2.5762106823970514,13.242154781228017,15.0,3.0,3.5,0.8,7.691489381127688,27.68936177205968
21,203,7180,41,45.922,-43.5204,342.6726,2.0912,4.8595,0.9087,-0.3032,-0.3819,0.1327,0.9578,0.0188,-0.4041,-0.0129,car,191,78.6395,-24.7614,-4.0522,-2.2844,4.651,0.0844,210.4515,4.651753239371152,16.746311661736147,-32.7175,-18.759000000000004,4.9609,1.9812000000000003,5.341880029540162,37.713855375047515,0,21_191_202_7253_ego_191,0,7253,7253,7258,vehicle_vehicle,0.2628129226082215,1.6506816842905385,2.5762106823970514,13.242154781228017,15.0,3.0,3.5,0.8,7.691489381127688,27.68936177205968
21,191,7181,386,78.4763,-24.8531,210.3239,2.0905,5.2067,-4.1038,-2.3041,-1.3175,-0.5662,4.7057,0.0831,1.4232,0.1764,car,191,78.4763,-24.8531,-4.1038,-2.3041,4.7057,0.0831,210.3239,4.706384095035168,16.942982742126606,0.0,0.0,0.0,0.0,0.0,0.0,1,21_191_202_7253_ego_191,1,7253,7253,7258,vehicle_vehicle,0.2628129226082215,1.6506816842905385,2.5762106823970514,13.242154781228017,15.0,3.0,3.5,0.8,7.691489381127688,27.68936177205968
21,196,7181,308,71.9826,-31.3755,209.0969,1.8946,3.6036,-6.6597,-4.2805,0.6823,-3.2488,7.9008,-0.5017,0.9836,-3.1706,car,191,78.4763,-24.8531,-4.1038,-2.3041,4.7057,0.0831,210.3239,4.706384095035168,16.942982742126606,-6.49369999999999,-6.5223999999999975,-2.5559000000000003,-1.9764,3.2309103624210938,9.203794948280835,0,21_191_202_7253_ego_191,0,7253,7253,7258,vehicle_vehicle,0.2628129226082215,1.6506816842905385,2.5762106823970514,13.242154781228017,15.0,3.0,3.5,0.8,7.691489381127688,27.68936177205968
21,200,7181,152,82.0611,-28.1721,205.8411,2.057,4.5261,-6.0551,-2.6886,-1.3257,0.1787,6.6215,0.2195,1.1153,0.7387,car,191,78.4763,-24.8531,-4.1038,-2.3041,4.7057,0.0831,210.3239,4.706384095035168,16.942982742126606,3.5848000000000013,-3.318999999999999,-1.9513000000000007,-0.38450000000000006,1.9888217466630846,4.885340524467051,0,21_191_202_7253_ego_191,0,7253,7253,7258,vehicle_vehicle,0.2628129226082215,1.6506816842905385,2.5762106823970514,13.242154781228017,15.0,3.0,3.5,0.8,7.691489381127688,27.68936177205968
21,202,7181,117,52.1918,-46.0408,338.3228,2.1047,4.8561,0.2366,-0.1076,0.0925,-0.0649,0.2596,0.0126,0.1099,0.0262,car,191,78.4763,-24.8531,-4.1038,-2.3041,4.7057,0.0831,210.3239,4.706384095035168,16.942982742126606,-26.284499999999994,-21.187699999999996,4.3404,2.1965,4.864533318829258,33.76082895220435,0,21_191_202_7253_ego_191,1,7253,7253,7258,vehicle_vehicle,0.2628129226082215,1.6506816842905385,2.5762106823970514,13.242154781228017,15.0,3.0,3.5,0.8,7.691489381127688,27.68936177205968
21,203,7181,42,45.9575,-43.5326,342.6469,2.0912,4.8595,0.8964,-0.2976,-0.3525,0.1248,0.9444,0.0167,-0.3737,-0.014,car,191,78.4763,-24.8531,-4.1038,-2.3041,4.7057,0.0831,210.3239,4.706384095035168,16.942982742126606,-32.51879999999999,-18.6795,5.0001999999999995,2.0065,5.387767839281866,37.50194759862479,0,21_191_202_7253_ego_191,0,7253,7253,7258,vehicle_vehicle,0.2628129226082215,1.6506816842905385,2.5762106823970514,13.242154781228017,15.0,3.0,3.5,0.8,7.691489381127688,27.68936177205968
21,191,7182,387,78.3118,-24.9448,210.2,2.0905,5.2067,-4.1557,-2.3245,-1.3179,-0.5804,4.7609,0.0814,1.431,0.1613,car,191,78.3118,-24.9448,-4.1557,-2.3245,4.7609,0.0814,210.2,4.761632360861137,17.141876499100093,0.0,0.0,0.0,0.0,0.0,0.0,1,21_191_202_7253_ego_191,1,7253,7253,7258,vehicle_vehicle,0.2628129226082215,1.6506816842905385,2.5762106823970514,13.242154781228017,15.0,3.0,3.5,0.8,7.691489381127688,27.68936177205968
21,196,7182,309,71.7167,-31.5494,209.9787,1.8946,3.6036,-6.6357,-4.4107,0.7554,-3.2363,7.9519,-0.5049,0.9628,-3.1808,car,191,78.3118,-24.9448,-4.1557,-2.3245,4.7609,0.0814,210.2,4.761632360861137,17.141876499100093,-6.595100000000002,-6.604599999999998,-2.4799999999999995,-2.0862000000000003,3.2407762094905594,9.333599796970084,0,21_191_202_7253_ego_191,0,7253,7253,7258,vehicle_vehicle,0.2628129226082215,1.6506816842905385,2.5762106823970514,13.242154781228017,15.0,3.0,3.5,0.8,7.691489381127688,27.68936177205968
21,200,7182,153,81.8148,-28.2781,205.2939,2.057,4.5261,-6.1046,-2.6771,-1.2004,0.1492,6.6632,0.1878,1.0216,0.6478,car,191,78.3118,-24.9448,-4.1557,-2.3245,4.7609,0.0814,210.2,4.761632360861137,17.141876499100093,3.503,-3.3332999999999977,-1.9488999999999992,-0.3525999999999998,1.980539817827452,4.835483211634592,0,21_191_202_7253_ego_191,0,7253,7253,7258,vehicle_vehicle,0.2628129226082215,1.6506816842905385,2.5762106823970514,13.242154781228017,15.0,3.0,3.5,0.8,7.691489381127688,27.68936177205968
21,202,7182,118,52.2011,-46.0451,338.3376,2.1047,4.8561,0.2414,-0.1112,0.1043,-0.0671,0.2654,0.0142,0.1217,0.0239,car,191,78.3118,-24.9448,-4.1557,-2.3245,4.7609,0.0814,210.2,4.761632360861137,17.141876499100093,-26.11070000000001,-21.100299999999997,4.3971,2.2133,4.922721330727548,33.570691303278224,0,21_191_202_7253_ego_191,1,7253,7253,7258,vehicle_vehicle,0.2628129226082215,1.6506816842905385,2.5762106823970514,13.242154781228017,15.0,3.0,3.5,0.8,7.691489381127688,27.68936177205968
21,203,7182,43,45.993,-43.544,342.6152,2.0912,4.8595,0.8853,-0.2924,-0.3262,0.1167,0.9322,0.0145,-0.3462,-0.0139,car,191,78.3118,-24.9448,-4.1557,-2.3245,4.7609,0.0814,210.2,4.761632360861137,17.141876499100093,-32.3188,-18.599199999999996,5.041,2.0321,5.435173540007716,37.288538105964946,0,21_191_202_7253_ego_191,0,7253,7253,7258,vehicle_vehicle,0.2628129226082215,1.6506816842905385,2.5762106823970514,13.242154781228017,15.0,3.0,3.5,0.8,7.691489381127688,27.68936177205968
21,191,7183,388,78.145,-25.0377,210.089,2.0905,5.2067,-4.2078,-2.3458,-1.319,-0.5966,4.8168,0.0799,1.4404,0.1451,car,191,78.145,-25.0377,-4.2078,-2.3458,4.8168,0.0799,210.089,4.817505420858393,17.343019515090216,0.0,0.0,0.0,0.0,0.0,0.0,1,21_191_202_7253_ego_191,1,7253,7253,7258,vehicle_vehicle,0.2628129226082215,1.6506816842905385,2.5762106823970514,13.242154781228017,15.0,3.0,3.5,0.8,7.691489381127688,27.68936177205968
21,196,7183,310,71.4518,-31.7289,210.8524,1.8946,3.6036,-6.6088,-4.5402,0.8317,-3.2237,8.0019,-0.5086,0.9392,-3.194,car,191,78.145,-25.0377,-4.2078,-2.3458,4.8168,0.0799,210.089,4.817505420858393,17.343019515090216,-6.69319999999999,-6.6911999999999985,-2.401,-2.1943999999999995,3.2527207626846786,9.464200107774552,0,21_191_202_7253_ego_191,0,7253,7253,7258,vehicle_vehicle,0.2628129226082215,1.6506816842905385,2.5762106823970514,13.242154781228017,15.0,3.0,3.5,0.8,7.691489381127688,27.68936177205968
21,200,7183,154,81.5671,-28.3843,204.8051,2.057,4.5261,-6.1481,-2.6671,-1.0791,0.1154,6.6998,0.1583,0.9311,0.5575,car,191,78.145,-25.0377,-4.2078,-2.3458,4.8168,0.0799,210.089,4.817505420858393,17.343019515090216,3.4221000000000004,-3.3465999999999987,-1.9403000000000006,-0.3212999999999999,1.9667225986396766,4.786491404985492,0,21_191_202_7253_ego_191,0,7253,7253,7258,vehicle_vehicle,0.2628129226082215,1.6506816842905385,2.5762106823970514,13.242154781228017,15.0,3.0,3.5,0.8,7.691489381127688,27.68936177205968
21,202,7183,119,52.2103,-46.0494,338.3556,2.1047,4.8561,0.247,-0.1149,0.1149,-0.0683,0.2719,0.0157,0.132,0.0211,car,191,78.145,-25.0377,-4.2078,-2.3458,4.8168,0.0799,210.089,4.817505420858393,17.343019515090216,-25.9347,-21.011699999999998,4.4548,2.2309,4.982184044171793,33.378139567387514,0,21_191_202_7253_ego_191,1,7253,7253,7258,vehicle_vehicle,0.2628129226082215,1.6506816842905385,2.5762106823970514,13.242154781228017,15.0,3.0,3.5,0.8,7.691489381127688,27.68936177205968
21,203,7183,44,46.0278,-43.5547,342.5939,2.0912,4.8595,0.8754,-0.2879,-0.3029,0.1086,0.9214,0.0129,-0.3215,-0.013,car,191,78.145,-25.0377,-4.2078,-2.3458,4.8168,0.0799,210.089,4.817505420858393,17.343019515090216,-32.1172,-18.516999999999996,5.0832,2.0579,5.4839652305608215,37.07281787024018,0,21_191_202_7253_ego_191,0,7253,7253,7258,vehicle_vehicle,0.2628129226082215,1.6506816842905385,2.5762106823970514,13.242154781228017,15.0,3.0,3.5,0.8,7.691489381127688,27.68936177205968
21,191,7184,389,77.976,-25.1314,209.9742,2.0905,5.2067,-4.2601,-2.3679,-1.3207,-0.6147,4.8733,0.0772,1.4512,0.1273,car,191,77.976,-25.1314,-4.2601,-2.3679,4.8733,0.0772,209.9742,4.8739514174845855,17.546225102944508,0.0,0.0,0.0,0.0,0.0,0.0,1,21_191_202_7253_ego_191,1,7253,7253,7258,vehicle_vehicle,0.2628129226082215,1.6506816842905385,2.5762106823970514,13.242154781228017,15.0,3.0,3.5,0.8,7.691489381127688,27.68936177205968
21,196,7184,311,71.1881,-31.9131,211.7188,1.8946,3.6036,-6.5788,-4.6692,0.9113,-3.211,8.051,-0.513,0.913,-3.2105,car,191,77.976,-25.1314,-4.2601,-2.3679,4.8733,0.0772,209.9742,4.8739514174845855,17.546225102944508,-6.787899999999993,-6.781700000000001,-2.3186999999999998,-2.3013,3.266856498225779,9.595157179535931,0,21_191_202_7253_ego_191,0,7253,7253,7258,vehicle_vehicle,0.2628129226082215,1.6506816842905385,2.5762106823970514,13.242154781228017,15.0,3.0,3.5,0.8,7.691489381127688,27.68936177205968
21,200,7184,155,81.318,-28.4898,204.3725,2.057,4.5261,-6.1858,-2.6588,-0.9627,0.0778,6.7318,0.1308,0.8448,0.4681,car,191,77.976,-25.1314,-4.2601,-2.3679,4.8733,0.0772,209.9742,4.8739514174845855,17.546225102944508,3.3419999999999987,-3.3583999999999996,-1.9257,-0.2908999999999997,1.9475480225144641,4.737912468587826,0,21_191_202_7253_ego_191,0,7253,7253,7258,vehicle_vehicle,0.2628129226082215,1.6506816842905385,2.5762106823970514,13.242154781228017,15.0,3.0,3.5,0.8,7.691489381127688,27.68936177205968
21,202,7184,120,52.2197,-46.0539,338.3598,2.1047,4.8561,0.2532,-0.1187,0.124,-0.0685,0.2791,0.017,0.1405,0.0179,car,191,77.976,-25.1314,-4.2601,-2.3679,4.8733,0.0772,209.9742,4.8739514174845855,17.546225102944508,-25.756299999999996,-20.9225,4.5133,2.2492,5.04269546274609,33.183399403014754,0,21_191_202_7253_ego_191,1,7253,7253,7258,vehicle_vehicle,0.2628129226082215,1.6506816842905385,2.5762106823970514,13.242154781228017,15.0,3.0,3.5,0.8,7.691489381127688,27.68936177205968
21,203,7184,45,46.0629,-43.5649,342.5618,2.0912,4.8595,0.8663,-0.2843,-0.2827,0.1009,0.9117,0.0116,-0.3,-0.0115,car,191,77.976,-25.1314,-4.2601,-2.3679,4.8733,0.0772,209.9742,4.8739514174845855,17.546225102944508,-31.9131,-18.433500000000002,5.1264,2.0836,5.533657553553526,36.854306042306646,0,21_191_202_7253_ego_191,0,7253,7253,7258,vehicle_vehicle,0.2628129226082215,1.6506816842905385,2.5762106823970514,13.242154781228017,15.0,3.0,3.5,0.8,7.691489381127688,27.68936177205968
21,191,7185,390,77.8051,-25.2262,209.8638,2.0905,5.2067,-4.3127,-2.3909,-1.3227,-0.6345,4.9305,0.074,1.463,0.1084,car,191,77.8051,-25.2262,-4.3127,-2.3909,4.9305,0.074,209.8638,4.931103740543287,17.751973465955835,0.0,0.0,0.0,0.0,0.0,0.0,1,21_191_202_7253_ego_191,1,7253,7253,7258,vehicle_vehicle,0.2628129226082215,1.6506816842905385,2.5762106823970514,13.242154781228017,15.0,3.0,3.5,0.8,7.691489381127688,27.68936177205968
21,196,7185,312,70.9249,-32.1018,212.5857,1.8946,3.6036,-6.5452,-4.798,0.994,-3.1982,8.0989,-0.5177,0.8849,-3.2301,car,191,77.8051,-25.2262,-4.3127,-2.3909,4.9305,0.074,209.8638,4.931103740543287,17.751973465955835,-6.880200000000002,-6.875599999999999,-2.2325,-2.4071000000000002,3.2830148735575357,9.726820004503013,0,21_191_202_7253_ego_191,0,7253,7253,7258,vehicle_vehicle,0.2628129226082215,1.6506816842905385,2.5762106823970514,13.242154781228017,15.0,3.0,3.5,0.8,7.691489381127688,27.68936177205968
21,200,7185,156,81.0683,-28.5954,204.0061,2.057,4.5261,-6.2183,-2.6524,-0.8521,0.0367,6.7595,0.1068,0.7635,0.3802,car,191,77.8051,-25.2262,-4.3127,-2.3909,4.9305,0.074,209.8638,4.931103740543287,17.751973465955835,3.2631999999999977,-3.369200000000003,-1.9055999999999997,-0.2615000000000003,1.923458762230165,4.690413934824943,0,21_191_202_7253_ego_191,0,7253,7253,7258,vehicle_vehicle,0.2628129226082215,1.6506816842905385,2.5762106823970514,13.242154781228017,15.0,3.0,3.5,0.8,7.691489381127688,27.68936177205968
21,202,7185,121,52.2292,-46.0593,338.3583,2.1047,4.8561,0.26,-0.1223,0.1314,-0.0676,0.2868,0.0178,0.147,0.0144,car,191,77.8051,-25.2262,-4.3127,-2.3909,4.9305,0.074,209.8638,4.931103740543287,17.751973465955835,-25.575899999999997,-20.8331,4.5727,2.2685999999999997,5.104520667996163,32.987038612461106,0,21_191_202_7253_ego_191,1,7253,7253,7258,vehicle_vehicle,0.2628129226082215,1.6506816842905385,2.5762106823970514,13.242154781228017,15.0,3.0,3.5,0.8,7.691489381127688,27.68936177205968
21,203,7185,46,46.0974,-43.5755,342.53,2.0912,4.8595,0.858,-0.2812,-0.2655,0.0941,0.9028,0.0106,-0.2815,-0.01,car,191,77.8051,-25.2262,-4.3127,-2.3909,4.9305,0.074,209.8638,4.931103740543287,17.751973465955835,-31.707699999999996,-18.3493,5.1707,2.1096999999999997,5.58452975459886,36.63434249143827,0,21_191_202_7253_ego_191,0,7253,7253,7258,vehicle_vehicle,0.2628129226082215,1.6506816842905385,2.5762106823970514,13.242154781228017,15.0,3.0,3.5,0.8,7.691489381127688,27.68936177205968
21,191,7186,391,77.6321,-25.3221,209.7601,2.0905,5.2067,-4.3656,-2.4148,-1.3248,-0.6557,4.9884,0.0706,1.4756,0.0884,car,191,77.6321,-25.3221,-4.3656,-2.4148,4.9884,0.0706,209.7601,4.988960051954716,17.960256187036975,0.0,0.0,0.0,0.0,0.0,0.0,1,21_191_202_7253_ego_191,1,7253,7253,7258,vehicle_vehicle,0.2628129226082215,1.6506816842905385,2.5762106823970514,13.242154781228017,15.0,3.0,3.5,0.8,7.691489381127688,27.68936177205968
21,196,7186,313,70.663,-32.2957,213.432,1.8946,3.6036,-6.5081,-4.9265,1.0795,-3.1849,8.1455,-0.5257,0.8538,-3.2526,car,191,77.6321,-25.3221,-4.3656,-2.4148,4.9884,0.0706,209.7601,4.988960051954716,17.960256187036975,-6.969099999999997,-6.973599999999998,-2.1425,-2.5117,3.3013547431319767,9.858978231541032,0,21_191_202_7253_ego_191,0,7253,7253,7258,vehicle_vehicle,0.2628129226082215,1.6506816842905385,2.5762106823970514,13.242154781228017,15.0,3.0,3.5,0.8,7.691489381127688,27.68936177205968
21,200,7186,157,80.8176,-28.7006,203.6955,2.057,4.5261,-6.2458,-2.6479,-0.7478,-0.0076,6.7834,0.0854,0.6878,0.2936,car,191,77.6321,-25.3221,-4.3656,-2.4148,4.9884,0.0706,209.7601,4.988960051954716,17.960256187036975,3.1855000000000047,-3.3785000000000025,-1.8802000000000003,-0.23309999999999986,1.894594323331515,4.643454802192011,0,21_191_202_7253_ego_191,0,7253,7253,7258,vehicle_vehicle,0.2628129226082215,1.6506816842905385,2.5762106823970514,13.242154781228017,15.0,3.0,3.5,0.8,7.691489381127688,27.68936177205968
21,202,7186,122,52.2389,-46.0644,338.3559,2.1047,4.8561,0.2675,-0.1258,0.1367,-0.066,0.295,0.0183,0.1514,0.0109,car,191,77.6321,-25.3221,-4.3656,-2.4148,4.9884,0.0706,209.7601,4.988960051954716,17.960256187036975,-25.393199999999993,-20.7423,4.6331,2.289,5.167701288774342,32.788071238332996,0,21_191_202_7253_ego_191,1,7253,7253,7258,vehicle_vehicle,0.2628129226082215,1.6506816842905385,2.5762106823970514,13.242154781228017,15.0,3.0,3.5,0.8,7.691489381127688,27.68936177205968
21,203,7186,47,46.1316,-43.5864,342.4939,2.0912,4.8595,0.8503,-0.2785,-0.2513,0.0882,0.8947,0.0098,-0.2662,-0.0086,car,191,77.6321,-25.3221,-4.3656,-2.4148,4.9884,0.0706,209.7601,4.988960051954716,17.960256187036975,-31.500499999999995,-18.2643,5.2158999999999995,2.1363,5.636434200804618,36.41244505303097,0,21_191_202_7253_ego_191,0,7253,7253,7258,vehicle_vehicle,0.2628129226082215,1.6506816842905385,2.5762106823970514,13.242154781228017,15.0,3.0,3.5,0.8,7.691489381127688,27.68936177205968
21,191,7187,392,77.4571,-25.4189,209.6534,2.0905,5.2067,-4.4188,-2.4396,-1.3269,-0.6784,5.0471,0.0661,1.4887,0.0669,car,191,77.4571,-25.4189,-4.4188,-2.4396,5.0471,0.0661,209.6534,5.047518360541148,18.171066097948135,0.0,0.0,0.0,0.0,0.0,0.0,1,21_191_202_7253_ego_191,1,7253,7253,7258,vehicle_vehicle,0.2628129226082215,1.6506816842905385,2.5762106823970514,13.242154781228017,15.0,3.0,3.5,0.8,7.691489381127688,27.68936177205968
21,196,7187,314,70.4027,-32.4942,214.2771,1.8946,3.6036,-6.4672,-5.0549,1.1674,-3.1708,8.1909,-0.5347,0.8211,-3.2775,car,191,77.4571,-25.4189,-4.4188,-2.4396,5.0471,0.0661,209.6534,5.047518360541148,18.171066097948135,-7.054400000000001,-7.075299999999999,-2.0484,-2.6153,3.322007924433655,9.991217615986551,0,21_191_202_7253_ego_191,0,7253,7253,7258,vehicle_vehicle,0.2628129226082215,1.6506816842905385,2.5762106823970514,13.242154781228017,15.0,3.0,3.5,0.8,7.691489381127688,27.68936177205968
21,200,7187,158,80.5661,-28.8058,203.4194,2.057,4.5261,-6.2688,-2.6455,-0.6502,-0.0547,6.8038,0.064,0.6184,0.2083,car,191,77.4571,-25.4189,-4.4188,-2.4396,5.0471,0.0661,209.6534,5.047518360541148,18.171066097948135,3.109000000000009,-3.3869000000000007,-1.8499999999999996,-0.2059000000000002,1.8614227918449904,4.597496341488491,0,21_191_202_7253_ego_191,0,7253,7253,7258,vehicle_vehicle,0.2628129226082215,1.6506816842905385,2.5762106823970514,13.242154781228017,15.0,3.0,3.5,0.8,7.691489381127688,27.68936177205968
21,202,7187,123,52.2489,-46.0694,338.3535,2.1047,4.8561,0.2755,-0.1293,0.1396,-0.0635,0.3037,0.0186,0.1532,0.0075,car,191,77.4571,-25.4189,-4.4188,-2.4396,5.0471,0.0661,209.6534,5.047518360541148,18.171066097948135,-25.208199999999998,-20.6505,4.6943,2.3103,5.232010949912089,32.58675340517984,0,21_191_202_7253_ego_191,1,7253,7253,7258,vehicle_vehicle,0.2628129226082215,1.6506816842905385,2.5762106823970514,13.242154781228017,15.0,3.0,3.5,0.8,7.691489381127688,27.68936177205968
21,203,7187,48,46.1655,-43.5978,342.4649,2.0912,4.8595,0.8431,-0.2759,-0.2399,0.0834,0.8871,0.0091,-0.2539,-0.0072,car,191,77.4571,-25.4189,-4.4188,-2.4396,5.0471,0.0661,209.6534,5.047518360541148,18.171066097948135,-31.291599999999995,-18.1789,5.2619,2.1637,5.689392700455823,36.188902107828575,0,21_191_202_7253_ego_191,0,7253,7253,7258,vehicle_vehicle,0.2628129226082215,1.6506816842905385,2.5762106823970514,13.242154781228017,15.0,3.0,3.5,0.8,7.691489381127688,27.68936177205968
21,191,7188,393,77.2805,-25.5167,209.5479,2.0905,5.2067,-4.4726,-2.4656,-1.3284,-0.7024,5.1068,0.0608,1.502,0.044,car,191,77.2805,-25.5167,-4.4726,-2.4656,5.1068,0.0608,209.5479,5.107184559030542,18.385864412509953,0.0,0.0,0.0,0.0,0.0,0.0,1,21_191_202_7253_ego_191,1,7253,7253,7258,vehicle_vehicle,0.2628129226082215,1.6506816842905385,2.5762106823970514,13.242154781228017,15.0,3.0,3.5,0.8,7.691489381127688,27.68936177205968
21,196,7188,315,70.1447,-32.6987,215.0968,1.8946,3.6036,-6.4226,-5.1828,1.2575,-3.1556,8.2348,-0.5477,0.7855,-3.3049,car,191,77.2805,-25.5167,-4.4726,-2.4656,5.1068,0.0608,209.5479,5.107184559030542,18.385864412509953,-7.135800000000003,-7.182000000000002,-1.9500000000000002,-2.7172000000000005,3.3444993407085617,10.124266177852105,0,21_191_202_7253_ego_191,0,7253,7253,7258,vehicle_vehicle,0.2628129226082215,1.6506816842905385,2.5762106823970514,13.242154781228017,15.0,3.0,3.5,0.8,7.691489381127688,27.68936177205968
21,200,7188,159,80.3139,-28.9113,203.1923,2.057,4.5261,-6.2874,-2.6451,-0.5599,-0.1044,6.821,0.0447,0.5557,0.1245,car,191,77.2805,-25.5167,-4.4726,-2.4656,5.1068,0.0608,209.5479,5.107184559030542,18.385864412509953,3.0334000000000003,-3.3946000000000005,-1.8148,-0.1795,1.8236554745894302,4.55245260491529,0,21_191_202_7253_ego_191,0,7253,7253,7258,vehicle_vehicle,0.2628129226082215,1.6506816842905385,2.5762106823970514,13.242154781228017,15.0,3.0,3.5,0.8,7.691489381127688,27.68936177205968
21,202,7188,124,52.2597,-46.0744,338.3401,2.1047,4.8561,0.2837,-0.1328,0.1399,-0.0601,0.3127,0.0187,0.1522,0.0042,car,191,77.2805,-25.5167,-4.4726,-2.4656,5.1068,0.0608,209.5479,5.107184559030542,18.385864412509953,-25.0208,-20.557699999999997,4.7562999999999995,2.3327999999999998,5.297579214131677,32.383011934191664,0,21_191_202_7253_ego_191,1,7253,7253,7258,vehicle_vehicle,0.2628129226082215,1.6506816842905385,2.5762106823970514,13.242154781228017,15.0,3.0,3.5,0.8,7.691489381127688,27.68936177205968
21,203,7188,49,46.1993,-43.6091,342.4543,2.0912,4.8595,0.8363,-0.2734,-0.2314,0.0795,0.8798,0.0086,-0.2446,-0.006,car,191,77.2805,-25.5167,-4.4726,-2.4656,5.1068,0.0608,209.5479,5.107184559030542,18.385864412509953,-31.081200000000003,-18.092399999999998,5.3088999999999995,2.1921999999999997,5.743706124968441,35.96353613314464,0,21_191_202_7253_ego_191,0,7253,7253,7258,vehicle_vehicle,0.2628129226082215,1.6506816842905385,2.5762106823970514,13.242154781228017,15.0,3.0,3.5,0.8,7.691489381127688,27.68936177205968
21,191,7189,394,77.1019,-25.6154,209.4444,2.0905,5.2067,-4.527,-2.4926,-1.3289,-0.7276,5.1676,0.0547,1.5149,0.0196,car,191,77.1019,-25.6154,-4.527,-2.4926,5.1676,0.0547,209.4444,5.167860656016182,18.604298361658255,0.0,0.0,0.0,0.0,0.0,0.0,1,21_191_202_7253_ego_191,1,7253,7253,7258,vehicle_vehicle,0.2628129226082215,1.6506816842905385,2.5762106823970514,13.242154781228017,15.0,3.0,3.5,0.8,7.691489381127688,27.68936177205968
21,196,7189,316,69.8886,-32.9084,215.9009,1.8946,3.6036,-6.3744,-5.3102,1.3497,-3.1393,8.2773,-0.5636,0.7476,-3.3344,car,191,77.1019,-25.6154,-4.527,-2.4926,5.1676,0.0547,209.4444,5.167860656016182,18.604298361658255,-7.213300000000004,-7.292999999999999,-1.8473999999999995,-2.8176,3.3692367859798753,10.257657914455914,0,21_191_202_7253_ego_191,0,7253,7253,7258,vehicle_vehicle,0.2628129226082215,1.6506816842905385,2.5762106823970514,13.242154781228017,15.0,3.0,3.5,0.8,7.691489381127688,27.68936177205968
21,200,7189,160,80.0616,-29.0168,203.0068,2.057,4.5261,-6.3023,-2.6469,-0.4769,-0.1567,6.8355,0.0268,0.5002,0.0422,car,191,77.1019,-25.6154,-4.527,-2.4926,5.1676,0.0547,209.4444,5.167860656016182,18.604298361658255,2.959699999999998,-3.401399999999999,-1.7752999999999997,-0.1543000000000001,1.78199286755026,4.508807608448156,0,21_191_202_7253_ego_191,0,7253,7253,7258,vehicle_vehicle,0.2628129226082215,1.6506816842905385,2.5762106823970514,13.242154781228017,15.0,3.0,3.5,0.8,7.691489381127688,27.68936177205968
21,202,7189,125,52.2709,-46.0795,338.3042,2.1047,4.8561,0.2921,-0.1362,0.1376,-0.0557,0.3217,0.0186,0.1484,0.0009,car,191,77.1019,-25.6154,-4.527,-2.4926,5.1676,0.0547,209.4444,5.167860656016182,18.604298361658255,-24.831000000000003,-20.464100000000002,4.819100000000001,2.3564,5.364358840532576,32.176978568691005,0,21_191_202_7253_ego_191,1,7253,7253,7258,vehicle_vehicle,0.2628129226082215,1.6506816842905385,2.5762106823970514,13.242154781228017,15.0,3.0,3.5,0.8,7.691489381127688,27.68936177205968
21,203,7189,50,46.2336,-43.6204,342.4491,2.0912,4.8595,0.8294,-0.2709,-0.2255,0.0763,0.8725,0.0081,-0.238,-0.0047,car,191,77.1019,-25.6154,-4.527,-2.4926,5.1676,0.0547,209.4444,5.167860656016182,18.604298361658255,-30.868299999999998,-18.004999999999995,5.3564,2.2217,5.7988767748590755,35.73558408491457,0,21_191_202_7253_ego_191,0,7253,7253,7258,vehicle_vehicle,0.2628129226082215,1.6506816842905385,2.5762106823970514,13.242154781228017,15.0,3.0,3.5,0.8,7.691489381127688,27.68936177205968
21,191,7190,395,76.9205,-25.7145,209.3382,2.0905,5.2067,-4.5818,-2.5212,-1.328,-0.7535,5.2294,0.0471,1.5268,-0.0062,car,191,76.9205,-25.7145,-4.5818,-2.5212,5.2294,0.0471,209.3382,5.229659709770799,18.826774955174876,0.0,0.0,0.0,0.0,0.0,0.0,1,21_191_202_7253_ego_191,1,7253,7253,7258,vehicle_vehicle,0.2628129226082215,1.6506816842905385,2.5762106823970514,13.242154781228017,15.0,3.0,3.5,0.8,7.691489381127688,27.68936177205968
21,196,7190,317,69.6344,-33.1228,216.7166,1.8946,3.6036,-6.3224,-5.4371,1.4439,-3.1218,8.3186,-0.5785,0.709,-3.3657,car,191,76.9205,-25.7145,-4.5818,-2.5212,5.2294,0.0471,209.3382,5.229659709770799,18.826774955174876,-7.286100000000005,-7.408299999999997,-1.7405999999999997,-2.9159,3.3959035866761584,10.39086916961233,0,21_191_202_7253_ego_191,0,7253,7253,7258,vehicle_vehicle,0.2628129226082215,1.6506816842905385,2.5762106823970514,13.242154781228017,15.0,3.0,3.5,0.8,7.691489381127688,27.68936177205968
21,200,7190,161,79.8087,-29.1221,202.8679,2.057,4.5261,-6.3137,-2.6511,-0.4015,-0.2112,6.8477,0.0109,0.452,-0.0385,car,191,76.9205,-25.7145,-4.5818,-2.5212,5.2294,0.0471,209.3382,5.229659709770799,18.826774955174876,2.8881999999999977,-3.4075999999999986,-1.7318999999999996,-0.12990000000000013,1.7367646990885086,4.466927019775449,0,21_191_202_7253_ego_191,0,7253,7253,7258,vehicle_vehicle,0.2628129226082215,1.6506816842905385,2.5762106823970514,13.242154781228017,15.0,3.0,3.5,0.8,7.691489381127688,27.68936177205968
21,202,7190,126,52.2829,-46.0855,338.2437,2.1047,4.8561,0.3003,-0.1393,0.1325,-0.0504,0.3305,0.018,0.1417,-0.0023,car,191,76.9205,-25.7145,-4.5818,-2.5212,5.2294,0.0471,209.3382,5.229659709770799,18.826774955174876,-24.637600000000006,-20.371000000000002,4.8821,2.3819,5.432158688771896,31.96856228797286,0,21_191_202_7253_ego_191,1,7253,7253,7258,vehicle_vehicle,0.2628129226082215,1.6506816842905385,2.5762106823970514,13.242154781228017,15.0,3.0,3.5,0.8,7.691489381127688,27.68936177205968
21,203,7190,51,46.2679,-43.6319,342.4541,2.0912,4.8595,0.8223,-0.2681,-0.2217,0.0735,0.8648,0.0078,-0.2336,-0.0033,car,191,76.9205,-25.7145,-4.5818,-2.5212,5.2294,0.0471,209.3382,5.229659709770799,18.826774955174876,-30.652600000000007,-17.9174,5.404100000000001,2.2531,5.854977064002899,35.505142015206765,0,21_191_202_7253_ego_191,0,7253,7253,7258,vehicle_vehicle,0.2628129226082215,1.6506816842905385,2.5762106823970514,13.242154781228017,15.0,3.0,3.5,0.8,7.691489381127688,27.68936177205968
21,191,7191,396,76.7371,-25.815,209.2467,2.0905,5.2067,-4.6369,-2.5511,-1.3252,-0.7798,5.2922,0.0395,1.5373,-0.0329,car,191,76.7371,-25.815,-4.6369,-2.5511,5.2922,0.0395,209.2467,5.292348516490576,19.052454659366074,0.0,0.0,0.0,0.0,0.0,0.0,1,21_191_202_7253_ego_191,1,7253,7253,7258,vehicle_vehicle,0.2628129226082215,1.6506816842905385,2.5762106823970514,13.242154781228017,15.0,3.0,3.5,0.8,7.691489381127688,27.68936177205968
21,196,7191,318,69.3827,-33.3428,217.5261,1.8946,3.6036,-6.2666,-5.5633,1.5401,-3.103,8.3586,-0.595,0.6687,-3.399,car,191,76.7371,-25.815,-4.6369,-2.5511,5.2922,0.0395,209.2467,5.292348516490576,19.052454659366074,-7.354399999999998,-7.527799999999996,-1.6297000000000006,-3.0122,3.4248023198427093,10.524018823624363,0,21_191_202_7253_ego_191,0,7253,7253,7258,vehicle_vehicle,0.2628129226082215,1.6506816842905385,2.5762106823970514,13.242154781228017,15.0,3.0,3.5,0.8,7.691489381127688,27.68936177205968
21,200,7191,162,79.5563,-29.2277,202.7915,2.057,4.5261,-6.3223,-2.6576,-0.3337,-0.2677,6.8582,-0.001,0.4114,-0.1175,car,191,76.7371,-25.815,-4.6369,-2.5511,5.2922,0.0395,209.2467,5.292348516490576,19.052454659366074,2.819199999999995,-3.4126999999999974,-1.6854000000000005,-0.10650000000000004,1.6887615018113131,4.426557345161131,0,21_191_202_7253_ego_191,0,7253,7253,7258,vehicle_vehicle,0.2628129226082215,1.6506816842905385,2.5762106823970514,13.242154781228017,15.0,3.0,3.5,0.8,7.691489381127688,27.68936177205968
21,202,7191,127,52.2956,-46.0923,338.1691,2.1047,4.8561,0.308,-0.1416,0.1248,-0.0446,0.3386,0.0169,0.1324,-0.005,car,191,76.7371,-25.815,-4.6369,-2.5511,5.2922,0.0395,209.2467,5.292348516490576,19.052454659366074,-24.441499999999998,-20.2773,4.9449,2.4095,5.500702342428647,31.757767829934142,0,21_191_202_7253_ego_191,1,7253,7253,7258,vehicle_vehicle,0.2628129226082215,1.6506816842905385,2.5762106823970514,13.242154781228017,15.0,3.0,3.5,0.8,7.691489381127688,27.68936177205968
21,203,7191,52,46.3017,-43.643,342.4564,2.0912,4.8595,0.8148,-0.2653,-0.2195,0.0711,0.8569,0.0074,-0.2308,-0.0016,car,191,76.7371,-25.815,-4.6369,-2.5511,5.2922,0.0395,209.2467,5.292348516490576,19.052454659366074,-30.4354,-17.828,5.4517,2.2858,5.911506959312489,35.2725269460525,0,21_191_202_7253_ego_191,0,7253,7253,7258,vehicle_vehicle,0.2628129226082215,1.6506816842905385,2.5762106823970514,13.242154781228017,15.0,3.0,3.5,0.8,7.691489381127688,27.68936177205968
21,191,7192,397,76.5511,-25.9171,209.1664,2.0905,5.2067,-4.6921,-2.5824,-1.3205,-0.8062,5.3557,0.0317,1.5459,-0.0604,car,191,76.5511,-25.9171,-4.6921,-2.5824,5.3557,0.0317,209.1664,5.355799862765598,19.280879505956154,0.0,0.0,0.0,0.0,0.0,0.0,1,21_191_202_7253_ego_191,1,7253,7253,7258,vehicle_vehicle,0.2628129226082215,1.6506816842905385,2.5762106823970514,13.242154781228017,15.0,3.0,3.5,0.8,7.691489381127688,27.68936177205968
21,196,7192,319,69.1331,-33.5681,218.349,1.8946,3.6036,-6.2069,-5.6886,1.6382,-3.0828,8.3972,-0.6102,0.628,-3.4341,car,191,76.5511,-25.9171,-4.6921,-2.5824,5.3557,0.0317,209.1664,5.355799862765598,19.280879505956154,-7.418000000000006,-7.651,-1.5148000000000001,-3.1062000000000003,3.4558786842133222,10.656665754353005,0,21_191_202_7253_ego_191,0,7253,7253,7258,vehicle_vehicle,0.2628129226082215,1.6506816842905385,2.5762106823970514,13.242154781228017,15.0,3.0,3.5,0.8,7.691489381127688,27.68936177205968
21,200,7192,163,79.3038,-29.3338,202.7578,2.057,4.5261,-6.3284,-2.6666,-0.2733,-0.3259,6.8673,-0.011,0.3781,-0.1948,car,191,76.5511,-25.9171,-4.6921,-2.5824,5.3557,0.0317,209.1664,5.355799862765598,19.280879505956154,2.75269999999999,-3.4166999999999987,-1.6363000000000003,-0.08420000000000005,1.6384649309643466,4.387618508940806,0,21_191_202_7253_ego_191,0,7253,7253,7258,vehicle_vehicle,0.2628129226082215,1.6506816842905385,2.5762106823970514,13.242154781228017,15.0,3.0,3.5,0.8,7.691489381127688,27.68936177205968
21,202,7192,128,52.3085,-46.099,338.1034,2.1047,4.8561,0.3152,-0.1434,0.1148,-0.0386,0.346,0.0155,0.1209,-0.007,car,191,76.5511,-25.9171,-4.6921,-2.5824,5.3557,0.0317,209.1664,5.355799862765598,19.280879505956154,-24.242600000000003,-20.181899999999995,5.0073,2.4389999999999996,5.569719408551924,31.543822570671427,0,21_191_202_7253_ego_191,1,7253,7253,7258,vehicle_vehicle,0.2628129226082215,1.6506816842905385,2.5762106823970514,13.242154781228017,15.0,3.0,3.5,0.8,7.691489381127688,27.68936177205968
21,203,7192,53,46.3345,-43.6536,342.4635,2.0912,4.8595,0.8073,-0.2626,-0.2187,0.0687,0.849,0.0072,-0.2293,0.0004,car,191,76.5511,-25.9171,-4.6921,-2.5824,5.3557,0.0317,209.1664,5.355799862765598,19.280879505956154,-30.216600000000007,-17.736499999999996,5.4994,2.3198,5.96865750399535,35.03749916603638,0,21_191_202_7253_ego_191,0,7253,7253,7258,vehicle_vehicle,0.2628129226082215,1.6506816842905385,2.5762106823970514,13.242154781228017,15.0,3.0,3.5,0.8,7.691489381127688,27.68936177205968
21,191,7193,398,76.3625,-26.0212,209.0954,2.0905,5.2067,-4.7471,-2.6146,-1.3135,-0.8325,5.4195,0.0237,1.5526,-0.0888,car,191,76.3625,-26.0212,-4.7471,-2.6146,5.4195,0.0237,209.0954,5.4195102703104086,19.510236973117472,0.0,0.0,0.0,0.0,0.0,0.0,1,21_191_202_7253_ego_191,1,7253,7253,7258,vehicle_vehicle,0.2628129226082215,1.6506816842905385,2.5762106823970514,13.242154781228017,15.0,3.0,3.5,0.8,7.691489381127688,27.68936177205968
21,196,7193,320,68.885,-33.7984,219.2126,1.8946,3.6036,-6.1428,-5.8131,1.738,-3.0615,8.4345,-0.6205,0.5889,-3.4709,car,191,76.3625,-26.0212,-4.7471,-2.6146,5.4195,0.0237,209.0954,5.4195102703104086,19.510236973117472,-7.477499999999992,-7.777200000000001,-1.3957000000000006,-3.1985000000000006,3.4897536789865278,10.788783346142413,0,21_191_202_7253_ego_191,0,7253,7253,7258,vehicle_vehicle,0.2628129226082215,1.6506816842905385,2.5762106823970514,13.242154781228017,15.0,3.0,3.5,0.8,7.691489381127688,27.68936177205968
21,200,7193,164,79.0511,-29.4402,202.7463,2.057,4.5261,-6.3324,-2.6782,-0.22,-0.3858,6.8754,-0.0214,0.352,-0.2708,car,191,76.3625,-26.0212,-4.7471,-2.6146,5.4195,0.0237,209.0954,5.4195102703104086,19.510236973117472,2.688600000000008,-3.4190000000000005,-1.5853000000000002,-0.0636000000000001,1.5865752582213049,4.349497782503176,0,21_191_202_7253_ego_191,0,7253,7253,7258,vehicle_vehicle,0.2628129226082215,1.6506816842905385,2.5762106823970514,13.242154781228017,15.0,3.0,3.5,0.8,7.691489381127688,27.68936177205968
21,202,7193,129,52.3222,-46.1051,338.0577,2.1047,4.8561,0.3217,-0.1447,0.1027,-0.0327,0.3525,0.014,0.1075,-0.0081,car,191,76.3625,-26.0212,-4.7471,-2.6146,5.4195,0.0237,209.0954,5.4195102703104086,19.510236973117472,-24.040299999999995,-20.0839,5.0687999999999995,2.4699,5.638540542551769,31.32569334108983,0,21_191_202_7253_ego_191,1,7253,7253,7258,vehicle_vehicle,0.2628129226082215,1.6506816842905385,2.5762106823970514,13.242154781228017,15.0,3.0,3.5,0.8,7.691489381127688,27.68936177205968
21,203,7193,54,46.3668,-43.6633,342.4525,2.0912,4.8595,0.7998,-0.2603,-0.2192,0.0667,0.8411,0.0071,-0.2291,0.0025,car,191,76.3625,-26.0212,-4.7471,-2.6146,5.4195,0.0237,209.0954,5.4195102703104086,19.510236973117472,-29.9957,-17.6421,5.5469,2.3543,6.025846670800711,34.799219975453475,0,21_191_202_7253_ego_191,0,7253,7253,7258,vehicle_vehicle,0.2628129226082215,1.6506816842905385,2.5762106823970514,13.242154781228017,15.0,3.0,3.5,0.8,7.691489381127688,27.68936177205968
21,191,7194,399,76.1719,-26.127,209.0326,2.0905,5.2067,-4.802,-2.6477,-1.3042,-0.859,5.4836,0.0155,1.5572,-0.1181,car,191,76.1719,-26.127,-4.802,-2.6477,5.4836,0.0155,209.0326,5.483568116655431,19.740845219959553,0.0,0.0,0.0,0.0,0.0,0.0,1,21_191_202_7253_ego_191,1,7253,7253,7258,vehicle_vehicle,0.2628129226082215,1.6506816842905385,2.5762106823970514,13.242154781228017,15.0,3.0,3.5,0.8,7.691489381127688,27.68936177205968
21,196,7194,321,68.6391,-34.0329,220.1068,1.8946,3.6036,-6.0741,-5.9368,1.839,-3.039,8.4703,-0.6277,0.5512,-3.5091,car,191,76.1719,-26.127,-4.802,-2.6477,5.4836,0.0155,209.0326,5.483568116655431,19.740845219959553,-7.532799999999995,-7.905899999999999,-1.2721,-3.2891,3.5265304790969836,10.919996824633234,0,21_191_202_7253_ego_191,0,7253,7253,7258,vehicle_vehicle,0.2628129226082215,1.6506816842905385,2.5762106823970514,13.242154781228017,15.0,3.0,3.5,0.8,7.691489381127688,27.68936177205968
21,200,7194,165,78.7991,-29.5474,202.769,2.057,4.5261,-6.3348,-2.6922,-0.1733,-0.4472,6.8831,-0.0307,0.3328,-0.3453,car,191,76.1719,-26.127,-4.802,-2.6477,5.4836,0.0155,209.0326,5.483568116655431,19.740845219959553,2.627200000000002,-3.4204000000000008,-1.5328000000000008,-0.044500000000000206,1.5334458223230458,4.312924297967681,0,21_191_202_7253_ego_191,0,7253,7253,7258,vehicle_vehicle,0.2628129226082215,1.6506816842905385,2.5762106823970514,13.242154781228017,15.0,3.0,3.5,0.8,7.691489381127688,27.68936177205968
21,202,7194,130,52.3362,-46.1107,338.0293,2.1047,4.8561,0.3272,-0.1459,0.089,-0.0269,0.3581,0.0129,0.0926,-0.0084,car,191,76.1719,-26.127,-4.802,-2.6477,5.4836,0.0155,209.0326,5.483568116655431,19.740845219959553,-23.835699999999996,-19.983700000000002,5.1292,2.5018,5.706811358368174,31.104482959534945,0,21_191_202_7253_ego_191,1,7253,7253,7258,vehicle_vehicle,0.2628129226082215,1.6506816842905385,2.5762106823970514,13.242154781228017,15.0,3.0,3.5,0.8,7.691489381127688,27.68936177205968
21,203,7194,55,46.399,-43.6735,342.4355,2.0912,4.8595,0.7921,-0.2582,-0.2208,0.0651,0.8331,0.0071,-0.2301,0.0045,car,191,76.1719,-26.127,-4.802,-2.6477,5.4836,0.0155,209.0326,5.483568116655431,19.740845219959553,-29.772899999999993,-17.546499999999998,5.594099999999999,2.3895,6.0830637889142665,34.55872157155122,0,21_191_202_7253_ego_191,0,7253,7253,7258,vehicle_vehicle,0.2628129226082215,1.6506816842905385,2.5762106823970514,13.242154781228017,15.0,3.0,3.5,0.8,7.691489381127688,27.68936177205968
21,191,7195,400,75.98,-26.2345,208.9785,2.0905,5.2067,-4.8571,-2.6815,-1.2923,-0.8858,5.5481,0.0074,1.5597,-0.1488,car,191,75.98,-26.2345,-4.8571,-2.6815,5.5481,0.0074,208.9785,5.54814046866155,19.97330568718158,0.0,0.0,0.0,0.0,0.0,0.0,1,21_191_202_7253_ego_191,1,7253,7253,7258,vehicle_vehicle,0.2628129226082215,1.6506816842905385,2.5762106823970514,13.242154781228017,15.0,3.0,3.5,0.8,7.691489381127688,27.68936177205968
21,196,7195,322,68.3961,-34.2721,221.028,1.8946,3.6036,-6.0008,-6.06,1.9405,-3.0151,8.5048,-0.6325,0.5153,-3.5484,car,191,75.98,-26.2345,-4.8571,-2.6815,5.5481,0.0074,208.9785,5.54814046866155,19.97330568718158,-7.5839,-8.037600000000001,-1.1437,-3.3784999999999994,3.566835003192606,11.05072635486012,0,21_191_202_7253_ego_191,0,7253,7253,7258,vehicle_vehicle,0.2628129226082215,1.6506816842905385,2.5762106823970514,13.242154781228017,15.0,3.0,3.5,0.8,7.691489381127688,27.68936177205968
21,200,7195,166,78.5474,-29.656,202.8146,2.057,4.5261,-6.3361,-2.7085,-0.1326,-0.5101,6.8906,-0.0397,0.32,-0.4187,car,191,75.98,-26.2345,-4.8571,-2.6815,5.5481,0.0074,208.9785,5.54814046866155,19.97330568718158,2.567399999999992,-3.421499999999998,-1.479,-0.02699999999999969,1.4792464297742958,4.277640121609104,0,21_191_202_7253_ego_191,0,7253,7253,7258,vehicle_vehicle,0.2628129226082215,1.6506816842905385,2.5762106823970514,13.242154781228017,15.0,3.0,3.5,0.8,7.691489381127688,27.68936177205968
21,202,7195,131,52.3502,-46.1155,338.0122,2.1047,4.8561,0.3319,-0.1473,0.0741,-0.021,0.3629,0.0123,0.0766,-0.0082,car,191,75.98,-26.2345,-4.8571,-2.6815,5.5481,0.0074,208.9785,5.54814046866155,19.97330568718158,-23.629800000000003,-19.880999999999997,5.189,2.5342000000000002,5.774763254021761,30.88076438561714,0,21_191_202_7253_ego_191,1,7253,7253,7258,vehicle_vehicle,0.2628129226082215,1.6506816842905385,2.5762106823970514,13.242154781228017,15.0,3.0,3.5,0.8,7.691489381127688,27.68936177205968
21,203,7195,56,46.4302,-43.6824,342.4104,2.0912,4.8595,0.7844,-0.2567,-0.2235,0.0644,0.8253,0.0076,-0.2325,0.0062,car,191,75.98,-26.2345,-4.8571,-2.6815,5.5481,0.0074,208.9785,5.54814046866155,19.97330568718158,-29.549800000000005,-17.4479,5.6415,2.4248000000000003,6.14053558657549,34.31646681186746,0,21_191_202_7253_ego_191,0,7253,7253,7258,vehicle_vehicle,0.2628129226082215,1.6506816842905385,2.5762106823970514,13.242154781228017,15.0,3.0,3.5,0.8,7.691489381127688,27.68936177205968
21,191,7196,401,75.7857,-26.3426,208.9314,2.0905,5.2067,-4.912,-2.7163,-1.2773,-0.9133,5.613,-0.001,1.5597,-0.1814,car,191,75.7857,-26.3426,-4.912,-2.7163,5.613,-0.001,208.9314,5.613023221936642,20.20688359897191,0.0,0.0,0.0,0.0,0.0,0.0,1,21_191_202_7253_ego_191,1,7253,7253,7258,vehicle_vehicle,0.2628129226082215,1.6506816842905385,2.5762106823970514,13.242154781228017,15.0,3.0,3.5,0.8,7.691489381127688,27.68936177205968
21,196,7196,323,68.157,-34.5161,221.9591,1.8946,3.6036,-5.9231,-6.1825,2.042,-2.9894,8.5382,-0.6372,0.4802,-3.5883,car,191,75.7857,-26.3426,-4.912,-2.7163,5.613,-0.001,208.9314,5.613023221936642,20.20688359897191,-7.628700000000009,-8.1735,-1.0110999999999999,-3.4662,3.6106600019940953,11.18048147174352,0,21_191_202_7253_ego_191,0,7253,7253,7258,vehicle_vehicle,0.2628129226082215,1.6506816842905385,2.5762106823970514,13.242154781228017,15.0,3.0,3.5,0.8,7.691489381127688,27.68936177205968
21,200,7196,167,78.2965,-29.7646,202.8752,2.057,4.5261,-6.3368,-2.7273,-0.097,-0.5745,6.8986,-0.0495,0.3127,-0.4916,car,191,75.7857,-26.3426,-4.912,-2.7163,5.613,-0.001,208.9314,5.613023221936642,20.20688359897191,2.510799999999989,-3.4220000000000006,-1.4248000000000003,-0.01100000000000012,1.4248424614672321,4.244313918644561,0,21_191_202_7253_ego_191,0,7253,7253,7258,vehicle_vehicle,0.2628129226082215,1.6506816842905385,2.5762106823970514,13.242154781228017,15.0,3.0,3.5,0.8,7.691489381127688,27.68936177205968
21,202,7196,132,52.364,-46.1209,337.9931,2.1047,4.8561,0.3358,-0.1487,0.0581,-0.0147,0.367,0.012,0.0594,-0.0081,car,191,75.7857,-26.3426,-4.912,-2.7163,5.613,-0.001,208.9314,5.613023221936642,20.20688359897191,-23.42170000000001,-19.778299999999998,5.2478,2.5676,5.842257662924497,30.655459249210413,0,21_191_202_7253_ego_191,1,7253,7253,7258,vehicle_vehicle,0.2628129226082215,1.6506816842905385,2.5762106823970514,13.242154781228017,15.0,3.0,3.5,0.8,7.691489381127688,27.68936177205968
21,203,7196,57,46.4612,-43.6921,342.3878,2.0912,4.8595,0.7767,-0.2554,-0.2274,0.0648,0.8176,0.0084,-0.2363,0.0071,car,191,75.7857,-26.3426,-4.912,-2.7163,5.613,-0.001,208.9314,5.613023221936642,20.20688359897191,-29.324500000000008,-17.349500000000003,5.6887,2.4609,6.19817202891304,34.07244415212975,0,21_191_202_7253_ego_191,0,7253,7253,7258,vehicle_vehicle,0.2628129226082215,1.6506816842905385,2.5762106823970514,13.242154781228017,15.0,3.0,3.5,0.8,7.691489381127688,27.68936177205968
21,191,7197,402,75.5886,-26.4519,208.9032,2.0905,5.2067,-4.9665,-2.7522,-1.259,-0.9414,5.6781,-0.0089,1.5572,-0.2156,car,191,75.5886,-26.4519,-4.9665,-2.7522,5.6781,-0.0089,208.9032,5.678091852902699,20.441130670449716,0.0,0.0,0.0,0.0,0.0,0.0,1,21_191_202_7253_ego_191,1,7253,7253,7258,vehicle_vehicle,0.2628129226082215,1.6506816842905385,2.5762106823970514,13.242154781228017,15.0,3.0,3.5,0.8,7.691489381127688,27.68936177205968
21,196,7197,324,67.9213,-34.7649,222.9359,1.8946,3.6036,-5.8412,-6.3043,2.1435,-2.9617,8.5708,-0.6365,0.4482,-3.6284,car,191,75.5886,-26.4519,-4.9665,-2.7522,5.6781,-0.0089,208.9032,5.678091852902699,20.441130670449716,-7.667299999999997,-8.312999999999999,-0.8746999999999998,-3.5520999999999994,3.658211926611141,11.308998995932397,0,21_191_202_7253_ego_191,0,7253,7253,7258,vehicle_vehicle,0.2628129226082215,1.6506816842905385,2.5762106823970514,13.242154781228017,15.0,3.0,3.5,0.8,7.691489381127688,27.68936177205968
21,200,7197,168,78.045,-29.8735,202.9439,2.057,4.5261,-6.337,-2.749,-0.0656,-0.6404,6.9073,-0.0612,0.31,-0.5641,car,191,75.5886,-26.4519,-4.9665,-2.7522,5.6781,-0.0089,208.9032,5.678091852902699,20.441130670449716,2.456400000000002,-3.4216000000000015,-1.3704999999999998,0.0032000000000000917,1.3705037358577317,4.212036030235262,0,21_191_202_7253_ego_191,0,7253,7253,7258,vehicle_vehicle,0.2628129226082215,1.6506816842905385,2.5762106823970514,13.242154781228017,15.0,3.0,3.5,0.8,7.691489381127688,27.68936177205968
21,202,7197,133,52.3778,-46.1265,337.9779,2.1047,4.8561,0.3389,-0.1499,0.0412,-0.0079,0.3704,0.0119,0.0412,-0.0082,car,191,75.5886,-26.4519,-4.9665,-2.7522,5.6781,-0.0089,208.9032,5.678091852902699,20.441130670449716,-23.2108,-19.6746,5.3054,2.6023,5.909249905867918,30.42747314188281,0,21_191_202_7253_ego_191,1,7253,7253,7258,vehicle_vehicle,0.2628129226082215,1.6506816842905385,2.5762106823970514,13.242154781228017,15.0,3.0,3.5,0.8,7.691489381127688,27.68936177205968
21,203,7197,58,46.4917,-43.7018,342.3611,2.0912,4.8595,0.769,-0.2542,-0.2326,0.0665,0.8099,0.0092,-0.2418,0.0071,car,191,75.5886,-26.4519,-4.9665,-2.7522,5.6781,-0.0089,208.9032,5.678091852902699,20.441130670449716,-29.096899999999998,-17.2499,5.7355,2.498,6.255874379333396,33.82585755926966,0,21_191_202_7253_ego_191,0,7253,7253,7258,vehicle_vehicle,0.2628129226082215,1.6506816842905385,2.5762106823970514,13.242154781228017,15.0,3.0,3.5,0.8,7.691489381127688,27.68936177205968
21,191,7198,403,75.389,-26.5625,208.8908,2.0905,5.2067,-5.0204,-2.7893,-1.2373,-0.9701,5.7431,-0.0166,1.552,-0.2516,car,191,75.389,-26.5625,-5.0204,-2.7893,5.7431,-0.0166,208.8908,5.7432230193507205,20.675602869662594,0.0,0.0,0.0,0.0,0.0,0.0,1,21_191_202_7253_ego_191,1,7253,7253,7258,vehicle_vehicle,0.2628129226082215,1.6506816842905385,2.5762106823970514,13.242154781228017,15.0,3.0,3.5,0.8,7.691489381127688,27.68936177205968
21,196,7198,325,67.6886,-35.0183,223.9572,1.8946,3.6036,-5.755,-6.4255,2.2446,-2.9315,8.6028,-0.6308,0.419,-3.6683,car,191,75.389,-26.5625,-5.0204,-2.7893,5.7431,-0.0166,208.8908,5.7432230193507205,20.675602869662594,-7.700400000000002,-8.455800000000004,-0.7345999999999995,-3.6362000000000005,3.7096613861645116,11.436639095468566,0,21_191_202_7253_ego_191,0,7253,7253,7258,vehicle_vehicle,0.2628129226082215,1.6506816842905385,2.5762106823970514,13.242154781228017,15.0,3.0,3.5,0.8,7.691489381127688,27.68936177205968
21,200,7198,169,77.7936,-29.9832,203.0256,2.057,4.5261,-6.3367,-2.7736,-0.0375,-0.7074,6.9167,-0.0741,0.3112,-0.6364,car,191,75.389,-26.5625,-5.0204,-2.7893,5.7431,-0.0166,208.8908,5.7432230193507205,20.675602869662594,2.404600000000002,-3.4207,-1.3163,0.015699999999999825,1.3163936265418485,4.181302386816817,0,21_191_202_7253_ego_191,0,7253,7253,7258,vehicle_vehicle,0.2628129226082215,1.6506816842905385,2.5762106823970514,13.242154781228017,15.0,3.0,3.5,0.8,7.691489381127688,27.68936177205968
21,202,7198,134,52.3919,-46.1324,337.9723,2.1047,4.8561,0.3411,-0.1509,0.0237,-0.0004,0.3728,0.012,0.0221,-0.0086,car,191,75.389,-26.5625,-5.0204,-2.7893,5.7431,-0.0166,208.8908,5.7432230193507205,20.675602869662594,-22.997099999999996,-19.569899999999997,5.3615,2.6384,5.975519794126701,30.196814309128698,0,21_191_202_7253_ego_191,1,7253,7253,7258,vehicle_vehicle,0.2628129226082215,1.6506816842905385,2.5762106823970514,13.242154781228017,15.0,3.0,3.5,0.8,7.691489381127688,27.68936177205968
21,203,7198,59,46.5223,-43.7119,342.3317,2.0912,4.8595,0.7611,-0.253,-0.2392,0.0697,0.802,0.0101,-0.2491,0.0062,car,191,75.389,-26.5625,-5.0204,-2.7893,5.7431,-0.0166,208.8908,5.7432230193507205,20.675602869662594,-28.866699999999994,-17.1494,5.7815,2.5362999999999998,6.313363599540264,33.57660330125726,0,21_191_202_7253_ego_191,0,7253,7253,7258,vehicle_vehicle,0.2628129226082215,1.6506816842905385,2.5762106823970514,13.242154781228017,15.0,3.0,3.5,0.8,7.691489381127688,27.68936177205968
21,191,7199,404,75.1869,-26.6745,208.8896,2.0905,5.2067,-5.0732,-2.8277,-1.2121,-0.9993,5.808,-0.0248,1.544,-0.2893,car,191,75.1869,-26.6745,-5.0732,-2.8277,5.808,-0.0248,208.8896,5.808032845120627,20.908918242434257,0.0,0.0,0.0,0.0,0.0,0.0,1,21_191_202_7253_ego_191,1,7253,7253,7258,vehicle_vehicle,0.2628129226082215,1.6506816842905385,2.5762106823970514,13.242154781228017,15.0,3.0,3.5,0.8,7.691489381127688,27.68936177205968
21,196,7199,326,67.4597,-35.2768,225.0052,1.8946,3.6036,-5.6645,-6.5458,2.3451,-2.8984,8.634,-0.6224,0.3916,-3.7076,car,191,75.1869,-26.6745,-5.0732,-2.8277,5.808,-0.0248,208.8896,5.808032845120627,20.908918242434257,-7.727199999999996,-8.602300000000003,-0.5913000000000004,-3.7180999999999997,3.764824471339932,11.563268790873972,0,21_191_202_7253_ego_191,0,7253,7253,7258,vehicle_vehicle,0.2628129226082215,1.6506816842905385,2.5762106823970514,13.242154781228017,15.0,3.0,3.5,0.8,7.691489381127688,27.68936177205968
21,200,7199,170,77.5417,-30.0938,203.1274,2.057,4.5261,-6.3359,-2.8013,-0.012,-0.7752,6.927,-0.0876,0.3155,-0.7082,car,191,75.1869,-26.6745,-5.0732,-2.8277,5.808,-0.0248,208.8896,5.808032845120627,20.908918242434257,2.3548000000000116,-3.4193000000000033,-1.2626999999999997,0.0264000000000002,1.2629759498897828,4.151709952537638,0,21_191_202_7253_ego_191,0,7253,7253,7258,vehicle_vehicle,0.2628129226082215,1.6506816842905385,2.5762106823970514,13.242154781228017,15.0,3.0,3.5,0.8,7.691489381127688,27.68936177205968
21,202,7199,135,52.4058,-46.1386,337.9709,2.1047,4.8561,0.3426,-0.1516,0.0057,0.0078,0.3744,0.012,0.0023,-0.0094,car,191,75.1869,-26.6745,-5.0732,-2.8277,5.808,-0.0248,208.8896,5.808032845120627,20.908918242434257,-22.781099999999995,-19.4641,5.4158,2.6761,6.040894043930915,29.963806600964432,0,21_191_202_7253_ego_191,1,7253,7253,7258,vehicle_vehicle,0.2628129226082215,1.6506816842905385,2.5762106823970514,13.242154781228017,15.0,3.0,3.5,0.8,7.691489381127688,27.68936177205968
21,203,7199,60,46.5523,-43.7221,342.297,2.0912,4.8595,0.753,-0.2516,-0.2473,0.0743,0.7939,0.0107,-0.2582,0.0044,car,191,75.1869,-26.6745,-5.0732,-2.8277,5.808,-0.0248,208.8896,5.808032845120627,20.908918242434257,-28.634599999999992,-17.0476,5.8262,2.5761000000000003,6.370313779555918,33.32508038880025,0,21_191_202_7253_ego_191,0,7253,7253,7258,vehicle_vehicle,0.2628129226082215,1.6506816842905385,2.5762106823970514,13.242154781228017,15.0,3.0,3.5,0.8,7.691489381127688,27.68936177205968
21,191,7200,405,74.9825,-26.7883,208.8944,2.0905,5.2067,-5.1248,-2.8673,-1.1838,-1.0288,5.8723,-0.0341,1.5335,-0.3287,car,191,74.9825,-26.7883,-5.1248,-2.8673,5.8723,-0.0341,208.8944,5.872391704408009,21.140610135868833,0.0,0.0,0.0,0.0,0.0,0.0,1,21_191_202_7253_ego_191,1,7253,7253,7258,vehicle_vehicle,0.2628129226082215,1.6506816842905385,2.5762106823970514,13.242154781228017,15.0,3.0,3.5,0.8,7.691489381127688,27.68936177205968
21,196,7200,327,67.2341,-35.54,226.0765,1.8946,3.6036,-5.5696,-6.6652,2.4447,-2.862,8.6644,-0.612,0.3655,-3.7462,car,191,74.9825,-26.7883,-5.1248,-2.8673,5.8723,-0.0341,208.8944,5.872391704408009,21.140610135868833,-7.748400000000004,-8.7517,-0.44480000000000075,-3.7978999999999994,3.8238581890546093,11.688881702284444,0,21_191_202_7253_ego_191,0,7253,7253,7258,vehicle_vehicle,0.2628129226082215,1.6506816842905385,2.5762106823970514,13.242154781228017,15.0,3.0,3.5,0.8,7.691489381127688,27.68936177205968
21,200,7200,171,77.2904,-30.2056,203.2514,2.057,4.5261,-6.335,-2.832,0.0117,-0.8435,6.9385,-0.1011,0.3222,-0.7796,car,191,74.9825,-26.7883,-5.1248,-2.8673,5.8723,-0.0341,208.8944,5.872391704408009,21.140610135868833,2.3079000000000036,-3.417300000000001,-1.2102000000000004,0.03530000000000033,1.2107147186682752,4.123632100466774,0,21_191_202_7253_ego_191,0,7253,7253,7258,vehicle_vehicle,0.2628129226082215,1.6506816842905385,2.5762106823970514,13.242154781228017,15.0,3.0,3.5,0.8,7.691489381127688,27.68936177205968
21,202,7200,136,52.4199,-46.1452,337.967,2.1047,4.8561,0.3431,-0.1517,-0.0128,0.0166,0.375,0.0119,-0.0181,-0.0106,car,191,74.9825,-26.7883,-5.1248,-2.8673,5.8723,-0.0341,208.8944,5.872391704408009,21.140610135868833,-22.562600000000003,-19.356900000000003,5.467899999999999,2.7156000000000002,6.105113739317228,29.728109532393752,0,21_191_202_7253_ego_191,1,7253,7253,7258,vehicle_vehicle,0.2628129226082215,1.6506816842905385,2.5762106823970514,13.242154781228017,15.0,3.0,3.5,0.8,7.691489381127688,27.68936177205968
21,203,7200,61,46.582,-43.7326,342.2784,2.0912,4.8595,0.7447,-0.2498,-0.2569,0.0803,0.7854,0.0113,-0.2691,0.0017,car,191,74.9825,-26.7883,-5.1248,-2.8673,5.8723,-0.0341,208.8944,5.872391704408009,21.140610135868833,-28.4005,-16.9443,5.8694999999999995,2.6175,6.4266893887910905,33.07110071860325,0,21_191_202_7253_ego_191,0,7253,7253,7258,vehicle_vehicle,0.2628129226082215,1.6506816842905385,2.5762106823970514,13.242154781228017,15.0,3.0,3.5,0.8,7.691489381127688,27.68936177205968
21,191,7201,406,74.7762,-26.9038,208.9208,2.0905,5.2067,-5.1751,-2.9081,-1.1523,-1.0587,5.9361,-0.0428,1.5206,-0.3694,car,191,74.7762,-26.9038,-5.1751,-2.9081,5.9361,-0.0428,208.9208,5.9362198089356495,21.370391312168337,0.0,0.0,0.0,0.0,0.0,0.0,1,21_191_202_7253_ego_191,1,7253,7253,7258,vehicle_vehicle,0.2628129226082215,1.6506816842905385,2.5762106823970514,13.242154781228017,15.0,3.0,3.5,0.8,7.691489381127688,27.68936177205968
21,196,7201,328,67.0126,-35.8081,227.1446,1.8946,3.6036,-5.4705,-6.7835,2.5431,-2.822,8.6935,-0.6035,0.339,-3.7837,car,191,74.7762,-26.9038,-5.1751,-2.9081,5.9361,-0.0428,208.9208,5.9362198089356495,21.370391312168337,-7.763599999999997,-8.904300000000003,-0.2954000000000008,-3.8754,3.8866420365142966,11.813553379487477,0,21_191_202_7253_ego_191,0,7253,7253,7258,vehicle_vehicle,0.2628129226082215,1.6506816842905385,2.5762106823970514,13.242154781228017,15.0,3.0,3.5,0.8,7.691489381127688,27.68936177205968
21,200,7201,172,77.039,-30.3192,203.3952,2.057,4.5261,-6.3339,-2.8656,0.0343,-0.912,6.9511,-0.115,0.3306,-0.8506,car,191,74.7762,-26.9038,-5.1751,-2.9081,5.9361,-0.0428,208.9208,5.9362198089356495,21.370391312168337,2.2627999999999986,-3.415399999999998,-1.1588000000000003,0.04249999999999998,1.159579100363576,4.096977056318473,0,21_191_202_7253_ego_191,0,7253,7253,7258,vehicle_vehicle,0.2628129226082215,1.6506816842905385,2.5762106823970514,13.242154781228017,15.0,3.0,3.5,0.8,7.691489381127688,27.68936177205968
21,202,7201,137,52.4338,-46.1522,337.9534,2.1047,4.8561,0.3429,-0.151,-0.0316,0.0255,0.3745,0.0113,-0.0388,-0.0118,car,191,74.7762,-26.9038,-5.1751,-2.9081,5.9361,-0.0428,208.9208,5.9362198089356495,21.370391312168337,-22.342400000000005,-19.2484,5.518,2.7571000000000003,6.168462078184481,29.490400816536898,0,21_191_202_7253_ego_191,1,7253,7253,7258,vehicle_vehicle,0.2628129226082215,1.6506816842905385,2.5762106823970514,13.242154781228017,15.0,3.0,3.5,0.8,7.691489381127688,27.68936177205968
21,203,7201,62,46.6115,-43.7435,342.2601,2.0912,4.8595,0.7361,-0.2475,-0.2681,0.0872,0.7765,0.0114,-0.2819,-0.0014,car,191,74.7762,-26.9038,-5.1751,-2.9081,5.9361,-0.0428,208.9208,5.9362198089356495,21.370391312168337,-28.164700000000003,-16.839699999999997,5.911199999999999,2.6606,6.482366682007428,32.81502433611775,0,21_191_202_7253_ego_191,0,7253,7253,7258,vehicle_vehicle,0.2628129226082215,1.6506816842905385,2.5762106823970514,13.242154781228017,15.0,3.0,3.5,0.8,7.691489381127688,27.68936177205968
21,191,7202,407,74.5676,-27.0207,208.9652,2.0905,5.2067,-5.2239,-2.9502,-1.1181,-1.0888,5.9992,-0.0514,1.5055,-0.4112,car,191,74.5676,-27.0207,-5.2239,-2.9502,5.9992,-0.0514,208.9652,5.99940090759069,21.597843267326486,0.0,0.0,0.0,0.0,0.0,0.0,1,21_191_202_7253_ego_191,1,7253,7253,7258,vehicle_vehicle,0.2628129226082215,1.6506816842905385,2.5762106823970514,13.242154781228017,15.0,3.0,3.5,0.8,7.691489381127688,27.68936177205968
21,196,7202,329,66.7945,-36.0808,228.2197,1.8946,3.6036,-5.367,-6.9005,2.6399,-2.778,8.7216,-0.5954,0.3127,-3.8196,car,191,74.5676,-27.0207,-5.2239,-2.9502,5.9992,-0.0514,208.9652,5.99940090759069,21.597843267326486,-7.7730999999999995,-9.060100000000002,-0.14309999999999956,-3.9503,3.9528910559234993,11.937608454795292,0,21_191_202_7253_ego_191,0,7253,7253,7258,vehicle_vehicle,0.2628129226082215,1.6506816842905385,2.5762106823970514,13.242154781228017,15.0,3.0,3.5,0.8,7.691489381127688,27.68936177205968
21,200,7202,173,76.787,-30.4343,203.5696,2.057,4.5261,-6.3325,-2.902,0.0567,-0.9806,6.9646,-0.1278,0.3402,-0.9214,car,191,74.5676,-27.0207,-5.2239,-2.9502,5.9992,-0.0514,208.9652,5.99940090759069,21.597843267326486,2.2194000000000074,-3.413599999999999,-1.1085999999999991,0.04820000000000002,1.1096473313625361,4.071658300987452,0,21_191_202_7253_ego_191,0,7253,7253,7258,vehicle_vehicle,0.2628129226082215,1.6506816842905385,2.5762106823970514,13.242154781228017,15.0,3.0,3.5,0.8,7.691489381127688,27.68936177205968
21,202,7202,138,52.448,-46.1588,337.936,2.1047,4.8561,0.3417,-0.1498,-0.0505,0.0344,0.3729,0.0105,-0.0597,-0.0129,car,191,74.5676,-27.0207,-5.2239,-2.9502,5.9992,-0.0514,208.9652,5.99940090759069,21.597843267326486,-22.1196,-19.138099999999998,5.565600000000001,2.8004000000000002,6.230420814038166,29.249676507100038,0,21_191_202_7253_ego_191,1,7253,7253,7258,vehicle_vehicle,0.2628129226082215,1.6506816842905385,2.5762106823970514,13.242154781228017,15.0,3.0,3.5,0.8,7.691489381127688,27.68936177205968
21,203,7202,63,46.6402,-43.7546,342.2495,2.0912,4.8595,0.7272,-0.2443,-0.281,0.0947,0.767,0.0109,-0.2965,-0.0046,car,191,74.5676,-27.0207,-5.2239,-2.9502,5.9992,-0.0514,208.9652,5.99940090759069,21.597843267326486,-27.9274,-16.733900000000002,5.9511,2.7059,6.537391377300277,32.55707419240863,0,21_191_202_7253_ego_191,0,7253,7253,7258,vehicle_vehicle,0.2628129226082215,1.6506816842905385,2.5762106823970514,13.242154781228017,15.0,3.0,3.5,0.8,7.691489381127688,27.68936177205968
21,191,7203,408,74.357,-27.1393,209.0344,2.0905,5.2067,-5.2711,-2.9937,-1.0812,-1.1191,6.0616,-0.0592,1.4885,-0.4537,car,191,74.357,-27.1393,-5.2711,-2.9937,6.0616,-0.0592,209.0344,6.061908519600077,21.822870670560278,0.0,0.0,0.0,0.0,0.0,0.0,1,21_191_202_7253_ego_191,1,7253,7253,7258,vehicle_vehicle,0.2628129226082215,1.6506816842905385,2.5762106823970514,13.242154781228017,15.0,3.0,3.5,0.8,7.691489381127688,27.68936177205968
21,196,7203,330,66.5807,-36.3585,229.3044,1.8946,3.6036,-5.259,-7.016,2.7347,-2.7298,8.7485,-0.5874,0.2866,-3.8533,car,191,74.357,-27.1393,-5.2711,-2.9937,6.0616,-0.0592,209.0344,6.061908519600077,21.822870670560278,-7.776300000000006,-9.2192,0.012099999999999334,-4.0222999999999995,4.022318199745017,12.06086606881944,0,21_191_202_7253_ego_191,0,7253,7253,7258,vehicle_vehicle,0.2628129226082215,1.6506816842905385,2.5762106823970514,13.242154781228017,15.0,3.0,3.5,0.8,7.691489381127688,27.68936177205968
21,200,7203,174,76.5347,-30.5507,203.759,2.057,4.5261,-6.3305,-2.9414,0.0791,-1.0491,6.9791,-0.1416,0.3503,-0.9921,car,191,74.357,-27.1393,-5.2711,-2.9937,6.0616,-0.0592,209.0344,6.061908519600077,21.822870670560278,2.1777000000000015,-3.4114000000000004,-1.0594000000000001,0.052300000000000235,1.060690176253179,4.047224635475526,0,21_191_202_7253_ego_191,0,7253,7253,7258,vehicle_vehicle,0.2628129226082215,1.6506816842905385,2.5762106823970514,13.242154781228017,15.0,3.0,3.5,0.8,7.691489381127688,27.68936177205968
21,202,7203,139,52.4622,-46.165,337.911,2.1047,4.8561,0.3395,-0.1482,-0.0693,0.043,0.3703,0.0096,-0.0804,-0.0138,car,191,74.357,-27.1393,-5.2711,-2.9937,6.0616,-0.0592,209.0344,6.061908519600077,21.822870670560278,-21.894799999999996,-19.0257,5.6106,2.8455,6.290922238432136,29.00619808816729,0,21_191_202_7253_ego_191,1,7253,7253,7258,vehicle_vehicle,0.2628129226082215,1.6506816842905385,2.5762106823970514,13.242154781228017,15.0,3.0,3.5,0.8,7.691489381127688,27.68936177205968
21,203,7203,64,46.669,-43.7652,342.2408,2.0912,4.8595,0.7178,-0.2404,-0.2957,0.1024,0.7569,0.01,-0.3129,-0.0073,car,191,74.357,-27.1393,-5.2711,-2.9937,6.0616,-0.0592,209.0344,6.061908519600077,21.822870670560278,-27.688000000000002,-16.6259,5.988899999999999,2.7533,6.591478142268241,32.296221060830014,0,21_191_202_7253_ego_191,0,7253,7253,7258,vehicle_vehicle,0.2628129226082215,1.6506816842905385,2.5762106823970514,13.242154781228017,15.0,3.0,3.5,0.8,7.691489381127688,27.68936177205968
21,191,7204,409,74.1455,-27.2592,209.1282,2.0905,5.2067,-5.3168,-3.0387,-1.0419,-1.1494,6.1235,-0.0663,1.4696,-0.4969,car,191,74.1455,-27.2592,-5.3168,-3.0387,6.1235,-0.0663,209.1282,6.123892547228437,22.046013170022373,0.0,0.0,0.0,0.0,0.0,0.0,1,21_191_202_7253_ego_191,1,7253,7253,7258,vehicle_vehicle,0.2628129226082215,1.6506816842905385,2.5762106823970514,13.242154781228017,15.0,3.0,3.5,0.8,7.691489381127688,27.68936177205968
21,196,7204,331,66.3713,-36.6409,230.3814,1.8946,3.6036,-5.1468,-7.1296,2.8268,-2.6772,8.774,-0.5818,0.2597,-3.8847,car,191,74.1455,-27.2592,-5.3168,-3.0387,6.1235,-0.0663,209.1282,6.123892547228437,22.046013170022373,-7.774199999999993,-9.381700000000002,0.16999999999999993,-4.0908999999999995,4.09443070645969,12.184189777330289,0,21_191_202_7253_ego_191,0,7253,7253,7258,vehicle_vehicle,0.2628129226082215,1.6506816842905385,2.5762106823970514,13.242154781228017,15.0,3.0,3.5,0.8,7.691489381127688,27.68936177205968
21,200,7204,175,76.2826,-30.6687,203.9757,2.057,4.5261,-6.3281,-2.9837,0.1021,-1.1174,6.9945,-0.1549,0.3608,-1.0624,car,191,74.1455,-27.2592,-5.3168,-3.0387,6.1235,-0.0663,209.1282,6.123892547228437,22.046013170022373,2.1371000000000038,-3.4095000000000013,-1.0113000000000003,0.05500000000000016,1.0127944954431776,4.023914345509858,0,21_191_202_7253_ego_191,0,7253,7253,7258,vehicle_vehicle,0.2628129226082215,1.6506816842905385,2.5762106823970514,13.242154781228017,15.0,3.0,3.5,0.8,7.691489381127688,27.68936177205968
21,202,7204,140,52.4765,-46.1709,337.8819,2.1047,4.8561,0.3362,-0.1462,-0.0879,0.0514,0.3665,0.0088,-0.1007,-0.0145,car,191,74.1455,-27.2592,-5.3168,-3.0387,6.1235,-0.0663,209.1282,6.123892547228437,22.046013170022373,-21.668999999999997,-18.911700000000003,5.653,2.8925,6.3500366337525955,28.761049318305478,0,21_191_202_7253_ego_191,1,7253,7253,7258,vehicle_vehicle,0.2628129226082215,1.6506816842905385,2.5762106823970514,13.242154781228017,15.0,3.0,3.5,0.8,7.691489381127688,27.68936177205968
21,203,7204,65,46.6974,-43.7753,342.2427,2.0912,4.8595,0.7078,-0.2361,-0.3124,0.1099,0.7461,0.0089,-0.331,-0.0094,car,191,74.1455,-27.2592,-5.3168,-3.0387,6.1235,-0.0663,209.1282,6.123892547228437,22.046013170022373,-27.448099999999997,-16.5161,6.0245999999999995,2.8026,6.644574622953677,32.03404053222135,0,21_191_202_7253_ego_191,0,7253,7253,7258,vehicle_vehicle,0.2628129226082215,1.6506816842905385,2.5762106823970514,13.242154781228017,15.0,3.0,3.5,0.8,7.691489381127688,27.68936177205968
21,191,7205,410,73.9316,-27.3808,209.2341,2.0905,5.2067,-5.3609,-3.0851,-1.0002,-1.1793,6.1848,-0.0741,1.4487,-0.5406,car,191,73.9316,-27.3808,-5.3609,-3.0851,6.1848,-0.0741,209.2341,6.185231670681382,22.26683401445298,0.0,0.0,0.0,0.0,0.0,0.0,1,21_191_202_7253_ego_191,1,7253,7253,7258,vehicle_vehicle,0.2628129226082215,1.6506816842905385,2.5762106823970514,13.242154781228017,15.0,3.0,3.5,0.8,7.691489381127688,27.68936177205968
21,196,7205,332,66.1662,-36.9282,231.4458,1.8946,3.6036,-5.0303,-7.2412,2.9158,-2.62,8.7979,-0.5794,0.2316,-3.9132,car,191,73.9316,-27.3808,-5.3609,-3.0851,6.1848,-0.0741,209.2341,6.185231670681382,22.26683401445298,-7.7654,-9.547399999999996,0.33059999999999956,-4.1561,4.169228174374725,12.306676396168054,0,21_191_202_7253_ego_191,0,7253,7253,7258,vehicle_vehicle,0.2628129226082215,1.6506816842905385,2.5762106823970514,13.242154781228017,15.0,3.0,3.5,0.8,7.691489381127688,27.68936177205968
21,200,7205,176,76.0303,-30.7881,204.2065,2.057,4.5261,-6.325,-3.0291,0.1259,-1.1851,7.0109,-0.1694,0.3711,-1.1325,car,191,73.9316,-27.3808,-5.3609,-3.0851,6.1848,-0.0741,209.2341,6.185231670681382,22.26683401445298,2.098699999999994,-3.4072999999999993,-0.9641000000000002,0.05600000000000005,0.9657250177975097,4.001778976905142,0,21_191_202_7253_ego_191,0,7253,7253,7258,vehicle_vehicle,0.2628129226082215,1.6506816842905385,2.5762106823970514,13.242154781228017,15.0,3.0,3.5,0.8,7.691489381127688,27.68936177205968
21,202,7205,141,52.4909,-46.1768,337.858,2.1047,4.8561,0.3318,-0.1438,-0.1057,0.0594,0.3615,0.0081,-0.1203,-0.0152,car,191,73.9316,-27.3808,-5.3609,-3.0851,6.1848,-0.0741,209.2341,6.185231670681382,22.26683401445298,-21.4407,-18.796,5.6927,2.9413,6.407657838867491,28.513036185050513,0,21_191_202_7253_ego_191,1,7253,7253,7258,vehicle_vehicle,0.2628129226082215,1.6506816842905385,2.5762106823970514,13.242154781228017,15.0,3.0,3.5,0.8,7.691489381127688,27.68936177205968
21,203,7205,66,46.7255,-43.7848,342.2446,2.0912,4.8595,0.6972,-0.2313,-0.3309,0.117,0.7346,0.0077,-0.3508,-0.0106,car,191,73.9316,-27.3808,-5.3609,-3.0851,6.1848,-0.0741,209.2341,6.185231670681382,22.26683401445298,-27.206100000000006,-16.403999999999996,6.0581,2.8538,6.696622286645709,31.768901353524964,0,21_191_202_7253_ego_191,0,7253,7253,7258,vehicle_vehicle,0.2628129226082215,1.6506816842905385,2.5762106823970514,13.242154781228017,15.0,3.0,3.5,0.8,7.691489381127688,27.68936177205968
21,191,7206,411,73.7158,-27.5054,209.3707,2.0905,5.2067,-5.403,-3.1328,-0.9562,-1.2087,6.245,-0.0802,1.4261,-0.5844,car,191,73.7158,-27.5054,-5.403,-3.1328,6.245,-0.0802,209.3707,6.245546000150827,22.483965600542977,0.0,0.0,0.0,0.0,0.0,0.0,1,21_191_202_7253_ego_191,1,7253,7253,7258,vehicle_vehicle,0.2628129226082215,1.6506816842905385,2.5762106823970514,13.242154781228017,15.0,3.0,3.5,0.8,7.691489381127688,27.68936177205968
21,196,7206,333,65.9664,-37.2206,232.514,1.8946,3.6036,-4.9099,-7.3503,3.0012,-2.5585,8.8205,-0.5772,0.2037,-3.9385,car,191,73.7158,-27.5054,-5.403,-3.1328,6.245,-0.0802,209.3707,6.245546000150827,22.483965600542977,-7.7494000000000085,-9.715199999999996,0.4930999999999992,-4.217499999999999,4.246228192172436,12.427321167492213,0,21_191_202_7253_ego_191,0,7253,7253,7258,vehicle_vehicle,0.2628129226082215,1.6506816842905385,2.5762106823970514,13.242154781228017,15.0,3.0,3.5,0.8,7.691489381127688,27.68936177205968
21,200,7206,177,75.7782,-30.9098,204.4639,2.057,4.5261,-6.3214,-3.0774,0.1509,-1.2521,7.0282,-0.1833,0.3811,-1.2022,car,191,73.7158,-27.5054,-5.403,-3.1328,6.245,-0.0802,209.3707,6.245546000150827,22.483965600542977,2.0623999999999967,-3.404399999999999,-0.9184000000000001,0.055400000000000116,0.9200694104251049,3.9803810269872377,0,21_191_202_7253_ego_191,0,7253,7253,7258,vehicle_vehicle,0.2628129226082215,1.6506816842905385,2.5762106823970514,13.242154781228017,15.0,3.0,3.5,0.8,7.691489381127688,27.68936177205968
21,202,7206,142,52.5051,-46.1823,337.835,2.1047,4.8561,0.3263,-0.1412,-0.1225,0.0672,0.3554,0.0076,-0.1388,-0.016,car,191,73.7158,-27.5054,-5.403,-3.1328,6.245,-0.0802,209.3707,6.245546000150827,22.483965600542977,-21.210700000000003,-18.676899999999996,5.729299999999999,2.9916,6.463323375013817,28.261641638446978,0,21_191_202_7253_ego_191,1,7253,7253,7258,vehicle_vehicle,0.2628129226082215,1.6506816842905385,2.5762106823970514,13.242154781228017,15.0,3.0,3.5,0.8,7.691489381127688,27.68936177205968
21,203,7206,67,46.7534,-43.7936,342.2522,2.0912,4.8595,0.6858,-0.2265,-0.3512,0.124,0.7222,0.0067,-0.3723,-0.011,car,191,73.7158,-27.5054,-5.403,-3.1328,6.245,-0.0802,209.3707,6.245546000150827,22.483965600542977,-26.962400000000002,-16.288199999999996,6.088799999999999,2.9063,6.746855944067577,31.500420203546494,0,21_191_202_7253_ego_191,0,7253,7253,7258,vehicle_vehicle,0.2628129226082215,1.6506816842905385,2.5762106823970514,13.242154781228017,15.0,3.0,3.5,0.8,7.691489381127688,27.68936177205968
21,191,7207,412,73.4985,-27.6321,209.5249,2.0905,5.2067,-5.4432,-3.1814,-0.9102,-1.2378,6.3041,-0.0858,1.402,-0.6285,car,191,73.4985,-27.6321,-5.4432,-3.1814,6.3041,-0.0858,209.5249,6.304738868502009,22.697059926607235,0.0,0.0,0.0,0.0,0.0,0.0,1,21_191_202_7253_ego_191,1,7253,7253,7258,vehicle_vehicle,0.2628129226082215,1.6506816842905385,2.5762106823970514,13.242154781228017,15.0,3.0,3.5,0.8,7.691489381127688,27.68936177205968
21,196,7207,334,65.7724,-37.5173,233.583,1.8946,3.6036,-4.786,-7.4566,3.0828,-2.4928,8.8417,-0.5753,0.1759,-3.9607,car,191,73.4985,-27.6321,-5.4432,-3.1814,6.3041,-0.0858,209.5249,6.304738868502009,22.697059926607235,-7.726100000000002,-9.885199999999998,0.6572000000000005,-4.2752,4.325418694184414,12.54630623928812,0,21_191_202_7253_ego_191,0,7253,7253,7258,vehicle_vehicle,0.2628129226082215,1.6506816842905385,2.5762106823970514,13.242154781228017,15.0,3.0,3.5,0.8,7.691489381127688,27.68936177205968
21,200,7207,178,75.5261,-31.0334,204.7456,2.057,4.5261,-6.3169,-3.1285,0.1775,-1.3181,7.0464,-0.197,0.3906,-1.2714,car,191,73.4985,-27.6321,-5.4432,-3.1814,6.3041,-0.0858,209.5249,6.304738868502009,22.697059926607235,2.0275999999999925,-3.401299999999999,-0.8737000000000004,0.05290000000000017,0.8753000057123276,3.9597984102729225,0,21_191_202_7253_ego_191,0,7253,7253,7258,vehicle_vehicle,0.2628129226082215,1.6506816842905385,2.5762106823970514,13.242154781228017,15.0,3.0,3.5,0.8,7.691489381127688,27.68936177205968
21,202,7207,143,52.5188,-46.1884,337.8149,2.1047,4.8561,0.3198,-0.138,-0.1378,0.0746,0.3482,0.0071,-0.1557,-0.0171,car,191,73.4985,-27.6321,-5.4432,-3.1814,6.3041,-0.0858,209.5249,6.304738868502009,22.697059926607235,-20.97970000000001,-18.5563,5.763,3.0434,6.517242711453978,28.008642983550637,0,21_191_202_7253_ego_191,1,7253,7253,7258,vehicle_vehicle,0.2628129226082215,1.6506816842905385,2.5762106823970514,13.242154781228017,15.0,3.0,3.5,0.8,7.691489381127688,27.68936177205968
21,203,7207,68,46.7811,-43.8022,342.2516,2.0912,4.8595,0.6733,-0.2215,-0.3732,0.1308,0.7087,0.0057,-0.3953,-0.0108,car,191,73.4985,-27.6321,-5.4432,-3.1814,6.3041,-0.0858,209.5249,6.304738868502009,22.697059926607235,-26.717400000000005,-16.170099999999998,6.1165,2.9599,6.7950408578609744,31.229658928172757,0,21_191_202_7253_ego_191,0,7253,7253,7258,vehicle_vehicle,0.2628129226082215,1.6506816842905385,2.5762106823970514,13.242154781228017,15.0,3.0,3.5,0.8,7.691489381127688,27.68936177205968
21,191,7208,413,73.28,-27.7607,209.6938,2.0905,5.2067,-5.4815,-3.231,-0.8623,-1.2667,6.3622,-0.0914,1.3765,-0.6732,car,191,73.28,-27.7607,-5.4815,-3.231,6.3622,-0.0914,209.6938,6.362876963292626,22.906357067853456,0.0,0.0,0.0,0.0,0.0,0.0,1,21_191_202_7253_ego_191,1,7253,7253,7258,vehicle_vehicle,0.2628129226082215,1.6506816842905385,2.5762106823970514,13.242154781228017,15.0,3.0,3.5,0.8,7.691489381127688,27.68936177205968
21,196,7208,335,65.583,-37.8182,234.6628,1.8946,3.6036,-4.6587,-7.5601,3.1606,-2.4233,8.8618,-0.5723,0.1488,-3.9799,car,191,73.28,-27.7607,-5.4815,-3.231,6.3622,-0.0914,209.6938,6.362876963292626,22.906357067853456,-7.697000000000003,-10.057499999999997,0.8228,-4.3291,4.406598081286743,12.664798271192478,0,21_191_202_7253_ego_191,0,7253,7253,7258,vehicle_vehicle,0.2628129226082215,1.6506816842905385,2.5762106823970514,13.242154781228017,15.0,3.0,3.5,0.8,7.691489381127688,27.68936177205968
21,200,7208,179,75.2744,-31.159,205.0406,2.057,4.5261,-6.3118,-3.1825,0.2057,-1.383,7.0655,-0.2118,0.399,-1.3401,car,191,73.28,-27.7607,-5.4815,-3.231,6.3622,-0.0914,209.6938,6.362876963292626,22.906357067853456,1.9943999999999988,-3.398299999999999,-0.8303000000000003,0.048499999999999766,0.8317152998472497,3.9403139786062717,0,21_191_202_7253_ego_191,0,7253,7253,7258,vehicle_vehicle,0.2628129226082215,1.6506816842905385,2.5762106823970514,13.242154781228017,15.0,3.0,3.5,0.8,7.691489381127688,27.68936177205968
21,202,7208,144,52.5317,-46.1944,337.7929,2.1047,4.8561,0.3126,-0.1344,-0.1514,0.0815,0.3402,0.0063,-0.171,-0.0182,car,191,73.28,-27.7607,-5.4815,-3.231,6.3622,-0.0914,209.6938,6.362876963292626,22.906357067853456,-20.7483,-18.4337,5.794099999999999,3.0966,6.569667143014172,27.75415732066099,0,21_191_202_7253_ego_191,1,7253,7253,7258,vehicle_vehicle,0.2628129226082215,1.6506816842905385,2.5762106823970514,13.242154781228017,15.0,3.0,3.5,0.8,7.691489381127688,27.68936177205968
21,203,7208,69,46.8081,-43.8103,342.2446,2.0912,4.8595,0.6597,-0.2165,-0.3967,0.1377,0.6943,0.005,-0.4198,-0.0102,car,191,73.28,-27.7607,-5.4815,-3.231,6.3622,-0.0914,209.6938,6.362876963292626,22.906357067853456,-26.471899999999998,-16.049599999999998,6.1411999999999995,3.0145,6.841165667486791,30.957247128418896,0,21_191_202_7253_ego_191,0,7253,7253,7258,vehicle_vehicle,0.2628129226082215,1.6506816842905385,2.5762106823970514,13.242154781228017,15.0,3.0,3.5,0.8,7.691489381127688,27.68936177205968
21,191,7209,414,73.0608,-27.8908,209.8604,2.0905,5.2067,-5.5182,-3.2819,-0.8122,-1.2955,6.4196,-0.0987,1.3494,-0.7191,car,191,73.0608,-27.8908,-5.5182,-3.2819,6.4196,-0.0987,209.8604,6.420389306732108,23.11340150423559,0.0,0.0,0.0,0.0,0.0,0.0,1,21_191_202_7253_ego_191,1,7253,7253,7258,vehicle_vehicle,0.2628129226082215,1.6506816842905385,2.5762106823970514,13.242154781228017,15.0,3.0,3.5,0.8,7.691489381127688,27.68936177205968
21,196,7209,336,65.3988,-38.123,235.7545,1.8946,3.6036,-4.5282,-7.6606,3.2342,-2.3501,8.8807,-0.5678,0.1227,-3.996,car,191,73.0608,-27.8908,-5.5182,-3.2819,6.4196,-0.0987,209.8604,6.420389306732108,23.11340150423559,-7.662000000000006,-10.232199999999999,0.9900000000000002,-4.3787,4.489221947063879,12.78296369548158,0,21_191_202_7253_ego_191,0,7253,7253,7258,vehicle_vehicle,0.2628129226082215,1.6506816842905385,2.5762106823970514,13.242154781228017,15.0,3.0,3.5,0.8,7.691489381127688,27.68936177205968
21,200,7209,180,75.0226,-31.2867,205.35,2.057,4.5261,-6.3057,-3.2394,0.2361,-1.4465,7.0854,-0.2277,0.406,-1.4083,car,191,73.0608,-27.8908,-5.5182,-3.2819,6.4196,-0.0987,209.8604,6.420389306732108,23.11340150423559,1.9617999999999967,-3.395900000000001,-0.7874999999999996,0.04249999999999998,0.788645991557682,3.921835800999322,0,21_191_202_7253_ego_191,0,7253,7253,7258,vehicle_vehicle,0.2628129226082215,1.6506816842905385,2.5762106823970514,13.242154781228017,15.0,3.0,3.5,0.8,7.691489381127688,27.68936177205968
21,202,7209,145,52.5443,-46.2003,337.7559,2.1047,4.8561,0.3048,-0.1303,-0.1633,0.0876,0.3314,0.0052,-0.1843,-0.0192,car,191,73.0608,-27.8908,-5.5182,-3.2819,6.4196,-0.0987,209.8604,6.420389306732108,23.11340150423559,-20.5165,-18.3095,5.823,3.1515999999999997,6.62117146432563,27.498446547032433,0,21_191_202_7253_ego_191,1,7253,7253,7258,vehicle_vehicle,0.2628129226082215,1.6506816842905385,2.5762106823970514,13.242154781228017,15.0,3.0,3.5,0.8,7.691489381127688,27.68936177205968
21,203,7209,70,46.835,-43.8186,342.219,2.0912,4.8595,0.6449,-0.2113,-0.4214,0.1449,0.6787,0.0042,-0.4455,-0.0093,car,191,73.0608,-27.8908,-5.5182,-3.2819,6.4196,-0.0987,209.8604,6.420389306732108,23.11340150423559,-26.2258,-15.927800000000005,6.1631,3.0705999999999998,6.885665252537332,30.6836666400872,0,21_191_202_7253_ego_191,0,7253,7253,7258,vehicle_vehicle,0.2628129226082215,1.6506816842905385,2.5762106823970514,13.242154781228017,15.0,3.0,3.5,0.8,7.691489381127688,27.68936177205968
21,191,7210,415,72.8399,-28.0235,210.0328,2.0905,5.2067,-5.5531,-3.3337,-0.7599,-1.3241,6.4761,-0.1068,1.3206,-0.766,car,191,72.8399,-28.0235,-5.5531,-3.3337,6.4761,-0.1068,210.0328,6.4769186578187,23.31690716814732,0.0,0.0,0.0,0.0,0.0,0.0,1,21_191_202_7253_ego_191,1,7253,7253,7258,vehicle_vehicle,0.2628129226082215,1.6506816842905385,2.5762106823970514,13.242154781228017,15.0,3.0,3.5,0.8,7.691489381127688,27.68936177205968
21,196,7210,337,65.2199,-38.4321,236.8383,1.8946,3.6036,-4.3945,-7.7578,3.3037,-2.2735,8.8981,-0.5648,0.0961,-4.0092,car,191,72.8399,-28.0235,-5.5531,-3.3337,6.4761,-0.1068,210.0328,6.4769186578187,23.31690716814732,-7.6200000000000045,-10.4086,1.1585999999999999,-4.424099999999999,4.573293645721866,12.899742398978363,0,21_191_202_7253_ego_191,0,7253,7253,7258,vehicle_vehicle,0.2628129226082215,1.6506816842905385,2.5762106823970514,13.242154781228017,15.0,3.0,3.5,0.8,7.691489381127688,27.68936177205968
21,200,7210,181,74.771,-31.4169,205.6989,2.057,4.5261,-6.2986,-3.299,0.2686,-1.5083,7.1061,-0.2414,0.412,-1.4756,car,191,72.8399,-28.0235,-5.5531,-3.3337,6.4761,-0.1068,210.0328,6.4769186578187,23.31690716814732,1.9311000000000007,-3.3933999999999997,-0.7455000000000007,0.03469999999999995,0.7463071351662136,3.9043963387443137,0,21_191_202_7253_ego_191,0,7253,7253,7258,vehicle_vehicle,0.2628129226082215,1.6506816842905385,2.5762106823970514,13.242154781228017,15.0,3.0,3.5,0.8,7.691489381127688,27.68936177205968
21,202,7210,146,52.5562,-46.206,337.726,2.1047,4.8561,0.2965,-0.1257,-0.1735,0.0927,0.322,0.0039,-0.1957,-0.02,car,191,72.8399,-28.0235,-5.5531,-3.3337,6.4761,-0.1068,210.0328,6.4769186578187,23.31690716814732,-20.283700000000003,-18.182500000000005,5.8496,3.2079999999999997,6.671512883896725,27.2402604969189,0,21_191_202_7253_ego_191,1,7253,7253,7258,vehicle_vehicle,0.2628129226082215,1.6506816842905385,2.5762106823970514,13.242154781228017,15.0,3.0,3.5,0.8,7.691489381127688,27.68936177205968
21,203,7210,71,46.8612,-43.8269,342.1871,2.0912,4.8595,0.6288,-0.2058,-0.447,0.1524,0.6617,0.0036,-0.4722,-0.0083,car,191,72.8399,-28.0235,-5.5531,-3.3337,6.4761,-0.1068,210.0328,6.4769186578187,23.31690716814732,-25.978700000000003,-15.803400000000003,6.1819,3.1279,6.9281776839223745,30.407898731250736,0,21_191_202_7253_ego_191,0,7253,7253,7258,vehicle_vehicle,0.2628129226082215,1.6506816842905385,2.5762106823970514,13.242154781228017,15.0,3.0,3.5,0.8,7.691489381127688,27.68936177205968
21,191,7211,416,72.6174,-28.1582,210.2282,2.0905,5.2067,-5.586,-3.3866,-0.7051,-1.3528,6.5314,-0.1138,1.2903,-0.8138,car,191,72.6174,-28.1582,-5.586,-3.3866,6.5314,-0.1138,210.2282,6.532415752231329,23.516696708032786,0.0,0.0,0.0,0.0,0.0,0.0,1,21_191_202_7253_ego_191,1,7253,7253,7258,vehicle_vehicle,0.2628129226082215,1.6506816842905385,2.5762106823970514,13.242154781228017,15.0,3.0,3.5,0.8,7.691489381127688,27.68936177205968
21,196,7211,338,65.0467,-38.7453,237.9303,1.8946,3.6036,-4.2581,-7.8516,3.3688,-2.1939,8.9143,-0.5605,0.0704,-4.0196,car,191,72.6174,-28.1582,-5.586,-3.3866,6.5314,-0.1138,210.2282,6.532415752231329,23.516696708032786,-7.570700000000002,-10.5871,1.3279000000000005,-4.465,4.658276871333434,13.015459457890836,0,21_191_202_7253_ego_191,0,7253,7253,7258,vehicle_vehicle,0.2628129226082215,1.6506816842905385,2.5762106823970514,13.242154781228017,15.0,3.0,3.5,0.8,7.691489381127688,27.68936177205968
21,200,7211,182,74.52,-31.5499,206.06,2.057,4.5261,-6.2904,-3.3612,0.3036,-1.5683,7.1275,-0.256,0.4162,-1.5423,car,191,72.6174,-28.1582,-5.586,-3.3866,6.5314,-0.1138,210.2282,6.532415752231329,23.516696708032786,1.9025999999999925,-3.3917,-0.7043999999999997,0.025399999999999867,0.7048578012620699,3.8888964565799347,0,21_191_202_7253_ego_191,0,7253,7253,7258,vehicle_vehicle,0.2628129226082215,1.6506816842905385,2.5762106823970514,13.242154781228017,15.0,3.0,3.5,0.8,7.691489381127688,27.68936177205968
21,202,7211,147,52.5681,-46.2112,337.7,2.1047,4.8561,0.2878,-0.1207,-0.182,0.0966,0.3121,0.0025,-0.205,-0.0204,car,191,72.6174,-28.1582,-5.586,-3.3866,6.5314,-0.1138,210.2282,6.532415752231329,23.516696708032786,-20.049300000000002,-18.052999999999997,5.8738,3.2659000000000002,6.720686665066301,26.979348388906654,0,21_191_202_7253_ego_191,1,7253,7253,7258,vehicle_vehicle,0.2628129226082215,1.6506816842905385,2.5762106823970514,13.242154781228017,15.0,3.0,3.5,0.8,7.691489381127688,27.68936177205968
21,203,7211,72,46.8871,-43.8346,342.1514,2.0912,4.8595,0.6113,-0.2002,-0.4732,0.1603,0.6432,0.0032,-0.4995,-0.0076,car,191,72.6174,-28.1582,-5.586,-3.3866,6.5314,-0.1138,210.2282,6.532415752231329,23.516696708032786,-25.730300000000007,-15.676400000000001,6.1973,3.1864,6.968477039497224,30.12968395204305,0,21_191_202_7253_ego_191,0,7253,7253,7258,vehicle_vehicle,0.2628129226082215,1.6506816842905385,2.5762106823970514,13.242154781228017,15.0,3.0,3.5,0.8,7.691489381127688,27.68936177205968
21,191,7212,417,72.393,-28.2946,210.4332,2.0905,5.2067,-5.6166,-3.4407,-0.6479,-1.3815,6.5856,-0.1216,1.2584,-0.863,car,191,72.393,-28.2946,-5.6166,-3.4407,6.5856,-0.1216,210.4332,6.586699632592942,23.71211867733459,0.0,0.0,0.0,0.0,0.0,0.0,1,21_191_202_7253_ego_191,1,7253,7253,7258,vehicle_vehicle,0.2628129226082215,1.6506816842905385,2.5762106823970514,13.242154781228017,15.0,3.0,3.5,0.8,7.691489381127688,27.68936177205968
21,196,7212,339,64.879,-39.0623,239.0528,1.8946,3.6036,-4.119,-7.9417,3.4297,-2.1117,8.9293,-0.5514,0.0474,-4.0274,car,191,72.393,-28.2946,-5.6166,-3.4407,6.5856,-0.1216,210.4332,6.586699632592942,23.71211867733459,-7.513999999999996,-10.767700000000001,1.4976000000000003,-4.5009999999999994,4.743606935655609,13.130253588183283,0,21_191_202_7253_ego_191,0,7253,7253,7258,vehicle_vehicle,0.2628129226082215,1.6506816842905385,2.5762106823970514,13.242154781228017,15.0,3.0,3.5,0.8,7.691489381127688,27.68936177205968
21,200,7212,183,74.2695,-31.6853,206.4452,2.057,4.5261,-6.2812,-3.4259,0.3414,-1.6265,7.1496,-0.2701,0.4186,-1.6083,car,191,72.393,-28.2946,-5.6166,-3.4407,6.5856,-0.1216,210.4332,6.586699632592942,23.71211867733459,1.876499999999993,-3.3907000000000025,-0.6646000000000001,0.014800000000000146,0.6647647704263517,3.8753191791128625,0,21_191_202_7253_ego_191,0,7253,7253,7258,vehicle_vehicle,0.2628129226082215,1.6506816842905385,2.5762106823970514,13.242154781228017,15.0,3.0,3.5,0.8,7.691489381127688,27.68936177205968
21,202,7212,148,52.5794,-46.2168,337.6843,2.1047,4.8561,0.2788,-0.1153,-0.1887,0.0992,0.3017,0.0008,-0.2122,-0.0201,car,191,72.393,-28.2946,-5.6166,-3.4407,6.5856,-0.1216,210.4332,6.586699632592942,23.71211867733459,-19.8136,-17.9222,5.8954,3.3254,6.768605936232365,26.71673628645535,0,21_191_202_7253_ego_191,1,7253,7253,7258,vehicle_vehicle,0.2628129226082215,1.6506816842905385,2.5762106823970514,13.242154781228017,15.0,3.0,3.5,0.8,7.691489381127688,27.68936177205968
21,203,7212,73,46.9125,-43.8427,342.1333,2.0912,4.8595,0.5922,-0.1942,-0.4994,0.1687,0.6232,0.0032,-0.5271,-0.0073,car,191,72.393,-28.2946,-5.6166,-3.4407,6.5856,-0.1216,210.4332,6.586699632592942,23.71211867733459,-25.4805,-15.548100000000002,6.2088,3.2465,7.006351382138924,29.84961128490621,0,21_191_202_7253_ego_191,0,7253,7253,7258,vehicle_vehicle,0.2628129226082215,1.6506816842905385,2.5762106823970514,13.242154781228017,15.0,3.0,3.5,0.8,7.691489381127688,27.68936177205968
21,191,7213,418,72.1672,-28.4329,210.6554,2.0905,5.2067,-5.6447,-3.4961,-0.5884,-1.4102,6.6384,-0.1294,1.2252,-0.9131,car,191,72.1672,-28.4329,-5.6447,-3.4961,6.6384,-0.1294,210.6554,6.639680210672801,23.902848758422085,0.0,0.0,0.0,0.0,0.0,0.0,1,21_191_202_7253_ego_191,1,7253,7253,7258,vehicle_vehicle,0.2628129226082215,1.6506816842905385,2.5762106823970514,13.242154781228017,15.0,3.0,3.5,0.8,7.691489381127688,27.68936177205968
21,196,7213,340,64.7167,-39.3826,240.1454,1.8946,3.6036,-3.9774,-8.0281,3.4862,-2.0274,8.9427,-0.5469,0.0229,-4.0328,car,191,72.1672,-28.4329,-5.6447,-3.4961,6.6384,-0.1294,210.6554,6.639680210672801,23.902848758422085,-7.450499999999991,-10.949699999999996,1.6673000000000004,-4.532,4.828966068425,13.244088505442713,0,21_191_202_7253_ego_191,0,7253,7253,7258,vehicle_vehicle,0.2628129226082215,1.6506816842905385,2.5762106823970514,13.242154781228017,15.0,3.0,3.5,0.8,7.691489381127688,27.68936177205968
21,200,7213,184,74.0197,-31.8237,206.8497,2.057,4.5261,-6.271,-3.4929,0.3824,-1.6826,7.1725,-0.284,0.4188,-1.6739,car,191,72.1672,-28.4329,-5.6447,-3.4961,6.6384,-0.1294,210.6554,6.639680210672801,23.902848758422085,1.8525000000000063,-3.3907999999999987,-0.6262999999999996,0.0032000000000000917,0.6263081749426551,3.863842762069908,0,21_191_202_7253_ego_191,0,7253,7253,7258,vehicle_vehicle,0.2628129226082215,1.6506816842905385,2.5762106823970514,13.242154781228017,15.0,3.0,3.5,0.8,7.691489381127688,27.68936177205968
21,202,7213,149,52.5902,-46.2218,337.6848,2.1047,4.8561,0.2695,-0.1096,-0.1936,0.1001,0.291,-0.001,-0.2171,-0.0191,car,191,72.1672,-28.4329,-5.6447,-3.4961,6.6384,-0.1294,210.6554,6.639680210672801,23.902848758422085,-19.57699999999999,-17.7889,5.9142,3.3865000000000003,6.815140782845209,26.451916607497456,0,21_191_202_7253_ego_191,1,7253,7253,7258,vehicle_vehicle,0.2628129226082215,1.6506816842905385,2.5762106823970514,13.242154781228017,15.0,3.0,3.5,0.8,7.691489381127688,27.68936177205968
21,203,7213,74,46.9371,-43.8506,342.1264,2.0912,4.8595,0.5714,-0.1877,-0.5251,0.1774,0.6015,0.0033,-0.5542,-0.0076,car,191,72.1672,-28.4329,-5.6447,-3.4961,6.6384,-0.1294,210.6554,6.639680210672801,23.902848758422085,-25.230099999999993,-15.4177,6.2161,3.3084000000000002,7.041690831753408,29.567945807918406,0,21_191_202_7253_ego_191,0,7253,7253,7258,vehicle_vehicle,0.2628129226082215,1.6506816842905385,2.5762106823970514,13.242154781228017,15.0,3.0,3.5,0.8,7.691489381127688,27.68936177205968
21,191,7214,419,71.9407,-28.5735,210.8868,2.0905,5.2067,-5.6702,-3.5528,-0.5268,-1.4386,6.6899,-0.1382,1.1906,-0.9642,car,191,71.9407,-28.5735,-5.6702,-3.5528,6.6899,-0.1382,210.8868,6.6913044976297416,24.08869619146707,0.0,0.0,0.0,0.0,0.0,0.0,1,21_191_202_7253_ego_191,1,7253,7253,7258,vehicle_vehicle,0.2628129226082215,1.6506816842905385,2.5762106823970514,13.242154781228017,15.0,3.0,3.5,0.8,7.691489381127688,27.68936177205968
21,196,7214,341,64.5598,-39.7061,241.2498,1.8946,3.6036,-3.8333,-8.1109,3.5382,-1.9412,8.9548,-0.5405,0.0001,-4.0357,car,191,71.9407,-28.5735,-5.6702,-3.5528,6.6899,-0.1382,210.8868,6.6913044976297416,24.08869619146707,-7.380900000000011,-11.1326,1.8369000000000004,-4.558100000000001,4.914313504448003,13.357112995329498,0,21_191_202_7253_ego_191,0,7253,7253,7258,vehicle_vehicle,0.2628129226082215,1.6506816842905385,2.5762106823970514,13.242154781228017,15.0,3.0,3.5,0.8,7.691489381127688,27.68936177205968
21,200,7214,185,73.7706,-31.9644,207.2661,2.057,4.5261,-6.2597,-3.5623,0.4271,-1.7367,7.1961,-0.2987,0.416,-1.7394,car,191,71.9407,-28.5735,-5.6702,-3.5528,6.6899,-0.1382,210.8868,6.6913044976297416,24.08869619146707,1.829899999999995,-3.390900000000002,-0.5894999999999992,-0.009500000000000064,0.589576542952651,3.853146353306606,0,21_191_202_7253_ego_191,0,7253,7253,7258,vehicle_vehicle,0.2628129226082215,1.6506816842905385,2.5762106823970514,13.242154781228017,15.0,3.0,3.5,0.8,7.691489381127688,27.68936177205968
21,202,7214,150,52.6002,-46.2256,337.6808,2.1047,4.8561,0.2604,-0.104,-0.197,0.0993,0.2804,-0.0027,-0.22,-0.017,car,191,71.9407,-28.5735,-5.6702,-3.5528,6.6899,-0.1382,210.8868,6.6913044976297416,24.08869619146707,-19.340500000000006,-17.6521,5.9306,3.4488,6.860483787605652,26.184949391969432,0,21_191_202_7253_ego_191,1,7253,7253,7258,vehicle_vehicle,0.2628129226082215,1.6506816842905385,2.5762106823970514,13.242154781228017,15.0,3.0,3.5,0.8,7.691489381127688,27.68936177205968
21,203,7214,75,46.961,-43.8586,342.1194,2.0912,4.8595,0.5491,-0.1807,-0.5499,0.1862,0.5781,0.0034,-0.5805,-0.0084,car,191,71.9407,-28.5735,-5.6702,-3.5528,6.6899,-0.1382,210.8868,6.6913044976297416,24.08869619146707,-24.97970000000001,-15.285100000000003,6.2193000000000005,3.3721,7.074655532250317,29.28514459756005,0,21_191_202_7253_ego_191,0,7253,7253,7258,vehicle_vehicle,0.2628129226082215,1.6506816842905385,2.5762106823970514,13.242154781228017,15.0,3.0,3.5,0.8,7.691489381127688,27.68936177205968
21,191,7215,420,71.7131,-28.7159,211.1389,2.0905,5.2067,-5.6932,-3.6109,-0.4633,-1.4666,6.7401,-0.1466,1.1549,-1.0157,car,191,71.7131,-28.7159,-5.6932,-3.6109,6.7401,-0.1466,211.1389,6.741744955870105,24.270281841132377,0.0,0.0,0.0,0.0,0.0,0.0,1,21_191_202_7253_ego_191,1,7253,7253,7258,vehicle_vehicle,0.2628129226082215,1.6506816842905385,2.5762106823970514,13.242154781228017,15.0,3.0,3.5,0.8,7.691489381127688,27.68936177205968
21,196,7215,342,64.4081,-40.0328,242.3479,1.8946,3.6036,-3.6866,-8.1899,3.5852,-1.8535,8.9655,-0.5354,-0.0221,-4.0359,car,191,71.7131,-28.7159,-5.6932,-3.6109,6.7401,-0.1466,211.1389,6.741744955870105,24.270281841132377,-7.304999999999993,-11.3169,2.0066,-4.579,4.999368416110179,13.469790295695027,0,21_191_202_7253_ego_191,0,7253,7253,7258,vehicle_vehicle,0.2628129226082215,1.6506816842905385,2.5762106823970514,13.242154781228017,15.0,3.0,3.5,0.8,7.691489381127688,27.68936177205968
21,200,7215,186,73.5211,-32.1078,207.6965,2.057,4.5261,-6.2468,-3.634,0.4759,-1.7887,7.2201,-0.3142,0.41,-1.805,car,191,71.7131,-28.7159,-5.6932,-3.6109,6.7401,-0.1466,211.1389,6.741744955870105,24.270281841132377,1.808000000000007,-3.391899999999996,-0.5536000000000003,-0.0230999999999999,0.5540817358476999,3.8436765745832466,0,21_191_202_7253_ego_191,0,7253,7253,7258,vehicle_vehicle,0.2628129226082215,1.6506816842905385,2.5762106823970514,13.242154781228017,15.0,3.0,3.5,0.8,7.691489381127688,27.68936177205968
21,202,7215,151,52.61,-46.2287,337.6721,2.1047,4.8561,0.2512,-0.0989,-0.1991,0.0972,0.27,-0.004,-0.2211,-0.0143,car,191,71.7131,-28.7159,-5.6932,-3.6109,6.7401,-0.1466,211.1389,6.741744955870105,24.270281841132377,-19.103099999999998,-17.512800000000002,5.9444,3.512,6.9043490178292695,25.915759557651402,0,21_191_202_7253_ego_191,1,7253,7253,7258,vehicle_vehicle,0.2628129226082215,1.6506816842905385,2.5762106823970514,13.242154781228017,15.0,3.0,3.5,0.8,7.691489381127688,27.68936177205968
21,203,7215,76,46.9842,-43.8665,342.1178,2.0912,4.8595,0.5251,-0.173,-0.5729,0.195,0.5529,0.0034,-0.6051,-0.0097,car,191,71.7131,-28.7159,-5.6932,-3.6109,6.7401,-0.1466,211.1389,6.741744955870105,24.270281841132377,-24.728899999999996,-15.1506,6.2183,3.4379,7.105379039854243,29.00102025050153,0,21_191_202_7253_ego_191,0,7253,7253,7258,vehicle_vehicle,0.2628129226082215,1.6506816842905385,2.5762106823970514,13.242154781228017,15.0,3.0,3.5,0.8,7.691489381127688,27.68936177205968
21,191,7216,421,71.4844,-28.8607,211.416,2.0905,5.2067,-5.7133,-3.6705,-0.398,-1.4938,6.7891,-0.1544,1.1183,-1.0674,car,191,71.4844,-28.8607,-5.7133,-3.6705,6.7891,-0.1544,211.416,6.79075600651356,24.446721623448816,0.0,0.0,0.0,0.0,0.0,0.0,1,21_191_202_7253_ego_191,1,7253,7253,7258,vehicle_vehicle,0.2628129226082215,1.6506816842905385,2.5762106823970514,13.242154781228017,15.0,3.0,3.5,0.8,7.691489381127688,27.68936177205968
21,196,7216,343,64.2625,-40.3629,243.4482,1.8946,3.6036,-3.5377,-8.2651,3.6269,-1.7646,8.9747,-0.53,-0.0428,-4.0332,car,191,71.4844,-28.8607,-5.7133,-3.6705,6.7891,-0.1544,211.416,6.79075600651356,24.446721623448816,-7.221899999999991,-11.502200000000002,2.1756,-4.5946,5.083658576261785,13.581474310618855,0,21_191_202_7253_ego_191,0,7253,7253,7258,vehicle_vehicle,0.2628129226082215,1.6506816842905385,2.5762106823970514,13.242154781228017,15.0,3.0,3.5,0.8,7.691489381127688,27.68936177205968
21,200,7216,187,73.272,-32.2549,208.1423,2.057,4.5261,-6.2321,-3.7077,0.529,-1.8384,7.2442,-0.3299,0.4007,-1.8706,car,191,71.4844,-28.8607,-5.7133,-3.6705,6.7891,-0.1544,211.416,6.79075600651356,24.446721623448816,1.7876000000000118,-3.394199999999998,-0.5187999999999997,-0.0371999999999999,0.5201319832504051,3.8361578956033635,0,21_191_202_7253_ego_191,0,7253,7253,7258,vehicle_vehicle,0.2628129226082215,1.6506816842905385,2.5762106823970514,13.242154781228017,15.0,3.0,3.5,0.8,7.691489381127688,27.68936177205968
21,202,7216,152,52.6195,-46.2315,337.6584,2.1047,4.8561,0.2421,-0.0943,-0.2,0.0942,0.2598,-0.0048,-0.2207,-0.0111,car,191,71.4844,-28.8607,-5.7133,-3.6705,6.7891,-0.1544,211.416,6.79075600651356,24.446721623448816,-18.86489999999999,-17.370799999999996,5.9554,3.5762,6.946653554050324,25.64428093454756,0,21_191_202_7253_ego_191,1,7253,7253,7258,vehicle_vehicle,0.2628129226082215,1.6506816842905385,2.5762106823970514,13.242154781228017,15.0,3.0,3.5,0.8,7.691489381127688,27.68936177205968
21,203,7216,77,47.0061,-43.8742,342.1154,2.0912,4.8595,0.4997,-0.1645,-0.5938,0.2033,0.5261,0.0031,-0.6275,-0.0112,car,191,71.4844,-28.8607,-5.7133,-3.6705,6.7891,-0.1544,211.416,6.79075600651356,24.446721623448816,-24.47829999999999,-15.0135,6.213,3.5060000000000002,7.133961382009297,28.71571613489727,0,21_191_202_7253_ego_191,0,7253,7253,7258,vehicle_vehicle,0.2628129226082215,1.6506816842905385,2.5762106823970514,13.242154781228017,15.0,3.0,3.5,0.8,7.691489381127688,27.68936177205968
21,191,7217,422,71.2549,-29.0076,211.7043,2.0905,5.2067,-5.7306,-3.7317,-0.3312,-1.5199,6.8366,-0.1632,1.0805,-1.119,car,191,71.2549,-29.0076,-5.7306,-3.7317,6.8366,-0.1632,211.7043,6.838520399179928,24.618673437047743,0.0,0.0,0.0,0.0,0.0,0.0,1,21_191_202_7253_ego_191,1,7253,7253,7258,vehicle_vehicle,0.2628129226082215,1.6506816842905385,2.5762106823970514,13.242154781228017,15.0,3.0,3.5,0.8,7.691489381127688,27.68936177205968
21,196,7217,344,64.1231,-40.6962,244.5518,1.8946,3.6036,-3.3867,-8.3361,3.6629,-1.675,8.9825,-0.5239,-0.0615,-4.0272,car,191,71.2549,-29.0076,-5.7306,-3.7317,6.8366,-0.1632,211.7043,6.838520399179928,24.618673437047743,-7.131800000000013,-11.688599999999997,2.3439,-4.6044,5.166659130424612,13.692550573213163,0,21_191_202_7253_ego_191,0,7253,7253,7258,vehicle_vehicle,0.2628129226082215,1.6506816842905385,2.5762106823970514,13.242154781228017,15.0,3.0,3.5,0.8,7.691489381127688,27.68936177205968
21,200,7217,188,73.0231,-32.4047,208.6197,2.057,4.5261,-6.2153,-3.7834,0.5865,-1.886,7.2682,-0.344,0.3886,-1.9365,car,191,71.2549,-29.0076,-5.7306,-3.7317,6.8366,-0.1632,211.7043,6.838520399179928,24.618673437047743,1.768199999999993,-3.3970999999999982,-0.48470000000000013,-0.05169999999999986,0.4874494640473001,3.8297284042083146,0,21_191_202_7253_ego_191,0,7253,7253,7258,vehicle_vehicle,0.2628129226082215,1.6506816842905385,2.5762106823970514,13.242154781228017,15.0,3.0,3.5,0.8,7.691489381127688,27.68936177205968
21,202,7217,153,52.6288,-46.2348,337.6367,2.1047,4.8561,0.2332,-0.09,-0.1998,0.0905,0.2499,-0.0055,-0.2192,-0.0076,car,191,71.2549,-29.0076,-5.7306,-3.7317,6.8366,-0.1632,211.7043,6.838520399179928,24.618673437047743,-18.626100000000008,-17.2272,5.9638,3.6417,6.987767120475611,25.371401637473642,0,21_191_202_7253_ego_191,1,7253,7253,7258,vehicle_vehicle,0.2628129226082215,1.6506816842905385,2.5762106823970514,13.242154781228017,15.0,3.0,3.5,0.8,7.691489381127688,27.68936177205968
21,203,7217,78,47.0266,-43.8814,342.1148,2.0912,4.8595,0.473,-0.1554,-0.6119,0.2108,0.4979,0.0027,-0.647,-0.0127,car,191,71.2549,-29.0076,-5.7306,-3.7317,6.8366,-0.1632,211.7043,6.838520399179928,24.618673437047743,-24.228300000000004,-14.8738,6.2036,3.5763,7.160626693942367,28.429569946272494,0,21_191_202_7253_ego_191,0,7253,7253,7258,vehicle_vehicle,0.2628129226082215,1.6506816842905385,2.5762106823970514,13.242154781228017,15.0,3.0,3.5,0.8,7.691489381127688,27.68936177205968
21,191,7218,423,71.0247,-29.1572,212.0148,2.0905,5.2067,-5.745,-3.7943,-0.2632,-1.5443,6.8827,-0.1716,1.0419,-1.1699,car,191,71.0247,-29.1572,-5.745,-3.7943,6.8827,-0.1716,212.0148,6.8848919737349545,24.785611105445838,0.0,0.0,0.0,0.0,0.0,0.0,1,21_191_202_7253_ego_191,1,7253,7253,7258,vehicle_vehicle,0.2628129226082215,1.6506816842905385,2.5762106823970514,13.242154781228017,15.0,3.0,3.5,0.8,7.691489381127688,27.68936177205968
21,196,7218,345,63.9902,-41.032,245.6533,1.8946,3.6036,-3.2341,-8.4031,3.6929,-1.5851,8.9891,-0.5177,-0.0783,-4.018,car,191,71.0247,-29.1572,-5.745,-3.7943,6.8827,-0.1716,212.0148,6.8848919737349545,24.785611105445838,-7.034499999999994,-11.874799999999997,2.5109,-4.6088000000000005,5.2483955881774005,13.801994975002703,0,21_191_202_7253_ego_191,0,7253,7253,7258,vehicle_vehicle,0.2628129226082215,1.6506816842905385,2.5762106823970514,13.242154781228017,15.0,3.0,3.5,0.8,7.691489381127688,27.68936177205968
21,200,7218,189,72.775,-32.558,209.1353,2.057,4.5261,-6.1963,-3.8608,0.6483,-1.9315,7.292,-0.3555,0.3742,-2.0028,car,191,71.0247,-29.1572,-5.745,-3.7943,6.8827,-0.1716,212.0148,6.8848919737349545,24.785611105445838,1.75030000000001,-3.4008000000000003,-0.4512999999999998,-0.0665,0.4561731469519001,3.824786363968586,0,21_191_202_7253_ego_191,0,7253,7253,7258,vehicle_vehicle,0.2628129226082215,1.6506816842905385,2.5762106823970514,13.242154781228017,15.0,3.0,3.5,0.8,7.691489381127688,27.68936177205968
21,202,7218,154,52.6374,-46.2383,337.6184,2.1047,4.8561,0.2244,-0.0858,-0.1987,0.0862,0.2402,-0.0061,-0.2166,-0.0041,car,191,71.0247,-29.1572,-5.745,-3.7943,6.8827,-0.1716,212.0148,6.8848919737349545,24.785611105445838,-18.387299999999996,-17.081100000000003,5.9694,3.7085,7.02756775918952,25.096947593283133,0,21_191_202_7253_ego_191,1,7253,7253,7258,vehicle_vehicle,0.2628129226082215,1.6506816842905385,2.5762106823970514,13.242154781228017,15.0,3.0,3.5,0.8,7.691489381127688,27.68936177205968
21,203,7218,79,47.0463,-43.8883,342.121,2.0912,4.8595,0.4451,-0.1457,-0.6268,0.2172,0.4684,0.002,-0.6632,-0.0143,car,191,71.0247,-29.1572,-5.745,-3.7943,6.8827,-0.1716,212.0148,6.8848919737349545,24.785611105445838,-23.978399999999993,-14.731100000000001,6.1901,3.6485999999999996,7.185375423038103,28.141943319003392,0,21_191_202_7253_ego_191,0,7253,7253,7258,vehicle_vehicle,0.2628129226082215,1.6506816842905385,2.5762106823970514,13.242154781228017,15.0,3.0,3.5,0.8,7.691489381127688,27.68936177205968
21,191,7219,424,70.7938,-29.3094,212.3521,2.0905,5.2067,-5.7562,-3.8581,-0.1943,-1.5668,6.9273,-0.1789,1.0026,-1.2197,car,191,70.7938,-29.3094,-5.7562,-3.8581,6.9273,-0.1789,212.3521,6.9295579981698685,24.94640879341153,0.0,0.0,0.0,0.0,0.0,0.0,1,21_191_202_7253_ego_191,1,7253,7253,7258,vehicle_vehicle,0.2628129226082215,1.6506816842905385,2.5762106823970514,13.242154781228017,15.0,3.0,3.5,0.8,7.691489381127688,27.68936177205968
21,196,7219,346,63.8634,-41.3704,246.7879,1.8946,3.6036,-3.0803,-8.4662,3.7169,-1.4954,8.9949,-0.5059,-0.0906,-4.0054,car,191,70.7938,-29.3094,-5.7562,-3.8581,6.9273,-0.1789,212.3521,6.9295579981698685,24.94640879341153,-6.930400000000006,-12.060999999999996,2.6759,-4.6081,5.32869837952947,13.910361791125348,0,21_191_202_7253_ego_191,0,7253,7253,7258,vehicle_vehicle,0.2628129226082215,1.6506816842905385,2.5762106823970514,13.242154781228017,15.0,3.0,3.5,0.8,7.691489381127688,27.68936177205968
21,200,7219,190,72.5269,-32.7144,209.6859,2.057,4.5261,-6.1744,-3.9399,0.7143,-1.9752,7.3152,-0.365,0.3576,-2.0697,car,191,70.7938,-29.3094,-5.7562,-3.8581,6.9273,-0.1789,212.3521,6.9295579981698685,24.94640879341153,1.7330999999999932,-3.4049999999999976,-0.41820000000000057,-0.08180000000000032,0.42612495819888385,3.8206884994723085,0,21_191_202_7253_ego_191,0,7253,7253,7258,vehicle_vehicle,0.2628129226082215,1.6506816842905385,2.5762106823970514,13.242154781228017,15.0,3.0,3.5,0.8,7.691489381127688,27.68936177205968
21,202,7219,155,52.6457,-46.2415,337.5932,2.1047,4.8561,0.2159,-0.0819,-0.197,0.0815,0.2308,-0.0066,-0.2132,-0.0002,car,191,70.7938,-29.3094,-5.7562,-3.8581,6.9273,-0.1789,212.3521,6.9295579981698685,24.94640879341153,-18.148100000000007,-16.932100000000002,5.9721,3.7762,7.065809567912229,24.820345364639877,0,21_191_202_7253_ego_191,1,7253,7253,7258,vehicle_vehicle,0.2628129226082215,1.6506816842905385,2.5762106823970514,13.242154781228017,15.0,3.0,3.5,0.8,7.691489381127688,27.68936177205968
21,203,7219,80,47.0649,-43.8949,342.1358,2.0912,4.8595,0.4161,-0.1353,-0.638,0.222,0.4376,0.0011,-0.6754,-0.0156,car,191,70.7938,-29.3094,-5.7562,-3.8581,6.9273,-0.1789,212.3521,6.9295579981698685,24.94640879341153,-23.728900000000003,-14.5855,6.1723,3.7228,7.208087619473004,27.853141752053755,0,21_191_202_7253_ego_191,0,7253,7253,7258,vehicle_vehicle,0.2628129226082215,1.6506816842905385,2.5762106823970514,13.242154781228017,15.0,3.0,3.5,0.8,7.691489381127688,27.68936177205968
21,191,7220,425,70.563,-29.4643,212.7032,2.0905,5.2067,-5.7646,-3.9231,-0.1247,-1.5871,6.9704,-0.1867,0.9625,-1.2682,car,191,70.563,-29.4643,-5.7646,-3.9231,6.9704,-0.1867,212.7032,6.972899452164787,25.102438027793234,0.0,0.0,0.0,0.0,0.0,0.0,1,21_191_202_7253_ego_191,1,7253,7253,7258,vehicle_vehicle,0.2628129226082215,1.6506816842905385,2.5762106823970514,13.242154781228017,15.0,3.0,3.5,0.8,7.691489381127688,27.68936177205968
21,196,7220,347,63.743,-41.7113,247.9452,1.8946,3.6036,-2.9254,-8.5252,3.7346,-1.4062,8.9999,-0.4899,-0.099,-3.9893,car,191,70.563,-29.4643,-5.7646,-3.9231,6.9704,-0.1867,212.7032,6.972899452164787,25.102438027793234,-6.82,-12.247,2.8392,-4.6021,5.407437567831921,14.017896026151714,0,21_191_202_7253_ego_191,0,7253,7253,7258,vehicle_vehicle,0.2628129226082215,1.6506816842905385,2.5762106823970514,13.242154781228017,15.0,3.0,3.5,0.8,7.691489381127688,27.68936177205968
21,200,7220,191,72.2793,-32.8731,210.2717,2.057,4.5261,-6.1494,-4.0209,0.7842,-2.0169,7.3378,-0.3727,0.3395,-2.1372,car,191,70.563,-29.4643,-5.7646,-3.9231,6.9704,-0.1867,212.7032,6.972899452164787,25.102438027793234,1.716300000000004,-3.4087999999999994,-0.38480000000000025,-0.09780000000000033,0.3970338524609712,3.8164909445719912,0,21_191_202_7253_ego_191,0,7253,7253,7258,vehicle_vehicle,0.2628129226082215,1.6506816842905385,2.5762106823970514,13.242154781228017,15.0,3.0,3.5,0.8,7.691489381127688,27.68936177205968
21,202,7220,156,52.6539,-46.2443,337.574,2.1047,4.8561,0.2075,-0.0783,-0.1948,0.0764,0.2217,-0.0068,-0.2092,0.0037,car,191,70.563,-29.4643,-5.7646,-3.9231,6.9704,-0.1867,212.7032,6.972899452164787,25.102438027793234,-17.909100000000002,-16.78,5.972099999999999,3.8447999999999998,7.1027083179587205,24.541887922692503,0,21_191_202_7253_ego_191,1,7253,7253,7258,vehicle_vehicle,0.2628129226082215,1.6506816842905385,2.5762106823970514,13.242154781228017,15.0,3.0,3.5,0.8,7.691489381127688,27.68936177205968
21,203,7220,81,47.0817,-43.9007,342.1509,2.0912,4.8595,0.3864,-0.1245,-0.6452,0.2251,0.4059,0.0001,-0.6831,-0.0165,car,191,70.563,-29.4643,-5.7646,-3.9231,6.9704,-0.1867,212.7032,6.972899452164787,25.102438027793234,-23.481300000000005,-14.436399999999999,6.151,3.7986,7.229395753449938,27.564126952435842,0,21_191_202_7253_ego_191,0,7253,7253,7258,vehicle_vehicle,0.2628129226082215,1.6506816842905385,2.5762106823970514,13.242154781228017,15.0,3.0,3.5,0.8,7.691489381127688,27.68936177205968
21,191,7221,426,70.3323,-29.6224,213.0641,2.0905,5.2067,-5.7701,-3.989,-0.0546,-1.6051,7.012,-0.195,0.9214,-1.3154,car,191,70.3323,-29.6224,-5.7701,-3.989,7.012,-0.195,213.0641,7.01471132763138,25.252960779472968,0.0,0.0,0.0,0.0,0.0,0.0,1,21_191_202_7253_ego_191,1,7253,7253,7258,vehicle_vehicle,0.2628129226082215,1.6506816842905385,2.5762106823970514,13.242154781228017,15.0,3.0,3.5,0.8,7.691489381127688,27.68936177205968
21,196,7221,348,63.6293,-42.0546,249.1128,1.8946,3.6036,-2.7699,-8.5803,3.7462,-1.3181,9.004,-0.4713,-0.1042,-3.9699,car,191,70.3323,-29.6224,-5.7701,-3.989,7.012,-0.195,213.0641,7.01471132763138,25.252960779472968,-6.703000000000003,-12.432200000000002,3.0002000000000004,-4.5912999999999995,5.484636335255055,14.124086017863247,0,21_191_202_7253_ego_191,0,7253,7253,7258,vehicle_vehicle,0.2628129226082215,1.6506816842905385,2.5762106823970514,13.242154781228017,15.0,3.0,3.5,0.8,7.691489381127688,27.68936177205968
21,200,7221,192,72.0326,-33.0346,210.8869,2.057,4.5261,-6.1211,-4.1039,0.8573,-2.0565,7.3597,-0.3797,0.3199,-2.205,car,191,70.3323,-29.6224,-5.7701,-3.989,7.012,-0.195,213.0641,7.01471132763138,25.252960779472968,1.7002999999999986,-3.4121999999999986,-0.351,-0.11490000000000045,0.3693277812458739,3.8123652671274804,0,21_191_202_7253_ego_191,0,7253,7253,7258,vehicle_vehicle,0.2628129226082215,1.6506816842905385,2.5762106823970514,13.242154781228017,15.0,3.0,3.5,0.8,7.691489381127688,27.68936177205968
21,202,7221,157,52.6621,-46.2472,337.5523,2.1047,4.8561,0.1993,-0.075,-0.1921,0.0709,0.2128,-0.0068,-0.2046,0.0078,car,191,70.3323,-29.6224,-5.7701,-3.989,7.012,-0.195,213.0641,7.01471132763138,25.252960779472968,-17.6702,-16.6248,5.9694,3.9139999999999997,7.1381462831746445,24.261490949238876,0,21_191_202_7253_ego_191,1,7253,7253,7258,vehicle_vehicle,0.2628129226082215,1.6506816842905385,2.5762106823970514,13.242154781228017,15.0,3.0,3.5,0.8,7.691489381127688,27.68936177205968
21,203,7221,82,47.0976,-43.906,342.1635,2.0912,4.8595,0.356,-0.1133,-0.648,0.2261,0.3736,-0.0011,-0.6861,-0.0167,car,191,70.3323,-29.6224,-5.7701,-3.989,7.012,-0.195,213.0641,7.01471132763138,25.252960779472968,-23.234700000000004,-14.2836,6.1261,3.8756999999999997,7.249148343081413,27.274026344674528,0,21_191_202_7253_ego_191,0,7253,7253,7258,vehicle_vehicle,0.2628129226082215,1.6506816842905385,2.5762106823970514,13.242154781228017,15.0,3.0,3.5,0.8,7.691489381127688,27.68936177205968
21,191,7222,427,70.101,-29.7838,213.4359,2.0905,5.2067,-5.7727,-4.0553,0.016,-1.6208,7.0518,-0.2034,0.8797,-1.3614,car,191,70.101,-29.7838,-5.7727,-4.0553,7.0518,-0.2034,213.4359,7.054751829795292,25.39710658726305,0.0,0.0,0.0,0.0,0.0,0.0,1,21_191_202_7253_ego_191,1,7253,7253,7258,vehicle_vehicle,0.2628129226082215,1.6506816842905385,2.5762106823970514,13.242154781228017,15.0,3.0,3.5,0.8,7.691489381127688,27.68936177205968
21,196,7222,349,63.5227,-42.4,250.2804,1.8946,3.6036,-2.6144,-8.6313,3.7519,-1.2314,9.0073,-0.4513,-0.1068,-3.9473,car,191,70.101,-29.7838,-5.7727,-4.0553,7.0518,-0.2034,213.4359,7.054751829795292,25.39710658726305,-6.578299999999999,-12.6162,3.1583000000000006,-4.576,5.560093064868608,14.228230154520272,0,21_191_202_7253_ego_191,0,7253,7253,7258,vehicle_vehicle,0.2628129226082215,1.6506816842905385,2.5762106823970514,13.242154781228017,15.0,3.0,3.5,0.8,7.691489381127688,27.68936177205968
21,200,7222,193,71.7866,-33.1997,211.5405,2.057,4.5261,-6.0891,-4.1888,0.9332,-2.0936,7.3807,-0.3848,0.2998,-2.2724,car,191,70.101,-29.7838,-5.7727,-4.0553,7.0518,-0.2034,213.4359,7.054751829795292,25.39710658726305,1.685600000000008,-3.4159000000000006,-0.3163999999999998,-0.13349999999999973,0.3434111384332194,3.809149533688594,0,21_191_202_7253_ego_191,0,7253,7253,7258,vehicle_vehicle,0.2628129226082215,1.6506816842905385,2.5762106823970514,13.242154781228017,15.0,3.0,3.5,0.8,7.691489381127688,27.68936177205968
21,202,7222,158,52.6699,-46.2495,337.5275,2.1047,4.8561,0.1911,-0.0722,-0.1889,0.0654,0.2042,-0.0064,-0.1995,0.0118,car,191,70.101,-29.7838,-5.7727,-4.0553,7.0518,-0.2034,213.4359,7.054751829795292,25.39710658726305,-17.4311,-16.4657,5.9638,3.9831,7.171610422352848,23.978376168956895,0,21_191_202_7253_ego_191,1,7253,7253,7258,vehicle_vehicle,0.2628129226082215,1.6506816842905385,2.5762106823970514,13.242154781228017,15.0,3.0,3.5,0.8,7.691489381127688,27.68936177205968
21,203,7222,83,47.1116,-43.9106,342.1855,2.0912,4.8595,0.3254,-0.1021,-0.6461,0.2249,0.341,-0.0023,-0.6839,-0.0165,car,191,70.101,-29.7838,-5.7727,-4.0553,7.0518,-0.2034,213.4359,7.054751829795292,25.39710658726305,-22.989399999999996,-14.126800000000003,6.0981000000000005,3.9532,7.267366362720405,26.982938879966355,0,21_191_202_7253_ego_191,0,7253,7253,7258,vehicle_vehicle,0.2628129226082215,1.6506816842905385,2.5762106823970514,13.242154781228017,15.0,3.0,3.5,0.8,7.691489381127688,27.68936177205968
21,191,7223,428,69.8701,-29.9484,213.8118,2.0905,5.2067,-5.7724,-4.1219,0.087,-1.6346,7.0898,-0.2126,0.8373,-1.4065,car,191,69.8701,-29.9484,-5.7724,-4.1219,7.0898,-0.2126,213.8118,7.093000871986412,25.534803139151084,0.0,0.0,0.0,0.0,0.0,0.0,1,21_191_202_7253_ego_191,1,7253,7253,7258,vehicle_vehicle,0.2628129226082215,1.6506816842905385,2.5762106823970514,13.242154781228017,15.0,3.0,3.5,0.8,7.691489381127688,27.68936177205968
21,196,7223,350,63.422,-42.7469,251.4299,1.8946,3.6036,-2.459,-8.6786,3.7521,-1.1465,9.0099,-0.4328,-0.1081,-3.9219,car,191,69.8701,-29.9484,-5.7724,-4.1219,7.0898,-0.2126,213.8118,7.093000871986412,25.534803139151084,-6.448099999999997,-12.798499999999997,3.3134,-4.556699999999999,5.63401583686095,14.33107099486985,0,21_191_202_7253_ego_191,0,7253,7253,7258,vehicle_vehicle,0.2628129226082215,1.6506816842905385,2.5762106823970514,13.242154781228017,15.0,3.0,3.5,0.8,7.691489381127688,27.68936177205968
21,200,7223,194,71.542,-33.3681,212.2112,2.057,4.5261,-6.0534,-4.2755,1.011,-2.1278,7.4007,-0.3907,0.2788,-2.3392,car,191,69.8701,-29.9484,-5.7724,-4.1219,7.0898,-0.2126,213.8118,7.093000871986412,25.534803139151084,1.671900000000008,-3.419699999999999,-0.2809999999999997,-0.15359999999999996,0.32024047214554224,3.8065204189653334,0,21_191_202_7253_ego_191,0,7253,7253,7258,vehicle_vehicle,0.2628129226082215,1.6506816842905385,2.5762106823970514,13.242154781228017,15.0,3.0,3.5,0.8,7.691489381127688,27.68936177205968
21,202,7223,159,52.6771,-46.2522,337.5069,2.1047,4.8561,0.1832,-0.0696,-0.1853,0.0599,0.1959,-0.0058,-0.1941,0.0156,car,191,69.8701,-29.9484,-5.7724,-4.1219,7.0898,-0.2126,213.8118,7.093000871986412,25.534803139151084,-17.19299999999999,-16.303800000000003,5.9556000000000004,4.0523,7.20349267022602,23.69415842438806,0,21_191_202_7253_ego_191,1,7253,7253,7258,vehicle_vehicle,0.2628129226082215,1.6506816842905385,2.5762106823970514,13.242154781228017,15.0,3.0,3.5,0.8,7.691489381127688,27.68936177205968
21,203,7223,84,47.1244,-43.9146,342.2029,2.0912,4.8595,0.2947,-0.0909,-0.6394,0.2215,0.3083,-0.0036,-0.6765,-0.0155,car,191,69.8701,-29.9484,-5.7724,-4.1219,7.0898,-0.2126,213.8118,7.093000871986412,25.534803139151084,-22.745699999999992,-13.9662,6.0671,4.031,7.284137794550567,26.69122722787395,0,21_191_202_7253_ego_191,0,7253,7253,7258,vehicle_vehicle,0.2628129226082215,1.6506816842905385,2.5762106823970514,13.242154781228017,15.0,3.0,3.5,0.8,7.691489381127688,27.68936177205968
21,191,7224,429,69.6395,-30.1155,214.1969,2.0905,5.2067,-5.7694,-4.1886,0.1585,-1.6468,7.1261,-0.2218,0.7945,-1.4511,car,191,69.6395,-30.1155,-5.7694,-4.1886,7.1261,-0.2218,214.1969,7.129540400334372,25.66634544120374,0.0,0.0,0.0,0.0,0.0,0.0,1,21_191_202_7253_ego_191,1,7253,7253,7258,vehicle_vehicle,0.2628129226082215,1.6506816842905385,2.5762106823970514,13.242154781228017,15.0,3.0,3.5,0.8,7.691489381127688,27.68936177205968
21,196,7224,351,63.3271,-43.0952,252.5364,1.8946,3.6036,-2.3039,-8.7224,3.7472,-1.0636,9.0118,-0.4199,-0.11,-3.8936,car,191,69.6395,-30.1155,-5.7694,-4.1886,7.1261,-0.2218,214.1969,7.129540400334372,25.66634544120374,-6.312399999999997,-12.979699999999998,3.4655,-4.5338,5.70657801926864,14.433260402625592,0,21_191_202_7253_ego_191,0,7253,7253,7258,vehicle_vehicle,0.2628129226082215,1.6506816842905385,2.5762106823970514,13.242154781228017,15.0,3.0,3.5,0.8,7.691489381127688,27.68936177205968
21,200,7224,195,71.2995,-33.5405,212.8934,2.057,4.5261,-6.0141,-4.3637,1.0902,-2.1591,7.4198,-0.398,0.2571,-2.405,car,191,69.6395,-30.1155,-5.7694,-4.1886,7.1261,-0.2218,214.1969,7.129540400334372,25.66634544120374,1.6599999999999966,-3.4250000000000007,-0.24469999999999992,-0.1750999999999996,0.3008954968091078,3.8060773770379384,0,21_191_202_7253_ego_191,0,7253,7253,7258,vehicle_vehicle,0.2628129226082215,1.6506816842905385,2.5762106823970514,13.242154781228017,15.0,3.0,3.5,0.8,7.691489381127688,27.68936177205968
21,202,7224,160,52.6841,-46.2545,337.4931,2.1047,4.8561,0.1755,-0.0674,-0.1814,0.0545,0.188,-0.0049,-0.1885,0.0191,car,191,69.6395,-30.1155,-5.7694,-4.1886,7.1261,-0.2218,214.1969,7.129540400334372,25.66634544120374,-16.955399999999997,-16.139,5.9449000000000005,4.1212,7.23367993831632,23.408394010696245,0,21_191_202_7253_ego_191,1,7253,7253,7258,vehicle_vehicle,0.2628129226082215,1.6506816842905385,2.5762106823970514,13.242154781228017,15.0,3.0,3.5,0.8,7.691489381127688,27.68936177205968
21,203,7224,85,47.1356,-43.9179,342.2197,2.0912,4.8595,0.2643,-0.0798,-0.6279,0.2159,0.276,-0.0047,-0.6639,-0.0139,car,191,69.6395,-30.1155,-5.7694,-4.1886,7.1261,-0.2218,214.1969,7.129540400334372,25.66634544120374,-22.5039,-13.802400000000002,6.0337,4.1088000000000005,7.299847473064077,26.399465164468772,0,21_191_202_7253_ego_191,0,7253,7253,7258,vehicle_vehicle,0.2628129226082215,1.6506816842905385,2.5762106823970514,13.242154781228017,15.0,3.0,3.5,0.8,7.691489381127688,27.68936177205968
21,191,7225,430,69.4087,-30.2854,214.5881,2.0905,5.2067,-5.7635,-4.2555,0.2303,-1.6578,7.1605,-0.2315,0.7515,-1.4956,car,191,69.4087,-30.2854,-5.7635,-4.2555,7.1605,-0.2315,214.5881,7.164301256926596,25.791484524935743,0.0,0.0,0.0,0.0,0.0,0.0,1,21_191_202_7253_ego_191,1,7253,7253,7258,vehicle_vehicle,0.2628129226082215,1.6506816842905385,2.5762106823970514,13.242154781228017,15.0,3.0,3.5,0.8,7.691489381127688,27.68936177205968
21,196,7225,352,63.238,-43.4456,253.6511,1.8946,3.6036,-2.1489,-8.7627,3.7371,-0.9829,9.0132,-0.4045,-0.1088,-3.8627,car,191,69.4087,-30.2854,-5.7635,-4.2555,7.1605,-0.2315,214.5881,7.164301256926596,25.791484524935743,-6.1706999999999965,-13.1602,3.6146,-4.507200000000001,5.777558740506237,14.535074906239732,0,21_191_202_7253_ego_191,0,7253,7253,7258,vehicle_vehicle,0.2628129226082215,1.6506816842905385,2.5762106823970514,13.242154781228017,15.0,3.0,3.5,0.8,7.691489381127688,27.68936177205968
21,200,7225,196,71.0583,-33.7158,213.5934,2.057,4.5261,-5.971,-4.4536,1.1702,-2.187,7.4379,-0.406,0.2353,-2.4692,car,191,69.4087,-30.2854,-5.7635,-4.2555,7.1605,-0.2315,214.5881,7.164301256926596,25.791484524935743,1.6496000000000066,-3.4304000000000023,-0.20750000000000046,-0.19810000000000016,0.2868795217508567,3.806418831395205,0,21_191_202_7253_ego_191,0,7253,7253,7258,vehicle_vehicle,0.2628129226082215,1.6506816842905385,2.5762106823970514,13.242154781228017,15.0,3.0,3.5,0.8,7.691489381127688,27.68936177205968
21,202,7225,161,52.6909,-46.2567,337.4748,2.1047,4.8561,0.168,-0.0657,-0.1772,0.0495,0.1804,-0.0037,-0.1827,0.0222,car,191,69.4087,-30.2854,-5.7635,-4.2555,7.1605,-0.2315,214.5881,7.164301256926596,25.791484524935743,-16.717799999999997,-15.971300000000003,5.9315,4.1898,7.2620325178286,23.120710640678844,0,21_191_202_7253_ego_191,1,7253,7253,7258,vehicle_vehicle,0.2628129226082215,1.6506816842905385,2.5762106823970514,13.242154781228017,15.0,3.0,3.5,0.8,7.691489381127688,27.68936177205968
21,203,7225,86,47.1455,-43.9199,342.2337,2.0912,4.8595,0.2345,-0.0694,-0.6117,0.2083,0.2444,-0.0054,-0.6461,-0.0118,car,191,69.4087,-30.2854,-5.7635,-4.2555,7.1605,-0.2315,214.5881,7.164301256926596,25.791484524935743,-22.263199999999998,-13.6345,5.997999999999999,4.1861,7.314330947530333,26.106506171642348,0,21_191_202_7253_ego_191,0,7253,7253,7258,vehicle_vehicle,0.2628129226082215,1.6506816842905385,2.5762106823970514,13.242154781228017,15.0,3.0,3.5,0.8,7.691489381127688,27.68936177205968
21,191,7226,431,69.178,-30.4578,214.9828,2.0905,5.2067,-5.7546,-4.3224,0.3026,-1.6681,7.193,-0.2422,0.7085,-1.5402,car,191,69.178,-30.4578,-5.7546,-4.3224,7.193,-0.2422,214.9828,7.197121849739658,25.90963865906277,0.0,0.0,0.0,0.0,0.0,0.0,1,21_191_202_7253_ego_191,1,7253,7253,7258,vehicle_vehicle,0.2628129226082215,1.6506816842905385,2.5762106823970514,13.242154781228017,15.0,3.0,3.5,0.8,7.691489381127688,27.68936177205968
21,196,7226,353,63.155,-43.7971,254.7596,1.8946,3.6036,-1.9943,-8.7996,3.722,-0.9045,9.0144,-0.3889,-0.1057,-3.8289,car,191,69.178,-30.4578,-5.7546,-4.3224,7.193,-0.2422,214.9828,7.197121849739658,25.90963865906277,-6.022999999999996,-13.339300000000001,3.7603,-4.4772,5.846809038270362,14.636032710061835,0,21_191_202_7253_ego_191,0,7253,7253,7258,vehicle_vehicle,0.2628129226082215,1.6506816842905385,2.5762106823970514,13.242154781228017,15.0,3.0,3.5,0.8,7.691489381127688,27.68936177205968
21,200,7226,197,70.8186,-33.8941,214.3144,2.057,4.5261,-5.924,-4.5452,1.2504,-2.2111,7.4552,-0.4146,0.2137,-2.5312,car,191,69.178,-30.4578,-5.7546,-4.3224,7.193,-0.2422,214.9828,7.197121849739658,25.90963865906277,1.6406000000000063,-3.436300000000003,-0.16940000000000044,-0.22280000000000033,0.27988604824106594,3.807850581364773,0,21_191_202_7253_ego_191,0,7253,7253,7258,vehicle_vehicle,0.2628129226082215,1.6506816842905385,2.5762106823970514,13.242154781228017,15.0,3.0,3.5,0.8,7.691489381127688,27.68936177205968
21,202,7226,162,52.6976,-46.2588,337.4637,2.1047,4.8561,0.1606,-0.0643,-0.1728,0.0449,0.173,-0.0022,-0.1768,0.0247,car,191,69.178,-30.4578,-5.7546,-4.3224,7.193,-0.2422,214.9828,7.197121849739658,25.90963865906277,-16.480399999999996,-15.801000000000002,5.9152,4.2581,7.288415921858466,22.83145166563002,0,21_191_202_7253_ego_191,1,7253,7253,7258,vehicle_vehicle,0.2628129226082215,1.6506816842905385,2.5762106823970514,13.242154781228017,15.0,3.0,3.5,0.8,7.691489381127688,27.68936177205968
21,203,7226,87,47.1541,-43.9218,342.2457,2.0912,4.8595,0.2054,-0.0596,-0.5908,0.1991,0.2138,-0.0059,-0.6233,-0.0095,car,191,69.178,-30.4578,-5.7546,-4.3224,7.193,-0.2422,214.9828,7.197121849739658,25.90963865906277,-22.023899999999998,-13.463999999999999,5.96,4.2628,7.3275551065822775,25.81339704901313,0,21_191_202_7253_ego_191,0,7253,7253,7258,vehicle_vehicle,0.2628129226082215,1.6506816842905385,2.5762106823970514,13.242154781228017,15.0,3.0,3.5,0.8,7.691489381127688,27.68936177205968
21,191,7227,432,68.9476,-30.6323,215.3866,2.0905,5.2067,-5.7425,-4.3896,0.375,-1.6778,7.2237,-0.2532,0.6659,-1.585,car,191,68.9476,-30.6323,-5.7425,-4.3896,7.2237,-0.2532,215.3866,7.228062977727849,26.02102671982026,0.0,0.0,0.0,0.0,0.0,0.0,1,21_191_202_7253_ego_191,1,7253,7253,7258,vehicle_vehicle,0.2628129226082215,1.6506816842905385,2.5762106823970514,13.242154781228017,15.0,3.0,3.5,0.8,7.691489381127688,27.68936177205968
21,196,7227,354,63.0783,-44.1494,255.8865,1.8946,3.6036,-1.8404,-8.8335,3.7019,-0.8285,9.0157,-0.3691,-0.0992,-3.7921,car,191,68.9476,-30.6323,-5.7425,-4.3896,7.2237,-0.2532,215.3866,7.228062977727849,26.02102671982026,-5.8692999999999955,-13.5171,3.9021,-4.443900000000001,5.913935375027361,14.736372514971244,0,21_191_202_7253_ego_191,0,7253,7253,7258,vehicle_vehicle,0.2628129226082215,1.6506816842905385,2.5762106823970514,13.242154781228017,15.0,3.0,3.5,0.8,7.691489381127688,27.68936177205968
21,200,7227,198,70.5814,-34.0769,215.0535,2.057,4.5261,-5.8733,-4.6381,1.3301,-2.2309,7.4718,-0.4235,0.1925,-2.5902,car,191,68.9476,-30.6323,-5.7425,-4.3896,7.2237,-0.2532,215.3866,7.228062977727849,26.02102671982026,1.633800000000008,-3.444600000000001,-0.1308000000000007,-0.24849999999999994,0.28082181183091914,3.8124233238191207,0,21_191_202_7253_ego_191,0,7253,7253,7258,vehicle_vehicle,0.2628129226082215,1.6506816842905385,2.5762106823970514,13.242154781228017,15.0,3.0,3.5,0.8,7.691489381127688,27.68936177205968
21,202,7227,163,52.7039,-46.2605,337.4667,2.1047,4.8561,0.1534,-0.0634,-0.168,0.0412,0.166,-0.0002,-0.171,0.0264,car,191,68.9476,-30.6323,-5.7425,-4.3896,7.2237,-0.2532,215.3866,7.228062977727849,26.02102671982026,-16.243699999999997,-15.6282,5.8959,4.3262,7.312840983502923,22.541038683476852,0,21_191_202_7253_ego_191,1,7253,7253,7258,vehicle_vehicle,0.2628129226082215,1.6506816842905385,2.5762106823970514,13.242154781228017,15.0,3.0,3.5,0.8,7.691489381127688,27.68936177205968
21,203,7227,88,47.1609,-43.9233,342.2543,2.0912,4.8595,0.1775,-0.0504,-0.5654,0.1886,0.1844,-0.0061,-0.596,-0.0073,car,191,68.9476,-30.6323,-5.7425,-4.3896,7.2237,-0.2532,215.3866,7.228062977727849,26.02102671982026,-21.786699999999996,-13.290999999999997,5.92,4.3392,7.339962986282696,25.52079500897258,0,21_191_202_7253_ego_191,0,7253,7253,7258,vehicle_vehicle,0.2628129226082215,1.6506816842905385,2.5762106823970514,13.242154781228017,15.0,3.0,3.5,0.8,7.691489381127688,27.68936177205968
21,191,7228,433,68.7172,-30.8093,215.805,2.0905,5.2067,-5.7272,-4.4572,0.4472,-1.6871,7.2524,-0.2642,0.6243,-1.6299,car,191,68.7172,-30.8093,-5.7272,-4.4572,7.2524,-0.2642,215.805,7.257234437442406,26.126043974792662,0.0,0.0,0.0,0.0,0.0,0.0,1,21_191_202_7253_ego_191,1,7253,7253,7258,vehicle_vehicle,0.2628129226082215,1.6506816842905385,2.5762106823970514,13.242154781228017,15.0,3.0,3.5,0.8,7.691489381127688,27.68936177205968
21,196,7228,355,63.0074,-44.5029,256.9842,1.8946,3.6036,-1.6872,-8.8646,3.6766,-0.7546,9.0169,-0.3526,-0.0929,-3.7521,car,191,68.7172,-30.8093,-5.7272,-4.4572,7.2524,-0.2642,215.805,7.257234437442406,26.126043974792662,-5.709800000000008,-13.693599999999996,4.04,-4.407399999999999,5.978860657349358,14.836323567514967,0,21_191_202_7253_ego_191,0,7253,7253,7258,vehicle_vehicle,0.2628129226082215,1.6506816842905385,2.5762106823970514,13.242154781228017,15.0,3.0,3.5,0.8,7.691489381127688,27.68936177205968
21,200,7228,199,70.3469,-34.2641,215.8033,2.057,4.5261,-5.8191,-4.7318,1.409,-2.2463,7.4876,-0.4334,0.1713,-2.6461,car,191,68.7172,-30.8093,-5.7272,-4.4572,7.2524,-0.2642,215.805,7.257234437442406,26.126043974792662,1.6296999999999997,-3.4547999999999988,-0.09189999999999987,-0.2745999999999995,0.28956997427219505,3.819890722258948,0,21_191_202_7253_ego_191,0,7253,7253,7258,vehicle_vehicle,0.2628129226082215,1.6506816842905385,2.5762106823970514,13.242154781228017,15.0,3.0,3.5,0.8,7.691489381127688,27.68936177205968
21,202,7228,164,52.7095,-46.2628,337.4829,2.1047,4.8561,0.1466,-0.0628,-0.1631,0.0384,0.1595,0.0019,-0.1654,0.027,car,191,68.7172,-30.8093,-5.7272,-4.4572,7.2524,-0.2642,215.805,7.257234437442406,26.126043974792662,-16.007700000000007,-15.453499999999998,5.8738,4.3944,7.335685230433487,22.249879135402065,0,21_191_202_7253_ego_191,1,7253,7253,7258,vehicle_vehicle,0.2628129226082215,1.6506816842905385,2.5762106823970514,13.242154781228017,15.0,3.0,3.5,0.8,7.691489381127688,27.68936177205968
21,203,7228,89,47.1657,-43.9245,342.2528,2.0912,4.8595,0.1513,-0.0419,-0.5362,0.1769,0.1569,-0.0062,-0.5646,-0.0051,car,191,68.7172,-30.8093,-5.7272,-4.4572,7.2524,-0.2642,215.805,7.257234437442406,26.126043974792662,-21.551500000000004,-13.115200000000002,5.8785,4.4153,7.351981796767454,25.228468508611464,0,21_191_202_7253_ego_191,0,7253,7253,7258,vehicle_vehicle,0.2628129226082215,1.6506816842905385,2.5762106823970514,13.242154781228017,15.0,3.0,3.5,0.8,7.691489381127688,27.68936177205968
21,191,7229,434,68.4873,-30.9886,216.2189,2.0905,5.2067,-5.7086,-4.5253,0.519,-1.6958,7.2793,-0.2778,0.5833,-1.6747,car,191,68.4873,-30.9886,-5.7086,-4.5253,7.2793,-0.2778,216.2189,7.284672542400241,26.224821152640867,0.0,0.0,0.0,0.0,0.0,0.0,1,21_191_202_7253_ego_191,1,7253,7253,7258,vehicle_vehicle,0.2628129226082215,1.6506816842905385,2.5762106823970514,13.242154781228017,15.0,3.0,3.5,0.8,7.691489381127688,27.68936177205968
21,196,7229,356,62.9431,-44.8576,258.0602,1.8946,3.6036,-1.5351,-8.893,3.6463,-0.6826,9.0182,-0.3379,-0.0865,-3.7086,car,191,68.4873,-30.9886,-5.7086,-4.5253,7.2793,-0.2778,216.2189,7.284672542400241,26.224821152640867,-5.544200000000004,-13.868999999999996,4.1735,-4.367700000000001,6.041101351574894,14.936107747334978,0,21_191_202_7253_ego_191,0,7253,7253,7258,vehicle_vehicle,0.2628129226082215,1.6506816842905385,2.5762106823970514,13.242154781228017,15.0,3.0,3.5,0.8,7.691489381127688,27.68936177205968
21,200,7229,200,70.114,-34.454,216.5656,2.057,4.5261,-5.7613,-4.8266,1.4868,-2.257,7.5028,-0.4444,0.1504,-2.6985,car,191,68.4873,-30.9886,-5.7086,-4.5253,7.2793,-0.2778,216.2189,7.284672542400241,26.224821152640867,1.6266999999999996,-3.465399999999999,-0.052700000000000635,-0.30130000000000035,0.30587412443683476,3.8282045465204693,0,21_191_202_7253_ego_191,0,7253,7253,7258,vehicle_vehicle,0.2628129226082215,1.6506816842905385,2.5762106823970514,13.242154781228017,15.0,3.0,3.5,0.8,7.691489381127688,27.68936177205968
21,202,7229,165,52.7149,-46.2651,337.5126,2.1047,4.8561,0.14,-0.0624,-0.1581,0.0367,0.1532,0.0041,-0.1601,0.0266,car,191,68.4873,-30.9886,-5.7086,-4.5253,7.2793,-0.2778,216.2189,7.284672542400241,26.224821152640867,-15.772400000000005,-15.276499999999995,5.848599999999999,4.462899999999999,7.35687422551181,21.957687811106158,0,21_191_202_7253_ego_191,1,7253,7253,7258,vehicle_vehicle,0.2628129226082215,1.6506816842905385,2.5762106823970514,13.242154781228017,15.0,3.0,3.5,0.8,7.691489381127688,27.68936177205968
21,203,7229,90,47.1694,-43.9255,342.2452,2.0912,4.8595,0.1272,-0.0341,-0.5038,0.1645,0.1315,-0.0063,-0.5299,-0.003,car,191,68.4873,-30.9886,-5.7086,-4.5253,7.2793,-0.2778,216.2189,7.284672542400241,26.224821152640867,-21.3179,-12.936899999999998,5.8358,4.4912,7.363928237021325,24.93624354268301,0,21_191_202_7253_ego_191,0,7253,7253,7258,vehicle_vehicle,0.2628129226082215,1.6506816842905385,2.5762106823970514,13.242154781228017,15.0,3.0,3.5,0.8,7.691489381127688,27.68936177205968
21,191,7230,435,68.258,-31.1714,216.6502,2.0905,5.2067,-5.6865,-4.5935,0.5896,-1.704,7.3042,-0.2909,0.5441,-1.7191,car,191,68.258,-31.1714,-5.6865,-4.5935,7.3042,-0.2909,216.6502,7.31002903551005,26.31610452783618,0.0,0.0,0.0,0.0,0.0,0.0,1,21_191_202_7253_ego_191,1,7253,7253,7258,vehicle_vehicle,0.2628129226082215,1.6506816842905385,2.5762106823970514,13.242154781228017,15.0,3.0,3.5,0.8,7.691489381127688,27.68936177205968
21,196,7230,357,62.8852,-45.2141,259.1309,1.8946,3.6036,-1.3845,-8.9184,3.611,-0.6125,9.0194,-0.3221,-0.0794,-3.6618,car,191,68.258,-31.1714,-5.6865,-4.5935,7.3042,-0.2909,216.6502,7.31002903551005,26.31610452783618,-5.372799999999998,-14.042700000000004,4.302,-4.3249,6.100160982302024,15.035438242033388,0,21_191_202_7253_ego_191,0,7253,7253,7258,vehicle_vehicle,0.2628129226082215,1.6506816842905385,2.5762106823970514,13.242154781228017,15.0,3.0,3.5,0.8,7.691489381127688,27.68936177205968
21,200,7230,201,69.8838,-34.6492,217.3505,2.057,4.5261,-5.7,-4.9217,1.5628,-2.2627,7.5171,-0.4543,0.1304,-2.7469,car,191,68.258,-31.1714,-5.6865,-4.5935,7.3042,-0.2909,216.6502,7.31002903551005,26.31610452783618,1.6257999999999981,-3.477800000000002,-0.013500000000000512,-0.3282000000000007,0.32847753347831943,3.83905176834072,0,21_191_202_7253_ego_191,0,7253,7253,7258,vehicle_vehicle,0.2628129226082215,1.6506816842905385,2.5762106823970514,13.242154781228017,15.0,3.0,3.5,0.8,7.691489381127688,27.68936177205968
21,202,7230,166,52.7201,-46.2676,337.537,2.1047,4.8561,0.1338,-0.062,-0.1531,0.036,0.1473,0.0062,-0.1552,0.0252,car,191,68.258,-31.1714,-5.6865,-4.5935,7.3042,-0.2909,216.6502,7.31002903551005,26.31610452783618,-15.537899999999993,-15.096200000000003,5.8203,4.531499999999999,7.376339494627399,21.663831398208394,0,21_191_202_7253_ego_191,1,7253,7253,7258,vehicle_vehicle,0.2628129226082215,1.6506816842905385,2.5762106823970514,13.242154781228017,15.0,3.0,3.5,0.8,7.691489381127688,27.68936177205968
21,203,7230,91,47.1719,-43.9257,342.2399,2.0912,4.8595,0.1052,-0.0272,-0.4691,0.1514,0.1085,-0.0062,-0.493,-0.0011,car,191,68.258,-31.1714,-5.6865,-4.5935,7.3042,-0.2909,216.6502,7.31002903551005,26.31610452783618,-21.086099999999995,-12.7543,5.7917,4.5663,7.375288779430945,24.643371962862545,0,21_191_202_7253_ego_191,0,7253,7253,7258,vehicle_vehicle,0.2628129226082215,1.6506816842905385,2.5762106823970514,13.242154781228017,15.0,3.0,3.5,0.8,7.691489381127688,27.68936177205968
21,191,7231,436,68.0304,-31.357,217.0985,2.0905,5.2067,-5.6613,-4.6619,0.6589,-1.7119,7.3275,-0.3035,0.5071,-1.7628,car,191,68.0304,-31.357,-5.6613,-4.6619,7.3275,-0.3035,217.0985,7.333732289905325,26.40143624365917,0.0,0.0,0.0,0.0,0.0,0.0,1,21_191_202_7253_ego_191,1,7253,7253,7258,vehicle_vehicle,0.2628129226082215,1.6506816842905385,2.5762106823970514,13.242154781228017,15.0,3.0,3.5,0.8,7.691489381127688,27.68936177205968
21,196,7231,358,62.8326,-45.5716,260.1779,1.8946,3.6036,-1.2352,-8.9408,3.571,-0.5444,9.0205,-0.3082,-0.0728,-3.6115,car,191,68.0304,-31.357,-5.6613,-4.6619,7.3275,-0.3035,217.0985,7.333732289905325,26.40143624365917,-5.197800000000001,-14.214599999999997,4.4261,-4.278899999999999,6.156244506190442,15.135123983634886,0,21_191_202_7253_ego_191,0,7253,7253,7258,vehicle_vehicle,0.2628129226082215,1.6506816842905385,2.5762106823970514,13.242154781228017,15.0,3.0,3.5,0.8,7.691489381127688,27.68936177205968
21,200,7231,202,69.6567,-34.8482,218.1464,2.057,4.5261,-5.6355,-5.0169,1.637,-2.2638,7.5308,-0.4645,0.1109,-2.7914,car,191,68.0304,-31.357,-5.6613,-4.6619,7.3275,-0.3035,217.0985,7.333732289905325,26.40143624365917,1.6263000000000005,-3.491199999999999,0.02579999999999938,-0.35499999999999954,0.35593628643340036,3.85140612374234,0,21_191_202_7253_ego_191,0,7253,7253,7258,vehicle_vehicle,0.2628129226082215,1.6506816842905385,2.5762106823970514,13.242154781228017,15.0,3.0,3.5,0.8,7.691489381127688,27.68936177205968
21,202,7231,167,52.7252,-46.271,337.5471,2.1047,4.8561,0.1278,-0.0613,-0.1482,0.0363,0.1415,0.0078,-0.1509,0.0231,car,191,68.0304,-31.357,-5.6613,-4.6619,7.3275,-0.3035,217.0985,7.333732289905325,26.40143624365917,-15.3052,-14.914000000000001,5.7890999999999995,4.6006,7.394538469032398,21.369991648103188,0,21_191_202_7253_ego_191,1,7253,7253,7258,vehicle_vehicle,0.2628129226082215,1.6506816842905385,2.5762106823970514,13.242154781228017,15.0,3.0,3.5,0.8,7.691489381127688,27.68936177205968
21,203,7231,92,47.1732,-43.9257,342.227,2.0912,4.8595,0.0856,-0.0212,-0.4331,0.1383,0.0879,-0.0059,-0.4547,0.0005,car,191,68.0304,-31.357,-5.6613,-4.6619,7.3275,-0.3035,217.0985,7.333732289905325,26.40143624365917,-20.8572,-12.5687,5.7469,4.6407,7.386674224574954,24.35148889760131,0,21_191_202_7253_ego_191,0,7253,7253,7258,vehicle_vehicle,0.2628129226082215,1.6506816842905385,2.5762106823970514,13.242154781228017,15.0,3.0,3.5,0.8,7.691489381127688,27.68936177205968
21,191,7232,437,67.8038,-31.545,217.5565,2.0905,5.2067,-5.6331,-4.7306,0.7264,-1.7195,7.3491,-0.3166,0.4723,-1.8059,car,191,67.8038,-31.545,-5.6331,-4.7306,7.3491,-0.3166,217.5565,7.355976615650705,26.481515816342537,0.0,0.0,0.0,0.0,0.0,0.0,1,21_191_202_7253_ego_191,1,7253,7253,7258,vehicle_vehicle,0.2628129226082215,1.6506816842905385,2.5762106823970514,13.242154781228017,15.0,3.0,3.5,0.8,7.691489381127688,27.68936177205968
21,196,7232,359,62.7847,-45.9299,261.2205,1.8946,3.6036,-1.0869,-8.9605,3.5258,-0.4783,9.0214,-0.2935,-0.0654,-3.5575,car,191,67.8038,-31.545,-5.6331,-4.7306,7.3491,-0.3166,217.5565,7.355976615650705,26.481515816342537,-5.019099999999995,-14.384900000000002,4.5462,-4.2299,6.20966894850281,15.235377016011123,0,21_191_202_7253_ego_191,0,7253,7253,7258,vehicle_vehicle,0.2628129226082215,1.6506816842905385,2.5762106823970514,13.242154781228017,15.0,3.0,3.5,0.8,7.691489381127688,27.68936177205968
21,200,7232,203,69.4323,-35.0512,218.9582,2.057,4.5261,-5.568,-5.1119,1.7092,-2.2602,7.5438,-0.4742,0.092,-2.8322,car,191,67.8038,-31.545,-5.6331,-4.7306,7.3491,-0.3166,217.5565,7.355976615650705,26.481515816342537,1.6285000000000025,-3.5061999999999998,0.06510000000000016,-0.3813000000000004,0.38681739878138927,3.865934646369492,0,21_191_202_7253_ego_191,0,7253,7253,7258,vehicle_vehicle,0.2628129226082215,1.6506816842905385,2.5762106823970514,13.242154781228017,15.0,3.0,3.5,0.8,7.691489381127688,27.68936177205968
21,202,7232,168,52.7305,-46.2736,337.544,2.1047,4.8561,0.1219,-0.0604,-0.1435,0.0372,0.1358,0.0093,-0.1468,0.0204,car,191,67.8038,-31.545,-5.6331,-4.7306,7.3491,-0.3166,217.5565,7.355976615650705,26.481515816342537,-15.073299999999996,-14.7286,5.755,4.6702,7.41153108608471,21.07453512773176,0,21_191_202_7253_ego_191,1,7253,7253,7258,vehicle_vehicle,0.2628129226082215,1.6506816842905385,2.5762106823970514,13.242154781228017,15.0,3.0,3.5,0.8,7.691489381127688,27.68936177205968
21,203,7232,93,47.1741,-43.9256,342.2201,2.0912,4.8595,0.0683,-0.0161,-0.3967,0.1254,0.0699,-0.0055,-0.416,0.0017,car,191,67.8038,-31.545,-5.6331,-4.7306,7.3491,-0.3166,217.5565,7.355976615650705,26.481515816342537,-20.629699999999993,-12.380600000000001,5.7014,4.7145,7.398139780377226,24.05958807731337,0,21_191_202_7253_ego_191,0,7253,7253,7258,vehicle_vehicle,0.2628129226082215,1.6506816842905385,2.5762106823970514,13.242154781228017,15.0,3.0,3.5,0.8,7.691489381127688,27.68936177205968
21,191,7233,438,67.5786,-31.7355,218.0377,2.0905,5.2067,-5.602,-4.7995,0.7919,-1.727,7.3696,-0.3283,0.4404,-1.8482,car,191,67.5786,-31.7355,-5.602,-4.7995,7.3696,-0.3283,218.0377,7.376828874929933,26.556583949747758,0.0,0.0,0.0,0.0,0.0,0.0,1,21_191_202_7253_ego_191,1,7253,7253,7258,vehicle_vehicle,0.2628129226082215,1.6506816842905385,2.5762106823970514,13.242154781228017,15.0,3.0,3.5,0.8,7.691489381127688,27.68936177205968
21,196,7233,360,62.7424,-46.2888,262.235,1.8946,3.6036,-0.9399,-8.9774,3.4749,-0.4144,9.0221,-0.2817,-0.0588,-3.499,car,191,67.5786,-31.7355,-5.602,-4.7995,7.3696,-0.3283,218.0377,7.376828874929933,26.556583949747758,-4.836199999999991,-14.553300000000004,4.662100000000001,-4.177899999999999,6.260193672722913,15.335819877985005,0,21_191_202_7253_ego_191,0,7253,7253,7258,vehicle_vehicle,0.2628129226082215,1.6506816842905385,2.5762106823970514,13.242154781228017,15.0,3.0,3.5,0.8,7.691489381127688,27.68936177205968
21,200,7233,204,69.2112,-35.2582,219.7811,2.057,4.5261,-5.4977,-5.2065,1.7793,-2.2523,7.5563,-0.4835,0.0738,-2.8694,car,191,67.5786,-31.7355,-5.602,-4.7995,7.3696,-0.3283,218.0377,7.376828874929933,26.556583949747758,1.6326000000000107,-3.522700000000004,0.10430000000000028,-0.40700000000000003,0.42015174639646574,3.8826277248791268,0,21_191_202_7253_ego_191,0,7253,7253,7258,vehicle_vehicle,0.2628129226082215,1.6506816842905385,2.5762106823970514,13.242154781228017,15.0,3.0,3.5,0.8,7.691489381127688,27.68936177205968
21,202,7233,169,52.7355,-46.2765,337.5367,2.1047,4.8561,0.1162,-0.0594,-0.1387,0.0387,0.13,0.0105,-0.143,0.0173,car,191,67.5786,-31.7355,-5.602,-4.7995,7.3696,-0.3283,218.0377,7.376828874929933,26.556583949747758,-14.843099999999993,-14.541,5.7182,4.7401,7.427405956994677,20.778794445539898,0,21_191_202_7253_ego_191,1,7253,7253,7258,vehicle_vehicle,0.2628129226082215,1.6506816842905385,2.5762106823970514,13.242154781228017,15.0,3.0,3.5,0.8,7.691489381127688,27.68936177205968
21,203,7233,94,47.1747,-43.9256,342.2114,2.0912,4.8595,0.0532,-0.0117,-0.3607,0.113,0.0542,-0.0051,-0.3779,0.0026,car,191,67.5786,-31.7355,-5.602,-4.7995,7.3696,-0.3283,218.0377,7.376828874929933,26.556583949747758,-20.403899999999993,-12.190100000000005,5.655200000000001,4.7878,7.409744656869089,23.76799682808797,0,21_191_202_7253_ego_191,0,7253,7253,7258,vehicle_vehicle,0.2628129226082215,1.6506816842905385,2.5762106823970514,13.242154781228017,15.0,3.0,3.5,0.8,7.691489381127688,27.68936177205968
21,191,7234,439,67.3552,-31.9284,218.5348,2.0905,5.2067,-5.5683,-4.869,0.8555,-1.7342,7.3891,-0.3397,0.4112,-1.8895,car,191,67.3552,-31.9284,-5.5683,-4.869,7.3891,-0.3397,218.5348,7.396832152347382,26.628595748450575,0.0,0.0,0.0,0.0,0.0,0.0,1,21_191_202_7253_ego_191,1,7253,7253,7258,vehicle_vehicle,0.2628129226082215,1.6506816842905385,2.5762106823970514,13.242154781228017,15.0,3.0,3.5,0.8,7.691489381127688,27.68936177205968
21,196,7234,361,62.7062,-46.6492,263.2913,1.8946,3.6036,-0.7943,-8.9915,3.4176,-0.3529,9.0227,-0.2616,-0.0487,-3.4355,car,191,67.3552,-31.9284,-5.5683,-4.869,7.3891,-0.3397,218.5348,7.396832152347382,26.628595748450575,-4.648999999999994,-14.7208,4.774,-4.1225000000000005,6.307620965942707,15.437459429582317,0,21_191_202_7253_ego_191,0,7253,7253,7258,vehicle_vehicle,0.2628129226082215,1.6506816842905385,2.5762106823970514,13.242154781228017,15.0,3.0,3.5,0.8,7.691489381127688,27.68936177205968
21,200,7234,205,68.9932,-35.4686,220.6039,2.057,4.5261,-5.4247,-5.3007,1.8476,-2.2403,7.5684,-0.4939,0.0553,-2.9033,car,191,67.3552,-31.9284,-5.5683,-4.869,7.3891,-0.3397,218.5348,7.396832152347382,26.628595748450575,1.6380000000000052,-3.5402000000000022,0.14360000000000017,-0.4317000000000002,0.45495697598784024,3.900776850833694,0,21_191_202_7253_ego_191,0,7253,7253,7258,vehicle_vehicle,0.2628129226082215,1.6506816842905385,2.5762106823970514,13.242154781228017,15.0,3.0,3.5,0.8,7.691489381127688,27.68936177205968
21,202,7234,170,52.74,-46.2791,337.5377,2.1047,4.8561,0.1106,-0.0581,-0.1339,0.0405,0.1244,0.0115,-0.1392,0.0137,car,191,67.3552,-31.9284,-5.5683,-4.869,7.3891,-0.3397,218.5348,7.396832152347382,26.628595748450575,-14.615199999999994,-14.3507,5.6789,4.8109,7.442759167136876,20.482838219592512,0,21_191_202_7253_ego_191,1,7253,7253,7258,vehicle_vehicle,0.2628129226082215,1.6506816842905385,2.5762106823970514,13.242154781228017,15.0,3.0,3.5,0.8,7.691489381127688,27.68936177205968
21,203,7234,95,47.175,-43.9257,342.2145,2.0912,4.8595,0.0401,-0.0079,-0.3257,0.1012,0.0406,-0.0048,-0.3411,0.0031,car,191,67.3552,-31.9284,-5.5683,-4.869,7.3891,-0.3397,218.5348,7.396832152347382,26.628595748450575,-20.1802,-11.9973,5.6084,4.8610999999999995,7.421889501333201,23.477130985919043,0,21_191_202_7253_ego_191,0,7253,7253,7258,vehicle_vehicle,0.2628129226082215,1.6506816842905385,2.5762106823970514,13.242154781228017,15.0,3.0,3.5,0.8,7.691489381127688,27.68936177205968
21,191,7235,440,67.1332,-32.1239,219.0556,2.0905,5.2067,-5.5321,-4.9391,0.9171,-1.7408,7.4079,-0.3497,0.3847,-1.9296,car,191,67.1332,-32.1239,-5.5321,-4.9391,7.4079,-0.3497,219.0556,7.4161202269111035,26.698032816879973,0.0,0.0,0.0,0.0,0.0,0.0,1,21_191_202_7253_ego_191,1,7253,7253,7258,vehicle_vehicle,0.2628129226082215,1.6506816842905385,2.5762106823970514,13.242154781228017,15.0,3.0,3.5,0.8,7.691489381127688,27.68936177205968
21,196,7235,362,62.6758,-47.0098,264.277,1.8946,3.6036,-0.6504,-9.0027,3.3535,-0.2941,9.0227,-0.2506,-0.0418,-3.3661,car,191,67.1332,-32.1239,-5.5321,-4.9391,7.4079,-0.3497,219.0556,7.4161202269111035,26.698032816879973,-4.4574,-14.8859,4.8816999999999995,-4.063600000000001,6.351680080891985,15.53893283240519,0,21_191_202_7253_ego_191,0,7253,7253,7258,vehicle_vehicle,0.2628129226082215,1.6506816842905385,2.5762106823970514,13.242154781228017,15.0,3.0,3.5,0.8,7.691489381127688,27.68936177205968
21,200,7235,206,68.7784,-35.6831,221.4373,2.057,4.5261,-5.3493,-5.3941,1.9142,-2.2243,7.5801,-0.5037,0.037,-2.9343,car,191,67.1332,-32.1239,-5.5321,-4.9391,7.4079,-0.3497,219.0556,7.4161202269111035,26.698032816879973,1.6452000000000027,-3.559200000000004,0.1827999999999994,-0.45500000000000007,0.49034767257528594,3.921044207860967,0,21_191_202_7253_ego_191,0,7253,7253,7258,vehicle_vehicle,0.2628129226082215,1.6506816842905385,2.5762106823970514,13.242154781228017,15.0,3.0,3.5,0.8,7.691489381127688,27.68936177205968
21,202,7235,171,52.7444,-46.2816,337.545,2.1047,4.8561,0.1051,-0.0567,-0.129,0.0426,0.1188,0.0123,-0.1355,0.0099,car,191,67.1332,-32.1239,-5.5321,-4.9391,7.4079,-0.3497,219.0556,7.4161202269111035,26.698032816879973,-14.388800000000003,-14.157699999999998,5.6372,4.8824,7.457603743830855,20.186085175932455,0,21_191_202_7253_ego_191,1,7253,7253,7258,vehicle_vehicle,0.2628129226082215,1.6506816842905385,2.5762106823970514,13.242154781228017,15.0,3.0,3.5,0.8,7.691489381127688,27.68936177205968
21,203,7235,96,47.1751,-43.926,342.2196,2.0912,4.8595,0.029,-0.0045,-0.2924,0.0902,0.029,-0.0045,-0.306,0.0034,car,191,67.1332,-32.1239,-5.5321,-4.9391,7.4079,-0.3497,219.0556,7.4161202269111035,26.698032816879973,-19.9581,-11.802100000000003,5.5611,4.9346,7.434790539752952,23.186533160867324,0,21_191_202_7253_ego_191,0,7253,7253,7258,vehicle_vehicle,0.2628129226082215,1.6506816842905385,2.5762106823970514,13.242154781228017,15.0,3.0,3.5,0.8,7.691489381127688,27.68936177205968
21,191,7236,441,66.9128,-32.3227,219.5996,2.0905,5.2067,-5.4935,-5.0094,0.9767,-1.7468,7.4259,-0.3582,0.3609,-1.9685,car,191,66.9128,-32.3227,-5.4935,-5.0094,7.4259,-0.3582,219.5996,7.434556517372102,26.76440346253957,0.0,0.0,0.0,0.0,0.0,0.0,1,21_191_202_7253_ego_191,1,7253,7253,7258,vehicle_vehicle,0.2628129226082215,1.6506816842905385,2.5762106823970514,13.242154781228017,15.0,3.0,3.5,0.8,7.691489381127688,27.68936177205968
21,196,7236,363,62.6513,-47.3722,265.2148,1.8946,3.6036,-0.5087,-9.0108,3.282,-0.2385,9.0219,-0.2448,-0.0361,-3.2905,car,191,66.9128,-32.3227,-5.4935,-5.0094,7.4259,-0.3582,219.5996,7.434556517372102,26.76440346253957,-4.261500000000005,-15.049500000000002,4.9848,-4.001399999999999,6.392138374597345,15.641222218867684,0,21_191_202_7253_ego_191,0,7253,7253,7258,vehicle_vehicle,0.2628129226082215,1.6506816842905385,2.5762106823970514,13.242154781228017,15.0,3.0,3.5,0.8,7.691489381127688,27.68936177205968
21,200,7236,207,68.5662,-35.9019,222.277,2.057,4.5261,-5.2713,-5.4863,1.9794,-2.2048,7.591,-0.5133,0.0187,-2.9629,car,191,66.9128,-32.3227,-5.4935,-5.0094,7.4259,-0.3582,219.5996,7.434556517372102,26.76440346253957,1.6533999999999907,-3.5792,0.22219999999999995,-0.47689999999999966,0.5261239872881673,3.942639242943738,0,21_191_202_7253_ego_191,0,7253,7253,7258,vehicle_vehicle,0.2628129226082215,1.6506816842905385,2.5762106823970514,13.242154781228017,15.0,3.0,3.5,0.8,7.691489381127688,27.68936177205968
21,202,7236,172,52.7483,-46.284,337.5456,2.1047,4.8561,0.1,-0.0552,-0.1241,0.0449,0.1135,0.0129,-0.1318,0.0059,car,191,66.9128,-32.3227,-5.4935,-5.0094,7.4259,-0.3582,219.5996,7.434556517372102,26.76440346253957,-14.164500000000004,-13.961300000000001,5.5935,4.9542,7.472037198114045,19.888462935581526,0,21_191_202_7253_ego_191,1,7253,7253,7258,vehicle_vehicle,0.2628129226082215,1.6506816842905385,2.5762106823970514,13.242154781228017,15.0,3.0,3.5,0.8,7.691489381127688,27.68936177205968
21,203,7236,97,47.1753,-43.9258,342.2266,2.0912,4.8595,0.0194,-0.0018,-0.2611,0.0799,0.019,-0.0042,-0.273,0.0036,car,191,66.9128,-32.3227,-5.4935,-5.0094,7.4259,-0.3582,219.5996,7.434556517372102,26.76440346253957,-19.737500000000004,-11.603100000000005,5.5129,5.0076,7.4476925399750495,22.89543264190481,0,21_191_202_7253_ego_191,0,7253,7253,7258,vehicle_vehicle,0.2628129226082215,1.6506816842905385,2.5762106823970514,13.242154781228017,15.0,3.0,3.5,0.8,7.691489381127688,27.68936177205968
21,191,7237,442,66.6945,-32.5243,220.1481,2.0905,5.2067,-5.4528,-5.0801,1.0344,-1.752,7.4435,-0.3674,0.3389,-2.0062,car,191,66.6945,-32.5243,-5.4528,-5.0801,7.4435,-0.3674,220.1481,7.4525461320276305,26.82916607529947,0.0,0.0,0.0,0.0,0.0,0.0,1,21_191_202_7253_ego_191,1,7253,7253,7258,vehicle_vehicle,0.2628129226082215,1.6506816842905385,2.5762106823970514,13.242154781228017,15.0,3.0,3.5,0.8,7.691489381127688,27.68936177205968
21,196,7237,364,62.6329,-47.7352,266.1691,1.8946,3.6036,-0.3695,-9.0158,3.2028,-0.1871,9.0203,-0.2337,-0.0273,-3.2081,car,191,66.6945,-32.5243,-5.4528,-5.0801,7.4435,-0.3674,220.1481,7.4525461320276305,26.82916607529947,-4.061600000000006,-15.210900000000002,5.0832999999999995,-3.9357000000000006,6.428815861416471,15.743826516130063,0,21_191_202_7253_ego_191,0,7253,7253,7258,vehicle_vehicle,0.2628129226082215,1.6506816842905385,2.5762106823970514,13.242154781228017,15.0,3.0,3.5,0.8,7.691489381127688,27.68936177205968
21,200,7237,208,68.3571,-36.1238,223.1348,2.057,4.5261,-5.1908,-5.5776,2.0432,-2.1822,7.6014,-0.5212,0.001,-2.9894,car,191,66.6945,-32.5243,-5.4528,-5.0801,7.4435,-0.3674,220.1481,7.4525461320276305,26.82916607529947,1.6625999999999976,-3.599500000000006,0.26199999999999957,-0.4975000000000005,0.5622723983977875,3.9649261039772274,0,21_191_202_7253_ego_191,0,7253,7253,7258,vehicle_vehicle,0.2628129226082215,1.6506816842905385,2.5762106823970514,13.242154781228017,15.0,3.0,3.5,0.8,7.691489381127688,27.68936177205968
21,202,7237,173,52.7518,-46.2862,337.5396,2.1047,4.8561,0.0952,-0.0536,-0.1193,0.0474,0.1084,0.0132,-0.1283,0.0018,car,191,66.6945,-32.5243,-5.4528,-5.0801,7.4435,-0.3674,220.1481,7.4525461320276305,26.82916607529947,-13.942700000000002,-13.761900000000004,5.548,5.0264999999999995,7.486388064347185,19.590527683041113,0,21_191_202_7253_ego_191,1,7253,7253,7258,vehicle_vehicle,0.2628129226082215,1.6506816842905385,2.5762106823970514,13.242154781228017,15.0,3.0,3.5,0.8,7.691489381127688,27.68936177205968
21,203,7237,98,47.1755,-43.9258,342.2349,2.0912,4.8595,0.0112,0.0006,-0.232,0.0705,0.0105,-0.004,-0.2424,0.0036,car,191,66.6945,-32.5243,-5.4528,-5.0801,7.4435,-0.3674,220.1481,7.4525461320276305,26.82916607529947,-19.519000000000005,-11.401500000000006,5.4639999999999995,5.0807,7.461153294900193,22.60498978654935,0,21_191_202_7253_ego_191,0,7253,7253,7258,vehicle_vehicle,0.2628129226082215,1.6506816842905385,2.5762106823970514,13.242154781228017,15.0,3.0,3.5,0.8,7.691489381127688,27.68936177205968
21,191,7238,443,66.4779,-32.7284,220.7144,2.0905,5.2067,-5.41,-5.1512,1.0907,-1.7563,7.4607,-0.3755,0.3189,-2.0427,car,191,66.4779,-32.7284,-5.41,-5.1512,7.4607,-0.3755,220.7144,7.470137979984038,26.89249672794254,0.0,0.0,0.0,0.0,0.0,0.0,1,21_191_202_7253_ego_191,1,7253,7253,7258,vehicle_vehicle,0.2628129226082215,1.6506816842905385,2.5762106823970514,13.242154781228017,15.0,3.0,3.5,0.8,7.691489381127688,27.68936177205968
21,196,7238,365,62.6208,-48.0976,267.0768,1.8946,3.6036,-0.2335,-9.0181,3.1157,-0.1405,9.0182,-0.2267,-0.0185,-3.1188,car,191,66.4779,-32.7284,-5.41,-5.1512,7.4607,-0.3755,220.7144,7.470137979984038,26.89249672794254,-3.8571000000000026,-15.3692,5.1765,-3.8669000000000002,6.4613518600986275,15.845804777605965,0,21_191_202_7253_ego_191,0,7253,7253,7258,vehicle_vehicle,0.2628129226082215,1.6506816842905385,2.5762106823970514,13.242154781228017,15.0,3.0,3.5,0.8,7.691489381127688,27.68936177205968
21,200,7238,209,68.1513,-36.349,224.006,2.057,4.5261,-5.1078,-5.6677,2.1057,-2.1566,7.6114,-0.528,-0.0163,-3.014,car,191,66.4779,-32.7284,-5.41,-5.1512,7.4607,-0.3755,220.7144,7.470137979984038,26.89249672794254,1.6734000000000009,-3.620599999999996,0.3022,-0.5164999999999997,0.5984121405853994,3.988610274268467,0,21_191_202_7253_ego_191,0,7253,7253,7258,vehicle_vehicle,0.2628129226082215,1.6506816842905385,2.5762106823970514,13.242154781228017,15.0,3.0,3.5,0.8,7.691489381127688,27.68936177205968
21,202,7238,174,52.7552,-46.2884,337.537,2.1047,4.8561,0.0907,-0.0518,-0.1147,0.05,0.1036,0.0133,-0.1251,-0.0024,car,191,66.4779,-32.7284,-5.41,-5.1512,7.4607,-0.3755,220.7144,7.470137979984038,26.89249672794254,-13.722700000000003,-13.560000000000002,5.5007,5.0994,7.5007720169326575,19.292125214449552,0,21_191_202_7253_ego_191,1,7253,7253,7258,vehicle_vehicle,0.2628129226082215,1.6506816842905385,2.5762106823970514,13.242154781228017,15.0,3.0,3.5,0.8,7.691489381127688,27.68936177205968
21,203,7238,99,47.1759,-43.9255,342.2446,2.0912,4.8595,0.0042,0.0025,-0.2051,0.062,0.0032,-0.0037,-0.2142,0.0035,car,191,66.4779,-32.7284,-5.41,-5.1512,7.4607,-0.3755,220.7144,7.470137979984038,26.89249672794254,-19.302000000000007,-11.197099999999999,5.4142,5.153700000000001,7.474903700383036,22.31461970121831,0,21_191_202_7253_ego_191,0,7253,7253,7258,vehicle_vehicle,0.2628129226082215,1.6506816842905385,2.5762106823970514,13.242154781228017,15.0,3.0,3.5,0.8,7.691489381127688,27.68936177205968
21,191,7239,444,66.2628,-32.9355,221.2984,2.0905,5.2067,-5.3652,-5.2225,1.1457,-1.7595,7.4775,-0.3827,0.3005,-2.078,car,191,66.2628,-32.9355,-5.3652,-5.2225,7.4775,-0.3827,221.2984,7.487314424411466,26.95433192788128,0.0,0.0,0.0,0.0,0.0,0.0,1,21_191_202_7253_ego_191,1,7253,7253,7258,vehicle_vehicle,0.2628129226082215,1.6506816842905385,2.5762106823970514,13.242154781228017,15.0,3.0,3.5,0.8,7.691489381127688,27.68936177205968
21,196,7239,366,62.6147,-48.4601,267.9822,1.8946,3.6036,-0.1013,-9.0178,3.0209,-0.0995,9.0158,-0.2162,-0.0069,-3.0225,car,191,66.2628,-32.9355,-5.3652,-5.2225,7.4775,-0.3827,221.2984,7.487314424411466,26.95433192788128,-3.6480999999999995,-15.5246,5.2639,-3.7952999999999992,6.489448767037151,15.947471234336808,0,21_191_202_7253_ego_191,0,7253,7253,7258,vehicle_vehicle,0.2628129226082215,1.6506816842905385,2.5762106823970514,13.242154781228017,15.0,3.0,3.5,0.8,7.691489381127688,27.68936177205968
21,200,7239,210,67.9492,-36.5781,224.8887,2.057,4.5261,-5.0225,-5.7566,2.167,-2.1282,7.621,-0.5339,-0.0333,-3.0371,car,191,66.2628,-32.9355,-5.3652,-5.2225,7.4775,-0.3827,221.2984,7.487314424411466,26.95433192788128,1.6864000000000061,-3.6426000000000016,0.3426999999999998,-0.5340999999999996,0.6345912857895225,4.014035341149855,0,21_191_202_7253_ego_191,0,7253,7253,7258,vehicle_vehicle,0.2628129226082215,1.6506816842905385,2.5762106823970514,13.242154781228017,15.0,3.0,3.5,0.8,7.691489381127688,27.68936177205968
21,202,7239,175,52.7586,-46.2908,337.531,2.1047,4.8561,0.0865,-0.0498,-0.1104,0.0527,0.0989,0.013,-0.1222,-0.0065,car,191,66.2628,-32.9355,-5.3652,-5.2225,7.4775,-0.3827,221.2984,7.487314424411466,26.95433192788128,-13.504199999999997,-13.3553,5.4517,5.1727,7.51517519290136,18.99282642815439,0,21_191_202_7253_ego_191,1,7253,7253,7258,vehicle_vehicle,0.2628129226082215,1.6506816842905385,2.5762106823970514,13.242154781228017,15.0,3.0,3.5,0.8,7.691489381127688,27.68936177205968
21,203,7239,100,47.1759,-43.9252,342.2547,2.0912,4.8595,-0.0018,0.004,-0.1805,0.0544,-0.0029,-0.0033,-0.1885,0.0032,car,191,66.2628,-32.9355,-5.3652,-5.2225,7.4775,-0.3827,221.2984,7.487314424411466,26.95433192788128,-19.0869,-10.9897,5.3633999999999995,5.2265,7.488815781550511,22.02460573313402,0,21_191_202_7253_ego_191,0,7253,7253,7258,vehicle_vehicle,0.2628129226082215,1.6506816842905385,2.5762106823970514,13.242154781228017,15.0,3.0,3.5,0.8,7.691489381127688,27.68936177205968
21,191,7240,445,66.0492,-33.1453,221.9053,2.0905,5.2067,-5.3181,-5.2943,1.1994,-1.7616,7.4941,-0.3883,0.2839,-2.1121,car,191,66.0492,-33.1453,-5.3181,-5.2943,7.4941,-0.3883,221.9053,7.5041188756575545,27.014827952367195,0.0,0.0,0.0,0.0,0.0,0.0,1,21_191_202_7253_ego_191,1,7253,7253,7258,vehicle_vehicle,0.2628129226082215,1.6506816842905385,2.5762106823970514,13.242154781228017,15.0,3.0,3.5,0.8,7.691489381127688,27.68936177205968
21,196,7240,367,62.6145,-48.8222,268.8768,1.8946,3.6036,0.0264,-9.0153,2.9188,-0.0647,9.0131,-0.2032,0.0075,-2.9195,car,191,66.0492,-33.1453,-5.3181,-5.2943,7.4941,-0.3883,221.9053,7.5041188756575545,27.014827952367195,-3.4346999999999994,-15.676900000000003,5.3445,-3.721,6.512259304573183,16.048749412337404,0,21_191_202_7253_ego_191,0,7253,7253,7258,vehicle_vehicle,0.2628129226082215,1.6506816842905385,2.5762106823970514,13.242154781228017,15.0,3.0,3.5,0.8,7.691489381127688,27.68936177205968
21,200,7240,211,67.7506,-36.8101,225.7825,2.057,4.5261,-4.9351,-5.8443,2.2274,-2.0973,7.6303,-0.5388,-0.0503,-3.059,car,191,66.0492,-33.1453,-5.3181,-5.2943,7.4941,-0.3883,221.9053,7.5041188756575545,27.014827952367195,1.7014000000000067,-3.6647999999999996,0.383,-0.5499999999999998,0.6702156369408281,4.04048524313603,0,21_191_202_7253_ego_191,0,7253,7253,7258,vehicle_vehicle,0.2628129226082215,1.6506816842905385,2.5762106823970514,13.242154781228017,15.0,3.0,3.5,0.8,7.691489381127688,27.68936177205968
21,202,7240,176,52.7618,-46.2933,337.5221,2.1047,4.8561,0.0825,-0.0475,-0.1065,0.0553,0.0944,0.0124,-0.1196,-0.0104,car,191,66.0492,-33.1453,-5.3181,-5.2943,7.4941,-0.3883,221.9053,7.5041188756575545,27.014827952367195,-13.287399999999998,-13.148000000000003,5.4006,5.2467999999999995,7.529634161099727,18.692910494623355,0,21_191_202_7253_ego_191,1,7253,7253,7258,vehicle_vehicle,0.2628129226082215,1.6506816842905385,2.5762106823970514,13.242154781228017,15.0,3.0,3.5,0.8,7.691489381127688,27.68936177205968
21,203,7240,101,47.1755,-43.925,342.2642,2.0912,4.8595,-0.0067,0.0052,-0.1582,0.0478,-0.0079,-0.0029,-0.1652,0.0027,car,191,66.0492,-33.1453,-5.3181,-5.2943,7.4941,-0.3883,221.9053,7.5041188756575545,27.014827952367195,-18.8737,-10.779699999999998,5.3114,5.2995,7.503044062912066,21.73518998720738,0,21_191_202_7253_ego_191,0,7253,7253,7258,vehicle_vehicle,0.2628129226082215,1.6506816842905385,2.5762106823970514,13.242154781228017,15.0,3.0,3.5,0.8,7.691489381127688,27.68936177205968
21,191,7241,446,65.8377,-33.3578,222.5322,2.0905,5.2067,-5.2691,-5.3663,1.2521,-1.7621,7.5105,-0.3925,0.2685,-2.1449,car,191,65.8377,-33.3578,-5.2691,-5.3663,7.5105,-0.3925,222.5322,7.5206775293187516,27.074439105547505,0.0,0.0,0.0,0.0,0.0,0.0,1,21_191_202_7253_ego_191,1,7253,7253,7258,vehicle_vehicle,0.2628129226082215,1.6506816842905385,2.5762106823970514,13.242154781228017,15.0,3.0,3.5,0.8,7.691489381127688,27.68936177205968
21,196,7241,368,62.6187,-49.1839,269.7369,1.8946,3.6036,0.1498,-9.0111,2.81,-0.0366,9.0103,-0.1912,0.0237,-2.8101,car,191,65.8377,-33.3578,-5.2691,-5.3663,7.5105,-0.3925,222.5322,7.5206775293187516,27.074439105547505,-3.219000000000001,-15.826100000000004,5.4189,-3.644800000000001,6.53062357282978,16.150151770494297,0,21_191_202_7253_ego_191,0,7253,7253,7258,vehicle_vehicle,0.2628129226082215,1.6506816842905385,2.5762106823970514,13.242154781228017,15.0,3.0,3.5,0.8,7.691489381127688,27.68936177205968
21,200,7241,212,67.5554,-37.0456,226.6987,2.057,4.5261,-4.8453,-5.9308,2.2871,-2.0637,7.6393,-0.5413,-0.0667,-3.0798,car,191,65.8377,-33.3578,-5.2691,-5.3663,7.5105,-0.3925,222.5322,7.5206775293187516,27.074439105547505,1.7177000000000078,-3.687800000000003,0.42379999999999995,-0.5644999999999998,0.7058800818836013,4.068213628854813,0,21_191_202_7253_ego_191,0,7253,7253,7258,vehicle_vehicle,0.2628129226082215,1.6506816842905385,2.5762106823970514,13.242154781228017,15.0,3.0,3.5,0.8,7.691489381127688,27.68936177205968
21,202,7241,177,52.7648,-46.2958,337.5025,2.1047,4.8561,0.0787,-0.0448,-0.1031,0.0575,0.0899,0.0113,-0.1172,-0.0137,car,191,65.8377,-33.3578,-5.2691,-5.3663,7.5105,-0.3925,222.5322,7.5206775293187516,27.074439105547505,-13.072899999999997,-12.938000000000002,5.3478,5.3214999999999995,7.544357301321299,18.392731129715347,0,21_191_202_7253_ego_191,1,7253,7253,7258,vehicle_vehicle,0.2628129226082215,1.6506816842905385,2.5762106823970514,13.242154781228017,15.0,3.0,3.5,0.8,7.691489381127688,27.68936177205968
21,203,7241,102,47.1753,-43.9249,342.2655,2.0912,4.8595,-0.0107,0.0062,-0.1381,0.0421,-0.0121,-0.0026,-0.1444,0.0019,car,191,65.8377,-33.3578,-5.2691,-5.3663,7.5105,-0.3925,222.5322,7.5206775293187516,27.074439105547505,-18.662399999999998,-10.567100000000003,5.2584,5.3725,7.517614436109369,21.446416394586766,0,21_191_202_7253_ego_191,0,7253,7253,7258,vehicle_vehicle,0.2628129226082215,1.6506816842905385,2.5762106823970514,13.242154781228017,15.0,3.0,3.5,0.8,7.691489381127688,27.68936177205968
21,191,7242,447,65.6276,-33.5731,223.1772,2.0905,5.2067,-5.2178,-5.4387,1.3036,-1.7609,7.5265,-0.3958,0.2543,-2.1761,car,191,65.6276,-33.5731,-5.2178,-5.4387,7.5265,-0.3958,223.1772,7.536902183921455,27.13284786211724,0.0,0.0,0.0,0.0,0.0,0.0,1,21_191_202_7253_ego_191,1,7253,7253,7258,vehicle_vehicle,0.2628129226082215,1.6506816842905385,2.5762106823970514,13.242154781228017,15.0,3.0,3.5,0.8,7.691489381127688,27.68936177205968
21,196,7242,369,62.6282,-49.5452,270.6056,1.8946,3.6036,0.2684,-9.0054,2.6947,-0.0154,9.0077,-0.1732,0.0439,-2.6944,car,191,65.6276,-33.5731,-5.2178,-5.4387,7.5265,-0.3958,223.1772,7.536902183921455,27.13284786211724,-2.9994000000000014,-15.972100000000005,5.4862,-3.5667,6.543679341929891,16.2512885264523,0,21_191_202_7253_ego_191,0,7253,7253,7258,vehicle_vehicle,0.2628129226082215,1.6506816842905385,2.5762106823970514,13.242154781228017,15.0,3.0,3.5,0.8,7.691489381127688,27.68936177205968
21,200,7242,213,67.3634,-37.285,227.6169,2.057,4.5261,-4.7532,-6.0157,2.3462,-2.0277,7.6476,-0.5442,-0.0838,-3.0998,car,191,65.6276,-33.5731,-5.2178,-5.4387,7.5265,-0.3958,223.1772,7.536902183921455,27.13284786211724,1.7357999999999976,-3.7119,0.4646000000000008,-0.577,0.7407983261320187,4.097707072253944,0,21_191_202_7253_ego_191,0,7253,7253,7258,vehicle_vehicle,0.2628129226082215,1.6506816842905385,2.5762106823970514,13.242154781228017,15.0,3.0,3.5,0.8,7.691489381127688,27.68936177205968
21,202,7242,178,52.7678,-46.2979,337.4853,2.1047,4.8561,0.0751,-0.0418,-0.1002,0.0591,0.0854,0.0099,-0.1152,-0.0163,car,191,65.6276,-33.5731,-5.2178,-5.4387,7.5265,-0.3958,223.1772,7.536902183921455,27.13284786211724,-12.8598,-12.724800000000002,5.2929,5.3969,7.5591877883804415,18.091296003327127,0,21_191_202_7253_ego_191,1,7253,7253,7258,vehicle_vehicle,0.2628129226082215,1.6506816842905385,2.5762106823970514,13.242154781228017,15.0,3.0,3.5,0.8,7.691489381127688,27.68936177205968
21,203,7242,103,47.1747,-43.9249,342.2605,2.0912,4.8595,-0.014,0.0071,-0.1203,0.0373,-0.0155,-0.0025,-0.126,0.0011,car,191,65.6276,-33.5731,-5.2178,-5.4387,7.5265,-0.3958,223.1772,7.536902183921455,27.13284786211724,-18.4529,-10.351800000000004,5.2038,5.4458,7.532348377498216,21.15819655948966,0,21_191_202_7253_ego_191,0,7253,7253,7258,vehicle_vehicle,0.2628129226082215,1.6506816842905385,2.5762106823970514,13.242154781228017,15.0,3.0,3.5,0.8,7.691489381127688,27.68936177205968
21,191,7243,448,65.4196,-33.7913,223.8385,2.0905,5.2067,-5.1643,-5.5114,1.3538,-1.7576,7.5423,-0.3984,0.2409,-2.2054,car,191,65.4196,-33.7913,-5.1643,-5.5114,7.5423,-0.3984,223.8385,7.552848763877111,27.190255549957598,0.0,0.0,0.0,0.0,0.0,0.0,1,21_191_202_7253_ego_191,1,7253,7253,7258,vehicle_vehicle,0.2628129226082215,1.6506816842905385,2.5762106823970514,13.242154781228017,15.0,3.0,3.5,0.8,7.691489381127688,27.68936177205968
21,196,7243,370,62.6427,-49.9058,271.4712,1.8946,3.6036,0.3817,-8.9986,2.5736,-0.0015,9.0055,-0.1505,0.0675,-2.5728,car,191,65.4196,-33.7913,-5.1643,-5.5114,7.5423,-0.3984,223.8385,7.552848763877111,27.190255549957598,-2.776900000000005,-16.1145,5.546,-3.4871999999999996,6.551234985863353,16.35201161508883,0,21_191_202_7253_ego_191,0,7253,7253,7258,vehicle_vehicle,0.2628129226082215,1.6506816842905385,2.5762106823970514,13.242154781228017,15.0,3.0,3.5,0.8,7.691489381127688,27.68936177205968
21,200,7243,214,67.1747,-37.5269,228.5361,2.057,4.5261,-4.6585,-6.0993,2.4045,-1.9892,7.6553,-0.5477,-0.1015,-3.119,car,191,65.4196,-33.7913,-5.1643,-5.5114,7.5423,-0.3984,223.8385,7.552848763877111,27.190255549957598,1.7550999999999988,-3.735599999999998,0.5057999999999998,-0.5879000000000003,0.775538554812074,4.127357916391548,0,21_191_202_7253_ego_191,0,7253,7253,7258,vehicle_vehicle,0.2628129226082215,1.6506816842905385,2.5762106823970514,13.242154781228017,15.0,3.0,3.5,0.8,7.691489381127688,27.68936177205968
21,202,7243,179,52.7708,-46.2998,337.4693,2.1047,4.8561,0.0716,-0.0387,-0.0978,0.0601,0.081,0.0084,-0.1133,-0.0181,car,191,65.4196,-33.7913,-5.1643,-5.5114,7.5423,-0.3984,223.8385,7.552848763877111,27.190255549957598,-12.648800000000001,-12.508499999999998,5.2359,5.4727,7.573974788709029,17.78917405867962,0,21_191_202_7253_ego_191,1,7253,7253,7258,vehicle_vehicle,0.2628129226082215,1.6506816842905385,2.5762106823970514,13.242154781228017,15.0,3.0,3.5,0.8,7.691489381127688,27.68936177205968
21,203,7243,104,47.1744,-43.925,342.2575,2.0912,4.8595,-0.0167,0.0079,-0.1048,0.0332,-0.0183,-0.0025,-0.1099,0.0003,car,191,65.4196,-33.7913,-5.1643,-5.5114,7.5423,-0.3984,223.8385,7.552848763877111,27.190255549957598,-18.245200000000004,-10.133699999999997,5.1476,5.5193,7.547215264586005,20.870534222439062,0,21_191_202_7253_ego_191,0,7253,7253,7258,vehicle_vehicle,0.2628129226082215,1.6506816842905385,2.5762106823970514,13.242154781228017,15.0,3.0,3.5,0.8,7.691489381127688,27.68936177205968
21,191,7244,449,65.214,-34.0126,224.521,2.0905,5.2067,-5.1088,-5.5841,1.4027,-1.7519,7.558,-0.3993,0.2283,-2.2326,car,191,65.214,-34.0126,-5.1088,-5.5841,7.558,-0.3993,224.521,7.568487976471919,27.246556715298908,0.0,0.0,0.0,0.0,0.0,0.0,1,21_191_202_7253_ego_191,1,7253,7253,7258,vehicle_vehicle,0.2628129226082215,1.6506816842905385,2.5762106823970514,13.242154781228017,15.0,3.0,3.5,0.8,7.691489381127688,27.68936177205968
21,196,7244,371,62.6609,-50.2657,272.3007,1.8946,3.6036,0.4897,-8.9914,2.4473,0.0051,9.0038,-0.1284,0.0931,-2.4455,car,191,65.214,-34.0126,-5.1088,-5.5841,7.558,-0.3993,224.521,7.568487976471919,27.246556715298908,-2.5531000000000006,-16.253100000000003,5.5985,-3.4073,6.553845858730582,16.45240344812879,0,21_191_202_7253_ego_191,0,7253,7253,7258,vehicle_vehicle,0.2628129226082215,1.6506816842905385,2.5762106823970514,13.242154781228017,15.0,3.0,3.5,0.8,7.691489381127688,27.68936177205968
21,200,7244,215,66.9902,-37.7728,229.4591,2.057,4.5261,-4.5614,-6.1813,2.4619,-1.9483,7.6623,-0.5514,-0.1197,-3.1373,car,191,65.214,-34.0126,-5.1088,-5.5841,7.558,-0.3993,224.521,7.568487976471919,27.246556715298908,1.7762000000000029,-3.7601999999999975,0.5473999999999997,-0.5972,0.8101201145509224,4.158604390898465,0,21_191_202_7253_ego_191,0,7253,7253,7258,vehicle_vehicle,0.2628129226082215,1.6506816842905385,2.5762106823970514,13.242154781228017,15.0,3.0,3.5,0.8,7.691489381127688,27.68936177205968
21,202,7244,180,52.7739,-46.3014,337.4571,2.1047,4.8561,0.068,-0.0355,-0.0958,0.0603,0.0765,0.0067,-0.1116,-0.019,car,191,65.214,-34.0126,-5.1088,-5.5841,7.558,-0.3993,224.521,7.568487976471919,27.246556715298908,-12.440100000000001,-12.288800000000002,5.176799999999999,5.5486,7.58855850606688,17.486300164700367,0,21_191_202_7253_ego_191,1,7253,7253,7258,vehicle_vehicle,0.2628129226082215,1.6506816842905385,2.5762106823970514,13.242154781228017,15.0,3.0,3.5,0.8,7.691489381127688,27.68936177205968
21,203,7244,105,47.1742,-43.9253,342.2588,2.0912,4.8595,-0.019,0.0089,-0.0912,0.0297,-0.0208,-0.0027,-0.0959,-0.0005,car,191,65.214,-34.0126,-5.1088,-5.5841,7.558,-0.3993,224.521,7.568487976471919,27.246556715298908,-18.0398,-9.912700000000001,5.089799999999999,5.593,7.562255816884271,20.58387731526789,0,21_191_202_7253_ego_191,0,7253,7253,7258,vehicle_vehicle,0.2628129226082215,1.6506816842905385,2.5762106823970514,13.242154781228017,15.0,3.0,3.5,0.8,7.691489381127688,27.68936177205968
21,191,7245,450,65.0103,-34.2373,225.2169,2.0905,5.2067,-5.0511,-5.6567,1.4501,-1.7439,7.5731,-0.3995,0.2163,-2.2576,car,191,65.0103,-34.2373,-5.0511,-5.6567,7.5731,-0.3995,225.2169,7.583657831152458,27.301168192148847,0.0,0.0,0.0,0.0,0.0,0.0,1,21_191_202_7253_ego_191,1,7253,7253,7258,vehicle_vehicle,0.2628129226082215,1.6506816842905385,2.5762106823970514,13.242154781228017,15.0,3.0,3.5,0.8,7.691489381127688,27.68936177205968
21,196,7245,372,62.6831,-50.625,273.0945,1.8946,3.6036,0.5925,-8.984,2.3159,0.0045,9.0029,-0.1067,0.1205,-2.3127,car,191,65.0103,-34.2373,-5.0511,-5.6567,7.5731,-0.3995,225.2169,7.583657831152458,27.301168192148847,-2.3271999999999977,-16.387700000000002,5.6436,-3.3273,6.55142322323936,16.5521168171929,0,21_191_202_7253_ego_191,0,7253,7253,7258,vehicle_vehicle,0.2628129226082215,1.6506816842905385,2.5762106823970514,13.242154781228017,15.0,3.0,3.5,0.8,7.691489381127688,27.68936177205968
21,200,7245,216,66.8095,-38.0224,230.3938,2.057,4.5261,-4.462,-6.2613,2.5185,-1.9051,7.6685,-0.5539,-0.1378,-3.1549,car,191,65.0103,-34.2373,-5.0511,-5.6567,7.5731,-0.3995,225.2169,7.583657831152458,27.301168192148847,1.799199999999999,-3.7851,0.5891000000000002,-0.6046000000000005,0.8441445196173466,4.190954861365127,0,21_191_202_7253_ego_191,0,7253,7253,7258,vehicle_vehicle,0.2628129226082215,1.6506816842905385,2.5762106823970514,13.242154781228017,15.0,3.0,3.5,0.8,7.691489381127688,27.68936177205968
21,202,7245,181,52.777,-46.3029,337.4471,2.1047,4.8561,0.0644,-0.0323,-0.0941,0.0597,0.0718,0.0051,-0.1098,-0.019,car,191,65.0103,-34.2373,-5.0511,-5.6567,7.5731,-0.3995,225.2169,7.583657831152458,27.301168192148847,-12.2333,-12.065600000000003,5.1155,5.6244,7.602776835472681,17.182326159458157,0,21_191_202_7253_ego_191,1,7253,7253,7258,vehicle_vehicle,0.2628129226082215,1.6506816842905385,2.5762106823970514,13.242154781228017,15.0,3.0,3.5,0.8,7.691489381127688,27.68936177205968
21,203,7245,106,47.1744,-43.9253,342.2611,2.0912,4.8595,-0.0211,0.0098,-0.0793,0.0264,-0.0231,-0.0029,-0.0836,-0.001,car,191,65.0103,-34.2373,-5.0511,-5.6567,7.5731,-0.3995,225.2169,7.583657831152458,27.301168192148847,-17.835900000000002,-9.688000000000002,5.03,5.6665,7.576946763043805,20.297208497968388,0,21_191_202_7253_ego_191,0,7253,7253,7258,vehicle_vehicle,0.2628129226082215,1.6506816842905385,2.5762106823970514,13.242154781228017,15.0,3.0,3.5,0.8,7.691489381127688,27.68936177205968
21,191,7246,451,64.8091,-34.4648,225.9229,2.0905,5.2067,-4.9914,-5.7289,1.4958,-1.7333,7.5879,-0.3993,0.2047,-2.2803,car,191,64.8091,-34.4648,-4.9914,-5.7289,7.5879,-0.3993,225.9229,7.598313574076816,27.35392886667654,0.0,0.0,0.0,0.0,0.0,0.0,1,21_191_202_7253_ego_191,1,7253,7253,7258,vehicle_vehicle,0.2628129226082215,1.6506816842905385,2.5762106823970514,13.242154781228017,15.0,3.0,3.5,0.8,7.691489381127688,27.68936177205968
21,196,7246,373,62.7092,-50.984,273.8361,1.8946,3.6036,0.6898,-8.9768,2.1797,-0.0032,9.0029,-0.0877,0.149,-2.1746,car,191,64.8091,-34.4648,-4.9914,-5.7289,7.5879,-0.3993,225.9229,7.598313574076816,27.35392886667654,-2.099899999999998,-16.519200000000005,5.6812,-3.2479000000000005,6.544072726521306,16.652133456407324,0,21_191_202_7253_ego_191,0,7253,7253,7258,vehicle_vehicle,0.2628129226082215,1.6506816842905385,2.5762106823970514,13.242154781228017,15.0,3.0,3.5,0.8,7.691489381127688,27.68936177205968
21,200,7246,217,66.6327,-38.2756,231.3291,2.057,4.5261,-4.3602,-6.3391,2.574,-1.8601,7.6737,-0.5568,-0.156,-3.1719,car,191,64.8091,-34.4648,-4.9914,-5.7289,7.5879,-0.3993,225.9229,7.598313574076816,27.35392886667654,1.823599999999999,-3.8108000000000004,0.6311999999999998,-0.6101999999999999,0.8779279469295869,4.224655441571537,0,21_191_202_7253_ego_191,0,7253,7253,7258,vehicle_vehicle,0.2628129226082215,1.6506816842905385,2.5762106823970514,13.242154781228017,15.0,3.0,3.5,0.8,7.691489381127688,27.68936177205968
21,202,7246,182,52.7799,-46.3041,337.4429,2.1047,4.8561,0.0607,-0.0291,-0.0925,0.0582,0.0672,0.0036,-0.1077,-0.0183,car,191,64.8091,-34.4648,-4.9914,-5.7289,7.5879,-0.3993,225.9229,7.598313574076816,27.35392886667654,-12.029200000000003,-11.839300000000001,5.052099999999999,5.699800000000001,7.616523777288429,16.87811236868626,0,21_191_202_7253_ego_191,1,7253,7253,7258,vehicle_vehicle,0.2628129226082215,1.6506816842905385,2.5762106823970514,13.242154781228017,15.0,3.0,3.5,0.8,7.691489381127688,27.68936177205968
21,203,7246,107,47.1743,-43.9253,342.2613,2.0912,4.8595,-0.0231,0.0108,-0.0688,0.0233,-0.0253,-0.0033,-0.0726,-0.0012,car,191,64.8091,-34.4648,-4.9914,-5.7289,7.5879,-0.3993,225.9229,7.598313574076816,27.35392886667654,-17.6348,-9.460500000000003,4.968299999999999,5.7397,7.591321425153858,20.012177075220976,0,21_191_202_7253_ego_191,0,7253,7253,7258,vehicle_vehicle,0.2628129226082215,1.6506816842905385,2.5762106823970514,13.242154781228017,15.0,3.0,3.5,0.8,7.691489381127688,27.68936177205968
21,191,7247,452,64.6105,-34.6951,226.6373,2.0905,5.2067,-4.9299,-5.8009,1.5399,-1.7202,7.6023,-0.3988,0.1933,-2.3006,car,191,64.6105,-34.6951,-4.9299,-5.8009,7.6023,-0.3988,226.6373,7.612775763149734,27.40599274733904,0.0,0.0,0.0,0.0,0.0,0.0,1,21_191_202_7253_ego_191,1,7253,7253,7258,vehicle_vehicle,0.2628129226082215,1.6506816842905385,2.5762106823970514,13.242154781228017,15.0,3.0,3.5,0.8,7.691489381127688,27.68936177205968
21,196,7247,374,62.7396,-51.342,274.5426,1.8946,3.6036,0.7812,-8.9704,2.0391,-0.0178,9.0041,-0.0683,0.1792,-2.0312,car,191,64.6105,-34.6951,-4.9299,-5.8009,7.6023,-0.3988,226.6373,7.612775763149734,27.40599274733904,-1.870899999999999,-16.646900000000002,5.7111,-3.1694999999999993,6.531645539984545,16.751702791656736,0,21_191_202_7253_ego_191,0,7253,7253,7258,vehicle_vehicle,0.2628129226082215,1.6506816842905385,2.5762106823970514,13.242154781228017,15.0,3.0,3.5,0.8,7.691489381127688,27.68936177205968
21,200,7247,218,66.4598,-38.5314,232.2684,2.057,4.5261,-4.2559,-6.4148,2.6283,-1.8137,7.6778,-0.5597,-0.1739,-3.1886,car,191,64.6105,-34.6951,-4.9299,-5.8009,7.6023,-0.3988,226.6373,7.612775763149734,27.40599274733904,1.8492999999999995,-3.8363000000000014,0.6740000000000004,-0.6138999999999992,0.9116738506724866,4.258768387691447,0,21_191_202_7253_ego_191,0,7253,7253,7258,vehicle_vehicle,0.2628129226082215,1.6506816842905385,2.5762106823970514,13.242154781228017,15.0,3.0,3.5,0.8,7.691489381127688,27.68936177205968
21,202,7247,183,52.7824,-46.3049,337.4406,2.1047,4.8561,0.0569,-0.0261,-0.0908,0.056,0.0626,0.0022,-0.1054,-0.0169,car,191,64.6105,-34.6951,-4.9299,-5.8009,7.6023,-0.3988,226.6373,7.612775763149734,27.40599274733904,-11.8281,-11.609800000000007,4.9868,5.774800000000001,7.629973085142568,16.573816870292738,0,21_191_202_7253_ego_191,1,7253,7253,7258,vehicle_vehicle,0.2628129226082215,1.6506816842905385,2.5762106823970514,13.242154781228017,15.0,3.0,3.5,0.8,7.691489381127688,27.68936177205968
21,203,7247,108,47.1744,-43.9256,342.263,2.0912,4.8595,-0.0252,0.012,-0.0592,0.0201,-0.0276,-0.0038,-0.0625,-0.0011,car,191,64.6105,-34.6951,-4.9299,-5.8009,7.6023,-0.3988,226.6373,7.612775763149734,27.40599274733904,-17.436100000000003,-9.230500000000006,4.9047,5.8129,7.605648460190624,19.728652094352523,0,21_191_202_7253_ego_191,0,7253,7253,7258,vehicle_vehicle,0.2628129226082215,1.6506816842905385,2.5762106823970514,13.242154781228017,15.0,3.0,3.5,0.8,7.691489381127688,27.68936177205968
21,191,7248,453,64.4145,-34.9288,227.3614,2.0905,5.2067,-4.8665,-5.8722,1.5822,-1.7045,7.6162,-0.3977,0.1822,-2.3185,car,191,64.4145,-34.9288,-4.8665,-5.8722,7.6162,-0.3977,227.3614,7.626634584795577,27.45588450526408,0.0,0.0,0.0,0.0,0.0,0.0,1,21_191_202_7253_ego_191,1,7253,7253,7258,vehicle_vehicle,0.2628129226082215,1.6506816842905385,2.5762106823970514,13.242154781228017,15.0,3.0,3.5,0.8,7.691489381127688,27.68936177205968
21,196,7248,375,62.7749,-51.7,275.186,1.8946,3.6036,0.8661,-8.9648,1.8947,-0.0387,9.0064,-0.0522,0.2098,-1.8834,car,191,64.4145,-34.9288,-4.8665,-5.8722,7.6162,-0.3977,227.3614,7.626634584795577,27.45588450526408,-1.6396000000000015,-16.7712,5.732600000000001,-3.0926,6.513591752635408,16.851155378786345,0,21_191_202_7253_ego_191,0,7253,7253,7258,vehicle_vehicle,0.2628129226082215,1.6506816842905385,2.5762106823970514,13.242154781228017,15.0,3.0,3.5,0.8,7.691489381127688,27.68936177205968
21,200,7248,219,66.2914,-38.7905,233.2247,2.057,4.5261,-4.1494,-6.4882,2.6812,-1.7662,7.6811,-0.5608,-0.1904,-3.205,car,191,64.4145,-34.9288,-4.8665,-5.8722,7.6162,-0.3977,227.3614,7.626634584795577,27.45588450526408,1.876899999999992,-3.861699999999999,0.7171000000000003,-0.6159999999999997,0.9453509454165686,4.293655843217987,0,21_191_202_7253_ego_191,0,7253,7253,7258,vehicle_vehicle,0.2628129226082215,1.6506816842905385,2.5762106823970514,13.242154781228017,15.0,3.0,3.5,0.8,7.691489381127688,27.68936177205968
21,202,7248,184,52.7847,-46.3053,337.4426,2.1047,4.8561,0.0532,-0.0234,-0.0892,0.0533,0.0581,0.0012,-0.1028,-0.015,car,191,64.4145,-34.9288,-4.8665,-5.8722,7.6162,-0.3977,227.3614,7.626634584795577,27.45588450526408,-11.629800000000003,-11.3765,4.919700000000001,5.848800000000001,7.642768446708301,16.268896713975415,0,21_191_202_7253_ego_191,1,7253,7253,7258,vehicle_vehicle,0.2628129226082215,1.6506816842905385,2.5762106823970514,13.242154781228017,15.0,3.0,3.5,0.8,7.691489381127688,27.68936177205968
21,203,7248,109,47.1745,-43.9249,342.2717,2.0912,4.8595,-0.0272,0.013,-0.0501,0.0167,-0.0299,-0.0041,-0.0528,-0.0007,car,191,64.4145,-34.9288,-4.8665,-5.8722,7.6162,-0.3977,227.3614,7.626634584795577,27.45588450526408,-17.240000000000002,-8.996099999999998,4.839300000000001,5.8852,7.6193440354140725,19.44601283579747,0,21_191_202_7253_ego_191,0,7253,7253,7258,vehicle_vehicle,0.2628129226082215,1.6506816842905385,2.5762106823970514,13.242154781228017,15.0,3.0,3.5,0.8,7.691489381127688,27.68936177205968
21,191,7249,454,64.2213,-35.165,228.0883,2.0905,5.2067,-4.8015,-5.9429,1.6227,-1.6863,7.6299,-0.3966,0.171,-2.334,car,191,64.2213,-35.165,-4.8015,-5.9429,7.6299,-0.3966,228.0883,7.64018734456165,27.50467444042194,0.0,0.0,0.0,0.0,0.0,0.0,1,21_191_202_7253_ego_191,1,7253,7253,7258,vehicle_vehicle,0.2628129226082215,1.6506816842905385,2.5762106823970514,13.242154781228017,15.0,3.0,3.5,0.8,7.691489381127688,27.68936177205968
21,196,7249,376,62.8137,-52.0576,275.7926,1.8946,3.6036,0.9441,-8.9605,1.7475,-0.0657,9.0101,-0.0349,0.2418,-1.732,car,191,64.2213,-35.165,-4.8015,-5.9429,7.6299,-0.3966,228.0883,7.64018734456165,27.50467444042194,-1.4076000000000022,-16.8926,5.7456,-3.0176,6.489825045407619,16.95114369356829,0,21_191_202_7253_ego_191,0,7253,7253,7258,vehicle_vehicle,0.2628129226082215,1.6506816842905385,2.5762106823970514,13.242154781228017,15.0,3.0,3.5,0.8,7.691489381127688,27.68936177205968
21,200,7249,220,66.1272,-39.0514,234.1853,2.057,4.5261,-4.0405,-6.5597,2.7326,-1.7179,7.6838,-0.562,-0.206,-3.2212,car,191,64.2213,-35.165,-4.8015,-5.9429,7.6299,-0.3966,228.0883,7.64018734456165,27.50467444042194,1.9059000000000026,-3.886400000000002,0.7610000000000001,-0.6168000000000005,0.9795729886026874,4.328574796627641,0,21_191_202_7253_ego_191,0,7253,7253,7258,vehicle_vehicle,0.2628129226082215,1.6506816842905385,2.5762106823970514,13.242154781228017,15.0,3.0,3.5,0.8,7.691489381127688,27.68936177205968
21,202,7249,185,52.787,-46.3054,337.4508,2.1047,4.8561,0.0495,-0.0211,-0.0874,0.0502,0.0538,0.0005,-0.1,-0.0129,car,191,64.2213,-35.165,-4.8015,-5.9429,7.6299,-0.3966,228.0883,7.64018734456165,27.50467444042194,-11.4343,-11.1404,4.851,5.9218,7.655058212711384,15.964076191562103,0,21_191_202_7253_ego_191,1,7253,7253,7258,vehicle_vehicle,0.2628129226082215,1.6506816842905385,2.5762106823970514,13.242154781228017,15.0,3.0,3.5,0.8,7.691489381127688,27.68936177205968
21,203,7249,110,47.1742,-43.9243,342.2766,2.0912,4.8595,-0.0293,0.0138,-0.0411,0.0132,-0.0321,-0.0042,-0.0432,-0.0,car,191,64.2213,-35.165,-4.8015,-5.9429,7.6299,-0.3966,228.0883,7.64018734456165,27.50467444042194,-17.0471,-8.759300000000003,4.7722,5.9567,7.632572811968452,19.16582779062778,0,21_191_202_7253_ego_191,0,7253,7253,7258,vehicle_vehicle,0.2628129226082215,1.6506816842905385,2.5762106823970514,13.242154781228017,15.0,3.0,3.5,0.8,7.691489381127688,27.68936177205968
21,191,7250,455,64.0313,-35.4041,228.8112,2.0905,5.2067,-4.7353,-6.0128,1.6618,-1.6656,7.6433,-0.3962,0.1591,-2.3474,car,191,64.0313,-35.4041,-4.7353,-6.0128,7.6433,-0.3962,228.8112,7.65355015205362,27.552780547393034,0.0,0.0,0.0,0.0,0.0,0.0,1,21_191_202_7253_ego_191,1,7253,7253,7258,vehicle_vehicle,0.2628129226082215,1.6506816842905385,2.5762106823970514,13.242154781228017,15.0,3.0,3.5,0.8,7.691489381127688,27.68936177205968
21,196,7250,377,62.8554,-52.4148,276.3557,1.8946,3.6036,1.0152,-8.9578,1.5987,-0.0983,9.0152,-0.0173,0.2747,-1.578,car,191,64.0313,-35.4041,-4.7353,-6.0128,7.6433,-0.3962,228.8112,7.65355015205362,27.552780547393034,-1.1758999999999986,-17.0107,5.7505,-2.9450000000000003,6.460748814959455,17.051294827666315,0,21_191_202_7253_ego_191,0,7253,7253,7258,vehicle_vehicle,0.2628129226082215,1.6506816842905385,2.5762106823970514,13.242154781228017,15.0,3.0,3.5,0.8,7.691489381127688,27.68936177205968
21,200,7250,221,65.9678,-39.3155,235.1432,2.057,4.5261,-3.9297,-6.6292,2.7825,-1.6687,7.6857,-0.5641,-0.221,-3.237,car,191,64.0313,-35.4041,-4.7353,-6.0128,7.6433,-0.3962,228.8112,7.65355015205362,27.552780547393034,1.9364999999999952,-3.9114000000000004,0.8055999999999996,-0.6163999999999996,1.014366955297736,4.3645254278099905,0,21_191_202_7253_ego_191,0,7253,7253,7258,vehicle_vehicle,0.2628129226082215,1.6506816842905385,2.5762106823970514,13.242154781228017,15.0,3.0,3.5,0.8,7.691489381127688,27.68936177205968
21,202,7250,186,52.7889,-46.3057,337.4591,2.1047,4.8561,0.0458,-0.0192,-0.0854,0.0471,0.0496,0.0002,-0.097,-0.0108,car,191,64.0313,-35.4041,-4.7353,-6.0128,7.6433,-0.3962,228.8112,7.65355015205362,27.552780547393034,-11.242400000000004,-10.901600000000002,4.7810999999999995,5.993600000000001,7.666952339097981,15.660026830117506,0,21_191_202_7253_ego_191,1,7253,7253,7258,vehicle_vehicle,0.2628129226082215,1.6506816842905385,2.5762106823970514,13.242154781228017,15.0,3.0,3.5,0.8,7.691489381127688,27.68936177205968
21,203,7250,111,47.1732,-43.9235,342.2817,2.0912,4.8595,-0.0311,0.0143,-0.0321,0.0095,-0.0339,-0.0042,-0.0335,0.0007,car,191,64.0313,-35.4041,-4.7353,-6.0128,7.6433,-0.3962,228.8112,7.65355015205362,27.552780547393034,-16.8581,-8.519399999999997,4.704199999999999,6.027100000000001,7.645615217233993,18.888507404503933,0,21_191_202_7253_ego_191,0,7253,7253,7258,vehicle_vehicle,0.2628129226082215,1.6506816842905385,2.5762106823970514,13.242154781228017,15.0,3.0,3.5,0.8,7.691489381127688,27.68936177205968
21,191,7251,456,63.8446,-35.6467,229.5264,2.0905,5.2067,-4.668,-6.0817,1.6997,-1.6425,7.6563,-0.3967,0.1462,-2.3591,car,191,63.8446,-35.6467,-4.668,-6.0817,7.6563,-0.3967,229.5264,7.666635434791457,27.599887565249247,0.0,0.0,0.0,0.0,0.0,0.0,1,21_191_202_7253_ego_191,1,7253,7253,7258,vehicle_vehicle,0.2628129226082215,1.6506816842905385,2.5762106823970514,13.242154781228017,15.0,3.0,3.5,0.8,7.691489381127688,27.68936177205968
21,196,7251,378,62.8999,-52.7719,276.9105,1.8946,3.6036,1.0793,-8.9569,1.4492,-0.136,9.0217,0.0062,0.3094,-1.4223,car,191,63.8446,-35.6467,-4.668,-6.0817,7.6563,-0.3967,229.5264,7.666635434791457,27.599887565249247,-0.9446999999999974,-17.1252,5.7473,-2.8751999999999995,6.426370074155393,17.15123707287611,0,21_191_202_7253_ego_191,0,7253,7253,7258,vehicle_vehicle,0.2628129226082215,1.6506816842905385,2.5762106823970514,13.242154781228017,15.0,3.0,3.5,0.8,7.691489381127688,27.68936177205968
21,200,7251,222,65.8131,-39.5827,236.1221,2.057,4.5261,-3.8169,-6.6964,2.8309,-1.619,7.6872,-0.5638,-0.2339,-3.2528,car,191,63.8446,-35.6467,-4.668,-6.0817,7.6563,-0.3967,229.5264,7.666635434791457,27.599887565249247,1.968500000000006,-3.936,0.8511000000000002,-0.6147,1.049870134826208,4.400805409240452,0,21_191_202_7253_ego_191,0,7253,7253,7258,vehicle_vehicle,0.2628129226082215,1.6506816842905385,2.5762106823970514,13.242154781228017,15.0,3.0,3.5,0.8,7.691489381127688,27.68936177205968
21,202,7251,187,52.7905,-46.306,337.4571,2.1047,4.8561,0.0423,-0.0175,-0.0833,0.0442,0.0457,0.0,-0.0939,-0.0089,car,191,63.8446,-35.6467,-4.668,-6.0817,7.6563,-0.3967,229.5264,7.666635434791457,27.599887565249247,-11.054099999999998,-10.659299999999995,4.7103,6.0642,7.678635798760089,15.356230113540231,0,21_191_202_7253_ego_191,1,7253,7253,7258,vehicle_vehicle,0.2628129226082215,1.6506816842905385,2.5762106823970514,13.242154781228017,15.0,3.0,3.5,0.8,7.691489381127688,27.68936177205968
21,203,7251,112,47.1717,-43.9227,342.2829,2.0912,4.8595,-0.0324,0.0146,-0.0229,0.0059,-0.0353,-0.0041,-0.0237,0.0013,car,191,63.8446,-35.6467,-4.668,-6.0817,7.6563,-0.3967,229.5264,7.666635434791457,27.599887565249247,-16.6729,-8.275999999999996,4.6356,6.096299999999999,7.6585678197689155,18.6139133556058,0,21_191_202_7253_ego_191,0,7253,7253,7258,vehicle_vehicle,0.2628129226082215,1.6506816842905385,2.5762106823970514,13.242154781228017,15.0,3.0,3.5,0.8,7.691489381127688,27.68936177205968
21,191,7252,457,63.6611,-35.8922,230.2428,2.0905,5.2067,-4.5999,-6.1492,1.7372,-1.6174,7.6691,-0.3964,0.1324,-2.3699,car,191,63.6611,-35.8922,-4.5999,-6.1492,7.6691,-0.3964,230.2428,7.679306000544581,27.64550160196049,0.0,0.0,0.0,0.0,0.0,0.0,1,21_191_202_7253_ego_191,1,7253,7253,7258,vehicle_vehicle,0.2628129226082215,1.6506816842905385,2.5762106823970514,13.242154781228017,15.0,3.0,3.5,0.8,7.691489381127688,27.68936177205968
21,196,7252,379,62.946,-53.1289,277.4216,1.8946,3.6036,1.1367,-8.9581,1.2999,-0.1782,9.0299,0.0299,0.3446,-1.2659,car,191,63.6611,-35.8922,-4.5999,-6.1492,7.6691,-0.3964,230.2428,7.679306000544581,27.64550160196049,-0.7150999999999996,-17.2367,5.7366,-2.8088999999999995,6.387370254650969,17.25152732079105,0,21_191_202_7253_ego_191,0,7253,7253,7258,vehicle_vehicle,0.2628129226082215,1.6506816842905385,2.5762106823970514,13.242154781228017,15.0,3.0,3.5,0.8,7.691489381127688,27.68936177205968
21,200,7252,223,65.6629,-39.8519,237.1128,2.057,4.5261,-3.7023,-6.7615,2.8779,-1.5688,7.6883,-0.5624,-0.2453,-3.2686,car,191,63.6611,-35.8922,-4.5999,-6.1492,7.6691,-0.3964,230.2428,7.679306000544581,27.64550160196049,2.001799999999996,-3.959699999999998,0.8975999999999997,-0.6122999999999994,1.0865528289043285,4.436938959462927,0,21_191_202_7253_ego_191,0,7253,7253,7258,vehicle_vehicle,0.2628129226082215,1.6506816842905385,2.5762106823970514,13.242154781228017,15.0,3.0,3.5,0.8,7.691489381127688,27.68936177205968
21,202,7252,188,52.7918,-46.3065,337.4481,2.1047,4.8561,0.0389,-0.0161,-0.0811,0.0415,0.0421,-0.0001,-0.0909,-0.0072,car,191,63.6611,-35.8922,-4.5999,-6.1492,7.6691,-0.3964,230.2428,7.679306000544581,27.64550160196049,-10.869299999999996,-10.414299999999997,4.6388,6.133100000000001,7.689823213182473,15.05321649947279,0,21_191_202_7253_ego_191,1,7253,7253,7258,vehicle_vehicle,0.2628129226082215,1.6506816842905385,2.5762106823970514,13.242154781228017,15.0,3.0,3.5,0.8,7.691489381127688,27.68936177205968
21,203,7252,113,47.1699,-43.9218,342.2798,2.0912,4.8595,-0.0332,0.0147,-0.0138,0.0025,-0.0361,-0.0039,-0.0139,0.0019,car,191,63.6611,-35.8922,-4.5999,-6.1492,7.6691,-0.3964,230.2428,7.679306000544581,27.64550160196049,-16.4912,-8.029599999999995,4.5667,6.163900000000001,7.6712718697749205,18.342141467124275,0,21_191_202_7253_ego_191,0,7253,7253,7258,vehicle_vehicle,0.2628129226082215,1.6506816842905385,2.5762106823970514,13.242154781228017,15.0,3.0,3.5,0.8,7.691489381127688,27.68936177205968
21,191,7253,458,63.4801,-36.1408,230.9555,2.0905,5.2067,-4.5309,-6.2153,1.7749,-1.5907,7.6813,-0.3962,0.1174,-2.3805,car,191,63.4801,-36.1408,-4.5309,-6.2153,7.6813,-0.3962,230.9555,7.691489381127688,27.68936177205968,0.0,0.0,0.0,0.0,0.0,0.0,1,21_191_202_7253_ego_191,1,7253,7253,7258,vehicle_vehicle,0.2628129226082215,1.6506816842905385,2.5762106823970514,13.242154781228017,15.0,3.0,3.5,0.8,7.691489381127688,27.68936177205968
21,196,7253,380,62.9937,-53.4861,277.9079,1.8946,3.6036,1.1877,-8.9614,1.1513,-0.2245,9.0396,0.0566,0.3807,-1.1095,car,191,63.4801,-36.1408,-4.5309,-6.2153,7.6813,-0.3962,230.9555,7.691489381127688,27.68936177205968,-0.4864000000000033,-17.3453,5.7186,-2.7460999999999993,6.343772629122201,17.352118517633517,0,21_191_202_7253_ego_191,0,7253,7253,7258,vehicle_vehicle,0.2628129226082215,1.6506816842905385,2.5762106823970514,13.242154781228017,15.0,3.0,3.5,0.8,7.691489381127688,27.68936177205968
21,200,7253,224,65.5173,-40.1237,238.1182,2.057,4.5261,-3.5859,-6.8247,2.9236,-1.5183,7.6891,-0.5596,-0.2549,-3.2844,car,191,63.4801,-36.1408,-4.5309,-6.2153,7.6813,-0.3962,230.9555,7.691489381127688,27.68936177205968,2.0372000000000057,-3.9829000000000008,0.9449999999999998,-0.6093999999999999,1.1244524712054307,4.473664744926695,0,21_191_202_7253_ego_191,0,7253,7253,7258,vehicle_vehicle,0.2628129226082215,1.6506816842905385,2.5762106823970514,13.242154781228017,15.0,3.0,3.5,0.8,7.691489381127688,27.68936177205968
21,202,7253,189,52.7931,-46.3074,337.4321,2.1047,4.8561,0.0358,-0.0146,-0.079,0.0391,0.0387,-0.0002,-0.088,-0.0058,car,191,63.4801,-36.1408,-4.5309,-6.2153,7.6813,-0.3962,230.9555,7.691489381127688,27.68936177205968,-10.686999999999998,-10.166600000000003,4.5667,6.2007,7.700871988288079,14.750312693634667,0,21_191_202_7253_ego_191,1,7253,7253,7258,vehicle_vehicle,0.2628129226082215,1.6506816842905385,2.5762106823970514,13.242154781228017,15.0,3.0,3.5,0.8,7.691489381127688,27.68936177205968
21,203,7253,114,47.1681,-43.921,342.2716,2.0912,4.8595,-0.0334,0.0145,-0.0049,-0.0008,-0.0362,-0.0036,-0.0045,0.0022,car,191,63.4801,-36.1408,-4.5309,-6.2153,7.6813,-0.3962,230.9555,7.691489381127688,27.68936177205968,-16.311999999999998,-7.780200000000001,4.4975,6.2298,7.683613361563685,18.072433594842725,0,21_191_202_7253_ego_191,0,7253,7253,7258,vehicle_vehicle,0.2628129226082215,1.6506816842905385,2.5762106823970514,13.242154781228017,15.0,3.0,3.5,0.8,7.691489381127688,27.68936177205968
21,191,7254,459,63.3014,-36.3913,231.6695,2.0905,5.2067,-4.4609,-6.2799,1.8134,-1.5629,7.6929,-0.3954,0.1013,-2.3918,car,191,63.3014,-36.3913,-4.4609,-6.2799,7.6929,-0.3954,231.6695,7.703036597342635,27.730931750433488,0.0,0.0,0.0,0.0,0.0,0.0,1,21_191_202_7253_ego_191,1,7253,7253,7258,vehicle_vehicle,0.2628129226082215,1.6506816842905385,2.5762106823970514,13.242154781228017,15.0,3.0,3.5,0.8,7.691489381127688,27.68936177205968
21,196,7254,381,63.0431,-53.843,278.3778,1.8946,3.6036,1.2323,-8.9674,1.004,-0.2741,9.0512,0.0874,0.4175,-0.9534,car,191,63.3014,-36.3913,-4.4609,-6.2799,7.6929,-0.3954,231.6695,7.703036597342635,27.730931750433488,-0.2582999999999984,-17.451700000000002,5.693199999999999,-2.6875,6.295647900732695,17.453611425146374,0,21_191_202_7253_ego_191,0,7253,7253,7258,vehicle_vehicle,0.2628129226082215,1.6506816842905385,2.5762106823970514,13.242154781228017,15.0,3.0,3.5,0.8,7.691489381127688,27.68936177205968
21,200,7254,225,65.3777,-40.3981,239.1342,2.057,4.5261,-3.4683,-6.8857,2.9682,-1.4673,7.6898,-0.5555,-0.2633,-3.3006,car,191,63.3014,-36.3913,-4.4609,-6.2799,7.6929,-0.3954,231.6695,7.703036597342635,27.730931750433488,2.0763000000000034,-4.006799999999998,0.9925999999999995,-0.6058000000000003,1.162862158641341,4.512811532736549,0,21_191_202_7253_ego_191,0,7253,7253,7258,vehicle_vehicle,0.2628129226082215,1.6506816842905385,2.5762106823970514,13.242154781228017,15.0,3.0,3.5,0.8,7.691489381127688,27.68936177205968
21,202,7254,190,52.7946,-46.3082,337.4202,2.1047,4.8561,0.0327,-0.0132,-0.077,0.0369,0.0352,-0.0004,-0.0853,-0.0045,car,191,63.3014,-36.3913,-4.4609,-6.2799,7.6929,-0.3954,231.6695,7.703036597342635,27.730931750433488,-10.506799999999998,-9.916899999999998,4.4936,6.266699999999999,7.711288468861737,14.447759405873283,0,21_191_202_7253_ego_191,1,7253,7253,7258,vehicle_vehicle,0.2628129226082215,1.6506816842905385,2.5762106823970514,13.242154781228017,15.0,3.0,3.5,0.8,7.691489381127688,27.68936177205968
21,203,7254,115,47.1669,-43.9205,342.2559,2.0912,4.8595,-0.0333,0.0142,0.0036,-0.0038,-0.0361,-0.0034,0.0046,0.0025,car,191,63.3014,-36.3913,-4.4609,-6.2799,7.6929,-0.3954,231.6695,7.703036597342635,27.730931750433488,-16.134500000000003,-7.529199999999996,4.4276,6.294099999999999,7.695410097584143,17.804801119080214,0,21_191_202_7253_ego_191,0,7253,7253,7258,vehicle_vehicle,0.2628129226082215,1.6506816842905385,2.5762106823970514,13.242154781228017,15.0,3.0,3.5,0.8,7.691489381127688,27.68936177205968
21,191,7255,460,63.1255,-36.6447,232.3828,2.0905,5.2067,-4.3898,-6.3431,1.8531,-1.5341,7.7039,-0.3945,0.0841,-2.4042,car,191,63.1255,-36.6447,-4.3898,-6.3431,7.7039,-0.3945,232.3828,7.713965364843168,27.770275313435405,0.0,0.0,0.0,0.0,0.0,0.0,1,21_191_202_7253_ego_191,1,7253,7253,7258,vehicle_vehicle,0.2628129226082215,1.6506816842905385,2.5762106823970514,13.242154781228017,15.0,3.0,3.5,0.8,7.691489381127688,27.68936177205968
21,196,7255,382,63.0942,-54.1995,278.8169,1.8946,3.6036,1.2706,-8.9762,0.8584,-0.3264,9.0649,0.1203,0.4541,-0.7982,car,191,63.1255,-36.6447,-4.3898,-6.3431,7.7039,-0.3945,232.3828,7.713965364843168,27.770275313435405,-0.03130000000000166,-17.5548,5.6604,-2.6331000000000007,6.242863427146233,17.554827903742037,0,21_191_202_7253_ego_191,0,7253,7253,7258,vehicle_vehicle,0.2628129226082215,1.6506816842905385,2.5762106823970514,13.242154781228017,15.0,3.0,3.5,0.8,7.691489381127688,27.68936177205968
21,200,7255,226,65.2422,-40.6746,240.157,2.057,4.5261,-3.3492,-6.9448,3.0124,-1.416,7.6905,-0.5508,-0.2708,-3.3176,car,191,63.1255,-36.6447,-4.3898,-6.3431,7.7039,-0.3945,232.3828,7.713965364843168,27.770275313435405,2.1166999999999945,-4.029899999999998,1.0406,-0.6017000000000001,1.202036293129288,4.551979009178312,0,21_191_202_7253_ego_191,0,7253,7253,7258,vehicle_vehicle,0.2628129226082215,1.6506816842905385,2.5762106823970514,13.242154781228017,15.0,3.0,3.5,0.8,7.691489381127688,27.68936177205968
21,202,7255,191,52.796,-46.3085,337.408,2.1047,4.8561,0.0296,-0.0119,-0.075,0.0348,0.0319,-0.0004,-0.0826,-0.0033,car,191,63.1255,-36.6447,-4.3898,-6.3431,7.7039,-0.3945,232.3828,7.713965364843168,27.770275313435405,-10.329500000000003,-9.663800000000002,4.4194,6.3312,7.7210873457046185,14.14523243676116,0,21_191_202_7253_ego_191,1,7253,7253,7258,vehicle_vehicle,0.2628129226082215,1.6506816842905385,2.5762106823970514,13.242154781228017,15.0,3.0,3.5,0.8,7.691489381127688,27.68936177205968
21,203,7255,116,47.1655,-43.92,342.245,2.0912,4.8595,-0.0329,0.0139,0.0119,-0.0065,-0.0355,-0.0032,0.0133,0.0026,car,191,63.1255,-36.6447,-4.3898,-6.3431,7.7039,-0.3945,232.3828,7.713965364843168,27.770275313435405,-15.96,-7.275300000000001,4.3569,6.356999999999999,7.706752014305378,17.539999717502848,0,21_191_202_7253_ego_191,0,7253,7253,7258,vehicle_vehicle,0.2628129226082215,1.6506816842905385,2.5762106823970514,13.242154781228017,15.0,3.0,3.5,0.8,7.691489381127688,27.68936177205968
21,191,7256,461,62.9519,-36.9005,233.0966,2.0905,5.2067,-4.3174,-6.4048,1.8943,-1.5049,7.714,-0.3935,0.0659,-2.4184,car,191,62.9519,-36.9005,-4.3174,-6.4048,7.714,-0.3935,233.0966,7.724079608600626,27.806686590962254,0.0,0.0,0.0,0.0,0.0,0.0,1,21_191_202_7253_ego_191,1,7253,7253,7258,vehicle_vehicle,0.2628129226082215,1.6506816842905385,2.5762106823970514,13.242154781228017,15.0,3.0,3.5,0.8,7.691489381127688,27.68936177205968
21,196,7256,383,63.1465,-54.5567,279.2208,1.8946,3.6036,1.3028,-8.988,0.7147,-0.3803,9.0806,0.1542,0.4899,-0.6445,car,191,62.9519,-36.9005,-4.3174,-6.4048,7.714,-0.3935,233.0966,7.724079608600626,27.806686590962254,0.19460000000000122,-17.6562,5.6202000000000005,-2.5831999999999997,6.1854321013167715,17.65727237146213,0,21_191_202_7253_ego_191,0,7253,7253,7258,vehicle_vehicle,0.2628129226082215,1.6506816842905385,2.5762106823970514,13.242154781228017,15.0,3.0,3.5,0.8,7.691489381127688,27.68936177205968
21,200,7256,227,65.1114,-40.9538,241.1799,2.057,4.5261,-3.2287,-7.0017,3.0564,-1.3644,7.6909,-0.5465,-0.2779,-3.3355,car,191,62.9519,-36.9005,-4.3174,-6.4048,7.714,-0.3935,233.0966,7.724079608600626,27.806686590962254,2.1595000000000013,-4.0533,1.0887000000000002,-0.5968999999999998,1.2415946601044965,4.592676903506278,0,21_191_202_7253_ego_191,0,7253,7253,7258,vehicle_vehicle,0.2628129226082215,1.6506816842905385,2.5762106823970514,13.242154781228017,15.0,3.0,3.5,0.8,7.691489381127688,27.68936177205968
21,202,7256,192,52.7971,-46.309,337.3984,2.1047,4.8561,0.0266,-0.0106,-0.0729,0.0328,0.0286,-0.0004,-0.08,-0.0023,car,191,62.9519,-36.9005,-4.3174,-6.4048,7.714,-0.3935,233.0966,7.724079608600626,27.806686590962254,-10.154800000000002,-9.408499999999997,4.344,6.3942,7.730208900152699,13.84340403549647,0,21_191_202_7253_ego_191,1,7253,7253,7258,vehicle_vehicle,0.2628129226082215,1.6506816842905385,2.5762106823970514,13.242154781228017,15.0,3.0,3.5,0.8,7.691489381127688,27.68936177205968
21,203,7256,117,47.1641,-43.9195,342.2333,2.0912,4.8595,-0.0321,0.0134,0.0199,-0.009,-0.0346,-0.003,0.0217,0.0025,car,191,62.9519,-36.9005,-4.3174,-6.4048,7.714,-0.3935,233.0966,7.724079608600626,27.806686590962254,-15.787800000000004,-7.018999999999998,4.2853,6.4182,7.717323845090343,17.277759977497084,0,21_191_202_7253_ego_191,0,7253,7253,7258,vehicle_vehicle,0.2628129226082215,1.6506816842905385,2.5762106823970514,13.242154781228017,15.0,3.0,3.5,0.8,7.691489381127688,27.68936177205968
21,191,7257,462,62.7811,-37.1589,233.8306,2.0905,5.2067,-4.2434,-6.465,1.9373,-1.4755,7.7233,-0.3899,0.0478,-2.4347,car,191,62.7811,-37.1589,-4.2434,-6.465,7.7233,-0.3899,233.8306,7.733218512365987,27.839586644517553,0.0,0.0,0.0,0.0,0.0,0.0,1,21_191_202_7253_ego_191,1,7253,7253,7258,vehicle_vehicle,0.2628129226082215,1.6506816842905385,2.5762106823970514,13.242154781228017,15.0,3.0,3.5,0.8,7.691489381127688,27.68936177205968
21,196,7257,384,63.1998,-54.9146,279.5971,1.8946,3.6036,1.3291,-9.0027,0.5732,-0.4351,9.0983,0.1905,0.5246,-0.4926,car,191,62.7811,-37.1589,-4.2434,-6.465,7.7233,-0.3899,233.8306,7.733218512365987,27.839586644517553,0.4187000000000012,-17.755699999999997,5.5725,-2.537700000000001,6.123126451413526,17.7606360297147,0,21_191_202_7253_ego_191,0,7253,7253,7258,vehicle_vehicle,0.2628129226082215,1.6506816842905385,2.5762106823970514,13.242154781228017,15.0,3.0,3.5,0.8,7.691489381127688,27.68936177205968
21,200,7257,228,64.9851,-41.2354,242.2076,2.057,4.5261,-3.1066,-7.0564,3.1004,-1.3127,7.6908,-0.542,-0.2843,-3.3548,car,191,62.7811,-37.1589,-4.2434,-6.465,7.7233,-0.3899,233.8306,7.733218512365987,27.839586644517553,2.2040000000000006,-4.076499999999996,1.1368000000000005,-0.5914000000000001,1.2814320894998694,4.6341631660959,0,21_191_202_7253_ego_191,0,7253,7253,7258,vehicle_vehicle,0.2628129226082215,1.6506816842905385,2.5762106823970514,13.242154781228017,15.0,3.0,3.5,0.8,7.691489381127688,27.68936177205968
21,202,7257,193,52.7982,-46.3098,337.3926,2.1047,4.8561,0.0236,-0.0093,-0.0709,0.031,0.0254,-0.0005,-0.0773,-0.0014,car,191,62.7811,-37.1589,-4.2434,-6.465,7.7233,-0.3899,233.8306,7.733218512365987,27.839586644517553,-9.9829,-9.1509,4.267,6.4557,7.73843340024323,13.54242456947795,0,21_191_202_7253_ego_191,1,7253,7253,7258,vehicle_vehicle,0.2628129226082215,1.6506816842905385,2.5762106823970514,13.242154781228017,15.0,3.0,3.5,0.8,7.691489381127688,27.68936177205968
21,203,7257,118,47.163,-43.9192,342.2194,2.0912,4.8595,-0.031,0.0129,0.0275,-0.0114,-0.0335,-0.0029,0.0297,0.0025,car,191,62.7811,-37.1589,-4.2434,-6.465,7.7233,-0.3899,233.8306,7.733218512365987,27.839586644517553,-15.618100000000005,-6.760299999999994,4.212400000000001,6.4779,7.727062971789476,17.01842247977174,0,21_191_202_7253_ego_191,0,7253,7253,7258,vehicle_vehicle,0.2628129226082215,1.6506816842905385,2.5762106823970514,13.242154781228017,15.0,3.0,3.5,0.8,7.691489381127688,27.68936177205968
21,191,7258,463,62.6128,-37.4192,234.5791,2.0905,5.2067,-4.1676,-6.5237,1.982,-1.4463,7.7318,-0.3848,0.0299,-2.4534,car,191,62.6128,-37.4192,-4.1676,-6.5237,7.7318,-0.3848,234.5791,7.741288746068061,27.86863948584502,0.0,0.0,0.0,0.0,0.0,0.0,1,21_191_202_7253_ego_191,1,7253,7253,7258,vehicle_vehicle,0.2628129226082215,1.6506816842905385,2.5762106823970514,13.242154781228017,15.0,3.0,3.5,0.8,7.691489381127688,27.68936177205968
21,196,7258,385,63.2533,-55.2727,279.9031,1.8946,3.6036,1.3496,-9.0206,0.4341,-0.4899,9.1183,0.2218,0.5573,-0.3434,car,191,62.6128,-37.4192,-4.1676,-6.5237,7.7318,-0.3848,234.5791,7.741288746068061,27.86863948584502,0.640500000000003,-17.853500000000004,5.5172,-2.4969,6.055906657966254,17.864985376428386,0,21_191_202_7253_ego_191,0,7253,7253,7258,vehicle_vehicle,0.2628129226082215,1.6506816842905385,2.5762106823970514,13.242154781228017,15.0,3.0,3.5,0.8,7.691489381127688,27.68936177205968
21,200,7258,229,64.8634,-41.5192,243.2169,2.057,4.5261,-2.9827,-7.1088,3.1445,-1.2609,7.6902,-0.5406,-0.2913,-3.3754,car,191,62.6128,-37.4192,-4.1676,-6.5237,7.7318,-0.3848,234.5791,7.741288746068061,27.86863948584502,2.2505999999999986,-4.100000000000001,1.1849000000000003,-0.5850999999999997,1.3214878054677615,4.677093152803353,0,21_191_202_7253_ego_191,0,7253,7253,7258,vehicle_vehicle,0.2628129226082215,1.6506816842905385,2.5762106823970514,13.242154781228017,15.0,3.0,3.5,0.8,7.691489381127688,27.68936177205968
21,202,7258,194,52.7993,-46.3102,337.3946,2.1047,4.8561,0.0206,-0.0081,-0.0687,0.0291,0.0221,-0.0005,-0.0746,-0.0004,car,191,62.6128,-37.4192,-4.1676,-6.5237,7.7318,-0.3848,234.5791,7.741288746068061,27.86863948584502,-9.813499999999998,-8.891000000000005,4.1882,6.5156,7.7455834254108975,13.242154781228017,0,21_191_202_7253_ego_191,1,7253,7253,7258,vehicle_vehicle,0.2628129226082215,1.6506816842905385,2.5762106823970514,13.242154781228017,15.0,3.0,3.5,0.8,7.691489381127688,27.68936177205968
21,203,7258,119,47.1617,-43.9188,342.2142,2.0912,4.8595,-0.0296,0.0124,0.0349,-0.0138,-0.032,-0.0028,0.0374,0.0025,car,191,62.6128,-37.4192,-4.1676,-6.5237,7.7318,-0.3848,234.5791,7.741288746068061,27.86863948584502,-15.451099999999997,-6.499600000000001,4.138,6.5361,7.735867579657759,16.762496573303153,0,21_191_202_7253_ego_191,0,7253,7253,7258,vehicle_vehicle,0.2628129226082215,1.6506816842905385,2.5762106823970514,13.242154781228017,15.0,3.0,3.5,0.8,7.691489381127688,27.68936177205968
21,191,7259,464,62.4478,-37.6813,235.3367,2.0905,5.2067,-4.0901,-6.5813,2.0285,-1.4173,7.7394,-0.379,0.0121,-2.4745,car,191,62.4478,-37.6813,-4.0901,-6.5813,7.7394,-0.379,235.3367,7.748704904692137,27.895337656891694,0.0,0.0,0.0,0.0,0.0,0.0,1,21_191_202_7253_ego_191,1,7253,7253,7258,vehicle_vehicle,0.2628129226082215,1.6506816842905385,2.5762106823970514,13.242154781228017,15.0,3.0,3.5,0.8,7.691489381127688,27.68936177205968
21,196,7259,386,63.308,-55.6318,280.1427,1.8946,3.6036,1.3645,-9.0415,0.2974,-0.5439,9.1405,0.249,0.5878,-0.197,car,191,62.4478,-37.6813,-4.0901,-6.5813,7.7394,-0.379,235.3367,7.748704904692137,27.895337656891694,0.860199999999999,-17.950499999999998,5.454599999999999,-2.4601999999999995,5.983748423856069,17.97109886150538,0,21_191_202_7253_ego_191,0,7253,7253,7258,vehicle_vehicle,0.2628129226082215,1.6506816842905385,2.5762106823970514,13.242154781228017,15.0,3.0,3.5,0.8,7.691489381127688,27.68936177205968
21,200,7259,230,64.7465,-41.8045,244.2076,2.057,4.5261,-2.8571,-7.1591,3.1888,-1.2093,7.689,-0.5426,-0.2987,-3.3973,car,191,62.4478,-37.6813,-4.0901,-6.5813,7.7394,-0.379,235.3367,7.748704904692137,27.895337656891694,2.2986999999999966,-4.123199999999997,1.2329999999999997,-0.5777999999999999,1.3616687702962122,4.720677910004024,0,21_191_202_7253_ego_191,0,7253,7253,7258,vehicle_vehicle,0.2628129226082215,1.6506816842905385,2.5762106823970514,13.242154781228017,15.0,3.0,3.5,0.8,7.691489381127688,27.68936177205968
21,202,7259,195,52.8005,-46.3104,337.3975,2.1047,4.8561,0.0176,-0.0069,-0.0664,0.0272,0.0189,-0.0004,-0.0717,0.0004,car,191,62.4478,-37.6813,-4.0901,-6.5813,7.7394,-0.379,235.3367,7.748704904692137,27.895337656891694,-9.647300000000001,-8.629100000000001,4.1076999999999995,6.5744,7.752156774085519,12.943406201614783,0,21_191_202_7253_ego_191,1,7253,7253,7258,vehicle_vehicle,0.2628129226082215,1.6506816842905385,2.5762106823970514,13.242154781228017,15.0,3.0,3.5,0.8,7.691489381127688,27.68936177205968
21,203,7259,120,47.1601,-43.9184,342.2159,2.0912,4.8595,-0.0277,0.0119,0.0418,-0.016,-0.03,-0.0028,0.0447,0.0025,car,191,62.4478,-37.6813,-4.0901,-6.5813,7.7394,-0.379,235.3367,7.748704904692137,27.895337656891694,-15.287700000000001,-6.237099999999998,4.062399999999999,6.5931999999999995,7.744248188171657,16.511062585430412,0,21_191_202_7253_ego_191,0,7253,7253,7258,vehicle_vehicle,0.2628129226082215,1.6506816842905385,2.5762106823970514,13.242154781228017,15.0,3.0,3.5,0.8,7.691489381127688,27.68936177205968
21,191,7260,465,62.2859,-37.9466,236.0962,2.0905,5.2067,-4.0108,-6.6374,2.0768,-1.3888,7.7461,-0.3734,-0.0057,-2.4983,car,191,62.2859,-37.9466,-4.0108,-6.6374,7.7461,-0.3734,236.0962,7.755101250144966,27.91836450052188,0.0,0.0,0.0,0.0,0.0,0.0,1,21_191_202_7253_ego_191,1,7253,7253,7258,vehicle_vehicle,0.2628129226082215,1.6506816842905385,2.5762106823970514,13.242154781228017,15.0,3.0,3.5,0.8,7.691489381127688,27.68936177205968
21,196,7260,387,63.364,-55.9918,280.3187,1.8946,3.6036,1.3735,-9.0654,0.1635,-0.5961,9.1648,0.2726,0.6158,-0.0541,car,191,62.2859,-37.9466,-4.0108,-6.6374,7.7461,-0.3734,236.0962,7.755101250144966,27.91836450052188,1.0780999999999992,-18.0452,5.3843,-2.428,5.9064262028742895,18.077376542241964,0,21_191_202_7253_ego_191,0,7253,7253,7258,vehicle_vehicle,0.2628129226082215,1.6506816842905385,2.5762106823970514,13.242154781228017,15.0,3.0,3.5,0.8,7.691489381127688,27.68936177205968
21,200,7260,231,64.6344,-42.0928,245.194,2.057,4.5261,-2.7295,-7.207,3.2332,-1.1579,7.6872,-0.546,-0.3054,-3.4207,car,191,62.2859,-37.9466,-4.0108,-6.6374,7.7461,-0.3734,236.0962,7.755101250144966,27.91836450052188,2.3485000000000014,-4.1462,1.2812999999999999,-0.5695999999999994,1.402203212804763,4.765126093819554,0,21_191_202_7253_ego_191,0,7253,7253,7258,vehicle_vehicle,0.2628129226082215,1.6506816842905385,2.5762106823970514,13.242154781228017,15.0,3.0,3.5,0.8,7.691489381127688,27.68936177205968
21,202,7260,196,52.8015,-46.3106,337.4048,2.1047,4.8561,0.0145,-0.0058,-0.0636,0.0253,0.0156,-0.0002,-0.0685,0.001,car,191,62.2859,-37.9466,-4.0108,-6.6374,7.7461,-0.3734,236.0962,7.755101250144966,27.91836450052188,-9.4844,-8.364000000000004,4.0253,6.631600000000001,7.75765161953023,12.645565996031973,0,21_191_202_7253_ego_191,1,7253,7253,7258,vehicle_vehicle,0.2628129226082215,1.6506816842905385,2.5762106823970514,13.242154781228017,15.0,3.0,3.5,0.8,7.691489381127688,27.68936177205968
21,203,7260,121,47.1583,-43.9174,342.2275,2.0912,4.8595,-0.0253,0.011,0.0482,-0.0182,-0.0274,-0.0028,0.0514,0.0026,car,191,62.2859,-37.9466,-4.0108,-6.6374,7.7461,-0.3734,236.0962,7.755101250144966,27.91836450052188,-15.127600000000001,-5.970800000000004,3.9854999999999996,6.6484000000000005,7.751479394928428,16.26329408207329,0,21_191_202_7253_ego_191,0,7253,7253,7258,vehicle_vehicle,0.2628129226082215,1.6506816842905385,2.5762106823970514,13.242154781228017,15.0,3.0,3.5,0.8,7.691489381127688,27.68936177205968
21,191,7261,466,62.1266,-38.2133,236.863,2.0905,5.2067,-3.9294,-6.6922,2.1268,-1.361,7.7518,-0.3679,-0.023,-2.5248,car,191,62.1266,-38.2133,-3.9294,-6.6922,7.7518,-0.3679,236.863,7.760523513268933,27.93788464776816,0.0,0.0,0.0,0.0,0.0,0.0,1,21_191_202_7253_ego_191,1,7253,7253,7258,vehicle_vehicle,0.2628129226082215,1.6506816842905385,2.5762106823970514,13.242154781228017,15.0,3.0,3.5,0.8,7.691489381127688,27.68936177205968
21,196,7261,388,63.4198,-56.3531,280.4581,1.8946,3.6036,1.3767,-9.0921,0.0326,-0.6458,9.191,0.2965,0.641,0.0851,car,191,62.1266,-38.2133,-3.9294,-6.6922,7.7518,-0.3679,236.863,7.760523513268933,27.93788464776816,1.2931999999999988,-18.1398,5.3061,-2.3999000000000006,5.8235914365621495,18.18583817919867,0,21_191_202_7253_ego_191,0,7253,7253,7258,vehicle_vehicle,0.2628129226082215,1.6506816842905385,2.5762106823970514,13.242154781228017,15.0,3.0,3.5,0.8,7.691489381127688,27.68936177205968
21,200,7261,232,64.5273,-42.3833,246.1795,2.057,4.5261,-2.5999,-7.2523,3.2774,-1.1073,7.6845,-0.5506,-0.3106,-3.4454,car,191,62.1266,-38.2133,-3.9294,-6.6922,7.7518,-0.3679,236.863,7.760523513268933,27.93788464776816,2.4006999999999934,-4.170000000000002,1.3295,-0.5601000000000003,1.4426649853656253,4.811679591369315,0,21_191_202_7253_ego_191,0,7253,7253,7258,vehicle_vehicle,0.2628129226082215,1.6506816842905385,2.5762106823970514,13.242154781228017,15.0,3.0,3.5,0.8,7.691489381127688,27.68936177205968
21,202,7261,197,52.8025,-46.3104,337.4108,2.1047,4.8561,0.0113,-0.0051,-0.0603,0.0236,0.0124,0.0003,-0.0647,0.0014,car,191,62.1266,-38.2133,-3.9294,-6.6922,7.7518,-0.3679,236.863,7.760523513268933,27.93788464776816,-9.324100000000001,-8.097100000000005,3.9406999999999996,6.6871,7.7618569234429975,12.349164717502157,0,21_191_202_7253_ego_191,1,7253,7253,7258,vehicle_vehicle,0.2628129226082215,1.6506816842905385,2.5762106823970514,13.242154781228017,15.0,3.0,3.5,0.8,7.691489381127688,27.68936177205968
21,203,7261,122,47.1567,-43.9166,342.2425,2.0912,4.8595,-0.0223,0.0099,0.0536,-0.02,-0.0242,-0.0026,0.0571,0.0028,car,191,62.1266,-38.2133,-3.9294,-6.6922,7.7518,-0.3679,236.863,7.760523513268933,27.93788464776816,-14.969900000000003,-5.703300000000006,3.9071,6.7021,7.75780734615136,16.01953610127335,0,21_191_202_7253_ego_191,0,7253,7253,7258,vehicle_vehicle,0.2628129226082215,1.6506816842905385,2.5762106823970514,13.242154781228017,15.0,3.0,3.5,0.8,7.691489381127688,27.68936177205968
21,191,7262,467,61.9703,-38.4818,237.6556,2.0905,5.2067,-3.8456,-6.7461,2.1782,-1.3337,7.7568,-0.3603,-0.0386,-2.5538,car,191,61.9703,-38.4818,-3.8456,-6.7461,7.7568,-0.3603,237.6556,7.7652111735612195,27.95476022482039,0.0,0.0,0.0,0.0,0.0,0.0,1,21_191_202_7253_ego_191,1,7253,7253,7258,vehicle_vehicle,0.2628129226082215,1.6506816842905385,2.5762106823970514,13.242154781228017,15.0,3.0,3.5,0.8,7.691489381127688,27.68936177205968
21,196,7262,389,63.4757,-56.716,280.5418,1.8946,3.6036,1.3745,-9.1213,-0.0948,-0.6924,9.2188,0.3175,0.6634,0.2199,car,191,61.9703,-38.4818,-3.8456,-6.7461,7.7568,-0.3603,237.6556,7.7652111735612195,27.95476022482039,1.5054000000000016,-18.2342,5.2201,-2.3751999999999995,5.73506922800414,18.296236738739474,0,21_191_202_7253_ego_191,0,7253,7253,7258,vehicle_vehicle,0.2628129226082215,1.6506816842905385,2.5762106823970514,13.242154781228017,15.0,3.0,3.5,0.8,7.691489381127688,27.68936177205968
21,200,7262,233,64.4249,-42.6749,247.1461,2.057,4.5261,-2.4681,-7.2953,3.3211,-1.0578,7.6812,-0.559,-0.3151,-3.4712,car,191,61.9703,-38.4818,-3.8456,-6.7461,7.7568,-0.3603,237.6556,7.7652111735612195,27.95476022482039,2.454599999999992,-4.193100000000001,1.3775,-0.5491999999999999,1.48294534289029,4.858718840394037,0,21_191_202_7253_ego_191,0,7253,7253,7258,vehicle_vehicle,0.2628129226082215,1.6506816842905385,2.5762106823970514,13.242154781228017,15.0,3.0,3.5,0.8,7.691489381127688,27.68936177205968
21,202,7262,198,52.8031,-46.3104,337.3959,2.1047,4.8561,0.0082,-0.0044,-0.0563,0.0221,0.0092,0.0009,-0.0605,0.0012,car,191,61.9703,-38.4818,-3.8456,-6.7461,7.7568,-0.3603,237.6556,7.7652111735612195,27.95476022482039,-9.167200000000001,-7.828600000000002,3.8538,6.7417,7.765455127035375,12.055062579679959,0,21_191_202_7253_ego_191,1,7253,7253,7258,vehicle_vehicle,0.2628129226082215,1.6506816842905385,2.5762106823970514,13.242154781228017,15.0,3.0,3.5,0.8,7.691489381127688,27.68936177205968
21,203,7262,123,47.1557,-43.9159,342.2647,2.0912,4.8595,-0.0191,0.0085,0.058,-0.0214,-0.0208,-0.0023,0.0617,0.0028,car,191,61.9703,-38.4818,-3.8456,-6.7461,7.7568,-0.3603,237.6556,7.7652111735612195,27.95476022482039,-14.814599999999999,-5.434100000000001,3.8265000000000002,6.7546,7.763164522924914,15.779791379165948,0,21_191_202_7253_ego_191,0,7253,7253,7258,vehicle_vehicle,0.2628129226082215,1.6506816842905385,2.5762106823970514,13.242154781228017,15.0,3.0,3.5,0.8,7.691489381127688,27.68936177205968
21,191,7263,468,61.8176,-38.7528,238.4596,2.0905,5.2067,-3.7595,-6.7989,2.2309,-1.3071,7.7611,-0.3524,-0.053,-2.585,car,191,61.8176,-38.7528,-3.7595,-6.7989,7.7611,-0.3524,238.4596,7.769097853676448,27.968752273235214,0.0,0.0,0.0,0.0,0.0,0.0,1,21_191_202_7253_ego_191,1,7253,7253,7258,vehicle_vehicle,0.2628129226082215,1.6506816842905385,2.5762106823970514,13.242154781228017,15.0,3.0,3.5,0.8,7.691489381127688,27.68936177205968
21,196,7263,390,63.5313,-57.0799,280.5905,1.8946,3.6036,1.3668,-9.153,-0.2185,-0.7354,9.2483,0.3387,0.6827,0.35,car,191,61.8176,-38.7528,-3.7595,-6.7989,7.7611,-0.3524,238.4596,7.769097853676448,27.968752273235214,1.7137000000000029,-18.3271,5.1263000000000005,-2.3541000000000007,5.64098736924663,18.407046533868492,0,21_191_202_7253_ego_191,0,7253,7253,7258,vehicle_vehicle,0.2628129226082215,1.6506816842905385,2.5762106823970514,13.242154781228017,15.0,3.0,3.5,0.8,7.691489381127688,27.68936177205968
21,200,7263,234,64.3274,-42.969,248.1366,2.057,4.5261,-2.3341,-7.3358,3.3639,-1.0099,7.6774,-0.5656,-0.3154,-3.4981,car,191,61.8176,-38.7528,-3.7595,-6.7989,7.7611,-0.3524,238.4596,7.769097853676448,27.968752273235214,2.5097999999999985,-4.216200000000001,1.4254000000000002,-0.5369000000000002,1.5231634088304515,4.906672852351173,0,21_191_202_7253_ego_191,0,7253,7253,7258,vehicle_vehicle,0.2628129226082215,1.6506816842905385,2.5762106823970514,13.242154781228017,15.0,3.0,3.5,0.8,7.691489381127688,27.68936177205968
21,202,7263,199,52.8033,-46.3106,337.3774,2.1047,4.8561,0.0052,-0.0037,-0.0516,0.0209,0.0063,0.0014,-0.0557,0.0006,car,191,61.8176,-38.7528,-3.7595,-6.7989,7.7611,-0.3524,238.4596,7.769097853676448,27.968752273235214,-9.014299999999999,-7.5578,3.7647,6.7951999999999995,7.768378796763196,11.763415546940438,0,21_191_202_7253_ego_191,1,7253,7253,7258,vehicle_vehicle,0.2628129226082215,1.6506816842905385,2.5762106823970514,13.242154781228017,15.0,3.0,3.5,0.8,7.691489381127688,27.68936177205968
21,203,7263,124,47.1548,-43.9152,342.2849,2.0912,4.8595,-0.0156,0.007,0.0612,-0.0222,-0.017,-0.0019,0.0651,0.0025,car,191,61.8176,-38.7528,-3.7595,-6.7989,7.7611,-0.3524,238.4596,7.769097853676448,27.968752273235214,-14.662799999999997,-5.162399999999998,3.7439,6.805899999999999,7.767693481336657,15.54503385650864,0,21_191_202_7253_ego_191,0,7253,7253,7258,vehicle_vehicle,0.2628129226082215,1.6506816842905385,2.5762106823970514,13.242154781228017,15.0,3.0,3.5,0.8,7.691489381127688,27.68936177205968
21,191,7264,469,61.668,-39.0255,239.2596,2.0905,5.2067,-3.6709,-6.8507,2.2843,-1.281,7.7645,-0.3466,-0.0666,-2.6181,car,191,61.668,-39.0255,-3.6709,-6.8507,7.7645,-0.3466,239.2596,7.7722324527770015,27.980036829997207,0.0,0.0,0.0,0.0,0.0,0.0,1,21_191_202_7253_ego_191,1,7253,7253,7258,vehicle_vehicle,0.2628129226082215,1.6506816842905385,2.5762106823970514,13.242154781228017,15.0,3.0,3.5,0.8,7.691489381127688,27.68936177205968
21,196,7264,391,63.586,-57.4456,280.5944,1.8946,3.6036,1.3542,-9.1868,-0.3384,-0.7741,9.2792,0.358,0.6987,0.4749,car,191,61.668,-39.0255,-3.6709,-6.8507,7.7645,-0.3466,239.2596,7.7722324527770015,27.980036829997207,1.9179999999999993,-18.420099999999998,5.0251,-2.3361,5.541569562858522,18.519687038662394,0,21_191_202_7253_ego_191,0,7253,7253,7258,vehicle_vehicle,0.2628129226082215,1.6506816842905385,2.5762106823970514,13.242154781228017,15.0,3.0,3.5,0.8,7.691489381127688,27.68936177205968
21,200,7264,235,64.2365,-43.2604,249.1467,2.057,4.5261,-2.1982,-7.3755,3.4055,-0.9633,7.6749,-0.5713,-0.3121,-3.5253,car,191,61.668,-39.0255,-3.6709,-6.8507,7.7645,-0.3466,239.2596,7.7722324527770015,27.980036829997207,2.5685000000000073,-4.234899999999996,1.4727000000000001,-0.5247999999999999,1.5634130388352274,4.952935519467219,0,21_191_202_7253_ego_191,0,7253,7253,7258,vehicle_vehicle,0.2628129226082215,1.6506816842905385,2.5762106823970514,13.242154781228017,15.0,3.0,3.5,0.8,7.691489381127688,27.68936177205968
21,202,7264,200,52.8032,-46.3111,337.3592,2.1047,4.8561,0.0026,-0.003,-0.0463,0.0198,0.0036,0.0018,-0.0504,-0.0004,car,191,61.668,-39.0255,-3.6709,-6.8507,7.7645,-0.3466,239.2596,7.7722324527770015,27.980036829997207,-8.864800000000002,-7.285600000000002,3.6735,6.8477,7.7708170445584415,11.474521619658052,0,21_191_202_7253_ego_191,1,7253,7253,7258,vehicle_vehicle,0.2628129226082215,1.6506816842905385,2.5762106823970514,13.242154781228017,15.0,3.0,3.5,0.8,7.691489381127688,27.68936177205968
21,203,7264,125,47.1542,-43.9152,342.3042,2.0912,4.8595,-0.012,0.0056,0.0633,-0.0224,-0.0131,-0.0016,0.0671,0.0021,car,191,61.668,-39.0255,-3.6709,-6.8507,7.7645,-0.3466,239.2596,7.7722324527770015,27.980036829997207,-14.513799999999996,-4.889699999999998,3.6589,6.8563,7.771512008611966,15.315337297297761,0,21_191_202_7253_ego_191,0,7253,7253,7258,vehicle_vehicle,0.2628129226082215,1.6506816842905385,2.5762106823970514,13.242154781228017,15.0,3.0,3.5,0.8,7.691489381127688,27.68936177205968
21,191,7265,470,61.5233,-39.3009,240.0449,2.0905,5.2067,-3.5803,-6.9013,2.3385,-1.2554,7.7671,-0.3439,-0.08,-2.653,car,191,61.5233,-39.3009,-3.5803,-6.9013,7.7671,-0.3439,240.0449,7.774734064905371,27.989042633659338,0.0,0.0,0.0,0.0,0.0,0.0,1,21_191_202_7253_ego_191,1,7253,7253,7258,vehicle_vehicle,0.2628129226082215,1.6506816842905385,2.5762106823970514,13.242154781228017,15.0,3.0,3.5,0.8,7.691489381127688,27.68936177205968
21,196,7265,392,63.6406,-57.8128,280.5439,1.8946,3.6036,1.3364,-9.2225,-0.4542,-0.8083,9.3113,0.3737,0.7115,0.5944,car,191,61.5233,-39.3009,-3.5803,-6.9013,7.7671,-0.3439,240.0449,7.774734064905371,27.989042633659338,2.1173,-18.511900000000004,4.9167,-2.3212,5.437086382429471,18.63258975290338,0,21_191_202_7253_ego_191,0,7253,7253,7258,vehicle_vehicle,0.2628129226082215,1.6506816842905385,2.5762106823970514,13.242154781228017,15.0,3.0,3.5,0.8,7.691489381127688,27.68936177205968
21,200,7265,236,64.1503,-43.5545,250.1829,2.057,4.5261,-2.0603,-7.414,3.4455,-0.917,7.6734,-0.5752,-0.3054,-3.5523,car,191,61.5233,-39.3009,-3.5803,-6.9013,7.7671,-0.3439,240.0449,7.774734064905371,27.989042633659338,2.6270000000000024,-4.253599999999999,1.52,-0.5126999999999997,1.6041388001042802,4.999424162841157,0,21_191_202_7253_ego_191,0,7253,7253,7258,vehicle_vehicle,0.2628129226082215,1.6506816842905385,2.5762106823970514,13.242154781228017,15.0,3.0,3.5,0.8,7.691489381127688,27.68936177205968
21,202,7265,201,52.8029,-46.3119,337.3523,2.1047,4.8561,0.0003,-0.002,-0.0406,0.0187,0.0011,0.0017,-0.0446,-0.0016,car,191,61.5233,-39.3009,-3.5803,-6.9013,7.7671,-0.3439,240.0449,7.774734064905371,27.989042633659338,-8.720399999999998,-7.011000000000003,3.5806,6.8993,7.773096992190435,11.189258114817084,0,21_191_202_7253_ego_191,1,7253,7253,7258,vehicle_vehicle,0.2628129226082215,1.6506816842905385,2.5762106823970514,13.242154781228017,15.0,3.0,3.5,0.8,7.691489381127688,27.68936177205968
21,203,7265,126,47.1537,-43.9152,342.3174,2.0912,4.8595,-0.0082,0.0042,0.0642,-0.022,-0.0091,-0.0015,0.0679,0.0015,car,191,61.5233,-39.3009,-3.5803,-6.9013,7.7671,-0.3439,240.0449,7.774734064905371,27.989042633659338,-14.369599999999998,-4.6143,3.5721,6.9055,7.774691547579235,15.092288383475845,0,21_191_202_7253_ego_191,0,7253,7253,7258,vehicle_vehicle,0.2628129226082215,1.6506816842905385,2.5762106823970514,13.242154781228017,15.0,3.0,3.5,0.8,7.691489381127688,27.68936177205968
21,191,7266,471,61.3816,-39.5781,240.8525,2.0905,5.2067,-3.4874,-6.9508,2.3934,-1.2305,7.7692,-0.3397,-0.091,-2.6896,car,191,61.3816,-39.5781,-3.4874,-6.9508,7.7692,-0.3397,240.8525,7.7766046189837885,27.995776628341638,0.0,0.0,0.0,0.0,0.0,0.0,1,21_191_202_7253_ego_191,1,7253,7253,7258,vehicle_vehicle,0.2628129226082215,1.6506816842905385,2.5762106823970514,13.242154781228017,15.0,3.0,3.5,0.8,7.691489381127688,27.68936177205968
21,196,7266,393,63.6936,-58.1813,280.4399,1.8946,3.6036,1.3141,-9.26,-0.5658,-0.8375,9.3448,0.3856,0.7211,0.7082,car,191,61.3816,-39.5781,-3.4874,-6.9508,7.7692,-0.3397,240.8525,7.7766046189837885,27.995776628341638,2.3120000000000047,-18.6032,4.8015,-2.3091999999999997,5.327927072511409,18.746316817977874,0,21_191_202_7253_ego_191,0,7253,7253,7258,vehicle_vehicle,0.2628129226082215,1.6506816842905385,2.5762106823970514,13.242154781228017,15.0,3.0,3.5,0.8,7.691489381127688,27.68936177205968
21,200,7266,237,64.0704,-43.8507,251.2468,2.057,4.5261,-1.9206,-7.4511,3.4837,-0.8705,7.673,-0.5768,-0.2957,-3.5786,car,191,61.3816,-39.5781,-3.4874,-6.9508,7.7692,-0.3397,240.8525,7.7766046189837885,27.995776628341638,2.6888000000000076,-4.272600000000004,1.5668,-0.5003000000000002,1.6447377693723702,5.048242882429498,0,21_191_202_7253_ego_191,0,7253,7253,7258,vehicle_vehicle,0.2628129226082215,1.6506816842905385,2.5762106823970514,13.242154781228017,15.0,3.0,3.5,0.8,7.691489381127688,27.68936177205968
21,202,7266,202,52.8025,-46.3122,337.3554,2.1047,4.8561,-0.0015,-0.001,-0.0344,0.0174,-0.001,0.0015,-0.0385,-0.0028,car,191,61.3816,-39.5781,-3.4874,-6.9508,7.7692,-0.3397,240.8525,7.7766046189837885,27.995776628341638,-8.579099999999997,-6.734099999999998,3.4859,6.9498,7.7750381896168195,10.90637701622312,0,21_191_202_7253_ego_191,1,7253,7253,7258,vehicle_vehicle,0.2628129226082215,1.6506816842905385,2.5762106823970514,13.242154781228017,15.0,3.0,3.5,0.8,7.691489381127688,27.68936177205968
21,203,7266,127,47.1531,-43.9151,342.3269,2.0912,4.8595,-0.0044,0.0028,0.0639,-0.0212,-0.005,-0.0014,0.0673,0.0008,car,191,61.3816,-39.5781,-3.4874,-6.9508,7.7692,-0.3397,240.8525,7.7766046189837885,27.995776628341638,-14.228499999999997,-4.337000000000003,3.483,6.9536,7.777135845541082,14.874803570131606,0,21_191_202_7253_ego_191,0,7253,7253,7258,vehicle_vehicle,0.2628129226082215,1.6506816842905385,2.5762106823970514,13.242154781228017,15.0,3.0,3.5,0.8,7.691489381127688,27.68936177205968
21,191,7267,472,61.2436,-39.8567,241.6823,2.0905,5.2067,-3.3921,-6.9995,2.4488,-1.2062,7.771,-0.3341,-0.0998,-2.7279,car,191,61.2436,-39.8567,-3.3921,-6.9995,7.771,-0.3341,241.6823,7.77813233752165,28.00127641507794,0.0,0.0,0.0,0.0,0.0,0.0,1,21_191_202_7253_ego_191,1,7253,7253,7258,vehicle_vehicle,0.2628129226082215,1.6506816842905385,2.5762106823970514,13.242154781228017,15.0,3.0,3.5,0.8,7.691489381127688,27.68936177205968
21,196,7267,394,63.7455,-58.5515,280.2785,1.8946,3.6036,1.2874,-9.299,-0.6733,-0.8614,9.3795,0.3925,0.7275,0.8162,car,191,61.2436,-39.8567,-3.3921,-6.9995,7.771,-0.3341,241.6823,7.77813233752165,28.00127641507794,2.501899999999999,-18.6948,4.6795,-2.299499999999999,5.213963991053256,18.86147000236196,0,21_191_202_7253_ego_191,0,7253,7253,7258,vehicle_vehicle,0.2628129226082215,1.6506816842905385,2.5762106823970514,13.242154781228017,15.0,3.0,3.5,0.8,7.691489381127688,27.68936177205968
21,200,7267,238,63.9962,-44.1484,252.3598,2.057,4.5261,-1.7794,-7.4867,3.5201,-0.8234,7.6739,-0.5731,-0.2821,-3.6041,car,191,61.2436,-39.8567,-3.3921,-6.9995,7.771,-0.3341,241.6823,7.77813233752165,28.00127641507794,2.752600000000001,-4.291700000000006,1.6127,-0.48719999999999963,1.6846854691603415,5.09857780660451,0,21_191_202_7253_ego_191,0,7253,7253,7258,vehicle_vehicle,0.2628129226082215,1.6506816842905385,2.5762106823970514,13.242154781228017,15.0,3.0,3.5,0.8,7.691489381127688,27.68936177205968
21,202,7267,203,52.8019,-46.3129,337.3563,2.1047,4.8561,-0.003,0.0002,-0.0282,0.0156,-0.0028,0.001,-0.032,-0.0036,car,191,61.2436,-39.8567,-3.3921,-6.9995,7.771,-0.3341,241.6823,7.77813233752165,28.00127641507794,-8.441699999999997,-6.456200000000003,3.3891,6.999700000000001,7.777004494019533,10.627549921313001,0,21_191_202_7253_ego_191,1,7253,7253,7258,vehicle_vehicle,0.2628129226082215,1.6506816842905385,2.5762106823970514,13.242154781228017,15.0,3.0,3.5,0.8,7.691489381127688,27.68936177205968
21,203,7267,128,47.1525,-43.915,342.3314,2.0912,4.8595,-0.0003,0.0015,0.0621,-0.0199,-0.0007,-0.0014,0.0652,0.0001,car,191,61.2436,-39.8567,-3.3921,-6.9995,7.771,-0.3341,241.6823,7.77813233752165,28.00127641507794,-14.091099999999997,-4.058300000000003,3.3918,7.001,7.779351402269987,14.663863682536057,0,21_191_202_7253_ego_191,0,7253,7253,7258,vehicle_vehicle,0.2628129226082215,1.6506816842905385,2.5762106823970514,13.242154781228017,15.0,3.0,3.5,0.8,7.691489381127688,27.68936177205968
21,191,7268,473,61.1093,-40.1368,242.5216,2.0905,5.2067,-3.2944,-7.0476,2.5046,-1.1822,7.7726,-0.3292,-0.1068,-2.7675,car,191,61.1093,-40.1368,-3.2944,-7.0476,7.7726,-0.3292,242.5216,7.779571782559757,28.006458417215125,0.0,0.0,0.0,0.0,0.0,0.0,1,21_191_202_7253_ego_191,1,7253,7253,7258,vehicle_vehicle,0.2628129226082215,1.6506816842905385,2.5762106823970514,13.242154781228017,15.0,3.0,3.5,0.8,7.691489381127688,27.68936177205968
21,196,7268,395,63.7957,-58.9237,280.0713,1.8946,3.6036,1.2567,-9.3391,-0.7768,-0.8797,9.415,0.3958,0.7303,0.9187,car,191,61.1093,-40.1368,-3.2944,-7.0476,7.7726,-0.3292,242.5216,7.779571782559757,28.006458417215125,2.686399999999999,-18.786899999999996,4.5511,-2.2915,5.095437514090424,18.977996642691235,0,21_191_202_7253_ego_191,0,7253,7253,7258,vehicle_vehicle,0.2628129226082215,1.6506816842905385,2.5762106823970514,13.242154781228017,15.0,3.0,3.5,0.8,7.691489381127688,27.68936177205968
21,200,7268,239,63.9272,-44.4473,253.4599,2.057,4.5261,-1.6364,-7.521,3.5545,-0.7752,7.6757,-0.5724,-0.2688,-3.6281,car,191,61.1093,-40.1368,-3.2944,-7.0476,7.7726,-0.3292,242.5216,7.779571782559757,28.006458417215125,2.8179000000000016,-4.3104999999999976,1.658,-0.4733999999999998,1.724259713616252,5.149851518247879,0,21_191_202_7253_ego_191,0,7253,7253,7258,vehicle_vehicle,0.2628129226082215,1.6506816842905385,2.5762106823970514,13.242154781228017,15.0,3.0,3.5,0.8,7.691489381127688,27.68936177205968
21,202,7268,204,52.8012,-46.3129,337.3659,2.1047,4.8561,-0.004,0.0014,-0.0219,0.0134,-0.0042,0.0003,-0.0254,-0.0039,car,191,61.1093,-40.1368,-3.2944,-7.0476,7.7726,-0.3292,242.5216,7.779571782559757,28.006458417215125,-8.308099999999996,-6.176099999999998,3.2904,7.049,7.779147328595854,10.352233421827385,0,21_191_202_7253_ego_191,1,7253,7253,7258,vehicle_vehicle,0.2628129226082215,1.6506816842905385,2.5762106823970514,13.242154781228017,15.0,3.0,3.5,0.8,7.691489381127688,27.68936177205968
21,203,7268,129,47.1524,-43.9151,342.3355,2.0912,4.8595,0.0037,0.0003,0.0588,-0.0182,0.0035,-0.0015,0.0616,-0.0005,car,191,61.1093,-40.1368,-3.2944,-7.0476,7.7726,-0.3292,242.5216,7.779571782559757,28.006458417215125,-13.956899999999997,-3.7783000000000015,3.2981,7.0479,7.781411055843279,14.459274134616853,0,21_191_202_7253_ego_191,0,7253,7253,7258,vehicle_vehicle,0.2628129226082215,1.6506816842905385,2.5762106823970514,13.242154781228017,15.0,3.0,3.5,0.8,7.691489381127688,27.68936177205968
21,191,7269,474,60.9787,-40.4184,243.3714,2.0905,5.2067,-3.1941,-7.0953,2.5603,-1.1581,7.7743,-0.3248,-0.1123,-2.8078,car,191,60.9787,-40.4184,-3.1941,-7.0953,7.7743,-0.3248,243.3714,7.781102550410193,28.011969181476694,0.0,0.0,0.0,0.0,0.0,0.0,1,21_191_202_7253_ego_191,1,7253,7253,7258,vehicle_vehicle,0.2628129226082215,1.6506816842905385,2.5762106823970514,13.242154781228017,15.0,3.0,3.5,0.8,7.691489381127688,27.68936177205968
21,196,7269,396,63.8446,-59.2975,279.8318,1.8946,3.6036,1.2221,-9.3802,-0.8767,-0.8922,9.4511,0.3975,0.7294,1.0162,car,191,60.9787,-40.4184,-3.1941,-7.0953,7.7743,-0.3248,243.3714,7.781102550410193,28.011969181476694,2.8658999999999963,-18.8791,4.4162,-2.2849000000000004,4.972282217453068,19.095386867513316,0,21_191_202_7253_ego_191,0,7253,7253,7258,vehicle_vehicle,0.2628129226082215,1.6506816842905385,2.5762106823970514,13.242154781228017,15.0,3.0,3.5,0.8,7.691489381127688,27.68936177205968
21,200,7269,240,63.8623,-44.7475,254.5813,2.057,4.5261,-1.4912,-7.5538,3.5863,-0.7254,7.6784,-0.5708,-0.2542,-3.6501,car,191,60.9787,-40.4184,-3.1941,-7.0953,7.7743,-0.3248,243.3714,7.781102550410193,28.011969181476694,2.883599999999994,-4.329100000000004,1.7029,-0.4584999999999999,1.7635449129523184,5.201562819960939,0,21_191_202_7253_ego_191,0,7253,7253,7258,vehicle_vehicle,0.2628129226082215,1.6506816842905385,2.5762106823970514,13.242154781228017,15.0,3.0,3.5,0.8,7.691489381127688,27.68936177205968
21,202,7269,205,52.8004,-46.3122,337.3817,2.1047,4.8561,-0.0044,0.0022,-0.016,0.0107,-0.0049,-0.0003,-0.0189,-0.0038,car,191,60.9787,-40.4184,-3.1941,-7.0953,7.7743,-0.3248,243.3714,7.781102550410193,28.011969181476694,-8.1783,-5.893799999999999,3.1897,7.0975,7.781304025675902,10.080747458894106,0,21_191_202_7253_ego_191,1,7253,7253,7258,vehicle_vehicle,0.2628129226082215,1.6506816842905385,2.5762106823970514,13.242154781228017,15.0,3.0,3.5,0.8,7.691489381127688,27.68936177205968
21,203,7269,130,47.1528,-43.9152,342.3343,2.0912,4.8595,0.0076,-0.0007,0.054,-0.0162,0.0075,-0.0016,0.0563,-0.001,car,191,60.9787,-40.4184,-3.1941,-7.0953,7.7743,-0.3248,243.3714,7.781102550410193,28.011969181476694,-13.825900000000004,-3.4968000000000004,3.2017,7.0946,7.783587350958426,14.261245424225757,0,21_191_202_7253_ego_191,0,7253,7253,7258,vehicle_vehicle,0.2628129226082215,1.6506816842905385,2.5762106823970514,13.242154781228017,15.0,3.0,3.5,0.8,7.691489381127688,27.68936177205968
21,191,7270,475,60.8527,-40.7019,244.2266,2.0905,5.2067,-3.0914,-7.1424,2.616,-1.1334,7.7761,-0.3217,-0.1168,-2.8486,car,191,60.8527,-40.7019,-3.0914,-7.1424,7.7761,-0.3217,244.2266,7.7827136475653536,28.017769131235273,0.0,0.0,0.0,0.0,0.0,0.0,1,21_191_202_7253_ego_191,1,7253,7253,7258,vehicle_vehicle,0.2628129226082215,1.6506816842905385,2.5762106823970514,13.242154781228017,15.0,3.0,3.5,0.8,7.691489381127688,27.68936177205968
21,196,7270,397,63.8923,-59.6735,279.5984,1.8946,3.6036,1.1838,-9.4218,-0.9733,-0.8989,9.4872,0.4038,0.724,1.1095,car,191,60.8527,-40.7019,-3.0914,-7.1424,7.7761,-0.3217,244.2266,7.7827136475653536,28.017769131235273,3.0396,-18.971599999999995,4.2752,-2.279399999999999,4.844894157770631,19.21355705537108,0,21_191_202_7253_ego_191,0,7253,7253,7258,vehicle_vehicle,0.2628129226082215,1.6506816842905385,2.5762106823970514,13.242154781228017,15.0,3.0,3.5,0.8,7.691489381127688,27.68936177205968
21,200,7270,241,63.8036,-45.0486,255.7287,2.057,4.5261,-1.344,-7.5853,3.6147,-0.6735,7.6826,-0.5674,-0.2383,-3.6692,car,191,60.8527,-40.7019,-3.0914,-7.1424,7.7761,-0.3217,244.2266,7.7827136475653536,28.017769131235273,2.9509000000000043,-4.3466999999999985,1.7474,-0.44289999999999985,1.8026555882918955,5.253723603312228,0,21_191_202_7253_ego_191,0,7253,7253,7258,vehicle_vehicle,0.2628129226082215,1.6506816842905385,2.5762106823970514,13.242154781228017,15.0,3.0,3.5,0.8,7.691489381127688,27.68936177205968
21,202,7270,206,52.7996,-46.3112,337.4073,2.1047,4.8561,-0.0044,0.0025,-0.0105,0.008,-0.0051,-0.0006,-0.0128,-0.0033,car,191,60.8527,-40.7019,-3.0914,-7.1424,7.7761,-0.3217,244.2266,7.7827136475653536,28.017769131235273,-8.0531,-5.6092999999999975,3.087,7.144900000000001,7.783261848993647,9.814105466113556,0,21_191_202_7253_ego_191,1,7253,7253,7258,vehicle_vehicle,0.2628129226082215,1.6506816842905385,2.5762106823970514,13.242154781228017,15.0,3.0,3.5,0.8,7.691489381127688,27.68936177205968
21,203,7270,131,47.1536,-43.9155,342.3266,2.0912,4.8595,0.0111,-0.0016,0.0477,-0.0138,0.011,-0.0018,0.0497,-0.0014,car,191,60.8527,-40.7019,-3.0914,-7.1424,7.7761,-0.3217,244.2266,7.7827136475653536,28.017769131235273,-13.699100000000001,-3.2135999999999996,3.1025,7.1408000000000005,7.785661878735809,14.070983113130369,0,21_191_202_7253_ego_191,0,7253,7253,7258,vehicle_vehicle,0.2628129226082215,1.6506816842905385,2.5762106823970514,13.242154781228017,15.0,3.0,3.5,0.8,7.691489381127688,27.68936177205968
21,191,7271,476,60.7301,-40.9874,245.0892,2.0905,5.2067,-2.9861,-7.1891,2.6712,-1.1077,7.778,-0.3197,-0.1205,-2.8892,car,191,60.7301,-40.9874,-2.9861,-7.1891,7.778,-0.3197,245.0892,7.7845971006854295,28.02454956246755,0.0,0.0,0.0,0.0,0.0,0.0,1,21_191_202_7253_ego_191,1,7253,7253,7258,vehicle_vehicle,0.2628129226082215,1.6506816842905385,2.5762106823970514,13.242154781228017,15.0,3.0,3.5,0.8,7.691489381127688,27.68936177205968
21,196,7271,398,63.9384,-60.0518,279.3506,1.8946,3.6036,1.1418,-9.4633,-1.0666,-0.8998,9.523,0.411,0.7146,1.1987,car,191,60.7301,-40.9874,-2.9861,-7.1891,7.778,-0.3197,245.0892,7.7845971006854295,28.02454956246755,3.2083000000000013,-19.0644,4.1279,-2.2742000000000004,4.712912480621723,19.332473619534568,0,21_191_202_7253_ego_191,0,7253,7253,7258,vehicle_vehicle,0.2628129226082215,1.6506816842905385,2.5762106823970514,13.242154781228017,15.0,3.0,3.5,0.8,7.691489381127688,27.68936177205968
21,200,7271,242,63.7514,-45.3509,256.9375,2.057,4.5261,-1.1951,-7.6154,3.639,-0.6188,7.6885,-0.5571,-0.2197,-3.6847,car,191,60.7301,-40.9874,-2.9861,-7.1891,7.778,-0.3197,245.0892,7.7845971006854295,28.02454956246755,3.0212999999999965,-4.363500000000002,1.791,-0.42630000000000035,1.8410357655406915,5.307389748266091,0,21_191_202_7253_ego_191,0,7253,7253,7258,vehicle_vehicle,0.2628129226082215,1.6506816842905385,2.5762106823970514,13.242154781228017,15.0,3.0,3.5,0.8,7.691489381127688,27.68936177205968
21,202,7271,207,52.7991,-46.311,337.4282,2.1047,4.8561,-0.0041,0.0028,-0.0058,0.0053,-0.0048,-0.001,-0.0074,-0.0027,car,191,60.7301,-40.9874,-2.9861,-7.1891,7.778,-0.3197,245.0892,7.7845971006854295,28.02454956246755,-7.930999999999997,-5.323599999999999,2.9819999999999998,7.1918999999999995,7.7856117042914486,9.552040512895658,0,21_191_202_7253_ego_191,1,7253,7253,7258,vehicle_vehicle,0.2628129226082215,1.6506816842905385,2.5762106823970514,13.242154781228017,15.0,3.0,3.5,0.8,7.691489381127688,27.68936177205968
21,203,7271,132,47.1549,-43.9159,342.3139,2.0912,4.8595,0.0139,-0.0023,0.0404,-0.0112,0.014,-0.0021,0.0419,-0.0016,car,191,60.7301,-40.9874,-2.9861,-7.1891,7.778,-0.3197,245.0892,7.7845971006854295,28.02454956246755,-13.575200000000002,-2.9284999999999997,3.0,7.1868,7.787817039453354,13.887482395668412,0,21_191_202_7253_ego_191,0,7253,7253,7258,vehicle_vehicle,0.2628129226082215,1.6506816842905385,2.5762106823970514,13.242154781228017,15.0,3.0,3.5,0.8,7.691489381127688,27.68936177205968
21,191,7272,477,60.6125,-41.2754,245.938,2.0905,5.2067,-2.8786,-7.2348,2.7257,-1.0806,7.7798,-0.3214,-0.1246,-2.9294,car,191,60.6125,-41.2754,-2.8786,-7.2348,7.7798,-0.3214,245.938,7.786441356614715,28.031188883812973,0.0,0.0,0.0,0.0,0.0,0.0,1,21_191_202_7253_ego_191,1,7253,7253,7258,vehicle_vehicle,0.2628129226082215,1.6506816842905385,2.5762106823970514,13.242154781228017,15.0,3.0,3.5,0.8,7.691489381127688,27.68936177205968
21,196,7272,399,63.9822,-60.432,279.0837,1.8946,3.6036,1.0964,-9.5044,-1.1571,-0.8954,9.5583,0.4179,0.7015,1.284,car,191,60.6125,-41.2754,-2.8786,-7.2348,7.7798,-0.3214,245.938,7.786441356614715,28.031188883812973,3.3697000000000017,-19.156600000000005,3.975,-2.2696000000000005,4.577303699777851,19.450712111642602,0,21_191_202_7253_ego_191,0,7253,7253,7258,vehicle_vehicle,0.2628129226082215,1.6506816842905385,2.5762106823970514,13.242154781228017,15.0,3.0,3.5,0.8,7.691489381127688,27.68936177205968
21,200,7272,243,63.7053,-45.6547,258.1991,2.057,4.5261,-1.0447,-7.6439,3.6588,-0.5606,7.696,-0.5407,-0.1995,-3.6961,car,191,60.6125,-41.2754,-2.8786,-7.2348,7.7798,-0.3214,245.938,7.786441356614715,28.031188883812973,3.092800000000004,-4.379300000000001,1.8339,-0.40910000000000046,1.8789763223627913,5.361313302727236,0,21_191_202_7253_ego_191,0,7253,7253,7258,vehicle_vehicle,0.2628129226082215,1.6506816842905385,2.5762106823970514,13.242154781228017,15.0,3.0,3.5,0.8,7.691489381127688,27.68936177205968
21,202,7272,208,52.7985,-46.3112,337.4364,2.1047,4.8561,-0.0033,0.003,-0.002,0.0027,-0.0042,-0.0015,-0.0028,-0.0017,car,191,60.6125,-41.2754,-2.8786,-7.2348,7.7798,-0.3214,245.938,7.786441356614715,28.031188883812973,-7.814,-5.035800000000002,2.8753,7.2378,7.78800994670654,9.296121645073283,0,21_191_202_7253_ego_191,1,7253,7253,7258,vehicle_vehicle,0.2628129226082215,1.6506816842905385,2.5762106823970514,13.242154781228017,15.0,3.0,3.5,0.8,7.691489381127688,27.68936177205968
21,203,7272,133,47.1563,-43.9163,342.2947,2.0912,4.8595,0.0162,-0.0027,0.0322,-0.0086,0.0163,-0.0023,0.0333,-0.0016,car,191,60.6125,-41.2754,-2.8786,-7.2348,7.7798,-0.3214,245.938,7.786441356614715,28.031188883812973,-13.456199999999995,-2.640900000000002,2.8948,7.2321,7.789938218625357,13.712901634956763,0,21_191_202_7253_ego_191,0,7253,7253,7258,vehicle_vehicle,0.2628129226082215,1.6506816842905385,2.5762106823970514,13.242154781228017,15.0,3.0,3.5,0.8,7.691489381127688,27.68936177205968
21,191,7273,478,60.4992,-41.565,246.7921,2.0905,5.2067,-2.7686,-7.2798,2.7793,-1.0519,7.7817,-0.3241,-0.1285,-2.969,car,191,60.4992,-41.565,-2.7686,-7.2798,7.7817,-0.3241,246.7921,7.788493692621186,28.03857729343627,0.0,0.0,0.0,0.0,0.0,0.0,1,21_191_202_7253_ego_191,1,7253,7253,7258,vehicle_vehicle,0.2628129226082215,1.6506816842905385,2.5762106823970514,13.242154781228017,15.0,3.0,3.5,0.8,7.691489381127688,27.68936177205968
21,196,7273,400,64.0241,-60.8133,278.7879,1.8946,3.6036,1.0478,-9.5452,-1.2451,-0.8859,9.5933,0.4228,0.6853,1.3658,car,191,60.4992,-41.565,-2.7686,-7.2798,7.7817,-0.3241,246.7921,7.788493692621186,28.03857729343627,3.5249000000000024,-19.2483,3.8164000000000002,-2.2653999999999996,4.438124166807413,19.568392189957763,0,21_191_202_7253_ego_191,0,7253,7253,7258,vehicle_vehicle,0.2628129226082215,1.6506816842905385,2.5762106823970514,13.242154781228017,15.0,3.0,3.5,0.8,7.691489381127688,27.68936177205968
21,200,7273,244,63.6667,-45.9599,259.3835,2.057,4.5261,-0.8936,-7.6704,3.6738,-0.4986,7.7037,-0.5349,-0.1868,-3.7027,car,191,60.4992,-41.565,-2.7686,-7.2798,7.7817,-0.3241,246.7921,7.788493692621186,28.03857729343627,3.167499999999997,-4.3949,1.8750000000000002,-0.39060000000000006,1.915252818820534,5.41739810794813,0,21_191_202_7253_ego_191,0,7253,7253,7258,vehicle_vehicle,0.2628129226082215,1.6506816842905385,2.5762106823970514,13.242154781228017,15.0,3.0,3.5,0.8,7.691489381127688,27.68936177205968
21,202,7273,209,52.7981,-46.3111,337.429,2.1047,4.8561,-0.0023,0.0032,0.0009,-0.0,-0.0034,-0.002,0.0008,-0.0003,car,191,60.4992,-41.565,-2.7686,-7.2798,7.7817,-0.3241,246.7921,7.788493692621186,28.03857729343627,-7.701100000000004,-4.7461000000000055,2.7663,7.2829999999999995,7.790667794868421,9.046126597610721,0,21_191_202_7253_ego_191,1,7253,7253,7258,vehicle_vehicle,0.2628129226082215,1.6506816842905385,2.5762106823970514,13.242154781228017,15.0,3.0,3.5,0.8,7.691489381127688,27.68936177205968
21,203,7273,134,47.1582,-43.9169,342.2782,2.0912,4.8595,0.0177,-0.0029,0.0236,-0.0061,0.0177,-0.0026,0.0243,-0.0014,car,191,60.4992,-41.565,-2.7686,-7.2798,7.7817,-0.3241,246.7921,7.788493692621186,28.03857729343627,-13.341000000000001,-2.3519000000000005,2.7863,7.2768999999999995,7.79209479536793,13.546723390178158,0,21_191_202_7253_ego_191,0,7253,7253,7258,vehicle_vehicle,0.2628129226082215,1.6506816842905385,2.5762106823970514,13.242154781228017,15.0,3.0,3.5,0.8,7.691489381127688,27.68936177205968
21,191,7274,479,60.3892,-41.8565,247.6431,2.0905,5.2067,-2.656,-7.3238,2.8318,-1.0213,7.7835,-0.3295,-0.1326,-3.0074,car,191,60.3892,-41.8565,-2.656,-7.3238,7.7835,-0.3295,247.6431,7.790531589050904,28.045913720583254,0.0,0.0,0.0,0.0,0.0,0.0,1,21_191_202_7253_ego_191,1,7253,7253,7258,vehicle_vehicle,0.2628129226082215,1.6506816842905385,2.5762106823970514,13.242154781228017,15.0,3.0,3.5,0.8,7.691489381127688,27.68936177205968
21,196,7274,401,64.0636,-61.1966,278.4456,1.8946,3.6036,0.9963,-9.5854,-1.331,-0.8716,9.6278,0.4223,0.6666,1.4446,car,191,60.3892,-41.8565,-2.656,-7.3238,7.7835,-0.3295,247.6431,7.790531589050904,28.045913720583254,3.6743999999999915,-19.3401,3.6523000000000003,-2.2615999999999996,4.295827027476782,19.6860530165394,0,21_191_202_7253_ego_191,0,7253,7253,7258,vehicle_vehicle,0.2628129226082215,1.6506816842905385,2.5762106823970514,13.242154781228017,15.0,3.0,3.5,0.8,7.691489381127688,27.68936177205968
21,200,7274,245,63.6342,-46.2664,260.6064,2.057,4.5261,-0.7421,-7.6947,3.6841,-0.4323,7.7126,-0.5238,-0.1748,-3.7052,car,191,60.3892,-41.8565,-2.656,-7.3238,7.7835,-0.3295,247.6431,7.790531589050904,28.045913720583254,3.2449999999999974,-4.4099,1.9139000000000002,-0.3708999999999998,1.9495076352761487,5.4751477614763955,0,21_191_202_7253_ego_191,0,7253,7253,7258,vehicle_vehicle,0.2628129226082215,1.6506816842905385,2.5762106823970514,13.242154781228017,15.0,3.0,3.5,0.8,7.691489381127688,27.68936177205968
21,202,7274,210,52.7981,-46.3111,337.4184,2.1047,4.8561,-0.0013,0.0033,0.0027,-0.0028,-0.0024,-0.0025,0.0035,0.0016,car,191,60.3892,-41.8565,-2.656,-7.3238,7.7835,-0.3295,247.6431,7.790531589050904,28.045913720583254,-7.591100000000004,-4.454600000000006,2.6547,7.327100000000001,7.793191034486451,8.801605556374367,0,21_191_202_7253_ego_191,1,7253,7253,7258,vehicle_vehicle,0.2628129226082215,1.6506816842905385,2.5762106823970514,13.242154781228017,15.0,3.0,3.5,0.8,7.691489381127688,27.68936177205968
21,203,7274,135,47.1597,-43.9173,342.2525,2.0912,4.8595,0.0185,-0.0029,0.0149,-0.0038,0.0185,-0.0029,0.0154,-0.0009,car,191,60.3892,-41.8565,-2.656,-7.3238,7.7835,-0.3295,247.6431,7.790531589050904,28.045913720583254,-13.229500000000002,-2.0608000000000004,2.6745,7.3209,7.7941341443421415,13.389046526545497,0,21_191_202_7253_ego_191,0,7253,7253,7258,vehicle_vehicle,0.2628129226082215,1.6506816842905385,2.5762106823970514,13.242154781228017,15.0,3.0,3.5,0.8,7.691489381127688,27.68936177205968
21,191,7275,480,60.284,-42.1504,248.4892,2.0905,5.2067,-2.5407,-7.3665,2.8826,-0.9889,7.785,-0.3374,-0.137,-3.0444,car,191,60.284,-42.1504,-2.5407,-7.3665,7.785,-0.3374,248.4892,7.7923346142218515,28.052404611198664,0.0,0.0,0.0,0.0,0.0,0.0,1,21_191_202_7253_ego_191,1,7253,7253,7258,vehicle_vehicle,0.2628129226082215,1.6506816842905385,2.5762106823970514,13.242154781228017,15.0,3.0,3.5,0.8,7.691489381127688,27.68936177205968
21,196,7275,402,64.101,-61.5815,278.0809,1.8946,3.6036,0.9419,-9.6246,-1.4155,-0.8527,9.6615,0.4204,0.6452,1.5214,car,191,60.284,-42.1504,-2.5407,-7.3665,7.785,-0.3374,248.4892,7.7923346142218515,28.052404611198664,3.817,-19.4311,3.4826,-2.258099999999999,4.150604578853543,19.80245278267316,0,21_191_202_7253_ego_191,0,7253,7253,7258,vehicle_vehicle,0.2628129226082215,1.6506816842905385,2.5762106823970514,13.242154781228017,15.0,3.0,3.5,0.8,7.691489381127688,27.68936177205968
21,200,7275,246,63.6089,-46.5745,261.8415,2.057,4.5261,-0.5906,-7.7164,3.6901,-0.3617,7.7221,-0.5104,-0.1657,-3.704,car,191,60.284,-42.1504,-2.5407,-7.3665,7.785,-0.3374,248.4892,7.7923346142218515,28.052404611198664,3.3248999999999995,-4.424100000000003,1.9501000000000002,-0.3498999999999999,1.9812420397316428,5.534222693387032,0,21_191_202_7253_ego_191,0,7253,7253,7258,vehicle_vehicle,0.2628129226082215,1.6506816842905385,2.5762106823970514,13.242154781228017,15.0,3.0,3.5,0.8,7.691489381127688,27.68936177205968
21,202,7275,211,52.7987,-46.3107,337.4135,2.1047,4.8561,-0.0004,0.0031,0.0036,-0.0056,-0.0016,-0.0027,0.0055,0.0038,car,191,60.284,-42.1504,-2.5407,-7.3665,7.785,-0.3374,248.4892,7.7923346142218515,28.052404611198664,-7.485300000000002,-4.160299999999999,2.5403000000000002,7.3696,7.795134909031402,8.563749890089039,0,21_191_202_7253_ego_191,1,7253,7253,7258,vehicle_vehicle,0.2628129226082215,1.6506816842905385,2.5762106823970514,13.242154781228017,15.0,3.0,3.5,0.8,7.691489381127688,27.68936177205968
21,203,7275,136,47.1614,-43.9177,342.2269,2.0912,4.8595,0.0186,-0.0026,0.0066,-0.0018,0.0185,-0.0032,0.0069,-0.0003,car,191,60.284,-42.1504,-2.5407,-7.3665,7.785,-0.3374,248.4892,7.7923346142218515,28.052404611198664,-13.122599999999998,-1.7673000000000059,2.5593000000000004,7.3639,7.795963038650196,13.241071710779304,0,21_191_202_7253_ego_191,0,7253,7253,7258,vehicle_vehicle,0.2628129226082215,1.6506816842905385,2.5762106823970514,13.242154781228017,15.0,3.0,3.5,0.8,7.691489381127688,27.68936177205968
21,191,7276,481,60.1829,-42.4462,249.3667,2.0905,5.2067,-2.4227,-7.4078,2.931,-0.9547,7.7863,-0.3431,-0.1394,-3.0794,car,191,60.1829,-42.4462,-2.4227,-7.4078,7.7863,-0.3431,249.3667,7.7939063459859454,28.058062845549404,0.0,0.0,0.0,0.0,0.0,0.0,1,21_191_202_7253_ego_191,1,7253,7253,7258,vehicle_vehicle,0.2628129226082215,1.6506816842905385,2.5762106823970514,13.242154781228017,15.0,3.0,3.5,0.8,7.691489381127688,27.68936177205968
21,196,7276,403,64.1371,-61.9683,277.6975,1.8946,3.6036,0.8843,-9.6627,-1.499,-0.8296,9.694,0.4179,0.6214,1.5966,car,191,60.1829,-42.4462,-2.4227,-7.4078,7.7863,-0.3431,249.3667,7.7939063459859454,28.058062845549404,3.9542000000000073,-19.522100000000002,3.307,-2.2548999999999992,4.0026020299300304,19.91853624265599,0,21_191_202_7253_ego_191,0,7253,7253,7258,vehicle_vehicle,0.2628129226082215,1.6506816842905385,2.5762106823970514,13.242154781228017,15.0,3.0,3.5,0.8,7.691489381127688,27.68936177205968
21,200,7276,247,63.5891,-46.8834,263.047,2.057,4.5261,-0.4394,-7.7352,3.6922,-0.2866,7.7315,-0.5003,-0.1624,-3.6997,car,191,60.1829,-42.4462,-2.4227,-7.4078,7.7863,-0.3431,249.3667,7.7939063459859454,28.058062845549404,3.4062000000000054,-4.437200000000004,1.9832999999999998,-0.3273999999999999,2.0101416989854224,5.593830733942535,0,21_191_202_7253_ego_191,0,7253,7253,7258,vehicle_vehicle,0.2628129226082215,1.6506816842905385,2.5762106823970514,13.242154781228017,15.0,3.0,3.5,0.8,7.691489381127688,27.68936177205968
21,202,7276,212,52.7991,-46.3107,337.4182,2.1047,4.8561,0.0003,0.0029,0.0038,-0.0084,-0.0009,-0.0028,0.0068,0.0063,car,191,60.1829,-42.4462,-2.4227,-7.4078,7.7863,-0.3431,249.3667,7.7939063459859454,28.058062845549404,-7.383799999999994,-3.8644999999999996,2.423,7.4107,7.79675595937182,8.333958404623814,0,21_191_202_7253_ego_191,1,7253,7253,7258,vehicle_vehicle,0.2628129226082215,1.6506816842905385,2.5762106823970514,13.242154781228017,15.0,3.0,3.5,0.8,7.691489381127688,27.68936177205968
21,203,7276,137,47.1628,-43.9179,342.1996,2.0912,4.8595,0.018,-0.0022,-0.001,-0.0003,0.0179,-0.0034,-0.0009,0.0006,car,191,60.1829,-42.4462,-2.4227,-7.4078,7.7863,-0.3431,249.3667,7.7939063459859454,28.058062845549404,-13.0201,-1.4717000000000056,2.4406999999999996,7.4056,7.797430849324667,13.103011291302469,0,21_191_202_7253_ego_191,0,7253,7253,7258,vehicle_vehicle,0.2628129226082215,1.6506816842905385,2.5762106823970514,13.242154781228017,15.0,3.0,3.5,0.8,7.691489381127688,27.68936177205968
21,191,7277,482,60.0875,-42.7438,250.2335,2.0905,5.2067,-2.3024,-7.4475,2.9765,-0.9188,7.7873,-0.3519,-0.142,-3.1118,car,191,60.0875,-42.7438,-2.3024,-7.4475,7.7873,-0.3519,250.2335,7.795274338341146,28.062987618028128,0.0,0.0,0.0,0.0,0.0,0.0,1,21_191_202_7253_ego_191,1,7253,7253,7258,vehicle_vehicle,0.2628129226082215,1.6506816842905385,2.5762106823970514,13.242154781228017,15.0,3.0,3.5,0.8,7.691489381127688,27.68936177205968
21,196,7277,404,64.1713,-62.3566,277.3312,1.8946,3.6036,0.8233,-9.6993,-1.5814,-0.8029,9.7251,0.4211,0.5945,1.6709,car,191,60.0875,-42.7438,-2.3024,-7.4475,7.7873,-0.3519,250.2335,7.795274338341146,28.062987618028128,4.083800000000004,-19.6128,3.1257,-2.2517999999999994,3.852350416304311,20.03345567494535,0,21_191_202_7253_ego_191,0,7253,7253,7258,vehicle_vehicle,0.2628129226082215,1.6506816842905385,2.5762106823970514,13.242154781228017,15.0,3.0,3.5,0.8,7.691489381127688,27.68936177205968
21,200,7277,248,63.5777,-47.1947,264.1548,2.057,4.5261,-0.2893,-7.7504,3.6912,-0.2075,7.7396,-0.5016,-0.1695,-3.6932,car,191,60.0875,-42.7438,-2.3024,-7.4475,7.7873,-0.3519,250.2335,7.795274338341146,28.062987618028128,3.4902000000000015,-4.450899999999997,2.0131,-0.30290000000000017,2.035760305144002,5.656147704047339,0,21_191_202_7253_ego_191,0,7253,7253,7258,vehicle_vehicle,0.2628129226082215,1.6506816842905385,2.5762106823970514,13.242154781228017,15.0,3.0,3.5,0.8,7.691489381127688,27.68936177205968
21,202,7277,213,52.7996,-46.3101,337.418,2.1047,4.8561,0.0009,0.0024,0.0036,-0.0111,-0.0001,-0.0025,0.0076,0.0089,car,191,60.0875,-42.7438,-2.3024,-7.4475,7.7873,-0.3519,250.2335,7.795274338341146,28.062987618028128,-7.2879000000000005,-3.5662999999999982,2.3033,7.4498999999999995,7.797833090032127,8.113691028132633,0,21_191_202_7253_ego_191,1,7253,7253,7258,vehicle_vehicle,0.2628129226082215,1.6506816842905385,2.5762106823970514,13.242154781228017,15.0,3.0,3.5,0.8,7.691489381127688,27.68936177205968
21,203,7277,138,47.1639,-43.9181,342.1756,2.0912,4.8595,0.0171,-0.0018,-0.0078,0.0007,0.0168,-0.0035,-0.0077,0.0017,car,191,60.0875,-42.7438,-2.3024,-7.4475,7.7873,-0.3519,250.2335,7.795274338341146,28.062987618028128,-12.9236,-1.1743000000000023,2.3195,7.4456999999999995,7.798623515723784,12.976841582218688,0,21_191_202_7253_ego_191,0,7253,7253,7258,vehicle_vehicle,0.2628129226082215,1.6506816842905385,2.5762106823970514,13.242154781228017,15.0,3.0,3.5,0.8,7.691489381127688,27.68936177205968
21,191,7278,483,59.997,-43.0426,251.1029,2.0905,5.2067,-2.18,-7.4857,3.0188,-0.8814,7.7883,-0.3618,-0.1438,-3.1416,car,191,59.997,-43.0426,-2.18,-7.4857,7.7883,-0.3618,251.1029,7.796672655049717,28.06802155817898,0.0,0.0,0.0,0.0,0.0,0.0,1,21_191_202_7253_ego_191,1,7253,7253,7258,vehicle_vehicle,0.2628129226082215,1.6506816842905385,2.5762106823970514,13.242154781228017,15.0,3.0,3.5,0.8,7.691489381127688,27.68936177205968
21,196,7278,405,64.203,-62.746,276.9492,1.8946,3.6036,0.759,-9.7346,-1.6628,-0.7728,9.7549,0.4243,0.5659,1.7441,car,191,59.997,-43.0426,-2.18,-7.4857,7.7883,-0.3618,251.1029,7.796672655049717,28.06802155817898,4.206000000000003,-19.703400000000002,2.939,-2.248900000000001,3.700712392229367,20.147317626919968,0,21_191_202_7253_ego_191,0,7253,7253,7258,vehicle_vehicle,0.2628129226082215,1.6506816842905385,2.5762106823970514,13.242154781228017,15.0,3.0,3.5,0.8,7.691489381127688,27.68936177205968
21,200,7278,249,63.5722,-47.5064,265.2484,2.057,4.5261,-0.1405,-7.7619,3.6885,-0.125,7.7468,-0.503,-0.181,-3.6862,car,191,59.997,-43.0426,-2.18,-7.4857,7.7883,-0.3618,251.1029,7.796672655049717,28.06802155817898,3.5752000000000024,-4.463799999999999,2.0395000000000003,-0.2762000000000002,2.058117268281864,5.719052848155892,0,21_191_202_7253_ego_191,0,7253,7253,7258,vehicle_vehicle,0.2628129226082215,1.6506816842905385,2.5762106823970514,13.242154781228017,15.0,3.0,3.5,0.8,7.691489381127688,27.68936177205968
21,202,7278,214,52.7999,-46.3093,337.4149,2.1047,4.8561,0.0013,0.0015,0.003,-0.0135,0.0006,-0.0019,0.0079,0.0113,car,191,59.997,-43.0426,-2.18,-7.4857,7.7883,-0.3618,251.1029,7.796672655049717,28.06802155817898,-7.197099999999999,-3.2667,2.1813000000000002,7.4872,7.7984763595204925,7.903769815727175,0,21_191_202_7253_ego_191,1,7253,7253,7258,vehicle_vehicle,0.2628129226082215,1.6506816842905385,2.5762106823970514,13.242154781228017,15.0,3.0,3.5,0.8,7.691489381127688,27.68936177205968
21,203,7278,139,47.1647,-43.9181,342.153,2.0912,4.8595,0.0158,-0.0013,-0.0137,0.0013,0.0154,-0.0036,-0.0134,0.0029,car,191,59.997,-43.0426,-2.18,-7.4857,7.7883,-0.3618,251.1029,7.796672655049717,28.06802155817898,-12.832299999999996,-0.8755000000000024,2.1958,7.4844,7.79985775511323,12.862131376253313,0,21_191_202_7253_ego_191,0,7253,7253,7258,vehicle_vehicle,0.2628129226082215,1.6506816842905385,2.5762106823970514,13.242154781228017,15.0,3.0,3.5,0.8,7.691489381127688,27.68936177205968
21,191,7279,484,59.9117,-43.3434,251.9759,2.0905,5.2067,-2.0557,-7.5222,3.0577,-0.8428,7.7891,-0.3726,-0.1447,-3.1685,car,191,59.9117,-43.3434,-2.0557,-7.5222,7.7891,-0.3726,251.9759,7.798037915398975,28.072936495436313,0.0,0.0,0.0,0.0,0.0,0.0,1,21_191_202_7253_ego_191,1,7253,7253,7258,vehicle_vehicle,0.2628129226082215,1.6506816842905385,2.5762106823970514,13.242154781228017,15.0,3.0,3.5,0.8,7.691489381127688,27.68936177205968
21,196,7279,406,64.2318,-63.1376,276.5399,1.8946,3.6036,0.6916,-9.768,-1.7433,-0.7399,9.7832,0.4254,0.5365,1.8162,car,191,59.9117,-43.3434,-2.0557,-7.5222,7.7891,-0.3726,251.9759,7.798037915398975,28.072936495436313,4.320100000000004,-19.794199999999996,2.7473,-2.245800000000001,3.548418652019517,20.260148510067737,0,21_191_202_7253_ego_191,0,7253,7253,7258,vehicle_vehicle,0.2628129226082215,1.6506816842905385,2.5762106823970514,13.242154781228017,15.0,3.0,3.5,0.8,7.691489381127688,27.68936177205968
21,200,7279,250,63.5709,-47.8188,266.3755,2.057,4.5261,0.0077,-7.7692,3.685,-0.0397,7.7532,-0.4988,-0.1933,-3.6801,car,191,59.9117,-43.3434,-2.0557,-7.5222,7.7891,-0.3726,251.9759,7.798037915398975,28.072936495436313,3.6591999999999985,-4.4754000000000005,2.0633999999999997,-0.2469999999999999,2.078131025705549,5.780912540421278,0,21_191_202_7253_ego_191,0,7253,7253,7258,vehicle_vehicle,0.2628129226082215,1.6506816842905385,2.5762106823970514,13.242154781228017,15.0,3.0,3.5,0.8,7.691489381127688,27.68936177205968
21,202,7279,215,52.8001,-46.3088,337.4097,2.1047,4.8561,0.0016,0.0003,0.0021,-0.0153,0.0014,-0.0009,0.0079,0.0133,car,191,59.9117,-43.3434,-2.0557,-7.5222,7.7891,-0.3726,251.9759,7.798037915398975,28.072936495436313,-7.111600000000003,-2.9653999999999954,2.0572999999999997,7.5225,7.798749229203359,7.705092583480098,0,21_191_202_7253_ego_191,1,7253,7253,7258,vehicle_vehicle,0.2628129226082215,1.6506816842905385,2.5762106823970514,13.242154781228017,15.0,3.0,3.5,0.8,7.691489381127688,27.68936177205968
21,203,7279,140,47.1653,-43.918,342.1403,2.0912,4.8595,0.0142,-0.0008,-0.0185,0.0015,0.0138,-0.0036,-0.0181,0.0043,car,191,59.9117,-43.3434,-2.0557,-7.5222,7.7891,-0.3726,251.9759,7.798037915398975,28.072936495436313,-12.746400000000001,-0.5745999999999967,2.0699,7.5214,7.8010219824071765,12.759344737093674,0,21_191_202_7253_ego_191,0,7253,7253,7258,vehicle_vehicle,0.2628129226082215,1.6506816842905385,2.5762106823970514,13.242154781228017,15.0,3.0,3.5,0.8,7.691489381127688,27.68936177205968
21,191,7280,485,59.8308,-43.6453,252.8438,2.0905,5.2067,-1.9295,-7.5569,3.0929,-0.803,7.7898,-0.3855,-0.1451,-3.1921,car,191,59.8308,-43.6453,-1.9295,-7.5569,7.7898,-0.3855,252.8438,7.799340219531393,28.077624790313017,0.0,0.0,0.0,0.0,0.0,0.0,1,21_191_202_7253_ego_191,1,7253,7253,7258,vehicle_vehicle,0.2628129226082215,1.6506816842905385,2.5762106823970514,13.242154781228017,15.0,3.0,3.5,0.8,7.691489381127688,27.68936177205968
21,196,7280,407,64.2576,-63.5306,276.0977,1.8946,3.6036,0.6211,-9.7995,-1.8229,-0.7048,9.81,0.4233,0.5071,1.8875,car,191,59.8308,-43.6453,-1.9295,-7.5569,7.7898,-0.3855,252.8438,7.799340219531393,28.077624790313017,4.426799999999993,-19.8853,2.5506,-2.2426000000000004,3.3962943217571713,20.372081737760624,0,21_191_202_7253_ego_191,0,7253,7253,7258,vehicle_vehicle,0.2628129226082215,1.6506816842905385,2.5762106823970514,13.242154781228017,15.0,3.0,3.5,0.8,7.691489381127688,27.68936177205968
21,200,7280,251,63.5744,-48.1318,267.574,2.057,4.5261,0.1556,-7.7723,3.6809,0.0475,7.7588,-0.4844,-0.2033,-3.6755,car,191,59.8308,-43.6453,-1.9295,-7.5569,7.7898,-0.3855,252.8438,7.799340219531393,28.077624790313017,3.7435999999999936,-4.4864999999999995,2.0851,-0.2154000000000007,2.096196357691712,5.843220277381295,0,21_191_202_7253_ego_191,0,7253,7253,7258,vehicle_vehicle,0.2628129226082215,1.6506816842905385,2.5762106823970514,13.242154781228017,15.0,3.0,3.5,0.8,7.691489381127688,27.68936177205968
21,202,7280,216,52.8003,-46.3085,337.4046,2.1047,4.8561,0.0019,-0.0011,0.0011,-0.0164,0.0022,0.0003,0.0073,0.0148,car,191,59.8308,-43.6453,-1.9295,-7.5569,7.7898,-0.3855,252.8438,7.799340219531393,28.077624790313017,-7.0305000000000035,-2.6632000000000033,1.9314,7.5558,7.798744745149696,7.518015994263385,0,21_191_202_7253_ego_191,1,7253,7253,7258,vehicle_vehicle,0.2628129226082215,1.6506816842905385,2.5762106823970514,13.242154781228017,15.0,3.0,3.5,0.8,7.691489381127688,27.68936177205968
21,203,7280,141,47.1658,-43.9177,342.1326,2.0912,4.8595,0.0126,-0.0005,-0.0224,0.0013,0.0121,-0.0034,-0.0217,0.0056,car,191,59.8308,-43.6453,-1.9295,-7.5569,7.7898,-0.3855,252.8438,7.799340219531393,28.077624790313017,-12.665000000000006,-0.27240000000000464,1.9421,7.5564,7.801982656350884,12.667929063584156,0,21_191_202_7253_ego_191,0,7253,7253,7258,vehicle_vehicle,0.2628129226082215,1.6506816842905385,2.5762106823970514,13.242154781228017,15.0,3.0,3.5,0.8,7.691489381127688,27.68936177205968
21,191,7281,486,59.7552,-43.9483,253.7052,2.0905,5.2067,-1.8014,-7.5901,3.1239,-0.7621,7.7906,-0.4006,-0.145,-3.2122,car,191,59.7552,-43.9483,-1.8014,-7.5901,7.7906,-0.4006,253.7052,7.800939685063588,28.083382866228916,0.0,0.0,0.0,0.0,0.0,0.0,1,21_191_202_7253_ego_191,1,7253,7253,7258,vehicle_vehicle,0.2628129226082215,1.6506816842905385,2.5762106823970514,13.242154781228017,15.0,3.0,3.5,0.8,7.691489381127688,27.68936177205968
21,196,7281,408,64.28,-63.9247,275.6061,1.8946,3.6036,0.5479,-9.8289,-1.902,-0.6681,9.8354,0.4149,0.4791,1.9582,car,191,59.7552,-43.9483,-1.8014,-7.5901,7.7906,-0.4006,253.7052,7.800939685063588,28.083382866228916,4.524799999999999,-19.976399999999998,2.3493,-2.2388000000000012,3.2452173933343826,20.482440577235906,0,21_191_202_7253_ego_191,0,7253,7253,7258,vehicle_vehicle,0.2628129226082215,1.6506816842905385,2.5762106823970514,13.242154781228017,15.0,3.0,3.5,0.8,7.691489381127688,27.68936177205968
21,200,7281,252,63.5832,-48.4456,268.8965,2.057,4.5261,0.3035,-7.7707,3.6762,0.1356,7.7635,-0.4531,-0.2064,-3.6729,car,191,59.7552,-43.9483,-1.8014,-7.5901,7.7906,-0.4006,253.7052,7.800939685063588,28.083382866228916,3.827999999999996,-4.497299999999996,2.1048999999999998,-0.1806000000000001,2.1126335153073756,5.905869223916148,0,21_191_202_7253_ego_191,0,7253,7253,7258,vehicle_vehicle,0.2628129226082215,1.6506816842905385,2.5762106823970514,13.242154781228017,15.0,3.0,3.5,0.8,7.691489381127688,27.68936177205968
21,202,7281,217,52.8004,-46.3086,337.4,2.1047,4.8561,0.0021,-0.0025,-0.0002,-0.0168,0.0029,0.0015,0.0063,0.0156,car,191,59.7552,-43.9483,-1.8014,-7.5901,7.7906,-0.4006,253.7052,7.800939685063588,28.083382866228916,-6.954799999999999,-2.360299999999995,1.8034999999999999,7.587599999999999,7.798992627897528,7.34440325213696,0,21_191_202_7253_ego_191,1,7253,7253,7258,vehicle_vehicle,0.2628129226082215,1.6506816842905385,2.5762106823970514,13.242154781228017,15.0,3.0,3.5,0.8,7.691489381127688,27.68936177205968
21,203,7281,142,47.166,-43.9173,342.1266,2.0912,4.8595,0.0108,-0.0003,-0.0254,0.0009,0.0104,-0.003,-0.0244,0.0069,car,191,59.7552,-43.9483,-1.8014,-7.5901,7.7906,-0.4006,253.7052,7.800939685063588,28.083382866228916,-12.589200000000005,0.03100000000000591,1.8121999999999998,7.589799999999999,7.803148907972985,12.589238167577898,0,21_191_202_7253_ego_191,0,7253,7253,7258,vehicle_vehicle,0.2628129226082215,1.6506816842905385,2.5762106823970514,13.242154781228017,15.0,3.0,3.5,0.8,7.691489381127688,27.68936177205968
21,191,7282,487,59.6856,-44.2529,254.5729,2.0905,5.2067,-1.6721,-7.6214,3.1506,-0.7203,7.7916,-0.4155,-0.1437,-3.2287,car,191,59.6856,-44.2529,-1.6721,-7.6214,7.7916,-0.4155,254.5729,7.802669823207951,28.089611363548627,0.0,0.0,0.0,0.0,0.0,0.0,1,21_191_202_7253_ego_191,1,7253,7253,7258,vehicle_vehicle,0.2628129226082215,1.6506816842905385,2.5762106823970514,13.242154781228017,15.0,3.0,3.5,0.8,7.691489381127688,27.68936177205968
21,196,7282,409,64.3,-64.32,275.1121,1.8946,3.6036,0.4717,-9.8562,-1.9809,-0.6306,9.859,0.4085,0.4516,2.0292,car,191,59.6856,-44.2529,-1.6721,-7.6214,7.7916,-0.4155,254.5729,7.802669823207951,28.089611363548627,4.614399999999996,-20.067099999999996,2.1437999999999997,-2.234799999999999,3.096806335565722,20.5908035241464,0,21_191_202_7253_ego_191,0,7253,7253,7258,vehicle_vehicle,0.2628129226082215,1.6506816842905385,2.5762106823970514,13.242154781228017,15.0,3.0,3.5,0.8,7.691489381127688,27.68936177205968
21,200,7282,253,63.5981,-48.7588,270.2184,2.057,4.5261,0.4512,-7.7647,3.6708,0.2236,7.7663,-0.4216,-0.2096,-3.6716,car,191,59.6856,-44.2529,-1.6721,-7.6214,7.7916,-0.4155,254.5729,7.802669823207951,28.089611363548627,3.9125000000000014,-4.505900000000004,2.1233,-0.14329999999999998,2.1281301135034014,5.967477780436225,0,21_191_202_7253_ego_191,0,7253,7253,7258,vehicle_vehicle,0.2628129226082215,1.6506816842905385,2.5762106823970514,13.242154781228017,15.0,3.0,3.5,0.8,7.691489381127688,27.68936177205968
21,202,7282,218,52.801,-46.3087,337.4022,2.1047,4.8561,0.0021,-0.0039,-0.0015,-0.0164,0.0034,0.0028,0.0049,0.0157,car,191,59.6856,-44.2529,-1.6721,-7.6214,7.7916,-0.4155,254.5729,7.802669823207951,28.089611363548627,-6.884599999999999,-2.055800000000005,1.6742,7.617500000000001,7.799310988157865,7.18498648572146,0,21_191_202_7253_ego_191,1,7253,7253,7258,vehicle_vehicle,0.2628129226082215,1.6506816842905385,2.5762106823970514,13.242154781228017,15.0,3.0,3.5,0.8,7.691489381127688,27.68936177205968
21,203,7282,143,47.1661,-43.9168,342.1187,2.0912,4.8595,0.0091,-0.0004,-0.0276,0.0005,0.0088,-0.0024,-0.0264,0.008,car,191,59.6856,-44.2529,-1.6721,-7.6214,7.7916,-0.4155,254.5729,7.802669823207951,28.089611363548627,-12.5195,0.33609999999999474,1.6812,7.621,7.804234391662004,12.524010677893884,0,21_191_202_7253_ego_191,0,7253,7253,7258,vehicle_vehicle,0.2628129226082215,1.6506816842905385,2.5762106823970514,13.242154781228017,15.0,3.0,3.5,0.8,7.691489381127688,27.68936177205968
21,191,7283,488,59.6219,-44.5589,255.4502,2.0905,5.2067,-1.542,-7.6509,3.173,-0.6777,7.7929,-0.4295,-0.1411,-3.2415,car,191,59.6219,-44.5589,-1.542,-7.6509,7.7929,-0.4295,255.4502,7.804744378261212,28.097079761740364,0.0,0.0,0.0,0.0,0.0,0.0,1,21_191_202_7253_ego_191,1,7253,7253,7258,vehicle_vehicle,0.2628129226082215,1.6506816842905385,2.5762106823970514,13.242154781228017,15.0,3.0,3.5,0.8,7.691489381127688,27.68936177205968
21,196,7283,410,64.3167,-64.7162,274.5919,1.8946,3.6036,0.3925,-9.8815,-2.0597,-0.5927,9.8812,0.3999,0.4259,2.1005,car,191,59.6219,-44.5589,-1.542,-7.6509,7.7929,-0.4295,255.4502,7.804744378261212,28.097079761740364,4.694800000000001,-20.1573,1.9345,-2.230600000000001,2.9526033614422382,20.696808699169058,0,21_191_202_7253_ego_191,0,7253,7253,7258,vehicle_vehicle,0.2628129226082215,1.6506816842905385,2.5762106823970514,13.242154781228017,15.0,3.0,3.5,0.8,7.691489381127688,27.68936177205968
21,200,7283,254,63.6177,-49.0711,271.4892,2.057,4.5261,0.5994,-7.7543,3.6644,0.3105,7.7673,-0.3976,-0.2152,-3.6712,car,191,59.6219,-44.5589,-1.542,-7.6509,7.7929,-0.4295,255.4502,7.804744378261212,28.097079761740364,3.9958000000000027,-4.5122,2.1414,-0.10339999999999971,2.143894941455854,6.027135843831631,0,21_191_202_7253_ego_191,0,7253,7253,7258,vehicle_vehicle,0.2628129226082215,1.6506816842905385,2.5762106823970514,13.242154781228017,15.0,3.0,3.5,0.8,7.691489381127688,27.68936177205968
21,202,7283,219,52.8013,-46.3091,337.4024,2.1047,4.8561,0.0019,-0.0052,-0.0028,-0.0153,0.0038,0.0041,0.0033,0.0152,car,191,59.6219,-44.5589,-1.542,-7.6509,7.7929,-0.4295,255.4502,7.804744378261212,28.097079761740364,-6.820599999999999,-1.7501999999999995,1.5439,7.6457,7.8000228012487245,7.041575420316109,0,21_191_202_7253_ego_191,1,7253,7253,7258,vehicle_vehicle,0.2628129226082215,1.6506816842905385,2.5762106823970514,13.242154781228017,15.0,3.0,3.5,0.8,7.691489381127688,27.68936177205968
21,203,7283,144,47.1665,-43.9162,342.1171,2.0912,4.8595,0.0073,-0.0007,-0.0291,0.0004,0.0072,-0.0016,-0.0278,0.0086,car,191,59.6219,-44.5589,-1.542,-7.6509,7.7929,-0.4295,255.4502,7.804744378261212,28.097079761740364,-12.455399999999997,0.6426999999999978,1.5493000000000001,7.6502,7.805503861378841,12.47197067227148,0,21_191_202_7253_ego_191,0,7253,7253,7258,vehicle_vehicle,0.2628129226082215,1.6506816842905385,2.5762106823970514,13.242154781228017,15.0,3.0,3.5,0.8,7.691489381127688,27.68936177205968
21,191,7284,489,59.5635,-44.8659,256.3358,2.0905,5.2067,-1.4113,-7.6785,3.1915,-0.6346,7.7945,-0.4426,-0.1373,-3.2511,car,191,59.5635,-44.8659,-1.4113,-7.6785,7.7945,-0.4426,256.3358,7.807120464037942,28.10563367053659,0.0,0.0,0.0,0.0,0.0,0.0,1,21_191_202_7253_ego_191,1,7253,7253,7258,vehicle_vehicle,0.2628129226082215,1.6506816842905385,2.5762106823970514,13.242154781228017,15.0,3.0,3.5,0.8,7.691489381127688,27.68936177205968
21,196,7284,411,64.3302,-65.1128,274.0631,1.8946,3.6036,0.3104,-9.9048,-2.1387,-0.555,9.9019,0.3922,0.4021,2.1726,car,191,59.5635,-44.8659,-1.4113,-7.6785,7.7945,-0.4426,256.3358,7.807120464037942,28.10563367053659,4.766700000000007,-20.24689999999999,1.7217,-2.2263,2.814367172207635,20.800442026553178,0,21_191_202_7253_ego_191,0,7253,7253,7258,vehicle_vehicle,0.2628129226082215,1.6506816842905385,2.5762106823970514,13.242154781228017,15.0,3.0,3.5,0.8,7.691489381127688,27.68936177205968
21,200,7284,255,63.6428,-49.382,272.7043,2.057,4.5261,0.7479,-7.7401,3.6563,0.3958,7.7667,-0.3819,-0.2229,-3.6709,car,191,59.5635,-44.8659,-1.4113,-7.6785,7.7945,-0.4426,256.3358,7.807120464037942,28.10563367053659,4.0793000000000035,-4.5160999999999945,2.1592000000000002,-0.06160000000000032,2.160078517091451,6.085708479708831,0,21_191_202_7253_ego_191,0,7253,7253,7258,vehicle_vehicle,0.2628129226082215,1.6506816842905385,2.5762106823970514,13.242154781228017,15.0,3.0,3.5,0.8,7.691489381127688,27.68936177205968
21,202,7284,220,52.8014,-46.3092,337.4026,2.1047,4.8561,0.0017,-0.0065,-0.0039,-0.0136,0.0041,0.0054,0.0016,0.014,car,191,59.5635,-44.8659,-1.4113,-7.6785,7.7945,-0.4426,256.3358,7.807120464037942,28.10563367053659,-6.762099999999997,-1.4432999999999936,1.413,7.672,7.801035379999247,6.914413301213628,0,21_191_202_7253_ego_191,1,7253,7253,7258,vehicle_vehicle,0.2628129226082215,1.6506816842905385,2.5762106823970514,13.242154781228017,15.0,3.0,3.5,0.8,7.691489381127688,27.68936177205968
21,203,7284,145,47.1664,-43.9166,342.1202,2.0912,4.8595,0.0055,-0.0009,-0.03,0.0005,0.0056,-0.0008,-0.0287,0.0087,car,191,59.5635,-44.8659,-1.4113,-7.6785,7.7945,-0.4426,256.3358,7.807120464037942,28.10563367053659,-12.397099999999995,0.9493000000000009,1.4168,7.6776,7.807231519559286,12.433392895746513,0,21_191_202_7253_ego_191,0,7253,7253,7258,vehicle_vehicle,0.2628129226082215,1.6506816842905385,2.5762106823970514,13.242154781228017,15.0,3.0,3.5,0.8,7.691489381127688,27.68936177205968
21,191,7285,490,59.5101,-45.1737,257.2289,2.0905,5.2067,-1.28,-7.7042,3.2062,-0.5911,7.7966,-0.4547,-0.1323,-3.2576,car,191,59.5101,-45.1737,-1.28,-7.7042,7.7966,-0.4547,257.2289,7.809807785086647,28.115308026311933,0.0,0.0,0.0,0.0,0.0,0.0,1,21_191_202_7253_ego_191,1,7253,7253,7258,vehicle_vehicle,0.2628129226082215,1.6506816842905385,2.5762106823970514,13.242154781228017,15.0,3.0,3.5,0.8,7.691489381127688,27.68936177205968
21,196,7285,412,64.3418,-65.5098,273.5417,1.8946,3.6036,0.2247,-9.9266,-2.2177,-0.5177,9.9215,0.3889,0.3797,2.2455,car,191,59.5101,-45.1737,-1.28,-7.7042,7.7966,-0.4547,257.2289,7.809807785086647,28.115308026311933,4.831700000000005,-20.336100000000002,1.5047000000000001,-2.2224000000000004,2.683874782846622,20.90220773267743,0,21_191_202_7253_ego_191,0,7253,7253,7258,vehicle_vehicle,0.2628129226082215,1.6506816842905385,2.5762106823970514,13.242154781228017,15.0,3.0,3.5,0.8,7.691489381127688,27.68936177205968
21,200,7285,256,63.6756,-49.6918,273.8149,2.057,4.5261,0.8962,-7.7222,3.6462,0.4792,7.7647,-0.3805,-0.2356,-3.67,car,191,59.5101,-45.1737,-1.28,-7.7042,7.7966,-0.4547,257.2289,7.809807785086647,28.115308026311933,4.1655000000000015,-4.518100000000004,2.1762,-0.017999999999999794,2.176274440414168,6.145292333160405,0,21_191_202_7253_ego_191,0,7253,7253,7258,vehicle_vehicle,0.2628129226082215,1.6506816842905385,2.5762106823970514,13.242154781228017,15.0,3.0,3.5,0.8,7.691489381127688,27.68936177205968
21,202,7285,221,52.8013,-46.3097,337.3988,2.1047,4.8561,0.0015,-0.0077,-0.005,-0.0112,0.0043,0.0065,-0.0003,0.0122,car,191,59.5101,-45.1737,-1.28,-7.7042,7.7966,-0.4547,257.2289,7.809807785086647,28.115308026311933,-6.708800000000004,-1.1360000000000028,1.2815,7.6965,7.802458234428429,6.8042996289111235,0,21_191_202_7253_ego_191,1,7253,7253,7258,vehicle_vehicle,0.2628129226082215,1.6506816842905385,2.5762106823970514,13.242154781228017,15.0,3.0,3.5,0.8,7.691489381127688,27.68936177205968
21,203,7285,146,47.1667,-43.9169,342.1315,2.0912,4.8595,0.0037,-0.001,-0.0302,0.0008,0.0038,-0.0002,-0.029,0.0085,car,191,59.5101,-45.1737,-1.28,-7.7042,7.7966,-0.4547,257.2289,7.809807785086647,28.115308026311933,-12.343400000000003,1.2567999999999984,1.2837,7.7032,7.809428655798067,12.407218455399262,0,21_191_202_7253_ego_191,0,7253,7253,7258,vehicle_vehicle,0.2628129226082215,1.6506816842905385,2.5762106823970514,13.242154781228017,15.0,3.0,3.5,0.8,7.691489381127688,27.68936177205968
21,191,7286,491,59.4624,-45.4831,258.1345,2.0905,5.2067,-1.1485,-7.728,3.2176,-0.5473,7.799,-0.465,-0.126,-3.2614,car,191,59.4624,-45.4831,-1.1485,-7.728,7.799,-0.465,258.1345,7.812876310936965,28.126354719373076,0.0,0.0,0.0,0.0,0.0,0.0,1,21_191_202_7253_ego_191,1,7253,7253,7258,vehicle_vehicle,0.2628129226082215,1.6506816842905385,2.5762106823970514,13.242154781228017,15.0,3.0,3.5,0.8,7.691489381127688,27.68936177205968
21,196,7286,413,64.3503,-65.9078,272.9832,1.8946,3.6036,0.1354,-9.9466,-2.2965,-0.481,9.9401,0.3824,0.3609,2.3184,car,191,59.4624,-45.4831,-1.1485,-7.728,7.799,-0.465,258.1345,7.812876310936965,28.126354719373076,4.887900000000002,-20.424699999999994,1.2839,-2.2186000000000003,2.5633152693338372,21.00142701103903,0,21_191_202_7253_ego_191,0,7253,7253,7258,vehicle_vehicle,0.2628129226082215,1.6506816842905385,2.5762106823970514,13.242154781228017,15.0,3.0,3.5,0.8,7.691489381127688,27.68936177205968
21,200,7286,257,63.715,-50.0007,274.8873,2.057,4.5261,1.0439,-7.7009,3.6343,0.5605,7.7618,-0.384,-0.2488,-3.6688,car,191,59.4624,-45.4831,-1.1485,-7.728,7.799,-0.465,258.1345,7.812876310936965,28.126354719373076,4.252600000000001,-4.517600000000002,2.1924,0.027099999999999902,2.192567483568066,6.204298229453515,0,21_191_202_7253_ego_191,0,7253,7253,7258,vehicle_vehicle,0.2628129226082215,1.6506816842905385,2.5762106823970514,13.242154781228017,15.0,3.0,3.5,0.8,7.691489381127688,27.68936177205968
21,202,7286,222,52.8014,-46.3107,337.3893,2.1047,4.8561,0.0012,-0.0085,-0.006,-0.0083,0.0044,0.0074,-0.0023,0.0099,car,191,59.4624,-45.4831,-1.1485,-7.728,7.799,-0.465,258.1345,7.812876310936965,28.126354719373076,-6.661000000000001,-0.8275999999999968,1.1497000000000002,7.7195,7.804645433330076,6.712215935143924,0,21_191_202_7253_ego_191,1,7253,7253,7258,vehicle_vehicle,0.2628129226082215,1.6506816842905385,2.5762106823970514,13.242154781228017,15.0,3.0,3.5,0.8,7.691489381127688,27.68936177205968
21,203,7286,147,47.1669,-43.9171,342.1418,2.0912,4.8595,0.0019,-0.001,-0.0298,0.0011,0.0021,0.0004,-0.0287,0.0081,car,191,59.4624,-45.4831,-1.1485,-7.728,7.799,-0.465,258.1345,7.812876310936965,28.126354719373076,-12.295500000000004,1.5660000000000025,1.1504,7.726999999999999,7.812166739131979,12.394824575200737,0,21_191_202_7253_ego_191,0,7253,7253,7258,vehicle_vehicle,0.2628129226082215,1.6506816842905385,2.5762106823970514,13.242154781228017,15.0,3.0,3.5,0.8,7.691489381127688,27.68936177205968
21,191,7287,492,59.4188,-45.7928,259.0502,2.0905,5.2067,-1.0165,-7.75,3.2257,-0.5034,7.802,-0.4741,-0.1185,-3.2626,car,191,59.4188,-45.7928,-1.0165,-7.75,7.802,-0.4741,259.0502,7.816378461282437,28.138962460616774,0.0,0.0,0.0,0.0,0.0,0.0,1,21_191_202_7253_ego_191,1,7253,7253,7258,vehicle_vehicle,0.2628129226082215,1.6506816842905385,2.5762106823970514,13.242154781228017,15.0,3.0,3.5,0.8,7.691489381127688,27.68936177205968
21,196,7287,414,64.3558,-66.3066,272.3861,1.8946,3.6036,0.0422,-9.9649,-2.3742,-0.4451,9.958,0.3727,0.3459,2.3907,car,191,59.4188,-45.7928,-1.0165,-7.75,7.802,-0.4741,259.0502,7.816378461282437,28.138962460616774,4.937000000000005,-20.513800000000003,1.0587,-2.2149,2.4549190821695124,21.09952509986896,0,21_191_202_7253_ego_191,0,7253,7253,7258,vehicle_vehicle,0.2628129226082215,1.6506816842905385,2.5762106823970514,13.242154781228017,15.0,3.0,3.5,0.8,7.691489381127688,27.68936177205968
21,200,7287,258,63.7603,-50.3085,275.9443,2.057,4.5261,1.1907,-7.6762,3.6206,0.6396,7.7582,-0.3894,-0.2612,-3.6674,car,191,59.4188,-45.7928,-1.0165,-7.75,7.802,-0.4741,259.0502,7.816378461282437,28.138962460616774,4.3415000000000035,-4.5157000000000025,2.2072000000000003,0.07380000000000031,2.2084334447748253,6.264197373965802,0,21_191_202_7253_ego_191,0,7253,7253,7258,vehicle_vehicle,0.2628129226082215,1.6506816842905385,2.5762106823970514,13.242154781228017,15.0,3.0,3.5,0.8,7.691489381127688,27.68936177205968
21,202,7287,223,52.8014,-46.3115,337.3728,2.1047,4.8561,0.0009,-0.009,-0.0069,-0.0051,0.0043,0.0079,-0.0044,0.0074,car,191,59.4188,-45.7928,-1.0165,-7.75,7.802,-0.4741,259.0502,7.816378461282437,28.138962460616774,-6.617399999999996,-0.5187000000000026,1.0173999999999999,7.741,7.80757220651849,6.637697827560393,0,21_191_202_7253_ego_191,1,7253,7253,7258,vehicle_vehicle,0.2628129226082215,1.6506816842905385,2.5762106823970514,13.242154781228017,15.0,3.0,3.5,0.8,7.691489381127688,27.68936177205968
21,203,7287,148,47.1664,-43.917,342.159,2.0912,4.8595,0.0002,-0.001,-0.0289,0.0015,0.0005,0.0009,-0.028,0.0074,car,191,59.4188,-45.7928,-1.0165,-7.75,7.802,-0.4741,259.0502,7.816378461282437,28.138962460616774,-12.252399999999994,1.8757999999999981,1.0167,7.749,7.815412969894808,12.39515757866756,0,21_191_202_7253_ego_191,0,7253,7253,7258,vehicle_vehicle,0.2628129226082215,1.6506816842905385,2.5762106823970514,13.242154781228017,15.0,3.0,3.5,0.8,7.691489381127688,27.68936177205968
21,191,7288,493,59.3806,-46.1037,259.9806,2.0905,5.2067,-0.8841,-7.77,3.2304,-0.4595,7.8053,-0.4812,-0.1095,-3.2611,car,191,59.3806,-46.1037,-0.8841,-7.77,7.8053,-0.4812,259.9806,7.820136367736818,28.152490923852543,0.0,0.0,0.0,0.0,0.0,0.0,1,21_191_202_7253_ego_191,1,7253,7253,7258,vehicle_vehicle,0.2628129226082215,1.6506816842905385,2.5762106823970514,13.242154781228017,15.0,3.0,3.5,0.8,7.691489381127688,27.68936177205968
21,196,7288,415,64.3582,-66.7065,271.7516,1.8946,3.6036,-0.0552,-9.9814,-2.45,-0.4103,9.9751,0.3603,0.3352,2.4614,car,191,59.3806,-46.1037,-0.8841,-7.77,7.8053,-0.4812,259.9806,7.820136367736818,28.152490923852543,4.977599999999995,-20.602800000000002,0.8289,-2.211400000000001,2.361644590110884,21.195562497843742,0,21_191_202_7253_ego_191,0,7253,7253,7258,vehicle_vehicle,0.2628129226082215,1.6506816842905385,2.5762106823970514,13.242154781228017,15.0,3.0,3.5,0.8,7.691489381127688,27.68936177205968
21,200,7288,259,63.8116,-50.6148,276.9514,2.057,4.5261,1.3368,-7.6484,3.6057,0.7164,7.754,-0.4013,-0.2748,-3.6659,car,191,59.3806,-46.1037,-0.8841,-7.77,7.8053,-0.4812,259.9806,7.820136367736818,28.152490923852543,4.430999999999997,-4.511099999999999,2.2209,0.12159999999999993,2.2242264655380755,6.323273219622885,0,21_191_202_7253_ego_191,0,7253,7253,7258,vehicle_vehicle,0.2628129226082215,1.6506816842905385,2.5762106823970514,13.242154781228017,15.0,3.0,3.5,0.8,7.691489381127688,27.68936177205968
21,202,7288,224,52.8015,-46.3122,337.3489,2.1047,4.8561,0.0005,-0.0092,-0.0077,-0.0019,0.004,0.0083,-0.0064,0.0047,car,191,59.3806,-46.1037,-0.8841,-7.77,7.8053,-0.4812,259.9806,7.820136367736818,28.152490923852543,-6.579100000000004,-0.2084999999999937,0.8845999999999999,7.7608,7.811052029016322,6.582402985232677,0,21_191_202_7253_ego_191,1,7253,7253,7258,vehicle_vehicle,0.2628129226082215,1.6506816842905385,2.5762106823970514,13.242154781228017,15.0,3.0,3.5,0.8,7.691489381127688,27.68936177205968
21,203,7288,149,47.1656,-43.917,342.1753,2.0912,4.8595,-0.001,-0.0011,-0.0277,0.002,-0.0007,0.0014,-0.027,0.0066,car,191,59.3806,-46.1037,-0.8841,-7.77,7.8053,-0.4812,259.9806,7.820136367736818,28.152490923852543,-12.215000000000003,2.186700000000002,0.8831,7.7688999999999995,7.818930414065596,12.409185383819523,0,21_191_202_7253_ego_191,0,7253,7253,7258,vehicle_vehicle,0.2628129226082215,1.6506816842905385,2.5762106823970514,13.242154781228017,15.0,3.0,3.5,0.8,7.691489381127688,27.68936177205968
21,191,7289,494,59.347,-46.4151,260.9504,2.0905,5.2067,-0.7512,-7.7881,3.2316,-0.4158,7.8093,-0.4832,-0.0977,-3.2568,car,191,59.347,-46.4151,-0.7512,-7.7881,7.8093,-0.4832,260.9504,7.824244567368789,28.16728044252764,0.0,0.0,0.0,0.0,0.0,0.0,1,21_191_202_7253_ego_191,1,7253,7253,7258,vehicle_vehicle,0.2628129226082215,1.6506816842905385,2.5762106823970514,13.242154781228017,15.0,3.0,3.5,0.8,7.691489381127688,27.68936177205968
21,196,7289,416,64.3563,-67.107,271.0672,1.8946,3.6036,-0.1565,-9.9961,-2.523,-0.377,9.9915,0.3427,0.33,2.5296,car,191,59.347,-46.4151,-0.7512,-7.7881,7.8093,-0.4832,260.9504,7.824244567368789,28.16728044252764,5.009300000000003,-20.691899999999997,0.5947,-2.208,2.286685831066437,21.289617471903995,0,21_191_202_7253_ego_191,0,7253,7253,7258,vehicle_vehicle,0.2628129226082215,1.6506816842905385,2.5762106823970514,13.242154781228017,15.0,3.0,3.5,0.8,7.691489381127688,27.68936177205968
21,200,7289,260,63.8687,-50.9192,277.9401,2.057,4.5261,1.4819,-7.618,3.5896,0.7913,7.7497,-0.4154,-0.2878,-3.6645,car,191,59.347,-46.4151,-0.7512,-7.7881,7.8093,-0.4832,260.9504,7.824244567368789,28.16728044252764,4.521699999999996,-4.504099999999994,2.2331,0.1700999999999997,2.2395690701561315,6.382216519360645,0,21_191_202_7253_ego_191,0,7253,7253,7258,vehicle_vehicle,0.2628129226082215,1.6506816842905385,2.5762106823970514,13.242154781228017,15.0,3.0,3.5,0.8,7.691489381127688,27.68936177205968
21,202,7289,225,52.8016,-46.3129,337.3198,2.1047,4.8561,0.0001,-0.0091,-0.0085,0.0013,0.0036,0.0084,-0.0083,0.0021,car,191,59.347,-46.4151,-0.7512,-7.7881,7.8093,-0.4832,260.9504,7.824244567368789,28.16728044252764,-6.545400000000001,0.1022000000000034,0.7513,7.779,7.815196266889271,6.546197827747036,0,21_191_202_7253_ego_191,1,7253,7253,7258,vehicle_vehicle,0.2628129226082215,1.6506816842905385,2.5762106823970514,13.242154781228017,15.0,3.0,3.5,0.8,7.691489381127688,27.68936177205968
21,203,7289,150,47.1652,-43.917,342.1928,2.0912,4.8595,-0.0021,-0.0011,-0.0265,0.0026,-0.0017,0.0017,-0.026,0.0056,car,191,59.347,-46.4151,-0.7512,-7.7881,7.8093,-0.4832,260.9504,7.824244567368789,28.16728044252764,-12.181800000000003,2.498100000000001,0.7491,7.787,7.822948281178906,12.435302764709833,0,21_191_202_7253_ego_191,0,7253,7253,7258,vehicle_vehicle,0.2628129226082215,1.6506816842905385,2.5762106823970514,13.242154781228017,15.0,3.0,3.5,0.8,7.691489381127688,27.68936177205968
21,191,7290,495,59.3201,-46.7279,261.9069,2.0905,5.2067,-0.6184,-7.8041,3.2292,-0.3726,7.8135,-0.4864,-0.0858,-3.2495,car,191,59.3201,-46.7279,-0.6184,-7.8041,7.8135,-0.4864,261.9069,7.828562790832044,28.18282604699536,0.0,0.0,0.0,0.0,0.0,0.0,1,21_191_202_7253_ego_191,1,7253,7253,7258,vehicle_vehicle,0.2628129226082215,1.6506816842905385,2.5762106823970514,13.242154781228017,15.0,3.0,3.5,0.8,7.691489381127688,27.68936177205968
21,196,7290,417,64.3486,-67.508,270.3554,1.8946,3.6036,-0.261,-10.0092,-2.5926,-0.3455,10.0074,0.3231,0.3294,2.5946,car,191,59.3201,-46.7279,-0.6184,-7.8041,7.8135,-0.4864,261.9069,7.828562790832044,28.18282604699536,5.028500000000008,-20.780099999999997,0.35739999999999994,-2.2051,2.233875728414631,21.37985893919789,0,21_191_202_7253_ego_191,0,7253,7253,7258,vehicle_vehicle,0.2628129226082215,1.6506816842905385,2.5762106823970514,13.242154781228017,15.0,3.0,3.5,0.8,7.691489381127688,27.68936177205968
21,200,7290,261,63.9319,-51.2221,278.93,2.057,4.5261,1.626,-7.585,3.5729,0.8646,7.7455,-0.4289,-0.2995,-3.6638,car,191,59.3201,-46.7279,-0.6184,-7.8041,7.8135,-0.4864,261.9069,7.828562790832044,28.18282604699536,4.611800000000002,-4.494199999999999,2.2443999999999997,0.21910000000000007,2.255068994509924,6.439451287182784,0,21_191_202_7253_ego_191,0,7253,7253,7258,vehicle_vehicle,0.2628129226082215,1.6506816842905385,2.5762106823970514,13.242154781228017,15.0,3.0,3.5,0.8,7.691489381127688,27.68936177205968
21,202,7290,226,52.8018,-46.3133,337.2951,2.1047,4.8561,-0.0004,-0.009,-0.009,0.0043,0.0031,0.0084,-0.01,-0.0005,car,191,59.3201,-46.7279,-0.6184,-7.8041,7.8135,-0.4864,261.9069,7.828562790832044,28.18282604699536,-6.518299999999996,0.4146000000000001,0.618,7.7951,7.819559323261125,6.531472119667966,0,21_191_202_7253_ego_191,1,7253,7253,7258,vehicle_vehicle,0.2628129226082215,1.6506816842905385,2.5762106823970514,13.242154781228017,15.0,3.0,3.5,0.8,7.691489381127688,27.68936177205968
21,203,7290,151,47.165,-43.9171,342.2161,2.0912,4.8595,-0.0032,-0.0011,-0.0253,0.0034,-0.0027,0.002,-0.0251,0.0045,car,191,59.3201,-46.7279,-0.6184,-7.8041,7.8135,-0.4864,261.9069,7.828562790832044,28.18282604699536,-12.155099999999997,2.8108000000000004,0.6152,7.803,7.827214066320149,12.475858794087081,0,21_191_202_7253_ego_191,0,7253,7253,7258,vehicle_vehicle,0.2628129226082215,1.6506816842905385,2.5762106823970514,13.242154781228017,15.0,3.0,3.5,0.8,7.691489381127688,27.68936177205968
21,191,7291,496,59.3004,-47.0418,262.856,2.0905,5.2067,-0.4868,-7.8178,3.2238,-0.3302,7.8177,-0.4893,-0.0733,-3.2398,car,191,59.3004,-47.0418,-0.4868,-7.8178,7.8177,-0.4893,262.856,7.832941406649229,28.198589063937224,0.0,0.0,0.0,0.0,0.0,0.0,1,21_191_202_7253_ego_191,1,7253,7253,7258,vehicle_vehicle,0.2628129226082215,1.6506816842905385,2.5762106823970514,13.242154781228017,15.0,3.0,3.5,0.8,7.691489381127688,27.68936177205968
21,196,7291,418,64.3374,-67.9089,269.6464,1.8946,3.6036,-0.3687,-10.0209,-2.6583,-0.3161,10.023,0.3069,0.3325,2.6563,car,191,59.3004,-47.0418,-0.4868,-7.8178,7.8177,-0.4893,262.856,7.832941406649229,28.198589063937224,5.036999999999999,-20.8671,0.11809999999999998,-2.203099999999999,2.206263180130602,21.466421020048966,0,21_191_202_7253_ego_191,0,7253,7253,7258,vehicle_vehicle,0.2628129226082215,1.6506816842905385,2.5762106823970514,13.242154781228017,15.0,3.0,3.5,0.8,7.691489381127688,27.68936177205968
21,200,7291,262,64.0009,-51.5234,279.9867,2.057,4.5261,1.7689,-7.5497,3.5559,0.9369,7.7421,-0.4329,-0.3061,-3.6645,car,191,59.3004,-47.0418,-0.4868,-7.8178,7.8177,-0.4893,262.856,7.832941406649229,28.198589063937224,4.700499999999998,-4.4816,2.2557,0.26810000000000045,2.2715765670564574,6.494569948041208,0,21_191_202_7253_ego_191,0,7253,7253,7258,vehicle_vehicle,0.2628129226082215,1.6506816842905385,2.5762106823970514,13.242154781228017,15.0,3.0,3.5,0.8,7.691489381127688,27.68936177205968
21,202,7291,227,52.8019,-46.3136,337.2754,2.1047,4.8561,-0.001,-0.0087,-0.0094,0.0073,0.0024,0.0084,-0.0115,-0.0031,car,191,59.3004,-47.0418,-0.4868,-7.8178,7.8177,-0.4893,262.856,7.832941406649229,28.198589063937224,-6.4985,0.7282000000000011,0.4858,7.8091,7.824196089695094,6.539172538632086,0,21_191_202_7253_ego_191,1,7253,7253,7258,vehicle_vehicle,0.2628129226082215,1.6506816842905385,2.5762106823970514,13.242154781228017,15.0,3.0,3.5,0.8,7.691489381127688,27.68936177205968
21,203,7291,152,47.1647,-43.9171,342.2333,2.0912,4.8595,-0.004,-0.0011,-0.0241,0.0042,-0.0035,0.0023,-0.0242,0.0034,car,191,59.3004,-47.0418,-0.4868,-7.8178,7.8177,-0.4893,262.856,7.832941406649229,28.198589063937224,-12.1357,3.1247000000000043,0.4828,7.8167,7.831595924841883,12.531518845694643,0,21_191_202_7253_ego_191,0,7253,7253,7258,vehicle_vehicle,0.2628129226082215,1.6506816842905385,2.5762106823970514,13.242154781228017,15.0,3.0,3.5,0.8,7.691489381127688,27.68936177205968
21,191,7292,497,59.2848,-47.3561,263.8488,2.0905,5.2067,-0.3558,-7.8293,3.2162,-0.2893,7.8224,-0.4852,-0.057,-3.2287,car,191,59.2848,-47.3561,-0.3558,-7.8293,7.8224,-0.4852,263.8488,7.837380438003504,28.214569576812615,0.0,0.0,0.0,0.0,0.0,0.0,1,21_191_202_7253_ego_191,1,7253,7253,7258,vehicle_vehicle,0.2628129226082215,1.6506816842905385,2.5762106823970514,13.242154781228017,15.0,3.0,3.5,0.8,7.691489381127688,27.68936177205968
21,196,7292,419,64.3218,-68.3101,268.8898,1.8946,3.6036,-0.4796,-10.0315,-2.7197,-0.2888,10.0389,0.2852,0.3414,2.7136,car,191,59.2848,-47.3561,-0.3558,-7.8293,7.8224,-0.4852,263.8488,7.837380438003504,28.214569576812615,5.036999999999999,-20.954000000000008,-0.12380000000000002,-2.2021999999999995,2.2056770570507362,21.550904505379822,0,21_191_202_7253_ego_191,0,7253,7253,7258,vehicle_vehicle,0.2628129226082215,1.6506816842905385,2.5762106823970514,13.242154781228017,15.0,3.0,3.5,0.8,7.691489381127688,27.68936177205968
21,200,7292,263,64.0746,-51.8235,281.0666,2.057,4.5261,1.9112,-7.512,3.5389,1.0087,7.7391,-0.4337,-0.3107,-3.6667,car,191,59.2848,-47.3561,-0.3558,-7.8293,7.8224,-0.4852,263.8488,7.837380438003504,28.214569576812615,4.789800000000007,-4.467400000000005,2.267,0.31730000000000036,2.2890977021525316,6.549797462517456,0,21_191_202_7253_ego_191,0,7253,7253,7258,vehicle_vehicle,0.2628129226082215,1.6506816842905385,2.5762106823970514,13.242154781228017,15.0,3.0,3.5,0.8,7.691489381127688,27.68936177205968
21,202,7292,228,52.802,-46.3139,337.2605,2.1047,4.8561,-0.0017,-0.0083,-0.0095,0.0102,0.0016,0.0083,-0.0127,-0.0057,car,191,59.2848,-47.3561,-0.3558,-7.8293,7.8224,-0.4852,263.8488,7.837380438003504,28.214569576812615,-6.4827999999999975,1.0422000000000011,0.3541,7.821,7.829011930633392,6.5660396495909135,0,21_191_202_7253_ego_191,1,7253,7253,7258,vehicle_vehicle,0.2628129226082215,1.6506816842905385,2.5762106823970514,13.242154781228017,15.0,3.0,3.5,0.8,7.691489381127688,27.68936177205968
21,203,7292,153,47.1646,-43.9172,342.2367,2.0912,4.8595,-0.0049,-0.001,-0.0231,0.0051,-0.0044,0.0025,-0.0235,0.0022,car,191,59.2848,-47.3561,-0.3558,-7.8293,7.8224,-0.4852,263.8488,7.837380438003504,28.214569576812615,-12.120199999999997,3.4388999999999967,0.3509,7.8283,7.836160520305847,12.598622196494341,0,21_191_202_7253_ego_191,0,7253,7253,7258,vehicle_vehicle,0.2628129226082215,1.6506816842905385,2.5762106823970514,13.242154781228017,15.0,3.0,3.5,0.8,7.691489381127688,27.68936177205968
21,191,7293,498,59.274,-47.6706,264.877,2.0905,5.2067,-0.2256,-7.8388,3.2068,-0.2503,7.8276,-0.4753,-0.037,-3.2163,car,191,59.274,-47.6706,-0.2256,-7.8388,7.8276,-0.4753,264.877,7.842045702493706,28.23136452897734,0.0,0.0,0.0,0.0,0.0,0.0,1,21_191_202_7253_ego_191,1,7253,7253,7258,vehicle_vehicle,0.2628129226082215,1.6506816842905385,2.5762106823970514,13.242154781228017,15.0,3.0,3.5,0.8,7.691489381127688,27.68936177205968
21,196,7293,420,64.3016,-68.7114,268.1369,1.8946,3.6036,-0.5935,-10.0409,-2.7764,-0.2636,10.0549,0.2667,0.3537,2.7663,car,191,59.274,-47.6706,-0.2256,-7.8388,7.8276,-0.4753,264.877,7.842045702493706,28.23136452897734,5.0275999999999925,-21.040799999999997,-0.3679,-2.2021000000000006,2.2326206171223992,21.633123362103767,0,21_191_202_7253_ego_191,0,7253,7253,7258,vehicle_vehicle,0.2628129226082215,1.6506816842905385,2.5762106823970514,13.242154781228017,15.0,3.0,3.5,0.8,7.691489381127688,27.68936177205968
21,200,7293,264,64.1544,-52.1217,282.1406,2.057,4.5261,2.0525,-7.4719,3.522,1.0806,7.7365,-0.4352,-0.3157,-3.6705,car,191,59.274,-47.6706,-0.2256,-7.8388,7.8276,-0.4753,264.877,7.842045702493706,28.23136452897734,4.8803999999999945,-4.451099999999997,2.2781000000000002,0.3669000000000002,2.3074564394588255,6.605345968986024,0,21_191_202_7253_ego_191,0,7253,7253,7258,vehicle_vehicle,0.2628129226082215,1.6506816842905385,2.5762106823970514,13.242154781228017,15.0,3.0,3.5,0.8,7.691489381127688,27.68936177205968
21,202,7293,229,52.802,-46.3142,337.2513,2.1047,4.8561,-0.0024,-0.0078,-0.0092,0.0129,0.0008,0.0082,-0.0135,-0.0084,car,191,59.274,-47.6706,-0.2256,-7.8388,7.8276,-0.4753,264.877,7.842045702493706,28.23136452897734,-6.472000000000001,1.3564000000000007,0.22319999999999998,7.831,7.834180189400803,6.61260954238189,0,21_191_202_7253_ego_191,1,7253,7253,7258,vehicle_vehicle,0.2628129226082215,1.6506816842905385,2.5762106823970514,13.242154781228017,15.0,3.0,3.5,0.8,7.691489381127688,27.68936177205968
21,203,7293,154,47.1648,-43.9175,342.2322,2.0912,4.8595,-0.0059,-0.0008,-0.022,0.0061,-0.0054,0.0026,-0.0228,0.0009,car,191,59.274,-47.6706,-0.2256,-7.8388,7.8276,-0.4753,264.877,7.842045702493706,28.23136452897734,-12.109200000000001,3.7531000000000034,0.2197,7.838,7.841078502986691,12.67747941232799,0,21_191_202_7253_ego_191,0,7253,7253,7258,vehicle_vehicle,0.2628129226082215,1.6506816842905385,2.5762106823970514,13.242154781228017,15.0,3.0,3.5,0.8,7.691489381127688,27.68936177205968
21,191,7294,499,59.2682,-47.9852,265.9204,2.0905,5.2067,-0.0959,-7.8463,3.1958,-0.2137,7.8332,-0.4625,-0.0142,-3.2029,car,191,59.2682,-47.9852,-0.0959,-7.8463,7.8332,-0.4625,265.9204,7.84688603842314,28.248789738323303,0.0,0.0,0.0,0.0,0.0,0.0,1,21_191_202_7253_ego_191,1,7253,7253,7258,vehicle_vehicle,0.2628129226082215,1.6506816842905385,2.5762106823970514,13.242154781228017,15.0,3.0,3.5,0.8,7.691489381127688,27.68936177205968
21,196,7294,421,64.2761,-69.1128,267.374,1.8946,3.6036,-0.7098,-10.0496,-2.8278,-0.2404,10.0716,0.2486,0.3697,2.8138,car,191,59.2682,-47.9852,-0.0959,-7.8463,7.8332,-0.4625,265.9204,7.84688603842314,28.248789738323303,5.007899999999999,-21.127599999999994,-0.6139,-2.2032999999999996,2.287226289635549,21.713004033758196,0,21_191_202_7253_ego_191,0,7253,7253,7258,vehicle_vehicle,0.2628129226082215,1.6506816842905385,2.5762106823970514,13.242154781228017,15.0,3.0,3.5,0.8,7.691489381127688,27.68936177205968
21,200,7294,265,64.2387,-52.4188,283.1989,2.057,4.5261,2.1934,-7.4294,3.5052,1.1529,7.7339,-0.4391,-0.3221,-3.6758,car,191,59.2682,-47.9852,-0.0959,-7.8463,7.8332,-0.4625,265.9204,7.84688603842314,28.248789738323303,4.970499999999994,-4.433599999999998,2.2893,0.41690000000000005,2.3269508159821513,6.660531451017999,0,21_191_202_7253_ego_191,0,7253,7253,7258,vehicle_vehicle,0.2628129226082215,1.6506816842905385,2.5762106823970514,13.242154781228017,15.0,3.0,3.5,0.8,7.691489381127688,27.68936177205968
21,202,7294,230,52.8018,-46.3146,337.2491,2.1047,4.8561,-0.0031,-0.0072,-0.0087,0.0156,-0.0001,0.0078,-0.014,-0.0111,car,191,59.2682,-47.9852,-0.0959,-7.8463,7.8332,-0.4625,265.9204,7.84688603842314,28.248789738323303,-6.4664,1.6706000000000003,0.0928,7.8391,7.83964926830276,6.6787149452570596,0,21_191_202_7253_ego_191,1,7253,7253,7258,vehicle_vehicle,0.2628129226082215,1.6506816842905385,2.5762106823970514,13.242154781228017,15.0,3.0,3.5,0.8,7.691489381127688,27.68936177205968
21,203,7294,155,47.1653,-43.9179,342.2216,2.0912,4.8595,-0.0072,-0.0004,-0.0207,0.007,-0.0067,0.0026,-0.0219,-0.0003,car,191,59.2682,-47.9852,-0.0959,-7.8463,7.8332,-0.4625,265.9204,7.84688603842314,28.248789738323303,-12.102899999999998,4.067299999999996,0.0887,7.8459,7.846401372603877,12.768050661710264,0,21_191_202_7253_ego_191,0,7253,7253,7258,vehicle_vehicle,0.2628129226082215,1.6506816842905385,2.5762106823970514,13.242154781228017,15.0,3.0,3.5,0.8,7.691489381127688,27.68936177205968
21,191,7295,500,59.2664,-48.2999,266.9835,2.0905,5.2067,0.0335,-7.852,3.1835,-0.1797,7.8394,-0.4466,0.0119,-3.1885,car,191,59.2664,-48.2999,0.0335,-7.852,7.8394,-0.4466,266.9835,7.852071462359471,28.267457264494098,0.0,0.0,0.0,0.0,0.0,0.0,1,21_191_202_7253_ego_191,1,7253,7253,7258,vehicle_vehicle,0.2628129226082215,1.6506816842905385,2.5762106823970514,13.242154781228017,15.0,3.0,3.5,0.8,7.691489381127688,27.68936177205968
21,196,7295,422,64.2463,-69.5148,266.6346,1.8946,3.6036,-0.8285,-10.0574,-2.8739,-0.219,10.0887,0.2366,0.3873,2.8561,car,191,59.2664,-48.2999,0.0335,-7.852,7.8394,-0.4466,266.9835,7.852071462359471,28.267457264494098,4.979900000000008,-21.214899999999993,-0.862,-2.205399999999999,2.3678752416459776,21.79154391088433,0,21_191_202_7253_ego_191,0,7253,7253,7258,vehicle_vehicle,0.2628129226082215,1.6506816842905385,2.5762106823970514,13.242154781228017,15.0,3.0,3.5,0.8,7.691489381127688,27.68936177205968
21,200,7295,266,64.3279,-52.715,284.2855,2.057,4.5261,2.3342,-7.384,3.4881,1.2259,7.7316,-0.44,-0.3273,-3.6827,car,191,59.2664,-48.2999,0.0335,-7.852,7.8394,-0.4466,266.9835,7.852071462359471,28.267457264494098,5.061500000000002,-4.4151000000000025,2.3007,0.46799999999999997,2.3478169626271974,6.716538562384649,0,21_191_202_7253_ego_191,0,7253,7253,7258,vehicle_vehicle,0.2628129226082215,1.6506816842905385,2.5762106823970514,13.242154781228017,15.0,3.0,3.5,0.8,7.691489381127688,27.68936177205968
21,202,7295,231,52.8017,-46.315,337.2537,2.1047,4.8561,-0.0038,-0.0064,-0.0078,0.0182,-0.001,0.0074,-0.0142,-0.0137,car,191,59.2664,-48.2999,0.0335,-7.852,7.8394,-0.4466,266.9835,7.852071462359471,28.267457264494098,-6.464700000000001,1.9849000000000032,-0.0373,7.8456,7.845688666395066,6.762556772404948,0,21_191_202_7253_ego_191,1,7253,7253,7258,vehicle_vehicle,0.2628129226082215,1.6506816842905385,2.5762106823970514,13.242154781228017,15.0,3.0,3.5,0.8,7.691489381127688,27.68936177205968
21,203,7295,156,47.165,-43.9181,342.2055,2.0912,4.8595,-0.0084,0.0001,-0.0191,0.0077,-0.008,0.0025,-0.0205,-0.0015,car,191,59.2664,-48.2999,0.0335,-7.852,7.8394,-0.4466,266.9835,7.852071462359471,28.267457264494098,-12.101399999999998,4.381799999999998,-0.0419,7.8521,7.852211791590952,12.87027789909759,0,21_191_202_7253_ego_191,0,7253,7253,7258,vehicle_vehicle,0.2628129226082215,1.6506816842905385,2.5762106823970514,13.242154781228017,15.0,3.0,3.5,0.8,7.691489381127688,27.68936177205968
21,191,7296,501,59.2691,-48.6146,268.056,2.0905,5.2067,0.1629,-7.8563,3.1693,-0.1486,7.8462,-0.4293,0.041,-3.1725,car,191,59.2691,-48.6146,0.1629,-7.8563,7.8462,-0.4293,268.056,7.8579886803176295,28.288759249143467,0.0,0.0,0.0,0.0,0.0,0.0,1,21_191_202_7253_ego_191,1,7253,7253,7258,vehicle_vehicle,0.2628129226082215,1.6506816842905385,2.5762106823970514,13.242154781228017,15.0,3.0,3.5,0.8,7.691489381127688,27.68936177205968
21,196,7296,423,64.2111,-69.9171,265.9292,1.8946,3.6036,-0.9491,-10.0644,-2.9143,-0.1994,10.1064,0.2322,0.4058,2.8928,car,191,59.2691,-48.6146,0.1629,-7.8563,7.8462,-0.4293,268.056,7.8579886803176295,28.288759249143467,4.942,-21.302500000000002,-1.112,-2.208099999999999,2.472296424379568,21.868238846555524,0,21_191_202_7253_ego_191,0,7253,7253,7258,vehicle_vehicle,0.2628129226082215,1.6506816842905385,2.5762106823970514,13.242154781228017,15.0,3.0,3.5,0.8,7.691489381127688,27.68936177205968
21,200,7296,267,64.4223,-53.01,285.3899,2.057,4.5261,2.4749,-7.3354,3.4701,1.2995,7.7292,-0.4395,-0.332,-3.6905,car,191,59.2691,-48.6146,0.1629,-7.8563,7.8462,-0.4293,268.056,7.8579886803176295,28.288759249143467,5.153200000000005,-4.395399999999995,2.312,0.5209000000000001,2.3699537569328224,6.773109433635338,0,21_191_202_7253_ego_191,0,7253,7253,7258,vehicle_vehicle,0.2628129226082215,1.6506816842905385,2.5762106823970514,13.242154781228017,15.0,3.0,3.5,0.8,7.691489381127688,27.68936177205968
21,202,7296,232,52.8016,-46.3155,337.2624,2.1047,4.8561,-0.0045,-0.0054,-0.0065,0.0205,-0.002,0.0067,-0.0139,-0.0164,car,191,59.2691,-48.6146,0.1629,-7.8563,7.8462,-0.4293,268.056,7.8579886803176295,28.288759249143467,-6.467500000000001,2.299100000000003,-0.1674,7.8509,7.852684481755269,6.863994249706217,0,21_191_202_7253_ego_191,1,7253,7253,7258,vehicle_vehicle,0.2628129226082215,1.6506816842905385,2.5762106823970514,13.242154781228017,15.0,3.0,3.5,0.8,7.691489381127688,27.68936177205968
21,203,7296,157,47.1644,-43.9182,342.1859,2.0912,4.8595,-0.0095,0.0007,-0.0171,0.0081,-0.0092,0.0022,-0.0187,-0.0025,car,191,59.2691,-48.6146,0.1629,-7.8563,7.8462,-0.4293,268.056,7.8579886803176295,28.288759249143467,-12.104700000000001,4.696400000000004,-0.1724,7.857,7.858891191510416,12.983833603755096,0,21_191_202_7253_ego_191,0,7253,7253,7258,vehicle_vehicle,0.2628129226082215,1.6506816842905385,2.5762106823970514,13.242154781228017,15.0,3.0,3.5,0.8,7.691489381127688,27.68936177205968
21,191,7297,502,59.2777,-48.9294,269.1056,2.0905,5.2067,0.2919,-7.8591,3.1529,-0.1204,7.8536,-0.4145,0.0712,-3.1544,car,191,59.2777,-48.9294,0.2919,-7.8591,7.8536,-0.4145,269.1056,7.86451895668133,28.312268244052788,0.0,0.0,0.0,0.0,0.0,0.0,1,21_191_202_7253_ego_191,1,7253,7253,7258,vehicle_vehicle,0.2628129226082215,1.6506816842905385,2.5762106823970514,13.242154781228017,15.0,3.0,3.5,0.8,7.691489381127688,27.68936177205968
21,196,7297,424,64.1706,-70.32,265.2347,1.8946,3.6036,-1.0713,-10.0705,-2.9492,-0.1817,10.1247,0.231,0.426,2.9239,car,191,59.2777,-48.9294,0.2919,-7.8591,7.8536,-0.4145,269.1056,7.86451895668133,28.312268244052788,4.89289999999999,-21.390599999999992,-1.3632,-2.2113999999999994,2.5978075756298806,21.94306812572024,0,21_191_202_7253_ego_191,0,7253,7253,7258,vehicle_vehicle,0.2628129226082215,1.6506816842905385,2.5762106823970514,13.242154781228017,15.0,3.0,3.5,0.8,7.691489381127688,27.68936177205968
21,200,7297,268,64.5227,-53.3035,286.5102,2.057,4.5261,2.6156,-7.2834,3.4505,1.3733,7.7264,-0.4379,-0.3361,-3.6985,car,191,59.2777,-48.9294,0.2919,-7.8591,7.8536,-0.4145,269.1056,7.86451895668133,28.312268244052788,5.244999999999997,-4.3740999999999985,2.3237,0.5756999999999994,2.393953253511856,6.829551655123487,0,21_191_202_7253_ego_191,0,7253,7253,7258,vehicle_vehicle,0.2628129226082215,1.6506816842905385,2.5762106823970514,13.242154781228017,15.0,3.0,3.5,0.8,7.691489381127688,27.68936177205968
21,202,7297,233,52.8014,-46.3159,337.2635,2.1047,4.8561,-0.005,-0.0042,-0.005,0.0225,-0.003,0.0058,-0.0133,-0.0188,car,191,59.2777,-48.9294,0.2919,-7.8591,7.8536,-0.4145,269.1056,7.86451895668133,28.312268244052788,-6.476300000000002,2.613500000000002,-0.2969,7.8549,7.860509119643587,6.983755718809188,0,21_191_202_7253_ego_191,1,7253,7253,7258,vehicle_vehicle,0.2628129226082215,1.6506816842905385,2.5762106823970514,13.242154781228017,15.0,3.0,3.5,0.8,7.691489381127688,27.68936177205968
21,203,7297,158,47.1631,-43.918,342.1717,2.0912,4.8595,-0.0101,0.0012,-0.015,0.0083,-0.01,0.0019,-0.0168,-0.0033,car,191,59.2777,-48.9294,0.2919,-7.8591,7.8536,-0.4145,269.1056,7.86451895668133,28.312268244052788,-12.114600000000003,5.011400000000002,-0.302,7.8603,7.866099420297203,13.110212169145093,0,21_191_202_7253_ego_191,0,7253,7253,7258,vehicle_vehicle,0.2628129226082215,1.6506816842905385,2.5762106823970514,13.242154781228017,15.0,3.0,3.5,0.8,7.691489381127688,27.68936177205968
21,191,7298,503,59.2906,-49.2445,270.1578,2.0905,5.2067,0.4207,-7.8605,3.1341,-0.0956,7.8617,-0.3991,0.1042,-3.1338,car,191,59.2906,-49.2445,0.4207,-7.8605,7.8617,-0.3991,270.1578,7.871750043033633,28.33830015492108,0.0,0.0,0.0,0.0,0.0,0.0,1,21_191_202_7253_ego_191,1,7253,7253,7258,vehicle_vehicle,0.2628129226082215,1.6506816842905385,2.5762106823970514,13.242154781228017,15.0,3.0,3.5,0.8,7.691489381127688,27.68936177205968
21,196,7298,425,64.1252,-70.7234,264.5406,1.8946,3.6036,-1.1948,-10.0758,-2.9784,-0.1658,10.1438,0.2307,0.4484,2.9491,car,191,59.2906,-49.2445,0.4207,-7.8605,7.8617,-0.3991,270.1578,7.871750043033633,28.33830015492108,4.834600000000009,-21.478899999999996,-1.6155000000000002,-2.215299999999999,2.741786705781468,22.01627812256195,0,21_191_202_7253_ego_191,0,7253,7253,7258,vehicle_vehicle,0.2628129226082215,1.6506816842905385,2.5762106823970514,13.242154781228017,15.0,3.0,3.5,0.8,7.691489381127688,27.68936177205968
21,200,7298,269,64.6287,-53.5951,287.6505,2.057,4.5261,2.756,-7.2279,3.4289,1.4468,7.7233,-0.4347,-0.339,-3.7062,car,191,59.2906,-49.2445,0.4207,-7.8605,7.8617,-0.3991,270.1578,7.871750043033633,28.33830015492108,5.338099999999997,-4.3506,2.3352999999999997,0.6326,2.4194645791992904,6.886438264444108,0,21_191_202_7253_ego_191,0,7253,7253,7258,vehicle_vehicle,0.2628129226082215,1.6506816842905385,2.5762106823970514,13.242154781228017,15.0,3.0,3.5,0.8,7.691489381127688,27.68936177205968
21,202,7298,234,52.801,-46.3164,337.2669,2.1047,4.8561,-0.0055,-0.0028,-0.0031,0.024,-0.004,0.0047,-0.0121,-0.021,car,191,59.2906,-49.2445,0.4207,-7.8605,7.8617,-0.3991,270.1578,7.871750043033633,28.33830015492108,-6.489599999999996,2.9281000000000006,-0.4262,7.8577,7.869250010642692,7.119598146665298,0,21_191_202_7253_ego_191,1,7253,7253,7258,vehicle_vehicle,0.2628129226082215,1.6506816842905385,2.5762106823970514,13.242154781228017,15.0,3.0,3.5,0.8,7.691489381127688,27.68936177205968
21,203,7298,159,47.162,-43.9178,342.1661,2.0912,4.8595,-0.0103,0.0017,-0.0131,0.0082,-0.0104,0.0015,-0.015,-0.0038,car,191,59.2906,-49.2445,0.4207,-7.8605,7.8617,-0.3991,270.1578,7.871750043033633,28.33830015492108,-12.128599999999999,5.326700000000002,-0.431,7.8622,7.8740046888479815,13.246760768202918,0,21_191_202_7253_ego_191,0,7253,7253,7258,vehicle_vehicle,0.2628129226082215,1.6506816842905385,2.5762106823970514,13.242154781228017,15.0,3.0,3.5,0.8,7.691489381127688,27.68936177205968
21,191,7299,504,59.3081,-49.5597,271.2231,2.0905,5.2067,0.5496,-7.8607,3.1121,-0.0743,7.8706,-0.3817,0.1407,-3.1098,car,191,59.3081,-49.5597,0.5496,-7.8607,7.8706,-0.3817,271.2231,7.879889888190062,28.367603597484226,0.0,0.0,0.0,0.0,0.0,0.0,1,21_191_202_7253_ego_191,1,7253,7253,7258,vehicle_vehicle,0.2628129226082215,1.6506816842905385,2.5762106823970514,13.242154781228017,15.0,3.0,3.5,0.8,7.691489381127688,27.68936177205968
21,196,7299,426,64.0748,-71.1269,263.8401,1.8946,3.6036,-1.3193,-10.0803,-3.0022,-0.1519,10.1637,0.23,0.4732,2.9686,car,191,59.3081,-49.5597,0.5496,-7.8607,7.8706,-0.3817,271.2231,7.879889888190062,28.367603597484226,4.766699999999993,-21.567200000000007,-1.8689,-2.2196,2.901622196289517,22.087678572679387,0,21_191_202_7253_ego_191,0,7253,7253,7258,vehicle_vehicle,0.2628129226082215,1.6506816842905385,2.5762106823970514,13.242154781228017,15.0,3.0,3.5,0.8,7.691489381127688,27.68936177205968
21,200,7299,270,64.7403,-53.8843,288.8423,2.057,4.5261,2.8961,-7.169,3.4046,1.5196,7.7201,-0.4255,-0.3386,-3.7129,car,191,59.3081,-49.5597,0.5496,-7.8607,7.8706,-0.3817,271.2231,7.879889888190062,28.367603597484226,5.432200000000002,-4.324600000000004,2.3465000000000003,0.6917,2.4463260494055166,6.943411409386603,0,21_191_202_7253_ego_191,0,7253,7253,7258,vehicle_vehicle,0.2628129226082215,1.6506816842905385,2.5762106823970514,13.242154781228017,15.0,3.0,3.5,0.8,7.691489381127688,27.68936177205968
21,202,7299,235,52.8006,-46.317,337.272,2.1047,4.8561,-0.0058,-0.0012,-0.001,0.025,-0.0049,0.0033,-0.0106,-0.0227,car,191,59.3081,-49.5597,0.5496,-7.8607,7.8706,-0.3817,271.2231,7.879889888190062,28.367603597484226,-6.5075,3.2426999999999992,-0.5554,7.8595,7.879099530403204,7.270671189099394,0,21_191_202_7253_ego_191,1,7253,7253,7258,vehicle_vehicle,0.2628129226082215,1.6506816842905385,2.5762106823970514,13.242154781228017,15.0,3.0,3.5,0.8,7.691489381127688,27.68936177205968
21,203,7299,160,47.1612,-43.9176,342.1688,2.0912,4.8595,-0.0103,0.0022,-0.0116,0.0081,-0.0105,0.0011,-0.0135,-0.0041,car,191,59.3081,-49.5597,0.5496,-7.8607,7.8706,-0.3817,271.2231,7.879889888190062,28.367603597484226,-12.146900000000002,5.642099999999999,-0.5599,7.8629,7.882809424310599,13.39329951953588,0,21_191_202_7253_ego_191,0,7253,7253,7258,vehicle_vehicle,0.2628129226082215,1.6506816842905385,2.5762106823970514,13.242154781228017,15.0,3.0,3.5,0.8,7.691489381127688,27.68936177205968
21,191,7300,505,59.3303,-49.875,272.3143,2.0905,5.2067,0.6785,-7.8596,3.0862,-0.0568,7.8806,-0.3605,0.1813,-3.0814,car,191,59.3303,-49.875,0.6785,-7.8596,7.8806,-0.3605,272.3143,7.888832258959497,28.399796132254192,0.0,0.0,0.0,0.0,0.0,0.0,1,21_191_202_7253_ego_191,1,7253,7253,7258,vehicle_vehicle,0.2628129226082215,1.6506816842905385,2.5762106823970514,13.242154781228017,15.0,3.0,3.5,0.8,7.691489381127688,27.68936177205968
21,196,7300,427,64.019,-71.5303,263.1355,1.8946,3.6036,-1.4446,-10.0843,-3.0207,-0.1403,10.1846,0.2289,0.5003,2.9823,car,191,59.3303,-49.875,0.6785,-7.8596,7.8806,-0.3605,272.3143,7.888832258959497,28.399796132254192,4.688700000000004,-21.655299999999997,-2.1231,-2.2247000000000003,3.075198156216929,22.157073944453945,0,21_191_202_7253_ego_191,0,7253,7253,7258,vehicle_vehicle,0.2628129226082215,1.6506816842905385,2.5762106823970514,13.242154781228017,15.0,3.0,3.5,0.8,7.691489381127688,27.68936177205968
21,200,7300,271,64.8575,-54.1709,290.0373,2.057,4.5261,3.0357,-7.1067,3.377,1.591,7.7167,-0.417,-0.3376,-3.7178,car,191,59.3303,-49.875,0.6785,-7.8596,7.8806,-0.3605,272.3143,7.888832258959497,28.399796132254192,5.527200000000001,-4.295900000000003,2.3571999999999997,0.7529000000000003,2.474520206019745,7.000335466961568,0,21_191_202_7253_ego_191,0,7253,7253,7258,vehicle_vehicle,0.2628129226082215,1.6506816842905385,2.5762106823970514,13.242154781228017,15.0,3.0,3.5,0.8,7.691489381127688,27.68936177205968
21,202,7300,236,52.8001,-46.3173,337.277,2.1047,4.8561,-0.006,0.0006,0.0013,0.0252,-0.0058,0.0017,-0.0086,-0.0238,car,191,59.3303,-49.875,0.6785,-7.8596,7.8806,-0.3605,272.3143,7.888832258959497,28.399796132254192,-6.530200000000001,3.557699999999997,-0.6845,7.860200000000001,7.88994830718174,7.436446821567407,0,21_191_202_7253_ego_191,1,7253,7253,7258,vehicle_vehicle,0.2628129226082215,1.6506816842905385,2.5762106823970514,13.242154781228017,15.0,3.0,3.5,0.8,7.691489381127688,27.68936177205968
21,203,7300,161,47.1605,-43.9175,342.1698,2.0912,4.8595,-0.0102,0.0026,-0.0107,0.0078,-0.0105,0.0006,-0.0126,-0.0042,car,191,59.3303,-49.875,0.6785,-7.8596,7.8806,-0.3605,272.3143,7.888832258959497,28.399796132254192,-12.169800000000002,5.957500000000003,-0.6887,7.8622000000000005,7.892306160432451,13.549754178212979,0,21_191_202_7253_ego_191,0,7253,7253,7258,vehicle_vehicle,0.2628129226082215,1.6506816842905385,2.5762106823970514,13.242154781228017,15.0,3.0,3.5,0.8,7.691489381127688,27.68936177205968
21,191,7301,506,59.3567,-50.1902,273.4333,2.0905,5.2067,0.8076,-7.8576,3.0553,-0.0434,7.8919,-0.3356,0.2263,-3.0472,car,191,59.3567,-50.1902,0.8076,-7.8576,7.8919,-0.3356,273.4333,7.898993323202647,28.436375963529528,0.0,0.0,0.0,0.0,0.0,0.0,1,21_191_202_7253_ego_191,1,7253,7253,7258,vehicle_vehicle,0.2628129226082215,1.6506816842905385,2.5762106823970514,13.242154781228017,15.0,3.0,3.5,0.8,7.691489381127688,27.68936177205968
21,196,7301,428,63.9578,-71.9337,262.4145,1.8946,3.6036,-1.5702,-10.0878,-3.0342,-0.1307,10.2068,0.2248,0.5301,2.9904,car,191,59.3567,-50.1902,0.8076,-7.8576,7.8919,-0.3356,273.4333,7.898993323202647,28.436375963529528,4.601100000000002,-21.743500000000004,-2.3778,-2.2302,3.260019153317968,22.224983992345198,0,21_191_202_7253_ego_191,0,7253,7253,7258,vehicle_vehicle,0.2628129226082215,1.6506816842905385,2.5762106823970514,13.242154781228017,15.0,3.0,3.5,0.8,7.691489381127688,27.68936177205968
21,200,7301,272,64.9805,-54.4554,291.2454,2.057,4.5261,3.1748,-7.041,3.3458,1.6607,7.7129,-0.4076,-0.3355,-3.7202,car,191,59.3567,-50.1902,0.8076,-7.8576,7.8919,-0.3356,273.4333,7.898993323202647,28.436375963529528,5.62380000000001,-4.2652,2.3672,0.8165999999999993,2.504090932853677,7.058261647176315,0,21_191_202_7253_ego_191,0,7253,7253,7258,vehicle_vehicle,0.2628129226082215,1.6506816842905385,2.5762106823970514,13.242154781228017,15.0,3.0,3.5,0.8,7.691489381127688,27.68936177205968
21,202,7301,237,52.7999,-46.3171,337.2835,2.1047,4.8561,-0.006,0.0024,0.0036,0.0247,-0.0065,0.0001,-0.0062,-0.0242,car,191,59.3567,-50.1902,0.8076,-7.8576,7.8919,-0.3356,273.4333,7.898993323202647,28.436375963529528,-6.5567999999999955,3.8730999999999938,-0.8136,7.859999999999999,7.901996264236018,7.615282650696551,0,21_191_202_7253_ego_191,1,7253,7253,7258,vehicle_vehicle,0.2628129226082215,1.6506816842905385,2.5762106823970514,13.242154781228017,15.0,3.0,3.5,0.8,7.691489381127688,27.68936177205968
21,203,7301,162,47.1606,-43.9175,342.1697,2.0912,4.8595,-0.0102,0.0031,-0.0103,0.0074,-0.0107,0.0002,-0.0121,-0.0039,car,191,59.3567,-50.1902,0.8076,-7.8576,7.8919,-0.3356,273.4333,7.898993323202647,28.436375963529528,-12.196099999999994,6.2727,-0.8178,7.8607,7.903126047963552,13.714649849704507,0,21_191_202_7253_ego_191,0,7253,7253,7258,vehicle_vehicle,0.2628129226082215,1.6506816842905385,2.5762106823970514,13.242154781228017,15.0,3.0,3.5,0.8,7.691489381127688,27.68936177205968
21,191,7302,507,59.3892,-50.5048,274.5497,2.0905,5.2067,0.9364,-7.855,3.0182,-0.0344,7.9045,-0.3104,0.2737,-3.006,car,191,59.3892,-50.5048,0.9364,-7.855,7.9045,-0.3104,274.5497,7.910617546057956,28.478223165808643,0.0,0.0,0.0,0.0,0.0,0.0,1,21_191_202_7253_ego_191,1,7253,7253,7258,vehicle_vehicle,0.2628129226082215,1.6506816842905385,2.5762106823970514,13.242154781228017,15.0,3.0,3.5,0.8,7.691489381127688,27.68936177205968
21,196,7302,429,63.8908,-72.3373,261.6656,1.8946,3.6036,-1.6956,-10.0909,-3.0433,-0.1232,10.2301,0.215,0.5631,2.9933,car,191,59.3892,-50.5048,0.9364,-7.855,7.9045,-0.3104,274.5497,7.910617546057956,28.478223165808643,4.501599999999996,-21.832499999999996,-2.632,-2.235899999999999,3.453501528883402,22.29175764290469,0,21_191_202_7253_ego_191,0,7253,7253,7258,vehicle_vehicle,0.2628129226082215,1.6506816842905385,2.5762106823970514,13.242154781228017,15.0,3.0,3.5,0.8,7.691489381127688,27.68936177205968
21,200,7302,273,65.1096,-54.7374,292.4388,2.057,4.5261,3.3127,-6.9718,3.3105,1.728,7.7084,-0.4008,-0.3335,-3.7195,car,191,59.3892,-50.5048,0.9364,-7.855,7.9045,-0.3104,274.5497,7.910617546057956,28.478223165808643,5.720399999999998,-4.232599999999998,2.3763,0.8832000000000004,2.5351220739838154,7.116029716070609,0,21_191_202_7253_ego_191,0,7253,7253,7258,vehicle_vehicle,0.2628129226082215,1.6506816842905385,2.5762106823970514,13.242154781228017,15.0,3.0,3.5,0.8,7.691489381127688,27.68936177205968
21,202,7302,238,52.7996,-46.317,337.2866,2.1047,4.8561,-0.006,0.0041,0.006,0.0234,-0.0071,-0.0015,-0.0035,-0.0239,car,191,59.3892,-50.5048,0.9364,-7.855,7.9045,-0.3104,274.5497,7.910617546057956,28.478223165808643,-6.589600000000004,4.187800000000003,-0.9424,7.859100000000001,7.915400847082857,7.807720345914042,0,21_191_202_7253_ego_191,1,7253,7253,7258,vehicle_vehicle,0.2628129226082215,1.6506816842905385,2.5762106823970514,13.242154781228017,15.0,3.0,3.5,0.8,7.691489381127688,27.68936177205968
21,203,7302,163,47.1613,-43.9177,342.171,2.0912,4.8595,-0.0107,0.0036,-0.01,0.0068,-0.0113,-0.0002,-0.0116,-0.0034,car,191,59.3892,-50.5048,0.9364,-7.855,7.9045,-0.3104,274.5497,7.910617546057956,28.478223165808643,-12.227900000000005,6.5870999999999995,-0.9471,7.8586,7.915465391876841,13.88925573311976,0,21_191_202_7253_ego_191,0,7253,7253,7258,vehicle_vehicle,0.2628129226082215,1.6506816842905385,2.5762106823970514,13.242154781228017,15.0,3.0,3.5,0.8,7.691489381127688,27.68936177205968
21,191,7303,508,59.428,-50.8186,275.6276,2.0905,5.2067,1.0642,-7.8521,2.9743,-0.0297,7.9186,-0.289,0.3212,-2.9571,car,191,59.428,-50.8186,1.0642,-7.8521,7.9186,-0.289,275.6276,7.923887685347389,28.5259956672506,0.0,0.0,0.0,0.0,0.0,0.0,1,21_191_202_7253_ego_191,1,7253,7253,7258,vehicle_vehicle,0.2628129226082215,1.6506816842905385,2.5762106823970514,13.242154781228017,15.0,3.0,3.5,0.8,7.691489381127688,27.68936177205968
21,196,7303,430,63.8177,-72.7405,260.9256,1.8946,3.6036,-1.8203,-10.0939,-3.0489,-0.1178,10.2547,0.2055,0.5972,2.9922,car,191,59.428,-50.8186,1.0642,-7.8521,7.9186,-0.289,275.6276,7.923887685347389,28.5259956672506,4.389700000000005,-21.921899999999994,-2.8845,-2.2417999999999996,3.6532187848526125,22.357083121462864,0,21_191_202_7253_ego_191,0,7253,7253,7258,vehicle_vehicle,0.2628129226082215,1.6506816842905385,2.5762106823970514,13.242154781228017,15.0,3.0,3.5,0.8,7.691489381127688,27.68936177205968
21,200,7303,274,65.2443,-55.0168,293.6116,2.057,4.5261,3.4495,-6.8992,3.271,1.7921,7.7032,-0.3974,-0.3319,-3.715,car,191,59.428,-50.8186,1.0642,-7.8521,7.9186,-0.289,275.6276,7.923887685347389,28.5259956672506,5.816299999999998,-4.1982,2.3853,0.9528999999999996,2.568593876034123,7.173160316764152,0,21_191_202_7253_ego_191,0,7253,7253,7258,vehicle_vehicle,0.2628129226082215,1.6506816842905385,2.5762106823970514,13.242154781228017,15.0,3.0,3.5,0.8,7.691489381127688,27.68936177205968
21,202,7303,239,52.7997,-46.3166,337.2917,2.1047,4.8561,-0.0059,0.0057,0.0086,0.0214,-0.0077,-0.003,-0.0003,-0.0231,car,191,59.428,-50.8186,1.0642,-7.8521,7.9186,-0.289,275.6276,7.923887685347389,28.5259956672506,-6.628299999999996,4.5020000000000024,-1.0701,7.8578,7.930330059335488,8.01263782346363,0,21_191_202_7253_ego_191,1,7253,7253,7258,vehicle_vehicle,0.2628129226082215,1.6506816842905385,2.5762106823970514,13.242154781228017,15.0,3.0,3.5,0.8,7.691489381127688,27.68936177205968
21,203,7303,164,47.1623,-43.9179,342.1736,2.0912,4.8595,-0.0117,0.0043,-0.0095,0.0059,-0.0125,-0.0005,-0.0108,-0.0027,car,191,59.428,-50.8186,1.0642,-7.8521,7.9186,-0.289,275.6276,7.923887685347389,28.5259956672506,-12.265699999999995,6.9007000000000005,-1.0759,7.8564,7.929727723572859,14.073629843789409,0,21_191_202_7253_ego_191,0,7253,7253,7258,vehicle_vehicle,0.2628129226082215,1.6506816842905385,2.5762106823970514,13.242154781228017,15.0,3.0,3.5,0.8,7.691489381127688,27.68936177205968
21,191,7304,509,59.4747,-51.132,276.6799,2.0905,5.2067,1.1894,-7.8494,2.9238,-0.0291,7.9345,-0.2683,0.369,-2.9006,car,191,59.4747,-51.132,1.1894,-7.8494,7.9345,-0.2683,276.6799,7.93900199773246,28.58040719183686,0.0,0.0,0.0,0.0,0.0,0.0,1,21_191_202_7253_ego_191,1,7253,7253,7258,vehicle_vehicle,0.2628129226082215,1.6506816842905385,2.5762106823970514,13.242154781228017,15.0,3.0,3.5,0.8,7.691489381127688,27.68936177205968
21,196,7304,431,63.7387,-73.1439,260.2287,1.8946,3.6036,-1.9437,-10.0969,-3.0523,-0.1141,10.2803,0.2019,0.6305,2.9886,car,191,59.4747,-51.132,1.1894,-7.8494,7.9345,-0.2683,276.6799,7.93900199773246,28.58040719183686,4.264000000000003,-22.011900000000004,-3.1330999999999998,-2.2474999999999996,3.855849045281726,22.421093586397614,0,21_191_202_7253_ego_191,0,7253,7253,7258,vehicle_vehicle,0.2628129226082215,1.6506816842905385,2.5762106823970514,13.242154781228017,15.0,3.0,3.5,0.8,7.691489381127688,27.68936177205968
21,200,7304,275,65.3849,-55.2933,294.7662,2.057,4.5261,3.5847,-6.8232,3.2272,1.8524,7.6973,-0.3967,-0.3301,-3.7063,car,191,59.4747,-51.132,1.1894,-7.8494,7.9345,-0.2683,276.6799,7.93900199773246,28.58040719183686,5.910200000000003,-4.161300000000004,2.3953,1.0262000000000002,2.605868095280343,7.228200448936102,0,21_191_202_7253_ego_191,0,7253,7253,7258,vehicle_vehicle,0.2628129226082215,1.6506816842905385,2.5762106823970514,13.242154781228017,15.0,3.0,3.5,0.8,7.691489381127688,27.68936177205968
21,202,7304,240,52.7997,-46.3166,337.2899,2.1047,4.8561,-0.0058,0.0073,0.0114,0.0187,-0.0082,-0.0045,0.0033,-0.0217,car,191,59.4747,-51.132,1.1894,-7.8494,7.9345,-0.2683,276.6799,7.93900199773246,28.58040719183686,-6.674999999999997,4.815399999999997,-1.1952,7.8567,7.947089903228728,8.230656241151124,0,21_191_202_7253_ego_191,1,7253,7253,7258,vehicle_vehicle,0.2628129226082215,1.6506816842905385,2.5762106823970514,13.242154781228017,15.0,3.0,3.5,0.8,7.691489381127688,27.68936177205968
21,203,7304,165,47.1629,-43.9179,342.1741,2.0912,4.8595,-0.0132,0.005,-0.008,0.0045,-0.0141,-0.0008,-0.009,-0.0018,car,191,59.4747,-51.132,1.1894,-7.8494,7.9345,-0.2683,276.6799,7.93900199773246,28.58040719183686,-12.311799999999998,7.214099999999995,-1.2026000000000001,7.8544,7.945932677791827,14.269676171868788,0,21_191_202_7253_ego_191,0,7253,7253,7258,vehicle_vehicle,0.2628129226082215,1.6506816842905385,2.5762106823970514,13.242154781228017,15.0,3.0,3.5,0.8,7.691489381127688,27.68936177205968
21,191,7305,510,59.5271,-51.4447,277.7132,2.0905,5.2067,1.3117,-7.8471,2.8675,-0.0322,7.9522,-0.2466,0.4167,-2.8372,car,191,59.5271,-51.4447,1.3117,-7.8471,7.9522,-0.2466,277.7132,7.955974817707759,28.64150934374793,0.0,0.0,0.0,0.0,0.0,0.0,1,21_191_202_7253_ego_191,1,7253,7253,7258,vehicle_vehicle,0.2628129226082215,1.6506816842905385,2.5762106823970514,13.242154781228017,15.0,3.0,3.5,0.8,7.691489381127688,27.68936177205968
21,196,7305,432,63.6579,-73.5469,259.5597,1.8946,3.6036,-2.0669,-10.1001,-3.0544,-0.112,10.3075,0.2025,0.6636,2.9835,car,191,59.5271,-51.4447,1.3117,-7.8471,7.9522,-0.2466,277.7132,7.955974817707759,28.64150934374793,4.130800000000001,-22.102199999999996,-3.3786,-2.2529999999999992,4.060904697231886,22.484900566380094,0,21_191_202_7253_ego_191,0,7253,7253,7258,vehicle_vehicle,0.2628129226082215,1.6506816842905385,2.5762106823970514,13.242154781228017,15.0,3.0,3.5,0.8,7.691489381127688,27.68936177205968
21,200,7305,276,65.5313,-55.5663,295.9198,2.057,4.5261,3.718,-6.7442,3.179,1.908,7.6909,-0.396,-0.3265,-3.6932,car,191,59.5271,-51.4447,1.3117,-7.8471,7.9522,-0.2466,277.7132,7.955974817707759,28.64150934374793,6.004200000000004,-4.121600000000001,2.4063,1.1029,2.6470111635578717,7.282719560713571,0,21_191_202_7253_ego_191,0,7253,7253,7258,vehicle_vehicle,0.2628129226082215,1.6506816842905385,2.5762106823970514,13.242154781228017,15.0,3.0,3.5,0.8,7.691489381127688,27.68936177205968
21,202,7305,241,52.7994,-46.3161,337.2929,2.1047,4.8561,-0.0057,0.0088,0.0145,0.0153,-0.0086,-0.0059,0.0075,-0.0197,car,191,59.5271,-51.4447,1.3117,-7.8471,7.9522,-0.2466,277.7132,7.955974817707759,28.64150934374793,-6.727699999999999,5.128599999999999,-1.3174000000000001,7.8559,7.965595242667054,8.459579496050614,0,21_191_202_7253_ego_191,1,7253,7253,7258,vehicle_vehicle,0.2628129226082215,1.6506816842905385,2.5762106823970514,13.242154781228017,15.0,3.0,3.5,0.8,7.691489381127688,27.68936177205968
21,203,7305,166,47.1627,-43.9176,342.1834,2.0912,4.8595,-0.0147,0.0057,-0.0055,0.0026,-0.0157,-0.0009,-0.006,-0.0008,car,191,59.5271,-51.4447,1.3117,-7.8471,7.9522,-0.2466,277.7132,7.955974817707759,28.64150934374793,-12.364399999999996,7.527099999999997,-1.3264,7.8528,7.964031943682798,14.47534530745294,0,21_191_202_7253_ego_191,0,7253,7253,7258,vehicle_vehicle,0.2628129226082215,1.6506816842905385,2.5762106823970514,13.242154781228017,15.0,3.0,3.5,0.8,7.691489381127688,27.68936177205968
21,191,7306,511,59.5812,-51.7571,278.7269,2.0905,5.2067,1.432,-7.8456,2.8057,-0.0384,7.972,-0.225,0.4636,-2.7674,car,191,59.5812,-51.7571,1.432,-7.8456,7.972,-0.225,278.7269,7.975215568246416,28.710776045687098,0.0,0.0,0.0,0.0,0.0,0.0,1,21_191_202_7253_ego_191,1,7253,7253,7258,vehicle_vehicle,0.2628129226082215,1.6506816842905385,2.5762106823970514,13.242154781228017,15.0,3.0,3.5,0.8,7.691489381127688,27.68936177205968
21,196,7306,433,63.5703,-73.9498,258.9431,1.8946,3.6036,-2.1893,-10.1037,-3.0558,-0.111,10.3361,0.2109,0.695,2.9778,car,191,59.5812,-51.7571,1.432,-7.8456,7.972,-0.225,278.7269,7.975215568246416,28.710776045687098,3.9891000000000005,-22.192699999999995,-3.6212999999999997,-2.2580999999999998,4.267649153808217,22.548366949737176,0,21_191_202_7253_ego_191,0,7253,7253,7258,vehicle_vehicle,0.2628129226082215,1.6506816842905385,2.5762106823970514,13.242154781228017,15.0,3.0,3.5,0.8,7.691489381127688,27.68936177205968
21,200,7306,277,65.6833,-55.8353,297.0642,2.057,4.5261,3.849,-6.6626,3.1269,1.9585,7.6843,-0.3961,-0.3214,-3.6756,car,191,59.5812,-51.7571,1.432,-7.8456,7.972,-0.225,278.7269,7.975215568246416,28.710776045687098,6.1021,-4.078199999999995,2.4170000000000003,1.1829999999999998,2.6909808620649835,7.3394372842882145,0,21_191_202_7253_ego_191,0,7253,7253,7258,vehicle_vehicle,0.2628129226082215,1.6506816842905385,2.5762106823970514,13.242154781228017,15.0,3.0,3.5,0.8,7.691489381127688,27.68936177205968
21,202,7306,242,52.7988,-46.3155,337.3021,2.1047,4.8561,-0.0052,0.0099,0.0178,0.0113,-0.0086,-0.0072,0.0121,-0.0173,car,191,59.5812,-51.7571,1.432,-7.8456,7.972,-0.225,278.7269,7.975215568246416,28.710776045687098,-6.782400000000003,5.441600000000001,-1.4372,7.8555,7.985889060712026,8.69551380425562,0,21_191_202_7253_ego_191,1,7253,7253,7258,vehicle_vehicle,0.2628129226082215,1.6506816842905385,2.5762106823970514,13.242154781228017,15.0,3.0,3.5,0.8,7.691489381127688,27.68936177205968
21,203,7306,167,47.162,-43.9173,342.2005,2.0912,4.8595,-0.0161,0.0062,-0.0017,0.0003,-0.0172,-0.001,-0.0018,0.0002,car,191,59.5812,-51.7571,1.432,-7.8456,7.972,-0.225,278.7269,7.975215568246416,28.710776045687098,-12.419200000000004,7.839800000000004,-1.4481,7.8518,7.984219238598098,14.686694409566782,0,21_191_202_7253_ego_191,0,7253,7253,7258,vehicle_vehicle,0.2628129226082215,1.6506816842905385,2.5762106823970514,13.242154781228017,15.0,3.0,3.5,0.8,7.691489381127688,27.68936177205968
21,191,7307,512,59.6398,-52.0698,279.7153,2.0905,5.2067,1.5501,-7.8447,2.7382,-0.0472,7.9938,-0.2041,0.5086,-2.6909,car,191,59.6398,-52.0698,1.5501,-7.8447,7.9938,-0.2041,279.7153,7.996382188214868,28.786975877573525,0.0,0.0,0.0,0.0,0.0,0.0,1,21_191_202_7253_ego_191,1,7253,7253,7258,vehicle_vehicle,0.2628129226082215,1.6506816842905385,2.5762106823970514,13.242154781228017,15.0,3.0,3.5,0.8,7.691489381127688,27.68936177205968
21,196,7307,434,63.4767,-74.3532,258.3464,1.8946,3.6036,-2.3103,-10.1077,-3.0578,-0.1107,10.366,0.221,0.7261,2.9724,car,191,59.6398,-52.0698,1.5501,-7.8447,7.9938,-0.2041,279.7153,7.996382188214868,28.786975877573525,3.8369,-22.2834,-3.8604,-2.263,4.474802471618161,22.611318342148916,0,21_191_202_7253_ego_191,0,7253,7253,7258,vehicle_vehicle,0.2628129226082215,1.6506816842905385,2.5762106823970514,13.242154781228017,15.0,3.0,3.5,0.8,7.691489381127688,27.68936177205968
21,200,7307,278,65.8411,-56.1003,298.1858,2.057,4.5261,3.9774,-6.5791,3.0711,2.0038,7.6776,-0.3983,-0.3156,-3.6534,car,191,59.6398,-52.0698,1.5501,-7.8447,7.9938,-0.2041,279.7153,7.996382188214868,28.786975877573525,6.201299999999996,-4.030499999999996,2.4273,1.2655999999999992,2.737431031094664,7.3960159504965866,0,21_191_202_7253_ego_191,0,7253,7253,7258,vehicle_vehicle,0.2628129226082215,1.6506816842905385,2.5762106823970514,13.242154781228017,15.0,3.0,3.5,0.8,7.691489381127688,27.68936177205968
21,202,7307,243,52.7984,-46.315,337.3029,2.1047,4.8561,-0.0045,0.0109,0.0212,0.0067,-0.0084,-0.0083,0.017,-0.0143,car,191,59.6398,-52.0698,1.5501,-7.8447,7.9938,-0.2041,279.7153,7.996382188214868,28.786975877573525,-6.8414,5.754800000000003,-1.5546,7.8556,8.0079480842473,8.93993719217311,0,21_191_202_7253_ego_191,1,7253,7253,7258,vehicle_vehicle,0.2628129226082215,1.6506816842905385,2.5762106823970514,13.242154781228017,15.0,3.0,3.5,0.8,7.691489381127688,27.68936177205968
21,203,7307,168,47.161,-43.9169,342.2153,2.0912,4.8595,-0.0171,0.0066,0.0031,-0.0024,-0.0183,-0.001,0.0036,0.0013,car,191,59.6398,-52.0698,1.5501,-7.8447,7.9938,-0.2041,279.7153,7.996382188214868,28.786975877573525,-12.4788,8.152900000000002,-1.5672,7.851299999999999,8.006186828322207,14.906046687502359,0,21_191_202_7253_ego_191,0,7253,7253,7258,vehicle_vehicle,0.2628129226082215,1.6506816842905385,2.5762106823970514,13.242154781228017,15.0,3.0,3.5,0.8,7.691489381127688,27.68936177205968
21,191,7308,513,59.7026,-52.3826,280.6512,2.0905,5.2067,1.6662,-7.8447,2.6644,-0.0582,8.0175,-0.1875,0.5496,-2.6077,car,191,59.7026,-52.3826,1.6662,-7.8447,8.0175,-0.1875,280.6512,8.019697034801252,28.870909325284508,0.0,0.0,0.0,0.0,0.0,0.0,1,21_191_202_7253_ego_191,1,7253,7253,7258,vehicle_vehicle,0.2628129226082215,1.6506816842905385,2.5762106823970514,13.242154781228017,15.0,3.0,3.5,0.8,7.691489381127688,27.68936177205968
21,196,7308,435,63.3818,-74.7566,257.7747,1.8946,3.6036,-2.4314,-10.112,-3.0609,-0.1107,10.3975,0.2349,0.7563,2.9681,car,191,59.7026,-52.3826,1.6662,-7.8447,8.0175,-0.1875,280.6512,8.019697034801252,28.870909325284508,3.6792000000000016,-22.37400000000001,-4.0976,-2.2673000000000005,4.683051894865143,22.67448761582057,0,21_191_202_7253_ego_191,0,7253,7253,7258,vehicle_vehicle,0.2628129226082215,1.6506816842905385,2.5762106823970514,13.242154781228017,15.0,3.0,3.5,0.8,7.691489381127688,27.68936177205968
21,200,7308,279,66.0043,-56.3618,299.2874,2.057,4.5261,4.1029,-6.4937,3.0123,2.0439,7.6707,-0.4018,-0.309,-3.6272,car,191,59.7026,-52.3826,1.6662,-7.8447,8.0175,-0.1875,280.6512,8.019697034801252,28.870909325284508,6.301700000000004,-3.979200000000006,2.4367,1.351,2.7861636509724264,7.452882363891174,0,21_191_202_7253_ego_191,0,7253,7253,7258,vehicle_vehicle,0.2628129226082215,1.6506816842905385,2.5762106823970514,13.242154781228017,15.0,3.0,3.5,0.8,7.691489381127688,27.68936177205968
21,202,7308,244,52.7981,-46.3143,337.3059,2.1047,4.8561,-0.0037,0.0116,0.0245,0.0016,-0.0079,-0.0093,0.022,-0.0109,car,191,59.7026,-52.3826,1.6662,-7.8447,8.0175,-0.1875,280.6512,8.019697034801252,28.870909325284508,-6.904499999999999,6.068299999999994,-1.6699,7.856299999999999,8.031812728145495,9.192191530859217,0,21_191_202_7253_ego_191,1,7253,7253,7258,vehicle_vehicle,0.2628129226082215,1.6506816842905385,2.5762106823970514,13.242154781228017,15.0,3.0,3.5,0.8,7.691489381127688,27.68936177205968
21,203,7308,169,47.1595,-43.9165,342.2288,2.0912,4.8595,-0.0177,0.0068,0.0087,-0.0054,-0.0189,-0.0011,0.0099,0.0025,car,191,59.7026,-52.3826,1.6662,-7.8447,8.0175,-0.1875,280.6512,8.019697034801252,28.870909325284508,-12.543099999999995,8.466099999999997,-1.6839,7.8515,8.030041809355664,15.132884947028435,0,21_191_202_7253_ego_191,0,7253,7253,7258,vehicle_vehicle,0.2628129226082215,1.6506816842905385,2.5762106823970514,13.242154781228017,15.0,3.0,3.5,0.8,7.691489381127688,27.68936177205968
21,191,7309,514,59.7703,-52.6959,281.5331,2.0905,5.2067,1.7797,-7.8452,2.5839,-0.071,8.0427,-0.1752,0.5862,-2.5175,car,191,59.7703,-52.6959,1.7797,-7.8452,8.0427,-0.1752,281.5331,8.044532001925283,28.96031520693102,0.0,0.0,0.0,0.0,0.0,0.0,1,21_191_202_7253_ego_191,1,7253,7253,7258,vehicle_vehicle,0.2628129226082215,1.6506816842905385,2.5762106823970514,13.242154781228017,15.0,3.0,3.5,0.8,7.691489381127688,27.68936177205968
21,196,7309,436,63.2845,-75.1606,257.2226,1.8946,3.6036,-2.5535,-10.1165,-3.0649,-0.1107,10.4307,0.2529,0.7858,2.9645,car,191,59.7703,-52.6959,1.7797,-7.8452,8.0427,-0.1752,281.5331,8.044532001925283,28.96031520693102,3.5142000000000024,-22.4647,-4.3332,-2.2713,4.892384483051184,22.737905526455158,0,21_191_202_7253_ego_191,0,7253,7253,7258,vehicle_vehicle,0.2628129226082215,1.6506816842905385,2.5762106823970514,13.242154781228017,15.0,3.0,3.5,0.8,7.691489381127688,27.68936177205968
21,200,7309,280,66.1724,-56.6208,300.3793,2.057,4.5261,4.2255,-6.4064,2.9512,2.0786,7.6636,-0.4055,-0.3007,-3.5972,car,191,59.7703,-52.6959,1.7797,-7.8452,8.0427,-0.1752,281.5331,8.044532001925283,28.96031520693102,6.402099999999997,-3.924900000000001,2.4458,1.4388000000000005,2.837619262691879,7.5094423508007555,0,21_191_202_7253_ego_191,0,7253,7253,7258,vehicle_vehicle,0.2628129226082215,1.6506816842905385,2.5762106823970514,13.242154781228017,15.0,3.0,3.5,0.8,7.691489381127688,27.68936177205968
21,202,7309,245,52.7981,-46.3132,337.3087,2.1047,4.8561,-0.0027,0.0119,0.0279,-0.0038,-0.0071,-0.0099,0.0272,-0.0072,car,191,59.7703,-52.6959,1.7797,-7.8452,8.0427,-0.1752,281.5331,8.044532001925283,28.96031520693102,-6.972200000000001,6.3827,-1.7824,7.8571,8.05673446068567,9.452535751320912,0,21_191_202_7253_ego_191,1,7253,7253,7258,vehicle_vehicle,0.2628129226082215,1.6506816842905385,2.5762106823970514,13.242154781228017,15.0,3.0,3.5,0.8,7.691489381127688,27.68936177205968
21,203,7309,170,47.1581,-43.9157,342.2423,2.0912,4.8595,-0.0177,0.0067,0.0148,-0.0087,-0.0189,-0.001,0.0168,0.0037,car,191,59.7703,-52.6959,1.7797,-7.8452,8.0427,-0.1752,281.5331,8.044532001925283,28.96031520693102,-12.612200000000001,8.7802,-1.7974,7.8519000000000005,8.054997229670537,15.367481930361917,0,21_191_202_7253_ego_191,0,7253,7253,7258,vehicle_vehicle,0.2628129226082215,1.6506816842905385,2.5762106823970514,13.242154781228017,15.0,3.0,3.5,0.8,7.691489381127688,27.68936177205968
21,191,7310,515,59.8426,-53.0095,282.3669,2.0905,5.2067,1.8903,-7.8465,2.4963,-0.0855,8.0693,-0.166,0.6182,-2.4201,car,191,59.8426,-53.0095,1.8903,-7.8465,8.0693,-0.166,282.3669,8.070984843251782,29.055545435706417,0.0,0.0,0.0,0.0,0.0,0.0,1,21_191_202_7253_ego_191,1,7253,7253,7258,vehicle_vehicle,0.2628129226082215,1.6506816842905385,2.5762106823970514,13.242154781228017,15.0,3.0,3.5,0.8,7.691489381127688,27.68936177205968
21,196,7310,437,63.1817,-75.5652,256.647,1.8946,3.6036,-2.6765,-10.1211,-3.0688,-0.1105,10.4656,0.2667,0.8163,2.9603,car,191,59.8426,-53.0095,1.8903,-7.8465,8.0693,-0.166,282.3669,8.070984843251782,29.055545435706417,3.339100000000002,-22.5557,-4.5668,-2.2746000000000004,5.1019082116400325,22.80151730258318,0,21_191_202_7253_ego_191,0,7253,7253,7258,vehicle_vehicle,0.2628129226082215,1.6506816842905385,2.5762106823970514,13.242154781228017,15.0,3.0,3.5,0.8,7.691489381127688,27.68936177205968
21,200,7310,281,66.3448,-56.8754,301.4886,2.057,4.5261,4.3451,-6.3176,2.8883,2.1077,7.6569,-0.4054,-0.2887,-3.5639,car,191,59.8426,-53.0095,1.8903,-7.8465,8.0693,-0.166,282.3669,8.070984843251782,29.055545435706417,6.502200000000009,-3.8658999999999963,2.4548000000000005,1.5289000000000001,2.8919851745816407,7.564640616050447,0,21_191_202_7253_ego_191,0,7253,7253,7258,vehicle_vehicle,0.2628129226082215,1.6506816842905385,2.5762106823970514,13.242154781228017,15.0,3.0,3.5,0.8,7.691489381127688,27.68936177205968
21,202,7310,246,52.7982,-46.3122,337.3082,2.1047,4.8561,-0.0017,0.0117,0.0314,-0.0093,-0.0061,-0.0102,0.0325,-0.0035,car,191,59.8426,-53.0095,1.8903,-7.8465,8.0693,-0.166,282.3669,8.070984843251782,29.055545435706417,-7.044399999999996,6.697300000000006,-1.8920000000000001,7.8582,8.082757650703131,9.719948490089854,0,21_191_202_7253_ego_191,1,7253,7253,7258,vehicle_vehicle,0.2628129226082215,1.6506816842905385,2.5762106823970514,13.242154781228017,15.0,3.0,3.5,0.8,7.691489381127688,27.68936177205968
21,203,7310,171,47.1567,-43.9151,342.2519,2.0912,4.8595,-0.0172,0.0063,0.0212,-0.0119,-0.0183,-0.0008,0.0239,0.0049,car,191,59.8426,-53.0095,1.8903,-7.8465,8.0693,-0.166,282.3669,8.070984843251782,29.055545435706417,-12.685899999999997,9.0944,-1.9075000000000002,7.8528,8.081152398637215,15.608977230107037,0,21_191_202_7253_ego_191,0,7253,7253,7258,vehicle_vehicle,0.2628129226082215,1.6506816842905385,2.5762106823970514,13.242154781228017,15.0,3.0,3.5,0.8,7.691489381127688,27.68936177205968
21,191,7311,516,59.9195,-53.3231,283.1708,2.0905,5.2067,1.9978,-7.8484,2.4013,-0.1016,8.0971,-0.1569,0.6461,-2.3149,car,191,59.9195,-53.3231,1.9978,-7.8484,8.0971,-0.1569,283.1708,8.09867812670685,29.155241256144663,0.0,0.0,0.0,0.0,0.0,0.0,1,21_191_202_7253_ego_191,1,7253,7253,7258,vehicle_vehicle,0.2628129226082215,1.6506816842905385,2.5762106823970514,13.242154781228017,15.0,3.0,3.5,0.8,7.691489381127688,27.68936177205968
21,196,7311,438,63.0734,-75.9704,256.0597,1.8946,3.6036,-2.8002,-10.1256,-3.072,-0.1103,10.502,0.2783,0.8471,2.9549,car,191,59.9195,-53.3231,1.9978,-7.8484,8.0971,-0.1569,283.1708,8.09867812670685,29.155241256144663,3.1539,-22.6473,-4.798,-2.2772000000000006,5.310973906921404,22.865854073268288,0,21_191_202_7253_ego_191,0,7253,7253,7258,vehicle_vehicle,0.2628129226082215,1.6506816842905385,2.5762106823970514,13.242154781228017,15.0,3.0,3.5,0.8,7.691489381127688,27.68936177205968
21,200,7311,282,66.5216,-57.1261,302.5942,2.057,4.5261,4.462,-6.2279,2.8238,2.1313,7.6506,-0.4044,-0.2745,-3.5272,car,191,59.9195,-53.3231,1.9978,-7.8484,8.0971,-0.1569,283.1708,8.09867812670685,29.155241256144663,6.602100000000007,-3.8030000000000044,2.4642,1.6204999999999998,2.949288370098794,7.619090064436837,0,21_191_202_7253_ego_191,0,7253,7253,7258,vehicle_vehicle,0.2628129226082215,1.6506816842905385,2.5762106823970514,13.242154781228017,15.0,3.0,3.5,0.8,7.691489381127688,27.68936177205968
21,202,7311,247,52.7983,-46.3114,337.3032,2.1047,4.8561,-0.0006,0.0112,0.0349,-0.0147,-0.0049,-0.0101,0.0379,0.0001,car,191,59.9195,-53.3231,1.9978,-7.8484,8.0971,-0.1569,283.1708,8.09867812670685,29.155241256144663,-7.121200000000002,7.011699999999998,-1.9984,7.8595999999999995,8.109680309358685,9.993769375465895,0,21_191_202_7253_ego_191,1,7253,7253,7258,vehicle_vehicle,0.2628129226082215,1.6506816842905385,2.5762106823970514,13.242154781228017,15.0,3.0,3.5,0.8,7.691489381127688,27.68936177205968
21,203,7311,172,47.1553,-43.9145,342.2598,2.0912,4.8595,-0.0162,0.0056,0.0276,-0.0151,-0.0172,-0.0004,0.0309,0.006,car,191,59.9195,-53.3231,1.9978,-7.8484,8.0971,-0.1569,283.1708,8.09867812670685,29.155241256144663,-12.764200000000002,9.4086,-2.0140000000000002,7.854,8.108113960718608,15.857066424783623,0,21_191_202_7253_ego_191,0,7253,7253,7258,vehicle_vehicle,0.2628129226082215,1.6506816842905385,2.5762106823970514,13.242154781228017,15.0,3.0,3.5,0.8,7.691489381127688,27.68936177205968
21,191,7312,517,60.0023,-53.6369,283.934,2.0905,5.2067,2.101,-7.851,2.2988,-0.1191,8.1259,-0.1487,0.6692,-2.2025,car,191,60.0023,-53.6369,2.101,-7.851,8.1259,-0.1487,283.934,8.1272628848832,29.25814638557952,0.0,0.0,0.0,0.0,0.0,0.0,1,21_191_202_7253_ego_191,1,7253,7253,7258,vehicle_vehicle,0.2628129226082215,1.6506816842905385,2.5762106823970514,13.242154781228017,15.0,3.0,3.5,0.8,7.691489381127688,27.68936177205968
21,196,7312,439,62.9594,-76.3758,255.4787,1.8946,3.6036,-2.9241,-10.13,-3.0742,-0.11,10.5395,0.2907,0.8773,2.9484,car,191,60.0023,-53.6369,2.101,-7.851,8.1259,-0.1487,283.934,8.1272628848832,29.25814638557952,2.957100000000004,-22.7389,-5.0251,-2.279000000000001,5.517741477271294,22.930373167918574,0,21_191_202_7253_ego_191,0,7253,7253,7258,vehicle_vehicle,0.2628129226082215,1.6506816842905385,2.5762106823970514,13.242154781228017,15.0,3.0,3.5,0.8,7.691489381127688,27.68936177205968
21,200,7312,283,66.7027,-57.3734,303.7072,2.057,4.5261,4.5762,-6.1372,2.7581,2.1494,7.645,-0.401,-0.2575,-3.4872,car,191,60.0023,-53.6369,2.101,-7.851,8.1259,-0.1487,283.934,8.1272628848832,29.25814638557952,6.700399999999995,-3.7364999999999995,2.4752,1.7138,3.010602178966859,7.67181806418791,0,21_191_202_7253_ego_191,0,7253,7253,7258,vehicle_vehicle,0.2628129226082215,1.6506816842905385,2.5762106823970514,13.242154781228017,15.0,3.0,3.5,0.8,7.691489381127688,27.68936177205968
21,202,7312,248,52.7988,-46.3107,337.2925,2.1047,4.8561,0.0005,0.0103,0.0387,-0.0199,-0.0036,-0.0097,0.0434,0.0034,car,191,60.0023,-53.6369,2.101,-7.851,8.1259,-0.1487,283.934,8.1272628848832,29.25814638557952,-7.203499999999998,7.3262,-2.1005,7.8613,8.137084117790598,10.274415734726718,0,21_191_202_7253_ego_191,1,7253,7253,7258,vehicle_vehicle,0.2628129226082215,1.6506816842905385,2.5762106823970514,13.242154781228017,15.0,3.0,3.5,0.8,7.691489381127688,27.68936177205968
21,203,7312,173,47.1532,-43.9137,342.2665,2.0912,4.8595,-0.0144,0.0046,0.0335,-0.018,-0.0151,-0.0,0.0374,0.0069,car,191,60.0023,-53.6369,2.101,-7.851,8.1259,-0.1487,283.934,8.1272628848832,29.25814638557952,-12.8491,9.723199999999999,-2.1154,7.8556,8.135439049000366,16.113348163867123,0,21_191_202_7253_ego_191,0,7253,7253,7258,vehicle_vehicle,0.2628129226082215,1.6506816842905385,2.5762106823970514,13.242154781228017,15.0,3.0,3.5,0.8,7.691489381127688,27.68936177205968
21,191,7313,518,60.0895,-53.9509,284.6646,2.0905,5.2067,2.1997,-7.8544,2.1894,-0.138,8.1554,-0.1396,0.6878,-2.0831,car,191,60.0895,-53.9509,2.1997,-7.8544,8.1554,-0.1396,284.6646,8.15660955605943,29.363794401813944,0.0,0.0,0.0,0.0,0.0,0.0,1,21_191_202_7253_ego_191,1,7253,7253,7258,vehicle_vehicle,0.2628129226082215,1.6506816842905385,2.5762106823970514,13.242154781228017,15.0,3.0,3.5,0.8,7.691489381127688,27.68936177205968
21,196,7313,440,62.8399,-76.7812,254.9187,1.8946,3.6036,-3.0482,-10.1343,-3.0754,-0.1098,10.5783,0.3064,0.9062,2.9409,car,191,60.0895,-53.9509,2.1997,-7.8544,8.1554,-0.1396,284.6646,8.15660955605943,29.363794401813944,2.750399999999999,-22.8303,-5.2479,-2.2798999999999996,5.721747846593731,22.995375584016887,0,21_191_202_7253_ego_191,0,7253,7253,7258,vehicle_vehicle,0.2628129226082215,1.6506816842905385,2.5762106823970514,13.242154781228017,15.0,3.0,3.5,0.8,7.691489381127688,27.68936177205968
21,200,7313,284,66.8882,-57.6165,304.8181,2.057,4.5261,4.6876,-6.0461,2.6911,2.1623,7.6401,-0.3963,-0.2386,-3.444,car,191,60.0895,-53.9509,2.1997,-7.8544,8.1554,-0.1396,284.6646,8.15660955605943,29.363794401813944,6.798699999999997,-3.665600000000005,2.4879,1.8083,3.0756455094825217,7.723920316134805,0,21_191_202_7253_ego_191,0,7253,7253,7258,vehicle_vehicle,0.2628129226082215,1.6506816842905385,2.5762106823970514,13.242154781228017,15.0,3.0,3.5,0.8,7.691489381127688,27.68936177205968
21,202,7313,249,52.7989,-46.3104,337.2837,2.1047,4.8561,0.0016,0.0093,0.0429,-0.0248,-0.0021,-0.0092,0.0492,0.0063,car,191,60.0895,-53.9509,2.1997,-7.8544,8.1554,-0.1396,284.6646,8.15660955605943,29.363794401813944,-7.290599999999998,7.640499999999996,-2.1981,7.8637,8.165134493687168,10.560780681843548,0,21_191_202_7253_ego_191,1,7253,7253,7258,vehicle_vehicle,0.2628129226082215,1.6506816842905385,2.5762106823970514,13.242154781228017,15.0,3.0,3.5,0.8,7.691489381127688,27.68936177205968
21,203,7313,174,47.1516,-43.9131,342.2714,2.0912,4.8595,-0.0118,0.0033,0.0385,-0.0203,-0.0123,0.0004,0.0428,0.0076,car,191,60.0895,-53.9509,2.1997,-7.8544,8.1554,-0.1396,284.6646,8.15660955605943,29.363794401813944,-12.937899999999999,10.037799999999997,-2.2115,7.8577,8.162976267269189,16.37518504475598,0,21_191_202_7253_ego_191,0,7253,7253,7258,vehicle_vehicle,0.2628129226082215,1.6506816842905385,2.5762106823970514,13.242154781228017,15.0,3.0,3.5,0.8,7.691489381127688,27.68936177205968
21,191,7314,519,60.181,-54.2655,285.3524,2.0905,5.2067,2.2933,-7.8585,2.0737,-0.1584,8.1852,-0.1309,0.7017,-1.9577,car,191,60.181,-54.2655,2.2933,-7.8585,8.1852,-0.1309,285.3524,8.186284086201749,29.470622710326296,0.0,0.0,0.0,0.0,0.0,0.0,1,21_191_202_7253_ego_191,1,7253,7253,7258,vehicle_vehicle,0.2628129226082215,1.6506816842905385,2.5762106823970514,13.242154781228017,15.0,3.0,3.5,0.8,7.691489381127688,27.68936177205968
21,196,7314,441,62.7144,-77.1868,254.358,1.8946,3.6036,-3.1718,-10.1385,-3.0757,-0.1097,10.6182,0.3207,0.935,2.9322,car,191,60.181,-54.2655,2.2933,-7.8585,8.1852,-0.1309,285.3524,8.186284086201749,29.470622710326296,2.5334000000000003,-22.921300000000002,-5.4651,-2.2800000000000002,5.921631363906402,23.06087832780877,0,21_191_202_7253_ego_191,0,7253,7253,7258,vehicle_vehicle,0.2628129226082215,1.6506816842905385,2.5762106823970514,13.242154781228017,15.0,3.0,3.5,0.8,7.691489381127688,27.68936177205968
21,200,7314,285,67.0778,-57.8557,305.9037,2.057,4.5261,4.7964,-5.9548,2.6231,2.1702,7.6362,-0.3931,-0.2196,-3.3974,car,191,60.181,-54.2655,2.2933,-7.8585,8.1852,-0.1309,285.3524,8.186284086201749,29.470622710326296,6.896799999999999,-3.590199999999996,2.5031000000000003,1.9037000000000006,3.1447707865598096,7.775306185610954,0,21_191_202_7253_ego_191,0,7253,7253,7258,vehicle_vehicle,0.2628129226082215,1.6506816842905385,2.5762106823970514,13.242154781228017,15.0,3.0,3.5,0.8,7.691489381127688,27.68936177205968
21,202,7314,250,52.799,-46.3105,337.28,2.1047,4.8561,0.003,0.0083,0.0475,-0.0296,-0.0004,-0.0088,0.0553,0.009,car,191,60.181,-54.2655,2.2933,-7.8585,8.1852,-0.1309,285.3524,8.186284086201749,29.470622710326296,-7.381999999999998,7.955000000000005,-2.2903,7.8668000000000005,8.193412984220922,10.852462808045004,0,21_191_202_7253_ego_191,1,7253,7253,7258,vehicle_vehicle,0.2628129226082215,1.6506816842905385,2.5762106823970514,13.242154781228017,15.0,3.0,3.5,0.8,7.691489381127688,27.68936177205968
21,203,7314,175,47.1502,-43.9126,342.276,2.0912,4.8595,-0.0087,0.0018,0.042,-0.022,-0.0088,0.001,0.0468,0.0082,car,191,60.181,-54.2655,2.2933,-7.8585,8.1852,-0.1309,285.3524,8.186284086201749,29.470622710326296,-13.0308,10.352900000000005,-2.302,7.8603000000000005,8.190452984420338,16.642844920565718,0,21_191_202_7253_ego_191,0,7253,7253,7258,vehicle_vehicle,0.2628129226082215,1.6506816842905385,2.5762106823970514,13.242154781228017,15.0,3.0,3.5,0.8,7.691489381127688,27.68936177205968
21,191,7315,520,60.2768,-54.5796,285.9826,2.0905,5.2067,2.3812,-7.8635,1.9524,-0.1801,8.2152,-0.124,0.7107,-1.8273,car,191,60.2768,-54.5796,2.3812,-7.8635,8.2152,-0.124,285.9826,8.216127170997295,29.578057815590263,0.0,0.0,0.0,0.0,0.0,0.0,1,21_191_202_7253_ego_191,1,7253,7253,7258,vehicle_vehicle,0.2628129226082215,1.6506816842905385,2.5762106823970514,13.242154781228017,15.0,3.0,3.5,0.8,7.691489381127688,27.68936177205968
21,196,7315,442,62.5835,-77.592,253.8036,1.8946,3.6036,-3.2948,-10.1429,-3.0757,-0.1097,10.6594,0.3349,0.9633,2.923,car,191,60.2768,-54.5796,2.3812,-7.8635,8.2152,-0.124,285.9826,8.216127170997295,29.578057815590263,2.3066999999999993,-23.0124,-5.676,-2.279399999999999,6.116587313200066,23.127719702772257,0,21_191_202_7253_ego_191,0,7253,7253,7258,vehicle_vehicle,0.2628129226082215,1.6506816842905385,2.5762106823970514,13.242154781228017,15.0,3.0,3.5,0.8,7.691489381127688,27.68936177205968
21,200,7315,286,67.272,-58.0901,306.9863,2.057,4.5261,4.9024,-5.864,2.554,2.1737,7.6335,-0.388,-0.1998,-3.3478,car,191,60.2768,-54.5796,2.3812,-7.8635,8.2152,-0.124,285.9826,8.216127170997295,29.578057815590263,6.995200000000004,-3.5105000000000004,2.5212,1.9995000000000003,3.217833073669298,7.826648918279142,0,21_191_202_7253_ego_191,0,7253,7253,7258,vehicle_vehicle,0.2628129226082215,1.6506816842905385,2.5762106823970514,13.242154781228017,15.0,3.0,3.5,0.8,7.691489381127688,27.68936177205968
21,202,7315,251,52.7991,-46.3106,337.2713,2.1047,4.8561,0.0045,0.0072,0.0524,-0.0345,0.0014,-0.0084,0.0617,0.0115,car,191,60.2768,-54.5796,2.3812,-7.8635,8.2152,-0.124,285.9826,8.216127170997295,29.578057815590263,-7.477699999999999,8.268999999999998,-2.3767,7.8707,8.221716449744543,11.148648271875832,0,21_191_202_7253_ego_191,1,7253,7253,7258,vehicle_vehicle,0.2628129226082215,1.6506816842905385,2.5762106823970514,13.242154781228017,15.0,3.0,3.5,0.8,7.691489381127688,27.68936177205968
21,203,7315,176,47.1497,-43.9125,342.2817,2.0912,4.8595,-0.0054,0.0001,0.044,-0.023,-0.0051,0.0015,0.0489,0.0085,car,191,60.2768,-54.5796,2.3812,-7.8635,8.2152,-0.124,285.9826,8.216127170997295,29.578057815590263,-13.127099999999999,10.667099999999998,-2.3866,7.8636,8.2177895154354,16.91472071362693,0,21_191_202_7253_ego_191,0,7253,7253,7258,vehicle_vehicle,0.2628129226082215,1.6506816842905385,2.5762106823970514,13.242154781228017,15.0,3.0,3.5,0.8,7.691489381127688,27.68936177205968
21,191,7316,521,60.376,-54.8942,286.5636,2.0905,5.2067,2.4634,-7.8694,1.8266,-0.2032,8.2451,-0.1178,0.7155,-1.6929,car,191,60.376,-54.8942,2.4634,-7.8694,8.2451,-0.1178,286.5636,8.245956337502642,29.685442815009512,0.0,0.0,0.0,0.0,0.0,0.0,1,21_191_202_7253_ego_191,1,7253,7253,7258,vehicle_vehicle,0.2628129226082215,1.6506816842905385,2.5762106823970514,13.242154781228017,15.0,3.0,3.5,0.8,7.691489381127688,27.68936177205968
21,200,7316,287,67.4708,-58.321,308.0483,2.057,4.5261,5.0053,-5.7739,2.4839,2.1737,7.6318,-0.3831,-0.1808,-3.2958,car,191,60.376,-54.8942,2.4634,-7.8694,8.2451,-0.1178,286.5636,8.245956337502642,29.685442815009512,7.094799999999999,-3.4268,2.5419,2.0954999999999995,3.294294440392358,7.879032001458047,0,21_191_202_7253_ego_191,0,7253,7253,7258,vehicle_vehicle,0.2628129226082215,1.6506816842905385,2.5762106823970514,13.242154781228017,15.0,3.0,3.5,0.8,7.691489381127688,27.68936177205968
21,202,7316,252,52.7994,-46.3107,337.2667,2.1047,4.8561,0.0062,0.0061,0.0577,-0.0395,0.0034,-0.008,0.0685,0.0141,car,191,60.376,-54.8942,2.4634,-7.8694,8.2451,-0.1178,286.5636,8.245956337502642,29.685442815009512,-7.576599999999999,8.5835,-2.4572,7.8755,8.24992921727211,11.449075936947924,0,21_191_202_7253_ego_191,1,7253,7253,7258,vehicle_vehicle,0.2628129226082215,1.6506816842905385,2.5762106823970514,13.242154781228017,15.0,3.0,3.5,0.8,7.691489381127688,27.68936177205968
21,203,7316,177,47.1494,-43.9125,342.2862,2.0912,4.8595,-0.0019,-0.0016,0.0443,-0.0232,-0.0013,0.0021,0.0492,0.0086,car,191,60.376,-54.8942,2.4634,-7.8694,8.2451,-0.1178,286.5636,8.245956337502642,29.685442815009512,-13.226599999999998,10.981699999999996,-2.4653,7.8678,8.244997327470761,17.191296706473302,0,21_191_202_7253_ego_191,0,7253,7253,7258,vehicle_vehicle,0.2628129226082215,1.6506816842905385,2.5762106823970514,13.242154781228017,15.0,3.0,3.5,0.8,7.691489381127688,27.68936177205968
21,191,7317,522,60.4786,-55.2087,287.0909,2.0905,5.2067,2.5395,-7.8763,1.6973,-0.2275,8.2748,-0.1126,0.7163,-1.5555,car,191,60.4786,-55.2087,2.5395,-7.8763,8.2748,-0.1126,287.0909,8.27557623008815,29.792074428317342,0.0,0.0,0.0,0.0,0.0,0.0,1,21_191_202_7253_ego_191,1,7253,7253,7258,vehicle_vehicle,0.2628129226082215,1.6506816842905385,2.5762106823970514,13.242154781228017,15.0,3.0,3.5,0.8,7.691489381127688,27.68936177205968
21,200,7317,288,67.6736,-58.5487,309.0884,2.057,4.5261,5.1052,-5.6843,2.4132,2.1707,7.631,-0.3784,-0.1633,-3.2418,car,191,60.4786,-55.2087,2.5395,-7.8763,8.2748,-0.1126,287.0909,8.27557623008815,29.792074428317342,7.194999999999993,-3.3399999999999963,2.5657,2.1919999999999993,3.3745637481013744,7.932441301390126,0,21_191_202_7253_ego_191,0,7253,7253,7258,vehicle_vehicle,0.2628129226082215,1.6506816842905385,2.5762106823970514,13.242154781228017,15.0,3.0,3.5,0.8,7.691489381127688,27.68936177205968
21,202,7317,253,52.8,-46.3108,337.266,2.1047,4.8561,0.008,0.0049,0.0635,-0.0448,0.0055,-0.0076,0.0759,0.0168,car,191,60.4786,-55.2087,2.5395,-7.8763,8.2748,-0.1126,287.0909,8.27557623008815,29.792074428317342,-7.678600000000003,8.8979,-2.5315,7.8812,8.277789903712222,11.753021839935466,0,21_191_202_7253_ego_191,1,7253,7253,7258,vehicle_vehicle,0.2628129226082215,1.6506816842905385,2.5762106823970514,13.242154781228017,15.0,3.0,3.5,0.8,7.691489381127688,27.68936177205968
21,203,7317,178,47.15,-43.9127,342.3009,2.0912,4.8595,0.0013,-0.0032,0.043,-0.0226,0.0022,0.0027,0.0478,0.0085,car,191,60.4786,-55.2087,2.5395,-7.8763,8.2748,-0.1126,287.0909,8.27557623008815,29.792074428317342,-13.328600000000002,11.296,-2.5382,7.8731,8.272131699265916,17.47143937859729,0,21_191_202_7253_ego_191,0,7253,7253,7258,vehicle_vehicle,0.2628129226082215,1.6506816842905385,2.5762106823970514,13.242154781228017,15.0,3.0,3.5,0.8,7.691489381127688,27.68936177205968
21,191,7318,523,60.5834,-55.5241,287.5975,2.0905,5.2067,2.6096,-7.8842,1.5653,-0.253,8.3042,-0.1039,0.7144,-1.4156,car,191,60.5834,-55.5241,2.6096,-7.8842,8.3042,-0.1039,287.5975,8.304855314814342,29.89747913333163,0.0,0.0,0.0,0.0,0.0,0.0,1,21_191_202_7253_ego_191,1,7253,7253,7258,vehicle_vehicle,0.2628129226082215,1.6506816842905385,2.5762106823970514,13.242154781228017,15.0,3.0,3.5,0.8,7.691489381127688,27.68936177205968
21,200,7318,289,67.8804,-58.7732,310.0991,2.057,4.5261,5.202,-5.5954,2.3421,2.1654,7.6308,-0.3751,-0.1478,-3.1864,car,191,60.5834,-55.5241,2.6096,-7.8842,8.3042,-0.1039,287.5975,8.304855314814342,29.89747913333163,7.296999999999997,-3.2491000000000057,2.5924,2.2888,3.4581994158810447,7.987669235139872,0,21_191_202_7253_ego_191,0,7253,7253,7258,vehicle_vehicle,0.2628129226082215,1.6506816842905385,2.5762106823970514,13.242154781228017,15.0,3.0,3.5,0.8,7.691489381127688,27.68936177205968
21,202,7318,254,52.8005,-46.3108,337.2725,2.1047,4.8561,0.01,0.0035,0.0698,-0.0506,0.0079,-0.0071,0.0839,0.0197,car,191,60.5834,-55.5241,2.6096,-7.8842,8.3042,-0.1039,287.5975,8.304855314814342,29.89747913333163,-7.782899999999998,9.213299999999997,-2.5996,7.8877,8.30504253149856,12.060614797762174,0,21_191_202_7253_ego_191,1,7253,7253,7258,vehicle_vehicle,0.2628129226082215,1.6506816842905385,2.5762106823970514,13.242154781228017,15.0,3.0,3.5,0.8,7.691489381127688,27.68936177205968
21,203,7318,179,47.1508,-43.9131,342.3123,2.0912,4.8595,0.0042,-0.0047,0.0404,-0.0214,0.0054,0.0032,0.045,0.0081,car,191,60.5834,-55.5241,2.6096,-7.8842,8.3042,-0.1039,287.5975,8.304855314814342,29.89747913333163,-13.4326,11.610999999999997,-2.6054,7.8795,8.299074009189217,17.755282700086756,0,21_191_202_7253_ego_191,0,7253,7253,7258,vehicle_vehicle,0.2628129226082215,1.6506816842905385,2.5762106823970514,13.242154781228017,15.0,3.0,3.5,0.8,7.691489381127688,27.68936177205968
21,191,7319,524,60.6894,-55.8401,288.0818,2.0905,5.2067,2.6743,-7.893,1.4312,-0.2798,8.3332,-0.0925,0.7101,-1.2737,car,191,60.6894,-55.8401,2.6743,-7.893,8.3332,-0.0925,288.0818,8.333746425827941,30.00148713298059,0.0,0.0,0.0,0.0,0.0,0.0,1,21_191_202_7253_ego_191,1,7253,7253,7258,vehicle_vehicle,0.2628129226082215,1.6506816842905385,2.5762106823970514,13.242154781228017,15.0,3.0,3.5,0.8,7.691489381127688,27.68936177205968
21,200,7319,290,68.0915,-58.9934,311.0875,2.057,4.5261,5.2955,-5.5074,2.271,2.1584,7.6312,-0.3717,-0.1343,-3.1302,car,191,60.6894,-55.8401,2.6743,-7.893,8.3332,-0.0925,288.0818,8.333746425827941,30.00148713298059,7.402099999999997,-3.1533000000000015,2.6211999999999995,2.3856,3.544259697031243,8.045768160965116,0,21_191_202_7253_ego_191,0,7253,7253,7258,vehicle_vehicle,0.2628129226082215,1.6506816842905385,2.5762106823970514,13.242154781228017,15.0,3.0,3.5,0.8,7.691489381127688,27.68936177205968
21,202,7319,255,52.8012,-46.3104,337.2871,2.1047,4.8561,0.0121,0.0018,0.0767,-0.0568,0.0105,-0.0064,0.0926,0.0228,car,191,60.6894,-55.8401,2.6743,-7.893,8.3332,-0.0925,288.0818,8.333746425827941,30.00148713298059,-7.888199999999998,9.529699999999998,-2.6622000000000003,7.8948,8.33157703439151,12.370888461626349,0,21_191_202_7253_ego_191,1,7253,7253,7258,vehicle_vehicle,0.2628129226082215,1.6506816842905385,2.5762106823970514,13.242154781228017,15.0,3.0,3.5,0.8,7.691489381127688,27.68936177205968
21,203,7319,180,47.1519,-43.9137,342.3199,2.0912,4.8595,0.0066,-0.006,0.0368,-0.0196,0.0081,0.0037,0.041,0.0075,car,191,60.6894,-55.8401,2.6743,-7.893,8.3332,-0.0925,288.0818,8.333746425827941,30.00148713298059,-13.537500000000001,11.926400000000001,-2.6677,7.887,8.325946930529884,18.041699565451147,0,21_191_202_7253_ego_191,0,7253,7253,7258,vehicle_vehicle,0.2628129226082215,1.6506816842905385,2.5762106823970514,13.242154781228017,15.0,3.0,3.5,0.8,7.691489381127688,27.68936177205968
21,191,7320,525,60.7983,-56.1559,288.5185,2.0905,5.2067,2.7334,-7.9028,1.2951,-0.3079,8.3618,-0.0818,0.7033,-1.1303,car,191,60.7983,-56.1559,2.7334,-7.9028,8.3618,-0.0818,288.5185,8.362160211332954,30.103776760798635,0.0,0.0,0.0,0.0,0.0,0.0,1,21_191_202_7253_ego_191,1,7253,7253,7258,vehicle_vehicle,0.2628129226082215,1.6506816842905385,2.5762106823970514,13.242154781228017,15.0,3.0,3.5,0.8,7.691489381127688,27.68936177205968
21,200,7320,291,68.3051,-59.2103,312.0805,2.057,4.5261,5.3862,-5.4204,2.2,2.1503,7.6327,-0.3651,-0.1215,-3.0739,car,191,60.7983,-56.1559,2.7334,-7.9028,8.3618,-0.0818,288.5185,8.362160211332954,30.103776760798635,7.506799999999998,-3.054399999999994,2.6527999999999996,2.4824,3.633133303362264,8.104406554461589,0,21_191_202_7253_ego_191,0,7253,7253,7258,vehicle_vehicle,0.2628129226082215,1.6506816842905385,2.5762106823970514,13.242154781228017,15.0,3.0,3.5,0.8,7.691489381127688,27.68936177205968
21,202,7320,256,52.802,-46.3098,337.3115,2.1047,4.8561,0.0144,-0.0003,0.0843,-0.0631,0.0135,-0.0053,0.1021,0.0257,car,191,60.7983,-56.1559,2.7334,-7.9028,8.3618,-0.0818,288.5185,8.362160211332954,30.103776760798635,-7.996299999999998,9.8461,-2.719,7.9025,8.357180580195692,12.684104182006704,0,21_191_202_7253_ego_191,1,7253,7253,7258,vehicle_vehicle,0.2628129226082215,1.6506816842905385,2.5762106823970514,13.242154781228017,15.0,3.0,3.5,0.8,7.691489381127688,27.68936177205968
21,203,7320,181,47.1534,-43.9144,342.3265,2.0912,4.8595,0.0084,-0.0071,0.0327,-0.0175,0.0101,0.0042,0.0365,0.0068,car,191,60.7983,-56.1559,2.7334,-7.9028,8.3618,-0.0818,288.5185,8.362160211332954,30.103776760798635,-13.6449,12.241500000000002,-2.725,7.8957,8.352706357223388,18.331328873270483,0,21_191_202_7253_ego_191,0,7253,7253,7258,vehicle_vehicle,0.2628129226082215,1.6506816842905385,2.5762106823970514,13.242154781228017,15.0,3.0,3.5,0.8,7.691489381127688,27.68936177205968
21,191,7321,526,60.9107,-56.4708,288.9151,2.0905,5.2067,2.7862,-7.9144,1.1576,-0.337,8.3902,-0.0701,0.6941,-0.9858,car,191,60.9107,-56.4708,2.7862,-7.9144,8.3902,-0.0701,288.9151,8.390508792677593,30.205831653639336,0.0,0.0,0.0,0.0,0.0,0.0,1,21_191_202_7253_ego_191,1,7253,7253,7258,vehicle_vehicle,0.2628129226082215,1.6506816842905385,2.5762106823970514,13.242154781228017,15.0,3.0,3.5,0.8,7.691489381127688,27.68936177205968
21,200,7321,292,68.5229,-59.4233,313.0406,2.057,4.5261,5.4738,-5.3345,2.1294,2.1419,7.6347,-0.3598,-0.1121,-3.0182,car,191,60.9107,-56.4708,2.7862,-7.9144,8.3902,-0.0701,288.9151,8.390508792677593,30.205831653639336,7.6122000000000085,-2.9525000000000006,2.6875999999999998,2.5798999999999994,3.725463430232539,8.164731783102255,0,21_191_202_7253_ego_191,0,7253,7253,7258,vehicle_vehicle,0.2628129226082215,1.6506816842905385,2.5762106823970514,13.242154781228017,15.0,3.0,3.5,0.8,7.691489381127688,27.68936177205968
21,202,7321,257,52.8027,-46.3095,337.3289,2.1047,4.8561,0.0171,-0.0029,0.0926,-0.0695,0.0169,-0.0039,0.1123,0.0284,car,191,60.9107,-56.4708,2.7862,-7.9144,8.3902,-0.0701,288.9151,8.390508792677593,30.205831653639336,-8.107999999999997,10.161299999999997,-2.7691,7.911499999999999,8.382108747803263,12.999680061063037,0,21_191_202_7253_ego_191,1,7253,7253,7258,vehicle_vehicle,0.2628129226082215,1.6506816842905385,2.5762106823970514,13.242154781228017,15.0,3.0,3.5,0.8,7.691489381127688,27.68936177205968
21,203,7321,182,47.1541,-43.9149,342.3259,2.0912,4.8595,0.0098,-0.008,0.0283,-0.0152,0.0118,0.0046,0.0316,0.0058,car,191,60.9107,-56.4708,2.7862,-7.9144,8.3902,-0.0701,288.9151,8.390508792677593,30.205831653639336,-13.756599999999999,12.555899999999994,-2.7764,7.9064,8.379711088098443,18.62510854652933,0,21_191_202_7253_ego_191,0,7253,7253,7258,vehicle_vehicle,0.2628129226082215,1.6506816842905385,2.5762106823970514,13.242154781228017,15.0,3.0,3.5,0.8,7.691489381127688,27.68936177205968
21,191,7322,527,61.0234,-56.7868,289.2807,2.0905,5.2067,2.8333,-7.9275,1.0192,-0.3667,8.4184,-0.0568,0.6827,-0.8409,car,191,61.0234,-56.7868,2.8333,-7.9275,8.4184,-0.0568,289.2807,8.418601139144199,30.306964100919117,0.0,0.0,0.0,0.0,0.0,0.0,1,21_191_202_7253_ego_191,1,7253,7253,7258,vehicle_vehicle,0.2628129226082215,1.6506816842905385,2.5762106823970514,13.242154781228017,15.0,3.0,3.5,0.8,7.691489381127688,27.68936177205968
21,200,7322,293,68.7459,-59.633,313.9377,2.057,4.5261,5.5576,-5.2497,2.0596,2.1341,7.6366,-0.3594,-0.1076,-2.9639,car,191,61.0234,-56.7868,2.8333,-7.9275,8.4184,-0.0568,289.2807,8.418601139144199,30.306964100919117,7.722500000000004,-2.846200000000003,2.7243,2.6778000000000004,3.8200030536637013,8.230301372975358,0,21_191_202_7253_ego_191,0,7253,7253,7258,vehicle_vehicle,0.2628129226082215,1.6506816842905385,2.5762106823970514,13.242154781228017,15.0,3.0,3.5,0.8,7.691489381127688,27.68936177205968
21,202,7322,258,52.8032,-46.3097,337.3416,2.1047,4.8561,0.0201,-0.0057,0.1017,-0.0759,0.0207,-0.0025,0.1231,0.0308,car,191,61.0234,-56.7868,2.8333,-7.9275,8.4184,-0.0568,289.2807,8.418601139144199,30.306964100919117,-8.220200000000006,10.4771,-2.8132,7.9218,8.406486155344574,13.31695582518768,0,21_191_202_7253_ego_191,1,7253,7253,7258,vehicle_vehicle,0.2628129226082215,1.6506816842905385,2.5762106823970514,13.242154781228017,15.0,3.0,3.5,0.8,7.691489381127688,27.68936177205968
21,203,7322,183,47.1548,-43.9153,342.3268,2.0912,4.8595,0.011,-0.0088,0.0239,-0.0126,0.0132,0.005,0.0266,0.0048,car,191,61.0234,-56.7868,2.8333,-7.9275,8.4184,-0.0568,289.2807,8.418601139144199,30.306964100919117,-13.8686,12.871499999999997,-2.8223,7.9187,8.406615667437164,18.921246740370993,0,21_191_202_7253_ego_191,0,7253,7253,7258,vehicle_vehicle,0.2628129226082215,1.6506816842905385,2.5762106823970514,13.242154781228017,15.0,3.0,3.5,0.8,7.691489381127688,27.68936177205968
21,191,7323,528,61.1372,-57.1039,289.6276,2.0905,5.2067,2.8751,-7.9419,0.8798,-0.3968,8.4462,-0.0403,0.6693,-0.6954,car,191,61.1372,-57.1039,2.8751,-7.9419,8.4462,-0.0403,289.6276,8.446299522276012,30.406678280193645,0.0,0.0,0.0,0.0,0.0,0.0,1,21_191_202_7253_ego_191,1,7253,7253,7258,vehicle_vehicle,0.2628129226082215,1.6506816842905385,2.5762106823970514,13.242154781228017,15.0,3.0,3.5,0.8,7.691489381127688,27.68936177205968
21,200,7323,294,68.9721,-59.8402,314.834,2.057,4.5261,5.6378,-5.1657,1.9915,2.1273,7.6382,-0.3559,-0.1044,-2.9122,car,191,61.1372,-57.1039,2.8751,-7.9419,8.4462,-0.0403,289.6276,8.446299522276012,30.406678280193645,7.8348999999999975,-2.7363,2.7627,2.7762000000000002,3.9166053834921897,8.298975581359421,0,21_191_202_7253_ego_191,0,7253,7253,7258,vehicle_vehicle,0.2628129226082215,1.6506816842905385,2.5762106823970514,13.242154781228017,15.0,3.0,3.5,0.8,7.691489381127688,27.68936177205968
21,202,7323,259,52.804,-46.3096,337.3518,2.1047,4.8561,0.0235,-0.0089,0.1114,-0.0821,0.0251,-0.0008,0.1345,0.0329,car,191,61.1372,-57.1039,2.8751,-7.9419,8.4462,-0.0403,289.6276,8.446299522276012,30.406678280193645,-8.333199999999998,10.7943,-2.8516000000000004,7.933000000000001,8.429953235931977,13.636683421198864,0,21_191_202_7253_ego_191,1,7253,7253,7258,vehicle_vehicle,0.2628129226082215,1.6506816842905385,2.5762106823970514,13.242154781228017,15.0,3.0,3.5,0.8,7.691489381127688,27.68936177205968
21,203,7323,184,47.1554,-43.9156,342.3203,2.0912,4.8595,0.012,-0.0095,0.0194,-0.0099,0.0143,0.0054,0.0215,0.0036,car,191,61.1372,-57.1039,2.8751,-7.9419,8.4462,-0.0403,289.6276,8.446299522276012,30.406678280193645,-13.9818,13.188300000000005,-2.8631,7.9324,8.433285917719143,19.220353486083447,0,21_191_202_7253_ego_191,0,7253,7253,7258,vehicle_vehicle,0.2628129226082215,1.6506816842905385,2.5762106823970514,13.242154781228017,15.0,3.0,3.5,0.8,7.691489381127688,27.68936177205968
21,191,7324,529,61.2518,-57.4217,289.9553,2.0905,5.2067,2.9118,-7.9576,0.7392,-0.4271,8.4736,-0.0211,0.6537,-0.5491,car,191,61.2518,-57.4217,2.9118,-7.9576,8.4736,-0.0211,289.9553,8.473604722902763,30.504977002449948,0.0,0.0,0.0,0.0,0.0,0.0,1,21_191_202_7253_ego_191,1,7253,7253,7258,vehicle_vehicle,0.2628129226082215,1.6506816842905385,2.5762106823970514,13.242154781228017,15.0,3.0,3.5,0.8,7.691489381127688,27.68936177205968
21,200,7324,295,69.2008,-60.0444,315.7076,2.057,4.5261,5.7145,-5.0822,1.9261,2.1221,7.6394,-0.3528,-0.1032,-2.864,car,191,61.2518,-57.4217,2.9118,-7.9576,8.4736,-0.0211,289.9553,8.473604722902763,30.504977002449948,7.948999999999998,-2.622700000000002,2.8027,2.8754,4.015352095395869,8.37049319275752,0,21_191_202_7253_ego_191,0,7253,7253,7258,vehicle_vehicle,0.2628129226082215,1.6506816842905385,2.5762106823970514,13.242154781228017,15.0,3.0,3.5,0.8,7.691489381127688,27.68936177205968
21,202,7324,260,52.8046,-46.3098,337.3579,2.1047,4.8561,0.0275,-0.0125,0.1217,-0.0881,0.0302,0.0009,0.1463,0.0345,car,191,61.2518,-57.4217,2.9118,-7.9576,8.4736,-0.0211,289.9553,8.473604722902763,30.504977002449948,-8.447200000000002,11.111899999999999,-2.8843,7.9451,8.452443463283267,13.95813416793233,0,21_191_202_7253_ego_191,1,7253,7253,7258,vehicle_vehicle,0.2628129226082215,1.6506816842905385,2.5762106823970514,13.242154781228017,15.0,3.0,3.5,0.8,7.691489381127688,27.68936177205968
21,203,7324,185,47.1559,-43.916,342.3088,2.0912,4.8595,0.0127,-0.01,0.0149,-0.007,0.0152,0.0057,0.0164,0.0022,car,191,61.2518,-57.4217,2.9118,-7.9576,8.4736,-0.0211,289.9553,8.473604722902763,30.504977002449948,-14.0959,13.505700000000004,-2.8991,7.9476,8.459853814930847,19.521739914771945,0,21_191_202_7253_ego_191,0,7253,7253,7258,vehicle_vehicle,0.2628129226082215,1.6506816842905385,2.5762106823970514,13.242154781228017,15.0,3.0,3.5,0.8,7.691489381127688,27.68936177205968
21,191,7325,530,61.3668,-57.7406,290.2517,2.0905,5.2067,2.9436,-7.9744,0.5967,-0.4576,8.5003,-0.0014,0.6358,-0.4015,car,191,61.3668,-57.7406,2.9436,-7.9744,8.5003,-0.0014,290.2517,8.500343306008293,30.601235901629856,0.0,0.0,0.0,0.0,0.0,0.0,1,21_191_202_7253_ego_191,1,7253,7253,7258,vehicle_vehicle,0.2628129226082215,1.6506816842905385,2.5762106823970514,13.242154781228017,15.0,3.0,3.5,0.8,7.691489381127688,27.68936177205968
21,200,7325,296,69.4315,-60.2455,316.5767,2.057,4.5261,5.7885,-4.9992,1.8636,2.1185,7.6405,-0.348,-0.1027,-2.8197,car,191,61.3668,-57.7406,2.9436,-7.9744,8.5003,-0.0014,290.2517,8.500343306008293,30.601235901629856,8.064700000000002,-2.5048999999999992,2.8449,2.9752,4.116463415360326,8.444756367119187,0,21_191_202_7253_ego_191,0,7253,7253,7258,vehicle_vehicle,0.2628129226082215,1.6506816842905385,2.5762106823970514,13.242154781228017,15.0,3.0,3.5,0.8,7.691489381127688,27.68936177205968
21,202,7325,261,52.8054,-46.3097,337.3618,2.1047,4.8561,0.0321,-0.0166,0.1324,-0.0937,0.036,0.0029,0.1583,0.0356,car,191,61.3668,-57.7406,2.9436,-7.9744,8.5003,-0.0014,290.2517,8.500343306008293,30.601235901629856,-8.561399999999999,11.430900000000001,-2.9115,7.9578,8.473689461503767,14.281563106677083,0,21_191_202_7253_ego_191,1,7253,7253,7258,vehicle_vehicle,0.2628129226082215,1.6506816842905385,2.5762106823970514,13.242154781228017,15.0,3.0,3.5,0.8,7.691489381127688,27.68936177205968
21,203,7325,186,47.1564,-43.9164,342.3012,2.0912,4.8595,0.0133,-0.0105,0.0105,-0.004,0.0159,0.0059,0.0112,0.0006,car,191,61.3668,-57.7406,2.9436,-7.9744,8.5003,-0.0014,290.2517,8.500343306008293,30.601235901629856,-14.2104,13.824199999999998,-2.9303,7.9639,8.485891897732376,19.825336662967416,0,21_191_202_7253_ego_191,0,7253,7253,7258,vehicle_vehicle,0.2628129226082215,1.6506816842905385,2.5762106823970514,13.242154781228017,15.0,3.0,3.5,0.8,7.691489381127688,27.68936177205968
21,191,7326,531,61.4821,-58.0612,290.5132,2.0905,5.2067,2.9709,-7.9919,0.4514,-0.4886,8.5262,0.018,0.6158,-0.2516,car,191,61.4821,-58.0612,2.9709,-7.9919,8.5262,0.018,290.5132,8.526236709123198,30.694452152843514,0.0,0.0,0.0,0.0,0.0,0.0,1,21_191_202_7253_ego_191,1,7253,7253,7258,vehicle_vehicle,0.2628129226082215,1.6506816842905385,2.5762106823970514,13.242154781228017,15.0,3.0,3.5,0.8,7.691489381127688,27.68936177205968
21,200,7326,297,69.6637,-60.4448,317.4374,2.057,4.5261,5.8602,-4.9158,1.8041,2.1166,7.6413,-0.3431,-0.1029,-2.7793,car,191,61.4821,-58.0612,2.9709,-7.9919,8.5262,0.018,290.5132,8.526236709123198,30.694452152843514,8.181600000000003,-2.3836000000000013,2.8893,3.0761000000000003,4.220242374556229,8.52174439419536,0,21_191_202_7253_ego_191,0,7253,7253,7258,vehicle_vehicle,0.2628129226082215,1.6506816842905385,2.5762106823970514,13.242154781228017,15.0,3.0,3.5,0.8,7.691489381127688,27.68936177205968
21,202,7326,262,52.8064,-46.3103,337.3526,2.1047,4.8561,0.0372,-0.0209,0.1433,-0.0988,0.0424,0.005,0.1703,0.036,car,191,61.4821,-58.0612,2.9709,-7.9919,8.5262,0.018,290.5132,8.526236709123198,30.694452152843514,-8.675700000000006,11.750900000000001,-2.9337,7.971,8.493729256928313,14.606554052890099,0,21_191_202_7253_ego_191,1,7253,7253,7258,vehicle_vehicle,0.2628129226082215,1.6506816842905385,2.5762106823970514,13.242154781228017,15.0,3.0,3.5,0.8,7.691489381127688,27.68936177205968
21,203,7326,187,47.1568,-43.9168,342.2942,2.0912,4.8595,0.0138,-0.0108,0.006,-0.0007,0.0164,0.0061,0.0059,-0.0011,car,191,61.4821,-58.0612,2.9709,-7.9919,8.5262,0.018,290.5132,8.526236709123198,30.694452152843514,-14.325300000000006,14.144399999999997,-2.9571,7.9811000000000005,8.511309982605498,20.131524320080686,0,21_191_202_7253_ego_191,0,7253,7253,7258,vehicle_vehicle,0.2628129226082215,1.6506816842905385,2.5762106823970514,13.242154781228017,15.0,3.0,3.5,0.8,7.691489381127688,27.68936177205968
21,191,7327,532,61.5996,-58.3822,290.7414,2.0905,5.2067,2.9931,-8.0103,0.3023,-0.5207,8.5511,0.0377,0.594,-0.0983,car,191,61.5996,-58.3822,2.9931,-8.0103,8.5511,0.0377,290.7414,8.551231121891163,30.784432038808188,0.0,0.0,0.0,0.0,0.0,0.0,1,21_191_202_7253_ego_191,1,7253,7253,7258,vehicle_vehicle,0.2628129226082215,1.6506816842905385,2.5762106823970514,13.242154781228017,15.0,3.0,3.5,0.8,7.691489381127688,27.68936177205968
21,200,7327,298,69.8987,-60.6401,318.2637,2.057,4.5261,5.93,-4.8324,1.7472,2.1161,7.642,-0.3415,-0.1049,-2.7422,car,191,61.5996,-58.3822,2.9931,-8.0103,8.5511,0.0377,290.7414,8.551231121891163,30.784432038808188,8.299100000000003,-2.2578999999999994,2.9368999999999996,3.177900000000001,4.327173444640278,8.600765850783292,0,21_191_202_7253_ego_191,0,7253,7253,7258,vehicle_vehicle,0.2628129226082215,1.6506816842905385,2.5762106823970514,13.242154781228017,15.0,3.0,3.5,0.8,7.691489381127688,27.68936177205968
21,202,7327,263,52.8078,-46.3116,337.3501,2.1047,4.8561,0.0429,-0.0253,0.1543,-0.1033,0.0493,0.0069,0.1822,0.0359,car,191,61.5996,-58.3822,2.9931,-8.0103,8.5511,0.0377,290.7414,8.551231121891163,30.784432038808188,-8.791800000000002,12.070599999999999,-2.9502,7.985000000000001,8.512573350051088,14.93302151608977,0,21_191_202_7253_ego_191,1,7253,7253,7258,vehicle_vehicle,0.2628129226082215,1.6506816842905385,2.5762106823970514,13.242154781228017,15.0,3.0,3.5,0.8,7.691489381127688,27.68936177205968
21,203,7327,188,47.1572,-43.9173,342.2857,2.0912,4.8595,0.0142,-0.011,0.0014,0.0027,0.0168,0.0062,0.0005,-0.003,car,191,61.5996,-58.3822,2.9931,-8.0103,8.5511,0.0377,290.7414,8.551231121891163,30.784432038808188,-14.4424,14.4649,-2.9789,7.999300000000001,8.535961908303012,20.44055404753012,0,21_191_202_7253_ego_191,0,7253,7253,7258,vehicle_vehicle,0.2628129226082215,1.6506816842905385,2.5762106823970514,13.242154781228017,15.0,3.0,3.5,0.8,7.691489381127688,27.68936177205968
21,191,7328,533,61.7181,-58.703,290.9236,2.0905,5.2067,3.0099,-8.0299,0.1487,-0.5539,8.5753,0.0562,0.5705,0.0589,car,191,61.7181,-58.703,3.0099,-8.0299,8.5753,0.0562,290.9236,8.575476197856302,30.871714312282688,0.0,0.0,0.0,0.0,0.0,0.0,1,21_191_202_7253_ego_191,1,7253,7253,7258,vehicle_vehicle,0.2628129226082215,1.6506816842905385,2.5762106823970514,13.242154781228017,15.0,3.0,3.5,0.8,7.691489381127688,27.68936177205968
21,200,7328,299,70.137,-60.8317,319.0384,2.057,4.5261,5.9975,-4.7491,1.6927,2.1168,7.6423,-0.3455,-0.1094,-2.7081,car,191,61.7181,-58.703,3.0099,-8.0299,8.5753,0.0562,290.9236,8.575476197856302,30.871714312282688,8.4189,-2.128699999999995,2.9875999999999996,3.2807999999999993,4.43727420834007,8.683849428680807,0,21_191_202_7253_ego_191,0,7253,7253,7258,vehicle_vehicle,0.2628129226082215,1.6506816842905385,2.5762106823970514,13.242154781228017,15.0,3.0,3.5,0.8,7.691489381127688,27.68936177205968
21,202,7328,264,52.8096,-46.313,337.3532,2.1047,4.8561,0.049,-0.0298,0.1654,-0.1074,0.0567,0.0086,0.194,0.0354,car,191,61.7181,-58.703,3.0099,-8.0299,8.5753,0.0562,290.9236,8.575476197856302,30.871714312282688,-8.908499999999997,12.39,-2.9609,8.0001,8.530447164129205,15.260192405405638,0,21_191_202_7253_ego_191,1,7253,7253,7258,vehicle_vehicle,0.2628129226082215,1.6506816842905385,2.5762106823970514,13.242154781228017,15.0,3.0,3.5,0.8,7.691489381127688,27.68936177205968
21,203,7328,189,47.1576,-43.9179,342.2763,2.0912,4.8595,0.0144,-0.011,-0.0033,0.0063,0.0171,0.0061,-0.0051,-0.005,car,191,61.7181,-58.703,3.0099,-8.0299,8.5753,0.0562,290.9236,8.575476197856302,30.871714312282688,-14.560499999999998,14.7851,-2.9955,8.0189,8.56012718713922,20.751080508253054,0,21_191_202_7253_ego_191,0,7253,7253,7258,vehicle_vehicle,0.2628129226082215,1.6506816842905385,2.5762106823970514,13.242154781228017,15.0,3.0,3.5,0.8,7.691489381127688,27.68936177205968
