recordingId,trackId,frame,trackLifetime,xCenter,yCenter,heading,width,length,xVelocity,yVelocity,xAcceleration,yAcceleration,lonVelocity,latVelocity,lonAcceleration,latAcceleration,class,egoTrackId,ego_xCenter,ego_yCenter,ego_xVelocity,ego_yVelocity,ego_lonVelocity,ego_latVelocity,ego_heading,ego_speed_mps,ego_speed_kph,rel_x_to_ego,rel_y_to_ego,rel_vx_to_ego,rel_vy_to_ego,rel_speed_to_ego,distance_to_ego,is_ego,event_id,is_primary_actor,event_peak_frame,event_start_frame,event_end_frame,pair_type,risk_score_peak,event_min_ttc,event_min_dcpa,event_min_distance,dist_threshold_used,ttc_threshold_used,dcpa_threshold_used,min_rel_speed_threshold_used,ego_speed_mps_peak,ego_speed_kph_peak
7,318,12661,659,106.3536,-45.0366,141.4955,2.2707,6.3697,-3.4107,3.2917,-1.0741,1.714,4.7184,0.4525,1.9076,0.6726,van,340,,,,,,,,,,,,,,,,0,07_318_340_12736_ego_340,1,12736,12736,12740,vehicle_vehicle,0.30965705168849317,1.8846091046445501,1.9475109315382602,13.597975276488775,15.0,3.0,3.5,0.8,3.0540431251048172,10.994555250377342
7,321,12661,414,116.7718,-51.5291,160.1181,2.146,6.0019,-2.7981,1.0977,-2.2063,1.2559,3.0047,0.0807,2.5019,0.4307,van,340,,,,,,,,,,,,,,,,0,07_318_340_12736_ego_340,0,12736,12736,12740,vehicle_vehicle,0.30965705168849317,1.8846091046445501,1.9475109315382602,13.597975276488775,15.0,3.0,3.5,0.8,3.0540431251048172,10.994555250377342
7,339,12661,7,88.0288,-17.4745,233.4372,2.1052,4.9368,-2.1728,-2.7118,-0.0006,0.3174,3.4725,0.1298,-0.2546,0.1896,car,340,,,,,,,,,,,,,,,,0,07_318_340_12736_ego_340,0,12736,12736,12740,vehicle_vehicle,0.30965705168849317,1.8846091046445501,1.9475109315382602,13.597975276488775,15.0,3.0,3.5,0.8,3.0540431251048172,10.994555250377342
7,318,12662,660,106.2166,-44.9026,141.1546,2.2707,6.3697,-3.4549,3.3635,-1.0625,1.6894,4.8005,0.4526,1.8872,0.6493,van,340,,,,,,,,,,,,,,,,0,07_318_340_12736_ego_340,1,12736,12736,12740,vehicle_vehicle,0.30965705168849317,1.8846091046445501,1.9475109315382602,13.597975276488775,15.0,3.0,3.5,0.8,3.0540431251048172,10.994555250377342
7,321,12662,415,116.6589,-51.4842,160.0388,2.146,6.0019,-2.8892,1.1471,-2.2436,1.3027,3.1072,0.0918,2.5535,0.4585,van,340,,,,,,,,,,,,,,,,0,07_318_340_12736_ego_340,0,12736,12736,12740,vehicle_vehicle,0.30965705168849317,1.8846091046445501,1.9475109315382602,13.597975276488775,15.0,3.0,3.5,0.8,3.0540431251048172,10.994555250377342
7,339,12662,8,87.9397,-17.585,233.2847,2.1052,4.9368,-2.167,-2.6944,-0.0051,0.3321,3.4554,0.1263,-0.2632,0.2026,car,340,,,,,,,,,,,,,,,,0,07_318_340_12736_ego_340,0,12736,12736,12740,vehicle_vehicle,0.30965705168849317,1.8846091046445501,1.9475109315382602,13.597975276488775,15.0,3.0,3.5,0.8,3.0540431251048172,10.994555250377342
7,318,12663,661,106.0778,-44.7659,140.8202,2.2707,6.3697,-3.4988,3.4341,-1.0497,1.6617,4.8817,0.4517,1.8634,0.6249,van,340,,,,,,,,,,,,,,,,0,07_318_340_12736_ego_340,1,12736,12736,12740,vehicle_vehicle,0.30965705168849317,1.8846091046445501,1.9475109315382602,13.597975276488775,15.0,3.0,3.5,0.8,3.0540431251048172,10.994555250377342
7,321,12663,416,116.5423,-51.4373,159.9504,2.146,6.0019,-2.982,1.1983,-2.278,1.3503,3.2121,0.1033,2.6028,0.4875,van,340,,,,,,,,,,,,,,,,0,07_318_340_12736_ego_340,0,12736,12736,12740,vehicle_vehicle,0.30965705168849317,1.8846091046445501,1.9475109315382602,13.597975276488775,15.0,3.0,3.5,0.8,3.0540431251048172,10.994555250377342
7,339,12663,9,87.852,-17.6942,233.1391,2.1052,4.9368,-2.1609,-2.6757,-0.0156,0.3417,3.4371,0.1238,-0.264,0.2174,car,340,,,,,,,,,,,,,,,,0,07_318_340_12736_ego_340,0,12736,12736,12740,vehicle_vehicle,0.30965705168849317,1.8846091046445501,1.9475109315382602,13.597975276488775,15.0,3.0,3.5,0.8,3.0540431251048172,10.994555250377342
7,318,12664,662,105.9379,-44.6268,140.4857,2.2707,6.3697,-3.5425,3.5034,-1.0353,1.631,4.962,0.4488,1.8364,0.5995,van,340,,,,,,,,,,,,,,,,0,07_318_340_12736_ego_340,1,12736,12736,12740,vehicle_vehicle,0.30965705168849317,1.8846091046445501,1.9475109315382602,13.597975276488775,15.0,3.0,3.5,0.8,3.0540431251048172,10.994555250377342
7,321,12664,417,116.422,-51.3886,159.8498,2.146,6.0019,-3.0766,1.2515,-2.309,1.3988,3.3194,0.115,2.6496,0.5178,van,340,,,,,,,,,,,,,,,,0,07_318_340_12736_ego_340,0,12736,12736,12740,vehicle_vehicle,0.30965705168849317,1.8846091046445501,1.9475109315382602,13.597975276488775,15.0,3.0,3.5,0.8,3.0540431251048172,10.994555250377342
7,339,12664,10,87.7644,-17.8017,233.0002,2.1052,4.9368,-2.1548,-2.6563,-0.0326,0.3457,3.4182,0.1223,-0.2565,0.2341,car,340,,,,,,,,,,,,,,,,0,07_318_340_12736_ego_340,0,12736,12736,12740,vehicle_vehicle,0.30965705168849317,1.8846091046445501,1.9475109315382602,13.597975276488775,15.0,3.0,3.5,0.8,3.0540431251048172,10.994555250377342
7,318,12665,663,105.7969,-44.4852,140.1614,2.2707,6.3697,-3.5862,3.5714,-1.0189,1.5975,5.0416,0.4449,1.8058,0.5739,van,340,,,,,,,,,,,,,,,,0,07_318_340_12736_ego_340,1,12736,12736,12740,vehicle_vehicle,0.30965705168849317,1.8846091046445501,1.9475109315382602,13.597975276488775,15.0,3.0,3.5,0.8,3.0540431251048172,10.994555250377342
7,321,12665,418,116.2979,-51.3377,159.739,2.146,6.0019,-3.1727,1.3067,-2.3365,1.448,3.4289,0.1272,2.6934,0.5493,van,340,,,,,,,,,,,,,,,,0,07_318_340_12736_ego_340,0,12736,12736,12740,vehicle_vehicle,0.30965705168849317,1.8846091046445501,1.9475109315382602,13.597975276488775,15.0,3.0,3.5,0.8,3.0540431251048172,10.994555250377342
7,339,12665,11,87.6772,-17.9077,232.8733,2.1052,4.9368,-2.149,-2.6368,-0.0565,0.344,3.3994,0.1219,-0.2401,0.2527,car,340,,,,,,,,,,,,,,,,0,07_318_340_12736_ego_340,0,12736,12736,12740,vehicle_vehicle,0.30965705168849317,1.8846091046445501,1.9475109315382602,13.597975276488775,15.0,3.0,3.5,0.8,3.0540431251048172,10.994555250377342
7,318,12666,664,105.6543,-44.3406,139.8413,2.2707,6.3697,-3.63,3.638,-0.9999,1.5613,5.1204,0.4394,1.7711,0.5484,van,340,,,,,,,,,,,,,,,,0,07_318_340_12736_ego_340,1,12736,12736,12740,vehicle_vehicle,0.30965705168849317,1.8846091046445501,1.9475109315382602,13.597975276488775,15.0,3.0,3.5,0.8,3.0540431251048172,10.994555250377342
7,321,12666,419,116.1696,-51.285,159.6169,2.146,6.0019,-3.2701,1.3643,-2.3601,1.4978,3.5406,0.1399,2.734,0.582,van,340,,,,,,,,,,,,,,,,0,07_318_340_12736_ego_340,0,12736,12736,12740,vehicle_vehicle,0.30965705168849317,1.8846091046445501,1.9475109315382602,13.597975276488775,15.0,3.0,3.5,0.8,3.0540431251048172,10.994555250377342
7,339,12666,12,87.5905,-18.0122,232.7414,2.1052,4.9368,-2.1438,-2.6176,-0.0877,0.3367,3.3812,0.1216,-0.2149,0.2736,car,340,,,,,,,,,,,,,,,,0,07_318_340_12736_ego_340,0,12736,12736,12740,vehicle_vehicle,0.30965705168849317,1.8846091046445501,1.9475109315382602,13.597975276488775,15.0,3.0,3.5,0.8,3.0540431251048172,10.994555250377342
7,318,12667,665,105.5094,-44.1941,139.5329,2.2707,6.3697,-3.6734,3.7031,-0.9776,1.5225,5.198,0.4332,1.7319,0.5238,van,340,,,,,,,,,,,,,,,,0,07_318_340_12736_ego_340,1,12736,12736,12740,vehicle_vehicle,0.30965705168849317,1.8846091046445501,1.9475109315382602,13.597975276488775,15.0,3.0,3.5,0.8,3.0540431251048172,10.994555250377342
7,321,12667,420,116.0381,-51.2292,159.48,2.146,6.0019,-3.369,1.4238,-2.3796,1.5479,3.6543,0.1525,2.7712,0.6156,van,340,,,,,,,,,,,,,,,,0,07_318_340_12736_ego_340,0,12736,12736,12740,vehicle_vehicle,0.30965705168849317,1.8846091046445501,1.9475109315382602,13.597975276488775,15.0,3.0,3.5,0.8,3.0540431251048172,10.994555250377342
7,339,12667,13,87.5036,-18.1154,232.5992,2.1052,4.9368,-2.1395,-2.5991,-0.1265,0.3242,3.3643,0.121,-0.1807,0.2974,car,340,,,,,,,,,,,,,,,,0,07_318_340_12736_ego_340,0,12736,12736,12740,vehicle_vehicle,0.30965705168849317,1.8846091046445501,1.9475109315382602,13.597975276488775,15.0,3.0,3.5,0.8,3.0540431251048172,10.994555250377342
7,318,12668,666,105.3625,-44.0453,139.2294,2.2707,6.3697,-3.7162,3.767,-0.9518,1.4808,5.2744,0.426,1.6879,0.4999,van,340,,,,,,,,,,,,,,,,0,07_318_340_12736_ego_340,1,12736,12736,12740,vehicle_vehicle,0.30965705168849317,1.8846091046445501,1.9475109315382602,13.597975276488775,15.0,3.0,3.5,0.8,3.0540431251048172,10.994555250377342
7,321,12668,421,115.9024,-51.1718,159.3342,2.146,6.0019,-3.469,1.4857,-2.3943,1.5983,3.7701,0.1658,2.8043,0.6505,van,340,,,,,,,,,,,,,,,,0,07_318_340_12736_ego_340,0,12736,12736,12740,vehicle_vehicle,0.30965705168849317,1.8846091046445501,1.9475109315382602,13.597975276488775,15.0,3.0,3.5,0.8,3.0540431251048172,10.994555250377342
7,339,12668,14,87.4164,-18.2175,232.4556,2.1052,4.9368,-2.1361,-2.5818,-0.1734,0.3071,3.3488,0.1204,-0.1378,0.3246,car,340,,,,,,,,,,,,,,,,0,07_318_340_12736_ego_340,0,12736,12736,12740,vehicle_vehicle,0.30965705168849317,1.8846091046445501,1.9475109315382602,13.597975276488775,15.0,3.0,3.5,0.8,3.0540431251048172,10.994555250377342
7,318,12669,667,105.2139,-43.8936,138.9322,2.2707,6.3697,-3.7584,3.8292,-0.9221,1.4362,5.3492,0.4179,1.6387,0.477,van,340,,,,,,,,,,,,,,,,0,07_318_340_12736_ego_340,1,12736,12736,12740,vehicle_vehicle,0.30965705168849317,1.8846091046445501,1.9475109315382602,13.597975276488775,15.0,3.0,3.5,0.8,3.0540431251048172,10.994555250377342
7,321,12669,422,115.7629,-51.1119,159.1761,2.146,6.0019,-3.57,1.5498,-2.4041,1.6486,3.8878,0.1795,2.8331,0.6863,van,340,,,,,,,,,,,,,,,,0,07_318_340_12736_ego_340,0,12736,12736,12740,vehicle_vehicle,0.30965705168849317,1.8846091046445501,1.9475109315382602,13.597975276488775,15.0,3.0,3.5,0.8,3.0540431251048172,10.994555250377342
7,339,12669,15,87.3298,-18.3193,232.3006,2.1052,4.9368,-2.1342,-2.5657,-0.229,0.2858,3.3352,0.1197,-0.0862,0.356,car,340,,,,,,,,,,,,,,,,0,07_318_340_12736_ego_340,0,12736,12736,12740,vehicle_vehicle,0.30965705168849317,1.8846091046445501,1.9475109315382602,13.597975276488775,15.0,3.0,3.5,0.8,3.0540431251048172,10.994555250377342
7,318,12670,668,105.0628,-43.7395,138.6353,2.2707,6.3697,-3.7993,3.8897,-0.8883,1.3885,5.422,0.4086,1.5843,0.4551,van,340,,,,,,,,,,,,,,,,0,07_318_340_12736_ego_340,1,12736,12736,12740,vehicle_vehicle,0.30965705168849317,1.8846091046445501,1.9475109315382602,13.597975276488775,15.0,3.0,3.5,0.8,3.0540431251048172,10.994555250377342
7,321,12670,423,115.6193,-51.0493,159.0059,2.146,6.0019,-3.6719,1.6163,-2.4083,1.6985,4.0073,0.1935,2.857,0.7229,van,340,,,,,,,,,,,,,,,,0,07_318_340_12736_ego_340,0,12736,12736,12740,vehicle_vehicle,0.30965705168849317,1.8846091046445501,1.9475109315382602,13.597975276488775,15.0,3.0,3.5,0.8,3.0540431251048172,10.994555250377342
7,339,12670,16,87.2443,-18.4203,232.1317,2.1052,4.9368,-2.1346,-2.5511,-0.2933,0.2611,3.3242,0.1191,-0.0261,0.3919,car,340,,,,,,,,,,,,,,,,0,07_318_340_12736_ego_340,0,12736,12736,12740,vehicle_vehicle,0.30965705168849317,1.8846091046445501,1.9475109315382602,13.597975276488775,15.0,3.0,3.5,0.8,3.0540431251048172,10.994555250377342
7,318,12671,669,104.9104,-43.5838,138.3646,2.2707,6.3697,-3.839,3.9488,-0.8504,1.3375,5.4927,0.4007,1.5242,0.4347,van,340,,,,,,,,,,,,,,,,0,07_318_340_12736_ego_340,1,12736,12736,12740,vehicle_vehicle,0.30965705168849317,1.8846091046445501,1.9475109315382602,13.597975276488775,15.0,3.0,3.5,0.8,3.0540431251048172,10.994555250377342
7,321,12671,424,115.4717,-50.9841,158.8233,2.146,6.0019,-3.7745,1.6851,-2.4066,1.7477,4.1283,0.2078,2.8754,0.7603,van,340,,,,,,,,,,,,,,,,0,07_318_340_12736_ego_340,0,12736,12736,12740,vehicle_vehicle,0.30965705168849317,1.8846091046445501,1.9475109315382602,13.597975276488775,15.0,3.0,3.5,0.8,3.0540431251048172,10.994555250377342
7,339,12671,17,87.1597,-18.521,231.9653,2.1052,4.9368,-2.1379,-2.5378,-0.3663,0.2334,3.3161,0.1202,0.0419,0.4323,car,340,,,,,,,,,,,,,,,,0,07_318_340_12736_ego_340,0,12736,12736,12740,vehicle_vehicle,0.30965705168849317,1.8846091046445501,1.9475109315382602,13.597975276488775,15.0,3.0,3.5,0.8,3.0540431251048172,10.994555250377342
7,318,12672,670,104.7568,-43.4249,138.115,2.2707,6.3697,-3.8774,4.0058,-0.8082,1.2831,5.5611,0.3935,1.4583,0.4157,van,340,,,,,,,,,,,,,,,,0,07_318_340_12736_ego_340,1,12736,12736,12740,vehicle_vehicle,0.30965705168849317,1.8846091046445501,1.9475109315382602,13.597975276488775,15.0,3.0,3.5,0.8,3.0540431251048172,10.994555250377342
7,321,12672,425,115.3199,-50.9158,158.63,2.146,6.0019,-3.8774,1.7561,-2.3984,1.7959,4.2507,0.2224,2.8879,0.7985,van,340,,,,,,,,,,,,,,,,0,07_318_340_12736_ego_340,0,12736,12736,12740,vehicle_vehicle,0.30965705168849317,1.8846091046445501,1.9475109315382602,13.597975276488775,15.0,3.0,3.5,0.8,3.0540431251048172,10.994555250377342
7,339,12672,18,87.076,-18.6218,231.7889,2.1052,4.9368,-2.145,-2.5259,-0.4473,0.2029,3.3115,0.123,0.1172,0.477,car,340,,,,,,,,,,,,,,,,0,07_318_340_12736_ego_340,0,12736,12736,12740,vehicle_vehicle,0.30965705168849317,1.8846091046445501,1.9475109315382602,13.597975276488775,15.0,3.0,3.5,0.8,3.0540431251048172,10.994555250377342
7,318,12673,671,104.6017,-43.264,137.8861,2.2707,6.3697,-3.9145,4.0608,-0.7614,1.225,5.627,0.3873,1.3863,0.3981,van,340,,,,,,,,,,,,,,,,0,07_318_340_12736_ego_340,1,12736,12736,12740,vehicle_vehicle,0.30965705168849317,1.8846091046445501,1.9475109315382602,13.597975276488775,15.0,3.0,3.5,0.8,3.0540431251048172,10.994555250377342
7,321,12673,426,115.1637,-50.8454,158.4257,2.146,6.0019,-3.9803,1.8295,-2.3833,1.8429,4.3742,0.2377,2.894,0.8374,van,340,,,,,,,,,,,,,,,,0,07_318_340_12736_ego_340,0,12736,12736,12740,vehicle_vehicle,0.30965705168849317,1.8846091046445501,1.9475109315382602,13.597975276488775,15.0,3.0,3.5,0.8,3.0540431251048172,10.994555250377342
7,339,12673,19,86.9926,-18.7219,231.595,2.1052,4.9368,-2.1564,-2.5155,-0.5353,0.1701,3.3109,0.1272,0.1993,0.5251,car,340,,,,,,,,,,,,,,,,0,07_318_340_12736_ego_340,0,12736,12736,12740,vehicle_vehicle,0.30965705168849317,1.8846091046445501,1.9475109315382602,13.597975276488775,15.0,3.0,3.5,0.8,3.0540431251048172,10.994555250377342
7,318,12674,672,104.4425,-43.0993,137.7142,2.2707,6.3697,-3.9488,4.1129,-0.7104,1.1635,5.6886,0.3859,1.3084,0.3828,van,340,,,,,,,,,,,,,,,,0,07_318_340_12736_ego_340,1,12736,12736,12740,vehicle_vehicle,0.30965705168849317,1.8846091046445501,1.9475109315382602,13.597975276488775,15.0,3.0,3.5,0.8,3.0540431251048172,10.994555250377342
7,321,12674,427,115.0033,-50.772,158.2077,2.146,6.0019,-4.083,1.9052,-2.3612,1.888,4.4985,0.2533,2.8934,0.8765,van,340,,,,,,,,,,,,,,,,0,07_318_340_12736_ego_340,0,12736,12736,12740,vehicle_vehicle,0.30965705168849317,1.8846091046445501,1.9475109315382602,13.597975276488775,15.0,3.0,3.5,0.8,3.0540431251048172,10.994555250377342
7,339,12674,20,86.9088,-18.8215,231.3938,2.1052,4.9368,-2.1725,-2.5068,-0.6292,0.1351,3.3145,0.1336,0.287,0.576,car,340,,,,,,,,,,,,,,,,0,07_318_340_12736_ego_340,0,12736,12736,12740,vehicle_vehicle,0.30965705168849317,1.8846091046445501,1.9475109315382602,13.597975276488775,15.0,3.0,3.5,0.8,3.0540431251048172,10.994555250377342
7,318,12675,673,104.2821,-42.9327,137.5572,2.2707,6.3697,-3.9803,4.1622,-0.6558,1.0991,5.7462,0.3854,1.2257,0.3685,van,340,,,,,,,,,,,,,,,,0,07_318_340_12736_ego_340,1,12736,12736,12740,vehicle_vehicle,0.30965705168849317,1.8846091046445501,1.9475109315382602,13.597975276488775,15.0,3.0,3.5,0.8,3.0540431251048172,10.994555250377342
7,321,12675,428,114.8391,-50.6955,157.976,2.146,6.0019,-4.1851,1.9833,-2.3315,1.9309,4.6234,0.2692,2.8855,0.9156,van,340,,,,,,,,,,,,,,,,0,07_318_340_12736_ego_340,0,12736,12736,12740,vehicle_vehicle,0.30965705168849317,1.8846091046445501,1.9475109315382602,13.597975276488775,15.0,3.0,3.5,0.8,3.0540431251048172,10.994555250377342
7,339,12675,21,86.8241,-18.9205,231.197,2.1052,4.9368,-2.1935,-2.4999,-0.7278,0.0984,3.3227,0.1428,0.3794,0.6289,car,340,,,,,,,,,,,,,,,,0,07_318_340_12736_ego_340,0,12736,12736,12740,vehicle_vehicle,0.30965705168849317,1.8846091046445501,1.9475109315382602,13.597975276488775,15.0,3.0,3.5,0.8,3.0540431251048172,10.994555250377342
7,318,12676,674,104.1199,-42.7646,137.3964,2.2707,6.3697,-4.0087,4.2085,-0.5986,1.0321,5.7995,0.3841,1.1393,0.3545,van,340,,,,,,,,,,,,,,,,0,07_318_340_12736_ego_340,1,12736,12736,12740,vehicle_vehicle,0.30965705168849317,1.8846091046445501,1.9475109315382602,13.597975276488775,15.0,3.0,3.5,0.8,3.0540431251048172,10.994555250377342
7,321,12676,429,114.6704,-50.6157,157.7339,2.146,6.0019,-4.2863,2.0635,-2.2941,1.9709,4.7485,0.2856,2.8698,0.9547,van,340,,,,,,,,,,,,,,,,0,07_318_340_12736_ego_340,0,12736,12736,12740,vehicle_vehicle,0.30965705168849317,1.8846091046445501,1.9475109315382602,13.597975276488775,15.0,3.0,3.5,0.8,3.0540431251048172,10.994555250377342
7,339,12676,22,86.7383,-19.0192,230.9872,2.1052,4.9368,-2.2194,-2.495,-0.8302,0.0606,3.3357,0.1539,0.4756,0.6832,car,340,,,,,,,,,,,,,,,,0,07_318_340_12736_ego_340,0,12736,12736,12740,vehicle_vehicle,0.30965705168849317,1.8846091046445501,1.9475109315382602,13.597975276488775,15.0,3.0,3.5,0.8,3.0540431251048172,10.994555250377342
7,318,12677,675,103.9562,-42.5934,137.2417,2.2707,6.3697,-4.0337,4.2514,-0.5398,0.9632,5.8479,0.383,1.0503,0.3407,van,340,,,,,,,,,,,,,,,,0,07_318_340_12736_ego_340,1,12736,12736,12740,vehicle_vehicle,0.30965705168849317,1.8846091046445501,1.9475109315382602,13.597975276488775,15.0,3.0,3.5,0.8,3.0540431251048172,10.994555250377342
7,321,12677,430,114.4974,-50.5332,157.4707,2.146,6.0019,-4.3861,2.146,-2.2487,2.0077,4.8736,0.3017,2.8463,0.9929,van,340,,,,,,,,,,,,,,,,0,07_318_340_12736_ego_340,0,12736,12736,12740,vehicle_vehicle,0.30965705168849317,1.8846091046445501,1.9475109315382602,13.597975276488775,15.0,3.0,3.5,0.8,3.0540431251048172,10.994555250377342
7,339,12677,23,86.6518,-19.1178,230.7476,2.1052,4.9368,-2.2505,-2.4921,-0.9352,0.0219,3.3538,0.1659,0.5748,0.738,car,340,,,,,,,,,,,,,,,,0,07_318_340_12736_ego_340,0,12736,12736,12740,vehicle_vehicle,0.30965705168849317,1.8846091046445501,1.9475109315382602,13.597975276488775,15.0,3.0,3.5,0.8,3.0540431251048172,10.994555250377342
7,318,12678,676,103.7921,-42.42,137.096,2.2707,6.3697,-4.0554,4.2905,-0.4805,0.8932,5.8914,0.382,0.96,0.3272,van,340,,,,,,,,,,,,,,,,0,07_318_340_12736_ego_340,1,12736,12736,12740,vehicle_vehicle,0.30965705168849317,1.8846091046445501,1.9475109315382602,13.597975276488775,15.0,3.0,3.5,0.8,3.0540431251048172,10.994555250377342
7,321,12678,431,114.3213,-50.4477,157.1918,2.146,6.0019,-4.4845,2.2307,-2.195,2.0404,4.9986,0.3179,2.8143,1.03,van,340,,,,,,,,,,,,,,,,0,07_318_340_12736_ego_340,0,12736,12736,12740,vehicle_vehicle,0.30965705168849317,1.8846091046445501,1.9475109315382602,13.597975276488775,15.0,3.0,3.5,0.8,3.0540431251048172,10.994555250377342
7,339,12678,24,86.5634,-19.2163,230.4914,2.1052,4.9368,-2.2869,-2.4912,-1.0418,-0.017,3.3769,0.1795,0.6759,0.7929,car,340,,,,,,,,,,,,,,,,0,07_318_340_12736_ego_340,0,12736,12736,12740,vehicle_vehicle,0.30965705168849317,1.8846091046445501,1.9475109315382602,13.597975276488775,15.0,3.0,3.5,0.8,3.0540431251048172,10.994555250377342
7,318,12679,677,103.6272,-42.2448,136.9477,2.2707,6.3697,-4.0738,4.3256,-0.4215,0.8232,5.9298,0.3798,0.87,0.3138,van,340,,,,,,,,,,,,,,,,0,07_318_340_12736_ego_340,1,12736,12736,12740,vehicle_vehicle,0.30965705168849317,1.8846091046445501,1.9475109315382602,13.597975276488775,15.0,3.0,3.5,0.8,3.0540431251048172,10.994555250377342
7,321,12679,432,114.1414,-50.3573,156.8905,2.146,6.0019,-4.5813,2.3169,-2.1326,2.0687,5.123,0.3329,2.7734,1.0656,van,340,,,,,,,,,,,,,,,,0,07_318_340_12736_ego_340,0,12736,12736,12740,vehicle_vehicle,0.30965705168849317,1.8846091046445501,1.9475109315382602,13.597975276488775,15.0,3.0,3.5,0.8,3.0540431251048172,10.994555250377342
7,339,12679,25,86.4737,-19.3148,230.2191,2.1052,4.9368,-2.3285,-2.4922,-1.1489,-0.0557,3.4052,0.1948,0.7779,0.8473,car,340,,,,,,,,,,,,,,,,0,07_318_340_12736_ego_340,0,12736,12736,12740,vehicle_vehicle,0.30965705168849317,1.8846091046445501,1.9475109315382602,13.597975276488775,15.0,3.0,3.5,0.8,3.0540431251048172,10.994555250377342
7,318,12680,678,103.4618,-42.0687,136.7993,2.2707,6.3697,-4.0889,4.357,-0.3638,0.7543,5.9633,0.377,0.7816,0.3008,van,340,,,,,,,,,,,,,,,,0,07_318_340_12736_ego_340,1,12736,12736,12740,vehicle_vehicle,0.30965705168849317,1.8846091046445501,1.9475109315382602,13.597975276488775,15.0,3.0,3.5,0.8,3.0540431251048172,10.994555250377342
7,321,12680,433,113.9571,-50.264,156.5719,2.146,6.0019,-4.6758,2.4047,-2.0611,2.0921,5.2464,0.3473,2.723,1.1001,van,340,,,,,,,,,,,,,,,,0,07_318_340_12736_ego_340,0,12736,12736,12740,vehicle_vehicle,0.30965705168849317,1.8846091046445501,1.9475109315382602,13.597975276488775,15.0,3.0,3.5,0.8,3.0540431251048172,10.994555250377342
7,339,12680,26,86.3822,-19.4137,229.9126,2.1052,4.9368,-2.3754,-2.4952,-1.2556,-0.0938,3.4387,0.2105,0.8803,0.9002,car,340,,,,,,,,,,,,,,,,0,07_318_340_12736_ego_340,0,12736,12736,12740,vehicle_vehicle,0.30965705168849317,1.8846091046445501,1.9475109315382602,13.597975276488775,15.0,3.0,3.5,0.8,3.0540431251048172,10.994555250377342
7,318,12681,679,103.2956,-41.8917,136.6634,2.2707,6.3697,-4.1009,4.3847,-0.3083,0.6874,5.9919,0.3748,0.696,0.2884,van,340,,,,,,,,,,,,,,,,0,07_318_340_12736_ego_340,1,12736,12736,12740,vehicle_vehicle,0.30965705168849317,1.8846091046445501,1.9475109315382602,13.597975276488775,15.0,3.0,3.5,0.8,3.0540431251048172,10.994555250377342
7,321,12681,434,113.769,-50.1673,156.2301,2.146,6.0019,-4.7677,2.4938,-1.9802,2.1103,5.3685,0.3606,2.6628,1.1331,van,340,,,,,,,,,,,,,,,,0,07_318_340_12736_ego_340,0,12736,12736,12740,vehicle_vehicle,0.30965705168849317,1.8846091046445501,1.9475109315382602,13.597975276488775,15.0,3.0,3.5,0.8,3.0540431251048172,10.994555250377342
7,339,12681,27,86.2885,-19.5122,229.5595,2.1052,4.9368,-2.4275,-2.5003,-1.3608,-0.1309,3.4775,0.2257,0.9824,0.9508,car,340,,,,,,,,,,,,,,,,0,07_318_340_12736_ego_340,0,12736,12736,12740,vehicle_vehicle,0.30965705168849317,1.8846091046445501,1.9475109315382602,13.597975276488775,15.0,3.0,3.5,0.8,3.0540431251048172,10.994555250377342
7,318,12682,680,103.1296,-41.7137,136.5328,2.2707,6.3697,-4.1098,4.409,-0.2557,0.6233,6.0159,0.3726,0.6144,0.2765,van,340,,,,,,,,,,,,,,,,0,07_318_340_12736_ego_340,1,12736,12736,12740,vehicle_vehicle,0.30965705168849317,1.8846091046445501,1.9475109315382602,13.597975276488775,15.0,3.0,3.5,0.8,3.0540431251048172,10.994555250377342
7,321,12682,435,113.5773,-50.0669,155.8689,2.146,6.0019,-4.8567,2.5841,-1.8897,2.1228,5.4887,0.3728,2.5925,1.1647,van,340,,,,,,,,,,,,,,,,0,07_318_340_12736_ego_340,0,12736,12736,12740,vehicle_vehicle,0.30965705168849317,1.8846091046445501,1.9475109315382602,13.597975276488775,15.0,3.0,3.5,0.8,3.0540431251048172,10.994555250377342
7,339,12682,28,86.1919,-19.6112,229.1663,2.1052,4.9368,-2.4845,-2.5073,-1.4639,-0.1665,3.5215,0.2403,1.0832,0.9987,car,340,,,,,,,,,,,,,,,,0,07_318_340_12736_ego_340,0,12736,12736,12740,vehicle_vehicle,0.30965705168849317,1.8846091046445501,1.9475109315382602,13.597975276488775,15.0,3.0,3.5,0.8,3.0540431251048172,10.994555250377342
7,318,12683,681,102.9628,-41.5348,136.4139,2.2707,6.3697,-4.1159,4.4299,-0.207,0.5629,6.0354,0.3711,0.538,0.265,van,340,,,,,,,,,,,,,,,,0,07_318_340_12736_ego_340,1,12736,12736,12740,vehicle_vehicle,0.30965705168849317,1.8846091046445501,1.9475109315382602,13.597975276488775,15.0,3.0,3.5,0.8,3.0540431251048172,10.994555250377342
7,321,12683,436,113.3809,-49.962,155.4889,2.146,6.0019,-4.9417,2.675,-1.7897,2.1294,5.6061,0.3838,2.5118,1.195,van,340,,,,,,,,,,,,,,,,0,07_318_340_12736_ego_340,0,12736,12736,12740,vehicle_vehicle,0.30965705168849317,1.8846091046445501,1.9475109315382602,13.597975276488775,15.0,3.0,3.5,0.8,3.0540431251048172,10.994555250377342
7,339,12683,29,86.0925,-19.7104,228.7365,2.1052,4.9368,-2.546,-2.5162,-1.5642,-0.2001,3.5705,0.2543,1.182,1.0438,car,340,,,,,,,,,,,,,,,,0,07_318_340_12736_ego_340,0,12736,12736,12740,vehicle_vehicle,0.30965705168849317,1.8846091046445501,1.9475109315382602,13.597975276488775,15.0,3.0,3.5,0.8,3.0540431251048172,10.994555250377342
7,318,12684,682,102.7953,-41.3558,136.2997,2.2707,6.3697,-4.1189,4.4478,-0.1629,0.5067,6.0507,0.37,0.4679,0.2538,van,340,,,,,,,,,,,,,,,,0,07_318_340_12736_ego_340,1,12736,12736,12740,vehicle_vehicle,0.30965705168849317,1.8846091046445501,1.9475109315382602,13.597975276488775,15.0,3.0,3.5,0.8,3.0540431251048172,10.994555250377342
7,321,12684,437,113.1802,-49.8532,155.0802,2.146,6.0019,-5.0221,2.7661,-1.6805,2.13,5.72,0.3925,2.4215,1.2236,van,340,,,,,,,,,,,,,,,,0,07_318_340_12736_ego_340,0,12736,12736,12740,vehicle_vehicle,0.30965705168849317,1.8846091046445501,1.9475109315382602,13.597975276488775,15.0,3.0,3.5,0.8,3.0540431251048172,10.994555250377342
7,339,12684,30,85.9908,-19.81,228.2786,2.1052,4.9368,-2.6121,-2.5269,-1.6612,-0.2312,3.6244,0.268,1.2781,1.086,car,340,,,,,,,,,,,,,,,,0,07_318_340_12736_ego_340,0,12736,12736,12740,vehicle_vehicle,0.30965705168849317,1.8846091046445501,1.9475109315382602,13.597975276488775,15.0,3.0,3.5,0.8,3.0540431251048172,10.994555250377342
7,318,12685,683,102.6281,-41.1768,136.1933,2.2707,6.3697,-4.1192,4.4632,-0.1246,0.4553,6.0623,0.3696,0.4051,0.2423,van,340,,,,,,,,,,,,,,,,0,07_318_340_12736_ego_340,1,12736,12736,12740,vehicle_vehicle,0.30965705168849317,1.8846091046445501,1.9475109315382602,13.597975276488775,15.0,3.0,3.5,0.8,3.0540431251048172,10.994555250377342
7,321,12685,438,112.9763,-49.7405,154.6599,2.146,6.0019,-5.0975,2.8571,-1.5628,2.1248,5.8298,0.4005,2.3219,1.2515,van,340,,,,,,,,,,,,,,,,0,07_318_340_12736_ego_340,0,12736,12736,12740,vehicle_vehicle,0.30965705168849317,1.8846091046445501,1.9475109315382602,13.597975276488775,15.0,3.0,3.5,0.8,3.0540431251048172,10.994555250377342
7,339,12685,31,85.8862,-19.9102,227.7834,2.1052,4.9368,-2.6826,-2.5393,-1.7545,-0.2594,3.6832,0.2805,1.371,1.1251,car,340,,,,,,,,,,,,,,,,0,07_318_340_12736_ego_340,0,12736,12736,12740,vehicle_vehicle,0.30965705168849317,1.8846091046445501,1.9475109315382602,13.597975276488775,15.0,3.0,3.5,0.8,3.0540431251048172,10.994555250377342
7,318,12686,684,102.461,-40.9973,136.0851,2.2707,6.3697,-4.117,4.4764,-0.093,0.4089,6.0705,0.3691,0.3506,0.23,van,340,,,,,,,,,,,,,,,,0,07_318_340_12736_ego_340,1,12736,12736,12740,vehicle_vehicle,0.30965705168849317,1.8846091046445501,1.9475109315382602,13.597975276488775,15.0,3.0,3.5,0.8,3.0540431251048172,10.994555250377342
7,321,12686,439,112.7694,-49.6235,154.2165,2.146,6.0019,-5.1675,2.9475,-1.4374,2.114,5.9351,0.4063,2.2138,1.2784,van,340,,,,,,,,,,,,,,,,0,07_318_340_12736_ego_340,0,12736,12736,12740,vehicle_vehicle,0.30965705168849317,1.8846091046445501,1.9475109315382602,13.597975276488775,15.0,3.0,3.5,0.8,3.0540431251048172,10.994555250377342
7,339,12686,32,85.7784,-20.0113,227.2508,2.1052,4.9368,-2.7572,-2.5531,-1.8435,-0.2842,3.7464,0.2916,1.4601,1.1608,car,340,,,,,,,,,,,,,,,,0,07_318_340_12736_ego_340,0,12736,12736,12740,vehicle_vehicle,0.30965705168849317,1.8846091046445501,1.9475109315382602,13.597975276488775,15.0,3.0,3.5,0.8,3.0540431251048172,10.994555250377342
7,318,12687,685,102.2947,-40.8174,135.9629,2.2707,6.3697,-4.113,4.4874,-0.0688,0.3676,6.0761,0.3669,0.305,0.2164,van,340,,,,,,,,,,,,,,,,0,07_318_340_12736_ego_340,1,12736,12736,12740,vehicle_vehicle,0.30965705168849317,1.8846091046445501,1.9475109315382602,13.597975276488775,15.0,3.0,3.5,0.8,3.0540431251048172,10.994555250377342
7,321,12687,440,112.5592,-49.5026,153.7504,2.146,6.0019,-5.2315,3.0369,-1.3049,2.0981,6.0351,0.4099,2.0983,1.3046,van,340,,,,,,,,,,,,,,,,0,07_318_340_12736_ego_340,0,12736,12736,12740,vehicle_vehicle,0.30965705168849317,1.8846091046445501,1.9475109315382602,13.597975276488775,15.0,3.0,3.5,0.8,3.0540431251048172,10.994555250377342
7,339,12687,33,85.6667,-20.1129,226.6851,2.1052,4.9368,-2.8353,-2.5682,-1.9281,-0.3055,3.8137,0.3012,1.545,1.1933,car,340,,,,,,,,,,,,,,,,0,07_318_340_12736_ego_340,0,12736,12736,12740,vehicle_vehicle,0.30965705168849317,1.8846091046445501,1.9475109315382602,13.597975276488775,15.0,3.0,3.5,0.8,3.0540431251048172,10.994555250377342
7,318,12688,686,102.129,-40.6375,135.8456,2.2707,6.3697,-4.1076,4.4967,-0.0526,0.3317,6.0795,0.3649,0.2688,0.2014,van,340,,,,,,,,,,,,,,,,0,07_318_340_12736_ego_340,1,12736,12736,12740,vehicle_vehicle,0.30965705168849317,1.8846091046445501,1.9475109315382602,13.597975276488775,15.0,3.0,3.5,0.8,3.0540431251048172,10.994555250377342
7,321,12688,441,112.346,-49.3786,153.2693,2.146,6.0019,-5.289,3.1253,-1.1665,2.0775,6.1295,0.4123,1.9763,1.3308,van,340,,,,,,,,,,,,,,,,0,07_318_340_12736_ego_340,0,12736,12736,12740,vehicle_vehicle,0.30965705168849317,1.8846091046445501,1.9475109315382602,13.597975276488775,15.0,3.0,3.5,0.8,3.0540431251048172,10.994555250377342
7,339,12688,34,85.5512,-20.2153,226.0971,2.1052,4.9368,-2.9166,-2.5844,-2.0084,-0.323,3.8846,0.3094,1.6254,1.2231,car,340,,,,,,,,,,,,,,,,0,07_318_340_12736_ego_340,0,12736,12736,12740,vehicle_vehicle,0.30965705168849317,1.8846091046445501,1.9475109315382602,13.597975276488775,15.0,3.0,3.5,0.8,3.0540431251048172,10.994555250377342
7,318,12689,687,101.9642,-40.4581,135.7295,2.2707,6.3697,-4.1014,4.505,-0.0446,0.301,6.0815,0.3629,0.242,0.1844,van,340,,,,,,,,,,,,,,,,0,07_318_340_12736_ego_340,1,12736,12736,12740,vehicle_vehicle,0.30965705168849317,1.8846091046445501,1.9475109315382602,13.597975276488775,15.0,3.0,3.5,0.8,3.0540431251048172,10.994555250377342
7,321,12689,442,112.1309,-49.2509,152.7784,2.146,6.0019,-5.34,3.2125,-1.0233,2.0527,6.218,0.414,1.8489,1.3572,van,340,,,,,,,,,,,,,,,,0,07_318_340_12736_ego_340,0,12736,12736,12740,vehicle_vehicle,0.30965705168849317,1.8846091046445501,1.9475109315382602,13.597975276488775,15.0,3.0,3.5,0.8,3.0540431251048172,10.994555250377342
7,339,12689,35,85.4321,-20.319,225.495,2.1052,4.9368,-3.0008,-2.6012,-2.0847,-0.3366,3.9586,0.3168,1.7013,1.2509,car,340,,,,,,,,,,,,,,,,0,07_318_340_12736_ego_340,0,12736,12736,12740,vehicle_vehicle,0.30965705168849317,1.8846091046445501,1.9475109315382602,13.597975276488775,15.0,3.0,3.5,0.8,3.0540431251048172,10.994555250377342
7,318,12690,688,101.8002,-40.2784,135.6127,2.2707,6.3697,-4.0948,4.5122,-0.0449,0.2752,6.0826,0.3602,0.2246,0.1652,van,340,,,,,,,,,,,,,,,,0,07_318_340_12736_ego_340,1,12736,12736,12740,vehicle_vehicle,0.30965705168849317,1.8846091046445501,1.9475109315382602,13.597975276488775,15.0,3.0,3.5,0.8,3.0540431251048172,10.994555250377342
7,321,12690,443,111.9133,-49.1188,152.276,2.146,6.0019,-5.3839,3.2979,-0.8764,2.0241,6.3001,0.4146,1.7174,1.384,van,340,,,,,,,,,,,,,,,,0,07_318_340_12736_ego_340,0,12736,12736,12740,vehicle_vehicle,0.30965705168849317,1.8846091046445501,1.9475109315382602,13.597975276488775,15.0,3.0,3.5,0.8,3.0540431251048172,10.994555250377342
7,339,12690,36,85.3095,-20.4241,224.8937,2.1052,4.9368,-3.0877,-2.6183,-2.1573,-0.3463,4.0354,0.3245,1.7727,1.2773,car,340,,,,,,,,,,,,,,,,0,07_318_340_12736_ego_340,0,12736,12736,12740,vehicle_vehicle,0.30965705168849317,1.8846091046445501,1.9475109315382602,13.597975276488775,15.0,3.0,3.5,0.8,3.0540431251048172,10.994555250377342
7,318,12691,689,101.6358,-40.098,135.5019,2.2707,6.3697,-4.0881,4.5186,-0.0537,0.2541,6.083,0.3577,0.2164,0.1436,van,340,,,,,,,,,,,,,,,,0,07_318_340_12736_ego_340,1,12736,12736,12740,vehicle_vehicle,0.30965705168849317,1.8846091046445501,1.9475109315382602,13.597975276488775,15.0,3.0,3.5,0.8,3.0540431251048172,10.994555250377342
7,321,12691,444,111.6925,-48.9836,151.7675,2.146,6.0019,-5.4201,3.3815,-0.7274,1.9925,6.375,0.4153,1.5834,1.4114,van,340,,,,,,,,,,,,,,,,0,07_318_340_12736_ego_340,0,12736,12736,12740,vehicle_vehicle,0.30965705168849317,1.8846091046445501,1.9475109315382602,13.597975276488775,15.0,3.0,3.5,0.8,3.0540431251048172,10.994555250377342
7,339,12691,37,85.1832,-20.5303,224.2833,2.1052,4.9368,-3.1771,-2.6353,-2.2266,-0.3528,4.1144,0.3317,1.8403,1.3021,car,340,,,,,,,,,,,,,,,,0,07_318_340_12736_ego_340,0,12736,12736,12740,vehicle_vehicle,0.30965705168849317,1.8846091046445501,1.9475109315382602,13.597975276488775,15.0,3.0,3.5,0.8,3.0540431251048172,10.994555250377342
7,318,12692,690,101.4723,-39.9179,135.3945,2.2707,6.3697,-4.0817,4.5245,-0.071,0.2374,6.0832,0.355,0.2173,0.1192,van,340,,,,,,,,,,,,,,,,0,07_318_340_12736_ego_340,1,12736,12736,12740,vehicle_vehicle,0.30965705168849317,1.8846091046445501,1.9475109315382602,13.597975276488775,15.0,3.0,3.5,0.8,3.0540431251048172,10.994555250377342
7,321,12692,445,111.4703,-48.8447,151.2571,2.146,6.0019,-5.4484,3.4631,-0.5782,1.9587,6.4424,0.4163,1.4489,1.4393,van,340,,,,,,,,,,,,,,,,0,07_318_340_12736_ego_340,0,12736,12736,12740,vehicle_vehicle,0.30965705168849317,1.8846091046445501,1.9475109315382602,13.597975276488775,15.0,3.0,3.5,0.8,3.0540431251048172,10.994555250377342
7,339,12692,38,85.053,-20.637,223.6643,2.1052,4.9368,-3.2688,-2.6521,-2.2931,-0.3562,4.1957,0.3383,1.9048,1.3255,car,340,,,,,,,,,,,,,,,,0,07_318_340_12736_ego_340,0,12736,12736,12740,vehicle_vehicle,0.30965705168849317,1.8846091046445501,1.9475109315382602,13.597975276488775,15.0,3.0,3.5,0.8,3.0540431251048172,10.994555250377342
7,318,12693,691,101.3104,-39.7371,135.3043,2.2707,6.3697,-4.0766,4.5299,-0.0965,0.225,6.0839,0.3528,0.2269,0.0921,van,340,,,,,,,,,,,,,,,,0,07_318_340_12736_ego_340,1,12736,12736,12740,vehicle_vehicle,0.30965705168849317,1.8846091046445501,1.9475109315382602,13.597975276488775,15.0,3.0,3.5,0.8,3.0540431251048172,10.994555250377342
7,321,12693,446,111.2471,-48.7022,150.747,2.146,6.0019,-5.4689,3.5423,-0.4308,1.9235,6.5024,0.4181,1.3158,1.4677,van,340,,,,,,,,,,,,,,,,0,07_318_340_12736_ego_340,0,12736,12736,12740,vehicle_vehicle,0.30965705168849317,1.8846091046445501,1.9475109315382602,13.597975276488775,15.0,3.0,3.5,0.8,3.0540431251048172,10.994555250377342
7,339,12693,39,84.9188,-20.7453,223.0437,2.1052,4.9368,-3.3624,-2.6683,-2.3573,-0.3574,4.2786,0.3449,1.9667,1.3478,car,340,,,,,,,,,,,,,,,,0,07_318_340_12736_ego_340,0,12736,12736,12740,vehicle_vehicle,0.30965705168849317,1.8846091046445501,1.9475109315382602,13.597975276488775,15.0,3.0,3.5,0.8,3.0540431251048172,10.994555250377342
7,318,12694,692,101.1484,-39.5563,135.2174,2.2707,6.3697,-4.073,4.5349,-0.1298,0.2166,6.0854,0.3497,0.2447,0.0623,van,340,,,,,,,,,,,,,,,,0,07_318_340_12736_ego_340,1,12736,12736,12740,vehicle_vehicle,0.30965705168849317,1.8846091046445501,1.9475109315382602,13.597975276488775,15.0,3.0,3.5,0.8,3.0540431251048172,10.994555250377342
7,321,12694,447,111.0226,-48.5563,150.2284,2.146,6.0019,-5.4812,3.619,-0.2872,1.888,6.5548,0.4197,1.1867,1.4962,van,340,,,,,,,,,,,,,,,,0,07_318_340_12736_ego_340,0,12736,12736,12740,vehicle_vehicle,0.30965705168849317,1.8846091046445501,1.9475109315382602,13.597975276488775,15.0,3.0,3.5,0.8,3.0540431251048172,10.994555250377342
7,339,12694,40,84.782,-20.854,222.4122,2.1052,4.9368,-3.4584,-2.6839,-2.4197,-0.3569,4.3635,0.351,2.0272,1.3685,car,340,,,,,,,,,,,,,,,,0,07_318_340_12736_ego_340,0,12736,12736,12740,vehicle_vehicle,0.30965705168849317,1.8846091046445501,1.9475109315382602,13.597975276488775,15.0,3.0,3.5,0.8,3.0540431251048172,10.994555250377342
7,318,12695,693,100.9868,-39.3753,135.1259,2.2707,6.3697,-4.0712,4.5399,-0.1702,0.212,6.0883,0.3448,0.2702,0.0301,van,340,,,,,,,,,,,,,,,,0,07_318_340_12736_ego_340,1,12736,12736,12740,vehicle_vehicle,0.30965705168849317,1.8846091046445501,1.9475109315382602,13.597975276488775,15.0,3.0,3.5,0.8,3.0540431251048172,10.994555250377342
7,321,12695,448,110.7974,-48.4082,149.7099,2.146,6.0019,-5.4855,3.6936,-0.1496,1.8531,6.5996,0.4226,1.0638,1.5247,van,340,,,,,,,,,,,,,,,,0,07_318_340_12736_ego_340,0,12736,12736,12740,vehicle_vehicle,0.30965705168849317,1.8846091046445501,1.9475109315382602,13.597975276488775,15.0,3.0,3.5,0.8,3.0540431251048172,10.994555250377342
7,339,12695,41,84.6444,-20.9612,221.7873,2.1052,4.9368,-3.558,-2.6996,-2.4799,-0.355,4.4519,0.358,2.0857,1.3878,car,340,,,,,,,,,,,,,,,,0,07_318_340_12736_ego_340,0,12736,12736,12740,vehicle_vehicle,0.30965705168849317,1.8846091046445501,1.9475109315382602,13.597975276488775,15.0,3.0,3.5,0.8,3.0540431251048172,10.994555250377342
7,318,12696,694,100.8254,-39.1948,135.0449,2.2707,6.3697,-4.0718,4.5452,-0.2173,0.2108,6.0928,0.3395,0.3027,-0.0043,van,340,,,,,,,,,,,,,,,,0,07_318_340_12736_ego_340,1,12736,12736,12740,vehicle_vehicle,0.30965705168849317,1.8846091046445501,1.9475109315382602,13.597975276488775,15.0,3.0,3.5,0.8,3.0540431251048172,10.994555250377342
7,321,12696,449,110.5729,-48.257,149.1866,2.146,6.0019,-5.4824,3.766,-0.0201,1.8195,6.6376,0.4261,0.9493,1.5523,van,340,,,,,,,,,,,,,,,,0,07_318_340_12736_ego_340,0,12736,12736,12740,vehicle_vehicle,0.30965705168849317,1.8846091046445501,1.9475109315382602,13.597975276488775,15.0,3.0,3.5,0.8,3.0540431251048172,10.994555250377342
7,339,12696,42,84.5026,-21.0693,221.1589,2.1052,4.9368,-3.661,-2.7153,-2.5368,-0.3517,4.5434,0.3651,2.1413,1.4048,car,340,,,,,,,,,,,,,,,,0,07_318_340_12736_ego_340,0,12736,12736,12740,vehicle_vehicle,0.30965705168849317,1.8846091046445501,1.9475109315382602,13.597975276488775,15.0,3.0,3.5,0.8,3.0540431251048172,10.994555250377342
7,318,12697,695,100.6649,-39.0145,134.9754,2.2707,6.3697,-4.0752,4.5511,-0.2701,0.2125,6.0998,0.3339,0.3413,-0.0408,van,340,,,,,,,,,,,,,,,,0,07_318_340_12736_ego_340,1,12736,12736,12740,vehicle_vehicle,0.30965705168849317,1.8846091046445501,1.9475109315382602,13.597975276488775,15.0,3.0,3.5,0.8,3.0540431251048172,10.994555250377342
7,321,12697,450,110.3494,-48.1045,148.6636,2.146,6.0019,-5.4724,3.8369,0.0994,1.7876,6.6696,0.4313,0.8448,1.5786,van,340,,,,,,,,,,,,,,,,0,07_318_340_12736_ego_340,0,12736,12736,12740,vehicle_vehicle,0.30965705168849317,1.8846091046445501,1.9475109315382602,13.597975276488775,15.0,3.0,3.5,0.8,3.0540431251048172,10.994555250377342
7,339,12697,43,84.3565,-21.1788,220.5187,2.1052,4.9368,-3.7672,-2.7307,-2.5894,-0.3469,4.6379,0.3717,2.1938,1.4186,car,340,,,,,,,,,,,,,,,,0,07_318_340_12736_ego_340,0,12736,12736,12740,vehicle_vehicle,0.30965705168849317,1.8846091046445501,1.9475109315382602,13.597975276488775,15.0,3.0,3.5,0.8,3.0540431251048172,10.994555250377342
7,318,12698,696,100.5035,-38.8341,134.9133,2.2707,6.3697,-4.0814,4.5578,-0.3278,0.2164,6.1094,0.3276,0.3847,-0.0794,van,340,,,,,,,,,,,,,,,,0,07_318_340_12736_ego_340,1,12736,12736,12740,vehicle_vehicle,0.30965705168849317,1.8846091046445501,1.9475109315382602,13.597975276488775,15.0,3.0,3.5,0.8,3.0540431251048172,10.994555250377342
7,321,12698,451,110.1269,-47.9496,148.1301,2.146,6.0019,-5.4561,3.9066,0.2073,1.7577,6.6963,0.4369,0.752,1.6022,van,340,,,,,,,,,,,,,,,,0,07_318_340_12736_ego_340,0,12736,12736,12740,vehicle_vehicle,0.30965705168849317,1.8846091046445501,1.9475109315382602,13.597975276488775,15.0,3.0,3.5,0.8,3.0540431251048172,10.994555250377342
7,339,12698,44,84.2055,-21.2893,219.8704,2.1052,4.9368,-3.8762,-2.7455,-2.6368,-0.341,4.735,0.3777,2.2424,1.4286,car,340,,,,,,,,,,,,,,,,0,07_318_340_12736_ego_340,0,12736,12736,12740,vehicle_vehicle,0.30965705168849317,1.8846091046445501,1.9475109315382602,13.597975276488775,15.0,3.0,3.5,0.8,3.0540431251048172,10.994555250377342
7,318,12699,697,100.3423,-38.6545,134.859,2.2707,6.3697,-4.0909,4.5658,-0.3897,0.2215,6.1221,0.3207,0.4318,-0.12,van,340,,,,,,,,,,,,,,,,0,07_318_340_12736_ego_340,1,12736,12736,12740,vehicle_vehicle,0.30965705168849317,1.8846091046445501,1.9475109315382602,13.597975276488775,15.0,3.0,3.5,0.8,3.0540431251048172,10.994555250377342
7,321,12699,452,109.9069,-47.7914,147.5928,2.146,6.0019,-5.4348,3.9748,0.3026,1.7297,6.7186,0.4431,0.6716,1.6225,van,340,,,,,,,,,,,,,,,,0,07_318_340_12736_ego_340,0,12736,12736,12740,vehicle_vehicle,0.30965705168849317,1.8846091046445501,1.9475109315382602,13.597975276488775,15.0,3.0,3.5,0.8,3.0540431251048172,10.994555250377342
7,339,12699,45,84.0495,-21.4003,219.2148,2.1052,4.9368,-3.9876,-2.7596,-2.6786,-0.3344,4.8343,0.383,2.2868,1.4344,car,340,,,,,,,,,,,,,,,,0,07_318_340_12736_ego_340,0,12736,12736,12740,vehicle_vehicle,0.30965705168849317,1.8846091046445501,1.9475109315382602,13.597975276488775,15.0,3.0,3.5,0.8,3.0540431251048172,10.994555250377342
7,318,12700,698,100.1806,-38.4744,134.814,2.2707,6.3697,-4.1038,4.5751,-0.4547,0.2266,6.138,0.3134,0.4812,-0.1628,van,340,,,,,,,,,,,,,,,,0,07_318_340_12736_ego_340,1,12736,12736,12740,vehicle_vehicle,0.30965705168849317,1.8846091046445501,1.9475109315382602,13.597975276488775,15.0,3.0,3.5,0.8,3.0540431251048172,10.994555250377342
7,321,12700,453,109.6887,-47.6297,147.0572,2.146,6.0019,-5.4092,4.0413,0.3846,1.7041,6.7372,0.45,0.604,1.6393,van,340,,,,,,,,,,,,,,,,0,07_318_340_12736_ego_340,0,12736,12736,12740,vehicle_vehicle,0.30965705168849317,1.8846091046445501,1.9475109315382602,13.597975276488775,15.0,3.0,3.5,0.8,3.0540431251048172,10.994555250377342
7,339,12700,46,83.8889,-21.5121,218.5542,2.1052,4.9368,-4.1011,-2.7731,-2.7143,-0.3276,4.9355,0.3875,2.3268,1.4355,car,340,,,,,,,,,,,,,,,,0,07_318_340_12736_ego_340,0,12736,12736,12740,vehicle_vehicle,0.30965705168849317,1.8846091046445501,1.9475109315382602,13.597975276488775,15.0,3.0,3.5,0.8,3.0540431251048172,10.994555250377342
7,318,12701,699,100.0185,-38.2937,134.7785,2.2707,6.3697,-4.1202,4.5857,-0.5219,0.2309,6.1572,0.3053,0.5315,-0.2079,van,340,,,,,,,,,,,,,,,,0,07_318_340_12736_ego_340,1,12736,12736,12740,vehicle_vehicle,0.30965705168849317,1.8846091046445501,1.9475109315382602,13.597975276488775,15.0,3.0,3.5,0.8,3.0540431251048172,10.994555250377342
7,321,12701,454,109.4728,-47.4656,146.515,2.146,6.0019,-5.3804,4.1065,0.4532,1.6814,6.753,0.4564,0.5497,1.6523,van,340,,,,,,,,,,,,,,,,0,07_318_340_12736_ego_340,0,12736,12736,12740,vehicle_vehicle,0.30965705168849317,1.8846091046445501,1.9475109315382602,13.597975276488775,15.0,3.0,3.5,0.8,3.0540431251048172,10.994555250377342
7,339,12701,47,83.7233,-21.6243,217.8867,2.1052,4.9368,-4.2163,-2.7859,-2.7434,-0.3208,5.0384,0.3906,2.3622,1.4315,car,340,,,,,,,,,,,,,,,,0,07_318_340_12736_ego_340,0,12736,12736,12740,vehicle_vehicle,0.30965705168849317,1.8846091046445501,1.9475109315382602,13.597975276488775,15.0,3.0,3.5,0.8,3.0540431251048172,10.994555250377342
7,318,12702,700,99.8561,-38.1127,134.7547,2.2707,6.3697,-4.1405,4.5974,-0.5903,0.2331,6.1799,0.2966,0.5812,-0.2551,van,340,,,,,,,,,,,,,,,,0,07_318_340_12736_ego_340,1,12736,12736,12740,vehicle_vehicle,0.30965705168849317,1.8846091046445501,1.9475109315382602,13.597975276488775,15.0,3.0,3.5,0.8,3.0540431251048172,10.994555250377342
7,321,12702,455,109.2592,-47.3011,145.9696,2.146,6.0019,-5.3494,4.1711,0.5086,1.6615,6.7675,0.4631,0.5083,1.6615,van,340,,,,,,,,,,,,,,,,0,07_318_340_12736_ego_340,0,12736,12736,12740,vehicle_vehicle,0.30965705168849317,1.8846091046445501,1.9475109315382602,13.597975276488775,15.0,3.0,3.5,0.8,3.0540431251048172,10.994555250377342
7,339,12702,48,83.5526,-21.7368,217.1986,2.1052,4.9368,-4.3327,-2.798,-2.766,-0.3146,5.1428,0.3907,2.3934,1.4217,car,340,,,,,,,,,,,,,,,,0,07_318_340_12736_ego_340,0,12736,12736,12740,vehicle_vehicle,0.30965705168849317,1.8846091046445501,1.9475109315382602,13.597975276488775,15.0,3.0,3.5,0.8,3.0540431251048172,10.994555250377342
7,318,12703,701,99.6922,-37.931,134.7497,2.2707,6.3697,-4.1644,4.6101,-0.6589,0.2324,6.2058,0.2881,0.6289,-0.3044,van,340,,,,,,,,,,,,,,,,0,07_318_340_12736_ego_340,1,12736,12736,12740,vehicle_vehicle,0.30965705168849317,1.8846091046445501,1.9475109315382602,13.597975276488775,15.0,3.0,3.5,0.8,3.0540431251048172,10.994555250377342
7,321,12703,456,109.0479,-47.1334,145.4215,2.146,6.0019,-5.317,4.2351,0.5515,1.6441,6.7814,0.4694,0.479,1.6667,van,340,,,,,,,,,,,,,,,,0,07_318_340_12736_ego_340,0,12736,12736,12740,vehicle_vehicle,0.30965705168849317,1.8846091046445501,1.9475109315382602,13.597975276488775,15.0,3.0,3.5,0.8,3.0540431251048172,10.994555250377342
7,339,12703,49,83.3775,-21.8502,216.5097,2.1052,4.9368,-4.4501,-2.8095,-2.7818,-0.3093,5.2483,0.3895,2.4199,1.4065,car,340,,,,,,,,,,,,,,,,0,07_318_340_12736_ego_340,0,12736,12736,12740,vehicle_vehicle,0.30965705168849317,1.8846091046445501,1.9475109315382602,13.597975276488775,15.0,3.0,3.5,0.8,3.0540431251048172,10.994555250377342
7,318,12704,702,99.5267,-37.748,134.7618,2.2707,6.3697,-4.1916,4.6235,-0.7269,0.2279,6.2345,0.2795,0.6737,-0.3557,van,340,,,,,,,,,,,,,,,,0,07_318_340_12736_ego_340,1,12736,12736,12740,vehicle_vehicle,0.30965705168849317,1.8846091046445501,1.9475109315382602,13.597975276488775,15.0,3.0,3.5,0.8,3.0540431251048172,10.994555250377342
7,321,12704,457,108.8388,-46.9628,144.8599,2.146,6.0019,-5.2842,4.2985,0.5831,1.6291,6.7953,0.4736,0.4608,1.6678,van,340,,,,,,,,,,,,,,,,0,07_318_340_12736_ego_340,0,12736,12736,12740,vehicle_vehicle,0.30965705168849317,1.8846091046445501,1.9475109315382602,13.597975276488775,15.0,3.0,3.5,0.8,3.0540431251048172,10.994555250377342
7,339,12704,50,83.198,-21.9646,215.8102,2.1052,4.9368,-4.5685,-2.82,-2.7907,-0.3054,5.3548,0.3862,2.4419,1.3851,car,340,,,,,,,,,,,,,,,,0,07_318_340_12736_ego_340,0,12736,12736,12740,vehicle_vehicle,0.30965705168849317,1.8846091046445501,1.9475109315382602,13.597975276488775,15.0,3.0,3.5,0.8,3.0540431251048172,10.994555250377342
7,318,12705,703,99.3599,-37.5642,134.7848,2.2707,6.3697,-4.2222,4.6372,-0.7938,0.2191,6.2656,0.2699,0.7147,-0.409,van,340,,,,,,,,,,,,,,,,0,07_318_340_12736_ego_340,1,12736,12736,12740,vehicle_vehicle,0.30965705168849317,1.8846091046445501,1.9475109315382602,13.597975276488775,15.0,3.0,3.5,0.8,3.0540431251048172,10.994555250377342
7,321,12705,458,108.6296,-46.7905,144.299,2.146,6.0019,-5.2508,4.3617,0.6043,1.6163,6.8094,0.4778,0.4524,1.6652,van,340,,,,,,,,,,,,,,,,0,07_318_340_12736_ego_340,0,12736,12736,12740,vehicle_vehicle,0.30965705168849317,1.8846091046445501,1.9475109315382602,13.597975276488775,15.0,3.0,3.5,0.8,3.0540431251048172,10.994555250377342
7,339,12705,51,83.0132,-22.0795,215.1265,2.1052,4.9368,-4.6873,-2.8296,-2.7924,-0.3039,5.4618,0.3828,2.4587,1.3582,car,340,,,,,,,,,,,,,,,,0,07_318_340_12736_ego_340,0,12736,12736,12740,vehicle_vehicle,0.30965705168849317,1.8846091046445501,1.9475109315382602,13.597975276488775,15.0,3.0,3.5,0.8,3.0540431251048172,10.994555250377342
7,318,12706,704,99.1919,-37.3799,134.8227,2.2707,6.3697,-4.256,4.6512,-0.8588,0.2054,6.2992,0.2599,0.7511,-0.4644,van,340,,,,,,,,,,,,,,,,0,07_318_340_12736_ego_340,1,12736,12736,12740,vehicle_vehicle,0.30965705168849317,1.8846091046445501,1.9475109315382602,13.597975276488775,15.0,3.0,3.5,0.8,3.0540431251048172,10.994555250377342
7,321,12706,459,108.4206,-46.6146,143.746,2.146,6.0019,-5.2168,4.4243,0.6155,1.6055,6.8233,0.4827,0.453,1.6587,van,340,,,,,,,,,,,,,,,,0,07_318_340_12736_ego_340,0,12736,12736,12740,vehicle_vehicle,0.30965705168849317,1.8846091046445501,1.9475109315382602,13.597975276488775,15.0,3.0,3.5,0.8,3.0540431251048172,10.994555250377342
7,339,12706,52,82.8236,-22.1948,214.4558,2.1052,4.9368,-4.8063,-2.8384,-2.7869,-0.3053,5.5689,0.3788,2.4707,1.325,car,340,,,,,,,,,,,,,,,,0,07_318_340_12736_ego_340,0,12736,12736,12740,vehicle_vehicle,0.30965705168849317,1.8846091046445501,1.9475109315382602,13.597975276488775,15.0,3.0,3.5,0.8,3.0540431251048172,10.994555250377342
7,318,12707,705,99.0225,-37.1949,134.8815,2.2707,6.3697,-4.2931,4.665,-0.9215,0.1863,6.3348,0.2499,0.7822,-0.5215,van,340,,,,,,,,,,,,,,,,0,07_318_340_12736_ego_340,1,12736,12736,12740,vehicle_vehicle,0.30965705168849317,1.8846091046445501,1.9475109315382602,13.597975276488775,15.0,3.0,3.5,0.8,3.0540431251048172,10.994555250377342
7,321,12707,460,108.2143,-46.435,143.1975,2.146,6.0019,-5.1831,4.4859,0.6173,1.597,6.8375,0.4869,0.4624,1.6485,van,340,,,,,,,,,,,,,,,,0,07_318_340_12736_ego_340,0,12736,12736,12740,vehicle_vehicle,0.30965705168849317,1.8846091046445501,1.9475109315382602,13.597975276488775,15.0,3.0,3.5,0.8,3.0540431251048172,10.994555250377342
7,339,12707,53,82.6293,-22.3107,213.7955,2.1052,4.9368,-4.9251,-2.8464,-2.7742,-0.3105,5.6761,0.374,2.4781,1.2851,car,340,,,,,,,,,,,,,,,,0,07_318_340_12736_ego_340,0,12736,12736,12740,vehicle_vehicle,0.30965705168849317,1.8846091046445501,1.9475109315382602,13.597975276488775,15.0,3.0,3.5,0.8,3.0540431251048172,10.994555250377342
7,318,12708,706,98.851,-37.0089,134.9594,2.2707,6.3697,-4.333,4.6784,-0.9812,0.1614,6.3722,0.2397,0.8075,-0.5803,van,340,,,,,,,,,,,,,,,,0,07_318_340_12736_ego_340,1,12736,12736,12740,vehicle_vehicle,0.30965705168849317,1.8846091046445501,1.9475109315382602,13.597975276488775,15.0,3.0,3.5,0.8,3.0540431251048172,10.994555250377342
7,321,12708,461,108.0088,-46.2543,142.6549,2.146,6.0019,-5.1499,4.5472,0.6103,1.5911,6.8525,0.491,0.48,1.6351,van,340,,,,,,,,,,,,,,,,0,07_318_340_12736_ego_340,0,12736,12736,12740,vehicle_vehicle,0.30965705168849317,1.8846091046445501,1.9475109315382602,13.597975276488775,15.0,3.0,3.5,0.8,3.0540431251048172,10.994555250377342
7,339,12708,54,82.4305,-22.4266,213.1544,2.1052,4.9368,-5.0435,-2.8539,-2.754,-0.3202,5.7832,0.369,2.4807,1.2381,car,340,,,,,,,,,,,,,,,,0,07_318_340_12736_ego_340,0,12736,12736,12740,vehicle_vehicle,0.30965705168849317,1.8846091046445501,1.9475109315382602,13.597975276488775,15.0,3.0,3.5,0.8,3.0540431251048172,10.994555250377342
7,318,12709,707,98.6784,-36.8222,135.0619,2.2707,6.3697,-4.376,4.691,-1.0376,0.1305,6.4111,0.2297,0.8266,-0.6405,van,340,,,,,,,,,,,,,,,,0,07_318_340_12736_ego_340,1,12736,12736,12740,vehicle_vehicle,0.30965705168849317,1.8846091046445501,1.9475109315382602,13.597975276488775,15.0,3.0,3.5,0.8,3.0540431251048172,10.994555250377342
7,321,12709,462,107.8057,-46.0715,142.1063,2.146,6.0019,-5.1179,4.6084,0.5951,1.5877,6.8693,0.4934,0.5055,1.6185,van,340,,,,,,,,,,,,,,,,0,07_318_340_12736_ego_340,0,12736,12736,12740,vehicle_vehicle,0.30965705168849317,1.8846091046445501,1.9475109315382602,13.597975276488775,15.0,3.0,3.5,0.8,3.0540431251048172,10.994555250377342
7,339,12709,55,82.2273,-22.543,212.5302,2.1052,4.9368,-5.1614,-2.8609,-2.7262,-0.3353,5.8901,0.3635,2.4788,1.1833,car,340,,,,,,,,,,,,,,,,0,07_318_340_12736_ego_340,0,12736,12736,12740,vehicle_vehicle,0.30965705168849317,1.8846091046445501,1.9475109315382602,13.597975276488775,15.0,3.0,3.5,0.8,3.0540431251048172,10.994555250377342
7,318,12710,708,98.504,-36.6349,135.1835,2.2707,6.3697,-4.4217,4.7026,-1.09,0.0933,6.4512,0.2193,0.8389,-0.7021,van,340,,,,,,,,,,,,,,,,0,07_318_340_12736_ego_340,1,12736,12736,12740,vehicle_vehicle,0.30965705168849317,1.8846091046445501,1.9475109315382602,13.597975276488775,15.0,3.0,3.5,0.8,3.0540431251048172,10.994555250377342
7,321,12710,463,107.6049,-45.8869,141.5573,2.146,6.0019,-5.0878,4.6699,0.5731,1.5866,6.8884,0.4943,0.5376,1.599,van,340,,,,,,,,,,,,,,,,0,07_318_340_12736_ego_340,0,12736,12736,12740,vehicle_vehicle,0.30965705168849317,1.8846091046445501,1.9475109315382602,13.597975276488775,15.0,3.0,3.5,0.8,3.0540431251048172,10.994555250377342
7,339,12710,56,82.0188,-22.6592,211.9339,2.1052,4.9368,-5.2783,-2.868,-2.6906,-0.3564,5.9965,0.358,2.4719,1.1207,car,340,,,,,,,,,,,,,,,,0,07_318_340_12736_ego_340,0,12736,12736,12740,vehicle_vehicle,0.30965705168849317,1.8846091046445501,1.9475109315382602,13.597975276488775,15.0,3.0,3.5,0.8,3.0540431251048172,10.994555250377342
7,318,12711,709,98.327,-36.4466,135.3246,2.2707,6.3697,-4.4699,4.7126,-1.1379,0.0498,6.4919,0.2084,0.8442,-0.7647,van,340,,,,,,,,,,,,,,,,0,07_318_340_12736_ego_340,1,12736,12736,12740,vehicle_vehicle,0.30965705168849317,1.8846091046445501,1.9475109315382602,13.597975276488775,15.0,3.0,3.5,0.8,3.0540431251048172,10.994555250377342
7,321,12711,464,107.4046,-45.7002,141.0087,2.146,6.0019,-5.0598,4.7319,0.5454,1.5872,6.91,0.4942,0.5748,1.5768,van,340,,,,,,,,,,,,,,,,0,07_318_340_12736_ego_340,0,12736,12736,12740,vehicle_vehicle,0.30965705168849317,1.8846091046445501,1.9475109315382602,13.597975276488775,15.0,3.0,3.5,0.8,3.0540431251048172,10.994555250377342
7,339,12711,57,81.8047,-22.7751,211.3583,2.1052,4.9368,-5.3934,-2.8756,-2.6473,-0.384,6.102,0.3511,2.4604,1.0497,car,340,,,,,,,,,,,,,,,,0,07_318_340_12736_ego_340,0,12736,12736,12740,vehicle_vehicle,0.30965705168849317,1.8846091046445501,1.9475109315382602,13.597975276488775,15.0,3.0,3.5,0.8,3.0540431251048172,10.994555250377342
7,318,12712,710,98.1476,-36.2583,135.4813,2.2707,6.3697,-4.5201,4.721,-1.1812,-0.0001,6.533,0.1969,0.8422,-0.8283,van,340,,,,,,,,,,,,,,,,0,07_318_340_12736_ego_340,1,12736,12736,12740,vehicle_vehicle,0.30965705168849317,1.8846091046445501,1.9475109315382602,13.597975276488775,15.0,3.0,3.5,0.8,3.0540431251048172,10.994555250377342
7,321,12712,465,107.2052,-45.5121,140.4513,2.146,6.0019,-5.0338,4.7948,0.513,1.5889,6.9345,0.492,0.6161,1.5518,van,340,,,,,,,,,,,,,,,,0,07_318_340_12736_ego_340,0,12736,12736,12740,vehicle_vehicle,0.30965705168849317,1.8846091046445501,1.9475109315382602,13.597975276488775,15.0,3.0,3.5,0.8,3.0540431251048172,10.994555250377342
7,339,12712,58,81.5852,-22.8895,210.8066,2.1052,4.9368,-5.5062,-2.8846,-2.5969,-0.4182,6.2066,0.3423,2.4446,0.9708,car,340,,,,,,,,,,,,,,,,0,07_318_340_12736_ego_340,0,12736,12736,12740,vehicle_vehicle,0.30965705168849317,1.8846091046445501,1.9475109315382602,13.597975276488775,15.0,3.0,3.5,0.8,3.0540431251048172,10.994555250377342
7,318,12713,711,97.966,-36.0698,135.6632,2.2707,6.3697,-4.5721,4.7275,-1.2198,-0.0564,6.5741,0.1859,0.8331,-0.8928,van,340,,,,,,,,,,,,,,,,0,07_318_340_12736_ego_340,1,12736,12736,12740,vehicle_vehicle,0.30965705168849317,1.8846091046445501,1.9475109315382602,13.597975276488775,15.0,3.0,3.5,0.8,3.0540431251048172,10.994555250377342
7,321,12713,466,107.0064,-45.3217,139.8973,2.146,6.0019,-5.0101,4.8589,0.477,1.5905,6.9621,0.4893,0.6597,1.5238,van,340,,,,,,,,,,,,,,,,0,07_318_340_12736_ego_340,0,12736,12736,12740,vehicle_vehicle,0.30965705168849317,1.8846091046445501,1.9475109315382602,13.597975276488775,15.0,3.0,3.5,0.8,3.0540431251048172,10.994555250377342
7,339,12713,59,81.3618,-23.005,210.2742,2.1052,4.9368,-5.6165,-2.8952,-2.5398,-0.4585,6.3101,0.3311,2.4246,0.8844,car,340,,,,,,,,,,,,,,,,0,07_318_340_12736_ego_340,0,12736,12736,12740,vehicle_vehicle,0.30965705168849317,1.8846091046445501,1.9475109315382602,13.597975276488775,15.0,3.0,3.5,0.8,3.0540431251048172,10.994555250377342
7,318,12714,712,97.7826,-35.8797,135.8678,2.2707,6.3697,-4.6259,4.7313,-1.2536,-0.119,6.6147,0.1748,0.8169,-0.9583,van,340,,,,,,,,,,,,,,,,0,07_318_340_12736_ego_340,1,12736,12736,12740,vehicle_vehicle,0.30965705168849317,1.8846091046445501,1.9475109315382602,13.597975276488775,15.0,3.0,3.5,0.8,3.0540431251048172,10.994555250377342
7,321,12714,467,106.8081,-45.1282,139.3396,2.146,6.0019,-4.9885,4.924,0.4381,1.5911,6.9925,0.4849,0.7044,1.4924,van,340,,,,,,,,,,,,,,,,0,07_318_340_12736_ego_340,0,12736,12736,12740,vehicle_vehicle,0.30965705168849317,1.8846091046445501,1.9475109315382602,13.597975276488775,15.0,3.0,3.5,0.8,3.0540431251048172,10.994555250377342
7,339,12714,60,81.1347,-23.1218,209.7663,2.1052,4.9368,-5.7243,-2.9071,-2.4764,-0.5052,6.4123,0.3184,2.4005,0.7909,car,340,,,,,,,,,,,,,,,,0,07_318_340_12736_ego_340,0,12736,12736,12740,vehicle_vehicle,0.30965705168849317,1.8846091046445501,1.9475109315382602,13.597975276488775,15.0,3.0,3.5,0.8,3.0540431251048172,10.994555250377342
7,318,12715,713,97.5972,-35.6891,136.0895,2.2707,6.3697,-4.6812,4.7321,-1.2823,-0.1874,6.6543,0.1626,0.7938,-1.0243,van,340,,,,,,,,,,,,,,,,0,07_318_340_12736_ego_340,1,12736,12736,12740,vehicle_vehicle,0.30965705168849317,1.8846091046445501,1.9475109315382602,13.597975276488775,15.0,3.0,3.5,0.8,3.0540431251048172,10.994555250377342
7,321,12715,468,106.6112,-44.9321,138.789,2.146,6.0019,-4.9693,4.9899,0.397,1.5899,7.0258,0.4799,0.7488,1.4577,van,340,,,,,,,,,,,,,,,,0,07_318_340_12736_ego_340,0,12736,12736,12740,vehicle_vehicle,0.30965705168849317,1.8846091046445501,1.9475109315382602,13.597975276488775,15.0,3.0,3.5,0.8,3.0540431251048172,10.994555250377342
7,339,12715,61,80.9033,-23.2388,209.2743,2.1052,4.9368,-5.8294,-2.9207,-2.4068,-0.5584,6.5131,0.3029,2.3725,0.6898,car,340,,,,,,,,,,,,,,,,0,07_318_340_12736_ego_340,0,12736,12736,12740,vehicle_vehicle,0.30965705168849317,1.8846091046445501,1.9475109315382602,13.597975276488775,15.0,3.0,3.5,0.8,3.0540431251048172,10.994555250377342
7,318,12716,714,97.4092,-35.4986,136.3412,2.2707,6.3697,-4.7378,4.7296,-1.3057,-0.2611,6.6928,0.1509,0.7644,-1.0903,van,340,,,,,,,,,,,,,,,,0,07_318_340_12736_ego_340,1,12736,12736,12740,vehicle_vehicle,0.30965705168849317,1.8846091046445501,1.9475109315382602,13.597975276488775,15.0,3.0,3.5,0.8,3.0540431251048172,10.994555250377342
7,321,12716,469,106.4148,-44.7331,138.2466,2.146,6.0019,-4.9526,5.0565,0.3548,1.5861,7.062,0.4742,0.7915,1.4195,van,340,,,,,,,,,,,,,,,,0,07_318_340_12736_ego_340,0,12736,12736,12740,vehicle_vehicle,0.30965705168849317,1.8846091046445501,1.9475109315382602,13.597975276488775,15.0,3.0,3.5,0.8,3.0540431251048172,10.994555250377342
7,339,12716,62,80.6674,-23.356,208.8175,2.1052,4.9368,-5.9314,-2.9364,-2.3314,-0.6182,6.6123,0.2863,2.3406,0.5821,car,340,,,,,,,,,,,,,,,,0,07_318_340_12736_ego_340,0,12736,12736,12740,vehicle_vehicle,0.30965705168849317,1.8846091046445501,1.9475109315382602,13.597975276488775,15.0,3.0,3.5,0.8,3.0540431251048172,10.994555250377342
7,318,12717,715,97.2185,-35.3085,136.6176,2.2707,6.3697,-4.7953,4.7237,-1.3238,-0.3396,6.7297,0.1394,0.7289,-1.1561,van,340,,,,,,,,,,,,,,,,0,07_318_340_12736_ego_340,1,12736,12736,12740,vehicle_vehicle,0.30965705168849317,1.8846091046445501,1.9475109315382602,13.597975276488775,15.0,3.0,3.5,0.8,3.0540431251048172,10.994555250377342
7,321,12717,470,106.2186,-44.531,137.7116,2.146,6.0019,-4.9382,5.1235,0.312,1.579,7.1005,0.4674,0.8316,1.378,van,340,,,,,,,,,,,,,,,,0,07_318_340_12736_ego_340,0,12736,12736,12740,vehicle_vehicle,0.30965705168849317,1.8846091046445501,1.9475109315382602,13.597975276488775,15.0,3.0,3.5,0.8,3.0540431251048172,10.994555250377342
7,339,12717,63,80.4275,-23.474,208.39,2.1052,4.9368,-6.0301,-2.9546,-2.2503,-0.6846,6.7097,0.2679,2.3052,0.4677,car,340,,,,,,,,,,,,,,,,0,07_318_340_12736_ego_340,0,12736,12736,12740,vehicle_vehicle,0.30965705168849317,1.8846091046445501,1.9475109315382602,13.597975276488775,15.0,3.0,3.5,0.8,3.0540431251048172,10.994555250377342
7,318,12718,716,97.0253,-35.1176,136.9235,2.2707,6.3697,-4.8534,4.7138,-1.3368,-0.4221,6.7645,0.1284,0.6882,-1.2213,van,340,,,,,,,,,,,,,,,,0,07_318_340_12736_ego_340,1,12736,12736,12740,vehicle_vehicle,0.30965705168849317,1.8846091046445501,1.9475109315382602,13.597975276488775,15.0,3.0,3.5,0.8,3.0540431251048172,10.994555250377342
7,321,12718,471,106.0225,-44.3256,137.1776,2.146,6.0019,-4.926,5.1905,0.2694,1.5681,7.1412,0.4587,0.8683,1.3332,van,340,,,,,,,,,,,,,,,,0,07_318_340_12736_ego_340,0,12736,12736,12740,vehicle_vehicle,0.30965705168849317,1.8846091046445501,1.9475109315382602,13.597975276488775,15.0,3.0,3.5,0.8,3.0540431251048172,10.994555250377342
7,339,12718,64,80.1834,-23.5925,208.0002,2.1052,4.9368,-6.1251,-2.9755,-2.164,-0.7575,6.8051,0.2484,2.2664,0.3471,car,340,,,,,,,,,,,,,,,,0,07_318_340_12736_ego_340,0,12736,12736,12740,vehicle_vehicle,0.30965705168849317,1.8846091046445501,1.9475109315382602,13.597975276488775,15.0,3.0,3.5,0.8,3.0540431251048172,10.994555250377342
7,318,12719,717,96.8297,-34.9279,137.2526,2.2707,6.3697,-4.9118,4.6999,-1.3447,-0.508,6.7972,0.1174,0.6427,-1.2858,van,340,,,,,,,,,,,,,,,,0,07_318_340_12736_ego_340,1,12736,12736,12740,vehicle_vehicle,0.30965705168849317,1.8846091046445501,1.9475109315382602,13.597975276488775,15.0,3.0,3.5,0.8,3.0540431251048172,10.994555250377342
7,321,12719,472,105.8271,-44.1178,136.6531,2.146,6.0019,-4.9161,5.2576,0.2273,1.5531,7.184,0.4489,0.9008,1.2855,van,340,,,,,,,,,,,,,,,,0,07_318_340_12736_ego_340,0,12736,12736,12740,vehicle_vehicle,0.30965705168849317,1.8846091046445501,1.9475109315382602,13.597975276488775,15.0,3.0,3.5,0.8,3.0540431251048172,10.994555250377342
7,339,12719,65,79.9358,-23.7117,207.6454,2.1052,4.9368,-6.2163,-2.9995,-2.0729,-0.8369,6.8984,0.2273,2.2246,0.2205,car,340,,,,,,,,,,,,,,,,0,07_318_340_12736_ego_340,0,12736,12736,12740,vehicle_vehicle,0.30965705168849317,1.8846091046445501,1.9475109315382602,13.597975276488775,15.0,3.0,3.5,0.8,3.0540431251048172,10.994555250377342
7,318,12720,718,96.6315,-34.7386,137.6045,2.2707,6.3697,-4.9703,4.6819,-1.3477,-0.5965,6.8274,0.1064,0.5931,-1.3493,van,340,88.5841,-16.591,-2.4722,-3.4654,4.2453,0.3145,238.7321,4.256849774187479,15.324659187074927,8.047399999999996,-18.147599999999997,-2.4981,8.1473,8.521678291275727,19.85185211812741,0,07_318_340_12736_ego_340,1,12736,12736,12740,vehicle_vehicle,0.30965705168849317,1.8846091046445501,1.9475109315382602,13.597975276488775,15.0,3.0,3.5,0.8,3.0540431251048172,10.994555250377342
7,321,12720,473,105.6311,-43.9071,136.1408,2.146,6.0019,-4.9081,5.3244,0.1861,1.5337,7.2282,0.4384,0.9285,1.2348,van,340,88.5841,-16.591,-2.4722,-3.4654,4.2453,0.3145,238.7321,4.256849774187479,15.324659187074927,17.046999999999997,-27.3161,-2.4359,8.7898,9.12108506977103,32.19890569895194,0,07_318_340_12736_ego_340,0,12736,12736,12740,vehicle_vehicle,0.30965705168849317,1.8846091046445501,1.9475109315382602,13.597975276488775,15.0,3.0,3.5,0.8,3.0540431251048172,10.994555250377342
7,339,12720,66,79.685,-23.832,207.336,2.1052,4.9368,-6.3037,-3.0268,-1.9773,-0.9224,6.9897,0.206,2.1801,0.0886,car,340,88.5841,-16.591,-2.4722,-3.4654,4.2453,0.3145,238.7321,4.256849774187479,15.324659187074927,-8.899100000000004,-7.241,-3.8315,0.43859999999999966,3.8565220354614853,11.472840180617878,0,07_318_340_12736_ego_340,0,12736,12736,12740,vehicle_vehicle,0.30965705168849317,1.8846091046445501,1.9475109315382602,13.597975276488775,15.0,3.0,3.5,0.8,3.0540431251048172,10.994555250377342
7,340,12720,0,88.5841,-16.591,238.7321,2.057,4.8054,-2.4722,-3.4654,0.5639,1.2898,4.2453,0.3145,-1.3951,0.1875,car,340,88.5841,-16.591,-2.4722,-3.4654,4.2453,0.3145,238.7321,4.256849774187479,15.324659187074927,0.0,0.0,0.0,0.0,0.0,0.0,1,07_318_340_12736_ego_340,1,12736,12736,12740,vehicle_vehicle,0.30965705168849317,1.8846091046445501,1.9475109315382602,13.597975276488775,15.0,3.0,3.5,0.8,3.0540431251048172,10.994555250377342
7,318,12721,719,96.4301,-34.5499,137.9835,2.2707,6.3697,-5.0283,4.6597,-1.3464,-0.6871,6.8547,0.0962,0.5404,-1.4117,van,340,88.4865,-16.7295,-2.4549,-3.4205,4.1993,0.3035,238.4672,4.21026771832861,15.156963785982995,7.943599999999989,-17.8204,-2.5734,8.0802,8.480095494745326,19.510700579938174,0,07_318_340_12736_ego_340,1,12736,12736,12740,vehicle_vehicle,0.30965705168849317,1.8846091046445501,1.9475109315382602,13.597975276488775,15.0,3.0,3.5,0.8,3.0540431251048172,10.994555250377342
7,321,12721,474,105.4348,-43.6938,135.6257,2.146,6.0019,-4.9016,5.3908,0.146,1.5094,7.2736,0.4253,0.9512,1.181,van,340,88.4865,-16.7295,-2.4549,-3.4205,4.1993,0.3035,238.4672,4.21026771832861,15.156963785982995,16.94829999999999,-26.9643,-2.4467000000000003,8.8113,9.144689638254542,31.84836490904988,0,07_318_340_12736_ego_340,0,12736,12736,12740,vehicle_vehicle,0.30965705168849317,1.8846091046445501,1.9475109315382602,13.597975276488775,15.0,3.0,3.5,0.8,3.0540431251048172,10.994555250377342
7,339,12721,67,79.4306,-23.9532,207.0832,2.1052,4.9368,-6.387,-3.0577,-1.8773,-1.0141,7.0788,0.1855,2.1332,-0.0482,car,340,88.4865,-16.7295,-2.4549,-3.4205,4.1993,0.3035,238.4672,4.21026771832861,15.156963785982995,-9.055900000000008,-7.223699999999997,-3.9320999999999997,0.3628,3.948801622011417,11.584091095118344,0,07_318_340_12736_ego_340,0,12736,12736,12740,vehicle_vehicle,0.30965705168849317,1.8846091046445501,1.9475109315382602,13.597975276488775,15.0,3.0,3.5,0.8,3.0540431251048172,10.994555250377342
7,340,12721,1,88.4865,-16.7295,238.4672,2.057,4.8054,-2.4549,-3.4205,0.587,1.3346,4.1993,0.3035,-1.4445,0.1976,car,340,88.4865,-16.7295,-2.4549,-3.4205,4.1993,0.3035,238.4672,4.21026771832861,15.156963785982995,0.0,0.0,0.0,0.0,0.0,0.0,1,07_318_340_12736_ego_340,1,12736,12736,12740,vehicle_vehicle,0.30965705168849317,1.8846091046445501,1.9475109315382602,13.597975276488775,15.0,3.0,3.5,0.8,3.0540431251048172,10.994555250377342
7,318,12722,720,96.2262,-34.3619,138.3821,2.2707,6.3697,-5.0856,4.6329,-1.3412,-0.7788,6.879,0.0859,0.4855,-1.473,van,340,88.3888,-16.868,-2.4366,-3.3726,4.1504,0.2922,238.1812,4.160703104043835,14.978531174557805,7.837400000000002,-17.4939,-2.6490000000000005,8.0055,8.432391787031719,19.16928209323448,0,07_318_340_12736_ego_340,1,12736,12736,12740,vehicle_vehicle,0.30965705168849317,1.8846091046445501,1.9475109315382602,13.597975276488775,15.0,3.0,3.5,0.8,3.0540431251048172,10.994555250377342
7,321,12722,475,105.2383,-43.4773,135.1206,2.146,6.0019,-4.8966,5.4563,0.1068,1.4799,7.3198,0.4112,0.9686,1.124,van,340,88.3888,-16.868,-2.4366,-3.3726,4.1504,0.2922,238.1812,4.160703104043835,14.978531174557805,16.849499999999992,-26.6093,-2.4600000000000004,8.828899999999999,9.165210047238416,31.495404374924284,0,07_318_340_12736_ego_340,0,12736,12736,12740,vehicle_vehicle,0.30965705168849317,1.8846091046445501,1.9475109315382602,13.597975276488775,15.0,3.0,3.5,0.8,3.0540431251048172,10.994555250377342
7,339,12722,68,79.1722,-24.0747,206.8611,2.1052,4.9368,-6.4657,-3.093,-1.7735,-1.1113,7.1656,0.1621,2.0842,-0.1901,car,340,88.3888,-16.868,-2.4366,-3.3726,4.1504,0.2922,238.1812,4.160703104043835,14.978531174557805,-9.2166,-7.206700000000001,-4.0291,0.27959999999999985,4.038789790271338,11.699668390599795,0,07_318_340_12736_ego_340,0,12736,12736,12740,vehicle_vehicle,0.30965705168849317,1.8846091046445501,1.9475109315382602,13.597975276488775,15.0,3.0,3.5,0.8,3.0540431251048172,10.994555250377342
7,340,12722,2,88.3888,-16.868,238.1812,2.057,4.8054,-2.4366,-3.3726,0.6154,1.3854,4.1504,0.2922,-1.5017,0.2075,car,340,88.3888,-16.868,-2.4366,-3.3726,4.1504,0.2922,238.1812,4.160703104043835,14.978531174557805,0.0,0.0,0.0,0.0,0.0,0.0,1,07_318_340_12736_ego_340,1,12736,12736,12740,vehicle_vehicle,0.30965705168849317,1.8846091046445501,1.9475109315382602,13.597975276488775,15.0,3.0,3.5,0.8,3.0540431251048172,10.994555250377342
7,318,12723,721,96.0203,-34.1752,138.8036,2.2707,6.3697,-5.1421,4.6017,-1.333,-0.8708,6.9001,0.0758,0.4294,-1.5332,van,340,88.2913,-17.0055,-2.417,-3.3213,4.0979,0.2819,237.8919,4.107666331385742,14.787598792988671,7.728999999999999,-17.169699999999995,-2.7251000000000003,7.923,8.378549934803754,18.829127411805356,0,07_318_340_12736_ego_340,1,12736,12736,12740,vehicle_vehicle,0.30965705168849317,1.8846091046445501,1.9475109315382602,13.597975276488775,15.0,3.0,3.5,0.8,3.0540431251048172,10.994555250377342
7,321,12723,476,105.0421,-43.2582,134.626,2.146,6.0019,-4.8929,5.5208,0.0682,1.4452,7.3664,0.3959,0.9806,1.0638,van,340,88.2913,-17.0055,-2.417,-3.3213,4.0979,0.2819,237.8919,4.107666331385742,14.787598792988671,16.750799999999998,-26.2527,-2.4759,8.8421,9.182200891943063,31.141508600740586,0,07_318_340_12736_ego_340,0,12736,12736,12740,vehicle_vehicle,0.30965705168849317,1.8846091046445501,1.9475109315382602,13.597975276488775,15.0,3.0,3.5,0.8,3.0540431251048172,10.994555250377342
7,339,12723,69,78.9108,-24.1974,206.6889,2.1052,4.9368,-6.5397,-3.1329,-1.6662,-1.2135,7.2501,0.1382,2.0337,-0.3358,car,340,88.2913,-17.0055,-2.417,-3.3213,4.0979,0.2819,237.8919,4.107666331385742,14.787598792988671,-9.380500000000012,-7.191899999999997,-4.1227,0.18840000000000012,4.127002526047203,11.820203291822022,0,07_318_340_12736_ego_340,0,12736,12736,12740,vehicle_vehicle,0.30965705168849317,1.8846091046445501,1.9475109315382602,13.597975276488775,15.0,3.0,3.5,0.8,3.0540431251048172,10.994555250377342
7,340,12723,3,88.2913,-17.0055,237.8919,2.057,4.8054,-2.417,-3.3213,0.6489,1.4411,4.0979,0.2819,-1.5655,0.2163,car,340,88.2913,-17.0055,-2.417,-3.3213,4.0979,0.2819,237.8919,4.107666331385742,14.787598792988671,0.0,0.0,0.0,0.0,0.0,0.0,1,07_318_340_12736_ego_340,1,12736,12736,12740,vehicle_vehicle,0.30965705168849317,1.8846091046445501,1.9475109315382602,13.597975276488775,15.0,3.0,3.5,0.8,3.0540431251048172,10.994555250377342
7,318,12724,722,95.8122,-33.9899,139.2555,2.2707,6.3697,-5.1978,4.566,-1.3221,-0.9624,6.9181,0.0668,0.3735,-1.5921,van,340,88.1941,-17.1415,-2.3956,-3.266,4.0412,0.2723,237.5949,4.050389531884557,14.581402314784405,7.618099999999998,-16.848399999999998,-2.8022,7.832,8.318205866651775,18.49064709981779,0,07_318_340_12736_ego_340,1,12736,12736,12740,vehicle_vehicle,0.30965705168849317,1.8846091046445501,1.9475109315382602,13.597975276488775,15.0,3.0,3.5,0.8,3.0540431251048172,10.994555250377342
7,321,12724,477,104.8465,-43.0365,134.1435,2.146,6.0019,-4.8908,5.5841,0.0303,1.4052,7.4134,0.3794,0.9872,1.0004,van,340,88.1941,-17.1415,-2.3956,-3.266,4.0412,0.2723,237.5949,4.050389531884557,14.581402314784405,16.6524,-25.894999999999996,-2.4951999999999996,8.850100000000001,9.195123329787373,30.78722869567834,0,07_318_340_12736_ego_340,0,12736,12736,12740,vehicle_vehicle,0.30965705168849317,1.8846091046445501,1.9475109315382602,13.597975276488775,15.0,3.0,3.5,0.8,3.0540431251048172,10.994555250377342
7,339,12724,70,78.647,-24.3214,206.5777,2.1052,4.9368,-6.6091,-3.1779,-1.5561,-1.3197,7.3325,0.115,1.9821,-0.4841,car,340,88.1941,-17.1415,-2.3956,-3.266,4.0412,0.2723,237.5949,4.050389531884557,14.581402314784405,-9.5471,-7.1799,-4.2135,0.08809999999999985,4.214420940058076,11.945630264661634,0,07_318_340_12736_ego_340,0,12736,12736,12740,vehicle_vehicle,0.30965705168849317,1.8846091046445501,1.9475109315382602,13.597975276488775,15.0,3.0,3.5,0.8,3.0540431251048172,10.994555250377342
7,340,12724,4,88.1941,-17.1415,237.5949,2.057,4.8054,-2.3956,-3.266,0.6871,1.5,4.0412,0.2723,-1.6346,0.2237,car,340,88.1941,-17.1415,-2.3956,-3.266,4.0412,0.2723,237.5949,4.050389531884557,14.581402314784405,0.0,0.0,0.0,0.0,0.0,0.0,1,07_318_340_12736_ego_340,1,12736,12736,12740,vehicle_vehicle,0.30965705168849317,1.8846091046445501,1.9475109315382602,13.597975276488775,15.0,3.0,3.5,0.8,3.0540431251048172,10.994555250377342
7,318,12725,723,95.6021,-33.8061,139.7388,2.2707,6.3697,-5.2525,4.5259,-1.3092,-1.0528,6.9332,0.0592,0.3187,-1.6495,van,340,88.0972,-17.2753,-2.372,-3.2066,3.9799,0.2626,237.2831,3.988567106117183,14.358841582021858,7.504899999999992,-16.5308,-2.8805000000000005,7.7325,8.251595997138978,18.154637772481163,0,07_318_340_12736_ego_340,1,12736,12736,12740,vehicle_vehicle,0.30965705168849317,1.8846091046445501,1.9475109315382602,13.597975276488775,15.0,3.0,3.5,0.8,3.0540431251048172,10.994555250377342
7,321,12725,478,104.6509,-42.8122,133.6748,2.146,6.0019,-4.8902,5.6458,-0.007,1.3597,7.4605,0.3618,0.9882,0.9339,van,340,88.0972,-17.2753,-2.372,-3.2066,3.9799,0.2626,237.2831,3.988567106117183,14.358841582021858,16.553699999999992,-25.536899999999996,-2.5182,8.8524,9.203603479072747,30.432848129940112,0,07_318_340_12736_ego_340,0,12736,12736,12740,vehicle_vehicle,0.30965705168849317,1.8846091046445501,1.9475109315382602,13.597975276488775,15.0,3.0,3.5,0.8,3.0540431251048172,10.994555250377342
7,339,12725,71,78.3808,-24.4466,206.5104,2.1052,4.9368,-6.6739,-3.2282,-1.4433,-1.429,7.4131,0.0902,1.9294,-0.6345,car,340,88.0972,-17.2753,-2.372,-3.2066,3.9799,0.2626,237.2831,3.988567106117183,14.358841582021858,-9.716400000000007,-7.171299999999999,-4.3019,-0.021600000000000286,4.30195422686016,12.076256566088686,0,07_318_340_12736_ego_340,0,12736,12736,12740,vehicle_vehicle,0.30965705168849317,1.8846091046445501,1.9475109315382602,13.597975276488775,15.0,3.0,3.5,0.8,3.0540431251048172,10.994555250377342
7,340,12725,5,88.0972,-17.2753,237.2831,2.057,4.8054,-2.372,-3.2066,0.7296,1.5603,3.9799,0.2626,-1.7071,0.2295,car,340,88.0972,-17.2753,-2.372,-3.2066,3.9799,0.2626,237.2831,3.988567106117183,14.358841582021858,0.0,0.0,0.0,0.0,0.0,0.0,1,07_318_340_12736_ego_340,1,12736,12736,12740,vehicle_vehicle,0.30965705168849317,1.8846091046445501,1.9475109315382602,13.597975276488775,15.0,3.0,3.5,0.8,3.0540431251048172,10.994555250377342
7,318,12726,724,95.3902,-33.6243,140.244,2.2707,6.3697,-5.3064,4.4816,-1.2945,-1.1412,6.9455,0.0517,0.2654,-1.7052,van,340,88.0004,-17.4063,-2.3458,-3.1432,3.9139,0.2529,236.9624,3.922050978760985,14.119383523539547,7.389799999999994,-16.217999999999996,-2.9606,7.6248000000000005,8.179408743912973,17.82225204737044,0,07_318_340_12736_ego_340,1,12736,12736,12740,vehicle_vehicle,0.30965705168849317,1.8846091046445501,1.9475109315382602,13.597975276488775,15.0,3.0,3.5,0.8,3.0540431251048172,10.994555250377342
7,321,12726,479,104.4559,-42.5861,133.2258,2.146,6.0019,-4.8914,5.706,-0.0435,1.3085,7.5077,0.3437,0.9833,0.8645,van,340,88.0004,-17.4063,-2.3458,-3.1432,3.9139,0.2529,236.9624,3.922050978760985,14.119383523539547,16.4555,-25.1798,-2.5456,8.8492,9.208062771289084,30.07999016439334,0,07_318_340_12736_ego_340,0,12736,12736,12740,vehicle_vehicle,0.30965705168849317,1.8846091046445501,1.9475109315382602,13.597975276488775,15.0,3.0,3.5,0.8,3.0540431251048172,10.994555250377342
7,339,12726,72,78.1129,-24.5741,206.4843,2.1052,4.9368,-6.7342,-3.2841,-1.3281,-1.5401,7.492,0.0637,1.8755,-0.7862,car,340,88.0004,-17.4063,-2.3458,-3.1432,3.9139,0.2529,236.9624,3.922050978760985,14.119383523539547,-9.887500000000003,-7.1678,-4.388400000000001,-0.1408999999999998,4.390661381842149,12.212289428686173,0,07_318_340_12736_ego_340,0,12736,12736,12740,vehicle_vehicle,0.30965705168849317,1.8846091046445501,1.9475109315382602,13.597975276488775,15.0,3.0,3.5,0.8,3.0540431251048172,10.994555250377342
7,340,12726,6,88.0004,-17.4063,236.9624,2.057,4.8054,-2.3458,-3.1432,0.7756,1.6205,3.9139,0.2529,-1.7813,0.2333,car,340,88.0004,-17.4063,-2.3458,-3.1432,3.9139,0.2529,236.9624,3.922050978760985,14.119383523539547,0.0,0.0,0.0,0.0,0.0,0.0,1,07_318_340_12736_ego_340,1,12736,12736,12740,vehicle_vehicle,0.30965705168849317,1.8846091046445501,1.9475109315382602,13.597975276488775,15.0,3.0,3.5,0.8,3.0540431251048172,10.994555250377342
7,318,12727,725,95.1759,-33.4445,140.7649,2.2707,6.3697,-5.3594,4.4331,-1.2785,-1.2271,6.9551,0.0439,0.2141,-1.7591,van,340,87.905,-17.5344,-2.3168,-3.0759,3.8431,0.2436,236.6389,3.8508081035024326,13.862909172608758,7.2708999999999975,-15.910099999999996,-3.0425999999999997,7.5089999999999995,8.102005662797328,17.49277761877741,0,07_318_340_12736_ego_340,1,12736,12736,12740,vehicle_vehicle,0.30965705168849317,1.8846091046445501,1.9475109315382602,13.597975276488775,15.0,3.0,3.5,0.8,3.0540431251048172,10.994555250377342
7,321,12727,480,104.2611,-42.3574,132.8088,2.146,6.0019,-4.8944,5.7643,-0.0789,1.2515,7.5549,0.3265,0.9718,0.7925,van,340,87.905,-17.5344,-2.3168,-3.0759,3.8431,0.2436,236.6389,3.8508081035024326,13.862909172608758,16.356099999999998,-24.822999999999997,-2.5776,8.8402,9.208320031362941,29.727148134491472,0,07_318_340_12736_ego_340,0,12736,12736,12740,vehicle_vehicle,0.30965705168849317,1.8846091046445501,1.9475109315382602,13.597975276488775,15.0,3.0,3.5,0.8,3.0540431251048172,10.994555250377342
7,339,12727,73,77.8424,-24.704,206.5053,2.1052,4.9368,-6.7899,-3.3454,-1.2102,-1.652,7.5692,0.0364,1.8202,-0.9382,car,340,87.905,-17.5344,-2.3168,-3.0759,3.8431,0.2436,236.6389,3.8508081035024326,13.862909172608758,-10.062600000000003,-7.169599999999999,-4.4731000000000005,-0.2695000000000003,4.481211204574049,12.35552843548183,0,07_318_340_12736_ego_340,0,12736,12736,12740,vehicle_vehicle,0.30965705168849317,1.8846091046445501,1.9475109315382602,13.597975276488775,15.0,3.0,3.5,0.8,3.0540431251048172,10.994555250377342
7,340,12727,7,87.905,-17.5344,236.6389,2.057,4.8054,-2.3168,-3.0759,0.824,1.6789,3.8431,0.2436,-1.8554,0.2351,car,340,87.905,-17.5344,-2.3168,-3.0759,3.8431,0.2436,236.6389,3.8508081035024326,13.862909172608758,0.0,0.0,0.0,0.0,0.0,0.0,1,07_318_340_12736_ego_340,1,12736,12736,12740,vehicle_vehicle,0.30965705168849317,1.8846091046445501,1.9475109315382602,13.597975276488775,15.0,3.0,3.5,0.8,3.0540431251048172,10.994555250377342
7,318,12728,726,94.9598,-33.2668,141.3057,2.2707,6.3697,-5.4114,4.3806,-1.2615,-1.3099,6.9622,0.036,0.1657,-1.811,van,340,87.8111,-17.6594,-2.2851,-3.0049,3.7678,0.235,236.3181,3.775063710720655,13.590229358594359,7.148700000000005,-15.607400000000002,-3.1263000000000005,7.3855,8.019935282781278,17.166678375562352,0,07_318_340_12736_ego_340,1,12736,12736,12740,vehicle_vehicle,0.30965705168849317,1.8846091046445501,1.9475109315382602,13.597975276488775,15.0,3.0,3.5,0.8,3.0540431251048172,10.994555250377342
7,321,12728,481,104.0653,-42.1253,132.4138,2.146,6.0019,-4.8988,5.8202,-0.1131,1.1885,7.6012,0.3089,0.9537,0.7181,van,340,87.8111,-17.6594,-2.2851,-3.0049,3.7678,0.235,236.3181,3.775063710720655,13.590229358594359,16.254199999999997,-24.4659,-2.6136999999999997,8.825099999999999,9.204010957186002,29.373104712474642,0,07_318_340_12736_ego_340,0,12736,12736,12740,vehicle_vehicle,0.30965705168849317,1.8846091046445501,1.9475109315382602,13.597975276488775,15.0,3.0,3.5,0.8,3.0540431251048172,10.994555250377342
7,339,12728,74,77.5697,-24.836,206.5773,2.1052,4.9368,-6.8408,-3.4125,-1.0898,-1.7635,7.6447,0.0087,1.7636,-1.0896,car,340,87.8111,-17.6594,-2.2851,-3.0049,3.7678,0.235,236.3181,3.775063710720655,13.590229358594359,-10.241399999999999,-7.176599999999997,-4.5557,-0.40759999999999996,4.57389770873814,12.505593209440324,0,07_318_340_12736_ego_340,0,12736,12736,12740,vehicle_vehicle,0.30965705168849317,1.8846091046445501,1.9475109315382602,13.597975276488775,15.0,3.0,3.5,0.8,3.0540431251048172,10.994555250377342
7,340,12728,8,87.8111,-17.6594,236.3181,2.057,4.8054,-2.2851,-3.0049,0.8741,1.7342,3.7678,0.235,-1.9278,0.2344,car,340,87.8111,-17.6594,-2.2851,-3.0049,3.7678,0.235,236.3181,3.775063710720655,13.590229358594359,0.0,0.0,0.0,0.0,0.0,0.0,1,07_318_340_12736_ego_340,1,12736,12736,12740,vehicle_vehicle,0.30965705168849317,1.8846091046445501,1.9475109315382602,13.597975276488775,15.0,3.0,3.5,0.8,3.0540431251048172,10.994555250377342
7,318,12729,727,94.7414,-33.0917,141.8707,2.2707,6.3697,-5.4624,4.3245,-1.2437,-1.3892,6.9669,0.029,0.1206,-1.8607,van,340,87.7181,-17.7805,-2.2505,-2.9309,3.6883,0.2262,235.9893,3.695257103369128,13.302925572128862,7.023299999999992,-15.311200000000003,-3.2118999999999995,7.2554,7.934552965983653,16.845165132167747,0,07_318_340_12736_ego_340,1,12736,12736,12740,vehicle_vehicle,0.30965705168849317,1.8846091046445501,1.9475109315382602,13.597975276488775,15.0,3.0,3.5,0.8,3.0540431251048172,10.994555250377342
7,321,12729,482,103.8697,-41.8909,132.0633,2.146,6.0019,-4.9048,5.8734,-0.146,1.1197,7.6464,0.2935,0.9291,0.6418,van,340,87.7181,-17.7805,-2.2505,-2.9309,3.6883,0.2262,235.9893,3.695257103369128,13.302925572128862,16.151599999999988,-24.110400000000002,-2.6542999999999997,8.8043,9.195705898950878,29.020433675601744,0,07_318_340_12736_ego_340,0,12736,12736,12740,vehicle_vehicle,0.30965705168849317,1.8846091046445501,1.9475109315382602,13.597975276488775,15.0,3.0,3.5,0.8,3.0540431251048172,10.994555250377342
7,339,12729,75,77.2947,-24.9709,206.7023,2.1052,4.9368,-6.8867,-3.4853,-0.967,-1.8734,7.7184,-0.019,1.7057,-1.2391,car,340,87.7181,-17.7805,-2.2505,-2.9309,3.6883,0.2262,235.9893,3.695257103369128,13.302925572128862,-10.4234,-7.1904,-4.6362000000000005,-0.5544000000000002,4.669230107844333,12.662903289530409,0,07_318_340_12736_ego_340,0,12736,12736,12740,vehicle_vehicle,0.30965705168849317,1.8846091046445501,1.9475109315382602,13.597975276488775,15.0,3.0,3.5,0.8,3.0540431251048172,10.994555250377342
7,340,12729,9,87.7181,-17.7805,235.9893,2.057,4.8054,-2.2505,-2.9309,0.925,1.7852,3.6883,0.2262,-1.9972,0.2318,car,340,87.7181,-17.7805,-2.2505,-2.9309,3.6883,0.2262,235.9893,3.695257103369128,13.302925572128862,0.0,0.0,0.0,0.0,0.0,0.0,1,07_318_340_12736_ego_340,1,12736,12736,12740,vehicle_vehicle,0.30965705168849317,1.8846091046445501,1.9475109315382602,13.597975276488775,15.0,3.0,3.5,0.8,3.0540431251048172,10.994555250377342
7,318,12730,728,94.5206,-32.9188,142.4583,2.2707,6.3697,-5.5121,4.2648,-1.2258,-1.4644,6.9693,0.0228,0.0796,-1.9081,van,340,87.6271,-17.898,-2.2132,-2.8541,3.6051,0.2175,235.6606,3.6116673504075645,13.002002461467232,6.893500000000003,-15.020799999999998,-3.2989,7.1189,7.846112312476798,16.52709214865095,0,07_318_340_12736_ego_340,1,12736,12736,12740,vehicle_vehicle,0.30965705168849317,1.8846091046445501,1.9475109315382602,13.597975276488775,15.0,3.0,3.5,0.8,3.0540431251048172,10.994555250377342
7,321,12730,483,103.6723,-41.6534,131.7647,2.146,6.0019,-4.9116,5.9231,-0.1776,1.0457,7.6894,0.2817,0.8983,0.5641,van,340,87.6271,-17.898,-2.2132,-2.8541,3.6051,0.2175,235.6606,3.6116673504075645,13.002002461467232,16.04520000000001,-23.755399999999998,-2.6984,8.7772,9.182625027735806,28.666486917653515,0,07_318_340_12736_ego_340,0,12736,12736,12740,vehicle_vehicle,0.30965705168849317,1.8846091046445501,1.9475109315382602,13.597975276488775,15.0,3.0,3.5,0.8,3.0540431251048172,10.994555250377342
7,339,12730,76,77.0176,-25.1086,206.874,2.1052,4.9368,-6.9273,-3.5637,-0.842,-1.9804,7.7901,-0.0475,1.6463,-1.3859,car,340,87.6271,-17.898,-2.2132,-2.8541,3.6051,0.2175,235.6606,3.6116673504075645,13.002002461467232,-10.609499999999997,-7.2105999999999995,-4.7141,-0.7096,4.767207879881052,12.827869761187939,0,07_318_340_12736_ego_340,0,12736,12736,12740,vehicle_vehicle,0.30965705168849317,1.8846091046445501,1.9475109315382602,13.597975276488775,15.0,3.0,3.5,0.8,3.0540431251048172,10.994555250377342
7,340,12730,10,87.6271,-17.898,235.6606,2.057,4.8054,-2.2132,-2.8541,0.9759,1.8312,3.6051,0.2175,-2.0626,0.2271,car,340,87.6271,-17.898,-2.2132,-2.8541,3.6051,0.2175,235.6606,3.6116673504075645,13.002002461467232,0.0,0.0,0.0,0.0,0.0,0.0,1,07_318_340_12736_ego_340,1,12736,12736,12740,vehicle_vehicle,0.30965705168849317,1.8846091046445501,1.9475109315382602,13.597975276488775,15.0,3.0,3.5,0.8,3.0540431251048172,10.994555250377342
7,318,12731,729,94.2978,-32.7486,143.065,2.2707,6.3697,-5.5606,4.2017,-1.2081,-1.5354,6.9695,0.0171,0.043,-1.9532,van,340,87.5378,-18.0117,-2.1732,-2.775,3.5185,0.2095,235.3418,3.5246876797810045,12.688875647211617,6.759999999999991,-14.736900000000002,-3.3874,6.976699999999999,7.755567139158812,16.21338402709317,0,07_318_340_12736_ego_340,1,12736,12736,12740,vehicle_vehicle,0.30965705168849317,1.8846091046445501,1.9475109315382602,13.597975276488775,15.0,3.0,3.5,0.8,3.0540431251048172,10.994555250377342
7,321,12731,484,103.4745,-41.4148,131.4875,2.146,6.0019,-4.9193,5.9695,-0.2085,0.967,7.7306,0.2695,0.8625,0.4844,van,340,87.5378,-18.0117,-2.1732,-2.775,3.5185,0.2095,235.3418,3.5246876797810045,12.688875647211617,15.936700000000002,-23.4031,-2.7460999999999998,8.7445,9.165552108847564,28.314015902022803,0,07_318_340_12736_ego_340,0,12736,12736,12740,vehicle_vehicle,0.30965705168849317,1.8846091046445501,1.9475109315382602,13.597975276488775,15.0,3.0,3.5,0.8,3.0540431251048172,10.994555250377342
7,339,12731,77,76.7389,-25.2497,207.1017,2.1052,4.9368,-6.9626,-3.6476,-0.7153,-2.0833,7.8599,-0.0752,1.5859,-1.5287,car,340,87.5378,-18.0117,-2.1732,-2.775,3.5185,0.2095,235.3418,3.5246876797810045,12.688875647211617,-10.798900000000003,-7.2379999999999995,-4.7894000000000005,-0.8726000000000003,4.868242302926181,13.000187891334496,0,07_318_340_12736_ego_340,0,12736,12736,12740,vehicle_vehicle,0.30965705168849317,1.8846091046445501,1.9475109315382602,13.597975276488775,15.0,3.0,3.5,0.8,3.0540431251048172,10.994555250377342
7,340,12731,11,87.5378,-18.0117,235.3418,2.057,4.8054,-2.1732,-2.775,1.0262,1.8716,3.5185,0.2095,-2.1231,0.2202,car,340,87.5378,-18.0117,-2.1732,-2.775,3.5185,0.2095,235.3418,3.5246876797810045,12.688875647211617,0.0,0.0,0.0,0.0,0.0,0.0,1,07_318_340_12736_ego_340,1,12736,12736,12740,vehicle_vehicle,0.30965705168849317,1.8846091046445501,1.9475109315382602,13.597975276488775,15.0,3.0,3.5,0.8,3.0540431251048172,10.994555250377342
7,318,12732,730,94.0742,-32.5813,143.6823,2.2707,6.3697,-5.6082,4.1356,-1.191,-1.6018,6.9682,0.0107,0.011,-1.996,van,340,87.4504,-18.1215,-2.1307,-2.6943,3.429,0.2022,235.036,3.434986896627118,12.365952827857626,6.623800000000003,-14.459799999999998,-3.4775,6.8299,7.66423774813908,15.904733335708586,0,07_318_340_12736_ego_340,1,12736,12736,12740,vehicle_vehicle,0.30965705168849317,1.8846091046445501,1.9475109315382602,13.597975276488775,15.0,3.0,3.5,0.8,3.0540431251048172,10.994555250377342
7,321,12732,485,103.2771,-41.1752,131.2458,2.146,6.0019,-4.928,6.0127,-0.2389,0.8837,7.7699,0.2589,0.8219,0.403,van,340,87.4504,-18.1215,-2.1307,-2.6943,3.429,0.2022,235.036,3.434986896627118,12.365952827857626,15.826700000000002,-23.053699999999996,-2.7973,8.707,9.145312257654192,27.963503295903394,0,07_318_340_12736_ego_340,0,12736,12736,12740,vehicle_vehicle,0.30965705168849317,1.8846091046445501,1.9475109315382602,13.597975276488775,15.0,3.0,3.5,0.8,3.0540431251048172,10.994555250377342
7,339,12732,78,76.4596,-25.3948,207.3781,2.1052,4.9368,-6.9927,-3.7367,-0.587,-2.181,7.9278,-0.1025,1.5242,-1.6668,car,340,87.4504,-18.1215,-2.1307,-2.6943,3.429,0.2022,235.036,3.434986896627118,12.365952827857626,-10.990800000000007,-7.273299999999999,-4.862,-1.0423999999999998,4.972488487668926,13.179475616654866,0,07_318_340_12736_ego_340,0,12736,12736,12740,vehicle_vehicle,0.30965705168849317,1.8846091046445501,1.9475109315382602,13.597975276488775,15.0,3.0,3.5,0.8,3.0540431251048172,10.994555250377342
7,340,12732,12,87.4504,-18.1215,235.036,2.057,4.8054,-2.1307,-2.6943,1.0753,1.9061,3.429,0.2022,-2.1783,0.2111,car,340,87.4504,-18.1215,-2.1307,-2.6943,3.429,0.2022,235.036,3.434986896627118,12.365952827857626,0.0,0.0,0.0,0.0,0.0,0.0,1,07_318_340_12736_ego_340,1,12736,12736,12740,vehicle_vehicle,0.30965705168849317,1.8846091046445501,1.9475109315382602,13.597975276488775,15.0,3.0,3.5,0.8,3.0540431251048172,10.994555250377342
7,318,12733,731,93.849,-32.4166,144.3126,2.2707,6.3697,-5.6553,4.0667,-1.1746,-1.6635,6.9656,0.0039,-0.0164,-2.0363,van,340,87.3642,-18.2275,-2.0855,-2.6122,3.337,0.1937,234.7194,3.342588680947747,12.033319251411891,6.484800000000007,-14.189100000000003,-3.5698000000000003,6.6789000000000005,7.573056004678693,15.600743246717451,0,07_318_340_12736_ego_340,1,12736,12736,12740,vehicle_vehicle,0.30965705168849317,1.8846091046445501,1.9475109315382602,13.597975276488775,15.0,3.0,3.5,0.8,3.0540431251048172,10.994555250377342
7,321,12733,486,103.0795,-40.9336,131.0382,2.146,6.0019,-4.9378,6.0525,-0.269,0.7959,7.8072,0.2494,0.7769,0.3197,van,340,87.3642,-18.2275,-2.0855,-2.6122,3.337,0.1937,234.7194,3.342588680947747,12.033319251411891,15.7153,-22.7061,-2.8523,8.6647,9.122096325954907,27.61408393012522,0,07_318_340_12736_ego_340,0,12736,12736,12740,vehicle_vehicle,0.30965705168849317,1.8846091046445501,1.9475109315382602,13.597975276488775,15.0,3.0,3.5,0.8,3.0540431251048172,10.994555250377342
7,339,12733,79,76.1789,-25.544,207.7232,2.1052,4.9368,-7.0175,-3.8304,-0.4574,-2.2726,7.9938,-0.1261,1.4621,-1.799,car,340,87.3642,-18.2275,-2.0855,-2.6122,3.337,0.1937,234.7194,3.342588680947747,12.033319251411891,-11.185299999999998,-7.316500000000001,-4.932,-1.2182,5.080219999173265,13.365706428767615,0,07_318_340_12736_ego_340,0,12736,12736,12740,vehicle_vehicle,0.30965705168849317,1.8846091046445501,1.9475109315382602,13.597975276488775,15.0,3.0,3.5,0.8,3.0540431251048172,10.994555250377342
7,340,12733,13,87.3642,-18.2275,234.7194,2.057,4.8054,-2.0855,-2.6122,1.1226,1.9348,3.337,0.1937,-2.2279,0.2011,car,340,87.3642,-18.2275,-2.0855,-2.6122,3.337,0.1937,234.7194,3.342588680947747,12.033319251411891,0.0,0.0,0.0,0.0,0.0,0.0,1,07_318_340_12736_ego_340,1,12736,12736,12740,vehicle_vehicle,0.30965705168849317,1.8846091046445501,1.9475109315382602,13.597975276488775,15.0,3.0,3.5,0.8,3.0540431251048172,10.994555250377342
7,318,12734,732,93.6217,-32.2553,144.9532,2.2707,6.3697,-5.7016,3.9953,-1.1588,-1.7202,6.9621,-0.0032,-0.0392,-2.0737,van,340,87.2795,-18.3292,-2.0376,-2.5295,3.2428,0.1851,234.4151,3.248104679655506,11.693176846759822,6.342200000000005,-13.926099999999998,-3.664,6.5248,7.4831751977352505,15.302279635727482,0,07_318_340_12736_ego_340,1,12736,12736,12740,vehicle_vehicle,0.30965705168849317,1.8846091046445501,1.9475109315382602,13.597975276488775,15.0,3.0,3.5,0.8,3.0540431251048172,10.994555250377342
7,321,12734,487,102.8814,-40.6908,130.8654,2.146,6.0019,-4.9486,6.0887,-0.299,0.7037,7.8424,0.2414,0.7278,0.2343,van,340,87.2795,-18.3292,-2.0376,-2.5295,3.2428,0.1851,234.4151,3.248104679655506,11.693176846759822,15.6019,-22.361600000000003,-2.911,8.6182,9.096553866162724,27.266470951885214,0,07_318_340_12736_ego_340,0,12736,12736,12740,vehicle_vehicle,0.30965705168849317,1.8846091046445501,1.9475109315382602,13.597975276488775,15.0,3.0,3.5,0.8,3.0540431251048172,10.994555250377342
7,339,12734,80,75.8972,-25.697,208.1302,2.1052,4.9368,-7.0368,-3.9286,-0.3265,-2.3573,8.0579,-0.1469,1.3994,-1.9249,car,340,87.2795,-18.3292,-2.0376,-2.5295,3.2428,0.1851,234.4151,3.248104679655506,11.693176846759822,-11.3823,-7.367799999999999,-4.9992,-1.3990999999999998,5.191288996964049,13.55880636818743,0,07_318_340_12736_ego_340,0,12736,12736,12740,vehicle_vehicle,0.30965705168849317,1.8846091046445501,1.9475109315382602,13.597975276488775,15.0,3.0,3.5,0.8,3.0540431251048172,10.994555250377342
7,340,12734,14,87.2795,-18.3292,234.4151,2.057,4.8054,-2.0376,-2.5295,1.1673,1.958,3.2428,0.1851,-2.2716,0.1901,car,340,87.2795,-18.3292,-2.0376,-2.5295,3.2428,0.1851,234.4151,3.248104679655506,11.693176846759822,0.0,0.0,0.0,0.0,0.0,0.0,1,07_318_340_12736_ego_340,1,12736,12736,12740,vehicle_vehicle,0.30965705168849317,1.8846091046445501,1.9475109315382602,13.597975276488775,15.0,3.0,3.5,0.8,3.0540431251048172,10.994555250377342
7,318,12735,733,93.3926,-32.0975,145.6089,2.2707,6.3697,-5.7472,3.9219,-1.1437,-1.7722,6.9578,-0.0099,-0.0573,-2.1084,van,340,87.198,-18.428,-1.9874,-2.4462,3.1469,0.1765,234.1184,3.1517698520037913,11.346371467213649,6.194600000000008,-13.669499999999996,-3.7598000000000003,6.3681,7.395187195061394,15.007608050918707,0,07_318_340_12736_ego_340,1,12736,12736,12740,vehicle_vehicle,0.30965705168849317,1.8846091046445501,1.9475109315382602,13.597975276488775,15.0,3.0,3.5,0.8,3.0540431251048172,10.994555250377342
7,321,12735,488,102.6822,-40.4466,130.7103,2.146,6.0019,-4.9602,6.1212,-0.329,0.6071,7.8752,0.2325,0.6748,0.1466,van,340,87.198,-18.428,-1.9874,-2.4462,3.1469,0.1765,234.1184,3.1517698520037913,11.346371467213649,15.484200000000001,-22.018599999999996,-2.9728000000000003,8.5674,9.068510495114399,26.91800875993616,0,07_318_340_12736_ego_340,0,12736,12736,12740,vehicle_vehicle,0.30965705168849317,1.8846091046445501,1.9475109315382602,13.597975276488775,15.0,3.0,3.5,0.8,3.0540431251048172,10.994555250377342
7,339,12735,81,75.6147,-25.8547,208.6051,2.1052,4.9368,-7.0506,-4.0308,-0.1948,-2.4344,8.1198,-0.1632,1.3366,-2.044,car,340,87.198,-18.428,-1.9874,-2.4462,3.1469,0.1765,234.1184,3.1517698520037913,11.346371467213649,-11.583299999999994,-7.4267,-5.0632,-1.5846,5.305370053068872,13.759677023099048,0,07_318_340_12736_ego_340,0,12736,12736,12740,vehicle_vehicle,0.30965705168849317,1.8846091046445501,1.9475109315382602,13.597975276488775,15.0,3.0,3.5,0.8,3.0540431251048172,10.994555250377342
7,340,12735,15,87.198,-18.428,234.1184,2.057,4.8054,-1.9874,-2.4462,1.2087,1.976,3.1469,0.1765,-2.3095,0.1788,car,340,87.198,-18.428,-1.9874,-2.4462,3.1469,0.1765,234.1184,3.1517698520037913,11.346371467213649,0.0,0.0,0.0,0.0,0.0,0.0,1,07_318_340_12736_ego_340,1,12736,12736,12740,vehicle_vehicle,0.30965705168849317,1.8846091046445501,1.9475109315382602,13.597975276488775,15.0,3.0,3.5,0.8,3.0540431251048172,10.994555250377342
7,318,12736,734,93.1621,-31.9429,146.2684,2.2707,6.3697,-5.7924,3.8467,-1.1292,-1.8198,6.9533,-0.0174,-0.0715,-2.1405,van,340,87.1189,-18.5234,-1.9354,-2.3625,3.0495,0.1677,233.8224,3.0540431251048172,10.994555250377342,6.043199999999999,-13.419500000000003,-3.8569999999999998,6.209199999999999,7.309624726345395,14.71744700992669,0,07_318_340_12736_ego_340,1,12736,12736,12740,vehicle_vehicle,0.30965705168849317,1.8846091046445501,1.9475109315382602,13.597975276488775,15.0,3.0,3.5,0.8,3.0540431251048172,10.994555250377342
7,321,12736,489,102.4827,-40.2008,130.5729,2.146,6.0019,-4.9727,6.1497,-0.3596,0.5063,7.9055,0.2227,0.6185,0.0561,van,340,87.1189,-18.5234,-1.9354,-2.3625,3.0495,0.1677,233.8224,3.0540431251048172,10.994555250377342,15.363799999999998,-21.677400000000002,-3.0372999999999997,8.5122,9.037850415336603,26.56983291629814,0,07_318_340_12736_ego_340,0,12736,12736,12740,vehicle_vehicle,0.30965705168849317,1.8846091046445501,1.9475109315382602,13.597975276488775,15.0,3.0,3.5,0.8,3.0540431251048172,10.994555250377342
7,339,12736,82,75.3323,-26.0173,209.1301,2.1052,4.9368,-7.059,-4.1363,-0.0624,-2.5036,8.1797,-0.1768,1.2732,-2.1565,car,340,87.1189,-18.5234,-1.9354,-2.3625,3.0495,0.1677,233.8224,3.0540431251048172,10.994555250377342,-11.786599999999993,-7.4939,-5.1236,-1.7738000000000005,5.421959369084206,13.967192873659325,0,07_318_340_12736_ego_340,0,12736,12736,12740,vehicle_vehicle,0.30965705168849317,1.8846091046445501,1.9475109315382602,13.597975276488775,15.0,3.0,3.5,0.8,3.0540431251048172,10.994555250377342
7,340,12736,16,87.1189,-18.5234,233.8224,2.057,4.8054,-1.9354,-2.3625,1.2466,1.9892,3.0495,0.1677,-2.3415,0.168,car,340,87.1189,-18.5234,-1.9354,-2.3625,3.0495,0.1677,233.8224,3.0540431251048172,10.994555250377342,0.0,0.0,0.0,0.0,0.0,0.0,1,07_318_340_12736_ego_340,1,12736,12736,12740,vehicle_vehicle,0.30965705168849317,1.8846091046445501,1.9475109315382602,13.597975276488775,15.0,3.0,3.5,0.8,3.0540431251048172,10.994555250377342
7,318,12737,735,92.9296,-31.7906,146.9367,2.2707,6.3697,-5.837,3.7697,-1.1153,-1.8632,6.9484,-0.0252,-0.0818,-2.1699,van,340,87.0424,-18.6157,-1.8819,-2.2786,2.951,0.1593,233.5361,2.955260660246402,10.638938376887047,5.887199999999993,-13.174900000000001,-3.9551,6.048299999999999,7.226669281211088,14.430423204119828,0,07_318_340_12736_ego_340,1,12736,12736,12740,vehicle_vehicle,0.30965705168849317,1.8846091046445501,1.9475109315382602,13.597975276488775,15.0,3.0,3.5,0.8,3.0540431251048172,10.994555250377342
7,321,12737,490,102.2829,-39.954,130.4553,2.146,6.0019,-4.9862,6.1739,-0.391,0.4014,7.9331,0.2119,0.5591,-0.0371,van,340,87.0424,-18.6157,-1.8819,-2.2786,2.951,0.1593,233.5361,2.955260660246402,10.638938376887047,15.240499999999997,-21.3383,-3.1043000000000003,8.4525,9.004523015684953,26.222049636517735,0,07_318_340_12736_ego_340,0,12736,12736,12740,vehicle_vehicle,0.30965705168849317,1.8846091046445501,1.9475109315382602,13.597975276488775,15.0,3.0,3.5,0.8,3.0540431251048172,10.994555250377342
7,339,12737,83,75.0492,-26.1842,209.7033,2.1052,4.9368,-7.0619,-4.2447,0.0705,-2.5645,8.2373,-0.1878,1.2095,-2.2624,car,340,87.0424,-18.6157,-1.8819,-2.2786,2.951,0.1593,233.5361,2.955260660246402,10.638938376887047,-11.993200000000002,-7.5685,-5.18,-1.9661,5.540573003760532,14.18164442122281,0,07_318_340_12736_ego_340,0,12736,12736,12740,vehicle_vehicle,0.30965705168849317,1.8846091046445501,1.9475109315382602,13.597975276488775,15.0,3.0,3.5,0.8,3.0540431251048172,10.994555250377342
7,340,12737,17,87.0424,-18.6157,233.5361,2.057,4.8054,-1.8819,-2.2786,1.2808,1.9979,2.951,0.1593,-2.368,0.1573,car,340,87.0424,-18.6157,-1.8819,-2.2786,2.951,0.1593,233.5361,2.955260660246402,10.638938376887047,0.0,0.0,0.0,0.0,0.0,0.0,1,07_318_340_12736_ego_340,1,12736,12736,12740,vehicle_vehicle,0.30965705168849317,1.8846091046445501,1.9475109315382602,13.597975276488775,15.0,3.0,3.5,0.8,3.0540431251048172,10.994555250377342
7,318,12738,736,92.6958,-31.6417,147.6045,2.2707,6.3697,-5.8813,3.6911,-1.1018,-1.9024,6.9435,-0.0343,-0.0889,-2.1967,van,340,86.968,-18.7043,-1.8269,-2.1947,2.8515,0.1513,233.2629,2.8555685423396864,10.280046752422871,5.727800000000002,-12.9374,-4.0544,5.8858,7.1470833911463485,14.148639920501193,0,07_318_340_12736_ego_340,1,12736,12736,12740,vehicle_vehicle,0.30965705168849317,1.8846091046445501,1.9475109315382602,13.597975276488775,15.0,3.0,3.5,0.8,3.0540431251048172,10.994555250377342
7,321,12738,491,102.0832,-39.7065,130.3524,2.146,6.0019,-5.001,6.1939,-0.4232,0.2925,7.9583,0.1993,0.497,-0.1331,van,340,86.968,-18.7043,-1.8269,-2.1947,2.8515,0.1513,233.2629,2.8555685423396864,10.280046752422871,15.115200000000002,-21.0022,-3.1741,8.3886,8.969031205765761,25.875889856775938,0,07_318_340_12736_ego_340,0,12736,12736,12740,vehicle_vehicle,0.30965705168849317,1.8846091046445501,1.9475109315382602,13.597975276488775,15.0,3.0,3.5,0.8,3.0540431251048172,10.994555250377342
7,339,12738,84,74.7664,-26.356,210.3172,2.1052,4.9368,-7.0593,-4.3556,0.2037,-2.6171,8.2926,-0.1965,1.1452,-2.362,car,340,86.968,-18.7043,-1.8269,-2.1947,2.8515,0.1513,233.2629,2.8555685423396864,10.280046752422871,-12.2016,-7.651700000000002,-5.2324,-2.1609,5.661051012842051,14.402345484329974,0,07_318_340_12736_ego_340,0,12736,12736,12740,vehicle_vehicle,0.30965705168849317,1.8846091046445501,1.9475109315382602,13.597975276488775,15.0,3.0,3.5,0.8,3.0540431251048172,10.994555250377342
7,340,12738,18,86.968,-18.7043,233.2629,2.057,4.8054,-1.8269,-2.1947,1.3113,2.0024,2.8515,0.1513,-2.389,0.1469,car,340,86.968,-18.7043,-1.8269,-2.1947,2.8515,0.1513,233.2629,2.8555685423396864,10.280046752422871,0.0,0.0,0.0,0.0,0.0,0.0,1,07_318_340_12736_ego_340,1,12736,12736,12740,vehicle_vehicle,0.30965705168849317,1.8846091046445501,1.9475109315382602,13.597975276488775,15.0,3.0,3.5,0.8,3.0540431251048172,10.994555250377342
7,318,12739,737,92.4602,-31.4963,148.2787,2.2707,6.3697,-5.9252,3.6113,-1.0886,-1.9377,6.9389,-0.0436,-0.0929,-2.2206,van,340,86.8965,-18.7898,-1.7709,-2.1108,2.7516,0.1436,232.991,2.755279196379198,9.919005106965113,5.563699999999997,-12.706500000000002,-4.1543,5.722099999999999,7.071112847352953,13.87118956470569,0,07_318_340_12736_ego_340,1,12736,12736,12740,vehicle_vehicle,0.30965705168849317,1.8846091046445501,1.9475109315382602,13.597975276488775,15.0,3.0,3.5,0.8,3.0540431251048172,10.994555250377342
7,321,12739,492,101.883,-39.4578,130.2531,2.146,6.0019,-5.0171,6.2092,-0.4563,0.1799,7.9807,0.1832,0.4322,-0.232,van,340,86.8965,-18.7898,-1.7709,-2.1108,2.7516,0.1436,232.991,2.755279196379198,9.919005106965113,14.986499999999992,-20.668,-3.2462,8.32,8.930857430280701,25.529618215907572,0,07_318_340_12736_ego_340,0,12736,12736,12740,vehicle_vehicle,0.30965705168849317,1.8846091046445501,1.9475109315382602,13.597975276488775,15.0,3.0,3.5,0.8,3.0540431251048172,10.994555250377342
7,339,12739,85,74.4837,-26.5322,210.9593,2.1052,4.9368,-7.0512,-4.4687,0.337,-2.6613,8.3454,-0.2047,1.0801,-2.4555,car,340,86.8965,-18.7898,-1.7709,-2.1108,2.7516,0.1436,232.991,2.755279196379198,9.919005106965113,-12.412800000000004,-7.7424,-5.2802999999999995,-2.3579000000000003,5.782841905153555,14.629503122115944,0,07_318_340_12736_ego_340,0,12736,12736,12740,vehicle_vehicle,0.30965705168849317,1.8846091046445501,1.9475109315382602,13.597975276488775,15.0,3.0,3.5,0.8,3.0540431251048172,10.994555250377342
7,340,12739,19,86.8965,-18.7898,232.991,2.057,4.8054,-1.7709,-2.1108,1.3382,2.003,2.7516,0.1436,-2.405,0.1371,car,340,86.8965,-18.7898,-1.7709,-2.1108,2.7516,0.1436,232.991,2.755279196379198,9.919005106965113,0.0,0.0,0.0,0.0,0.0,0.0,1,07_318_340_12736_ego_340,1,12736,12736,12740,vehicle_vehicle,0.30965705168849317,1.8846091046445501,1.9475109315382602,13.597975276488775,15.0,3.0,3.5,0.8,3.0540431251048172,10.994555250377342
7,318,12740,738,92.2226,-31.3541,148.9672,2.2707,6.3697,-5.9688,3.5303,-1.0754,-1.9694,6.9344,-0.0521,-0.0938,-2.2419,van,340,86.8275,-18.8722,-1.7142,-2.0272,2.6513,0.1358,232.7143,2.6548110064560153,9.557319623241655,5.395099999999999,-12.4819,-4.2546,5.5575,6.999101900244059,13.597975276488775,0,07_318_340_12736_ego_340,1,12736,12736,12740,vehicle_vehicle,0.30965705168849317,1.8846091046445501,1.9475109315382602,13.597975276488775,15.0,3.0,3.5,0.8,3.0540431251048172,10.994555250377342
7,321,12740,493,101.6821,-39.2083,130.1717,2.146,6.0019,-5.0346,6.2196,-0.4902,0.0639,8.0002,0.1652,0.365,-0.3334,van,340,86.8275,-18.8722,-1.7142,-2.0272,2.6513,0.1358,232.7143,2.6548110064560153,9.557319623241655,14.854600000000005,-20.336100000000002,-3.3204000000000002,8.2468,8.890149964989343,25.183647558882335,0,07_318_340_12736_ego_340,0,12736,12736,12740,vehicle_vehicle,0.30965705168849317,1.8846091046445501,1.9475109315382602,13.597975276488775,15.0,3.0,3.5,0.8,3.0540431251048172,10.994555250377342
7,339,12740,86,74.2012,-26.7136,211.6465,2.1052,4.9368,-7.0374,-4.5833,0.4702,-2.6972,8.3957,-0.2094,1.0149,-2.5429,car,340,86.8275,-18.8722,-1.7142,-2.0272,2.6513,0.1358,232.7143,2.6548110064560153,9.557319623241655,-12.6263,-7.8414,-5.3232,-2.5561000000000003,5.905091485320105,14.863075242021752,0,07_318_340_12736_ego_340,0,12736,12736,12740,vehicle_vehicle,0.30965705168849317,1.8846091046445501,1.9475109315382602,13.597975276488775,15.0,3.0,3.5,0.8,3.0540431251048172,10.994555250377342
7,340,12740,20,86.8275,-18.8722,232.7143,2.057,4.8054,-1.7142,-2.0272,1.3616,2.0,2.6513,0.1358,-2.4161,0.1282,car,340,86.8275,-18.8722,-1.7142,-2.0272,2.6513,0.1358,232.7143,2.6548110064560153,9.557319623241655,0.0,0.0,0.0,0.0,0.0,0.0,1,07_318_340_12736_ego_340,1,12736,12736,12740,vehicle_vehicle,0.30965705168849317,1.8846091046445501,1.9475109315382602,13.597975276488775,15.0,3.0,3.5,0.8,3.0540431251048172,10.994555250377342
7,318,12741,739,91.983,-31.2155,149.6552,2.2707,6.3697,-6.0118,3.4484,-1.0622,-1.9978,6.9303,-0.0612,-0.0926,-2.2608,van,340,86.7607,-18.9516,-1.6568,-1.9436,2.5507,0.1288,232.4458,2.553931714044054,9.194154170558594,5.222300000000004,-12.2639,-4.355,5.3919999999999995,6.931066945283388,13.32950338534786,0,07_318_340_12736_ego_340,1,12736,12736,12740,vehicle_vehicle,0.30965705168849317,1.8846091046445501,1.9475109315382602,13.597975276488775,15.0,3.0,3.5,0.8,3.0540431251048172,10.994555250377342
7,321,12741,494,101.48,-38.9589,130.105,2.146,6.0019,-5.0533,6.2252,-0.5249,-0.0553,8.0168,0.1451,0.2958,-0.4371,van,340,86.7607,-18.9516,-1.6568,-1.9436,2.5507,0.1288,232.4458,2.553931714044054,9.194154170558594,14.719300000000004,-20.0073,-3.3965,8.168800000000001,8.84677939648096,24.8384751097969,0,07_318_340_12736_ego_340,0,12736,12736,12740,vehicle_vehicle,0.30965705168849317,1.8846091046445501,1.9475109315382602,13.597975276488775,15.0,3.0,3.5,0.8,3.0540431251048172,10.994555250377342
7,339,12741,87,73.9189,-26.9001,212.372,2.1052,4.9368,-7.0179,-4.699,0.6028,-2.7252,8.4431,-0.2113,0.95,-2.6244,car,340,86.7607,-18.9516,-1.6568,-1.9436,2.5507,0.1288,232.4458,2.553931714044054,9.194154170558594,-12.841800000000006,-7.948499999999999,-5.3611,-2.7554,6.027737748940311,15.10266464866383,0,07_318_340_12736_ego_340,0,12736,12736,12740,vehicle_vehicle,0.30965705168849317,1.8846091046445501,1.9475109315382602,13.597975276488775,15.0,3.0,3.5,0.8,3.0540431251048172,10.994555250377342
7,340,12741,21,86.7607,-18.9516,232.4458,2.057,4.8054,-1.6568,-1.9436,1.382,1.9934,2.5507,0.1288,-2.4227,0.1194,car,340,86.7607,-18.9516,-1.6568,-1.9436,2.5507,0.1288,232.4458,2.553931714044054,9.194154170558594,0.0,0.0,0.0,0.0,0.0,0.0,1,07_318_340_12736_ego_340,1,12736,12736,12740,vehicle_vehicle,0.30965705168849317,1.8846091046445501,1.9475109315382602,13.597975276488775,15.0,3.0,3.5,0.8,3.0540431251048172,10.994555250377342
7,318,12742,740,91.7411,-31.0806,150.3465,2.2707,6.3697,-6.0541,3.366,-1.0492,-2.0234,6.9265,-0.0701,-0.0893,-2.2775,van,340,86.6958,-19.0273,-1.5986,-1.8606,2.45,0.1225,232.193,2.4530296206935622,8.830906634496824,5.0452999999999975,-12.0533,-4.4555,5.2266,6.867956596397505,13.066640462643791,0,07_318_340_12736_ego_340,1,12736,12736,12740,vehicle_vehicle,0.30965705168849317,1.8846091046445501,1.9475109315382602,13.597975276488775,15.0,3.0,3.5,0.8,3.0540431251048172,10.994555250377342
7,321,12742,495,101.2775,-38.7091,130.0595,2.146,6.0019,-5.0735,6.2257,-0.5604,-0.1774,8.0302,0.1236,0.225,-0.5431,van,340,86.6958,-19.0273,-1.5986,-1.8606,2.45,0.1225,232.193,2.4530296206935622,8.830906634496824,14.581699999999998,-19.6818,-3.4749,8.0863,8.801316816249715,24.494881631271458,0,07_318_340_12736_ego_340,0,12736,12736,12740,vehicle_vehicle,0.30965705168849317,1.8846091046445501,1.9475109315382602,13.597975276488775,15.0,3.0,3.5,0.8,3.0540431251048172,10.994555250377342
7,339,12742,88,73.637,-27.0913,213.1128,2.1052,4.9368,-6.9923,-4.8154,0.7344,-2.7456,8.4873,-0.2135,0.8848,-2.7009,car,340,86.6958,-19.0273,-1.5986,-1.8606,2.45,0.1225,232.193,2.4530296206935622,8.830906634496824,-13.058800000000005,-8.064,-5.3937,-2.9548000000000005,6.15002786416452,15.34797554858621,0,07_318_340_12736_ego_340,0,12736,12736,12740,vehicle_vehicle,0.30965705168849317,1.8846091046445501,1.9475109315382602,13.597975276488775,15.0,3.0,3.5,0.8,3.0540431251048172,10.994555250377342
7,340,12742,22,86.6958,-19.0273,232.193,2.057,4.8054,-1.5986,-1.8606,1.3995,1.9834,2.45,0.1225,-2.4249,0.1101,car,340,86.6958,-19.0273,-1.5986,-1.8606,2.45,0.1225,232.193,2.4530296206935622,8.830906634496824,0.0,0.0,0.0,0.0,0.0,0.0,1,07_318_340_12736_ego_340,1,12736,12736,12740,vehicle_vehicle,0.30965705168849317,1.8846091046445501,1.9475109315382602,13.597975276488775,15.0,3.0,3.5,0.8,3.0540431251048172,10.994555250377342
7,318,12743,741,91.4972,-30.9484,151.0399,2.2707,6.3697,-6.0955,3.2829,-1.0365,-2.0467,6.9228,-0.079,-0.0841,-2.2927,van,340,86.6336,-19.1,-1.5401,-1.7779,2.3493,0.1168,231.9464,2.3521982101855277,8.4679135566679,4.863600000000005,-11.848399999999998,-4.555400000000001,5.0608,6.80906497252009,12.807778399082332,0,07_318_340_12736_ego_340,1,12736,12736,12740,vehicle_vehicle,0.30965705168849317,1.8846091046445501,1.9475109315382602,13.597975276488775,15.0,3.0,3.5,0.8,3.0540431251048172,10.994555250377342
7,321,12743,496,101.0737,-38.4588,130.0203,2.146,6.0019,-5.0949,6.2207,-0.5969,-0.3018,8.0402,0.0985,0.1528,-0.6512,van,340,86.6336,-19.1,-1.5401,-1.7779,2.3493,0.1168,231.9464,2.3521982101855277,8.4679135566679,14.440100000000001,-19.358799999999995,-3.5548,7.9986,8.752954072768805,24.151182692572217,0,07_318_340_12736_ego_340,0,12736,12736,12740,vehicle_vehicle,0.30965705168849317,1.8846091046445501,1.9475109315382602,13.597975276488775,15.0,3.0,3.5,0.8,3.0540431251048172,10.994555250377342
7,339,12743,89,73.3559,-27.2873,213.8697,2.1052,4.9368,-6.9607,-4.932,0.8642,-2.7589,8.5282,-0.2159,0.82,-2.7723,car,340,86.6336,-19.1,-1.5401,-1.7779,2.3493,0.1168,231.9464,2.3521982101855277,8.4679135566679,-13.277699999999996,-8.187299999999997,-5.4206,-3.1541000000000006,6.27146323994648,15.599012743760415,0,07_318_340_12736_ego_340,0,12736,12736,12740,vehicle_vehicle,0.30965705168849317,1.8846091046445501,1.9475109315382602,13.597975276488775,15.0,3.0,3.5,0.8,3.0540431251048172,10.994555250377342
7,340,12743,23,86.6336,-19.1,231.9464,2.057,4.8054,-1.5401,-1.7779,1.4143,1.9701,2.3493,0.1168,-2.4231,0.1007,car,340,86.6336,-19.1,-1.5401,-1.7779,2.3493,0.1168,231.9464,2.3521982101855277,8.4679135566679,0.0,0.0,0.0,0.0,0.0,0.0,1,07_318_340_12736_ego_340,1,12736,12736,12740,vehicle_vehicle,0.30965705168849317,1.8846091046445501,1.9475109315382602,13.597975276488775,15.0,3.0,3.5,0.8,3.0540431251048172,10.994555250377342
7,318,12744,742,91.2516,-30.8195,151.7429,2.2707,6.3697,-6.136,3.1992,-1.0246,-2.068,6.9193,-0.087,-0.0766,-2.3066,van,340,86.5734,-19.1694,-1.481,-1.6959,2.2488,0.1112,231.7004,2.2515412077064014,8.105548347743046,4.67819999999999,-11.650100000000002,-4.655,4.895099999999999,6.755074315653381,12.554297481340798,0,07_318_340_12736_ego_340,1,12736,12736,12740,vehicle_vehicle,0.30965705168849317,1.8846091046445501,1.9475109315382602,13.597975276488775,15.0,3.0,3.5,0.8,3.0540431251048172,10.994555250377342
7,321,12744,497,100.8699,-38.2082,130.0005,2.146,6.0019,-5.1179,6.2099,-0.6344,-0.4279,8.0468,0.0712,0.08,-0.761,van,340,86.5734,-19.1694,-1.481,-1.6959,2.2488,0.1112,231.7004,2.2515412077064014,8.105548347743046,14.296499999999995,-19.0388,-3.6369,7.9058,8.702224729918205,23.808944069193824,0,07_318_340_12736_ego_340,0,12736,12736,12740,vehicle_vehicle,0.30965705168849317,1.8846091046445501,1.9475109315382602,13.597975276488775,15.0,3.0,3.5,0.8,3.0540431251048172,10.994555250377342
7,339,12744,90,73.0761,-27.4881,214.6396,2.1052,4.9368,-6.9231,-5.0488,0.9913,-2.7656,8.5657,-0.2187,0.7565,-2.8388,car,340,86.5734,-19.1694,-1.481,-1.6959,2.2488,0.1112,231.7004,2.2515412077064014,8.105548347743046,-13.49730000000001,-8.3187,-5.4421,-3.3529,6.3920568536270075,15.854900724381729,0,07_318_340_12736_ego_340,0,12736,12736,12740,vehicle_vehicle,0.30965705168849317,1.8846091046445501,1.9475109315382602,13.597975276488775,15.0,3.0,3.5,0.8,3.0540431251048172,10.994555250377342
7,340,12744,24,86.5734,-19.1694,231.7004,2.057,4.8054,-1.481,-1.6959,1.4265,1.9535,2.2488,0.1112,-2.4172,0.0912,car,340,86.5734,-19.1694,-1.481,-1.6959,2.2488,0.1112,231.7004,2.2515412077064014,8.105548347743046,0.0,0.0,0.0,0.0,0.0,0.0,1,07_318_340_12736_ego_340,1,12736,12736,12740,vehicle_vehicle,0.30965705168849317,1.8846091046445501,1.9475109315382602,13.597975276488775,15.0,3.0,3.5,0.8,3.0540431251048172,10.994555250377342
7,318,12745,743,91.0049,-30.6945,152.4543,2.2707,6.3697,-6.1758,3.1151,-1.0137,-2.0877,6.9163,-0.094,-0.0666,-2.3199,van,340,86.5135,-19.2342,-1.4207,-1.6151,2.1485,0.1053,231.4685,2.151031496747549,7.743713388291177,4.491400000000013,-11.4603,-4.7551,4.7302,6.707143061691766,12.308986556577276,0,07_318_340_12736_ego_340,1,12736,12736,12740,vehicle_vehicle,0.30965705168849317,1.8846091046445501,1.9475109315382602,13.597975276488775,15.0,3.0,3.5,0.8,3.0540431251048172,10.994555250377342
7,321,12745,498,100.6658,-37.9583,130.0137,2.146,6.0019,-5.1429,6.1934,-0.6724,-0.555,8.0502,0.0432,0.0073,-0.8718,van,340,86.5135,-19.2342,-1.4207,-1.6151,2.1485,0.1053,231.4685,2.151031496747549,7.743713388291177,14.152300000000011,-18.7241,-3.7222,7.8084999999999996,8.650285838629843,23.470822654947575,0,07_318_340_12736_ego_340,0,12736,12736,12740,vehicle_vehicle,0.30965705168849317,1.8846091046445501,1.9475109315382602,13.597975276488775,15.0,3.0,3.5,0.8,3.0540431251048172,10.994555250377342
7,339,12745,91,72.7983,-27.6936,215.4258,2.1052,4.9368,-6.8798,-5.1652,1.115,-2.7662,8.6001,-0.2211,0.6949,-2.9004,car,340,86.5135,-19.2342,-1.4207,-1.6151,2.1485,0.1053,231.4685,2.151031496747549,7.743713388291177,-13.715199999999996,-8.459399999999999,-5.4591,-3.5500999999999996,6.511910842448628,16.114222271025053,0,07_318_340_12736_ego_340,0,12736,12736,12740,vehicle_vehicle,0.30965705168849317,1.8846091046445501,1.9475109315382602,13.597975276488775,15.0,3.0,3.5,0.8,3.0540431251048172,10.994555250377342
7,340,12745,25,86.5135,-19.2342,231.4685,2.057,4.8054,-1.4207,-1.6151,1.4359,1.934,2.1485,0.1053,-2.4074,0.0815,car,340,86.5135,-19.2342,-1.4207,-1.6151,2.1485,0.1053,231.4685,2.151031496747549,7.743713388291177,0.0,0.0,0.0,0.0,0.0,0.0,1,07_318_340_12736_ego_340,1,12736,12736,12740,vehicle_vehicle,0.30965705168849317,1.8846091046445501,1.9475109315382602,13.597975276488775,15.0,3.0,3.5,0.8,3.0540431251048172,10.994555250377342
7,318,12746,744,90.7564,-30.5728,153.1792,2.2707,6.3697,-6.215,3.0308,-1.0042,-2.1063,6.9139,-0.0995,-0.0542,-2.3328,van,340,86.4566,-19.2965,-1.3596,-1.5354,2.0485,0.0989,231.2379,2.050845025836911,7.38304209301288,4.299800000000005,-11.276299999999999,-4.8553999999999995,4.5662,6.665215045292987,12.06827335330121,0,07_318_340_12736_ego_340,1,12736,12736,12740,vehicle_vehicle,0.30965705168849317,1.8846091046445501,1.9475109315382602,13.597975276488775,15.0,3.0,3.5,0.8,3.0540431251048172,10.994555250377342
7,321,12746,499,100.4606,-37.7085,130.0686,2.146,6.0019,-5.1698,6.1707,-0.7106,-0.6821,8.0501,0.0158,-0.0646,-0.9828,van,340,86.4566,-19.2965,-1.3596,-1.5354,2.0485,0.0989,231.2379,2.050845025836911,7.38304209301288,14.004000000000005,-18.412,-3.8102000000000005,7.7061,8.596604053345716,23.132526018573934,0,07_318_340_12736_ego_340,0,12736,12736,12740,vehicle_vehicle,0.30965705168849317,1.8846091046445501,1.9475109315382602,13.597975276488775,15.0,3.0,3.5,0.8,3.0540431251048172,10.994555250377342
7,339,12746,92,72.5226,-27.9036,216.2247,2.1052,4.9368,-6.8309,-5.2812,1.2348,-2.7612,8.6314,-0.2236,0.6357,-2.9572,car,340,86.4566,-19.2965,-1.3596,-1.5354,2.0485,0.0989,231.2379,2.050845025836911,7.38304209301288,-13.933999999999997,-8.607099999999999,-5.471299999999999,-3.7458,6.6306968962545705,16.377989083217752,0,07_318_340_12736_ego_340,0,12736,12736,12740,vehicle_vehicle,0.30965705168849317,1.8846091046445501,1.9475109315382602,13.597975276488775,15.0,3.0,3.5,0.8,3.0540431251048172,10.994555250377342
7,340,12746,26,86.4566,-19.2965,231.2379,2.057,4.8054,-1.3596,-1.5354,1.4418,1.912,2.0485,0.0989,-2.3936,0.0728,car,340,86.4566,-19.2965,-1.3596,-1.5354,2.0485,0.0989,231.2379,2.050845025836911,7.38304209301288,0.0,0.0,0.0,0.0,0.0,0.0,1,07_318_340_12736_ego_340,1,12736,12736,12740,vehicle_vehicle,0.30965705168849317,1.8846091046445501,1.9475109315382602,13.597975276488775,15.0,3.0,3.5,0.8,3.0540431251048172,10.994555250377342
7,318,12747,745,90.5065,-30.4545,153.9198,2.2707,6.3697,-6.2535,2.9462,-0.9961,-2.1243,6.912,-0.103,-0.0393,-2.3459,van,340,86.4029,-19.3558,-1.298,-1.4568,1.949,0.0924,231.0136,1.951171504506972,7.024217416225099,4.1036,-11.098700000000001,-4.9555,4.4030000000000005,6.62898101143758,11.833033197367445,0,07_318_340_12736_ego_340,1,12736,12736,12740,vehicle_vehicle,0.30965705168849317,1.8846091046445501,1.9475109315382602,13.597975276488775,15.0,3.0,3.5,0.8,3.0540431251048172,10.994555250377342
7,321,12747,500,100.2545,-37.4597,130.1742,2.146,6.0019,-5.1988,6.142,-0.7485,-0.8082,8.0468,-0.0101,-0.1347,-1.0933,van,340,86.4029,-19.3558,-1.298,-1.4568,1.949,0.0924,231.0136,1.951171504506972,7.024217416225099,13.85159999999999,-18.1039,-3.9008000000000003,7.598800000000001,8.541545649354104,22.79513144884231,0,07_318_340_12736_ego_340,0,12736,12736,12740,vehicle_vehicle,0.30965705168849317,1.8846091046445501,1.9475109315382602,13.597975276488775,15.0,3.0,3.5,0.8,3.0540431251048172,10.994555250377342
7,339,12747,93,72.2491,-28.1183,217.0384,2.1052,4.9368,-6.7767,-5.3965,1.35,-2.7512,8.66,-0.2257,0.5795,-3.0093,car,340,86.4029,-19.3558,-1.298,-1.4568,1.949,0.0924,231.0136,1.951171504506972,7.024217416225099,-14.153800000000004,-8.762500000000003,-5.4787,-3.9396999999999993,6.748139727361904,16.646665152215927,0,07_318_340_12736_ego_340,0,12736,12736,12740,vehicle_vehicle,0.30965705168849317,1.8846091046445501,1.9475109315382602,13.597975276488775,15.0,3.0,3.5,0.8,3.0540431251048172,10.994555250377342
7,340,12747,27,86.4029,-19.3558,231.0136,2.057,4.8054,-1.298,-1.4568,1.444,1.8877,1.949,0.0924,-2.3758,0.0652,car,340,86.4029,-19.3558,-1.298,-1.4568,1.949,0.0924,231.0136,1.951171504506972,7.024217416225099,0.0,0.0,0.0,0.0,0.0,0.0,1,07_318_340_12736_ego_340,1,12736,12736,12740,vehicle_vehicle,0.30965705168849317,1.8846091046445501,1.9475109315382602,13.597975276488775,15.0,3.0,3.5,0.8,3.0540431251048172,10.994555250377342
7,318,12748,746,90.2555,-30.3403,154.6655,2.2707,6.3697,-6.2917,2.8617,-0.9896,-2.1424,6.9111,-0.1058,-0.0223,-2.3598,van,340,86.3519,-19.4122,-1.2363,-1.3793,1.8503,0.0864,230.8038,1.852270547193363,6.668173969896107,3.9035999999999973,-10.9281,-5.0554,4.241,6.598723373501877,11.60437256253004,0,07_318_340_12736_ego_340,1,12736,12736,12740,vehicle_vehicle,0.30965705168849317,1.8846091046445501,1.9475109315382602,13.597975276488775,15.0,3.0,3.5,0.8,3.0540431251048172,10.994555250377342
7,321,12748,501,100.0478,-37.2123,130.3307,2.146,6.0019,-5.23,6.1073,-0.7855,-0.9324,8.0406,-0.0344,-0.2025,-1.2023,van,340,86.3519,-19.4122,-1.2363,-1.3793,1.8503,0.0864,230.8038,1.852270547193363,6.668173969896107,13.695899999999995,-17.8001,-3.9937000000000005,7.4866,8.485211797592326,22.45932405082575,0,07_318_340_12736_ego_340,0,12736,12736,12740,vehicle_vehicle,0.30965705168849317,1.8846091046445501,1.9475109315382602,13.597975276488775,15.0,3.0,3.5,0.8,3.0540431251048172,10.994555250377342
7,339,12748,94,71.9785,-28.3376,217.8604,2.1052,4.9368,-6.7177,-5.5109,1.4604,-2.7365,8.6859,-0.2279,0.5265,-3.0568,car,340,86.3519,-19.4122,-1.2363,-1.3793,1.8503,0.0864,230.8038,1.852270547193363,6.668173969896107,-14.373400000000004,-8.9254,-5.4814,-4.131600000000001,6.864099687504546,16.91914278916045,0,07_318_340_12736_ego_340,0,12736,12736,12740,vehicle_vehicle,0.30965705168849317,1.8846091046445501,1.9475109315382602,13.597975276488775,15.0,3.0,3.5,0.8,3.0540431251048172,10.994555250377342
7,340,12748,28,86.3519,-19.4122,230.8038,2.057,4.8054,-1.2363,-1.3793,1.4422,1.8614,1.8503,0.0864,-2.354,0.0587,car,340,86.3519,-19.4122,-1.2363,-1.3793,1.8503,0.0864,230.8038,1.852270547193363,6.668173969896107,0.0,0.0,0.0,0.0,0.0,0.0,1,07_318_340_12736_ego_340,1,12736,12736,12740,vehicle_vehicle,0.30965705168849317,1.8846091046445501,1.9475109315382602,13.597975276488775,15.0,3.0,3.5,0.8,3.0540431251048172,10.994555250377342
7,318,12749,747,90.0028,-30.229,155.4233,2.2707,6.3697,-6.3296,2.777,-0.9848,-2.1612,6.9112,-0.1071,-0.0033,-2.375,van,340,86.3035,-19.466,-1.1746,-1.3029,1.7523,0.081,230.61,1.7542045405254199,6.315136345891512,3.699299999999994,-10.762999999999998,-5.155,4.0799,6.574162228755844,11.38099246507087,0,07_318_340_12736_ego_340,1,12736,12736,12740,vehicle_vehicle,0.30965705168849317,1.8846091046445501,1.9475109315382602,13.597975276488775,15.0,3.0,3.5,0.8,3.0540431251048172,10.994555250377342
7,321,12749,502,99.8399,-36.9664,130.54,2.146,6.0019,-5.2635,6.0666,-0.8208,-1.0538,8.0315,-0.0568,-0.2674,-1.3087,van,340,86.3035,-19.466,-1.1746,-1.3029,1.7523,0.081,230.61,1.7542045405254199,6.315136345891512,13.5364,-17.5004,-4.0889,7.3695,8.42784868516278,22.12460451895129,0,07_318_340_12736_ego_340,0,12736,12736,12740,vehicle_vehicle,0.30965705168849317,1.8846091046445501,1.9475109315382602,13.597975276488775,15.0,3.0,3.5,0.8,3.0540431251048172,10.994555250377342
7,339,12749,95,71.7103,-28.5617,218.6962,2.1052,4.9368,-6.654,-5.6241,1.5656,-2.7179,8.7094,-0.2294,0.4773,-3.1,car,340,86.3035,-19.466,-1.1746,-1.3029,1.7523,0.081,230.61,1.7542045405254199,6.315136345891512,-14.593199999999996,-9.095699999999997,-5.4794,-4.3212,6.978294476446233,17.195733329230244,0,07_318_340_12736_ego_340,0,12736,12736,12740,vehicle_vehicle,0.30965705168849317,1.8846091046445501,1.9475109315382602,13.597975276488775,15.0,3.0,3.5,0.8,3.0540431251048172,10.994555250377342
7,340,12749,29,86.3035,-19.466,230.61,2.057,4.8054,-1.1746,-1.3029,1.4364,1.8332,1.7523,0.081,-2.3283,0.0532,car,340,86.3035,-19.466,-1.1746,-1.3029,1.7523,0.081,230.61,1.7542045405254199,6.315136345891512,0.0,0.0,0.0,0.0,0.0,0.0,1,07_318_340_12736_ego_340,1,12736,12736,12740,vehicle_vehicle,0.30965705168849317,1.8846091046445501,1.9475109315382602,13.597975276488775,15.0,3.0,3.5,0.8,3.0540431251048172,10.994555250377342
7,318,12750,748,89.7487,-30.121,156.1972,2.2707,6.3697,-6.3672,2.6921,-0.9817,-2.1813,6.9122,-0.1066,0.0178,-2.392,van,340,86.2579,-19.5169,-1.1132,-1.2274,1.6553,0.0759,230.4186,1.6570229328527715,5.965282558269977,3.490799999999993,-10.604099999999999,-5.2540000000000004,3.9195,6.5549215288972,11.163898129685702,0,07_318_340_12736_ego_340,1,12736,12736,12740,vehicle_vehicle,0.30965705168849317,1.8846091046445501,1.9475109315382602,13.597975276488775,15.0,3.0,3.5,0.8,3.0540431251048172,10.994555250377342
7,321,12750,503,99.6304,-36.7227,130.8097,2.146,6.0019,-5.2991,6.0204,-0.8537,-1.1715,8.0199,-0.0762,-0.3287,-1.4118,van,340,86.2579,-19.5169,-1.1132,-1.2274,1.6553,0.0759,230.4186,1.6570229328527715,5.965282558269977,13.372499999999988,-17.205800000000004,-4.1859,7.247800000000001,8.36972900696313,21.79135860587861,0,07_318_340_12736_ego_340,0,12736,12736,12740,vehicle_vehicle,0.30965705168849317,1.8846091046445501,1.9475109315382602,13.597975276488775,15.0,3.0,3.5,0.8,3.0540431251048172,10.994555250377342
7,339,12750,96,71.445,-28.79,219.5298,2.1052,4.9368,-6.586,-5.7361,1.6655,-2.6957,8.7306,-0.2324,0.4312,-3.1392,car,340,86.2579,-19.5169,-1.1132,-1.2274,1.6553,0.0759,230.4186,1.6570229328527715,5.965282558269977,-14.812900000000013,-9.2731,-5.4728,-4.5087,7.090833204215143,17.476051900243384,0,07_318_340_12736_ego_340,0,12736,12736,12740,vehicle_vehicle,0.30965705168849317,1.8846091046445501,1.9475109315382602,13.597975276488775,15.0,3.0,3.5,0.8,3.0540431251048172,10.994555250377342
7,340,12750,30,86.2579,-19.5169,230.4186,2.057,4.8054,-1.1132,-1.2274,1.4266,1.8028,1.6553,0.0759,-2.2985,0.0492,car,340,86.2579,-19.5169,-1.1132,-1.2274,1.6553,0.0759,230.4186,1.6570229328527715,5.965282558269977,0.0,0.0,0.0,0.0,0.0,0.0,1,07_318_340_12736_ego_340,1,12736,12736,12740,vehicle_vehicle,0.30965705168849317,1.8846091046445501,1.9475109315382602,13.597975276488775,15.0,3.0,3.5,0.8,3.0540431251048172,10.994555250377342
7,318,12751,749,89.4933,-30.0162,156.9823,2.2707,6.3697,-6.4048,2.6069,-0.9804,-2.2032,6.9142,-0.105,0.0408,-2.4111,van,340,86.2146,-19.5652,-1.0523,-1.1529,1.5593,0.0715,230.2406,1.5609335988439739,5.619360955838306,3.2787000000000006,-10.451,-5.3525,3.7598000000000003,6.541051313817986,10.953231244249343,0,07_318_340_12736_ego_340,1,12736,12736,12740,vehicle_vehicle,0.30965705168849317,1.8846091046445501,1.9475109315382602,13.597975276488775,15.0,3.0,3.5,0.8,3.0540431251048172,10.994555250377342
7,321,12751,504,99.4196,-36.481,131.1378,2.146,6.0019,-5.3367,5.9687,-0.8835,-1.2847,8.0061,-0.0926,-0.3863,-1.5106,van,340,86.2146,-19.5652,-1.0523,-1.1529,1.5593,0.0715,230.2406,1.5609335988439739,5.619360955838306,13.204999999999998,-16.9158,-4.284400000000001,7.1216,8.311033023637917,21.45964386097775,0,07_318_340_12736_ego_340,0,12736,12736,12740,vehicle_vehicle,0.30965705168849317,1.8846091046445501,1.9475109315382602,13.597975276488775,15.0,3.0,3.5,0.8,3.0540431251048172,10.994555250377342
7,339,12751,97,71.1831,-29.023,220.3613,2.1052,4.9368,-6.514,-5.8466,1.76,-2.6704,8.7498,-0.2365,0.3883,-3.1746,car,340,86.2146,-19.5652,-1.0523,-1.1529,1.5593,0.0715,230.2406,1.5609335988439739,5.619360955838306,-15.031500000000008,-9.457799999999999,-5.4617,-4.6937,7.201457253917432,17.759391123853323,0,07_318_340_12736_ego_340,0,12736,12736,12740,vehicle_vehicle,0.30965705168849317,1.8846091046445501,1.9475109315382602,13.597975276488775,15.0,3.0,3.5,0.8,3.0540431251048172,10.994555250377342
7,340,12751,31,86.2146,-19.5652,230.2406,2.057,4.8054,-1.0523,-1.1529,1.413,1.7702,1.5593,0.0715,-2.2645,0.046,car,340,86.2146,-19.5652,-1.0523,-1.1529,1.5593,0.0715,230.2406,1.5609335988439739,5.619360955838306,0.0,0.0,0.0,0.0,0.0,0.0,1,07_318_340_12736_ego_340,1,12736,12736,12740,vehicle_vehicle,0.30965705168849317,1.8846091046445501,1.9475109315382602,13.597975276488775,15.0,3.0,3.5,0.8,3.0540431251048172,10.994555250377342
7,318,12752,750,89.2364,-29.9146,157.7751,2.2707,6.3697,-6.4423,2.5212,-0.9807,-2.2273,6.9173,-0.1029,0.0654,-2.4328,van,340,86.1748,-19.6111,-0.9923,-1.0793,1.4645,0.0682,230.0707,1.4661336160118559,5.278081017642681,3.0615999999999985,-10.3035,-5.45,3.6005,6.531929290033688,10.748744429467099,0,07_318_340_12736_ego_340,1,12736,12736,12740,vehicle_vehicle,0.30965705168849317,1.8846091046445501,1.9475109315382602,13.597975276488775,15.0,3.0,3.5,0.8,3.0540431251048172,10.994555250377342
7,321,12752,505,99.2067,-36.2417,131.5172,2.146,6.0019,-5.376,5.9119,-0.9096,-1.3928,7.99,-0.1067,-0.4399,-1.6042,van,340,86.1748,-19.6111,-0.9923,-1.0793,1.4645,0.0682,230.0707,1.4661336160118559,5.278081017642681,13.031899999999993,-16.6306,-4.3837,6.9912,8.251890882094843,21.12835237234555,0,07_318_340_12736_ego_340,0,12736,12736,12740,vehicle_vehicle,0.30965705168849317,1.8846091046445501,1.9475109315382602,13.597975276488775,15.0,3.0,3.5,0.8,3.0540431251048172,10.994555250377342
7,339,12752,98,70.9238,-29.26,221.1928,2.1052,4.9368,-6.4382,-5.9558,1.8491,-2.6427,8.7672,-0.2416,0.349,-3.2064,car,340,86.1748,-19.6111,-0.9923,-1.0793,1.4645,0.0682,230.0707,1.4661336160118559,5.278081017642681,-15.251000000000005,-9.648900000000001,-5.4459,-4.8765,7.310135365367731,18.047001751260517,0,07_318_340_12736_ego_340,0,12736,12736,12740,vehicle_vehicle,0.30965705168849317,1.8846091046445501,1.9475109315382602,13.597975276488775,15.0,3.0,3.5,0.8,3.0540431251048172,10.994555250377342
7,340,12752,32,86.1748,-19.6111,230.0707,2.057,4.8054,-0.9923,-1.0793,1.3956,1.735,1.4645,0.0682,-2.2263,0.0434,car,340,86.1748,-19.6111,-0.9923,-1.0793,1.4645,0.0682,230.0707,1.4661336160118559,5.278081017642681,0.0,0.0,0.0,0.0,0.0,0.0,1,07_318_340_12736_ego_340,1,12736,12736,12740,vehicle_vehicle,0.30965705168849317,1.8846091046445501,1.9475109315382602,13.597975276488775,15.0,3.0,3.5,0.8,3.0540431251048172,10.994555250377342
7,318,12753,751,88.978,-29.8162,158.5711,2.2707,6.3697,-6.4798,2.4347,-0.9828,-2.2539,6.9214,-0.101,0.0914,-2.4572,van,340,86.1357,-19.6527,-0.9328,-1.0071,1.3712,0.065,229.9073,1.372722204235074,4.941799935246267,2.8422999999999945,-10.163499999999999,-5.547,3.4417999999999997,6.528031574678542,10.553454483722376,0,07_318_340_12736_ego_340,1,12736,12736,12740,vehicle_vehicle,0.30965705168849317,1.8846091046445501,1.9475109315382602,13.597975276488775,15.0,3.0,3.5,0.8,3.0540431251048172,10.994555250377342
7,321,12753,506,98.9915,-36.0048,131.9401,2.146,6.0019,-5.4166,5.8501,-0.9316,-1.4951,7.9718,-0.1192,-0.4895,-1.6922,van,340,86.1357,-19.6527,-0.9328,-1.0071,1.3712,0.065,229.9073,1.372722204235074,4.941799935246267,12.855800000000002,-16.352100000000004,-4.4838,6.857200000000001,8.19302473327159,20.800547301693776,0,07_318_340_12736_ego_340,0,12736,12736,12740,vehicle_vehicle,0.30965705168849317,1.8846091046445501,1.9475109315382602,13.597975276488775,15.0,3.0,3.5,0.8,3.0540431251048172,10.994555250377342
7,339,12753,99,70.6672,-29.5011,222.0259,2.1052,4.9368,-6.3586,-6.0635,1.9327,-2.6128,8.7828,-0.2474,0.3135,-3.2347,car,340,86.1357,-19.6527,-0.9328,-1.0071,1.3712,0.065,229.9073,1.372722204235074,4.941799935246267,-15.468500000000006,-9.848400000000002,-5.4258,-5.0564,7.416635800684836,18.337542769138953,0,07_318_340_12736_ego_340,0,12736,12736,12740,vehicle_vehicle,0.30965705168849317,1.8846091046445501,1.9475109315382602,13.597975276488775,15.0,3.0,3.5,0.8,3.0540431251048172,10.994555250377342
7,340,12753,33,86.1357,-19.6527,229.9073,2.057,4.8054,-0.9328,-1.0071,1.3748,1.697,1.3712,0.065,-2.1836,0.0412,car,340,86.1357,-19.6527,-0.9328,-1.0071,1.3712,0.065,229.9073,1.372722204235074,4.941799935246267,0.0,0.0,0.0,0.0,0.0,0.0,1,07_318_340_12736_ego_340,1,12736,12736,12740,vehicle_vehicle,0.30965705168849317,1.8846091046445501,1.9475109315382602,13.597975276488775,15.0,3.0,3.5,0.8,3.0540431251048172,10.994555250377342
7,318,12754,752,88.7184,-29.721,159.3629,2.2707,6.3697,-6.5176,2.3473,-0.9865,-2.2833,6.9267,-0.1004,0.1185,-2.4844,van,340,86.1002,-19.6922,-0.8745,-0.9362,1.2796,0.0625,229.7496,1.2811013582070703,4.611964889545453,2.6182000000000016,-10.0288,-5.6431,3.2835,6.52885517223349,10.364931291619834,0,07_318_340_12736_ego_340,1,12736,12736,12740,vehicle_vehicle,0.30965705168849317,1.8846091046445501,1.9475109315382602,13.597975276488775,15.0,3.0,3.5,0.8,3.0540431251048172,10.994555250377342
7,321,12754,507,98.7738,-35.7709,132.397,2.146,6.0019,-5.458,5.7838,-0.9494,-1.5911,7.9514,-0.1309,-0.5349,-1.7739,van,340,86.1002,-19.6922,-0.8745,-0.9362,1.2796,0.0625,229.7496,1.2811013582070703,4.611964889545453,12.673599999999993,-16.078699999999998,-4.5835,6.720000000000001,8.13430219809911,20.473024462692358,0,07_318_340_12736_ego_340,0,12736,12736,12740,vehicle_vehicle,0.30965705168849317,1.8846091046445501,1.9475109315382602,13.597975276488775,15.0,3.0,3.5,0.8,3.0540431251048172,10.994555250377342
7,339,12754,100,70.4134,-29.746,222.8677,2.1052,4.9368,-6.2753,-6.17,2.0104,-2.5809,8.7968,-0.253,0.2823,-3.2593,car,340,86.1002,-19.6922,-0.8745,-0.9362,1.2796,0.0625,229.7496,1.2811013582070703,4.611964889545453,-15.686800000000005,-10.053799999999999,-5.400799999999999,-5.2338,7.520724903890581,18.632084925740333,0,07_318_340_12736_ego_340,0,12736,12736,12740,vehicle_vehicle,0.30965705168849317,1.8846091046445501,1.9475109315382602,13.597975276488775,15.0,3.0,3.5,0.8,3.0540431251048172,10.994555250377342
7,340,12754,34,86.1002,-19.6922,229.7496,2.057,4.8054,-0.8745,-0.9362,1.3504,1.6562,1.2796,0.0625,-2.1365,0.0395,car,340,86.1002,-19.6922,-0.8745,-0.9362,1.2796,0.0625,229.7496,1.2811013582070703,4.611964889545453,0.0,0.0,0.0,0.0,0.0,0.0,1,07_318_340_12736_ego_340,1,12736,12736,12740,vehicle_vehicle,0.30965705168849317,1.8846091046445501,1.9475109315382602,13.597975276488775,15.0,3.0,3.5,0.8,3.0540431251048172,10.994555250377342
7,318,12755,753,88.4579,-29.6289,160.1608,2.2707,6.3697,-6.5559,2.2588,-0.9915,-2.3154,6.9334,-0.1002,0.1469,-2.5145,van,340,86.0673,-19.7292,-0.8175,-0.8667,1.1898,0.0612,229.6164,1.1914172820636773,4.289102215429239,2.390599999999992,-9.899700000000003,-5.7384,3.1254999999999997,6.534369503632313,10.184253946657066,0,07_318_340_12736_ego_340,1,12736,12736,12740,vehicle_vehicle,0.30965705168849317,1.8846091046445501,1.9475109315382602,13.597975276488775,15.0,3.0,3.5,0.8,3.0540431251048172,10.994555250377342
7,321,12755,508,98.5548,-35.54,132.8832,2.146,6.0019,-5.5001,5.7133,-0.9631,-1.6804,7.9292,-0.1422,-0.5759,-1.8492,van,340,86.0673,-19.7292,-0.8175,-0.8667,1.1898,0.0612,229.6164,1.1914172820636773,4.289102215429239,12.487499999999997,-15.8108,-4.6826,6.58,8.076084618179777,20.147432910671274,0,07_318_340_12736_ego_340,0,12736,12736,12740,vehicle_vehicle,0.30965705168849317,1.8846091046445501,1.9475109315382602,13.597975276488775,15.0,3.0,3.5,0.8,3.0540431251048172,10.994555250377342
7,339,12755,101,70.164,-29.9951,223.7077,2.1052,4.9368,-6.1889,-6.275,2.0822,-2.5471,8.8097,-0.2597,0.2548,-3.2799,car,340,86.0673,-19.7292,-0.8175,-0.8667,1.1898,0.0612,229.6164,1.1914172820636773,4.289102215429239,-15.903300000000002,-10.265900000000002,-5.3714,-5.4083000000000006,7.622443627210372,18.928910525965303,0,07_318_340_12736_ego_340,0,12736,12736,12740,vehicle_vehicle,0.30965705168849317,1.8846091046445501,1.9475109315382602,13.597975276488775,15.0,3.0,3.5,0.8,3.0540431251048172,10.994555250377342
7,340,12755,35,86.0673,-19.7292,229.6164,2.057,4.8054,-0.8175,-0.8667,1.3228,1.6121,1.1898,0.0612,-2.085,0.0369,car,340,86.0673,-19.7292,-0.8175,-0.8667,1.1898,0.0612,229.6164,1.1914172820636773,4.289102215429239,0.0,0.0,0.0,0.0,0.0,0.0,1,07_318_340_12736_ego_340,1,12736,12736,12740,vehicle_vehicle,0.30965705168849317,1.8846091046445501,1.9475109315382602,13.597975276488775,15.0,3.0,3.5,0.8,3.0540431251048172,10.994555250377342
7,318,12756,754,88.1961,-29.5403,160.965,2.2707,6.3697,-6.595,2.169,-0.9974,-2.3503,6.9418,-0.1006,0.1764,-2.5471,van,340,86.0355,-19.7622,-0.7616,-0.799,1.1021,0.0603,229.5014,1.1038276858278198,3.9737796689801512,2.1606000000000023,-9.778099999999998,-5.833399999999999,2.968,6.545042365027135,10.013961851834667,0,07_318_340_12736_ego_340,1,12736,12736,12740,vehicle_vehicle,0.30965705168849317,1.8846091046445501,1.9475109315382602,13.597975276488775,15.0,3.0,3.5,0.8,3.0540431251048172,10.994555250377342
7,321,12756,509,98.3339,-35.3122,133.4082,2.146,6.0019,-5.5427,5.639,-0.9727,-1.7628,7.9055,-0.1515,-0.6122,-1.9181,van,340,86.0355,-19.7622,-0.7616,-0.799,1.1021,0.0603,229.5014,1.1038276858278198,3.9737796689801512,12.2984,-15.549999999999997,-4.7811,6.438000000000001,8.019149656291496,19.825567900062786,0,07_318_340_12736_ego_340,0,12736,12736,12740,vehicle_vehicle,0.30965705168849317,1.8846091046445501,1.9475109315382602,13.597975276488775,15.0,3.0,3.5,0.8,3.0540431251048172,10.994555250377342
7,339,12756,102,69.9187,-30.2487,224.5544,2.1052,4.9368,-6.0998,-6.3785,2.148,-2.5116,8.8217,-0.2657,0.2315,-3.2967,car,340,86.0355,-19.7622,-0.7616,-0.799,1.1021,0.0603,229.5014,1.1038276858278198,3.9737796689801512,-16.116799999999998,-10.4865,-5.3382000000000005,-5.5794999999999995,7.721865026662924,19.22805045994003,0,07_318_340_12736_ego_340,0,12736,12736,12740,vehicle_vehicle,0.30965705168849317,1.8846091046445501,1.9475109315382602,13.597975276488775,15.0,3.0,3.5,0.8,3.0540431251048172,10.994555250377342
7,340,12756,36,86.0355,-19.7622,229.5014,2.057,4.8054,-0.7616,-0.799,1.2923,1.5648,1.1021,0.0603,-2.0292,0.0335,car,340,86.0355,-19.7622,-0.7616,-0.799,1.1021,0.0603,229.5014,1.1038276858278198,3.9737796689801512,0.0,0.0,0.0,0.0,0.0,0.0,1,07_318_340_12736_ego_340,1,12736,12736,12740,vehicle_vehicle,0.30965705168849317,1.8846091046445501,1.9475109315382602,13.597975276488775,15.0,3.0,3.5,0.8,3.0540431251048172,10.994555250377342
7,318,12757,755,87.9325,-29.4553,161.7727,2.2707,6.3697,-6.6346,2.0776,-1.0038,-2.3879,6.9516,-0.1018,0.2065,-2.5821,van,340,86.0067,-19.793,-0.7071,-0.7331,1.0168,0.0597,229.3964,1.0185411233720512,3.6667480441393843,1.9258000000000095,-9.662300000000002,-5.9275,2.8106999999999998,6.560128866112311,9.852347280217039,0,07_318_340_12736_ego_340,1,12736,12736,12740,vehicle_vehicle,0.30965705168849317,1.8846091046445501,1.9475109315382602,13.597975276488775,15.0,3.0,3.5,0.8,3.0540431251048172,10.994555250377342
7,321,12757,510,98.1111,-35.0879,133.9523,2.146,6.0019,-5.5855,5.5614,-0.9783,-1.8382,7.8804,-0.1612,-0.6443,-1.9801,van,340,86.0067,-19.793,-0.7071,-0.7331,1.0168,0.0597,229.3964,1.0185411233720512,3.6667480441393843,12.104399999999998,-15.294899999999998,-4.8784,6.2945,7.963637159614946,19.505139460408888,0,07_318_340_12736_ego_340,0,12736,12736,12740,vehicle_vehicle,0.30965705168849317,1.8846091046445501,1.9475109315382602,13.597975276488775,15.0,3.0,3.5,0.8,3.0540431251048172,10.994555250377342
7,339,12757,103,69.6769,-30.5064,225.4092,2.1052,4.9368,-6.0083,-6.4803,2.2082,-2.4746,8.8329,-0.2707,0.212,-3.3098,car,340,86.0067,-19.793,-0.7071,-0.7331,1.0168,0.0597,229.3964,1.0185411233720512,3.6667480441393843,-16.32979999999999,-10.7134,-5.301200000000001,-5.747199999999999,7.818761364819878,19.530471259035192,0,07_318_340_12736_ego_340,0,12736,12736,12740,vehicle_vehicle,0.30965705168849317,1.8846091046445501,1.9475109315382602,13.597975276488775,15.0,3.0,3.5,0.8,3.0540431251048172,10.994555250377342
7,340,12757,37,86.0067,-19.793,229.3964,2.057,4.8054,-0.7071,-0.7331,1.2589,1.5142,1.0168,0.0597,-1.969,0.0297,car,340,86.0067,-19.793,-0.7071,-0.7331,1.0168,0.0597,229.3964,1.0185411233720512,3.6667480441393843,0.0,0.0,0.0,0.0,0.0,0.0,1,07_318_340_12736_ego_340,1,12736,12736,12740,vehicle_vehicle,0.30965705168849317,1.8846091046445501,1.9475109315382602,13.597975276488775,15.0,3.0,3.5,0.8,3.0540431251048172,10.994555250377342
7,318,12758,756,87.6675,-29.3739,162.581,2.2707,6.3697,-6.675,1.9847,-1.0101,-2.4282,6.9631,-0.1045,0.2369,-2.6193,van,340,85.9789,-19.8207,-0.6538,-0.6695,0.9339,0.059,229.2976,0.9357802573254044,3.368808926371456,1.688600000000008,-9.5532,-6.021199999999999,2.6542,6.580245214275832,9.701288584512886,0,07_318_340_12736_ego_340,1,12736,12736,12740,vehicle_vehicle,0.30965705168849317,1.8846091046445501,1.9475109315382602,13.597975276488775,15.0,3.0,3.5,0.8,3.0540431251048172,10.994555250377342
7,321,12758,511,97.8871,-34.8673,134.5085,2.146,6.0019,-5.6287,5.4809,-0.9799,-1.9064,7.8545,-0.1719,-0.6726,-2.0353,van,340,85.9789,-19.8207,-0.6538,-0.6695,0.9339,0.059,229.2976,0.9357802573254044,3.368808926371456,11.908200000000008,-15.046600000000002,-4.9749,6.1504,7.910565730085302,19.188678922739843,0,07_318_340_12736_ego_340,0,12736,12736,12740,vehicle_vehicle,0.30965705168849317,1.8846091046445501,1.9475109315382602,13.597975276488775,15.0,3.0,3.5,0.8,3.0540431251048172,10.994555250377342
7,339,12758,104,69.4391,-30.7682,226.262,2.1052,4.9368,-5.9147,-6.5805,2.2629,-2.4364,8.8436,-0.2761,0.1958,-3.3194,car,340,85.9789,-19.8207,-0.6538,-0.6695,0.9339,0.059,229.2976,0.9357802573254044,3.368808926371456,-16.5398,-10.947500000000002,-5.2608999999999995,-5.911,7.913089776440047,19.834634866566113,0,07_318_340_12736_ego_340,0,12736,12736,12740,vehicle_vehicle,0.30965705168849317,1.8846091046445501,1.9475109315382602,13.597975276488775,15.0,3.0,3.5,0.8,3.0540431251048172,10.994555250377342
7,340,12758,38,85.9789,-19.8207,229.2976,2.057,4.8054,-0.6538,-0.6695,1.2226,1.4605,0.9339,0.059,-1.9045,0.0256,car,340,85.9789,-19.8207,-0.6538,-0.6695,0.9339,0.059,229.2976,0.9357802573254044,3.368808926371456,0.0,0.0,0.0,0.0,0.0,0.0,1,07_318_340_12736_ego_340,1,12736,12736,12740,vehicle_vehicle,0.30965705168849317,1.8846091046445501,1.9475109315382602,13.597975276488775,15.0,3.0,3.5,0.8,3.0540431251048172,10.994555250377342
7,318,12759,757,87.4018,-29.2961,163.3838,2.2707,6.3697,-6.7165,1.8901,-1.0158,-2.4711,6.9765,-0.1095,0.2667,-2.6584,van,340,85.955,-19.8466,-0.6024,-0.6079,0.8538,0.0591,229.2182,0.8558201738683192,3.080952625925949,1.446799999999996,-9.4495,-6.1141,2.4979999999999998,6.6047121670819235,9.559617172774232,0,07_318_340_12736_ego_340,1,12736,12736,12740,vehicle_vehicle,0.30965705168849317,1.8846091046445501,1.9475109315382602,13.597975276488775,15.0,3.0,3.5,0.8,3.0540431251048172,10.994555250377342
7,321,12759,512,97.6617,-34.6506,135.0833,2.146,6.0019,-5.6721,5.398,-0.9774,-1.9679,7.8281,-0.1824,-0.6973,-2.0837,van,340,85.955,-19.8466,-0.6024,-0.6079,0.8538,0.0591,229.2182,0.8558201738683192,3.080952625925949,11.706699999999998,-14.803999999999998,-5.0697,6.0059,7.8595606047666555,18.87340035314251,0,07_318_340_12736_ego_340,0,12736,12736,12740,vehicle_vehicle,0.30965705168849317,1.8846091046445501,1.9475109315382602,13.597975276488775,15.0,3.0,3.5,0.8,3.0540431251048172,10.994555250377342
7,339,12759,105,69.2057,-31.0341,227.1197,2.1052,4.9368,-5.8194,-6.6788,2.3126,-2.3971,8.854,-0.2804,0.1829,-3.3258,car,340,85.955,-19.8466,-0.6024,-0.6079,0.8538,0.0591,229.2182,0.8558201738683192,3.080952625925949,-16.749300000000005,-11.1875,-5.217,-6.0709,8.004555940837692,20.141976237201757,0,07_318_340_12736_ego_340,0,12736,12736,12740,vehicle_vehicle,0.30965705168849317,1.8846091046445501,1.9475109315382602,13.597975276488775,15.0,3.0,3.5,0.8,3.0540431251048172,10.994555250377342
7,340,12759,39,85.955,-19.8466,229.2182,2.057,4.8054,-0.6024,-0.6079,1.1835,1.4037,0.8538,0.0591,-1.836,0.0207,car,340,85.955,-19.8466,-0.6024,-0.6079,0.8538,0.0591,229.2182,0.8558201738683192,3.080952625925949,0.0,0.0,0.0,0.0,0.0,0.0,1,07_318_340_12736_ego_340,1,12736,12736,12740,vehicle_vehicle,0.30965705168849317,1.8846091046445501,1.9475109315382602,13.597975276488775,15.0,3.0,3.5,0.8,3.0540431251048172,10.994555250377342
7,318,12760,758,87.1345,-29.221,164.1952,2.2707,6.3697,-6.7591,1.7931,-1.02,-2.5161,6.9919,-0.1156,0.2961,-2.6988,van,340,85.9322,-19.8688,-0.5527,-0.549,0.7768,0.0589,229.1425,0.7790239341637714,2.8044861629895768,1.2023000000000081,-9.3522,-6.2064,2.3421,6.633613899677913,9.429165929709797,0,07_318_340_12736_ego_340,1,12736,12736,12740,vehicle_vehicle,0.30965705168849317,1.8846091046445501,1.9475109315382602,13.597975276488775,15.0,3.0,3.5,0.8,3.0540431251048172,10.994555250377342
7,321,12760,513,97.4341,-34.4366,135.6702,2.146,6.0019,-5.7155,5.3129,-0.9707,-2.0229,7.801,-0.1934,-0.7192,-2.1253,van,340,85.9322,-19.8688,-0.5527,-0.549,0.7768,0.0589,229.1425,0.7790239341637714,2.8044861629895768,11.501900000000006,-14.567799999999998,-5.1628,5.8619,7.811297936322746,18.561101811314977,0,07_318_340_12736_ego_340,0,12736,12736,12740,vehicle_vehicle,0.30965705168849317,1.8846091046445501,1.9475109315382602,13.597975276488775,15.0,3.0,3.5,0.8,3.0540431251048172,10.994555250377342
7,339,12760,106,68.9754,-31.3032,227.9804,2.1052,4.9368,-5.7224,-6.7755,2.3577,-2.3571,8.8641,-0.2842,0.1729,-3.3293,car,340,85.9322,-19.8688,-0.5527,-0.549,0.7768,0.0589,229.1425,0.7790239341637714,2.8044861629895768,-16.9568,-11.4344,-5.169700000000001,-6.2265,8.092904320452577,20.451859807851218,0,07_318_340_12736_ego_340,0,12736,12736,12740,vehicle_vehicle,0.30965705168849317,1.8846091046445501,1.9475109315382602,13.597975276488775,15.0,3.0,3.5,0.8,3.0540431251048172,10.994555250377342
7,340,12760,40,85.9322,-19.8688,229.1425,2.057,4.8054,-0.5527,-0.549,1.1421,1.344,0.7768,0.0589,-1.7636,0.0154,car,340,85.9322,-19.8688,-0.5527,-0.549,0.7768,0.0589,229.1425,0.7790239341637714,2.8044861629895768,0.0,0.0,0.0,0.0,0.0,0.0,1,07_318_340_12736_ego_340,1,12736,12736,12740,vehicle_vehicle,0.30965705168849317,1.8846091046445501,1.9475109315382602,13.597975276488775,15.0,3.0,3.5,0.8,3.0540431251048172,10.994555250377342
7,318,12761,759,86.8649,-29.1494,165.0031,2.2707,6.3697,-6.8025,1.6936,-1.0218,-2.5626,7.009,-0.1243,0.3239,-2.7398,van,340,85.9118,-19.8887,-0.505,-0.4928,0.7032,0.0586,229.0659,0.7056038832092691,2.540173979553369,0.9531000000000063,-9.2607,-6.2975,2.1864,6.666247160884451,9.309616753658553,0,07_318_340_12736_ego_340,1,12736,12736,12740,vehicle_vehicle,0.30965705168849317,1.8846091046445501,1.9475109315382602,13.597975276488775,15.0,3.0,3.5,0.8,3.0540431251048172,10.994555250377342
7,321,12761,514,97.2034,-34.2268,136.2713,2.146,6.0019,-5.7581,5.226,-0.9599,-2.0716,7.7733,-0.2038,-0.7383,-2.1605,van,340,85.9118,-19.8887,-0.505,-0.4928,0.7032,0.0586,229.0659,0.7056038832092691,2.540173979553369,11.291600000000003,-14.338099999999997,-5.2531,5.7188,7.765290274677438,18.250516216534805,0,07_318_340_12736_ego_340,0,12736,12736,12740,vehicle_vehicle,0.30965705168849317,1.8846091046445501,1.9475109315382602,13.597975276488775,15.0,3.0,3.5,0.8,3.0540431251048172,10.994555250377342
7,339,12761,107,68.7488,-31.576,228.8529,2.1052,4.9368,-5.6237,-6.8706,2.3983,-2.3161,8.8741,-0.286,0.166,-3.33,car,340,85.9118,-19.8887,-0.505,-0.4928,0.7032,0.0586,229.0659,0.7056038832092691,2.540173979553369,-17.162999999999997,-11.6873,-5.1187000000000005,-6.3778,8.177861733362823,20.764429929328664,0,07_318_340_12736_ego_340,0,12736,12736,12740,vehicle_vehicle,0.30965705168849317,1.8846091046445501,1.9475109315382602,13.597975276488775,15.0,3.0,3.5,0.8,3.0540431251048172,10.994555250377342
7,340,12761,41,85.9118,-19.8887,229.0659,2.057,4.8054,-0.505,-0.4928,1.0985,1.2816,0.7032,0.0586,-1.6879,0.0098,car,340,85.9118,-19.8887,-0.505,-0.4928,0.7032,0.0586,229.0659,0.7056038832092691,2.540173979553369,0.0,0.0,0.0,0.0,0.0,0.0,1,07_318_340_12736_ego_340,1,12736,12736,12740,vehicle_vehicle,0.30965705168849317,1.8846091046445501,1.9475109315382602,13.597975276488775,15.0,3.0,3.5,0.8,3.0540431251048172,10.994555250377342
7,318,12762,760,86.5932,-29.0819,165.809,2.2707,6.3697,-6.8464,1.5915,-1.0209,-2.6099,7.0276,-0.1355,0.3499,-2.7806,van,340,85.8927,-19.9056,-0.4592,-0.4399,0.6332,0.0579,228.998,0.6359061644613928,2.289262192061014,0.700499999999991,-9.176300000000001,-6.3872,2.0314,6.7024555052607395,9.202998529827113,0,07_318_340_12736_ego_340,1,12736,12736,12740,vehicle_vehicle,0.30965705168849317,1.8846091046445501,1.9475109315382602,13.597975276488775,15.0,3.0,3.5,0.8,3.0540431251048172,10.994555250377342
7,321,12762,515,96.9711,-34.0209,136.8819,2.146,6.0019,-5.7997,5.1377,-0.9457,-2.1147,7.7451,-0.2139,-0.7551,-2.19,van,340,85.8927,-19.9056,-0.4592,-0.4399,0.6332,0.0579,228.998,0.6359061644613928,2.289262192061014,11.078400000000002,-14.115299999999998,-5.3405,5.5775999999999994,7.722082750786862,17.94359609024902,0,07_318_340_12736_ego_340,0,12736,12736,12740,vehicle_vehicle,0.30965705168849317,1.8846091046445501,1.9475109315382602,13.597975276488775,15.0,3.0,3.5,0.8,3.0540431251048172,10.994555250377342
7,339,12762,108,68.5264,-31.8526,229.7099,2.1052,4.9368,-5.5237,-6.9642,2.4348,-2.2743,8.8841,-0.2901,0.1603,-3.3279,car,340,85.8927,-19.9056,-0.4592,-0.4399,0.6332,0.0579,228.998,0.6359061644613928,2.289262192061014,-17.36630000000001,-11.947,-5.0645,-6.5243,8.259276647503702,21.078880062517563,0,07_318_340_12736_ego_340,0,12736,12736,12740,vehicle_vehicle,0.30965705168849317,1.8846091046445501,1.9475109315382602,13.597975276488775,15.0,3.0,3.5,0.8,3.0540431251048172,10.994555250377342
7,340,12762,42,85.8927,-19.9056,228.998,2.057,4.8054,-0.4592,-0.4399,1.0529,1.2172,0.6332,0.0579,-1.6094,0.0039,car,340,85.8927,-19.9056,-0.4592,-0.4399,0.6332,0.0579,228.998,0.6359061644613928,2.289262192061014,0.0,0.0,0.0,0.0,0.0,0.0,1,07_318_340_12736_ego_340,1,12736,12736,12740,vehicle_vehicle,0.30965705168849317,1.8846091046445501,1.9475109315382602,13.597975276488775,15.0,3.0,3.5,0.8,3.0540431251048172,10.994555250377342
7,318,12763,761,86.3199,-29.0187,166.6181,2.2707,6.3697,-6.8909,1.4869,-1.0167,-2.6573,7.0479,-0.1483,0.3741,-2.8205,van,340,85.8769,-19.9218,-0.4158,-0.3897,0.5669,0.0575,228.9303,0.5698734333165567,2.051544359939604,0.44299999999999784,-9.096899999999998,-6.4751,1.8766,6.7415537949348145,9.107680199150602,0,07_318_340_12736_ego_340,1,12736,12736,12740,vehicle_vehicle,0.30965705168849317,1.8846091046445501,1.9475109315382602,13.597975276488775,15.0,3.0,3.5,0.8,3.0540431251048172,10.994555250377342
7,321,12763,516,96.7372,-33.818,137.5051,2.146,6.0019,-5.8403,5.0481,-0.9284,-2.1525,7.7164,-0.2231,-0.7695,-2.2142,van,340,85.8769,-19.9218,-0.4158,-0.3897,0.5669,0.0575,228.9303,0.5698734333165567,2.051544359939604,10.860299999999995,-13.896199999999997,-5.4245,5.4378,7.680811746814265,17.636623558096368,0,07_318_340_12736_ego_340,0,12736,12736,12740,vehicle_vehicle,0.30965705168849317,1.8846091046445501,1.9475109315382602,13.597975276488775,15.0,3.0,3.5,0.8,3.0540431251048172,10.994555250377342
7,339,12763,109,68.3081,-32.1331,230.5678,2.1052,4.9368,-5.4226,-7.056,2.4673,-2.2316,8.8941,-0.2935,0.1565,-3.3231,car,340,85.8769,-19.9218,-0.4158,-0.3897,0.5669,0.0575,228.9303,0.5698734333165567,2.051544359939604,-17.56880000000001,-12.211299999999998,-5.0068,-6.6663,8.337121921262757,21.395760821480508,0,07_318_340_12736_ego_340,0,12736,12736,12740,vehicle_vehicle,0.30965705168849317,1.8846091046445501,1.9475109315382602,13.597975276488775,15.0,3.0,3.5,0.8,3.0540431251048172,10.994555250377342
7,340,12763,43,85.8769,-19.9218,228.9303,2.057,4.8054,-0.4158,-0.3897,1.0057,1.1511,0.5669,0.0575,-1.5286,-0.002,car,340,85.8769,-19.9218,-0.4158,-0.3897,0.5669,0.0575,228.9303,0.5698734333165567,2.051544359939604,0.0,0.0,0.0,0.0,0.0,0.0,1,07_318_340_12736_ego_340,1,12736,12736,12740,vehicle_vehicle,0.30965705168849317,1.8846091046445501,1.9475109315382602,13.597975276488775,15.0,3.0,3.5,0.8,3.0540431251048172,10.994555250377342
7,318,12764,762,86.0444,-28.9591,167.4339,2.2707,6.3697,-6.9355,1.3795,-1.0086,-2.704,7.0695,-0.1625,0.3961,-2.8587,van,340,85.862,-19.9354,-0.3747,-0.3425,0.5045,0.0569,228.8682,0.5076478503844963,1.827532261384187,0.18240000000000123,-9.023699999999998,-6.5608,1.722,6.783021497828236,9.025543277276995,0,07_318_340_12736_ego_340,1,12736,12736,12740,vehicle_vehicle,0.30965705168849317,1.8846091046445501,1.9475109315382602,13.597975276488775,15.0,3.0,3.5,0.8,3.0540431251048172,10.994555250377342
7,321,12764,517,96.5013,-33.6186,138.145,2.146,6.0019,-5.8796,4.9572,-0.9086,-2.1854,7.6871,-0.2308,-0.7814,-2.234,van,340,85.862,-19.9354,-0.3747,-0.3425,0.5045,0.0569,228.8682,0.5076478503844963,1.827532261384187,10.639300000000006,-13.6832,-5.5049,5.2997000000000005,7.641383650884178,17.332762812950513,0,07_318_340_12736_ego_340,0,12736,12736,12740,vehicle_vehicle,0.30965705168849317,1.8846091046445501,1.9475109315382602,13.597975276488775,15.0,3.0,3.5,0.8,3.0540431251048172,10.994555250377342
7,339,12764,110,68.0937,-32.4169,231.4216,2.1052,4.9368,-5.3203,-7.1462,2.4961,-2.188,8.9043,-0.2971,0.1539,-3.3158,car,340,85.862,-19.9354,-0.3747,-0.3425,0.5045,0.0569,228.8682,0.5076478503844963,1.827532261384187,-17.768299999999996,-12.481499999999997,-4.9456,-6.8037,8.411259896709886,21.714058283517613,0,07_318_340_12736_ego_340,0,12736,12736,12740,vehicle_vehicle,0.30965705168849317,1.8846091046445501,1.9475109315382602,13.597975276488775,15.0,3.0,3.5,0.8,3.0540431251048172,10.994555250377342
7,340,12764,44,85.862,-19.9354,228.8682,2.057,4.8054,-0.3747,-0.3425,0.9575,1.0838,0.5045,0.0569,-1.4462,-0.0083,car,340,85.862,-19.9354,-0.3747,-0.3425,0.5045,0.0569,228.8682,0.5076478503844963,1.827532261384187,0.0,0.0,0.0,0.0,0.0,0.0,1,07_318_340_12736_ego_340,1,12736,12736,12740,vehicle_vehicle,0.30965705168849317,1.8846091046445501,1.9475109315382602,13.597975276488775,15.0,3.0,3.5,0.8,3.0540431251048172,10.994555250377342
7,318,12765,763,85.7668,-28.904,168.2574,2.2707,6.3697,-6.9801,1.2693,-0.9964,-2.7492,7.0923,-0.1778,0.4161,-2.8944,van,340,85.8474,-19.9461,-0.3354,-0.299,0.4458,0.0555,228.8147,0.44932634020275286,1.6175748247299104,-0.08059999999998979,-8.957899999999999,-6.6447,1.5683,6.8272690718910445,8.958262597736235,0,07_318_340_12736_ego_340,1,12736,12736,12740,vehicle_vehicle,0.30965705168849317,1.8846091046445501,1.9475109315382602,13.597975276488775,15.0,3.0,3.5,0.8,3.0540431251048172,10.994555250377342
7,321,12765,518,96.2639,-33.423,138.8043,2.146,6.0019,-5.9176,4.8655,-0.887,-2.2138,7.6573,-0.2364,-0.7906,-2.25,van,340,85.8474,-19.9461,-0.3354,-0.299,0.4458,0.0555,228.8147,0.44932634020275286,1.6175748247299104,10.416500000000013,-13.4769,-5.5822,5.1645,7.6048022387173235,17.033211848033837,0,07_318_340_12736_ego_340,0,12736,12736,12740,vehicle_vehicle,0.30965705168849317,1.8846091046445501,1.9475109315382602,13.597975276488775,15.0,3.0,3.5,0.8,3.0540431251048172,10.994555250377342
7,339,12765,111,67.884,-32.7042,232.2808,2.1052,4.9368,-5.2173,-7.2348,2.5216,-2.1434,8.9148,-0.2992,0.1527,-3.306,car,340,85.8474,-19.9461,-0.3354,-0.299,0.4458,0.0555,228.8147,0.44932634020275286,1.6175748247299104,-17.963399999999993,-12.758099999999999,-4.8819,-6.9357999999999995,8.48164307490005,22.03299469364071,0,07_318_340_12736_ego_340,0,12736,12736,12740,vehicle_vehicle,0.30965705168849317,1.8846091046445501,1.9475109315382602,13.597975276488775,15.0,3.0,3.5,0.8,3.0540431251048172,10.994555250377342
7,340,12765,45,85.8474,-19.9461,228.8147,2.057,4.8054,-0.3354,-0.299,0.9083,1.0158,0.4458,0.0555,-1.3626,-0.0147,car,340,85.8474,-19.9461,-0.3354,-0.299,0.4458,0.0555,228.8147,0.44932634020275286,1.6175748247299104,0.0,0.0,0.0,0.0,0.0,0.0,1,07_318_340_12736_ego_340,1,12736,12736,12740,vehicle_vehicle,0.30965705168849317,1.8846091046445501,1.9475109315382602,13.597975276488775,15.0,3.0,3.5,0.8,3.0540431251048172,10.994555250377342
7,318,12766,764,85.4881,-28.853,169.0848,2.2707,6.3697,-7.0247,1.1564,-0.9798,-2.7918,7.1166,-0.1947,0.4334,-2.9269,van,340,85.8352,-19.9562,-0.2982,-0.2585,0.391,0.0539,228.7715,0.3946460312735959,1.4207257125849453,-0.3470999999999975,-8.896800000000002,-6.7265,1.4149,6.873699459534145,8.903568309953041,0,07_318_340_12736_ego_340,1,12736,12736,12740,vehicle_vehicle,0.30965705168849317,1.8846091046445501,1.9475109315382602,13.597975276488775,15.0,3.0,3.5,0.8,3.0540431251048172,10.994555250377342
7,321,12766,519,96.0255,-33.2311,139.467,2.146,6.0019,-5.9542,4.7729,-0.864,-2.238,7.6273,-0.242,-0.7978,-2.2624,van,340,85.8352,-19.9562,-0.2982,-0.2585,0.391,0.0539,228.7715,0.3946460312735959,1.4207257125849453,10.190299999999993,-13.274899999999999,-5.656000000000001,5.0314,7.570027870490306,16.73514816486546,0,07_318_340_12736_ego_340,0,12736,12736,12740,vehicle_vehicle,0.30965705168849317,1.8846091046445501,1.9475109315382602,13.597975276488775,15.0,3.0,3.5,0.8,3.0540431251048172,10.994555250377342
7,339,12766,112,67.6783,-32.9951,233.1309,2.1052,4.9368,-5.1137,-7.3217,2.5442,-2.0977,8.9256,-0.3019,0.1517,-3.294,car,340,85.8352,-19.9562,-0.2982,-0.2585,0.391,0.0539,228.7715,0.3946460312735959,1.4207257125849453,-18.156900000000007,-13.038900000000002,-4.8155,-7.0632,8.548557450821747,22.35365587146765,0,07_318_340_12736_ego_340,0,12736,12736,12740,vehicle_vehicle,0.30965705168849317,1.8846091046445501,1.9475109315382602,13.597975276488775,15.0,3.0,3.5,0.8,3.0540431251048172,10.994555250377342
7,340,12766,46,85.8352,-19.9562,228.7715,2.057,4.8054,-0.2982,-0.2585,0.8583,0.9478,0.391,0.0539,-1.2785,-0.0208,car,340,85.8352,-19.9562,-0.2982,-0.2585,0.391,0.0539,228.7715,0.3946460312735959,1.4207257125849453,0.0,0.0,0.0,0.0,0.0,0.0,1,07_318_340_12736_ego_340,1,12736,12736,12740,vehicle_vehicle,0.30965705168849317,1.8846091046445501,1.9475109315382602,13.597975276488775,15.0,3.0,3.5,0.8,3.0540431251048172,10.994555250377342
7,318,12767,765,85.2071,-28.8066,169.9226,2.2707,6.3697,-7.069,1.0408,-0.9582,-2.8311,7.142,-0.2122,0.448,-2.9551,van,340,85.8253,-19.9654,-0.2636,-0.2209,0.3399,0.0524,228.7325,0.343921168292968,1.2381162058546848,-0.6182000000000016,-8.8412,-6.8054,1.2617,6.9213695212725055,8.862786733302343,0,07_318_340_12736_ego_340,1,12736,12736,12740,vehicle_vehicle,0.30965705168849317,1.8846091046445501,1.9475109315382602,13.597975276488775,15.0,3.0,3.5,0.8,3.0540431251048172,10.994555250377342
7,321,12767,520,95.7854,-33.0426,140.1374,2.146,6.0019,-5.9895,4.6797,-0.84,-2.2584,7.5969,-0.2469,-0.8028,-2.2719,van,340,85.8253,-19.9654,-0.2636,-0.2209,0.3399,0.0524,228.7325,0.343921168292968,1.2381162058546848,9.960099999999997,-13.077200000000001,-5.725899999999999,4.900600000000001,7.536697630262209,16.438270950741746,0,07_318_340_12736_ego_340,0,12736,12736,12740,vehicle_vehicle,0.30965705168849317,1.8846091046445501,1.9475109315382602,13.597975276488775,15.0,3.0,3.5,0.8,3.0540431251048172,10.994555250377342
7,339,12767,113,67.4763,-33.2892,233.988,2.1052,4.9368,-5.0094,-7.4069,2.5641,-2.0508,8.9367,-0.3029,0.1513,-3.2798,car,340,85.8253,-19.9654,-0.2636,-0.2209,0.3399,0.0524,228.7325,0.343921168292968,1.2381162058546848,-18.349000000000004,-13.323800000000002,-4.7458,-7.186,8.611690521610726,22.676186792315857,0,07_318_340_12736_ego_340,0,12736,12736,12740,vehicle_vehicle,0.30965705168849317,1.8846091046445501,1.9475109315382602,13.597975276488775,15.0,3.0,3.5,0.8,3.0540431251048172,10.994555250377342
7,340,12767,47,85.8253,-19.9654,228.7325,2.057,4.8054,-0.2636,-0.2209,0.8076,0.88,0.3399,0.0524,-1.1941,-0.0266,car,340,85.8253,-19.9654,-0.2636,-0.2209,0.3399,0.0524,228.7325,0.343921168292968,1.2381162058546848,0.0,0.0,0.0,0.0,0.0,0.0,1,07_318_340_12736_ego_340,1,12736,12736,12740,vehicle_vehicle,0.30965705168849317,1.8846091046445501,1.9475109315382602,13.597975276488775,15.0,3.0,3.5,0.8,3.0540431251048172,10.994555250377342
7,318,12768,766,84.9241,-28.7658,170.7679,2.2707,6.3697,-7.1126,0.9231,-0.9314,-2.8661,7.1685,-0.23,0.4595,-2.9784,van,340,85.8155,-19.9726,-0.2311,-0.1864,0.2925,0.0505,228.6978,0.296904311184597,1.068855520264549,-0.8914000000000044,-8.793199999999999,-6.8815,1.1095000000000002,6.970368175354871,8.838266809731419,0,07_318_340_12736_ego_340,1,12736,12736,12740,vehicle_vehicle,0.30965705168849317,1.8846091046445501,1.9475109315382602,13.597975276488775,15.0,3.0,3.5,0.8,3.0540431251048172,10.994555250377342
7,321,12768,521,95.5438,-32.8582,140.8115,2.146,6.0019,-6.0233,4.5861,-0.8155,-2.2752,7.5663,-0.2514,-0.8056,-2.2788,van,340,85.8155,-19.9726,-0.2311,-0.1864,0.2925,0.0505,228.6978,0.296904311184597,1.068855520264549,9.728300000000004,-12.885599999999997,-5.7922,4.7725,7.505087413881333,16.145541435640986,0,07_318_340_12736_ego_340,0,12736,12736,12740,vehicle_vehicle,0.30965705168849317,1.8846091046445501,1.9475109315382602,13.597975276488775,15.0,3.0,3.5,0.8,3.0540431251048172,10.994555250377342
7,339,12768,114,67.2792,-33.5871,234.8445,2.1052,4.9368,-4.9048,-7.4903,2.5817,-2.0025,8.9481,-0.3028,0.1507,-3.2638,car,340,85.8155,-19.9726,-0.2311,-0.1864,0.2925,0.0505,228.6978,0.296904311184597,1.068855520264549,-18.536299999999997,-13.6145,-4.6737,-7.3039000000000005,8.671241370184548,22.99889188504524,0,07_318_340_12736_ego_340,0,12736,12736,12740,vehicle_vehicle,0.30965705168849317,1.8846091046445501,1.9475109315382602,13.597975276488775,15.0,3.0,3.5,0.8,3.0540431251048172,10.994555250377342
7,340,12768,48,85.8155,-19.9726,228.6978,2.057,4.8054,-0.2311,-0.1864,0.7567,0.8128,0.2925,0.0505,-1.11,-0.032,car,340,85.8155,-19.9726,-0.2311,-0.1864,0.2925,0.0505,228.6978,0.296904311184597,1.068855520264549,0.0,0.0,0.0,0.0,0.0,0.0,1,07_318_340_12736_ego_340,1,12736,12736,12740,vehicle_vehicle,0.30965705168849317,1.8846091046445501,1.9475109315382602,13.597975276488775,15.0,3.0,3.5,0.8,3.0540431251048172,10.994555250377342
7,318,12769,767,84.639,-28.7301,171.6202,2.2707,6.3697,-7.1552,0.8035,-0.8993,-2.8965,7.1959,-0.2478,0.4676,-2.9966,van,340,85.8066,-19.978,-0.2005,-0.1552,0.2489,0.0481,228.6785,0.25354938374999064,0.9127777814999664,-1.1676000000000073,-8.752099999999999,-6.9547,0.9587,7.020467062809995,8.829640092891669,0,07_318_340_12736_ego_340,1,12736,12736,12740,vehicle_vehicle,0.30965705168849317,1.8846091046445501,1.9475109315382602,13.597975276488775,15.0,3.0,3.5,0.8,3.0540431251048172,10.994555250377342
7,321,12769,522,95.3013,-32.6774,141.4928,2.146,6.0019,-6.0557,4.4921,-0.7911,-2.289,7.5356,-0.2552,-0.8061,-2.2837,van,340,85.8066,-19.978,-0.2005,-0.1552,0.2489,0.0481,228.6785,0.25354938374999064,0.9127777814999664,9.494699999999995,-12.699399999999997,-5.8552,4.6472999999999995,7.475343759988567,15.856357981894828,0,07_318_340_12736_ego_340,0,12736,12736,12740,vehicle_vehicle,0.30965705168849317,1.8846091046445501,1.9475109315382602,13.597975276488775,15.0,3.0,3.5,0.8,3.0540431251048172,10.994555250377342
7,339,12769,115,67.0861,-33.8883,235.698,2.1052,4.9368,-4.7998,-7.5717,2.5974,-1.9529,8.9598,-0.302,0.1495,-3.2462,car,340,85.8066,-19.978,-0.2005,-0.1552,0.2489,0.0481,228.6785,0.25354938374999064,0.9127777814999664,-18.7205,-13.9103,-4.5993,-7.4165,8.726856979462882,23.32281214476505,0,07_318_340_12736_ego_340,0,12736,12736,12740,vehicle_vehicle,0.30965705168849317,1.8846091046445501,1.9475109315382602,13.597975276488775,15.0,3.0,3.5,0.8,3.0540431251048172,10.994555250377342
7,340,12769,49,85.8066,-19.978,228.6785,2.057,4.8054,-0.2005,-0.1552,0.7055,0.7465,0.2489,0.0481,-1.0265,-0.0369,car,340,85.8066,-19.978,-0.2005,-0.1552,0.2489,0.0481,228.6785,0.25354938374999064,0.9127777814999664,0.0,0.0,0.0,0.0,0.0,0.0,1,07_318_340_12736_ego_340,1,12736,12736,12740,vehicle_vehicle,0.30965705168849317,1.8846091046445501,1.9475109315382602,13.597975276488775,15.0,3.0,3.5,0.8,3.0540431251048172,10.994555250377342
7,318,12770,768,84.352,-28.6999,172.4875,2.2707,6.3697,-7.1965,0.6826,-0.862,-2.9219,7.2239,-0.2641,0.4726,-3.0095,van,340,85.7997,-19.9833,-0.1721,-0.1267,0.2088,0.0456,228.6687,0.2137084462533009,0.7693504065118832,-1.4476999999999975,-8.7166,-7.0244,0.8093,7.070867121506385,8.836003103779445,0,07_318_340_12736_ego_340,1,12736,12736,12740,vehicle_vehicle,0.30965705168849317,1.8846091046445501,1.9475109315382602,13.597975276488775,15.0,3.0,3.5,0.8,3.0540431251048172,10.994555250377342
7,321,12770,523,95.0577,-32.4999,142.1783,2.146,6.0019,-6.0868,4.3977,-0.7671,-2.2998,7.5048,-0.2586,-0.8043,-2.287,van,340,85.7997,-19.9833,-0.1721,-0.1267,0.2088,0.0456,228.6687,0.2137084462533009,0.7693504065118832,9.257999999999996,-12.516599999999997,-5.9147,4.5244,7.446735623748166,15.568424440514198,0,07_318_340_12736_ego_340,0,12736,12736,12740,vehicle_vehicle,0.30965705168849317,1.8846091046445501,1.9475109315382602,13.597975276488775,15.0,3.0,3.5,0.8,3.0540431251048172,10.994555250377342
7,339,12770,116,66.8972,-34.1928,236.5631,2.1052,4.9368,-4.6947,-7.6512,2.6117,-1.902,8.9717,-0.2982,0.1481,-3.2275,car,340,85.7997,-19.9833,-0.1721,-0.1267,0.2088,0.0456,228.6687,0.2137084462533009,0.7693504065118832,-18.902500000000003,-14.209499999999998,-4.5226,-7.524500000000001,8.779066636607789,23.64771440329911,0,07_318_340_12736_ego_340,0,12736,12736,12740,vehicle_vehicle,0.30965705168849317,1.8846091046445501,1.9475109315382602,13.597975276488775,15.0,3.0,3.5,0.8,3.0540431251048172,10.994555250377342
7,340,12770,50,85.7997,-19.9833,228.6687,2.057,4.8054,-0.1721,-0.1267,0.6541,0.6816,0.2088,0.0456,-0.9438,-0.041,car,340,85.7997,-19.9833,-0.1721,-0.1267,0.2088,0.0456,228.6687,0.2137084462533009,0.7693504065118832,0.0,0.0,0.0,0.0,0.0,0.0,1,07_318_340_12736_ego_340,1,12736,12736,12740,vehicle_vehicle,0.30965705168849317,1.8846091046445501,1.9475109315382602,13.597975276488775,15.0,3.0,3.5,0.8,3.0540431251048172,10.994555250377342
7,318,12771,769,84.0624,-28.6748,173.3699,2.2707,6.3697,-7.2358,0.5607,-0.8195,-2.9422,7.2522,-0.2785,0.4743,-3.0171,van,340,85.7945,-19.988,-0.1463,-0.1008,0.1723,0.0433,228.6658,0.17766353030377394,0.6395887090935862,-1.7321000000000026,-8.686800000000002,-7.0895,0.6615,7.120294411047903,8.85780247296134,0,07_318_340_12736_ego_340,1,12736,12736,12740,vehicle_vehicle,0.30965705168849317,1.8846091046445501,1.9475109315382602,13.597975276488775,15.0,3.0,3.5,0.8,3.0540431251048172,10.994555250377342
7,321,12771,524,94.8125,-32.3267,142.8641,2.146,6.0019,-6.1165,4.3032,-0.7438,-2.3079,7.474,-0.2621,-0.8003,-2.2889,van,340,85.7945,-19.988,-0.1463,-0.1008,0.1723,0.0433,228.6658,0.17766353030377394,0.6395887090935862,9.018,-12.338700000000003,-5.9702,4.404,7.418793974764362,15.282926476627441,0,07_318_340_12736_ego_340,0,12736,12736,12740,vehicle_vehicle,0.30965705168849317,1.8846091046445501,1.9475109315382602,13.597975276488775,15.0,3.0,3.5,0.8,3.0540431251048172,10.994555250377342
7,339,12771,117,66.7118,-34.5006,237.4264,2.1052,4.9368,-4.5891,-7.7284,2.6248,-1.8498,8.9835,-0.2936,0.1457,-3.2078,car,340,85.7945,-19.988,-0.1463,-0.1008,0.1723,0.0433,228.6658,0.17766353030377394,0.6395887090935862,-19.082700000000003,-14.512599999999999,-4.4428,-7.627599999999999,8.827159996284195,23.97425698640106,0,07_318_340_12736_ego_340,0,12736,12736,12740,vehicle_vehicle,0.30965705168849317,1.8846091046445501,1.9475109315382602,13.597975276488775,15.0,3.0,3.5,0.8,3.0540431251048172,10.994555250377342
7,340,12771,51,85.7945,-19.988,228.6658,2.057,4.8054,-0.1463,-0.1008,0.6028,0.618,0.1723,0.0433,-0.8622,-0.0444,car,340,85.7945,-19.988,-0.1463,-0.1008,0.1723,0.0433,228.6658,0.17766353030377394,0.6395887090935862,0.0,0.0,0.0,0.0,0.0,0.0,1,07_318_340_12736_ego_340,1,12736,12736,12740,vehicle_vehicle,0.30965705168849317,1.8846091046445501,1.9475109315382602,13.597975276488775,15.0,3.0,3.5,0.8,3.0540431251048172,10.994555250377342
7,318,12772,770,83.7716,-28.6552,174.2587,2.2707,6.3697,-7.2732,0.4381,-0.7722,-2.9575,7.2806,-0.2917,0.4725,-3.0199,van,340,85.7907,-19.9922,-0.1231,-0.0771,0.1392,0.0415,228.6627,0.14525157486237456,0.5229056695045484,-2.0190999999999946,-8.663,-7.1501,0.5152,7.168637321695107,8.895185990748029,0,07_318_340_12736_ego_340,1,12736,12736,12740,vehicle_vehicle,0.30965705168849317,1.8846091046445501,1.9475109315382602,13.597975276488775,15.0,3.0,3.5,0.8,3.0540431251048172,10.994555250377342
7,321,12772,525,94.5663,-32.1574,143.5426,2.146,6.0019,-6.145,4.2087,-0.7216,-2.3137,7.4433,-0.2664,-0.7945,-2.2897,van,340,85.7907,-19.9922,-0.1231,-0.0771,0.1392,0.0415,228.6627,0.14525157486237456,0.5229056695045484,8.775599999999997,-12.165200000000002,-6.0219,4.2858,7.39130308200117,15.000108212943,0,07_318_340_12736_ego_340,0,12736,12736,12740,vehicle_vehicle,0.30965705168849317,1.8846091046445501,1.9475109315382602,13.597975276488775,15.0,3.0,3.5,0.8,3.0540431251048172,10.994555250377342
7,339,12772,118,66.5308,-34.8115,238.2903,2.1052,4.9368,-4.4832,-7.8035,2.6369,-1.7965,8.9951,-0.2877,0.1423,-3.1875,car,340,85.7907,-19.9922,-0.1231,-0.0771,0.1392,0.0415,228.6627,0.14525157486237456,0.5229056695045484,-19.259900000000002,-14.819300000000002,-4.3601,-7.7264,8.871737652230255,24.30134565204158,0,07_318_340_12736_ego_340,0,12736,12736,12740,vehicle_vehicle,0.30965705168849317,1.8846091046445501,1.9475109315382602,13.597975276488775,15.0,3.0,3.5,0.8,3.0540431251048172,10.994555250377342
7,340,12772,52,85.7907,-19.9922,228.6627,2.057,4.8054,-0.1231,-0.0771,0.5521,0.5557,0.1392,0.0415,-0.7819,-0.0475,car,340,85.7907,-19.9922,-0.1231,-0.0771,0.1392,0.0415,228.6627,0.14525157486237456,0.5229056695045484,0.0,0.0,0.0,0.0,0.0,0.0,1,07_318_340_12736_ego_340,1,12736,12736,12740,vehicle_vehicle,0.30965705168849317,1.8846091046445501,1.9475109315382602,13.597975276488775,15.0,3.0,3.5,0.8,3.0540431251048172,10.994555250377342
7,318,12773,771,83.4791,-28.641,175.1589,2.2707,6.3697,-7.3083,0.3153,-0.7205,-2.9681,7.3089,-0.3026,0.4675,-3.0183,van,340,85.787,-19.9948,-0.1023,-0.056,0.1096,0.0399,228.6585,0.11662456859512922,0.4198484469424652,-2.3079000000000036,-8.646199999999997,-7.206,0.3713,7.2155595548786104,8.948920429303188,0,07_318_340_12736_ego_340,1,12736,12736,12740,vehicle_vehicle,0.30965705168849317,1.8846091046445501,1.9475109315382602,13.597975276488775,15.0,3.0,3.5,0.8,3.0540431251048172,10.994555250377342
7,321,12773,526,94.3207,-31.9899,144.2166,2.146,6.0019,-6.1728,4.1137,-0.7006,-2.3172,7.413,-0.2722,-0.7866,-2.2895,van,340,85.787,-19.9948,-0.1023,-0.056,0.1096,0.0399,228.6585,0.11662456859512922,0.4198484469424652,8.533699999999996,-11.995099999999997,-6.0705,4.1697,7.364602388452482,14.720953083954852,0,07_318_340_12736_ego_340,0,12736,12736,12740,vehicle_vehicle,0.30965705168849317,1.8846091046445501,1.9475109315382602,13.597975276488775,15.0,3.0,3.5,0.8,3.0540431251048172,10.994555250377342
7,339,12773,119,66.3534,-35.1255,239.1581,2.1052,4.9368,-4.3767,-7.8763,2.6479,-1.7421,9.0063,-0.2802,0.1382,-3.1666,car,340,85.787,-19.9948,-0.1023,-0.056,0.1096,0.0399,228.6585,0.11662456859512922,0.4198484469424652,-19.433600000000013,-15.130700000000001,-4.2744,-7.8203,8.912215630806966,24.62930960157025,0,07_318_340_12736_ego_340,0,12736,12736,12740,vehicle_vehicle,0.30965705168849317,1.8846091046445501,1.9475109315382602,13.597975276488775,15.0,3.0,3.5,0.8,3.0540431251048172,10.994555250377342
7,340,12773,53,85.787,-19.9948,228.6585,2.057,4.8054,-0.1023,-0.056,0.5026,0.4944,0.1096,0.0399,-0.7031,-0.0507,car,340,85.787,-19.9948,-0.1023,-0.056,0.1096,0.0399,228.6585,0.11662456859512922,0.4198484469424652,0.0,0.0,0.0,0.0,0.0,0.0,1,07_318_340_12736_ego_340,1,12736,12736,12740,vehicle_vehicle,0.30965705168849317,1.8846091046445501,1.9475109315382602,13.597975276488775,15.0,3.0,3.5,0.8,3.0540431251048172,10.994555250377342
7,318,12774,772,83.1851,-28.6325,176.0622,2.2707,6.3697,-7.3409,0.1927,-0.6649,-2.9745,7.3369,-0.3119,0.459,-3.0131,van,340,85.7833,-19.9956,-0.0835,-0.0377,0.0834,0.0378,228.6512,0.09161626493150657,0.32981855375342367,-2.5981999999999914,-8.6369,-7.2574000000000005,0.2304,7.261056322602105,9.0192397046536,0,07_318_340_12736_ego_340,1,12736,12736,12740,vehicle_vehicle,0.30965705168849317,1.8846091046445501,1.9475109315382602,13.597975276488775,15.0,3.0,3.5,0.8,3.0540431251048172,10.994555250377342
7,321,12774,527,94.0734,-31.8268,144.885,2.146,6.0019,-6.1999,4.0183,-0.6806,-2.3181,7.3829,-0.2793,-0.7767,-2.2877,van,340,85.7833,-19.9956,-0.0835,-0.0377,0.0834,0.0378,228.6512,0.09161626493150657,0.32981855375342367,8.29010000000001,-11.831199999999999,-6.1164000000000005,4.056,7.33903842202778,14.446558463869522,0,07_318_340_12736_ego_340,0,12736,12736,12740,vehicle_vehicle,0.30965705168849317,1.8846091046445501,1.9475109315382602,13.597975276488775,15.0,3.0,3.5,0.8,3.0540431251048172,10.994555250377342
7,339,12774,120,66.1795,-35.4425,240.024,2.1052,4.9368,-4.2694,-7.9467,2.6578,-1.6869,9.0169,-0.2722,0.1333,-3.1451,car,340,85.7833,-19.9956,-0.0835,-0.0377,0.0834,0.0378,228.6512,0.09161626493150657,0.32981855375342367,-19.603799999999993,-15.446900000000003,-4.1859,-7.909,8.948409903999703,24.95827906827712,0,07_318_340_12736_ego_340,0,12736,12736,12740,vehicle_vehicle,0.30965705168849317,1.8846091046445501,1.9475109315382602,13.597975276488775,15.0,3.0,3.5,0.8,3.0540431251048172,10.994555250377342
7,340,12774,54,85.7833,-19.9956,228.6512,2.057,4.8054,-0.0835,-0.0377,0.4543,0.4344,0.0834,0.0378,-0.6262,-0.0541,car,340,85.7833,-19.9956,-0.0835,-0.0377,0.0834,0.0378,228.6512,0.09161626493150657,0.32981855375342367,0.0,0.0,0.0,0.0,0.0,0.0,1,07_318_340_12736_ego_340,1,12736,12736,12740,vehicle_vehicle,0.30965705168849317,1.8846091046445501,1.9475109315382602,13.597975276488775,15.0,3.0,3.5,0.8,3.0540431251048172,10.994555250377342
7,318,12775,773,82.8896,-28.6292,176.9721,2.2707,6.3697,-7.3708,0.0707,-0.6057,-2.9775,7.3642,-0.3188,0.4475,-3.0053,van,340,85.7805,-19.9963,-0.0667,-0.022,0.0605,0.0355,228.6527,0.0702345356644436,0.25284432839199694,-2.890900000000002,-8.6329,-7.3041,0.0927,7.304688227433119,9.1040795921389,0,07_318_340_12736_ego_340,1,12736,12736,12740,vehicle_vehicle,0.30965705168849317,1.8846091046445501,1.9475109315382602,13.597975276488775,15.0,3.0,3.5,0.8,3.0540431251048172,10.994555250377342
7,321,12775,528,93.8249,-31.6677,145.5518,2.146,6.0019,-6.2262,3.9228,-0.6615,-2.3163,7.3533,-0.287,-0.7647,-2.2843,van,340,85.7805,-19.9963,-0.0667,-0.022,0.0605,0.0355,228.6527,0.0702345356644436,0.25284432839199694,8.044399999999996,-11.671399999999998,-6.1595,3.9448,7.3144300728081335,14.175117259479721,0,07_318_340_12736_ego_340,0,12736,12736,12740,vehicle_vehicle,0.30965705168849317,1.8846091046445501,1.9475109315382602,13.597975276488775,15.0,3.0,3.5,0.8,3.0540431251048172,10.994555250377342
7,339,12775,121,66.011,-35.7626,240.8851,2.1052,4.9368,-4.1618,-8.0146,2.6664,-1.6311,9.0269,-0.2637,0.1277,-3.1231,car,340,85.7805,-19.9963,-0.0667,-0.022,0.0605,0.0355,228.6527,0.0702345356644436,0.25284432839199694,-19.769500000000008,-15.766299999999998,-4.0951,-7.9925999999999995,8.980617950341724,25.286544760801153,0,07_318_340_12736_ego_340,0,12736,12736,12740,vehicle_vehicle,0.30965705168849317,1.8846091046445501,1.9475109315382602,13.597975276488775,15.0,3.0,3.5,0.8,3.0540431251048172,10.994555250377342
7,340,12775,55,85.7805,-19.9963,228.6527,2.057,4.8054,-0.0667,-0.022,0.4073,0.3759,0.0605,0.0355,-0.5513,-0.0574,car,340,85.7805,-19.9963,-0.0667,-0.022,0.0605,0.0355,228.6527,0.0702345356644436,0.25284432839199694,0.0,0.0,0.0,0.0,0.0,0.0,1,07_318_340_12736_ego_340,1,12736,12736,12740,vehicle_vehicle,0.30965705168849317,1.8846091046445501,1.9475109315382602,13.597975276488775,15.0,3.0,3.5,0.8,3.0540431251048172,10.994555250377342
7,318,12776,774,82.5931,-28.6306,177.8799,2.2707,6.3697,-7.3978,-0.0507,-0.5434,-2.9778,7.3909,-0.3243,0.4329,-2.9959,van,340,85.7784,-19.9971,-0.0518,-0.0085,0.0406,0.0333,228.6544,0.0524927614057405,0.1889739410606658,-3.185299999999998,-8.633500000000002,-7.346,-0.0422,7.346121210543697,9.202361563207567,0,07_318_340_12736_ego_340,1,12736,12736,12740,vehicle_vehicle,0.30965705168849317,1.8846091046445501,1.9475109315382602,13.597975276488775,15.0,3.0,3.5,0.8,3.0540431251048172,10.994555250377342
7,321,12776,529,93.5757,-31.5129,146.2216,2.146,6.0019,-6.2519,3.8275,-0.6432,-2.3117,7.3246,-0.2946,-0.7506,-2.2791,van,340,85.7784,-19.9971,-0.0518,-0.0085,0.0406,0.0333,228.6544,0.0524927614057405,0.1889739410606658,7.797299999999993,-11.515799999999999,-6.2001,3.8360000000000003,7.290825468354047,13.907247640349253,0,07_318_340_12736_ego_340,0,12736,12736,12740,vehicle_vehicle,0.30965705168849317,1.8846091046445501,1.9475109315382602,13.597975276488775,15.0,3.0,3.5,0.8,3.0540431251048172,10.994555250377342
7,339,12776,122,65.8474,-36.085,241.7388,2.1052,4.9368,-4.0541,-8.08,2.6737,-1.5751,9.0364,-0.255,0.1213,-3.1008,car,340,85.7784,-19.9971,-0.0518,-0.0085,0.0406,0.0333,228.6544,0.0524927614057405,0.1889739410606658,-19.93100000000001,-16.0879,-4.0023,-8.0715,9.009301723219176,25.613771440574705,0,07_318_340_12736_ego_340,0,12736,12736,12740,vehicle_vehicle,0.30965705168849317,1.8846091046445501,1.9475109315382602,13.597975276488775,15.0,3.0,3.5,0.8,3.0540431251048172,10.994555250377342
7,340,12776,56,85.7784,-19.9971,228.6544,2.057,4.8054,-0.0518,-0.0085,0.3618,0.3191,0.0406,0.0333,-0.4786,-0.0608,car,340,85.7784,-19.9971,-0.0518,-0.0085,0.0406,0.0333,228.6544,0.0524927614057405,0.1889739410606658,0.0,0.0,0.0,0.0,0.0,0.0,1,07_318_340_12736_ego_340,1,12736,12736,12740,vehicle_vehicle,0.30965705168849317,1.8846091046445501,1.9475109315382602,13.597975276488775,15.0,3.0,3.5,0.8,3.0540431251048172,10.994555250377342
7,318,12777,775,82.2955,-28.6367,178.7902,2.2707,6.3697,-7.4218,-0.1714,-0.4787,-2.9762,7.4166,-0.3281,0.4157,-2.9857,van,340,85.7774,-19.9975,-0.0391,0.0028,0.0237,0.0312,228.6541,0.0392001275508129,0.14112045918292643,-3.481899999999996,-8.639200000000002,-7.3827,-0.1742,7.384754899791868,9.314472838008601,0,07_318_340_12736_ego_340,1,12736,12736,12740,vehicle_vehicle,0.30965705168849317,1.8846091046445501,1.9475109315382602,13.597975276488775,15.0,3.0,3.5,0.8,3.0540431251048172,10.994555250377342
7,321,12777,530,93.325,-31.3616,146.8927,2.146,6.0019,-6.2768,3.7323,-0.6258,-2.3045,7.2964,-0.302,-0.7345,-2.2722,van,340,85.7774,-19.9975,-0.0391,0.0028,0.0237,0.0312,228.6541,0.0392001275508129,0.14112045918292643,7.547600000000003,-11.3641,-6.237699999999999,3.7295,7.267604250370268,13.642178512613008,0,07_318_340_12736_ego_340,0,12736,12736,12740,vehicle_vehicle,0.30965705168849317,1.8846091046445501,1.9475109315382602,13.597975276488775,15.0,3.0,3.5,0.8,3.0540431251048172,10.994555250377342
7,339,12777,123,65.6887,-36.4102,242.5909,2.1052,4.9368,-3.9466,-8.1429,2.6803,-1.519,9.0456,-0.2449,0.1146,-3.0787,car,340,85.7774,-19.9975,-0.0391,0.0028,0.0237,0.0312,228.6541,0.0392001275508129,0.14112045918292643,-20.088700000000003,-16.412700000000005,-3.9075,-8.1457,9.034433282724489,25.94094425767883,0,07_318_340_12736_ego_340,0,12736,12736,12740,vehicle_vehicle,0.30965705168849317,1.8846091046445501,1.9475109315382602,13.597975276488775,15.0,3.0,3.5,0.8,3.0540431251048172,10.994555250377342
7,340,12777,57,85.7774,-19.9975,228.6541,2.057,4.8054,-0.0391,0.0028,0.3178,0.2638,0.0237,0.0312,-0.408,-0.0643,car,340,85.7774,-19.9975,-0.0391,0.0028,0.0237,0.0312,228.6541,0.0392001275508129,0.14112045918292643,0.0,0.0,0.0,0.0,0.0,0.0,1,07_318_340_12736_ego_340,1,12736,12736,12740,vehicle_vehicle,0.30965705168849317,1.8846091046445501,1.9475109315382602,13.597975276488775,15.0,3.0,3.5,0.8,3.0540431251048172,10.994555250377342
7,318,12778,776,81.9969,-28.6472,179.6966,2.2707,6.3697,-7.4427,-0.2916,-0.4119,-2.9733,7.4411,-0.331,0.3961,-2.9754,van,340,85.7751,-19.996,-0.0277,0.0114,0.0098,0.0284,228.6554,0.029954131601500317,0.10783487376540114,-3.7781999999999982,-8.651200000000003,-7.415,-0.30300000000000005,7.421188179799782,9.440236050014853,0,07_318_340_12736_ego_340,1,12736,12736,12740,vehicle_vehicle,0.30965705168849317,1.8846091046445501,1.9475109315382602,13.597975276488775,15.0,3.0,3.5,0.8,3.0540431251048172,10.994555250377342
7,321,12778,531,93.0731,-31.2142,147.5543,2.146,6.0019,-6.3009,3.6375,-0.6093,-2.2946,7.2688,-0.3107,-0.7169,-2.2633,van,340,85.7751,-19.996,-0.0277,0.0114,0.0098,0.0284,228.6554,0.029954131601500317,0.10783487376540114,7.298000000000002,-11.218200000000003,-6.2732,3.6261,7.245801505009643,13.383154158867038,0,07_318_340_12736_ego_340,0,12736,12736,12740,vehicle_vehicle,0.30965705168849317,1.8846091046445501,1.9475109315382602,13.597975276488775,15.0,3.0,3.5,0.8,3.0540431251048172,10.994555250377342
7,339,12778,124,65.5347,-36.7379,243.4309,2.1052,4.9368,-3.8396,-8.2032,2.6868,-1.4633,9.0543,-0.235,0.107,-3.0576,car,340,85.7751,-19.996,-0.0277,0.0114,0.0098,0.0284,228.6554,0.029954131601500317,0.10783487376540114,-20.240399999999994,-16.741900000000005,-3.8119,-8.2146,9.0559502411398,26.267184998967817,0,07_318_340_12736_ego_340,0,12736,12736,12740,vehicle_vehicle,0.30965705168849317,1.8846091046445501,1.9475109315382602,13.597975276488775,15.0,3.0,3.5,0.8,3.0540431251048172,10.994555250377342
7,340,12778,58,85.7751,-19.996,228.6554,2.057,4.8054,-0.0277,0.0114,0.2754,0.2103,0.0098,0.0284,-0.3398,-0.0678,car,340,85.7751,-19.996,-0.0277,0.0114,0.0098,0.0284,228.6554,0.029954131601500317,0.10783487376540114,0.0,0.0,0.0,0.0,0.0,0.0,1,07_318_340_12736_ego_340,1,12736,12736,12740,vehicle_vehicle,0.30965705168849317,1.8846091046445501,1.9475109315382602,13.597975276488775,15.0,3.0,3.5,0.8,3.0540431251048172,10.994555250377342
7,318,12779,777,81.6979,-28.6624,180.6006,2.2707,6.3697,-7.4605,-0.4111,-0.3436,-2.9695,7.4644,-0.3329,0.3747,-2.9657,van,340,85.7735,-19.9947,-0.0178,0.0176,-0.0014,0.025,228.6528,0.02503197954617253,0.09011512636622111,-4.075599999999994,-8.6677,-7.442699999999999,-0.4287,7.455036350011984,9.578075936742199,0,07_318_340_12736_ego_340,1,12736,12736,12740,vehicle_vehicle,0.30965705168849317,1.8846091046445501,1.9475109315382602,13.597975276488775,15.0,3.0,3.5,0.8,3.0540431251048172,10.994555250377342
7,321,12779,532,92.8202,-31.0715,148.2191,2.146,6.0019,-6.3241,3.5434,-0.5937,-2.2823,7.2422,-0.3186,-0.6973,-2.2528,van,340,85.7735,-19.9947,-0.0178,0.0176,-0.0014,0.025,228.6528,0.02503197954617253,0.09011512636622111,7.046700000000001,-11.076799999999999,-6.306299999999999,3.5258000000000003,7.2250041750852985,13.128270226118898,0,07_318_340_12736_ego_340,0,12736,12736,12740,vehicle_vehicle,0.30965705168849317,1.8846091046445501,1.9475109315382602,13.597975276488775,15.0,3.0,3.5,0.8,3.0540431251048172,10.994555250377342
7,339,12779,125,65.3849,-37.0678,244.2576,2.1052,4.9368,-3.733,-8.261,2.6937,-1.4081,9.0625,-0.2255,0.0984,-3.038,car,340,85.7735,-19.9947,-0.0178,0.0176,-0.0014,0.025,228.6528,0.02503197954617253,0.09011512636622111,-20.388599999999997,-17.073099999999997,-3.7152000000000003,-8.278599999999999,9.074024961393922,26.5929643622143,0,07_318_340_12736_ego_340,0,12736,12736,12740,vehicle_vehicle,0.30965705168849317,1.8846091046445501,1.9475109315382602,13.597975276488775,15.0,3.0,3.5,0.8,3.0540431251048172,10.994555250377342
7,340,12779,59,85.7735,-19.9947,228.6528,2.057,4.8054,-0.0178,0.0176,0.2342,0.1588,-0.0014,0.025,-0.2739,-0.0709,car,340,85.7735,-19.9947,-0.0178,0.0176,-0.0014,0.025,228.6528,0.02503197954617253,0.09011512636622111,0.0,0.0,0.0,0.0,0.0,0.0,1,07_318_340_12736_ego_340,1,12736,12736,12740,vehicle_vehicle,0.30965705168849317,1.8846091046445501,1.9475109315382602,13.597975276488775,15.0,3.0,3.5,0.8,3.0540431251048172,10.994555250377342
7,318,12780,778,81.3977,-28.682,181.5051,2.2707,6.3697,-7.475,-0.5303,-0.2742,-2.9651,7.4864,-0.3337,0.352,-2.9569,van,340,85.7728,-19.9934,-0.0094,0.0215,-0.0099,0.0213,228.6419,0.023465080438813755,0.08447428957972952,-4.375100000000003,-8.688599999999997,-7.465599999999999,-0.5518,7.485964640579062,9.727963300198041,0,07_318_340_12736_ego_340,1,12736,12736,12740,vehicle_vehicle,0.30965705168849317,1.8846091046445501,1.9475109315382602,13.597975276488775,15.0,3.0,3.5,0.8,3.0540431251048172,10.994555250377342
7,321,12780,533,92.5658,-30.9328,148.8875,2.146,6.0019,-6.3464,3.4504,-0.5796,-2.2679,7.2163,-0.3253,-0.6757,-2.2411,van,340,85.7728,-19.9934,-0.0094,0.0215,-0.0099,0.0213,228.6419,0.023465080438813755,0.08447428957972952,6.792999999999992,-10.9394,-6.337,3.4289,7.205201191500484,12.876929811100155,0,07_318_340_12736_ego_340,0,12736,12736,12740,vehicle_vehicle,0.30965705168849317,1.8846091046445501,1.9475109315382602,13.597975276488775,15.0,3.0,3.5,0.8,3.0540431251048172,10.994555250377342
7,339,12780,126,65.239,-37.3999,245.063,2.1052,4.9368,-3.6266,-8.3165,2.7018,-1.3537,9.0702,-0.2179,0.0884,-3.0207,car,340,85.7728,-19.9934,-0.0094,0.0215,-0.0099,0.0213,228.6419,0.023465080438813755,0.08447428957972952,-20.5338,-17.4065,-3.6172,-8.338,9.088805193203338,26.91882584159272,0,07_318_340_12736_ego_340,0,12736,12736,12740,vehicle_vehicle,0.30965705168849317,1.8846091046445501,1.9475109315382602,13.597975276488775,15.0,3.0,3.5,0.8,3.0540431251048172,10.994555250377342
7,340,12780,60,85.7728,-19.9934,228.6419,2.057,4.8054,-0.0094,0.0215,0.194,0.1096,-0.0099,0.0213,-0.2104,-0.0732,car,340,85.7728,-19.9934,-0.0094,0.0215,-0.0099,0.0213,228.6419,0.023465080438813755,0.08447428957972952,0.0,0.0,0.0,0.0,0.0,0.0,1,07_318_340_12736_ego_340,1,12736,12736,12740,vehicle_vehicle,0.30965705168849317,1.8846091046445501,1.9475109315382602,13.597975276488775,15.0,3.0,3.5,0.8,3.0540431251048172,10.994555250377342
7,318,12781,779,81.0971,-28.7059,182.4053,2.2707,6.3697,-7.4862,-0.6491,-0.2043,-2.9605,7.5069,-0.3343,0.3284,-2.9494,van,340,85.7722,-19.9922,-0.0025,0.0234,-0.0159,0.0174,228.6348,0.023533168082517066,0.08471940509706144,-4.6751000000000005,-8.7137,-7.4837,-0.6725,7.5138553313196015,9.888636291218319,0,07_318_340_12736_ego_340,1,12736,12736,12740,vehicle_vehicle,0.30965705168849317,1.8846091046445501,1.9475109315382602,13.597975276488775,15.0,3.0,3.5,0.8,3.0540431251048172,10.994555250377342
7,321,12781,534,92.3105,-30.7979,149.56,2.146,6.0019,-6.3677,3.3584,-0.567,-2.252,7.1914,-0.3306,-0.652,-2.2288,van,340,85.7722,-19.9922,-0.0025,0.0234,-0.0159,0.0174,228.6348,0.023533168082517066,0.08471940509706144,6.538300000000007,-10.805699999999998,-6.3652,3.335,7.185958254818908,12.629826577590052,0,07_318_340_12736_ego_340,0,12736,12736,12740,vehicle_vehicle,0.30965705168849317,1.8846091046445501,1.9475109315382602,13.597975276488775,15.0,3.0,3.5,0.8,3.0540431251048172,10.994555250377342
7,339,12781,127,65.0975,-37.7341,245.8385,2.1052,4.9368,-3.5204,-8.3695,2.7115,-1.3003,9.0773,-0.2137,0.0765,-3.0062,car,340,85.7722,-19.9922,-0.0025,0.0234,-0.0159,0.0174,228.6348,0.023533168082517066,0.08471940509706144,-20.6747,-17.741899999999998,-3.5179,-8.392900000000001,9.100351137181466,27.243682491542877,0,07_318_340_12736_ego_340,0,12736,12736,12740,vehicle_vehicle,0.30965705168849317,1.8846091046445501,1.9475109315382602,13.597975276488775,15.0,3.0,3.5,0.8,3.0540431251048172,10.994555250377342
7,340,12781,61,85.7722,-19.9922,228.6348,2.057,4.8054,-0.0025,0.0234,0.1548,0.0628,-0.0159,0.0174,-0.1494,-0.0747,car,340,85.7722,-19.9922,-0.0025,0.0234,-0.0159,0.0174,228.6348,0.023533168082517066,0.08471940509706144,0.0,0.0,0.0,0.0,0.0,0.0,1,07_318_340_12736_ego_340,1,12736,12736,12740,vehicle_vehicle,0.30965705168849317,1.8846091046445501,1.9475109315382602,13.597975276488775,15.0,3.0,3.5,0.8,3.0540431251048172,10.994555250377342
7,318,12782,780,80.7961,-28.7344,183.2995,2.2707,6.3697,-7.4941,-0.7676,-0.1345,-2.9558,7.5258,-0.335,0.3044,-2.9431,van,340,85.7724,-19.991,0.0027,0.0234,-0.0193,0.0134,228.6197,0.02355525419094432,0.08479891508739956,-4.976300000000009,-8.743400000000001,-7.4968,-0.7909999999999999,7.538414371736274,10.060348167434372,0,07_318_340_12736_ego_340,1,12736,12736,12740,vehicle_vehicle,0.30965705168849317,1.8846091046445501,1.9475109315382602,13.597975276488775,15.0,3.0,3.5,0.8,3.0540431251048172,10.994555250377342
7,321,12782,535,92.054,-30.667,150.2235,2.146,6.0019,-6.3879,3.2677,-0.5567,-2.2351,7.1673,-0.3361,-0.6268,-2.2165,van,340,85.7724,-19.991,0.0027,0.0234,-0.0193,0.0134,228.6197,0.02355525419094432,0.08479891508739956,6.281599999999997,-10.676000000000002,-6.3906,3.2443,7.1669554798394,12.38690738481563,0,07_318_340_12736_ego_340,0,12736,12736,12740,vehicle_vehicle,0.30965705168849317,1.8846091046445501,1.9475109315382602,13.597975276488775,15.0,3.0,3.5,0.8,3.0540431251048172,10.994555250377342
7,339,12782,128,64.9588,-38.0702,246.5958,2.1052,4.9368,-3.4138,-8.4204,2.7231,-1.248,9.0836,-0.2117,0.0637,-2.9947,car,340,85.7724,-19.991,0.0027,0.0234,-0.0193,0.0134,228.6197,0.02355525419094432,0.08479891508739956,-20.813600000000008,-18.0792,-3.4165,-8.443800000000001,9.10879962947918,27.56924767925306,0,07_318_340_12736_ego_340,0,12736,12736,12740,vehicle_vehicle,0.30965705168849317,1.8846091046445501,1.9475109315382602,13.597975276488775,15.0,3.0,3.5,0.8,3.0540431251048172,10.994555250377342
7,340,12782,62,85.7724,-19.991,228.6197,2.057,4.8054,0.0027,0.0234,0.1165,0.0186,-0.0193,0.0134,-0.0909,-0.0751,car,340,85.7724,-19.991,0.0027,0.0234,-0.0193,0.0134,228.6197,0.02355525419094432,0.08479891508739956,0.0,0.0,0.0,0.0,0.0,0.0,1,07_318_340_12736_ego_340,1,12736,12736,12740,vehicle_vehicle,0.30965705168849317,1.8846091046445501,1.9475109315382602,13.597975276488775,15.0,3.0,3.5,0.8,3.0540431251048172,10.994555250377342
7,318,12783,781,80.4954,-28.7674,184.1942,2.2707,6.3697,-7.4988,-0.886,-0.0652,-2.9509,7.5435,-0.3352,0.2809,-2.9382,van,340,85.7726,-19.9899,0.0065,0.0215,-0.0204,0.0094,228.6088,0.0224610774452162,0.08085987880277833,-5.2771999999999935,-8.7775,-7.5053,-0.9075,7.55996589542572,10.241745265822615,0,07_318_340_12736_ego_340,1,12736,12736,12740,vehicle_vehicle,0.30965705168849317,1.8846091046445501,1.9475109315382602,13.597975276488775,15.0,3.0,3.5,0.8,3.0540431251048172,10.994555250377342
7,321,12783,536,91.797,-30.5397,150.8952,2.146,6.0019,-6.4074,3.1783,-0.5489,-2.2179,7.1443,-0.3396,-0.5992,-2.2049,van,340,85.7726,-19.9899,0.0065,0.0215,-0.0204,0.0094,228.6088,0.0224610774452162,0.08085987880277833,6.0244,-10.549800000000001,-6.4139,3.1568,7.148671166727422,12.14873143171747,0,07_318_340_12736_ego_340,0,12736,12736,12740,vehicle_vehicle,0.30965705168849317,1.8846091046445501,1.9475109315382602,13.597975276488775,15.0,3.0,3.5,0.8,3.0540431251048172,10.994555250377342
7,339,12783,129,64.8246,-38.4087,247.3411,2.1052,4.9368,-3.3069,-8.4688,2.7366,-1.197,9.0891,-0.2109,0.0504,-2.9865,car,340,85.7726,-19.9899,0.0065,0.0215,-0.0204,0.0094,228.6088,0.0224610774452162,0.08085987880277833,-20.947999999999993,-18.418800000000005,-3.3134,-8.4903,9.113935135274993,27.893922231195813,0,07_318_340_12736_ego_340,0,12736,12736,12740,vehicle_vehicle,0.30965705168849317,1.8846091046445501,1.9475109315382602,13.597975276488775,15.0,3.0,3.5,0.8,3.0540431251048172,10.994555250377342
7,340,12783,63,85.7726,-19.9899,228.6088,2.057,4.8054,0.0065,0.0215,0.079,-0.023,-0.0204,0.0094,-0.035,-0.0745,car,340,85.7726,-19.9899,0.0065,0.0215,-0.0204,0.0094,228.6088,0.0224610774452162,0.08085987880277833,0.0,0.0,0.0,0.0,0.0,0.0,1,07_318_340_12736_ego_340,1,12736,12736,12740,vehicle_vehicle,0.30965705168849317,1.8846091046445501,1.9475109315382602,13.597975276488775,15.0,3.0,3.5,0.8,3.0540431251048172,10.994555250377342
7,318,12784,782,80.1949,-28.8054,185.0983,2.2707,6.3697,-7.5005,-1.0041,0.0033,-2.9458,7.5601,-0.3336,0.2585,-2.9345,van,340,85.7728,-19.989,0.0087,0.0179,-0.0192,0.0053,228.6008,0.01990226117806718,0.07164814024104185,-5.5779,-8.816399999999998,-7.5092,-1.022,7.578427847515604,10.43273105998616,0,07_318_340_12736_ego_340,1,12736,12736,12740,vehicle_vehicle,0.30965705168849317,1.8846091046445501,1.9475109315382602,13.597975276488775,15.0,3.0,3.5,0.8,3.0540431251048172,10.994555250377342
7,321,12784,537,91.5405,-30.4148,151.5651,2.146,6.0019,-6.4266,3.0898,-0.544,-2.2009,7.1225,-0.3431,-0.5696,-2.1944,van,340,85.7728,-19.989,0.0087,0.0179,-0.0192,0.0053,228.6008,0.01990226117806718,0.07164814024104185,5.767699999999991,-10.425799999999999,-6.4353,3.0719,7.130894453012188,11.914850772460387,0,07_318_340_12736_ego_340,0,12736,12736,12740,vehicle_vehicle,0.30965705168849317,1.8846091046445501,1.9475109315382602,13.597975276488775,15.0,3.0,3.5,0.8,3.0540431251048172,10.994555250377342
7,339,12784,130,64.6947,-38.7489,248.0808,2.1052,4.9368,-3.1994,-8.515,2.7521,-1.1476,9.0938,-0.2105,0.0373,-2.9815,car,340,85.7728,-19.989,0.0087,0.0179,-0.0192,0.0053,228.6008,0.01990226117806718,0.07164814024104185,-21.078100000000006,-18.7599,-3.2081,-8.5329,9.11604563503277,28.217373152368385,0,07_318_340_12736_ego_340,0,12736,12736,12740,vehicle_vehicle,0.30965705168849317,1.8846091046445501,1.9475109315382602,13.597975276488775,15.0,3.0,3.5,0.8,3.0540431251048172,10.994555250377342
7,340,12784,64,85.7728,-19.989,228.6008,2.057,4.8054,0.0087,0.0179,0.0425,-0.062,-0.0192,0.0053,0.0184,-0.0729,car,340,85.7728,-19.989,0.0087,0.0179,-0.0192,0.0053,228.6008,0.01990226117806718,0.07164814024104185,0.0,0.0,0.0,0.0,0.0,0.0,1,07_318_340_12736_ego_340,1,12736,12736,12740,vehicle_vehicle,0.30965705168849317,1.8846091046445501,1.9475109315382602,13.597975276488775,15.0,3.0,3.5,0.8,3.0540431251048172,10.994555250377342
7,318,12785,783,79.8946,-28.8481,186.0079,2.2707,6.3697,-7.4994,-1.122,0.0709,-2.9408,7.5757,-0.3309,0.2373,-2.932,van,340,85.773,-19.9882,0.0096,0.0127,-0.0159,0.0012,228.5958,0.015920113064925134,0.057312407033730486,-5.878399999999999,-8.8599,-7.5089999999999995,-1.1347,7.594249475096271,10.632657925937426,0,07_318_340_12736_ego_340,1,12736,12736,12740,vehicle_vehicle,0.30965705168849317,1.8846091046445501,1.9475109315382602,13.597975276488775,15.0,3.0,3.5,0.8,3.0540431251048172,10.994555250377342
7,321,12785,538,91.2837,-30.2936,152.2375,2.146,6.0019,-6.4459,3.0022,-0.5416,-2.1842,7.1024,-0.3459,-0.5382,-2.185,van,340,85.773,-19.9882,0.0096,0.0127,-0.0159,0.0012,228.5958,0.015920113064925134,0.057312407033730486,5.5107,-10.305400000000002,-6.4555,2.9895,7.11411206687103,11.686277578852902,0,07_318_340_12736_ego_340,0,12736,12736,12740,vehicle_vehicle,0.30965705168849317,1.8846091046445501,1.9475109315382602,13.597975276488775,15.0,3.0,3.5,0.8,3.0540431251048172,10.994555250377342
7,339,12785,131,64.5682,-39.0908,248.8186,2.1052,4.9368,-3.0911,-8.5591,2.7694,-1.1,9.0978,-0.2104,0.025,-2.9798,car,340,85.773,-19.9882,0.0096,0.0127,-0.0159,0.0012,228.5958,0.015920113064925134,0.057312407033730486,-21.20479999999999,-19.102600000000002,-3.1007,-8.571800000000001,9.115376883596204,28.54037262896194,0,07_318_340_12736_ego_340,0,12736,12736,12740,vehicle_vehicle,0.30965705168849317,1.8846091046445501,1.9475109315382602,13.597975276488775,15.0,3.0,3.5,0.8,3.0540431251048172,10.994555250377342
7,340,12785,65,85.773,-19.9882,228.5958,2.057,4.8054,0.0096,0.0127,0.0069,-0.0983,-0.0159,0.0012,0.0692,-0.0701,car,340,85.773,-19.9882,0.0096,0.0127,-0.0159,0.0012,228.5958,0.015920113064925134,0.057312407033730486,0.0,0.0,0.0,0.0,0.0,0.0,1,07_318_340_12736_ego_340,1,12736,12736,12740,vehicle_vehicle,0.30965705168849317,1.8846091046445501,1.9475109315382602,13.597975276488775,15.0,3.0,3.5,0.8,3.0540431251048172,10.994555250377342
7,318,12786,784,79.5949,-28.8958,186.9228,2.2707,6.3697,-7.4957,-1.2394,0.1376,-2.9358,7.5904,-0.3269,0.2173,-2.9309,van,340,85.7735,-19.9878,0.0091,0.0061,-0.0106,-0.0028,228.5915,0.010955363982999379,0.039439310338797766,-6.178600000000003,-8.908000000000001,-7.5048,-1.2455,7.607449854583335,10.841012958206445,0,07_318_340_12736_ego_340,1,12736,12736,12740,vehicle_vehicle,0.30965705168849317,1.8846091046445501,1.9475109315382602,13.597975276488775,15.0,3.0,3.5,0.8,3.0540431251048172,10.994555250377342
7,321,12786,539,91.0264,-30.1763,152.9164,2.146,6.0019,-6.4655,2.9158,-0.5415,-2.1682,7.0841,-0.3477,-0.5051,-2.177,van,340,85.7735,-19.9878,0.0091,0.0061,-0.0106,-0.0028,228.5915,0.010955363982999379,0.039439310338797766,5.252899999999997,-10.188500000000001,-6.4746,2.9097,7.098365956331076,11.462918069148012,0,07_318_340_12736_ego_340,0,12736,12736,12740,vehicle_vehicle,0.30965705168849317,1.8846091046445501,1.9475109315382602,13.597975276488775,15.0,3.0,3.5,0.8,3.0540431251048172,10.994555250377342
7,339,12786,132,64.4458,-39.4342,249.5497,2.1052,4.9368,-2.9817,-8.6013,2.7883,-1.0541,9.101,-0.2115,0.0135,-2.9809,car,340,85.7735,-19.9878,0.0091,0.0061,-0.0106,-0.0028,228.5915,0.010955363982999379,0.039439310338797766,-21.327699999999993,-19.446399999999997,-2.9908,-8.6074,9.11220167687261,28.862315573252253,0,07_318_340_12736_ego_340,0,12736,12736,12740,vehicle_vehicle,0.30965705168849317,1.8846091046445501,1.9475109315382602,13.597975276488775,15.0,3.0,3.5,0.8,3.0540431251048172,10.994555250377342
7,340,12786,66,85.7735,-19.9878,228.5915,2.057,4.8054,0.0091,0.0061,-0.028,-0.1319,-0.0106,-0.0028,0.1174,-0.0662,car,340,85.7735,-19.9878,0.0091,0.0061,-0.0106,-0.0028,228.5915,0.010955363982999379,0.039439310338797766,0.0,0.0,0.0,0.0,0.0,0.0,1,07_318_340_12736_ego_340,1,12736,12736,12740,vehicle_vehicle,0.30965705168849317,1.8846091046445501,1.9475109315382602,13.597975276488775,15.0,3.0,3.5,0.8,3.0540431251048172,10.994555250377342
7,318,12787,785,79.2953,-28.9473,187.8386,2.2707,6.3697,-7.4893,-1.3568,0.2034,-2.9309,7.6044,-0.3227,0.1982,-2.9312,van,340,85.7738,-19.9876,0.0071,-0.0019,-0.0033,-0.0066,228.5868,0.007349829930005184,0.026459387748018665,-6.478499999999997,-8.959699999999998,-7.4964,-1.3549,7.617858424124198,11.056544954912448,0,07_318_340_12736_ego_340,1,12736,12736,12740,vehicle_vehicle,0.30965705168849317,1.8846091046445501,1.9475109315382602,13.597975276488775,15.0,3.0,3.5,0.8,3.0540431251048172,10.994555250377342
7,321,12787,540,90.7683,-30.0613,153.5949,2.146,6.0019,-6.4855,2.8299,-0.5432,-2.1531,7.0674,-0.3496,-0.471,-2.17,van,340,85.7738,-19.9876,0.0071,-0.0019,-0.0033,-0.0066,228.5868,0.007349829930005184,0.026459387748018665,4.994500000000002,-10.073699999999999,-6.4926,2.8318,7.083286384158133,11.243863301374665,0,07_318_340_12736_ego_340,0,12736,12736,12740,vehicle_vehicle,0.30965705168849317,1.8846091046445501,1.9475109315382602,13.597975276488775,15.0,3.0,3.5,0.8,3.0540431251048172,10.994555250377342
7,339,12787,133,64.3277,-39.7791,250.2824,2.1052,4.9368,-2.871,-8.6416,2.8084,-1.0102,9.1035,-0.2128,0.0035,-2.9845,car,340,85.7738,-19.9876,0.0071,-0.0019,-0.0033,-0.0066,228.5868,0.007349829930005184,0.026459387748018665,-21.4461,-19.7915,-2.8781,-8.639700000000001,9.106474383645956,29.182849029181508,0,07_318_340_12736_ego_340,0,12736,12736,12740,vehicle_vehicle,0.30965705168849317,1.8846091046445501,1.9475109315382602,13.597975276488775,15.0,3.0,3.5,0.8,3.0540431251048172,10.994555250377342
7,340,12787,67,85.7738,-19.9876,228.5868,2.057,4.8054,0.0071,-0.0019,-0.062,-0.1627,-0.0033,-0.0066,0.1631,-0.0612,car,340,85.7738,-19.9876,0.0071,-0.0019,-0.0033,-0.0066,228.5868,0.007349829930005184,0.026459387748018665,0.0,0.0,0.0,0.0,0.0,0.0,1,07_318_340_12736_ego_340,1,12736,12736,12740,vehicle_vehicle,0.30965705168849317,1.8846091046445501,1.9475109315382602,13.597975276488775,15.0,3.0,3.5,0.8,3.0540431251048172,10.994555250377342
7,318,12788,786,78.9963,-29.0036,188.7604,2.2707,6.3697,-7.4805,-1.4742,0.2684,-2.9259,7.6177,-0.3177,0.1803,-2.9327,van,340,85.7741,-19.9877,0.0038,-0.0112,0.0059,-0.0102,228.5862,0.011827087553578015,0.04257751519288085,-6.777799999999999,-9.015899999999998,-7.4843,-1.4629999999999999,7.625950136868192,11.279407149757471,0,07_318_340_12736_ego_340,1,12736,12736,12740,vehicle_vehicle,0.30965705168849317,1.8846091046445501,1.9475109315382602,13.597975276488775,15.0,3.0,3.5,0.8,3.0540431251048172,10.994555250377342
7,321,12788,541,90.5098,-29.9505,154.2842,2.146,6.0019,-6.5061,2.7449,-0.5463,-2.1389,7.0527,-0.35,-0.4358,-2.1641,van,340,85.7741,-19.9877,0.0038,-0.0112,0.0059,-0.0102,228.5862,0.011827087553578015,0.04257751519288085,4.735699999999994,-9.962800000000001,-6.5099,2.7561,7.069291705680279,11.031057897137517,0,07_318_340_12736_ego_340,0,12736,12736,12740,vehicle_vehicle,0.30965705168849317,1.8846091046445501,1.9475109315382602,13.597975276488775,15.0,3.0,3.5,0.8,3.0540431251048172,10.994555250377342
7,339,12788,134,64.2138,-40.1256,251.024,2.1052,4.9368,-2.7591,-8.6801,2.8291,-0.9681,9.1056,-0.2133,-0.0045,-2.9901,car,340,85.7741,-19.9877,0.0038,-0.0112,0.0059,-0.0102,228.5862,0.011827087553578015,0.04257751519288085,-21.560299999999998,-20.1379,-2.7629,-8.668899999999999,9.098540741239772,29.502229619132173,0,07_318_340_12736_ego_340,0,12736,12736,12740,vehicle_vehicle,0.30965705168849317,1.8846091046445501,1.9475109315382602,13.597975276488775,15.0,3.0,3.5,0.8,3.0540431251048172,10.994555250377342
7,340,12788,68,85.7741,-19.9877,228.5862,2.057,4.8054,0.0038,-0.0112,-0.0951,-0.1909,0.0059,-0.0102,0.2061,-0.0549,car,340,85.7741,-19.9877,0.0038,-0.0112,0.0059,-0.0102,228.5862,0.011827087553578015,0.04257751519288085,0.0,0.0,0.0,0.0,0.0,0.0,1,07_318_340_12736_ego_340,1,12736,12736,12740,vehicle_vehicle,0.30965705168849317,1.8846091046445501,1.9475109315382602,13.597975276488775,15.0,3.0,3.5,0.8,3.0540431251048172,10.994555250377342
7,318,12789,787,78.6976,-29.0647,189.688,2.2707,6.3697,-7.4692,-1.5915,0.3328,-2.9208,7.6305,-0.3118,0.1635,-2.9351,van,340,85.7748,-19.9881,-0.0011,-0.0217,0.017,-0.0135,228.5894,0.021727862297059967,0.07822030426941588,-7.077200000000005,-9.0766,-7.4681,-1.5697999999999999,7.631303273360324,11.509623251870586,0,07_318_340_12736_ego_340,1,12736,12736,12740,vehicle_vehicle,0.30965705168849317,1.8846091046445501,1.9475109315382602,13.597975276488775,15.0,3.0,3.5,0.8,3.0540431251048172,10.994555250377342
7,321,12789,542,90.2505,-29.8433,154.9841,2.146,6.0019,-6.5273,2.6608,-0.5504,-2.126,7.0402,-0.3491,-0.4003,-2.1593,van,340,85.7748,-19.9881,-0.0011,-0.0217,0.017,-0.0135,228.5894,0.021727862297059967,0.07822030426941588,4.475700000000003,-9.8552,-6.5262,2.6825,7.055996930980059,10.823902139709137,0,07_318_340_12736_ego_340,0,12736,12736,12740,vehicle_vehicle,0.30965705168849317,1.8846091046445501,1.9475109315382602,13.597975276488775,15.0,3.0,3.5,0.8,3.0540431251048172,10.994555250377342
7,339,12789,135,64.1033,-40.4732,251.7632,2.1052,4.9368,-2.6454,-8.7171,2.8497,-0.9278,9.1071,-0.2154,-0.0106,-2.997,car,340,85.7748,-19.9881,-0.0011,-0.0217,0.017,-0.0135,228.5894,0.021727862297059967,0.07822030426941588,-21.671499999999995,-20.4851,-2.6443,-8.695400000000001,9.088580948090852,29.8210200070353,0,07_318_340_12736_ego_340,0,12736,12736,12740,vehicle_vehicle,0.30965705168849317,1.8846091046445501,1.9475109315382602,13.597975276488775,15.0,3.0,3.5,0.8,3.0540431251048172,10.994555250377342
7,340,12789,69,85.7748,-19.9881,228.5894,2.057,4.8054,-0.0011,-0.0217,-0.1273,-0.2162,0.017,-0.0135,0.2463,-0.0475,car,340,85.7748,-19.9881,-0.0011,-0.0217,0.017,-0.0135,228.5894,0.021727862297059967,0.07822030426941588,0.0,0.0,0.0,0.0,0.0,0.0,1,07_318_340_12736_ego_340,1,12736,12736,12740,vehicle_vehicle,0.30965705168849317,1.8846091046445501,1.9475109315382602,13.597975276488775,15.0,3.0,3.5,0.8,3.0540431251048172,10.994555250377342
7,318,12790,788,78.3992,-29.1305,190.6158,2.2707,6.3697,-7.4553,-1.7086,0.3966,-2.9154,7.6425,-0.3059,0.1472,-2.9386,van,340,85.7753,-19.989,-0.0076,-0.0332,0.03,-0.0163,228.5891,0.0340587727318528,0.1226115818346701,-7.376100000000008,-9.1415,-7.4477,-1.6754,7.633819519087414,11.746228052443053,0,07_318_340_12736_ego_340,1,12736,12736,12740,vehicle_vehicle,0.30965705168849317,1.8846091046445501,1.9475109315382602,13.597975276488775,15.0,3.0,3.5,0.8,3.0540431251048172,10.994555250377342
7,321,12790,543,89.9895,-29.7392,155.687,2.146,6.0019,-6.549,2.5774,-0.5549,-2.1147,7.0293,-0.3475,-0.365,-2.1556,van,340,85.7753,-19.989,-0.0076,-0.0332,0.03,-0.0163,228.5891,0.0340587727318528,0.1226115818346701,4.214200000000005,-9.7502,-6.5414,2.6106,7.043092099355226,10.62195281857343,0,07_318_340_12736_ego_340,0,12736,12736,12740,vehicle_vehicle,0.30965705168849317,1.8846091046445501,1.9475109315382602,13.597975276488775,15.0,3.0,3.5,0.8,3.0540431251048172,10.994555250377342
7,339,12790,136,63.9982,-40.8223,252.5062,2.1052,4.9368,-2.5302,-8.7525,2.8695,-0.8893,9.1083,-0.2179,-0.0144,-3.0041,car,340,85.7753,-19.989,-0.0076,-0.0332,0.03,-0.0163,228.5891,0.0340587727318528,0.1226115818346701,-21.777100000000004,-20.833299999999998,-2.5225999999999997,-8.719299999999999,9.07687739533811,30.13749281708749,0,07_318_340_12736_ego_340,0,12736,12736,12740,vehicle_vehicle,0.30965705168849317,1.8846091046445501,1.9475109315382602,13.597975276488775,15.0,3.0,3.5,0.8,3.0540431251048172,10.994555250377342
7,340,12790,70,85.7753,-19.989,228.5891,2.057,4.8054,-0.0076,-0.0332,-0.1582,-0.2386,0.03,-0.0163,0.2836,-0.0392,car,340,85.7753,-19.989,-0.0076,-0.0332,0.03,-0.0163,228.5891,0.0340587727318528,0.1226115818346701,0.0,0.0,0.0,0.0,0.0,0.0,1,07_318_340_12736_ego_340,1,12736,12736,12740,vehicle_vehicle,0.30965705168849317,1.8846091046445501,1.9475109315382602,13.597975276488775,15.0,3.0,3.5,0.8,3.0540431251048172,10.994555250377342
7,318,12791,789,78.1014,-29.2013,191.5558,2.2707,6.3697,-7.439,-1.8255,0.46,-2.9097,7.6539,-0.2983,0.1322,-2.9429,van,340,85.7755,-19.9902,-0.0156,-0.0458,0.0446,-0.0186,228.5918,0.04838388161361178,0.1741819738090024,-7.674099999999996,-9.211099999999998,-7.4234,-1.7796999999999998,7.63375396839589,11.989002211193386,0,07_318_340_12736_ego_340,1,12736,12736,12740,vehicle_vehicle,0.30965705168849317,1.8846091046445501,1.9475109315382602,13.597975276488775,15.0,3.0,3.5,0.8,3.0540431251048172,10.994555250377342
7,321,12791,544,89.7278,-29.6387,156.3947,2.146,6.0019,-6.5711,2.4949,-0.5597,-2.1053,7.0203,-0.3451,-0.3302,-2.1532,van,340,85.7755,-19.9902,-0.0156,-0.0458,0.0446,-0.0186,228.5918,0.04838388161361178,0.1741819738090024,3.952300000000008,-9.648499999999999,-6.5555,2.5406999999999997,7.030628474041279,10.42661150805956,0,07_318_340_12736_ego_340,0,12736,12736,12740,vehicle_vehicle,0.30965705168849317,1.8846091046445501,1.9475109315382602,13.597975276488775,15.0,3.0,3.5,0.8,3.0540431251048172,10.994555250377342
7,339,12791,137,63.8978,-41.173,253.2514,2.1052,4.9368,-2.4136,-8.7865,2.8878,-0.8523,9.1094,-0.2208,-0.016,-3.0109,car,340,85.7755,-19.9902,-0.0156,-0.0458,0.0446,-0.0186,228.5918,0.04838388161361178,0.1741819738090024,-21.877699999999997,-21.1828,-2.398,-8.7407,9.063676985087234,30.452336086579628,0,07_318_340_12736_ego_340,0,12736,12736,12740,vehicle_vehicle,0.30965705168849317,1.8846091046445501,1.9475109315382602,13.597975276488775,15.0,3.0,3.5,0.8,3.0540431251048172,10.994555250377342
7,340,12791,71,85.7755,-19.9902,228.5918,2.057,4.8054,-0.0156,-0.0458,-0.1877,-0.2581,0.0446,-0.0186,0.3177,-0.0299,car,340,85.7755,-19.9902,-0.0156,-0.0458,0.0446,-0.0186,228.5918,0.04838388161361178,0.1741819738090024,0.0,0.0,0.0,0.0,0.0,0.0,1,07_318_340_12736_ego_340,1,12736,12736,12740,vehicle_vehicle,0.30965705168849317,1.8846091046445501,1.9475109315382602,13.597975276488775,15.0,3.0,3.5,0.8,3.0540431251048172,10.994555250377342
7,318,12792,790,77.8042,-29.2768,192.5021,2.2707,6.3697,-7.4201,-1.942,0.5228,-2.9039,7.6646,-0.2897,0.1182,-2.9482,van,340,85.7755,-19.9921,-0.025,-0.0592,0.0609,-0.0204,228.5929,0.06426227509200091,0.2313441903312033,-7.971299999999999,-9.2847,-7.395099999999999,-1.8828,7.631018270846951,12.237127023121072,0,07_318_340_12736_ego_340,1,12736,12736,12740,vehicle_vehicle,0.30965705168849317,1.8846091046445501,1.9475109315382602,13.597975276488775,15.0,3.0,3.5,0.8,3.0540431251048172,10.994555250377342
7,321,12792,545,89.4648,-29.542,157.1087,2.146,6.0019,-6.5935,2.4133,-0.5645,-2.0982,7.0129,-0.3415,-0.2962,-2.1526,van,340,85.7755,-19.9921,-0.025,-0.0592,0.0609,-0.0204,228.5929,0.06426227509200091,0.2313441903312033,3.689300000000003,-9.549900000000001,-6.568499999999999,2.4725,7.018436328698864,10.237749972528144,0,07_318_340_12736_ego_340,0,12736,12736,12740,vehicle_vehicle,0.30965705168849317,1.8846091046445501,1.9475109315382602,13.597975276488775,15.0,3.0,3.5,0.8,3.0540431251048172,10.994555250377342
7,339,12792,138,63.802,-41.5249,253.9845,2.1052,4.9368,-2.2957,-8.8192,2.9039,-0.8169,9.1103,-0.2266,-0.016,-3.0166,car,340,85.7755,-19.9921,-0.025,-0.0592,0.0609,-0.0204,228.5929,0.06426227509200091,0.2313441903312033,-21.973499999999994,-21.5328,-2.2707,-8.76,9.049512610632686,30.76517801167417,0,07_318_340_12736_ego_340,0,12736,12736,12740,vehicle_vehicle,0.30965705168849317,1.8846091046445501,1.9475109315382602,13.597975276488775,15.0,3.0,3.5,0.8,3.0540431251048172,10.994555250377342
7,340,12792,72,85.7755,-19.9921,228.5929,2.057,4.8054,-0.025,-0.0592,-0.2153,-0.2745,0.0609,-0.0204,0.3483,-0.02,car,340,85.7755,-19.9921,-0.025,-0.0592,0.0609,-0.0204,228.5929,0.06426227509200091,0.2313441903312033,0.0,0.0,0.0,0.0,0.0,0.0,1,07_318_340_12736_ego_340,1,12736,12736,12740,vehicle_vehicle,0.30965705168849317,1.8846091046445501,1.9475109315382602,13.597975276488775,15.0,3.0,3.5,0.8,3.0540431251048172,10.994555250377342
7,318,12793,791,77.5082,-29.3566,193.4482,2.2707,6.3697,-7.3989,-2.0584,0.5853,-2.8978,7.6747,-0.2813,0.1047,-2.9545,van,340,85.7751,-19.9945,-0.0358,-0.0733,0.0787,-0.0216,228.595,0.08157530263505003,0.2936710894861801,-8.266899999999993,-9.362100000000002,-7.3631,-1.9850999999999999,7.62599918830313,12.489617769171318,0,07_318_340_12736_ego_340,1,12736,12736,12740,vehicle_vehicle,0.30965705168849317,1.8846091046445501,1.9475109315382602,13.597975276488775,15.0,3.0,3.5,0.8,3.0540431251048172,10.994555250377342
7,321,12793,546,89.2013,-29.4482,157.8277,2.146,6.0019,-6.6163,2.3325,-0.5691,-2.094,7.0073,-0.337,-0.2632,-2.154,van,340,85.7751,-19.9945,-0.0358,-0.0733,0.0787,-0.0216,228.595,0.08157530263505003,0.2936710894861801,3.4262000000000086,-9.453700000000001,-6.5805,2.4058,7.006486558183067,10.055410987622539,0,07_318_340_12736_ego_340,0,12736,12736,12740,vehicle_vehicle,0.30965705168849317,1.8846091046445501,1.9475109315382602,13.597975276488775,15.0,3.0,3.5,0.8,3.0540431251048172,10.994555250377342
7,339,12793,139,63.7112,-41.8784,254.7151,2.1052,4.9368,-2.1767,-8.8504,2.9174,-0.7829,9.1111,-0.2335,-0.0139,-3.0206,car,340,85.7751,-19.9945,-0.0358,-0.0733,0.0787,-0.0216,228.595,0.08157530263505003,0.2936710894861801,-22.063899999999997,-21.8839,-2.1409,-8.7771,9.03443065278604,31.07604805022672,0,07_318_340_12736_ego_340,0,12736,12736,12740,vehicle_vehicle,0.30965705168849317,1.8846091046445501,1.9475109315382602,13.597975276488775,15.0,3.0,3.5,0.8,3.0540431251048172,10.994555250377342
7,340,12793,73,85.7751,-19.9945,228.595,2.057,4.8054,-0.0358,-0.0733,-0.2409,-0.2878,0.0787,-0.0216,0.3752,-0.0096,car,340,85.7751,-19.9945,-0.0358,-0.0733,0.0787,-0.0216,228.595,0.08157530263505003,0.2936710894861801,0.0,0.0,0.0,0.0,0.0,0.0,1,07_318_340_12736_ego_340,1,12736,12736,12740,vehicle_vehicle,0.30965705168849317,1.8846091046445501,1.9475109315382602,13.597975276488775,15.0,3.0,3.5,0.8,3.0540431251048172,10.994555250377342
7,318,12794,792,77.2135,-29.4409,194.3942,2.2707,6.3697,-7.3754,-2.1747,0.6476,-2.8914,7.6845,-0.273,0.0915,-2.9616,van,340,85.7746,-19.9977,-0.0482,-0.088,0.0979,-0.0221,228.5983,0.10033563673989415,0.36120829226361895,-8.56110000000001,-9.443200000000001,-7.3272,-2.0867,7.618541640629131,12.746233147483228,0,07_318_340_12736_ego_340,1,12736,12736,12740,vehicle_vehicle,0.30965705168849317,1.8846091046445501,1.9475109315382602,13.597975276488775,15.0,3.0,3.5,0.8,3.0540431251048172,10.994555250377342
7,321,12794,547,88.9374,-29.3572,158.5444,2.146,6.0019,-6.6399,2.252,-0.5733,-2.093,7.0035,-0.3328,-0.232,-2.1577,van,340,85.7746,-19.9977,-0.0482,-0.088,0.0979,-0.0221,228.5983,0.10033563673989415,0.36120829226361895,3.16279999999999,-9.3595,-6.5917,2.34,6.9947200723116865,9.87945059656659,0,07_318_340_12736_ego_340,0,12736,12736,12740,vehicle_vehicle,0.30965705168849317,1.8846091046445501,1.9475109315382602,13.597975276488775,15.0,3.0,3.5,0.8,3.0540431251048172,10.994555250377342
7,339,12794,140,63.625,-42.2329,255.4604,2.1052,4.9368,-2.0564,-8.8802,2.9277,-0.7504,9.1121,-0.2388,-0.0087,-3.0224,car,340,85.7746,-19.9977,-0.0482,-0.088,0.0979,-0.0221,228.5983,0.10033563673989415,0.36120829226361895,-22.149600000000007,-22.235200000000003,-2.0082,-8.792200000000001,9.018627837980677,31.384851428674956,0,07_318_340_12736_ego_340,0,12736,12736,12740,vehicle_vehicle,0.30965705168849317,1.8846091046445501,1.9475109315382602,13.597975276488775,15.0,3.0,3.5,0.8,3.0540431251048172,10.994555250377342
7,340,12794,74,85.7746,-19.9977,228.5983,2.057,4.8054,-0.0482,-0.088,-0.264,-0.2979,0.0979,-0.0221,0.3981,0.001,car,340,85.7746,-19.9977,-0.0482,-0.088,0.0979,-0.0221,228.5983,0.10033563673989415,0.36120829226361895,0.0,0.0,0.0,0.0,0.0,0.0,1,07_318_340_12736_ego_340,1,12736,12736,12740,vehicle_vehicle,0.30965705168849317,1.8846091046445501,1.9475109315382602,13.597975276488775,15.0,3.0,3.5,0.8,3.0540431251048172,10.994555250377342
7,318,12795,793,76.9199,-29.5299,195.3368,2.2707,6.3697,-7.3499,-2.2909,0.71,-2.8845,7.6941,-0.2653,0.0782,-2.9696,van,340,85.7741,-20.0018,-0.062,-0.1029,0.1182,-0.0215,228.6151,0.12013496576767316,0.4324858767636234,-8.854200000000006,-9.528100000000002,-7.2879,-2.188,7.609259517850603,13.006980712294462,0,07_318_340_12736_ego_340,1,12736,12736,12740,vehicle_vehicle,0.30965705168849317,1.8846091046445501,1.9475109315382602,13.597975276488775,15.0,3.0,3.5,0.8,3.0540431251048172,10.994555250377342
7,321,12795,548,88.6731,-29.2691,159.2648,2.146,6.0019,-6.6643,2.1717,-0.5763,-2.0953,7.0015,-0.3284,-0.2029,-2.1636,van,340,85.7741,-20.0018,-0.062,-0.1029,0.1182,-0.0215,228.6151,0.12013496576767316,0.4324858767636234,2.899000000000001,-9.267300000000002,-6.6023,2.2746,6.983134715154792,9.710151918996944,0,07_318_340_12736_ego_340,0,12736,12736,12740,vehicle_vehicle,0.30965705168849317,1.8846091046445501,1.9475109315382602,13.597975276488775,15.0,3.0,3.5,0.8,3.0540431251048172,10.994555250377342
7,339,12795,141,63.543,-42.5887,256.2217,2.1052,4.9368,-1.935,-8.9088,2.9341,-0.7193,9.1133,-0.2425,-0.0002,-3.021,car,340,85.7741,-20.0018,-0.062,-0.1029,0.1182,-0.0215,228.6151,0.12013496576767316,0.4324858767636234,-22.231100000000005,-22.586900000000004,-1.873,-8.8059,9.002888636987574,31.69211035604919,0,07_318_340_12736_ego_340,0,12736,12736,12740,vehicle_vehicle,0.30965705168849317,1.8846091046445501,1.9475109315382602,13.597975276488775,15.0,3.0,3.5,0.8,3.0540431251048172,10.994555250377342
7,340,12795,75,85.7741,-20.0018,228.6151,2.057,4.8054,-0.062,-0.1029,-0.2842,-0.305,0.1182,-0.0215,0.4167,0.0116,car,340,85.7741,-20.0018,-0.062,-0.1029,0.1182,-0.0215,228.6151,0.12013496576767316,0.4324858767636234,0.0,0.0,0.0,0.0,0.0,0.0,1,07_318_340_12736_ego_340,1,12736,12736,12740,vehicle_vehicle,0.30965705168849317,1.8846091046445501,1.9475109315382602,13.597975276488775,15.0,3.0,3.5,0.8,3.0540431251048172,10.994555250377342
7,318,12796,794,76.6269,-29.6235,196.2817,2.2707,6.3697,-7.322,-2.407,0.7728,-2.8771,7.7032,-0.2576,0.0648,-2.9784,van,340,85.7732,-20.0068,-0.0775,-0.1179,0.1397,-0.0198,228.621,0.1410909635660626,0.5079274688378254,-9.146299999999997,-9.616700000000002,-7.2445,-2.2891,7.597549543109278,13.271613412844724,0,07_318_340_12736_ego_340,1,12736,12736,12740,vehicle_vehicle,0.30965705168849317,1.8846091046445501,1.9475109315382602,13.597975276488775,15.0,3.0,3.5,0.8,3.0540431251048172,10.994555250377342
7,321,12796,549,88.4075,-29.1832,159.9907,2.146,6.0019,-6.6894,2.0911,-0.5775,-2.101,7.0011,-0.3241,-0.1762,-2.1718,van,340,85.7732,-20.0068,-0.0775,-0.1179,0.1397,-0.0198,228.621,0.1410909635660626,0.5079274688378254,2.634299999999996,-9.176400000000001,-6.6119,2.209,6.97114786889505,9.547033751380583,0,07_318_340_12736_ego_340,0,12736,12736,12740,vehicle_vehicle,0.30965705168849317,1.8846091046445501,1.9475109315382602,13.597975276488775,15.0,3.0,3.5,0.8,3.0540431251048172,10.994555250377342
7,339,12796,142,63.4671,-42.9458,256.9959,2.1052,4.9368,-1.813,-8.9361,2.936,-0.6897,9.1149,-0.2443,0.0113,-3.0159,car,340,85.7732,-20.0068,-0.0775,-0.1179,0.1397,-0.0198,228.621,0.1410909635660626,0.5079274688378254,-22.3061,-22.939,-1.7355,-8.8182,8.987358426701363,31.996246939445882,0,07_318_340_12736_ego_340,0,12736,12736,12740,vehicle_vehicle,0.30965705168849317,1.8846091046445501,1.9475109315382602,13.597975276488775,15.0,3.0,3.5,0.8,3.0540431251048172,10.994555250377342
7,340,12796,76,85.7732,-20.0068,228.621,2.057,4.8054,-0.0775,-0.1179,-0.3006,-0.3091,0.1397,-0.0198,0.4307,0.0212,car,340,85.7732,-20.0068,-0.0775,-0.1179,0.1397,-0.0198,228.621,0.1410909635660626,0.5079274688378254,0.0,0.0,0.0,0.0,0.0,0.0,1,07_318_340_12736_ego_340,1,12736,12736,12740,vehicle_vehicle,0.30965705168849317,1.8846091046445501,1.9475109315382602,13.597975276488775,15.0,3.0,3.5,0.8,3.0540431251048172,10.994555250377342
7,318,12797,795,76.3349,-29.7214,197.2217,2.2707,6.3697,-7.2917,-2.523,0.8363,-2.8688,7.7118,-0.251,0.0506,-2.9878,van,340,85.77,-20.0116,-0.0936,-0.1331,0.1617,-0.0177,228.6198,0.16271622537411565,0.5857784113468163,-9.435099999999991,-9.709799999999998,-7.198099999999999,-2.3899,7.584475302880219,13.538882082727502,0,07_318_340_12736_ego_340,1,12736,12736,12740,vehicle_vehicle,0.30965705168849317,1.8846091046445501,1.9475109315382602,13.597975276488775,15.0,3.0,3.5,0.8,3.0540431251048172,10.994555250377342
7,321,12797,550,88.1406,-29.1005,160.7179,2.146,6.0019,-6.715,2.0099,-0.5765,-2.1096,7.002,-0.3203,-0.1525,-2.1816,van,340,85.77,-20.0116,-0.0936,-0.1331,0.1617,-0.0177,228.6198,0.16271622537411565,0.5857784113468163,2.3706000000000103,-9.088899999999999,-6.6213999999999995,2.143,6.959553646606943,9.392967985147187,0,07_318_340_12736_ego_340,0,12736,12736,12740,vehicle_vehicle,0.30965705168849317,1.8846091046445501,1.9475109315382602,13.597975276488775,15.0,3.0,3.5,0.8,3.0540431251048172,10.994555250377342
7,339,12797,143,63.3967,-43.3036,257.7804,2.1052,4.9368,-1.6908,-8.9622,2.9331,-0.6616,9.117,-0.2445,0.0257,-3.0067,car,340,85.77,-20.0116,-0.0936,-0.1331,0.1617,-0.0177,228.6198,0.16271622537411565,0.5857784113468163,-22.373299999999993,-23.292,-1.5972000000000002,-8.829099999999999,8.972405176428445,32.29677719045663,0,07_318_340_12736_ego_340,0,12736,12736,12740,vehicle_vehicle,0.30965705168849317,1.8846091046445501,1.9475109315382602,13.597975276488775,15.0,3.0,3.5,0.8,3.0540431251048172,10.994555250377342
7,340,12797,77,85.77,-20.0116,228.6198,2.057,4.8054,-0.0936,-0.1331,-0.3129,-0.3105,0.1617,-0.0177,0.4399,0.0295,car,340,85.77,-20.0116,-0.0936,-0.1331,0.1617,-0.0177,228.6198,0.16271622537411565,0.5857784113468163,0.0,0.0,0.0,0.0,0.0,0.0,1,07_318_340_12736_ego_340,1,12736,12736,12740,vehicle_vehicle,0.30965705168849317,1.8846091046445501,1.9475109315382602,13.597975276488775,15.0,3.0,3.5,0.8,3.0540431251048172,10.994555250377342
7,318,12798,796,76.0444,-29.8242,198.1554,2.2707,6.3697,-7.2591,-2.6388,0.9004,-2.8596,7.7199,-0.2455,0.0355,-2.9978,van,340,85.7666,-20.0175,-0.1105,-0.1482,0.1842,-0.0151,228.6134,0.18486073136282893,0.6654986329061842,-9.7222,-9.806700000000003,-7.1486,-2.4905999999999997,7.57004427463935,13.809146886393819,0,07_318_340_12736_ego_340,1,12736,12736,12740,vehicle_vehicle,0.30965705168849317,1.8846091046445501,1.9475109315382602,13.597975276488775,15.0,3.0,3.5,0.8,3.0540431251048172,10.994555250377342
7,321,12798,551,87.8727,-29.0209,161.4401,2.146,6.0019,-6.741,1.928,-0.5727,-2.1209,7.0041,-0.3179,-0.1322,-2.1929,van,340,85.7666,-20.0175,-0.1105,-0.1482,0.1842,-0.0151,228.6134,0.18486073136282893,0.6654986329061842,2.106099999999998,-9.003400000000003,-6.6305,2.0762,6.947959174462671,9.246451685376398,0,07_318_340_12736_ego_340,0,12736,12736,12740,vehicle_vehicle,0.30965705168849317,1.8846091046445501,1.9475109315382602,13.597975276488775,15.0,3.0,3.5,0.8,3.0540431251048172,10.994555250377342
7,339,12798,144,63.3314,-43.6624,258.5785,2.1052,4.9368,-1.5686,-8.9873,2.9255,-0.6348,9.12,-0.2421,0.0429,-2.9933,car,340,85.7666,-20.0175,-0.1105,-0.1482,0.1842,-0.0151,228.6134,0.18486073136282893,0.6654986329061842,-22.435199999999995,-23.6449,-1.4581,-8.8391,8.958557050105782,32.594777113059074,0,07_318_340_12736_ego_340,0,12736,12736,12740,vehicle_vehicle,0.30965705168849317,1.8846091046445501,1.9475109315382602,13.597975276488775,15.0,3.0,3.5,0.8,3.0540431251048172,10.994555250377342
7,340,12798,78,85.7666,-20.0175,228.6134,2.057,4.8054,-0.1105,-0.1482,-0.321,-0.3091,0.1842,-0.0151,0.4442,0.0365,car,340,85.7666,-20.0175,-0.1105,-0.1482,0.1842,-0.0151,228.6134,0.18486073136282893,0.6654986329061842,0.0,0.0,0.0,0.0,0.0,0.0,1,07_318_340_12736_ego_340,1,12736,12736,12740,vehicle_vehicle,0.30965705168849317,1.8846091046445501,1.9475109315382602,13.597975276488775,15.0,3.0,3.5,0.8,3.0540431251048172,10.994555250377342
7,318,12799,797,75.7547,-29.9316,199.0934,2.2707,6.3697,-7.2239,-2.7545,0.9654,-2.8492,7.7275,-0.2399,0.0197,-3.0082,van,340,85.7627,-20.0243,-0.128,-0.163,0.2069,-0.0118,228.5967,0.20725105548585274,0.7461037997490698,-10.007999999999996,-9.9073,-7.0959,-2.5915000000000004,7.554314598956017,14.082423700840701,0,07_318_340_12736_ego_340,1,12736,12736,12740,vehicle_vehicle,0.30965705168849317,1.8846091046445501,1.9475109315382602,13.597975276488775,15.0,3.0,3.5,0.8,3.0540431251048172,10.994555250377342
7,321,12799,552,87.6031,-28.944,162.1605,2.146,6.0019,-6.7671,1.8451,-0.5659,-2.1345,7.007,-0.3167,-0.1152,-2.2052,van,340,85.7627,-20.0243,-0.128,-0.163,0.2069,-0.0118,228.5967,0.20725105548585274,0.7461037997490698,1.8404000000000025,-8.919699999999999,-6.6391,2.0080999999999998,6.936145501645709,9.107585862894732,0,07_318_340_12736_ego_340,0,12736,12736,12740,vehicle_vehicle,0.30965705168849317,1.8846091046445501,1.9475109315382602,13.597975276488775,15.0,3.0,3.5,0.8,3.0540431251048172,10.994555250377342
7,339,12799,145,63.2712,-44.0225,259.3825,2.1052,4.9368,-1.4469,-9.0114,2.9131,-0.6094,9.1237,-0.2382,0.0622,-2.9755,car,340,85.7627,-20.0243,-0.128,-0.163,0.2069,-0.0118,228.5967,0.20725105548585274,0.7461037997490698,-22.491499999999995,-23.9982,-1.3189000000000002,-8.8484,8.946154468261767,32.89044200812753,0,07_318_340_12736_ego_340,0,12736,12736,12740,vehicle_vehicle,0.30965705168849317,1.8846091046445501,1.9475109315382602,13.597975276488775,15.0,3.0,3.5,0.8,3.0540431251048172,10.994555250377342
7,340,12799,79,85.7627,-20.0243,228.5967,2.057,4.8054,-0.128,-0.163,-0.3246,-0.3052,0.2069,-0.0118,0.4436,0.0416,car,340,85.7627,-20.0243,-0.128,-0.163,0.2069,-0.0118,228.5967,0.20725105548585274,0.7461037997490698,0.0,0.0,0.0,0.0,0.0,0.0,1,07_318_340_12736_ego_340,1,12736,12736,12740,vehicle_vehicle,0.30965705168849317,1.8846091046445501,1.9475109315382602,13.597975276488775,15.0,3.0,3.5,0.8,3.0540431251048172,10.994555250377342
7,318,12800,798,75.4661,-30.044,200.0298,2.2707,6.3697,-7.1859,-2.8697,1.0311,-2.8375,7.7341,-0.2349,0.0032,-3.019,van,340,85.7575,-20.0308,-0.1457,-0.1777,0.2297,-0.0083,228.572,0.22979508262797965,0.8272622974607268,-10.291399999999996,-10.013200000000001,-7.0402000000000005,-2.6919999999999997,7.53732578836818,14.358867928914172,0,07_318_340_12736_ego_340,1,12736,12736,12740,vehicle_vehicle,0.30965705168849317,1.8846091046445501,1.9475109315382602,13.597975276488775,15.0,3.0,3.5,0.8,3.0540431251048172,10.994555250377342
7,321,12800,553,87.3323,-28.8708,162.8783,2.146,6.0019,-6.793,1.7612,-0.5558,-2.1497,7.0105,-0.3168,-0.1017,-2.218,van,340,85.7575,-20.0308,-0.1457,-0.1777,0.2297,-0.0083,228.572,0.22979508262797965,0.8272622974607268,1.5748000000000104,-8.84,-6.6473,1.9389,6.924300000722095,8.979175632539995,0,07_318_340_12736_ego_340,0,12736,12736,12740,vehicle_vehicle,0.30965705168849317,1.8846091046445501,1.9475109315382602,13.597975276488775,15.0,3.0,3.5,0.8,3.0540431251048172,10.994555250377342
7,339,12800,146,63.2153,-44.3832,260.1914,2.1052,4.9368,-1.3256,-9.0345,2.896,-0.5854,9.1282,-0.2329,0.0835,-2.9534,car,340,85.7575,-20.0308,-0.1457,-0.1777,0.2297,-0.0083,228.572,0.22979508262797965,0.8272622974607268,-22.542199999999994,-24.352400000000003,-1.1799,-8.8568,8.935047299818843,33.18418548947676,0,07_318_340_12736_ego_340,0,12736,12736,12740,vehicle_vehicle,0.30965705168849317,1.8846091046445501,1.9475109315382602,13.597975276488775,15.0,3.0,3.5,0.8,3.0540431251048172,10.994555250377342
7,340,12800,80,85.7575,-20.0308,228.572,2.057,4.8054,-0.1457,-0.1777,-0.3235,-0.2988,0.2297,-0.0083,0.4381,0.0448,car,340,85.7575,-20.0308,-0.1457,-0.1777,0.2297,-0.0083,228.572,0.22979508262797965,0.8272622974607268,0.0,0.0,0.0,0.0,0.0,0.0,1,07_318_340_12736_ego_340,1,12736,12736,12740,vehicle_vehicle,0.30965705168849317,1.8846091046445501,1.9475109315382602,13.597975276488775,15.0,3.0,3.5,0.8,3.0540431251048172,10.994555250377342
7,318,12801,799,75.1788,-30.1615,200.966,2.2707,6.3697,-7.145,-2.9843,1.0972,-2.8246,7.7398,-0.2302,-0.0139,-3.0302,van,340,85.7507,-20.0374,-0.1631,-0.1925,0.2523,-0.0052,228.5385,0.25230509309167737,0.9082983351300385,-10.5719,-10.124099999999999,-6.9818999999999996,-2.7918000000000003,7.519379951166186,14.637707143538565,0,07_318_340_12736_ego_340,1,12736,12736,12740,vehicle_vehicle,0.30965705168849317,1.8846091046445501,1.9475109315382602,13.597975276488775,15.0,3.0,3.5,0.8,3.0540431251048172,10.994555250377342
7,321,12801,554,87.0602,-28.8011,163.5926,2.146,6.0019,-6.8186,1.6762,-0.5424,-2.1662,7.0144,-0.318,-0.0916,-2.2311,van,340,85.7507,-20.0374,-0.1631,-0.1925,0.2523,-0.0052,228.5385,0.25230509309167737,0.9082983351300385,1.3094999999999999,-8.7637,-6.6555,1.8687,6.912866260821194,8.860994748898117,0,07_318_340_12736_ego_340,0,12736,12736,12740,vehicle_vehicle,0.30965705168849317,1.8846091046445501,1.9475109315382602,13.597975276488775,15.0,3.0,3.5,0.8,3.0540431251048172,10.994555250377342
7,339,12801,147,63.164,-44.745,260.9812,2.1052,4.9368,-1.2047,-9.0566,2.8739,-0.5626,9.1335,-0.2299,0.1051,-2.9266,car,340,85.7507,-20.0374,-0.1631,-0.1925,0.2523,-0.0052,228.5385,0.25230509309167737,0.9082983351300385,-22.586699999999993,-24.707599999999996,-1.0416,-8.864099999999999,8.925088199564192,33.47573023326003,0,07_318_340_12736_ego_340,0,12736,12736,12740,vehicle_vehicle,0.30965705168849317,1.8846091046445501,1.9475109315382602,13.597975276488775,15.0,3.0,3.5,0.8,3.0540431251048172,10.994555250377342
7,340,12801,81,85.7507,-20.0374,228.5385,2.057,4.8054,-0.1631,-0.1925,-0.3178,-0.2897,0.2523,-0.0052,0.4275,0.0463,car,340,85.7507,-20.0374,-0.1631,-0.1925,0.2523,-0.0052,228.5385,0.25230509309167737,0.9082983351300385,0.0,0.0,0.0,0.0,0.0,0.0,1,07_318_340_12736_ego_340,1,12736,12736,12740,vehicle_vehicle,0.30965705168849317,1.8846091046445501,1.9475109315382602,13.597975276488775,15.0,3.0,3.5,0.8,3.0540431251048172,10.994555250377342
7,318,12802,800,74.8929,-30.283,201.8964,2.2707,6.3697,-7.101,-3.0985,1.1635,-2.8105,7.7443,-0.2268,-0.0315,-3.0417,van,340,85.7434,-20.0454,-0.1801,-0.2069,0.2743,-0.0022,228.5125,0.27430570537267357,0.9875005393416249,-10.850499999999997,-10.2376,-6.9209,-2.8916,7.5006804604649036,14.917835097962437,0,07_318_340_12736_ego_340,1,12736,12736,12740,vehicle_vehicle,0.30965705168849317,1.8846091046445501,1.9475109315382602,13.597975276488775,15.0,3.0,3.5,0.8,3.0540431251048172,10.994555250377342
7,321,12802,555,86.7866,-28.7347,164.2977,2.146,6.0019,-6.8434,1.5902,-0.5257,-2.1835,7.0184,-0.3212,-0.0848,-2.2443,van,340,85.7434,-20.0454,-0.1801,-0.2069,0.2743,-0.0022,228.5125,0.27430570537267357,0.9875005393416249,1.043200000000013,-8.6893,-6.6633,1.7971000000000001,6.90138647664366,8.751697020007034,0,07_318_340_12736_ego_340,0,12736,12736,12740,vehicle_vehicle,0.30965705168849317,1.8846091046445501,1.9475109315382602,13.597975276488775,15.0,3.0,3.5,0.8,3.0540431251048172,10.994555250377342
7,339,12802,148,63.1172,-45.1075,261.7627,2.1052,4.9368,-1.0843,-9.0779,2.8465,-0.5411,9.1396,-0.2276,0.1276,-2.8947,car,340,85.7434,-20.0454,-0.1801,-0.2069,0.2743,-0.0022,228.5125,0.27430570537267357,0.9875005393416249,-22.626199999999997,-25.0621,-0.9042,-8.871,8.91696241104559,33.76468247814571,0,07_318_340_12736_ego_340,0,12736,12736,12740,vehicle_vehicle,0.30965705168849317,1.8846091046445501,1.9475109315382602,13.597975276488775,15.0,3.0,3.5,0.8,3.0540431251048172,10.994555250377342
7,340,12802,82,85.7434,-20.0454,228.5125,2.057,4.8054,-0.1801,-0.2069,-0.3077,-0.2777,0.2743,-0.0022,0.4119,0.0465,car,340,85.7434,-20.0454,-0.1801,-0.2069,0.2743,-0.0022,228.5125,0.27430570537267357,0.9875005393416249,0.0,0.0,0.0,0.0,0.0,0.0,1,07_318_340_12736_ego_340,1,12736,12736,12740,vehicle_vehicle,0.30965705168849317,1.8846091046445501,1.9475109315382602,13.597975276488775,15.0,3.0,3.5,0.8,3.0540431251048172,10.994555250377342
7,318,12803,801,74.6092,-30.4087,202.8235,2.2707,6.3697,-7.0542,-3.2122,1.2297,-2.7952,7.7479,-0.2244,-0.0492,-3.0534,van,340,85.7358,-20.0546,-0.1966,-0.2206,0.2954,0.001,228.4787,0.29549267334402723,1.063773624038498,-11.126599999999996,-10.354099999999999,-6.8576,-2.9916,7.4817343123102145,15.198967542895797,0,07_318_340_12736_ego_340,1,12736,12736,12740,vehicle_vehicle,0.30965705168849317,1.8846091046445501,1.9475109315382602,13.597975276488775,15.0,3.0,3.5,0.8,3.0540431251048172,10.994555250377342
7,321,12803,556,86.5122,-28.672,164.9968,2.146,6.0019,-6.8675,1.5032,-0.506,-2.2013,7.0226,-0.3259,-0.0811,-2.2573,van,340,85.7358,-20.0546,-0.1966,-0.2206,0.2954,0.001,228.4787,0.29549267334402723,1.063773624038498,0.7764000000000095,-8.6174,-6.6709,1.7238,6.890021280808935,8.652304879048128,0,07_318_340_12736_ego_340,0,12736,12736,12740,vehicle_vehicle,0.30965705168849317,1.8846091046445501,1.9475109315382602,13.597975276488775,15.0,3.0,3.5,0.8,3.0540431251048172,10.994555250377342
7,339,12803,149,63.0755,-45.4709,262.5299,2.1052,4.9368,-0.9647,-9.0984,2.8136,-0.5207,9.1466,-0.2264,0.1505,-2.8574,car,340,85.7358,-20.0546,-0.1966,-0.2206,0.2954,0.001,228.4787,0.29549267334402723,1.063773624038498,-22.6603,-25.4163,-0.7681,-8.8778,8.910965741713971,34.05110132991295,0,07_318_340_12736_ego_340,0,12736,12736,12740,vehicle_vehicle,0.30965705168849317,1.8846091046445501,1.9475109315382602,13.597975276488775,15.0,3.0,3.5,0.8,3.0540431251048172,10.994555250377342
7,340,12803,83,85.7358,-20.0546,228.4787,2.057,4.8054,-0.1966,-0.2206,-0.2934,-0.2631,0.2954,0.001,0.3915,0.0453,car,340,85.7358,-20.0546,-0.1966,-0.2206,0.2954,0.001,228.4787,0.29549267334402723,1.063773624038498,0.0,0.0,0.0,0.0,0.0,0.0,1,07_318_340_12736_ego_340,1,12736,12736,12740,vehicle_vehicle,0.30965705168849317,1.8846091046445501,1.9475109315382602,13.597975276488775,15.0,3.0,3.5,0.8,3.0540431251048172,10.994555250377342
7,318,12804,802,74.3271,-30.5391,203.7424,2.2707,6.3697,-7.0044,-3.3255,1.2954,-2.7785,7.7505,-0.2239,-0.0671,-3.0649,van,340,85.7267,-20.0633,-0.2121,-0.2337,0.3156,0.0037,228.4444,0.31559800379596825,1.1361528136654857,-11.399599999999992,-10.4758,-6.7923,-3.0918,7.462879238604896,15.482030415937047,0,07_318_340_12736_ego_340,1,12736,12736,12740,vehicle_vehicle,0.30965705168849317,1.8846091046445501,1.9475109315382602,13.597975276488775,15.0,3.0,3.5,0.8,3.0540431251048172,10.994555250377342
7,321,12804,557,86.2365,-28.6126,165.6875,2.146,6.0019,-6.8906,1.415,-0.4833,-2.2192,7.0265,-0.3323,-0.0803,-2.2698,van,340,85.7267,-20.0633,-0.2121,-0.2337,0.3156,0.0037,228.4444,0.31559800379596825,1.1361528136654857,0.5098000000000127,-8.549299999999999,-6.6785,1.6487,6.878995125743294,8.564486355293,0,07_318_340_12736_ego_340,0,12736,12736,12740,vehicle_vehicle,0.30965705168849317,1.8846091046445501,1.9475109315382602,13.597975276488775,15.0,3.0,3.5,0.8,3.0540431251048172,10.994555250377342
7,339,12804,150,63.0381,-45.8353,263.3098,2.1052,4.9368,-0.846,-9.1181,2.7748,-0.5014,9.1546,-0.222,0.1747,-2.8143,car,340,85.7267,-20.0633,-0.2121,-0.2337,0.3156,0.0037,228.4444,0.31559800379596825,1.1361528136654857,-22.688599999999994,-25.771999999999995,-0.6338999999999999,-8.8844,8.90698560513039,34.33611151484686,0,07_318_340_12736_ego_340,0,12736,12736,12740,vehicle_vehicle,0.30965705168849317,1.8846091046445501,1.9475109315382602,13.597975276488775,15.0,3.0,3.5,0.8,3.0540431251048172,10.994555250377342
7,340,12804,84,85.7267,-20.0633,228.4444,2.057,4.8054,-0.2121,-0.2337,-0.2751,-0.2459,0.3156,0.0037,0.3665,0.0427,car,340,85.7267,-20.0633,-0.2121,-0.2337,0.3156,0.0037,228.4444,0.31559800379596825,1.1361528136654857,0.0,0.0,0.0,0.0,0.0,0.0,1,07_318_340_12736_ego_340,1,12736,12736,12740,vehicle_vehicle,0.30965705168849317,1.8846091046445501,1.9475109315382602,13.597975276488775,15.0,3.0,3.5,0.8,3.0540431251048172,10.994555250377342
7,318,12805,803,74.0474,-30.674,204.6609,2.2707,6.3697,-6.9517,-3.4383,1.3603,-2.7602,7.7523,-0.2242,-0.0846,-3.076,van,340,85.7169,-20.073,-0.2265,-0.2462,0.3344,0.006,228.409,0.33453951933964393,1.2043422696227182,-11.6695,-10.600999999999999,-6.7252,-3.1921,7.444314437878078,15.765735988211903,0,07_318_340_12736_ego_340,1,12736,12736,12740,vehicle_vehicle,0.30965705168849317,1.8846091046445501,1.9475109315382602,13.597975276488775,15.0,3.0,3.5,0.8,3.0540431251048172,10.994555250377342
7,321,12805,558,85.9597,-28.5572,166.377,2.146,6.0019,-6.9124,1.3259,-0.4579,-2.2369,7.0303,-0.3395,-0.0818,-2.2818,van,340,85.7169,-20.073,-0.2265,-0.2462,0.3344,0.006,228.409,0.33453951933964393,1.2043422696227182,0.24280000000000257,-8.484200000000001,-6.6859,1.5721,6.868242658788346,8.487673502203064,0,07_318_340_12736_ego_340,0,12736,12736,12740,vehicle_vehicle,0.30965705168849317,1.8846091046445501,1.9475109315382602,13.597975276488775,15.0,3.0,3.5,0.8,3.0540431251048172,10.994555250377342
7,339,12805,151,63.0059,-46.2003,264.0866,2.1052,4.9368,-0.7287,-9.1371,2.7298,-0.4833,9.1636,-0.2165,0.1994,-2.765,car,340,85.7169,-20.073,-0.2265,-0.2462,0.3344,0.006,228.409,0.33453951933964393,1.2043422696227182,-22.711,-26.127299999999998,-0.5022,-8.8909,8.905072018237696,34.618280232992504,0,07_318_340_12736_ego_340,0,12736,12736,12740,vehicle_vehicle,0.30965705168849317,1.8846091046445501,1.9475109315382602,13.597975276488775,15.0,3.0,3.5,0.8,3.0540431251048172,10.994555250377342
7,340,12805,85,85.7169,-20.073,228.409,2.057,4.8054,-0.2265,-0.2462,-0.2533,-0.2261,0.3344,0.006,0.3372,0.0393,car,340,85.7169,-20.073,-0.2265,-0.2462,0.3344,0.006,228.409,0.33453951933964393,1.2043422696227182,0.0,0.0,0.0,0.0,0.0,0.0,1,07_318_340_12736_ego_340,1,12736,12736,12740,vehicle_vehicle,0.30965705168849317,1.8846091046445501,1.9475109315382602,13.597975276488775,15.0,3.0,3.5,0.8,3.0540431251048172,10.994555250377342
7,318,12806,804,73.7705,-30.8135,205.5831,2.2707,6.3697,-6.8964,-3.5505,1.4244,-2.7402,7.7535,-0.2244,-0.1015,-3.0866,van,340,85.7073,-20.0839,-0.2398,-0.2575,0.3517,0.0082,228.3756,0.35186686402672246,1.2667207104962008,-11.936800000000005,-10.729600000000001,-6.6566,-3.293,7.426585524990606,16.050280695364805,0,07_318_340_12736_ego_340,1,12736,12736,12740,vehicle_vehicle,0.30965705168849317,1.8846091046445501,1.9475109315382602,13.597975276488775,15.0,3.0,3.5,0.8,3.0540431251048172,10.994555250377342
7,321,12806,559,85.6827,-28.5056,167.0593,2.146,6.0019,-6.9332,1.236,-0.4301,-2.2542,7.0339,-0.3481,-0.0857,-2.2932,van,340,85.7073,-20.0839,-0.2398,-0.2575,0.3517,0.0082,228.3756,0.35186686402672246,1.2667207104962008,-0.024600000000006617,-8.421700000000001,-6.6934000000000005,1.4935,6.857998673811479,8.42173592853635,0,07_318_340_12736_ego_340,0,12736,12736,12740,vehicle_vehicle,0.30965705168849317,1.8846091046445501,1.9475109315382602,13.597975276488775,15.0,3.0,3.5,0.8,3.0540431251048172,10.994555250377342
7,339,12806,152,62.9782,-46.5662,264.8565,2.1052,4.9368,-0.6129,-9.1553,2.6782,-0.4662,9.1734,-0.2104,0.2242,-2.7092,car,340,85.7073,-20.0839,-0.2398,-0.2575,0.3517,0.0082,228.3756,0.35186686402672246,1.2667207104962008,-22.729100000000003,-26.482300000000002,-0.3731,-8.8978,8.905618925712014,34.8987707534234,0,07_318_340_12736_ego_340,0,12736,12736,12740,vehicle_vehicle,0.30965705168849317,1.8846091046445501,1.9475109315382602,13.597975276488775,15.0,3.0,3.5,0.8,3.0540431251048172,10.994555250377342
7,340,12806,86,85.7073,-20.0839,228.3756,2.057,4.8054,-0.2398,-0.2575,-0.2281,-0.2039,0.3517,0.0082,0.3039,0.0351,car,340,85.7073,-20.0839,-0.2398,-0.2575,0.3517,0.0082,228.3756,0.35186686402672246,1.2667207104962008,0.0,0.0,0.0,0.0,0.0,0.0,1,07_318_340_12736_ego_340,1,12736,12736,12740,vehicle_vehicle,0.30965705168849317,1.8846091046445501,1.9475109315382602,13.597975276488775,15.0,3.0,3.5,0.8,3.0540431251048172,10.994555250377342
7,318,12807,805,73.4951,-30.9575,206.513,2.2707,6.3697,-6.8384,-3.6619,1.4875,-2.7184,7.7539,-0.2241,-0.1175,-3.0965,van,340,85.6961,-20.0946,-0.2516,-0.2678,0.3673,0.0099,228.3271,0.36744986052521506,1.3228194978907741,-12.201000000000008,-10.8629,-6.5868,-3.3941000000000003,7.409848112478421,16.33606431824998,0,07_318_340_12736_ego_340,1,12736,12736,12740,vehicle_vehicle,0.30965705168849317,1.8846091046445501,1.9475109315382602,13.597975276488775,15.0,3.0,3.5,0.8,3.0540431251048172,10.994555250377342
7,321,12807,560,85.4046,-28.457,167.7413,2.146,6.0019,-6.9527,1.145,-0.3998,-2.2708,7.0373,-0.3574,-0.0914,-2.3039,van,340,85.6961,-20.0946,-0.2516,-0.2678,0.3673,0.0099,228.3271,0.36744986052521506,1.3228194978907741,-0.2914999999999992,-8.362400000000001,-6.7011,1.4128,6.848411863344669,8.367479071381059,0,07_318_340_12736_ego_340,0,12736,12736,12740,vehicle_vehicle,0.30965705168849317,1.8846091046445501,1.9475109315382602,13.597975276488775,15.0,3.0,3.5,0.8,3.0540431251048172,10.994555250377342
7,339,12807,153,62.956,-46.9331,265.6165,2.1052,4.9368,-0.4992,-9.1727,2.6201,-0.4503,9.1841,-0.2034,0.2487,-2.6468,car,340,85.6961,-20.0946,-0.2516,-0.2678,0.3673,0.0099,228.3271,0.36744986052521506,1.3228194978907741,-22.740099999999998,-26.838500000000003,-0.2476,-8.904900000000001,8.90834158359456,35.17694174114629,0,07_318_340_12736_ego_340,0,12736,12736,12740,vehicle_vehicle,0.30965705168849317,1.8846091046445501,1.9475109315382602,13.597975276488775,15.0,3.0,3.5,0.8,3.0540431251048172,10.994555250377342
7,340,12807,87,85.6961,-20.0946,228.3271,2.057,4.8054,-0.2516,-0.2678,-0.2001,-0.1794,0.3673,0.0099,0.267,0.0302,car,340,85.6961,-20.0946,-0.2516,-0.2678,0.3673,0.0099,228.3271,0.36744986052521506,1.3228194978907741,0.0,0.0,0.0,0.0,0.0,0.0,1,07_318_340_12736_ego_340,1,12736,12736,12740,vehicle_vehicle,0.30965705168849317,1.8846091046445501,1.9475109315382602,13.597975276488775,15.0,3.0,3.5,0.8,3.0540431251048172,10.994555250377342
7,318,12808,806,73.2216,-31.1059,207.4495,2.2707,6.3697,-6.7773,-3.7726,1.5492,-2.6948,7.7533,-0.2237,-0.1326,-3.1055,van,340,85.6854,-20.1064,-0.262,-0.2767,0.3809,0.0114,228.2838,0.3810602183382569,1.3718167860177248,-12.463800000000006,-10.999499999999998,-6.5153,-3.4959000000000002,7.393946909465877,16.623336328487134,0,07_318_340_12736_ego_340,1,12736,12736,12740,vehicle_vehicle,0.30965705168849317,1.8846091046445501,1.9475109315382602,13.597975276488775,15.0,3.0,3.5,0.8,3.0540431251048172,10.994555250377342
7,321,12808,561,85.1258,-28.4126,168.4329,2.146,6.0019,-6.9708,1.0531,-0.3674,-2.2864,7.0404,-0.3661,-0.0986,-2.3136,van,340,85.6854,-20.1064,-0.262,-0.2767,0.3809,0.0114,228.2838,0.3810602183382569,1.3718167860177248,-0.5596000000000032,-8.3062,-6.7088,1.3297999999999999,6.839324928675344,8.325029165114078,0,07_318_340_12736_ego_340,0,12736,12736,12740,vehicle_vehicle,0.30965705168849317,1.8846091046445501,1.9475109315382602,13.597975276488775,15.0,3.0,3.5,0.8,3.0540431251048172,10.994555250377342
7,339,12808,154,62.9385,-47.3006,266.3605,2.1052,4.9368,-0.388,-9.1894,2.5555,-0.4357,9.1955,-0.1961,0.2726,-2.578,car,340,85.6854,-20.1064,-0.262,-0.2767,0.3809,0.0114,228.2838,0.3810602183382569,1.3718167860177248,-22.746900000000004,-27.194200000000002,-0.126,-8.9127,8.913590594704246,35.4534338710653,0,07_318_340_12736_ego_340,0,12736,12736,12740,vehicle_vehicle,0.30965705168849317,1.8846091046445501,1.9475109315382602,13.597975276488775,15.0,3.0,3.5,0.8,3.0540431251048172,10.994555250377342
7,340,12808,88,85.6854,-20.1064,228.2838,2.057,4.8054,-0.262,-0.2767,-0.1694,-0.153,0.3809,0.0114,0.227,0.0247,car,340,85.6854,-20.1064,-0.262,-0.2767,0.3809,0.0114,228.2838,0.3810602183382569,1.3718167860177248,0.0,0.0,0.0,0.0,0.0,0.0,1,07_318_340_12736_ego_340,1,12736,12736,12740,vehicle_vehicle,0.30965705168849317,1.8846091046445501,1.9475109315382602,13.597975276488775,15.0,3.0,3.5,0.8,3.0540431251048172,10.994555250377342
7,318,12809,807,72.9513,-31.2588,208.3926,2.2707,6.3697,-6.7136,-3.8823,1.6093,-2.6692,7.7521,-0.223,-0.1465,-3.1134,van,340,85.6729,-20.1182,-0.2705,-0.2844,0.3923,0.0123,228.2286,0.3924966369282672,1.4129878929417619,-12.721599999999995,-11.1406,-6.443099999999999,-3.5979,7.379594976690793,16.910117531229634,0,07_318_340_12736_ego_340,1,12736,12736,12740,vehicle_vehicle,0.30965705168849317,1.8846091046445501,1.9475109315382602,13.597975276488775,15.0,3.0,3.5,0.8,3.0540431251048172,10.994555250377342
7,321,12809,562,84.846,-28.3719,169.134,2.146,6.0019,-6.9874,0.9604,-0.3329,-2.3009,7.0432,-0.374,-0.1068,-2.3225,van,340,85.6729,-20.1182,-0.2705,-0.2844,0.3923,0.0123,228.2286,0.3924966369282672,1.4129878929417619,-0.8268999999999949,-8.253699999999998,-6.7169,1.2448000000000001,6.831271671511828,8.295018221800357,0,07_318_340_12736_ego_340,0,12736,12736,12740,vehicle_vehicle,0.30965705168849317,1.8846091046445501,1.9475109315382602,13.597975276488775,15.0,3.0,3.5,0.8,3.0540431251048172,10.994555250377342
7,339,12809,155,62.9262,-47.6687,267.0935,2.1052,4.9368,-0.2798,-9.2055,2.4847,-0.4224,9.2078,-0.1873,0.2959,-2.5029,car,340,85.6729,-20.1182,-0.2705,-0.2844,0.3923,0.0123,228.2286,0.3924966369282672,1.4129878929417619,-22.746699999999997,-27.5505,-0.009299999999999975,-8.921100000000001,8.92110484749507,35.727334229410395,0,07_318_340_12736_ego_340,0,12736,12736,12740,vehicle_vehicle,0.30965705168849317,1.8846091046445501,1.9475109315382602,13.597975276488775,15.0,3.0,3.5,0.8,3.0540431251048172,10.994555250377342
7,340,12809,89,85.6729,-20.1182,228.2286,2.057,4.8054,-0.2705,-0.2844,-0.1368,-0.1249,0.3923,0.0123,0.1843,0.0188,car,340,85.6729,-20.1182,-0.2705,-0.2844,0.3923,0.0123,228.2286,0.3924966369282672,1.4129878929417619,0.0,0.0,0.0,0.0,0.0,0.0,1,07_318_340_12736_ego_340,1,12736,12736,12740,vehicle_vehicle,0.30965705168849317,1.8846091046445501,1.9475109315382602,13.597975276488775,15.0,3.0,3.5,0.8,3.0540431251048172,10.994555250377342
7,318,12810,808,72.6836,-31.4164,209.343,2.2707,6.3697,-6.6473,-3.991,1.6676,-2.6417,7.7502,-0.2215,-0.1591,-3.1199,van,340,85.6595,-20.1298,-0.2767,-0.2909,0.4013,0.0122,228.1688,0.4014793892592744,1.4453258013333878,-12.975899999999996,-11.2866,-6.3706000000000005,-3.7001,7.367176146258484,17.19771264936125,0,07_318_340_12736_ego_340,1,12736,12736,12740,vehicle_vehicle,0.30965705168849317,1.8846091046445501,1.9475109315382602,13.597975276488775,15.0,3.0,3.5,0.8,3.0540431251048172,10.994555250377342
7,321,12810,563,84.5654,-28.3348,169.8458,2.146,6.0019,-7.0023,0.867,-0.2968,-2.3142,7.0454,-0.3811,-0.1159,-2.3302,van,340,85.6595,-20.1298,-0.2767,-0.2909,0.4013,0.0122,228.1688,0.4014793892592744,1.4453258013333878,-1.0940999999999974,-8.205000000000002,-6.7256,1.1579,6.8245459753744795,8.27762525184609,0,07_318_340_12736_ego_340,0,12736,12736,12740,vehicle_vehicle,0.30965705168849317,1.8846091046445501,1.9475109315382602,13.597975276488775,15.0,3.0,3.5,0.8,3.0540431251048172,10.994555250377342
7,339,12810,156,62.9182,-48.0371,267.7991,2.1052,4.9368,-0.175,-9.221,2.4082,-0.4106,9.2209,-0.1793,0.3178,-2.4222,car,340,85.6595,-20.1298,-0.2767,-0.2909,0.4013,0.0122,228.1688,0.4014793892592744,1.4453258013333878,-22.741299999999995,-27.907300000000003,0.10170000000000001,-8.9301,8.930679083921893,35.999779429602064,0,07_318_340_12736_ego_340,0,12736,12736,12740,vehicle_vehicle,0.30965705168849317,1.8846091046445501,1.9475109315382602,13.597975276488775,15.0,3.0,3.5,0.8,3.0540431251048172,10.994555250377342
7,340,12810,90,85.6595,-20.1298,228.1688,2.057,4.8054,-0.2767,-0.2909,-0.1029,-0.0953,0.4013,0.0122,0.1396,0.0131,car,340,85.6595,-20.1298,-0.2767,-0.2909,0.4013,0.0122,228.1688,0.4014793892592744,1.4453258013333878,0.0,0.0,0.0,0.0,0.0,0.0,1,07_318_340_12736_ego_340,1,12736,12736,12740,vehicle_vehicle,0.30965705168849317,1.8846091046445501,1.9475109315382602,13.597975276488775,15.0,3.0,3.5,0.8,3.0540431251048172,10.994555250377342
7,318,12811,809,72.4189,-31.5784,210.2931,2.2707,6.3697,-6.5786,-4.0985,1.7239,-2.6123,7.7477,-0.2205,-0.1708,-3.1252,van,340,85.6468,-20.1426,-0.2809,-0.2957,0.4077,0.0116,228.1069,0.4078520565106911,1.4682674034384882,-13.227900000000005,-11.435799999999997,-6.2977,-3.8027999999999995,7.356786875396079,17.485847421557814,0,07_318_340_12736_ego_340,1,12736,12736,12740,vehicle_vehicle,0.30965705168849317,1.8846091046445501,1.9475109315382602,13.597975276488775,15.0,3.0,3.5,0.8,3.0540431251048172,10.994555250377342
7,321,12811,564,84.2845,-28.3014,170.5611,2.146,6.0019,-7.0154,0.7728,-0.2592,-2.3259,7.0472,-0.3882,-0.1257,-2.3369,van,340,85.6468,-20.1426,-0.2809,-0.2957,0.4077,0.0116,228.1069,0.4078520565106911,1.4682674034384882,-1.3623000000000047,-8.1588,-6.7345,1.0685,6.818737603105137,8.271751853748999,0,07_318_340_12736_ego_340,0,12736,12736,12740,vehicle_vehicle,0.30965705168849317,1.8846091046445501,1.9475109315382602,13.597975276488775,15.0,3.0,3.5,0.8,3.0540431251048172,10.994555250377342
7,339,12811,157,62.9141,-48.4059,268.4747,2.1052,4.9368,-0.0735,-9.2363,2.3264,-0.3999,9.235,-0.1723,0.3379,-2.3362,car,340,85.6468,-20.1426,-0.2809,-0.2957,0.4077,0.0116,228.1069,0.4078520565106911,1.4682674034384882,-22.7327,-28.2633,0.20739999999999997,-8.9406,8.94300526221471,36.271059760916835,0,07_318_340_12736_ego_340,0,12736,12736,12740,vehicle_vehicle,0.30965705168849317,1.8846091046445501,1.9475109315382602,13.597975276488775,15.0,3.0,3.5,0.8,3.0540431251048172,10.994555250377342
7,340,12811,91,85.6468,-20.1426,228.1069,2.057,4.8054,-0.2809,-0.2957,-0.0686,-0.0644,0.4077,0.0116,0.0938,0.008,car,340,85.6468,-20.1426,-0.2809,-0.2957,0.4077,0.0116,228.1069,0.4078520565106911,1.4682674034384882,0.0,0.0,0.0,0.0,0.0,0.0,1,07_318_340_12736_ego_340,1,12736,12736,12740,vehicle_vehicle,0.30965705168849317,1.8846091046445501,1.9475109315382602,13.597975276488775,15.0,3.0,3.5,0.8,3.0540431251048172,10.994555250377342
