recordingId,trackId,frame,trackLifetime,xCenter,yCenter,heading,width,length,xVelocity,yVelocity,xAcceleration,yAcceleration,lonVelocity,latVelocity,lonAcceleration,latAcceleration,class,egoTrackId,ego_xCenter,ego_yCenter,ego_xVelocity,ego_yVelocity,ego_lonVelocity,ego_latVelocity,ego_heading,ego_speed_mps,ego_speed_kph,rel_x_to_ego,rel_y_to_ego,rel_vx_to_ego,rel_vy_to_ego,rel_speed_to_ego,distance_to_ego,is_ego,event_id,is_primary_actor,event_peak_frame,event_start_frame,event_end_frame,pair_type,risk_score_peak,event_min_ttc,event_min_dcpa,event_min_distance,dist_threshold_used,ttc_threshold_used,dcpa_threshold_used,min_rel_speed_threshold_used,ego_speed_mps_peak,ego_speed_kph_peak
9,568,21446,223,59.5923,-54.7396,303.2803,2.0523,4.4999,3.6354,-5.6225,1.2167,-1.1679,6.6953,0.0461,1.644,-0.3763,car,571,52.8265,-47.0435,4.3749,-3.2913,5.465,0.3261,326.461,5.474705992105878,19.70894157158116,6.765799999999999,-7.696100000000001,-0.7395,-2.3311999999999995,2.4456806189688787,10.247243768448177,0,09_570_571_21521_ego_571,0,21521,21521,21528,vehicle_vehicle,0.31596461272486803,1.428810137342589,2.2629869699937393,12.405849920501218,15.0,3.0,3.5,0.8,8.307366495466537,29.906519383679534
9,569,21446,142,73.3608,-32.6103,205.1667,1.8992,3.847,-6.6416,-3.495,1.5757,-2.8019,7.4974,-0.3389,-0.2346,-3.206,car,571,52.8265,-47.0435,4.3749,-3.2913,5.465,0.3261,326.461,5.474705992105878,19.70894157158116,20.534299999999995,14.4332,-11.0165,-0.2037,11.018383090998425,25.099297574434225,0,09_570_571_21521_ego_571,0,21521,21521,21528,vehicle_vehicle,0.31596461272486803,1.428810137342589,2.2629869699937393,12.405849920501218,15.0,3.0,3.5,0.8,8.307366495466537,29.906519383679534
9,570,21446,86,74.8296,-76.0807,55.674,2.0884,4.7102,1.0603,1.4328,-0.3309,-0.5077,1.7812,0.0677,-0.6059,0.013,car,571,52.8265,-47.0435,4.3749,-3.2913,5.465,0.3261,326.461,5.474705992105878,19.70894157158116,22.003099999999996,-29.03719999999999,-3.3146000000000004,4.7241,5.770935276885368,36.43206545681976,0,09_570_571_21521_ego_571,1,21521,21521,21528,vehicle_vehicle,0.31596461272486803,1.428810137342589,2.2629869699937393,12.405849920501218,15.0,3.0,3.5,0.8,8.307366495466537,29.906519383679534
9,571,21446,50,52.8265,-47.0435,326.461,2.0949,4.8005,4.3749,-3.2913,-0.6456,-2.0149,5.465,0.3261,0.5751,2.0362,car,571,52.8265,-47.0435,4.3749,-3.2913,5.465,0.3261,326.461,5.474705992105878,19.70894157158116,0.0,0.0,0.0,0.0,0.0,0.0,1,09_570_571_21521_ego_571,1,21521,21521,21528,vehicle_vehicle,0.31596461272486803,1.428810137342589,2.2629869699937393,12.405849920501218,15.0,3.0,3.5,0.8,8.307366495466537,29.906519383679534
9,574,21446,14,69.6073,-84.3192,64.938,2.1286,4.9218,1.671,3.4774,-0.6244,-1.5829,3.8578,0.0407,-1.6984,0.1049,car,571,52.8265,-47.0435,4.3749,-3.2913,5.465,0.3261,326.461,5.474705992105878,19.70894157158116,16.780799999999992,-37.27569999999999,-2.7039,6.7687,7.288784185308273,40.87876048915866,0,09_570_571_21521_ego_571,0,21521,21521,21528,vehicle_vehicle,0.31596461272486803,1.428810137342589,2.2629869699937393,12.405849920501218,15.0,3.0,3.5,0.8,8.307366495466537,29.906519383679534
9,568,21447,224,59.7388,-54.9663,303.219,2.0523,4.4999,3.6845,-5.6746,1.2896,-1.086,6.7658,0.0264,1.615,-0.4839,car,571,53.0027,-47.1731,4.3492,-3.3771,5.4955,0.3455,325.7681,5.5063912910362625,19.823008647730546,6.7361,-7.793199999999999,-0.6646999999999998,-2.2975,2.391721626778501,10.300922747501797,0,09_570_571_21521_ego_571,0,21521,21521,21528,vehicle_vehicle,0.31596461272486803,1.428810137342589,2.2629869699937393,12.405849920501218,15.0,3.0,3.5,0.8,8.307366495466537,29.906519383679534
9,569,21447,143,73.0947,-32.7534,206.1047,1.8992,3.847,-6.5726,-3.6127,1.6623,-2.7876,7.4918,-0.3522,-0.2661,-3.2347,car,571,53.0027,-47.1731,4.3492,-3.3771,5.4955,0.3455,325.7681,5.5063912910362625,19.823008647730546,20.092000000000006,14.419699999999999,-10.921800000000001,-0.2355999999999998,10.924340831372849,24.73087568384913,0,09_570_571_21521_ego_571,0,21521,21521,21528,vehicle_vehicle,0.31596461272486803,1.428810137342589,2.2629869699937393,12.405849920501218,15.0,3.0,3.5,0.8,8.307366495466537,29.906519383679534
9,570,21447,87,74.8713,-76.0239,55.5753,2.0884,4.7102,1.0538,1.4184,-0.3474,-0.5326,1.7657,0.0674,-0.6357,0.0145,car,571,53.0027,-47.1731,4.3492,-3.3771,5.4955,0.3455,325.7681,5.5063912910362625,19.823008647730546,21.868600000000008,-28.8508,-3.2954,4.7955000000000005,5.818632262826034,36.20226963327024,0,09_570_571_21521_ego_571,1,21521,21521,21528,vehicle_vehicle,0.31596461272486803,1.428810137342589,2.2629869699937393,12.405849920501218,15.0,3.0,3.5,0.8,8.307366495466537,29.906519383679534
9,571,21447,51,53.0027,-47.1731,325.7681,2.0949,4.8005,4.3492,-3.3771,-0.6571,-2.0813,5.4955,0.3455,0.6276,2.0904,car,571,53.0027,-47.1731,4.3492,-3.3771,5.4955,0.3455,325.7681,5.5063912910362625,19.823008647730546,0.0,0.0,0.0,0.0,0.0,0.0,1,09_570_571_21521_ego_571,1,21521,21521,21528,vehicle_vehicle,0.31596461272486803,1.428810137342589,2.2629869699937393,12.405849920501218,15.0,3.0,3.5,0.8,8.307366495466537,29.906519383679534
9,574,21447,15,69.6729,-84.1822,64.8476,2.1286,4.9218,1.645,3.4076,-0.6275,-1.598,3.7837,0.0407,-1.7132,0.1112,car,571,53.0027,-47.1731,4.3492,-3.3771,5.4955,0.3455,325.7681,5.5063912910362625,19.823008647730546,16.6702,-37.0091,-2.7041999999999997,6.7847,7.303756001537838,40.59025807813988,0,09_570_571_21521_ego_571,0,21521,21521,21528,vehicle_vehicle,0.31596461272486803,1.428810137342589,2.2629869699937393,12.405849920501218,15.0,3.0,3.5,0.8,8.307366495466537,29.906519383679534
9,568,21448,225,59.8869,-55.1952,303.1924,2.0523,4.4999,3.7367,-5.723,1.3619,-0.9989,6.8349,0.006,1.5815,-0.5929,car,571,53.1776,-47.3068,4.3224,-3.4668,5.5289,0.3651,325.0461,5.54092447160219,19.947328097767883,6.709299999999999,-7.888399999999997,-0.5857000000000001,-2.2561999999999998,2.330983253908101,10.355750144243533,0,09_570_571_21521_ego_571,0,21521,21521,21528,vehicle_vehicle,0.31596461272486803,1.428810137342589,2.2629869699937393,12.405849920501218,15.0,3.0,3.5,0.8,8.307366495466537,29.906519383679534
9,569,21448,144,72.8318,-32.9014,207.0416,1.8992,3.847,-6.4997,-3.7294,1.7427,-2.7679,7.4846,-0.3667,-0.2938,-3.2576,car,571,53.1776,-47.3068,4.3224,-3.4668,5.5289,0.3651,325.0461,5.54092447160219,19.947328097767883,19.654200000000003,14.4054,-10.822099999999999,-0.26259999999999994,10.825285546811225,24.3680759765723,0,09_570_571_21521_ego_571,0,21521,21521,21528,vehicle_vehicle,0.31596461272486803,1.428810137342589,2.2629869699937393,12.405849920501218,15.0,3.0,3.5,0.8,8.307366495466537,29.906519383679534
9,570,21448,88,74.9139,-75.9674,55.4931,2.0884,4.7102,1.0463,1.4028,-0.3705,-0.5633,1.7487,0.0675,-0.6741,0.0138,car,571,53.1776,-47.3068,4.3224,-3.4668,5.5289,0.3651,325.0461,5.54092447160219,19.947328097767883,21.7363,-28.660599999999995,-3.2761,4.8696,5.869057451584538,35.97077605570944,0,09_570_571_21521_ego_571,1,21521,21521,21528,vehicle_vehicle,0.31596461272486803,1.428810137342589,2.2629869699937393,12.405849920501218,15.0,3.0,3.5,0.8,8.307366495466537,29.906519383679534
9,571,21448,52,53.1776,-47.3068,325.0461,2.0949,4.8005,4.3224,-3.4668,-0.6683,-2.1419,5.5289,0.3651,0.6794,2.1384,car,571,53.1776,-47.3068,4.3224,-3.4668,5.5289,0.3651,325.0461,5.54092447160219,19.947328097767883,0.0,0.0,0.0,0.0,0.0,0.0,1,09_570_571_21521_ego_571,1,21521,21521,21528,vehicle_vehicle,0.31596461272486803,1.428810137342589,2.2629869699937393,12.405849920501218,15.0,3.0,3.5,0.8,8.307366495466537,29.906519383679534
9,574,21448,16,69.7378,-84.0487,64.7505,2.1286,4.9218,1.6191,3.3378,-0.6296,-1.6069,3.7095,0.0406,-1.7219,0.116,car,571,53.1776,-47.3068,4.3224,-3.4668,5.5289,0.3651,325.0461,5.54092447160219,19.947328097767883,16.560199999999995,-36.741899999999994,-2.7033,6.804600000000001,7.321913141385932,40.30145704127829,0,09_570_571_21521_ego_571,0,21521,21521,21528,vehicle_vehicle,0.31596461272486803,1.428810137342589,2.2629869699937393,12.405849920501218,15.0,3.0,3.5,0.8,8.307366495466537,29.906519383679534
9,568,21449,226,60.0371,-55.4258,303.2158,2.0523,4.4999,3.7919,-5.7675,1.4336,-0.907,6.9023,-0.013,1.5441,-0.7025,car,571,53.3525,-47.4443,4.2941,-3.5601,5.5647,0.3846,324.2927,5.577957226440518,20.080646015185867,6.684600000000003,-7.981500000000004,-0.5022000000000002,-2.2074000000000003,2.263806440489116,10.41096630529559,0,09_570_571_21521_ego_571,0,21521,21521,21528,vehicle_vehicle,0.31596461272486803,1.428810137342589,2.2629869699937393,12.405849920501218,15.0,3.0,3.5,0.8,8.307366495466537,29.906519383679534
9,569,21449,145,72.5722,-33.0534,207.9737,1.8992,3.847,-6.4231,-3.845,1.8164,-2.7431,7.4762,-0.3829,-0.3175,-3.2746,car,571,53.3525,-47.4443,4.2941,-3.5601,5.5647,0.3846,324.2927,5.577957226440518,20.080646015185867,19.219699999999996,14.390899999999995,-10.7172,-0.2849000000000004,10.720986141675588,24.010307596946767,0,09_570_571_21521_ego_571,0,21521,21521,21528,vehicle_vehicle,0.31596461272486803,1.428810137342589,2.2629869699937393,12.405849920501218,15.0,3.0,3.5,0.8,8.307366495466537,29.906519383679534
9,570,21449,89,74.9564,-75.9106,55.4204,2.0884,4.7102,1.0375,1.3856,-0.3998,-0.5996,1.7297,0.0678,-0.7206,0.0111,car,571,53.3525,-47.4443,4.2941,-3.5601,5.5647,0.3846,324.2927,5.577957226440518,20.080646015185867,21.603900000000003,-28.466300000000004,-3.2566,4.9456999999999995,5.921603841021451,35.73595851379952,0,09_570_571_21521_ego_571,1,21521,21521,21528,vehicle_vehicle,0.31596461272486803,1.428810137342589,2.2629869699937393,12.405849920501218,15.0,3.0,3.5,0.8,8.307366495466537,29.906519383679534
9,571,21449,53,53.3525,-47.4443,324.2927,2.0949,4.8005,4.2941,-3.5601,-0.6785,-2.1954,5.5647,0.3846,0.7304,2.1787,car,571,53.3525,-47.4443,4.2941,-3.5601,5.5647,0.3846,324.2927,5.577957226440518,20.080646015185867,0.0,0.0,0.0,0.0,0.0,0.0,1,09_570_571_21521_ego_571,1,21521,21521,21528,vehicle_vehicle,0.31596461272486803,1.428810137342589,2.2629869699937393,12.405849920501218,15.0,3.0,3.5,0.8,8.307366495466537,29.906519383679534
9,574,21449,17,69.8022,-83.9183,64.656,2.1286,4.9218,1.593,3.2684,-0.6308,-1.6103,3.6357,0.0406,-1.7254,0.1192,car,571,53.3525,-47.4443,4.2941,-3.5601,5.5647,0.3846,324.2927,5.577957226440518,20.080646015185867,16.4497,-36.474000000000004,-2.7011000000000003,6.8285,7.34332032938779,40.011814581320856,0,09_570_571_21521_ego_571,0,21521,21521,21528,vehicle_vehicle,0.31596461272486803,1.428810137342589,2.2629869699937393,12.405849920501218,15.0,3.0,3.5,0.8,8.307366495466537,29.906519383679534
9,568,21450,227,60.189,-55.6585,303.2997,2.0523,4.4999,3.8503,-5.8078,1.5043,-0.8109,6.9681,-0.0296,1.5037,-0.8121,car,571,53.5248,-47.5864,4.265,-3.6563,5.6033,0.4033,323.5104,5.61771792545692,20.223784531644913,6.664200000000001,-8.072099999999999,-0.41469999999999985,-2.1515000000000004,2.191102083427425,10.46758616157517,0,09_570_571_21521_ego_571,0,21521,21521,21528,vehicle_vehicle,0.31596461272486803,1.428810137342589,2.2629869699937393,12.405849920501218,15.0,3.0,3.5,0.8,8.307366495466537,29.906519383679534
9,569,21450,146,72.3164,-33.2098,208.9083,1.8992,3.847,-6.3434,-3.9595,1.8831,-2.7134,7.4671,-0.3997,-0.3368,-3.2857,car,571,53.5248,-47.5864,4.265,-3.6563,5.6033,0.4033,323.5104,5.61771792545692,20.223784531644913,18.791600000000003,14.376599999999996,-10.6084,-0.3031999999999999,10.612732013953805,23.66032244328044,0,09_570_571_21521_ego_571,0,21521,21521,21528,vehicle_vehicle,0.31596461272486803,1.428810137342589,2.2629869699937393,12.405849920501218,15.0,3.0,3.5,0.8,8.307366495466537,29.906519383679534
9,570,21450,90,74.9999,-75.8544,55.354,2.0884,4.7102,1.0267,1.3665,-0.4347,-0.641,1.7078,0.0678,-0.7745,0.0067,car,571,53.5248,-47.5864,4.265,-3.6563,5.6033,0.4033,323.5104,5.61771792545692,20.223784531644913,21.475099999999998,-28.268,-3.2382999999999997,5.0228,5.976211737380128,35.50013723931219,0,09_570_571_21521_ego_571,1,21521,21521,21528,vehicle_vehicle,0.31596461272486803,1.428810137342589,2.2629869699937393,12.405849920501218,15.0,3.0,3.5,0.8,8.307366495466537,29.906519383679534
9,571,21450,54,53.5248,-47.5864,323.5104,2.0949,4.8005,4.265,-3.6563,-0.687,-2.241,5.6033,0.4033,0.7803,2.2102,car,571,53.5248,-47.5864,4.265,-3.6563,5.6033,0.4033,323.5104,5.61771792545692,20.223784531644913,0.0,0.0,0.0,0.0,0.0,0.0,1,09_570_571_21521_ego_571,1,21521,21521,21528,vehicle_vehicle,0.31596461272486803,1.428810137342589,2.2629869699937393,12.405849920501218,15.0,3.0,3.5,0.8,8.307366495466537,29.906519383679534
9,574,21450,18,69.8659,-83.791,64.56,2.1286,4.9218,1.5666,3.1997,-0.631,-1.6091,3.5625,0.0402,-1.7241,0.1214,car,571,53.5248,-47.5864,4.265,-3.6563,5.6033,0.4033,323.5104,5.61771792545692,20.223784531644913,16.341099999999997,-36.2046,-2.6983999999999995,6.856,7.367910053739799,39.721588719108404,0,09_570_571_21521_ego_571,0,21521,21521,21528,vehicle_vehicle,0.31596461272486803,1.428810137342589,2.2629869699937393,12.405849920501218,15.0,3.0,3.5,0.8,8.307366495466537,29.906519383679534
9,568,21451,228,60.3433,-55.8929,303.442,2.0523,4.4999,3.912,-5.8437,1.5738,-0.711,7.0321,-0.0439,1.4606,-0.9214,car,571,53.6952,-47.7337,4.2355,-3.7547,5.6444,0.4218,322.7166,5.660144197809805,20.376519112115297,6.6480999999999995,-8.159199999999998,-0.3235000000000001,-2.089,2.1139000094611853,10.524722240990494,0,09_570_571_21521_ego_571,0,21521,21521,21528,vehicle_vehicle,0.31596461272486803,1.428810137342589,2.2629869699937393,12.405849920501218,15.0,3.0,3.5,0.8,8.307366495466537,29.906519383679534
9,569,21451,147,72.0651,-33.3711,209.8344,1.8992,3.847,-6.2615,-4.0725,1.9431,-2.6792,7.4577,-0.4177,-0.3527,-3.2908,car,571,53.6952,-47.7337,4.2355,-3.7547,5.6444,0.4218,322.7166,5.660144197809805,20.376519112115297,18.3699,14.3626,-10.497,-0.31779999999999964,10.501809645961023,23.318179705328628,0,09_570_571_21521_ego_571,0,21521,21521,21528,vehicle_vehicle,0.31596461272486803,1.428810137342589,2.2629869699937393,12.405849920501218,15.0,3.0,3.5,0.8,8.307366495466537,29.906519383679534
9,570,21451,91,75.0429,-75.7986,55.2916,2.0884,4.7102,1.0135,1.3449,-0.4743,-0.6868,1.6827,0.0673,-0.8346,0.0011,car,571,53.6952,-47.7337,4.2355,-3.7547,5.6444,0.4218,322.7166,5.660144197809805,20.376519112115297,21.347700000000003,-28.064899999999994,-3.222,5.099600000000001,6.0321807134733625,35.26135146729347,0,09_570_571_21521_ego_571,1,21521,21521,21528,vehicle_vehicle,0.31596461272486803,1.428810137342589,2.2629869699937393,12.405849920501218,15.0,3.0,3.5,0.8,8.307366495466537,29.906519383679534
9,571,21451,55,53.6952,-47.7337,322.7166,2.0949,4.8005,4.2355,-3.7547,-0.6935,-2.2779,5.6444,0.4218,0.8281,2.2325,car,571,53.6952,-47.7337,4.2355,-3.7547,5.6444,0.4218,322.7166,5.660144197809805,20.376519112115297,0.0,0.0,0.0,0.0,0.0,0.0,1,09_570_571_21521_ego_571,1,21521,21521,21528,vehicle_vehicle,0.31596461272486803,1.428810137342589,2.2629869699937393,12.405849920501218,15.0,3.0,3.5,0.8,8.307366495466537,29.906519383679534
9,574,21451,19,69.9278,-83.6659,64.4633,2.1286,4.9218,1.5404,3.1318,-0.6302,-1.6038,3.4899,0.0399,-1.7188,0.1228,car,571,53.6952,-47.7337,4.2355,-3.7547,5.6444,0.4218,322.7166,5.660144197809805,20.376519112115297,16.232600000000005,-35.932199999999995,-2.6951,6.8865,7.395096095386456,39.428673571399784,0,09_570_571_21521_ego_571,0,21521,21521,21528,vehicle_vehicle,0.31596461272486803,1.428810137342589,2.2629869699937393,12.405849920501218,15.0,3.0,3.5,0.8,8.307366495466537,29.906519383679534
9,568,21452,229,60.5006,-56.1281,303.6246,2.0523,4.4999,3.9766,-5.8753,1.6418,-0.6078,7.0942,-0.0578,1.4153,-1.0305,car,571,53.8643,-47.8861,4.2055,-3.8544,5.6876,0.4403,321.9211,5.704614764381553,20.53661315177359,6.6362999999999985,-8.242000000000004,-0.22889999999999988,-2.0209,2.0338220226952015,10.581637004263568,0,09_570_571_21521_ego_571,0,21521,21521,21528,vehicle_vehicle,0.31596461272486803,1.428810137342589,2.2629869699937393,12.405849920501218,15.0,3.0,3.5,0.8,8.307366495466537,29.906519383679534
9,569,21452,148,71.8169,-33.5372,210.7494,1.8992,3.847,-6.1774,-4.1837,1.9966,-2.6407,7.448,-0.4372,-0.3658,-3.2902,car,571,53.8643,-47.8861,4.2055,-3.8544,5.6876,0.4403,321.9211,5.704614764381553,20.53661315177359,17.952600000000004,14.3489,-10.3829,-0.3292999999999999,10.388120662564523,22.982314460689118,0,09_570_571_21521_ego_571,0,21521,21521,21528,vehicle_vehicle,0.31596461272486803,1.428810137342589,2.2629869699937393,12.405849920501218,15.0,3.0,3.5,0.8,8.307366495466537,29.906519383679534
9,570,21452,92,75.0856,-75.7432,55.232,2.0884,4.7102,0.9977,1.3208,-0.5176,-0.7363,1.6539,0.0664,-0.9,-0.0053,car,571,53.8643,-47.8861,4.2055,-3.8544,5.6876,0.4403,321.9211,5.704614764381553,20.53661315177359,21.2213,-27.857100000000003,-3.2077999999999998,5.1752,6.088733520199419,35.01944594221902,0,09_570_571_21521_ego_571,1,21521,21521,21528,vehicle_vehicle,0.31596461272486803,1.428810137342589,2.2629869699937393,12.405849920501218,15.0,3.0,3.5,0.8,8.307366495466537,29.906519383679534
9,571,21452,56,53.8643,-47.8861,321.9211,2.0949,4.8005,4.2055,-3.8544,-0.6977,-2.3062,5.6876,0.4403,0.8731,2.2456,car,571,53.8643,-47.8861,4.2055,-3.8544,5.6876,0.4403,321.9211,5.704614764381553,20.53661315177359,0.0,0.0,0.0,0.0,0.0,0.0,1,09_570_571_21521_ego_571,1,21521,21521,21528,vehicle_vehicle,0.31596461272486803,1.428810137342589,2.2629869699937393,12.405849920501218,15.0,3.0,3.5,0.8,8.307366495466537,29.906519383679534
9,574,21452,20,69.9895,-83.5437,64.3634,2.1286,4.9218,1.5139,3.0647,-0.6282,-1.5953,3.418,0.0389,-1.7101,0.1239,car,571,53.8643,-47.8861,4.2055,-3.8544,5.6876,0.4403,321.9211,5.704614764381553,20.53661315177359,16.125200000000007,-35.6576,-2.6915999999999998,6.9191,7.424193920554608,39.13421153926575,0,09_570_571_21521_ego_571,0,21521,21521,21528,vehicle_vehicle,0.31596461272486803,1.428810137342589,2.2629869699937393,12.405849920501218,15.0,3.0,3.5,0.8,8.307366495466537,29.906519383679534
9,568,21453,230,60.6605,-56.3648,303.8354,2.0523,4.4999,4.0441,-5.9022,1.708,-0.5018,7.1544,-0.0728,1.3678,-1.1393,car,571,54.0316,-48.0434,4.1756,-3.9547,5.7329,0.4576,321.1193,5.751111844678384,20.704002640842184,6.628900000000002,-8.321400000000004,-0.13149999999999995,-1.9474999999999998,1.951934553206126,10.638985532934994,0,09_570_571_21521_ego_571,0,21521,21521,21528,vehicle_vehicle,0.31596461272486803,1.428810137342589,2.2629869699937393,12.405849920501218,15.0,3.0,3.5,0.8,8.307366495466537,29.906519383679534
9,569,21453,149,71.5722,-33.708,211.6521,1.8992,3.847,-6.0915,-4.2929,2.0439,-2.5984,7.4381,-0.4577,-0.3763,-3.2844,car,571,54.0316,-48.0434,4.1756,-3.9547,5.7329,0.4576,321.1193,5.751111844678384,20.704002640842184,17.540599999999998,14.3354,-10.2671,-0.3382000000000005,10.27266867225844,22.65339580548576,0,09_570_571_21521_ego_571,0,21521,21521,21528,vehicle_vehicle,0.31596461272486803,1.428810137342589,2.2629869699937393,12.405849920501218,15.0,3.0,3.5,0.8,8.307366495466537,29.906519383679534
9,570,21453,93,75.1278,-75.6887,55.1681,2.0884,4.7102,0.9791,1.2937,-0.5635,-0.7887,1.6211,0.0648,-0.9692,-0.0121,car,571,54.0316,-48.0434,4.1756,-3.9547,5.7329,0.4576,321.1193,5.751111844678384,20.704002640842184,21.096199999999996,-27.6453,-3.1965000000000003,5.2484,6.1451863120657295,34.775167383206075,0,09_570_571_21521_ego_571,1,21521,21521,21528,vehicle_vehicle,0.31596461272486803,1.428810137342589,2.2629869699937393,12.405849920501218,15.0,3.0,3.5,0.8,8.307366495466537,29.906519383679534
9,571,21453,57,54.0316,-48.0434,321.1193,2.0949,4.8005,4.1756,-3.9547,-0.6999,-2.3261,5.7329,0.4576,0.9153,2.2501,car,571,54.0316,-48.0434,4.1756,-3.9547,5.7329,0.4576,321.1193,5.751111844678384,20.704002640842184,0.0,0.0,0.0,0.0,0.0,0.0,1,09_570_571_21521_ego_571,1,21521,21521,21528,vehicle_vehicle,0.31596461272486803,1.428810137342589,2.2629869699937393,12.405849920501218,15.0,3.0,3.5,0.8,8.307366495466537,29.906519383679534
9,574,21453,21,70.05,-83.4241,64.2676,2.1286,4.9218,1.4874,2.9986,-0.6249,-1.5843,3.347,0.038,-1.6985,0.1249,car,571,54.0316,-48.0434,4.1756,-3.9547,5.7329,0.4576,321.1193,5.751111844678384,20.704002640842184,16.0184,-35.3807,-2.6882,6.9533000000000005,7.454850778519984,38.83790765540801,0,09_570_571_21521_ego_571,0,21521,21521,21528,vehicle_vehicle,0.31596461272486803,1.428810137342589,2.2629869699937393,12.405849920501218,15.0,3.0,3.5,0.8,8.307366495466537,29.906519383679534
9,568,21454,231,60.8221,-56.6031,304.0936,2.0523,4.4999,4.1148,-5.9242,1.772,-0.3934,7.2125,-0.0868,1.3191,-1.2469,car,571,54.1969,-48.2058,4.1459,-4.0549,5.7798,0.4738,320.3225,5.799198291143354,20.877113848116075,6.6251999999999995,-8.397299999999994,-0.03110000000000035,-1.8693,1.8695586912424011,10.696163907214581,0,09_570_571_21521_ego_571,0,21521,21521,21528,vehicle_vehicle,0.31596461272486803,1.428810137342589,2.2629869699937393,12.405849920501218,15.0,3.0,3.5,0.8,8.307366495466537,29.906519383679534
9,569,21454,150,71.3313,-33.8831,212.5367,1.8992,3.847,-6.0042,-4.3998,2.0853,-2.5528,7.4282,-0.48,-0.385,-3.2737,car,571,54.1969,-48.2058,4.1459,-4.0549,5.7798,0.4738,320.3225,5.799198291143354,20.877113848116075,17.1344,14.322700000000005,-10.1501,-0.3449,10.155958153714499,22.3322054139308,0,09_570_571_21521_ego_571,0,21521,21521,21528,vehicle_vehicle,0.31596461272486803,1.428810137342589,2.2629869699937393,12.405849920501218,15.0,3.0,3.5,0.8,8.307366495466537,29.906519383679534
9,570,21454,94,75.17,-75.6352,55.1051,2.0884,4.7102,0.9573,1.2635,-0.6108,-0.8429,1.584,0.0623,-1.0408,-0.0188,car,571,54.1969,-48.2058,4.1459,-4.0549,5.7798,0.4738,320.3225,5.799198291143354,20.877113848116075,20.973100000000002,-27.429399999999994,-3.1886,5.3184000000000005,6.20101189484426,34.52887064428838,0,09_570_571_21521_ego_571,1,21521,21521,21528,vehicle_vehicle,0.31596461272486803,1.428810137342589,2.2629869699937393,12.405849920501218,15.0,3.0,3.5,0.8,8.307366495466537,29.906519383679534
9,571,21454,58,54.1969,-48.2058,320.3225,2.0949,4.8005,4.1459,-4.0549,-0.7002,-2.3385,5.7798,0.4738,0.9541,2.2469,car,571,54.1969,-48.2058,4.1459,-4.0549,5.7798,0.4738,320.3225,5.799198291143354,20.877113848116075,0.0,0.0,0.0,0.0,0.0,0.0,1,09_570_571_21521_ego_571,1,21521,21521,21528,vehicle_vehicle,0.31596461272486803,1.428810137342589,2.2629869699937393,12.405849920501218,15.0,3.0,3.5,0.8,8.307366495466537,29.906519383679534
9,574,21454,22,70.1086,-83.3066,64.1724,2.1286,4.9218,1.4611,2.9335,-0.6202,-1.5712,3.277,0.0371,-1.6844,0.1263,car,571,54.1969,-48.2058,4.1459,-4.0549,5.7798,0.4738,320.3225,5.799198291143354,20.877113848116075,15.911699999999996,-35.1008,-2.6848,6.9884,7.486380006384929,38.53892003585466,0,09_570_571_21521_ego_571,0,21521,21521,21528,vehicle_vehicle,0.31596461272486803,1.428810137342589,2.2629869699937393,12.405849920501218,15.0,3.0,3.5,0.8,8.307366495466537,29.906519383679534
9,568,21455,232,60.9864,-56.842,304.3879,2.0523,4.4999,4.1888,-5.9412,1.8333,-0.2835,7.2687,-0.1012,1.2694,-1.3528,car,571,54.3624,-48.3719,4.1163,-4.1547,5.8282,0.4882,319.522,5.848543218614359,21.05475558701169,6.624000000000002,-8.470100000000002,0.07249999999999979,-1.7865000000000002,1.7879704975194644,10.752672691475365,0,09_570_571_21521_ego_571,0,21521,21521,21528,vehicle_vehicle,0.31596461272486803,1.428810137342589,2.2629869699937393,12.405849920501218,15.0,3.0,3.5,0.8,8.307366495466537,29.906519383679534
9,569,21455,151,71.0942,-34.0625,213.4517,1.8992,3.847,-5.9157,-4.5044,2.1215,-2.5045,7.4188,-0.4973,-0.3895,-3.2591,car,571,54.3624,-48.3719,4.1163,-4.1547,5.8282,0.4882,319.522,5.848543218614359,21.05475558701169,16.7318,14.309399999999997,-10.032,-0.34970000000000034,10.03809315009579,22.016177224940755,0,09_570_571_21521_ego_571,0,21521,21521,21528,vehicle_vehicle,0.31596461272486803,1.428810137342589,2.2629869699937393,12.405849920501218,15.0,3.0,3.5,0.8,8.307366495466537,29.906519383679534
9,570,21455,95,75.211,-75.5823,55.0384,2.0884,4.7102,0.9323,1.23,-0.6582,-0.898,1.5423,0.0592,-1.1131,-0.0249,car,571,54.3624,-48.3719,4.1163,-4.1547,5.8282,0.4882,319.522,5.848543218614359,21.05475558701169,20.848599999999998,-27.210400000000007,-3.1839999999999997,5.3847000000000005,6.255625475522012,34.27929389762864,0,09_570_571_21521_ego_571,1,21521,21521,21528,vehicle_vehicle,0.31596461272486803,1.428810137342589,2.2629869699937393,12.405849920501218,15.0,3.0,3.5,0.8,8.307366495466537,29.906519383679534
9,571,21455,59,54.3624,-48.3719,319.522,2.0949,4.8005,4.1163,-4.1547,-0.6989,-2.3441,5.8282,0.4882,0.9901,2.2368,car,571,54.3624,-48.3719,4.1163,-4.1547,5.8282,0.4882,319.522,5.848543218614359,21.05475558701169,0.0,0.0,0.0,0.0,0.0,0.0,1,09_570_571_21521_ego_571,1,21521,21521,21528,vehicle_vehicle,0.31596461272486803,1.428810137342589,2.2629869699937393,12.405849920501218,15.0,3.0,3.5,0.8,8.307366495466537,29.906519383679534
9,574,21455,23,70.166,-83.1917,64.0793,2.1286,4.9218,1.4353,2.8693,-0.6144,-1.5566,3.2081,0.0366,-1.6686,0.1279,car,571,54.3624,-48.3719,4.1163,-4.1547,5.8282,0.4882,319.522,5.848543218614359,21.05475558701169,15.803599999999996,-34.8198,-2.681,7.024,7.51826688805339,38.238360908909264,0,09_570_571_21521_ego_571,0,21521,21521,21528,vehicle_vehicle,0.31596461272486803,1.428810137342589,2.2629869699937393,12.405849920501218,15.0,3.0,3.5,0.8,8.307366495466537,29.906519383679534
9,568,21456,233,61.1535,-57.0817,304.7038,2.0523,4.4999,4.266,-5.9531,1.8911,-0.1726,7.3229,-0.1178,1.2186,-1.4564,car,571,54.5277,-48.5422,4.0862,-4.2539,5.8769,0.5041,318.7505,5.8985333473669534,21.234720050521034,6.625799999999998,-8.539499999999997,0.17980000000000018,-1.6992000000000003,1.70868624387276,10.808528386880424,0,09_570_571_21521_ego_571,0,21521,21521,21528,vehicle_vehicle,0.31596461272486803,1.428810137342589,2.2629869699937393,12.405849920501218,15.0,3.0,3.5,0.8,8.307366495466537,29.906519383679534
9,569,21456,152,70.8607,-34.2463,214.385,1.8992,3.847,-5.8264,-4.6063,2.153,-2.4542,7.4098,-0.5109,-0.3908,-3.2412,car,571,54.5277,-48.5422,4.0862,-4.2539,5.8769,0.5041,318.7505,5.8985333473669534,21.234720050521034,16.33299999999999,14.295900000000003,-9.9126,-0.35240000000000027,9.918862057716096,21.705751445411877,0,09_570_571_21521_ego_571,0,21521,21521,21528,vehicle_vehicle,0.31596461272486803,1.428810137342589,2.2629869699937393,12.405849920501218,15.0,3.0,3.5,0.8,8.307366495466537,29.906519383679534
9,570,21456,96,75.2505,-75.5304,54.9747,2.0884,4.7102,0.9043,1.1929,-0.7045,-0.9526,1.4959,0.0558,-1.1844,-0.0302,car,571,54.5277,-48.5422,4.0862,-4.2539,5.8769,0.5041,318.7505,5.8985333473669534,21.234720050521034,20.7228,-26.9882,-3.1818999999999997,5.4468,6.3080993849177736,34.026421778964654,0,09_570_571_21521_ego_571,1,21521,21521,21528,vehicle_vehicle,0.31596461272486803,1.428810137342589,2.2629869699937393,12.405849920501218,15.0,3.0,3.5,0.8,8.307366495466537,29.906519383679534
9,571,21456,60,54.5277,-48.5422,318.7505,2.0949,4.8005,4.0862,-4.2539,-0.6957,-2.3439,5.8769,0.5041,1.0223,2.2209,car,571,54.5277,-48.5422,4.0862,-4.2539,5.8769,0.5041,318.7505,5.8985333473669534,21.234720050521034,0.0,0.0,0.0,0.0,0.0,0.0,1,09_570_571_21521_ego_571,1,21521,21521,21528,vehicle_vehicle,0.31596461272486803,1.428810137342589,2.2629869699937393,12.405849920501218,15.0,3.0,3.5,0.8,8.307366495466537,29.906519383679534
9,574,21456,24,70.2226,-83.0789,63.9847,2.1286,4.9218,1.4098,2.8061,-0.6076,-1.5408,3.1401,0.0362,-1.6512,0.1298,car,571,54.5277,-48.5422,4.0862,-4.2539,5.8769,0.5041,318.7505,5.8985333473669534,21.234720050521034,15.694899999999997,-34.5367,-2.6764,7.06,7.550279263709389,37.93564989426173,0,09_570_571_21521_ego_571,0,21521,21521,21528,vehicle_vehicle,0.31596461272486803,1.428810137342589,2.2629869699937393,12.405849920501218,15.0,3.0,3.5,0.8,8.307366495466537,29.906519383679534
9,568,21457,234,61.3239,-57.3215,305.0367,2.0523,4.4999,4.3462,-5.9599,1.9447,-0.0615,7.3751,-0.137,1.1668,-1.557,car,571,54.6906,-48.7162,4.0562,-4.3523,5.9266,0.5206,318.0032,5.949392719429437,21.417813789945974,6.633299999999998,-8.6053,0.29000000000000004,-1.6076000000000006,1.6335475995513573,10.86516713999375,0,09_570_571_21521_ego_571,0,21521,21521,21528,vehicle_vehicle,0.31596461272486803,1.428810137342589,2.2629869699937393,12.405849920501218,15.0,3.0,3.5,0.8,8.307366495466537,29.906519383679534
9,569,21457,153,70.631,-34.4342,215.2986,1.8992,3.847,-5.7365,-4.7056,2.1803,-2.4024,7.401,-0.5257,-0.3913,-3.2205,car,571,54.6906,-48.7162,4.0562,-4.3523,5.9266,0.5206,318.0032,5.949392719429437,21.417813789945974,15.940399999999997,14.282000000000004,-9.7927,-0.35329999999999995,9.799071087608253,21.402613769350694,0,09_570_571_21521_ego_571,0,21521,21521,21528,vehicle_vehicle,0.31596461272486803,1.428810137342589,2.2629869699937393,12.405849920501218,15.0,3.0,3.5,0.8,8.307366495466537,29.906519383679534
9,570,21457,97,75.2879,-75.4796,54.9125,2.0884,4.7102,0.8737,1.1522,-0.7488,-1.0052,1.445,0.0527,-1.253,-0.0349,car,571,54.6906,-48.7162,4.0562,-4.3523,5.9266,0.5206,318.0032,5.949392719429437,21.417813789945974,20.59729999999999,-26.763400000000004,-3.1824999999999997,5.504499999999999,6.358288016439645,33.77170926752153,0,09_570_571_21521_ego_571,1,21521,21521,21528,vehicle_vehicle,0.31596461272486803,1.428810137342589,2.2629869699937393,12.405849920501218,15.0,3.0,3.5,0.8,8.307366495466537,29.906519383679534
9,571,21457,61,54.6906,-48.7162,318.0032,2.0949,4.8005,4.0562,-4.3523,-0.6903,-2.3386,5.9266,0.5206,1.0517,2.1999,car,571,54.6906,-48.7162,4.0562,-4.3523,5.9266,0.5206,318.0032,5.949392719429437,21.417813789945974,0.0,0.0,0.0,0.0,0.0,0.0,1,09_570_571_21521_ego_571,1,21521,21521,21528,vehicle_vehicle,0.31596461272486803,1.428810137342589,2.2629869699937393,12.405849920501218,15.0,3.0,3.5,0.8,8.307366495466537,29.906519383679534
9,574,21457,25,70.2784,-82.9683,63.8894,2.1286,4.9218,1.3846,2.7436,-0.5999,-1.5241,3.073,0.0358,-1.6326,0.1321,car,571,54.6906,-48.7162,4.0562,-4.3523,5.9266,0.5206,318.0032,5.949392719429437,21.417813789945974,15.587800000000001,-34.2521,-2.6715999999999998,7.095899999999999,7.582166139699129,37.632244993489294,0,09_570_571_21521_ego_571,0,21521,21521,21528,vehicle_vehicle,0.31596461272486803,1.428810137342589,2.2629869699937393,12.405849920501218,15.0,3.0,3.5,0.8,8.307366495466537,29.906519383679534
9,568,21458,235,61.4982,-57.5613,305.3838,2.0523,4.4999,4.4291,-5.9618,1.9935,0.0492,7.4252,-0.1588,1.1142,-1.6537,car,571,54.8521,-48.8932,4.0265,-4.4501,5.9768,0.5413,317.314,6.00134087183856,21.604827138618816,6.646099999999997,-8.668100000000003,0.4025999999999996,-1.5117000000000003,1.564392421996476,10.922756191547993,0,09_570_571_21521_ego_571,0,21521,21521,21528,vehicle_vehicle,0.31596461272486803,1.428810137342589,2.2629869699937393,12.405849920501218,15.0,3.0,3.5,0.8,8.307366495466537,29.906519383679534
9,569,21458,154,70.4052,-34.6259,216.2294,1.8992,3.847,-5.6463,-4.8022,2.2042,-2.3497,7.3928,-0.5367,-0.3893,-3.1982,car,571,54.8521,-48.8932,4.0265,-4.4501,5.9768,0.5413,317.314,6.00134087183856,21.604827138618816,15.553099999999993,14.267299999999999,-9.6728,-0.3521000000000001,9.679206282025403,21.105799413905167,0,09_570_571_21521_ego_571,0,21521,21521,21528,vehicle_vehicle,0.31596461272486803,1.428810137342589,2.2629869699937393,12.405849920501218,15.0,3.0,3.5,0.8,8.307366495466537,29.906519383679534
9,570,21458,98,75.3244,-75.4311,54.8479,2.0884,4.7102,0.8406,1.108,-0.7903,-1.0546,1.3898,0.0494,-1.3172,-0.039,car,571,54.8521,-48.8932,4.0265,-4.4501,5.9768,0.5413,317.314,6.00134087183856,21.604827138618816,20.472299999999997,-26.5379,-3.1859,5.5581,6.40643695200382,33.516789877612084,0,09_570_571_21521_ego_571,1,21521,21521,21528,vehicle_vehicle,0.31596461272486803,1.428810137342589,2.2629869699937393,12.405849920501218,15.0,3.0,3.5,0.8,8.307366495466537,29.906519383679534
9,571,21458,62,54.8521,-48.8932,317.314,2.0949,4.8005,4.0265,-4.4501,-0.6828,-2.3289,5.9768,0.5413,1.077,2.1749,car,571,54.8521,-48.8932,4.0265,-4.4501,5.9768,0.5413,317.314,6.00134087183856,21.604827138618816,0.0,0.0,0.0,0.0,0.0,0.0,1,09_570_571_21521_ego_571,1,21521,21521,21528,vehicle_vehicle,0.31596461272486803,1.428810137342589,2.2629869699937393,12.405849920501218,15.0,3.0,3.5,0.8,8.307366495466537,29.906519383679534
9,574,21458,26,70.3326,-82.8597,63.7925,2.1286,4.9218,1.36,2.6818,-0.5915,-1.5066,3.0067,0.0359,-1.613,0.1347,car,571,54.8521,-48.8932,4.0265,-4.4501,5.9768,0.5413,317.314,6.00134087183856,21.604827138618816,15.4805,-33.9665,-2.6665,7.1319,7.614080368632839,37.327858262964945,0,09_570_571_21521_ego_571,0,21521,21521,21528,vehicle_vehicle,0.31596461272486803,1.428810137342589,2.2629869699937393,12.405849920501218,15.0,3.0,3.5,0.8,8.307366495466537,29.906519383679534
9,568,21459,236,61.6768,-57.8007,305.7471,2.0523,4.4999,4.5139,-5.9588,2.0372,0.1591,7.4732,-0.1823,1.061,-1.7463,car,571,55.0127,-49.0736,3.997,-4.5472,6.0285,0.5577,316.6003,6.054175157690765,21.795030567686755,6.664099999999998,-8.7271,0.5168999999999997,-1.4116,1.5032631738987021,10.98055113461979,0,09_570_571_21521_ego_571,0,21521,21521,21528,vehicle_vehicle,0.31596461272486803,1.428810137342589,2.2629869699937393,12.405849920501218,15.0,3.0,3.5,0.8,8.307366495466537,29.906519383679534
9,569,21459,155,70.1829,-34.8217,217.1832,1.8992,3.847,-5.5558,-4.896,2.2254,-2.297,7.3853,-0.5429,-0.3848,-3.175,car,571,55.0127,-49.0736,3.997,-4.5472,6.0285,0.5577,316.6003,6.054175157690765,21.795030567686755,15.170200000000001,14.2519,-9.5528,-0.3487999999999998,9.559165720919372,20.814697250981098,0,09_570_571_21521_ego_571,0,21521,21521,21528,vehicle_vehicle,0.31596461272486803,1.428810137342589,2.2629869699937393,12.405849920501218,15.0,3.0,3.5,0.8,8.307366495466537,29.906519383679534
9,570,21459,99,75.3587,-75.3845,54.7801,2.0884,4.7102,0.8052,1.0606,-0.8283,-1.0993,1.3308,0.0462,-1.3757,-0.0427,car,571,55.0127,-49.0736,3.997,-4.5472,6.0285,0.5577,316.6003,6.054175157690765,21.795030567686755,20.345999999999997,-26.310900000000004,-3.1917999999999997,5.6078,6.452519514112298,33.25993347573022,0,09_570_571_21521_ego_571,1,21521,21521,21528,vehicle_vehicle,0.31596461272486803,1.428810137342589,2.2629869699937393,12.405849920501218,15.0,3.0,3.5,0.8,8.307366495466537,29.906519383679534
9,571,21459,63,55.0127,-49.0736,316.6003,2.0949,4.8005,3.997,-4.5472,-0.6732,-2.3151,6.0285,0.5577,1.1016,2.1447,car,571,55.0127,-49.0736,3.997,-4.5472,6.0285,0.5577,316.6003,6.054175157690765,21.795030567686755,0.0,0.0,0.0,0.0,0.0,0.0,1,09_570_571_21521_ego_571,1,21521,21521,21528,vehicle_vehicle,0.31596461272486803,1.428810137342589,2.2629869699937393,12.405849920501218,15.0,3.0,3.5,0.8,8.307366495466537,29.906519383679534
9,574,21459,27,70.3857,-82.7535,63.6911,2.1286,4.9218,1.3361,2.6206,-0.5826,-1.4882,2.9413,0.0362,-1.5923,0.1373,car,571,55.0127,-49.0736,3.997,-4.5472,6.0285,0.5577,316.6003,6.054175157690765,21.795030567686755,15.372999999999998,-33.6799,-2.6609,7.1678,7.645766518145842,37.022490367477985,0,09_570_571_21521_ego_571,0,21521,21521,21528,vehicle_vehicle,0.31596461272486803,1.428810137342589,2.2629869699937393,12.405849920501218,15.0,3.0,3.5,0.8,8.307366495466537,29.906519383679534
9,568,21460,237,61.8589,-58.0396,306.125,2.0523,4.4999,4.6005,-5.9511,2.0758,0.2678,7.5191,-0.2075,1.0074,-1.8346,car,571,55.1709,-49.2593,3.9684,-4.6431,6.0813,0.5695,315.8705,6.107910949743783,21.988479419077617,6.687999999999995,-8.780299999999997,0.6321000000000003,-1.3080000000000007,1.4527265434347933,11.037346243096657,0,09_570_571_21521_ego_571,0,21521,21521,21528,vehicle_vehicle,0.31596461272486803,1.428810137342589,2.2629869699937393,12.405849920501218,15.0,3.0,3.5,0.8,8.307366495466537,29.906519383679534
9,569,21460,156,69.9639,-35.0212,218.1634,1.8992,3.847,-5.465,-4.9869,2.2447,-2.2448,7.3783,-0.5441,-0.3778,-3.152,car,571,55.1709,-49.2593,3.9684,-4.6431,6.0813,0.5695,315.8705,6.107910949743783,21.988479419077617,14.792999999999992,14.238100000000003,-9.433399999999999,-0.34380000000000077,9.43966281177458,20.531837243900018,0,09_570_571_21521_ego_571,0,21521,21521,21528,vehicle_vehicle,0.31596461272486803,1.428810137342589,2.2629869699937393,12.405849920501218,15.0,3.0,3.5,0.8,8.307366495466537,29.906519383679534
9,570,21460,100,75.3918,-75.3407,54.7154,2.0884,4.7102,0.7677,1.0105,-0.8622,-1.1383,1.2683,0.043,-1.4273,-0.0463,car,571,55.1709,-49.2593,3.9684,-4.6431,6.0813,0.5695,315.8705,6.107910949743783,21.988479419077617,20.2209,-26.081399999999995,-3.2007,5.653599999999999,6.496743295682845,33.001882109510056,0,09_570_571_21521_ego_571,1,21521,21521,21528,vehicle_vehicle,0.31596461272486803,1.428810137342589,2.2629869699937393,12.405849920501218,15.0,3.0,3.5,0.8,8.307366495466537,29.906519383679534
9,571,21460,64,55.1709,-49.2593,315.8705,2.0949,4.8005,3.9684,-4.6431,-0.6617,-2.2978,6.0813,0.5695,1.125,2.11,car,571,55.1709,-49.2593,3.9684,-4.6431,6.0813,0.5695,315.8705,6.107910949743783,21.988479419077617,0.0,0.0,0.0,0.0,0.0,0.0,1,09_570_571_21521_ego_571,1,21521,21521,21528,vehicle_vehicle,0.31596461272486803,1.428810137342589,2.2629869699937393,12.405849920501218,15.0,3.0,3.5,0.8,8.307366495466537,29.906519383679534
9,574,21460,28,70.4378,-82.6494,63.5923,2.1286,4.9218,1.3129,2.56,-0.5737,-1.4689,2.8768,0.0373,-1.5707,0.1395,car,571,55.1709,-49.2593,3.9684,-4.6431,6.0813,0.5695,315.8705,6.107910949743783,21.988479419077617,15.266899999999993,-33.3901,-2.6555,7.203099999999999,7.677000056011462,36.71480646306065,0,09_570_571_21521_ego_571,0,21521,21521,21528,vehicle_vehicle,0.31596461272486803,1.428810137342589,2.2629869699937393,12.405849920501218,15.0,3.0,3.5,0.8,8.307366495466537,29.906519383679534
9,568,21461,238,62.0448,-58.2785,306.5307,2.0523,4.4999,4.6886,-5.9387,2.1093,0.3751,7.5629,-0.2324,0.9542,-1.9182,car,571,55.3303,-49.4468,3.9398,-4.7382,6.135,0.5789,315.1333,6.16218818927173,22.18387748137823,6.714500000000001,-8.831699999999998,0.7488000000000001,-1.2005,1.4148857515714828,11.094297415339106,0,09_570_571_21521_ego_571,0,21521,21521,21528,vehicle_vehicle,0.31596461272486803,1.428810137342589,2.2629869699937393,12.405849920501218,15.0,3.0,3.5,0.8,8.307366495466537,29.906519383679534
9,569,21461,157,69.748,-35.2238,219.1637,1.8992,3.847,-5.3739,-5.0752,2.2623,-2.1939,7.3718,-0.5412,-0.3686,-3.1298,car,571,55.3303,-49.4468,3.9398,-4.7382,6.135,0.5789,315.1333,6.16218818927173,22.18387748137823,14.417700000000004,14.223000000000006,-9.3137,-0.33699999999999974,9.319794884545475,20.25250113664977,0,09_570_571_21521_ego_571,0,21521,21521,21528,vehicle_vehicle,0.31596461272486803,1.428810137342589,2.2629869699937393,12.405849920501218,15.0,3.0,3.5,0.8,8.307366495466537,29.906519383679534
9,570,21461,101,75.4228,-75.2993,54.6476,2.0884,4.7102,0.7284,0.9581,-0.8916,-1.1709,1.2029,0.0398,-1.4709,-0.0497,car,571,55.3303,-49.4468,3.9398,-4.7382,6.135,0.5789,315.1333,6.16218818927173,22.18387748137823,20.092499999999994,-25.8525,-3.2114,5.6963,6.53918371434845,32.7423321176119,0,09_570_571_21521_ego_571,1,21521,21521,21528,vehicle_vehicle,0.31596461272486803,1.428810137342589,2.2629869699937393,12.405849920501218,15.0,3.0,3.5,0.8,8.307366495466537,29.906519383679534
9,571,21461,65,55.3303,-49.4468,315.1333,2.0949,4.8005,3.9398,-4.7382,-0.6482,-2.2771,6.135,0.5789,1.147,2.0712,car,571,55.3303,-49.4468,3.9398,-4.7382,6.135,0.5789,315.1333,6.16218818927173,22.18387748137823,0.0,0.0,0.0,0.0,0.0,0.0,1,09_570_571_21521_ego_571,1,21521,21521,21528,vehicle_vehicle,0.31596461272486803,1.428810137342589,2.2629869699937393,12.405849920501218,15.0,3.0,3.5,0.8,8.307366495466537,29.906519383679534
9,574,21461,29,70.4887,-82.5484,63.4948,2.1286,4.9218,1.2905,2.5003,-0.565,-1.4484,2.8134,0.039,-1.5484,0.1408,car,571,55.3303,-49.4468,3.9398,-4.7382,6.135,0.5789,315.1333,6.16218818927173,22.18387748137823,15.158399999999993,-33.1016,-2.6493,7.2385,7.708091381139692,36.407320872593736,0,09_570_571_21521_ego_571,0,21521,21521,21528,vehicle_vehicle,0.31596461272486803,1.428810137342589,2.2629869699937393,12.405849920501218,15.0,3.0,3.5,0.8,8.307366495466537,29.906519383679534
9,568,21462,239,62.2347,-58.5167,306.9294,2.0523,4.4999,4.7777,-5.9216,2.1379,0.4805,7.6042,-0.2613,0.9004,-1.9977,car,571,55.4897,-49.6364,3.9108,-4.8332,6.1896,0.5855,314.3818,6.21724849752686,22.3820945910967,6.744999999999997,-8.880299999999998,0.8669000000000002,-1.0884,1.3914489462427289,11.151446233112544,0,09_570_571_21521_ego_571,0,21521,21521,21528,vehicle_vehicle,0.31596461272486803,1.428810137342589,2.2629869699937393,12.405849920501218,15.0,3.0,3.5,0.8,8.307366495466537,29.906519383679534
9,569,21462,158,69.5354,-35.4293,220.1634,1.8992,3.847,-5.2822,-5.1611,2.2787,-2.1446,7.3655,-0.5373,-0.3582,-3.1086,car,571,55.4897,-49.6364,3.9108,-4.8332,6.1896,0.5855,314.3818,6.21724849752686,22.3820945910967,14.045699999999997,14.207100000000004,-9.193,-0.3279000000000005,9.198845982513241,19.97807245206604,0,09_570_571_21521_ego_571,0,21521,21521,21528,vehicle_vehicle,0.31596461272486803,1.428810137342589,2.2629869699937393,12.405849920501218,15.0,3.0,3.5,0.8,8.307366495466537,29.906519383679534
9,570,21462,102,75.4523,-75.2613,54.5735,2.0884,4.7102,0.6876,0.9041,-0.916,-1.1965,1.1353,0.0362,-1.5059,-0.0529,car,571,55.4897,-49.6364,3.9108,-4.8332,6.1896,0.5855,314.3818,6.21724849752686,22.3820945910967,19.962599999999995,-25.624900000000004,-3.2232000000000003,5.737299999999999,6.580701294694965,32.482932422581555,0,09_570_571_21521_ego_571,1,21521,21521,21528,vehicle_vehicle,0.31596461272486803,1.428810137342589,2.2629869699937393,12.405849920501218,15.0,3.0,3.5,0.8,8.307366495466537,29.906519383679534
9,571,21462,66,55.4897,-49.6364,314.3818,2.0949,4.8005,3.9108,-4.8332,-0.6322,-2.2529,6.1896,0.5855,1.168,2.0276,car,571,55.4897,-49.6364,3.9108,-4.8332,6.1896,0.5855,314.3818,6.21724849752686,22.3820945910967,0.0,0.0,0.0,0.0,0.0,0.0,1,09_570_571_21521_ego_571,1,21521,21521,21528,vehicle_vehicle,0.31596461272486803,1.428810137342589,2.2629869699937393,12.405849920501218,15.0,3.0,3.5,0.8,8.307366495466537,29.906519383679534
9,574,21462,30,70.5387,-82.4506,63.3987,2.1286,4.9218,1.2689,2.4418,-0.5572,-1.4272,2.7515,0.0412,-1.5256,0.1409,car,571,55.4897,-49.6364,3.9108,-4.8332,6.1896,0.5855,314.3818,6.21724849752686,22.3820945910967,15.049000000000007,-32.81419999999999,-2.6419,7.275,7.739848875139618,36.10047260964875,0,09_570_571_21521_ego_571,0,21521,21521,21528,vehicle_vehicle,0.31596461272486803,1.428810137342589,2.2629869699937393,12.405849920501218,15.0,3.0,3.5,0.8,8.307366495466537,29.906519383679534
9,568,21463,240,62.4282,-58.7538,307.3441,2.0523,4.4999,4.8678,-5.9001,2.1619,0.5836,7.6434,-0.2909,0.8474,-2.0727,car,571,55.6472,-49.8303,3.8818,-4.9278,6.2453,0.5888,313.6147,6.2730840963596215,22.58310274689464,6.780999999999999,-8.923499999999997,0.9859999999999998,-0.9722999999999997,1.3847610949185418,11.207622997317493,0,09_570_571_21521_ego_571,0,21521,21521,21528,vehicle_vehicle,0.31596461272486803,1.428810137342589,2.2629869699937393,12.405849920501218,15.0,3.0,3.5,0.8,8.307366495466537,29.906519383679534
9,569,21463,159,69.3263,-35.6381,221.1557,1.8992,3.847,-5.1901,-5.2448,2.2941,-2.0973,7.3594,-0.5333,-0.347,-3.0888,car,571,55.6472,-49.8303,3.8818,-4.9278,6.2453,0.5888,313.6147,6.2730840963596215,22.58310274689464,13.679100000000005,14.1922,-9.0719,-0.3169999999999993,9.077436786340073,19.711324604145712,0,09_570_571_21521_ego_571,0,21521,21521,21528,vehicle_vehicle,0.31596461272486803,1.428810137342589,2.2629869699937393,12.405849920501218,15.0,3.0,3.5,0.8,8.307366495466537,29.906519383679534
9,570,21463,103,75.4794,-75.2255,54.5153,2.0884,4.7102,0.6456,0.8489,-0.9351,-1.2148,1.066,0.0329,-1.532,-0.0563,car,571,55.6472,-49.8303,3.8818,-4.9278,6.2453,0.5888,313.6147,6.2730840963596215,22.58310274689464,19.8322,-25.395199999999996,-3.2362,5.7767,6.621423814407291,32.22161293107469,0,09_570_571_21521_ego_571,1,21521,21521,21528,vehicle_vehicle,0.31596461272486803,1.428810137342589,2.2629869699937393,12.405849920501218,15.0,3.0,3.5,0.8,8.307366495466537,29.906519383679534
9,571,21463,67,55.6472,-49.8303,313.6147,2.0949,4.8005,3.8818,-4.9278,-0.6127,-2.2245,6.2453,0.5888,1.1879,1.9781,car,571,55.6472,-49.8303,3.8818,-4.9278,6.2453,0.5888,313.6147,6.2730840963596215,22.58310274689464,0.0,0.0,0.0,0.0,0.0,0.0,1,09_570_571_21521_ego_571,1,21521,21521,21528,vehicle_vehicle,0.31596461272486803,1.428810137342589,2.2629869699937393,12.405849920501218,15.0,3.0,3.5,0.8,8.307366495466537,29.906519383679534
9,574,21463,31,70.588,-82.3551,63.309,2.1286,4.9218,1.248,2.3845,-0.5505,-1.4057,2.691,0.044,-1.5032,0.1395,car,571,55.6472,-49.8303,3.8818,-4.9278,6.2453,0.5888,313.6147,6.2730840963596215,22.58310274689464,14.940799999999996,-32.52479999999999,-2.6338,7.3123000000000005,7.7721704645484975,35.792319283332276,0,09_570_571_21521_ego_571,0,21521,21521,21528,vehicle_vehicle,0.31596461272486803,1.428810137342589,2.2629869699937393,12.405849920501218,15.0,3.0,3.5,0.8,8.307366495466537,29.906519383679534
9,568,21464,241,62.6253,-58.9898,307.8129,2.0523,4.4999,4.9585,-5.8742,2.1815,0.6843,7.6807,-0.3159,0.7968,-2.1429,car,571,55.8038,-50.028,3.8528,-5.0217,6.302,0.5881,312.8277,6.32941851436607,22.785906651717852,6.8215,-8.961800000000004,1.1057000000000001,-0.8525,1.3961836340539164,11.262624982214406,0,09_570_571_21521_ego_571,0,21521,21521,21528,vehicle_vehicle,0.31596461272486803,1.428810137342589,2.2629869699937393,12.405849920501218,15.0,3.0,3.5,0.8,8.307366495466537,29.906519383679534
9,569,21464,160,69.1212,-35.8503,222.1429,1.8992,3.847,-5.0976,-5.3264,2.3085,-2.0521,7.3537,-0.529,-0.3348,-3.0706,car,571,55.8038,-50.028,3.8528,-5.0217,6.302,0.5881,312.8277,6.32941851436607,22.785906651717852,13.3174,14.177700000000002,-8.9504,-0.3046999999999995,8.955584975310101,19.451486319816283,0,09_570_571_21521_ego_571,0,21521,21521,21528,vehicle_vehicle,0.31596461272486803,1.428810137342589,2.2629869699937393,12.405849920501218,15.0,3.0,3.5,0.8,8.307366495466537,29.906519383679534
9,570,21464,104,75.5049,-75.1926,54.4513,2.0884,4.7102,0.6027,0.793,-0.9488,-1.2257,0.9956,0.0293,-1.5489,-0.0593,car,571,55.8038,-50.028,3.8528,-5.0217,6.302,0.5881,312.8277,6.32941851436607,22.785906651717852,19.701100000000004,-25.1646,-3.2500999999999998,5.8147,6.661372688868264,31.959199526427444,0,09_570_571_21521_ego_571,1,21521,21521,21528,vehicle_vehicle,0.31596461272486803,1.428810137342589,2.2629869699937393,12.405849920501218,15.0,3.0,3.5,0.8,8.307366495466537,29.906519383679534
9,571,21464,68,55.8038,-50.028,312.8277,2.0949,4.8005,3.8528,-5.0217,-0.5892,-2.1915,6.302,0.5881,1.2067,1.9218,car,571,55.8038,-50.028,3.8528,-5.0217,6.302,0.5881,312.8277,6.32941851436607,22.785906651717852,0.0,0.0,0.0,0.0,0.0,0.0,1,09_570_571_21521_ego_571,1,21521,21521,21528,vehicle_vehicle,0.31596461272486803,1.428810137342589,2.2629869699937393,12.405849920501218,15.0,3.0,3.5,0.8,8.307366495466537,29.906519383679534
9,574,21464,32,70.6369,-82.2618,63.22,2.1286,4.9218,1.2276,2.3285,-0.5454,-1.3841,2.6319,0.0468,-1.4814,0.1367,car,571,55.8038,-50.028,3.8528,-5.0217,6.302,0.5881,312.8277,6.32941851436607,22.785906651717852,14.833099999999995,-32.233799999999995,-2.6251999999999995,7.3502,7.804941708943123,35.48293558951964,0,09_570_571_21521_ego_571,0,21521,21521,21528,vehicle_vehicle,0.31596461272486803,1.428810137342589,2.2629869699937393,12.405849920501218,15.0,3.0,3.5,0.8,8.307366495466537,29.906519383679534
9,568,21465,242,62.8261,-59.2242,308.3443,2.0523,4.4999,5.0497,-5.8443,2.1969,0.7826,7.7164,-0.3347,0.7492,-2.2085,car,571,55.9584,-50.2305,3.8244,-5.1143,6.3595,0.5827,312.0242,6.3860864267562185,22.989911136322387,6.867699999999999,-8.993700000000004,1.2252999999999998,-0.7299999999999995,1.4262748998702877,11.316003843230174,0,09_570_571_21521_ego_571,0,21521,21521,21528,vehicle_vehicle,0.31596461272486803,1.428810137342589,2.2629869699937393,12.405849920501218,15.0,3.0,3.5,0.8,8.307366495466537,29.906519383679534
9,569,21465,161,68.9194,-36.0651,223.1251,1.8992,3.847,-5.0047,-5.4061,2.3223,-2.0093,7.3483,-0.5246,-0.3214,-3.054,car,571,55.9584,-50.2305,3.8244,-5.1143,6.3595,0.5827,312.0242,6.3860864267562185,22.989911136322387,12.960999999999999,14.165399999999998,-8.8291,-0.2918000000000003,8.833920649971903,19.200158284764214,0,09_570_571_21521_ego_571,0,21521,21521,21528,vehicle_vehicle,0.31596461272486803,1.428810137342589,2.2629869699937393,12.405849920501218,15.0,3.0,3.5,0.8,8.307366495466537,29.906519383679534
9,570,21465,105,75.5286,-75.1618,54.3976,2.0884,4.7102,0.5591,0.7366,-0.9569,-1.2294,0.9244,0.0258,-1.5567,-0.0624,car,571,55.9584,-50.2305,3.8244,-5.1143,6.3595,0.5827,312.0242,6.3860864267562185,22.989911136322387,19.5702,-24.9313,-3.2653,5.8509,6.700389160339868,31.694833139330456,0,09_570_571_21521_ego_571,1,21521,21521,21528,vehicle_vehicle,0.31596461272486803,1.428810137342589,2.2629869699937393,12.405849920501218,15.0,3.0,3.5,0.8,8.307366495466537,29.906519383679534
9,571,21465,69,55.9584,-50.2305,312.0242,2.0949,4.8005,3.8244,-5.1143,-0.561,-2.1535,6.3595,0.5827,1.2242,1.8584,car,571,55.9584,-50.2305,3.8244,-5.1143,6.3595,0.5827,312.0242,6.3860864267562185,22.989911136322387,0.0,0.0,0.0,0.0,0.0,0.0,1,09_570_571_21521_ego_571,1,21521,21521,21528,vehicle_vehicle,0.31596461272486803,1.428810137342589,2.2629869699937393,12.405849920501218,15.0,3.0,3.5,0.8,8.307366495466537,29.906519383679534
9,574,21465,33,70.685,-82.1708,63.1308,2.1286,4.9218,1.2077,2.2738,-0.5421,-1.363,2.5741,0.0497,-1.4608,0.1325,car,571,55.9584,-50.2305,3.8244,-5.1143,6.3595,0.5827,312.0242,6.3860864267562185,22.989911136322387,14.726600000000005,-31.9403,-2.6167,7.3881,7.8378020196991445,35.1717999489648,0,09_570_571_21521_ego_571,0,21521,21521,21528,vehicle_vehicle,0.31596461272486803,1.428810137342589,2.2629869699937393,12.405849920501218,15.0,3.0,3.5,0.8,8.307366495466537,29.906519383679534
9,568,21466,243,63.0312,-59.458,308.8857,2.0523,4.4999,5.141,-5.8103,2.2088,0.8781,7.75,-0.3542,0.7031,-2.2706,car,571,56.1117,-50.4374,3.7969,-5.2052,6.4172,0.5739,311.2188,6.442868666207623,23.194327198347445,6.919499999999999,-9.020600000000002,1.3441,-0.6051000000000002,1.474025379700092,11.368847989572208,0,09_570_571_21521_ego_571,0,21521,21521,21528,vehicle_vehicle,0.31596461272486803,1.428810137342589,2.2629869699937393,12.405849920501218,15.0,3.0,3.5,0.8,8.307366495466537,29.906519383679534
9,569,21466,162,68.7209,-36.2829,224.1121,1.8992,3.847,-4.911,-5.4841,2.3355,-1.9689,7.3433,-0.5191,-0.3064,-3.0392,car,571,56.1117,-50.4374,3.7969,-5.2052,6.4172,0.5739,311.2188,6.442868666207623,23.194327198347445,12.609200000000001,14.154499999999999,-8.707899999999999,-0.27890000000000015,8.712365213878488,18.9563127978518,0,09_570_571_21521_ego_571,0,21521,21521,21528,vehicle_vehicle,0.31596461272486803,1.428810137342589,2.2629869699937393,12.405849920501218,15.0,3.0,3.5,0.8,8.307366495466537,29.906519383679534
9,570,21466,106,75.5511,-75.1334,54.3556,2.0884,4.7102,0.5148,0.6801,-0.9592,-1.2257,0.8527,0.022,-1.555,-0.0653,car,571,56.1117,-50.4374,3.7969,-5.2052,6.4172,0.5739,311.2188,6.442868666207623,23.194327198347445,19.439400000000006,-24.695999999999998,-3.2821,5.8853,6.738615325124294,31.42901029876697,0,09_570_571_21521_ego_571,1,21521,21521,21528,vehicle_vehicle,0.31596461272486803,1.428810137342589,2.2629869699937393,12.405849920501218,15.0,3.0,3.5,0.8,8.307366495466537,29.906519383679534
9,571,21466,70,56.1117,-50.4374,311.2188,2.0949,4.8005,3.7969,-5.2052,-0.5279,-2.1106,6.4172,0.5739,1.2398,1.7878,car,571,56.1117,-50.4374,3.7969,-5.2052,6.4172,0.5739,311.2188,6.442868666207623,23.194327198347445,0.0,0.0,0.0,0.0,0.0,0.0,1,09_570_571_21521_ego_571,1,21521,21521,21528,vehicle_vehicle,0.31596461272486803,1.428810137342589,2.2629869699937393,12.405849920501218,15.0,3.0,3.5,0.8,8.307366495466537,29.906519383679534
9,574,21466,34,70.7323,-82.082,63.0509,2.1286,4.9218,1.1881,2.2203,-0.5407,-1.3427,2.5176,0.0529,-1.4419,0.1265,car,571,56.1117,-50.4374,3.7969,-5.2052,6.4172,0.5739,311.2188,6.442868666207623,23.194327198347445,14.620599999999996,-31.644599999999997,-2.6088,7.4254999999999995,7.870443932206111,34.85889633250025,0,09_570_571_21521_ego_571,0,21521,21521,21528,vehicle_vehicle,0.31596461272486803,1.428810137342589,2.2629869699937393,12.405849920501218,15.0,3.0,3.5,0.8,8.307366495466537,29.906519383679534
9,568,21467,244,63.2396,-59.6899,309.4818,2.0523,4.4999,5.2323,-5.7723,2.2174,0.9709,7.7821,-0.3682,0.6605,-2.3287,car,571,56.2642,-50.6473,3.7702,-5.2943,6.4754,0.5597,310.3954,6.499540024494041,23.398344088178547,6.9754000000000005,-9.0426,1.4621000000000004,-0.47800000000000065,1.5382523882640333,11.420368642036035,0,09_570_571_21521_ego_571,0,21521,21521,21528,vehicle_vehicle,0.31596461272486803,1.428810137342589,2.2629869699937393,12.405849920501218,15.0,3.0,3.5,0.8,8.307366495466537,29.906519383679534
9,569,21467,163,68.5262,-36.5039,225.1027,1.8992,3.847,-4.8169,-5.5605,2.3479,-1.9308,7.3389,-0.5127,-0.2895,-3.026,car,571,56.2642,-50.6473,3.7702,-5.2943,6.4754,0.5597,310.3954,6.499540024494041,23.398344088178547,12.262,14.1434,-8.5871,-0.26620000000000044,8.591225107631622,18.718771529136202,0,09_570_571_21521_ego_571,0,21521,21521,21528,vehicle_vehicle,0.31596461272486803,1.428810137342589,2.2629869699937393,12.405849920501218,15.0,3.0,3.5,0.8,8.307366495466537,29.906519383679534
9,570,21467,107,75.5713,-75.1073,54.3154,2.0884,4.7102,0.4703,0.6238,-0.9555,-1.2147,0.781,0.0181,-1.544,-0.0675,car,571,56.2642,-50.6473,3.7702,-5.2943,6.4754,0.5597,310.3954,6.499540024494041,23.398344088178547,19.30709999999999,-24.459999999999994,-3.2999,5.9181,6.775931494635996,31.161766805012828,0,09_570_571_21521_ego_571,1,21521,21521,21528,vehicle_vehicle,0.31596461272486803,1.428810137342589,2.2629869699937393,12.405849920501218,15.0,3.0,3.5,0.8,8.307366495466537,29.906519383679534
9,571,21467,71,56.2642,-50.6473,310.3954,2.0949,4.8005,3.7702,-5.2943,-0.4894,-2.063,6.4754,0.5597,1.2541,1.7097,car,571,56.2642,-50.6473,3.7702,-5.2943,6.4754,0.5597,310.3954,6.499540024494041,23.398344088178547,0.0,0.0,0.0,0.0,0.0,0.0,1,09_570_571_21521_ego_571,1,21521,21521,21528,vehicle_vehicle,0.31596461272486803,1.428810137342589,2.2629869699937393,12.405849920501218,15.0,3.0,3.5,0.8,8.307366495466537,29.906519383679534
9,574,21467,35,70.7789,-81.995,62.9696,2.1286,4.9218,1.1688,2.1679,-0.5415,-1.3236,2.4623,0.0559,-1.4251,0.1192,car,571,56.2642,-50.6473,3.7702,-5.2943,6.4754,0.5597,310.3954,6.499540024494041,23.398344088178547,14.51469999999999,-31.347700000000003,-2.6014,7.462199999999999,7.902639483109424,34.54496796032672,0,09_570_571_21521_ego_571,0,21521,21521,21528,vehicle_vehicle,0.31596461272486803,1.428810137342589,2.2629869699937393,12.405849920501218,15.0,3.0,3.5,0.8,8.307366495466537,29.906519383679534
9,568,21468,245,63.4514,-59.9202,310.1238,2.0523,4.4999,5.3238,-5.7305,2.2231,1.0608,7.8127,-0.3778,0.6215,-2.3835,car,571,56.4159,-50.8608,3.7446,-5.3815,6.5335,0.5432,309.5844,6.556109472087848,23.601994099516254,7.035499999999999,-9.059400000000004,1.5792000000000002,-0.3490000000000002,1.6173044364002718,11.470439774045285,0,09_570_571_21521_ego_571,0,21521,21521,21528,vehicle_vehicle,0.31596461272486803,1.428810137342589,2.2629869699937393,12.405849920501218,15.0,3.0,3.5,0.8,8.307366495466537,29.906519383679534
9,569,21468,164,68.3354,-36.7273,226.0924,1.8992,3.847,-4.7222,-5.6356,2.3595,-1.895,7.335,-0.5061,-0.271,-3.0141,car,571,56.4159,-50.8608,3.7446,-5.3815,6.5335,0.5432,309.5844,6.556109472087848,23.601994099516254,11.919500000000006,14.133499999999998,-8.4668,-0.2541000000000002,8.470612082370435,18.488653344686846,0,09_570_571_21521_ego_571,0,21521,21521,21528,vehicle_vehicle,0.31596461272486803,1.428810137342589,2.2629869699937393,12.405849920501218,15.0,3.0,3.5,0.8,8.307366495466537,29.906519383679534
9,570,21468,108,75.5894,-75.0839,54.2711,2.0884,4.7102,0.4259,0.5682,-0.9456,-1.1965,0.7099,0.014,-1.5235,-0.0689,car,571,56.4159,-50.8608,3.7446,-5.3815,6.5335,0.5432,309.5844,6.556109472087848,23.601994099516254,19.173499999999997,-24.223100000000002,-3.3187,5.9497,6.812686678543202,30.893068411214838,0,09_570_571_21521_ego_571,1,21521,21521,21528,vehicle_vehicle,0.31596461272486803,1.428810137342589,2.2629869699937393,12.405849920501218,15.0,3.0,3.5,0.8,8.307366495466537,29.906519383679534
9,571,21468,72,56.4159,-50.8608,309.5844,2.0949,4.8005,3.7446,-5.3815,-0.4451,-2.0108,6.5335,0.5432,1.2661,1.6243,car,571,56.4159,-50.8608,3.7446,-5.3815,6.5335,0.5432,309.5844,6.556109472087848,23.601994099516254,0.0,0.0,0.0,0.0,0.0,0.0,1,09_570_571_21521_ego_571,1,21521,21521,21528,vehicle_vehicle,0.31596461272486803,1.428810137342589,2.2629869699937393,12.405849920501218,15.0,3.0,3.5,0.8,8.307366495466537,29.906519383679534
9,574,21468,36,70.825,-81.9105,62.8909,2.1286,4.9218,1.1495,2.1168,-0.5447,-1.3061,2.408,0.0586,-1.4108,0.1103,car,571,56.4159,-50.8608,3.7446,-5.3815,6.5335,0.5432,309.5844,6.556109472087848,23.601994099516254,14.409100000000002,-31.0497,-2.5951000000000004,7.4983,7.934673710997825,34.23019183264973,0,09_570_571_21521_ego_571,0,21521,21521,21528,vehicle_vehicle,0.31596461272486803,1.428810137342589,2.2629869699937393,12.405849920501218,15.0,3.0,3.5,0.8,8.307366495466537,29.906519383679534
9,568,21469,246,63.6669,-60.149,310.7464,2.0523,4.4999,5.4151,-5.685,2.2262,1.1477,7.8415,-0.3918,0.5836,-2.4357,car,571,56.5654,-51.079,3.7207,-5.4661,6.5915,0.5228,308.778,6.6122505775265354,23.80410207909553,7.1015000000000015,-9.07,1.6944,-0.21889999999999965,1.7084813636677456,11.51938376172962,0,09_570_571_21521_ego_571,0,21521,21521,21528,vehicle_vehicle,0.31596461272486803,1.428810137342589,2.2629869699937393,12.405849920501218,15.0,3.0,3.5,0.8,8.307366495466537,29.906519383679534
9,569,21469,165,68.1483,-36.9535,227.0937,1.8992,3.847,-4.627,-5.7095,2.3703,-1.8612,7.3321,-0.4979,-0.2505,-3.0033,car,571,56.5654,-51.079,3.7207,-5.4661,6.5915,0.5228,308.778,6.6122505775265354,23.80410207909553,11.58290000000001,14.125500000000002,-8.3477,-0.24340000000000028,8.351247742104169,18.267274636901924,0,09_570_571_21521_ego_571,0,21521,21521,21528,vehicle_vehicle,0.31596461272486803,1.428810137342589,2.2629869699937393,12.405849920501218,15.0,3.0,3.5,0.8,8.307366495466537,29.906519383679534
9,570,21469,109,75.6057,-75.0631,54.2257,2.0884,4.7102,0.3819,0.5137,-0.9295,-1.1715,0.64,0.0096,-1.4938,-0.0693,car,571,56.5654,-51.079,3.7207,-5.4661,6.5915,0.5228,308.778,6.6122505775265354,23.80410207909553,19.040300000000002,-23.984100000000005,-3.3388,5.9798,6.8487658362656845,30.6230318045095,0,09_570_571_21521_ego_571,1,21521,21521,21528,vehicle_vehicle,0.31596461272486803,1.428810137342589,2.2629869699937393,12.405849920501218,15.0,3.0,3.5,0.8,8.307366495466537,29.906519383679534
9,571,21469,73,56.5654,-51.079,308.778,2.0949,4.8005,3.7207,-5.4661,-0.3948,-1.9541,6.5915,0.5228,1.2762,1.5316,car,571,56.5654,-51.079,3.7207,-5.4661,6.5915,0.5228,308.778,6.6122505775265354,23.80410207909553,0.0,0.0,0.0,0.0,0.0,0.0,1,09_570_571_21521_ego_571,1,21521,21521,21528,vehicle_vehicle,0.31596461272486803,1.428810137342589,2.2629869699937393,12.405849920501218,15.0,3.0,3.5,0.8,8.307366495466537,29.906519383679534
9,574,21469,37,70.8708,-81.8277,62.8142,2.1286,4.9218,1.13,2.0667,-0.5502,-1.2905,2.3546,0.0609,-1.3993,0.1002,car,571,56.5654,-51.079,3.7207,-5.4661,6.5915,0.5228,308.778,6.6122505775265354,23.80410207909553,14.305400000000006,-30.748699999999992,-2.5907,7.5328,7.965852266393094,33.913522684174225,0,09_570_571_21521_ego_571,0,21521,21521,21528,vehicle_vehicle,0.31596461272486803,1.428810137342589,2.2629869699937393,12.405849920501218,15.0,3.0,3.5,0.8,8.307366495466537,29.906519383679534
9,568,21470,247,63.886,-60.3752,311.3687,2.0523,4.4999,5.5062,-5.6361,2.2272,1.2315,7.8688,-0.4074,0.5477,-2.4853,car,571,56.7128,-51.3015,3.6993,-5.5475,6.6489,0.5012,308.0078,6.667801492246151,24.004085372086145,7.173200000000001,-9.073700000000002,1.8068999999999997,-0.08859999999999957,1.8090709134801761,11.56662569334722,0,09_570_571_21521_ego_571,0,21521,21521,21528,vehicle_vehicle,0.31596461272486803,1.428810137342589,2.2629869699937393,12.405849920501218,15.0,3.0,3.5,0.8,8.307366495466537,29.906519383679534
9,569,21470,166,67.965,-37.1824,228.1014,1.8992,3.847,-4.5314,-5.7825,2.3804,-1.8291,7.3302,-0.4888,-0.2282,-2.9933,car,571,56.7128,-51.3015,3.6993,-5.5475,6.6489,0.5012,308.0078,6.667801492246151,24.004085372086145,11.252200000000002,14.119099999999996,-8.230699999999999,-0.23499999999999943,8.234054134507495,18.054389761218737,0,09_570_571_21521_ego_571,0,21521,21521,21528,vehicle_vehicle,0.31596461272486803,1.428810137342589,2.2629869699937393,12.405849920501218,15.0,3.0,3.5,0.8,8.307366495466537,29.906519383679534
9,570,21470,110,75.62,-75.0446,54.1877,2.0884,4.7102,0.3387,0.4606,-0.9073,-1.1401,0.5717,0.0051,-1.4554,-0.0687,car,571,56.7128,-51.3015,3.6993,-5.5475,6.6489,0.5012,308.0078,6.667801492246151,24.004085372086145,18.907200000000003,-23.743100000000005,-3.3606,6.008100000000001,6.884104732643164,30.35155695265072,0,09_570_571_21521_ego_571,1,21521,21521,21528,vehicle_vehicle,0.31596461272486803,1.428810137342589,2.2629869699937393,12.405849920501218,15.0,3.0,3.5,0.8,8.307366495466537,29.906519383679534
9,571,21470,74,56.7128,-51.3015,308.0078,2.0949,4.8005,3.6993,-5.5475,-0.3386,-1.8938,6.6489,0.5012,1.2837,1.4329,car,571,56.7128,-51.3015,3.6993,-5.5475,6.6489,0.5012,308.0078,6.667801492246151,24.004085372086145,0.0,0.0,0.0,0.0,0.0,0.0,1,09_570_571_21521_ego_571,1,21521,21521,21528,vehicle_vehicle,0.31596461272486803,1.428810137342589,2.2629869699937393,12.405849920501218,15.0,3.0,3.5,0.8,8.307366495466537,29.906519383679534
9,574,21470,38,70.9165,-81.7469,62.7411,2.1286,4.9218,1.1099,2.0175,-0.5578,-1.2773,2.3018,0.0626,-1.3909,0.0892,car,571,56.7128,-51.3015,3.6993,-5.5475,6.6489,0.5012,308.0078,6.667801492246151,24.004085372086145,14.203699999999998,-30.4454,-2.5894,7.565,7.995887527973364,33.59564666515589,0,09_570_571_21521_ego_571,0,21521,21521,21528,vehicle_vehicle,0.31596461272486803,1.428810137342589,2.2629869699937393,12.405849920501218,15.0,3.0,3.5,0.8,8.307366495466537,29.906519383679534
9,568,21471,248,64.1079,-60.599,312.0533,2.0523,4.4999,5.5975,-5.5841,2.2259,1.3125,7.8957,-0.4159,0.5164,-2.5319,car,571,56.8605,-51.5256,3.6801,-5.6262,6.7057,0.4805,307.287,6.722890929503468,24.202407346212485,7.247399999999999,-9.0734,1.9174000000000002,0.04209999999999958,1.9178621352954441,11.61255330752027,0,09_570_571_21521_ego_571,0,21521,21521,21528,vehicle_vehicle,0.31596461272486803,1.428810137342589,2.2629869699937393,12.405849920501218,15.0,3.0,3.5,0.8,8.307366495466537,29.906519383679534
9,569,21471,167,67.7855,-37.4143,229.1263,1.8992,3.847,-4.4353,-5.8545,2.3895,-1.7983,7.3293,-0.4774,-0.2039,-2.9836,car,571,56.8605,-51.5256,3.6801,-5.6262,6.7057,0.4805,307.287,6.722890929503468,24.202407346212485,10.924999999999997,14.1113,-8.1154,-0.22829999999999995,8.118610598495286,17.846131588946662,0,09_570_571_21521_ego_571,0,21521,21521,21528,vehicle_vehicle,0.31596461272486803,1.428810137342589,2.2629869699937393,12.405849920501218,15.0,3.0,3.5,0.8,8.307366495466537,29.906519383679534
9,570,21471,111,75.6322,-75.028,54.1482,2.0884,4.7102,0.2965,0.4091,-0.8791,-1.1026,0.5053,0.0007,-1.4086,-0.0668,car,571,56.8605,-51.5256,3.6801,-5.6262,6.7057,0.4805,307.287,6.722890929503468,24.202407346212485,18.771699999999996,-23.50240000000001,-3.3836,6.035299999999999,6.919074724990328,30.07888838787099,0,09_570_571_21521_ego_571,1,21521,21521,21528,vehicle_vehicle,0.31596461272486803,1.428810137342589,2.2629869699937393,12.405849920501218,15.0,3.0,3.5,0.8,8.307366495466537,29.906519383679534
9,571,21471,75,56.8605,-51.5256,307.287,2.0949,4.8005,3.6801,-5.6262,-0.2767,-1.8304,6.7057,0.4805,1.2886,1.329,car,571,56.8605,-51.5256,3.6801,-5.6262,6.7057,0.4805,307.287,6.722890929503468,24.202407346212485,0.0,0.0,0.0,0.0,0.0,0.0,1,09_570_571_21521_ego_571,1,21521,21521,21528,vehicle_vehicle,0.31596461272486803,1.428810137342589,2.2629869699937393,12.405849920501218,15.0,3.0,3.5,0.8,8.307366495466537,29.906519383679534
9,574,21471,39,70.9617,-81.6677,62.6698,2.1286,4.9218,1.089,1.9691,-0.567,-1.2666,2.2493,0.0634,-1.3855,0.0778,car,571,56.8605,-51.5256,3.6801,-5.6262,6.7057,0.4805,307.287,6.722890929503468,24.202407346212485,14.101199999999992,-30.1421,-2.5911,7.5953,8.02510942604523,33.2774703643471,0,09_570_571_21521_ego_571,0,21521,21521,21528,vehicle_vehicle,0.31596461272486803,1.428810137342589,2.2629869699937393,12.405849920501218,15.0,3.0,3.5,0.8,8.307366495466537,29.906519383679534
9,568,21472,249,64.3328,-60.8218,312.7701,2.0523,4.4999,5.689,-5.5287,2.2224,1.3907,7.9217,-0.4219,0.4882,-2.5758,car,571,57.0063,-51.7531,3.6638,-5.7019,6.7619,0.4605,306.6191,6.777543363933573,24.399156110160863,7.326500000000003,-9.0687,2.0252,0.17320000000000046,2.032592748191334,11.658427078298343,0,09_570_571_21521_ego_571,0,21521,21521,21528,vehicle_vehicle,0.31596461272486803,1.428810137342589,2.2629869699937393,12.405849920501218,15.0,3.0,3.5,0.8,8.307366495466537,29.906519383679534
9,569,21472,168,67.6098,-37.6487,230.1576,1.8992,3.847,-4.3387,-5.9258,2.3978,-1.7683,7.3296,-0.4652,-0.1784,-2.974,car,571,57.0063,-51.7531,3.6638,-5.7019,6.7619,0.4605,306.6191,6.777543363933573,24.399156110160863,10.603500000000004,14.104400000000005,-8.002500000000001,-0.22389999999999954,8.005631609061213,17.645631516327214,0,09_570_571_21521_ego_571,0,21521,21521,21528,vehicle_vehicle,0.31596461272486803,1.428810137342589,2.2629869699937393,12.405849920501218,15.0,3.0,3.5,0.8,8.307366495466537,29.906519383679534
9,570,21472,112,75.6428,-75.014,54.1172,2.0884,4.7102,0.2558,0.3598,-0.8452,-1.0596,0.4414,-0.0037,-1.3539,-0.0638,car,571,57.0063,-51.7531,3.6638,-5.7019,6.7619,0.4605,306.6191,6.777543363933573,24.399156110160863,18.63649999999999,-23.260899999999992,-3.4080000000000004,6.0617,6.954039897067028,29.80584843717755,0,09_570_571_21521_ego_571,1,21521,21521,21528,vehicle_vehicle,0.31596461272486803,1.428810137342589,2.2629869699937393,12.405849920501218,15.0,3.0,3.5,0.8,8.307366495466537,29.906519383679534
9,571,21472,76,57.0063,-51.7531,306.6191,2.0949,4.8005,3.6638,-5.7019,-0.2095,-1.7642,6.7619,0.4605,1.291,1.2205,car,571,57.0063,-51.7531,3.6638,-5.7019,6.7619,0.4605,306.6191,6.777543363933573,24.399156110160863,0.0,0.0,0.0,0.0,0.0,0.0,1,09_570_571_21521_ego_571,1,21521,21521,21528,vehicle_vehicle,0.31596461272486803,1.428810137342589,2.2629869699937393,12.405849920501218,15.0,3.0,3.5,0.8,8.307366495466537,29.906519383679534
9,574,21472,40,71.0057,-81.5901,62.6074,2.1286,4.9218,1.0674,1.9212,-0.5775,-1.2586,2.1968,0.0638,-1.3832,0.0663,car,571,57.0063,-51.7531,3.6638,-5.7019,6.7619,0.4605,306.6191,6.777543363933573,24.399156110160863,13.999400000000001,-29.837000000000003,-2.5964,7.6231,8.053132717768905,32.95800008131562,0,09_570_571_21521_ego_571,0,21521,21521,21528,vehicle_vehicle,0.31596461272486803,1.428810137342589,2.2629869699937393,12.405849920501218,15.0,3.0,3.5,0.8,8.307366495466537,29.906519383679534
9,568,21473,250,64.5625,-61.0424,313.5148,2.0523,4.4999,5.7802,-5.47,2.2164,1.4659,7.9467,-0.4255,0.463,-2.6166,car,571,57.1501,-51.9843,3.6513,-5.7744,6.8179,0.4381,305.983,6.831960703194947,24.59505853150181,7.412399999999998,-9.058100000000003,2.1289,0.3044000000000002,2.150552154680281,11.704394446958803,0,09_570_571_21521_ego_571,0,21521,21521,21528,vehicle_vehicle,0.31596461272486803,1.428810137342589,2.2629869699937393,12.405849920501218,15.0,3.0,3.5,0.8,8.307366495466537,29.906519383679534
9,569,21473,169,67.4383,-37.8861,231.1892,1.8992,3.847,-4.2418,-5.9964,2.405,-1.7388,7.3311,-0.4529,-0.1524,-2.9639,car,571,57.1501,-51.9843,3.6513,-5.7744,6.8179,0.4381,305.983,6.831960703194947,24.59505853150181,10.288199999999996,14.098199999999999,-7.8931,-0.22200000000000042,7.896221350114242,17.452974029660385,0,09_570_571_21521_ego_571,0,21521,21521,21528,vehicle_vehicle,0.31596461272486803,1.428810137342589,2.2629869699937393,12.405849920501218,15.0,3.0,3.5,0.8,8.307366495466537,29.906519383679534
9,570,21473,113,75.6515,-75.0018,54.0922,2.0884,4.7102,0.2167,0.3127,-0.8059,-1.0116,0.3803,-0.0079,-1.292,-0.0594,car,571,57.1501,-51.9843,3.6513,-5.7744,6.8179,0.4381,305.983,6.831960703194947,24.59505853150181,18.501399999999997,-23.017500000000005,-3.4346,6.0870999999999995,6.9892248189624,29.531459635615715,0,09_570_571_21521_ego_571,1,21521,21521,21528,vehicle_vehicle,0.31596461272486803,1.428810137342589,2.2629869699937393,12.405849920501218,15.0,3.0,3.5,0.8,8.307366495466537,29.906519383679534
9,571,21473,77,57.1501,-51.9843,305.983,2.0949,4.8005,3.6513,-5.7744,-0.1376,-1.6957,6.8179,0.4381,1.2913,1.1077,car,571,57.1501,-51.9843,3.6513,-5.7744,6.8179,0.4381,305.983,6.831960703194947,24.59505853150181,0.0,0.0,0.0,0.0,0.0,0.0,1,09_570_571_21521_ego_571,1,21521,21521,21528,vehicle_vehicle,0.31596461272486803,1.428810137342589,2.2629869699937393,12.405849920501218,15.0,3.0,3.5,0.8,8.307366495466537,29.906519383679534
9,574,21473,41,71.0491,-81.5139,62.545,2.1286,4.9218,1.0449,1.8734,-0.5889,-1.2533,2.1441,0.0635,-1.3836,0.0553,car,571,57.1501,-51.9843,3.6513,-5.7744,6.8179,0.4381,305.983,6.831960703194947,24.59505853150181,13.898999999999994,-29.52960000000001,-2.6064,7.6478,8.079737978424795,32.63708744909693,0,09_570_571_21521_ego_571,0,21521,21521,21528,vehicle_vehicle,0.31596461272486803,1.428810137342589,2.2629869699937393,12.405849920501218,15.0,3.0,3.5,0.8,8.307366495466537,29.906519383679534
9,568,21474,251,64.7959,-61.2599,314.2732,2.0523,4.4999,5.8711,-5.4083,2.2082,1.5379,7.9709,-0.4284,0.4403,-2.6547,car,571,57.2933,-52.2183,3.6428,-5.8434,6.8735,0.4128,305.3764,6.885877968712486,24.78916068736495,7.502600000000001,-9.041600000000003,2.2283000000000004,0.43510000000000026,2.2703816639499186,11.749022824047966,0,09_570_571_21521_ego_571,0,21521,21521,21528,vehicle_vehicle,0.31596461272486803,1.428810137342589,2.2629869699937393,12.405849920501218,15.0,3.0,3.5,0.8,8.307366495466537,29.906519383679534
9,569,21474,170,67.2703,-38.1261,232.1941,1.8992,3.847,-4.1446,-6.0662,2.4113,-1.7093,7.3335,-0.4439,-0.1276,-2.9529,car,571,57.2933,-52.2183,3.6428,-5.8434,6.8735,0.4128,305.3764,6.885877968712486,24.78916068736495,9.977000000000004,14.092199999999998,-7.7874,-0.22280000000000033,7.790586537610631,17.266459678810826,0,09_570_571_21521_ego_571,0,21521,21521,21528,vehicle_vehicle,0.31596461272486803,1.428810137342589,2.2629869699937393,12.405849920501218,15.0,3.0,3.5,0.8,8.307366495466537,29.906519383679534
9,570,21474,114,75.6582,-74.9916,54.0704,2.0884,4.7102,0.1797,0.2681,-0.7615,-0.9592,0.3225,-0.0118,-1.2235,-0.0538,car,571,57.2933,-52.2183,3.6428,-5.8434,6.8735,0.4128,305.3764,6.885877968712486,24.78916068736495,18.36489999999999,-22.773300000000006,-3.4631,6.1114999999999995,7.024492427214937,29.25564466731164,0,09_570_571_21521_ego_571,1,21521,21521,21528,vehicle_vehicle,0.31596461272486803,1.428810137342589,2.2629869699937393,12.405849920501218,15.0,3.0,3.5,0.8,8.307366495466537,29.906519383679534
9,571,21474,78,57.2933,-52.2183,305.3764,2.0949,4.8005,3.6428,-5.8434,-0.0621,-1.6258,6.8735,0.4128,1.2897,0.9919,car,571,57.2933,-52.2183,3.6428,-5.8434,6.8735,0.4128,305.3764,6.885877968712486,24.78916068736495,0.0,0.0,0.0,0.0,0.0,0.0,1,09_570_571_21521_ego_571,1,21521,21521,21528,vehicle_vehicle,0.31596461272486803,1.428810137342589,2.2629869699937393,12.405849920501218,15.0,3.0,3.5,0.8,8.307366495466537,29.906519383679534
9,574,21474,42,71.092,-81.4397,62.4981,2.1286,4.9218,1.0213,1.8257,-0.6005,-1.2504,2.091,0.0628,-1.3864,0.0448,car,571,57.2933,-52.2183,3.6428,-5.8434,6.8735,0.4128,305.3764,6.885877968712486,24.78916068736495,13.798699999999997,-29.221400000000003,-2.6214999999999997,7.6691,8.104773720468698,32.315543313551146,0,09_570_571_21521_ego_571,0,21521,21521,21528,vehicle_vehicle,0.31596461272486803,1.428810137342589,2.2629869699937393,12.405849920501218,15.0,3.0,3.5,0.8,8.307366495466537,29.906519383679534
9,568,21475,252,65.0329,-61.4735,315.0612,2.0523,4.4999,5.9614,-5.3442,2.1978,1.6072,7.9948,-0.4279,0.4205,-2.6901,car,571,57.4361,-52.4546,3.6384,-5.9092,6.9288,0.3852,304.8031,6.939495601266709,24.982184164560152,7.596799999999995,-9.018900000000002,2.3230000000000004,0.5650000000000004,2.390722484940484,11.792028131326687,0,09_570_571_21521_ego_571,0,21521,21521,21528,vehicle_vehicle,0.31596461272486803,1.428810137342589,2.2629869699937393,12.405849920501218,15.0,3.0,3.5,0.8,8.307366495466537,29.906519383679534
9,569,21475,171,67.107,-38.3692,233.1866,1.8992,3.847,-4.0474,-6.1352,2.4167,-1.6792,7.337,-0.436,-0.1038,-2.941,car,571,57.4361,-52.4546,3.6384,-5.9092,6.9288,0.3852,304.8031,6.939495601266709,24.982184164560152,9.670899999999996,14.0854,-7.6857999999999995,-0.22599999999999998,7.68912203310625,17.08580697450372,0,09_570_571_21521_ego_571,0,21521,21521,21528,vehicle_vehicle,0.31596461272486803,1.428810137342589,2.2629869699937393,12.405849920501218,15.0,3.0,3.5,0.8,8.307366495466537,29.906519383679534
9,570,21475,115,75.6629,-74.9831,54.0677,2.0884,4.7102,0.1452,0.2262,-0.7128,-0.9029,0.2684,-0.0151,-1.1494,-0.0473,car,571,57.4361,-52.4546,3.6384,-5.9092,6.9288,0.3852,304.8031,6.939495601266709,24.982184164560152,18.22679999999999,-22.528499999999994,-3.4932,6.135400000000001,7.06014018274425,28.97843250574467,0,09_570_571_21521_ego_571,1,21521,21521,21528,vehicle_vehicle,0.31596461272486803,1.428810137342589,2.2629869699937393,12.405849920501218,15.0,3.0,3.5,0.8,8.307366495466537,29.906519383679534
9,571,21475,79,57.4361,-52.4546,304.8031,2.0949,4.8005,3.6384,-5.9092,0.0159,-1.5548,6.9288,0.3852,1.2858,0.8744,car,571,57.4361,-52.4546,3.6384,-5.9092,6.9288,0.3852,304.8031,6.939495601266709,24.982184164560152,0.0,0.0,0.0,0.0,0.0,0.0,1,09_570_571_21521_ego_571,1,21521,21521,21528,vehicle_vehicle,0.31596461272486803,1.428810137342589,2.2629869699937393,12.405849920501218,15.0,3.0,3.5,0.8,8.307366495466537,29.906519383679534
9,574,21475,43,71.1331,-81.3673,62.456,2.1286,4.9218,0.9969,1.778,-0.6119,-1.25,2.0375,0.0617,-1.3913,0.0355,car,571,57.4361,-52.4546,3.6384,-5.9092,6.9288,0.3852,304.8031,6.939495601266709,24.982184164560152,13.696999999999996,-28.9127,-2.6414999999999997,7.687200000000001,8.128380286994453,31.992999707592283,0,09_570_571_21521_ego_571,0,21521,21521,21528,vehicle_vehicle,0.31596461272486803,1.428810137342589,2.2629869699937393,12.405849920501218,15.0,3.0,3.5,0.8,8.307366495466537,29.906519383679534
9,568,21476,253,65.2734,-61.6853,315.8337,2.0523,4.4999,6.0512,-5.2777,2.1856,1.6741,8.0179,-0.4303,0.4013,-2.7237,car,571,57.5801,-52.6927,3.6377,-5.9718,6.9835,0.3564,304.2692,6.992514321043612,25.173051555757002,7.693299999999994,-8.992599999999996,2.4134999999999995,0.6940999999999997,2.511325757443665,11.834429418015887,0,09_570_571_21521_ego_571,0,21521,21521,21528,vehicle_vehicle,0.31596461272486803,1.428810137342589,2.2629869699937393,12.405849920501218,15.0,3.0,3.5,0.8,8.307366495466537,29.906519383679534
9,569,21476,172,66.9482,-38.6157,234.1444,1.8992,3.847,-3.9504,-6.2031,2.4215,-1.6485,7.3415,-0.4317,-0.0823,-2.9282,car,571,57.5801,-52.6927,3.6377,-5.9718,6.9835,0.3564,304.2692,6.992514321043612,25.173051555757002,9.368099999999998,14.077000000000005,-7.588100000000001,-0.23130000000000006,7.5916244177382755,16.90926452007893,0,09_570_571_21521_ego_571,0,21521,21521,21528,vehicle_vehicle,0.31596461272486803,1.428810137342589,2.2629869699937393,12.405849920501218,15.0,3.0,3.5,0.8,8.307366495466537,29.906519383679534
9,570,21476,116,75.6662,-74.9766,54.0671,2.0884,4.7102,0.1135,0.1873,-0.6605,-0.8435,0.2183,-0.018,-1.0706,-0.0398,car,571,57.5801,-52.6927,3.6377,-5.9718,6.9835,0.3564,304.2692,6.992514321043612,25.173051555757002,18.086100000000002,-22.283900000000003,-3.5242,6.1591,7.0960903637143735,28.699812062450864,0,09_570_571_21521_ego_571,1,21521,21521,21528,vehicle_vehicle,0.31596461272486803,1.428810137342589,2.2629869699937393,12.405849920501218,15.0,3.0,3.5,0.8,8.307366495466537,29.906519383679534
9,571,21476,80,57.5801,-52.6927,304.2692,2.0949,4.8005,3.6377,-5.9718,0.0954,-1.4833,6.9835,0.3564,1.2795,0.7564,car,571,57.5801,-52.6927,3.6377,-5.9718,6.9835,0.3564,304.2692,6.992514321043612,25.173051555757002,0.0,0.0,0.0,0.0,0.0,0.0,1,09_570_571_21521_ego_571,1,21521,21521,21528,vehicle_vehicle,0.31596461272486803,1.428810137342589,2.2629869699937393,12.405849920501218,15.0,3.0,3.5,0.8,8.307366495466537,29.906519383679534
9,574,21476,44,71.1733,-81.2963,62.4058,2.1286,4.9218,0.9718,1.73,-0.6228,-1.2517,1.9833,0.0599,-1.3978,0.0279,car,571,57.5801,-52.6927,3.6377,-5.9718,6.9835,0.3564,304.2692,6.992514321043612,25.173051555757002,13.593199999999996,-28.6036,-2.6659,7.7018,8.150137793313682,31.669244057918398,0,09_570_571_21521_ego_571,0,21521,21521,21528,vehicle_vehicle,0.31596461272486803,1.428810137342589,2.2629869699937393,12.405849920501218,15.0,3.0,3.5,0.8,8.307366495466537,29.906519383679534
9,568,21477,254,65.517,-61.894,316.5982,2.0523,4.4999,6.1407,-5.209,2.1713,1.739,8.0407,-0.4347,0.3827,-2.7554,car,571,57.7247,-52.9329,3.6407,-6.0316,7.0375,0.3298,303.7981,7.04520369116465,25.36273328819274,7.792299999999997,-8.961100000000002,2.5,0.8226000000000004,2.6318569034048944,11.875236945004508,0,09_570_571_21521_ego_571,0,21521,21521,21528,vehicle_vehicle,0.31596461272486803,1.428810137342589,2.2629869699937393,12.405849920501218,15.0,3.0,3.5,0.8,8.307366495466537,29.906519383679534
9,569,21477,173,66.7932,-38.8651,235.0906,1.8992,3.847,-3.8536,-6.2698,2.4262,-1.617,7.347,-0.4279,-0.0624,-2.915,car,571,57.7247,-52.9329,3.6407,-6.0316,7.0375,0.3298,303.7981,7.04520369116465,25.36273328819274,9.0685,14.067799999999998,-7.4943,-0.23819999999999997,7.498084537400202,16.737403893376054,0,09_570_571_21521_ego_571,0,21521,21521,21528,vehicle_vehicle,0.31596461272486803,1.428810137342589,2.2629869699937393,12.405849920501218,15.0,3.0,3.5,0.8,8.307366495466537,29.906519383679534
9,570,21477,117,75.6679,-74.9717,54.0711,2.0884,4.7102,0.0848,0.1515,-0.6054,-0.7817,0.1724,-0.0202,-0.9882,-0.0316,car,571,57.7247,-52.9329,3.6407,-6.0316,7.0375,0.3298,303.7981,7.04520369116465,25.36273328819274,17.943200000000004,-22.038800000000002,-3.5559,6.1831000000000005,7.132681853272302,28.419485070634202,0,09_570_571_21521_ego_571,1,21521,21521,21528,vehicle_vehicle,0.31596461272486803,1.428810137342589,2.2629869699937393,12.405849920501218,15.0,3.0,3.5,0.8,8.307366495466537,29.906519383679534
9,571,21477,81,57.7247,-52.9329,303.7981,2.0949,4.8005,3.6407,-6.0316,0.1761,-1.4113,7.0375,0.3298,1.2707,0.6388,car,571,57.7247,-52.9329,3.6407,-6.0316,7.0375,0.3298,303.7981,7.04520369116465,25.36273328819274,0.0,0.0,0.0,0.0,0.0,0.0,1,09_570_571_21521_ego_571,1,21521,21521,21528,vehicle_vehicle,0.31596461272486803,1.428810137342589,2.2629869699937393,12.405849920501218,15.0,3.0,3.5,0.8,8.307366495466537,29.906519383679534
9,574,21477,45,71.2126,-81.2273,62.358,2.1286,4.9218,0.9458,1.6815,-0.6328,-1.2552,1.9284,0.0577,-1.4055,0.0217,car,571,57.7247,-52.9329,3.6407,-6.0316,7.0375,0.3298,303.7981,7.04520369116465,25.36273328819274,13.487899999999996,-28.294400000000003,-2.6948999999999996,7.7131,8.170336444724905,31.34480049019295,0,09_570_571_21521_ego_571,0,21521,21521,21528,vehicle_vehicle,0.31596461272486803,1.428810137342589,2.2629869699937393,12.405849920501218,15.0,3.0,3.5,0.8,8.307366495466537,29.906519383679534
9,568,21478,255,65.7637,-62.1003,317.3516,2.0523,4.4999,6.2298,-5.1379,2.1549,1.8023,8.0631,-0.4416,0.3639,-2.7856,car,571,57.87,-53.175,3.6471,-6.0887,7.0909,0.3032,303.3697,7.09743658654306,25.55077171155502,7.893700000000003,-8.9253,2.5827,0.9508000000000001,2.7521555061442293,11.91517854587165,0,09_570_571_21521_ego_571,0,21521,21521,21528,vehicle_vehicle,0.31596461272486803,1.428810137342589,2.2629869699937393,12.405849920501218,15.0,3.0,3.5,0.8,8.307366495466537,29.906519383679534
9,569,21478,174,66.6424,-39.117,236.0305,1.8992,3.847,-3.7572,-6.3353,2.4313,-1.5847,7.3535,-0.4239,-0.0442,-2.9018,car,571,57.87,-53.175,3.6471,-6.0887,7.0909,0.3032,303.3697,7.09743658654306,25.55077171155502,8.772399999999998,14.058,-7.4043,-0.24659999999999993,7.408405364854167,16.57052702119036,0,09_570_571_21521_ego_571,0,21521,21521,21528,vehicle_vehicle,0.31596461272486803,1.428810137342589,2.2629869699937393,12.405849920501218,15.0,3.0,3.5,0.8,8.307366495466537,29.906519383679534
9,570,21478,118,75.6685,-74.9682,54.0803,2.0884,4.7102,0.0592,0.119,-0.5485,-0.7182,0.1311,-0.0218,-0.9034,-0.0229,car,571,57.87,-53.175,3.6471,-6.0887,7.0909,0.3032,303.3697,7.09743658654306,25.55077171155502,17.798499999999997,-21.7932,-3.5879,6.2077,7.16997668754927,28.137700127942225,0,09_570_571_21521_ego_571,1,21521,21521,21528,vehicle_vehicle,0.31596461272486803,1.428810137342589,2.2629869699937393,12.405849920501218,15.0,3.0,3.5,0.8,8.307366495466537,29.906519383679534
9,571,21478,82,57.87,-53.175,303.3697,2.0949,4.8005,3.6471,-6.0887,0.2575,-1.3388,7.0909,0.3032,1.2597,0.5214,car,571,57.87,-53.175,3.6471,-6.0887,7.0909,0.3032,303.3697,7.09743658654306,25.55077171155502,0.0,0.0,0.0,0.0,0.0,0.0,1,09_570_571_21521_ego_571,1,21521,21521,21528,vehicle_vehicle,0.31596461272486803,1.428810137342589,2.2629869699937393,12.405849920501218,15.0,3.0,3.5,0.8,8.307366495466537,29.906519383679534
9,574,21478,46,71.25,-81.1598,62.3164,2.1286,4.9218,0.9195,1.6325,-0.6419,-1.2601,1.8728,0.0558,-1.4141,0.0171,car,571,57.87,-53.175,3.6471,-6.0887,7.0909,0.3032,303.3697,7.09743658654306,25.55077171155502,13.380000000000003,-27.984800000000007,-2.7276,7.7212000000000005,8.188817448203373,31.01892053311979,0,09_570_571_21521_ego_571,0,21521,21521,21528,vehicle_vehicle,0.31596461272486803,1.428810137342589,2.2629869699937393,12.405849920501218,15.0,3.0,3.5,0.8,8.307366495466537,29.906519383679534
9,568,21479,256,66.0138,-62.304,318.0843,2.0523,4.4999,6.3186,-5.0645,2.1361,1.8642,8.0851,-0.4524,0.3442,-2.8142,car,571,58.0156,-53.4194,3.6568,-6.1428,7.1435,0.2775,302.9898,7.148858515875104,25.735890657150374,7.998200000000004,-8.884599999999999,2.6618,1.0783000000000005,2.871917500556031,11.954384986271776,0,09_570_571_21521_ego_571,0,21521,21521,21528,vehicle_vehicle,0.31596461272486803,1.428810137342589,2.2629869699937393,12.405849920501218,15.0,3.0,3.5,0.8,8.307366495466537,29.906519383679534
9,569,21479,175,66.4953,-39.3722,236.9669,1.8992,3.847,-3.6611,-6.3994,2.4373,-1.5517,7.3607,-0.4191,-0.0277,-2.8892,car,571,58.0156,-53.4194,3.6568,-6.1428,7.1435,0.2775,302.9898,7.148858515875104,25.735890657150374,8.479700000000001,14.047200000000004,-7.3179,-0.2565999999999997,7.322397419561438,16.4082034339534,0,09_570_571_21521_ego_571,0,21521,21521,21528,vehicle_vehicle,0.31596461272486803,1.428810137342589,2.2629869699937393,12.405849920501218,15.0,3.0,3.5,0.8,8.307366495466537,29.906519383679534
9,570,21479,119,75.6677,-74.966,54.0864,2.0884,4.7102,0.037,0.0898,-0.4908,-0.6538,0.0944,-0.0227,-0.8174,-0.014,car,571,58.0156,-53.4194,3.6568,-6.1428,7.1435,0.2775,302.9898,7.148858515875104,25.735890657150374,17.652099999999997,-21.54659999999999,-3.6198,6.232600000000001,7.2075137738335275,27.854130860071717,0,09_570_571_21521_ego_571,1,21521,21521,21528,vehicle_vehicle,0.31596461272486803,1.428810137342589,2.2629869699937393,12.405849920501218,15.0,3.0,3.5,0.8,8.307366495466537,29.906519383679534
9,571,21479,83,58.0156,-53.4194,302.9898,2.0949,4.8005,3.6568,-6.1428,0.3395,-1.2657,7.1435,0.2775,1.2465,0.4044,car,571,58.0156,-53.4194,3.6568,-6.1428,7.1435,0.2775,302.9898,7.148858515875104,25.735890657150374,0.0,0.0,0.0,0.0,0.0,0.0,1,09_570_571_21521_ego_571,1,21521,21521,21528,vehicle_vehicle,0.31596461272486803,1.428810137342589,2.2629869699937393,12.405849920501218,15.0,3.0,3.5,0.8,8.307366495466537,29.906519383679534
9,574,21479,47,71.2865,-81.0942,62.2719,2.1286,4.9218,0.8927,1.5827,-0.6498,-1.2659,1.8163,0.0538,-1.4228,0.0138,car,571,58.0156,-53.4194,3.6568,-6.1428,7.1435,0.2775,302.9898,7.148858515875104,25.735890657150374,13.270900000000005,-27.674799999999998,-2.7641,7.7255,8.205095920219337,30.692203274610314,0,09_570_571_21521_ego_571,0,21521,21521,21528,vehicle_vehicle,0.31596461272486803,1.428810137342589,2.2629869699937393,12.405849920501218,15.0,3.0,3.5,0.8,8.307366495466537,29.906519383679534
9,568,21480,257,66.2677,-62.5058,318.8033,2.0523,4.4999,6.4069,-4.9883,2.1146,1.9245,8.1064,-0.4664,0.3236,-2.8409,car,571,58.1621,-53.6657,3.6699,-6.1943,7.1955,0.2512,302.6448,7.199827671548813,25.91937961757573,8.105600000000003,-8.8401,2.737,1.2060000000000004,2.9909204268920297,11.993669970863799,0,09_570_571_21521_ego_571,0,21521,21521,21528,vehicle_vehicle,0.31596461272486803,1.428810137342589,2.2629869699937393,12.405849920501218,15.0,3.0,3.5,0.8,8.307366495466537,29.906519383679534
9,569,21480,176,66.3517,-39.6298,237.9011,1.8992,3.847,-3.5651,-6.4619,2.4446,-1.5182,7.3685,-0.4136,-0.0129,-2.8776,car,571,58.1621,-53.6657,3.6699,-6.1943,7.1955,0.2512,302.6448,7.199827671548813,25.91937961757573,8.189599999999992,14.035899999999998,-7.235,-0.26759999999999984,7.23994715174082,16.2504165168158,0,09_570_571_21521_ego_571,0,21521,21521,21528,vehicle_vehicle,0.31596461272486803,1.428810137342589,2.2629869699937393,12.405849920501218,15.0,3.0,3.5,0.8,8.307366495466537,29.906519383679534
9,570,21480,120,75.6662,-74.9651,54.0865,2.0884,4.7102,0.0181,0.064,-0.4333,-0.5894,0.0625,-0.0229,-0.7316,-0.0052,car,571,58.1621,-53.6657,3.6699,-6.1943,7.1955,0.2512,302.6448,7.199827671548813,25.91937961757573,17.5041,-21.299400000000006,-3.6518,6.2583,7.245823771663233,27.569148647899887,0,09_570_571_21521_ego_571,1,21521,21521,21528,vehicle_vehicle,0.31596461272486803,1.428810137342589,2.2629869699937393,12.405849920501218,15.0,3.0,3.5,0.8,8.307366495466537,29.906519383679534
9,571,21480,84,58.1621,-53.6657,302.6448,2.0949,4.8005,3.6699,-6.1943,0.422,-1.1919,7.1955,0.2512,1.2312,0.2876,car,571,58.1621,-53.6657,3.6699,-6.1943,7.1955,0.2512,302.6448,7.199827671548813,25.91937961757573,0.0,0.0,0.0,0.0,0.0,0.0,1,09_570_571_21521_ego_571,1,21521,21521,21528,vehicle_vehicle,0.31596461272486803,1.428810137342589,2.2629869699937393,12.405849920501218,15.0,3.0,3.5,0.8,8.307366495466537,29.906519383679534
9,574,21480,48,71.3217,-81.0302,62.2191,2.1286,4.9218,0.8655,1.532,-0.6565,-1.2719,1.7588,0.0517,-1.4313,0.012,car,571,58.1621,-53.6657,3.6699,-6.1943,7.1955,0.2512,302.6448,7.199827671548813,25.91937961757573,13.159600000000005,-27.364499999999992,-2.8044000000000002,7.7263,8.219511606537216,30.36430358842435,0,09_570_571_21521_ego_571,0,21521,21521,21528,vehicle_vehicle,0.31596461272486803,1.428810137342589,2.2629869699937393,12.405849920501218,15.0,3.0,3.5,0.8,8.307366495466537,29.906519383679534
9,568,21481,258,66.5253,-62.704,319.5589,2.0523,4.4999,6.4944,-4.9095,2.0902,1.9832,8.1274,-0.4762,0.3044,-2.8652,car,571,58.309,-53.9132,3.6864,-6.2433,7.2469,0.2258,302.3445,7.250402737089851,26.101449853523462,8.216300000000004,-8.790799999999997,2.808,1.3337999999999992,3.1086792114980275,12.03269505680253,0,09_570_571_21521_ego_571,0,21521,21521,21528,vehicle_vehicle,0.31596461272486803,1.428810137342589,2.2629869699937393,12.405849920501218,15.0,3.0,3.5,0.8,8.307366495466537,29.906519383679534
9,569,21481,177,66.2118,-39.8898,238.8413,1.8992,3.847,-3.4691,-6.523,2.4535,-1.4842,7.3769,-0.4064,0.0006,-2.8675,car,571,58.309,-53.9132,3.6864,-6.2433,7.2469,0.2258,302.3445,7.250402737089851,26.101449853523462,7.902799999999999,14.023400000000002,-7.1555,-0.27970000000000006,7.160964483922539,16.09689396747087,0,09_570_571_21521_ego_571,0,21521,21521,21528,vehicle_vehicle,0.31596461272486803,1.428810137342589,2.2629869699937393,12.405849920501218,15.0,3.0,3.5,0.8,8.307366495466537,29.906519383679534
9,570,21481,121,75.664,-74.9651,54.0839,2.0884,4.7102,0.0026,0.0416,-0.3771,-0.5258,0.0352,-0.0223,-0.6471,0.003,car,571,58.309,-53.9132,3.6864,-6.2433,7.2469,0.2258,302.3445,7.250402737089851,26.101449853523462,17.355000000000004,-21.051900000000003,-3.6837999999999997,6.2848999999999995,7.284939975730754,27.283301094442372,0,09_570_571_21521_ego_571,1,21521,21521,21528,vehicle_vehicle,0.31596461272486803,1.428810137342589,2.2629869699937393,12.405849920501218,15.0,3.0,3.5,0.8,8.307366495466537,29.906519383679534
9,571,21481,85,58.309,-53.9132,302.3445,2.0949,4.8005,3.6864,-6.2433,0.5049,-1.1169,7.2469,0.2258,1.2138,0.171,car,571,58.309,-53.9132,3.6864,-6.2433,7.2469,0.2258,302.3445,7.250402737089851,26.101449853523462,0.0,0.0,0.0,0.0,0.0,0.0,1,09_570_571_21521_ego_571,1,21521,21521,21528,vehicle_vehicle,0.31596461272486803,1.428810137342589,2.2629869699937393,12.405849920501218,15.0,3.0,3.5,0.8,8.307366495466537,29.906519383679534
9,574,21481,49,71.3551,-80.9682,62.1588,2.1286,4.9218,0.8383,1.4803,-0.6623,-1.2776,1.7005,0.0499,-1.439,0.011,car,571,58.309,-53.9132,3.6864,-6.2433,7.2469,0.2258,302.3445,7.250402737089851,26.101449853523462,13.046099999999996,-27.054999999999993,-2.8480999999999996,7.723599999999999,8.231990680874219,30.036207320665493,0,09_570_571_21521_ego_571,0,21521,21521,21528,vehicle_vehicle,0.31596461272486803,1.428810137342589,2.2629869699937393,12.405849920501218,15.0,3.0,3.5,0.8,8.307366495466537,29.906519383679534
9,568,21482,259,66.7879,-62.8994,320.3897,2.0523,4.4999,6.5805,-4.8282,2.0631,2.0399,8.1479,-0.4758,0.2888,-2.8869,car,571,58.4566,-54.1621,3.7063,-6.29,7.298,0.2012,302.0878,7.300736927872419,26.282652940340707,8.331299999999992,-8.737299999999998,2.8741999999999996,1.4618000000000002,3.2245751472093187,12.072736681465384,0,09_570_571_21521_ego_571,0,21521,21521,21528,vehicle_vehicle,0.31596461272486803,1.428810137342589,2.2629869699937393,12.405849920501218,15.0,3.0,3.5,0.8,8.307366495466537,29.906519383679534
9,569,21482,178,66.0752,-40.1521,239.7886,1.8992,3.847,-3.3729,-6.5826,2.4643,-1.45,7.3857,-0.3976,0.013,-2.8592,car,571,58.4566,-54.1621,3.7063,-6.29,7.298,0.2012,302.0878,7.300736927872419,26.282652940340707,7.618599999999994,14.010000000000005,-7.0792,-0.2926000000000002,7.085244342999047,15.94751284558191,0,09_570_571_21521_ego_571,0,21521,21521,21528,vehicle_vehicle,0.31596461272486803,1.428810137342589,2.2629869699937393,12.405849920501218,15.0,3.0,3.5,0.8,8.307366495466537,29.906519383679534
9,570,21482,122,75.6617,-74.9656,54.0906,2.0884,4.7102,-0.0099,0.0225,-0.3231,-0.4638,0.0125,-0.0212,-0.5652,0.0103,car,571,58.4566,-54.1621,3.7063,-6.29,7.298,0.2012,302.0878,7.300736927872419,26.282652940340707,17.205099999999995,-20.803499999999993,-3.7162,6.3125,7.325148373241323,26.996316012745137,0,09_570_571_21521_ego_571,1,21521,21521,21528,vehicle_vehicle,0.31596461272486803,1.428810137342589,2.2629869699937393,12.405849920501218,15.0,3.0,3.5,0.8,8.307366495466537,29.906519383679534
9,571,21482,86,58.4566,-54.1621,302.0878,2.0949,4.8005,3.7063,-6.29,0.5882,-1.0403,7.298,0.2012,1.1939,0.0543,car,571,58.4566,-54.1621,3.7063,-6.29,7.298,0.2012,302.0878,7.300736927872419,26.282652940340707,0.0,0.0,0.0,0.0,0.0,0.0,1,09_570_571_21521_ego_571,1,21521,21521,21528,vehicle_vehicle,0.31596461272486803,1.428810137342589,2.2629869699937393,12.405849920501218,15.0,3.0,3.5,0.8,8.307366495466537,29.906519383679534
9,574,21482,50,71.3878,-80.9085,62.0967,2.1286,4.9218,0.8111,1.4279,-0.6672,-1.2821,1.6414,0.0486,-1.4453,0.0104,car,571,58.4566,-54.1621,3.7063,-6.29,7.298,0.2012,302.0878,7.300736927872419,26.282652940340707,12.931199999999997,-26.7464,-2.8952,7.7179,8.243067599504446,29.708346409721294,0,09_570_571_21521_ego_571,0,21521,21521,21528,vehicle_vehicle,0.31596461272486803,1.428810137342589,2.2629869699937393,12.405849920501218,15.0,3.0,3.5,0.8,8.307366495466537,29.906519383679534
9,568,21483,260,67.0534,-63.0908,321.2541,2.0523,4.4999,6.6653,-4.7447,2.0336,2.0947,8.168,-0.471,0.275,-2.9065,car,571,58.6054,-54.4128,3.7295,-6.3343,7.3486,0.1767,301.8661,7.350682059509852,26.462455414235468,8.447999999999993,-8.678000000000004,2.9358000000000004,1.5896,3.338525093510606,12.111002766080105,0,09_570_571_21521_ego_571,0,21521,21521,21528,vehicle_vehicle,0.31596461272486803,1.428810137342589,2.2629869699937393,12.405849920501218,15.0,3.0,3.5,0.8,8.307366495466537,29.906519383679534
9,569,21483,179,65.9423,-40.4167,240.7481,1.8992,3.847,-3.2762,-6.6408,2.477,-1.4155,7.3949,-0.3866,0.0246,-2.8528,car,571,58.6054,-54.4128,3.7295,-6.3343,7.3486,0.1767,301.8661,7.350682059509852,26.462455414235468,7.3369,13.996099999999998,-7.005699999999999,-0.3064999999999998,7.01240149592135,15.802560451395209,0,09_570_571_21521_ego_571,0,21521,21521,21528,vehicle_vehicle,0.31596461272486803,1.428810137342589,2.2629869699937393,12.405849920501218,15.0,3.0,3.5,0.8,8.307366495466537,29.906519383679534
9,570,21483,123,75.6593,-74.9667,54.1004,2.0884,4.7102,-0.0195,0.0065,-0.2721,-0.4041,-0.0061,-0.0196,-0.4869,0.0165,car,571,58.6054,-54.4128,3.7295,-6.3343,7.3486,0.1767,301.8661,7.350682059509852,26.462455414235468,17.0539,-20.553900000000006,-3.7489999999999997,6.3408,7.366189356784144,26.707645168003864,0,09_570_571_21521_ego_571,1,21521,21521,21528,vehicle_vehicle,0.31596461272486803,1.428810137342589,2.2629869699937393,12.405849920501218,15.0,3.0,3.5,0.8,8.307366495466537,29.906519383679534
9,571,21483,87,58.6054,-54.4128,301.8661,2.0949,4.8005,3.7295,-6.3343,0.6718,-0.9614,7.3486,0.1767,1.1711,-0.063,car,571,58.6054,-54.4128,3.7295,-6.3343,7.3486,0.1767,301.8661,7.350682059509852,26.462455414235468,0.0,0.0,0.0,0.0,0.0,0.0,1,09_570_571_21521_ego_571,1,21521,21521,21528,vehicle_vehicle,0.31596461272486803,1.428810137342589,2.2629869699937393,12.405849920501218,15.0,3.0,3.5,0.8,8.307366495466537,29.906519383679534
9,574,21483,51,71.4196,-80.851,62.0355,2.1286,4.9218,0.7837,1.3747,-0.6713,-1.2851,1.5817,0.0475,-1.4498,0.0096,car,571,58.6054,-54.4128,3.7295,-6.3343,7.3486,0.1767,301.8661,7.350682059509852,26.462455414235468,12.8142,-26.438200000000002,-2.9457999999999998,7.709,8.252661306511978,29.37996155341256,0,09_570_571_21521_ego_571,0,21521,21521,21528,vehicle_vehicle,0.31596461272486803,1.428810137342589,2.2629869699937393,12.405849920501218,15.0,3.0,3.5,0.8,8.307366495466537,29.906519383679534
9,568,21484,261,67.3216,-63.2785,322.1221,2.0523,4.4999,6.7489,-4.6591,2.0018,2.1477,8.1876,-0.4661,0.2614,-2.9243,car,571,58.755,-54.6657,3.7562,-6.3759,7.3985,0.155,301.7035,7.400076975950993,26.640277113423576,8.566600000000001,-8.6128,2.9926999999999997,1.7168,3.450167464051564,12.147714163578266,0,09_570_571_21521_ego_571,0,21521,21521,21528,vehicle_vehicle,0.31596461272486803,1.428810137342589,2.2629869699937393,12.405849920501218,15.0,3.0,3.5,0.8,8.307366495466537,29.906519383679534
9,569,21484,180,65.8134,-40.6837,241.7218,1.8992,3.847,-3.1791,-6.6975,2.4917,-1.3809,7.4044,-0.3733,0.0356,-2.8485,car,571,58.755,-54.6657,3.7562,-6.3759,7.3985,0.155,301.7035,7.400076975950993,26.640277113423576,7.058399999999999,13.982,-6.9353,-0.3216000000000001,6.942752526916108,15.662609442873814,0,09_570_571_21521_ego_571,0,21521,21521,21528,vehicle_vehicle,0.31596461272486803,1.428810137342589,2.2629869699937393,12.405849920501218,15.0,3.0,3.5,0.8,8.307366495466537,29.906519383679534
9,570,21484,124,75.6566,-74.9679,54.1077,2.0884,4.7102,-0.0263,-0.0066,-0.2248,-0.3471,-0.0208,-0.0175,-0.4129,0.0214,car,571,58.755,-54.6657,3.7562,-6.3759,7.3985,0.155,301.7035,7.400076975950993,26.640277113423576,16.901599999999995,-20.3022,-3.7825,6.3693,7.4077856839949145,26.41672590235209,0,09_570_571_21521_ego_571,1,21521,21521,21528,vehicle_vehicle,0.31596461272486803,1.428810137342589,2.2629869699937393,12.405849920501218,15.0,3.0,3.5,0.8,8.307366495466537,29.906519383679534
9,571,21484,88,58.755,-54.6657,301.7035,2.0949,4.8005,3.7562,-6.3759,0.7556,-0.8795,7.3985,0.155,1.1454,-0.1807,car,571,58.755,-54.6657,3.7562,-6.3759,7.3985,0.155,301.7035,7.400076975950993,26.640277113423576,0.0,0.0,0.0,0.0,0.0,0.0,1,09_570_571_21521_ego_571,1,21521,21521,21528,vehicle_vehicle,0.31596461272486803,1.428810137342589,2.2629869699937393,12.405849920501218,15.0,3.0,3.5,0.8,8.307366495466537,29.906519383679534
9,574,21484,52,71.4504,-80.7963,61.973,2.1286,4.9218,0.7561,1.3211,-0.6748,-1.2859,1.5214,0.0467,-1.4522,0.0086,car,571,58.755,-54.6657,3.7562,-6.3759,7.3985,0.155,301.7035,7.400076975950993,26.640277113423576,12.6954,-26.1306,-3.0001,7.696999999999999,8.261017431890577,29.0513586174554,0,09_570_571_21521_ego_571,0,21521,21521,21528,vehicle_vehicle,0.31596461272486803,1.428810137342589,2.2629869699937393,12.405849920501218,15.0,3.0,3.5,0.8,8.307366495466537,29.906519383679534
9,568,21485,262,67.5934,-63.4628,323.0364,2.0523,4.4999,6.8311,-4.5716,1.9679,2.1989,8.2071,-0.4548,0.2501,-2.9403,car,571,58.905,-54.9207,3.7865,-6.4146,7.4476,0.1333,301.5787,7.448803622730297,26.81569304182907,8.688400000000001,-8.542100000000005,3.0446,1.843,3.5589658835116698,12.18424256858013,0,09_570_571_21521_ego_571,0,21521,21521,21528,vehicle_vehicle,0.31596461272486803,1.428810137342589,2.2629869699937393,12.405849920501218,15.0,3.0,3.5,0.8,8.307366495466537,29.906519383679534
9,569,21485,181,65.6882,-40.953,242.6824,1.8992,3.847,-3.0814,-6.7528,2.5083,-1.3461,7.4138,-0.3612,0.0449,-2.8463,car,571,58.905,-54.9207,3.7865,-6.4146,7.4476,0.1333,301.5787,7.448803622730297,26.81569304182907,6.783199999999994,13.967699999999994,-6.867900000000001,-0.3381999999999996,6.876222047752676,15.527667098762768,0,09_570_571_21521_ego_571,0,21521,21521,21528,vehicle_vehicle,0.31596461272486803,1.428810137342589,2.2629869699937393,12.405849920501218,15.0,3.0,3.5,0.8,8.307366495466537,29.906519383679534
9,570,21485,125,75.6541,-74.9697,54.1055,2.0884,4.7102,-0.0308,-0.0169,-0.1817,-0.2934,-0.0318,-0.015,-0.3442,0.0248,car,571,58.905,-54.9207,3.7865,-6.4146,7.4476,0.1333,301.5787,7.448803622730297,26.81569304182907,16.7491,-20.049000000000007,-3.8173000000000004,6.3977,7.449989569120215,26.124600510055657,0,09_570_571_21521_ego_571,1,21521,21521,21528,vehicle_vehicle,0.31596461272486803,1.428810137342589,2.2629869699937393,12.405849920501218,15.0,3.0,3.5,0.8,8.307366495466537,29.906519383679534
9,571,21485,89,58.905,-54.9207,301.5787,2.0949,4.8005,3.7865,-6.4146,0.8395,-0.7943,7.4476,0.1333,1.1163,-0.2993,car,571,58.905,-54.9207,3.7865,-6.4146,7.4476,0.1333,301.5787,7.448803622730297,26.81569304182907,0.0,0.0,0.0,0.0,0.0,0.0,1,09_570_571_21521_ego_571,1,21521,21521,21528,vehicle_vehicle,0.31596461272486803,1.428810137342589,2.2629869699937393,12.405849920501218,15.0,3.0,3.5,0.8,8.307366495466537,29.906519383679534
9,574,21485,53,71.4804,-80.7437,61.91,2.1286,4.9218,0.7283,1.2671,-0.6774,-1.2844,1.4608,0.0459,-1.4521,0.0071,car,571,58.905,-54.9207,3.7865,-6.4146,7.4476,0.1333,301.5787,7.448803622730297,26.81569304182907,12.575400000000002,-25.823000000000008,-3.0582000000000003,7.6817,8.268077293421973,28.722256425288048,0,09_570_571_21521_ego_571,0,21521,21521,21528,vehicle_vehicle,0.31596461272486803,1.428810137342589,2.2629869699937393,12.405849920501218,15.0,3.0,3.5,0.8,8.307366495466537,29.906519383679534
9,568,21486,263,67.869,-63.6435,323.967,2.0523,4.4999,6.9116,-4.4821,1.932,2.2486,8.2259,-0.4412,0.2396,-2.9549,car,571,59.0564,-55.1782,3.8204,-6.4498,7.4955,0.1107,301.486,7.496357528826916,26.986887103776898,8.812600000000003,-8.465300000000006,3.0912,1.9676999999999998,3.6643363287231154,12.219788167149222,0,09_570_571_21521_ego_571,0,21521,21521,21528,vehicle_vehicle,0.31596461272486803,1.428810137342589,2.2629869699937393,12.405849920501218,15.0,3.0,3.5,0.8,8.307366495466537,29.906519383679534
9,569,21486,182,65.5668,-41.2244,243.6343,1.8992,3.847,-2.983,-6.8066,2.5268,-1.3114,7.4233,-0.3501,0.0529,-2.8464,car,571,59.0564,-55.1782,3.8204,-6.4498,7.4955,0.1107,301.486,7.496357528826916,26.986887103776898,6.510400000000004,13.953799999999994,-6.8034,-0.35680000000000067,6.812749650471534,15.397851882649082,0,09_570_571_21521_ego_571,0,21521,21521,21528,vehicle_vehicle,0.31596461272486803,1.428810137342589,2.2629869699937393,12.405849920501218,15.0,3.0,3.5,0.8,8.307366495466537,29.906519383679534
9,570,21486,126,75.6519,-74.9714,54.1013,2.0884,4.7102,-0.0332,-0.0248,-0.1433,-0.2434,-0.0396,-0.0124,-0.2812,0.0267,car,571,59.0564,-55.1782,3.8204,-6.4498,7.4955,0.1107,301.486,7.496357528826916,26.986887103776898,16.5955,-19.793200000000006,-3.8535999999999997,6.425,7.492052986998957,25.82985455804969,0,09_570_571_21521_ego_571,1,21521,21521,21528,vehicle_vehicle,0.31596461272486803,1.428810137342589,2.2629869699937393,12.405849920501218,15.0,3.0,3.5,0.8,8.307366495466537,29.906519383679534
9,571,21486,90,59.0564,-55.1782,301.486,2.0949,4.8005,3.8204,-6.4498,0.9233,-0.7056,7.4955,0.1107,1.0839,-0.4188,car,571,59.0564,-55.1782,3.8204,-6.4498,7.4955,0.1107,301.486,7.496357528826916,26.986887103776898,0.0,0.0,0.0,0.0,0.0,0.0,1,09_570_571_21521_ego_571,1,21521,21521,21528,vehicle_vehicle,0.31596461272486803,1.428810137342589,2.2629869699937393,12.405849920501218,15.0,3.0,3.5,0.8,8.307366495466537,29.906519383679534
9,574,21486,54,71.509,-80.6942,61.8403,2.1286,4.9218,0.7003,1.2132,-0.6793,-1.2804,1.4001,0.0449,-1.4494,0.0054,car,571,59.0564,-55.1782,3.8204,-6.4498,7.4955,0.1107,301.486,7.496357528826916,26.986887103776898,12.452600000000004,-25.516,-3.1201,7.663,8.273849950899521,28.392490252882013,0,09_570_571_21521_ego_571,0,21521,21521,21528,vehicle_vehicle,0.31596461272486803,1.428810137342589,2.2629869699937393,12.405849920501218,15.0,3.0,3.5,0.8,8.307366495466537,29.906519383679534
9,568,21487,264,68.1484,-63.8204,324.9271,2.0523,4.4999,6.9902,-4.3909,1.8945,2.2969,8.244,-0.4231,0.2306,-2.9685,car,571,59.2089,-55.4376,3.8582,-6.481,7.542,0.0898,301.4473,7.542484222058406,27.152943199410263,8.939499999999995,-8.382799999999996,3.1319999999999997,2.0900999999999996,3.76536080741275,12.255039620090987,0,09_570_571_21521_ego_571,0,21521,21521,21528,vehicle_vehicle,0.31596461272486803,1.428810137342589,2.2629869699937393,12.405849920501218,15.0,3.0,3.5,0.8,8.307366495466537,29.906519383679534
9,569,21487,183,65.4494,-41.498,244.585,1.8992,3.847,-2.8837,-6.8588,2.5472,-1.2769,7.4327,-0.339,0.0601,-2.8487,car,571,59.2089,-55.4376,3.8582,-6.481,7.542,0.0898,301.4473,7.542484222058406,27.152943199410263,6.240499999999997,13.939600000000006,-6.7419,-0.3777999999999997,6.752477208402854,15.272730221214546,0,09_570_571_21521_ego_571,0,21521,21521,21528,vehicle_vehicle,0.31596461272486803,1.428810137342589,2.2629869699937393,12.405849920501218,15.0,3.0,3.5,0.8,8.307366495466537,29.906519383679534
9,570,21487,127,75.6501,-74.9732,54.0957,2.0884,4.7102,-0.034,-0.0305,-0.1098,-0.1974,-0.0446,-0.0097,-0.2243,0.0268,car,571,59.2089,-55.4376,3.8582,-6.481,7.542,0.0898,301.4473,7.542484222058406,27.152943199410263,16.441199999999995,-19.535600000000002,-3.8922,6.4505,7.533801901430644,25.53336493296565,0,09_570_571_21521_ego_571,1,21521,21521,21528,vehicle_vehicle,0.31596461272486803,1.428810137342589,2.2629869699937393,12.405849920501218,15.0,3.0,3.5,0.8,8.307366495466537,29.906519383679534
9,571,21487,91,59.2089,-55.4376,301.4473,2.0949,4.8005,3.8582,-6.481,1.0064,-0.6137,7.542,0.0898,1.0486,-0.5384,car,571,59.2089,-55.4376,3.8582,-6.481,7.542,0.0898,301.4473,7.542484222058406,27.152943199410263,0.0,0.0,0.0,0.0,0.0,0.0,1,09_570_571_21521_ego_571,1,21521,21521,21528,vehicle_vehicle,0.31596461272486803,1.428810137342589,2.2629869699937393,12.405849920501218,15.0,3.0,3.5,0.8,8.307366495466537,29.906519383679534
9,574,21487,55,71.5365,-80.6469,61.7763,2.1286,4.9218,0.6723,1.1596,-0.6803,-1.274,1.3397,0.044,-1.4442,0.0031,car,571,59.2089,-55.4376,3.8582,-6.481,7.542,0.0898,301.4473,7.542484222058406,27.152943199410263,12.327600000000004,-25.2093,-3.1859,7.6406,8.278207968515892,28.062047827092023,0,09_570_571_21521_ego_571,0,21521,21521,21528,vehicle_vehicle,0.31596461272486803,1.428810137342589,2.2629869699937393,12.405849920501218,15.0,3.0,3.5,0.8,8.307366495466537,29.906519383679534
9,568,21488,265,68.4302,-63.9949,325.8502,2.0523,4.4999,7.067,-4.2975,1.8558,2.3439,8.2609,-0.4106,0.2201,-2.9815,car,571,59.3629,-55.6982,3.8997,-6.5083,7.5868,0.0693,301.4526,7.5872016567374825,27.31392596425494,9.067299999999996,-8.296700000000001,3.1673,2.2108,3.862567271906083,12.290287229353103,0,09_570_571_21521_ego_571,0,21521,21521,21528,vehicle_vehicle,0.31596461272486803,1.428810137342589,2.2629869699937393,12.405849920501218,15.0,3.0,3.5,0.8,8.307366495466537,29.906519383679534
9,569,21488,184,65.3358,-41.7735,245.531,1.8992,3.847,-2.7836,-6.9096,2.5694,-1.2426,7.442,-0.3284,0.0667,-2.8533,car,571,59.3629,-55.6982,3.8997,-6.5083,7.5868,0.0693,301.4526,7.5872016567374825,27.31392596425494,5.972900000000003,13.924700000000001,-6.6833,-0.4013,6.6953372267571405,15.151660123564021,0,09_570_571_21521_ego_571,0,21521,21521,21528,vehicle_vehicle,0.31596461272486803,1.428810137342589,2.2629869699937393,12.405849920501218,15.0,3.0,3.5,0.8,8.307366495466537,29.906519383679534
9,570,21488,128,75.6491,-74.9751,54.0821,2.0884,4.7102,-0.0336,-0.0341,-0.0812,-0.1556,-0.0473,-0.0072,-0.1736,0.0255,car,571,59.3629,-55.6982,3.8997,-6.5083,7.5868,0.0693,301.4526,7.5872016567374825,27.31392596425494,16.2862,-19.276899999999998,-3.9333,6.474200000000001,7.575362336548662,25.23567284718202,0,09_570_571_21521_ego_571,1,21521,21521,21528,vehicle_vehicle,0.31596461272486803,1.428810137342589,2.2629869699937393,12.405849920501218,15.0,3.0,3.5,0.8,8.307366495466537,29.906519383679534
9,571,21488,92,59.3629,-55.6982,301.4526,2.0949,4.8005,3.8997,-6.5083,1.0885,-0.519,7.5868,0.0693,1.0107,-0.6577,car,571,59.3629,-55.6982,3.8997,-6.5083,7.5868,0.0693,301.4526,7.5872016567374825,27.31392596425494,0.0,0.0,0.0,0.0,0.0,0.0,1,09_570_571_21521_ego_571,1,21521,21521,21528,vehicle_vehicle,0.31596461272486803,1.428810137342589,2.2629869699937393,12.405849920501218,15.0,3.0,3.5,0.8,8.307366495466537,29.906519383679534
9,574,21488,56,71.5625,-80.602,61.7157,2.1286,4.9218,0.6444,1.1065,-0.6805,-1.2652,1.2797,0.0432,-1.4366,0.0003,car,571,59.3629,-55.6982,3.8997,-6.5083,7.5868,0.0693,301.4526,7.5872016567374825,27.31392596425494,12.199599999999997,-24.903800000000004,-3.2553,7.614800000000001,8.281434485039414,27.73138104386437,0,09_570_571_21521_ego_571,0,21521,21521,21528,vehicle_vehicle,0.31596461272486803,1.428810137342589,2.2629869699937393,12.405849920501218,15.0,3.0,3.5,0.8,8.307366495466537,29.906519383679534
9,568,21489,266,68.7154,-64.1651,326.8052,2.0523,4.4999,7.1418,-4.2022,1.8164,2.3893,8.277,-0.3936,0.2119,-2.9938,car,571,59.5184,-55.9598,3.945,-6.5314,7.6302,0.048,301.4927,7.630348023517668,27.469252884663607,9.197000000000003,-8.205299999999994,3.1968,2.3291999999999993,3.955338529127437,12.325248763818115,0,09_570_571_21521_ego_571,0,21521,21521,21528,vehicle_vehicle,0.31596461272486803,1.428810137342589,2.2629869699937393,12.405849920501218,15.0,3.0,3.5,0.8,8.307366495466537,29.906519383679534
9,569,21489,185,65.2263,-42.0509,246.4541,1.8992,3.847,-2.6825,-6.9591,2.5933,-1.2085,7.4513,-0.3209,0.0719,-2.8601,car,571,59.5184,-55.9598,3.945,-6.5314,7.6302,0.048,301.4927,7.630348023517668,27.469252884663607,5.707899999999995,13.908900000000003,-6.6274999999999995,-0.42770000000000064,6.641286286556242,15.034547602771426,0,09_570_571_21521_ego_571,0,21521,21521,21528,vehicle_vehicle,0.31596461272486803,1.428810137342589,2.2629869699937393,12.405849920501218,15.0,3.0,3.5,0.8,8.307366495466537,29.906519383679534
9,570,21489,129,75.6483,-74.9769,54.0624,2.0884,4.7102,-0.0322,-0.0358,-0.0573,-0.1181,-0.0479,-0.0051,-0.1292,0.0229,car,571,59.5184,-55.9598,3.945,-6.5314,7.6302,0.048,301.4927,7.630348023517668,27.469252884663607,16.129900000000006,-19.0171,-3.9772,6.4956,7.616491265668201,24.936394414991117,0,09_570_571_21521_ego_571,1,21521,21521,21528,vehicle_vehicle,0.31596461272486803,1.428810137342589,2.2629869699937393,12.405849920501218,15.0,3.0,3.5,0.8,8.307366495466537,29.906519383679534
9,571,21489,93,59.5184,-55.9598,301.4927,2.0949,4.8005,3.945,-6.5314,1.1691,-0.4217,7.6302,0.048,0.9703,-0.7766,car,571,59.5184,-55.9598,3.945,-6.5314,7.6302,0.048,301.4927,7.630348023517668,27.469252884663607,0.0,0.0,0.0,0.0,0.0,0.0,1,09_570_571_21521_ego_571,1,21521,21521,21528,vehicle_vehicle,0.31596461272486803,1.428810137342589,2.2629869699937393,12.405849920501218,15.0,3.0,3.5,0.8,8.307366495466537,29.906519383679534
9,574,21489,57,71.5876,-80.5591,61.6603,2.1286,4.9218,0.6165,1.0538,-0.6801,-1.2544,1.2202,0.0424,-1.4269,-0.0031,car,571,59.5184,-55.9598,3.945,-6.5314,7.6302,0.048,301.4927,7.630348023517668,27.469252884663607,12.069199999999995,-24.5993,-3.3285,7.5851999999999995,8.28336714687934,27.400568408885242,0,09_570_571_21521_ego_571,0,21521,21521,21528,vehicle_vehicle,0.31596461272486803,1.428810137342589,2.2629869699937393,12.405849920501218,15.0,3.0,3.5,0.8,8.307366495466537,29.906519383679534
9,568,21490,267,69.0037,-64.3314,327.7418,2.0523,4.4999,7.2146,-4.105,1.7765,2.4331,8.292,-0.3793,0.2037,-3.0057,car,571,59.6762,-56.2227,3.9939,-6.5501,7.6717,0.025,301.5596,7.671704323030183,27.61813556290866,9.327499999999993,-8.108699999999999,3.2207,2.445099999999999,4.043689219017702,12.359339462123366,0,09_570_571_21521_ego_571,0,21521,21521,21528,vehicle_vehicle,0.31596461272486803,1.428810137342589,2.2629869699937393,12.405849920501218,15.0,3.0,3.5,0.8,8.307366495466537,29.906519383679534
9,569,21490,186,65.121,-42.3305,247.3669,1.8992,3.847,-2.5804,-7.0071,2.6188,-1.1748,7.4604,-0.3148,0.0765,-2.8692,car,571,59.6762,-56.2227,3.9939,-6.5501,7.6717,0.025,301.5596,7.671704323030183,27.61813556290866,5.444799999999994,13.892200000000003,-6.5743,-0.45700000000000074,6.590164602648405,14.921094727934676,0,09_570_571_21521_ego_571,0,21521,21521,21528,vehicle_vehicle,0.31596461272486803,1.428810137342589,2.2629869699937393,12.405849920501218,15.0,3.0,3.5,0.8,8.307366495466537,29.906519383679534
9,570,21490,130,75.6479,-74.9788,54.0409,2.0884,4.7102,-0.0304,-0.036,-0.0377,-0.0851,-0.047,-0.0034,-0.0911,0.0195,car,571,59.6762,-56.2227,3.9939,-6.5501,7.6717,0.025,301.5596,7.671704323030183,27.61813556290866,15.971700000000006,-18.756100000000004,-4.0243,6.5141,7.656924271533577,24.635066228853542,0,09_570_571_21521_ego_571,1,21521,21521,21528,vehicle_vehicle,0.31596461272486803,1.428810137342589,2.2629869699937393,12.405849920501218,15.0,3.0,3.5,0.8,8.307366495466537,29.906519383679534
9,571,21490,94,59.6762,-56.2227,301.5596,2.0949,4.8005,3.9939,-6.5501,1.2477,-0.3224,7.6717,0.025,0.9277,-0.8944,car,571,59.6762,-56.2227,3.9939,-6.5501,7.6717,0.025,301.5596,7.671704323030183,27.61813556290866,0.0,0.0,0.0,0.0,0.0,0.0,1,09_570_571_21521_ego_571,1,21521,21521,21528,vehicle_vehicle,0.31596461272486803,1.428810137342589,2.2629869699937393,12.405849920501218,15.0,3.0,3.5,0.8,8.307366495466537,29.906519383679534
9,574,21490,58,71.6123,-80.5185,61.5977,2.1286,4.9218,0.5884,1.0018,-0.6788,-1.2416,1.1611,0.0411,-1.415,-0.0066,car,571,59.6762,-56.2227,3.9939,-6.5501,7.6717,0.025,301.5596,7.671704323030183,27.61813556290866,11.936100000000003,-24.2958,-3.4055,7.5519,8.284239485915409,27.069473228158692,0,09_570_571_21521_ego_571,0,21521,21521,21528,vehicle_vehicle,0.31596461272486803,1.428810137342589,2.2629869699937393,12.405849920501218,15.0,3.0,3.5,0.8,8.307366495466537,29.906519383679534
9,568,21491,268,69.2951,-64.4936,328.6834,2.0523,4.4999,7.2852,-4.0061,1.7369,2.4752,8.306,-0.3642,0.1973,-3.0174,car,571,59.836,-56.487,4.0463,-6.564,7.711,0.0049,301.6875,7.710942853503714,27.75939427261337,9.459100000000007,-8.006599999999999,3.2389,2.5579,4.127144972011523,12.392748539771155,0,09_570_571_21521_ego_571,0,21521,21521,21528,vehicle_vehicle,0.31596461272486803,1.428810137342589,2.2629869699937393,12.405849920501218,15.0,3.0,3.5,0.8,8.307366495466537,29.906519383679534
9,569,21491,187,65.0196,-42.6119,248.2864,1.8992,3.847,-2.4772,-7.0536,2.646,-1.1414,7.4696,-0.3082,0.0815,-2.8805,car,571,59.836,-56.487,4.0463,-6.564,7.711,0.0049,301.6875,7.710942853503714,27.75939427261337,5.183599999999998,13.875100000000003,-6.523499999999999,-0.48960000000000026,6.541846865373722,14.811755769320532,0,09_570_571_21521_ego_571,0,21521,21521,21528,vehicle_vehicle,0.31596461272486803,1.428810137342589,2.2629869699937393,12.405849920501218,15.0,3.0,3.5,0.8,8.307366495466537,29.906519383679534
9,570,21491,131,75.6481,-74.9804,54.0187,2.0884,4.7102,-0.0283,-0.0348,-0.0221,-0.0568,-0.0448,-0.0024,-0.0589,0.0155,car,571,59.836,-56.487,4.0463,-6.564,7.711,0.0049,301.6875,7.710942853503714,27.75939427261337,15.812100000000001,-18.4934,-4.074599999999999,6.5292,7.696285974416491,24.331632702512998,0,09_570_571_21521_ego_571,1,21521,21521,21528,vehicle_vehicle,0.31596461272486803,1.428810137342589,2.2629869699937393,12.405849920501218,15.0,3.0,3.5,0.8,8.307366495466537,29.906519383679534
9,571,21491,95,59.836,-56.487,301.6875,2.0949,4.8005,4.0463,-6.564,1.324,-0.2216,7.711,0.0049,0.884,-1.0102,car,571,59.836,-56.487,4.0463,-6.564,7.711,0.0049,301.6875,7.710942853503714,27.75939427261337,0.0,0.0,0.0,0.0,0.0,0.0,1,09_570_571_21521_ego_571,1,21521,21521,21528,vehicle_vehicle,0.31596461272486803,1.428810137342589,2.2629869699937393,12.405849920501218,15.0,3.0,3.5,0.8,8.307366495466537,29.906519383679534
9,574,21491,59,71.6356,-80.48,61.5375,2.1286,4.9218,0.5603,0.9505,-0.6767,-1.2271,1.1027,0.0396,-1.4012,-0.0101,car,571,59.836,-56.487,4.0463,-6.564,7.711,0.0049,301.6875,7.710942853503714,27.75939427261337,11.799599999999998,-23.993000000000002,-3.4859999999999998,7.5145,8.283713312880884,26.737513144643803,0,09_570_571_21521_ego_571,0,21521,21521,21528,vehicle_vehicle,0.31596461272486803,1.428810137342589,2.2629869699937393,12.405849920501218,15.0,3.0,3.5,0.8,8.307366495466537,29.906519383679534
9,568,21492,269,69.5892,-64.6517,329.6036,2.0523,4.4999,7.3538,-3.9055,1.6979,2.5158,8.3191,-0.3522,0.1916,-3.0291,car,571,59.9981,-56.7518,4.1021,-6.5731,7.7481,-0.0129,301.8721,7.748088023506186,27.893116884622273,9.591100000000004,-7.899900000000002,3.2516999999999996,2.6676,4.205905687245019,12.425683853213075,0,09_570_571_21521_ego_571,0,21521,21521,21528,vehicle_vehicle,0.31596461272486803,1.428810137342589,2.2629869699937393,12.405849920501218,15.0,3.0,3.5,0.8,8.307366495466537,29.906519383679534
9,569,21492,188,64.9219,-42.895,249.2045,1.8992,3.847,-2.3725,-7.0988,2.6745,-1.1085,7.4787,-0.3023,0.0867,-2.8938,car,571,59.9981,-56.7518,4.1021,-6.5731,7.7481,-0.0129,301.8721,7.748088023506186,27.893116884622273,4.923799999999993,13.8568,-6.474600000000001,-0.5256999999999996,6.495906838155856,14.705601404906904,0,09_570_571_21521_ego_571,0,21521,21521,21528,vehicle_vehicle,0.31596461272486803,1.428810137342589,2.2629869699937393,12.405849920501218,15.0,3.0,3.5,0.8,8.307366495466537,29.906519383679534
9,570,21492,132,75.6488,-74.9818,54.0076,2.0884,4.7102,-0.0263,-0.0324,-0.0097,-0.033,-0.0417,-0.0022,-0.0324,0.0116,car,571,59.9981,-56.7518,4.1021,-6.5731,7.7481,-0.0129,301.8721,7.748088023506186,27.893116884622273,15.650699999999993,-18.230000000000004,-4.1284,6.5407,7.734626238545726,24.026595898920014,0,09_570_571_21521_ego_571,1,21521,21521,21528,vehicle_vehicle,0.31596461272486803,1.428810137342589,2.2629869699937393,12.405849920501218,15.0,3.0,3.5,0.8,8.307366495466537,29.906519383679534
9,571,21492,96,59.9981,-56.7518,301.8721,2.0949,4.8005,4.1021,-6.5731,1.3975,-0.1202,7.7481,-0.0129,0.84,-1.1234,car,571,59.9981,-56.7518,4.1021,-6.5731,7.7481,-0.0129,301.8721,7.748088023506186,27.893116884622273,0.0,0.0,0.0,0.0,0.0,0.0,1,09_570_571_21521_ego_571,1,21521,21521,21528,vehicle_vehicle,0.31596461272486803,1.428810137342589,2.2629869699937393,12.405849920501218,15.0,3.0,3.5,0.8,8.307366495466537,29.906519383679534
9,574,21492,60,71.6577,-80.4434,61.4671,2.1286,4.9218,0.5321,0.9,-0.6735,-1.211,1.0449,0.0376,-1.3856,-0.0132,car,571,59.9981,-56.7518,4.1021,-6.5731,7.7481,-0.0129,301.8721,7.748088023506186,27.893116884622273,11.659600000000005,-23.691599999999994,-3.5700000000000003,7.4731000000000005,8.28203619951036,26.40526808650122,0,09_570_571_21521_ego_571,0,21521,21521,21528,vehicle_vehicle,0.31596461272486803,1.428810137342589,2.2629869699937393,12.405849920501218,15.0,3.0,3.5,0.8,8.307366495466537,29.906519383679534
9,568,21493,270,69.8859,-64.8058,330.5254,2.0523,4.4999,7.4203,-3.8034,1.6601,2.5548,8.3313,-0.3399,0.1882,-3.041,car,571,60.1616,-57.0168,4.1616,-6.5773,7.7832,-0.0319,302.0876,7.78330198887336,28.019887159944098,9.724300000000007,-7.7890000000000015,3.2587,2.7739000000000003,4.279444695284658,12.459154525488483,0,09_570_571_21521_ego_571,0,21521,21521,21528,vehicle_vehicle,0.31596461272486803,1.428810137342589,2.2629869699937393,12.405849920501218,15.0,3.0,3.5,0.8,8.307366495466537,29.906519383679534
9,569,21493,189,64.8282,-43.1797,250.1275,1.8992,3.847,-2.2664,-7.1428,2.704,-1.076,7.4879,-0.2966,0.0927,-2.9087,car,571,60.1616,-57.0168,4.1616,-6.5773,7.7832,-0.0319,302.0876,7.78330198887336,28.019887159944098,4.666599999999995,13.837100000000007,-6.428,-0.5655000000000001,6.452826841780275,14.602824794196502,0,09_570_571_21521_ego_571,0,21521,21521,21528,vehicle_vehicle,0.31596461272486803,1.428810137342589,2.2629869699937393,12.405849920501218,15.0,3.0,3.5,0.8,8.307366495466537,29.906519383679534
9,570,21493,133,75.6493,-74.9826,53.9995,2.0884,4.7102,-0.0244,-0.0293,0.0002,-0.0138,-0.0381,-0.0025,-0.0111,0.0083,car,571,60.1616,-57.0168,4.1616,-6.5773,7.7832,-0.0319,302.0876,7.78330198887336,28.019887159944098,15.487699999999997,-17.9658,-4.186,6.548,7.771672921578725,23.720008872890414,0,09_570_571_21521_ego_571,1,21521,21521,21528,vehicle_vehicle,0.31596461272486803,1.428810137342589,2.2629869699937393,12.405849920501218,15.0,3.0,3.5,0.8,8.307366495466537,29.906519383679534
9,571,21493,97,60.1616,-57.0168,302.0876,2.0949,4.8005,4.1616,-6.5773,1.4679,-0.019,7.7832,-0.0319,0.7959,-1.2336,car,571,60.1616,-57.0168,4.1616,-6.5773,7.7832,-0.0319,302.0876,7.78330198887336,28.019887159944098,0.0,0.0,0.0,0.0,0.0,0.0,1,09_570_571_21521_ego_571,1,21521,21521,21528,vehicle_vehicle,0.31596461272486803,1.428810137342589,2.2629869699937393,12.405849920501218,15.0,3.0,3.5,0.8,8.307366495466537,29.906519383679534
9,574,21493,61,71.6791,-80.4089,61.4104,2.1286,4.9218,0.5038,0.8503,-0.669,-1.1936,0.9877,0.0355,-1.3682,-0.0162,car,571,60.1616,-57.0168,4.1616,-6.5773,7.7832,-0.0319,302.0876,7.78330198887336,28.019887159944098,11.517500000000005,-23.3921,-3.6578,7.4276,8.279416803132936,26.07380196020519,0,09_570_571_21521_ego_571,0,21521,21521,21528,vehicle_vehicle,0.31596461272486803,1.428810137342589,2.2629869699937393,12.405849920501218,15.0,3.0,3.5,0.8,8.307366495466537,29.906519383679534
9,568,21494,271,70.1852,-64.9563,331.4521,2.0523,4.4999,7.4848,-3.6995,1.624,2.5923,8.3427,-0.3272,0.1877,-3.0532,car,571,60.3284,-57.2819,4.2242,-6.5766,7.8162,-0.0506,302.342,7.816363169658892,28.138907410772013,9.856799999999993,-7.674399999999999,3.2606,2.8771,4.348472923912485,12.492114376677785,0,09_570_571_21521_ego_571,0,21521,21521,21528,vehicle_vehicle,0.31596461272486803,1.428810137342589,2.2629869699937393,12.405849920501218,15.0,3.0,3.5,0.8,8.307366495466537,29.906519383679534
9,569,21494,190,64.7383,-43.4661,251.0677,1.8992,3.847,-2.1585,-7.1855,2.7341,-1.0438,7.4971,-0.2896,0.1003,-2.9249,car,571,60.3284,-57.2819,4.2242,-6.5766,7.8162,-0.0506,302.342,7.816363169658892,28.138907410772013,4.409899999999993,13.815800000000003,-6.3827,-0.6089000000000002,6.411678290432233,14.502535904110013,0,09_570_571_21521_ego_571,0,21521,21521,21528,vehicle_vehicle,0.31596461272486803,1.428810137342589,2.2629869699937393,12.405849920501218,15.0,3.0,3.5,0.8,8.307366495466537,29.906519383679534
9,570,21494,134,75.6503,-74.9835,54.0057,2.0884,4.7102,-0.0229,-0.0256,0.0082,0.0011,-0.0342,-0.0035,0.0057,0.006,car,571,60.3284,-57.2819,4.2242,-6.5766,7.8162,-0.0506,302.342,7.816363169658892,28.138907410772013,15.3219,-17.701600000000006,-4.2471,6.551,7.80726965142104,23.411690715751398,0,09_570_571_21521_ego_571,1,21521,21521,21528,vehicle_vehicle,0.31596461272486803,1.428810137342589,2.2629869699937393,12.405849920501218,15.0,3.0,3.5,0.8,8.307366495466537,29.906519383679534
9,571,21494,98,60.3284,-57.2819,302.342,2.0949,4.8005,4.2242,-6.5766,1.5346,0.0812,7.8162,-0.0506,0.7524,-1.34,car,571,60.3284,-57.2819,4.2242,-6.5766,7.8162,-0.0506,302.342,7.816363169658892,28.138907410772013,0.0,0.0,0.0,0.0,0.0,0.0,1,09_570_571_21521_ego_571,1,21521,21521,21528,vehicle_vehicle,0.31596461272486803,1.428810137342589,2.2629869699937393,12.405849920501218,15.0,3.0,3.5,0.8,8.307366495466537,29.906519383679534
9,574,21494,62,71.6988,-80.3759,61.3605,2.1286,4.9218,0.4757,0.8014,-0.6632,-1.175,0.9313,0.0334,-1.3491,-0.0189,car,571,60.3284,-57.2819,4.2242,-6.5766,7.8162,-0.0506,302.342,7.816363169658892,28.138907410772013,11.370400000000004,-23.094,-3.7485,7.378,8.275635096474469,25.741383648902794,0,09_570_571_21521_ego_571,0,21521,21521,21528,vehicle_vehicle,0.31596461272486803,1.428810137342589,2.2629869699937393,12.405849920501218,15.0,3.0,3.5,0.8,8.307366495466537,29.906519383679534
9,568,21495,272,70.4864,-65.103,332.3756,2.0523,4.4999,7.5476,-3.5938,1.5898,2.628,8.3536,-0.3155,0.1901,-3.0656,car,571,60.4986,-57.5464,4.2895,-6.5714,7.8472,-0.0683,302.6359,7.84749056769105,28.250966043687782,9.9878,-7.556599999999996,3.2580999999999998,2.9776,4.413764534951995,12.524310456069026,0,09_570_571_21521_ego_571,0,21521,21521,21528,vehicle_vehicle,0.31596461272486803,1.428810137342589,2.2629869699937393,12.405849920501218,15.0,3.0,3.5,0.8,8.307366495466537,29.906519383679534
9,569,21495,191,64.6524,-43.7541,251.9883,1.8992,3.847,-2.0488,-7.227,2.7641,-1.012,7.5064,-0.2863,0.1077,-2.9416,car,571,60.4986,-57.5464,4.2895,-6.5714,7.8472,-0.0683,302.6359,7.84749056769105,28.250966043687782,4.153799999999997,13.792299999999997,-6.3383,-0.6556000000000006,6.37211568083945,14.404221385760492,0,09_570_571_21521_ego_571,0,21521,21521,21528,vehicle_vehicle,0.31596461272486803,1.428810137342589,2.2629869699937393,12.405849920501218,15.0,3.0,3.5,0.8,8.307366495466537,29.906519383679534
9,570,21495,135,75.6507,-74.9836,54.0245,2.0884,4.7102,-0.0217,-0.0217,0.015,0.0119,-0.0303,-0.0048,0.0184,0.0051,car,571,60.4986,-57.5464,4.2895,-6.5714,7.8472,-0.0683,302.6359,7.84749056769105,28.250966043687782,15.152099999999997,-17.437199999999997,-4.3112,6.5497,7.841238137564756,23.10069432398082,0,09_570_571_21521_ego_571,1,21521,21521,21528,vehicle_vehicle,0.31596461272486803,1.428810137342589,2.2629869699937393,12.405849920501218,15.0,3.0,3.5,0.8,8.307366495466537,29.906519383679534
9,571,21495,99,60.4986,-57.5464,302.6359,2.0949,4.8005,4.2895,-6.5714,1.5974,0.1797,7.8472,-0.0683,0.7101,-1.4421,car,571,60.4986,-57.5464,4.2895,-6.5714,7.8472,-0.0683,302.6359,7.84749056769105,28.250966043687782,0.0,0.0,0.0,0.0,0.0,0.0,1,09_570_571_21521_ego_571,1,21521,21521,21528,vehicle_vehicle,0.31596461272486803,1.428810137342589,2.2629869699937393,12.405849920501218,15.0,3.0,3.5,0.8,8.307366495466537,29.906519383679534
9,574,21495,63,71.7176,-80.3443,61.3266,2.1286,4.9218,0.4476,0.753,-0.6559,-1.1551,0.8754,0.0314,-1.3281,-0.0212,car,571,60.4986,-57.5464,4.2895,-6.5714,7.8472,-0.0683,302.6359,7.84749056769105,28.250966043687782,11.219000000000001,-22.797900000000006,-3.8419000000000003,7.3244,8.270854307143852,25.408860765685667,0,09_570_571_21521_ego_571,0,21521,21521,21528,vehicle_vehicle,0.31596461272486803,1.428810137342589,2.2629869699937393,12.405849920501218,15.0,3.0,3.5,0.8,8.307366495466537,29.906519383679534
9,568,21496,273,70.7897,-65.2444,333.3005,2.0523,4.4999,7.6091,-3.4869,1.5578,2.6617,8.3645,-0.3038,0.1958,-3.0778,car,571,60.671,-57.8106,4.3574,-6.5616,7.8762,-0.0868,302.9556,7.876644547013659,28.355920369249173,10.118699999999997,-7.433799999999998,3.2516999999999996,3.0747000000000004,4.475190831685281,12.555854097989508,0,09_570_571_21521_ego_571,0,21521,21521,21528,vehicle_vehicle,0.31596461272486803,1.428810137342589,2.2629869699937393,12.405849920501218,15.0,3.0,3.5,0.8,8.307366495466537,29.906519383679534
9,569,21496,192,64.5708,-44.0437,252.9177,1.8992,3.847,-1.937,-7.2674,2.7934,-0.9802,7.5158,-0.2832,0.1164,-2.9581,car,571,60.671,-57.8106,4.3574,-6.5616,7.8762,-0.0868,302.9556,7.876644547013659,28.355920369249173,3.899800000000006,13.7669,-6.2944,-0.7058,6.333847566842764,14.30859796241407,0,09_570_571_21521_ego_571,0,21521,21521,21528,vehicle_vehicle,0.31596461272486803,1.428810137342589,2.2629869699937393,12.405849920501218,15.0,3.0,3.5,0.8,8.307366495466537,29.906519383679534
9,570,21496,136,75.6504,-74.983,54.0489,2.0884,4.7102,-0.0204,-0.0178,0.0209,0.019,-0.0264,-0.006,0.0277,0.0058,car,571,60.671,-57.8106,4.3574,-6.5616,7.8762,-0.0868,302.9556,7.876644547013659,28.355920369249173,14.979400000000005,-17.172400000000003,-4.377800000000001,6.5438,7.873147482424041,22.7875787682676,0,09_570_571_21521_ego_571,1,21521,21521,21528,vehicle_vehicle,0.31596461272486803,1.428810137342589,2.2629869699937393,12.405849920501218,15.0,3.0,3.5,0.8,8.307366495466537,29.906519383679534
9,571,21496,100,60.671,-57.8106,302.9556,2.0949,4.8005,4.3574,-6.5616,1.6562,0.2759,7.8762,-0.0868,0.6694,-1.5398,car,571,60.671,-57.8106,4.3574,-6.5616,7.8762,-0.0868,302.9556,7.876644547013659,28.355920369249173,0.0,0.0,0.0,0.0,0.0,0.0,1,09_570_571_21521_ego_571,1,21521,21521,21528,vehicle_vehicle,0.31596461272486803,1.428810137342589,2.2629869699937393,12.405849920501218,15.0,3.0,3.5,0.8,8.307366495466537,29.906519383679534
9,574,21496,64,71.7354,-80.3145,61.306,2.1286,4.9218,0.4197,0.7051,-0.647,-1.1336,0.8201,0.0296,-1.305,-0.0233,car,571,60.671,-57.8106,4.3574,-6.5616,7.8762,-0.0868,302.9556,7.876644547013659,28.355920369249173,11.0644,-22.503899999999994,-3.9377,7.2667,8.265011202654236,25.076811252031224,0,09_570_571_21521_ego_571,0,21521,21521,21528,vehicle_vehicle,0.31596461272486803,1.428810137342589,2.2629869699937393,12.405849920501218,15.0,3.0,3.5,0.8,8.307366495466537,29.906519383679534
9,568,21497,274,71.0947,-65.3817,334.2144,2.0523,4.4999,7.6695,-3.3785,1.5278,2.6936,8.3755,-0.2941,0.2039,-3.09,car,571,60.8458,-58.0737,4.4281,-6.5477,7.9037,-0.1057,303.3036,7.904457280547476,28.456046209970914,10.248900000000006,-7.307999999999993,3.2414000000000005,3.1692,4.533266217640434,12.58756589694767,0,09_570_571_21521_ego_571,0,21521,21521,21528,vehicle_vehicle,0.31596461272486803,1.428810137342589,2.2629869699937393,12.405849920501218,15.0,3.0,3.5,0.8,8.307366495466537,29.906519383679534
9,569,21497,193,64.4933,-44.3354,253.8622,1.8992,3.847,-1.8232,-7.3064,2.821,-0.9487,7.5253,-0.2794,0.1272,-2.9736,car,571,60.8458,-58.0737,4.4281,-6.5477,7.9037,-0.1057,303.3036,7.904457280547476,28.456046209970914,3.647500000000008,13.738300000000002,-6.2513,-0.7587000000000002,6.297172173285403,14.2142584449559,0,09_570_571_21521_ego_571,0,21521,21521,21528,vehicle_vehicle,0.31596461272486803,1.428810137342589,2.2629869699937393,12.405849920501218,15.0,3.0,3.5,0.8,8.307366495466537,29.906519383679534
9,570,21497,137,75.6494,-74.9818,54.0745,2.0884,4.7102,-0.0187,-0.0145,0.0262,0.0233,-0.0228,-0.0066,0.0342,0.0075,car,571,60.8458,-58.0737,4.4281,-6.5477,7.9037,-0.1057,303.3036,7.904457280547476,28.456046209970914,14.803600000000003,-16.908100000000005,-4.4468,6.5332,7.902957198416299,22.472881848352255,0,09_570_571_21521_ego_571,1,21521,21521,21528,vehicle_vehicle,0.31596461272486803,1.428810137342589,2.2629869699937393,12.405849920501218,15.0,3.0,3.5,0.8,8.307366495466537,29.906519383679534
9,571,21497,101,60.8458,-58.0737,303.3036,2.0949,4.8005,4.4281,-6.5477,1.7108,0.3694,7.9037,-0.1057,0.6306,-1.6326,car,571,60.8458,-58.0737,4.4281,-6.5477,7.9037,-0.1057,303.3036,7.904457280547476,28.456046209970914,0.0,0.0,0.0,0.0,0.0,0.0,1,09_570_571_21521_ego_571,1,21521,21521,21528,vehicle_vehicle,0.31596461272486803,1.428810137342589,2.2629869699937393,12.405849920501218,15.0,3.0,3.5,0.8,8.307366495466537,29.906519383679534
9,574,21497,65,71.7523,-80.2861,61.2949,2.1286,4.9218,0.3919,0.6577,-0.6363,-1.1103,0.7651,0.0278,-1.2795,-0.0248,car,571,60.8458,-58.0737,4.4281,-6.5477,7.9037,-0.1057,303.3036,7.904457280547476,28.456046209970914,10.906500000000008,-22.212400000000002,-4.0362,7.2054,8.258855828745286,24.745554267585124,0,09_570_571_21521_ego_571,0,21521,21521,21528,vehicle_vehicle,0.31596461272486803,1.428810137342589,2.2629869699937393,12.405849920501218,15.0,3.0,3.5,0.8,8.307366495466537,29.906519383679534
9,568,21498,275,71.4011,-65.5156,335.1514,2.0523,4.4999,7.7293,-3.2685,1.4994,2.7234,8.3873,-0.2821,0.2161,-3.1013,car,571,61.0237,-58.3359,4.5011,-6.5297,7.9298,-0.124,303.6838,7.930755531473657,28.550719913305166,10.377400000000002,-7.179700000000004,3.2282,3.2612,4.588758075993983,12.618974714690575,0,09_570_571_21521_ego_571,0,21521,21521,21528,vehicle_vehicle,0.31596461272486803,1.428810137342589,2.2629869699937393,12.405849920501218,15.0,3.0,3.5,0.8,8.307366495466537,29.906519383679534
9,569,21498,194,64.4214,-44.6259,254.8064,1.8992,3.847,-1.7078,-7.3452,2.8464,-0.9168,7.536,-0.2769,0.1388,-2.9872,car,571,61.0237,-58.3359,4.5011,-6.5297,7.9298,-0.124,303.6838,7.930755531473657,28.550719913305166,3.3977000000000075,13.71,-6.2089,-0.8155000000000001,6.262226398015326,14.124746556664304,0,09_570_571_21521_ego_571,0,21521,21521,21528,vehicle_vehicle,0.31596461272486803,1.428810137342589,2.2629869699937393,12.405849920501218,15.0,3.0,3.5,0.8,8.307366495466537,29.906519383679534
9,570,21498,138,75.6486,-74.9804,54.0971,2.0884,4.7102,-0.0169,-0.0118,0.0306,0.0253,-0.0195,-0.0067,0.0384,0.0099,car,571,61.0237,-58.3359,4.5011,-6.5297,7.9298,-0.124,303.6838,7.930755531473657,28.550719913305166,14.624900000000004,-16.6445,-4.518,6.5179,7.930658510489529,22.15687433416546,0,09_570_571_21521_ego_571,1,21521,21521,21528,vehicle_vehicle,0.31596461272486803,1.428810137342589,2.2629869699937393,12.405849920501218,15.0,3.0,3.5,0.8,8.307366495466537,29.906519383679534
9,571,21498,102,61.0237,-58.3359,303.6838,2.0949,4.8005,4.5011,-6.5297,1.7609,0.4598,7.9298,-0.124,0.594,-1.7202,car,571,61.0237,-58.3359,4.5011,-6.5297,7.9298,-0.124,303.6838,7.930755531473657,28.550719913305166,0.0,0.0,0.0,0.0,0.0,0.0,1,09_570_571_21521_ego_571,1,21521,21521,21528,vehicle_vehicle,0.31596461272486803,1.428810137342589,2.2629869699937393,12.405849920501218,15.0,3.0,3.5,0.8,8.307366495466537,29.906519383679534
9,574,21498,66,71.7679,-80.2597,61.2833,2.1286,4.9218,0.3644,0.6108,-0.6236,-1.0847,0.7108,0.0261,-1.2509,-0.0257,car,571,61.0237,-58.3359,4.5011,-6.5297,7.9298,-0.124,303.6838,7.930755531473657,28.550719913305166,10.7442,-21.923799999999993,-4.1367,7.1405,8.252213469124511,24.414971637911023,0,09_570_571_21521_ego_571,0,21521,21521,21528,vehicle_vehicle,0.31596461272486803,1.428810137342589,2.2629869699937393,12.405849920501218,15.0,3.0,3.5,0.8,8.307366495466537,29.906519383679534
9,568,21499,276,71.7095,-65.6453,336.1033,2.0523,4.4999,7.7888,-3.1569,1.4718,2.7507,8.4,-0.2689,0.2314,-3.1111,car,571,61.2045,-58.5971,4.5764,-6.508,7.9548,-0.1401,304.1057,7.9559726595809765,28.641501574491517,10.505000000000003,-7.0482000000000085,3.2124000000000006,3.3511,4.6421315114934005,12.650381347611628,0,09_570_571_21521_ego_571,0,21521,21521,21528,vehicle_vehicle,0.31596461272486803,1.428810137342589,2.2629869699937393,12.405849920501218,15.0,3.0,3.5,0.8,8.307366495466537,29.906519383679534
9,569,21499,195,64.3546,-44.9181,255.7802,1.8992,3.847,-1.5911,-7.3836,2.869,-0.8836,7.5482,-0.2714,0.1518,-2.9981,car,571,61.2045,-58.5971,4.5764,-6.508,7.9548,-0.1401,304.1057,7.9559726595809765,28.641501574491517,3.150100000000002,13.678999999999995,-6.1674999999999995,-0.8756000000000004,6.229344396483469,14.037028567684825,0,09_570_571_21521_ego_571,0,21521,21521,21528,vehicle_vehicle,0.31596461272486803,1.428810137342589,2.2629869699937393,12.405849920501218,15.0,3.0,3.5,0.8,8.307366495466537,29.906519383679534
9,570,21499,139,75.6478,-74.9793,54.1213,2.0884,4.7102,-0.0148,-0.0096,0.0341,0.0259,-0.0164,-0.0063,0.041,0.0125,car,571,61.2045,-58.5971,4.5764,-6.508,7.9548,-0.1401,304.1057,7.9559726595809765,28.641501574491517,14.4433,-16.382199999999997,-4.5912,6.4984,7.956652562478771,21.8399952319134,0,09_570_571_21521_ego_571,1,21521,21521,21528,vehicle_vehicle,0.31596461272486803,1.428810137342589,2.2629869699937393,12.405849920501218,15.0,3.0,3.5,0.8,8.307366495466537,29.906519383679534
9,571,21499,103,61.2045,-58.5971,304.1057,2.0949,4.8005,4.5764,-6.508,1.8062,0.5469,7.9548,-0.1401,0.5599,-1.8022,car,571,61.2045,-58.5971,4.5764,-6.508,7.9548,-0.1401,304.1057,7.9559726595809765,28.641501574491517,0.0,0.0,0.0,0.0,0.0,0.0,1,09_570_571_21521_ego_571,1,21521,21521,21528,vehicle_vehicle,0.31596461272486803,1.428810137342589,2.2629869699937393,12.405849920501218,15.0,3.0,3.5,0.8,8.307366495466537,29.906519383679534
9,574,21499,67,71.7818,-80.2356,61.2808,2.1286,4.9218,0.3374,0.5648,-0.6089,-1.0566,0.6574,0.0245,-1.2192,-0.0262,car,571,61.2045,-58.5971,4.5764,-6.508,7.9548,-0.1401,304.1057,7.9559726595809765,28.641501574491517,10.577300000000001,-21.638500000000008,-4.239,7.0728,8.245824448774057,24.085347361829772,0,09_570_571_21521_ego_571,0,21521,21521,21528,vehicle_vehicle,0.31596461272486803,1.428810137342589,2.2629869699937393,12.405849920501218,15.0,3.0,3.5,0.8,8.307366495466537,29.906519383679534
9,568,21500,277,72.0211,-65.7686,337.0342,2.0523,4.4999,7.8477,-3.0445,1.4445,2.7755,8.4136,-0.2588,0.2471,-3.1192,car,571,61.3885,-58.857,4.6538,-6.4828,7.9788,-0.1532,304.5733,7.980260038369678,28.72893613813084,10.632600000000004,-6.911600000000007,3.1938999999999993,3.4383,4.6928567099369225,12.681577083312634,0,09_570_571_21521_ego_571,0,21521,21521,21528,vehicle_vehicle,0.31596461272486803,1.428810137342589,2.2629869699937393,12.405849920501218,15.0,3.0,3.5,0.8,8.307366495466537,29.906519383679534
9,569,21500,196,64.2931,-45.2123,256.759,1.8992,3.847,-1.4734,-7.4214,2.8887,-0.8483,7.5616,-0.2656,0.1641,-3.0062,car,571,61.3885,-58.857,4.6538,-6.4828,7.9788,-0.1532,304.5733,7.980260038369678,28.72893613813084,2.904599999999995,13.6447,-6.1272,-0.9386000000000001,6.198673229006349,13.950431507663122,0,09_570_571_21521_ego_571,0,21521,21521,21528,vehicle_vehicle,0.31596461272486803,1.428810137342589,2.2629869699937393,12.405849920501218,15.0,3.0,3.5,0.8,8.307366495466537,29.906519383679534
9,570,21500,140,75.647,-74.9784,54.1404,2.0884,4.7102,-0.0124,-0.0079,0.0368,0.0255,-0.0137,-0.0054,0.0422,0.0149,car,571,61.3885,-58.857,4.6538,-6.4828,7.9788,-0.1532,304.5733,7.980260038369678,28.72893613813084,14.258500000000005,-16.121399999999994,-4.666200000000001,6.4749,7.981087172184001,21.522182979660776,0,09_570_571_21521_ego_571,1,21521,21521,21528,vehicle_vehicle,0.31596461272486803,1.428810137342589,2.2629869699937393,12.405849920501218,15.0,3.0,3.5,0.8,8.307366495466537,29.906519383679534
9,571,21500,104,61.3885,-58.857,304.5733,2.0949,4.8005,4.6538,-6.4828,1.8465,0.6308,7.9788,-0.1532,0.5285,-1.8784,car,571,61.3885,-58.857,4.6538,-6.4828,7.9788,-0.1532,304.5733,7.980260038369678,28.72893613813084,0.0,0.0,0.0,0.0,0.0,0.0,1,09_570_571_21521_ego_571,1,21521,21521,21528,vehicle_vehicle,0.31596461272486803,1.428810137342589,2.2629869699937393,12.405849920501218,15.0,3.0,3.5,0.8,8.307366495466537,29.906519383679534
9,574,21500,68,71.7942,-80.2135,61.2762,2.1286,4.9218,0.3112,0.5197,-0.5922,-1.0257,0.6053,0.0231,-1.1841,-0.0263,car,571,61.3885,-58.857,4.6538,-6.4828,7.9788,-0.1532,304.5733,7.980260038369678,28.72893613813084,10.405700000000003,-21.356499999999997,-4.3426,7.0025,8.23973185303988,23.75665558827673,0,09_570_571_21521_ego_571,0,21521,21521,21528,vehicle_vehicle,0.31596461272486803,1.428810137342589,2.2629869699937393,12.405849920501218,15.0,3.0,3.5,0.8,8.307366495466537,29.906519383679534
9,568,21501,278,72.335,-65.8869,337.9332,2.0523,4.4999,7.9059,-2.9316,1.417,2.7982,8.4281,-0.2533,0.262,-3.1256,car,571,61.576,-59.1156,4.7328,-6.4543,8.002,-0.1628,305.086,8.003585717039583,28.812908581342498,10.758999999999993,-6.7712999999999965,3.1731,3.5227,4.741094694266293,12.712457854010758,0,09_570_571_21521_ego_571,0,21521,21521,21528,vehicle_vehicle,0.31596461272486803,1.428810137342589,2.2629869699937393,12.405849920501218,15.0,3.0,3.5,0.8,8.307366495466537,29.906519383679534
9,569,21501,197,64.2375,-45.5091,257.7187,1.8992,3.847,-1.3554,-7.4581,2.9058,-0.8104,7.5758,-0.262,0.1738,-3.0117,car,571,61.576,-59.1156,4.7328,-6.4543,8.002,-0.1628,305.086,8.003585717039583,28.812908581342498,2.6614999999999966,13.606500000000004,-6.0882000000000005,-1.0038,6.170396557758666,13.86435806303343,0,09_570_571_21521_ego_571,0,21521,21521,21528,vehicle_vehicle,0.31596461272486803,1.428810137342589,2.2629869699937393,12.405849920501218,15.0,3.0,3.5,0.8,8.307366495466537,29.906519383679534
9,570,21501,141,75.6464,-74.9778,54.1532,2.0884,4.7102,-0.0099,-0.0066,0.0384,0.0247,-0.0112,-0.0042,0.0425,0.0167,car,571,61.576,-59.1156,4.7328,-6.4543,8.002,-0.1628,305.086,8.003585717039583,28.812908581342498,14.0704,-15.862200000000001,-4.7427,6.4477,8.004126347078737,21.203432387233914,0,09_570_571_21521_ego_571,1,21521,21521,21528,vehicle_vehicle,0.31596461272486803,1.428810137342589,2.2629869699937393,12.405849920501218,15.0,3.0,3.5,0.8,8.307366495466537,29.906519383679534
9,571,21501,105,61.576,-59.1156,305.086,2.0949,4.8005,4.7328,-6.4543,1.8817,0.7113,8.002,-0.1628,0.4996,-1.9487,car,571,61.576,-59.1156,4.7328,-6.4543,8.002,-0.1628,305.086,8.003585717039583,28.812908581342498,0.0,0.0,0.0,0.0,0.0,0.0,1,09_570_571_21521_ego_571,1,21521,21521,21528,vehicle_vehicle,0.31596461272486803,1.428810137342589,2.2629869699937393,12.405849920501218,15.0,3.0,3.5,0.8,8.307366495466537,29.906519383679534
9,574,21501,69,71.8054,-80.1938,61.2698,2.1286,4.9218,0.286,0.476,-0.5738,-0.9921,0.5549,0.022,-1.1458,-0.0263,car,571,61.576,-59.1156,4.7328,-6.4543,8.002,-0.1628,305.086,8.003585717039583,28.812908581342498,10.229400000000005,-21.078199999999995,-4.4468000000000005,6.9303,8.2342630714594,23.429279536511572,0,09_570_571_21521_ego_571,0,21521,21521,21528,vehicle_vehicle,0.31596461272486803,1.428810137342589,2.2629869699937393,12.405849920501218,15.0,3.0,3.5,0.8,8.307366495466537,29.906519383679534
9,568,21502,279,72.6513,-66.0005,338.8129,2.0523,4.4999,7.9634,-2.8184,1.3889,2.8193,8.4438,-0.2502,0.276,-3.1307,car,571,61.767,-59.3723,4.8131,-6.423,8.0244,-0.1739,305.6051,8.026260686646054,28.894538471925795,10.884300000000003,-6.6282,3.1502999999999997,3.6046,4.787225840714013,12.743665945480526,0,09_570_571_21521_ego_571,0,21521,21521,21528,vehicle_vehicle,0.31596461272486803,1.428810137342589,2.2629869699937393,12.405849920501218,15.0,3.0,3.5,0.8,8.307366495466537,29.906519383679534
9,569,21502,198,64.1871,-45.8079,258.6266,1.8992,3.847,-1.2373,-7.4934,2.9206,-0.7697,7.5902,-0.2647,0.1786,-3.015,car,571,61.767,-59.3723,4.8131,-6.423,8.0244,-0.1739,305.6051,8.026260686646054,28.894538471925795,2.420099999999998,13.564400000000006,-6.050400000000001,-1.0704000000000002,6.1443548335036775,13.778600486624182,0,09_570_571_21521_ego_571,0,21521,21521,21528,vehicle_vehicle,0.31596461272486803,1.428810137342589,2.2629869699937393,12.405849920501218,15.0,3.0,3.5,0.8,8.307366495466537,29.906519383679534
9,570,21502,142,75.6458,-74.9773,54.1579,2.0884,4.7102,-0.0073,-0.0056,0.039,0.0237,-0.0088,-0.0026,0.0421,0.0177,car,571,61.767,-59.3723,4.8131,-6.423,8.0244,-0.1739,305.6051,8.026260686646054,28.894538471925795,13.878799999999991,-15.604999999999997,-4.8204,6.4174,8.0261621538566,20.88389605509469,0,09_570_571_21521_ego_571,1,21521,21521,21528,vehicle_vehicle,0.31596461272486803,1.428810137342589,2.2629869699937393,12.405849920501218,15.0,3.0,3.5,0.8,8.307366495466537,29.906519383679534
9,571,21502,106,61.767,-59.3723,305.6051,2.0949,4.8005,4.8131,-6.423,1.9118,0.7888,8.0244,-0.1739,0.4717,-2.0136,car,571,61.767,-59.3723,4.8131,-6.423,8.0244,-0.1739,305.6051,8.026260686646054,28.894538471925795,0.0,0.0,0.0,0.0,0.0,0.0,1,09_570_571_21521_ego_571,1,21521,21521,21528,vehicle_vehicle,0.31596461272486803,1.428810137342589,2.2629869699937393,12.405849920501218,15.0,3.0,3.5,0.8,8.307366495466537,29.906519383679534
9,574,21502,70,71.815,-80.1757,61.2674,2.1286,4.9218,0.2621,0.4336,-0.5543,-0.9557,0.5062,0.0214,-1.1045,-0.0266,car,571,61.767,-59.3723,4.8131,-6.423,8.0244,-0.1739,305.6051,8.026260686646054,28.894538471925795,10.047999999999995,-20.803400000000003,-4.551,6.8566,8.229493578586716,23.102894960588817,0,09_570_571_21521_ego_571,0,21521,21521,21528,vehicle_vehicle,0.31596461272486803,1.428810137342589,2.2629869699937393,12.405849920501218,15.0,3.0,3.5,0.8,8.307366495466537,29.906519383679534
9,568,21503,280,72.9697,-66.1101,339.7173,2.0523,4.4999,8.0204,-2.7046,1.3596,2.8393,8.4606,-0.2433,0.291,-3.1345,car,571,61.9617,-59.6278,4.8944,-6.3889,8.0461,-0.1835,306.149,8.048179581122676,28.973446492041635,11.008000000000003,-6.482300000000002,3.1260000000000003,3.6842999999999995,4.831763910830081,12.774829834091728,0,09_570_571_21521_ego_571,0,21521,21521,21528,vehicle_vehicle,0.31596461272486803,1.428810137342589,2.2629869699937393,12.405849920501218,15.0,3.0,3.5,0.8,8.307366495466537,29.906519383679534
9,569,21503,199,64.1408,-46.1086,259.565,1.8992,3.847,-1.1189,-7.5269,2.9337,-0.7262,7.6051,-0.2629,0.1828,-3.0167,car,571,61.9617,-59.6278,4.8944,-6.3889,8.0461,-0.1835,306.149,8.048179581122676,28.973446492041635,2.1790999999999983,13.519199999999998,-6.0133,-1.1380000000000008,6.120034386341306,13.693693637948819,0,09_570_571_21521_ego_571,0,21521,21521,21528,vehicle_vehicle,0.31596461272486803,1.428810137342589,2.2629869699937393,12.405849920501218,15.0,3.0,3.5,0.8,8.307366495466537,29.906519383679534
9,570,21503,143,75.6455,-74.9773,54.1556,2.0884,4.7102,-0.0046,-0.0048,0.0385,0.0228,-0.0066,-0.0009,0.041,0.0178,car,571,61.9617,-59.6278,4.8944,-6.3889,8.0461,-0.1835,306.149,8.048179581122676,28.973446492041635,13.683799999999998,-15.349499999999999,-4.899,6.384099999999999,8.047169304171499,20.563402750760876,0,09_570_571_21521_ego_571,1,21521,21521,21528,vehicle_vehicle,0.31596461272486803,1.428810137342589,2.2629869699937393,12.405849920501218,15.0,3.0,3.5,0.8,8.307366495466537,29.906519383679534
9,571,21503,107,61.9617,-59.6278,306.149,2.0949,4.8005,4.8944,-6.3889,1.9369,0.8635,8.0461,-0.1835,0.4453,-2.0734,car,571,61.9617,-59.6278,4.8944,-6.3889,8.0461,-0.1835,306.149,8.048179581122676,28.973446492041635,0.0,0.0,0.0,0.0,0.0,0.0,1,09_570_571_21521_ego_571,1,21521,21521,21528,vehicle_vehicle,0.31596461272486803,1.428810137342589,2.2629869699937393,12.405849920501218,15.0,3.0,3.5,0.8,8.307366495466537,29.906519383679534
9,574,21503,71,71.8242,-80.1597,61.2614,2.1286,4.9218,0.2394,0.393,-0.5339,-0.9169,0.4597,0.0209,-1.0607,-0.0273,car,571,61.9617,-59.6278,4.8944,-6.3889,8.0461,-0.1835,306.149,8.048179581122676,28.973446492041635,9.862500000000004,-20.5319,-4.655,6.781899999999999,8.225763952971176,22.777792339469602,0,09_570_571_21521_ego_571,0,21521,21521,21528,vehicle_vehicle,0.31596461272486803,1.428810137342589,2.2629869699937393,12.405849920501218,15.0,3.0,3.5,0.8,8.307366495466537,29.906519383679534
9,568,21504,281,73.2904,-66.2159,340.6295,2.0523,4.4999,8.0766,-2.5902,1.3287,2.8583,8.4785,-0.2353,0.3055,-3.1372,car,571,62.1599,-59.8821,4.9764,-6.352,8.0669,-0.1916,306.7156,8.069229266788744,29.04922536043948,11.130500000000005,-6.333800000000004,3.100199999999999,3.7618000000000005,4.874667094274233,12.806445747747505,0,09_570_571_21521_ego_571,0,21521,21521,21528,vehicle_vehicle,0.31596461272486803,1.428810137342589,2.2629869699937393,12.405849920501218,15.0,3.0,3.5,0.8,8.307366495466537,29.906519383679534
9,569,21504,200,64.0989,-46.4107,260.5331,1.8992,3.847,-1.0002,-7.5585,2.9454,-0.6801,7.6201,-0.2566,0.1864,-3.0171,car,571,62.1599,-59.8821,4.9764,-6.352,8.0669,-0.1916,306.7156,8.069229266788744,29.04922536043948,1.939,13.471400000000003,-5.9765999999999995,-1.2065000000000001,6.097162439200714,13.61022920306635,0,09_570_571_21521_ego_571,0,21521,21521,21528,vehicle_vehicle,0.31596461272486803,1.428810137342589,2.2629869699937393,12.405849920501218,15.0,3.0,3.5,0.8,8.307366495466537,29.906519383679534
9,570,21504,144,75.6455,-74.9776,54.1486,2.0884,4.7102,-0.002,-0.0039,0.0368,0.0219,-0.0043,0.0007,0.0393,0.017,car,571,62.1599,-59.8821,4.9764,-6.352,8.0669,-0.1916,306.7156,8.069229266788744,29.04922536043948,13.485599999999998,-15.095499999999994,-4.9784,6.3481000000000005,8.067393641691224,20.24192499763794,0,09_570_571_21521_ego_571,1,21521,21521,21528,vehicle_vehicle,0.31596461272486803,1.428810137342589,2.2629869699937393,12.405849920501218,15.0,3.0,3.5,0.8,8.307366495466537,29.906519383679534
9,571,21504,108,62.1599,-59.8821,306.7156,2.0949,4.8005,4.9764,-6.352,1.9574,0.9358,8.0669,-0.1916,0.4201,-2.1286,car,571,62.1599,-59.8821,4.9764,-6.352,8.0669,-0.1916,306.7156,8.069229266788744,29.04922536043948,0.0,0.0,0.0,0.0,0.0,0.0,1,09_570_571_21521_ego_571,1,21521,21521,21528,vehicle_vehicle,0.31596461272486803,1.428810137342589,2.2629869699937393,12.405849920501218,15.0,3.0,3.5,0.8,8.307366495466537,29.906519383679534
9,574,21504,72,71.8329,-80.1457,61.245,2.1286,4.9218,0.2176,0.3543,-0.5131,-0.8758,0.4152,0.0203,-1.0146,-0.0285,car,571,62.1599,-59.8821,4.9764,-6.352,8.0669,-0.1916,306.7156,8.069229266788744,29.04922536043948,9.672999999999995,-20.263600000000004,-4.7588,6.706300000000001,8.223176827114932,22.45396209937124,0,09_570_571_21521_ego_571,0,21521,21521,21528,vehicle_vehicle,0.31596461272486803,1.428810137342589,2.2629869699937393,12.405849920501218,15.0,3.0,3.5,0.8,8.307366495466537,29.906519383679534
9,568,21505,282,73.614,-66.318,341.5604,2.0523,4.4999,8.1318,-2.4746,1.2959,2.8763,8.497,-0.2245,0.3196,-3.1385,car,571,62.3615,-60.1351,5.0587,-6.3124,8.0868,-0.1995,307.2955,8.08930401517955,29.12149445464638,11.252500000000005,-6.1828999999999965,3.0731,3.8378,4.916569174739638,12.839276017751159,0,09_570_571_21521_ego_571,0,21521,21521,21528,vehicle_vehicle,0.31596461272486803,1.428810137342589,2.2629869699937393,12.405849920501218,15.0,3.0,3.5,0.8,8.307366495466537,29.906519383679534
9,569,21505,201,64.0615,-46.714,261.4142,1.8992,3.847,-0.8811,-7.5881,2.9557,-0.6315,7.6346,-0.2616,0.1831,-3.0168,car,571,62.3615,-60.1351,5.0587,-6.3124,8.0868,-0.1995,307.2955,8.08930401517955,29.12149445464638,1.6999999999999957,13.421100000000003,-5.9398,-1.2756999999999996,6.075247692892859,13.528337858362352,0,09_570_571_21521_ego_571,0,21521,21521,21528,vehicle_vehicle,0.31596461272486803,1.428810137342589,2.2629869699937393,12.405849920501218,15.0,3.0,3.5,0.8,8.307366495466537,29.906519383679534
9,570,21505,145,75.6462,-74.9783,54.144,2.0884,4.7102,0.0003,-0.0028,0.0342,0.0209,-0.0021,0.0019,0.037,0.0155,car,571,62.3615,-60.1351,5.0587,-6.3124,8.0868,-0.1995,307.2955,8.08930401517955,29.12149445464638,13.284699999999994,-14.843200000000003,-5.0584,6.3096000000000005,8.086931601046222,19.919935751151407,0,09_570_571_21521_ego_571,1,21521,21521,21528,vehicle_vehicle,0.31596461272486803,1.428810137342589,2.2629869699937393,12.405849920501218,15.0,3.0,3.5,0.8,8.307366495466537,29.906519383679534
9,571,21505,109,62.3615,-60.1351,307.2955,2.0949,4.8005,5.0587,-6.3124,1.9737,1.0059,8.0868,-0.1995,0.3957,-2.1796,car,571,62.3615,-60.1351,5.0587,-6.3124,8.0868,-0.1995,307.2955,8.08930401517955,29.12149445464638,0.0,0.0,0.0,0.0,0.0,0.0,1,09_570_571_21521_ego_571,1,21521,21521,21528,vehicle_vehicle,0.31596461272486803,1.428810137342589,2.2629869699937393,12.405849920501218,15.0,3.0,3.5,0.8,8.307366495466537,29.906519383679534
9,574,21505,73,71.8406,-80.1335,61.2263,2.1286,4.9218,0.1969,0.3177,-0.4919,-0.8329,0.3732,0.0196,-0.9669,-0.0303,car,571,62.3615,-60.1351,5.0587,-6.3124,8.0868,-0.1995,307.2955,8.08930401517955,29.12149445464638,9.479099999999995,-19.998399999999997,-4.8618,6.6301000000000005,8.221637625801808,22.131184771041966,0,09_570_571_21521_ego_571,0,21521,21521,21528,vehicle_vehicle,0.31596461272486803,1.428810137342589,2.2629869699937393,12.405849920501218,15.0,3.0,3.5,0.8,8.307366495466537,29.906519383679534
9,568,21506,283,73.9402,-66.4161,342.5163,2.0523,4.4999,8.1858,-2.3578,1.2609,2.8927,8.516,-0.2104,0.3336,-3.1379,car,571,62.5663,-60.3865,5.1414,-6.27,8.1058,-0.2062,307.8942,8.108445841220128,29.190405028392462,11.373900000000006,-6.029600000000002,3.0444000000000004,3.9121999999999995,4.9571847050518505,12.873293182787384,0,09_570_571_21521_ego_571,0,21521,21521,21528,vehicle_vehicle,0.31596461272486803,1.428810137342589,2.2629869699937393,12.405849920501218,15.0,3.0,3.5,0.8,8.307366495466537,29.906519383679534
9,569,21506,202,64.0286,-47.0187,262.2992,1.8992,3.847,-0.7616,-7.6154,2.9648,-0.5806,7.6488,-0.2657,0.1781,-3.0158,car,571,62.5663,-60.3865,5.1414,-6.27,8.1058,-0.2062,307.8942,8.108445841220128,29.190405028392462,1.462299999999999,13.367799999999995,-5.9030000000000005,-1.3454000000000006,6.054379419891027,13.447542456895233,0,09_570_571_21521_ego_571,0,21521,21521,21528,vehicle_vehicle,0.31596461272486803,1.428810137342589,2.2629869699937393,12.405849920501218,15.0,3.0,3.5,0.8,8.307366495466537,29.906519383679534
9,570,21506,146,75.6476,-74.9792,54.1358,2.0884,4.7102,0.0019,-0.0015,0.0312,0.0196,-0.0001,0.0024,0.0342,0.0137,car,571,62.5663,-60.3865,5.1414,-6.27,8.1058,-0.2062,307.8942,8.108445841220128,29.190405028392462,13.081299999999999,-14.592700000000008,-5.1395,6.2684999999999995,8.10608120487329,19.597635137434317,0,09_570_571_21521_ego_571,1,21521,21521,21528,vehicle_vehicle,0.31596461272486803,1.428810137342589,2.2629869699937393,12.405849920501218,15.0,3.0,3.5,0.8,8.307366495466537,29.906519383679534
9,571,21506,110,62.5663,-60.3865,307.8942,2.0949,4.8005,5.1414,-6.27,1.986,1.0738,8.1058,-0.2062,0.3725,-2.2268,car,571,62.5663,-60.3865,5.1414,-6.27,8.1058,-0.2062,307.8942,8.108445841220128,29.190405028392462,0.0,0.0,0.0,0.0,0.0,0.0,1,09_570_571_21521_ego_571,1,21521,21521,21528,vehicle_vehicle,0.31596461272486803,1.428810137342589,2.2629869699937393,12.405849920501218,15.0,3.0,3.5,0.8,8.307366495466537,29.906519383679534
9,574,21506,74,71.8478,-80.1227,61.2068,2.1286,4.9218,0.1771,0.2833,-0.4706,-0.7888,0.3336,0.0188,-0.9179,-0.0326,car,571,62.5663,-60.3865,5.1414,-6.27,8.1058,-0.2062,307.8942,8.108445841220128,29.190405028392462,9.281500000000008,-19.736199999999997,-4.9643,6.553299999999999,8.221314699000397,21.809718766870883,0,09_570_571_21521_ego_571,0,21521,21521,21528,vehicle_vehicle,0.31596461272486803,1.428810137342589,2.2629869699937393,12.405849920501218,15.0,3.0,3.5,0.8,8.307366495466537,29.906519383679534
9,568,21507,284,74.2687,-66.5089,343.4806,2.0523,4.4999,8.2383,-2.24,1.2239,2.9073,8.5351,-0.195,0.3467,-3.1353,car,571,62.7747,-60.6359,5.2241,-6.2252,8.124,-0.2103,308.5203,8.12676662947817,29.256359866121414,11.493999999999993,-5.8729999999999976,3.0142000000000007,3.9852,4.996720992811186,12.907523581229661,0,09_570_571_21521_ego_571,0,21521,21521,21528,vehicle_vehicle,0.31596461272486803,1.428810137342589,2.2629869699937393,12.405849920501218,15.0,3.0,3.5,0.8,8.307366495466537,29.906519383679534
9,569,21507,203,64.0009,-47.3237,263.2063,1.8992,3.847,-0.6419,-7.6408,2.9727,-0.5277,7.6631,-0.2665,0.1723,-3.0142,car,571,62.7747,-60.6359,5.2241,-6.2252,8.124,-0.2103,308.5203,8.12676662947817,29.256359866121414,1.2261999999999986,13.312199999999997,-5.866,-1.4155999999999995,6.03439138273281,13.368553971166811,0,09_570_571_21521_ego_571,0,21521,21521,21528,vehicle_vehicle,0.31596461272486803,1.428810137342589,2.2629869699937393,12.405849920501218,15.0,3.0,3.5,0.8,8.307366495466537,29.906519383679534
9,570,21507,147,75.6488,-74.9796,54.131,2.0884,4.7102,0.0029,-0.0,0.0281,0.0177,0.0017,0.0024,0.0308,0.0123,car,571,62.7747,-60.6359,5.2241,-6.2252,8.124,-0.2103,308.5203,8.12676662947817,29.256359866121414,12.874099999999991,-14.343700000000005,-5.2212,6.2252,8.124902736648606,19.273924885710226,0,09_570_571_21521_ego_571,1,21521,21521,21528,vehicle_vehicle,0.31596461272486803,1.428810137342589,2.2629869699937393,12.405849920501218,15.0,3.0,3.5,0.8,8.307366495466537,29.906519383679534
9,571,21507,111,62.7747,-60.6359,308.5203,2.0949,4.8005,5.2241,-6.2252,1.9949,1.1397,8.124,-0.2103,0.3507,-2.2706,car,571,62.7747,-60.6359,5.2241,-6.2252,8.124,-0.2103,308.5203,8.12676662947817,29.256359866121414,0.0,0.0,0.0,0.0,0.0,0.0,1,09_570_571_21521_ego_571,1,21521,21521,21528,vehicle_vehicle,0.31596461272486803,1.428810137342589,2.2629869699937393,12.405849920501218,15.0,3.0,3.5,0.8,8.307366495466537,29.906519383679534
9,574,21507,75,71.8543,-80.1131,61.1888,2.1286,4.9218,0.1583,0.2512,-0.4493,-0.7438,0.2964,0.0177,-0.8683,-0.0353,car,571,62.7747,-60.6359,5.2241,-6.2252,8.124,-0.2103,308.5203,8.12676662947817,29.256359866121414,9.079599999999992,-19.477200000000003,-5.0658,6.4764,8.222292052706472,21.489542945349022,0,09_570_571_21521_ego_571,0,21521,21521,21528,vehicle_vehicle,0.31596461272486803,1.428810137342589,2.2629869699937393,12.405849920501218,15.0,3.0,3.5,0.8,8.307366495466537,29.906519383679534
9,568,21508,285,74.5991,-66.5967,344.4365,2.0523,4.4999,8.2894,-2.1214,1.1848,2.9196,8.5546,-0.1805,0.358,-3.1304,car,571,62.9863,-60.8832,5.3067,-6.178,8.1416,-0.2108,309.178,8.144246367221463,29.319286921997268,11.612800000000007,-5.713499999999996,2.9827000000000004,4.0565999999999995,5.035126895123895,12.942225700782695,0,09_570_571_21521_ego_571,0,21521,21521,21528,vehicle_vehicle,0.31596461272486803,1.428810137342589,2.2629869699937393,12.405849920501218,15.0,3.0,3.5,0.8,8.307366495466537,29.906519383679534
9,569,21508,204,63.9772,-47.6297,264.1028,1.8992,3.847,-0.5217,-7.6641,2.9794,-0.4726,7.6771,-0.2685,0.164,-3.0122,car,571,62.9863,-60.8832,5.3067,-6.178,8.1416,-0.2108,309.178,8.144246367221463,29.319286921997268,0.9909000000000034,13.253500000000003,-5.8284,-1.4861000000000004,6.014876538217555,13.290490775738874,0,09_570_571_21521_ego_571,0,21521,21521,21528,vehicle_vehicle,0.31596461272486803,1.428810137342589,2.2629869699937393,12.405849920501218,15.0,3.0,3.5,0.8,8.307366495466537,29.906519383679534
9,570,21508,148,75.6492,-74.979,54.1398,2.0884,4.7102,0.0037,0.0011,0.0252,0.0153,0.0031,0.0024,0.0272,0.0115,car,571,62.9863,-60.8832,5.3067,-6.178,8.1416,-0.2108,309.178,8.144246367221463,29.319286921997268,12.662899999999993,-14.095799999999997,-5.303,6.1791,8.14267068043403,18.948367054973357,0,09_570_571_21521_ego_571,1,21521,21521,21528,vehicle_vehicle,0.31596461272486803,1.428810137342589,2.2629869699937393,12.405849920501218,15.0,3.0,3.5,0.8,8.307366495466537,29.906519383679534
9,571,21508,112,62.9863,-60.8832,309.178,2.0949,4.8005,5.3067,-6.178,2.0007,1.2038,8.1416,-0.2108,0.3307,-2.3114,car,571,62.9863,-60.8832,5.3067,-6.178,8.1416,-0.2108,309.178,8.144246367221463,29.319286921997268,0.0,0.0,0.0,0.0,0.0,0.0,1,09_570_571_21521_ego_571,1,21521,21521,21528,vehicle_vehicle,0.31596461272486803,1.428810137342589,2.2629869699937393,12.405849920501218,15.0,3.0,3.5,0.8,8.307366495466537,29.906519383679534
9,574,21508,76,71.8604,-80.1044,61.1767,2.1286,4.9218,0.1403,0.2211,-0.428,-0.6983,0.2614,0.0163,-0.8182,-0.0383,car,571,62.9863,-60.8832,5.3067,-6.178,8.1416,-0.2108,309.178,8.144246367221463,29.319286921997268,8.874099999999999,-19.221199999999996,-5.1664,6.3991,8.22436439914964,21.17083324411205,0,09_570_571_21521_ego_571,0,21521,21521,21528,vehicle_vehicle,0.31596461272486803,1.428810137342589,2.2629869699937393,12.405849920501218,15.0,3.0,3.5,0.8,8.307366495466537,29.906519383679534
9,568,21509,286,74.9312,-66.6789,345.3557,2.0523,4.4999,8.3391,-2.0024,1.1434,2.9296,8.5744,-0.1709,0.3656,-3.1235,car,571,63.2004,-61.1285,5.3895,-6.1286,8.1586,-0.2107,309.8494,8.161277363868967,29.380598509928284,11.730800000000002,-5.550399999999996,2.9496,4.126199999999999,5.072047574698013,12.97761953518441,0,09_570_571_21521_ego_571,0,21521,21521,21528,vehicle_vehicle,0.31596461272486803,1.428810137342589,2.2629869699937393,12.405849920501218,15.0,3.0,3.5,0.8,8.307366495466537,29.906519383679534
9,569,21509,205,63.9593,-47.9364,264.9115,1.8992,3.847,-0.4015,-7.6852,2.9849,-0.4153,7.6906,-0.2817,0.1489,-3.01,car,571,63.2004,-61.1285,5.3895,-6.1286,8.1586,-0.2107,309.8494,8.161277363868967,29.380598509928284,0.758899999999997,13.192100000000003,-5.791,-1.5566000000000004,5.996556058272115,13.213910534735737,0,09_570_571_21521_ego_571,0,21521,21521,21528,vehicle_vehicle,0.31596461272486803,1.428810137342589,2.2629869699937393,12.405849920501218,15.0,3.0,3.5,0.8,8.307366495466537,29.906519383679534
9,570,21509,149,75.6494,-74.9781,54.1519,2.0884,4.7102,0.0044,0.0018,0.0227,0.0126,0.004,0.0025,0.0236,0.011,car,571,63.2004,-61.1285,5.3895,-6.1286,8.1586,-0.2107,309.8494,8.161277363868967,29.380598509928284,12.448999999999998,-13.849599999999995,-5.3850999999999996,6.1304,8.15972463812352,18.622272180375838,0,09_570_571_21521_ego_571,1,21521,21521,21528,vehicle_vehicle,0.31596461272486803,1.428810137342589,2.2629869699937393,12.405849920501218,15.0,3.0,3.5,0.8,8.307366495466537,29.906519383679534
9,571,21509,113,63.2004,-61.1285,309.8494,2.0949,4.8005,5.3895,-6.1286,2.0037,1.2666,8.1586,-0.2107,0.3115,-2.3499,car,571,63.2004,-61.1285,5.3895,-6.1286,8.1586,-0.2107,309.8494,8.161277363868967,29.380598509928284,0.0,0.0,0.0,0.0,0.0,0.0,1,09_570_571_21521_ego_571,1,21521,21521,21528,vehicle_vehicle,0.31596461272486803,1.428810137342589,2.2629869699937393,12.405849920501218,15.0,3.0,3.5,0.8,8.307366495466537,29.906519383679534
9,574,21509,77,71.8662,-80.0965,61.1734,2.1286,4.9218,0.1229,0.1931,-0.4066,-0.6527,0.2284,0.0146,-0.7679,-0.0415,car,571,63.2004,-61.1285,5.3895,-6.1286,8.1586,-0.2107,309.8494,8.161277363868967,29.380598509928284,8.665800000000004,-18.968000000000004,-5.2666,6.3217,8.228059701411993,20.853803337520958,0,09_570_571_21521_ego_571,0,21521,21521,21528,vehicle_vehicle,0.31596461272486803,1.428810137342589,2.2629869699937393,12.405849920501218,15.0,3.0,3.5,0.8,8.307366495466537,29.906519383679534
9,568,21510,287,75.265,-66.7557,346.2893,2.0523,4.4999,8.3874,-1.8834,1.0996,2.9377,8.5948,-0.1583,0.372,-3.1146,car,571,63.4172,-61.3725,5.4726,-6.0768,8.1751,-0.2095,310.5372,8.17782666727536,29.440176002191297,11.8478,-5.383200000000002,2.9147999999999996,4.1934000000000005,5.106923007056206,13.013424110509886,0,09_570_571_21521_ego_571,0,21521,21521,21528,vehicle_vehicle,0.31596461272486803,1.428810137342589,2.2629869699937393,12.405849920501218,15.0,3.0,3.5,0.8,8.307366495466537,29.906519383679534
9,569,21510,206,63.9462,-48.2436,265.74,1.8992,3.847,-0.2814,-7.7043,2.9896,-0.3556,7.7039,-0.2917,0.1326,-3.0077,car,571,63.4172,-61.3725,5.4726,-6.0768,8.1751,-0.2095,310.5372,8.17782666727536,29.440176002191297,0.5289999999999964,13.128900000000002,-5.754,-1.6274999999999995,5.979738476722874,13.139553120635421,0,09_570_571_21521_ego_571,0,21521,21521,21528,vehicle_vehicle,0.31596461272486803,1.428810137342589,2.2629869699937393,12.405849920501218,15.0,3.0,3.5,0.8,8.307366495466537,29.906519383679534
9,570,21510,150,75.6496,-74.9774,54.1663,2.0884,4.7102,0.005,0.0022,0.0206,0.01,0.0047,0.0028,0.0201,0.0108,car,571,63.4172,-61.3725,5.4726,-6.0768,8.1751,-0.2095,310.5372,8.17782666727536,29.440176002191297,12.232400000000005,-13.6049,-5.4676,6.079000000000001,8.176117095541136,18.295488891254045,0,09_570_571_21521_ego_571,1,21521,21521,21528,vehicle_vehicle,0.31596461272486803,1.428810137342589,2.2629869699937393,12.405849920501218,15.0,3.0,3.5,0.8,8.307366495466537,29.906519383679534
9,571,21510,114,63.4172,-61.3725,310.5372,2.0949,4.8005,5.4726,-6.0768,2.0039,1.3282,8.1751,-0.2095,0.293,-2.3862,car,571,63.4172,-61.3725,5.4726,-6.0768,8.1751,-0.2095,310.5372,8.17782666727536,29.440176002191297,0.0,0.0,0.0,0.0,0.0,0.0,1,09_570_571_21521_ego_571,1,21521,21521,21528,vehicle_vehicle,0.31596461272486803,1.428810137342589,2.2629869699937393,12.405849920501218,15.0,3.0,3.5,0.8,8.307366495466537,29.906519383679534
9,574,21510,78,71.8716,-80.0899,61.1798,2.1286,4.9218,0.1061,0.1671,-0.3847,-0.607,0.1975,0.0124,-0.7173,-0.0444,car,571,63.4172,-61.3725,5.4726,-6.0768,8.1751,-0.2095,310.5372,8.17782666727536,29.440176002191297,8.4544,-18.717399999999998,-5.3665,6.2439,8.233201653063041,20.5382068866783,0,09_570_571_21521_ego_571,0,21521,21521,21528,vehicle_vehicle,0.31596461272486803,1.428810137342589,2.2629869699937393,12.405849920501218,15.0,3.0,3.5,0.8,8.307366495466537,29.906519383679534
9,568,21511,288,75.601,-66.8274,347.2276,2.0523,4.4999,8.4341,-1.7646,1.0532,2.9442,8.6155,-0.1437,0.3762,-3.1041,car,571,63.6378,-61.6136,5.5556,-6.0229,8.1913,-0.2066,311.2444,8.193901132549744,29.498044077179078,11.9632,-5.213799999999999,2.8785000000000007,4.2583,5.139930071508756,13.049975658214846,0,09_570_571_21521_ego_571,0,21521,21521,21528,vehicle_vehicle,0.31596461272486803,1.428810137342589,2.2629869699937393,12.405849920501218,15.0,3.0,3.5,0.8,8.307366495466537,29.906519383679534
9,569,21511,207,63.9377,-48.5516,266.5559,1.8992,3.847,-0.1611,-7.7212,2.9935,-0.2934,7.7169,-0.303,0.113,-3.0057,car,571,63.6378,-61.6136,5.5556,-6.0229,8.1913,-0.2066,311.2444,8.193901132549744,29.498044077179078,0.29990000000000094,13.061999999999998,-5.7167,-1.6982999999999997,5.9636299164183555,13.065442357991556,0,09_570_571_21521_ego_571,0,21521,21521,21528,vehicle_vehicle,0.31596461272486803,1.428810137342589,2.2629869699937393,12.405849920501218,15.0,3.0,3.5,0.8,8.307366495466537,29.906519383679534
9,570,21511,151,75.6496,-74.9767,54.1737,2.0884,4.7102,0.0055,0.0022,0.0187,0.0076,0.005,0.0032,0.0171,0.0107,car,571,63.6378,-61.6136,5.5556,-6.0229,8.1913,-0.2066,311.2444,8.193901132549744,29.498044077179078,12.011800000000008,-13.363099999999996,-5.5501000000000005,6.0251,8.191791014179989,17.96818802355986,0,09_570_571_21521_ego_571,1,21521,21521,21528,vehicle_vehicle,0.31596461272486803,1.428810137342589,2.2629869699937393,12.405849920501218,15.0,3.0,3.5,0.8,8.307366495466537,29.906519383679534
9,571,21511,115,63.6378,-61.6136,311.2444,2.0949,4.8005,5.5556,-6.0229,2.0012,1.3888,8.1913,-0.2066,0.2751,-2.4203,car,571,63.6378,-61.6136,5.5556,-6.0229,8.1913,-0.2066,311.2444,8.193901132549744,29.498044077179078,0.0,0.0,0.0,0.0,0.0,0.0,1,09_570_571_21521_ego_571,1,21521,21521,21528,vehicle_vehicle,0.31596461272486803,1.428810137342589,2.2629869699937393,12.405849920501218,15.0,3.0,3.5,0.8,8.307366495466537,29.906519383679534
9,574,21511,79,71.877,-80.0848,61.1823,2.1286,4.9218,0.0896,0.1433,-0.362,-0.5617,0.1688,0.0094,-0.6666,-0.0464,car,571,63.6378,-61.6136,5.5556,-6.0229,8.1913,-0.2066,311.2444,8.193901132549744,29.498044077179078,8.239199999999997,-18.471200000000003,-5.466,6.1662,8.240095778569566,20.225470231369158,0,09_570_571_21521_ego_571,0,21521,21521,21528,vehicle_vehicle,0.31596461272486803,1.428810137342589,2.2629869699937393,12.405849920501218,15.0,3.0,3.5,0.8,8.307366495466537,29.906519383679534
9,568,21512,289,75.9392,-66.8941,348.15,2.0523,4.4999,8.4789,-1.6461,1.004,2.9497,8.6363,-0.1301,0.3769,-3.093,car,571,63.862,-61.8534,5.6384,-5.9665,8.2066,-0.2052,311.948,8.209182469040385,29.553056888545388,12.077199999999998,-5.040699999999994,2.8404999999999996,4.3204,5.170521870179063,13.086917755147692,0,09_570_571_21521_ego_571,0,21521,21521,21528,vehicle_vehicle,0.31596461272486803,1.428810137342589,2.2629869699937393,12.405849920501218,15.0,3.0,3.5,0.8,8.307366495466537,29.906519383679534
9,569,21512,208,63.9337,-48.8603,267.3952,1.8992,3.847,-0.0407,-7.7357,2.9967,-0.2284,7.7296,-0.3109,0.092,-3.004,car,571,63.862,-61.8534,5.6384,-5.9665,8.2066,-0.2052,311.948,8.209182469040385,29.553056888545388,0.07169999999999987,12.993099999999998,-5.6791,-1.7691999999999997,5.948297693458188,12.993297830035297,0,09_570_571_21521_ego_571,0,21521,21521,21528,vehicle_vehicle,0.31596461272486803,1.428810137342589,2.2629869699937393,12.405849920501218,15.0,3.0,3.5,0.8,8.307366495466537,29.906519383679534
9,570,21512,152,75.6495,-74.9764,54.1792,2.0884,4.7102,0.0062,0.002,0.017,0.0057,0.0052,0.0039,0.0145,0.0104,car,571,63.862,-61.8534,5.6384,-5.9665,8.2066,-0.2052,311.948,8.209182469040385,29.553056888545388,11.787500000000001,-13.122999999999998,-5.6322,5.9685,8.206379779781093,17.639679284216026,0,09_570_571_21521_ego_571,1,21521,21521,21528,vehicle_vehicle,0.31596461272486803,1.428810137342589,2.2629869699937393,12.405849920501218,15.0,3.0,3.5,0.8,8.307366495466537,29.906519383679534
9,571,21512,116,63.862,-61.8534,311.948,2.0949,4.8005,5.6384,-5.9665,1.9957,1.4485,8.2066,-0.2052,0.2567,-2.4526,car,571,63.862,-61.8534,5.6384,-5.9665,8.2066,-0.2052,311.948,8.209182469040385,29.553056888545388,0.0,0.0,0.0,0.0,0.0,0.0,1,09_570_571_21521_ego_571,1,21521,21521,21528,vehicle_vehicle,0.31596461272486803,1.428810137342589,2.2629869699937393,12.405849920501218,15.0,3.0,3.5,0.8,8.307366495466537,29.906519383679534
9,574,21512,80,71.881,-80.0804,61.1801,2.1286,4.9218,0.0736,0.1218,-0.338,-0.5171,0.1422,0.0058,-0.616,-0.0468,car,571,63.862,-61.8534,5.6384,-5.9665,8.2066,-0.2052,311.948,8.209182469040385,29.553056888545388,8.018999999999998,-18.226999999999997,-5.5648,6.0883,8.248296547166573,19.91300806005963,0,09_570_571_21521_ego_571,0,21521,21521,21528,vehicle_vehicle,0.31596461272486803,1.428810137342589,2.2629869699937393,12.405849920501218,15.0,3.0,3.5,0.8,8.307366495466537,29.906519383679534
9,568,21513,290,76.2798,-66.9563,349.0402,2.0523,4.4999,8.5216,-1.528,0.9522,2.9547,8.6566,-0.12,0.3731,-3.0819,car,571,64.0888,-62.0914,5.7211,-5.9076,8.2212,-0.2029,312.6672,8.223790061157933,29.60564422016856,12.190999999999988,-4.864899999999999,2.8004999999999995,4.3796,5.198432110742623,13.125842182884865,0,09_570_571_21521_ego_571,0,21521,21521,21528,vehicle_vehicle,0.31596461272486803,1.428810137342589,2.2629869699937393,12.405849920501218,15.0,3.0,3.5,0.8,8.307366495466537,29.906519383679534
9,569,21513,209,63.9344,-49.1701,268.2621,1.8992,3.847,0.0798,-7.7476,2.9993,-0.1607,7.7416,-0.3148,0.0696,-3.0028,car,571,64.0888,-62.0914,5.7211,-5.9076,8.2212,-0.2029,312.6672,8.223790061157933,29.60564422016856,-0.15440000000000964,12.921300000000002,-5.6413,-1.8399999999999999,5.933790162282452,12.922222450105092,0,09_570_571_21521_ego_571,0,21521,21521,21528,vehicle_vehicle,0.31596461272486803,1.428810137342589,2.2629869699937393,12.405849920501218,15.0,3.0,3.5,0.8,8.307366495466537,29.906519383679534
9,570,21513,153,75.6492,-74.9762,54.184,2.0884,4.7102,0.007,0.0017,0.0153,0.0043,0.0054,0.0047,0.0124,0.0099,car,571,64.0888,-62.0914,5.7211,-5.9076,8.2212,-0.2029,312.6672,8.223790061157933,29.60564422016856,11.560399999999987,-12.884800000000006,-5.7141,5.9093,8.220143873436767,17.3107168886791,0,09_570_571_21521_ego_571,1,21521,21521,21528,vehicle_vehicle,0.31596461272486803,1.428810137342589,2.2629869699937393,12.405849920501218,15.0,3.0,3.5,0.8,8.307366495466537,29.906519383679534
9,571,21513,117,64.0888,-62.0914,312.6672,2.0949,4.8005,5.7211,-5.9076,1.9873,1.5074,8.2212,-0.2029,0.2385,-2.4829,car,571,64.0888,-62.0914,5.7211,-5.9076,8.2212,-0.2029,312.6672,8.223790061157933,29.60564422016856,0.0,0.0,0.0,0.0,0.0,0.0,1,09_570_571_21521_ego_571,1,21521,21521,21528,vehicle_vehicle,0.31596461272486803,1.428810137342589,2.2629869699937393,12.405849920501218,15.0,3.0,3.5,0.8,8.307366495466537,29.906519383679534
9,574,21513,81,71.8836,-80.0769,61.1775,2.1286,4.9218,0.0587,0.1024,-0.3125,-0.4736,0.118,0.0021,-0.5656,-0.0455,car,571,64.0888,-62.0914,5.7211,-5.9076,8.2212,-0.2029,312.6672,8.223790061157933,29.60564422016856,7.794799999999995,-17.985499999999995,-5.6624,6.010000000000001,8.257292156633433,19.60196717908689,0,09_570_571_21521_ego_571,0,21521,21521,21528,vehicle_vehicle,0.31596461272486803,1.428810137342589,2.2629869699937393,12.405849920501218,15.0,3.0,3.5,0.8,8.307366495466537,29.906519383679534
9,568,21514,291,76.6225,-67.0138,349.884,2.0523,4.4999,8.5617,-1.4101,0.8982,2.9599,8.6763,-0.1156,0.3644,-3.0717,car,571,64.3188,-62.3273,5.8036,-5.8459,8.235,-0.2023,313.385,8.237494750832925,29.65498110299853,12.303700000000006,-4.686500000000002,2.7580999999999998,4.4358,5.22335498027848,13.166028859910652,0,09_570_571_21521_ego_571,0,21521,21521,21528,vehicle_vehicle,0.31596461272486803,1.428810137342589,2.2629869699937393,12.405849920501218,15.0,3.0,3.5,0.8,8.307366495466537,29.906519383679534
9,569,21514,210,63.9402,-49.4806,269.161,1.8992,3.847,0.2004,-7.7566,3.0012,-0.0903,7.7528,-0.314,0.0463,-3.0022,car,571,64.3188,-62.3273,5.8036,-5.8459,8.235,-0.2023,313.385,8.237494750832925,29.65498110299853,-0.3785999999999987,12.846699999999998,-5.6032,-1.9106999999999994,5.9200189805438965,12.852277574422363,0,09_570_571_21521_ego_571,0,21521,21521,21528,vehicle_vehicle,0.31596461272486803,1.428810137342589,2.2629869699937393,12.405849920501218,15.0,3.0,3.5,0.8,8.307366495466537,29.906519383679534
9,570,21514,154,75.6495,-74.9764,54.1858,2.0884,4.7102,0.0077,0.0014,0.0134,0.0033,0.0056,0.0054,0.0106,0.0089,car,571,64.3188,-62.3273,5.8036,-5.8459,8.235,-0.2023,313.385,8.237494750832925,29.65498110299853,11.330700000000007,-12.649099999999997,-5.7959000000000005,5.847300000000001,8.233065899165391,16.9818872125568,0,09_570_571_21521_ego_571,1,21521,21521,21528,vehicle_vehicle,0.31596461272486803,1.428810137342589,2.2629869699937393,12.405849920501218,15.0,3.0,3.5,0.8,8.307366495466537,29.906519383679534
9,571,21514,118,64.3188,-62.3273,313.385,2.0949,4.8005,5.8036,-5.8459,1.9761,1.5651,8.235,-0.2023,0.2199,-2.5112,car,571,64.3188,-62.3273,5.8036,-5.8459,8.235,-0.2023,313.385,8.237494750832925,29.65498110299853,0.0,0.0,0.0,0.0,0.0,0.0,1,09_570_571_21521_ego_571,1,21521,21521,21528,vehicle_vehicle,0.31596461272486803,1.428810137342589,2.2629869699937393,12.405849920501218,15.0,3.0,3.5,0.8,8.307366495466537,29.906519383679534
9,574,21514,82,71.885,-80.0739,61.171,2.1286,4.9218,0.0451,0.085,-0.2858,-0.4316,0.0962,-0.0015,-0.5159,-0.0423,car,571,64.3188,-62.3273,5.8036,-5.8459,8.235,-0.2023,313.385,8.237494750832925,29.65498110299853,7.566200000000009,-17.746599999999994,-5.758500000000001,5.9309,8.266552912792612,19.292205524511704,0,09_570_571_21521_ego_571,0,21521,21521,21528,vehicle_vehicle,0.31596461272486803,1.428810137342589,2.2629869699937393,12.405849920501218,15.0,3.0,3.5,0.8,8.307366495466537,29.906519383679534
9,568,21515,292,76.9669,-67.0668,350.679,2.0523,4.4999,8.5992,-1.2925,0.8424,2.9656,8.695,-0.1173,0.351,-3.0629,car,571,64.5522,-62.5608,5.8858,-5.7816,8.248,-0.2026,314.1044,8.250426667754825,29.70153600391737,12.414699999999996,-4.506,2.7134,4.4891000000000005,5.245432143303352,13.207150036627883,0,09_570_571_21521_ego_571,0,21521,21521,21528,vehicle_vehicle,0.31596461272486803,1.428810137342589,2.2629869699937393,12.405849920501218,15.0,3.0,3.5,0.8,8.307366495466537,29.906519383679534
9,569,21515,211,63.9507,-49.7916,270.0933,1.8992,3.847,0.321,-7.7625,3.0026,-0.0175,7.763,-0.3084,0.0224,-3.0026,car,571,64.5522,-62.5608,5.8858,-5.7816,8.248,-0.2026,314.1044,8.250426667754825,29.70153600391737,-0.6015000000000015,12.769199999999998,-5.5648,-1.9809,5.906857358189717,12.783359139521973,0,09_570_571_21521_ego_571,0,21521,21521,21528,vehicle_vehicle,0.31596461272486803,1.428810137342589,2.2629869699937393,12.405849920501218,15.0,3.0,3.5,0.8,8.307366495466537,29.906519383679534
9,570,21515,155,75.6495,-74.9765,54.1854,2.0884,4.7102,0.0085,0.0012,0.0115,0.0028,0.0059,0.0062,0.009,0.0076,car,571,64.5522,-62.5608,5.8858,-5.7816,8.248,-0.2026,314.1044,8.250426667754825,29.70153600391737,11.097300000000004,-12.415700000000001,-5.8773,5.7828,8.245206554720143,16.652317369663603,0,09_570_571_21521_ego_571,1,21521,21521,21528,vehicle_vehicle,0.31596461272486803,1.428810137342589,2.2629869699937393,12.405849920501218,15.0,3.0,3.5,0.8,8.307366495466537,29.906519383679534
9,571,21515,119,64.5522,-62.5608,314.1044,2.0949,4.8005,5.8858,-5.7816,1.9617,1.6213,8.248,-0.2026,0.2011,-2.537,car,571,64.5522,-62.5608,5.8858,-5.7816,8.248,-0.2026,314.1044,8.250426667754825,29.70153600391737,0.0,0.0,0.0,0.0,0.0,0.0,1,09_570_571_21521_ego_571,1,21521,21521,21528,vehicle_vehicle,0.31596461272486803,1.428810137342589,2.2629869699937393,12.405849920501218,15.0,3.0,3.5,0.8,8.307366495466537,29.906519383679534
9,574,21515,83,71.8853,-80.0713,61.1576,2.1286,4.9218,0.033,0.0696,-0.2582,-0.3912,0.0769,-0.0046,-0.4672,-0.0375,car,571,64.5522,-62.5608,5.8858,-5.7816,8.248,-0.2026,314.1044,8.250426667754825,29.70153600391737,7.333100000000002,-17.510499999999993,-5.852799999999999,5.8512,8.275977844339604,18.983992358300185,0,09_570_571_21521_ego_571,0,21521,21521,21528,vehicle_vehicle,0.31596461272486803,1.428810137342589,2.2629869699937393,12.405849920501218,15.0,3.0,3.5,0.8,8.307366495466537,29.906519383679534
9,568,21516,293,77.313,-67.1156,351.4431,2.0523,4.4999,8.6339,-1.1748,0.7854,2.9722,8.7126,-0.1229,0.3344,-3.056,car,571,64.7894,-62.7914,5.9674,-5.7149,8.2601,-0.2009,314.8451,8.262562845146777,29.745226242528396,12.523600000000002,-4.324199999999998,2.666500000000001,4.5401,5.265237911053973,13.24912308796322,0,09_570_571_21521_ego_571,0,21521,21521,21528,vehicle_vehicle,0.31596461272486803,1.428810137342589,2.2629869699937393,12.405849920501218,15.0,3.0,3.5,0.8,8.307366495466537,29.906519383679534
9,569,21516,212,63.9664,-50.1033,271.0368,1.8992,3.847,0.4415,-7.765,3.0035,0.0574,7.7717,-0.3009,-0.003,-3.004,car,571,64.7894,-62.7914,5.9674,-5.7149,8.2601,-0.2009,314.8451,8.262562845146777,29.745226242528396,-0.8230000000000004,12.688100000000006,-5.5259,-2.0500999999999996,5.893935936197474,12.714763490132256,0,09_570_571_21521_ego_571,0,21521,21521,21528,vehicle_vehicle,0.31596461272486803,1.428810137342589,2.2629869699937393,12.405849920501218,15.0,3.0,3.5,0.8,8.307366495466537,29.906519383679534
9,570,21516,156,75.6494,-74.9768,54.1779,2.0884,4.7102,0.0093,0.0011,0.0091,0.0025,0.0063,0.0069,0.0074,0.0059,car,571,64.7894,-62.7914,5.9674,-5.7149,8.2601,-0.2009,314.8451,8.262562845146777,29.745226242528396,10.86,-12.185399999999994,-5.9581,5.716,8.256610176700848,16.32248673333815,0,09_570_571_21521_ego_571,1,21521,21521,21528,vehicle_vehicle,0.31596461272486803,1.428810137342589,2.2629869699937393,12.405849920501218,15.0,3.0,3.5,0.8,8.307366495466537,29.906519383679534
9,571,21516,120,64.7894,-62.7914,314.8451,2.0949,4.8005,5.9674,-5.7149,1.9442,1.6756,8.2601,-0.2009,0.183,-2.5601,car,571,64.7894,-62.7914,5.9674,-5.7149,8.2601,-0.2009,314.8451,8.262562845146777,29.745226242528396,0.0,0.0,0.0,0.0,0.0,0.0,1,09_570_571_21521_ego_571,1,21521,21521,21528,vehicle_vehicle,0.31596461272486803,1.428810137342589,2.2629869699937393,12.405849920501218,15.0,3.0,3.5,0.8,8.307366495466537,29.906519383679534
9,574,21516,84,71.8847,-80.0689,61.1368,2.1286,4.9218,0.0228,0.0557,-0.2303,-0.3526,0.0597,-0.0069,-0.4199,-0.0315,car,571,64.7894,-62.7914,5.9674,-5.7149,8.2601,-0.2009,314.8451,8.262562845146777,29.745226242528396,7.095299999999995,-17.277499999999996,-5.944599999999999,5.7706,8.284811012932039,18.677668171910536,0,09_570_571_21521_ego_571,0,21521,21521,21528,vehicle_vehicle,0.31596461272486803,1.428810137342589,2.2629869699937393,12.405849920501218,15.0,3.0,3.5,0.8,8.307366495466537,29.906519383679534
9,568,21517,294,77.6603,-67.1605,352.1935,2.0523,4.4999,8.6657,-1.0568,0.7276,2.9797,8.729,-0.13,0.3161,-3.0509,car,571,65.0303,-63.0188,6.048,-5.6458,8.2713,-0.1985,315.5946,8.27365467251323,29.78515682104763,12.63000000000001,-4.1417,2.6176999999999992,4.589,5.283112178441795,13.2917485264355,0,09_570_571_21521_ego_571,0,21521,21521,21528,vehicle_vehicle,0.31596461272486803,1.428810137342589,2.2629869699937393,12.405849920501218,15.0,3.0,3.5,0.8,8.307366495466537,29.906519383679534
9,569,21517,213,63.9868,-50.4151,271.9751,1.8992,3.847,0.5619,-7.764,3.0041,0.1338,7.7788,-0.2939,-0.0302,-3.0069,car,571,65.0303,-63.0188,6.048,-5.6458,8.2713,-0.1985,315.5946,8.27365467251323,29.78515682104763,-1.0434999999999945,12.603699999999996,-5.4861,-2.1182,5.880821749551673,12.646823551390282,0,09_570_571_21521_ego_571,0,21521,21521,21528,vehicle_vehicle,0.31596461272486803,1.428810137342589,2.2629869699937393,12.405849920501218,15.0,3.0,3.5,0.8,8.307366495466537,29.906519383679534
9,570,21517,157,75.6495,-74.9772,54.1654,2.0884,4.7102,0.0102,0.0012,0.0063,0.0024,0.0069,0.0076,0.0057,0.0037,car,571,65.0303,-63.0188,6.048,-5.6458,8.2713,-0.1985,315.5946,8.27365467251323,29.78515682104763,10.619200000000006,-11.958399999999997,-6.0378,5.647,8.267021098315887,15.992833995261757,0,09_570_571_21521_ego_571,1,21521,21521,21528,vehicle_vehicle,0.31596461272486803,1.428810137342589,2.2629869699937393,12.405849920501218,15.0,3.0,3.5,0.8,8.307366495466537,29.906519383679534
9,571,21517,121,65.0303,-63.0188,315.5946,2.0949,4.8005,6.048,-5.6458,1.9237,1.728,8.2713,-0.1985,0.1652,-2.5806,car,571,65.0303,-63.0188,6.048,-5.6458,8.2713,-0.1985,315.5946,8.27365467251323,29.78515682104763,0.0,0.0,0.0,0.0,0.0,0.0,1,09_570_571_21521_ego_571,1,21521,21521,21528,vehicle_vehicle,0.31596461272486803,1.428810137342589,2.2629869699937393,12.405849920501218,15.0,3.0,3.5,0.8,8.307366495466537,29.906519383679534
9,574,21517,85,71.8829,-80.0667,61.126,2.1286,4.9218,0.0146,0.0433,-0.203,-0.3157,0.0449,-0.0081,-0.3745,-0.0253,car,571,65.0303,-63.0188,6.048,-5.6458,8.2713,-0.1985,315.5946,8.27365467251323,29.78515682104763,6.85260000000001,-17.0479,-6.0334,5.689100000000001,8.292633741459948,18.37359576049283,0,09_570_571_21521_ego_571,0,21521,21521,21528,vehicle_vehicle,0.31596461272486803,1.428810137342589,2.2629869699937393,12.405849920501218,15.0,3.0,3.5,0.8,8.307366495466537,29.906519383679534
9,568,21518,295,78.0086,-67.201,352.9063,2.0523,4.4999,8.6949,-0.9382,0.6695,2.9879,8.7442,-0.1427,0.2954,-3.0477,car,571,65.2748,-63.2437,6.1273,-5.5746,8.2814,-0.1974,316.3391,8.283717187953728,29.821381876633424,12.733800000000002,-3.9572999999999965,2.5676000000000005,4.6364,5.299884406286613,13.334537327181623,0,09_570_571_21521_ego_571,0,21521,21521,21528,vehicle_vehicle,0.31596461272486803,1.428810137342589,2.2629869699937393,12.405849920501218,15.0,3.0,3.5,0.8,8.307366495466537,29.906519383679534
9,569,21518,214,64.0123,-50.7272,272.9281,1.8992,3.847,0.682,-7.7593,3.0046,0.2112,7.784,-0.2848,-0.0574,-3.0114,car,571,65.2748,-63.2437,6.1273,-5.5746,8.2814,-0.1974,316.3391,8.283717187953728,29.821381876633424,-1.2625000000000028,12.516499999999994,-5.4453,-2.1846999999999994,5.8672145162760145,12.580011069152517,0,09_570_571_21521_ego_571,0,21521,21521,21528,vehicle_vehicle,0.31596461272486803,1.428810137342589,2.2629869699937393,12.405849920501218,15.0,3.0,3.5,0.8,8.307366495466537,29.906519383679534
9,570,21518,158,75.65,-74.9775,54.1491,2.0884,4.7102,0.011,0.0014,0.003,0.0022,0.0075,0.0081,0.0036,0.0011,car,571,65.2748,-63.2437,6.1273,-5.5746,8.2814,-0.1974,316.3391,8.283717187953728,29.821381876633424,10.375200000000007,-11.73380000000001,-6.1163,5.5760000000000005,8.276527151529198,15.662912803179374,0,09_570_571_21521_ego_571,1,21521,21521,21528,vehicle_vehicle,0.31596461272486803,1.428810137342589,2.2629869699937393,12.405849920501218,15.0,3.0,3.5,0.8,8.307366495466537,29.906519383679534
9,571,21518,122,65.2748,-63.2437,316.3391,2.0949,4.8005,6.1273,-5.5746,1.9007,1.7783,8.2814,-0.1974,0.1473,-2.5987,car,571,65.2748,-63.2437,6.1273,-5.5746,8.2814,-0.1974,316.3391,8.283717187953728,29.821381876633424,0.0,0.0,0.0,0.0,0.0,0.0,1,09_570_571_21521_ego_571,1,21521,21521,21528,vehicle_vehicle,0.31596461272486803,1.428810137342589,2.2629869699937393,12.405849920501218,15.0,3.0,3.5,0.8,8.307366495466537,29.906519383679534
9,574,21518,86,71.8817,-80.0657,61.1094,2.1286,4.9218,0.0082,0.0325,-0.1771,-0.2806,0.0324,-0.0085,-0.3312,-0.0195,car,571,65.2748,-63.2437,6.1273,-5.5746,8.2814,-0.1974,316.3391,8.283717187953728,29.821381876633424,6.606899999999996,-16.82200000000001,-6.1190999999999995,5.6071,8.299575604812574,18.07293035481519,0,09_570_571_21521_ego_571,0,21521,21521,21528,vehicle_vehicle,0.31596461272486803,1.428810137342589,2.2629869699937393,12.405849920501218,15.0,3.0,3.5,0.8,8.307366495466537,29.906519383679534
9,568,21519,296,78.3578,-67.2371,353.5551,2.0523,4.4999,8.7213,-0.8189,0.6116,2.9965,8.7581,-0.1652,0.2714,-3.0462,car,571,65.5231,-63.465,6.2051,-5.5013,8.2903,-0.1971,317.0784,8.292621280391382,29.853436609408973,12.834699999999998,-3.7720999999999947,2.5161999999999995,4.6823999999999995,5.315649743916542,13.377528265714854,0,09_570_571_21521_ego_571,0,21521,21521,21528,vehicle_vehicle,0.31596461272486803,1.428810137342589,2.2629869699937393,12.405849920501218,15.0,3.0,3.5,0.8,8.307366495466537,29.906519383679534
9,569,21519,215,64.0421,-51.0387,273.8996,1.8992,3.847,0.8021,-7.751,3.0051,0.289,7.7876,-0.2731,-0.0839,-3.0178,car,571,65.5231,-63.465,6.2051,-5.5013,8.2903,-0.1971,317.0784,8.292621280391382,29.853436609408973,-1.4809999999999945,12.426300000000005,-5.403,-2.2497000000000007,5.852654021040369,12.514243592403021,0,09_570_571_21521_ego_571,0,21521,21521,21528,vehicle_vehicle,0.31596461272486803,1.428810137342589,2.2629869699937393,12.405849920501218,15.0,3.0,3.5,0.8,8.307366495466537,29.906519383679534
9,570,21519,159,75.6509,-74.9777,54.1269,2.0884,4.7102,0.0115,0.0017,-0.0007,0.0019,0.0081,0.0083,0.0011,-0.0017,car,571,65.5231,-63.465,6.2051,-5.5013,8.2903,-0.1971,317.0784,8.292621280391382,29.853436609408973,10.127799999999993,-11.512699999999995,-6.1936,5.502999999999999,8.285148759074877,15.333446909615587,0,09_570_571_21521_ego_571,1,21521,21521,21528,vehicle_vehicle,0.31596461272486803,1.428810137342589,2.2629869699937393,12.405849920501218,15.0,3.0,3.5,0.8,8.307366495466537,29.906519383679534
9,571,21519,123,65.5231,-63.465,317.0784,2.0949,4.8005,6.2051,-5.5013,1.8755,1.8265,8.2903,-0.1971,0.1295,-2.6148,car,571,65.5231,-63.465,6.2051,-5.5013,8.2903,-0.1971,317.0784,8.292621280391382,29.853436609408973,0.0,0.0,0.0,0.0,0.0,0.0,1,09_570_571_21521_ego_571,1,21521,21521,21528,vehicle_vehicle,0.31596461272486803,1.428810137342589,2.2629869699937393,12.405849920501218,15.0,3.0,3.5,0.8,8.307366495466537,29.906519383679534
9,574,21519,87,71.881,-80.0654,61.0974,2.1286,4.9218,0.0032,0.0235,-0.1531,-0.2475,0.0221,-0.0085,-0.2907,-0.0144,car,571,65.5231,-63.465,6.2051,-5.5013,8.2903,-0.1971,317.0784,8.292621280391382,29.853436609408973,6.357900000000001,-16.600399999999993,-6.2019,5.5248,8.305840032772121,17.776281179425574,0,09_570_571_21521_ego_571,0,21521,21521,21528,vehicle_vehicle,0.31596461272486803,1.428810137342589,2.2629869699937393,12.405849920501218,15.0,3.0,3.5,0.8,8.307366495466537,29.906519383679534
9,568,21520,297,78.708,-67.2685,354.2098,2.0523,4.4999,8.7451,-0.6989,0.5543,3.0052,8.771,-0.187,0.2483,-3.0457,car,571,65.7746,-63.683,6.2811,-5.4264,8.2981,-0.201,317.7874,8.300483972034403,29.88174229932385,12.933399999999992,-3.5855000000000032,2.4640000000000004,4.7275,5.331092969551366,13.42120135494583,0,09_570_571_21521_ego_571,0,21521,21521,21528,vehicle_vehicle,0.31596461272486803,1.428810137342589,2.2629869699937393,12.405849920501218,15.0,3.0,3.5,0.8,8.307366495466537,29.906519383679534
9,569,21520,216,64.0767,-51.3496,274.9072,1.8992,3.847,0.9222,-7.7392,3.0057,0.3667,7.7897,-0.2568,-0.1082,-3.0261,car,571,65.7746,-63.683,6.2811,-5.4264,8.2981,-0.201,317.7874,8.300483972034403,29.88174229932385,-1.6979000000000042,12.333399999999997,-5.3589,-2.3128,5.836681681400829,12.449723690508153,0,09_570_571_21521_ego_571,0,21521,21521,21528,vehicle_vehicle,0.31596461272486803,1.428810137342589,2.2629869699937393,12.405849920501218,15.0,3.0,3.5,0.8,8.307366495466537,29.906519383679534
9,570,21520,160,75.6521,-74.978,54.1064,2.0884,4.7102,0.0114,0.0021,-0.0046,0.0013,0.0084,0.008,-0.0017,-0.0045,car,571,65.7746,-63.683,6.2811,-5.4264,8.2981,-0.201,317.7874,8.300483972034403,29.88174229932385,9.877499999999998,-11.294999999999995,-6.2697,5.4285000000000005,8.293235215523554,15.004733628092163,0,09_570_571_21521_ego_571,1,21521,21521,21528,vehicle_vehicle,0.31596461272486803,1.428810137342589,2.2629869699937393,12.405849920501218,15.0,3.0,3.5,0.8,8.307366495466537,29.906519383679534
9,571,21520,124,65.7746,-63.683,317.7874,2.0949,4.8005,6.2811,-5.4264,1.849,1.8728,8.2981,-0.201,0.1112,-2.6294,car,571,65.7746,-63.683,6.2811,-5.4264,8.2981,-0.201,317.7874,8.300483972034403,29.88174229932385,0.0,0.0,0.0,0.0,0.0,0.0,1,09_570_571_21521_ego_571,1,21521,21521,21528,vehicle_vehicle,0.31596461272486803,1.428810137342589,2.2629869699937393,12.405849920501218,15.0,3.0,3.5,0.8,8.307366495466537,29.906519383679534
9,574,21520,88,71.8808,-80.0658,61.0905,2.1286,4.9218,-0.0007,0.0162,-0.1312,-0.2169,0.0138,-0.0085,-0.2533,-0.01,car,571,65.7746,-63.683,6.2811,-5.4264,8.2981,-0.201,317.7874,8.300483972034403,29.88174229932385,6.106199999999987,-16.382799999999996,-6.2818000000000005,5.4426000000000005,8.311612719562913,17.4837585856131,0,09_570_571_21521_ego_571,0,21521,21521,21528,vehicle_vehicle,0.31596461272486803,1.428810137342589,2.2629869699937393,12.405849920501218,15.0,3.0,3.5,0.8,8.307366495466537,29.906519383679534
9,568,21521,298,79.0593,-67.2952,354.8467,2.0523,4.4999,8.7661,-0.578,0.4978,3.0134,8.7826,-0.2117,0.2251,-3.0459,car,571,66.0292,-63.8977,6.3553,-5.35,8.3048,-0.2081,318.4731,8.307366495466537,29.906519383679534,13.03009999999999,-3.3974999999999937,2.4108,4.771999999999999,5.34639510698564,13.465753312013394,0,09_570_571_21521_ego_571,0,21521,21521,21528,vehicle_vehicle,0.31596461272486803,1.428810137342589,2.2629869699937393,12.405849920501218,15.0,3.0,3.5,0.8,8.307366495466537,29.906519383679534
9,569,21521,217,64.1158,-51.6601,275.9191,1.8992,3.847,1.0424,-7.7237,3.0064,0.4439,7.79,-0.2404,-0.1315,-3.0361,car,571,66.0292,-63.8977,6.3553,-5.35,8.3048,-0.2081,318.4731,8.307366495466537,29.906519383679534,-1.91340000000001,12.2376,-5.3129,-2.3737000000000004,5.819051305840153,12.386280851006086,0,09_570_571_21521_ego_571,0,21521,21521,21528,vehicle_vehicle,0.31596461272486803,1.428810137342589,2.2629869699937393,12.405849920501218,15.0,3.0,3.5,0.8,8.307366495466537,29.906519383679534
9,570,21521,161,75.6533,-74.9784,54.0829,2.0884,4.7102,0.011,0.0027,-0.0084,0.0002,0.0086,0.0073,-0.0048,-0.0069,car,571,66.0292,-63.8977,6.3553,-5.35,8.3048,-0.2081,318.4731,8.307366495466537,29.906519383679534,9.624099999999999,-11.080699999999993,-6.3443,5.3527,8.300695138360402,14.676689453006759,0,09_570_571_21521_ego_571,1,21521,21521,21528,vehicle_vehicle,0.31596461272486803,1.428810137342589,2.2629869699937393,12.405849920501218,15.0,3.0,3.5,0.8,8.307366495466537,29.906519383679534
9,571,21521,125,66.0292,-63.8977,318.4731,2.0949,4.8005,6.3553,-5.35,1.8219,1.9174,8.3048,-0.2081,0.0928,-2.6433,car,571,66.0292,-63.8977,6.3553,-5.35,8.3048,-0.2081,318.4731,8.307366495466537,29.906519383679534,0.0,0.0,0.0,0.0,0.0,0.0,1,09_570_571_21521_ego_571,1,21521,21521,21528,vehicle_vehicle,0.31596461272486803,1.428810137342589,2.2629869699937393,12.405849920501218,15.0,3.0,3.5,0.8,8.307366495466537,29.906519383679534
9,574,21521,89,71.88,-80.0657,61.0878,2.1286,4.9218,-0.0035,0.0103,-0.1116,-0.1889,0.0073,-0.0081,-0.2193,-0.0064,car,571,66.0292,-63.8977,6.3553,-5.35,8.3048,-0.2081,318.4731,8.307366495466537,29.906519383679534,5.8507999999999925,-16.168000000000006,-6.3588,5.3603,8.316679236931048,17.194071206087294,0,09_570_571_21521_ego_571,0,21521,21521,21528,vehicle_vehicle,0.31596461272486803,1.428810137342589,2.2629869699937393,12.405849920501218,15.0,3.0,3.5,0.8,8.307366495466537,29.906519383679534
9,568,21522,299,79.4102,-67.3169,355.4832,2.0523,4.4999,8.785,-0.4564,0.4424,3.0207,8.7937,-0.2368,0.2032,-3.0462,car,571,66.2876,-64.108,6.4274,-5.2727,8.3106,-0.2172,319.1389,8.313413020534947,29.92828687392581,13.122600000000006,-3.2089,2.3576000000000006,4.8163,5.362371066049048,13.509243871142461,0,09_570_571_21521_ego_571,0,21521,21521,21528,vehicle_vehicle,0.31596461272486803,1.428810137342589,2.2629869699937393,12.405849920501218,15.0,3.0,3.5,0.8,8.307366495466537,29.906519383679534
9,569,21522,218,64.1594,-51.9696,276.9289,1.8992,3.847,1.1629,-7.7048,3.007,0.5201,7.7888,-0.2249,-0.1535,-3.0477,car,571,66.2876,-64.108,6.4274,-5.2727,8.3106,-0.2172,319.1389,8.313413020534947,29.92828687392581,-2.1281999999999925,12.138400000000004,-5.2645,-2.4320999999999993,5.79914395924088,12.323554268148458,0,09_570_571_21521_ego_571,0,21521,21521,21528,vehicle_vehicle,0.31596461272486803,1.428810137342589,2.2629869699937393,12.405849920501218,15.0,3.0,3.5,0.8,8.307366495466537,29.906519383679534
9,570,21522,162,75.6551,-74.9786,54.0563,2.0884,4.7102,0.0098,0.0034,-0.0117,-0.0015,0.0085,0.006,-0.0081,-0.0086,car,571,66.2876,-64.108,6.4274,-5.2727,8.3106,-0.2172,319.1389,8.313413020534947,29.92828687392581,9.367500000000007,-10.870599999999996,-6.417599999999999,5.2761000000000005,8.307997410326992,14.349912912976164,0,09_570_571_21521_ego_571,1,21521,21521,21528,vehicle_vehicle,0.31596461272486803,1.428810137342589,2.2629869699937393,12.405849920501218,15.0,3.0,3.5,0.8,8.307366495466537,29.906519383679534
9,571,21522,126,66.2876,-64.108,319.1389,2.0949,4.8005,6.4274,-5.2727,1.795,1.9609,8.3106,-0.2172,0.0747,-2.6574,car,571,66.2876,-64.108,6.4274,-5.2727,8.3106,-0.2172,319.1389,8.313413020534947,29.92828687392581,0.0,0.0,0.0,0.0,0.0,0.0,1,09_570_571_21521_ego_571,1,21521,21521,21528,vehicle_vehicle,0.31596461272486803,1.428810137342589,2.2629869699937393,12.405849920501218,15.0,3.0,3.5,0.8,8.307366495466537,29.906519383679534
9,574,21522,90,71.8804,-80.0658,61.0831,2.1286,4.9218,-0.0058,0.0057,-0.0943,-0.1638,0.0021,-0.0078,-0.189,-0.0034,car,571,66.2876,-64.108,6.4274,-5.2727,8.3106,-0.2172,319.1389,8.313413020534947,29.92828687392581,5.592799999999997,-15.957799999999992,-6.433199999999999,5.2784,8.32151241061383,16.90948824417817,0,09_570_571_21521_ego_571,0,21521,21521,21528,vehicle_vehicle,0.31596461272486803,1.428810137342589,2.2629869699937393,12.405849920501218,15.0,3.0,3.5,0.8,8.307366495466537,29.906519383679534
9,568,21523,300,79.7614,-67.3329,356.1186,2.0523,4.4999,8.8019,-0.3345,0.388,3.027,8.8043,-0.2621,0.1822,-3.0464,car,571,66.5487,-64.3144,6.4973,-5.1948,8.3156,-0.2272,319.7912,8.318705087331802,29.947338314394486,13.212699999999998,-3.018499999999989,2.3045999999999998,4.8603,5.3790052286644965,13.553109736883261,0,09_570_571_21521_ego_571,0,21521,21521,21528,vehicle_vehicle,0.31596461272486803,1.428810137342589,2.2629869699937393,12.405849920501218,15.0,3.0,3.5,0.8,8.307366495466537,29.906519383679534
9,569,21523,219,64.2075,-52.2778,277.9327,1.8992,3.847,1.2837,-7.6826,3.0072,0.595,7.7863,-0.2111,-0.1743,-3.0605,car,571,66.5487,-64.3144,6.4973,-5.1948,8.3156,-0.2272,319.7912,8.318705087331802,29.947338314394486,-2.3412000000000006,12.036600000000007,-5.2136,-2.4878,5.776744221445155,12.262175867275765,0,09_570_571_21521_ego_571,0,21521,21521,21528,vehicle_vehicle,0.31596461272486803,1.428810137342589,2.2629869699937393,12.405849920501218,15.0,3.0,3.5,0.8,8.307366495466537,29.906519383679534
9,570,21523,163,75.6564,-74.9785,54.0388,2.0884,4.7102,0.0082,0.004,-0.0139,-0.0039,0.008,0.0043,-0.0113,-0.009,car,571,66.5487,-64.3144,6.4973,-5.1948,8.3156,-0.2272,319.7912,8.318705087331802,29.947338314394486,9.107700000000008,-10.66409999999999,-6.4891,5.198799999999999,8.31480247811095,14.024023249410277,0,09_570_571_21521_ego_571,1,21521,21521,21528,vehicle_vehicle,0.31596461272486803,1.428810137342589,2.2629869699937393,12.405849920501218,15.0,3.0,3.5,0.8,8.307366495466537,29.906519383679534
9,571,21523,127,66.5487,-64.3144,319.7912,2.0949,4.8005,6.4973,-5.1948,1.7695,2.0044,8.3156,-0.2272,0.0574,-2.6731,car,571,66.5487,-64.3144,6.4973,-5.1948,8.3156,-0.2272,319.7912,8.318705087331802,29.947338314394486,0.0,0.0,0.0,0.0,0.0,0.0,1,09_570_571_21521_ego_571,1,21521,21521,21528,vehicle_vehicle,0.31596461272486803,1.428810137342589,2.2629869699937393,12.405849920501218,15.0,3.0,3.5,0.8,8.307366495466537,29.906519383679534
9,574,21523,91,71.8805,-80.0657,61.0752,2.1286,4.9218,-0.0076,0.002,-0.0792,-0.1416,-0.0019,-0.0076,-0.1622,-0.0008,car,571,66.5487,-64.3144,6.4973,-5.1948,8.3156,-0.2272,319.7912,8.318705087331802,29.947338314394486,5.331800000000001,-15.7513,-6.5049,5.1968,8.325890598008119,16.62923759316704,0,09_570_571_21521_ego_571,0,21521,21521,21528,vehicle_vehicle,0.31596461272486803,1.428810137342589,2.2629869699937393,12.405849920501218,15.0,3.0,3.5,0.8,8.307366495466537,29.906519383679534
9,568,21524,301,80.1128,-67.3446,356.7892,2.0523,4.4999,8.817,-0.212,0.3341,3.0321,8.815,-0.2822,0.1638,-3.046,car,571,66.8123,-64.5178,6.5653,-5.1164,8.3201,-0.2377,320.4342,8.323503652308924,29.964613148312125,13.3005,-2.8268000000000058,2.2517000000000005,4.9044,5.3966000639291405,13.597576934513002,0,09_570_571_21521_ego_571,0,21521,21521,21528,vehicle_vehicle,0.31596461272486803,1.428810137342589,2.2629869699937393,12.405849920501218,15.0,3.0,3.5,0.8,8.307366495466537,29.906519383679534
9,569,21524,220,64.2602,-52.5851,278.9398,1.8992,3.847,1.4049,-7.6573,3.0067,0.6685,7.7826,-0.1979,-0.1932,-3.0741,car,571,66.8123,-64.5178,6.5653,-5.1164,8.3201,-0.2377,320.4342,8.323503652308924,29.964613148312125,-2.552099999999996,11.932699999999997,-5.160399999999999,-2.5409000000000006,5.752034507024449,12.202562997173992,0,09_570_571_21521_ego_571,0,21521,21521,21528,vehicle_vehicle,0.31596461272486803,1.428810137342589,2.2629869699937393,12.405849920501218,15.0,3.0,3.5,0.8,8.307366495466537,29.906519383679534
9,570,21524,164,75.657,-74.9779,54.0179,2.0884,4.7102,0.0063,0.0043,-0.0149,-0.0068,0.0072,0.0026,-0.0142,-0.008,car,571,66.8123,-64.5178,6.5653,-5.1164,8.3201,-0.2377,320.4342,8.323503652308924,29.964613148312125,8.844700000000003,-10.460100000000011,-6.558999999999999,5.120699999999999,8.321180774986203,13.698263032224206,0,09_570_571_21521_ego_571,1,21521,21521,21528,vehicle_vehicle,0.31596461272486803,1.428810137342589,2.2629869699937393,12.405849920501218,15.0,3.0,3.5,0.8,8.307366495466537,29.906519383679534
9,571,21524,128,66.8123,-64.5178,320.4342,2.0949,4.8005,6.5653,-5.1164,1.7463,2.049,8.3201,-0.2377,0.0411,-2.6919,car,571,66.8123,-64.5178,6.5653,-5.1164,8.3201,-0.2377,320.4342,8.323503652308924,29.964613148312125,0.0,0.0,0.0,0.0,0.0,0.0,1,09_570_571_21521_ego_571,1,21521,21521,21528,vehicle_vehicle,0.31596461272486803,1.428810137342589,2.2629869699937393,12.405849920501218,15.0,3.0,3.5,0.8,8.307366495466537,29.906519383679534
9,574,21524,92,71.8807,-80.0652,61.0642,2.1286,4.9218,-0.0089,-0.0009,-0.0659,-0.1222,-0.0051,-0.0074,-0.1389,0.0014,car,571,66.8123,-64.5178,6.5653,-5.1164,8.3201,-0.2377,320.4342,8.323503652308924,29.964613148312125,5.068400000000011,-15.54740000000001,-6.574199999999999,5.1155,8.329972742452401,16.352685569043405,0,09_570_571_21521_ego_571,0,21521,21521,21528,vehicle_vehicle,0.31596461272486803,1.428810137342589,2.2629869699937393,12.405849920501218,15.0,3.0,3.5,0.8,8.307366495466537,29.906519383679534
9,568,21525,302,80.4645,-67.3512,357.5081,2.0523,4.4999,8.8304,-0.0891,0.2805,3.0356,8.8259,-0.2949,0.1483,-3.0449,car,571,67.0778,-64.7182,6.6318,-5.0371,8.3241,-0.25,321.0616,8.327853724099626,29.980273406758652,13.386700000000005,-2.6330000000000098,2.198599999999999,4.9479999999999995,5.41447559418269,13.64318239598079,0,09_570_571_21521_ego_571,0,21521,21521,21528,vehicle_vehicle,0.31596461272486803,1.428810137342589,2.2629869699937393,12.405849920501218,15.0,3.0,3.5,0.8,8.307366495466537,29.906519383679534
9,569,21525,221,64.3176,-52.8908,279.9445,1.8992,3.847,1.5266,-7.6291,3.0051,0.7405,7.7781,-0.1861,-0.2104,-3.0878,car,571,67.0778,-64.7182,6.6318,-5.0371,8.3241,-0.25,321.0616,8.327853724099626,29.980273406758652,-2.7601999999999975,11.827399999999997,-5.1052,-2.5920000000000005,5.725515788119006,12.145208717844248,0,09_570_571_21521_ego_571,0,21521,21521,21528,vehicle_vehicle,0.31596461272486803,1.428810137342589,2.2629869699937393,12.405849920501218,15.0,3.0,3.5,0.8,8.307366495466537,29.906519383679534
9,570,21525,165,75.6572,-74.9765,54.0075,2.0884,4.7102,0.0044,0.0041,-0.0146,-0.01,0.0059,0.0012,-0.0167,-0.0059,car,571,67.0778,-64.7182,6.6318,-5.0371,8.3241,-0.25,321.0616,8.327853724099626,29.980273406758652,8.579400000000007,-10.258300000000006,-6.6274,5.0412,8.326831822488069,13.373063345770865,0,09_570_571_21521_ego_571,1,21521,21521,21528,vehicle_vehicle,0.31596461272486803,1.428810137342589,2.2629869699937393,12.405849920501218,15.0,3.0,3.5,0.8,8.307366495466537,29.906519383679534
9,571,21525,129,67.0778,-64.7182,321.0616,2.0949,4.8005,6.6318,-5.0371,1.7262,2.0958,8.3241,-0.25,0.0255,-2.7151,car,571,67.0778,-64.7182,6.6318,-5.0371,8.3241,-0.25,321.0616,8.327853724099626,29.980273406758652,0.0,0.0,0.0,0.0,0.0,0.0,1,09_570_571_21521_ego_571,1,21521,21521,21528,vehicle_vehicle,0.31596461272486803,1.428810137342589,2.2629869699937393,12.405849920501218,15.0,3.0,3.5,0.8,8.307366495466537,29.906519383679534
9,574,21525,93,71.8807,-80.0648,61.0586,2.1286,4.9218,-0.0099,-0.0033,-0.0544,-0.1055,-0.0077,-0.0071,-0.1186,0.0034,car,571,67.0778,-64.7182,6.6318,-5.0371,8.3241,-0.25,321.0616,8.327853724099626,29.980273406758652,4.802900000000008,-15.34660000000001,-6.6417,5.033799999999999,8.333745936252196,16.080608818387454,0,09_570_571_21521_ego_571,0,21521,21521,21528,vehicle_vehicle,0.31596461272486803,1.428810137342589,2.2629869699937393,12.405849920501218,15.0,3.0,3.5,0.8,8.307366495466537,29.906519383679534
9,568,21526,303,80.8171,-67.3533,358.2635,2.0523,4.4999,8.842,0.0343,0.2266,3.0373,8.8369,-0.3023,0.1345,-3.0428,car,571,67.3455,-64.9161,6.697,-4.9568,8.3278,-0.26,321.7049,8.331847048524114,29.994649374686812,13.471599999999995,-2.4372000000000043,2.1450000000000005,4.9911,5.43250441417216,13.690286717231304,0,09_570_571_21521_ego_571,0,21521,21521,21528,vehicle_vehicle,0.31596461272486803,1.428810137342589,2.2629869699937393,12.405849920501218,15.0,3.0,3.5,0.8,8.307366495466537,29.906519383679534
9,569,21526,222,64.3797,-53.1955,280.9548,1.8992,3.847,1.6487,-7.5979,3.0017,0.811,7.7728,-0.1748,-0.2258,-3.1012,car,571,67.3455,-64.9161,6.697,-4.9568,8.3278,-0.26,321.7049,8.331847048524114,29.994649374686812,-2.9658000000000015,11.720599999999997,-5.0483,-2.6411,5.697432939491259,12.090013813060759,0,09_570_571_21521_ego_571,0,21521,21521,21528,vehicle_vehicle,0.31596461272486803,1.428810137342589,2.2629869699937393,12.405849920501218,15.0,3.0,3.5,0.8,8.307366495466537,29.906519383679534
9,570,21526,166,75.657,-74.9755,54.0135,2.0884,4.7102,0.0027,0.0033,-0.0131,-0.013,0.0043,0.0003,-0.0182,-0.0029,car,571,67.3455,-64.9161,6.697,-4.9568,8.3278,-0.26,321.7049,8.331847048524114,29.994649374686812,8.311499999999995,-10.059399999999997,-6.6943,4.960100000000001,8.331641164860619,13.048852846514894,0,09_570_571_21521_ego_571,1,21521,21521,21528,vehicle_vehicle,0.31596461272486803,1.428810137342589,2.2629869699937393,12.405849920501218,15.0,3.0,3.5,0.8,8.307366495466537,29.906519383679534
9,571,21526,130,67.3455,-64.9161,321.7049,2.0949,4.8005,6.697,-4.9568,1.7097,2.1457,8.3278,-0.26,0.0121,-2.7435,car,571,67.3455,-64.9161,6.697,-4.9568,8.3278,-0.26,321.7049,8.331847048524114,29.994649374686812,0.0,0.0,0.0,0.0,0.0,0.0,1,09_570_571_21521_ego_571,1,21521,21521,21528,vehicle_vehicle,0.31596461272486803,1.428810137342589,2.2629869699937393,12.405849920501218,15.0,3.0,3.5,0.8,8.307366495466537,29.906519383679534
9,574,21526,94,71.8807,-80.0642,61.0608,2.1286,4.9218,-0.0107,-0.0053,-0.0444,-0.091,-0.0098,-0.0068,-0.1012,0.0052,car,571,67.3455,-64.9161,6.697,-4.9568,8.3278,-0.26,321.7049,8.331847048524114,29.994649374686812,4.535200000000003,-15.1481,-6.7077,4.9515,8.337301214421847,15.812430953208935,0,09_570_571_21521_ego_571,0,21521,21521,21528,vehicle_vehicle,0.31596461272486803,1.428810137342589,2.2629869699937393,12.405849920501218,15.0,3.0,3.5,0.8,8.307366495466537,29.906519383679534
9,568,21527,304,81.1698,-67.3502,359.0357,2.0523,4.4999,8.852,0.1581,0.1721,3.0368,8.848,-0.3071,0.121,-3.0393,car,571,67.6152,-65.1104,6.7614,-4.8753,8.3315,-0.2678,322.3657,8.335771113100456,30.008776007161643,13.554599999999994,-2.2398000000000025,2.0906000000000002,5.0334,5.450295764451687,13.73840912187433,0,09_570_571_21521_ego_571,0,21521,21521,21528,vehicle_vehicle,0.31596461272486803,1.428810137342589,2.2629869699937393,12.405849920501218,15.0,3.0,3.5,0.8,8.307366495466537,29.906519383679534
9,569,21527,223,64.4466,-53.4989,281.9463,1.8992,3.847,1.7713,-7.5639,2.9962,0.8799,7.7667,-0.1673,-0.2406,-3.1134,car,571,67.6152,-65.1104,6.7614,-4.8753,8.3315,-0.2678,322.3657,8.335771113100456,30.008776007161643,-3.168599999999998,11.6115,-4.9901,-2.6886,5.6683038000798796,12.036069051397137,0,09_570_571_21521_ego_571,0,21521,21521,21528,vehicle_vehicle,0.31596461272486803,1.428810137342589,2.2629869699937393,12.405849920501218,15.0,3.0,3.5,0.8,8.307366495466537,29.906519383679534
9,570,21527,167,75.6564,-74.9748,54.0222,2.0884,4.7102,0.0013,0.0022,-0.0106,-0.0156,0.0026,-0.0002,-0.0188,0.0006,car,571,67.6152,-65.1104,6.7614,-4.8753,8.3315,-0.2678,322.3657,8.335771113100456,30.008776007161643,8.041200000000003,-9.864400000000003,-6.7601,4.8775,8.336003734404153,12.726636822035903,0,09_570_571_21521_ego_571,1,21521,21521,21528,vehicle_vehicle,0.31596461272486803,1.428810137342589,2.2629869699937393,12.405849920501218,15.0,3.0,3.5,0.8,8.307366495466537,29.906519383679534
9,571,21527,131,67.6152,-65.1104,322.3657,2.0949,4.8005,6.7614,-4.8753,1.6971,2.1996,8.3315,-0.2678,0.0008,-2.7781,car,571,67.6152,-65.1104,6.7614,-4.8753,8.3315,-0.2678,322.3657,8.335771113100456,30.008776007161643,0.0,0.0,0.0,0.0,0.0,0.0,1,09_570_571_21521_ego_571,1,21521,21521,21528,vehicle_vehicle,0.31596461272486803,1.428810137342589,2.2629869699937393,12.405849920501218,15.0,3.0,3.5,0.8,8.307366495466537,29.906519383679534
9,574,21527,95,71.8807,-80.0635,61.0671,2.1286,4.9218,-0.0112,-0.0072,-0.0357,-0.0786,-0.0117,-0.0063,-0.0861,0.0067,car,571,67.6152,-65.1104,6.7614,-4.8753,8.3315,-0.2678,322.3657,8.335771113100456,30.008776007161643,4.265500000000003,-14.953100000000006,-6.7726,4.8681,8.340653953377997,15.549588092936744,0,09_570_571_21521_ego_571,0,21521,21521,21528,vehicle_vehicle,0.31596461272486803,1.428810137342589,2.2629869699937393,12.405849920501218,15.0,3.0,3.5,0.8,8.307366495466537,29.906519383679534
9,568,21528,305,81.5232,-67.342,359.8373,2.0523,4.4999,8.86,0.2821,0.1166,3.034,8.8592,-0.3073,0.1079,-3.0343,car,571,67.8845,-65.3046,6.8263,-4.7913,8.3354,-0.2774,323.0295,8.339959674962463,30.023854829864867,13.6387,-2.037400000000005,2.0336999999999996,5.0733999999999995,5.465832347410593,13.790037579716744,0,09_570_571_21521_ego_571,0,21521,21521,21528,vehicle_vehicle,0.31596461272486803,1.428810137342589,2.2629869699937393,12.405849920501218,15.0,3.0,3.5,0.8,8.307366495466537,29.906519383679534
9,569,21528,224,64.519,-53.8009,282.9411,1.8992,3.847,1.8941,-7.527,2.9879,0.9472,7.76,-0.1603,-0.254,-3.1241,car,571,67.8845,-65.3046,6.8263,-4.7913,8.3354,-0.2774,323.0295,8.339959674962463,30.023854829864867,-3.3654999999999973,11.503699999999995,-4.9322,-2.7357000000000005,5.640093202244091,11.985896042432532,0,09_570_571_21521_ego_571,0,21521,21521,21528,vehicle_vehicle,0.31596461272486803,1.428810137342589,2.2629869699937393,12.405849920501218,15.0,3.0,3.5,0.8,8.307366495466537,29.906519383679534
9,570,21528,168,75.656,-74.9746,54.0326,2.0884,4.7102,0.0002,0.001,-0.0073,-0.0176,0.001,-0.0004,-0.0185,0.0044,car,571,67.8845,-65.3046,6.8263,-4.7913,8.3354,-0.2774,323.0295,8.339959674962463,30.023854829864867,7.771500000000003,-9.670000000000002,-6.826099999999999,4.7923,8.340370525342385,12.405849920501218,0,09_570_571_21521_ego_571,1,21521,21521,21528,vehicle_vehicle,0.31596461272486803,1.428810137342589,2.2629869699937393,12.405849920501218,15.0,3.0,3.5,0.8,8.307366495466537,29.906519383679534
9,571,21528,132,67.8845,-65.3046,323.0295,2.0949,4.8005,6.8263,-4.7913,1.6879,2.2576,8.3354,-0.2774,-0.0092,-2.8188,car,571,67.8845,-65.3046,6.8263,-4.7913,8.3354,-0.2774,323.0295,8.339959674962463,30.023854829864867,0.0,0.0,0.0,0.0,0.0,0.0,1,09_570_571_21521_ego_571,1,21521,21521,21528,vehicle_vehicle,0.31596461272486803,1.428810137342589,2.2629869699937393,12.405849920501218,15.0,3.0,3.5,0.8,8.307366495466537,29.906519383679534
9,574,21528,96,71.8808,-80.063,61.0768,2.1286,4.9218,-0.0116,-0.0089,-0.0282,-0.0677,-0.0134,-0.0058,-0.073,0.0081,car,571,67.8845,-65.3046,6.8263,-4.7913,8.3354,-0.2774,323.0295,8.339959674962463,30.023854829864867,3.996299999999991,-14.758400000000009,-6.837899999999999,4.7824,8.344352950948323,15.289891570903967,0,09_570_571_21521_ego_571,0,21521,21521,21528,vehicle_vehicle,0.31596461272486803,1.428810137342589,2.2629869699937393,12.405849920501218,15.0,3.0,3.5,0.8,8.307366495466537,29.906519383679534
9,568,21529,306,81.8773,-67.3286,0.668,2.0523,4.4999,8.8661,0.4062,0.0597,3.0285,8.8702,-0.3028,0.095,-3.0276,car,571,68.1552,-65.4972,6.8924,-4.7039,8.3395,-0.2899,323.696,8.344570268743622,30.04045296747704,13.722100000000012,-1.831399999999988,1.9736999999999991,5.1101,5.478011838249348,13.843773126210943,0,09_570_571_21521_ego_571,0,21521,21521,21528,vehicle_vehicle,0.31596461272486803,1.428810137342589,2.2629869699937393,12.405849920501218,15.0,3.0,3.5,0.8,8.307366495466537,29.906519383679534
9,569,21529,225,64.5964,-54.1012,283.9426,1.8992,3.847,2.0167,-7.4875,2.9766,1.0128,7.7528,-0.1532,-0.2658,-3.1329,car,571,68.1552,-65.4972,6.8924,-4.7039,8.3395,-0.2899,323.696,8.344570268743622,30.04045296747704,-3.558799999999991,11.396000000000008,-4.8757,-2.7836,5.6143458612736,11.938755104281189,0,09_570_571_21521_ego_571,0,21521,21521,21528,vehicle_vehicle,0.31596461272486803,1.428810137342589,2.2629869699937393,12.405849920501218,15.0,3.0,3.5,0.8,8.307366495466537,29.906519383679534
9,570,21529,169,75.6551,-74.9743,54.0389,2.0884,4.7102,-0.0004,-0.0004,-0.0035,-0.0189,-0.0006,-0.0,-0.0174,0.0082,car,571,68.1552,-65.4972,6.8924,-4.7039,8.3395,-0.2899,323.696,8.344570268743622,30.04045296747704,7.499900000000011,-9.477099999999993,-6.8928,4.7035,8.344675193798738,12.085690895434983,0,09_570_571_21521_ego_571,1,21521,21521,21528,vehicle_vehicle,0.31596461272486803,1.428810137342589,2.2629869699937393,12.405849920501218,15.0,3.0,3.5,0.8,8.307366495466537,29.906519383679534
9,571,21529,133,68.1552,-65.4972,323.696,2.0949,4.8005,6.8924,-4.7039,1.681,2.3191,8.3395,-0.2899,-0.0184,-2.8642,car,571,68.1552,-65.4972,6.8924,-4.7039,8.3395,-0.2899,323.696,8.344570268743622,30.04045296747704,0.0,0.0,0.0,0.0,0.0,0.0,1,09_570_571_21521_ego_571,1,21521,21521,21528,vehicle_vehicle,0.31596461272486803,1.428810137342589,2.2629869699937393,12.405849920501218,15.0,3.0,3.5,0.8,8.307366495466537,29.906519383679534
9,574,21529,97,71.8807,-80.0625,61.0867,2.1286,4.9218,-0.0118,-0.0105,-0.0217,-0.0582,-0.0149,-0.0053,-0.0614,0.0091,car,571,68.1552,-65.4972,6.8924,-4.7039,8.3395,-0.2899,323.696,8.344570268743622,30.04045296747704,3.725500000000011,-14.565299999999993,-6.9042,4.6934,8.348411896881945,15.034204812360375,0,09_570_571_21521_ego_571,0,21521,21521,21528,vehicle_vehicle,0.31596461272486803,1.428810137342589,2.2629869699937393,12.405849920501218,15.0,3.0,3.5,0.8,8.307366495466537,29.906519383679534
9,568,21530,307,82.2324,-67.3098,1.4994,2.0523,4.4999,8.8697,0.5299,0.0016,3.0204,8.8805,-0.2976,0.0806,-3.0193,car,571,68.4294,-65.6858,6.9593,-4.6131,8.3439,-0.3017,324.3901,8.34940405657793,30.057854603680546,13.802999999999997,-1.6239999999999952,1.9104,5.143000000000001,5.486353721735412,13.898207978009248,0,09_570_571_21521_ego_571,0,21521,21521,21528,vehicle_vehicle,0.31596461272486803,1.428810137342589,2.2629869699937393,12.405849920501218,15.0,3.0,3.5,0.8,8.307366495466537,29.906519383679534
9,569,21530,226,64.6791,-54.3998,284.9341,1.8992,3.847,2.1391,-7.4454,2.9621,1.0768,7.7451,-0.1481,-0.2771,-3.1395,car,571,68.4294,-65.6858,6.9593,-4.6131,8.3439,-0.3017,324.3901,8.34940405657793,30.057854603680546,-3.7502999999999957,11.286000000000001,-4.8202,-2.8323,5.590729051742715,11.89279387234135,0,09_570_571_21521_ego_571,0,21521,21521,21528,vehicle_vehicle,0.31596461272486803,1.428810137342589,2.2629869699937393,12.405849920501218,15.0,3.0,3.5,0.8,8.307366495466537,29.906519383679534
9,570,21530,170,75.6536,-74.9738,54.0418,2.0884,4.7102,-0.0002,-0.0021,0.0003,-0.0194,-0.0019,0.001,-0.0155,0.0116,car,571,68.4294,-65.6858,6.9593,-4.6131,8.3439,-0.3017,324.3901,8.34940405657793,30.057854603680546,7.224199999999996,-9.287999999999997,-6.9595,4.611,8.348410702043832,11.76673317620485,0,09_570_571_21521_ego_571,1,21521,21521,21528,vehicle_vehicle,0.31596461272486803,1.428810137342589,2.2629869699937393,12.405849920501218,15.0,3.0,3.5,0.8,8.307366495466537,29.906519383679534
9,571,21530,134,68.4294,-65.6858,324.3901,2.0949,4.8005,6.9593,-4.6131,1.675,2.383,8.3439,-0.3017,-0.0257,-2.9127,car,571,68.4294,-65.6858,6.9593,-4.6131,8.3439,-0.3017,324.3901,8.34940405657793,30.057854603680546,0.0,0.0,0.0,0.0,0.0,0.0,1,09_570_571_21521_ego_571,1,21521,21521,21528,vehicle_vehicle,0.31596461272486803,1.428810137342589,2.2629869699937393,12.405849920501218,15.0,3.0,3.5,0.8,8.307366495466537,29.906519383679534
9,574,21530,98,71.8802,-80.0622,61.0964,2.1286,4.9218,-0.0118,-0.0121,-0.016,-0.0495,-0.0163,-0.0045,-0.0511,0.0099,car,571,68.4294,-65.6858,6.9593,-4.6131,8.3439,-0.3017,324.3901,8.34940405657793,30.057854603680546,3.450800000000001,-14.376400000000004,-6.9711,4.601,8.352570634840509,14.784752199479033,0,09_570_571_21521_ego_571,0,21521,21521,21528,vehicle_vehicle,0.31596461272486803,1.428810137342589,2.2629869699937393,12.405849920501218,15.0,3.0,3.5,0.8,8.307366495466537,29.906519383679534
9,568,21531,308,82.5879,-67.2862,2.3437,2.0523,4.4999,8.8706,0.6533,-0.0576,3.0097,8.8899,-0.29,0.0655,-3.0095,car,571,68.7032,-65.8748,7.0283,-4.5172,8.349,-0.3106,325.1398,8.354764911713554,30.077153682168795,13.88470000000001,-1.4114000000000004,1.8422999999999998,5.1705,5.488910596830667,13.956251074339422,0,09_570_571_21521_ego_571,0,21521,21521,21528,vehicle_vehicle,0.31596461272486803,1.428810137342589,2.2629869699937393,12.405849920501218,15.0,3.0,3.5,0.8,8.307366495466537,29.906519383679534
9,569,21531,227,64.7668,-54.6967,285.8954,1.8992,3.847,2.261,-7.4007,2.9442,1.1392,7.737,-0.1476,-0.2893,-3.1436,car,571,68.7032,-65.8748,7.0283,-4.5172,8.349,-0.3106,325.1398,8.354764911713554,30.077153682168795,-3.936399999999992,11.178099999999993,-4.7673,-2.8834999999999997,5.5715098079425465,11.850956272385778,0,09_570_571_21521_ego_571,0,21521,21521,21528,vehicle_vehicle,0.31596461272486803,1.428810137342589,2.2629869699937393,12.405849920501218,15.0,3.0,3.5,0.8,8.307366495466537,29.906519383679534
9,570,21531,171,75.6521,-74.9737,54.0423,2.0884,4.7102,0.0006,-0.0039,0.0035,-0.0189,-0.0028,0.0028,-0.0133,0.0139,car,571,68.7032,-65.8748,7.0283,-4.5172,8.349,-0.3106,325.1398,8.354764911713554,30.077153682168795,6.948900000000009,-9.0989,-7.027699999999999,4.5133,8.352152068778441,11.448894812164191,0,09_570_571_21521_ego_571,1,21521,21521,21528,vehicle_vehicle,0.31596461272486803,1.428810137342589,2.2629869699937393,12.405849920501218,15.0,3.0,3.5,0.8,8.307366495466537,29.906519383679534
9,571,21531,135,68.7032,-65.8748,325.1398,2.0949,4.8005,7.0283,-4.5172,1.6682,2.4476,8.349,-0.3106,-0.0301,-2.9619,car,571,68.7032,-65.8748,7.0283,-4.5172,8.349,-0.3106,325.1398,8.354764911713554,30.077153682168795,0.0,0.0,0.0,0.0,0.0,0.0,1,09_570_571_21521_ego_571,1,21521,21521,21528,vehicle_vehicle,0.31596461272486803,1.428810137342589,2.2629869699937393,12.405849920501218,15.0,3.0,3.5,0.8,8.307366495466537,29.906519383679534
9,574,21531,99,71.8794,-80.062,61.1029,2.1286,4.9218,-0.0115,-0.0136,-0.0113,-0.0415,-0.0174,-0.0035,-0.0418,0.0102,car,571,68.7032,-65.8748,7.0283,-4.5172,8.349,-0.3106,325.1398,8.354764911713554,30.077153682168795,3.1762000000000086,-14.187200000000004,-7.0398,4.5036,8.357104582329935,14.53839366229984,0,09_570_571_21521_ego_571,0,21521,21521,21528,vehicle_vehicle,0.31596461272486803,1.428810137342589,2.2629869699937393,12.405849920501218,15.0,3.0,3.5,0.8,8.307366495466537,29.906519383679534
9,568,21532,309,82.9442,-67.2576,3.1936,2.0523,4.4999,8.8686,0.7763,-0.1174,2.9964,8.8981,-0.281,0.0497,-2.9983,car,571,68.9805,-66.0598,7.0991,-4.4162,8.3545,-0.3194,325.9252,8.360624572961042,30.09824846265975,13.963699999999989,-1.1978000000000009,1.7695000000000007,5.1925,5.485725704043176,14.01497921974912,0,09_570_571_21521_ego_571,0,21521,21521,21528,vehicle_vehicle,0.31596461272486803,1.428810137342589,2.2629869699937393,12.405849920501218,15.0,3.0,3.5,0.8,8.307366495466537,29.906519383679534
9,569,21532,228,64.8595,-54.9919,286.8543,1.8992,3.847,2.3822,-7.3535,2.9229,1.2,7.7283,-0.1478,-0.301,-3.1453,car,571,68.9805,-66.0598,7.0991,-4.4162,8.3545,-0.3194,325.9252,8.360624572961042,30.09824846265975,-4.121000000000009,11.067899999999995,-4.7169,-2.9373000000000005,5.556696581603139,11.810209625997329,0,09_570_571_21521_ego_571,0,21521,21521,21528,vehicle_vehicle,0.31596461272486803,1.428810137342589,2.2629869699937393,12.405849920501218,15.0,3.0,3.5,0.8,8.307366495466537,29.906519383679534
9,570,21532,172,75.6513,-74.974,54.0372,2.0884,4.7102,0.002,-0.0056,0.0057,-0.0174,-0.0034,0.0049,-0.0108,0.0149,car,571,68.9805,-66.0598,7.0991,-4.4162,8.3545,-0.3194,325.9252,8.360624572961042,30.09824846265975,6.6708,-8.914200000000008,-7.0971,4.4106,8.35596917000057,11.13384633808102,0,09_570_571_21521_ego_571,1,21521,21521,21528,vehicle_vehicle,0.31596461272486803,1.428810137342589,2.2629869699937393,12.405849920501218,15.0,3.0,3.5,0.8,8.307366495466537,29.906519383679534
9,571,21532,136,68.9805,-66.0598,325.9252,2.0949,4.8005,7.0991,-4.4162,1.6584,2.5103,8.3545,-0.3194,-0.0328,-3.0085,car,571,68.9805,-66.0598,7.0991,-4.4162,8.3545,-0.3194,325.9252,8.360624572961042,30.09824846265975,0.0,0.0,0.0,0.0,0.0,0.0,1,09_570_571_21521_ego_571,1,21521,21521,21528,vehicle_vehicle,0.31596461272486803,1.428810137342589,2.2629869699937393,12.405849920501218,15.0,3.0,3.5,0.8,8.307366495466537,29.906519383679534
9,574,21532,100,71.8787,-80.0621,61.1048,2.1286,4.9218,-0.0108,-0.015,-0.0077,-0.0339,-0.0183,-0.0022,-0.0334,0.0097,car,571,68.9805,-66.0598,7.0991,-4.4162,8.3545,-0.3194,325.9252,8.360624572961042,30.09824846265975,2.8981999999999886,-14.002300000000005,-7.1099,4.4012,8.36189209748607,14.2990897797727,0,09_570_571_21521_ego_571,0,21521,21521,21528,vehicle_vehicle,0.31596461272486803,1.428810137342589,2.2629869699937393,12.405849920501218,15.0,3.0,3.5,0.8,8.307366495466537,29.906519383679534
9,568,21533,310,83.3004,-67.2238,4.0514,2.0523,4.4999,8.8636,0.8986,-0.1771,2.9806,8.905,-0.2701,0.0339,-2.9857,car,571,69.2624,-66.2395,7.1708,-4.3107,8.3606,-0.3221,326.7817,8.366750093674366,30.120300337227718,14.037999999999997,-0.9842999999999904,1.6928,5.2093,5.47744268158052,14.072465686225705,0,09_570_571_21521_ego_571,0,21521,21521,21528,vehicle_vehicle,0.31596461272486803,1.428810137342589,2.2629869699937393,12.405849920501218,15.0,3.0,3.5,0.8,8.307366495466537,29.906519383679534
9,569,21533,229,64.9569,-55.2854,287.7998,1.8992,3.847,2.5027,-7.3037,2.8981,1.2591,7.7192,-0.1502,-0.3129,-3.1442,car,571,69.2624,-66.2395,7.1708,-4.3107,8.3606,-0.3221,326.7817,8.366750093674366,30.120300337227718,-4.305499999999995,10.954100000000004,-4.6681,-2.9930000000000003,5.545196715176117,11.769861386609447,0,09_570_571_21521_ego_571,0,21521,21521,21528,vehicle_vehicle,0.31596461272486803,1.428810137342589,2.2629869699937393,12.405849920501218,15.0,3.0,3.5,0.8,8.307366495466537,29.906519383679534
9,570,21533,173,75.6512,-74.9747,54.033,2.0884,4.7102,0.0034,-0.0071,0.0067,-0.0151,-0.0037,0.007,-0.0083,0.0143,car,571,69.2624,-66.2395,7.1708,-4.3107,8.3606,-0.3221,326.7817,8.366750093674366,30.120300337227718,6.388800000000003,-8.735199999999992,-7.1674,4.303599999999999,8.360179167936533,10.822221790371879,0,09_570_571_21521_ego_571,1,21521,21521,21528,vehicle_vehicle,0.31596461272486803,1.428810137342589,2.2629869699937393,12.405849920501218,15.0,3.0,3.5,0.8,8.307366495466537,29.906519383679534
9,571,21533,137,69.2624,-66.2395,326.7817,2.0949,4.8005,7.1708,-4.3107,1.6437,2.569,8.3606,-0.3221,-0.0322,-3.0497,car,571,69.2624,-66.2395,7.1708,-4.3107,8.3606,-0.3221,326.7817,8.366750093674366,30.120300337227718,0.0,0.0,0.0,0.0,0.0,0.0,1,09_570_571_21521_ego_571,1,21521,21521,21528,vehicle_vehicle,0.31596461272486803,1.428810137342589,2.2629869699937393,12.405849920501218,15.0,3.0,3.5,0.8,8.307366495466537,29.906519383679534
9,574,21533,101,71.8781,-80.0624,61.1046,2.1286,4.9218,-0.0099,-0.0161,-0.0051,-0.0265,-0.0189,-0.0009,-0.0257,0.0083,car,571,69.2624,-66.2395,7.1708,-4.3107,8.3606,-0.3221,326.7817,8.366750093674366,30.120300337227718,2.615700000000004,-13.82289999999999,-7.1807,4.2946,8.366961315196814,14.06820709614412,0,09_570_571_21521_ego_571,0,21521,21521,21528,vehicle_vehicle,0.31596461272486803,1.428810137342589,2.2629869699937393,12.405849920501218,15.0,3.0,3.5,0.8,8.307366495466537,29.906519383679534
9,568,21534,311,83.6563,-67.1852,4.9498,2.0523,4.4999,8.8556,1.0201,-0.2363,2.9624,8.9106,-0.2522,0.0202,-2.9718,car,571,69.549,-66.4137,7.2427,-4.2013,8.3674,-0.3068,327.783,8.373029617766797,30.142906623960467,14.107299999999995,-0.771499999999989,1.6129000000000007,5.2214,5.46483891528378,14.128380145650096,0,09_570_571_21521_ego_571,0,21521,21521,21528,vehicle_vehicle,0.31596461272486803,1.428810137342589,2.2629869699937393,12.405849920501218,15.0,3.0,3.5,0.8,8.307366495466537,29.906519383679534
9,569,21534,230,65.0598,-55.5773,288.7434,1.8992,3.847,2.622,-7.2513,2.8698,1.3163,7.7093,-0.1528,-0.3244,-3.1406,car,571,69.549,-66.4137,7.2427,-4.2013,8.3674,-0.3068,327.783,8.373029617766797,30.142906623960467,-4.489200000000011,10.836400000000005,-4.6207,-3.05,5.536548427495239,11.729470644492025,0,09_570_571_21521_ego_571,0,21521,21521,21528,vehicle_vehicle,0.31596461272486803,1.428810137342589,2.2629869699937393,12.405849920501218,15.0,3.0,3.5,0.8,8.307366495466537,29.906519383679534
9,570,21534,174,75.6519,-74.976,54.0337,2.0884,4.7102,0.0047,-0.0081,0.0065,-0.0122,-0.0038,0.0086,-0.006,0.0124,car,571,69.549,-66.4137,7.2427,-4.2013,8.3674,-0.3068,327.783,8.373029617766797,30.142906623960467,6.102899999999991,-8.562299999999993,-7.238,4.1932,8.36490108967225,10.514674017771535,0,09_570_571_21521_ego_571,1,21521,21521,21528,vehicle_vehicle,0.31596461272486803,1.428810137342589,2.2629869699937393,12.405849920501218,15.0,3.0,3.5,0.8,8.307366495466537,29.906519383679534
9,571,21534,138,69.549,-66.4137,327.783,2.0949,4.8005,7.2427,-4.2013,1.6234,2.6218,8.3674,-0.3068,-0.0243,-3.0836,car,571,69.549,-66.4137,7.2427,-4.2013,8.3674,-0.3068,327.783,8.373029617766797,30.142906623960467,0.0,0.0,0.0,0.0,0.0,0.0,1,09_570_571_21521_ego_571,1,21521,21521,21528,vehicle_vehicle,0.31596461272486803,1.428810137342589,2.2629869699937393,12.405849920501218,15.0,3.0,3.5,0.8,8.307366495466537,29.906519383679534
9,574,21534,102,71.8781,-80.063,61.0936,2.1286,4.9218,-0.0091,-0.0171,-0.0037,-0.0193,-0.0193,0.0003,-0.0187,0.0061,car,571,69.549,-66.4137,7.2427,-4.2013,8.3674,-0.3068,327.783,8.373029617766797,30.142906623960467,2.329099999999997,-13.649299999999997,-7.2518,4.1842,8.372343332663801,13.846591540881095,0,09_570_571_21521_ego_571,0,21521,21521,21528,vehicle_vehicle,0.31596461272486803,1.428810137342589,2.2629869699937393,12.405849920501218,15.0,3.0,3.5,0.8,8.307366495466537,29.906519383679534
9,568,21535,312,84.0118,-67.1418,5.8483,2.0523,4.4999,8.8446,1.1408,-0.2942,2.942,8.9149,-0.2337,0.0071,-2.9566,car,571,69.8395,-66.5822,7.3139,-4.0888,8.3746,-0.2779,328.8919,8.379225420645993,30.165211514325573,14.172299999999993,-0.5596000000000032,1.5306999999999995,5.2296,5.449014465937854,14.183343733055327,0,09_570_571_21521_ego_571,0,21521,21521,21528,vehicle_vehicle,0.31596461272486803,1.428810137342589,2.2629869699937393,12.405849920501218,15.0,3.0,3.5,0.8,8.307366495466537,29.906519383679534
9,569,21535,231,65.1682,-55.8673,289.6838,1.8992,3.847,2.7396,-7.1962,2.8384,1.3713,7.6985,-0.1556,-0.3351,-3.1344,car,571,69.8395,-66.5822,7.3139,-4.0888,8.3746,-0.2779,328.8919,8.379225420645993,30.165211514325573,-4.671300000000002,10.7149,-4.574300000000001,-3.1074,5.529932662338666,11.688888984843684,0,09_570_571_21521_ego_571,0,21521,21521,21528,vehicle_vehicle,0.31596461272486803,1.428810137342589,2.2629869699937393,12.405849920501218,15.0,3.0,3.5,0.8,8.307366495466537,29.906519383679534
9,570,21535,175,75.6535,-74.9776,54.0387,2.0884,4.7102,0.0055,-0.0085,0.0056,-0.0091,-0.0036,0.0094,-0.0041,0.0099,car,571,69.8395,-66.5822,7.3139,-4.0888,8.3746,-0.2779,328.8919,8.379225420645993,30.165211514325573,5.813999999999993,-8.395399999999995,-7.308400000000001,4.0803,8.370278289877822,10.212019249883925,0,09_570_571_21521_ego_571,1,21521,21521,21528,vehicle_vehicle,0.31596461272486803,1.428810137342589,2.2629869699937393,12.405849920501218,15.0,3.0,3.5,0.8,8.307366495466537,29.906519383679534
9,571,21535,139,69.8395,-66.5822,328.8919,2.0949,4.8005,7.3139,-4.0888,1.5968,2.6674,8.3746,-0.2779,-0.0109,-3.1088,car,571,69.8395,-66.5822,7.3139,-4.0888,8.3746,-0.2779,328.8919,8.379225420645993,30.165211514325573,0.0,0.0,0.0,0.0,0.0,0.0,1,09_570_571_21521_ego_571,1,21521,21521,21528,vehicle_vehicle,0.31596461272486803,1.428810137342589,2.2629869699937393,12.405849920501218,15.0,3.0,3.5,0.8,8.307366495466537,29.906519383679534
9,574,21535,103,71.8783,-80.064,61.0745,2.1286,4.9218,-0.0085,-0.0176,-0.0032,-0.0123,-0.0195,0.0011,-0.0123,0.0031,car,571,69.8395,-66.5822,7.3139,-4.0888,8.3746,-0.2779,328.8919,8.379225420645993,30.165211514325573,2.038799999999995,-13.481799999999993,-7.3224,4.0712,8.37807920707366,13.635088436823569,0,09_570_571_21521_ego_571,0,21521,21521,21528,vehicle_vehicle,0.31596461272486803,1.428810137342589,2.2629869699937393,12.405849920501218,15.0,3.0,3.5,0.8,8.307366495466537,29.906519383679534
9,568,21536,313,84.3673,-67.0955,6.7621,2.0523,4.4999,8.8306,1.2614,-0.3503,2.919,8.9177,-0.2129,-0.0041,-2.9399,car,571,70.1333,-66.7443,7.384,-3.9742,8.382,-0.2457,330.031,8.385566268296971,30.188038565869096,14.233999999999995,-0.35120000000000573,1.4466,5.2356,5.431773091726126,14.238331975340364,0,09_570_571_21521_ego_571,0,21521,21521,21528,vehicle_vehicle,0.31596461272486803,1.428810137342589,2.2629869699937393,12.405849920501218,15.0,3.0,3.5,0.8,8.307366495466537,29.906519383679534
9,569,21536,232,65.2816,-56.1548,290.6054,1.8992,3.847,2.8554,-7.1386,2.8045,1.4236,7.6868,-0.1604,-0.3456,-3.1261,car,571,70.1333,-66.7443,7.384,-3.9742,8.382,-0.2457,330.031,8.385566268296971,30.188038565869096,-4.851700000000008,10.589499999999994,-4.528600000000001,-3.1644,5.524639836224621,11.648025718549903,0,09_570_571_21521_ego_571,0,21521,21521,21528,vehicle_vehicle,0.31596461272486803,1.428810137342589,2.2629869699937393,12.405849920501218,15.0,3.0,3.5,0.8,8.307366495466537,29.906519383679534
9,570,21536,176,75.655,-74.979,54.0396,2.0884,4.7102,0.0057,-0.0083,0.0045,-0.0064,-0.0034,0.0094,-0.0025,0.0074,car,571,70.1333,-66.7443,7.384,-3.9742,8.382,-0.2457,330.031,8.385566268296971,30.188038565869096,5.521699999999996,-8.234700000000004,-7.3783,3.9659,8.376614692105635,9.914608160688955,0,09_570_571_21521_ego_571,1,21521,21521,21528,vehicle_vehicle,0.31596461272486803,1.428810137342589,2.2629869699937393,12.405849920501218,15.0,3.0,3.5,0.8,8.307366495466537,29.906519383679534
9,571,21536,140,70.1333,-66.7443,330.031,2.0949,4.8005,7.384,-3.9742,1.564,2.7053,8.382,-0.2457,0.0035,-3.1249,car,571,70.1333,-66.7443,7.384,-3.9742,8.382,-0.2457,330.031,8.385566268296971,30.188038565869096,0.0,0.0,0.0,0.0,0.0,0.0,1,09_570_571_21521_ego_571,1,21521,21521,21528,vehicle_vehicle,0.31596461272486803,1.428810137342589,2.2629869699937393,12.405849920501218,15.0,3.0,3.5,0.8,8.307366495466537,29.906519383679534
9,574,21536,104,71.8787,-80.0652,61.0547,2.1286,4.9218,-0.0082,-0.0176,-0.0033,-0.0056,-0.0194,0.0014,-0.0065,-0.0002,car,571,70.1333,-66.7443,7.384,-3.9742,8.382,-0.2457,330.031,8.385566268296971,30.188038565869096,1.7453999999999894,-13.320900000000009,-7.392200000000001,3.9566000000000003,8.384468045141565,13.43476080806801,0,09_570_571_21521_ego_571,0,21521,21521,21528,vehicle_vehicle,0.31596461272486803,1.428810137342589,2.2629869699937393,12.405849920501218,15.0,3.0,3.5,0.8,8.307366495466537,29.906519383679534
9,568,21537,314,84.7225,-67.0437,7.645,2.0523,4.4999,8.8134,1.3815,-0.4036,2.8928,8.9188,-0.1967,-0.0151,-2.9208,car,571,70.4307,-66.9001,7.4525,-3.8585,8.3894,-0.2128,331.1744,8.39212598213349,30.21165353568056,14.291799999999995,-0.1436000000000064,1.3609,5.24,5.413838639080407,14.292521408065124,0,09_570_571_21521_ego_571,0,21521,21521,21528,vehicle_vehicle,0.31596461272486803,1.428810137342589,2.2629869699937393,12.405849920501218,15.0,3.0,3.5,0.8,8.307366495466537,29.906519383679534
9,569,21537,233,65.3997,-56.4394,291.4974,1.8992,3.847,2.9691,-7.0788,2.7686,1.4732,7.6745,-0.1685,-0.3561,-3.1159,car,571,70.4307,-66.9001,7.4525,-3.8585,8.3894,-0.2128,331.1744,8.39212598213349,30.21165353568056,-5.031000000000006,10.460699999999996,-4.4834,-3.2203000000000004,5.520073156218131,11.607635654602532,0,09_570_571_21521_ego_571,0,21521,21521,21528,vehicle_vehicle,0.31596461272486803,1.428810137342589,2.2629869699937393,12.405849920501218,15.0,3.0,3.5,0.8,8.307366495466537,29.906519383679534
9,570,21537,177,75.6563,-74.9799,54.045,2.0884,4.7102,0.0054,-0.0078,0.0036,-0.0043,-0.0031,0.0089,-0.0014,0.0055,car,571,70.4307,-66.9001,7.4525,-3.8585,8.3894,-0.2128,331.1744,8.39212598213349,30.21165353568056,5.2256,-8.079800000000006,-7.4471,3.8507,8.383745517368713,9.622373064894132,0,09_570_571_21521_ego_571,1,21521,21521,21528,vehicle_vehicle,0.31596461272486803,1.428810137342589,2.2629869699937393,12.405849920501218,15.0,3.0,3.5,0.8,8.307366495466537,29.906519383679534
9,571,21537,141,70.4307,-66.9001,331.1744,2.0949,4.8005,7.4525,-3.8585,1.5251,2.7354,8.3894,-0.2128,0.0173,-3.1318,car,571,70.4307,-66.9001,7.4525,-3.8585,8.3894,-0.2128,331.1744,8.39212598213349,30.21165353568056,0.0,0.0,0.0,0.0,0.0,0.0,1,09_570_571_21521_ego_571,1,21521,21521,21528,vehicle_vehicle,0.31596461272486803,1.428810137342589,2.2629869699937393,12.405849920501218,15.0,3.0,3.5,0.8,8.307366495466537,29.906519383679534
9,574,21537,105,71.8795,-80.0667,61.0438,2.1286,4.9218,-0.0082,-0.0171,-0.0036,0.0005,-0.0189,0.001,-0.0013,-0.0034,car,571,70.4307,-66.9001,7.4525,-3.8585,8.3894,-0.2128,331.1744,8.39212598213349,30.21165353568056,1.4487999999999914,-13.166600000000003,-7.4607,3.8413999999999997,8.391567103348455,13.246070247435654,0,09_570_571_21521_ego_571,0,21521,21521,21528,vehicle_vehicle,0.31596461272486803,1.428810137342589,2.2629869699937393,12.405849920501218,15.0,3.0,3.5,0.8,8.307366495466537,29.906519383679534
9,568,21538,315,85.0766,-66.988,8.4993,2.0523,4.4999,8.7933,1.5013,-0.4533,2.863,8.9186,-0.1851,-0.0252,-2.8986,car,571,70.7328,-67.0503,7.5183,-3.7423,8.3962,-0.185,332.2755,8.398192911573299,30.233494481663875,14.343800000000002,0.06229999999999336,1.2750000000000004,5.243600000000001,5.396384526699335,14.343935294402302,0,09_570_571_21521_ego_571,0,21521,21521,21528,vehicle_vehicle,0.31596461272486803,1.428810137342589,2.2629869699937393,12.405849920501218,15.0,3.0,3.5,0.8,8.307366495466537,29.906519383679534
9,569,21538,234,65.5226,-56.7212,292.3886,1.8992,3.847,3.0807,-7.0171,2.7316,1.5199,7.6616,-0.1758,-0.3649,-3.1046,car,571,70.7328,-67.0503,7.5183,-3.7423,8.3962,-0.185,332.2755,8.398192911573299,30.233494481663875,-5.2102,10.32909999999999,-4.4376,-3.2748,5.515125456415293,11.568772227423262,0,09_570_571_21521_ego_571,0,21521,21521,21528,vehicle_vehicle,0.31596461272486803,1.428810137342589,2.2629869699937393,12.405849920501218,15.0,3.0,3.5,0.8,8.307366495466537,29.906519383679534
9,570,21538,178,75.6567,-74.9799,54.0539,2.0884,4.7102,0.005,-0.0073,0.0032,-0.003,-0.0029,0.0083,-0.0006,0.0043,car,571,70.7328,-67.0503,7.5183,-3.7423,8.3962,-0.185,332.2755,8.398192911573299,30.233494481663875,4.923900000000003,-7.929600000000008,-7.5133,3.7350000000000003,8.39046493884576,9.333988824184447,0,09_570_571_21521_ego_571,1,21521,21521,21528,vehicle_vehicle,0.31596461272486803,1.428810137342589,2.2629869699937393,12.405849920501218,15.0,3.0,3.5,0.8,8.307366495466537,29.906519383679534
9,571,21538,142,70.7328,-67.0503,332.2755,2.0949,4.8005,7.5183,-3.7423,1.4808,2.7585,8.3962,-0.185,0.0275,-3.1307,car,571,70.7328,-67.0503,7.5183,-3.7423,8.3962,-0.185,332.2755,8.398192911573299,30.233494481663875,0.0,0.0,0.0,0.0,0.0,0.0,1,09_570_571_21521_ego_571,1,21521,21521,21528,vehicle_vehicle,0.31596461272486803,1.428810137342589,2.2629869699937393,12.405849920501218,15.0,3.0,3.5,0.8,8.307366495466537,29.906519383679534
9,574,21538,106,71.8797,-80.068,61.0434,2.1286,4.9218,-0.0086,-0.016,-0.0039,0.0057,-0.0182,0.0003,0.0031,-0.0062,car,571,70.7328,-67.0503,7.5183,-3.7423,8.3962,-0.185,332.2755,8.398192911573299,30.233494481663875,1.1469000000000023,-13.017700000000005,-7.5269,3.7263,8.398781774757575,13.068125072098145,0,09_570_571_21521_ego_571,0,21521,21521,21528,vehicle_vehicle,0.31596461272486803,1.428810137342589,2.2629869699937393,12.405849920501218,15.0,3.0,3.5,0.8,8.307366495466537,29.906519383679534
9,568,21539,316,85.4298,-66.9287,9.3355,2.0523,4.4999,8.7705,1.6211,-0.4987,2.8285,8.9173,-0.1769,-0.0333,-2.872,car,571,71.0384,-67.1944,7.581,-3.6266,8.4019,-0.178,333.2209,8.403796080343692,30.253665889237293,14.391400000000004,0.2656999999999954,1.1894999999999998,5.2477,5.380823871862003,14.393852522865451,0,09_570_571_21521_ego_571,0,21521,21521,21528,vehicle_vehicle,0.31596461272486803,1.428810137342589,2.2629869699937393,12.405849920501218,15.0,3.0,3.5,0.8,8.307366495466537,29.906519383679534
9,569,21539,235,65.6496,-57.0003,293.2669,1.8992,3.847,3.1901,-6.9537,2.6941,1.5639,7.6483,-0.1839,-0.3725,-3.0927,car,571,71.0384,-67.1944,7.581,-3.6266,8.4019,-0.178,333.2209,8.403796080343692,30.253665889237293,-5.388799999999989,10.194099999999999,-4.3909,-3.3271000000000006,5.509046852224077,11.530777955107794,0,09_570_571_21521_ego_571,0,21521,21521,21528,vehicle_vehicle,0.31596461272486803,1.428810137342589,2.2629869699937393,12.405849920501218,15.0,3.0,3.5,0.8,8.307366495466537,29.906519383679534
9,570,21539,179,75.6567,-74.9798,54.0646,2.0884,4.7102,0.0047,-0.0069,0.0033,-0.0022,-0.0028,0.0079,0.0001,0.004,car,571,71.0384,-67.1944,7.581,-3.6266,8.4019,-0.178,333.2209,8.403796080343692,30.253665889237293,4.618300000000005,-7.785399999999996,-7.576300000000001,3.6197,8.396579647689887,9.052134999545686,0,09_570_571_21521_ego_571,1,21521,21521,21528,vehicle_vehicle,0.31596461272486803,1.428810137342589,2.2629869699937393,12.405849920501218,15.0,3.0,3.5,0.8,8.307366495466537,29.906519383679534
9,571,21539,143,71.0384,-67.1944,333.2209,2.0949,4.8005,7.581,-3.6266,1.4324,2.7755,8.4019,-0.178,0.0283,-3.1232,car,571,71.0384,-67.1944,7.581,-3.6266,8.4019,-0.178,333.2209,8.403796080343692,30.253665889237293,0.0,0.0,0.0,0.0,0.0,0.0,1,09_570_571_21521_ego_571,1,21521,21521,21528,vehicle_vehicle,0.31596461272486803,1.428810137342589,2.2629869699937393,12.405849920501218,15.0,3.0,3.5,0.8,8.307366495466537,29.906519383679534
9,574,21539,107,71.8804,-80.0691,61.0388,2.1286,4.9218,-0.0093,-0.0146,-0.0038,0.0098,-0.0173,-0.0011,0.0067,-0.008,car,571,71.0384,-67.1944,7.581,-3.6266,8.4019,-0.178,333.2209,8.403796080343692,30.253665889237293,0.8419999999999987,-12.874700000000004,-7.5903,3.6119999999999997,8.405902574381884,12.902203846242708,0,09_570_571_21521_ego_571,0,21521,21521,21528,vehicle_vehicle,0.31596461272486803,1.428810137342589,2.2629869699937393,12.405849920501218,15.0,3.0,3.5,0.8,8.307366495466537,29.906519383679534
9,568,21540,317,85.7812,-66.8638,10.1349,2.0523,4.4999,8.7455,1.7403,-0.5393,2.7884,8.9152,-0.1743,-0.0402,-2.8398,car,571,71.3459,-67.334,7.6404,-3.5115,8.4069,-0.1739,334.1321,8.40870646473047,30.271343273029693,14.435299999999998,0.4702000000000055,1.1051000000000002,5.251799999999999,5.366809969618823,14.442955865403729,0,09_570_571_21521_ego_571,0,21521,21521,21528,vehicle_vehicle,0.31596461272486803,1.428810137342589,2.2629869699937393,12.405849920501218,15.0,3.0,3.5,0.8,8.307366495466537,29.906519383679534
9,569,21540,236,65.7807,-57.2767,294.1193,1.8992,3.847,3.2976,-6.8887,2.6566,1.6054,7.6348,-0.1947,-0.3797,-3.0807,car,571,71.3459,-67.334,7.6404,-3.5115,8.4069,-0.1739,334.1321,8.40870646473047,30.271343273029693,-5.565200000000004,10.057300000000005,-4.3427999999999995,-3.3772,5.50139906569229,11.494378379451415,0,09_570_571_21521_ego_571,0,21521,21521,21528,vehicle_vehicle,0.31596461272486803,1.428810137342589,2.2629869699937393,12.405849920501218,15.0,3.0,3.5,0.8,8.307366495466537,29.906519383679534
9,570,21540,180,75.6564,-74.9793,54.0746,2.0884,4.7102,0.0046,-0.0068,0.0037,-0.0018,-0.0028,0.0077,0.0007,0.0041,car,571,71.3459,-67.334,7.6404,-3.5115,8.4069,-0.1739,334.1321,8.40870646473047,30.271343273029693,4.310500000000005,-7.645299999999992,-7.6358,3.5046999999999997,8.401688147628427,8.776731871260504,0,09_570_571_21521_ego_571,1,21521,21521,21528,vehicle_vehicle,0.31596461272486803,1.428810137342589,2.2629869699937393,12.405849920501218,15.0,3.0,3.5,0.8,8.307366495466537,29.906519383679534
9,571,21540,144,71.3459,-67.334,334.1321,2.0949,4.8005,7.6404,-3.5115,1.3813,2.7877,8.4069,-0.1739,0.0266,-3.111,car,571,71.3459,-67.334,7.6404,-3.5115,8.4069,-0.1739,334.1321,8.40870646473047,30.271343273029693,0.0,0.0,0.0,0.0,0.0,0.0,1,09_570_571_21521_ego_571,1,21521,21521,21528,vehicle_vehicle,0.31596461272486803,1.428810137342589,2.2629869699937393,12.405849920501218,15.0,3.0,3.5,0.8,8.307366495466537,29.906519383679534
9,574,21540,108,71.8807,-80.0698,61.0454,2.1286,4.9218,-0.0104,-0.013,-0.0029,0.0126,-0.0164,-0.0028,0.0096,-0.0087,car,571,71.3459,-67.334,7.6404,-3.5115,8.4069,-0.1739,334.1321,8.40870646473047,30.271343273029693,0.5348000000000042,-12.735799999999998,-7.650799999999999,3.4985,8.412742887429758,12.747023679275093,0,09_570_571_21521_ego_571,0,21521,21521,21528,vehicle_vehicle,0.31596461272486803,1.428810137342589,2.2629869699937393,12.405849920501218,15.0,3.0,3.5,0.8,8.307366495466537,29.906519383679534
9,568,21541,318,86.1312,-66.7936,10.9102,2.0523,4.4999,8.7186,1.8587,-0.5746,2.7417,8.9128,-0.1749,-0.0453,-2.8009,car,571,71.6559,-67.4682,7.6964,-3.3975,8.4112,-0.1694,335.0279,8.412941174761654,30.286588229141955,14.475300000000004,0.6745999999999981,1.0222000000000007,5.2562,5.354673779045742,14.491010842932944,0,09_570_571_21521_ego_571,0,21521,21521,21528,vehicle_vehicle,0.31596461272486803,1.428810137342589,2.2629869699937393,12.405849920501218,15.0,3.0,3.5,0.8,8.307366495466537,29.906519383679534
9,569,21541,237,65.9155,-57.5507,294.9508,1.8992,3.847,3.4032,-6.8222,2.6197,1.6446,7.6211,-0.2077,-0.386,-3.0689,car,571,71.6559,-67.4682,7.6964,-3.3975,8.4112,-0.1694,335.0279,8.412941174761654,30.286588229141955,-5.740400000000008,9.917499999999997,-4.2932,-3.4246999999999996,5.491824499198786,11.459013849804006,0,09_570_571_21521_ego_571,0,21521,21521,21528,vehicle_vehicle,0.31596461272486803,1.428810137342589,2.2629869699937393,12.405849920501218,15.0,3.0,3.5,0.8,8.307366495466537,29.906519383679534
9,570,21541,181,75.6559,-74.9788,54.081,2.0884,4.7102,0.0047,-0.007,0.0043,-0.0014,-0.0029,0.008,0.0014,0.0043,car,571,71.6559,-67.4682,7.6964,-3.3975,8.4112,-0.1694,335.0279,8.412941174761654,30.286588229141955,4.0,-7.510600000000011,-7.6917,3.3905,8.405815792652133,8.509354403243536,0,09_570_571_21521_ego_571,1,21521,21521,21528,vehicle_vehicle,0.31596461272486803,1.428810137342589,2.2629869699937393,12.405849920501218,15.0,3.0,3.5,0.8,8.307366495466537,29.906519383679534
9,571,21541,145,71.6559,-67.4682,335.0279,2.0949,4.8005,7.6964,-3.3975,1.3286,2.7966,8.4112,-0.1694,0.0238,-3.0961,car,571,71.6559,-67.4682,7.6964,-3.3975,8.4112,-0.1694,335.0279,8.412941174761654,30.286588229141955,0.0,0.0,0.0,0.0,0.0,0.0,1,09_570_571_21521_ego_571,1,21521,21521,21528,vehicle_vehicle,0.31596461272486803,1.428810137342589,2.2629869699937393,12.405849920501218,15.0,3.0,3.5,0.8,8.307366495466537,29.906519383679534
9,574,21541,109,71.8803,-80.07,61.0523,2.1286,4.9218,-0.0114,-0.0114,-0.0012,0.0143,-0.0155,-0.0045,0.0119,-0.0079,car,571,71.6559,-67.4682,7.6964,-3.3975,8.4112,-0.1694,335.0279,8.412941174761654,30.286588229141955,0.22440000000000282,-12.601799999999997,-7.7078,3.3861,8.418779843302708,12.603797784794864,0,09_570_571_21521_ego_571,0,21521,21521,21528,vehicle_vehicle,0.31596461272486803,1.428810137342589,2.2629869699937393,12.405849920501218,15.0,3.0,3.5,0.8,8.307366495466537,29.906519383679534
9,568,21542,319,86.4805,-66.7188,11.6873,2.0523,4.4999,8.6898,1.9759,-0.6044,2.6879,8.9099,-0.1746,-0.0474,-2.7546,car,571,71.9672,-67.5981,7.7494,-3.2846,8.415,-0.1721,335.8583,8.416756947898639,30.300325012435103,14.513300000000001,0.8793000000000006,0.9404000000000003,5.2605,5.343894872656086,14.539912151729116,0,09_570_571_21521_ego_571,0,21521,21521,21528,vehicle_vehicle,0.31596461272486803,1.428810137342589,2.2629869699937393,12.405849920501218,15.0,3.0,3.5,0.8,8.307366495466537,29.906519383679534
9,569,21542,238,66.0542,-57.8221,295.7545,1.8992,3.847,3.5071,-6.7542,2.5835,1.6814,7.6071,-0.2239,-0.3918,-3.0575,car,571,71.9672,-67.5981,7.7494,-3.2846,8.415,-0.1721,335.8583,8.416756947898639,30.300325012435103,-5.913000000000011,9.776000000000003,-4.2423,-3.4696,5.480440990467829,11.425136541853677,0,09_570_571_21521_ego_571,0,21521,21521,21528,vehicle_vehicle,0.31596461272486803,1.428810137342589,2.2629869699937393,12.405849920501218,15.0,3.0,3.5,0.8,8.307366495466537,29.906519383679534
9,570,21542,182,75.6556,-74.9784,54.0873,2.0884,4.7102,0.0051,-0.0075,0.0047,-0.0007,-0.003,0.0085,0.0022,0.0042,car,571,71.9672,-67.5981,7.7494,-3.2846,8.415,-0.1721,335.8583,8.416756947898639,30.300325012435103,3.6884000000000015,-7.380299999999991,-7.7443,3.2771000000000003,8.409135918749323,8.25064377185198,0,09_570_571_21521_ego_571,1,21521,21521,21528,vehicle_vehicle,0.31596461272486803,1.428810137342589,2.2629869699937393,12.405849920501218,15.0,3.0,3.5,0.8,8.307366495466537,29.906519383679534
9,571,21542,146,71.9672,-67.5981,335.8583,2.0949,4.8005,7.7494,-3.2846,1.2757,2.8038,8.415,-0.1721,0.0174,-3.0803,car,571,71.9672,-67.5981,7.7494,-3.2846,8.415,-0.1721,335.8583,8.416756947898639,30.300325012435103,0.0,0.0,0.0,0.0,0.0,0.0,1,09_570_571_21521_ego_571,1,21521,21521,21528,vehicle_vehicle,0.31596461272486803,1.428810137342589,2.2629869699937393,12.405849920501218,15.0,3.0,3.5,0.8,8.307366495466537,29.906519383679534
9,574,21542,110,71.8799,-80.07,61.0595,2.1286,4.9218,-0.0123,-0.0098,0.0015,0.0149,-0.0146,-0.006,0.0138,-0.0059,car,571,71.9672,-67.5981,7.7494,-3.2846,8.415,-0.1721,335.8583,8.416756947898639,30.300325012435103,-0.08729999999999905,-12.47189999999999,-7.761699999999999,3.2748000000000004,8.424268628789088,12.472205534707957,0,09_570_571_21521_ego_571,0,21521,21521,21528,vehicle_vehicle,0.31596461272486803,1.428810137342589,2.2629869699937393,12.405849920501218,15.0,3.0,3.5,0.8,8.307366495466537,29.906519383679534
9,568,21543,320,86.8282,-66.6393,12.4712,2.0523,4.4999,8.6597,2.0915,-0.6284,2.6263,8.9071,-0.1721,-0.0464,-2.7,car,571,72.2799,-67.7242,7.7997,-3.1727,8.4182,-0.1878,336.5866,8.420293663525044,30.31305718869016,14.548299999999998,1.0848999999999904,0.8600000000000012,5.2642,5.333985530539055,14.588695654512774,0,09_570_571_21521_ego_571,0,21521,21521,21528,vehicle_vehicle,0.31596461272486803,1.428810137342589,2.2629869699937393,12.405849920501218,15.0,3.0,3.5,0.8,8.307366495466537,29.906519383679534
9,569,21543,239,66.1972,-58.0904,296.534,1.8992,3.847,3.6093,-6.6849,2.5483,1.7162,7.5931,-0.2428,-0.397,-3.0466,car,571,72.2799,-67.7242,7.7997,-3.1727,8.4182,-0.1878,336.5866,8.420293663525044,30.31305718869016,-6.082700000000003,9.633799999999994,-4.1903999999999995,-3.5122,5.467632120031485,11.393390264973807,0,09_570_571_21521_ego_571,0,21521,21521,21528,vehicle_vehicle,0.31596461272486803,1.428810137342589,2.2629869699937393,12.405849920501218,15.0,3.0,3.5,0.8,8.307366495466537,29.906519383679534
9,570,21543,183,75.6557,-74.9783,54.0956,2.0884,4.7102,0.0056,-0.0081,0.0049,0.0005,-0.0033,0.0093,0.0033,0.0037,car,571,72.2799,-67.7242,7.7997,-3.1727,8.4182,-0.1878,336.5866,8.420293663525044,30.31305718869016,3.375799999999998,-7.254100000000008,-7.794099999999999,3.1645999999999996,8.412056108348303,8.001124449100896,0,09_570_571_21521_ego_571,1,21521,21521,21528,vehicle_vehicle,0.31596461272486803,1.428810137342589,2.2629869699937393,12.405849920501218,15.0,3.0,3.5,0.8,8.307366495466537,29.906519383679534
9,571,21543,147,72.2799,-67.7242,336.5866,2.0949,4.8005,7.7997,-3.1727,1.2232,2.8106,8.4182,-0.1878,0.0056,-3.0653,car,571,72.2799,-67.7242,7.7997,-3.1727,8.4182,-0.1878,336.5866,8.420293663525044,30.31305718869016,0.0,0.0,0.0,0.0,0.0,0.0,1,09_570_571_21521_ego_571,1,21521,21521,21528,vehicle_vehicle,0.31596461272486803,1.428810137342589,2.2629869699937393,12.405849920501218,15.0,3.0,3.5,0.8,8.307366495466537,29.906519383679534
9,574,21543,111,71.8794,-80.0701,61.067,2.1286,4.9218,-0.0132,-0.0084,0.005,0.0147,-0.0137,-0.0075,0.0153,-0.0027,car,571,72.2799,-67.7242,7.7997,-3.1727,8.4182,-0.1878,336.5866,8.420293663525044,30.31305718869016,-0.40049999999999386,-12.3459,-7.8129,3.1643,8.42936539129726,12.352394385705146,0,09_570_571_21521_ego_571,0,21521,21521,21528,vehicle_vehicle,0.31596461272486803,1.428810137342589,2.2629869699937393,12.405849920501218,15.0,3.0,3.5,0.8,8.307366495466537,29.906519383679534
9,568,21544,321,87.1744,-66.5547,13.2512,2.0523,4.4999,8.6285,2.2052,-0.6463,2.5562,8.9042,-0.1687,-0.0431,-2.6363,car,571,72.5939,-67.8464,7.8474,-3.0615,8.4208,-0.2108,337.254,8.423447572698485,30.32441126171455,14.5805,1.2917000000000058,0.7811000000000003,5.2667,5.324307100459176,14.637604624391248,0,09_570_571_21521_ego_571,0,21521,21521,21528,vehicle_vehicle,0.31596461272486803,1.428810137342589,2.2629869699937393,12.405849920501218,15.0,3.0,3.5,0.8,8.307366495466537,29.906519383679534
9,569,21544,240,66.3443,-58.3558,297.3105,1.8992,3.847,3.7098,-6.6145,2.5144,1.749,7.5793,-0.2615,-0.4004,-3.0366,car,571,72.5939,-67.8464,7.8474,-3.0615,8.4208,-0.2108,337.254,8.423447572698485,30.32441126171455,-6.249600000000001,9.4906,-4.137600000000001,-3.5529999999999995,5.453764090974233,11.363493675802351,0,09_570_571_21521_ego_571,0,21521,21521,21528,vehicle_vehicle,0.31596461272486803,1.428810137342589,2.2629869699937393,12.405849920501218,15.0,3.0,3.5,0.8,8.307366495466537,29.906519383679534
9,570,21544,184,75.6558,-74.9786,54.103,2.0884,4.7102,0.0061,-0.0086,0.0048,0.0022,-0.0034,0.01,0.0046,0.0025,car,571,72.5939,-67.8464,7.8474,-3.0615,8.4208,-0.2108,337.254,8.423447572698485,30.32441126171455,3.0618999999999943,-7.132199999999997,-7.8413,3.0529,8.41464105592152,7.761669179371144,0,09_570_571_21521_ego_571,1,21521,21521,21528,vehicle_vehicle,0.31596461272486803,1.428810137342589,2.2629869699937393,12.405849920501218,15.0,3.0,3.5,0.8,8.307366495466537,29.906519383679534
9,571,21544,148,72.5939,-67.8464,337.254,2.0949,4.8005,7.8474,-3.0615,1.1717,2.8182,8.4208,-0.2108,-0.009,-3.0521,car,571,72.5939,-67.8464,7.8474,-3.0615,8.4208,-0.2108,337.254,8.423447572698485,30.32441126171455,0.0,0.0,0.0,0.0,0.0,0.0,1,09_570_571_21521_ego_571,1,21521,21521,21528,vehicle_vehicle,0.31596461272486803,1.428810137342589,2.2629869699937393,12.405849920501218,15.0,3.0,3.5,0.8,8.307366495466537,29.906519383679534
9,574,21544,112,71.878,-80.0696,61.0711,2.1286,4.9218,-0.0135,-0.0073,0.0093,0.0138,-0.013,-0.0083,0.0166,0.0015,car,571,72.5939,-67.8464,7.8474,-3.0615,8.4208,-0.2108,337.254,8.423447572698485,30.32441126171455,-0.7159000000000049,-12.223199999999991,-7.8609,3.0542000000000002,8.433379301916878,12.244146807760833,0,09_570_571_21521_ego_571,0,21521,21521,21528,vehicle_vehicle,0.31596461272486803,1.428810137342589,2.2629869699937393,12.405849920501218,15.0,3.0,3.5,0.8,8.307366495466537,29.906519383679534
9,568,21545,322,87.5195,-66.4646,14.0513,2.0523,4.4999,8.5964,2.3162,-0.658,2.4775,8.9015,-0.1598,-0.0368,-2.5631,car,571,72.9094,-67.9656,7.8927,-2.9504,8.4227,-0.2413,337.863,8.426124462052528,30.3340480633891,14.610099999999989,1.5009999999999906,0.7036999999999995,5.2666,5.313404675911671,14.687001838700764,0,09_570_571_21521_ego_571,0,21521,21521,21528,vehicle_vehicle,0.31596461272486803,1.428810137342589,2.2629869699937393,12.405849920501218,15.0,3.0,3.5,0.8,8.307366495466537,29.906519383679534
9,569,21545,241,66.4956,-58.6189,298.0954,1.8992,3.847,3.8087,-6.5428,2.4821,1.7801,7.5655,-0.2786,-0.4014,-3.0279,car,571,72.9094,-67.9656,7.8927,-2.9504,8.4227,-0.2413,337.863,8.426124462052528,30.3340480633891,-6.413800000000009,9.346699999999998,-4.084,-3.5923999999999996,5.439153772417176,11.335679570718293,0,09_570_571_21521_ego_571,0,21521,21521,21528,vehicle_vehicle,0.31596461272486803,1.428810137342589,2.2629869699937393,12.405849920501218,15.0,3.0,3.5,0.8,8.307366495466537,29.906519383679534
9,570,21545,185,75.6557,-74.9792,54.1039,2.0884,4.7102,0.0068,-0.009,0.0043,0.0045,-0.0033,0.0108,0.0062,0.0008,car,571,72.9094,-67.9656,7.8927,-2.9504,8.4227,-0.2413,337.863,8.426124462052528,30.3340480633891,2.746299999999991,-7.013600000000011,-7.8858999999999995,2.9414000000000002,8.416605774895245,7.532114487313645,0,09_570_571_21521_ego_571,1,21521,21521,21528,vehicle_vehicle,0.31596461272486803,1.428810137342589,2.2629869699937393,12.405849920501218,15.0,3.0,3.5,0.8,8.307366495466537,29.906519383679534
9,571,21545,149,72.9094,-67.9656,337.863,2.0949,4.8005,7.8927,-2.9504,1.1217,2.8272,8.4227,-0.2413,-0.0264,-3.0414,car,571,72.9094,-67.9656,7.8927,-2.9504,8.4227,-0.2413,337.863,8.426124462052528,30.3340480633891,0.0,0.0,0.0,0.0,0.0,0.0,1,09_570_571_21521_ego_571,1,21521,21521,21528,vehicle_vehicle,0.31596461272486803,1.428810137342589,2.2629869699937393,12.405849920501218,15.0,3.0,3.5,0.8,8.307366495466537,29.906519383679534
9,574,21545,113,71.8762,-80.0687,61.0686,2.1286,4.9218,-0.0132,-0.0068,0.0139,0.0126,-0.0123,-0.0083,0.0178,0.0061,car,571,72.9094,-67.9656,7.8927,-2.9504,8.4227,-0.2413,337.863,8.426124462052528,30.3340480633891,-1.033200000000008,-12.103100000000012,-7.9059,2.9436,8.436114968988983,12.147120311003768,0,09_570_571_21521_ego_571,0,21521,21521,21528,vehicle_vehicle,0.31596461272486803,1.428810137342589,2.2629869699937393,12.405849920501218,15.0,3.0,3.5,0.8,8.307366495466537,29.906519383679534
9,568,21546,323,87.863,-66.3691,14.8359,2.0523,4.4999,8.5637,2.4237,-0.6635,2.3902,8.8988,-0.1501,-0.0293,-2.4804,car,571,73.2257,-68.0814,7.9362,-2.8389,8.4242,-0.2748,338.4483,8.428678641993656,30.343243111177163,14.637299999999996,1.712299999999999,0.6275000000000004,5.262600000000001,5.299878773141892,14.737113780520252,0,09_570_571_21521_ego_571,0,21521,21521,21528,vehicle_vehicle,0.31596461272486803,1.428810137342589,2.2629869699937393,12.405849920501218,15.0,3.0,3.5,0.8,8.307366495466537,29.906519383679534
9,569,21546,242,66.6503,-58.879,298.8912,1.8992,3.847,3.9061,-6.4699,2.4515,1.8094,7.5518,-0.294,-0.3998,-3.0206,car,571,73.2257,-68.0814,7.9362,-2.8389,8.4242,-0.2748,338.4483,8.428678641993656,30.343243111177163,-6.575400000000002,9.202400000000004,-4.030100000000001,-3.631,5.424561457850764,11.310174663549635,0,09_570_571_21521_ego_571,0,21521,21521,21528,vehicle_vehicle,0.31596461272486803,1.428810137342589,2.2629869699937393,12.405849920501218,15.0,3.0,3.5,0.8,8.307366495466537,29.906519383679534
9,570,21546,186,75.6555,-74.9801,54.1062,2.0884,4.7102,0.0076,-0.0091,0.0032,0.0071,-0.0029,0.0115,0.0077,-0.0016,car,571,73.2257,-68.0814,7.9362,-2.8389,8.4242,-0.2748,338.4483,8.428678641993656,30.343243111177163,2.4298,-6.898699999999991,-7.9286,2.8298,8.418459835385567,7.314095277612938,0,09_570_571_21521_ego_571,1,21521,21521,21528,vehicle_vehicle,0.31596461272486803,1.428810137342589,2.2629869699937393,12.405849920501218,15.0,3.0,3.5,0.8,8.307366495466537,29.906519383679534
9,571,21546,150,73.2257,-68.0814,338.4483,2.0949,4.8005,7.9362,-2.8389,1.073,2.8377,8.4242,-0.2748,-0.0444,-3.0335,car,571,73.2257,-68.0814,7.9362,-2.8389,8.4242,-0.2748,338.4483,8.428678641993656,30.343243111177163,0.0,0.0,0.0,0.0,0.0,0.0,1,09_570_571_21521_ego_571,1,21521,21521,21528,vehicle_vehicle,0.31596461272486803,1.428810137342589,2.2629869699937393,12.405849920501218,15.0,3.0,3.5,0.8,8.307366495466537,29.906519383679534
9,574,21546,114,71.8746,-80.0686,61.0609,2.1286,4.9218,-0.0123,-0.0064,0.0183,0.0115,-0.0115,-0.0077,0.0189,0.0105,car,571,73.2257,-68.0814,7.9362,-2.8389,8.4242,-0.2748,338.4483,8.428678641993656,30.343243111177163,-1.3511000000000024,-11.987200000000001,-7.9485,2.8325,8.4381104816185,12.063102215019155,0,09_570_571_21521_ego_571,0,21521,21521,21528,vehicle_vehicle,0.31596461272486803,1.428810137342589,2.2629869699937393,12.405849920501218,15.0,3.0,3.5,0.8,8.307366495466537,29.906519383679534
9,568,21547,324,88.205,-66.269,15.6066,2.0523,4.4999,8.5308,2.5271,-0.6626,2.2948,8.8962,-0.1389,-0.0208,-2.3885,car,571,73.5433,-68.1929,7.978,-2.7269,8.4255,-0.3083,339.0337,8.431160513832006,30.352177849795225,14.661699999999996,1.923899999999989,0.5527999999999995,5.254,5.283001404504829,14.787387805153413,0,09_570_571_21521_ego_571,0,21521,21521,21528,vehicle_vehicle,0.31596461272486803,1.428810137342589,2.2629869699937393,12.405849920501218,15.0,3.0,3.5,0.8,8.307366495466537,29.906519383679534
9,569,21547,243,66.8091,-59.1367,299.6848,1.8992,3.847,4.002,-6.3957,2.423,1.837,7.5382,-0.3095,-0.396,-3.0147,car,571,73.5433,-68.1929,7.978,-2.7269,8.4255,-0.3083,339.0337,8.431160513832006,30.352177849795225,-6.734200000000001,9.056199999999997,-3.976,-3.6687999999999996,5.410052628209821,11.285575221494026,0,09_570_571_21521_ego_571,0,21521,21521,21528,vehicle_vehicle,0.31596461272486803,1.428810137342589,2.2629869699937393,12.405849920501218,15.0,3.0,3.5,0.8,8.307366495466537,29.906519383679534
9,570,21547,187,75.6553,-74.9809,54.1012,2.0884,4.7102,0.0086,-0.0089,0.0014,0.0099,-0.0022,0.0121,0.0089,-0.0047,car,571,73.5433,-68.1929,7.978,-2.7269,8.4255,-0.3083,339.0337,8.431160513832006,30.352177849795225,2.1119999999999948,-6.788000000000011,-7.969399999999999,2.718,8.420146100870221,7.108972358927844,0,09_570_571_21521_ego_571,1,21521,21521,21528,vehicle_vehicle,0.31596461272486803,1.428810137342589,2.2629869699937393,12.405849920501218,15.0,3.0,3.5,0.8,8.307366495466537,29.906519383679534
9,571,21547,151,73.5433,-68.1929,339.0337,2.0949,4.8005,7.978,-2.7269,1.0256,2.8499,8.4255,-0.3083,-0.062,-3.0282,car,571,73.5433,-68.1929,7.978,-2.7269,8.4255,-0.3083,339.0337,8.431160513832006,30.352177849795225,0.0,0.0,0.0,0.0,0.0,0.0,1,09_570_571_21521_ego_571,1,21521,21521,21528,vehicle_vehicle,0.31596461272486803,1.428810137342589,2.2629869699937393,12.405849920501218,15.0,3.0,3.5,0.8,8.307366495466537,29.906519383679534
9,574,21547,115,71.8735,-80.0687,61.0469,2.1286,4.9218,-0.0109,-0.0061,0.0223,0.0106,-0.0106,-0.0066,0.02,0.0144,car,571,73.5433,-68.1929,7.978,-2.7269,8.4255,-0.3083,339.0337,8.431160513832006,30.352177849795225,-1.669799999999995,-11.875800000000012,-7.9889,2.7208,8.439506848744186,11.992616798680773,0,09_570_571_21521_ego_571,0,21521,21521,21528,vehicle_vehicle,0.31596461272486803,1.428810137342589,2.2629869699937393,12.405849920501218,15.0,3.0,3.5,0.8,8.307366495466537,29.906519383679534
9,568,21548,325,88.5458,-66.1644,16.3561,2.0523,4.4999,8.4979,2.6261,-0.6553,2.1919,8.8935,-0.1268,-0.0115,-2.2878,car,571,73.8628,-68.3001,8.0181,-2.6143,8.4271,-0.3303,339.6968,8.433533784837765,30.360721625415955,14.683000000000007,2.1357,0.4797999999999991,5.2404,5.262318899496685,14.83751001650884,0,09_570_571_21521_ego_571,0,21521,21521,21528,vehicle_vehicle,0.31596461272486803,1.428810137342589,2.2629869699937393,12.405849920501218,15.0,3.0,3.5,0.8,8.307366495466537,29.906519383679534
9,569,21548,244,66.9706,-59.3915,300.4941,1.8992,3.847,4.097,-6.3202,2.3965,1.8627,7.525,-0.3231,-0.3889,-3.0102,car,571,73.8628,-68.3001,8.0181,-2.6143,8.4271,-0.3303,339.6968,8.433533784837765,30.360721625415955,-6.892199999999988,8.9086,-3.9211,-3.7058999999999997,5.395249764376066,11.263461936722644,0,09_570_571_21521_ego_571,0,21521,21521,21528,vehicle_vehicle,0.31596461272486803,1.428810137342589,2.2629869699937393,12.405849920501218,15.0,3.0,3.5,0.8,8.307366495466537,29.906519383679534
9,570,21548,188,75.6555,-74.9815,54.0946,2.0884,4.7102,0.0095,-0.0085,-0.0013,0.0128,-0.0013,0.0127,0.0096,-0.0086,car,571,73.8628,-68.3001,8.0181,-2.6143,8.4271,-0.3303,339.6968,8.433533784837765,30.360721625415955,1.7927000000000106,-6.6813999999999965,-8.008600000000001,2.6058,8.421868415025255,6.917722114251193,0,09_570_571_21521_ego_571,1,21521,21521,21528,vehicle_vehicle,0.31596461272486803,1.428810137342589,2.2629869699937393,12.405849920501218,15.0,3.0,3.5,0.8,8.307366495466537,29.906519383679534
9,571,21548,152,73.8628,-68.3001,339.6968,2.0949,4.8005,8.0181,-2.6143,0.9793,2.8635,8.4271,-0.3303,-0.0752,-3.0254,car,571,73.8628,-68.3001,8.0181,-2.6143,8.4271,-0.3303,339.6968,8.433533784837765,30.360721625415955,0.0,0.0,0.0,0.0,0.0,0.0,1,09_570_571_21521_ego_571,1,21521,21521,21528,vehicle_vehicle,0.31596461272486803,1.428810137342589,2.2629869699937393,12.405849920501218,15.0,3.0,3.5,0.8,8.307366495466537,29.906519383679534
9,574,21548,116,71.8725,-80.0688,61.0284,2.1286,4.9218,-0.0092,-0.0059,0.0254,0.0098,-0.0096,-0.0051,0.0209,0.0175,car,571,73.8628,-68.3001,8.0181,-2.6143,8.4271,-0.3303,339.6968,8.433533784837765,30.360721625415955,-1.9902999999999906,-11.768699999999995,-8.0273,2.6084,8.440455902971118,11.935811400152058,0,09_570_571_21521_ego_571,0,21521,21521,21528,vehicle_vehicle,0.31596461272486803,1.428810137342589,2.2629869699937393,12.405849920501218,15.0,3.0,3.5,0.8,8.307366495466537,29.906519383679534
9,568,21549,326,88.8852,-66.0559,17.0853,2.0523,4.4999,8.4653,2.7203,-0.6417,2.0821,8.891,-0.1132,-0.0016,-2.1788,car,571,74.1838,-68.4034,8.0565,-2.5007,8.4288,-0.3424,340.4299,8.435679743802512,30.36844707768904,14.701399999999992,2.347500000000011,0.4087999999999994,5.221,5.236979896848946,14.887643138186776,0,09_570_571_21521_ego_571,0,21521,21521,21528,vehicle_vehicle,0.31596461272486803,1.428810137342589,2.2629869699937393,12.405849920501218,15.0,3.0,3.5,0.8,8.307366495466537,29.906519383679534
9,569,21549,245,67.136,-59.6434,301.3226,1.8992,3.847,4.1911,-6.2435,2.3718,1.8862,7.5122,-0.3345,-0.3783,-3.0067,car,571,74.1838,-68.4034,8.0565,-2.5007,8.4288,-0.3424,340.4299,8.435679743802512,30.36844707768904,-7.047800000000009,8.760000000000005,-3.8654,-3.7428,5.380508247368458,11.243179480911982,0,09_570_571_21521_ego_571,0,21521,21521,21528,vehicle_vehicle,0.31596461272486803,1.428810137342589,2.2629869699937393,12.405849920501218,15.0,3.0,3.5,0.8,8.307366495466537,29.906519383679534
9,570,21549,189,75.6559,-74.9821,54.0859,2.0884,4.7102,0.0104,-0.0078,-0.0049,0.0155,-0.0002,0.013,0.0097,-0.0131,car,571,74.1838,-68.4034,8.0565,-2.5007,8.4288,-0.3424,340.4299,8.435679743802512,30.36844707768904,1.4720999999999975,-6.578699999999998,-8.0461,2.4929,8.423436093424108,6.74139244518519,0,09_570_571_21521_ego_571,1,21521,21521,21528,vehicle_vehicle,0.31596461272486803,1.428810137342589,2.2629869699937393,12.405849920501218,15.0,3.0,3.5,0.8,8.307366495466537,29.906519383679534
9,571,21549,153,74.1838,-68.4034,340.4299,2.0949,4.8005,8.0565,-2.5007,0.9337,2.8782,8.4288,-0.3424,-0.0843,-3.0247,car,571,74.1838,-68.4034,8.0565,-2.5007,8.4288,-0.3424,340.4299,8.435679743802512,30.36844707768904,0.0,0.0,0.0,0.0,0.0,0.0,1,09_570_571_21521_ego_571,1,21521,21521,21528,vehicle_vehicle,0.31596461272486803,1.428810137342589,2.2629869699937393,12.405849920501218,15.0,3.0,3.5,0.8,8.307366495466537,29.906519383679534
9,574,21549,117,71.8719,-80.0688,61.0157,2.1286,4.9218,-0.0071,-0.0058,0.0277,0.0093,-0.0086,-0.0034,0.0216,0.0197,car,571,74.1838,-68.4034,8.0565,-2.5007,8.4288,-0.3424,340.4299,8.435679743802512,30.36844707768904,-2.3119000000000085,-11.665399999999991,-8.0636,2.4949000000000003,8.440744692857377,11.892284842283246,0,09_570_571_21521_ego_571,0,21521,21521,21528,vehicle_vehicle,0.31596461272486803,1.428810137342589,2.2629869699937393,12.405849920501218,15.0,3.0,3.5,0.8,8.307366495466537,29.906519383679534
9,568,21550,327,89.2226,-65.9434,17.7788,2.0523,4.4999,8.4336,2.8093,-0.6218,1.9662,8.8886,-0.1,0.0083,-2.0622,car,571,74.5071,-68.5025,8.0931,-2.386,8.4302,-0.3493,341.2012,8.437491547255025,30.37496957011809,14.715500000000006,2.559100000000001,0.34050000000000047,5.1953,5.2064462294351985,14.936362778802616,0,09_570_571_21521_ego_571,0,21521,21521,21528,vehicle_vehicle,0.31596461272486803,1.428810137342589,2.2629869699937393,12.405849920501218,15.0,3.0,3.5,0.8,8.307366495466537,29.906519383679534
9,569,21550,246,67.3054,-59.8922,302.1695,1.8992,3.847,4.2842,-6.1656,2.3489,1.9074,7.5,-0.3438,-0.364,-3.0039,car,571,74.5071,-68.5025,8.0931,-2.386,8.4302,-0.3493,341.2012,8.437491547255025,30.37496957011809,-7.201699999999988,8.610299999999995,-3.8088999999999995,-3.7796000000000003,5.365919806519661,11.225050065812614,0,09_570_571_21521_ego_571,0,21521,21521,21528,vehicle_vehicle,0.31596461272486803,1.428810137342589,2.2629869699937393,12.405849920501218,15.0,3.0,3.5,0.8,8.307366495466537,29.906519383679534
9,570,21550,190,75.6569,-74.9828,54.0743,2.0884,4.7102,0.0108,-0.0069,-0.0093,0.0181,0.0008,0.0128,0.0092,-0.0181,car,571,74.5071,-68.5025,8.0931,-2.386,8.4302,-0.3493,341.2012,8.437491547255025,30.37496957011809,1.149799999999999,-6.4803,-8.0823,2.3791,8.425181903080787,6.581514121385746,0,09_570_571_21521_ego_571,1,21521,21521,21528,vehicle_vehicle,0.31596461272486803,1.428810137342589,2.2629869699937393,12.405849920501218,15.0,3.0,3.5,0.8,8.307366495466537,29.906519383679534
9,571,21550,154,74.5071,-68.5025,341.2012,2.0949,4.8005,8.0931,-2.386,0.889,2.8936,8.4302,-0.3493,-0.0909,-3.0257,car,571,74.5071,-68.5025,8.0931,-2.386,8.4302,-0.3493,341.2012,8.437491547255025,30.37496957011809,0.0,0.0,0.0,0.0,0.0,0.0,1,09_570_571_21521_ego_571,1,21521,21521,21528,vehicle_vehicle,0.31596461272486803,1.428810137342589,2.2629869699937393,12.405849920501218,15.0,3.0,3.5,0.8,8.307366495466537,29.906519383679534
9,574,21550,118,71.8716,-80.069,61.0025,2.1286,4.9218,-0.0051,-0.0058,0.0289,0.0092,-0.0075,-0.0016,0.022,0.0209,car,571,74.5071,-68.5025,8.0931,-2.386,8.4302,-0.3493,341.2012,8.437491547255025,30.37496957011809,-2.6354999999999933,-11.566500000000005,-8.0982,2.3802000000000003,8.440746132896074,11.8629584210685,0,09_570_571_21521_ego_571,0,21521,21521,21528,vehicle_vehicle,0.31596461272486803,1.428810137342589,2.2629869699937393,12.405849920501218,15.0,3.0,3.5,0.8,8.307366495466537,29.906519383679534
9,568,21551,328,89.5588,-65.8269,18.441,2.0523,4.4999,8.4029,2.8927,-0.5959,1.8451,8.8864,-0.0861,0.0183,-1.9389,car,571,74.8313,-68.5968,8.1279,-2.2701,8.4316,-0.3525,342.0006,8.438963942333206,30.380270192399543,14.727500000000006,2.769900000000007,0.27500000000000036,5.1628,5.170118841960985,14.98571327164644,0,09_570_571_21521_ego_571,0,21521,21521,21528,vehicle_vehicle,0.31596461272486803,1.428810137342589,2.2629869699937393,12.405849920501218,15.0,3.0,3.5,0.8,8.307366495466537,29.906519383679534
9,569,21551,247,67.4783,-60.1376,303.0288,1.8992,3.847,4.3766,-6.0867,2.3277,1.9262,7.4886,-0.3517,-0.3462,-3.0014,car,571,74.8313,-68.5968,8.1279,-2.2701,8.4316,-0.3525,342.0006,8.438963942333206,30.380270192399543,-7.352999999999994,8.459200000000003,-3.7513000000000005,-3.8166000000000007,5.351512613271131,11.208241326809482,0,09_570_571_21521_ego_571,0,21521,21521,21528,vehicle_vehicle,0.31596461272486803,1.428810137342589,2.2629869699937393,12.405849920501218,15.0,3.0,3.5,0.8,8.307366495466537,29.906519383679534
9,570,21551,191,75.658,-74.9833,54.0596,2.0884,4.7102,0.0109,-0.0058,-0.0142,0.0203,0.0017,0.0122,0.0081,-0.0234,car,571,74.8313,-68.5968,8.1279,-2.2701,8.4316,-0.3525,342.0006,8.438963942333206,30.380270192399543,0.8267000000000024,-6.386499999999998,-8.117,2.2643,8.42690592625787,6.439783780531764,0,09_570_571_21521_ego_571,1,21521,21521,21528,vehicle_vehicle,0.31596461272486803,1.428810137342589,2.2629869699937393,12.405849920501218,15.0,3.0,3.5,0.8,8.307366495466537,29.906519383679534
9,571,21551,155,74.8313,-68.5968,342.0006,2.0949,4.8005,8.1279,-2.2701,0.845,2.9092,8.4316,-0.3525,-0.0953,-3.0279,car,571,74.8313,-68.5968,8.1279,-2.2701,8.4316,-0.3525,342.0006,8.438963942333206,30.380270192399543,0.0,0.0,0.0,0.0,0.0,0.0,1,09_570_571_21521_ego_571,1,21521,21521,21528,vehicle_vehicle,0.31596461272486803,1.428810137342589,2.2629869699937393,12.405849920501218,15.0,3.0,3.5,0.8,8.307366495466537,29.906519383679534
9,574,21551,119,71.8716,-80.0691,60.9954,2.1286,4.9218,-0.003,-0.0058,0.0292,0.0094,-0.0065,0.0002,0.0224,0.021,car,571,74.8313,-68.5968,8.1279,-2.2701,8.4316,-0.3525,342.0006,8.438963942333206,30.380270192399543,-2.959699999999998,-11.472300000000004,-8.1309,2.2643,8.440295569469118,11.847931945280582,0,09_570_571_21521_ego_571,0,21521,21521,21528,vehicle_vehicle,0.31596461272486803,1.428810137342589,2.2629869699937393,12.405849920501218,15.0,3.0,3.5,0.8,8.307366495466537,29.906519383679534
9,568,21552,329,89.8939,-65.7071,19.0486,2.0523,4.4999,8.3734,2.9701,-0.5643,1.7199,8.8843,-0.0747,0.0279,-1.8099,car,571,75.157,-68.687,8.161,-2.153,8.4328,-0.3523,342.8287,8.440220968671376,30.384795487216955,14.736900000000006,2.9799000000000007,0.2124000000000006,5.1231,5.127501084348983,15.035159647306715,0,09_570_571_21521_ego_571,0,21521,21521,21528,vehicle_vehicle,0.31596461272486803,1.428810137342589,2.2629869699937393,12.405849920501218,15.0,3.0,3.5,0.8,8.307366495466537,29.906519383679534
9,569,21552,248,67.6558,-60.3798,303.9086,1.8992,3.847,4.4679,-6.0069,2.3081,1.9422,7.4779,-0.357,-0.3243,-2.9991,car,571,75.157,-68.687,8.161,-2.153,8.4328,-0.3523,342.8287,8.440220968671376,30.384795487216955,-7.501199999999997,8.307199999999995,-3.6930999999999994,-3.8539,5.3377460430410135,11.1927464583095,0,09_570_571_21521_ego_571,0,21521,21521,21528,vehicle_vehicle,0.31596461272486803,1.428810137342589,2.2629869699937393,12.405849920501218,15.0,3.0,3.5,0.8,8.307366495466537,29.906519383679534
9,570,21552,192,75.6589,-74.9837,54.0409,2.0884,4.7102,0.0105,-0.0045,-0.0194,0.0221,0.0025,0.0112,0.0065,-0.0286,car,571,75.157,-68.687,8.161,-2.153,8.4328,-0.3523,342.8287,8.440220968671376,30.384795487216955,0.5019000000000062,-6.296700000000001,-8.1505,2.1485,8.42892060112088,6.316671156550736,0,09_570_571_21521_ego_571,1,21521,21521,21528,vehicle_vehicle,0.31596461272486803,1.428810137342589,2.2629869699937393,12.405849920501218,15.0,3.0,3.5,0.8,8.307366495466537,29.906519383679534
9,571,21552,156,75.157,-68.687,342.8287,2.0949,4.8005,8.161,-2.153,0.8017,2.9244,8.4328,-0.3523,-0.0974,-3.0307,car,571,75.157,-68.687,8.161,-2.153,8.4328,-0.3523,342.8287,8.440220968671376,30.384795487216955,0.0,0.0,0.0,0.0,0.0,0.0,1,09_570_571_21521_ego_571,1,21521,21521,21528,vehicle_vehicle,0.31596461272486803,1.428810137342589,2.2629869699937393,12.405849920501218,15.0,3.0,3.5,0.8,8.307366495466537,29.906519383679534
9,574,21552,120,71.8715,-80.0696,60.9998,2.1286,4.9218,-0.0009,-0.0057,0.0286,0.0099,-0.0054,0.002,0.0225,0.0203,car,571,75.157,-68.687,8.161,-2.153,8.4328,-0.3523,342.8287,8.440220968671376,30.384795487216955,-3.285499999999999,-11.382599999999996,-8.1619,2.1473,8.43963914512937,11.847282093796869,0,09_570_571_21521_ego_571,0,21521,21521,21528,vehicle_vehicle,0.31596461272486803,1.428810137342589,2.2629869699937393,12.405849920501218,15.0,3.0,3.5,0.8,8.307366495466537,29.906519383679534
9,568,21553,330,90.2284,-65.5851,19.6172,2.0523,4.4999,8.3452,3.0418,-0.5271,1.5913,8.8821,-0.0635,0.0377,-1.6759,car,571,75.483,-68.7726,8.1928,-2.0345,8.4343,-0.3516,343.6667,8.441632667322121,30.389877602359636,14.74539999999999,3.1875,0.1524000000000001,5.0763,5.078587150970238,15.085986126534774,0,09_570_571_21521_ego_571,0,21521,21521,21528,vehicle_vehicle,0.31596461272486803,1.428810137342589,2.2629869699937393,12.405849920501218,15.0,3.0,3.5,0.8,8.307366495466537,29.906519383679534
9,569,21553,249,67.8371,-60.6183,304.8075,1.8992,3.847,4.5581,-5.9267,2.2905,1.9557,7.4681,-0.3595,-0.2983,-2.997,car,571,75.483,-68.7726,8.1928,-2.0345,8.4343,-0.3516,343.6667,8.441632667322121,30.389877602359636,-7.6458999999999975,8.1543,-3.6347000000000005,-3.8922000000000003,5.325435656357141,11.178210737859613,0,09_570_571_21521_ego_571,0,21521,21521,21528,vehicle_vehicle,0.31596461272486803,1.428810137342589,2.2629869699937393,12.405849920501218,15.0,3.0,3.5,0.8,8.307366495466537,29.906519383679534
9,570,21553,193,75.6603,-74.9844,54.0138,2.0884,4.7102,0.0095,-0.003,-0.0246,0.0233,0.0032,0.0095,0.0044,-0.0336,car,571,75.483,-68.7726,8.1928,-2.0345,8.4343,-0.3516,343.6667,8.441632667322121,30.389877602359636,0.17730000000000246,-6.211799999999997,-8.183300000000001,2.0315,8.43168969661479,6.214329773193563,0,09_570_571_21521_ego_571,1,21521,21521,21528,vehicle_vehicle,0.31596461272486803,1.428810137342589,2.2629869699937393,12.405849920501218,15.0,3.0,3.5,0.8,8.307366495466537,29.906519383679534
9,571,21553,157,75.483,-68.7726,343.6667,2.0949,4.8005,8.1928,-2.0345,0.759,2.9384,8.4343,-0.3516,-0.098,-3.0332,car,571,75.483,-68.7726,8.1928,-2.0345,8.4343,-0.3516,343.6667,8.441632667322121,30.389877602359636,0.0,0.0,0.0,0.0,0.0,0.0,1,09_570_571_21521_ego_571,1,21521,21521,21528,vehicle_vehicle,0.31596461272486803,1.428810137342589,2.2629869699937393,12.405849920501218,15.0,3.0,3.5,0.8,8.307366495466537,29.906519383679534
9,574,21553,121,71.8716,-80.07,60.9949,2.1286,4.9218,0.0011,-0.0055,0.0272,0.0107,-0.0043,0.0037,0.0225,0.0186,car,571,75.483,-68.7726,8.1928,-2.0345,8.4343,-0.3516,343.6667,8.441632667322121,30.389877602359636,-3.6114000000000033,-11.297399999999996,-8.1917,2.029,8.439241073106041,11.860584164365596,0,09_570_571_21521_ego_571,0,21521,21521,21528,vehicle_vehicle,0.31596461272486803,1.428810137342589,2.2629869699937393,12.405849920501218,15.0,3.0,3.5,0.8,8.307366495466537,29.906519383679534
9,568,21554,331,90.5614,-65.4608,20.1583,2.0523,4.4999,8.3186,3.1079,-0.4844,1.4601,8.8801,-0.0508,0.0485,-1.5376,car,571,75.8107,-68.8536,8.2231,-1.9147,8.4356,-0.3554,344.4802,8.443071105942435,30.395055981392765,14.750700000000009,3.392799999999994,0.09549999999999947,5.0226,5.02350783914985,15.135859484350409,0,09_570_571_21521_ego_571,0,21521,21521,21528,vehicle_vehicle,0.31596461272486803,1.428810137342589,2.2629869699937393,12.405849920501218,15.0,3.0,3.5,0.8,8.307366495466537,29.906519383679534
9,569,21554,250,68.0217,-60.8533,305.7166,1.8992,3.847,4.6475,-5.846,2.275,1.9666,7.4596,-0.3606,-0.2686,-2.9952,car,571,75.8107,-68.8536,8.2231,-1.9147,8.4356,-0.3554,344.4802,8.443071105942435,30.395055981392765,-7.7890000000000015,8.000300000000003,-3.5756000000000006,-3.9313000000000002,5.314135400043925,11.165720804766707,0,09_570_571_21521_ego_571,0,21521,21521,21528,vehicle_vehicle,0.31596461272486803,1.428810137342589,2.2629869699937393,12.405849920501218,15.0,3.0,3.5,0.8,8.307366495466537,29.906519383679534
9,570,21554,194,75.6614,-74.985,53.9829,2.0884,4.7102,0.0081,-0.0012,-0.0295,0.0237,0.0038,0.0072,0.0019,-0.0378,car,571,75.8107,-68.8536,8.2231,-1.9147,8.4356,-0.3554,344.4802,8.443071105942435,30.395055981392765,-0.14929999999999666,-6.131399999999999,-8.215,1.9135,8.434910032122454,6.133217463126511,0,09_570_571_21521_ego_571,1,21521,21521,21528,vehicle_vehicle,0.31596461272486803,1.428810137342589,2.2629869699937393,12.405849920501218,15.0,3.0,3.5,0.8,8.307366495466537,29.906519383679534
9,571,21554,158,75.8107,-68.8536,344.4802,2.0949,4.8005,8.2231,-1.9147,0.7163,2.9505,8.4356,-0.3554,-0.0993,-3.0346,car,571,75.8107,-68.8536,8.2231,-1.9147,8.4356,-0.3554,344.4802,8.443071105942435,30.395055981392765,0.0,0.0,0.0,0.0,0.0,0.0,1,09_570_571_21521_ego_571,1,21521,21521,21528,vehicle_vehicle,0.31596461272486803,1.428810137342589,2.2629869699937393,12.405849920501218,15.0,3.0,3.5,0.8,8.307366495466537,29.906519383679534
9,574,21554,122,71.8717,-80.0703,60.9902,2.1286,4.9218,0.003,-0.0053,0.0248,0.0116,-0.0031,0.0052,0.0222,0.0161,car,571,75.8107,-68.8536,8.2231,-1.9147,8.4356,-0.3554,344.4802,8.443071105942435,30.395055981392765,-3.938999999999993,-11.216700000000003,-8.2201,1.9094,8.438948534622071,11.8882328329319,0,09_570_571_21521_ego_571,0,21521,21521,21528,vehicle_vehicle,0.31596461272486803,1.428810137342589,2.2629869699937393,12.405849920501218,15.0,3.0,3.5,0.8,8.307366495466537,29.906519383679534
9,568,21555,332,90.8928,-65.3343,20.6529,2.0523,4.4999,8.2942,3.1683,-0.4363,1.3267,8.8786,-0.0393,0.0597,-1.3953,car,571,76.1403,-68.9301,8.2517,-1.7935,8.4367,-0.3597,345.2962,8.444358776129778,30.399691594067203,14.752499999999998,3.595799999999997,0.042500000000000426,4.9618,4.961982012260827,15.184401005308043,0,09_570_571_21521_ego_571,0,21521,21521,21528,vehicle_vehicle,0.31596461272486803,1.428810137342589,2.2629869699937393,12.405849920501218,15.0,3.0,3.5,0.8,8.307366495466537,29.906519383679534
9,569,21555,251,68.2096,-61.085,306.6328,1.8992,3.847,4.7361,-5.7652,2.2619,1.9753,7.4524,-0.3606,-0.2354,-2.9937,car,571,76.1403,-68.9301,8.2517,-1.7935,8.4367,-0.3597,345.2962,8.444358776129778,30.399691594067203,-7.930700000000002,7.845099999999995,-3.515599999999999,-3.9717000000000002,5.304134637242912,11.155339371798599,0,09_570_571_21521_ego_571,0,21521,21521,21528,vehicle_vehicle,0.31596461272486803,1.428810137342589,2.2629869699937393,12.405849920501218,15.0,3.0,3.5,0.8,8.307366495466537,29.906519383679534
9,570,21555,195,75.6617,-74.9852,53.9493,2.0884,4.7102,0.0064,0.0007,-0.0338,0.0233,0.0044,0.0047,-0.0011,-0.041,car,571,76.1403,-68.9301,8.2517,-1.7935,8.4367,-0.3597,345.2962,8.444358776129778,30.399691594067203,-0.47860000000000014,-6.05510000000001,-8.2453,1.7942,8.438253713298742,6.073985015621962,0,09_570_571_21521_ego_571,1,21521,21521,21528,vehicle_vehicle,0.31596461272486803,1.428810137342589,2.2629869699937393,12.405849920501218,15.0,3.0,3.5,0.8,8.307366495466537,29.906519383679534
9,571,21555,159,76.1403,-68.9301,345.2962,2.0949,4.8005,8.2517,-1.7935,0.6737,2.9599,8.4367,-0.3597,-0.0996,-3.034,car,571,76.1403,-68.9301,8.2517,-1.7935,8.4367,-0.3597,345.2962,8.444358776129778,30.399691594067203,0.0,0.0,0.0,0.0,0.0,0.0,1,09_570_571_21521_ego_571,1,21521,21521,21528,vehicle_vehicle,0.31596461272486803,1.428810137342589,2.2629869699937393,12.405849920501218,15.0,3.0,3.5,0.8,8.307366495466537,29.906519383679534
9,574,21555,123,71.872,-80.0707,60.9954,2.1286,4.9218,0.0048,-0.0049,0.0217,0.0127,-0.0019,0.0066,0.0216,0.0128,car,571,76.1403,-68.9301,8.2517,-1.7935,8.4367,-0.3597,345.2962,8.444358776129778,30.399691594067203,-4.268299999999996,-11.140600000000006,-8.2469,1.7886000000000002,8.438628417580667,11.930270460052451,0,09_570_571_21521_ego_571,0,21521,21521,21528,vehicle_vehicle,0.31596461272486803,1.428810137342589,2.2629869699937393,12.405849920501218,15.0,3.0,3.5,0.8,8.307366495466537,29.906519383679534
9,568,21556,333,91.2242,-65.2055,21.1098,2.0523,4.4999,8.2716,3.2229,-0.3832,1.1915,8.8773,-0.0275,0.0717,-1.2496,car,571,76.4709,-69.0002,8.2786,-1.6716,8.4377,-0.3663,346.0985,8.445677268283463,30.404438165820466,14.753299999999996,3.794700000000006,-0.0070000000000014495,4.8945,4.894505005615992,15.233502846686312,0,09_570_571_21521_ego_571,0,21521,21521,21528,vehicle_vehicle,0.31596461272486803,1.428810137342589,2.2629869699937393,12.405849920501218,15.0,3.0,3.5,0.8,8.307366495466537,29.906519383679534
9,569,21556,252,68.4015,-61.3131,307.5676,1.8992,3.847,4.824,-5.6844,2.2513,1.9819,7.4468,-0.3579,-0.1983,-2.9928,car,571,76.4709,-69.0002,8.2786,-1.6716,8.4377,-0.3663,346.0985,8.445677268283463,30.404438165820466,-8.069400000000002,7.687100000000008,-3.454600000000001,-4.0128,5.294981114225055,11.144806986664245,0,09_570_571_21521_ego_571,0,21521,21521,21528,vehicle_vehicle,0.31596461272486803,1.428810137342589,2.2629869699937393,12.405849920501218,15.0,3.0,3.5,0.8,8.307366495466537,29.906519383679534
9,570,21556,196,75.6623,-74.9855,53.9226,2.0884,4.7102,0.0044,0.0028,-0.0376,0.0218,0.0048,0.0019,-0.0046,-0.0432,car,571,76.4709,-69.0002,8.2786,-1.6716,8.4377,-0.3663,346.0985,8.445677268283463,30.404438165820466,-0.8085999999999984,-5.985299999999995,-8.2742,1.6743999999999999,8.441919272298215,6.039673008532825,0,09_570_571_21521_ego_571,1,21521,21521,21528,vehicle_vehicle,0.31596461272486803,1.428810137342589,2.2629869699937393,12.405849920501218,15.0,3.0,3.5,0.8,8.307366495466537,29.906519383679534
9,571,21556,160,76.4709,-69.0002,346.0985,2.0949,4.8005,8.2786,-1.6716,0.6312,2.966,8.4377,-0.3663,-0.0999,-3.0307,car,571,76.4709,-69.0002,8.2786,-1.6716,8.4377,-0.3663,346.0985,8.445677268283463,30.404438165820466,0.0,0.0,0.0,0.0,0.0,0.0,1,09_570_571_21521_ego_571,1,21521,21521,21528,vehicle_vehicle,0.31596461272486803,1.428810137342589,2.2629869699937393,12.405849920501218,15.0,3.0,3.5,0.8,8.307366495466537,29.906519383679534
9,574,21556,124,71.8725,-80.0711,61.0019,2.1286,4.9218,0.0064,-0.0044,0.0178,0.0138,-0.0007,0.0077,0.0207,0.0088,car,571,76.4709,-69.0002,8.2786,-1.6716,8.4377,-0.3663,346.0985,8.445677268283463,30.404438165820466,-4.598399999999998,-11.070899999999995,-8.272200000000002,1.6672,8.438533562177733,11.987915138588521,0,09_570_571_21521_ego_571,0,21521,21521,21528,vehicle_vehicle,0.31596461272486803,1.428810137342589,2.2629869699937393,12.405849920501218,15.0,3.0,3.5,0.8,8.307366495466537,29.906519383679534
9,568,21557,334,91.5544,-65.0746,21.5425,2.0523,4.4999,8.2514,3.2717,-0.325,1.055,8.8763,-0.0133,0.0851,-1.1007,car,571,76.8029,-69.0643,8.3037,-1.5497,8.4389,-0.3709,346.912,8.44707072185382,30.40945459867375,14.751500000000007,3.989699999999999,-0.0522999999999989,4.821400000000001,4.82168365304071,15.281507070312148,0,09_570_571_21521_ego_571,0,21521,21521,21528,vehicle_vehicle,0.31596461272486803,1.428810137342589,2.2629869699937393,12.405849920501218,15.0,3.0,3.5,0.8,8.307366495466537,29.906519383679534
9,569,21557,253,68.597,-61.5376,308.4985,1.8992,3.847,4.9112,-5.6038,2.2434,1.987,7.4429,-0.3553,-0.1586,-2.9926,car,571,76.8029,-69.0643,8.3037,-1.5497,8.4389,-0.3709,346.912,8.44707072185382,30.40945459867375,-8.2059,7.526700000000005,-3.392499999999999,-4.0541,5.286282536906252,11.1349902424744,0,09_570_571_21521_ego_571,0,21521,21521,21528,vehicle_vehicle,0.31596461272486803,1.428810137342589,2.2629869699937393,12.405849920501218,15.0,3.0,3.5,0.8,8.307366495466537,29.906519383679534
9,570,21557,197,75.6625,-74.9855,53.911,2.0884,4.7102,0.0022,0.0048,-0.0408,0.0191,0.0052,-0.001,-0.0086,-0.0442,car,571,76.8029,-69.0643,8.3037,-1.5497,8.4389,-0.3709,346.912,8.44707072185382,30.40945459867375,-1.1403999999999996,-5.921199999999999,-8.301499999999999,1.5545,8.445790223537404,6.030018374764706,0,09_570_571_21521_ego_571,1,21521,21521,21528,vehicle_vehicle,0.31596461272486803,1.428810137342589,2.2629869699937393,12.405849920501218,15.0,3.0,3.5,0.8,8.307366495466537,29.906519383679534
9,571,21557,161,76.8029,-69.0643,346.912,2.0949,4.8005,8.3037,-1.5497,0.5888,2.9686,8.4389,-0.3709,-0.0987,-3.0248,car,571,76.8029,-69.0643,8.3037,-1.5497,8.4389,-0.3709,346.912,8.44707072185382,30.40945459867375,0.0,0.0,0.0,0.0,0.0,0.0,1,09_570_571_21521_ego_571,1,21521,21521,21528,vehicle_vehicle,0.31596461272486803,1.428810137342589,2.2629869699937393,12.405849920501218,15.0,3.0,3.5,0.8,8.307366495466537,29.906519383679534
9,574,21557,125,71.8731,-80.0715,61.0198,2.1286,4.9218,0.0076,-0.0037,0.0133,0.0149,0.0004,0.0084,0.0195,0.0044,car,571,76.8029,-69.0643,8.3037,-1.5497,8.4389,-0.3709,346.912,8.44707072185382,30.40945459867375,-4.9298,-11.007199999999997,-8.2961,1.546,8.438921211268653,12.060737120093446,0,09_570_571_21521_ego_571,0,21521,21521,21528,vehicle_vehicle,0.31596461272486803,1.428810137342589,2.2629869699937393,12.405849920501218,15.0,3.0,3.5,0.8,8.307366495466537,29.906519383679534
9,568,21558,335,91.8835,-64.9424,21.941,2.0523,4.4999,8.2337,3.3149,-0.2621,0.9175,8.8759,0.0018,0.0997,-0.949,car,571,77.1354,-69.1227,8.327,-1.4281,8.4399,-0.3827,347.672,8.44857376188431,30.414865542783517,14.748099999999994,4.180299999999988,-0.09329999999999927,4.743,4.743917567791414,15.329101790385494,0,09_570_571_21521_ego_571,0,21521,21521,21528,vehicle_vehicle,0.31596461272486803,1.428810137342589,2.2629869699937393,12.405849920501218,15.0,3.0,3.5,0.8,8.307366495466537,29.906519383679534
9,569,21558,254,68.7954,-61.7589,309.4315,1.8992,3.847,4.9979,-5.5235,2.2384,1.9911,7.4408,-0.352,-0.1162,-2.9936,car,571,77.1354,-69.1227,8.327,-1.4281,8.4399,-0.3827,347.672,8.44857376188431,30.414865542783517,-8.340000000000003,7.363799999999998,-3.3291000000000004,-4.095400000000001,5.277803328090202,11.1256977507031,0,09_570_571_21521_ego_571,0,21521,21521,21528,vehicle_vehicle,0.31596461272486803,1.428810137342589,2.2629869699937393,12.405849920501218,15.0,3.0,3.5,0.8,8.307366495466537,29.906519383679534
9,570,21558,198,75.6626,-74.9851,53.9114,2.0884,4.7102,-0.0001,0.0066,-0.0433,0.0154,0.0053,-0.0039,-0.013,-0.044,car,571,77.1354,-69.1227,8.327,-1.4281,8.4399,-0.3827,347.672,8.44857376188431,30.414865542783517,-1.4728000000000065,-5.862400000000008,-8.3271,1.4346999999999999,8.449790441188467,6.044573897306584,0,09_570_571_21521_ego_571,1,21521,21521,21528,vehicle_vehicle,0.31596461272486803,1.428810137342589,2.2629869699937393,12.405849920501218,15.0,3.0,3.5,0.8,8.307366495466537,29.906519383679534
9,571,21558,162,77.1354,-69.1227,347.672,2.0949,4.8005,8.327,-1.4281,0.5466,2.9682,8.4399,-0.3827,-0.0998,-3.0165,car,571,77.1354,-69.1227,8.327,-1.4281,8.4399,-0.3827,347.672,8.44857376188431,30.414865542783517,0.0,0.0,0.0,0.0,0.0,0.0,1,09_570_571_21521_ego_571,1,21521,21521,21528,vehicle_vehicle,0.31596461272486803,1.428810137342589,2.2629869699937393,12.405849920501218,15.0,3.0,3.5,0.8,8.307366495466537,29.906519383679534
9,574,21558,126,71.8739,-80.072,61.0303,2.1286,4.9218,0.0085,-0.0029,0.0084,0.0158,0.0016,0.0088,0.0179,-0.0003,car,571,77.1354,-69.1227,8.327,-1.4281,8.4399,-0.3827,347.672,8.44857376188431,30.414865542783517,-5.261499999999998,-10.949300000000008,-8.3185,1.4252,8.439705995471643,12.14786206457746,0,09_570_571_21521_ego_571,0,21521,21521,21528,vehicle_vehicle,0.31596461272486803,1.428810137342589,2.2629869699937393,12.405849920501218,15.0,3.0,3.5,0.8,8.307366495466537,29.906519383679534
9,568,21559,336,92.2115,-64.8091,22.3048,2.0523,4.4999,8.219,3.3525,-0.1947,0.779,8.8764,0.0177,0.1155,-0.7946,car,571,77.4689,-69.1751,8.3487,-1.3075,8.4412,-0.3956,348.4163,8.450464362388614,30.42167170459901,14.742599999999996,4.366,-0.1296999999999997,4.66,4.661804595861994,15.37550684562951,0,09_570_571_21521_ego_571,0,21521,21521,21528,vehicle_vehicle,0.31596461272486803,1.428810137342589,2.2629869699937393,12.405849920501218,15.0,3.0,3.5,0.8,8.307366495466537,29.906519383679534
9,569,21559,255,68.9973,-61.9771,310.3704,1.8992,3.847,5.0844,-5.4436,2.2364,1.9946,7.4407,-0.3477,-0.0711,-2.9958,car,571,77.4689,-69.1751,8.3487,-1.3075,8.4412,-0.3956,348.4163,8.450464362388614,30.42167170459901,-8.47160000000001,7.198,-3.2642999999999995,-4.1361,5.2690585212161,11.116618665763442,0,09_570_571_21521_ego_571,0,21521,21521,21528,vehicle_vehicle,0.31596461272486803,1.428810137342589,2.2629869699937393,12.405849920501218,15.0,3.0,3.5,0.8,8.307366495466537,29.906519383679534
9,570,21559,199,75.6628,-74.9848,53.9232,2.0884,4.7102,-0.0026,0.0083,-0.045,0.0106,0.0052,-0.007,-0.0179,-0.0427,car,571,77.4689,-69.1751,8.3487,-1.3075,8.4412,-0.3956,348.4163,8.450464362388614,30.42167170459901,-1.8061000000000007,-5.8097000000000065,-8.351299999999998,1.3158,8.454320867461796,6.083963453210422,0,09_570_571_21521_ego_571,1,21521,21521,21528,vehicle_vehicle,0.31596461272486803,1.428810137342589,2.2629869699937393,12.405849920501218,15.0,3.0,3.5,0.8,8.307366495466537,29.906519383679534
9,571,21559,163,77.4689,-69.1751,348.4163,2.0949,4.8005,8.3487,-1.3075,0.5045,2.9655,8.4412,-0.3956,-0.1012,-3.0064,car,571,77.4689,-69.1751,8.3487,-1.3075,8.4412,-0.3956,348.4163,8.450464362388614,30.42167170459901,0.0,0.0,0.0,0.0,0.0,0.0,1,09_570_571_21521_ego_571,1,21521,21521,21528,vehicle_vehicle,0.31596461272486803,1.428810137342589,2.2629869699937393,12.405849920501218,15.0,3.0,3.5,0.8,8.307366495466537,29.906519383679534
9,574,21559,127,71.8742,-80.072,61.0343,2.1286,4.9218,0.0092,-0.002,0.0031,0.0165,0.0027,0.009,0.0159,-0.0053,car,571,77.4689,-69.1751,8.3487,-1.3075,8.4412,-0.3956,348.4163,8.450464362388614,30.42167170459901,-5.594700000000003,-10.896900000000002,-8.3395,1.3055,8.441065720630304,12.249208043787977,0,09_570_571_21521_ego_571,0,21521,21521,21528,vehicle_vehicle,0.31596461272486803,1.428810137342589,2.2629869699937393,12.405849920501218,15.0,3.0,3.5,0.8,8.307366495466537,29.906519383679534
9,568,21560,337,92.5385,-64.6746,22.628,2.0523,4.4999,8.2077,3.3847,-0.1235,0.6394,8.8781,0.0337,0.1321,-0.6377,car,571,77.8037,-69.2216,8.3686,-1.1884,8.4427,-0.4079,349.152,8.452559406475652,30.42921386331235,14.734799999999993,4.546999999999997,-0.16089999999999982,4.5731,4.575929678218406,15.420426065449675,0,09_570_571_21521_ego_571,0,21521,21521,21528,vehicle_vehicle,0.31596461272486803,1.428810137342589,2.2629869699937393,12.405849920501218,15.0,3.0,3.5,0.8,8.307366495466537,29.906519383679534
9,569,21560,256,69.2024,-62.1921,311.2889,1.8992,3.847,5.1709,-5.3639,2.2375,1.9981,7.4425,-0.3459,-0.0249,-2.9997,car,571,77.8037,-69.2216,8.3686,-1.1884,8.4427,-0.4079,349.152,8.452559406475652,30.42921386331235,-8.601300000000009,7.029499999999992,-3.197700000000001,-4.1755,5.259285649211308,11.108385658591443,0,09_570_571_21521_ego_571,0,21521,21521,21528,vehicle_vehicle,0.31596461272486803,1.428810137342589,2.2629869699937393,12.405849920501218,15.0,3.0,3.5,0.8,8.307366495466537,29.906519383679534
9,570,21560,200,75.6633,-74.9848,53.9416,2.0884,4.7102,-0.0054,0.0099,-0.0459,0.0047,0.0048,-0.0102,-0.0232,-0.0399,car,571,77.8037,-69.2216,8.3686,-1.1884,8.4427,-0.4079,349.152,8.452559406475652,30.42921386331235,-2.1403999999999996,-5.763200000000012,-8.374,1.1983,8.459302506117156,6.147827778980161,0,09_570_571_21521_ego_571,1,21521,21521,21528,vehicle_vehicle,0.31596461272486803,1.428810137342589,2.2629869699937393,12.405849920501218,15.0,3.0,3.5,0.8,8.307366495466537,29.906519383679534
9,571,21560,164,77.8037,-69.2216,349.152,2.0949,4.8005,8.3686,-1.1884,0.4627,2.9615,8.4427,-0.4079,-0.1029,-2.9957,car,571,77.8037,-69.2216,8.3686,-1.1884,8.4427,-0.4079,349.152,8.452559406475652,30.42921386331235,0.0,0.0,0.0,0.0,0.0,0.0,1,09_570_571_21521_ego_571,1,21521,21521,21528,vehicle_vehicle,0.31596461272486803,1.428810137342589,2.2629869699937393,12.405849920501218,15.0,3.0,3.5,0.8,8.307366495466537,29.906519383679534
9,574,21560,128,71.8747,-80.0721,61.0299,2.1286,4.9218,0.0096,-0.0012,-0.0025,0.0169,0.0036,0.0089,0.0136,-0.0104,car,571,77.8037,-69.2216,8.3686,-1.1884,8.4427,-0.4079,349.152,8.452559406475652,30.42921386331235,-5.929000000000002,-10.850500000000011,-8.359,1.1871999999999998,8.442886049213266,12.36472366250052,0,09_570_571_21521_ego_571,0,21521,21521,21528,vehicle_vehicle,0.31596461272486803,1.428810137342589,2.2629869699937393,12.405849920501218,15.0,3.0,3.5,0.8,8.307366495466537,29.906519383679534
9,568,21561,338,92.8645,-64.5392,22.9222,2.0523,4.4999,8.2,3.4116,-0.0491,0.4988,8.8812,0.0516,0.1491,-0.4785,car,571,78.1386,-69.2658,8.3869,-1.0698,8.4444,-0.4197,349.8858,8.454854442862988,30.43747599430676,14.72590000000001,4.726600000000005,-0.1869000000000014,4.4814,4.485295705970789,15.465861707968307,0,09_570_571_21521_ego_571,0,21521,21521,21528,vehicle_vehicle,0.31596461272486803,1.428810137342589,2.2629869699937393,12.405849920501218,15.0,3.0,3.5,0.8,8.307366495466537,29.906519383679534
9,569,21561,257,69.411,-62.4037,312.1856,1.8992,3.847,5.2574,-5.2847,2.2415,2.0019,7.4464,-0.3467,0.0219,-3.0053,car,571,78.1386,-69.2658,8.3869,-1.0698,8.4444,-0.4197,349.8858,8.454854442862988,30.43747599430676,-8.727599999999995,6.862099999999998,-3.129500000000001,-4.2149,5.249681157937118,11.102225820528057,0,09_570_571_21521_ego_571,0,21521,21521,21528,vehicle_vehicle,0.31596461272486803,1.428810137342589,2.2629869699937393,12.405849920501218,15.0,3.0,3.5,0.8,8.307366495466537,29.906519383679534
9,570,21561,201,75.6635,-74.9844,53.9656,2.0884,4.7102,-0.0085,0.0112,-0.0456,-0.0023,0.0041,-0.0135,-0.0287,-0.0355,car,571,78.1386,-69.2658,8.3869,-1.0698,8.4444,-0.4197,349.8858,8.454854442862988,30.43747599430676,-2.4750999999999976,-5.718599999999995,-8.3954,1.0810000000000002,8.464709218868656,6.231252359678585,0,09_570_571_21521_ego_571,1,21521,21521,21528,vehicle_vehicle,0.31596461272486803,1.428810137342589,2.2629869699937393,12.405849920501218,15.0,3.0,3.5,0.8,8.307366495466537,29.906519383679534
9,571,21561,165,78.1386,-69.2658,349.8858,2.0949,4.8005,8.3869,-1.0698,0.4212,2.9572,8.4444,-0.4197,-0.1047,-2.9852,car,571,78.1386,-69.2658,8.3869,-1.0698,8.4444,-0.4197,349.8858,8.454854442862988,30.43747599430676,0.0,0.0,0.0,0.0,0.0,0.0,1,09_570_571_21521_ego_571,1,21521,21521,21528,vehicle_vehicle,0.31596461272486803,1.428810137342589,2.2629869699937393,12.405849920501218,15.0,3.0,3.5,0.8,8.307366495466537,29.906519383679534
9,574,21561,129,71.8756,-80.072,61.0261,2.1286,4.9218,0.0096,-0.0003,-0.0083,0.0172,0.0044,0.0085,0.011,-0.0156,car,571,78.1386,-69.2658,8.3869,-1.0698,8.4444,-0.4197,349.8858,8.454854442862988,30.43747599430676,-6.262999999999991,-10.806200000000004,-8.3773,1.0695000000000001,8.44529369175519,12.48996106639248,0,09_570_571_21521_ego_571,0,21521,21521,21528,vehicle_vehicle,0.31596461272486803,1.428810137342589,2.2629869699937393,12.405849920501218,15.0,3.0,3.5,0.8,8.307366495466537,29.906519383679534
9,568,21562,339,93.191,-64.4025,23.1716,2.0523,4.4999,8.196,3.4328,0.0277,0.3568,8.8856,0.0691,0.1659,-0.3171,car,571,78.4747,-69.3052,8.4034,-0.9517,8.4463,-0.4279,350.6379,8.457119157845653,30.445628968244353,14.716300000000004,4.902699999999996,-0.2073999999999998,4.3845,4.3894025800785235,15.511478104294254,0,09_570_571_21521_ego_571,0,21521,21521,21528,vehicle_vehicle,0.31596461272486803,1.428810137342589,2.2629869699937393,12.405849920501218,15.0,3.0,3.5,0.8,8.307366495466537,29.906519383679534
9,569,21562,258,69.623,-62.612,313.0617,1.8992,3.847,5.3441,-5.2059,2.2486,2.0068,7.4524,-0.35,0.0691,-3.013,car,571,78.4747,-69.3052,8.4034,-0.9517,8.4463,-0.4279,350.6379,8.457119157845653,30.445628968244353,-8.851699999999994,6.693199999999997,-3.0592999999999995,-4.2542,5.239993714690887,11.097365413916938,0,09_570_571_21521_ego_571,0,21521,21521,21528,vehicle_vehicle,0.31596461272486803,1.428810137342589,2.2629869699937393,12.405849920501218,15.0,3.0,3.5,0.8,8.307366495466537,29.906519383679534
9,570,21562,202,75.6633,-74.9838,53.9983,2.0884,4.7102,-0.0116,0.0123,-0.0441,-0.0105,0.0031,-0.0166,-0.0345,-0.0295,car,571,78.4747,-69.3052,8.4034,-0.9517,8.4463,-0.4279,350.6379,8.457119157845653,30.445628968244353,-2.811399999999992,-5.678600000000003,-8.415,0.964,8.470036658716417,6.336439688026707,0,09_570_571_21521_ego_571,1,21521,21521,21528,vehicle_vehicle,0.31596461272486803,1.428810137342589,2.2629869699937393,12.405849920501218,15.0,3.0,3.5,0.8,8.307366495466537,29.906519383679534
9,571,21562,166,78.4747,-69.3052,350.6379,2.0949,4.8005,8.4034,-0.9517,0.38,2.953,8.4463,-0.4279,-0.1055,-2.9755,car,571,78.4747,-69.3052,8.4034,-0.9517,8.4463,-0.4279,350.6379,8.457119157845653,30.445628968244353,0.0,0.0,0.0,0.0,0.0,0.0,1,09_570_571_21521_ego_571,1,21521,21521,21528,vehicle_vehicle,0.31596461272486803,1.428810137342589,2.2629869699937393,12.405849920501218,15.0,3.0,3.5,0.8,8.307366495466537,29.906519383679534
9,574,21562,130,71.8769,-80.0721,61.0263,2.1286,4.9218,0.009,0.0006,-0.014,0.0173,0.0049,0.0076,0.0083,-0.0206,car,571,78.4747,-69.3052,8.4034,-0.9517,8.4463,-0.4279,350.6379,8.457119157845653,30.445628968244353,-6.597799999999992,-10.766900000000007,-8.3944,0.9523,8.448243998015208,12.627632416648817,0,09_570_571_21521_ego_571,0,21521,21521,21528,vehicle_vehicle,0.31596461272486803,1.428810137342589,2.2629869699937393,12.405849920501218,15.0,3.0,3.5,0.8,8.307366495466537,29.906519383679534
9,568,21563,340,93.5167,-64.2653,23.3585,2.0523,4.4999,8.1958,3.4486,0.1062,0.2134,8.8914,0.0836,0.1821,-0.1538,car,571,78.8114,-69.3407,8.4181,-0.834,8.448,-0.4367,351.3834,8.459312242138838,30.453524071699817,14.705299999999994,5.075400000000002,-0.2223000000000006,4.2825999999999995,4.2883656618809916,15.55652703047823,0,09_570_571_21521_ego_571,0,21521,21521,21528,vehicle_vehicle,0.31596461272486803,1.428810137342589,2.2629869699937393,12.405849920501218,15.0,3.0,3.5,0.8,8.307366495466537,29.906519383679534
9,569,21563,259,69.8379,-62.8173,313.9226,1.8992,3.847,5.4313,-5.1275,2.2585,2.0132,7.4608,-0.3552,0.1166,-3.0232,car,571,78.8114,-69.3407,8.4181,-0.834,8.448,-0.4367,351.3834,8.459312242138838,30.453524071699817,-8.973500000000001,6.523399999999995,-2.9868000000000006,-4.293500000000001,5.230211897237052,11.094072733221104,0,09_570_571_21521_ego_571,0,21521,21521,21528,vehicle_vehicle,0.31596461272486803,1.428810137342589,2.2629869699937393,12.405849920501218,15.0,3.0,3.5,0.8,8.307366495466537,29.906519383679534
9,570,21563,203,75.6627,-74.9829,54.0374,2.0884,4.7102,-0.0146,0.0128,-0.0413,-0.0198,0.0018,-0.0193,-0.0403,-0.0218,car,571,78.8114,-69.3407,8.4181,-0.834,8.448,-0.4367,351.3834,8.459312242138838,30.453524071699817,-3.148700000000005,-5.6422000000000025,-8.4327,0.8468,8.475110591018858,6.461325911142392,0,09_570_571_21521_ego_571,1,21521,21521,21528,vehicle_vehicle,0.31596461272486803,1.428810137342589,2.2629869699937393,12.405849920501218,15.0,3.0,3.5,0.8,8.307366495466537,29.906519383679534
9,571,21563,167,78.8114,-69.3407,351.3834,2.0949,4.8005,8.4181,-0.834,0.3391,2.9491,8.448,-0.4367,-0.1065,-2.9666,car,571,78.8114,-69.3407,8.4181,-0.834,8.448,-0.4367,351.3834,8.459312242138838,30.453524071699817,0.0,0.0,0.0,0.0,0.0,0.0,1,09_570_571_21521_ego_571,1,21521,21521,21528,vehicle_vehicle,0.31596461272486803,1.428810137342589,2.2629869699937393,12.405849920501218,15.0,3.0,3.5,0.8,8.307366495466537,29.906519383679534
9,574,21563,131,71.878,-80.072,61.0297,2.1286,4.9218,0.0079,0.0015,-0.0193,0.0172,0.0051,0.0062,0.0057,-0.0252,car,571,78.8114,-69.3407,8.4181,-0.834,8.448,-0.4367,351.3834,8.459312242138838,30.453524071699817,-6.933400000000006,-10.731300000000005,-8.410200000000001,0.8354999999999999,8.451598919139503,12.77626061294932,0,09_570_571_21521_ego_571,0,21521,21521,21528,vehicle_vehicle,0.31596461272486803,1.428810137342589,2.2629869699937393,12.405849920501218,15.0,3.0,3.5,0.8,8.307366495466537,29.906519383679534
9,568,21564,341,93.8425,-64.1275,23.4923,2.0523,4.4999,8.1997,3.4587,0.1855,0.0685,8.8988,0.0966,0.1974,0.0111,car,571,79.1475,-69.3714,8.4315,-0.7165,8.4504,-0.4409,352.1558,8.461888943965171,30.462800198274618,14.695000000000007,5.2438999999999965,-0.23179999999999978,4.1752,4.1816296201361505,15.602612352103097,0,09_570_571_21521_ego_571,0,21521,21521,21528,vehicle_vehicle,0.31596461272486803,1.428810137342589,2.2629869699937393,12.405849920501218,15.0,3.0,3.5,0.8,8.307366495466537,29.906519383679534
9,569,21564,260,70.0557,-63.0192,314.7777,1.8992,3.847,5.5194,-5.0494,2.2708,2.0217,7.472,-0.3614,0.1644,-3.0359,car,571,79.1475,-69.3714,8.4315,-0.7165,8.4504,-0.4409,352.1558,8.461888943965171,30.462800198274618,-9.091799999999992,6.352199999999996,-2.9120999999999997,-4.3329,5.220569779248239,11.091044679379838,0,09_570_571_21521_ego_571,0,21521,21521,21528,vehicle_vehicle,0.31596461272486803,1.428810137342589,2.2629869699937393,12.405849920501218,15.0,3.0,3.5,0.8,8.307366495466537,29.906519383679534
9,570,21564,204,75.6615,-74.9816,54.083,2.0884,4.7102,-0.0173,0.0126,-0.0374,-0.0299,0.0001,-0.0214,-0.0461,-0.0128,car,571,79.1475,-69.3714,8.4315,-0.7165,8.4504,-0.4409,352.1558,8.461888943965171,30.462800198274618,-3.48599999999999,-5.610200000000006,-8.4488,0.7291000000000001,8.480200955755707,6.605038988529894,0,09_570_571_21521_ego_571,1,21521,21521,21528,vehicle_vehicle,0.31596461272486803,1.428810137342589,2.2629869699937393,12.405849920501218,15.0,3.0,3.5,0.8,8.307366495466537,29.906519383679534
9,571,21564,168,79.1475,-69.3714,352.1558,2.0949,4.8005,8.4315,-0.7165,0.2986,2.9456,8.4504,-0.4409,-0.1062,-2.9588,car,571,79.1475,-69.3714,8.4315,-0.7165,8.4504,-0.4409,352.1558,8.461888943965171,30.462800198274618,0.0,0.0,0.0,0.0,0.0,0.0,1,09_570_571_21521_ego_571,1,21521,21521,21528,vehicle_vehicle,0.31596461272486803,1.428810137342589,2.2629869699937393,12.405849920501218,15.0,3.0,3.5,0.8,8.307366495466537,29.906519383679534
9,574,21564,132,71.8791,-80.0717,61.0469,2.1286,4.9218,0.0062,0.0022,-0.0239,0.0169,0.005,0.0044,0.0032,-0.0291,car,571,79.1475,-69.3714,8.4315,-0.7165,8.4504,-0.4409,352.1558,8.461888943965171,30.462800198274618,-7.2684,-10.700300000000013,-8.4253,0.7187,8.455897928664939,12.935457419434393,0,09_570_571_21521_ego_571,0,21521,21521,21528,vehicle_vehicle,0.31596461272486803,1.428810137342589,2.2629869699937393,12.405849920501218,15.0,3.0,3.5,0.8,8.307366495466537,29.906519383679534
9,568,21565,342,94.1683,-63.989,23.5713,2.0523,4.4999,8.2076,3.463,0.2647,-0.078,8.9077,0.1081,0.2114,0.1773,car,571,79.4839,-69.3973,8.4438,-0.5993,8.4536,-0.4395,352.964,8.465040988087416,30.4741475571147,14.684399999999997,5.408300000000004,-0.2362000000000002,4.0623000000000005,4.069161059727177,15.648684042116766,0,09_570_571_21521_ego_571,0,21521,21521,21528,vehicle_vehicle,0.31596461272486803,1.428810137342589,2.2629869699937393,12.405849920501218,15.0,3.0,3.5,0.8,8.307366495466537,29.906519383679534
9,569,21565,261,70.2768,-63.2183,315.6324,1.8992,3.847,5.6087,-4.9715,2.285,2.0329,7.4858,-0.368,0.212,-3.0511,car,571,79.4839,-69.3973,8.4438,-0.5993,8.4536,-0.4395,352.964,8.465040988087416,30.4741475571147,-9.207100000000011,6.179000000000002,-2.8350999999999997,-4.372199999999999,5.210942798573018,11.088315084357959,0,09_570_571_21521_ego_571,0,21521,21521,21528,vehicle_vehicle,0.31596461272486803,1.428810137342589,2.2629869699937393,12.405849920501218,15.0,3.0,3.5,0.8,8.307366495466537,29.906519383679534
9,570,21565,205,75.6595,-74.9796,54.1228,2.0884,4.7102,-0.0193,0.0115,-0.0327,-0.0403,-0.002,-0.0223,-0.0518,-0.0029,car,571,79.4839,-69.3973,8.4438,-0.5993,8.4536,-0.4395,352.964,8.465040988087416,30.4741475571147,-3.8244000000000113,-5.582300000000004,-8.463099999999999,0.6108,8.485112742326997,6.76669111530888,0,09_570_571_21521_ego_571,1,21521,21521,21528,vehicle_vehicle,0.31596461272486803,1.428810137342589,2.2629869699937393,12.405849920501218,15.0,3.0,3.5,0.8,8.307366495466537,29.906519383679534
9,571,21565,169,79.4839,-69.3973,352.964,2.0949,4.8005,8.4438,-0.5993,0.2579,2.9427,8.4536,-0.4395,-0.1045,-2.9521,car,571,79.4839,-69.3973,8.4438,-0.5993,8.4536,-0.4395,352.964,8.465040988087416,30.4741475571147,0.0,0.0,0.0,0.0,0.0,0.0,1,09_570_571_21521_ego_571,1,21521,21521,21528,vehicle_vehicle,0.31596461272486803,1.428810137342589,2.2629869699937393,12.405849920501218,15.0,3.0,3.5,0.8,8.307366495466537,29.906519383679534
9,574,21565,133,71.8802,-80.0713,61.065,2.1286,4.9218,0.004,0.0029,-0.0275,0.0166,0.0045,0.0021,0.0013,-0.0321,car,571,79.4839,-69.3973,8.4438,-0.5993,8.4536,-0.4395,352.964,8.465040988087416,30.4741475571147,-7.6037000000000035,-10.673999999999992,-8.4398,0.6022000000000001,8.461256932631226,13.105362630999567,0,09_570_571_21521_ego_571,0,21521,21521,21528,vehicle_vehicle,0.31596461272486803,1.428810137342589,2.2629869699937393,12.405849920501218,15.0,3.0,3.5,0.8,8.307366495466537,29.906519383679534
9,568,21566,343,94.495,-63.8498,23.5954,2.0523,4.4999,8.2195,3.4612,0.343,-0.2259,8.9177,0.1183,0.2239,0.3443,car,571,79.8213,-69.4192,8.4547,-0.4821,8.4572,-0.4351,353.7912,8.468433887089159,30.486361993520973,14.67370000000001,5.569400000000002,-0.23520000000000074,3.9433,3.950308080390693,15.695084837298598,0,09_570_571_21521_ego_571,0,21521,21521,21528,vehicle_vehicle,0.31596461272486803,1.428810137342589,2.2629869699937393,12.405849920501218,15.0,3.0,3.5,0.8,8.307366495466537,29.906519383679534
9,569,21566,262,70.5011,-63.4146,316.4944,1.8992,3.847,5.6992,-4.8935,2.3005,2.0473,7.5025,-0.3742,0.2592,-3.0686,car,571,79.8213,-69.4192,8.4547,-0.4821,8.4572,-0.4351,353.7912,8.468433887089159,30.486361993520973,-9.3202,6.0046000000000035,-2.7555000000000005,-4.4114,5.20127198000643,11.086990087485423,0,09_570_571_21521_ego_571,0,21521,21521,21528,vehicle_vehicle,0.31596461272486803,1.428810137342589,2.2629869699937393,12.405849920501218,15.0,3.0,3.5,0.8,8.307366495466537,29.906519383679534
9,570,21566,206,75.6575,-74.9783,54.1512,2.0884,4.7102,-0.0206,0.0095,-0.0278,-0.0505,-0.0043,-0.0223,-0.0572,0.007,car,571,79.8213,-69.4192,8.4547,-0.4821,8.4572,-0.4351,353.7912,8.468433887089159,30.486361993520973,-4.163799999999995,-5.559100000000001,-8.4753,0.4916,8.489545373575668,6.945561406394732,0,09_570_571_21521_ego_571,1,21521,21521,21528,vehicle_vehicle,0.31596461272486803,1.428810137342589,2.2629869699937393,12.405849920501218,15.0,3.0,3.5,0.8,8.307366495466537,29.906519383679534
9,571,21566,170,79.8213,-69.4192,353.7912,2.0949,4.8005,8.4547,-0.4821,0.2168,2.9403,8.4572,-0.4351,-0.1024,-2.9465,car,571,79.8213,-69.4192,8.4547,-0.4821,8.4572,-0.4351,353.7912,8.468433887089159,30.486361993520973,0.0,0.0,0.0,0.0,0.0,0.0,1,09_570_571_21521_ego_571,1,21521,21521,21528,vehicle_vehicle,0.31596461272486803,1.428810137342589,2.2629869699937393,12.405849920501218,15.0,3.0,3.5,0.8,8.307366495466537,29.906519383679534
9,574,21566,134,71.8809,-80.0712,61.0798,2.1286,4.9218,0.0015,0.0035,-0.0297,0.0164,0.0038,-0.0004,-0.0,-0.0339,car,571,79.8213,-69.4192,8.4547,-0.4821,8.4572,-0.4351,353.7912,8.468433887089159,30.486361993520973,-7.940399999999997,-10.652000000000001,-8.4532,0.4856,8.467136328180857,13.285896889559243,0,09_570_571_21521_ego_571,0,21521,21521,21528,vehicle_vehicle,0.31596461272486803,1.428810137342589,2.2629869699937393,12.405849920501218,15.0,3.0,3.5,0.8,8.307366495466537,29.906519383679534
9,568,21567,344,94.823,-63.71,23.5777,2.0523,4.4999,8.2349,3.4528,0.4198,-0.3748,8.9286,0.1293,0.2349,0.5114,car,571,80.1595,-69.4365,8.464,-0.3649,8.461,-0.4281,354.6346,8.47186213355718,30.498703680805846,14.663499999999999,5.726499999999994,-0.22910000000000075,3.8177,3.8245679625285782,15.742014944091494,0,09_570_571_21521_ego_571,0,21521,21521,21528,vehicle_vehicle,0.31596461272486803,1.428810137342589,2.2629869699937393,12.405849920501218,15.0,3.0,3.5,0.8,8.307366495466537,29.906519383679534
9,569,21567,263,70.7285,-63.6081,317.3739,1.8992,3.847,5.7914,-4.8151,2.3163,2.0651,7.5221,-0.3791,0.3059,-3.0881,car,571,80.1595,-69.4365,8.464,-0.3649,8.461,-0.4281,354.6346,8.47186213355718,30.498703680805846,-9.430999999999997,5.828399999999995,-2.6726,-4.450200000000001,5.191056809552368,11.08665898997529,0,09_570_571_21521_ego_571,0,21521,21521,21528,vehicle_vehicle,0.31596461272486803,1.428810137342589,2.2629869699937393,12.405849920501218,15.0,3.0,3.5,0.8,8.307366495466537,29.906519383679534
9,570,21567,207,75.6558,-74.977,54.1745,2.0884,4.7102,-0.0214,0.0068,-0.023,-0.0602,-0.007,-0.0213,-0.0623,0.0166,car,571,80.1595,-69.4365,8.464,-0.3649,8.461,-0.4281,354.6346,8.47186213355718,30.498703680805846,-4.503699999999995,-5.540500000000009,-8.4854,0.3717,8.493537193066267,7.140059799469473,0,09_570_571_21521_ego_571,1,21521,21521,21528,vehicle_vehicle,0.31596461272486803,1.428810137342589,2.2629869699937393,12.405849920501218,15.0,3.0,3.5,0.8,8.307366495466537,29.906519383679534
9,571,21567,171,80.1595,-69.4365,354.6346,2.0949,4.8005,8.464,-0.3649,0.1752,2.9384,8.461,-0.4281,-0.1004,-2.9419,car,571,80.1595,-69.4365,8.464,-0.3649,8.461,-0.4281,354.6346,8.47186213355718,30.498703680805846,0.0,0.0,0.0,0.0,0.0,0.0,1,09_570_571_21521_ego_571,1,21521,21521,21528,vehicle_vehicle,0.31596461272486803,1.428810137342589,2.2629869699937393,12.405849920501218,15.0,3.0,3.5,0.8,8.307366495466537,29.906519383679534
9,574,21567,135,71.8814,-80.0713,61.091,2.1286,4.9218,-0.0014,0.0043,-0.0303,0.0161,0.0031,-0.0033,-0.0006,-0.0343,car,571,80.1595,-69.4365,8.464,-0.3649,8.461,-0.4281,354.6346,8.47186213355718,30.498703680805846,-8.278099999999995,-10.634799999999998,-8.4654,0.36920000000000003,8.473447102566936,13.476865757660416,0,09_570_571_21521_ego_571,0,21521,21521,21528,vehicle_vehicle,0.31596461272486803,1.428810137342589,2.2629869699937393,12.405849920501218,15.0,3.0,3.5,0.8,8.307366495466537,29.906519383679534
9,568,21568,345,95.1518,-63.5705,23.5198,2.0523,4.4999,8.2538,3.4378,0.4948,-0.524,8.94,0.1416,0.2446,0.6779,car,571,80.497,-69.4491,8.4721,-0.2476,8.465,-0.4261,355.4445,8.475717324805021,30.512582369298077,14.654799999999994,5.878599999999999,-0.21829999999999927,3.6854,3.691859700747037,15.789905034546592,0,09_570_571_21521_ego_571,0,21521,21521,21528,vehicle_vehicle,0.31596461272486803,1.428810137342589,2.2629869699937393,12.405849920501218,15.0,3.0,3.5,0.8,8.307366495466537,29.906519383679534
9,569,21568,264,70.9597,-63.7985,318.2624,1.8992,3.847,5.8851,-4.7363,2.3316,2.0865,7.5445,-0.3836,0.3508,-3.1092,car,571,80.497,-69.4491,8.4721,-0.2476,8.465,-0.4261,355.4445,8.475717324805021,30.512582369298077,-9.537300000000002,5.650600000000004,-2.586999999999999,-4.4887,5.180829729879181,11.0855478732447,0,09_570_571_21521_ego_571,0,21521,21521,21528,vehicle_vehicle,0.31596461272486803,1.428810137342589,2.2629869699937393,12.405849920501218,15.0,3.0,3.5,0.8,8.307366495466537,29.906519383679534
9,570,21568,208,75.6542,-74.9758,54.1931,2.0884,4.7102,-0.0217,0.0033,-0.0187,-0.0691,-0.01,-0.0195,-0.0669,0.0253,car,571,80.497,-69.4491,8.4721,-0.2476,8.465,-0.4261,355.4445,8.475717324805021,30.512582369298077,-4.842799999999997,-5.526700000000005,-8.493799999999998,0.2509,8.497504883787945,7.3482735884015655,0,09_570_571_21521_ego_571,1,21521,21521,21528,vehicle_vehicle,0.31596461272486803,1.428810137342589,2.2629869699937393,12.405849920501218,15.0,3.0,3.5,0.8,8.307366495466537,29.906519383679534
9,571,21568,172,80.497,-69.4491,355.4445,2.0949,4.8005,8.4721,-0.2476,0.1326,2.9368,8.465,-0.4261,-0.1011,-2.9381,car,571,80.497,-69.4491,8.4721,-0.2476,8.465,-0.4261,355.4445,8.475717324805021,30.512582369298077,0.0,0.0,0.0,0.0,0.0,0.0,1,09_570_571_21521_ego_571,1,21521,21521,21528,vehicle_vehicle,0.31596461272486803,1.428810137342589,2.2629869699937393,12.405849920501218,15.0,3.0,3.5,0.8,8.307366495466537,29.906519383679534
9,574,21568,136,71.8817,-80.0718,61.1011,2.1286,4.9218,-0.0044,0.0053,-0.0292,0.0155,0.0025,-0.0064,-0.0005,-0.0331,car,571,80.497,-69.4491,8.4721,-0.2476,8.465,-0.4261,355.4445,8.475717324805021,30.512582369298077,-8.615300000000005,-10.622699999999995,-8.4765,0.2529,8.480271850595356,13.677176220989477,0,09_570_571_21521_ego_571,0,21521,21521,21528,vehicle_vehicle,0.31596461272486803,1.428810137342589,2.2629869699937393,12.405849920501218,15.0,3.0,3.5,0.8,8.307366495466537,29.906519383679534
9,568,21569,346,95.4819,-63.4312,23.4222,2.0523,4.4999,8.2758,3.4159,0.5676,-0.6727,8.9517,0.1552,0.2534,0.8429,car,571,80.8358,-69.4567,8.4786,-0.1303,8.4691,-0.421,356.2733,8.479601172814675,30.52656422213283,14.64609999999999,6.025500000000001,-0.20279999999999987,3.5462000000000002,3.5519941272473976,15.837136592831412,0,09_570_571_21521_ego_571,0,21521,21521,21528,vehicle_vehicle,0.31596461272486803,1.428810137342589,2.2629869699937393,12.405849920501218,15.0,3.0,3.5,0.8,8.307366495466537,29.906519383679534
9,569,21569,265,71.1943,-63.9859,319.1636,1.8992,3.847,5.9804,-4.6568,2.3453,2.1119,7.5698,-0.3873,0.3935,-3.1314,car,571,80.8358,-69.4567,8.4786,-0.1303,8.4691,-0.421,356.2733,8.479601172814675,30.52656422213283,-9.641500000000008,5.470799999999997,-2.4981999999999998,-4.5264999999999995,5.1701262547446545,11.085493894725671,0,09_570_571_21521_ego_571,0,21521,21521,21528,vehicle_vehicle,0.31596461272486803,1.428810137342589,2.2629869699937393,12.405849920501218,15.0,3.0,3.5,0.8,8.307366495466537,29.906519383679534
9,570,21569,209,75.6528,-74.9749,54.2061,2.0884,4.7102,-0.0216,-0.0009,-0.0151,-0.0766,-0.0133,-0.0171,-0.071,0.0326,car,571,80.8358,-69.4567,8.4786,-0.1303,8.4691,-0.421,356.2733,8.479601172814675,30.52656422213283,-5.183000000000007,-5.518200000000007,-8.5002,0.1294,8.501184882120844,7.570602369692926,0,09_570_571_21521_ego_571,1,21521,21521,21528,vehicle_vehicle,0.31596461272486803,1.428810137342589,2.2629869699937393,12.405849920501218,15.0,3.0,3.5,0.8,8.307366495466537,29.906519383679534
9,571,21569,173,80.8358,-69.4567,356.2733,2.0949,4.8005,8.4786,-0.1303,0.0889,2.9355,8.4691,-0.421,-0.1021,-2.9351,car,571,80.8358,-69.4567,8.4786,-0.1303,8.4691,-0.421,356.2733,8.479601172814675,30.52656422213283,0.0,0.0,0.0,0.0,0.0,0.0,1,09_570_571_21521_ego_571,1,21521,21521,21528,vehicle_vehicle,0.31596461272486803,1.428810137342589,2.2629869699937393,12.405849920501218,15.0,3.0,3.5,0.8,8.307366495466537,29.906519383679534
9,574,21569,137,71.8814,-80.0719,61.1101,2.1286,4.9218,-0.0073,0.0064,-0.0264,0.0146,0.0021,-0.0095,0.0,-0.0302,car,571,80.8358,-69.4567,8.4786,-0.1303,8.4691,-0.421,356.2733,8.479601172814675,30.52656422213283,-8.954400000000007,-10.615200000000002,-8.4859,0.1367,8.487000983857609,13.887539393283468,0,09_570_571_21521_ego_571,0,21521,21521,21528,vehicle_vehicle,0.31596461272486803,1.428810137342589,2.2629869699937393,12.405849920501218,15.0,3.0,3.5,0.8,8.307366495466537,29.906519383679534
9,568,21570,347,95.8129,-63.2928,23.2671,2.0523,4.4999,8.3009,3.3872,0.6381,-0.8201,8.9639,0.1673,0.2622,1.0054,car,571,81.1753,-69.4599,8.4832,-0.013,8.4732,-0.4131,357.1207,8.483209960857977,30.53955585908872,14.637600000000006,6.167100000000005,-0.18229999999999968,3.4002,3.40508345419022,15.883716698871213,0,09_570_571_21521_ego_571,0,21521,21521,21528,vehicle_vehicle,0.31596461272486803,1.428810137342589,2.2629869699937393,12.405849920501218,15.0,3.0,3.5,0.8,8.307366495466537,29.906519383679534
9,569,21570,266,71.433,-64.1704,320.0831,1.8992,3.847,6.0773,-4.5763,2.3564,2.1412,7.5976,-0.3897,0.4334,-3.1543,car,571,81.1753,-69.4599,8.4832,-0.013,8.4732,-0.4131,357.1207,8.483209960857977,30.53955585908872,-9.742299999999986,5.289500000000004,-2.4059,-4.5633,5.158687982423437,11.085631219736644,0,09_570_571_21521_ego_571,0,21521,21521,21528,vehicle_vehicle,0.31596461272486803,1.428810137342589,2.2629869699937393,12.405849920501218,15.0,3.0,3.5,0.8,8.307366495466537,29.906519383679534
9,570,21570,210,75.6511,-74.9742,54.218,2.0884,4.7102,-0.0211,-0.0057,-0.0124,-0.0826,-0.0169,-0.0138,-0.0743,0.0382,car,571,81.1753,-69.4599,8.4832,-0.013,8.4732,-0.4131,357.1207,8.483209960857977,30.53955585908872,-5.524199999999993,-5.5142999999999915,-8.5043,0.007299999999999999,8.504303133120315,7.805401343300665,0,09_570_571_21521_ego_571,1,21521,21521,21528,vehicle_vehicle,0.31596461272486803,1.428810137342589,2.2629869699937393,12.405849920501218,15.0,3.0,3.5,0.8,8.307366495466537,29.906519383679534
9,571,21570,174,81.1753,-69.4599,357.1207,2.0949,4.8005,8.4832,-0.013,0.0441,2.9343,8.4732,-0.4131,-0.1034,-2.9328,car,571,81.1753,-69.4599,8.4832,-0.013,8.4732,-0.4131,357.1207,8.483209960857977,30.53955585908872,0.0,0.0,0.0,0.0,0.0,0.0,1,09_570_571_21521_ego_571,1,21521,21521,21528,vehicle_vehicle,0.31596461272486803,1.428810137342589,2.2629869699937393,12.405849920501218,15.0,3.0,3.5,0.8,8.307366495466537,29.906519383679534
9,574,21570,138,71.8802,-80.0715,61.1185,2.1286,4.9218,-0.0097,0.0074,-0.022,0.0132,0.0018,-0.0121,0.0009,-0.0256,car,571,81.1753,-69.4599,8.4832,-0.013,8.4732,-0.4131,357.1207,8.483209960857977,30.53955585908872,-9.29509999999999,-10.611599999999996,-8.4929,0.0204,8.492924500429755,14.106911021552513,0,09_570_571_21521_ego_571,0,21521,21521,21528,vehicle_vehicle,0.31596461272486803,1.428810137342589,2.2629869699937393,12.405849920501218,15.0,3.0,3.5,0.8,8.307366495466537,29.906519383679534
9,568,21571,348,96.1453,-63.1558,23.0549,2.0523,4.4999,8.329,3.3517,0.7061,-0.9652,8.9763,0.1777,0.2717,1.1646,car,571,81.5152,-69.4583,8.4858,0.1044,8.4767,-0.4084,357.9463,8.486442187395138,30.551191874622496,14.630100000000013,6.302499999999995,-0.15679999999999872,3.2473,3.251083439409084,15.929888017811058,0,09_570_571_21521_ego_571,0,21521,21521,21528,vehicle_vehicle,0.31596461272486803,1.428810137342589,2.2629869699937393,12.405849920501218,15.0,3.0,3.5,0.8,8.307366495466537,29.906519383679534
9,569,21571,267,71.6758,-64.3517,321.027,1.8992,3.847,6.1754,-4.4947,2.3641,2.1745,7.628,-0.3897,0.4703,-3.1774,car,571,81.5152,-69.4583,8.4858,0.1044,8.4767,-0.4084,357.9463,8.486442187395138,30.551191874622496,-9.839399999999998,5.1066,-2.3103999999999996,-4.5991,5.146811534338517,11.085628350256018,0,09_570_571_21521_ego_571,0,21521,21521,21528,vehicle_vehicle,0.31596461272486803,1.428810137342589,2.2629869699937393,12.405849920501218,15.0,3.0,3.5,0.8,8.307366495466537,29.906519383679534
9,570,21571,211,75.6498,-74.9738,54.2217,2.0884,4.7102,-0.0202,-0.011,-0.011,-0.0868,-0.0207,-0.01,-0.0769,0.0418,car,571,81.5152,-69.4583,8.4858,0.1044,8.4767,-0.4084,357.9463,8.486442187395138,30.551191874622496,-5.865399999999994,-5.515500000000003,-8.506,-0.1154,8.506782773763534,8.051314017599857,0,09_570_571_21521_ego_571,1,21521,21521,21528,vehicle_vehicle,0.31596461272486803,1.428810137342589,2.2629869699937393,12.405849920501218,15.0,3.0,3.5,0.8,8.307366495466537,29.906519383679534
9,571,21571,175,81.5152,-69.4583,357.9463,2.0949,4.8005,8.4858,0.1044,-0.0017,2.9331,8.4767,-0.4084,-0.1068,-2.9312,car,571,81.5152,-69.4583,8.4858,0.1044,8.4767,-0.4084,357.9463,8.486442187395138,30.551191874622496,0.0,0.0,0.0,0.0,0.0,0.0,1,09_570_571_21521_ego_571,1,21521,21521,21528,vehicle_vehicle,0.31596461272486803,1.428810137342589,2.2629869699937393,12.405849920501218,15.0,3.0,3.5,0.8,8.307366495466537,29.906519383679534
9,574,21571,139,71.8785,-80.0708,61.1243,2.1286,4.9218,-0.0115,0.0082,-0.0164,0.0115,0.0016,-0.014,0.0021,-0.0199,car,571,81.5152,-69.4583,8.4858,0.1044,8.4767,-0.4084,357.9463,8.486442187395138,30.551191874622496,-9.63669999999999,-10.612500000000011,-8.4973,-0.09620000000000001,8.49784453435105,14.334962265035792,0,09_570_571_21521_ego_571,0,21521,21521,21528,vehicle_vehicle,0.31596461272486803,1.428810137342589,2.2629869699937393,12.405849920501218,15.0,3.0,3.5,0.8,8.307366495466537,29.906519383679534
9,568,21572,349,96.479,-63.0199,22.7947,2.0523,4.4999,8.3597,3.3094,0.7716,-1.1071,8.989,0.1879,0.2824,1.3196,car,571,81.8544,-69.4528,8.4867,0.2221,8.4799,-0.405,358.7648,8.489605721115677,30.562580596016435,14.624600000000001,6.4328999999999965,-0.12700000000000067,3.0873,3.0899110488815045,15.976893551939312,0,09_570_571_21521_ego_571,0,21521,21521,21528,vehicle_vehicle,0.31596461272486803,1.428810137342589,2.2629869699937393,12.405849920501218,15.0,3.0,3.5,0.8,8.307366495466537,29.906519383679534
9,569,21572,268,71.9228,-64.5299,322.0111,1.8992,3.847,6.2747,-4.4116,2.3674,2.2117,7.6607,-0.3852,0.5045,-3.2003,car,571,81.8544,-69.4528,8.4867,0.2221,8.4799,-0.405,358.7648,8.489605721115677,30.562580596016435,-9.931600000000003,4.9228999999999985,-2.2120000000000006,-4.6337,5.134600246367774,11.084747311959802,0,09_570_571_21521_ego_571,0,21521,21521,21528,vehicle_vehicle,0.31596461272486803,1.428810137342589,2.2629869699937393,12.405849920501218,15.0,3.0,3.5,0.8,8.307366495466537,29.906519383679534
9,570,21572,212,75.6489,-74.974,54.2214,2.0884,4.7102,-0.0193,-0.0166,-0.011,-0.0888,-0.0247,-0.006,-0.0785,0.043,car,571,81.8544,-69.4528,8.4867,0.2221,8.4799,-0.405,358.7648,8.489605721115677,30.562580596016435,-6.205500000000001,-5.521200000000007,-8.506,-0.2387,8.50934860550442,8.306135063313146,0,09_570_571_21521_ego_571,1,21521,21521,21528,vehicle_vehicle,0.31596461272486803,1.428810137342589,2.2629869699937393,12.405849920501218,15.0,3.0,3.5,0.8,8.307366495466537,29.906519383679534
9,571,21572,176,81.8544,-69.4528,358.7648,2.0949,4.8005,8.4867,0.2221,-0.0484,2.9318,8.4799,-0.405,-0.1116,-2.93,car,571,81.8544,-69.4528,8.4867,0.2221,8.4799,-0.405,358.7648,8.489605721115677,30.562580596016435,0.0,0.0,0.0,0.0,0.0,0.0,1,09_570_571_21521_ego_571,1,21521,21521,21528,vehicle_vehicle,0.31596461272486803,1.428810137342589,2.2629869699937393,12.405849920501218,15.0,3.0,3.5,0.8,8.307366495466537,29.906519383679534
9,574,21572,140,71.877,-80.0702,61.1271,2.1286,4.9218,-0.0126,0.0088,-0.0102,0.0095,0.0016,-0.0153,0.0034,-0.0135,car,571,81.8544,-69.4528,8.4867,0.2221,8.4799,-0.405,358.7648,8.489605721115677,30.562580596016435,-9.977400000000003,-10.617400000000004,-8.499300000000002,-0.2133,8.501976086769476,14.569752692479037,0,09_570_571_21521_ego_571,0,21521,21521,21528,vehicle_vehicle,0.31596461272486803,1.428810137342589,2.2629869699937393,12.405849920501218,15.0,3.0,3.5,0.8,8.307366495466537,29.906519383679534
9,568,21573,350,96.8134,-62.886,22.4872,2.0523,4.4999,8.3933,3.2604,0.8344,-1.2448,9.0022,0.1977,0.2949,1.4693,car,571,82.1933,-69.4424,8.4859,0.3401,8.4834,-0.3979,359.6096,8.492712571375533,30.57376525695192,14.620100000000008,6.556400000000004,-0.0926000000000009,2.9203,2.92176776113366,16.022911875498796,0,09_570_571_21521_ego_571,0,21521,21521,21528,vehicle_vehicle,0.31596461272486803,1.428810137342589,2.2629869699937393,12.405849920501218,15.0,3.0,3.5,0.8,8.307366495466537,29.906519383679534
9,569,21573,269,72.174,-64.7052,323.0093,1.8992,3.847,6.3748,-4.3268,2.3657,2.2527,7.6951,-0.3797,0.5341,-3.2227,car,571,82.1933,-69.4424,8.4859,0.3401,8.4834,-0.3979,359.6096,8.492712571375533,30.57376525695192,-10.019299999999987,4.737200000000001,-2.1111000000000013,-4.6669,5.122177156249089,11.082754004758915,0,09_570_571_21521_ego_571,0,21521,21521,21528,vehicle_vehicle,0.31596461272486803,1.428810137342589,2.2629869699937393,12.405849920501218,15.0,3.0,3.5,0.8,8.307366495466537,29.906519383679534
9,570,21573,213,75.6486,-74.9747,54.2104,2.0884,4.7102,-0.0186,-0.0223,-0.0122,-0.0887,-0.0289,-0.0021,-0.0791,0.042,car,571,82.1933,-69.4424,8.4859,0.3401,8.4834,-0.3979,359.6096,8.492712571375533,30.57376525695192,-6.544699999999992,-5.532299999999992,-8.5045,-0.3624,8.512217925429306,8.569681521503574,0,09_570_571_21521_ego_571,1,21521,21521,21528,vehicle_vehicle,0.31596461272486803,1.428810137342589,2.2629869699937393,12.405849920501218,15.0,3.0,3.5,0.8,8.307366495466537,29.906519383679534
9,571,21573,177,82.1933,-69.4424,359.6096,2.0949,4.8005,8.4859,0.3401,-0.0961,2.9298,8.4834,-0.3979,-0.1161,-2.9291,car,571,82.1933,-69.4424,8.4859,0.3401,8.4834,-0.3979,359.6096,8.492712571375533,30.57376525695192,0.0,0.0,0.0,0.0,0.0,0.0,1,09_570_571_21521_ego_571,1,21521,21521,21528,vehicle_vehicle,0.31596461272486803,1.428810137342589,2.2629869699937393,12.405849920501218,15.0,3.0,3.5,0.8,8.307366495466537,29.906519383679534
9,574,21573,141,71.8756,-80.0695,61.127,2.1286,4.9218,-0.0132,0.0092,-0.0036,0.0074,0.0017,-0.016,0.0048,-0.0068,car,571,82.1933,-69.4424,8.4859,0.3401,8.4834,-0.3979,359.6096,8.492712571375533,30.57376525695192,-10.317699999999988,-10.627099999999999,-8.4991,-0.3309,8.505539114012704,14.811825940781228,0,09_570_571_21521_ego_571,0,21521,21521,21528,vehicle_vehicle,0.31596461272486803,1.428810137342589,2.2629869699937393,12.405849920501218,15.0,3.0,3.5,0.8,8.307366495466537,29.906519383679534
9,568,21574,351,97.1489,-62.7545,22.1361,2.0523,4.4999,8.4298,3.2051,0.8944,-1.3774,9.0162,0.2076,0.3094,1.6129,car,571,82.5327,-69.4269,8.4833,0.4582,8.4868,-0.3873,0.4789,8.495665137586345,30.584394495310843,14.616199999999992,6.672400000000003,-0.05349999999999966,2.7468999999999997,2.747420946997383,16.067178476633657,0,09_570_571_21521_ego_571,0,21521,21521,21528,vehicle_vehicle,0.31596461272486803,1.428810137342589,2.2629869699937393,12.405849920501218,15.0,3.0,3.5,0.8,8.307366495466537,29.906519383679534
9,569,21574,270,72.4295,-64.877,324.0158,1.8992,3.847,6.4753,-4.2401,2.3583,2.2973,7.7311,-0.3736,0.5585,-3.2446,car,571,82.5327,-69.4269,8.4833,0.4582,8.4868,-0.3873,0.4789,8.495665137586345,30.584394495310843,-10.103200000000001,4.549900000000008,-2.008,-4.6983,5.109411599196134,11.080444045705033,0,09_570_571_21521_ego_571,0,21521,21521,21528,vehicle_vehicle,0.31596461272486803,1.428810137342589,2.2629869699937393,12.405849920501218,15.0,3.0,3.5,0.8,8.307366495466537,29.906519383679534
9,570,21574,214,75.6484,-74.9758,54.1874,2.0884,4.7102,-0.0181,-0.0279,-0.0145,-0.0865,-0.0333,0.0016,-0.0787,0.0389,car,571,82.5327,-69.4269,8.4833,0.4582,8.4868,-0.3873,0.4789,8.495665137586345,30.584394495310843,-6.88430000000001,-5.548900000000003,-8.5014,-0.4861,8.515285971122754,8.842164763224002,0,09_570_571_21521_ego_571,1,21521,21521,21528,vehicle_vehicle,0.31596461272486803,1.428810137342589,2.2629869699937393,12.405849920501218,15.0,3.0,3.5,0.8,8.307366495466537,29.906519383679534
9,571,21574,178,82.5327,-69.4269,0.4789,2.0949,4.8005,8.4833,0.4582,-0.145,2.9271,8.4868,-0.3873,-0.1206,-2.9282,car,571,82.5327,-69.4269,8.4833,0.4582,8.4868,-0.3873,0.4789,8.495665137586345,30.584394495310843,0.0,0.0,0.0,0.0,0.0,0.0,1,09_570_571_21521_ego_571,1,21521,21521,21528,vehicle_vehicle,0.31596461272486803,1.428810137342589,2.2629869699937393,12.405849920501218,15.0,3.0,3.5,0.8,8.307366495466537,29.906519383679534
9,574,21574,142,71.8741,-80.0688,61.1232,2.1286,4.9218,-0.0131,0.0094,0.0028,0.0054,0.0019,-0.016,0.0061,-0.0001,car,571,82.5327,-69.4269,8.4833,0.4582,8.4868,-0.3873,0.4789,8.495665137586345,30.584394495310843,-10.658600000000007,-10.641899999999993,-8.4964,-0.4488,8.508245083446997,15.061732621780271,0,09_570_571_21521_ego_571,0,21521,21521,21528,vehicle_vehicle,0.31596461272486803,1.428810137342589,2.2629869699937393,12.405849920501218,15.0,3.0,3.5,0.8,8.307366495466537,29.906519383679534
9,568,21575,352,97.4851,-62.6258,21.7355,2.0523,4.4999,8.4694,3.1438,0.9508,-1.5042,9.0315,0.2161,0.3262,1.7494,car,571,82.8726,-69.4066,8.4783,0.5764,8.4893,-0.3817,1.3149,8.497870783319785,30.592334819951226,14.612499999999997,6.780799999999999,-0.008900000000000574,2.5674,2.5674154260656765,16.10914041437345,0,09_570_571_21521_ego_571,0,21521,21521,21528,vehicle_vehicle,0.31596461272486803,1.428810137342589,2.2629869699937393,12.405849920501218,15.0,3.0,3.5,0.8,8.307366495466537,29.906519383679534
9,569,21575,271,72.6892,-65.0455,325.0357,1.8992,3.847,6.5761,-4.1514,2.3448,2.3452,7.7682,-0.3664,0.5776,-3.2657,car,571,82.8726,-69.4066,8.4783,0.5764,8.4893,-0.3817,1.3149,8.497870783319785,30.592334819951226,-10.183400000000006,4.361099999999993,-1.9022000000000006,-4.7278,5.096121827429168,11.07794334567568,0,09_570_571_21521_ego_571,0,21521,21521,21528,vehicle_vehicle,0.31596461272486803,1.428810137342589,2.2629869699937393,12.405849920501218,15.0,3.0,3.5,0.8,8.307366495466537,29.906519383679534
9,570,21575,215,75.6487,-74.977,54.1515,2.0884,4.7102,-0.0182,-0.0335,-0.0175,-0.0822,-0.0378,0.0049,-0.0769,0.0339,car,571,82.8726,-69.4066,8.4783,0.5764,8.4893,-0.3817,1.3149,8.497870783319785,30.592334819951226,-7.2239,-5.5704000000000065,-8.496500000000001,-0.6099,8.51836194699427,9.122175583159978,0,09_570_571_21521_ego_571,1,21521,21521,21528,vehicle_vehicle,0.31596461272486803,1.428810137342589,2.2629869699937393,12.405849920501218,15.0,3.0,3.5,0.8,8.307366495466537,29.906519383679534
9,571,21575,179,82.8726,-69.4066,1.3149,2.0949,4.8005,8.4783,0.5764,-0.195,2.9233,8.4893,-0.3817,-0.1278,-2.927,car,571,82.8726,-69.4066,8.4783,0.5764,8.4893,-0.3817,1.3149,8.497870783319785,30.592334819951226,0.0,0.0,0.0,0.0,0.0,0.0,1,09_570_571_21521_ego_571,1,21521,21521,21528,vehicle_vehicle,0.31596461272486803,1.428810137342589,2.2629869699937393,12.405849920501218,15.0,3.0,3.5,0.8,8.307366495466537,29.906519383679534
9,574,21575,143,71.8725,-80.0679,61.1094,2.1286,4.9218,-0.0122,0.0093,0.0088,0.0036,0.0023,-0.0152,0.0074,0.006,car,571,82.8726,-69.4066,8.4783,0.5764,8.4893,-0.3817,1.3149,8.497870783319785,30.592334819951226,-11.000100000000003,-10.661299999999997,-8.4905,-0.5671,8.509417880207788,15.318796222288487,0,09_570_571_21521_ego_571,0,21521,21521,21528,vehicle_vehicle,0.31596461272486803,1.428810137342589,2.2629869699937393,12.405849920501218,15.0,3.0,3.5,0.8,8.307366495466537,29.906519383679534
9,568,21576,353,97.8227,-62.4993,21.2918,2.0523,4.4999,8.512,3.0767,1.0031,-1.6244,9.0482,0.2241,0.3448,1.8778,car,571,83.2128,-69.3811,8.4709,0.6944,8.4909,-0.3793,2.1284,8.499313982316455,30.597530336339236,14.609899999999996,6.8818000000000055,0.041100000000000136,2.3823000000000003,2.3826545070572025,16.14956189034241,0,09_570_571_21521_ego_571,0,21521,21521,21528,vehicle_vehicle,0.31596461272486803,1.428810137342589,2.2629869699937393,12.405849920501218,15.0,3.0,3.5,0.8,8.307366495466537,29.906519383679534
9,569,21576,272,72.9535,-65.2103,326.0633,1.8992,3.847,6.6765,-4.0606,2.3247,2.3962,7.8061,-0.3585,0.591,-3.2859,car,571,83.2128,-69.3811,8.4709,0.6944,8.4909,-0.3793,2.1284,8.499313982316455,30.597530336339236,-10.259299999999996,4.1708,-1.7944000000000004,-4.755,5.082312107692719,11.074692281503804,0,09_570_571_21521_ego_571,0,21521,21521,21528,vehicle_vehicle,0.31596461272486803,1.428810137342589,2.2629869699937393,12.405849920501218,15.0,3.0,3.5,0.8,8.307366495466537,29.906519383679534
9,570,21576,216,75.6496,-74.9781,54.1063,2.0884,4.7102,-0.019,-0.039,-0.0208,-0.0758,-0.0427,0.0075,-0.0736,0.0276,car,571,83.2128,-69.3811,8.4709,0.6944,8.4909,-0.3793,2.1284,8.499313982316455,30.597530336339236,-7.563199999999995,-5.596999999999994,-8.4899,-0.7334,8.521518501417455,9.40895335518249,0,09_570_571_21521_ego_571,1,21521,21521,21528,vehicle_vehicle,0.31596461272486803,1.428810137342589,2.2629869699937393,12.405849920501218,15.0,3.0,3.5,0.8,8.307366495466537,29.906519383679534
9,571,21576,180,83.2128,-69.3811,2.1284,2.0949,4.8005,8.4709,0.6944,-0.2455,2.9185,8.4909,-0.3793,-0.1369,-2.9256,car,571,83.2128,-69.3811,8.4709,0.6944,8.4909,-0.3793,2.1284,8.499313982316455,30.597530336339236,0.0,0.0,0.0,0.0,0.0,0.0,1,09_570_571_21521_ego_571,1,21521,21521,21528,vehicle_vehicle,0.31596461272486803,1.428810137342589,2.2629869699937393,12.405849920501218,15.0,3.0,3.5,0.8,8.307366495466537,29.906519383679534
9,574,21576,144,71.8713,-80.0675,61.0867,2.1286,4.9218,-0.0109,0.0092,0.014,0.0021,0.0028,-0.014,0.0086,0.0112,car,571,83.2128,-69.3811,8.4709,0.6944,8.4909,-0.3793,2.1284,8.499313982316455,30.597530336339236,-11.341499999999996,-10.686399999999992,-8.4818,-0.6852,8.509431842373496,15.582964005926463,0,09_570_571_21521_ego_571,0,21521,21521,21528,vehicle_vehicle,0.31596461272486803,1.428810137342589,2.2629869699937393,12.405849920501218,15.0,3.0,3.5,0.8,8.307366495466537,29.906519383679534
9,568,21577,354,98.1616,-62.3762,20.8028,2.0523,4.4999,8.5576,3.0043,1.0503,-1.7374,9.0667,0.2308,0.3648,1.9971,car,571,83.5525,-69.3504,8.461,0.8119,8.4915,-0.3788,2.9266,8.499864858337455,30.59951349001484,14.609100000000012,6.974199999999996,0.09660000000000046,2.1924,2.1945271290189146,16.18843007984407,0,09_570_571_21521_ego_571,0,21521,21521,21528,vehicle_vehicle,0.31596461272486803,1.428810137342589,2.2629869699937393,12.405849920501218,15.0,3.0,3.5,0.8,8.307366495466537,29.906519383679534
9,569,21577,273,73.222,-65.3713,327.0823,1.8992,3.847,6.7763,-3.9674,2.2979,2.45,7.8444,-0.352,0.5976,-3.3054,car,571,83.5525,-69.3504,8.461,0.8119,8.4915,-0.3788,2.9266,8.499864858337455,30.59951349001484,-10.3305,3.9790999999999883,-1.6847000000000003,-4.7793,5.067536144913029,11.070341777018445,0,09_570_571_21521_ego_571,0,21521,21521,21528,vehicle_vehicle,0.31596461272486803,1.428810137342589,2.2629869699937393,12.405849920501218,15.0,3.0,3.5,0.8,8.307366495466537,29.906519383679534
9,570,21577,217,75.6507,-74.9795,54.0614,2.0884,4.7102,-0.0207,-0.0443,-0.0235,-0.067,-0.048,0.0092,-0.0681,0.0203,car,571,83.5525,-69.3504,8.461,0.8119,8.4915,-0.3788,2.9266,8.499864858337455,30.59951349001484,-7.901799999999994,-5.629100000000008,-8.4817,-0.8562,8.524805764942682,9.70181478126644,0,09_570_571_21521_ego_571,1,21521,21521,21528,vehicle_vehicle,0.31596461272486803,1.428810137342589,2.2629869699937393,12.405849920501218,15.0,3.0,3.5,0.8,8.307366495466537,29.906519383679534
9,571,21577,181,83.5525,-69.3504,2.9266,2.0949,4.8005,8.461,0.8119,-0.2962,2.9127,8.4915,-0.3788,-0.1471,-2.924,car,571,83.5525,-69.3504,8.461,0.8119,8.4915,-0.3788,2.9266,8.499864858337455,30.59951349001484,0.0,0.0,0.0,0.0,0.0,0.0,1,09_570_571_21521_ego_571,1,21521,21521,21528,vehicle_vehicle,0.31596461272486803,1.428810137342589,2.2629869699937393,12.405849920501218,15.0,3.0,3.5,0.8,8.307366495466537,29.906519383679534
9,574,21577,145,71.8706,-80.0674,61.0581,2.1286,4.9218,-0.0092,0.0091,0.0181,0.0008,0.0035,-0.0125,0.0095,0.0154,car,571,83.5525,-69.3504,8.461,0.8119,8.4915,-0.3788,2.9266,8.499864858337455,30.59951349001484,-11.681899999999999,-10.717000000000013,-8.4702,-0.8028,8.508159370862773,15.853103059338265,0,09_570_571_21521_ego_571,0,21521,21521,21528,vehicle_vehicle,0.31596461272486803,1.428810137342589,2.2629869699937393,12.405849920501218,15.0,3.0,3.5,0.8,8.307366495466537,29.906519383679534
9,568,21578,355,98.5027,-62.2568,20.2918,2.0523,4.4999,8.606,2.927,1.0916,-1.8428,9.087,0.2392,0.3848,2.107,car,571,83.8916,-69.3159,8.4488,0.9293,8.4911,-0.3829,3.6947,8.49975410997283,30.59911479590219,14.611100000000008,7.059100000000001,0.15719999999999956,1.9977,2.0038755275715108,16.22698789116453,0,09_570_571_21521_ego_571,0,21521,21521,21528,vehicle_vehicle,0.31596461272486803,1.428810137342589,2.2629869699937393,12.405849920501218,15.0,3.0,3.5,0.8,8.307366495466537,29.906519383679534
9,569,21578,274,73.4943,-65.5288,328.1142,1.8992,3.847,6.8753,-3.8719,2.2642,2.5064,7.883,-0.3441,0.5986,-3.3242,car,571,83.8916,-69.3159,8.4488,0.9293,8.4911,-0.3829,3.6947,8.49975410997283,30.59911479590219,-10.397300000000001,3.7870999999999952,-1.5735000000000001,-4.8012,5.052467089452439,11.065530881977601,0,09_570_571_21521_ego_571,0,21521,21521,21528,vehicle_vehicle,0.31596461272486803,1.428810137342589,2.2629869699937393,12.405849920501218,15.0,3.0,3.5,0.8,8.307366495466537,29.906519383679534
9,570,21578,218,75.6522,-74.9812,54.0168,2.0884,4.7102,-0.0235,-0.0493,-0.0249,-0.056,-0.0537,0.01,-0.06,0.0127,car,571,83.8916,-69.3159,8.4488,0.9293,8.4911,-0.3829,3.6947,8.49975410997283,30.59911479590219,-8.239400000000003,-5.665300000000002,-8.4723,-0.9786,8.52862974046828,9.999166787787875,0,09_570_571_21521_ego_571,1,21521,21521,21528,vehicle_vehicle,0.31596461272486803,1.428810137342589,2.2629869699937393,12.405849920501218,15.0,3.0,3.5,0.8,8.307366495466537,29.906519383679534
9,571,21578,182,83.8916,-69.3159,3.6947,2.0949,4.8005,8.4488,0.9293,-0.3467,2.9061,8.4911,-0.3829,-0.1587,-2.9224,car,571,83.8916,-69.3159,8.4488,0.9293,8.4911,-0.3829,3.6947,8.49975410997283,30.59911479590219,0.0,0.0,0.0,0.0,0.0,0.0,1,09_570_571_21521_ego_571,1,21521,21521,21528,vehicle_vehicle,0.31596461272486803,1.428810137342589,2.2629869699937393,12.405849920501218,15.0,3.0,3.5,0.8,8.307366495466537,29.906519383679534
9,574,21578,146,71.87,-80.0672,61.0324,2.1286,4.9218,-0.0073,0.009,0.021,-0.0003,0.0043,-0.0107,0.0099,0.0185,car,571,83.8916,-69.3159,8.4488,0.9293,8.4911,-0.3829,3.6947,8.49975410997283,30.59911479590219,-12.021599999999992,-10.7513,-8.456100000000001,-0.9203,8.506031936220321,16.127904955387102,0,09_570_571_21521_ego_571,0,21521,21521,21528,vehicle_vehicle,0.31596461272486803,1.428810137342589,2.2629869699937393,12.405849920501218,15.0,3.0,3.5,0.8,8.307366495466537,29.906519383679534
9,568,21579,356,98.8463,-62.1415,19.7536,2.0523,4.4999,8.6566,2.8457,1.1263,-1.9405,9.109,0.2474,0.4042,2.207,car,571,84.2297,-69.2769,8.4343,1.0467,8.4902,-0.3875,4.4609,8.498999787033766,30.596399233321556,14.616600000000005,7.135399999999997,0.22229999999999883,1.799,1.8126826225238657,16.265267557590317,0,09_570_571_21521_ego_571,0,21521,21521,21528,vehicle_vehicle,0.31596461272486803,1.428810137342589,2.2629869699937393,12.405849920501218,15.0,3.0,3.5,0.8,8.307366495466537,29.906519383679534
9,569,21579,275,73.7705,-65.6824,329.1394,1.8992,3.847,6.9731,-3.7737,2.2233,2.565,7.9216,-0.3375,0.5928,-3.3423,car,571,84.2297,-69.2769,8.4343,1.0467,8.4902,-0.3875,4.4609,8.498999787033766,30.596399233321556,-10.459199999999996,3.5944999999999965,-1.4612000000000007,-4.820399999999999,5.036999265435721,11.059624536574463,0,09_570_571_21521_ego_571,0,21521,21521,21528,vehicle_vehicle,0.31596461272486803,1.428810137342589,2.2629869699937393,12.405849920501218,15.0,3.0,3.5,0.8,8.307366495466537,29.906519383679534
9,570,21579,219,75.6533,-74.9831,53.9874,2.0884,4.7102,-0.0271,-0.054,-0.0241,-0.0426,-0.0596,0.0098,-0.0486,0.0055,car,571,84.2297,-69.2769,8.4343,1.0467,8.4902,-0.3875,4.4609,8.498999787033766,30.596399233321556,-8.576399999999992,-5.7061999999999955,-8.461400000000001,-1.1007,8.532691864236046,10.301230771126322,0,09_570_571_21521_ego_571,1,21521,21521,21528,vehicle_vehicle,0.31596461272486803,1.428810137342589,2.2629869699937393,12.405849920501218,15.0,3.0,3.5,0.8,8.307366495466537,29.906519383679534
9,571,21579,183,84.2297,-69.2769,4.4609,2.0949,4.8005,8.4343,1.0467,-0.3967,2.8985,8.4902,-0.3875,-0.17,-2.9206,car,571,84.2297,-69.2769,8.4343,1.0467,8.4902,-0.3875,4.4609,8.498999787033766,30.596399233321556,0.0,0.0,0.0,0.0,0.0,0.0,1,09_570_571_21521_ego_571,1,21521,21521,21528,vehicle_vehicle,0.31596461272486803,1.428810137342589,2.2629869699937393,12.405849920501218,15.0,3.0,3.5,0.8,8.307366495466537,29.906519383679534
9,574,21579,147,71.8701,-80.0671,61.0111,2.1286,4.9218,-0.0054,0.0089,0.0228,-0.0013,0.0052,-0.0091,0.0099,0.0206,car,571,84.2297,-69.2769,8.4343,1.0467,8.4902,-0.3875,4.4609,8.498999787033766,30.596399233321556,-12.3596,-10.790199999999999,-8.4397,-1.0378,8.503267897108735,16.406953653862743,0,09_570_571_21521_ego_571,0,21521,21521,21528,vehicle_vehicle,0.31596461272486803,1.428810137342589,2.2629869699937393,12.405849920501218,15.0,3.0,3.5,0.8,8.307366495466537,29.906519383679534
9,568,21580,357,99.1924,-62.0306,19.1897,2.0523,4.4999,8.709,2.7611,1.1538,-2.0309,9.1327,0.255,0.4221,2.2973,car,571,84.5671,-69.2332,8.4177,1.164,8.4887,-0.3943,5.2131,8.497797908281886,30.592072469814788,14.62530000000001,7.202599999999997,0.29129999999999967,1.5971,1.623448212909793,16.30266379614081,0,09_570_571_21521_ego_571,0,21521,21521,21528,vehicle_vehicle,0.31596461272486803,1.428810137342589,2.2629869699937393,12.405849920501218,15.0,3.0,3.5,0.8,8.307366495466537,29.906519383679534
9,569,21580,276,74.051,-65.8319,330.1639,1.8992,3.847,7.0695,-3.673,2.1751,2.6257,7.9598,-0.3311,0.5805,-3.3598,car,571,84.5671,-69.2332,8.4177,1.164,8.4887,-0.3943,5.2131,8.497797908281886,30.592072469814788,-10.516099999999994,3.401299999999992,-1.3482000000000003,-4.837,5.021375532660349,11.052474876696161,0,09_570_571_21521_ego_571,0,21521,21521,21528,vehicle_vehicle,0.31596461272486803,1.428810137342589,2.2629869699937393,12.405849920501218,15.0,3.0,3.5,0.8,8.307366495466537,29.906519383679534
9,570,21580,220,75.6543,-74.985,53.9624,2.0884,4.7102,-0.0315,-0.0582,-0.0203,-0.0267,-0.0656,0.0087,-0.0335,-0.0007,car,571,84.5671,-69.2332,8.4177,1.164,8.4887,-0.3943,5.2131,8.497797908281886,30.592072469814788,-8.91279999999999,-5.751800000000003,-8.4492,-1.2222,8.537139654474442,10.607601382027884,0,09_570_571_21521_ego_571,1,21521,21521,21528,vehicle_vehicle,0.31596461272486803,1.428810137342589,2.2629869699937393,12.405849920501218,15.0,3.0,3.5,0.8,8.307366495466537,29.906519383679534
9,571,21580,184,84.5671,-69.2332,5.2131,2.0949,4.8005,8.4177,1.164,-0.446,2.8896,8.4887,-0.3943,-0.1816,-2.9182,car,571,84.5671,-69.2332,8.4177,1.164,8.4887,-0.3943,5.2131,8.497797908281886,30.592072469814788,0.0,0.0,0.0,0.0,0.0,0.0,1,09_570_571_21521_ego_571,1,21521,21521,21528,vehicle_vehicle,0.31596461272486803,1.428810137342589,2.2629869699937393,12.405849920501218,15.0,3.0,3.5,0.8,8.307366495466537,29.906519383679534
9,574,21580,148,71.8703,-80.0671,60.9981,2.1286,4.9218,-0.0036,0.009,0.0237,-0.0024,0.0061,-0.0075,0.0094,0.0219,car,571,84.5671,-69.2332,8.4177,1.164,8.4887,-0.3943,5.2131,8.497797908281886,30.592072469814788,-12.696799999999996,-10.8339,-8.4213,-1.155,8.500136392435124,16.690779474008995,0,09_570_571_21521_ego_571,0,21521,21521,21528,vehicle_vehicle,0.31596461272486803,1.428810137342589,2.2629869699937393,12.405849920501218,15.0,3.0,3.5,0.8,8.307366495466537,29.906519383679534
9,568,21581,358,99.5408,-61.924,18.5901,2.0523,4.4999,8.7629,2.6737,1.1737,-2.1147,9.158,0.2594,0.4383,2.3786,car,571,84.9031,-69.1851,8.3993,1.2812,8.4873,-0.394,6.0148,8.496453020525683,30.58723087389246,14.63770000000001,7.261100000000006,0.3635999999999999,1.3925000000000003,1.43918769102574,16.339701175358144,0,09_570_571_21521_ego_571,0,21521,21521,21528,vehicle_vehicle,0.31596461272486803,1.428810137342589,2.2629869699937393,12.405849920501218,15.0,3.0,3.5,0.8,8.307366495466537,29.906519383679534
9,569,21581,277,74.3352,-65.9771,331.1821,1.8992,3.847,7.164,-3.5697,2.1194,2.6881,7.9975,-0.3256,0.5612,-3.3768,car,571,84.9031,-69.1851,8.3993,1.2812,8.4873,-0.394,6.0148,8.496453020525683,30.58723087389246,-10.567899999999995,3.2080000000000126,-1.2353000000000005,-4.8509,5.005716422251664,11.044083230852616,0,09_570_571_21521_ego_571,0,21521,21521,21528,vehicle_vehicle,0.31596461272486803,1.428810137342589,2.2629869699937393,12.405849920501218,15.0,3.0,3.5,0.8,8.307366495466537,29.906519383679534
9,570,21581,221,75.6543,-74.9865,53.9443,2.0884,4.7102,-0.0363,-0.0621,-0.0127,-0.0082,-0.0716,0.0072,-0.0141,-0.0054,car,571,84.9031,-69.1851,8.3993,1.2812,8.4873,-0.394,6.0148,8.496453020525683,30.58723087389246,-9.248799999999989,-5.801400000000001,-8.4356,-1.3433,8.541885169562983,10.91771694998546,0,09_570_571_21521_ego_571,1,21521,21521,21528,vehicle_vehicle,0.31596461272486803,1.428810137342589,2.2629869699937393,12.405849920501218,15.0,3.0,3.5,0.8,8.307366495466537,29.906519383679534
9,571,21581,185,84.9031,-69.1851,6.0148,2.0949,4.8005,8.3993,1.2812,-0.4947,2.8793,8.4873,-0.394,-0.1902,-2.9153,car,571,84.9031,-69.1851,8.3993,1.2812,8.4873,-0.394,6.0148,8.496453020525683,30.58723087389246,0.0,0.0,0.0,0.0,0.0,0.0,1,09_570_571_21521_ego_571,1,21521,21521,21528,vehicle_vehicle,0.31596461272486803,1.428810137342589,2.2629869699937393,12.405849920501218,15.0,3.0,3.5,0.8,8.307366495466537,29.906519383679534
9,574,21581,149,71.8707,-80.067,60.9874,2.1286,4.9218,-0.002,0.0091,0.0238,-0.0036,0.007,-0.0062,0.0084,0.0225,car,571,84.9031,-69.1851,8.3993,1.2812,8.4873,-0.394,6.0148,8.496453020525683,30.58723087389246,-13.032399999999996,-10.881899999999987,-8.4013,-1.2720999999999998,8.497063027893816,16.97819770676498,0,09_570_571_21521_ego_571,0,21521,21521,21528,vehicle_vehicle,0.31596461272486803,1.428810137342589,2.2629869699937393,12.405849920501218,15.0,3.0,3.5,0.8,8.307366495466537,29.906519383679534
9,568,21582,359,99.8929,-61.8199,17.9697,2.0523,4.4999,8.8173,2.5834,1.1861,-2.1926,9.1842,0.2629,0.4518,2.4515,car,571,85.2383,-69.1324,8.3791,1.3983,8.4864,-0.3824,6.894,8.494972613257795,30.581901407728065,14.654600000000002,7.312500000000007,0.43820000000000014,1.1851,1.263519390432929,16.377727480026042,0,09_570_571_21521_ego_571,0,21521,21521,21528,vehicle_vehicle,0.31596461272486803,1.428810137342589,2.2629869699937393,12.405849920501218,15.0,3.0,3.5,0.8,8.307366495466537,29.906519383679534
9,569,21582,278,74.6236,-66.1178,332.2152,1.8992,3.847,7.2562,-3.4639,2.0562,2.7523,8.0343,-0.318,0.5362,-3.3935,car,571,85.2383,-69.1324,8.3791,1.3983,8.4864,-0.3824,6.894,8.494972613257795,30.581901407728065,-10.6147,3.0146000000000015,-1.1228999999999996,-4.8622000000000005,4.990179681133737,11.034476392199133,0,09_570_571_21521_ego_571,0,21521,21521,21528,vehicle_vehicle,0.31596461272486803,1.428810137342589,2.2629869699937393,12.405849920501218,15.0,3.0,3.5,0.8,8.307366495466537,29.906519383679534
9,570,21582,222,75.6533,-74.9877,53.9327,2.0884,4.7102,-0.041,-0.0658,-0.001,0.0135,-0.0773,0.0056,0.0103,-0.0087,car,571,85.2383,-69.1324,8.3791,1.3983,8.4864,-0.3824,6.894,8.494972613257795,30.581901407728065,-9.584999999999994,-5.8553,-8.4201,-1.4641000000000002,8.546442114704808,11.23195277278176,0,09_570_571_21521_ego_571,1,21521,21521,21528,vehicle_vehicle,0.31596461272486803,1.428810137342589,2.2629869699937393,12.405849920501218,15.0,3.0,3.5,0.8,8.307366495466537,29.906519383679534
9,571,21582,186,85.2383,-69.1324,6.894,2.0949,4.8005,8.3791,1.3983,-0.5429,2.8672,8.4864,-0.3824,-0.1948,-2.9116,car,571,85.2383,-69.1324,8.3791,1.3983,8.4864,-0.3824,6.894,8.494972613257795,30.581901407728065,0.0,0.0,0.0,0.0,0.0,0.0,1,09_570_571_21521_ego_571,1,21521,21521,21528,vehicle_vehicle,0.31596461272486803,1.428810137342589,2.2629869699937393,12.405849920501218,15.0,3.0,3.5,0.8,8.307366495466537,29.906519383679534
9,574,21582,150,71.8714,-80.067,60.9873,2.1286,4.9218,-0.0007,0.0093,0.0233,-0.0051,0.0078,-0.0051,0.0069,0.0229,car,571,85.2383,-69.1324,8.3791,1.3983,8.4864,-0.3824,6.894,8.494972613257795,30.581901407728065,-13.366900000000001,-10.934599999999989,-8.3798,-1.389,8.494137333478896,17.269611830322063,0,09_570_571_21521_ego_571,0,21521,21521,21528,vehicle_vehicle,0.31596461272486803,1.428810137342589,2.2629869699937393,12.405849920501218,15.0,3.0,3.5,0.8,8.307366495466537,29.906519383679534
9,568,21583,360,100.2485,-61.7184,17.3408,2.0523,4.4999,8.8714,2.49,1.1914,-2.2647,9.2104,0.2673,0.4622,2.5169,car,571,85.573,-69.0759,8.357,1.5156,8.4855,-0.3647,7.8183,8.493320455510906,30.575953639839263,14.675500000000014,7.357500000000002,0.5144000000000002,0.9744000000000002,1.101845143384496,16.416549774541558,0,09_570_571_21521_ego_571,0,21521,21521,21528,vehicle_vehicle,0.31596461272486803,1.428810137342589,2.2629869699937393,12.405849920501218,15.0,3.0,3.5,0.8,8.307366495466537,29.906519383679534
9,569,21583,279,74.9159,-66.2547,333.2568,1.8992,3.847,7.3458,-3.3553,1.9857,2.8181,8.0699,-0.3091,0.5052,-3.4102,car,571,85.573,-69.0759,8.357,1.5156,8.4855,-0.3647,7.8183,8.493320455510906,30.575953639839263,-10.6571,2.8212000000000046,-1.0111999999999997,-4.870900000000001,4.974755496504327,11.024198376752842,0,09_570_571_21521_ego_571,0,21521,21521,21528,vehicle_vehicle,0.31596461272486803,1.428810137342589,2.2629869699937393,12.405849920501218,15.0,3.0,3.5,0.8,8.307366495466537,29.906519383679534
9,570,21583,223,75.6517,-74.9891,53.9253,2.0884,4.7102,-0.0452,-0.0692,0.0148,0.0387,-0.0825,0.0042,0.04,-0.0108,car,571,85.573,-69.0759,8.357,1.5156,8.4855,-0.3647,7.8183,8.493320455510906,30.575953639839263,-9.921299999999988,-5.913199999999989,-8.402199999999999,-1.5848,8.550354137695116,11.549810731349655,0,09_570_571_21521_ego_571,1,21521,21521,21528,vehicle_vehicle,0.31596461272486803,1.428810137342589,2.2629869699937393,12.405849920501218,15.0,3.0,3.5,0.8,8.307366495466537,29.906519383679534
9,571,21583,187,85.573,-69.0759,7.8183,2.0949,4.8005,8.357,1.5156,-0.5906,2.8527,8.4855,-0.3647,-0.1971,-2.9066,car,571,85.573,-69.0759,8.357,1.5156,8.4855,-0.3647,7.8183,8.493320455510906,30.575953639839263,0.0,0.0,0.0,0.0,0.0,0.0,1,09_570_571_21521_ego_571,1,21521,21521,21528,vehicle_vehicle,0.31596461272486803,1.428810137342589,2.2629869699937393,12.405849920501218,15.0,3.0,3.5,0.8,8.307366495466537,29.906519383679534
9,574,21583,151,71.8717,-80.0668,60.9805,2.1286,4.9218,0.0005,0.0095,0.0226,-0.007,0.0086,-0.0042,0.0049,0.0231,car,571,85.573,-69.0759,8.357,1.5156,8.4855,-0.3647,7.8183,8.493320455510906,30.575953639839263,-13.70129999999999,-10.990899999999996,-8.356499999999999,-1.5061,8.491138290005644,17.564894093048203,0,09_570_571_21521_ego_571,0,21521,21521,21528,vehicle_vehicle,0.31596461272486803,1.428810137342589,2.2629869699937393,12.405849920501218,15.0,3.0,3.5,0.8,8.307366495466537,29.906519383679534
9,568,21584,361,100.6069,-61.6203,16.7098,2.0523,4.4999,8.9247,2.3936,1.1906,-2.3312,9.2361,0.2735,0.47,2.5751,car,571,85.9074,-69.0151,8.3328,1.6332,8.484,-0.3521,8.7129,8.491342536960808,30.56883313305891,14.6995,7.394800000000004,0.591899999999999,0.7604000000000002,0.9636149490330663,16.454736925578604,0,09_570_571_21521_ego_571,0,21521,21521,21528,vehicle_vehicle,0.31596461272486803,1.428810137342589,2.2629869699937393,12.405849920501218,15.0,3.0,3.5,0.8,8.307366495466537,29.906519383679534
9,569,21584,280,75.2122,-66.3876,334.3146,1.8992,3.847,7.4321,-3.2437,1.908,2.8852,8.1037,-0.2981,0.469,-3.4271,car,571,85.9074,-69.0151,8.3328,1.6332,8.484,-0.3521,8.7129,8.491342536960808,30.56883313305891,-10.6952,2.6274999999999977,-0.9007000000000005,-4.8769,4.959376382167419,11.013222021279693,0,09_570_571_21521_ego_571,0,21521,21521,21528,vehicle_vehicle,0.31596461272486803,1.428810137342589,2.2629869699937393,12.405849920501218,15.0,3.0,3.5,0.8,8.307366495466537,29.906519383679534
9,570,21584,224,75.6492,-74.9908,53.9132,2.0884,4.7102,-0.0485,-0.0719,0.0347,0.0681,-0.0867,0.0031,0.0755,-0.0121,car,571,85.9074,-69.0151,8.3328,1.6332,8.484,-0.3521,8.7129,8.491342536960808,30.56883313305891,-10.258200000000002,-5.975699999999989,-8.381300000000001,-1.7051,8.55298519231736,11.871800947202573,0,09_570_571_21521_ego_571,1,21521,21521,21528,vehicle_vehicle,0.31596461272486803,1.428810137342589,2.2629869699937393,12.405849920501218,15.0,3.0,3.5,0.8,8.307366495466537,29.906519383679534
9,571,21584,188,85.9074,-69.0151,8.7129,2.0949,4.8005,8.3328,1.6332,-0.6379,2.8352,8.484,-0.3521,-0.2011,-2.8992,car,571,85.9074,-69.0151,8.3328,1.6332,8.484,-0.3521,8.7129,8.491342536960808,30.56883313305891,0.0,0.0,0.0,0.0,0.0,0.0,1,09_570_571_21521_ego_571,1,21521,21521,21528,vehicle_vehicle,0.31596461272486803,1.428810137342589,2.2629869699937393,12.405849920501218,15.0,3.0,3.5,0.8,8.307366495466537,29.906519383679534
9,574,21584,152,71.8716,-80.0662,60.9677,2.1286,4.9218,0.0017,0.0096,0.0215,-0.0092,0.0092,-0.0032,0.0024,0.0233,car,571,85.9074,-69.0151,8.3328,1.6332,8.484,-0.3521,8.7129,8.491342536960808,30.56883313305891,-14.035799999999995,-11.051099999999991,-8.331100000000001,-1.6236,8.487832713360932,17.864223824448676,0,09_570_571_21521_ego_571,0,21521,21521,21528,vehicle_vehicle,0.31596461272486803,1.428810137342589,2.2629869699937393,12.405849920501218,15.0,3.0,3.5,0.8,8.307366495466537,29.906519383679534
9,568,21585,362,100.9671,-61.5263,16.0854,2.0523,4.4999,8.9771,2.2945,1.1845,-2.3918,9.2613,0.2826,0.4755,2.6263,car,571,86.2413,-68.9488,8.3062,1.7507,8.4821,-0.3322,9.6592,8.488693004815289,30.55929481733504,14.725800000000007,7.4225000000000065,0.6708999999999996,0.5438000000000003,0.8636117472568329,16.490685003661923,0,09_570_571_21521_ego_571,0,21521,21521,21528,vehicle_vehicle,0.31596461272486803,1.428810137342589,2.2629869699937393,12.405849920501218,15.0,3.0,3.5,0.8,8.307366495466537,29.906519383679534
9,569,21585,281,75.5121,-66.5164,335.3648,1.8992,3.847,7.515,-3.1289,1.8236,2.9532,8.1352,-0.2884,0.4267,-3.4445,car,571,86.2413,-68.9488,8.3062,1.7507,8.4821,-0.3322,9.6592,8.488693004815289,30.55929481733504,-10.729199999999992,2.4324000000000012,-0.7912000000000008,-4.8796,4.943328190601956,11.001468192927698,0,09_570_571_21521_ego_571,0,21521,21521,21528,vehicle_vehicle,0.31596461272486803,1.428810137342589,2.2629869699937393,12.405849920501218,15.0,3.0,3.5,0.8,8.307366495466537,29.906519383679534
9,570,21585,225,75.6468,-74.9934,53.8897,2.0884,4.7102,-0.0509,-0.0735,0.0584,0.1018,-0.0894,0.0022,0.1167,-0.0128,car,571,86.2413,-68.9488,8.3062,1.7507,8.4821,-0.3322,9.6592,8.488693004815289,30.55929481733504,-10.594499999999996,-6.044599999999988,-8.3571,-1.8241999999999998,8.553877836981307,12.197566126486045,0,09_570_571_21521_ego_571,1,21521,21521,21528,vehicle_vehicle,0.31596461272486803,1.428810137342589,2.2629869699937393,12.405849920501218,15.0,3.0,3.5,0.8,8.307366495466537,29.906519383679534
9,571,21585,189,86.2413,-68.9488,9.6592,2.0949,4.8005,8.3062,1.7507,-0.6843,2.814,8.4821,-0.3322,-0.2025,-2.8889,car,571,86.2413,-68.9488,8.3062,1.7507,8.4821,-0.3322,9.6592,8.488693004815289,30.55929481733504,0.0,0.0,0.0,0.0,0.0,0.0,1,09_570_571_21521_ego_571,1,21521,21521,21528,vehicle_vehicle,0.31596461272486803,1.428810137342589,2.2629869699937393,12.405849920501218,15.0,3.0,3.5,0.8,8.307366495466537,29.906519383679534
9,574,21585,153,71.8715,-80.0656,60.9515,2.1286,4.9218,0.003,0.0095,0.0201,-0.0118,0.0097,-0.002,-0.0005,0.0233,car,571,86.2413,-68.9488,8.3062,1.7507,8.4821,-0.3322,9.6592,8.488693004815289,30.55929481733504,-14.369799999999998,-11.116799999999998,-8.3032,-1.7411999999999999,8.483802666257626,18.16794964435998,0,09_570_571_21521_ego_571,0,21521,21521,21528,vehicle_vehicle,0.31596461272486803,1.428810137342589,2.2629869699937393,12.405849920501218,15.0,3.0,3.5,0.8,8.307366495466537,29.906519383679534
9,568,21586,363,101.3291,-61.4368,15.4584,2.0523,4.4999,9.0284,2.1931,1.1742,-2.4466,9.2864,0.2926,0.4796,2.6711,car,571,86.5742,-68.878,8.2772,1.8678,8.4796,-0.3132,10.6009,8.485323604907476,30.547164977666917,14.754899999999992,7.441200000000002,0.751199999999999,0.3252999999999999,0.8186095100840195,16.525087940764486,0,09_570_571_21521_ego_571,0,21521,21521,21528,vehicle_vehicle,0.31596461272486803,1.428810137342589,2.2629869699937393,12.405849920501218,15.0,3.0,3.5,0.8,8.307366495466537,29.906519383679534
9,569,21586,282,75.8159,-66.6406,336.4299,1.8992,3.847,7.5937,-3.0108,1.7331,3.0214,8.1641,-0.2769,0.3803,-3.4623,car,571,86.5742,-68.878,8.2772,1.8678,8.4796,-0.3132,10.6009,8.485323604907476,30.547164977666917,-10.758300000000006,2.237399999999994,-0.6835000000000004,-4.8786000000000005,4.926247071554573,10.988492965370643,0,09_570_571_21521_ego_571,0,21521,21521,21528,vehicle_vehicle,0.31596461272486803,1.428810137342589,2.2629869699937393,12.405849920501218,15.0,3.0,3.5,0.8,8.307366495466537,29.906519383679534
9,570,21586,226,75.6451,-74.9962,53.8713,2.0884,4.7102,-0.0523,-0.0738,0.0859,0.1399,-0.0905,0.0013,0.1636,-0.0131,car,571,86.5742,-68.878,8.2772,1.8678,8.4796,-0.3132,10.6009,8.485323604907476,30.547164977666917,-10.929100000000005,-6.118200000000002,-8.329500000000001,-1.9416,8.552799589023468,12.525078764223407,0,09_570_571_21521_ego_571,1,21521,21521,21528,vehicle_vehicle,0.31596461272486803,1.428810137342589,2.2629869699937393,12.405849920501218,15.0,3.0,3.5,0.8,8.307366495466537,29.906519383679534
9,571,21586,190,86.5742,-68.878,10.6009,2.0949,4.8005,8.2772,1.8678,-0.7294,2.7884,8.4796,-0.3132,-0.204,-2.875,car,571,86.5742,-68.878,8.2772,1.8678,8.4796,-0.3132,10.6009,8.485323604907476,30.547164977666917,0.0,0.0,0.0,0.0,0.0,0.0,1,09_570_571_21521_ego_571,1,21521,21521,21528,vehicle_vehicle,0.31596461272486803,1.428810137342589,2.2629869699937393,12.405849920501218,15.0,3.0,3.5,0.8,8.307366495466537,29.906519383679534
9,574,21586,154,71.8713,-80.065,60.9378,2.1286,4.9218,0.0043,0.0091,0.0183,-0.0145,0.0101,-0.0007,-0.0038,0.0231,car,571,86.5742,-68.878,8.2772,1.8678,8.4796,-0.3132,10.6009,8.485323604907476,30.547164977666917,-14.7029,-11.186999999999998,-8.2729,-1.8586999999999998,8.4791296782158,18.47496244678186,0,09_570_571_21521_ego_571,0,21521,21521,21528,vehicle_vehicle,0.31596461272486803,1.428810137342589,2.2629869699937393,12.405849920501218,15.0,3.0,3.5,0.8,8.307366495466537,29.906519383679534
9,568,21587,364,101.6923,-61.3522,14.8232,2.0523,4.4999,9.0789,2.09,1.16,-2.496,9.3115,0.3022,0.4829,2.7097,car,571,86.9062,-68.8019,8.2459,1.9843,8.4763,-0.2888,11.5791,8.481291959365626,30.532651053716254,14.786100000000005,7.4497,0.8330000000000002,0.1056999999999999,0.8396793971510795,16.55677454397444,0,09_570_571_21521_ego_571,0,21521,21521,21528,vehicle_vehicle,0.31596461272486803,1.428810137342589,2.2629869699937393,12.405849920501218,15.0,3.0,3.5,0.8,8.307366495466537,29.906519383679534
9,569,21587,283,76.1231,-66.7604,337.5011,1.8992,3.847,7.668,-2.8892,1.6371,3.0893,8.19,-0.265,0.3303,-3.4806,car,571,86.9062,-68.8019,8.2459,1.9843,8.4763,-0.2888,11.5791,8.481291959365626,30.532651053716254,-10.783100000000005,2.041499999999999,-0.5779000000000005,-4.8735,4.907644104863351,10.974651149808821,0,09_570_571_21521_ego_571,0,21521,21521,21528,vehicle_vehicle,0.31596461272486803,1.428810137342589,2.2629869699937393,12.405849920501218,15.0,3.0,3.5,0.8,8.307366495466537,29.906519383679534
9,570,21587,227,75.6436,-74.9997,53.8541,2.0884,4.7102,-0.0529,-0.0724,0.1173,0.1822,-0.0897,-0.0001,0.2163,-0.0127,car,571,86.9062,-68.8019,8.2459,1.9843,8.4763,-0.2888,11.5791,8.481291959365626,30.532651053716254,-11.262599999999992,-6.197800000000001,-8.2988,-2.0566999999999998,8.549859433347427,12.855305659532169,0,09_570_571_21521_ego_571,1,21521,21521,21528,vehicle_vehicle,0.31596461272486803,1.428810137342589,2.2629869699937393,12.405849920501218,15.0,3.0,3.5,0.8,8.307366495466537,29.906519383679534
9,571,21587,191,86.9062,-68.8019,11.5791,2.0949,4.8005,8.2459,1.9843,-0.7726,2.7581,8.4763,-0.2888,-0.2033,-2.857,car,571,86.9062,-68.8019,8.2459,1.9843,8.4763,-0.2888,11.5791,8.481291959365626,30.532651053716254,0.0,0.0,0.0,0.0,0.0,0.0,1,09_570_571_21521_ego_571,1,21521,21521,21528,vehicle_vehicle,0.31596461272486803,1.428810137342589,2.2629869699937393,12.405849920501218,15.0,3.0,3.5,0.8,8.307366495466537,29.906519383679534
9,574,21587,155,71.8713,-80.0642,60.9282,2.1286,4.9218,0.0056,0.0085,0.0159,-0.0174,0.0102,0.0008,-0.0074,0.0223,car,571,86.9062,-68.8019,8.2459,1.9843,8.4763,-0.2888,11.5791,8.481291959365626,30.532651053716254,-15.034899999999993,-11.262299999999996,-8.240300000000001,-1.9758,8.473861559525268,18.78530327942564,0,09_570_571_21521_ego_571,0,21521,21521,21528,vehicle_vehicle,0.31596461272486803,1.428810137342589,2.2629869699937393,12.405849920501218,15.0,3.0,3.5,0.8,8.307366495466537,29.906519383679534
9,568,21588,365,102.0571,-61.2721,14.2055,2.0523,4.4999,9.1285,1.9856,1.1426,-2.5404,9.3366,0.3153,0.4842,2.7432,car,571,87.2378,-68.7213,8.2119,2.1,8.472,-0.2654,12.5502,8.476160782453338,30.51417881683202,14.819300000000013,7.449199999999998,0.9166000000000007,-0.11440000000000006,0.9237114917548668,16.58620611019893,0,09_570_571_21521_ego_571,0,21521,21521,21528,vehicle_vehicle,0.31596461272486803,1.428810137342589,2.2629869699937393,12.405849920501218,15.0,3.0,3.5,0.8,8.307366495466537,29.906519383679534
9,569,21588,284,76.4336,-66.8753,338.5686,1.8992,3.847,7.7375,-2.7642,1.5367,3.1562,8.2125,-0.2541,0.2772,-3.4994,car,571,87.2378,-68.7213,8.2119,2.1,8.472,-0.2654,12.5502,8.476160782453338,30.51417881683202,-10.804199999999994,1.8460000000000036,-0.47440000000000015,-4.8642,4.887279099867328,10.960768843470785,0,09_570_571_21521_ego_571,0,21521,21521,21528,vehicle_vehicle,0.31596461272486803,1.428810137342589,2.2629869699937393,12.405849920501218,15.0,3.0,3.5,0.8,8.307366495466537,29.906519383679534
9,570,21588,228,75.6426,-75.0031,53.8432,2.0884,4.7102,-0.0527,-0.069,0.1529,0.2285,-0.0868,-0.0019,0.2747,-0.0113,car,571,87.2378,-68.7213,8.2119,2.1,8.472,-0.2654,12.5502,8.476160782453338,30.51417881683202,-11.595199999999991,-6.281800000000004,-8.2646,-2.169,8.544482088459194,13.187481726243256,0,09_570_571_21521_ego_571,1,21521,21521,21528,vehicle_vehicle,0.31596461272486803,1.428810137342589,2.2629869699937393,12.405849920501218,15.0,3.0,3.5,0.8,8.307366495466537,29.906519383679534
9,571,21588,192,87.2378,-68.7213,12.5502,2.0949,4.8005,8.2119,2.1,-0.8132,2.7226,8.472,-0.2654,-0.2022,-2.8342,car,571,87.2378,-68.7213,8.2119,2.1,8.472,-0.2654,12.5502,8.476160782453338,30.51417881683202,0.0,0.0,0.0,0.0,0.0,0.0,1,09_570_571_21521_ego_571,1,21521,21521,21528,vehicle_vehicle,0.31596461272486803,1.428810137342589,2.2629869699937393,12.405849920501218,15.0,3.0,3.5,0.8,8.307366495466537,29.906519383679534
9,574,21588,156,71.8716,-80.0635,60.9242,2.1286,4.9218,0.0068,0.0076,0.0129,-0.0201,0.01,0.0022,-0.0113,0.0211,car,571,87.2378,-68.7213,8.2119,2.1,8.472,-0.2654,12.5502,8.476160782453338,30.51417881683202,-15.366199999999992,-11.342200000000005,-8.2051,-2.0924,8.467691761631384,19.098837746836846,0,09_570_571_21521_ego_571,0,21521,21521,21528,vehicle_vehicle,0.31596461272486803,1.428810137342589,2.2629869699937393,12.405849920501218,15.0,3.0,3.5,0.8,8.307366495466537,29.906519383679534
9,568,21589,366,102.4239,-61.1958,13.5719,2.0523,4.4999,9.1771,1.8798,1.122,-2.5805,9.362,0.3262,0.4851,2.7718,car,571,87.5677,-68.6355,8.1754,2.2143,8.4664,-0.2461,13.4903,8.469963969817108,30.49187029134159,14.856200000000001,7.439699999999995,1.0016999999999996,-0.33450000000000024,1.056074400788126,16.61492746087084,0,09_570_571_21521_ego_571,0,21521,21521,21528,vehicle_vehicle,0.31596461272486803,1.428810137342589,2.2629869699937393,12.405849920501218,15.0,3.0,3.5,0.8,8.307366495466537,29.906519383679534
9,569,21589,285,76.7471,-66.9848,339.6227,1.8992,3.847,7.8019,-2.636,1.4328,3.2213,8.2315,-0.2456,0.2215,-3.5186,car,571,87.5677,-68.6355,8.1754,2.2143,8.4664,-0.2461,13.4903,8.469963969817108,30.49187029134159,-10.820599999999999,1.6506999999999863,-0.37349999999999994,-4.850300000000001,4.864659529710174,10.945784341471375,0,09_570_571_21521_ego_571,0,21521,21521,21528,vehicle_vehicle,0.31596461272486803,1.428810137342589,2.2629869699937393,12.405849920501218,15.0,3.0,3.5,0.8,8.307366495466537,29.906519383679534
9,570,21589,229,75.6411,-75.0058,53.8408,2.0884,4.7102,-0.0512,-0.0636,0.1931,0.2786,-0.0816,-0.0038,0.3389,-0.0085,car,571,87.5677,-68.6355,8.1754,2.2143,8.4664,-0.2461,13.4903,8.469963969817108,30.49187029134159,-11.926600000000008,-6.3703,-8.2266,-2.2779000000000003,8.536145264110727,13.521261392710377,0,09_570_571_21521_ego_571,1,21521,21521,21528,vehicle_vehicle,0.31596461272486803,1.428810137342589,2.2629869699937393,12.405849920501218,15.0,3.0,3.5,0.8,8.307366495466537,29.906519383679534
9,571,21589,193,87.5677,-68.6355,13.4903,2.0949,4.8005,8.1754,2.2143,-0.8502,2.6817,8.4664,-0.2461,-0.2012,-2.8061,car,571,87.5677,-68.6355,8.1754,2.2143,8.4664,-0.2461,13.4903,8.469963969817108,30.49187029134159,0.0,0.0,0.0,0.0,0.0,0.0,1,09_570_571_21521_ego_571,1,21521,21521,21528,vehicle_vehicle,0.31596461272486803,1.428810137342589,2.2629869699937393,12.405849920501218,15.0,3.0,3.5,0.8,8.307366495466537,29.906519383679534
9,574,21589,157,71.8722,-80.0632,60.9204,2.1286,4.9218,0.0078,0.0067,0.0095,-0.0226,0.0096,0.0035,-0.0152,0.0192,car,571,87.5677,-68.6355,8.1754,2.2143,8.4664,-0.2461,13.4903,8.469963969817108,30.49187029134159,-15.695499999999996,-11.427700000000002,-8.1676,-2.2076000000000002,8.460684813890659,19.414969676515074,0,09_570_571_21521_ego_571,0,21521,21521,21528,vehicle_vehicle,0.31596461272486803,1.428810137342589,2.2629869699937393,12.405849920501218,15.0,3.0,3.5,0.8,8.307366495466537,29.906519383679534
9,568,21590,367,102.7922,-61.1245,12.9275,2.0523,4.4999,9.2248,1.7731,1.0986,-2.6168,9.3877,0.3356,0.4853,2.7962,car,571,87.8961,-68.5448,8.1366,2.3271,8.4597,-0.2302,14.4018,8.462839592595383,30.46622253334338,14.89609999999999,7.4202999999999975,1.0882000000000005,-0.5540000000000003,1.2211041069458415,16.64195443149631,0,09_570_571_21521_ego_571,0,21521,21521,21528,vehicle_vehicle,0.31596461272486803,1.428810137342589,2.2629869699937393,12.405849920501218,15.0,3.0,3.5,0.8,8.307366495466537,29.906519383679534
9,569,21590,286,77.063,-67.0887,340.6706,1.8992,3.847,7.861,-2.5047,1.3266,3.2842,8.2469,-0.2384,0.1647,-3.5382,car,571,87.8961,-68.5448,8.1366,2.3271,8.4597,-0.2302,14.4018,8.462839592595383,30.46622253334338,-10.833100000000002,1.4560999999999922,-0.27559999999999985,-4.8318,4.839653561981478,10.930520702144067,0,09_570_571_21521_ego_571,0,21521,21521,21528,vehicle_vehicle,0.31596461272486803,1.428810137342589,2.2629869699937393,12.405849920501218,15.0,3.0,3.5,0.8,8.307366495466537,29.906519383679534
9,570,21590,230,75.639,-75.0079,53.8438,2.0884,4.7102,-0.048,-0.0564,0.2379,0.3326,-0.0739,-0.0055,0.4089,-0.0042,car,571,87.8961,-68.5448,8.1366,2.3271,8.4597,-0.2302,14.4018,8.462839592595383,30.46622253334338,-12.257100000000008,-6.463100000000011,-8.1846,-2.3835,8.524596730051222,13.85670097894879,0,09_570_571_21521_ego_571,1,21521,21521,21528,vehicle_vehicle,0.31596461272486803,1.428810137342589,2.2629869699937393,12.405849920501218,15.0,3.0,3.5,0.8,8.307366495466537,29.906519383679534
9,571,21590,194,87.8961,-68.5448,14.4018,2.0949,4.8005,8.1366,2.3271,-0.8829,2.6353,8.4597,-0.2302,-0.1997,-2.7721,car,571,87.8961,-68.5448,8.1366,2.3271,8.4597,-0.2302,14.4018,8.462839592595383,30.46622253334338,0.0,0.0,0.0,0.0,0.0,0.0,1,09_570_571_21521_ego_571,1,21521,21521,21528,vehicle_vehicle,0.31596461272486803,1.428810137342589,2.2629869699937393,12.405849920501218,15.0,3.0,3.5,0.8,8.307366495466537,29.906519383679534
9,574,21590,158,71.873,-80.0627,60.9191,2.1286,4.9218,0.0084,0.0055,0.0056,-0.0249,0.0089,0.0047,-0.019,0.017,car,571,87.8961,-68.5448,8.1366,2.3271,8.4597,-0.2302,14.4018,8.462839592595383,30.46622253334338,-16.0231,-11.517900000000012,-8.1282,-2.3216,8.45325155191776,19.733265163677302,0,09_570_571_21521_ego_571,0,21521,21521,21528,vehicle_vehicle,0.31596461272486803,1.428810137342589,2.2629869699937393,12.405849920501218,15.0,3.0,3.5,0.8,8.307366495466537,29.906519383679534
9,568,21591,368,103.1623,-61.0573,12.2564,2.0523,4.4999,9.2714,1.6656,1.0725,-2.6499,9.4137,0.3405,0.4855,2.8171,car,571,88.2223,-68.4498,8.096,2.4381,8.4523,-0.2184,15.2796,8.455149177276532,30.438537038195516,14.939999999999998,7.392499999999998,1.1753999999999998,-0.7725,1.4065281404934633,16.668912869470518,0,09_570_571_21521_ego_571,0,21521,21521,21528,vehicle_vehicle,0.31596461272486803,1.428810137342589,2.2629869699937393,12.405849920501218,15.0,3.0,3.5,0.8,8.307366495466537,29.906519383679534
9,569,21591,287,77.3809,-67.1874,341.7069,1.8992,3.847,7.9149,-2.3705,1.2191,3.3445,8.2589,-0.2336,0.1077,-3.5582,car,571,88.2223,-68.4498,8.096,2.4381,8.4523,-0.2184,15.2796,8.455149177276532,30.438537038195516,-10.841400000000007,1.2623999999999995,-0.18109999999999982,-4.8086,4.812009057555898,10.914651058096185,0,09_570_571_21521_ego_571,0,21521,21521,21528,vehicle_vehicle,0.31596461272486803,1.428810137342589,2.2629869699937393,12.405849920501218,15.0,3.0,3.5,0.8,8.307366495466537,29.906519383679534
9,570,21591,231,75.6376,-75.0104,53.8606,2.0884,4.7102,-0.0432,-0.0468,0.2873,0.3904,-0.0633,-0.0073,0.4847,0.0018,car,571,88.2223,-68.4498,8.096,2.4381,8.4523,-0.2184,15.2796,8.455149177276532,30.438537038195516,-12.584699999999998,-6.560600000000008,-8.1392,-2.4849,8.510070778201554,14.192115643905952,0,09_570_571_21521_ego_571,1,21521,21521,21528,vehicle_vehicle,0.31596461272486803,1.428810137342589,2.2629869699937393,12.405849920501218,15.0,3.0,3.5,0.8,8.307366495466537,29.906519383679534
9,571,21591,195,88.2223,-68.4498,15.2796,2.0949,4.8005,8.096,2.4381,-0.9106,2.5834,8.4523,-0.2184,-0.1976,-2.7321,car,571,88.2223,-68.4498,8.096,2.4381,8.4523,-0.2184,15.2796,8.455149177276532,30.438537038195516,0.0,0.0,0.0,0.0,0.0,0.0,1,09_570_571_21521_ego_571,1,21521,21521,21528,vehicle_vehicle,0.31596461272486803,1.428810137342589,2.2629869699937393,12.405849920501218,15.0,3.0,3.5,0.8,8.307366495466537,29.906519383679534
9,574,21591,159,71.874,-80.0619,60.9172,2.1286,4.9218,0.0086,0.004,0.0017,-0.0268,0.0076,0.0056,-0.0226,0.0145,car,571,88.2223,-68.4498,8.096,2.4381,8.4523,-0.2184,15.2796,8.455149177276532,30.438537038195516,-16.34830000000001,-11.612099999999998,-8.0874,-2.4341,8.445761159895538,20.05262524708424,0,09_570_571_21521_ego_571,0,21521,21521,21528,vehicle_vehicle,0.31596461272486803,1.428810137342589,2.2629869699937393,12.405849920501218,15.0,3.0,3.5,0.8,8.307366495466537,29.906519383679534
9,568,21592,369,103.5335,-60.9945,11.5755,2.0523,4.4999,9.3172,1.5575,1.0435,-2.6805,9.4403,0.3438,0.4844,2.8354,car,571,88.546,-68.3501,8.0539,2.547,8.4446,-0.2049,16.1589,8.447041743119303,30.409350275229492,14.987499999999997,7.3555999999999955,1.2632999999999992,-0.9895,1.6046922259424072,16.695209121481522,0,09_570_571_21521_ego_571,0,21521,21521,21528,vehicle_vehicle,0.31596461272486803,1.428810137342589,2.2629869699937393,12.405849920501218,15.0,3.0,3.5,0.8,8.307366495466537,29.906519383679534
9,569,21592,288,77.7006,-67.2814,342.7395,1.8992,3.847,7.9636,-2.2331,1.1111,3.4016,8.2676,-0.2304,0.0518,-3.5781,car,571,88.546,-68.3501,8.0539,2.547,8.4446,-0.2049,16.1589,8.447041743119303,30.409350275229492,-10.845400000000012,1.0686999999999927,-0.09030000000000094,-4.7801,4.78095284436063,10.897927364870819,0,09_570_571_21521_ego_571,0,21521,21521,21528,vehicle_vehicle,0.31596461272486803,1.428810137342589,2.2629869699937393,12.405849920501218,15.0,3.0,3.5,0.8,8.307366495466537,29.906519383679534
9,570,21592,232,75.6365,-75.0128,53.8743,2.0884,4.7102,-0.0366,-0.0345,0.3415,0.4518,-0.0495,-0.0092,0.5662,0.0095,car,571,88.546,-68.3501,8.0539,2.547,8.4446,-0.2049,16.1589,8.447041743119303,30.409350275229492,-12.909500000000008,-6.662700000000001,-8.0905,-2.5815,8.49236907464578,14.52744855575129,0,09_570_571_21521_ego_571,1,21521,21521,21528,vehicle_vehicle,0.31596461272486803,1.428810137342589,2.2629869699937393,12.405849920501218,15.0,3.0,3.5,0.8,8.307366495466537,29.906519383679534
9,571,21592,196,88.546,-68.3501,16.1589,2.0949,4.8005,8.0539,2.547,-0.9328,2.5259,8.4446,-0.2049,-0.1929,-2.6857,car,571,88.546,-68.3501,8.0539,2.547,8.4446,-0.2049,16.1589,8.447041743119303,30.409350275229492,0.0,0.0,0.0,0.0,0.0,0.0,1,09_570_571_21521_ego_571,1,21521,21521,21528,vehicle_vehicle,0.31596461272486803,1.428810137342589,2.2629869699937393,12.405849920501218,15.0,3.0,3.5,0.8,8.307366495466537,29.906519383679534
9,574,21592,160,71.8751,-80.0614,60.9137,2.1286,4.9218,0.0084,0.0022,-0.0021,-0.0281,0.006,0.0062,-0.0256,0.0118,car,571,88.546,-68.3501,8.0539,2.547,8.4446,-0.2049,16.1589,8.447041743119303,30.409350275229492,-16.670900000000003,-11.711300000000008,-8.0455,-2.5448,8.43836935017661,20.373351577489657,0,09_570_571_21521_ego_571,0,21521,21521,21528,vehicle_vehicle,0.31596461272486803,1.428810137342589,2.2629869699937393,12.405849920501218,15.0,3.0,3.5,0.8,8.307366495466537,29.906519383679534
9,568,21593,370,103.9064,-60.9359,10.8795,2.0523,4.4999,9.3621,1.4488,1.0115,-2.7093,9.4673,0.3443,0.482,2.8515,car,571,88.8667,-68.2461,8.0113,2.6535,8.4371,-0.1949,17.0022,8.439312172209297,30.38152381995347,15.03970000000001,7.310200000000002,1.3507999999999996,-1.2047,1.8099620797132736,16.722188855828666,0,09_570_571_21521_ego_571,0,21521,21521,21528,vehicle_vehicle,0.31596461272486803,1.428810137342589,2.2629869699937393,12.405849920501218,15.0,3.0,3.5,0.8,8.307366495466537,29.906519383679534
9,569,21593,289,78.0218,-67.3698,343.7825,1.8992,3.847,8.0074,-2.0927,1.0035,3.4547,8.2732,-0.2269,-0.0013,-3.5975,car,571,88.8667,-68.2461,8.0113,2.6535,8.4371,-0.1949,17.0022,8.439312172209297,30.38152381995347,-10.844899999999996,0.8763000000000005,-0.0038999999999997925,-4.7462,4.746201602334229,10.880246215044947,0,09_570_571_21521_ego_571,0,21521,21521,21528,vehicle_vehicle,0.31596461272486803,1.428810137342589,2.2629869699937393,12.405849920501218,15.0,3.0,3.5,0.8,8.307366495466537,29.906519383679534
9,570,21593,233,75.6349,-75.0148,53.894,2.0884,4.7102,-0.0276,-0.0194,0.4004,0.5163,-0.032,-0.0108,0.6531,0.0193,car,571,88.8667,-68.2461,8.0113,2.6535,8.4371,-0.1949,17.0022,8.439312172209297,30.38152381995347,-13.231799999999993,-6.7686999999999955,-8.0389,-2.6729000000000003,8.471617768761762,14.862564749396375,0,09_570_571_21521_ego_571,1,21521,21521,21528,vehicle_vehicle,0.31596461272486803,1.428810137342589,2.2629869699937393,12.405849920501218,15.0,3.0,3.5,0.8,8.307366495466537,29.906519383679534
9,571,21593,197,88.8667,-68.2461,17.0022,2.0949,4.8005,8.0113,2.6535,-0.9495,2.463,8.4371,-0.1949,-0.1878,-2.6329,car,571,88.8667,-68.2461,8.0113,2.6535,8.4371,-0.1949,17.0022,8.439312172209297,30.38152381995347,0.0,0.0,0.0,0.0,0.0,0.0,1,09_570_571_21521_ego_571,1,21521,21521,21528,vehicle_vehicle,0.31596461272486803,1.428810137342589,2.2629869699937393,12.405849920501218,15.0,3.0,3.5,0.8,8.307366495466537,29.906519383679534
9,574,21593,161,71.8762,-80.0612,60.9183,2.1286,4.9218,0.0077,0.0004,-0.0054,-0.0287,0.0041,0.0065,-0.0277,0.0092,car,571,88.8667,-68.2461,8.0113,2.6535,8.4371,-0.1949,17.0022,8.439312172209297,30.38152381995347,-16.990499999999997,-11.815100000000001,-8.0036,-2.6531000000000002,8.431877167629994,20.694774177555068,0,09_570_571_21521_ego_571,0,21521,21521,21528,vehicle_vehicle,0.31596461272486803,1.428810137342589,2.2629869699937393,12.405849920501218,15.0,3.0,3.5,0.8,8.307366495466537,29.906519383679534
9,568,21594,371,104.2806,-60.8818,10.1816,2.0523,4.4999,9.4062,1.3396,0.9762,-2.737,9.4949,0.3442,0.477,2.8664,car,571,89.1854,-68.1373,7.9685,2.7572,8.4299,-0.1871,17.8151,8.432030840195024,30.355311024702086,15.095200000000006,7.255499999999998,1.4377000000000004,-1.4176000000000002,2.0190520176558113,16.74835345011563,0,09_570_571_21521_ego_571,0,21521,21521,21528,vehicle_vehicle,0.31596461272486803,1.428810137342589,2.2629869699937393,12.405849920501218,15.0,3.0,3.5,0.8,8.307366495466537,29.906519383679534
9,569,21594,290,78.3444,-67.4524,344.824,1.8992,3.847,8.0462,-1.9495,0.8969,3.5031,8.276,-0.2249,-0.0514,-3.6157,car,571,89.1854,-68.1373,7.9685,2.7572,8.4299,-0.1871,17.8151,8.432030840195024,30.355311024702086,-10.841000000000008,0.684899999999999,0.07770000000000099,-4.7067,4.7073413069374945,10.862613360052919,0,09_570_571_21521_ego_571,0,21521,21521,21528,vehicle_vehicle,0.31596461272486803,1.428810137342589,2.2629869699937393,12.405849920501218,15.0,3.0,3.5,0.8,8.307366495466537,29.906519383679534
9,570,21594,234,75.6327,-75.0162,53.9203,2.0884,4.7102,-0.0157,-0.0014,0.4638,0.5836,-0.0103,-0.0119,0.7448,0.0312,car,571,89.1854,-68.1373,7.9685,2.7572,8.4299,-0.1871,17.8151,8.432030840195024,30.355311024702086,-13.552700000000002,-6.878900000000002,-7.9841999999999995,-2.7586,8.447326417275468,15.198517773125117,0,09_570_571_21521_ego_571,1,21521,21521,21528,vehicle_vehicle,0.31596461272486803,1.428810137342589,2.2629869699937393,12.405849920501218,15.0,3.0,3.5,0.8,8.307366495466537,29.906519383679534
9,571,21594,198,89.1854,-68.1373,17.8151,2.0949,4.8005,7.9685,2.7572,-0.9611,2.3946,8.4299,-0.1871,-0.1824,-2.5739,car,571,89.1854,-68.1373,7.9685,2.7572,8.4299,-0.1871,17.8151,8.432030840195024,30.355311024702086,0.0,0.0,0.0,0.0,0.0,0.0,1,09_570_571_21521_ego_571,1,21521,21521,21528,vehicle_vehicle,0.31596461272486803,1.428810137342589,2.2629869699937393,12.405849920501218,15.0,3.0,3.5,0.8,8.307366495466537,29.906519383679534
9,574,21594,162,71.8772,-80.0613,60.9301,2.1286,4.9218,0.0066,-0.0014,-0.008,-0.0286,0.002,0.0064,-0.0289,0.0069,car,571,89.1854,-68.1373,7.9685,2.7572,8.4299,-0.1871,17.8151,8.432030840195024,30.355311024702086,-17.3082,-11.924000000000007,-7.9619,-2.7586,8.426252166295523,21.017981902171297,0,09_570_571_21521_ego_571,0,21521,21521,21528,vehicle_vehicle,0.31596461272486803,1.428810137342589,2.2629869699937393,12.405849920501218,15.0,3.0,3.5,0.8,8.307366495466537,29.906519383679534
9,568,21595,372,104.6565,-60.8313,9.4651,2.0523,4.4999,9.4493,1.2296,0.937,-2.7639,9.5228,0.341,0.4697,2.8804,car,571,89.5028,-68.0236,7.9253,2.8576,8.4229,-0.1771,18.6231,8.424740817971792,30.32906694469845,15.1537,7.192300000000003,1.5239999999999991,-1.6280000000000001,2.2300134528742195,16.77390243741748,0,09_570_571_21521_ego_571,0,21521,21521,21528,vehicle_vehicle,0.31596461272486803,1.428810137342589,2.2629869699937393,12.405849920501218,15.0,3.0,3.5,0.8,8.307366495466537,29.906519383679534
9,569,21595,291,78.6686,-67.5284,345.874,1.8992,3.847,8.0801,-1.8041,0.7919,3.5464,8.2761,-0.2225,-0.0975,-3.6324,car,571,89.5028,-68.0236,7.9253,2.8576,8.4229,-0.1771,18.6231,8.424740817971792,30.32906694469845,-10.834199999999996,0.495199999999997,0.15479999999999983,-4.6617,4.6642694958589175,10.845511176519063,0,09_570_571_21521_ego_571,0,21521,21521,21528,vehicle_vehicle,0.31596461272486803,1.428810137342589,2.2629869699937393,12.405849920501218,15.0,3.0,3.5,0.8,8.307366495466537,29.906519383679534
9,570,21595,235,75.6301,-75.0169,53.9508,2.0884,4.7102,-0.0003,0.0199,0.5308,0.6532,0.0159,-0.012,0.8405,0.0448,car,571,89.5028,-68.0236,7.9253,2.8576,8.4229,-0.1771,18.6231,8.424740817971792,30.32906694469845,-13.872699999999995,-6.993300000000005,-7.9256,-2.8377000000000003,8.418294165090693,15.535702436002046,0,09_570_571_21521_ego_571,1,21521,21521,21528,vehicle_vehicle,0.31596461272486803,1.428810137342589,2.2629869699937393,12.405849920501218,15.0,3.0,3.5,0.8,8.307366495466537,29.906519383679534
9,571,21595,199,89.5028,-68.0236,18.6231,2.0949,4.8005,7.9253,2.8576,-0.968,2.3214,8.4229,-0.1771,-0.176,-2.509,car,571,89.5028,-68.0236,7.9253,2.8576,8.4229,-0.1771,18.6231,8.424740817971792,30.32906694469845,0.0,0.0,0.0,0.0,0.0,0.0,1,09_570_571_21521_ego_571,1,21521,21521,21528,vehicle_vehicle,0.31596461272486803,1.428810137342589,2.2629869699937393,12.405849920501218,15.0,3.0,3.5,0.8,8.307366495466537,29.906519383679534
9,574,21595,163,71.8777,-80.0615,60.9338,2.1286,4.9218,0.0053,-0.0032,-0.0096,-0.0279,-0.0003,0.0062,-0.0291,0.0052,car,571,89.5028,-68.0236,7.9253,2.8576,8.4229,-0.1771,18.6231,8.424740817971792,30.32906694469845,-17.62509999999999,-12.037899999999993,-7.92,-2.8608000000000002,8.420841801150287,21.343738810714477,0,09_570_571_21521_ego_571,0,21521,21521,21528,vehicle_vehicle,0.31596461272486803,1.428810137342589,2.2629869699937393,12.405849920501218,15.0,3.0,3.5,0.8,8.307366495466537,29.906519383679534
9,568,21596,373,105.0359,-60.7838,8.7472,2.0523,4.4999,9.4905,1.1184,0.8939,-2.7904,9.5502,0.3379,0.4592,2.8938,car,571,89.819,-67.9078,7.882,2.9552,8.4161,-0.1691,19.4014,8.417786587933909,30.304031716562072,15.216899999999995,7.123999999999995,1.6085000000000012,-1.8368,2.4415377306115924,16.801946958909248,0,09_570_571_21521_ego_571,0,21521,21521,21528,vehicle_vehicle,0.31596461272486803,1.428810137342589,2.2629869699937393,12.405849920501218,15.0,3.0,3.5,0.8,8.307366495466537,29.906519383679534
9,569,21596,292,78.9938,-67.5981,346.9405,1.8992,3.847,8.1093,-1.6567,0.6892,3.5842,8.2739,-0.2185,-0.1386,-3.6473,car,571,89.819,-67.9078,7.882,2.9552,8.4161,-0.1691,19.4014,8.417786587933909,30.304031716562072,-10.82520000000001,0.3096999999999923,0.2272999999999996,-4.6119,4.617497904709865,10.829629224031642,0,09_570_571_21521_ego_571,0,21521,21521,21528,vehicle_vehicle,0.31596461272486803,1.428810137342589,2.2629869699937393,12.405849920501218,15.0,3.0,3.5,0.8,8.307366495466537,29.906519383679534
9,570,21596,236,75.6274,-75.017,53.9836,2.0884,4.7102,0.019,0.0445,0.6003,0.7246,0.0471,-0.0108,0.9391,0.0595,car,571,89.819,-67.9078,7.882,2.9552,8.4161,-0.1691,19.4014,8.417786587933909,30.304031716562072,-14.191600000000008,-7.109200000000001,-7.8629999999999995,-2.9107,8.384446522579768,15.87268834192873,0,09_570_571_21521_ego_571,1,21521,21521,21528,vehicle_vehicle,0.31596461272486803,1.428810137342589,2.2629869699937393,12.405849920501218,15.0,3.0,3.5,0.8,8.307366495466537,29.906519383679534
9,571,21596,200,89.819,-67.9078,19.4014,2.0949,4.8005,7.882,2.9552,-0.9702,2.2435,8.4161,-0.1691,-0.1698,-2.4384,car,571,89.819,-67.9078,7.882,2.9552,8.4161,-0.1691,19.4014,8.417786587933909,30.304031716562072,0.0,0.0,0.0,0.0,0.0,0.0,1,09_570_571_21521_ego_571,1,21521,21521,21528,vehicle_vehicle,0.31596461272486803,1.428810137342589,2.2629869699937393,12.405849920501218,15.0,3.0,3.5,0.8,8.307366495466537,29.906519383679534
9,574,21596,164,71.8778,-80.0615,60.9346,2.1286,4.9218,0.0039,-0.005,-0.0103,-0.0265,-0.0025,0.0059,-0.0281,0.0039,car,571,89.819,-67.9078,7.882,2.9552,8.4161,-0.1691,19.4014,8.417786587933909,30.304031716562072,-17.94120000000001,-12.1537,-7.8781,-2.9602,8.415892326426237,21.67023491174012,0,09_570_571_21521_ego_571,0,21521,21521,21528,vehicle_vehicle,0.31596461272486803,1.428810137342589,2.2629869699937393,12.405849920501218,15.0,3.0,3.5,0.8,8.307366495466537,29.906519383679534
