recordingId,trackId,frame,trackLifetime,xCenter,yCenter,heading,width,length,xVelocity,yVelocity,xAcceleration,yAcceleration,lonVelocity,latVelocity,lonAcceleration,latAcceleration,class,egoTrackId,ego_xCenter,ego_yCenter,ego_xVelocity,ego_yVelocity,ego_lonVelocity,ego_latVelocity,ego_heading,ego_speed_mps,ego_speed_kph,rel_x_to_ego,rel_y_to_ego,rel_vx_to_ego,rel_vy_to_ego,rel_speed_to_ego,distance_to_ego,is_ego,event_id,is_primary_actor,event_peak_frame,event_start_frame,event_end_frame,pair_type,risk_score_peak,event_min_ttc,event_min_dcpa,event_min_distance,dist_threshold_used,ttc_threshold_used,dcpa_threshold_used,min_rel_speed_threshold_used,ego_speed_mps_peak,ego_speed_kph_peak
2,14,2850,2850,70.1136,-37.9184,229.0992,2.5807,6.6415,-0.0,-0.0,-0.0,0.0,0.0,-0.0,0.0,0.0,truck,83,82.8932,-26.8067,-5.3665,-1.6826,5.6193,0.2323,199.7754,5.62409681726764,20.246748542163505,-12.779599999999988,-11.111699999999999,5.3665,1.6826,5.62409681726764,16.93481777433698,0,02_14_83_2925_ego_83,1,2925,2920,2925,vehicle_vehicle,0.6054704788808625,0.02497140639653817,3.4476720368861087,3.4512454853284553,15.0,3.0,3.5,0.8,6.2876916272985275,22.6356898582747
2,76,2850,249,65.9658,-34.8147,224.9386,2.067,4.304,-3.9589,-4.4222,1.113,-1.4508,5.9259,-0.334,0.2369,-1.8131,car,83,82.8932,-26.8067,-5.3665,-1.6826,5.6193,0.2323,199.7754,5.62409681726764,20.246748542163505,-16.92739999999999,-8.008000000000003,1.4076000000000004,-2.7396000000000003,3.080056155332237,18.72604963039455,0,02_14_83_2925_ego_83,0,2925,2920,2925,vehicle_vehicle,0.6054704788808625,0.02497140639653817,3.4476720368861087,3.4512454853284553,15.0,3.0,3.5,0.8,6.2876916272985275,22.6356898582747
2,79,2850,139,51.9045,-46.1739,335.6178,2.301,5.8366,-0.0375,0.0129,-0.0865,0.0345,-0.0395,0.0037,-0.093,0.0043,van,83,82.8932,-26.8067,-5.3665,-1.6826,5.6193,0.2323,199.7754,5.62409681726764,20.246748542163505,-30.988699999999994,-19.367200000000004,5.329000000000001,1.6955,5.5922232832747305,36.542960519503616,0,02_14_83_2925_ego_83,0,2925,2920,2925,vehicle_vehicle,0.6054704788808625,0.02497140639653817,3.4476720368861087,3.4512454853284553,15.0,3.0,3.5,0.8,6.2876916272985275,22.6356898582747
2,82,2850,115,71.6885,-27.0939,207.3962,2.1699,4.6403,-5.6588,-3.2519,0.5259,-1.4941,6.5204,-0.2833,0.2206,-1.5685,car,83,82.8932,-26.8067,-5.3665,-1.6826,5.6193,0.2323,199.7754,5.62409681726764,20.246748542163505,-11.204699999999988,-0.2872000000000021,-0.2923,-1.5693,1.596290004980298,11.208380165304876,0,02_14_83_2925_ego_83,0,2925,2920,2925,vehicle_vehicle,0.6054704788808625,0.02497140639653817,3.4476720368861087,3.4512454853284553,15.0,3.0,3.5,0.8,6.2876916272985275,22.6356898582747
2,83,2850,90,82.8932,-26.8067,199.7754,2.1172,4.5925,-5.3665,-1.6826,-0.7927,0.2203,5.6193,0.2323,0.6714,0.4755,car,83,82.8932,-26.8067,-5.3665,-1.6826,5.6193,0.2323,199.7754,5.62409681726764,20.246748542163505,0.0,0.0,0.0,0.0,0.0,0.0,1,02_14_83_2925_ego_83,1,2925,2920,2925,vehicle_vehicle,0.6054704788808625,0.02497140639653817,3.4476720368861087,3.4512454853284553,15.0,3.0,3.5,0.8,6.2876916272985275,22.6356898582747
2,86,2850,45,85.2601,-20.5607,223.7731,2.1226,4.8555,-2.8341,-2.2245,-1.0739,0.331,3.5853,0.3543,0.5465,0.9819,car,83,82.8932,-26.8067,-5.3665,-1.6826,5.6193,0.2323,199.7754,5.62409681726764,20.246748542163505,2.366900000000001,6.245999999999999,2.5324000000000004,-0.5418999999999998,2.5897307524142357,6.6794259940506855,0,02_14_83_2925_ego_83,0,2925,2920,2925,vehicle_vehicle,0.6054704788808625,0.02497140639653817,3.4476720368861087,3.4512454853284553,15.0,3.0,3.5,0.8,6.2876916272985275,22.6356898582747
2,14,2851,2851,70.1136,-37.9184,229.0992,2.5807,6.6415,-0.0,-0.0,-0.0,0.0,0.0,0.0,0.0,0.0,truck,83,82.6769,-26.8733,-5.3979,-1.6741,5.6476,0.2124,199.3844,5.651542729202355,20.345553825128476,-12.563299999999998,-11.045099999999998,5.3979,1.6741,5.651542729202355,16.728142183159488,0,02_14_83_2925_ego_83,1,2925,2920,2925,vehicle_vehicle,0.6054704788808625,0.02497140639653817,3.4476720368861087,3.4512454853284553,15.0,3.0,3.5,0.8,6.2876916272985275,22.6356898582747
2,76,2851,250,65.8084,-34.9929,225.6338,2.067,4.304,-3.9151,-4.481,1.1494,-1.4521,5.941,-0.3344,0.2344,-1.8371,car,83,82.6769,-26.8733,-5.3979,-1.6741,5.6476,0.2124,199.3844,5.651542729202355,20.345553825128476,-16.868499999999997,-8.119599999999998,1.4828000000000001,-2.8068999999999997,3.174489478640621,18.72095607627986,0,02_14_83_2925_ego_83,0,2925,2920,2925,vehicle_vehicle,0.6054704788808625,0.02497140639653817,3.4476720368861087,3.4512454853284553,15.0,3.0,3.5,0.8,6.2876916272985275,22.6356898582747
2,79,2851,140,51.9038,-46.1736,335.6176,2.301,5.8366,-0.0374,0.0125,-0.0612,0.0243,-0.0393,0.004,-0.0658,0.0031,van,83,82.6769,-26.8733,-5.3979,-1.6741,5.6476,0.2124,199.3844,5.651542729202355,20.345553825128476,-30.773100000000007,-19.3003,5.3605,1.6865999999999999,5.619571141110325,36.32471973326154,0,02_14_83_2925_ego_83,0,2925,2920,2925,vehicle_vehicle,0.6054704788808625,0.02497140639653817,3.4476720368861087,3.4512454853284553,15.0,3.0,3.5,0.8,6.2876916272985275,22.6356898582747
2,82,2851,116,71.4619,-27.224,207.9152,2.1699,4.6403,-5.6385,-3.3158,0.5649,-1.5148,6.5347,-0.2902,0.21,-1.603,car,83,82.6769,-26.8733,-5.3979,-1.6741,5.6476,0.2124,199.3844,5.651542729202355,20.345553825128476,-11.215000000000003,-0.3506999999999998,-0.2405999999999997,-1.6417,1.6592369481180196,11.220481963356123,0,02_14_83_2925_ego_83,0,2925,2920,2925,vehicle_vehicle,0.6054704788808625,0.02497140639653817,3.4476720368861087,3.4512454853284553,15.0,3.0,3.5,0.8,6.2876916272985275,22.6356898582747
2,83,2851,91,82.6769,-26.8733,199.3844,2.1172,4.5925,-5.3979,-1.6741,-0.7374,0.1725,5.6476,0.2124,0.6383,0.4074,car,83,82.6769,-26.8733,-5.3979,-1.6741,5.6476,0.2124,199.3844,5.651542729202355,20.345553825128476,0.0,0.0,0.0,0.0,0.0,0.0,1,02_14_83_2925_ego_83,1,2925,2920,2925,vehicle_vehicle,0.6054704788808625,0.02497140639653817,3.4476720368861087,3.4512454853284553,15.0,3.0,3.5,0.8,6.2876916272985275,22.6356898582747
2,86,2851,46,85.1473,-20.6493,223.2355,2.1226,4.8555,-2.8825,-2.2153,-1.1206,0.3057,3.6175,0.3606,0.607,0.9903,car,83,82.6769,-26.8733,-5.3979,-1.6741,5.6476,0.2124,199.3844,5.651542729202355,20.345553825128476,2.470399999999998,6.224,2.5154,-0.5412000000000001,2.5729622228085667,6.696346179820753,0,02_14_83_2925_ego_83,0,2925,2920,2925,vehicle_vehicle,0.6054704788808625,0.02497140639653817,3.4476720368861087,3.4512454853284553,15.0,3.0,3.5,0.8,6.2876916272985275,22.6356898582747
2,14,2852,2852,70.1136,-37.9184,229.0992,2.5807,6.6415,-0.0,0.0,-0.0,0.0,0.0,0.0,0.0,0.0,truck,83,82.4596,-26.9398,-5.4268,-1.6676,5.674,0.1933,199.0328,5.677239470024142,20.438062092086913,-12.34599999999999,-10.978599999999997,5.4268,1.6676,5.677239470024142,16.521300613450496,0,02_14_83_2925_ego_83,1,2925,2920,2925,vehicle_vehicle,0.6054704788808625,0.02497140639653817,3.4476720368861087,3.4512454853284553,15.0,3.0,3.5,0.8,6.2876916272985275,22.6356898582747
2,76,2852,251,65.6522,-35.1731,226.3406,2.067,4.304,-3.8698,-4.5399,1.1865,-1.4526,5.956,-0.3346,0.2318,-1.8612,car,83,82.4596,-26.9398,-5.4268,-1.6676,5.674,0.1933,199.0328,5.677239470024142,20.438062092086913,-16.8074,-8.233299999999996,1.557,-2.8723,3.2671633399632776,18.71565985077737,0,02_14_83_2925_ego_83,0,2925,2920,2925,vehicle_vehicle,0.6054704788808625,0.02497140639653817,3.4476720368861087,3.4512454853284553,15.0,3.0,3.5,0.8,6.2876916272985275,22.6356898582747
2,79,2852,141,51.9027,-46.1736,335.6254,2.301,5.8366,-0.0365,0.0119,-0.0395,0.0158,-0.0382,0.0042,-0.0425,0.0019,van,83,82.4596,-26.9398,-5.4268,-1.6676,5.674,0.1933,199.0328,5.677239470024142,20.438062092086913,-30.55689999999999,-19.2338,5.3903,1.6795,5.645888268465822,36.106276463379594,0,02_14_83_2925_ego_83,0,2925,2920,2925,vehicle_vehicle,0.6054704788808625,0.02497140639653817,3.4476720368861087,3.4512454853284553,15.0,3.0,3.5,0.8,6.2876916272985275,22.6356898582747
2,82,2852,117,71.2362,-27.357,208.4641,2.1699,4.6403,-5.6164,-3.3809,0.6046,-1.5311,6.5488,-0.2953,0.1982,-1.6342,car,83,82.4596,-26.9398,-5.4268,-1.6676,5.674,0.1933,199.0328,5.677239470024142,20.438062092086913,-11.223399999999998,-0.4171999999999976,-0.18959999999999955,-1.7133,1.7237589883739548,11.2311514725784,0,02_14_83_2925_ego_83,0,2925,2920,2925,vehicle_vehicle,0.6054704788808625,0.02497140639653817,3.4476720368861087,3.4512454853284553,15.0,3.0,3.5,0.8,6.2876916272985275,22.6356898582747
2,83,2852,92,82.4596,-26.9398,199.0328,2.1172,4.5925,-5.4268,-1.6676,-0.6825,0.125,5.674,0.1933,0.6044,0.3408,car,83,82.4596,-26.9398,-5.4268,-1.6676,5.674,0.1933,199.0328,5.677239470024142,20.438062092086913,0.0,0.0,0.0,0.0,0.0,0.0,1,02_14_83_2925_ego_83,1,2925,2920,2925,vehicle_vehicle,0.6054704788808625,0.02497140639653817,3.4476720368861087,3.4512454853284553,15.0,3.0,3.5,0.8,6.2876916272985275,22.6356898582747
2,86,2852,47,85.032,-20.7379,222.6892,2.1226,4.8555,-2.9332,-2.207,-1.1616,0.2844,3.6524,0.3665,0.661,0.9966,car,83,82.4596,-26.9398,-5.4268,-1.6676,5.674,0.1933,199.0328,5.677239470024142,20.438062092086913,2.572400000000002,6.201900000000002,2.4936000000000003,-0.5393999999999999,2.5512728823079667,6.714224107817674,0,02_14_83_2925_ego_83,0,2925,2920,2925,vehicle_vehicle,0.6054704788808625,0.02497140639653817,3.4476720368861087,3.4512454853284553,15.0,3.0,3.5,0.8,6.2876916272985275,22.6356898582747
2,14,2853,2853,70.1136,-37.9184,229.0992,2.5807,6.6415,-0.0,0.0,-0.0,0.0,0.0,0.0,0.0,0.0,truck,83,82.241,-27.0065,-5.4531,-1.663,5.6984,0.1746,198.7152,5.7010410110785905,20.523747639882927,-12.127399999999994,-10.9119,5.4531,1.663,5.7010410110785905,16.313901813177615,0,02_14_83_2925_ego_83,1,2925,2920,2925,vehicle_vehicle,0.6054704788808625,0.02497140639653817,3.4476720368861087,3.4512454853284553,15.0,3.0,3.5,0.8,6.2876916272985275,22.6356898582747
2,76,2853,252,65.4977,-35.355,227.055,2.067,4.304,-3.8226,-4.5992,1.2241,-1.4521,5.9709,-0.3352,0.229,-1.8853,car,83,82.241,-27.0065,-5.4531,-1.663,5.6984,0.1746,198.7152,5.7010410110785905,20.523747639882927,-16.743300000000005,-8.348499999999998,1.6305,-2.9361999999999995,3.3585414527738076,18.709236947026998,0,02_14_83_2925_ego_83,0,2925,2920,2925,vehicle_vehicle,0.6054704788808625,0.02497140639653817,3.4476720368861087,3.4512454853284553,15.0,3.0,3.5,0.8,6.2876916272985275,22.6356898582747
2,79,2853,142,51.9017,-46.1732,335.6361,2.301,5.8366,-0.0349,0.011,-0.021,0.0089,-0.0363,0.0044,-0.0228,0.0005,van,83,82.241,-27.0065,-5.4531,-1.663,5.6984,0.1746,198.7152,5.7010410110785905,20.523747639882927,-30.3393,-19.166700000000002,5.4182,1.674,5.670905328075932,35.886425196444414,0,02_14_83_2925_ego_83,0,2925,2920,2925,vehicle_vehicle,0.6054704788808625,0.02497140639653817,3.4476720368861087,3.4512454853284553,15.0,3.0,3.5,0.8,6.2876916272985275,22.6356898582747
2,82,2853,118,71.0111,-27.4931,209.0179,2.1699,4.6403,-5.5924,-3.4467,0.6446,-1.5429,6.5623,-0.3013,0.1848,-1.6619,car,83,82.241,-27.0065,-5.4531,-1.663,5.6984,0.1746,198.7152,5.7010410110785905,20.523747639882927,-11.2299,-0.48659999999999926,-0.13929999999999954,-1.7836999999999998,1.7891311243170522,11.240437427876195,0,02_14_83_2925_ego_83,0,2925,2920,2925,vehicle_vehicle,0.6054704788808625,0.02497140639653817,3.4476720368861087,3.4512454853284553,15.0,3.0,3.5,0.8,6.2876916272985275,22.6356898582747
2,83,2853,93,82.241,-27.0065,198.7152,2.1172,4.5925,-5.4531,-1.663,-0.6284,0.078,5.6984,0.1746,0.5701,0.2755,car,83,82.241,-27.0065,-5.4531,-1.663,5.6984,0.1746,198.7152,5.7010410110785905,20.523747639882927,0.0,0.0,0.0,0.0,0.0,0.0,1,02_14_83_2925_ego_83,1,2925,2920,2925,vehicle_vehicle,0.6054704788808625,0.02497140639653817,3.4476720368861087,3.4512454853284553,15.0,3.0,3.5,0.8,6.2876916272985275,22.6356898582747
2,86,2853,48,84.9141,-20.8267,222.1292,2.1226,4.8555,-2.9856,-2.1993,-1.1967,0.267,3.6896,0.3717,0.7084,1.0007,car,83,82.241,-27.0065,-5.4531,-1.663,5.6984,0.1746,198.7152,5.7010410110785905,20.523747639882927,2.673100000000005,6.1798,2.4675000000000002,-0.5363,2.525108698650417,6.733156143295656,0,02_14_83_2925_ego_83,0,2925,2920,2925,vehicle_vehicle,0.6054704788808625,0.02497140639653817,3.4476720368861087,3.4512454853284553,15.0,3.0,3.5,0.8,6.2876916272985275,22.6356898582747
2,14,2854,2854,70.1136,-37.9184,229.0992,2.5807,6.6415,-0.0,0.0,-0.0,0.0,0.0,0.0,0.0,0.0,truck,83,82.0214,-27.0733,-5.4768,-1.6601,5.7208,0.1566,198.4313,5.72287255231147,20.602341188321294,-11.907799999999995,-10.845099999999999,5.4768,1.6601,5.72287255231147,16.106268805964955,0,02_14_83_2925_ego_83,1,2925,2920,2925,vehicle_vehicle,0.6054704788808625,0.02497140639653817,3.4476720368861087,3.4512454853284553,15.0,3.0,3.5,0.8,6.2876916272985275,22.6356898582747
2,76,2854,253,65.3458,-35.5403,227.7998,2.067,4.304,-3.774,-4.6584,1.2619,-1.4505,5.986,-0.3334,0.2268,-1.9092,car,83,82.0214,-27.0733,-5.4768,-1.6601,5.7208,0.1566,198.4313,5.72287255231147,20.602341188321294,-16.675600000000003,-8.467000000000002,1.7027999999999999,-2.9983000000000004,3.4480908819229232,18.702024605908317,0,02_14_83_2925_ego_83,0,2925,2920,2925,vehicle_vehicle,0.6054704788808625,0.02497140639653817,3.4476720368861087,3.4512454853284553,15.0,3.0,3.5,0.8,6.2876916272985275,22.6356898582747
2,79,2854,143,51.9012,-46.1733,335.6414,2.301,5.8366,-0.0329,0.01,-0.0055,0.0034,-0.0341,0.0044,-0.0064,-0.0009,van,83,82.0214,-27.0733,-5.4768,-1.6601,5.7208,0.1566,198.4313,5.72287255231147,20.602341188321294,-30.120199999999997,-19.099999999999998,5.4439,1.6701,5.694320084083788,35.665619972741254,0,02_14_83_2925_ego_83,0,2925,2920,2925,vehicle_vehicle,0.6054704788808625,0.02497140639653817,3.4476720368861087,3.4512454853284553,15.0,3.0,3.5,0.8,6.2876916272985275,22.6356898582747
2,82,2854,119,70.7872,-27.6322,209.5899,2.1699,4.6403,-5.5664,-3.5131,0.6846,-1.5501,6.5752,-0.3063,0.1701,-1.686,car,83,82.0214,-27.0733,-5.4768,-1.6601,5.7208,0.1566,198.4313,5.72287255231147,20.602341188321294,-11.234200000000001,-0.5589000000000013,-0.0895999999999999,-1.8530000000000002,1.855164995357556,11.24809400965337,0,02_14_83_2925_ego_83,0,2925,2920,2925,vehicle_vehicle,0.6054704788808625,0.02497140639653817,3.4476720368861087,3.4512454853284553,15.0,3.0,3.5,0.8,6.2876916272985275,22.6356898582747
2,83,2854,94,82.0214,-27.0733,198.4313,2.1172,4.5925,-5.4768,-1.6601,-0.5755,0.0312,5.7208,0.1566,0.5361,0.2116,car,83,82.0214,-27.0733,-5.4768,-1.6601,5.7208,0.1566,198.4313,5.72287255231147,20.602341188321294,0.0,0.0,0.0,0.0,0.0,0.0,1,02_14_83_2925_ego_83,1,2925,2920,2925,vehicle_vehicle,0.6054704788808625,0.02497140639653817,3.4476720368861087,3.4512454853284553,15.0,3.0,3.5,0.8,6.2876916272985275,22.6356898582747
2,86,2854,49,84.7935,-20.9152,221.568,2.1226,4.8555,-3.0394,-2.192,-1.2258,0.253,3.7284,0.3766,0.7493,1.0027,car,83,82.0214,-27.0733,-5.4768,-1.6601,5.7208,0.1566,198.4313,5.72287255231147,20.602341188321294,2.7720999999999947,6.158100000000001,2.4374,-0.5319000000000003,2.4947617862232856,6.753275799195527,0,02_14_83_2925_ego_83,0,2925,2920,2925,vehicle_vehicle,0.6054704788808625,0.02497140639653817,3.4476720368861087,3.4512454853284553,15.0,3.0,3.5,0.8,6.2876916272985275,22.6356898582747
2,14,2855,2855,70.1136,-37.9184,229.0992,2.5807,6.6415,-0.0,0.0,-0.0,0.0,0.0,0.0,0.0,0.0,truck,83,81.8006,-27.1398,-5.498,-1.659,5.7411,0.1397,198.1854,5.742846419677266,20.67424711083816,-11.686999999999998,-10.778599999999997,5.498,1.659,5.742846419677266,15.89855927309138,0,02_14_83_2925_ego_83,1,2925,2920,2925,vehicle_vehicle,0.6054704788808625,0.02497140639653817,3.4476720368861087,3.4512454853284553,15.0,3.0,3.5,0.8,6.2876916272985275,22.6356898582747
2,76,2855,254,65.1961,-35.7278,228.5481,2.067,4.304,-3.7239,-4.7175,1.3002,-1.4477,6.001,-0.3318,0.2244,-1.9329,car,83,81.8006,-27.1398,-5.498,-1.659,5.7411,0.1397,198.1854,5.742846419677266,20.67424711083816,-16.6045,-8.588000000000001,1.7741000000000002,-3.0585000000000004,3.5357959584795053,18.693933889098894,0,02_14_83_2925_ego_83,0,2925,2920,2925,vehicle_vehicle,0.6054704788808625,0.02497140639653817,3.4476720368861087,3.4512454853284553,15.0,3.0,3.5,0.8,6.2876916272985275,22.6356898582747
2,79,2855,144,51.9007,-46.1734,335.645,2.301,5.8366,-0.0306,0.009,0.0073,-0.0008,-0.0316,0.0044,0.007,-0.0023,van,83,81.8006,-27.1398,-5.498,-1.659,5.7411,0.1397,198.1854,5.742846419677266,20.67424711083816,-29.899900000000002,-19.0336,5.4674000000000005,1.668,5.716177635448361,35.44406789534745,0,02_14_83_2925_ego_83,0,2925,2920,2925,vehicle_vehicle,0.6054704788808625,0.02497140639653817,3.4476720368861087,3.4512454853284553,15.0,3.0,3.5,0.8,6.2876916272985275,22.6356898582747
2,82,2855,120,70.5644,-27.7746,210.179,2.1699,4.6403,-5.5387,-3.5795,0.7244,-1.5527,6.5873,-0.31,0.1544,-1.7064,car,83,81.8006,-27.1398,-5.498,-1.659,5.7411,0.1397,198.1854,5.742846419677266,20.67424711083816,-11.236199999999997,-0.6347999999999985,-0.04070000000000018,-1.9204999999999999,1.9209312168841444,11.254117534484875,0,02_14_83_2925_ego_83,0,2925,2920,2925,vehicle_vehicle,0.6054704788808625,0.02497140639653817,3.4476720368861087,3.4512454853284553,15.0,3.0,3.5,0.8,6.2876916272985275,22.6356898582747
2,83,2855,95,81.8006,-27.1398,198.1854,2.1172,4.5925,-5.498,-1.659,-0.5243,-0.0153,5.7411,0.1397,0.5029,0.1491,car,83,81.8006,-27.1398,-5.498,-1.659,5.7411,0.1397,198.1854,5.742846419677266,20.67424711083816,0.0,0.0,0.0,0.0,0.0,0.0,1,02_14_83_2925_ego_83,1,2925,2920,2925,vehicle_vehicle,0.6054704788808625,0.02497140639653817,3.4476720368861087,3.4512454853284553,15.0,3.0,3.5,0.8,6.2876916272985275,22.6356898582747
2,86,2855,50,84.6706,-21.0033,220.9983,2.1226,4.8555,-3.0942,-2.185,-1.2492,0.2423,3.7687,0.3808,0.7838,1.0024,car,83,81.8006,-27.1398,-5.498,-1.659,5.7411,0.1397,198.1854,5.742846419677266,20.67424711083816,2.8699999999999903,6.136500000000002,2.4038000000000004,-0.526,2.4606768255908786,6.7744765295925236,0,02_14_83_2925_ego_83,0,2925,2920,2925,vehicle_vehicle,0.6054704788808625,0.02497140639653817,3.4476720368861087,3.4512454853284553,15.0,3.0,3.5,0.8,6.2876916272985275,22.6356898582747
2,14,2856,2856,70.1136,-37.9184,229.0992,2.5807,6.6415,-0.0,0.0,-0.0,0.0,0.0,0.0,0.0,0.0,truck,83,81.5794,-27.2068,-5.5167,-1.6596,5.7596,0.1235,197.971,5.760924496120393,20.739328186033415,-11.465800000000002,-10.711599999999997,5.5167,1.6596,5.760924496120393,15.690855432384813,0,02_14_83_2925_ego_83,1,2925,2920,2925,vehicle_vehicle,0.6054704788808625,0.02497140639653817,3.4476720368861087,3.4512454853284553,15.0,3.0,3.5,0.8,6.2876916272985275,22.6356898582747
2,76,2856,255,65.0482,-35.9178,229.305,2.067,4.304,-3.6724,-4.7765,1.3389,-1.4438,6.016,-0.3301,0.2217,-1.9565,car,83,81.5794,-27.2068,-5.5167,-1.6596,5.7596,0.1235,197.971,5.760924496120393,20.739328186033415,-16.531200000000013,-8.710999999999999,1.8443,-3.1169000000000002,3.621672003370819,18.68587954686641,0,02_14_83_2925_ego_83,0,2925,2920,2925,vehicle_vehicle,0.6054704788808625,0.02497140639653817,3.4476720368861087,3.4512454853284553,15.0,3.0,3.5,0.8,6.2876916272985275,22.6356898582747
2,79,2856,145,51.9003,-46.1735,335.6438,2.301,5.8366,-0.0281,0.008,0.0177,-0.004,-0.0289,0.0043,0.0178,-0.0037,van,83,81.5794,-27.2068,-5.5167,-1.6596,5.7596,0.1235,197.971,5.760924496120393,20.739328186033415,-29.679100000000005,-18.966699999999996,5.4886,1.6676,5.736342015605415,35.22193472397563,0,02_14_83_2925_ego_83,0,2925,2920,2925,vehicle_vehicle,0.6054704788808625,0.02497140639653817,3.4476720368861087,3.4512454853284553,15.0,3.0,3.5,0.8,6.2876916272985275,22.6356898582747
2,82,2856,121,70.3432,-27.92,210.7835,2.1699,4.6403,-5.5092,-3.6456,0.7637,-1.5512,6.5987,-0.3123,0.1378,-1.7235,car,83,81.5794,-27.2068,-5.5167,-1.6596,5.7596,0.1235,197.971,5.760924496120393,20.739328186033415,-11.23620000000001,-0.7132000000000005,0.007500000000000284,-1.986,1.9860141615809288,11.258811868043637,0,02_14_83_2925_ego_83,0,2925,2920,2925,vehicle_vehicle,0.6054704788808625,0.02497140639653817,3.4476720368861087,3.4512454853284553,15.0,3.0,3.5,0.8,6.2876916272985275,22.6356898582747
2,83,2856,96,81.5794,-27.2068,197.971,2.1172,4.5925,-5.5167,-1.6596,-0.4752,-0.0618,5.7596,0.1235,0.4711,0.0879,car,83,81.5794,-27.2068,-5.5167,-1.6596,5.7596,0.1235,197.971,5.760924496120393,20.739328186033415,0.0,0.0,0.0,0.0,0.0,0.0,1,02_14_83_2925_ego_83,1,2925,2920,2925,vehicle_vehicle,0.6054704788808625,0.02497140639653817,3.4476720368861087,3.4512454853284553,15.0,3.0,3.5,0.8,6.2876916272985275,22.6356898582747
2,86,2856,51,84.5459,-21.0907,220.4259,2.1226,4.8555,-3.1499,-2.1784,-1.2667,0.2347,3.8105,0.3844,0.8121,1.0001,car,83,81.5794,-27.2068,-5.5167,-1.6596,5.7596,0.1235,197.971,5.760924496120393,20.739328186033415,2.9664999999999964,6.116100000000003,2.3668,-0.5187999999999999,2.42299312421641,6.797558492576582,0,02_14_83_2925_ego_83,0,2925,2920,2925,vehicle_vehicle,0.6054704788808625,0.02497140639653817,3.4476720368861087,3.4512454853284553,15.0,3.0,3.5,0.8,6.2876916272985275,22.6356898582747
2,14,2857,2857,70.1136,-37.9184,229.0992,2.5807,6.6415,-0.0,0.0,-0.0,0.0,0.0,0.0,0.0,0.0,truck,83,81.3578,-27.2735,-5.5332,-1.6619,5.7764,0.1076,197.7852,5.777388151232354,20.798597344436473,-11.244199999999992,-10.6449,5.5332,1.6619,5.777388151232354,15.483731128187411,0,02_14_83_2925_ego_83,1,2925,2920,2925,vehicle_vehicle,0.6054704788808625,0.02497140639653817,3.4476720368861087,3.4512454853284553,15.0,3.0,3.5,0.8,6.2876916272985275,22.6356898582747
2,76,2857,256,64.9016,-36.1099,230.0698,2.067,4.304,-3.619,-4.8354,1.3778,-1.4389,6.0307,-0.3285,0.219,-1.9801,car,83,81.3578,-27.2735,-5.5332,-1.6619,5.7764,0.1076,197.7852,5.777388151232354,20.798597344436473,-16.456199999999995,-8.836400000000005,1.9141999999999997,-3.1734999999999998,3.7061116942153807,18.678556780436757,0,02_14_83_2925_ego_83,0,2925,2920,2925,vehicle_vehicle,0.6054704788808625,0.02497140639653817,3.4476720368861087,3.4512454853284553,15.0,3.0,3.5,0.8,6.2876916272985275,22.6356898582747
2,79,2857,146,51.8995,-46.1736,335.6413,2.301,5.8366,-0.0253,0.0071,0.0261,-0.0063,-0.026,0.004,0.0263,-0.005,van,83,81.3578,-27.2735,-5.5332,-1.6619,5.7764,0.1076,197.7852,5.777388151232354,20.798597344436473,-29.458299999999994,-18.900100000000002,5.5079,1.669,5.755217060198512,35.000074555634875,0,02_14_83_2925_ego_83,0,2925,2920,2925,vehicle_vehicle,0.6054704788808625,0.02497140639653817,3.4476720368861087,3.4512454853284553,15.0,3.0,3.5,0.8,6.2876916272985275,22.6356898582747
2,82,2857,122,70.1234,-28.0677,211.3954,2.1699,4.6403,-5.4781,-3.7113,0.8025,-1.5458,6.6095,-0.3142,0.1203,-1.7375,car,83,81.3578,-27.2735,-5.5332,-1.6619,5.7764,0.1076,197.7852,5.777388151232354,20.798597344436473,-11.234399999999994,-0.7942,0.05509999999999948,-2.0494000000000003,2.0501405732290654,11.26243743600824,0,02_14_83_2925_ego_83,0,2925,2920,2925,vehicle_vehicle,0.6054704788808625,0.02497140639653817,3.4476720368861087,3.4512454853284553,15.0,3.0,3.5,0.8,6.2876916272985275,22.6356898582747
2,83,2857,97,81.3578,-27.2735,197.7852,2.1172,4.5925,-5.5332,-1.6619,-0.4284,-0.1084,5.7764,0.1076,0.441,0.0277,car,83,81.3578,-27.2735,-5.5332,-1.6619,5.7764,0.1076,197.7852,5.777388151232354,20.798597344436473,0.0,0.0,0.0,0.0,0.0,0.0,1,02_14_83_2925_ego_83,1,2925,2920,2925,vehicle_vehicle,0.6054704788808625,0.02497140639653817,3.4476720368861087,3.4512454853284553,15.0,3.0,3.5,0.8,6.2876916272985275,22.6356898582747
2,86,2857,52,84.4192,-21.1779,219.8508,2.1226,4.8555,-3.2065,-2.1719,-1.2784,0.23,3.8534,0.3873,0.8341,0.9958,car,83,81.3578,-27.2735,-5.5332,-1.6619,5.7764,0.1076,197.7852,5.777388151232354,20.798597344436473,3.061400000000006,6.0955999999999975,2.3266999999999998,-0.51,2.381938893002925,6.821180932947022,0,02_14_83_2925_ego_83,0,2925,2920,2925,vehicle_vehicle,0.6054704788808625,0.02497140639653817,3.4476720368861087,3.4512454853284553,15.0,3.0,3.5,0.8,6.2876916272985275,22.6356898582747
2,14,2858,2858,70.1136,-37.9184,229.0992,2.5807,6.6415,-0.0,0.0,-0.0,0.0,0.0,0.0,-0.0,0.0,truck,83,81.1355,-27.3403,-5.5476,-1.666,5.7916,0.0927,197.6318,5.79235891153164,20.852492081513905,-11.021899999999988,-10.5781,5.5476,1.666,5.79235891153164,15.276729991068105,0,02_14_83_2925_ego_83,1,2925,2920,2925,vehicle_vehicle,0.6054704788808625,0.02497140639653817,3.4476720368861087,3.4512454853284553,15.0,3.0,3.5,0.8,6.2876916272985275,22.6356898582747
2,76,2858,257,64.7569,-36.3042,230.8331,2.067,4.304,-3.5636,-4.8942,1.4168,-1.4327,6.0452,-0.3282,0.216,-2.0033,car,83,81.1355,-27.3403,-5.5476,-1.666,5.7916,0.0927,197.6318,5.79235891153164,20.852492081513905,-16.37859999999999,-8.963900000000002,1.984,-3.2281999999999997,3.789133309874436,18.671101766366114,0,02_14_83_2925_ego_83,0,2925,2920,2925,vehicle_vehicle,0.6054704788808625,0.02497140639653817,3.4476720368861087,3.4512454853284553,15.0,3.0,3.5,0.8,6.2876916272985275,22.6356898582747
2,79,2858,147,51.8987,-46.1737,335.6472,2.301,5.8366,-0.0223,0.0062,0.0323,-0.008,-0.0229,0.0035,0.0327,-0.0061,van,83,81.1355,-27.3403,-5.5476,-1.666,5.7916,0.0927,197.6318,5.79235891153164,20.852492081513905,-29.236799999999995,-18.833399999999997,5.5253,1.6722,5.772797669241491,34.77768580282477,0,02_14_83_2925_ego_83,0,2925,2920,2925,vehicle_vehicle,0.6054704788808625,0.02497140639653817,3.4476720368861087,3.4512454853284553,15.0,3.0,3.5,0.8,6.2876916272985275,22.6356898582747
2,82,2858,123,69.9046,-28.2184,212.0,2.1699,4.6403,-5.4453,-3.7765,0.8406,-1.5369,6.6192,-0.3171,0.1015,-1.7488,car,83,81.1355,-27.3403,-5.5476,-1.666,5.7916,0.0927,197.6318,5.79235891153164,20.852492081513905,-11.230899999999991,-0.8780999999999999,0.1023000000000005,-2.1105,2.1129778844086373,11.265175294685822,0,02_14_83_2925_ego_83,0,2925,2920,2925,vehicle_vehicle,0.6054704788808625,0.02497140639653817,3.4476720368861087,3.4512454853284553,15.0,3.0,3.5,0.8,6.2876916272985275,22.6356898582747
2,83,2858,98,81.1355,-27.3403,197.6318,2.1172,4.5925,-5.5476,-1.666,-0.3842,-0.1552,5.7916,0.0927,0.4132,-0.0315,car,83,81.1355,-27.3403,-5.5476,-1.666,5.7916,0.0927,197.6318,5.79235891153164,20.852492081513905,0.0,0.0,0.0,0.0,0.0,0.0,1,02_14_83_2925_ego_83,1,2925,2920,2925,vehicle_vehicle,0.6054704788808625,0.02497140639653817,3.4476720368861087,3.4512454853284553,15.0,3.0,3.5,0.8,6.2876916272985275,22.6356898582747
2,86,2858,53,84.2905,-21.2648,219.2533,2.1226,4.8555,-3.2638,-2.1655,-1.2841,0.2283,3.8976,0.3883,0.8499,0.9893,car,83,81.1355,-27.3403,-5.5476,-1.666,5.7916,0.0927,197.6318,5.79235891153164,20.852492081513905,3.155000000000001,6.075499999999998,2.2838000000000003,-0.4995000000000003,2.337785852040345,6.845854603334779,0,02_14_83_2925_ego_83,0,2925,2920,2925,vehicle_vehicle,0.6054704788808625,0.02497140639653817,3.4476720368861087,3.4512454853284553,15.0,3.0,3.5,0.8,6.2876916272985275,22.6356898582747
2,14,2859,2859,70.1136,-37.9184,229.0992,2.5807,6.6415,-0.0,0.0,-0.0,0.0,0.0,0.0,-0.0,0.0,truck,83,80.913,-27.4075,-5.5602,-1.6718,5.8055,0.0786,197.51,5.806095011279095,20.90194204060474,-10.799399999999991,-10.5109,5.5602,1.6718,5.806095011279095,15.070038459473148,0,02_14_83_2925_ego_83,1,2925,2920,2925,vehicle_vehicle,0.6054704788808625,0.02497140639653817,3.4476720368861087,3.4512454853284553,15.0,3.0,3.5,0.8,6.2876916272985275,22.6356898582747
2,76,2859,258,64.6145,-36.5007,231.5909,2.067,4.304,-3.5062,-4.9528,1.4552,-1.4253,6.0593,-0.3296,0.2128,-2.0257,car,83,80.913,-27.4075,-5.5602,-1.6718,5.8055,0.0786,197.51,5.806095011279095,20.90194204060474,-16.29849999999999,-9.093200000000003,2.054,-3.2809999999999997,3.870901316231143,18.663530975943427,0,02_14_83_2925_ego_83,0,2925,2920,2925,vehicle_vehicle,0.6054704788808625,0.02497140639653817,3.4476720368861087,3.4512454853284553,15.0,3.0,3.5,0.8,6.2876916272985275,22.6356898582747
2,79,2859,148,51.8979,-46.1738,335.6544,2.301,5.8366,-0.019,0.0054,0.0366,-0.009,-0.0196,0.0029,0.0371,-0.0069,van,83,80.913,-27.4075,-5.5602,-1.6718,5.8055,0.0786,197.51,5.806095011279095,20.90194204060474,-29.015099999999997,-18.7663,5.5412,1.6772,5.78946433446135,34.555029209942795,0,02_14_83_2925_ego_83,0,2925,2920,2925,vehicle_vehicle,0.6054704788808625,0.02497140639653817,3.4476720368861087,3.4512454853284553,15.0,3.0,3.5,0.8,6.2876916272985275,22.6356898582747
2,82,2859,124,69.6871,-28.3718,212.596,2.1699,4.6403,-5.4109,-3.8408,0.8781,-1.5249,6.6277,-0.3209,0.0817,-1.7578,car,83,80.913,-27.4075,-5.5602,-1.6718,5.8055,0.0786,197.51,5.806095011279095,20.90194204060474,-11.225899999999996,-0.9643000000000015,0.1493000000000002,-2.1690000000000005,2.1741323533768595,11.26724035866813,0,02_14_83_2925_ego_83,0,2925,2920,2925,vehicle_vehicle,0.6054704788808625,0.02497140639653817,3.4476720368861087,3.4512454853284553,15.0,3.0,3.5,0.8,6.2876916272985275,22.6356898582747
2,83,2859,99,80.913,-27.4075,197.51,2.1172,4.5925,-5.5602,-1.6718,-0.3428,-0.2023,5.8055,0.0786,0.3878,-0.0898,car,83,80.913,-27.4075,-5.5602,-1.6718,5.8055,0.0786,197.51,5.806095011279095,20.90194204060474,0.0,0.0,0.0,0.0,0.0,0.0,1,02_14_83_2925_ego_83,1,2925,2920,2925,vehicle_vehicle,0.6054704788808625,0.02497140639653817,3.4476720368861087,3.4512454853284553,15.0,3.0,3.5,0.8,6.2876916272985275,22.6356898582747
2,86,2859,54,84.1596,-21.3512,218.6433,2.1226,4.8555,-3.3215,-2.1592,-1.2835,0.2293,3.9427,0.3877,0.8593,0.9806,car,83,80.913,-27.4075,-5.5602,-1.6718,5.8055,0.0786,197.51,5.806095011279095,20.90194204060474,3.246600000000001,6.0563,2.2387,-0.48739999999999983,2.2911430444212777,6.871621442570888,0,02_14_83_2925_ego_83,0,2925,2920,2925,vehicle_vehicle,0.6054704788808625,0.02497140639653817,3.4476720368861087,3.4512454853284553,15.0,3.0,3.5,0.8,6.2876916272985275,22.6356898582747
2,14,2860,2860,70.1136,-37.9184,229.0992,2.5807,6.6415,-0.0,0.0,0.0,0.0,0.0,0.0,-0.0,-0.0,truck,83,80.6906,-27.4751,-5.5712,-1.6792,5.8184,0.0651,197.4142,5.818761215241609,20.947540374869792,-10.576999999999998,-10.443299999999997,5.5712,1.6792,5.818761215241609,14.863897331790202,0,02_14_83_2925_ego_83,1,2925,2920,2925,vehicle_vehicle,0.6054704788808625,0.02497140639653817,3.4476720368861087,3.4512454853284553,15.0,3.0,3.5,0.8,6.2876916272985275,22.6356898582747
2,76,2860,259,64.4742,-36.6997,232.3622,2.067,4.304,-3.4468,-5.0113,1.4927,-1.4164,6.0733,-0.3307,0.2101,-2.047,car,83,80.6906,-27.4751,-5.5712,-1.6792,5.8184,0.0651,197.4142,5.818761215241609,20.947540374869792,-16.216400000000007,-9.224599999999999,2.1244,-3.3321000000000005,3.951704160232646,18.656496834079014,0,02_14_83_2925_ego_83,0,2925,2920,2925,vehicle_vehicle,0.6054704788808625,0.02497140639653817,3.4476720368861087,3.4512454853284553,15.0,3.0,3.5,0.8,6.2876916272985275,22.6356898582747
2,79,2860,149,51.8976,-46.1741,335.666,2.301,5.8366,-0.0158,0.0048,0.0391,-0.0097,-0.0164,0.0022,0.0396,-0.0072,van,83,80.6906,-27.4751,-5.5712,-1.6792,5.8184,0.0651,197.4142,5.818761215241609,20.947540374869792,-28.793000000000006,-18.699,5.555400000000001,1.684,5.805025853516934,34.33204698237495,0,02_14_83_2925_ego_83,0,2925,2920,2925,vehicle_vehicle,0.6054704788808625,0.02497140639653817,3.4476720368861087,3.4512454853284553,15.0,3.0,3.5,0.8,6.2876916272985275,22.6356898582747
2,82,2860,125,69.4711,-28.5284,213.1941,2.1699,4.6403,-5.3749,-3.904,0.9147,-1.5104,6.6352,-0.3243,0.0614,-1.7647,car,83,80.6906,-27.4751,-5.5712,-1.6792,5.8184,0.0651,197.4142,5.818761215241609,20.947540374869792,-11.219499999999996,-1.0533000000000001,0.19629999999999992,-2.2248,2.2334432453053292,11.268834063025329,0,02_14_83_2925_ego_83,0,2925,2920,2925,vehicle_vehicle,0.6054704788808625,0.02497140639653817,3.4476720368861087,3.4512454853284553,15.0,3.0,3.5,0.8,6.2876916272985275,22.6356898582747
2,83,2860,100,80.6906,-27.4751,197.4142,2.1172,4.5925,-5.5712,-1.6792,-0.3042,-0.25,5.8184,0.0651,0.365,-0.1475,car,83,80.6906,-27.4751,-5.5712,-1.6792,5.8184,0.0651,197.4142,5.818761215241609,20.947540374869792,0.0,0.0,0.0,0.0,0.0,0.0,1,02_14_83_2925_ego_83,1,2925,2920,2925,vehicle_vehicle,0.6054704788808625,0.02497140639653817,3.4476720368861087,3.4512454853284553,15.0,3.0,3.5,0.8,6.2876916272985275,22.6356898582747
2,86,2860,55,84.0261,-21.4373,218.0275,2.1226,4.8555,-3.3795,-2.153,-1.2764,0.2333,3.9884,0.386,0.8618,0.9701,car,83,80.6906,-27.4751,-5.5712,-1.6792,5.8184,0.0651,197.4142,5.818761215241609,20.947540374869792,3.335499999999996,6.037800000000001,2.1917,-0.4738,2.2423281048945536,6.897868445396736,0,02_14_83_2925_ego_83,0,2925,2920,2925,vehicle_vehicle,0.6054704788808625,0.02497140639653817,3.4476720368861087,3.4512454853284553,15.0,3.0,3.5,0.8,6.2876916272985275,22.6356898582747
2,14,2861,2861,70.1136,-37.9184,229.0992,2.5807,6.6415,-0.0,0.0,0.0,0.0,0.0,0.0,-0.0,-0.0,truck,83,80.4682,-27.5432,-5.5809,-1.6883,5.8304,0.0523,197.3449,5.830677636433007,20.990439491158828,-10.35459999999999,-10.3752,5.5809,1.6883,5.830677636433007,14.658189390235064,0,02_14_83_2925_ego_83,1,2925,2920,2925,vehicle_vehicle,0.6054704788808625,0.02497140639653817,3.4476720368861087,3.4512454853284553,15.0,3.0,3.5,0.8,6.2876916272985275,22.6356898582747
2,76,2861,260,64.3372,-36.9013,233.1403,2.067,4.304,-3.3858,-5.0695,1.529,-1.406,6.0871,-0.3319,0.2078,-2.0667,car,83,80.4682,-27.5432,-5.5809,-1.6883,5.8304,0.0523,197.3449,5.830677636433007,20.990439491158828,-16.131,-9.3581,2.1950999999999996,-3.3811999999999998,4.031250110077518,18.648946260043758,0,02_14_83_2925_ego_83,0,2925,2920,2925,vehicle_vehicle,0.6054704788808625,0.02497140639653817,3.4476720368861087,3.4512454853284553,15.0,3.0,3.5,0.8,6.2876916272985275,22.6356898582747
2,79,2861,150,51.8976,-46.1744,335.68,2.301,5.8366,-0.0127,0.0043,0.0399,-0.0103,-0.0134,0.0013,0.0406,-0.0071,van,83,80.4682,-27.5432,-5.5809,-1.6883,5.8304,0.0523,197.3449,5.830677636433007,20.990439491158828,-28.5706,-18.6312,5.5682,1.6925999999999999,5.819771988660724,34.1086616242854,0,02_14_83_2925_ego_83,0,2925,2920,2925,vehicle_vehicle,0.6054704788808625,0.02497140639653817,3.4476720368861087,3.4512454853284553,15.0,3.0,3.5,0.8,6.2876916272985275,22.6356898582747
2,82,2861,126,69.2568,-28.6874,213.7955,2.1699,4.6403,-5.3374,-3.966,0.9504,-1.494,6.6415,-0.327,0.0412,-1.7702,car,83,80.4682,-27.5432,-5.5809,-1.6883,5.8304,0.0523,197.3449,5.830677636433007,20.990439491158828,-11.211399999999998,-1.1442000000000014,0.24350000000000005,-2.2777000000000003,2.29067883824861,11.269635468816192,0,02_14_83_2925_ego_83,0,2925,2920,2925,vehicle_vehicle,0.6054704788808625,0.02497140639653817,3.4476720368861087,3.4512454853284553,15.0,3.0,3.5,0.8,6.2876916272985275,22.6356898582747
2,83,2861,101,80.4682,-27.5432,197.3449,2.1172,4.5925,-5.5809,-1.6883,-0.2681,-0.2984,5.8304,0.0523,0.3449,-0.2049,car,83,80.4682,-27.5432,-5.5809,-1.6883,5.8304,0.0523,197.3449,5.830677636433007,20.990439491158828,0.0,0.0,0.0,0.0,0.0,0.0,1,02_14_83_2925_ego_83,1,2925,2920,2925,vehicle_vehicle,0.6054704788808625,0.02497140639653817,3.4476720368861087,3.4512454853284553,15.0,3.0,3.5,0.8,6.2876916272985275,22.6356898582747
2,86,2861,56,83.8899,-21.523,217.3943,2.1226,4.8555,-3.4371,-2.1466,-1.2628,0.2401,4.0343,0.3819,0.8574,0.9577,car,83,80.4682,-27.5432,-5.5809,-1.6883,5.8304,0.0523,197.3449,5.830677636433007,20.990439491158828,3.4217000000000013,6.020199999999999,2.1437999999999997,-0.45829999999999993,2.192240253713082,6.924654426756616,0,02_14_83_2925_ego_83,0,2925,2920,2925,vehicle_vehicle,0.6054704788808625,0.02497140639653817,3.4476720368861087,3.4512454853284553,15.0,3.0,3.5,0.8,6.2876916272985275,22.6356898582747
2,14,2862,2862,70.1136,-37.9184,229.0992,2.5807,6.6415,-0.0,0.0,0.0,-0.0,0.0,0.0,-0.0,-0.0,truck,83,80.2456,-27.6112,-5.5895,-1.6992,5.8419,0.0384,197.2857,5.842070770711358,21.031454774560892,-10.13199999999999,-10.307199999999998,5.5895,1.6992,5.842070770711358,14.45322786923391,0,02_14_83_2925_ego_83,1,2925,2920,2925,vehicle_vehicle,0.6054704788808625,0.02497140639653817,3.4476720368861087,3.4512454853284553,15.0,3.0,3.5,0.8,6.2876916272985275,22.6356898582747
2,76,2862,261,64.2028,-37.1058,233.9093,2.067,4.304,-3.3233,-5.127,1.5639,-1.3943,6.1007,-0.3346,0.2055,-2.0851,car,83,80.2456,-27.6112,-5.5895,-1.6992,5.8419,0.0384,197.2857,5.842070770711358,21.031454774560892,-16.0428,-9.494600000000002,2.2662,-3.4277999999999995,4.109193993960372,18.64185776686433,0,02_14_83_2925_ego_83,0,2925,2920,2925,vehicle_vehicle,0.6054704788808625,0.02497140639653817,3.4476720368861087,3.4512454853284553,15.0,3.0,3.5,0.8,6.2876916272985275,22.6356898582747
2,79,2862,151,51.8977,-46.1748,335.6988,2.301,5.8366,-0.0098,0.004,0.0393,-0.0108,-0.0106,0.0004,0.0402,-0.0063,van,83,80.2456,-27.6112,-5.5895,-1.6992,5.8419,0.0384,197.2857,5.842070770711358,21.031454774560892,-28.347899999999996,-18.563599999999997,5.5797,1.7032,5.833861699594875,33.88525755206827,0,02_14_83_2925_ego_83,0,2925,2920,2925,vehicle_vehicle,0.6054704788808625,0.02497140639653817,3.4476720368861087,3.4512454853284553,15.0,3.0,3.5,0.8,6.2876916272985275,22.6356898582747
2,82,2862,127,69.0443,-28.8483,214.3968,2.1699,4.6403,-5.2985,-4.0268,0.9852,-1.4763,6.6469,-0.3295,0.021,-1.7747,car,83,80.2456,-27.6112,-5.5895,-1.6992,5.8419,0.0384,197.2857,5.842070770711358,21.031454774560892,-11.20129999999999,-1.237099999999998,0.29100000000000037,-2.3275999999999994,2.345720094128879,11.269407176067416,0,02_14_83_2925_ego_83,0,2925,2920,2925,vehicle_vehicle,0.6054704788808625,0.02497140639653817,3.4476720368861087,3.4512454853284553,15.0,3.0,3.5,0.8,6.2876916272985275,22.6356898582747
2,83,2862,102,80.2456,-27.6112,197.2857,2.1172,4.5925,-5.5895,-1.6992,-0.2344,-0.3479,5.8419,0.0384,0.3271,-0.2625,car,83,80.2456,-27.6112,-5.5895,-1.6992,5.8419,0.0384,197.2857,5.842070770711358,21.031454774560892,0.0,0.0,0.0,0.0,0.0,0.0,1,02_14_83_2925_ego_83,1,2925,2920,2925,vehicle_vehicle,0.6054704788808625,0.02497140639653817,3.4476720368861087,3.4512454853284553,15.0,3.0,3.5,0.8,6.2876916272985275,22.6356898582747
2,86,2862,57,83.7512,-21.6089,216.7625,2.1226,4.8555,-3.4941,-2.1399,-1.2426,0.25,4.0799,0.3769,0.8459,0.944,car,83,80.2456,-27.6112,-5.5895,-1.6992,5.8419,0.0384,197.2857,5.842070770711358,21.031454774560892,3.505600000000001,6.002300000000002,2.0954,-0.44069999999999987,2.1412420811295485,6.95103133714703,0,02_14_83_2925_ego_83,0,2925,2920,2925,vehicle_vehicle,0.6054704788808625,0.02497140639653817,3.4476720368861087,3.4512454853284553,15.0,3.0,3.5,0.8,6.2876916272985275,22.6356898582747
2,14,2863,2863,70.1136,-37.9184,229.0992,2.5807,6.6415,-0.0,0.0,0.0,-0.0,0.0,0.0,-0.0,-0.0,truck,83,80.0227,-27.6796,-5.5971,-1.712,5.853,0.0232,197.2344,5.8530737574371985,21.071065526773914,-9.909099999999995,-10.238799999999998,5.5971,1.712,5.8530737574371985,14.248624082696542,0,02_14_83_2925_ego_83,1,2925,2920,2925,vehicle_vehicle,0.6054704788808625,0.02497140639653817,3.4476720368861087,3.4512454853284553,15.0,3.0,3.5,0.8,6.2876916272985275,22.6356898582747
2,76,2863,262,64.0713,-37.3128,234.6726,2.067,4.304,-3.2595,-5.1836,1.5975,-1.3815,6.1139,-0.3381,0.2034,-2.1022,car,83,80.0227,-27.6796,-5.5971,-1.712,5.853,0.0232,197.2344,5.8530737574371985,21.071065526773914,-15.951400000000007,-9.633200000000002,2.3376,-3.4716000000000005,4.185257497454607,18.634529889428396,0,02_14_83_2925_ego_83,0,2925,2920,2925,vehicle_vehicle,0.6054704788808625,0.02497140639653817,3.4476720368861087,3.4512454853284553,15.0,3.0,3.5,0.8,6.2876916272985275,22.6356898582747
2,79,2863,152,51.8981,-46.1745,335.7225,2.301,5.8366,-0.0072,0.0037,0.0375,-0.0114,-0.0081,-0.0004,0.0389,-0.005,van,83,80.0227,-27.6796,-5.5971,-1.712,5.853,0.0232,197.2344,5.8530737574371985,21.071065526773914,-28.1246,-18.4949,5.5899,1.7157,5.847273595446001,33.66087418903437,0,02_14_83_2925_ego_83,0,2925,2920,2925,vehicle_vehicle,0.6054704788808625,0.02497140639653817,3.4476720368861087,3.4512454853284553,15.0,3.0,3.5,0.8,6.2876916272985275,22.6356898582747
2,82,2863,128,68.8333,-29.0117,214.9997,2.1699,4.6403,-5.2584,-4.0865,1.0193,-1.4577,6.6513,-0.3315,0.0012,-1.7787,car,83,80.0227,-27.6796,-5.5971,-1.712,5.853,0.0232,197.2344,5.8530737574371985,21.071065526773914,-11.189400000000006,-1.3321000000000005,0.3387000000000002,-2.3745000000000003,2.3985345400890106,11.268414385795374,0,02_14_83_2925_ego_83,0,2925,2920,2925,vehicle_vehicle,0.6054704788808625,0.02497140639653817,3.4476720368861087,3.4512454853284553,15.0,3.0,3.5,0.8,6.2876916272985275,22.6356898582747
2,83,2863,103,80.0227,-27.6796,197.2344,2.1172,4.5925,-5.5971,-1.712,-0.2026,-0.3984,5.853,0.0232,0.3115,-0.3205,car,83,80.0227,-27.6796,-5.5971,-1.712,5.853,0.0232,197.2344,5.8530737574371985,21.071065526773914,0.0,0.0,0.0,0.0,0.0,0.0,1,02_14_83_2925_ego_83,1,2925,2920,2925,vehicle_vehicle,0.6054704788808625,0.02497140639653817,3.4476720368861087,3.4512454853284553,15.0,3.0,3.5,0.8,6.2876916272985275,22.6356898582747
2,86,2863,58,83.6098,-21.6945,216.1358,2.1226,4.8555,-3.55,-2.1327,-1.2161,0.2626,4.1247,0.371,0.8273,0.9293,car,83,80.0227,-27.6796,-5.5971,-1.712,5.853,0.0232,197.2344,5.8530737574371985,21.071065526773914,3.5871000000000066,5.985099999999999,2.0471000000000004,-0.42069999999999985,2.0898820301634258,6.97772946021842,0,02_14_83_2925_ego_83,0,2925,2920,2925,vehicle_vehicle,0.6054704788808625,0.02497140639653817,3.4476720368861087,3.4512454853284553,15.0,3.0,3.5,0.8,6.2876916272985275,22.6356898582747
2,14,2864,2864,70.1136,-37.9184,229.0992,2.5807,6.6415,-0.0,0.0,0.0,-0.0,0.0,0.0,-0.0,-0.0,truck,83,79.7998,-27.7485,-5.6038,-1.7268,5.8639,0.0078,197.2027,5.863822360883726,21.109760499181416,-9.6862,-10.169899999999998,5.6038,1.7268,5.863822360883726,14.044548282162726,0,02_14_83_2925_ego_83,1,2925,2920,2925,vehicle_vehicle,0.6054704788808625,0.02497140639653817,3.4476720368861087,3.4512454853284553,15.0,3.0,3.5,0.8,6.2876916272985275,22.6356898582747
2,76,2864,263,63.9423,-37.5221,235.4429,2.067,4.304,-3.1943,-5.2395,1.6299,-1.368,6.1269,-0.3413,0.2021,-2.1183,car,83,79.7998,-27.7485,-5.6038,-1.7268,5.8639,0.0078,197.2027,5.863822360883726,21.109760499181416,-15.857500000000002,-9.773600000000002,2.4094999999999995,-3.5126999999999997,4.259665660588868,18.627494818412917,0,02_14_83_2925_ego_83,0,2925,2920,2925,vehicle_vehicle,0.6054704788808625,0.02497140639653817,3.4476720368861087,3.4512454853284553,15.0,3.0,3.5,0.8,6.2876916272985275,22.6356898582747
2,79,2864,153,51.8985,-46.1742,335.7404,2.301,5.8366,-0.005,0.0032,0.0348,-0.0121,-0.0059,-0.0009,0.0367,-0.0032,van,83,79.7998,-27.7485,-5.6038,-1.7268,5.8639,0.0078,197.2027,5.863822360883726,21.109760499181416,-27.901300000000006,-18.4257,5.5988,1.73,5.859988177462477,33.436341937777826,0,02_14_83_2925_ego_83,0,2925,2920,2925,vehicle_vehicle,0.6054704788808625,0.02497140639653817,3.4476720368861087,3.4512454853284553,15.0,3.0,3.5,0.8,6.2876916272985275,22.6356898582747
2,82,2864,129,68.6243,-29.1772,215.5974,2.1699,4.6403,-5.217,-4.1451,1.0526,-1.4386,6.655,-0.3338,-0.0185,-1.7825,car,83,79.7998,-27.7485,-5.6038,-1.7268,5.8639,0.0078,197.2027,5.863822360883726,21.109760499181416,-11.1755,-1.4286999999999992,0.38680000000000003,-2.4183000000000003,2.4490384092537223,11.266453920377964,0,02_14_83_2925_ego_83,0,2925,2920,2925,vehicle_vehicle,0.6054704788808625,0.02497140639653817,3.4476720368861087,3.4512454853284553,15.0,3.0,3.5,0.8,6.2876916272985275,22.6356898582747
2,83,2864,104,79.7998,-27.7485,197.2027,2.1172,4.5925,-5.6038,-1.7268,-0.1723,-0.45,5.8639,0.0078,0.2977,-0.3789,car,83,79.7998,-27.7485,-5.6038,-1.7268,5.8639,0.0078,197.2027,5.863822360883726,21.109760499181416,0.0,0.0,0.0,0.0,0.0,0.0,1,02_14_83_2925_ego_83,1,2925,2920,2925,vehicle_vehicle,0.6054704788808625,0.02497140639653817,3.4476720368861087,3.4512454853284553,15.0,3.0,3.5,0.8,6.2876916272985275,22.6356898582747
2,86,2864,59,83.4663,-21.7801,215.5045,2.1226,4.8555,-3.6046,-2.1249,-1.1835,0.278,4.1685,0.3637,0.802,0.9137,car,83,79.7998,-27.7485,-5.6038,-1.7268,5.8639,0.0078,197.2027,5.863822360883726,21.109760499181416,3.666499999999999,5.968399999999999,1.9991999999999996,-0.3980999999999999,2.0384514343000664,7.00464280388372,0,02_14_83_2925_ego_83,0,2925,2920,2925,vehicle_vehicle,0.6054704788808625,0.02497140639653817,3.4476720368861087,3.4512454853284553,15.0,3.0,3.5,0.8,6.2876916272985275,22.6356898582747
2,14,2865,2865,70.1136,-37.9184,229.0992,2.5807,6.6415,-0.0,0.0,0.0,-0.0,0.0,0.0,-0.0,-0.0,truck,83,79.5766,-27.818,-5.6099,-1.7436,5.8746,-0.0067,197.2011,5.87461649556803,21.148619384044906,-9.462999999999994,-10.100399999999997,5.6099,1.7436,5.87461649556803,13.840753200602915,0,02_14_83_2925_ego_83,1,2925,2920,2925,vehicle_vehicle,0.6054704788808625,0.02497140639653817,3.4476720368861087,3.4512454853284553,15.0,3.0,3.5,0.8,6.2876916272985275,22.6356898582747
2,76,2865,264,63.8149,-37.733,236.2166,2.067,4.304,-3.1275,-5.2947,1.6608,-1.3539,6.1397,-0.3447,0.2018,-2.1332,car,83,79.5766,-27.818,-5.6099,-1.7436,5.8746,-0.0067,197.2011,5.87461649556803,21.148619384044906,-15.761699999999998,-9.914999999999996,2.4823999999999997,-3.5511,4.332738276194397,18.620913293659896,0,02_14_83_2925_ego_83,0,2925,2920,2925,vehicle_vehicle,0.6054704788808625,0.02497140639653817,3.4476720368861087,3.4512454853284553,15.0,3.0,3.5,0.8,6.2876916272985275,22.6356898582747
2,79,2865,154,51.8987,-46.1732,335.7517,2.301,5.8366,-0.003,0.0024,0.0315,-0.0126,-0.0037,-0.0009,0.0339,-0.0014,van,83,79.5766,-27.818,-5.6099,-1.7436,5.8746,-0.0067,197.2011,5.87461649556803,21.148619384044906,-27.6779,-18.3552,5.6068999999999996,1.746,5.872464866646713,33.211135413442285,0,02_14_83_2925_ego_83,0,2925,2920,2925,vehicle_vehicle,0.6054704788808625,0.02497140639653817,3.4476720368861087,3.4512454853284553,15.0,3.0,3.5,0.8,6.2876916272985275,22.6356898582747
2,82,2865,130,68.4162,-29.3446,216.1895,2.1699,4.6403,-5.1743,-4.2028,1.0854,-1.4193,6.6576,-0.3368,-0.0379,-1.7863,car,83,79.5766,-27.818,-5.6099,-1.7436,5.8746,-0.0067,197.2011,5.87461649556803,21.148619384044906,-11.160399999999996,-1.5265999999999984,0.4356,-2.4592,2.497481131059853,11.264325799620673,0,02_14_83_2925_ego_83,0,2925,2920,2925,vehicle_vehicle,0.6054704788808625,0.02497140639653817,3.4476720368861087,3.4512454853284553,15.0,3.0,3.5,0.8,6.2876916272985275,22.6356898582747
2,83,2865,105,79.5766,-27.818,197.2011,2.1172,4.5925,-5.6099,-1.7436,-0.1432,-0.5027,5.8746,-0.0067,0.2854,-0.4379,car,83,79.5766,-27.818,-5.6099,-1.7436,5.8746,-0.0067,197.2011,5.87461649556803,21.148619384044906,0.0,0.0,0.0,0.0,0.0,0.0,1,02_14_83_2925_ego_83,1,2925,2920,2925,vehicle_vehicle,0.6054704788808625,0.02497140639653817,3.4476720368861087,3.4512454853284553,15.0,3.0,3.5,0.8,6.2876916272985275,22.6356898582747
2,86,2865,60,83.32,-21.8656,214.8821,2.1226,4.8555,-3.6575,-2.1161,-1.1452,0.2959,4.2105,0.3558,0.7702,0.8977,car,83,79.5766,-27.818,-5.6099,-1.7436,5.8746,-0.0067,197.2011,5.87461649556803,21.148619384044906,3.743399999999994,5.952400000000001,1.9523999999999995,-0.37249999999999983,1.9876171688733215,7.03165054023591,0,02_14_83_2925_ego_83,0,2925,2920,2925,vehicle_vehicle,0.6054704788808625,0.02497140639653817,3.4476720368861087,3.4512454853284553,15.0,3.0,3.5,0.8,6.2876916272985275,22.6356898582747
2,14,2866,2866,70.1136,-37.9184,229.0992,2.5807,6.6415,-0.0,0.0,0.0,-0.0,0.0,0.0,-0.0,-0.0,truck,83,79.3528,-27.8881,-5.615,-1.7626,5.8851,-0.0214,197.2195,5.885149425460666,21.1865379316584,-9.239199999999997,-10.030299999999997,5.615,1.7626,5.885149425460666,13.637072073212778,0,02_14_83_2925_ego_83,1,2925,2920,2925,vehicle_vehicle,0.6054704788808625,0.02497140639653817,3.4476720368861087,3.4512454853284553,15.0,3.0,3.5,0.8,6.2876916272985275,22.6356898582747
2,76,2866,265,63.6904,-37.9457,237.0061,2.067,4.304,-3.0591,-5.3494,1.6899,-1.3393,6.1525,-0.3472,0.2031,-2.1467,car,83,79.3528,-27.8881,-5.615,-1.7626,5.8851,-0.0214,197.2195,5.885149425460666,21.1865379316584,-15.662400000000005,-10.0576,2.5559000000000003,-3.5868,4.404288711017933,18.613599638973657,0,02_14_83_2925_ego_83,0,2925,2920,2925,vehicle_vehicle,0.6054704788808625,0.02497140639653817,3.4476720368861087,3.4512454853284553,15.0,3.0,3.5,0.8,6.2876916272985275,22.6356898582747
2,79,2866,155,51.8992,-46.1728,335.7604,2.301,5.8366,-0.0014,0.0014,0.0277,-0.0127,-0.0018,-0.0007,0.0305,0.0002,van,83,79.3528,-27.8881,-5.615,-1.7626,5.8851,-0.0214,197.2195,5.885149425460666,21.1865379316584,-27.4536,-18.2847,5.6136,1.764,5.884233251664995,32.98530592627572,0,02_14_83_2925_ego_83,0,2925,2920,2925,vehicle_vehicle,0.6054704788808625,0.02497140639653817,3.4476720368861087,3.4512454853284553,15.0,3.0,3.5,0.8,6.2876916272985275,22.6356898582747
2,82,2866,131,68.2095,-29.5137,216.7855,2.1699,4.6403,-5.1299,-4.2598,1.1174,-1.3998,6.6593,-0.3397,-0.0566,-1.7902,car,83,79.3528,-27.8881,-5.615,-1.7626,5.8851,-0.0214,197.2195,5.885149425460666,21.1865379316584,-11.143299999999996,-1.6255999999999986,0.4851000000000001,-2.4972000000000003,2.5438808639557005,11.261248165723012,0,02_14_83_2925_ego_83,0,2925,2920,2925,vehicle_vehicle,0.6054704788808625,0.02497140639653817,3.4476720368861087,3.4512454853284553,15.0,3.0,3.5,0.8,6.2876916272985275,22.6356898582747
2,83,2866,106,79.3528,-27.8881,197.2195,2.1172,4.5925,-5.615,-1.7626,-0.1147,-0.5567,5.8851,-0.0214,0.2744,-0.4977,car,83,79.3528,-27.8881,-5.615,-1.7626,5.8851,-0.0214,197.2195,5.885149425460666,21.1865379316584,0.0,0.0,0.0,0.0,0.0,0.0,1,02_14_83_2925_ego_83,1,2925,2920,2925,vehicle_vehicle,0.6054704788808625,0.02497140639653817,3.4476720368861087,3.4512454853284553,15.0,3.0,3.5,0.8,6.2876916272985275,22.6356898582747
2,86,2866,61,83.1711,-21.9514,214.264,2.1226,4.8555,-3.7082,-2.106,-1.1016,0.3158,4.2504,0.3472,0.7326,0.8812,car,83,79.3528,-27.8881,-5.615,-1.7626,5.8851,-0.0214,197.2195,5.885149425460666,21.1865379316584,3.8182999999999936,5.936700000000002,1.9068,-0.3433999999999999,1.937475109517539,7.058599137222624,0,02_14_83_2925_ego_83,0,2925,2920,2925,vehicle_vehicle,0.6054704788808625,0.02497140639653817,3.4476720368861087,3.4512454853284553,15.0,3.0,3.5,0.8,6.2876916272985275,22.6356898582747
2,14,2867,2867,70.1136,-37.9184,229.0992,2.5807,6.6415,-0.0,0.0,0.0,-0.0,0.0,0.0,-0.0,-0.0,truck,83,79.1289,-27.959,-5.6193,-1.7838,5.8955,-0.0351,197.2703,5.895631851633886,21.22427466588199,-9.015299999999996,-9.959399999999999,5.6193,1.7838,5.895631851633886,13.43373672698702,0,02_14_83_2925_ego_83,1,2925,2920,2925,vehicle_vehicle,0.6054704788808625,0.02497140639653817,3.4476720368861087,3.4512454853284553,15.0,3.0,3.5,0.8,6.2876916272985275,22.6356898582747
2,76,2867,266,63.5697,-38.1603,237.7882,2.067,4.304,-2.9897,-5.4037,1.7172,-1.324,6.1657,-0.3509,0.2049,-2.1587,car,83,79.1289,-27.959,-5.6193,-1.7838,5.8955,-0.0351,197.2703,5.895631851633886,21.22427466588199,-15.559200000000004,-10.2013,2.6296,-3.6198999999999995,4.4742007297393345,18.605247279463935,0,02_14_83_2925_ego_83,0,2925,2920,2925,vehicle_vehicle,0.6054704788808625,0.02497140639653817,3.4476720368861087,3.4512454853284553,15.0,3.0,3.5,0.8,6.2876916272985275,22.6356898582747
2,79,2867,156,51.8997,-46.1729,335.7671,2.301,5.8366,-0.0001,0.0005,0.0237,-0.0124,-0.0003,-0.0004,0.0267,0.0016,van,83,79.1289,-27.959,-5.6193,-1.7838,5.8955,-0.0351,197.2703,5.895631851633886,21.22427466588199,-27.2292,-18.2139,5.6192,1.7843,5.895687841973997,32.759357225837014,0,02_14_83_2925_ego_83,0,2925,2920,2925,vehicle_vehicle,0.6054704788808625,0.02497140639653817,3.4476720368861087,3.4512454853284553,15.0,3.0,3.5,0.8,6.2876916272985275,22.6356898582747
2,82,2867,132,68.0047,-29.6852,217.396,2.1699,4.6403,-5.0842,-4.3159,1.1483,-1.3802,6.6603,-0.3411,-0.0741,-1.7939,car,83,79.1289,-27.959,-5.6193,-1.7838,5.8955,-0.0351,197.2703,5.895631851633886,21.22427466588199,-11.124200000000002,-1.7261999999999986,0.5350999999999999,-2.5321,2.588022878569662,11.257335034545255,0,02_14_83_2925_ego_83,0,2925,2920,2925,vehicle_vehicle,0.6054704788808625,0.02497140639653817,3.4476720368861087,3.4512454853284553,15.0,3.0,3.5,0.8,6.2876916272985275,22.6356898582747
2,83,2867,107,79.1289,-27.959,197.2703,2.1172,4.5925,-5.6193,-1.7838,-0.0867,-0.6117,5.8955,-0.0351,0.2644,-0.5584,car,83,79.1289,-27.959,-5.6193,-1.7838,5.8955,-0.0351,197.2703,5.895631851633886,21.22427466588199,0.0,0.0,0.0,0.0,0.0,0.0,1,02_14_83_2925_ego_83,1,2925,2920,2925,vehicle_vehicle,0.6054704788808625,0.02497140639653817,3.4476720368861087,3.4512454853284553,15.0,3.0,3.5,0.8,6.2876916272985275,22.6356898582747
2,86,2867,62,83.02,-22.037,213.6544,2.1226,4.8555,-3.7564,-2.0945,-1.0535,0.3372,4.2875,0.3383,0.69,0.8645,car,83,79.1289,-27.959,-5.6193,-1.7838,5.8955,-0.0351,197.2703,5.895631851633886,21.22427466588199,3.8910999999999945,5.922000000000001,1.8628999999999998,-0.3107,1.8886320181549394,7.085953937897139,0,02_14_83_2925_ego_83,0,2925,2920,2925,vehicle_vehicle,0.6054704788808625,0.02497140639653817,3.4476720368861087,3.4512454853284553,15.0,3.0,3.5,0.8,6.2876916272985275,22.6356898582747
2,14,2868,2868,70.1136,-37.9184,229.0992,2.5807,6.6415,-0.0,0.0,0.0,-0.0,0.0,0.0,-0.0,-0.0,truck,83,78.9047,-28.0306,-5.6228,-1.8072,5.9058,-0.049,197.342,5.906085986505784,21.26190955142082,-8.7911,-9.887799999999999,5.6228,1.8072,5.906085986505784,13.230722884634837,0,02_14_83_2925_ego_83,1,2925,2920,2925,vehicle_vehicle,0.6054704788808625,0.02497140639653817,3.4476720368861087,3.4512454853284553,15.0,3.0,3.5,0.8,6.2876916272985275,22.6356898582747
2,76,2868,267,63.4521,-38.3772,238.5866,2.067,4.304,-2.9195,-5.4575,1.7427,-1.308,6.1793,-0.353,0.2079,-2.169,car,83,78.9047,-28.0306,-5.6228,-1.8072,5.9058,-0.049,197.342,5.906085986505784,21.26190955142082,-15.452600000000004,-10.346600000000002,2.7032999999999996,-3.6502999999999997,4.542303488319555,18.596638898467653,0,02_14_83_2925_ego_83,0,2925,2920,2925,vehicle_vehicle,0.6054704788808625,0.02497140639653817,3.4476720368861087,3.4512454853284553,15.0,3.0,3.5,0.8,6.2876916272985275,22.6356898582747
2,79,2868,157,51.9,-46.1731,335.7693,2.301,5.8366,0.0008,-0.0003,0.0195,-0.0117,0.0009,-0.0,0.0226,0.0027,van,83,78.9047,-28.0306,-5.6228,-1.8072,5.9058,-0.049,197.342,5.906085986505784,21.26190955142082,-27.004700000000007,-18.1425,5.6236,1.8069,5.906755841407362,32.53312355646165,0,02_14_83_2925_ego_83,0,2925,2920,2925,vehicle_vehicle,0.6054704788808625,0.02497140639653817,3.4476720368861087,3.4512454853284553,15.0,3.0,3.5,0.8,6.2876916272985275,22.6356898582747
2,82,2868,133,67.802,-29.8589,218.0164,2.1699,4.6403,-5.037,-4.3713,1.1781,-1.3604,6.6606,-0.3417,-0.0903,-1.7974,car,83,78.9047,-28.0306,-5.6228,-1.8072,5.9058,-0.049,197.342,5.906085986505784,21.26190955142082,-11.102699999999999,-1.8282999999999987,0.5857999999999999,-2.5641,2.6301654795848872,11.252227698549296,0,02_14_83_2925_ego_83,0,2925,2920,2925,vehicle_vehicle,0.6054704788808625,0.02497140639653817,3.4476720368861087,3.4512454853284553,15.0,3.0,3.5,0.8,6.2876916272985275,22.6356898582747
2,83,2868,108,78.9047,-28.0306,197.342,2.1172,4.5925,-5.6228,-1.8072,-0.0589,-0.6678,5.9058,-0.049,0.2553,-0.6199,car,83,78.9047,-28.0306,-5.6228,-1.8072,5.9058,-0.049,197.342,5.906085986505784,21.26190955142082,0.0,0.0,0.0,0.0,0.0,0.0,1,02_14_83_2925_ego_83,1,2925,2920,2925,vehicle_vehicle,0.6054704788808625,0.02497140639653817,3.4476720368861087,3.4512454853284553,15.0,3.0,3.5,0.8,6.2876916272985275,22.6356898582747
2,86,2868,63,82.8669,-22.1221,213.0504,2.1226,4.8555,-3.8019,-2.0815,-1.0016,0.3594,4.3219,0.3288,0.6436,0.8475,car,83,78.9047,-28.0306,-5.6228,-1.8072,5.9058,-0.049,197.342,5.906085986505784,21.26190955142082,3.9621999999999957,5.9085,1.8209,-0.2743000000000002,1.8414443515892627,7.114028471267174,0,02_14_83_2925_ego_83,0,2925,2920,2925,vehicle_vehicle,0.6054704788808625,0.02497140639653817,3.4476720368861087,3.4512454853284553,15.0,3.0,3.5,0.8,6.2876916272985275,22.6356898582747
2,14,2869,2869,70.1136,-37.9184,229.0992,2.5807,6.6415,-0.0,0.0,0.0,-0.0,-0.0,0.0,-0.0,-0.0,truck,83,78.68,-28.1033,-5.6252,-1.8329,5.916,-0.0629,197.4385,5.916282401136714,21.29861664409217,-8.566400000000002,-9.815099999999997,5.6252,1.8329,5.916282401136714,13.02763973135579,0,02_14_83_2925_ego_83,1,2925,2920,2925,vehicle_vehicle,0.6054704788808625,0.02497140639653817,3.4476720368861087,3.4512454853284553,15.0,3.0,3.5,0.8,6.2876916272985275,22.6356898582747
2,76,2869,268,63.3377,-38.5964,239.3924,2.067,4.304,-2.8486,-5.5108,1.767,-1.291,6.1933,-0.3541,0.2115,-2.1781,car,83,78.68,-28.1033,-5.6252,-1.8329,5.916,-0.0629,197.4385,5.916282401136714,21.29861664409217,-15.342300000000009,-10.493100000000002,2.7766000000000006,-3.6778999999999997,4.608302938175831,18.58739672197267,0,02_14_83_2925_ego_83,0,2925,2920,2925,vehicle_vehicle,0.6054704788808625,0.02497140639653817,3.4476720368861087,3.4512454853284553,15.0,3.0,3.5,0.8,6.2876916272985275,22.6356898582747
2,79,2869,158,51.9008,-46.1734,335.7685,2.301,5.8366,0.0013,-0.001,0.0155,-0.0107,0.0016,0.0004,0.0185,0.0034,van,83,78.68,-28.1033,-5.6252,-1.8329,5.916,-0.0629,197.4385,5.916282401136714,21.29861664409217,-26.77920000000001,-18.0701,5.6265,1.8319,5.917208789623702,32.30563521508284,0,02_14_83_2925_ego_83,0,2925,2920,2925,vehicle_vehicle,0.6054704788808625,0.02497140639653817,3.4476720368861087,3.4512454853284553,15.0,3.0,3.5,0.8,6.2876916272985275,22.6356898582747
2,82,2869,134,67.6017,-30.0352,218.6323,2.1699,4.6403,-4.9888,-4.4258,1.2068,-1.3405,6.6602,-0.3427,-0.1058,-1.8006,car,83,78.68,-28.1033,-5.6252,-1.8329,5.916,-0.0629,197.4385,5.916282401136714,21.29861664409217,-11.078300000000013,-1.9318999999999988,0.6364000000000001,-2.5928999999999998,2.66985680702168,11.245486583514307,0,02_14_83_2925_ego_83,0,2925,2920,2925,vehicle_vehicle,0.6054704788808625,0.02497140639653817,3.4476720368861087,3.4512454853284553,15.0,3.0,3.5,0.8,6.2876916272985275,22.6356898582747
2,83,2869,109,78.68,-28.1033,197.4385,2.1172,4.5925,-5.6252,-1.8329,-0.031,-0.7249,5.916,-0.0629,0.2469,-0.6823,car,83,78.68,-28.1033,-5.6252,-1.8329,5.916,-0.0629,197.4385,5.916282401136714,21.29861664409217,0.0,0.0,0.0,0.0,0.0,0.0,1,02_14_83_2925_ego_83,1,2925,2920,2925,vehicle_vehicle,0.6054704788808625,0.02497140639653817,3.4476720368861087,3.4512454853284553,15.0,3.0,3.5,0.8,6.2876916272985275,22.6356898582747
2,86,2869,64,82.7121,-22.2066,212.4609,2.1226,4.8555,-3.8444,-2.067,-0.9469,0.3817,4.3532,0.3194,0.5941,0.8303,car,83,78.68,-28.1033,-5.6252,-1.8329,5.916,-0.0629,197.4385,5.916282401136714,21.29861664409217,4.0321,5.896699999999999,1.7808000000000006,-0.2341000000000002,1.7961212236372026,7.143451637688883,0,02_14_83_2925_ego_83,0,2925,2920,2925,vehicle_vehicle,0.6054704788808625,0.02497140639653817,3.4476720368861087,3.4512454853284553,15.0,3.0,3.5,0.8,6.2876916272985275,22.6356898582747
2,14,2870,2870,70.1136,-37.9184,229.0992,2.5807,6.6415,-0.0,0.0,0.0,-0.0,-0.0,0.0,-0.0,-0.0,truck,83,78.4554,-28.1764,-5.6267,-1.8613,5.9261,-0.0778,197.5513,5.926566508527513,21.335639430699047,-8.341799999999992,-9.741999999999997,5.6267,1.8613,5.926566508527513,12.82545091760909,0,02_14_83_2925_ego_83,1,2925,2920,2925,vehicle_vehicle,0.6054704788808625,0.02497140639653817,3.4476720368861087,3.4512454853284553,15.0,3.0,3.5,0.8,6.2876916272985275,22.6356898582747
2,76,2870,269,63.226,-38.8182,240.2027,2.067,4.304,-2.7771,-5.5632,1.7902,-1.2733,6.2077,-0.3546,0.2153,-2.1862,car,83,78.4554,-28.1764,-5.6267,-1.8613,5.9261,-0.0778,197.5513,5.926566508527513,21.335639430699047,-15.229399999999998,-10.641799999999996,2.8495999999999997,-3.7019,4.671646794225779,18.57908855676187,0,02_14_83_2925_ego_83,0,2925,2920,2925,vehicle_vehicle,0.6054704788808625,0.02497140639653817,3.4476720368861087,3.4512454853284553,15.0,3.0,3.5,0.8,6.2876916272985275,22.6356898582747
2,79,2870,159,51.9015,-46.1737,335.7598,2.301,5.8366,0.0015,-0.0016,0.0119,-0.0096,0.002,0.0008,0.0148,0.0039,van,83,78.4554,-28.1764,-5.6267,-1.8613,5.9261,-0.0778,197.5513,5.926566508527513,21.335639430699047,-26.5539,-17.997299999999996,5.6282,1.8597,5.927488450431599,32.07822333764761,0,02_14_83_2925_ego_83,0,2925,2920,2925,vehicle_vehicle,0.6054704788808625,0.02497140639653817,3.4476720368861087,3.4512454853284553,15.0,3.0,3.5,0.8,6.2876916272985275,22.6356898582747
2,82,2870,135,67.4036,-30.2132,219.2492,2.1699,4.6403,-4.9396,-4.4795,1.2344,-1.3205,6.6594,-0.3437,-0.1205,-1.8036,car,83,78.4554,-28.1764,-5.6267,-1.8613,5.9261,-0.0778,197.5513,5.926566508527513,21.335639430699047,-11.0518,-2.0367999999999995,0.6870999999999992,-2.6182,2.7068575230329355,11.237919624200913,0,02_14_83_2925_ego_83,0,2925,2920,2925,vehicle_vehicle,0.6054704788808625,0.02497140639653817,3.4476720368861087,3.4512454853284553,15.0,3.0,3.5,0.8,6.2876916272985275,22.6356898582747
2,83,2870,110,78.4554,-28.1764,197.5513,2.1172,4.5925,-5.6267,-1.8613,-0.003,-0.7829,5.9261,-0.0778,0.2389,-0.7455,car,83,78.4554,-28.1764,-5.6267,-1.8613,5.9261,-0.0778,197.5513,5.926566508527513,21.335639430699047,0.0,0.0,0.0,0.0,0.0,0.0,1,02_14_83_2925_ego_83,1,2925,2920,2925,vehicle_vehicle,0.6054704788808625,0.02497140639653817,3.4476720368861087,3.4512454853284553,15.0,3.0,3.5,0.8,6.2876916272985275,22.6356898582747
2,86,2870,65,82.5554,-22.2908,211.8809,2.1226,4.8555,-3.884,-2.0509,-0.89,0.4036,4.3813,0.3099,0.5426,0.8128,car,83,78.4554,-28.1764,-5.6267,-1.8613,5.9261,-0.0778,197.5513,5.926566508527513,21.335639430699047,4.1000000000000085,5.8856,1.7426999999999997,-0.1896,1.75298358520552,7.172885567189823,0,02_14_83_2925_ego_83,0,2925,2920,2925,vehicle_vehicle,0.6054704788808625,0.02497140639653817,3.4476720368861087,3.4512454853284553,15.0,3.0,3.5,0.8,6.2876916272985275,22.6356898582747
2,14,2871,2871,70.1136,-37.9184,229.0992,2.5807,6.6415,0.0,0.0,0.0,-0.0,-0.0,0.0,-0.0,-0.0,truck,83,78.2307,-28.2507,-5.6273,-1.8922,5.9361,-0.0938,197.6807,5.936912171322732,21.37288381676184,-8.117099999999994,-9.6677,5.6273,1.8922,5.936912171322732,12.623459735745977,0,02_14_83_2925_ego_83,1,2925,2920,2925,vehicle_vehicle,0.6054704788808625,0.02497140639653817,3.4476720368861087,3.4512454853284553,15.0,3.0,3.5,0.8,6.2876916272985275,22.6356898582747
2,76,2871,270,63.1163,-39.0422,241.0112,2.067,4.304,-2.7046,-5.6147,1.8126,-1.2548,6.222,-0.3553,0.2192,-2.1936,car,83,78.2307,-28.2507,-5.6273,-1.8922,5.9361,-0.0938,197.6807,5.936912171322732,21.37288381676184,-15.114399999999996,-10.791500000000003,2.9227,-3.7225,4.732777360070934,18.571525505730538,0,02_14_83_2925_ego_83,0,2925,2920,2925,vehicle_vehicle,0.6054704788808625,0.02497140639653817,3.4476720368861087,3.4512454853284553,15.0,3.0,3.5,0.8,6.2876916272985275,22.6356898582747
2,79,2871,160,51.9015,-46.1739,335.7554,2.301,5.8366,0.0014,-0.002,0.0088,-0.0083,0.0021,0.0013,0.0114,0.004,van,83,78.2307,-28.2507,-5.6273,-1.8922,5.9361,-0.0938,197.6807,5.936912171322732,21.37288381676184,-26.3292,-17.923200000000005,5.6287,1.8902,5.937602186910134,31.850712250748806,0,02_14_83_2925_ego_83,0,2925,2920,2925,vehicle_vehicle,0.6054704788808625,0.02497140639653817,3.4476720368861087,3.4512454853284553,15.0,3.0,3.5,0.8,6.2876916272985275,22.6356898582747
2,82,2871,136,67.2067,-30.3933,219.8755,2.1699,4.6403,-4.8891,-4.5325,1.261,-1.3003,6.658,-0.3439,-0.1341,-1.8064,car,83,78.2307,-28.2507,-5.6273,-1.8922,5.9361,-0.0938,197.6807,5.936912171322732,21.37288381676184,-11.024000000000001,-2.1426000000000016,0.7382,-2.6403,2.7415549109948536,11.230285426470692,0,02_14_83_2925_ego_83,0,2925,2920,2925,vehicle_vehicle,0.6054704788808625,0.02497140639653817,3.4476720368861087,3.4512454853284553,15.0,3.0,3.5,0.8,6.2876916272985275,22.6356898582747
2,83,2871,111,78.2307,-28.2507,197.6807,2.1172,4.5925,-5.6273,-1.8922,0.0254,-0.8413,5.9361,-0.0938,0.2313,-0.8093,car,83,78.2307,-28.2507,-5.6273,-1.8922,5.9361,-0.0938,197.6807,5.936912171322732,21.37288381676184,0.0,0.0,0.0,0.0,0.0,0.0,1,02_14_83_2925_ego_83,1,2925,2920,2925,vehicle_vehicle,0.6054704788808625,0.02497140639653817,3.4476720368861087,3.4512454853284553,15.0,3.0,3.5,0.8,6.2876916272985275,22.6356898582747
2,86,2871,66,82.3971,-22.3752,211.3084,2.1226,4.8555,-3.9204,-2.0328,-0.8319,0.4241,4.4059,0.3004,0.4904,0.7947,car,83,78.2307,-28.2507,-5.6273,-1.8922,5.9361,-0.0938,197.6807,5.936912171322732,21.37288381676184,4.166399999999996,5.875499999999999,1.7069,-0.14059999999999984,1.712680930588065,7.202804260147568,0,02_14_83_2925_ego_83,0,2925,2920,2925,vehicle_vehicle,0.6054704788808625,0.02497140639653817,3.4476720368861087,3.4512454853284553,15.0,3.0,3.5,0.8,6.2876916272985275,22.6356898582747
2,14,2872,2872,70.1136,-37.9184,229.0992,2.5807,6.6415,0.0,0.0,0.0,-0.0,-0.0,-0.0,-0.0,-0.0,truck,83,78.006,-28.3263,-5.6268,-1.9258,5.9462,-0.1091,197.8432,5.947233296247928,21.410039866492543,-7.892399999999995,-9.592099999999999,5.6268,1.9258,5.947233296247928,12.421689102936037,0,02_14_83_2925_ego_83,1,2925,2920,2925,vehicle_vehicle,0.6054704788808625,0.02497140639653817,3.4476720368861087,3.4512454853284553,15.0,3.0,3.5,0.8,6.2876916272985275,22.6356898582747
2,76,2872,271,63.0095,-39.2679,241.8294,2.067,4.304,-2.6313,-5.6654,1.8341,-1.2358,6.2365,-0.3551,0.2236,-2.2002,car,83,78.006,-28.3263,-5.6268,-1.9258,5.9462,-0.1091,197.8432,5.947233296247928,21.410039866492543,-14.996499999999997,-10.941599999999998,2.9955000000000003,-3.7396000000000003,4.79141194325848,18.563771782964793,0,02_14_83_2925_ego_83,0,2925,2920,2925,vehicle_vehicle,0.6054704788808625,0.02497140639653817,3.4476720368861087,3.4512454853284553,15.0,3.0,3.5,0.8,6.2876916272985275,22.6356898582747
2,79,2872,161,51.9017,-46.1741,335.7466,2.301,5.8366,0.0012,-0.0024,0.0062,-0.007,0.0021,0.0017,0.0086,0.0039,van,83,78.006,-28.3263,-5.6268,-1.9258,5.9462,-0.1091,197.8432,5.947233296247928,21.410039866492543,-26.104300000000002,-17.847800000000003,5.628,1.9234,5.947592080834058,31.622435758967082,0,02_14_83_2925_ego_83,0,2925,2920,2925,vehicle_vehicle,0.6054704788808625,0.02497140639653817,3.4476720368861087,3.4512454853284553,15.0,3.0,3.5,0.8,6.2876916272985275,22.6356898582747
2,82,2872,137,67.0119,-30.5758,220.495,2.1699,4.6403,-4.8376,-4.5846,1.2866,-1.28,6.656,-0.345,-0.1472,-1.8089,car,83,78.006,-28.3263,-5.6268,-1.9258,5.9462,-0.1091,197.8432,5.947233296247928,21.410039866492543,-10.994100000000003,-2.249500000000001,0.7892000000000001,-2.6588000000000003,2.7734552601403184,11.221875291590086,0,02_14_83_2925_ego_83,0,2925,2920,2925,vehicle_vehicle,0.6054704788808625,0.02497140639653817,3.4476720368861087,3.4512454853284553,15.0,3.0,3.5,0.8,6.2876916272985275,22.6356898582747
2,83,2872,112,78.006,-28.3263,197.8432,2.1172,4.5925,-5.6268,-1.9258,0.0542,-0.9,5.9462,-0.1091,0.2241,-0.8733,car,83,78.006,-28.3263,-5.6268,-1.9258,5.9462,-0.1091,197.8432,5.947233296247928,21.410039866492543,0.0,0.0,0.0,0.0,0.0,0.0,1,02_14_83_2925_ego_83,1,2925,2920,2925,vehicle_vehicle,0.6054704788808625,0.02497140639653817,3.4476720368861087,3.4512454853284553,15.0,3.0,3.5,0.8,6.2876916272985275,22.6356898582747
2,86,2872,67,82.2377,-22.4593,210.7673,2.1226,4.8555,-3.9537,-2.0126,-0.7734,0.442,4.4268,0.2932,0.4385,0.7755,car,83,78.006,-28.3263,-5.6268,-1.9258,5.9462,-0.1091,197.8432,5.947233296247928,21.410039866492543,4.231700000000004,5.867000000000001,1.6731000000000003,-0.08679999999999999,1.6753500678962594,7.23387682297674,0,02_14_83_2925_ego_83,0,2925,2920,2925,vehicle_vehicle,0.6054704788808625,0.02497140639653817,3.4476720368861087,3.4512454853284553,15.0,3.0,3.5,0.8,6.2876916272985275,22.6356898582747
2,14,2873,2873,70.1136,-37.9184,229.0992,2.5807,6.6415,0.0,-0.0,0.0,-0.0,-0.0,-0.0,-0.0,-0.0,truck,83,77.781,-28.4031,-5.6252,-1.9622,5.9563,-0.1231,198.0462,5.957608906264325,21.44739206255157,-7.667400000000001,-9.5153,5.6252,1.9622,5.957608906264325,12.220063700734134,0,02_14_83_2925_ego_83,1,2925,2920,2925,vehicle_vehicle,0.6054704788808625,0.02497140639653817,3.4476720368861087,3.4512454853284553,15.0,3.0,3.5,0.8,6.2876916272985275,22.6356898582747
2,76,2873,272,62.9055,-39.4956,242.6661,2.067,4.304,-2.5569,-5.7154,1.8547,-1.2163,6.2513,-0.3529,0.2288,-2.2061,car,83,77.781,-28.4031,-5.6252,-1.9622,5.9563,-0.1231,198.0462,5.957608906264325,21.44739206255157,-14.875500000000002,-11.092500000000005,3.0683000000000002,-3.7531999999999996,4.8477804333529795,18.555970912350563,0,02_14_83_2925_ego_83,0,2925,2920,2925,vehicle_vehicle,0.6054704788808625,0.02497140639653817,3.4476720368861087,3.4512454853284553,15.0,3.0,3.5,0.8,6.2876916272985275,22.6356898582747
2,79,2873,162,51.9019,-46.1741,335.7418,2.301,5.8366,0.0009,-0.0028,0.0042,-0.0057,0.0019,0.0022,0.0062,0.0034,van,83,77.781,-28.4031,-5.6252,-1.9622,5.9563,-0.1231,198.0462,5.957608906264325,21.44739206255157,-25.879100000000008,-17.771000000000004,5.6261,1.9594,5.957537206765897,31.393251787764843,0,02_14_83_2925_ego_83,0,2925,2920,2925,vehicle_vehicle,0.6054704788808625,0.02497140639653817,3.4476720368861087,3.4512454853284553,15.0,3.0,3.5,0.8,6.2876916272985275,22.6356898582747
2,82,2873,138,66.8194,-30.7604,221.1162,2.1699,4.6403,-4.785,-4.6358,1.311,-1.2597,6.6533,-0.346,-0.1593,-1.8111,car,83,77.781,-28.4031,-5.6252,-1.9622,5.9563,-0.1231,198.0462,5.957608906264325,21.44739206255157,-10.961600000000004,-2.357300000000002,0.8402000000000003,-2.6735999999999995,2.802511908984509,11.212204861221547,0,02_14_83_2925_ego_83,0,2925,2920,2925,vehicle_vehicle,0.6054704788808625,0.02497140639653817,3.4476720368861087,3.4512454853284553,15.0,3.0,3.5,0.8,6.2876916272985275,22.6356898582747
2,83,2873,113,77.781,-28.4031,198.0462,2.1172,4.5925,-5.6252,-1.9622,0.0837,-0.9585,5.9563,-0.1231,0.2174,-0.9372,car,83,77.781,-28.4031,-5.6252,-1.9622,5.9563,-0.1231,198.0462,5.957608906264325,21.44739206255157,0.0,0.0,0.0,0.0,0.0,0.0,1,02_14_83_2925_ego_83,1,2925,2920,2925,vehicle_vehicle,0.6054704788808625,0.02497140639653817,3.4476720368861087,3.4512454853284553,15.0,3.0,3.5,0.8,6.2876916272985275,22.6356898582747
2,86,2873,68,82.077,-22.5421,210.2614,2.1226,4.8555,-3.9839,-1.9907,-0.7153,0.4562,4.4442,0.2882,0.3879,0.7545,car,83,77.781,-28.4031,-5.6252,-1.9622,5.9563,-0.1231,198.0462,5.957608906264325,21.44739206255157,4.295999999999992,5.860999999999997,1.6413000000000002,-0.02849999999999997,1.6415474224036297,7.266838170758993,0,02_14_83_2925_ego_83,0,2925,2920,2925,vehicle_vehicle,0.6054704788808625,0.02497140639653817,3.4476720368861087,3.4512454853284553,15.0,3.0,3.5,0.8,6.2876916272985275,22.6356898582747
2,14,2874,2874,70.1136,-37.9184,229.0992,2.5807,6.6415,0.0,-0.0,0.0,-0.0,-0.0,-0.0,0.0,-0.0,truck,83,77.556,-28.4816,-5.6224,-2.0011,5.9663,-0.1359,198.2866,5.967896025401247,21.48442569144449,-7.442399999999992,-9.436799999999998,5.6224,2.0011,5.967896025401247,12.018423856729294,0,02_14_83_2925_ego_83,1,2925,2920,2925,vehicle_vehicle,0.6054704788808625,0.02497140639653817,3.4476720368861087,3.4512454853284553,15.0,3.0,3.5,0.8,6.2876916272985275,22.6356898582747
2,76,2874,273,62.8052,-39.7255,243.5076,2.067,4.304,-2.482,-5.7644,1.8744,-1.1962,6.2663,-0.35,0.2345,-2.2112,car,83,77.556,-28.4816,-5.6224,-2.0011,5.9663,-0.1359,198.2866,5.967896025401247,21.48442569144449,-14.750799999999998,-11.243899999999996,3.1403999999999996,-3.7633,4.901483352006818,18.547543984312313,0,02_14_83_2925_ego_83,0,2925,2920,2925,vehicle_vehicle,0.6054704788808625,0.02497140639653817,3.4476720368861087,3.4512454853284553,15.0,3.0,3.5,0.8,6.2876916272985275,22.6356898582747
2,79,2874,163,51.9019,-46.1738,335.7414,2.301,5.8366,0.0004,-0.0032,0.0028,-0.0042,0.0017,0.0027,0.0043,0.0026,van,83,77.556,-28.4816,-5.6224,-2.0011,5.9663,-0.1359,198.2866,5.967896025401247,21.48442569144449,-25.6541,-17.6922,5.6228,1.9979,5.967200704685573,31.16322813268869,0,02_14_83_2925_ego_83,0,2925,2920,2925,vehicle_vehicle,0.6054704788808625,0.02497140639653817,3.4476720368861087,3.4512454853284553,15.0,3.0,3.5,0.8,6.2876916272985275,22.6356898582747
2,82,2874,139,66.6291,-30.9471,221.7539,2.1699,4.6403,-4.7314,-4.6861,1.3343,-1.2395,6.6503,-0.3451,-0.17,-1.8132,car,83,77.556,-28.4816,-5.6224,-2.0011,5.9663,-0.1359,198.2866,5.967896025401247,21.48442569144449,-10.926900000000003,-2.4654999999999987,0.891,-2.6849999999999996,2.828976139878171,11.201599611662616,0,02_14_83_2925_ego_83,0,2925,2920,2925,vehicle_vehicle,0.6054704788808625,0.02497140639653817,3.4476720368861087,3.4512454853284553,15.0,3.0,3.5,0.8,6.2876916272985275,22.6356898582747
2,83,2874,114,77.556,-28.4816,198.2866,2.1172,4.5925,-5.6224,-2.0011,0.1136,-1.0165,5.9663,-0.1359,0.211,-1.0008,car,83,77.556,-28.4816,-5.6224,-2.0011,5.9663,-0.1359,198.2866,5.967896025401247,21.48442569144449,0.0,0.0,0.0,0.0,0.0,0.0,1,02_14_83_2925_ego_83,1,2925,2920,2925,vehicle_vehicle,0.6054704788808625,0.02497140639653817,3.4476720368861087,3.4512454853284553,15.0,3.0,3.5,0.8,6.2876916272985275,22.6356898582747
2,86,2874,69,81.9155,-22.6237,209.7805,2.1226,4.8555,-4.0111,-1.9673,-0.6582,0.4657,4.4585,0.2848,0.34,0.7311,car,83,77.556,-28.4816,-5.6224,-2.0011,5.9663,-0.1359,198.2866,5.967896025401247,21.48442569144449,4.359499999999997,5.857900000000001,1.6113,0.03380000000000005,1.611654469791835,7.302070436526889,0,02_14_83_2925_ego_83,0,2925,2920,2925,vehicle_vehicle,0.6054704788808625,0.02497140639653817,3.4476720368861087,3.4512454853284553,15.0,3.0,3.5,0.8,6.2876916272985275,22.6356898582747
2,14,2875,2875,70.1136,-37.9184,229.0992,2.5807,6.6415,0.0,-0.0,0.0,-0.0,-0.0,-0.0,0.0,-0.0,truck,83,77.3314,-28.5616,-5.6184,-2.0428,5.9764,-0.1488,198.5545,5.978248104587163,21.521693176513786,-7.217799999999997,-9.3568,5.6184,2.0428,5.978248104587163,11.8172053836768,0,02_14_83_2925_ego_83,1,2925,2920,2925,vehicle_vehicle,0.6054704788808625,0.02497140639653817,3.4476720368861087,3.4512454853284553,15.0,3.0,3.5,0.8,6.2876916272985275,22.6356898582747
2,76,2875,274,62.7079,-39.9572,244.3448,2.067,4.304,-2.4064,-5.8126,1.8935,-1.1758,6.2815,-0.3474,0.2401,-2.2159,car,83,77.3314,-28.5616,-5.6184,-2.0428,5.9764,-0.1488,198.5545,5.978248104587163,21.521693176513786,-14.6235,-11.395600000000002,3.212,-3.7697999999999996,4.95260901343928,18.539321767799382,0,02_14_83_2925_ego_83,0,2925,2920,2925,vehicle_vehicle,0.6054704788808625,0.02497140639653817,3.4476720368861087,3.4512454853284553,15.0,3.0,3.5,0.8,6.2876916272985275,22.6356898582747
2,79,2875,164,51.9023,-46.1737,335.7387,2.301,5.8366,-0.0002,-0.0037,0.0021,-0.0024,0.0013,0.0034,0.0029,0.0013,van,83,77.3314,-28.5616,-5.6184,-2.0428,5.9764,-0.1488,198.5545,5.978248104587163,21.521693176513786,-25.429100000000005,-17.612099999999998,5.6182,2.0391000000000004,5.976796805145712,30.932591117137278,0,02_14_83_2925_ego_83,0,2925,2920,2925,vehicle_vehicle,0.6054704788808625,0.02497140639653817,3.4476720368861087,3.4512454853284553,15.0,3.0,3.5,0.8,6.2876916272985275,22.6356898582747
2,82,2875,140,66.4408,-31.1354,222.3879,2.1699,4.6403,-4.6768,-4.7357,1.3564,-1.2192,6.6468,-0.3449,-0.1799,-1.8149,car,83,77.3314,-28.5616,-5.6184,-2.0428,5.9764,-0.1488,198.5545,5.978248104587163,21.521693176513786,-10.890600000000006,-2.573800000000002,0.9416000000000002,-2.6928999999999994,2.8527742585069706,11.190603862169375,0,02_14_83_2925_ego_83,0,2925,2920,2925,vehicle_vehicle,0.6054704788808625,0.02497140639653817,3.4476720368861087,3.4512454853284553,15.0,3.0,3.5,0.8,6.2876916272985275,22.6356898582747
2,83,2875,115,77.3314,-28.5616,198.5545,2.1172,4.5925,-5.6184,-2.0428,0.1442,-1.0737,5.9764,-0.1488,0.2049,-1.0638,car,83,77.3314,-28.5616,-5.6184,-2.0428,5.9764,-0.1488,198.5545,5.978248104587163,21.521693176513786,0.0,0.0,0.0,0.0,0.0,0.0,1,02_14_83_2925_ego_83,1,2925,2920,2925,vehicle_vehicle,0.6054704788808625,0.02497140639653817,3.4476720368861087,3.4512454853284553,15.0,3.0,3.5,0.8,6.2876916272985275,22.6356898582747
2,86,2875,70,81.7528,-22.7027,209.3074,2.1226,4.8555,-4.0354,-1.9432,-0.6028,0.4699,4.4701,0.2808,0.2957,0.7048,car,83,77.3314,-28.5616,-5.6184,-2.0428,5.9764,-0.1488,198.5545,5.978248104587163,21.521693176513786,4.421399999999991,5.858899999999998,1.5830000000000002,0.09960000000000013,1.5861302468586875,7.339992314028667,0,02_14_83_2925_ego_83,0,2925,2920,2925,vehicle_vehicle,0.6054704788808625,0.02497140639653817,3.4476720368861087,3.4512454853284553,15.0,3.0,3.5,0.8,6.2876916272985275,22.6356898582747
2,14,2876,2876,70.1136,-37.9184,229.0992,2.5807,6.6415,0.0,-0.0,-0.0,-0.0,-0.0,-0.0,0.0,-0.0,truck,83,77.1065,-28.6428,-5.6132,-2.0873,5.9865,-0.1613,198.854,5.988725701683122,21.55941252605924,-6.992899999999992,-9.275599999999997,5.6132,2.0873,5.988725701683122,11.616256099535677,0,02_14_83_2925_ego_83,1,2925,2920,2925,vehicle_vehicle,0.6054704788808625,0.02497140639653817,3.4476720368861087,3.4512454853284553,15.0,3.0,3.5,0.8,6.2876916272985275,22.6356898582747
2,76,2876,275,62.6129,-40.1903,245.186,2.067,4.304,-2.33,-5.8601,1.9119,-1.1551,6.2969,-0.3444,0.2461,-2.2202,car,83,77.1065,-28.6428,-5.6132,-2.0873,5.9865,-0.1613,198.854,5.988725701683122,21.55941252605924,-14.493599999999994,-11.5475,3.2832,-3.7728,5.001342027896113,18.5313031708512,0,02_14_83_2925_ego_83,0,2925,2920,2925,vehicle_vehicle,0.6054704788808625,0.02497140639653817,3.4476720368861087,3.4512454853284553,15.0,3.0,3.5,0.8,6.2876916272985275,22.6356898582747
2,79,2876,165,51.9022,-46.1734,335.7272,2.301,5.8366,-0.0008,-0.0043,0.0021,-0.0002,0.001,0.0042,0.002,-0.0007,van,83,77.1065,-28.6428,-5.6132,-2.0873,5.9865,-0.1613,198.854,5.988725701683122,21.55941252605924,-25.204299999999996,-17.5306,5.6124,2.0829999999999997,5.9864783270300075,30.701444181829622,0,02_14_83_2925_ego_83,0,2925,2920,2925,vehicle_vehicle,0.6054704788808625,0.02497140639653817,3.4476720368861087,3.4512454853284553,15.0,3.0,3.5,0.8,6.2876916272985275,22.6356898582747
2,82,2876,141,66.255,-31.3257,223.0033,2.1699,4.6403,-4.6215,-4.7844,1.3773,-1.199,6.643,-0.3469,-0.1895,-1.8163,car,83,77.1065,-28.6428,-5.6132,-2.0873,5.9865,-0.1613,198.854,5.988725701683122,21.55941252605924,-10.851500000000001,-2.6829,0.9916999999999998,-2.6971,2.873641818320439,11.178237994424704,0,02_14_83_2925_ego_83,0,2925,2920,2925,vehicle_vehicle,0.6054704788808625,0.02497140639653817,3.4476720368861087,3.4512454853284553,15.0,3.0,3.5,0.8,6.2876916272985275,22.6356898582747
2,83,2876,116,77.1065,-28.6428,198.854,2.1172,4.5925,-5.6132,-2.0873,0.1753,-1.1296,5.9865,-0.1613,0.1991,-1.1257,car,83,77.1065,-28.6428,-5.6132,-2.0873,5.9865,-0.1613,198.854,5.988725701683122,21.55941252605924,0.0,0.0,0.0,0.0,0.0,0.0,1,02_14_83_2925_ego_83,1,2925,2920,2925,vehicle_vehicle,0.6054704788808625,0.02497140639653817,3.4476720368861087,3.4512454853284553,15.0,3.0,3.5,0.8,6.2876916272985275,22.6356898582747
2,86,2876,71,81.589,-22.7801,208.8415,2.1226,4.8555,-4.0567,-1.9189,-0.5499,0.4686,4.4792,0.276,0.2556,0.6757,car,83,77.1065,-28.6428,-5.6132,-2.0873,5.9865,-0.1613,198.854,5.988725701683122,21.55941252605924,4.482500000000002,5.8627,1.5564999999999998,0.16839999999999988,1.5655832172069295,7.37997679806651,0,02_14_83_2925_ego_83,0,2925,2920,2925,vehicle_vehicle,0.6054704788808625,0.02497140639653817,3.4476720368861087,3.4512454853284553,15.0,3.0,3.5,0.8,6.2876916272985275,22.6356898582747
2,14,2877,2877,70.1136,-37.9184,229.0992,2.5807,6.6415,0.0,-0.0,-0.0,-0.0,-0.0,-0.0,0.0,0.0,truck,83,76.8818,-28.7257,-5.6066,-2.1346,5.9966,-0.1748,199.1736,5.999206674219518,21.597144027190264,-6.768199999999993,-9.192699999999999,5.6066,2.1346,5.999206674219518,11.415527343491403,0,02_14_83_2925_ego_83,1,2925,2920,2925,vehicle_vehicle,0.6054704788808625,0.02497140639653817,3.4476720368861087,3.4512454853284553,15.0,3.0,3.5,0.8,6.2876916272985275,22.6356898582747
2,76,2877,276,62.5206,-40.4253,246.0325,2.067,4.304,-2.2527,-5.9069,1.9296,-1.1338,6.3126,-0.341,0.2522,-2.2238,car,83,76.8818,-28.7257,-5.6066,-2.1346,5.9966,-0.1748,199.1736,5.999206674219518,21.597144027190264,-14.361199999999997,-11.6996,3.3539000000000003,-3.7723000000000004,5.047662082588335,18.523625606235942,0,02_14_83_2925_ego_83,0,2925,2920,2925,vehicle_vehicle,0.6054704788808625,0.02497140639653817,3.4476720368861087,3.4512454853284553,15.0,3.0,3.5,0.8,6.2876916272985275,22.6356898582747
2,79,2877,166,51.9016,-46.1735,335.7187,2.301,5.8366,-0.0012,-0.0048,0.0027,0.0025,0.0009,0.0049,0.0015,-0.0034,van,83,76.8818,-28.7257,-5.6066,-2.1346,5.9966,-0.1748,199.1736,5.999206674219518,21.597144027190264,-24.980199999999996,-17.447799999999997,5.6054,2.1298,5.996378673833067,30.470249701635197,0,02_14_83_2925_ego_83,0,2925,2920,2925,vehicle_vehicle,0.6054704788808625,0.02497140639653817,3.4476720368861087,3.4512454853284553,15.0,3.0,3.5,0.8,6.2876916272985275,22.6356898582747
2,82,2877,142,66.0712,-31.5177,223.6066,2.1699,4.6403,-4.5653,-4.8326,1.3972,-1.1788,6.6387,-0.3505,-0.1987,-1.8172,car,83,76.8818,-28.7257,-5.6066,-2.1346,5.9966,-0.1748,199.1736,5.999206674219518,21.597144027190264,-10.810599999999994,-2.7920000000000016,1.0413000000000006,-2.6980000000000004,2.8919733211079253,11.165318462095017,0,02_14_83_2925_ego_83,0,2925,2920,2925,vehicle_vehicle,0.6054704788808625,0.02497140639653817,3.4476720368861087,3.4512454853284553,15.0,3.0,3.5,0.8,6.2876916272985275,22.6356898582747
2,83,2877,117,76.8818,-28.7257,199.1736,2.1172,4.5925,-5.6066,-2.1346,0.2069,-1.1837,5.9966,-0.1748,0.1933,-1.186,car,83,76.8818,-28.7257,-5.6066,-2.1346,5.9966,-0.1748,199.1736,5.999206674219518,21.597144027190264,0.0,0.0,0.0,0.0,0.0,0.0,1,02_14_83_2925_ego_83,1,2925,2920,2925,vehicle_vehicle,0.6054704788808625,0.02497140639653817,3.4476720368861087,3.4512454853284553,15.0,3.0,3.5,0.8,6.2876916272985275,22.6356898582747
2,86,2877,72,81.4244,-22.8559,208.3826,2.1226,4.8555,-4.0751,-1.895,-0.5002,0.462,4.486,0.27,0.2205,0.6442,car,83,76.8818,-28.7257,-5.6066,-2.1346,5.9966,-0.1748,199.1736,5.999206674219518,21.597144027190264,4.542600000000007,5.8698000000000015,1.5315000000000003,0.2395999999999998,1.5501291591348125,7.4222480960959585,0,02_14_83_2925_ego_83,0,2925,2920,2925,vehicle_vehicle,0.6054704788808625,0.02497140639653817,3.4476720368861087,3.4512454853284553,15.0,3.0,3.5,0.8,6.2876916272985275,22.6356898582747
2,14,2878,2878,70.1136,-37.9184,229.0992,2.5807,6.6415,0.0,-0.0,-0.0,-0.0,-0.0,-0.0,0.0,0.0,truck,83,76.6577,-28.8114,-5.5987,-2.1843,6.0068,-0.1886,199.5145,6.009709492146854,21.634954171728676,-6.5441,-9.107,5.5987,2.1843,6.009709492146854,11.214396720733577,0,02_14_83_2925_ego_83,1,2925,2920,2925,vehicle_vehicle,0.6054704788808625,0.02497140639653817,3.4476720368861087,3.4512454853284553,15.0,3.0,3.5,0.8,6.2876916272985275,22.6356898582747
2,76,2878,277,62.4317,-40.662,246.9074,2.067,4.304,-2.1744,-5.953,1.9463,-1.1119,6.3288,-0.3347,0.2594,-2.2265,car,83,76.6577,-28.8114,-5.5987,-2.1843,6.0068,-0.1886,199.5145,6.009709492146854,21.634954171728676,-14.226000000000006,-11.8506,3.4243,-3.7687000000000004,5.092045775520877,18.515285478760518,0,02_14_83_2925_ego_83,0,2925,2920,2925,vehicle_vehicle,0.6054704788808625,0.02497140639653817,3.4476720368861087,3.4512454853284553,15.0,3.0,3.5,0.8,6.2876916272985275,22.6356898582747
2,79,2878,167,51.901,-46.1739,335.7149,2.301,5.8366,-0.0014,-0.0052,0.0037,0.0057,0.0009,0.0053,0.0011,-0.0067,van,83,76.6577,-28.8114,-5.5987,-2.1843,6.0068,-0.1886,199.5145,6.009709492146854,21.634954171728676,-24.756700000000002,-17.362500000000004,5.5973,2.1791,6.006516802606982,30.2382307872005,0,02_14_83_2925_ego_83,0,2925,2920,2925,vehicle_vehicle,0.6054704788808625,0.02497140639653817,3.4476720368861087,3.4512454853284553,15.0,3.0,3.5,0.8,6.2876916272985275,22.6356898582747
2,82,2878,143,65.8901,-31.7116,224.2216,2.1699,4.6403,-4.5085,-4.88,1.4161,-1.1583,6.6345,-0.3529,-0.207,-1.8177,car,83,76.6577,-28.8114,-5.5987,-2.1843,6.0068,-0.1886,199.5145,6.009709492146854,21.634954171728676,-10.767600000000002,-2.9002000000000017,1.0902000000000003,-2.6957,2.907805793033641,11.15133937247002,0,02_14_83_2925_ego_83,0,2925,2920,2925,vehicle_vehicle,0.6054704788808625,0.02497140639653817,3.4476720368861087,3.4512454853284553,15.0,3.0,3.5,0.8,6.2876916272985275,22.6356898582747
2,83,2878,118,76.6577,-28.8114,199.5145,2.1172,4.5925,-5.5987,-2.1843,0.2389,-1.2356,6.0068,-0.1886,0.1876,-1.2444,car,83,76.6577,-28.8114,-5.5987,-2.1843,6.0068,-0.1886,199.5145,6.009709492146854,21.634954171728676,0.0,0.0,0.0,0.0,0.0,0.0,1,02_14_83_2925_ego_83,1,2925,2920,2925,vehicle_vehicle,0.6054704788808625,0.02497140639653817,3.4476720368861087,3.4512454853284553,15.0,3.0,3.5,0.8,6.2876916272985275,22.6356898582747
2,86,2878,73,81.2593,-22.9311,207.9354,2.1226,4.8555,-4.0909,-1.8713,-0.4544,0.4501,4.4909,0.2632,0.1906,0.6106,car,83,76.6577,-28.8114,-5.5987,-2.1843,6.0068,-0.1886,199.5145,6.009709492146854,21.634954171728676,4.601599999999991,5.880299999999998,1.5077999999999996,0.31299999999999994,1.5399447522557421,7.4667697600769705,0,02_14_83_2925_ego_83,0,2925,2920,2925,vehicle_vehicle,0.6054704788808625,0.02497140639653817,3.4476720368861087,3.4512454853284553,15.0,3.0,3.5,0.8,6.2876916272985275,22.6356898582747
2,14,2879,2879,70.1136,-37.9184,229.0992,2.5807,6.6415,0.0,-0.0,-0.0,0.0,-0.0,-0.0,0.0,0.0,truck,83,76.4339,-28.8991,-5.5895,-2.2364,6.0169,-0.2023,199.8806,6.020298598076344,21.673074953074842,-6.320299999999989,-9.019299999999998,5.5895,2.2364,6.020298598076344,11.013353920582041,0,02_14_83_2925_ego_83,1,2925,2920,2925,vehicle_vehicle,0.6054704788808625,0.02497140639653817,3.4476720368861087,3.4512454853284553,15.0,3.0,3.5,0.8,6.2876916272985275,22.6356898582747
2,76,2879,278,62.346,-40.9013,247.7873,2.067,4.304,-2.0954,-5.9981,1.9619,-1.0892,6.3452,-0.3277,0.2667,-2.2281,car,83,76.4339,-28.8991,-5.5895,-2.2364,6.0169,-0.2023,199.8806,6.020298598076344,21.673074953074842,-14.087899999999998,-12.002199999999998,3.4941,-3.7617,5.134113526208784,18.507342630696606,0,02_14_83_2925_ego_83,0,2925,2920,2925,vehicle_vehicle,0.6054704788808625,0.02497140639653817,3.4476720368861087,3.4512454853284553,15.0,3.0,3.5,0.8,6.2876916272985275,22.6356898582747
2,79,2879,168,51.9007,-46.1749,335.7188,2.301,5.8366,-0.0014,-0.0051,0.0049,0.0091,0.0008,0.0052,0.0007,-0.0103,van,83,76.4339,-28.8991,-5.5895,-2.2364,6.0169,-0.2023,199.8806,6.020298598076344,21.673074953074842,-24.533199999999994,-17.2758,5.5881,2.2313,6.017105724515733,30.005518957018552,0,02_14_83_2925_ego_83,0,2925,2920,2925,vehicle_vehicle,0.6054704788808625,0.02497140639653817,3.4476720368861087,3.4512454853284553,15.0,3.0,3.5,0.8,6.2876916272985275,22.6356898582747
2,82,2879,144,65.7113,-31.9076,224.8516,2.1699,4.6403,-4.451,-4.9267,1.4341,-1.1375,6.6301,-0.3535,-0.2145,-1.8178,car,83,76.4339,-28.8991,-5.5895,-2.2364,6.0169,-0.2023,199.8806,6.020298598076344,21.673074953074842,-10.7226,-3.008499999999998,1.1385000000000005,-2.6903,2.921283337849994,11.136661214654955,0,02_14_83_2925_ego_83,0,2925,2920,2925,vehicle_vehicle,0.6054704788808625,0.02497140639653817,3.4476720368861087,3.4512454853284553,15.0,3.0,3.5,0.8,6.2876916272985275,22.6356898582747
2,83,2879,119,76.4339,-28.8991,199.8806,2.1172,4.5925,-5.5895,-2.2364,0.2713,-1.285,6.0169,-0.2023,0.1818,-1.3006,car,83,76.4339,-28.8991,-5.5895,-2.2364,6.0169,-0.2023,199.8806,6.020298598076344,21.673074953074842,0.0,0.0,0.0,0.0,0.0,0.0,1,02_14_83_2925_ego_83,1,2925,2920,2925,vehicle_vehicle,0.6054704788808625,0.02497140639653817,3.4476720368861087,3.4512454853284553,15.0,3.0,3.5,0.8,6.2876916272985275,22.6356898582747
2,86,2879,74,81.0938,-23.0043,207.4958,2.1226,4.8555,-4.1042,-1.8487,-0.4131,0.4335,4.4941,0.2549,0.1664,0.5752,car,83,76.4339,-28.8991,-5.5895,-2.2364,6.0169,-0.2023,199.8806,6.020298598076344,21.673074953074842,4.6599000000000075,5.8948,1.4853000000000005,0.38770000000000016,1.5350659204086323,7.514208877187277,0,02_14_83_2925_ego_83,0,2925,2920,2925,vehicle_vehicle,0.6054704788808625,0.02497140639653817,3.4476720368861087,3.4512454853284553,15.0,3.0,3.5,0.8,6.2876916272985275,22.6356898582747
2,14,2880,2880,70.1136,-37.9184,229.0992,2.5807,6.6415,0.0,-0.0,-0.0,0.0,-0.0,-0.0,0.0,0.0,truck,83,76.2101,-28.9895,-5.5789,-2.2904,6.0269,-0.2158,200.2702,6.030759269776899,21.710733371196838,-6.096499999999992,-8.928899999999999,5.5789,2.2904,6.030759269776899,10.811686614955129,0,02_14_83_2925_ego_83,1,2925,2920,2925,vehicle_vehicle,0.6054704788808625,0.02497140639653817,3.4476720368861087,3.4512454853284553,15.0,3.0,3.5,0.8,6.2876916272985275,22.6356898582747
2,76,2880,279,62.2636,-41.1419,248.6701,2.067,4.304,-2.0157,-6.0424,1.9763,-1.0658,6.3617,-0.3202,0.274,-2.2286,car,83,76.2101,-28.9895,-5.5789,-2.2904,6.0269,-0.2158,200.2702,6.030759269776899,21.710733371196838,-13.9465,-12.1524,3.5632,-3.752,5.174350030680182,18.4982617564462,0,02_14_83_2925_ego_83,0,2925,2920,2925,vehicle_vehicle,0.6054704788808625,0.02497140639653817,3.4476720368861087,3.4512454853284553,15.0,3.0,3.5,0.8,6.2876916272985275,22.6356898582747
2,79,2880,169,51.9004,-46.1763,335.7255,2.301,5.8366,-0.0013,-0.0043,0.0062,0.0125,0.0006,0.0045,0.0006,-0.0139,van,83,76.2101,-28.9895,-5.5789,-2.2904,6.0269,-0.2158,200.2702,6.030759269776899,21.710733371196838,-24.3097,-17.186799999999998,5.5776,2.2861,6.027924598898032,29.77159062478859,0,02_14_83_2925_ego_83,0,2925,2920,2925,vehicle_vehicle,0.6054704788808625,0.02497140639653817,3.4476720368861087,3.4512454853284553,15.0,3.0,3.5,0.8,6.2876916272985275,22.6356898582747
2,82,2880,145,65.5341,-32.1055,225.4738,2.1699,4.6403,-4.3927,-4.9725,1.4513,-1.1163,6.6254,-0.3552,-0.2218,-1.8174,car,83,76.2101,-28.9895,-5.5789,-2.2904,6.0269,-0.2158,200.2702,6.030759269776899,21.710733371196838,-10.676000000000002,-3.1159999999999997,1.1862000000000004,-2.6821,2.9327002659665036,11.121440194507187,0,02_14_83_2925_ego_83,0,2925,2920,2925,vehicle_vehicle,0.6054704788808625,0.02497140639653817,3.4476720368861087,3.4512454853284553,15.0,3.0,3.5,0.8,6.2876916272985275,22.6356898582747
2,83,2880,120,76.2101,-28.9895,200.2702,2.1172,4.5925,-5.5789,-2.2904,0.304,-1.3317,6.0269,-0.2158,0.1762,-1.3545,car,83,76.2101,-28.9895,-5.5789,-2.2904,6.0269,-0.2158,200.2702,6.030759269776899,21.710733371196838,0.0,0.0,0.0,0.0,0.0,0.0,1,02_14_83_2925_ego_83,1,2925,2920,2925,vehicle_vehicle,0.6054704788808625,0.02497140639653817,3.4476720368861087,3.4512454853284553,15.0,3.0,3.5,0.8,6.2876916272985275,22.6356898582747
2,86,2880,75,80.9281,-23.0766,207.0639,2.1226,4.8555,-4.1153,-1.8273,-0.377,0.4124,4.4961,0.2452,0.1481,0.5388,car,83,76.2101,-28.9895,-5.5789,-2.2904,6.0269,-0.2158,200.2702,6.030759269776899,21.710733371196838,4.7180000000000035,5.9129000000000005,1.4635999999999996,0.46310000000000007,1.535117770726402,7.564516535113136,0,02_14_83_2925_ego_83,0,2925,2920,2925,vehicle_vehicle,0.6054704788808625,0.02497140639653817,3.4476720368861087,3.4512454853284553,15.0,3.0,3.5,0.8,6.2876916272985275,22.6356898582747
2,14,2881,2881,70.1136,-37.9184,229.0992,2.5807,6.6415,0.0,-0.0,-0.0,0.0,-0.0,-0.0,0.0,0.0,truck,83,75.9873,-29.0819,-5.567,-2.3465,6.0369,-0.2295,200.6787,6.041320323406135,21.748753164262084,-5.8736999999999995,-8.836499999999997,5.567,2.3465,6.041320323406135,10.61056473237876,0,02_14_83_2925_ego_83,1,2925,2920,2925,vehicle_vehicle,0.6054704788808625,0.02497140639653817,3.4476720368861087,3.4512454853284553,15.0,3.0,3.5,0.8,6.2876916272985275,22.6356898582747
2,76,2881,280,62.1843,-41.384,249.5347,2.067,4.304,-1.9353,-6.086,1.9894,-1.0416,6.3785,-0.3147,0.2803,-2.228,car,83,75.9873,-29.0819,-5.567,-2.3465,6.0369,-0.2295,200.6787,6.041320323406135,21.748753164262084,-13.803000000000004,-12.3021,3.6317000000000004,-3.7395000000000005,5.212782859471513,18.489577426485443,0,02_14_83_2925_ego_83,0,2925,2920,2925,vehicle_vehicle,0.6054704788808625,0.02497140639653817,3.4476720368861087,3.4512454853284553,15.0,3.0,3.5,0.8,6.2876916272985275,22.6356898582747
2,79,2881,170,51.8999,-46.1771,335.7226,2.301,5.8366,-0.0009,-0.0032,0.0075,0.0153,0.0005,0.0033,0.0006,-0.0171,van,83,75.9873,-29.0819,-5.567,-2.3465,6.0369,-0.2295,200.6787,6.041320323406135,21.748753164262084,-24.087400000000002,-17.095200000000002,5.5661000000000005,2.3432999999999997,6.03924863704087,29.53724262350838,0,02_14_83_2925_ego_83,0,2925,2920,2925,vehicle_vehicle,0.6054704788808625,0.02497140639653817,3.4476720368861087,3.4512454853284553,15.0,3.0,3.5,0.8,6.2876916272985275,22.6356898582747
2,82,2881,146,65.3595,-32.305,226.0769,2.1699,4.6403,-4.3338,-5.0177,1.4675,-1.0947,6.6204,-0.3592,-0.2295,-1.8164,car,83,75.9873,-29.0819,-5.567,-2.3465,6.0369,-0.2295,200.6787,6.041320323406135,21.748753164262084,-10.627800000000008,-3.2230999999999987,1.2332,-2.6712,2.9421236683728984,11.10578707026207,0,02_14_83_2925_ego_83,0,2925,2920,2925,vehicle_vehicle,0.6054704788808625,0.02497140639653817,3.4476720368861087,3.4512454853284553,15.0,3.0,3.5,0.8,6.2876916272985275,22.6356898582747
2,83,2881,121,75.9873,-29.0819,200.6787,2.1172,4.5925,-5.567,-2.3465,0.3369,-1.3757,6.0369,-0.2295,0.1706,-1.406,car,83,75.9873,-29.0819,-5.567,-2.3465,6.0369,-0.2295,200.6787,6.041320323406135,21.748753164262084,0.0,0.0,0.0,0.0,0.0,0.0,1,02_14_83_2925_ego_83,1,2925,2920,2925,vehicle_vehicle,0.6054704788808625,0.02497140639653817,3.4476720368861087,3.4512454853284553,15.0,3.0,3.5,0.8,6.2876916272985275,22.6356898582747
2,86,2881,76,80.7632,-23.1481,206.6451,2.1226,4.8555,-4.1251,-1.8072,-0.3462,0.3875,4.4975,0.2347,0.1357,0.5016,car,83,75.9873,-29.0819,-5.567,-2.3465,6.0369,-0.2295,200.6787,6.041320323406135,21.748753164262084,4.775899999999993,5.9338000000000015,1.4419000000000004,0.5392999999999999,1.5394544813017375,7.617033756653567,0,02_14_83_2925_ego_83,0,2925,2920,2925,vehicle_vehicle,0.6054704788808625,0.02497140639653817,3.4476720368861087,3.4512454853284553,15.0,3.0,3.5,0.8,6.2876916272985275,22.6356898582747
2,14,2882,2882,70.1136,-37.9184,229.0992,2.5807,6.6415,0.0,-0.0,-0.0,0.0,-0.0,-0.0,0.0,0.0,truck,83,75.7652,-29.1769,-5.5539,-2.4043,6.0471,-0.2424,201.1124,6.05198014702626,21.787128529294538,-5.651599999999988,-8.741499999999998,5.5539,2.4043,6.05198014702626,10.409342189110696,0,02_14_83_2925_ego_83,1,2925,2920,2925,vehicle_vehicle,0.6054704788808625,0.02497140639653817,3.4476720368861087,3.4512454853284553,15.0,3.0,3.5,0.8,6.2876916272985275,22.6356898582747
2,76,2882,281,62.1091,-41.6285,250.3769,2.067,4.304,-1.8547,-6.1285,2.0012,-1.0166,6.3954,-0.3112,0.2855,-2.2264,car,83,75.7652,-29.1769,-5.5539,-2.4043,6.0471,-0.2424,201.1124,6.05198014702626,21.787128529294538,-13.656099999999995,-12.451600000000003,3.6991999999999994,-3.7241999999999997,5.249166246176624,18.480568437415553,0,02_14_83_2925_ego_83,0,2925,2920,2925,vehicle_vehicle,0.6054704788808625,0.02497140639653817,3.4476720368861087,3.4512454853284553,15.0,3.0,3.5,0.8,6.2876916272985275,22.6356898582747
2,79,2882,171,51.8996,-46.1775,335.713,2.301,5.8366,-0.0004,-0.0019,0.0087,0.0175,0.0004,0.0019,0.0007,-0.0195,van,83,75.7652,-29.1769,-5.5539,-2.4043,6.0471,-0.2424,201.1124,6.05198014702626,21.787128529294538,-23.865599999999993,-17.000600000000002,5.5535,2.4024,6.050858452318977,29.301659743434325,0,02_14_83_2925_ego_83,0,2925,2920,2925,vehicle_vehicle,0.6054704788808625,0.02497140639653817,3.4476720368861087,3.4512454853284553,15.0,3.0,3.5,0.8,6.2876916272985275,22.6356898582747
2,82,2882,147,65.1876,-32.507,226.6972,2.1699,4.6403,-4.2743,-5.0618,1.4828,-1.0727,6.6152,-0.3611,-0.2363,-1.8148,car,83,75.7652,-29.1769,-5.5539,-2.4043,6.0471,-0.2424,201.1124,6.05198014702626,21.787128529294538,-10.57759999999999,-3.330099999999998,1.2795999999999994,-2.6574999999999998,2.949522403712167,11.08941782827213,0,02_14_83_2925_ego_83,0,2925,2920,2925,vehicle_vehicle,0.6054704788808625,0.02497140639653817,3.4476720368861087,3.4512454853284553,15.0,3.0,3.5,0.8,6.2876916272985275,22.6356898582747
2,83,2882,122,75.7652,-29.1769,201.1124,2.1172,4.5925,-5.5539,-2.4043,0.3701,-1.4169,6.0471,-0.2424,0.1651,-1.4551,car,83,75.7652,-29.1769,-5.5539,-2.4043,6.0471,-0.2424,201.1124,6.05198014702626,21.787128529294538,0.0,0.0,0.0,0.0,0.0,0.0,1,02_14_83_2925_ego_83,1,2925,2920,2925,vehicle_vehicle,0.6054704788808625,0.02497140639653817,3.4476720368861087,3.4512454853284553,15.0,3.0,3.5,0.8,6.2876916272985275,22.6356898582747
2,86,2882,77,80.598,-23.2191,206.241,2.1226,4.8555,-4.1336,-1.7885,-0.3208,0.3592,4.4984,0.2235,0.1289,0.464,car,83,75.7652,-29.1769,-5.5539,-2.4043,6.0471,-0.2424,201.1124,6.05198014702626,21.787128529294538,4.832800000000006,5.957799999999999,1.4202999999999992,0.6158000000000001,1.5480509455441052,7.6714624863842,0,02_14_83_2925_ego_83,0,2925,2920,2925,vehicle_vehicle,0.6054704788808625,0.02497140639653817,3.4476720368861087,3.4512454853284553,15.0,3.0,3.5,0.8,6.2876916272985275,22.6356898582747
2,14,2883,2883,70.1136,-37.9184,229.0992,2.5807,6.6415,0.0,-0.0,-0.0,0.0,0.0,-0.0,0.0,0.0,truck,83,75.5434,-29.2744,-5.5394,-2.4636,6.0572,-0.2542,201.5731,6.062530603634096,21.82511017308275,-5.4298,-8.643999999999998,5.5394,2.4636,6.062530603634096,10.207911835434315,0,02_14_83_2925_ego_83,1,2925,2920,2925,vehicle_vehicle,0.6054704788808625,0.02497140639653817,3.4476720368861087,3.4512454853284553,15.0,3.0,3.5,0.8,6.2876916272985275,22.6356898582747
2,76,2883,282,62.0373,-41.875,251.21,2.067,4.304,-1.7738,-6.1698,2.0122,-0.9908,6.4123,-0.308,0.2898,-2.2241,car,83,75.5434,-29.2744,-5.5394,-2.4636,6.0572,-0.2542,201.5731,6.062530603634096,21.82511017308275,-13.506100000000004,-12.6006,3.7655999999999996,-3.7062000000000004,5.283527401272752,18.47132527919965,0,02_14_83_2925_ego_83,0,2925,2920,2925,vehicle_vehicle,0.6054704788808625,0.02497140639653817,3.4476720368861087,3.4512454853284553,15.0,3.0,3.5,0.8,6.2876916272985275,22.6356898582747
2,79,2883,172,51.8994,-46.1776,335.6989,2.301,5.8366,0.0002,-0.0004,0.0096,0.019,0.0004,0.0003,0.0009,-0.0213,van,83,75.5434,-29.2744,-5.5394,-2.4636,6.0572,-0.2542,201.5731,6.062530603634096,21.82511017308275,-23.644000000000005,-16.9032,5.5396,2.4632,6.062550816281872,29.06470206694024,0,02_14_83_2925_ego_83,0,2925,2920,2925,vehicle_vehicle,0.6054704788808625,0.02497140639653817,3.4476720368861087,3.4512454853284553,15.0,3.0,3.5,0.8,6.2876916272985275,22.6356898582747
2,82,2883,148,65.0181,-32.7107,227.3324,2.1699,4.6403,-4.2143,-5.1049,1.4974,-1.0505,6.6098,-0.3611,-0.2424,-1.813,car,83,75.5434,-29.2744,-5.5394,-2.4636,6.0572,-0.2542,201.5731,6.062530603634096,21.82511017308275,-10.525300000000001,-3.436300000000003,1.3251,-2.6412999999999998,2.9550559554769853,11.07204126527715,0,02_14_83_2925_ego_83,0,2925,2920,2925,vehicle_vehicle,0.6054704788808625,0.02497140639653817,3.4476720368861087,3.4512454853284553,15.0,3.0,3.5,0.8,6.2876916272985275,22.6356898582747
2,83,2883,123,75.5434,-29.2744,201.5731,2.1172,4.5925,-5.5394,-2.4636,0.4036,-1.4554,6.0572,-0.2542,0.1598,-1.5019,car,83,75.5434,-29.2744,-5.5394,-2.4636,6.0572,-0.2542,201.5731,6.062530603634096,21.82511017308275,0.0,0.0,0.0,0.0,0.0,0.0,1,02_14_83_2925_ego_83,1,2925,2920,2925,vehicle_vehicle,0.6054704788808625,0.02497140639653817,3.4476720368861087,3.4512454853284553,15.0,3.0,3.5,0.8,6.2876916272985275,22.6356898582747
2,86,2883,78,80.4333,-23.2898,205.8475,2.1226,4.8555,-4.1415,-1.7711,-0.3004,0.3278,4.4994,0.2117,0.1275,0.426,car,83,75.5434,-29.2744,-5.5394,-2.4636,6.0572,-0.2542,201.5731,6.062530603634096,21.82511017308275,4.889899999999997,5.9846,1.3979,0.6925000000000001,1.5600258523498898,7.728296006882758,0,02_14_83_2925_ego_83,0,2925,2920,2925,vehicle_vehicle,0.6054704788808625,0.02497140639653817,3.4476720368861087,3.4512454853284553,15.0,3.0,3.5,0.8,6.2876916272985275,22.6356898582747
2,14,2884,2884,70.1136,-37.9184,229.0992,2.5807,6.6415,0.0,-0.0,-0.0,0.0,0.0,-0.0,0.0,0.0,truck,83,75.322,-29.3742,-5.5236,-2.5245,6.0674,-0.264,202.0705,6.073158750600877,21.863371502163158,-5.2083999999999975,-8.5442,5.5236,2.5245,6.073158750600877,10.00653707333361,0,02_14_83_2925_ego_83,1,2925,2920,2925,vehicle_vehicle,0.6054704788808625,0.02497140639653817,3.4476720368861087,3.4512454853284553,15.0,3.0,3.5,0.8,6.2876916272985275,22.6356898582747
2,76,2884,283,61.9686,-42.1231,252.0273,2.067,4.304,-1.6928,-6.2098,2.0225,-0.9645,6.4291,-0.3059,0.2933,-2.2214,car,83,75.322,-29.3742,-5.5236,-2.5245,6.0674,-0.264,202.0705,6.073158750600877,21.863371502163158,-13.3534,-12.748900000000003,3.8308,-3.6853000000000002,5.315681022220954,18.46206225669278,0,02_14_83_2925_ego_83,0,2925,2920,2925,vehicle_vehicle,0.6054704788808625,0.02497140639653817,3.4476720368861087,3.4512454853284553,15.0,3.0,3.5,0.8,6.2876916272985275,22.6356898582747
2,79,2884,173,51.899,-46.1774,335.6891,2.301,5.8366,0.0011,0.001,0.0101,0.0198,0.0006,-0.0013,0.0011,-0.0222,van,83,75.322,-29.3742,-5.5236,-2.5245,6.0674,-0.264,202.0705,6.073158750600877,21.863371502163158,-23.423000000000002,-16.8032,5.5247,2.5255,6.074574910230345,28.826801058043195,0,02_14_83_2925_ego_83,0,2925,2920,2925,vehicle_vehicle,0.6054704788808625,0.02497140639653817,3.4476720368861087,3.4512454853284553,15.0,3.0,3.5,0.8,6.2876916272985275,22.6356898582747
2,82,2884,149,64.8512,-32.9163,227.9701,2.1699,4.6403,-4.1538,-5.1468,1.5114,-1.0282,6.6041,-0.3604,-0.2481,-1.811,car,83,75.322,-29.3742,-5.5236,-2.5245,6.0674,-0.264,202.0705,6.073158750600877,21.863371502163158,-10.470799999999997,-3.5421000000000014,1.3697999999999997,-2.6222999999999996,2.958514716880752,11.053692824119908,0,02_14_83_2925_ego_83,0,2925,2920,2925,vehicle_vehicle,0.6054704788808625,0.02497140639653817,3.4476720368861087,3.4512454853284553,15.0,3.0,3.5,0.8,6.2876916272985275,22.6356898582747
2,83,2884,124,75.322,-29.3742,202.0705,2.1172,4.5925,-5.5236,-2.5245,0.4376,-1.4913,6.0674,-0.264,0.1548,-1.5464,car,83,75.322,-29.3742,-5.5236,-2.5245,6.0674,-0.264,202.0705,6.073158750600877,21.863371502163158,0.0,0.0,0.0,0.0,0.0,0.0,1,02_14_83_2925_ego_83,1,2925,2920,2925,vehicle_vehicle,0.6054704788808625,0.02497140639653817,3.4476720368861087,3.4512454853284553,15.0,3.0,3.5,0.8,6.2876916272985275,22.6356898582747
2,86,2884,79,80.2681,-23.3602,205.4767,2.1226,4.8555,-4.1488,-1.7551,-0.2849,0.2935,4.5004,0.2002,0.131,0.3875,car,83,75.322,-29.3742,-5.5236,-2.5245,6.0674,-0.264,202.0705,6.073158750600877,21.863371502163158,4.946100000000001,6.013999999999999,1.3748000000000005,0.7694000000000001,1.57545276032003,7.786661750069795,0,02_14_83_2925_ego_83,0,2925,2920,2925,vehicle_vehicle,0.6054704788808625,0.02497140639653817,3.4476720368861087,3.4512454853284553,15.0,3.0,3.5,0.8,6.2876916272985275,22.6356898582747
2,14,2885,2885,70.1136,-37.9184,229.0992,2.5807,6.6415,0.0,-0.0,-0.0,0.0,0.0,-0.0,0.0,0.0,truck,83,75.1013,-29.4768,-5.5064,-2.5866,6.0776,-0.2722,202.5971,6.083661769033515,21.901182368520654,-4.98769999999999,-8.441599999999998,5.5064,2.5866,6.083661769033515,9.80498658081692,0,02_14_83_2925_ego_83,1,2925,2920,2925,vehicle_vehicle,0.6054704788808625,0.02497140639653817,3.4476720368861087,3.4512454853284553,15.0,3.0,3.5,0.8,6.2876916272985275,22.6356898582747
2,76,2885,284,61.9031,-42.3726,252.833,2.067,4.304,-1.6117,-6.2487,2.0324,-0.9378,6.446,-0.3045,0.2962,-2.2187,car,83,75.1013,-29.4768,-5.5064,-2.5866,6.0776,-0.2722,202.5971,6.083661769033515,21.901182368520654,-13.198199999999993,-12.895799999999998,3.8947000000000003,-3.6621000000000006,5.345995183312459,18.452483325558102,0,02_14_83_2925_ego_83,0,2925,2920,2925,vehicle_vehicle,0.6054704788808625,0.02497140639653817,3.4476720368861087,3.4512454853284553,15.0,3.0,3.5,0.8,6.2876916272985275,22.6356898582747
2,79,2885,174,51.8987,-46.1769,335.6872,2.301,5.8366,0.0021,0.0022,0.0101,0.0199,0.001,-0.0029,0.001,-0.0223,van,83,75.1013,-29.4768,-5.5064,-2.5866,6.0776,-0.2722,202.5971,6.083661769033515,21.901182368520654,-23.202599999999997,-16.700100000000003,5.508500000000001,2.5888,6.086497982419776,28.58765444680623,0,02_14_83_2925_ego_83,0,2925,2920,2925,vehicle_vehicle,0.6054704788808625,0.02497140639653817,3.4476720368861087,3.4512454853284553,15.0,3.0,3.5,0.8,6.2876916272985275,22.6356898582747
2,82,2885,150,64.686,-33.1234,228.6218,2.1699,4.6403,-4.0928,-5.1877,1.5248,-1.0061,6.5981,-0.3582,-0.253,-1.8092,car,83,75.1013,-29.4768,-5.5064,-2.5866,6.0776,-0.2722,202.5971,6.083661769033515,21.901182368520654,-10.415299999999988,-3.646599999999996,1.4135999999999997,-2.6011000000000006,2.960403041817111,11.035223860438887,0,02_14_83_2925_ego_83,0,2925,2920,2925,vehicle_vehicle,0.6054704788808625,0.02497140639653817,3.4476720368861087,3.4512454853284553,15.0,3.0,3.5,0.8,6.2876916272985275,22.6356898582747
2,83,2885,125,75.1013,-29.4768,202.5971,2.1172,4.5925,-5.5064,-2.5866,0.4718,-1.5246,6.0776,-0.2722,0.1502,-1.5888,car,83,75.1013,-29.4768,-5.5064,-2.5866,6.0776,-0.2722,202.5971,6.083661769033515,21.901182368520654,0.0,0.0,0.0,0.0,0.0,0.0,1,02_14_83_2925_ego_83,1,2925,2920,2925,vehicle_vehicle,0.6054704788808625,0.02497140639653817,3.4476720368861087,3.4512454853284553,15.0,3.0,3.5,0.8,6.2876916272985275,22.6356898582747
2,86,2885,80,80.1027,-23.4301,205.1187,2.1226,4.8555,-4.1559,-1.7405,-0.2739,0.2562,4.5017,0.1883,0.1392,0.3483,car,83,75.1013,-29.4768,-5.5064,-2.5866,6.0776,-0.2722,202.5971,6.083661769033515,21.901182368520654,5.001400000000004,6.046700000000001,1.3505000000000003,0.8460999999999999,1.5936547493105275,7.847074795743956,0,02_14_83_2925_ego_83,0,2925,2920,2925,vehicle_vehicle,0.6054704788808625,0.02497140639653817,3.4476720368861087,3.4512454853284553,15.0,3.0,3.5,0.8,6.2876916272985275,22.6356898582747
2,14,2886,2886,70.1136,-37.9184,229.0992,2.5807,6.6415,-0.0,-0.0,-0.0,0.0,0.0,-0.0,0.0,0.0,truck,83,74.8812,-29.5816,-5.4878,-2.65,6.0877,-0.2801,203.1412,6.094132328724082,21.938876383406694,-4.767600000000002,-8.336799999999997,5.4878,2.65,6.094132328724082,9.603761971227732,0,02_14_83_2925_ego_83,1,2925,2920,2925,vehicle_vehicle,0.6054704788808625,0.02497140639653817,3.4476720368861087,3.4512454853284553,15.0,3.0,3.5,0.8,6.2876916272985275,22.6356898582747
2,76,2886,285,61.841,-42.6234,253.6373,2.067,4.304,-1.5304,-6.2864,2.0423,-0.9109,6.4629,-0.3026,0.2987,-2.2162,car,83,74.8812,-29.5816,-5.4878,-2.65,6.0877,-0.2801,203.1412,6.094132328724082,21.938876383406694,-13.040200000000006,-13.041799999999995,3.9574,-3.6364000000000005,5.374422733652425,18.442759101609496,0,02_14_83_2925_ego_83,0,2925,2920,2925,vehicle_vehicle,0.6054704788808625,0.02497140639653817,3.4476720368861087,3.4512454853284553,15.0,3.0,3.5,0.8,6.2876916272985275,22.6356898582747
2,79,2886,175,51.8988,-46.1764,335.6809,2.301,5.8366,0.0031,0.0034,0.0095,0.0197,0.0014,-0.0043,0.0005,-0.0219,van,83,74.8812,-29.5816,-5.4878,-2.65,6.0877,-0.2801,203.1412,6.094132328724082,21.938876383406694,-22.982400000000005,-16.5948,5.4909,2.6534,6.098402608060573,28.34745309194461,0,02_14_83_2925_ego_83,0,2925,2920,2925,vehicle_vehicle,0.6054704788808625,0.02497140639653817,3.4476720368861087,3.4512454853284553,15.0,3.0,3.5,0.8,6.2876916272985275,22.6356898582747
2,82,2886,151,64.5236,-33.3321,229.259,2.1699,4.6403,-4.0312,-5.2276,1.5376,-0.9842,6.5917,-0.3575,-0.2578,-1.8073,car,83,74.8812,-29.5816,-5.4878,-2.65,6.0877,-0.2801,203.1412,6.094132328724082,21.938876383406694,-10.357600000000005,-3.7504999999999953,1.4566,-2.5776,2.9606933850029113,11.015721856056464,0,02_14_83_2925_ego_83,0,2925,2920,2925,vehicle_vehicle,0.6054704788808625,0.02497140639653817,3.4476720368861087,3.4512454853284553,15.0,3.0,3.5,0.8,6.2876916272985275,22.6356898582747
2,83,2886,126,74.8812,-29.5816,203.1412,2.1172,4.5925,-5.4878,-2.65,0.5063,-1.5554,6.0877,-0.2801,0.1457,-1.6292,car,83,74.8812,-29.5816,-5.4878,-2.65,6.0877,-0.2801,203.1412,6.094132328724082,21.938876383406694,0.0,0.0,0.0,0.0,0.0,0.0,1,02_14_83_2925_ego_83,1,2925,2920,2925,vehicle_vehicle,0.6054704788808625,0.02497140639653817,3.4476720368861087,3.4512454853284553,15.0,3.0,3.5,0.8,6.2876916272985275,22.6356898582747
2,86,2886,81,79.937,-23.4992,204.7797,2.1226,4.8555,-4.1628,-1.7275,-0.2671,0.2161,4.5035,0.1763,0.1519,0.3082,car,83,74.8812,-29.5816,-5.4878,-2.65,6.0877,-0.2801,203.1412,6.094132328724082,21.938876383406694,5.055799999999991,6.082400000000003,1.3250000000000002,0.9224999999999999,1.6145065035483754,7.909279575283702,0,02_14_83_2925_ego_83,0,2925,2920,2925,vehicle_vehicle,0.6054704788808625,0.02497140639653817,3.4476720368861087,3.4512454853284553,15.0,3.0,3.5,0.8,6.2876916272985275,22.6356898582747
2,14,2887,2887,70.1136,-37.9184,229.0992,2.5807,6.6415,-0.0,-0.0,-0.0,0.0,0.0,0.0,0.0,0.0,truck,83,74.6623,-29.6889,-5.4678,-2.7147,6.0978,-0.288,203.6997,6.10462389750589,21.976646031021204,-4.548699999999997,-8.229499999999998,5.4678,2.7147,6.10462389750589,9.402943259426802,0,02_14_83_2925_ego_83,1,2925,2920,2925,vehicle_vehicle,0.6054704788808625,0.02497140639653817,3.4476720368861087,3.4512454853284553,15.0,3.0,3.5,0.8,6.2876916272985275,22.6356898582747
2,76,2887,286,61.7824,-42.8753,254.4262,2.067,4.304,-1.4491,-6.3232,2.0523,-0.8837,6.4801,-0.3017,0.3003,-2.2142,car,83,74.6623,-29.6889,-5.4678,-2.7147,6.0978,-0.288,203.6997,6.10462389750589,21.976646031021204,-12.8799,-13.186400000000003,4.018700000000001,-3.6085,5.401038968568918,18.43293164339303,0,02_14_83_2925_ego_83,0,2925,2920,2925,vehicle_vehicle,0.6054704788808625,0.02497140639653817,3.4476720368861087,3.4512454853284553,15.0,3.0,3.5,0.8,6.2876916272985275,22.6356898582747
2,79,2887,176,51.8994,-46.1759,335.6798,2.301,5.8366,0.0039,0.0043,0.0083,0.0192,0.0018,-0.0056,-0.0003,-0.021,van,83,74.6623,-29.6889,-5.4678,-2.7147,6.0978,-0.288,203.6997,6.10462389750589,21.976646031021204,-22.762900000000002,-16.487,5.4717,2.7190000000000003,6.110029614494516,28.106418936072238,0,02_14_83_2925_ego_83,0,2925,2920,2925,vehicle_vehicle,0.6054704788808625,0.02497140639653817,3.4476720368861087,3.4512454853284553,15.0,3.0,3.5,0.8,6.2876916272985275,22.6356898582747
2,82,2887,152,64.3639,-33.5421,229.8843,2.1699,4.6403,-3.9692,-5.2665,1.5499,-0.9627,6.5851,-0.358,-0.2624,-1.8056,car,83,74.6623,-29.6889,-5.4678,-2.7147,6.0978,-0.288,203.6997,6.10462389750589,21.976646031021204,-10.2984,-3.8531999999999975,1.4986000000000006,-2.5517999999999996,2.9593048508053372,10.99564426488962,0,02_14_83_2925_ego_83,0,2925,2920,2925,vehicle_vehicle,0.6054704788808625,0.02497140639653817,3.4476720368861087,3.4512454853284553,15.0,3.0,3.5,0.8,6.2876916272985275,22.6356898582747
2,83,2887,127,74.6623,-29.6889,203.6997,2.1172,4.5925,-5.4678,-2.7147,0.5411,-1.5838,6.0978,-0.288,0.1411,-1.6677,car,83,74.6623,-29.6889,-5.4678,-2.7147,6.0978,-0.288,203.6997,6.10462389750589,21.976646031021204,0.0,0.0,0.0,0.0,0.0,0.0,1,02_14_83_2925_ego_83,1,2925,2920,2925,vehicle_vehicle,0.6054704788808625,0.02497140639653817,3.4476720368861087,3.4512454853284553,15.0,3.0,3.5,0.8,6.2876916272985275,22.6356898582747
2,86,2887,82,79.7713,-23.5675,204.4549,2.1226,4.8555,-4.1698,-1.7163,-0.2642,0.1734,4.5062,0.1639,0.1687,0.2672,car,83,74.6623,-29.6889,-5.4678,-2.7147,6.0978,-0.288,203.6997,6.10462389750589,21.976646031021204,5.108999999999995,6.121400000000001,1.298,0.9984000000000002,1.6375611622165447,7.973294109713999,0,02_14_83_2925_ego_83,0,2925,2920,2925,vehicle_vehicle,0.6054704788808625,0.02497140639653817,3.4476720368861087,3.4512454853284553,15.0,3.0,3.5,0.8,6.2876916272985275,22.6356898582747
2,14,2888,2888,70.1136,-37.9184,229.0992,2.5807,6.6415,-0.0,-0.0,-0.0,0.0,0.0,0.0,0.0,0.0,truck,83,74.4441,-29.7988,-5.4465,-2.7804,6.108,-0.2954,204.2756,6.115144022016162,22.014518479258186,-4.330500000000001,-8.119599999999998,5.4465,2.7804,6.115144022016162,9.20223529420977,0,02_14_83_2925_ego_83,1,2925,2920,2925,vehicle_vehicle,0.6054704788808625,0.02497140639653817,3.4476720368861087,3.4512454853284553,15.0,3.0,3.5,0.8,6.2876916272985275,22.6356898582747
2,76,2888,287,61.726,-43.1286,255.1979,2.067,4.304,-1.3674,-6.359,2.0627,-0.8561,6.4973,-0.3026,0.3007,-2.213,car,83,74.4441,-29.7988,-5.4465,-2.7804,6.108,-0.2954,204.2756,6.115144022016162,22.014518479258186,-12.718100000000007,-13.329799999999999,4.0791,-3.5786,5.426364784088884,18.423724803904342,0,02_14_83_2925_ego_83,0,2925,2920,2925,vehicle_vehicle,0.6054704788808625,0.02497140639653817,3.4476720368861087,3.4512454853284553,15.0,3.0,3.5,0.8,6.2876916272985275,22.6356898582747
2,79,2888,177,51.8998,-46.1756,335.6814,2.301,5.8366,0.0046,0.0052,0.0068,0.0186,0.002,-0.0067,-0.0015,-0.0198,van,83,74.4441,-29.7988,-5.4465,-2.7804,6.108,-0.2954,204.2756,6.115144022016162,22.014518479258186,-22.544300000000007,-16.376800000000003,5.4511,2.7856,6.121605881629428,27.864763424978158,0,02_14_83_2925_ego_83,0,2925,2920,2925,vehicle_vehicle,0.6054704788808625,0.02497140639653817,3.4476720368861087,3.4512454853284553,15.0,3.0,3.5,0.8,6.2876916272985275,22.6356898582747
2,82,2888,153,64.2064,-33.7538,230.5269,2.1699,4.6403,-3.9068,-5.3045,1.5617,-0.9417,6.5783,-0.3564,-0.2659,-1.8042,car,83,74.4441,-29.7988,-5.4465,-2.7804,6.108,-0.2954,204.2756,6.115144022016162,22.014518479258186,-10.237700000000004,-3.9549999999999983,1.5397000000000003,-2.5241,2.95664622503268,10.975086618792586,0,02_14_83_2925_ego_83,0,2925,2920,2925,vehicle_vehicle,0.6054704788808625,0.02497140639653817,3.4476720368861087,3.4512454853284553,15.0,3.0,3.5,0.8,6.2876916272985275,22.6356898582747
2,83,2888,128,74.4441,-29.7988,204.2756,2.1172,4.5925,-5.4465,-2.7804,0.5761,-1.6098,6.108,-0.2954,0.1366,-1.7043,car,83,74.4441,-29.7988,-5.4465,-2.7804,6.108,-0.2954,204.2756,6.115144022016162,22.014518479258186,0.0,0.0,0.0,0.0,0.0,0.0,1,02_14_83_2925_ego_83,1,2925,2920,2925,vehicle_vehicle,0.6054704788808625,0.02497140639653817,3.4476720368861087,3.4512454853284553,15.0,3.0,3.5,0.8,6.2876916272985275,22.6356898582747
2,86,2888,83,79.6053,-23.6356,204.1474,2.1226,4.8555,-4.1771,-1.707,-0.2647,0.1283,4.5099,0.1512,0.189,0.2253,car,83,74.4441,-29.7988,-5.4465,-2.7804,6.108,-0.2954,204.2756,6.115144022016162,22.014518479258186,5.161199999999994,6.1632,1.2694,1.0734000000000001,1.6623970404208497,8.038844424418222,0,02_14_83_2925_ego_83,0,2925,2920,2925,vehicle_vehicle,0.6054704788808625,0.02497140639653817,3.4476720368861087,3.4512454853284553,15.0,3.0,3.5,0.8,6.2876916272985275,22.6356898582747
2,14,2889,2889,70.1136,-37.9184,229.0992,2.5807,6.6415,-0.0,0.0,-0.0,0.0,0.0,0.0,0.0,0.0,truck,83,74.2264,-29.911,-5.4236,-2.8473,6.1181,-0.3021,204.8721,6.1255656269441765,22.052036256999035,-4.112799999999993,-8.007399999999997,5.4236,2.8473,6.1255656269441765,9.001865284484094,0,02_14_83_2925_ego_83,1,2925,2920,2925,vehicle_vehicle,0.6054704788808625,0.02497140639653817,3.4476720368861087,3.4512454853284553,15.0,3.0,3.5,0.8,6.2876916272985275,22.6356898582747
2,76,2889,288,61.6727,-43.3835,255.9602,2.067,4.304,-1.2852,-6.3938,2.0735,-0.828,6.5146,-0.3043,0.3002,-2.2125,car,83,74.2264,-29.911,-5.4236,-2.8473,6.1181,-0.3021,204.8721,6.1255656269441765,22.052036256999035,-12.5537,-13.472499999999997,4.138400000000001,-3.5464999999999995,5.450139155104207,18.414766898877648,0,02_14_83_2925_ego_83,0,2925,2920,2925,vehicle_vehicle,0.6054704788808625,0.02497140639653817,3.4476720368861087,3.4512454853284553,15.0,3.0,3.5,0.8,6.2876916272985275,22.6356898582747
2,79,2889,178,51.9001,-46.1757,335.6901,2.301,5.8366,0.0051,0.0063,0.005,0.0178,0.0021,-0.0078,-0.0028,-0.0183,van,83,74.2264,-29.911,-5.4236,-2.8473,6.1181,-0.3021,204.8721,6.1255656269441765,22.052036256999035,-22.326299999999996,-16.264699999999998,5.4287,2.8536,6.133010406806759,27.622529532611598,0,02_14_83_2925_ego_83,0,2925,2920,2925,vehicle_vehicle,0.6054704788808625,0.02497140639653817,3.4476720368861087,3.4512454853284553,15.0,3.0,3.5,0.8,6.2876916272985275,22.6356898582747
2,82,2889,154,64.0512,-33.9667,231.1745,2.1699,4.6403,-3.8438,-5.3417,1.5731,-0.9213,6.5714,-0.3544,-0.2685,-1.8031,car,83,74.2264,-29.911,-5.4236,-2.8473,6.1181,-0.3021,204.8721,6.1255656269441765,22.052036256999035,-10.175200000000004,-4.055700000000002,1.5798000000000005,-2.4944,2.952591979938983,10.95369332827974,0,02_14_83_2925_ego_83,0,2925,2920,2925,vehicle_vehicle,0.6054704788808625,0.02497140639653817,3.4476720368861087,3.4512454853284553,15.0,3.0,3.5,0.8,6.2876916272985275,22.6356898582747
2,83,2889,129,74.2264,-29.911,204.8721,2.1172,4.5925,-5.4236,-2.8473,0.6114,-1.6333,6.1181,-0.3021,0.1323,-1.739,car,83,74.2264,-29.911,-5.4236,-2.8473,6.1181,-0.3021,204.8721,6.1255656269441765,22.052036256999035,0.0,0.0,0.0,0.0,0.0,0.0,1,02_14_83_2925_ego_83,1,2925,2920,2925,vehicle_vehicle,0.6054704788808625,0.02497140639653817,3.4476720368861087,3.4512454853284553,15.0,3.0,3.5,0.8,6.2876916272985275,22.6356898582747
2,86,2889,84,79.439,-23.7034,203.877,2.1226,4.8555,-4.1849,-1.6997,-0.2682,0.0809,4.5147,0.1397,0.2125,0.1825,car,83,74.2264,-29.911,-5.4236,-2.8473,6.1181,-0.3021,204.8721,6.1255656269441765,22.052036256999035,5.212599999999995,6.207600000000003,1.2387000000000006,1.1476000000000002,1.6885980723665421,8.105892703459626,0,02_14_83_2925_ego_83,0,2925,2920,2925,vehicle_vehicle,0.6054704788808625,0.02497140639653817,3.4476720368861087,3.4512454853284553,15.0,3.0,3.5,0.8,6.2876916272985275,22.6356898582747
2,14,2890,2890,70.1136,-37.9184,229.0992,2.5807,6.6415,-0.0,0.0,-0.0,0.0,0.0,0.0,0.0,0.0,truck,83,74.0096,-30.0262,-5.3992,-2.9152,6.1282,-0.3073,205.4945,6.135939347809755,22.08938165211512,-3.896000000000001,-7.892199999999999,5.3992,2.9152,6.135939347809755,8.801456518099716,0,02_14_83_2925_ego_83,1,2925,2920,2925,vehicle_vehicle,0.6054704788808625,0.02497140639653817,3.4476720368861087,3.4512454853284553,15.0,3.0,3.5,0.8,6.2876916272985275,22.6356898582747
2,76,2890,289,61.6228,-43.6398,256.7101,2.067,4.304,-1.2025,-6.4275,2.0846,-0.7993,6.5318,-0.3072,0.2987,-2.2125,car,83,74.0096,-30.0262,-5.3992,-2.9152,6.1282,-0.3073,205.4945,6.135939347809755,22.08938165211512,-12.386800000000008,-13.613600000000002,4.196700000000001,-3.5123,5.472526124195298,18.40551328270962,0,02_14_83_2925_ego_83,0,2925,2920,2925,vehicle_vehicle,0.6054704788808625,0.02497140639653817,3.4476720368861087,3.4512454853284553,15.0,3.0,3.5,0.8,6.2876916272985275,22.6356898582747
2,79,2890,179,51.9001,-46.176,335.6984,2.301,5.8366,0.0057,0.0075,0.0028,0.0166,0.0021,-0.0091,-0.0042,-0.0163,van,83,74.0096,-30.0262,-5.3992,-2.9152,6.1282,-0.3073,205.4945,6.135939347809755,22.08938165211512,-22.109500000000004,-16.149800000000003,5.4049000000000005,2.9227,6.144519452324975,27.379664539398583,0,02_14_83_2925_ego_83,0,2925,2920,2925,vehicle_vehicle,0.6054704788808625,0.02497140639653817,3.4476720368861087,3.4512454853284553,15.0,3.0,3.5,0.8,6.2876916272985275,22.6356898582747
2,82,2890,155,63.8986,-34.1816,231.8413,2.1699,4.6403,-3.7803,-5.3779,1.5839,-0.9014,6.5642,-0.3502,-0.2698,-1.8023,car,83,74.0096,-30.0262,-5.3992,-2.9152,6.1282,-0.3073,205.4945,6.135939347809755,22.08938165211512,-10.111000000000004,-4.155400000000004,1.6189000000000004,-2.4627000000000003,2.9471560019788576,10.931590467996873,0,02_14_83_2925_ego_83,0,2925,2920,2925,vehicle_vehicle,0.6054704788808625,0.02497140639653817,3.4476720368861087,3.4512454853284553,15.0,3.0,3.5,0.8,6.2876916272985275,22.6356898582747
2,83,2890,130,74.0096,-30.0262,205.4945,2.1172,4.5925,-5.3992,-2.9152,0.6468,-1.6543,6.1282,-0.3073,0.1282,-1.7717,car,83,74.0096,-30.0262,-5.3992,-2.9152,6.1282,-0.3073,205.4945,6.135939347809755,22.08938165211512,0.0,0.0,0.0,0.0,0.0,0.0,1,02_14_83_2925_ego_83,1,2925,2920,2925,vehicle_vehicle,0.6054704788808625,0.02497140639653817,3.4476720368861087,3.4512454853284553,15.0,3.0,3.5,0.8,6.2876916272985275,22.6356898582747
2,86,2890,85,79.2724,-23.7706,203.6334,2.1226,4.8555,-4.1932,-1.6946,-0.2744,0.0314,4.5208,0.1285,0.2388,0.1388,car,83,74.0096,-30.0262,-5.3992,-2.9152,6.1282,-0.3073,205.4945,6.135939347809755,22.08938165211512,5.262799999999999,6.255599999999998,1.2060000000000004,1.2206,1.7158963721623752,8.174937015047881,0,02_14_83_2925_ego_83,0,2925,2920,2925,vehicle_vehicle,0.6054704788808625,0.02497140639653817,3.4476720368861087,3.4512454853284553,15.0,3.0,3.5,0.8,6.2876916272985275,22.6356898582747
2,14,2891,2891,70.1136,-37.9184,229.0992,2.5807,6.6415,-0.0,0.0,-0.0,0.0,0.0,0.0,0.0,0.0,truck,83,73.7936,-30.1436,-5.3732,-2.9841,6.1382,-0.3129,206.1276,6.146229010539715,22.126424437942973,-3.6799999999999926,-7.774799999999999,5.3732,2.9841,6.146229010539715,8.601739070676343,0,02_14_83_2925_ego_83,1,2925,2920,2925,vehicle_vehicle,0.6054704788808625,0.02497140639653817,3.4476720368861087,3.4512454853284553,15.0,3.0,3.5,0.8,6.2876916272985275,22.6356898582747
2,76,2891,290,61.5757,-43.8973,257.449,2.067,4.304,-1.1191,-6.4602,2.0957,-0.77,6.549,-0.3115,0.2962,-2.213,car,83,73.7936,-30.1436,-5.3732,-2.9841,6.1382,-0.3129,206.1276,6.146229010539715,22.126424437942973,-12.2179,-13.753700000000002,4.254099999999999,-3.4761,5.493690746665669,18.396775372330882,0,02_14_83_2925_ego_83,0,2925,2920,2925,vehicle_vehicle,0.6054704788808625,0.02497140639653817,3.4476720368861087,3.4512454853284553,15.0,3.0,3.5,0.8,6.2876916272985275,22.6356898582747
2,79,2891,180,51.9002,-46.1761,335.7054,2.301,5.8366,0.0062,0.0088,0.0003,0.0148,0.002,-0.0106,-0.0058,-0.0136,van,83,73.7936,-30.1436,-5.3732,-2.9841,6.1382,-0.3129,206.1276,6.146229010539715,22.126424437942973,-21.8934,-16.0325,5.3793999999999995,2.9929,6.155923551344672,27.135991225860906,0,02_14_83_2925_ego_83,0,2925,2920,2925,vehicle_vehicle,0.6054704788808625,0.02497140639653817,3.4476720368861087,3.4512454853284553,15.0,3.0,3.5,0.8,6.2876916272985275,22.6356898582747
2,82,2891,156,63.7484,-34.3973,232.5067,2.1699,4.6403,-3.7163,-5.4133,1.594,-0.8822,6.557,-0.3463,-0.2703,-1.8017,car,83,73.7936,-30.1436,-5.3732,-2.9841,6.1382,-0.3129,206.1276,6.146229010539715,22.126424437942973,-10.045200000000001,-4.253700000000002,1.6568999999999998,-2.4291999999999994,2.940464291570295,10.908712423104756,0,02_14_83_2925_ego_83,0,2925,2920,2925,vehicle_vehicle,0.6054704788808625,0.02497140639653817,3.4476720368861087,3.4512454853284553,15.0,3.0,3.5,0.8,6.2876916272985275,22.6356898582747
2,83,2891,131,73.7936,-30.1436,206.1276,2.1172,4.5925,-5.3732,-2.9841,0.6822,-1.6727,6.1382,-0.3129,0.1241,-1.8022,car,83,73.7936,-30.1436,-5.3732,-2.9841,6.1382,-0.3129,206.1276,6.146229010539715,22.126424437942973,0.0,0.0,0.0,0.0,0.0,0.0,1,02_14_83_2925_ego_83,1,2925,2920,2925,vehicle_vehicle,0.6054704788808625,0.02497140639653817,3.4476720368861087,3.4512454853284553,15.0,3.0,3.5,0.8,6.2876916272985275,22.6356898582747
2,86,2891,86,79.1055,-23.8375,203.4131,2.1226,4.8555,-4.2021,-1.6917,-0.2829,-0.0198,4.5283,0.1173,0.2674,0.0943,car,83,73.7936,-30.1436,-5.3732,-2.9841,6.1382,-0.3129,206.1276,6.146229010539715,22.126424437942973,5.3119000000000085,6.306100000000001,1.1711,1.2924000000000002,1.7440679373235437,8.245191254300904,0,02_14_83_2925_ego_83,0,2925,2920,2925,vehicle_vehicle,0.6054704788808625,0.02497140639653817,3.4476720368861087,3.4512454853284553,15.0,3.0,3.5,0.8,6.2876916272985275,22.6356898582747
2,14,2892,2892,70.1136,-37.9184,229.0992,2.5807,6.6415,-0.0,0.0,-0.0,0.0,0.0,0.0,0.0,0.0,truck,83,73.5791,-30.2639,-5.3457,-3.0539,6.1483,-0.3187,206.771,6.1565261064986965,22.16349398339531,-3.4654999999999916,-7.654499999999999,5.3457,3.0539,6.1565261064986965,8.402443721918043,0,02_14_83_2925_ego_83,1,2925,2920,2925,vehicle_vehicle,0.6054704788808625,0.02497140639653817,3.4476720368861087,3.4512454853284553,15.0,3.0,3.5,0.8,6.2876916272985275,22.6356898582747
2,76,2892,291,61.5321,-44.1561,258.1703,2.067,4.304,-1.035,-6.4917,2.1068,-0.74,6.566,-0.3178,0.2923,-2.2137,car,83,73.5791,-30.2639,-5.3457,-3.0539,6.1483,-0.3187,206.771,6.1565261064986965,22.16349398339531,-12.046999999999997,-13.892200000000003,4.3107,-3.4377999999999997,5.513674213262876,18.388132853555305,0,02_14_83_2925_ego_83,0,2925,2920,2925,vehicle_vehicle,0.6054704788808625,0.02497140639653817,3.4476720368861087,3.4512454853284553,15.0,3.0,3.5,0.8,6.2876916272985275,22.6356898582747
2,79,2892,181,51.9003,-46.1759,335.7113,2.301,5.8366,0.0067,0.0101,-0.0026,0.0123,0.0019,-0.012,-0.0075,-0.0101,van,83,73.5791,-30.2639,-5.3457,-3.0539,6.1483,-0.3187,206.771,6.1565261064986965,22.16349398339531,-21.678799999999995,-15.911999999999999,5.3524,3.064,6.167356140194922,26.891673682387264,0,02_14_83_2925_ego_83,0,2925,2920,2925,vehicle_vehicle,0.6054704788808625,0.02497140639653817,3.4476720368861087,3.4512454853284553,15.0,3.0,3.5,0.8,6.2876916272985275,22.6356898582747
2,82,2892,157,63.6014,-34.6142,233.1915,2.1699,4.6403,-3.652,-5.448,1.6036,-0.8635,6.55,-0.3402,-0.2694,-1.8013,car,83,73.5791,-30.2639,-5.3457,-3.0539,6.1483,-0.3187,206.771,6.1565261064986965,22.16349398339531,-9.977699999999999,-4.350299999999997,1.6936999999999998,-2.3941000000000003,2.9326326909451175,10.8848338241794,0,02_14_83_2925_ego_83,0,2925,2920,2925,vehicle_vehicle,0.6054704788808625,0.02497140639653817,3.4476720368861087,3.4512454853284553,15.0,3.0,3.5,0.8,6.2876916272985275,22.6356898582747
2,83,2892,132,73.5791,-30.2639,206.771,2.1172,4.5925,-5.3457,-3.0539,0.7174,-1.6883,6.1483,-0.3187,0.1199,-1.8305,car,83,73.5791,-30.2639,-5.3457,-3.0539,6.1483,-0.3187,206.771,6.1565261064986965,22.16349398339531,0.0,0.0,0.0,0.0,0.0,0.0,1,02_14_83_2925_ego_83,1,2925,2920,2925,vehicle_vehicle,0.6054704788808625,0.02497140639653817,3.4476720368861087,3.4512454853284553,15.0,3.0,3.5,0.8,6.2876916272985275,22.6356898582747
2,86,2892,87,78.9384,-23.9053,203.2196,2.1226,4.8555,-4.2118,-1.6909,-0.2931,-0.0725,4.5373,0.1066,0.298,0.0489,car,83,73.5791,-30.2639,-5.3457,-3.0539,6.1483,-0.3187,206.771,6.1565261064986965,22.16349398339531,5.359300000000005,6.358599999999999,1.1338999999999997,1.363,1.772991316955613,8.315881820348341,0,02_14_83_2925_ego_83,0,2925,2920,2925,vehicle_vehicle,0.6054704788808625,0.02497140639653817,3.4476720368861087,3.4512454853284553,15.0,3.0,3.5,0.8,6.2876916272985275,22.6356898582747
2,14,2893,2893,70.1136,-37.9184,229.0992,2.5807,6.6415,-0.0,0.0,-0.0,0.0,0.0,0.0,0.0,0.0,truck,83,73.3658,-30.3866,-5.3168,-3.1246,6.1585,-0.3236,207.4346,6.166967439511903,22.20108278224285,-3.2521999999999878,-7.531799999999997,5.3168,3.1246,6.166967439511903,8.203951248026762,0,02_14_83_2925_ego_83,1,2925,2920,2925,vehicle_vehicle,0.6054704788808625,0.02497140639653817,3.4476720368861087,3.4512454853284553,15.0,3.0,3.5,0.8,6.2876916272985275,22.6356898582747
2,76,2893,292,61.4924,-44.4161,258.8731,2.067,4.304,-0.9505,-6.5222,2.1175,-0.7091,6.583,-0.326,0.2871,-2.2146,car,83,73.3658,-30.3866,-5.3168,-3.1246,6.1585,-0.3236,207.4346,6.166967439511903,22.20108278224285,-11.87339999999999,-14.029499999999999,4.3663,-3.3975999999999997,5.532473357369197,18.37945858315744,0,02_14_83_2925_ego_83,0,2925,2920,2925,vehicle_vehicle,0.6054704788808625,0.02497140639653817,3.4476720368861087,3.4512454853284553,15.0,3.0,3.5,0.8,6.2876916272985275,22.6356898582747
2,79,2893,182,51.9006,-46.1755,335.7105,2.301,5.8366,0.007,0.0113,-0.006,0.0091,0.0017,-0.0132,-0.0092,-0.0058,van,83,73.3658,-30.3866,-5.3168,-3.1246,6.1585,-0.3236,207.4346,6.166967439511903,22.20108278224285,-21.465199999999996,-15.788899999999998,5.323799999999999,3.1359,6.1787308769681815,26.646654091086177,0,02_14_83_2925_ego_83,0,2925,2920,2925,vehicle_vehicle,0.6054704788808625,0.02497140639653817,3.4476720368861087,3.4512454853284553,15.0,3.0,3.5,0.8,6.2876916272985275,22.6356898582747
2,82,2893,158,63.4569,-34.8319,233.8992,2.1699,4.6403,-3.5874,-5.4824,1.6128,-0.8452,6.5435,-0.3317,-0.2673,-1.8011,car,83,73.3658,-30.3866,-5.3168,-3.1246,6.1585,-0.3236,207.4346,6.166967439511903,22.20108278224285,-9.908899999999996,-4.445299999999996,1.7293999999999996,-2.3578,2.924046032469393,10.860340293931856,0,02_14_83_2925_ego_83,0,2925,2920,2925,vehicle_vehicle,0.6054704788808625,0.02497140639653817,3.4476720368861087,3.4512454853284553,15.0,3.0,3.5,0.8,6.2876916272985275,22.6356898582747
2,83,2893,133,73.3658,-30.3866,207.4346,2.1172,4.5925,-5.3168,-3.1246,0.7524,-1.7008,6.1585,-0.3236,0.1158,-1.8562,car,83,73.3658,-30.3866,-5.3168,-3.1246,6.1585,-0.3236,207.4346,6.166967439511903,22.20108278224285,0.0,0.0,0.0,0.0,0.0,0.0,1,02_14_83_2925_ego_83,1,2925,2920,2925,vehicle_vehicle,0.6054704788808625,0.02497140639653817,3.4476720368861087,3.4512454853284553,15.0,3.0,3.5,0.8,6.2876916272985275,22.6356898582747
2,86,2893,88,78.7705,-23.9728,203.0477,2.1226,4.8555,-4.2224,-1.6923,-0.3048,-0.1269,4.5478,0.0959,0.3301,0.0025,car,83,73.3658,-30.3866,-5.3168,-3.1246,6.1585,-0.3236,207.4346,6.166967439511903,22.20108278224285,5.404700000000005,6.413800000000002,1.0943999999999994,1.4323000000000001,1.8025522599913708,8.387348361073366,0,02_14_83_2925_ego_83,0,2925,2920,2925,vehicle_vehicle,0.6054704788808625,0.02497140639653817,3.4476720368861087,3.4512454853284553,15.0,3.0,3.5,0.8,6.2876916272985275,22.6356898582747
2,14,2894,2894,70.1136,-37.9184,229.0992,2.5807,6.6415,-0.0,0.0,-0.0,0.0,0.0,0.0,-0.0,0.0,truck,83,73.1533,-30.5125,-5.2863,-3.1961,6.1687,-0.3271,208.1214,6.17737993812911,22.238567777264795,-3.0396999999999963,-7.405899999999999,5.2863,3.1961,6.17737993812911,8.00544382904533,0,02_14_83_2925_ego_83,1,2925,2920,2925,vehicle_vehicle,0.6054704788808625,0.02497140639653817,3.4476720368861087,3.4512454853284553,15.0,3.0,3.5,0.8,6.2876916272985275,22.6356898582747
2,76,2894,293,61.4554,-44.6773,259.5701,2.067,4.304,-0.8653,-6.5516,2.128,-0.6773,6.6,-0.335,0.2809,-2.2154,car,83,73.1533,-30.5125,-5.2863,-3.1961,6.1687,-0.3271,208.1214,6.17737993812911,22.238567777264795,-11.697900000000004,-14.164800000000003,4.420999999999999,-3.3554999999999997,5.550191100313573,18.370694691546102,0,02_14_83_2925_ego_83,0,2925,2920,2925,vehicle_vehicle,0.6054704788808625,0.02497140639653817,3.4476720368861087,3.4512454853284553,15.0,3.0,3.5,0.8,6.2876916272985275,22.6356898582747
2,79,2894,183,51.9011,-46.1747,335.7173,2.301,5.8366,0.0071,0.0123,-0.0099,0.0052,0.0014,-0.0142,-0.0111,-0.0007,van,83,73.1533,-30.5125,-5.2863,-3.1961,6.1687,-0.3271,208.1214,6.17737993812911,22.238567777264795,-21.252200000000002,-15.662200000000002,5.2934,3.2084,6.189823432053616,26.400009728786088,0,02_14_83_2925_ego_83,0,2925,2920,2925,vehicle_vehicle,0.6054704788808625,0.02497140639653817,3.4476720368861087,3.4512454853284553,15.0,3.0,3.5,0.8,6.2876916272985275,22.6356898582747
2,82,2894,159,63.316,-35.0523,234.5707,2.1699,4.6403,-3.5231,-5.5159,1.6217,-0.8272,6.5368,-0.3269,-0.2661,-1.801,car,83,73.1533,-30.5125,-5.2863,-3.1961,6.1687,-0.3271,208.1214,6.17737993812911,22.238567777264795,-9.837299999999999,-4.539800000000003,1.7631999999999999,-2.3198000000000003,2.913819877754972,10.834309176408066,0,02_14_83_2925_ego_83,0,2925,2920,2925,vehicle_vehicle,0.6054704788808625,0.02497140639653817,3.4476720368861087,3.4512454853284553,15.0,3.0,3.5,0.8,6.2876916272985275,22.6356898582747
2,83,2894,134,73.1533,-30.5125,208.1214,2.1172,4.5925,-5.2863,-3.1961,0.7871,-1.7101,6.1687,-0.3271,0.1118,-1.8792,car,83,73.1533,-30.5125,-5.2863,-3.1961,6.1687,-0.3271,208.1214,6.17737993812911,22.238567777264795,0.0,0.0,0.0,0.0,0.0,0.0,1,02_14_83_2925_ego_83,1,2925,2920,2925,vehicle_vehicle,0.6054704788808625,0.02497140639653817,3.4476720368861087,3.4512454853284553,15.0,3.0,3.5,0.8,6.2876916272985275,22.6356898582747
2,86,2894,89,78.602,-24.0401,202.9156,2.1226,4.8555,-4.2336,-1.696,-0.3175,-0.1827,4.5598,0.0863,0.3636,-0.0447,car,83,73.1533,-30.5125,-5.2863,-3.1961,6.1687,-0.3271,208.1214,6.17737993812911,22.238567777264795,5.448700000000002,6.4724,1.0526999999999997,1.5001,1.83261488043724,8.460513781680167,0,02_14_83_2925_ego_83,0,2925,2920,2925,vehicle_vehicle,0.6054704788808625,0.02497140639653817,3.4476720368861087,3.4512454853284553,15.0,3.0,3.5,0.8,6.2876916272985275,22.6356898582747
2,14,2895,2895,70.1136,-37.9184,229.0992,2.5807,6.6415,-0.0,0.0,-0.0,0.0,0.0,0.0,-0.0,0.0,truck,83,72.9425,-30.6413,-5.2544,-3.268,6.179,-0.3293,208.8296,6.187773699805125,22.27598531929845,-2.82889999999999,-7.277099999999997,5.2544,3.268,6.187773699805125,7.807615488739177,0,02_14_83_2925_ego_83,1,2925,2920,2925,vehicle_vehicle,0.6054704788808625,0.02497140639653817,3.4476720368861087,3.4512454853284553,15.0,3.0,3.5,0.8,6.2876916272985275,22.6356898582747
2,76,2895,294,61.4222,-44.9396,260.2704,2.067,4.304,-0.7796,-6.5797,2.1378,-0.6445,6.6168,-0.3436,0.2739,-2.216,car,83,72.9425,-30.6413,-5.2544,-3.268,6.179,-0.3293,208.8296,6.187773699805125,22.27598531929845,-11.520299999999999,-14.298299999999998,4.4748,-3.3117,5.566973318599614,18.361881575154545,0,02_14_83_2925_ego_83,0,2925,2920,2925,vehicle_vehicle,0.6054704788808625,0.02497140639653817,3.4476720368861087,3.4512454853284553,15.0,3.0,3.5,0.8,6.2876916272985275,22.6356898582747
2,79,2895,184,51.9018,-46.1738,335.7257,2.301,5.8366,0.0069,0.013,-0.014,0.0008,0.001,-0.0147,-0.013,0.005,van,83,72.9425,-30.6413,-5.2544,-3.268,6.179,-0.3293,208.8296,6.187773699805125,22.27598531929845,-21.040699999999994,-15.532499999999999,5.2613,3.2809999999999997,6.200503099749246,26.152812711828908,0,02_14_83_2925_ego_83,0,2925,2920,2925,vehicle_vehicle,0.6054704788808625,0.02497140639653817,3.4476720368861087,3.4512454853284553,15.0,3.0,3.5,0.8,6.2876916272985275,22.6356898582747
2,82,2895,160,63.1774,-35.2742,235.2615,2.1699,4.6403,-3.4587,-5.5484,1.6311,-0.8096,6.5304,-0.3194,-0.2642,-1.8017,car,83,72.9425,-30.6413,-5.2544,-3.268,6.179,-0.3293,208.8296,6.187773699805125,22.27598531929845,-9.765099999999997,-4.632899999999999,1.7957000000000005,-2.2804,2.9025441684839186,10.808373625111225,0,02_14_83_2925_ego_83,0,2925,2920,2925,vehicle_vehicle,0.6054704788808625,0.02497140639653817,3.4476720368861087,3.4512454853284553,15.0,3.0,3.5,0.8,6.2876916272985275,22.6356898582747
2,83,2895,135,72.9425,-30.6413,208.8296,2.1172,4.5925,-5.2544,-3.268,0.8214,-1.7158,6.179,-0.3293,0.1078,-1.8992,car,83,72.9425,-30.6413,-5.2544,-3.268,6.179,-0.3293,208.8296,6.187773699805125,22.27598531929845,0.0,0.0,0.0,0.0,0.0,0.0,1,02_14_83_2925_ego_83,1,2925,2920,2925,vehicle_vehicle,0.6054704788808625,0.02497140639653817,3.4476720368861087,3.4512454853284553,15.0,3.0,3.5,0.8,6.2876916272985275,22.6356898582747
2,86,2895,90,78.4326,-24.1071,202.8077,2.1226,4.8555,-4.2454,-1.7024,-0.3312,-0.2397,4.5734,0.0764,0.3982,-0.0926,car,83,72.9425,-30.6413,-5.2544,-3.268,6.179,-0.3293,208.8296,6.187773699805125,22.27598531929845,5.490099999999998,6.534200000000002,1.0090000000000003,1.5655999999999999,1.8625746589063217,8.534457665839113,0,02_14_83_2925_ego_83,0,2925,2920,2925,vehicle_vehicle,0.6054704788808625,0.02497140639653817,3.4476720368861087,3.4512454853284553,15.0,3.0,3.5,0.8,6.2876916272985275,22.6356898582747
2,14,2896,2896,70.1136,-37.9184,229.0992,2.5807,6.6415,-0.0,0.0,0.0,0.0,0.0,0.0,-0.0,-0.0,truck,83,72.7328,-30.7734,-5.2211,-3.3402,6.1893,-0.3298,209.5594,6.198130464099639,22.3132696707587,-2.619199999999992,-7.145,5.2211,3.3402,6.198130464099639,7.609943077316673,0,02_14_83_2925_ego_83,1,2925,2920,2925,vehicle_vehicle,0.6054704788808625,0.02497140639653817,3.4476720368861087,3.4512454853284553,15.0,3.0,3.5,0.8,6.2876916272985275,22.6356898582747
2,76,2896,295,61.3921,-45.2032,260.9621,2.067,4.304,-0.6932,-6.6067,2.1469,-0.6105,6.6335,-0.3533,0.2657,-2.2162,car,83,72.7328,-30.7734,-5.2211,-3.3402,6.1893,-0.3298,209.5594,6.198130464099639,22.3132696707587,-11.340699999999998,-14.429800000000004,4.5279,-3.2665,5.583180156505788,18.352945391135453,0,02_14_83_2925_ego_83,0,2925,2920,2925,vehicle_vehicle,0.6054704788808625,0.02497140639653817,3.4476720368861087,3.4512454853284553,15.0,3.0,3.5,0.8,6.2876916272985275,22.6356898582747
2,79,2896,185,51.9027,-46.1727,335.7314,2.301,5.8366,0.0063,0.0132,-0.0181,-0.004,0.0003,-0.0146,-0.0149,0.0111,van,83,72.7328,-30.7734,-5.2211,-3.3402,6.1893,-0.3298,209.5594,6.198130464099639,22.3132696707587,-20.830099999999995,-15.3993,5.2274,3.3533999999999997,6.210555717486158,25.904275834309665,0,02_14_83_2925_ego_83,0,2925,2920,2925,vehicle_vehicle,0.6054704788808625,0.02497140639653817,3.4476720368861087,3.4512454853284553,15.0,3.0,3.5,0.8,6.2876916272985275,22.6356898582747
2,82,2896,161,63.0413,-35.4976,235.9593,2.1699,4.6403,-3.3944,-5.5799,1.6411,-0.7927,6.5239,-0.3108,-0.2618,-1.8036,car,83,72.7328,-30.7734,-5.2211,-3.3402,6.1893,-0.3298,209.5594,6.198130464099639,22.3132696707587,-9.691499999999998,-4.7242,1.8266999999999998,-2.2397000000000005,2.890171098741388,10.781615736521125,0,02_14_83_2925_ego_83,0,2925,2920,2925,vehicle_vehicle,0.6054704788808625,0.02497140639653817,3.4476720368861087,3.4512454853284553,15.0,3.0,3.5,0.8,6.2876916272985275,22.6356898582747
2,83,2896,136,72.7328,-30.7734,209.5594,2.1172,4.5925,-5.2211,-3.3402,0.8553,-1.718,6.1893,-0.3298,0.1036,-1.9163,car,83,72.7328,-30.7734,-5.2211,-3.3402,6.1893,-0.3298,209.5594,6.198130464099639,22.3132696707587,0.0,0.0,0.0,0.0,0.0,0.0,1,02_14_83_2925_ego_83,1,2925,2920,2925,vehicle_vehicle,0.6054704788808625,0.02497140639653817,3.4476720368861087,3.4512454853284553,15.0,3.0,3.5,0.8,6.2876916272985275,22.6356898582747
2,86,2896,91,78.2629,-24.1745,202.726,2.1226,4.8555,-4.2579,-1.7114,-0.3456,-0.2974,4.5885,0.0664,0.4337,-0.1408,car,83,72.7328,-30.7734,-5.2211,-3.3402,6.1893,-0.3298,209.5594,6.198130464099639,22.3132696707587,5.5301000000000045,6.5989,0.9631999999999996,1.6287999999999998,1.8922853061840328,8.609732122429829,0,02_14_83_2925_ego_83,0,2925,2920,2925,vehicle_vehicle,0.6054704788808625,0.02497140639653817,3.4476720368861087,3.4512454853284553,15.0,3.0,3.5,0.8,6.2876916272985275,22.6356898582747
2,14,2897,2897,70.1136,-37.9184,229.0992,2.5807,6.6415,-0.0,0.0,0.0,0.0,0.0,0.0,-0.0,-0.0,truck,83,72.5246,-30.9085,-5.1864,-3.4124,6.1995,-0.3309,210.2877,6.2083185098704465,22.34994663553361,-2.4110000000000014,-7.009899999999998,5.1864,3.4124,6.2083185098704465,7.41293592377541,0,02_14_83_2925_ego_83,1,2925,2920,2925,vehicle_vehicle,0.6054704788808625,0.02497140639653817,3.4476720368861087,3.4512454853284553,15.0,3.0,3.5,0.8,6.2876916272985275,22.6356898582747
2,76,2897,296,61.3654,-45.4675,261.6514,2.067,4.304,-0.6061,-6.6324,2.155,-0.5753,6.6501,-0.3633,0.2563,-2.2157,car,83,72.5246,-30.9085,-5.1864,-3.4124,6.1995,-0.3309,210.2877,6.2083185098704465,22.34994663553361,-11.159200000000006,-14.559000000000001,4.5803,-3.2199999999999998,5.598888111937941,18.343724421174674,0,02_14_83_2925_ego_83,0,2925,2920,2925,vehicle_vehicle,0.6054704788808625,0.02497140639653817,3.4476720368861087,3.4512454853284553,15.0,3.0,3.5,0.8,6.2876916272985275,22.6356898582747
2,79,2897,186,51.9032,-46.1714,335.7362,2.301,5.8366,0.0054,0.0129,-0.0222,-0.0088,-0.0004,-0.014,-0.0166,0.0171,van,83,72.5246,-30.9085,-5.1864,-3.4124,6.1995,-0.3309,210.2877,6.2083185098704465,22.34994663553361,-20.62140000000001,-15.262899999999998,5.1918,3.4253,6.219925026075475,25.655374765728922,0,02_14_83_2925_ego_83,0,2925,2920,2925,vehicle_vehicle,0.6054704788808625,0.02497140639653817,3.4476720368861087,3.4512454853284553,15.0,3.0,3.5,0.8,6.2876916272985275,22.6356898582747
2,82,2897,162,62.908,-35.7221,236.6459,2.1699,4.6403,-3.3302,-5.6105,1.6524,-0.7768,6.5173,-0.303,-0.2596,-1.8073,car,83,72.5246,-30.9085,-5.1864,-3.4124,6.1995,-0.3309,210.2877,6.2083185098704465,22.34994663553361,-9.616600000000005,-4.813599999999997,1.8561999999999999,-2.1981,2.876998792144341,10.754056933083444,0,02_14_83_2925_ego_83,0,2925,2920,2925,vehicle_vehicle,0.6054704788808625,0.02497140639653817,3.4476720368861087,3.4512454853284553,15.0,3.0,3.5,0.8,6.2876916272985275,22.6356898582747
2,83,2897,137,72.5246,-30.9085,210.2877,2.1172,4.5925,-5.1864,-3.4124,0.8886,-1.7167,6.1995,-0.3309,0.0984,-1.9305,car,83,72.5246,-30.9085,-5.1864,-3.4124,6.1995,-0.3309,210.2877,6.2083185098704465,22.34994663553361,0.0,0.0,0.0,0.0,0.0,0.0,1,02_14_83_2925_ego_83,1,2925,2920,2925,vehicle_vehicle,0.6054704788808625,0.02497140639653817,3.4476720368861087,3.4512454853284553,15.0,3.0,3.5,0.8,6.2876916272985275,22.6356898582747
2,86,2897,92,78.0931,-24.2428,202.6679,2.1226,4.8555,-4.2714,-1.7229,-0.3606,-0.3556,4.6054,0.0564,0.4698,-0.1891,car,83,72.5246,-30.9085,-5.1864,-3.4124,6.1995,-0.3309,210.2877,6.2083185098704465,22.34994663553361,5.5685,6.665700000000001,0.915,1.6894999999999998,1.9213628626576498,8.685605836094568,0,02_14_83_2925_ego_83,0,2925,2920,2925,vehicle_vehicle,0.6054704788808625,0.02497140639653817,3.4476720368861087,3.4512454853284553,15.0,3.0,3.5,0.8,6.2876916272985275,22.6356898582747
2,14,2898,2898,70.1136,-37.9184,229.0992,2.5807,6.6415,-0.0,0.0,0.0,-0.0,0.0,0.0,-0.0,-0.0,truck,83,72.3177,-31.0469,-5.1503,-3.4844,6.2094,-0.3308,211.0302,6.218250031158284,22.385700112169825,-2.204099999999997,-6.8714999999999975,5.1503,3.4844,6.218250031158284,7.216340420185286,0,02_14_83_2925_ego_83,1,2925,2920,2925,vehicle_vehicle,0.6054704788808625,0.02497140639653817,3.4476720368861087,3.4512454853284553,15.0,3.0,3.5,0.8,6.2876916272985275,22.6356898582747
2,76,2898,297,61.3427,-45.7331,262.3378,2.067,4.304,-0.5187,-6.6568,2.1619,-0.5388,6.6665,-0.3735,0.2458,-2.2144,car,83,72.3177,-31.0469,-5.1503,-3.4844,6.2094,-0.3308,211.0302,6.218250031158284,22.385700112169825,-10.975000000000001,-14.6862,4.6316,-3.1723999999999997,5.613897070663123,18.33398743972516,0,02_14_83_2925_ego_83,0,2925,2920,2925,vehicle_vehicle,0.6054704788808625,0.02497140639653817,3.4476720368861087,3.4512454853284553,15.0,3.0,3.5,0.8,6.2876916272985275,22.6356898582747
2,79,2898,187,51.9039,-46.1697,335.7452,2.301,5.8366,0.0042,0.012,-0.026,-0.0132,-0.0011,-0.0127,-0.0183,0.0228,van,83,72.3177,-31.0469,-5.1503,-3.4844,6.2094,-0.3308,211.0302,6.218250031158284,22.385700112169825,-20.413800000000002,-15.122799999999998,5.1545,3.4964,6.228457530560837,25.405163063440472,0,02_14_83_2925_ego_83,0,2925,2920,2925,vehicle_vehicle,0.6054704788808625,0.02497140639653817,3.4476720368861087,3.4512454853284553,15.0,3.0,3.5,0.8,6.2876916272985275,22.6356898582747
2,82,2898,163,62.7766,-35.9476,237.326,2.1699,4.6403,-3.2657,-5.6402,1.6651,-0.7622,6.5107,-0.296,-0.2573,-1.8131,car,83,72.3177,-31.0469,-5.1503,-3.4844,6.2094,-0.3308,211.0302,6.218250031158284,22.385700112169825,-9.5411,-4.9007000000000005,1.8845999999999998,-2.1558,2.8634229167204763,10.726110651116741,0,02_14_83_2925_ego_83,0,2925,2920,2925,vehicle_vehicle,0.6054704788808625,0.02497140639653817,3.4476720368861087,3.4512454853284553,15.0,3.0,3.5,0.8,6.2876916272985275,22.6356898582747
2,83,2898,138,72.3177,-31.0469,211.0302,2.1172,4.5925,-5.1503,-3.4844,0.9215,-1.712,6.2094,-0.3308,0.0929,-1.942,car,83,72.3177,-31.0469,-5.1503,-3.4844,6.2094,-0.3308,211.0302,6.218250031158284,22.385700112169825,0.0,0.0,0.0,0.0,0.0,0.0,1,02_14_83_2925_ego_83,1,2925,2920,2925,vehicle_vehicle,0.6054704788808625,0.02497140639653817,3.4476720368861087,3.4512454853284553,15.0,3.0,3.5,0.8,6.2876916272985275,22.6356898582747
2,86,2898,93,77.9229,-24.3114,202.6281,2.1226,4.8555,-4.2857,-1.7369,-0.3758,-0.4141,4.6241,0.0457,0.5062,-0.2376,car,83,72.3177,-31.0469,-5.1503,-3.4844,6.2094,-0.3308,211.0302,6.218250031158284,22.385700112169825,5.605199999999996,6.735500000000002,0.8645999999999994,1.7474999999999998,1.9496895675978774,8.762718030953637,0,02_14_83_2925_ego_83,0,2925,2920,2925,vehicle_vehicle,0.6054704788808625,0.02497140639653817,3.4476720368861087,3.4512454853284553,15.0,3.0,3.5,0.8,6.2876916272985275,22.6356898582747
2,14,2899,2899,70.1136,-37.9184,229.0992,2.5807,6.6415,-0.0,0.0,0.0,-0.0,0.0,0.0,-0.0,-0.0,truck,83,72.1125,-31.1881,-5.1129,-3.5559,6.2191,-0.3318,211.7636,6.227854463617466,22.42027606902288,-1.998899999999992,-6.7303,5.1129,3.5559,6.227854463617466,7.020864569267802,0,02_14_83_2925_ego_83,1,2925,2920,2925,vehicle_vehicle,0.6054704788808625,0.02497140639653817,3.4476720368861087,3.4512454853284553,15.0,3.0,3.5,0.8,6.2876916272985275,22.6356898582747
2,76,2899,298,61.3246,-45.9997,263.0062,2.067,4.304,-0.4314,-6.6798,2.1677,-0.5009,6.6826,-0.3852,0.2332,-2.2126,car,83,72.1125,-31.1881,-5.1129,-3.5559,6.2191,-0.3318,211.7636,6.227854463617466,22.42027606902288,-10.7879,-14.811599999999999,4.6815,-3.1239000000000003,5.628071913186611,18.323817314358926,0,02_14_83_2925_ego_83,0,2925,2920,2925,vehicle_vehicle,0.6054704788808625,0.02497140639653817,3.4476720368861087,3.4512454853284553,15.0,3.0,3.5,0.8,6.2876916272985275,22.6356898582747
2,79,2899,188,51.9046,-46.1684,335.749,2.301,5.8366,0.0026,0.0106,-0.0294,-0.0169,-0.002,-0.0107,-0.0198,0.0275,van,83,72.1125,-31.1881,-5.1129,-3.5559,6.2191,-0.3318,211.7636,6.227854463617466,22.42027606902288,-20.207899999999995,-14.9803,5.1155,3.5665,6.236045421579288,25.15489237703075,0,02_14_83_2925_ego_83,0,2925,2920,2925,vehicle_vehicle,0.6054704788808625,0.02497140639653817,3.4476720368861087,3.4512454853284553,15.0,3.0,3.5,0.8,6.2876916272985275,22.6356898582747
2,82,2899,164,62.6478,-36.1743,238.0057,2.1699,4.6403,-3.2008,-5.6692,1.6795,-0.749,6.5039,-0.2891,-0.2546,-1.8212,car,83,72.1125,-31.1881,-5.1129,-3.5559,6.2191,-0.3318,211.7636,6.227854463617466,22.42027606902288,-9.4647,-4.986200000000004,1.9120999999999997,-2.1133,2.8499409292123934,10.69779119865405,0,02_14_83_2925_ego_83,0,2925,2920,2925,vehicle_vehicle,0.6054704788808625,0.02497140639653817,3.4476720368861087,3.4512454853284553,15.0,3.0,3.5,0.8,6.2876916272985275,22.6356898582747
2,83,2899,139,72.1125,-31.1881,211.7636,2.1172,4.5925,-5.1129,-3.5559,0.9539,-1.704,6.2191,-0.3318,0.086,-1.9509,car,83,72.1125,-31.1881,-5.1129,-3.5559,6.2191,-0.3318,211.7636,6.227854463617466,22.42027606902288,0.0,0.0,0.0,0.0,0.0,0.0,1,02_14_83_2925_ego_83,1,2925,2920,2925,vehicle_vehicle,0.6054704788808625,0.02497140639653817,3.4476720368861087,3.4512454853284553,15.0,3.0,3.5,0.8,6.2876916272985275,22.6356898582747
2,86,2899,94,77.752,-24.3811,202.6173,2.1226,4.8555,-4.3011,-1.7533,-0.3909,-0.4728,4.6446,0.0356,0.5427,-0.2861,car,83,72.1125,-31.1881,-5.1129,-3.5559,6.2191,-0.3318,211.7636,6.227854463617466,22.42027606902288,5.639499999999998,6.806999999999999,0.8117999999999999,1.8025999999999998,1.976963833761255,8.839638524849303,0,02_14_83_2925_ego_83,0,2925,2920,2925,vehicle_vehicle,0.6054704788808625,0.02497140639653817,3.4476720368861087,3.4512454853284553,15.0,3.0,3.5,0.8,6.2876916272985275,22.6356898582747
2,14,2900,2900,70.1136,-37.9184,229.0992,2.5807,6.6415,-0.0,0.0,0.0,-0.0,0.0,0.0,-0.0,-0.0,truck,83,71.9087,-31.3324,-5.0742,-3.6269,6.2284,-0.3316,212.5088,6.23713950862092,22.45370223103531,-1.7950999999999908,-6.5859999999999985,5.0742,3.6269,6.23713950862092,6.826256661597186,0,02_14_83_2925_ego_83,1,2925,2920,2925,vehicle_vehicle,0.6054704788808625,0.02497140639653817,3.4476720368861087,3.4512454853284553,15.0,3.0,3.5,0.8,6.2876916272985275,22.6356898582747
2,76,2900,299,61.3095,-46.2674,263.6708,2.067,4.304,-0.344,-6.7012,2.1728,-0.4616,6.6982,-0.3968,0.2192,-2.2104,car,83,71.9087,-31.3324,-5.0742,-3.6269,6.2284,-0.3316,212.5088,6.23713950862092,22.45370223103531,-10.599199999999996,-14.935000000000002,4.7302,-3.0743,5.6414636868458174,18.313854472502506,0,02_14_83_2925_ego_83,0,2925,2920,2925,vehicle_vehicle,0.6054704788808625,0.02497140639653817,3.4476720368861087,3.4512454853284553,15.0,3.0,3.5,0.8,6.2876916272985275,22.6356898582747
2,79,2900,189,51.905,-46.1677,335.7514,2.301,5.8366,0.0007,0.0088,-0.0321,-0.0197,-0.003,-0.0083,-0.0212,0.0311,van,83,71.9087,-31.3324,-5.0742,-3.6269,6.2284,-0.3316,212.5088,6.23713950862092,22.45370223103531,-20.003699999999995,-14.835300000000004,5.0749,3.6357,6.242829847112606,24.90450039209781,0,02_14_83_2925_ego_83,0,2925,2920,2925,vehicle_vehicle,0.6054704788808625,0.02497140639653817,3.4476720368861087,3.4512454853284553,15.0,3.0,3.5,0.8,6.2876916272985275,22.6356898582747
2,82,2900,165,62.5219,-36.4024,238.6703,2.1699,4.6403,-3.1357,-5.6973,1.6958,-0.7375,6.497,-0.2839,-0.2517,-1.832,car,83,71.9087,-31.3324,-5.0742,-3.6269,6.2284,-0.3316,212.5088,6.23713950862092,22.45370223103531,-9.386799999999994,-5.07,1.9385000000000003,-2.0704000000000002,2.8362542921959593,10.668501030604059,0,02_14_83_2925_ego_83,0,2925,2920,2925,vehicle_vehicle,0.6054704788808625,0.02497140639653817,3.4476720368861087,3.4512454853284553,15.0,3.0,3.5,0.8,6.2876916272985275,22.6356898582747
2,83,2900,140,71.9087,-31.3324,212.5088,2.1172,4.5925,-5.0742,-3.6269,0.9857,-1.6932,6.2284,-0.3316,0.0787,-1.9576,car,83,71.9087,-31.3324,-5.0742,-3.6269,6.2284,-0.3316,212.5088,6.23713950862092,22.45370223103531,0.0,0.0,0.0,0.0,0.0,0.0,1,02_14_83_2925_ego_83,1,2925,2920,2925,vehicle_vehicle,0.6054704788808625,0.02497140639653817,3.4476720368861087,3.4512454853284553,15.0,3.0,3.5,0.8,6.2876916272985275,22.6356898582747
2,86,2900,95,77.5806,-24.4514,202.6312,2.1226,4.8555,-4.3174,-1.7722,-0.4055,-0.5315,4.6669,0.0256,0.5788,-0.3346,car,83,71.9087,-31.3324,-5.0742,-3.6269,6.2284,-0.3316,212.5088,6.23713950862092,22.45370223103531,5.671900000000008,6.881,0.7568000000000001,1.8547,2.0031620828080787,8.917320820179125,0,02_14_83_2925_ego_83,0,2925,2920,2925,vehicle_vehicle,0.6054704788808625,0.02497140639653817,3.4476720368861087,3.4512454853284553,15.0,3.0,3.5,0.8,6.2876916272985275,22.6356898582747
2,14,2901,2901,70.1136,-37.9184,229.0992,2.5807,6.6415,-0.0,0.0,0.0,-0.0,0.0,0.0,-0.0,-0.0,truck,83,71.7063,-31.4794,-5.0342,-3.6972,6.2373,-0.3304,213.2622,6.2459953154001004,22.48558313544036,-1.5926999999999936,-6.439,5.0342,3.6972,6.2459953154001004,6.63305467262256,0,02_14_83_2925_ego_83,1,2925,2920,2925,vehicle_vehicle,0.6054704788808625,0.02497140639653817,3.4476720368861087,3.4512454853284553,15.0,3.0,3.5,0.8,6.2876916272985275,22.6356898582747
2,76,2901,300,61.2977,-46.5352,264.3388,2.067,4.304,-0.2565,-6.7213,2.1772,-0.4207,6.7138,-0.4078,0.2039,-2.2081,car,83,71.7063,-31.4794,-5.0342,-3.6972,6.2373,-0.3304,213.2622,6.2459953154001004,22.48558313544036,-10.4086,-15.055800000000005,4.7777,-3.0241000000000002,5.654343295202371,18.30344414584316,0,02_14_83_2925_ego_83,0,2925,2920,2925,vehicle_vehicle,0.6054704788808625,0.02497140639653817,3.4476720368861087,3.4512454853284553,15.0,3.0,3.5,0.8,6.2876916272985275,22.6356898582747
2,79,2901,190,51.9052,-46.1672,335.7516,2.301,5.8366,-0.0014,0.007,-0.034,-0.0213,-0.0041,-0.0058,-0.0223,0.0334,van,83,71.7063,-31.4794,-5.0342,-3.6972,6.2373,-0.3304,213.2622,6.2459953154001004,22.48558313544036,-19.801099999999998,-14.687800000000003,5.0328,3.7042,6.249013800592858,24.653904965542477,0,02_14_83_2925_ego_83,0,2925,2920,2925,vehicle_vehicle,0.6054704788808625,0.02497140639653817,3.4476720368861087,3.4512454853284553,15.0,3.0,3.5,0.8,6.2876916272985275,22.6356898582747
2,82,2901,166,62.396,-36.6303,239.3314,2.1699,4.6403,-3.0693,-5.7252,1.7138,-0.7278,6.49,-0.2803,-0.2482,-1.8453,car,83,71.7063,-31.4794,-5.0342,-3.6972,6.2373,-0.3304,213.2622,6.2459953154001004,22.48558313544036,-9.310299999999998,-5.1509,1.9649,-2.028,2.823759198302858,10.64018124375708,0,02_14_83_2925_ego_83,0,2925,2920,2925,vehicle_vehicle,0.6054704788808625,0.02497140639653817,3.4476720368861087,3.4512454853284553,15.0,3.0,3.5,0.8,6.2876916272985275,22.6356898582747
2,83,2901,141,71.7063,-31.4794,213.2622,2.1172,4.5925,-5.0342,-3.6972,1.0169,-1.6796,6.2373,-0.3304,0.0709,-1.9622,car,83,71.7063,-31.4794,-5.0342,-3.6972,6.2373,-0.3304,213.2622,6.2459953154001004,22.48558313544036,0.0,0.0,0.0,0.0,0.0,0.0,1,02_14_83_2925_ego_83,1,2925,2920,2925,vehicle_vehicle,0.6054704788808625,0.02497140639653817,3.4476720368861087,3.4512454853284553,15.0,3.0,3.5,0.8,6.2876916272985275,22.6356898582747
2,86,2901,96,77.4081,-24.5228,202.675,2.1226,4.8555,-4.3345,-1.7933,-0.4193,-0.5904,4.6908,0.0163,0.6145,-0.3831,car,83,71.7063,-31.4794,-5.0342,-3.6972,6.2373,-0.3304,213.2622,6.2459953154001004,22.48558313544036,5.701800000000006,6.956599999999998,0.6997,1.9039000000000001,2.0284021544062707,8.99470993417798,0,02_14_83_2925_ego_83,0,2925,2920,2925,vehicle_vehicle,0.6054704788808625,0.02497140639653817,3.4476720368861087,3.4512454853284553,15.0,3.0,3.5,0.8,6.2876916272985275,22.6356898582747
2,14,2902,2902,70.1136,-37.9184,229.0992,2.5807,6.6415,-0.0,0.0,0.0,-0.0,0.0,0.0,-0.0,-0.0,truck,83,71.5059,-31.6292,-4.993,-3.7668,6.2459,-0.3281,214.0249,6.254504875687603,22.51621755247537,-1.3922999999999917,-6.2891999999999975,4.993,3.7668,6.254504875687603,6.4414700131258815,0,02_14_83_2925_ego_83,1,2925,2920,2925,vehicle_vehicle,0.6054704788808625,0.02497140639653817,3.4476720368861087,3.4512454853284553,15.0,3.0,3.5,0.8,6.2876916272985275,22.6356898582747
2,76,2902,301,61.2894,-46.8041,265.0334,2.067,4.304,-0.1689,-6.7398,2.1811,-0.3782,6.7291,-0.4152,0.188,-2.2057,car,83,71.5059,-31.6292,-4.993,-3.7668,6.2459,-0.3281,214.0249,6.254504875687603,22.51621755247537,-10.216499999999996,-15.174899999999997,4.8241000000000005,-2.973,5.666627728199551,18.293563410664415,0,02_14_83_2925_ego_83,0,2925,2920,2925,vehicle_vehicle,0.6054704788808625,0.02497140639653817,3.4476720368861087,3.4512454853284553,15.0,3.0,3.5,0.8,6.2876916272985275,22.6356898582747
2,79,2902,191,51.9053,-46.1673,335.7505,2.301,5.8366,-0.0036,0.0051,-0.0351,-0.0219,-0.0054,-0.0032,-0.023,0.0344,van,83,71.5059,-31.6292,-4.993,-3.7668,6.2459,-0.3281,214.0249,6.254504875687603,22.51621755247537,-19.6006,-14.538099999999996,4.989400000000001,3.7719,6.2547055861966845,24.403685622667734,0,02_14_83_2925_ego_83,0,2925,2920,2925,vehicle_vehicle,0.6054704788808625,0.02497140639653817,3.4476720368861087,3.4512454853284553,15.0,3.0,3.5,0.8,6.2876916272985275,22.6356898582747
2,82,2902,167,62.2736,-36.8594,240.0063,2.1699,4.6403,-3.0017,-5.7529,1.733,-0.7195,6.483,-0.2762,-0.2432,-1.8606,car,83,71.5059,-31.6292,-4.993,-3.7668,6.2459,-0.3281,214.0249,6.254504875687603,22.51621755247537,-9.232299999999995,-5.2302,1.9913000000000003,-1.9861000000000004,2.812448915091615,10.61086025400391,0,02_14_83_2925_ego_83,0,2925,2920,2925,vehicle_vehicle,0.6054704788808625,0.02497140639653817,3.4476720368861087,3.4512454853284553,15.0,3.0,3.5,0.8,6.2876916272985275,22.6356898582747
2,83,2902,142,71.5059,-31.6292,214.0249,2.1172,4.5925,-4.993,-3.7668,1.0476,-1.6635,6.2459,-0.3281,0.0626,-1.9649,car,83,71.5059,-31.6292,-4.993,-3.7668,6.2459,-0.3281,214.0249,6.254504875687603,22.51621755247537,0.0,0.0,0.0,0.0,0.0,0.0,1,02_14_83_2925_ego_83,1,2925,2920,2925,vehicle_vehicle,0.6054704788808625,0.02497140639653817,3.4476720368861087,3.4512454853284553,15.0,3.0,3.5,0.8,6.2876916272985275,22.6356898582747
2,86,2902,97,77.2352,-24.5951,202.7382,2.1226,4.8555,-4.3525,-1.8168,-0.4321,-0.6494,4.7164,0.0068,0.6495,-0.4319,car,83,71.5059,-31.6292,-4.993,-3.7668,6.2459,-0.3281,214.0249,6.254504875687603,22.51621755247537,5.729300000000009,7.034100000000002,0.6405000000000003,1.95,2.0524961023105504,9.072124409420327,0,02_14_83_2925_ego_83,0,2925,2920,2925,vehicle_vehicle,0.6054704788808625,0.02497140639653817,3.4476720368861087,3.4512454853284553,15.0,3.0,3.5,0.8,6.2876916272985275,22.6356898582747
2,14,2903,2903,70.1136,-37.9184,229.0992,2.5807,6.6415,-0.0,0.0,0.0,-0.0,0.0,0.0,-0.0,-0.0,truck,83,71.3066,-31.7815,-4.9504,-3.8356,6.254,-0.3247,214.7969,6.262450600204364,22.54482216073571,-1.1929999999999978,-6.136899999999997,4.9504,3.8356,6.262450600204364,6.2517829944744525,0,02_14_83_2925_ego_83,1,2925,2920,2925,vehicle_vehicle,0.6054704788808625,0.02497140639653817,3.4476720368861087,3.4512454853284553,15.0,3.0,3.5,0.8,6.2876916272985275,22.6356898582747
2,76,2903,302,61.2846,-47.0742,265.7573,2.067,4.304,-0.0812,-6.7566,2.1846,-0.334,6.7441,-0.4189,0.1715,-2.2033,car,83,71.3066,-31.7815,-4.9504,-3.8356,6.254,-0.3247,214.7969,6.262450600204364,22.54482216073571,-10.022000000000006,-15.292699999999996,4.8692,-2.921,5.678146672991109,18.28406840093309,0,02_14_83_2925_ego_83,0,2925,2920,2925,vehicle_vehicle,0.6054704788808625,0.02497140639653817,3.4476720368861087,3.4512454853284553,15.0,3.0,3.5,0.8,6.2876916272985275,22.6356898582747
2,79,2903,192,51.9051,-46.1677,335.7449,2.301,5.8366,-0.0058,0.0035,-0.0354,-0.0217,-0.0068,-0.0008,-0.0234,0.0344,van,83,71.3066,-31.7815,-4.9504,-3.8356,6.254,-0.3247,214.7969,6.262450600204364,22.54482216073571,-19.401500000000006,-14.386200000000002,4.9446,3.8390999999999997,6.260012617399425,24.153280371204247,0,02_14_83_2925_ego_83,0,2925,2920,2925,vehicle_vehicle,0.6054704788808625,0.02497140639653817,3.4476720368861087,3.4512454853284553,15.0,3.0,3.5,0.8,6.2876916272985275,22.6356898582747
2,82,2903,168,62.1533,-37.0892,240.668,2.1699,4.6403,-2.9327,-5.7806,1.7529,-0.7125,6.4761,-0.2751,-0.2376,-1.8772,car,83,71.3066,-31.7815,-4.9504,-3.8356,6.254,-0.3247,214.7969,6.262450600204364,22.54482216073571,-9.153300000000002,-5.307699999999997,2.0177,-1.9449999999999998,2.802523557438902,10.58085914186556,0,02_14_83_2925_ego_83,0,2925,2920,2925,vehicle_vehicle,0.6054704788808625,0.02497140639653817,3.4476720368861087,3.4512454853284553,15.0,3.0,3.5,0.8,6.2876916272985275,22.6356898582747
2,83,2903,143,71.3066,-31.7815,214.7969,2.1172,4.5925,-4.9504,-3.8356,1.0776,-1.6451,6.254,-0.3247,0.0539,-1.9659,car,83,71.3066,-31.7815,-4.9504,-3.8356,6.254,-0.3247,214.7969,6.262450600204364,22.54482216073571,0.0,0.0,0.0,0.0,0.0,0.0,1,02_14_83_2925_ego_83,1,2925,2920,2925,vehicle_vehicle,0.6054704788808625,0.02497140639653817,3.4476720368861087,3.4512454853284553,15.0,3.0,3.5,0.8,6.2876916272985275,22.6356898582747
2,86,2903,98,77.0615,-24.6679,202.8206,2.1226,4.8555,-4.3713,-1.8428,-0.4435,-0.7085,4.7438,-0.0031,0.6835,-0.481,car,83,71.3066,-31.7815,-4.9504,-3.8356,6.254,-0.3247,214.7969,6.262450600204364,22.54482216073571,5.754899999999992,7.113600000000002,0.5791000000000004,1.9928,2.0752370105604805,9.14998245736023,0,02_14_83_2925_ego_83,0,2925,2920,2925,vehicle_vehicle,0.6054704788808625,0.02497140639653817,3.4476720368861087,3.4512454853284553,15.0,3.0,3.5,0.8,6.2876916272985275,22.6356898582747
2,14,2904,2904,70.1136,-37.9184,229.0992,2.5807,6.6415,-0.0,0.0,0.0,-0.0,0.0,0.0,-0.0,-0.0,truck,83,71.1091,-31.9365,-4.9064,-3.9035,6.2615,-0.3218,215.5636,6.269774574097541,22.57118846675115,-0.9954999999999927,-5.9818999999999996,4.9064,3.9035,6.269774574097541,6.0641691813471015,0,02_14_83_2925_ego_83,1,2925,2920,2925,vehicle_vehicle,0.6054704788808625,0.02497140639653817,3.4476720368861087,3.4512454853284553,15.0,3.0,3.5,0.8,6.2876916272985275,22.6356898582747
2,76,2904,303,61.2827,-47.3455,266.5066,2.067,4.304,0.0068,-6.7713,2.1875,-0.2883,6.7583,-0.4194,0.1545,-2.201,car,83,71.1091,-31.9365,-4.9064,-3.9035,6.2615,-0.3218,215.5636,6.269774574097541,22.57118846675115,-9.8264,-15.409000000000002,4.9132,-2.8678,5.688920027562349,18.275541523030174,0,02_14_83_2925_ego_83,0,2925,2920,2925,vehicle_vehicle,0.6054704788808625,0.02497140639653817,3.4476720368861087,3.4512454853284553,15.0,3.0,3.5,0.8,6.2876916272985275,22.6356898582747
2,79,2904,193,51.9045,-46.1685,335.7379,2.301,5.8366,-0.008,0.0023,-0.0349,-0.021,-0.0082,0.0012,-0.0232,0.0335,van,83,71.1091,-31.9365,-4.9064,-3.9035,6.2615,-0.3218,215.5636,6.269774574097541,22.57118846675115,-19.2046,-14.232000000000003,4.8984,3.9058,6.264949816239552,23.903273523933915,0,02_14_83_2925_ego_83,0,2925,2920,2925,vehicle_vehicle,0.6054704788808625,0.02497140639653817,3.4476720368861087,3.4512454853284553,15.0,3.0,3.5,0.8,6.2876916272985275,22.6356898582747
2,82,2904,169,62.0356,-37.3201,241.3412,2.1699,4.6403,-2.8622,-5.8084,1.7727,-0.7063,6.4695,-0.2742,-0.2304,-1.8943,car,83,71.1091,-31.9365,-4.9064,-3.9035,6.2615,-0.3218,215.5636,6.269774574097541,22.57118846675115,-9.073499999999996,-5.383599999999998,2.0441999999999996,-1.9048999999999996,2.79417208668328,10.550428958577935,0,02_14_83_2925_ego_83,0,2925,2920,2925,vehicle_vehicle,0.6054704788808625,0.02497140639653817,3.4476720368861087,3.4512454853284553,15.0,3.0,3.5,0.8,6.2876916272985275,22.6356898582747
2,83,2904,144,71.1091,-31.9365,215.5636,2.1172,4.5925,-4.9064,-3.9035,1.1069,-1.6246,6.2615,-0.3218,0.0445,-1.9653,car,83,71.1091,-31.9365,-4.9064,-3.9035,6.2615,-0.3218,215.5636,6.269774574097541,22.57118846675115,0.0,0.0,0.0,0.0,0.0,0.0,1,02_14_83_2925_ego_83,1,2925,2920,2925,vehicle_vehicle,0.6054704788808625,0.02497140639653817,3.4476720368861087,3.4512454853284553,15.0,3.0,3.5,0.8,6.2876916272985275,22.6356898582747
2,86,2904,99,76.8872,-24.7419,202.9243,2.1226,4.8555,-4.3909,-1.8713,-0.4532,-0.7674,4.773,-0.0132,0.7163,-0.5303,car,83,71.1091,-31.9365,-4.9064,-3.9035,6.2615,-0.3218,215.5636,6.269774574097541,22.57118846675115,5.778100000000009,7.194599999999998,0.5154999999999994,2.0322000000000005,2.096563161462111,9.227605798363955,0,02_14_83_2925_ego_83,0,2925,2920,2925,vehicle_vehicle,0.6054704788808625,0.02497140639653817,3.4476720368861087,3.4512454853284553,15.0,3.0,3.5,0.8,6.2876916272985275,22.6356898582747
2,14,2905,2905,70.1136,-37.9184,229.0992,2.5807,6.6415,-0.0,0.0,0.0,-0.0,0.0,0.0,-0.0,-0.0,truck,83,70.9133,-32.0944,-4.8611,-3.9705,6.2684,-0.3187,216.3311,6.276556656320407,22.595603962753465,-0.7997000000000014,-5.823999999999998,4.8611,3.9705,6.276556656320407,5.878647471145041,0,02_14_83_2925_ego_83,1,2925,2920,2925,vehicle_vehicle,0.6054704788808625,0.02497140639653817,3.4476720368861087,3.4512454853284553,15.0,3.0,3.5,0.8,6.2876916272985275,22.6356898582747
2,76,2905,304,61.2846,-47.6173,267.2744,2.067,4.304,0.0949,-6.7839,2.1898,-0.2414,6.7717,-0.4174,0.137,-2.1988,car,83,70.9133,-32.0944,-4.8611,-3.9705,6.2684,-0.3187,216.3311,6.276556656320407,22.595603962753465,-9.62870000000001,-15.5229,4.956,-2.8134,5.698873183358268,18.26669888348741,0,02_14_83_2925_ego_83,0,2925,2920,2925,vehicle_vehicle,0.6054704788808625,0.02497140639653817,3.4476720368861087,3.4512454853284553,15.0,3.0,3.5,0.8,6.2876916272985275,22.6356898582747
2,79,2905,194,51.904,-46.1692,335.7261,2.301,5.8366,-0.01,0.0015,-0.0337,-0.02,-0.0097,0.0028,-0.0225,0.0321,van,83,70.9133,-32.0944,-4.8611,-3.9705,6.2684,-0.3187,216.3311,6.276556656320407,22.595603962753465,-19.009300000000003,-14.074799999999996,4.851100000000001,3.972,6.269765163863795,23.652769003438056,0,02_14_83_2925_ego_83,0,2925,2920,2925,vehicle_vehicle,0.6054704788808625,0.02497140639653817,3.4476720368861087,3.4512454853284553,15.0,3.0,3.5,0.8,6.2876916272985275,22.6356898582747
2,82,2905,170,61.9214,-37.5525,242.0166,2.1699,4.6403,-2.7904,-5.8362,1.7919,-0.7007,6.4632,-0.2743,-0.222,-1.9112,car,83,70.9133,-32.0944,-4.8611,-3.9705,6.2684,-0.3187,216.3311,6.276556656320407,22.595603962753465,-8.991900000000008,-5.458100000000002,2.0707000000000004,-1.8657,2.7872271131000432,10.518798468456374,0,02_14_83_2925_ego_83,0,2925,2920,2925,vehicle_vehicle,0.6054704788808625,0.02497140639653817,3.4476720368861087,3.4512454853284553,15.0,3.0,3.5,0.8,6.2876916272985275,22.6356898582747
2,83,2905,145,70.9133,-32.0944,216.3311,2.1172,4.5925,-4.8611,-3.9705,1.1352,-1.602,6.2684,-0.3187,0.0346,-1.9631,car,83,70.9133,-32.0944,-4.8611,-3.9705,6.2684,-0.3187,216.3311,6.276556656320407,22.595603962753465,0.0,0.0,0.0,0.0,0.0,0.0,1,02_14_83_2925_ego_83,1,2925,2920,2925,vehicle_vehicle,0.6054704788808625,0.02497140639653817,3.4476720368861087,3.4512454853284553,15.0,3.0,3.5,0.8,6.2876916272985275,22.6356898582747
2,86,2905,100,76.7118,-24.8168,203.0537,2.1226,4.8555,-4.4111,-1.9023,-0.4609,-0.8262,4.8038,-0.023,0.7476,-0.5797,car,83,70.9133,-32.0944,-4.8611,-3.9705,6.2684,-0.3187,216.3311,6.276556656320407,22.595603962753465,5.79849999999999,7.2776,0.4500000000000002,2.0682,2.116589530353016,9.305163298405885,0,02_14_83_2925_ego_83,0,2925,2920,2925,vehicle_vehicle,0.6054704788808625,0.02497140639653817,3.4476720368861087,3.4512454853284553,15.0,3.0,3.5,0.8,6.2876916272985275,22.6356898582747
2,14,2906,2906,70.1136,-37.9184,229.0992,2.5807,6.6415,-0.0,0.0,0.0,-0.0,-0.0,0.0,-0.0,-0.0,truck,83,70.7195,-32.2551,-4.8145,-4.0363,6.2746,-0.3169,217.0837,6.282605187340678,22.617378674426444,-0.6058999999999912,-5.6633,4.8145,4.0363,6.282605187340678,5.695619518542297,0,02_14_83_2925_ego_83,1,2925,2920,2925,vehicle_vehicle,0.6054704788808625,0.02497140639653817,3.4476720368861087,3.4512454853284553,15.0,3.0,3.5,0.8,6.2876916272985275,22.6356898582747
2,76,2906,305,61.2898,-47.8894,268.0646,2.067,4.304,0.1833,-6.7944,2.1913,-0.1936,6.7844,-0.4126,0.1194,-2.1966,car,83,70.7195,-32.2551,-4.8145,-4.0363,6.2746,-0.3169,217.0837,6.282605187340678,22.617378674426444,-9.429699999999997,-15.634300000000003,4.9978,-2.7581000000000007,5.708337800971488,18.257890857927705,0,02_14_83_2925_ego_83,0,2925,2920,2925,vehicle_vehicle,0.6054704788808625,0.02497140639653817,3.4476720368861087,3.4512454853284553,15.0,3.0,3.5,0.8,6.2876916272985275,22.6356898582747
2,79,2906,195,51.9033,-46.1696,335.7149,2.301,5.8366,-0.0119,0.0008,-0.0319,-0.0192,-0.0112,0.0042,-0.0212,0.0306,van,83,70.7195,-32.2551,-4.8145,-4.0363,6.2746,-0.3169,217.0837,6.282605187340678,22.617378674426444,-18.816199999999995,-13.914500000000004,4.8026,4.0371,6.274005353042027,23.40219418537501,0,02_14_83_2925_ego_83,0,2925,2920,2925,vehicle_vehicle,0.6054704788808625,0.02497140639653817,3.4476720368861087,3.4512454853284553,15.0,3.0,3.5,0.8,6.2876916272985275,22.6356898582747
2,82,2906,171,61.8102,-37.7861,242.7074,2.1699,4.6403,-2.7174,-5.8639,1.81,-0.6955,6.4572,-0.2739,-0.2118,-1.9274,car,83,70.7195,-32.2551,-4.8145,-4.0363,6.2746,-0.3169,217.0837,6.282605187340678,22.617378674426444,-8.909299999999995,-5.530999999999999,2.0970999999999997,-1.8276000000000003,2.7817171261650597,10.48654316207204,0,02_14_83_2925_ego_83,0,2925,2920,2925,vehicle_vehicle,0.6054704788808625,0.02497140639653817,3.4476720368861087,3.4512454853284553,15.0,3.0,3.5,0.8,6.2876916272985275,22.6356898582747
2,83,2906,146,70.7195,-32.2551,217.0837,2.1172,4.5925,-4.8145,-4.0363,1.1624,-1.5775,6.2746,-0.3169,0.0239,-1.9594,car,83,70.7195,-32.2551,-4.8145,-4.0363,6.2746,-0.3169,217.0837,6.282605187340678,22.617378674426444,0.0,0.0,0.0,0.0,0.0,0.0,1,02_14_83_2925_ego_83,1,2925,2920,2925,vehicle_vehicle,0.6054704788808625,0.02497140639653817,3.4476720368861087,3.4512454853284553,15.0,3.0,3.5,0.8,6.2876916272985275,22.6356898582747
2,86,2906,101,76.5354,-24.8929,203.1967,2.1226,4.8555,-4.4319,-1.936,-0.4664,-0.8844,4.8361,-0.0338,0.777,-0.6292,car,83,70.7195,-32.2551,-4.8145,-4.0363,6.2746,-0.3169,217.0837,6.282605187340678,22.617378674426444,5.815899999999999,7.362199999999998,0.38260000000000005,2.1003,2.134863660752133,9.382253548588418,0,02_14_83_2925_ego_83,0,2925,2920,2925,vehicle_vehicle,0.6054704788808625,0.02497140639653817,3.4476720368861087,3.4512454853284553,15.0,3.0,3.5,0.8,6.2876916272985275,22.6356898582747
2,14,2907,2907,70.1136,-37.9184,229.0992,2.5807,6.6415,0.0,0.0,0.0,-0.0,-0.0,0.0,-0.0,-0.0,truck,83,70.5282,-32.4187,-4.767,-4.1007,6.2803,-0.3148,217.8331,6.288086313815993,22.637110729737575,-0.414599999999993,-5.499699999999997,4.767,4.1007,6.288086313815993,5.5153053632595865,0,02_14_83_2925_ego_83,1,2925,2920,2925,vehicle_vehicle,0.6054704788808625,0.02497140639653817,3.4476720368861087,3.4512454853284553,15.0,3.0,3.5,0.8,6.2876916272985275,22.6356898582747
2,76,2907,306,61.2986,-48.1618,268.8452,2.067,4.304,0.2718,-6.8028,2.1921,-0.145,6.796,-0.4089,0.1007,-2.1946,car,83,70.5282,-32.4187,-4.767,-4.1007,6.2803,-0.3148,217.8331,6.288086313815993,22.637110729737575,-9.229599999999998,-15.743099999999998,5.0388,-2.7021000000000006,5.7175912629358185,18.249129123604774,0,02_14_83_2925_ego_83,0,2925,2920,2925,vehicle_vehicle,0.6054704788808625,0.02497140639653817,3.4476720368861087,3.4512454853284553,15.0,3.0,3.5,0.8,6.2876916272985275,22.6356898582747
2,79,2907,196,51.9026,-46.1693,335.704,2.301,5.8366,-0.0137,0.0001,-0.0297,-0.0184,-0.0125,0.0056,-0.0195,0.0289,van,83,70.5282,-32.4187,-4.767,-4.1007,6.2803,-0.3148,217.8331,6.288086313815993,22.637110729737575,-18.6256,-13.750599999999999,4.7533,4.1008,6.277772019594212,23.151500506878598,0,02_14_83_2925_ego_83,0,2925,2920,2925,vehicle_vehicle,0.6054704788808625,0.02497140639653817,3.4476720368861087,3.4512454853284553,15.0,3.0,3.5,0.8,6.2876916272985275,22.6356898582747
2,82,2907,172,61.7019,-38.0208,243.4006,2.1699,4.6403,-2.6434,-5.8916,1.8266,-0.6906,6.4516,-0.2744,-0.2004,-1.9425,car,83,70.5282,-32.4187,-4.767,-4.1007,6.2803,-0.3148,217.8331,6.288086313815993,22.637110729737575,-8.826299999999996,-5.6021,2.1236,-1.7909000000000006,2.7779488422215417,10.45404687668847,0,02_14_83_2925_ego_83,0,2925,2920,2925,vehicle_vehicle,0.6054704788808625,0.02497140639653817,3.4476720368861087,3.4512454853284553,15.0,3.0,3.5,0.8,6.2876916272985275,22.6356898582747
2,83,2907,147,70.5282,-32.4187,217.8331,2.1172,4.5925,-4.767,-4.1007,1.1885,-1.5515,6.2803,-0.3148,0.0129,-1.9544,car,83,70.5282,-32.4187,-4.767,-4.1007,6.2803,-0.3148,217.8331,6.288086313815993,22.637110729737575,0.0,0.0,0.0,0.0,0.0,0.0,1,02_14_83_2925_ego_83,1,2925,2920,2925,vehicle_vehicle,0.6054704788808625,0.02497140639653817,3.4476720368861087,3.4512454853284553,15.0,3.0,3.5,0.8,6.2876916272985275,22.6356898582747
2,86,2907,102,76.3582,-24.9704,203.3613,2.1226,4.8555,-4.453,-1.9722,-0.4695,-0.9419,4.87,-0.0448,0.8045,-0.6785,car,83,70.5282,-32.4187,-4.767,-4.1007,6.2803,-0.3148,217.8331,6.288086313815993,22.637110729737575,5.829999999999998,7.4483,0.31400000000000006,2.1285,2.1515362534709936,9.458650690769797,0,02_14_83_2925_ego_83,0,2925,2920,2925,vehicle_vehicle,0.6054704788808625,0.02497140639653817,3.4476720368861087,3.4512454853284553,15.0,3.0,3.5,0.8,6.2876916272985275,22.6356898582747
2,14,2908,2908,70.1136,-37.9184,229.0992,2.5807,6.6415,0.0,-0.0,0.0,-0.0,-0.0,-0.0,-0.0,-0.0,truck,83,70.3392,-32.585,-4.7188,-4.1638,6.2853,-0.3136,218.568,6.293195045443928,22.65550216359814,-0.22560000000000002,-5.3333999999999975,4.7188,4.1638,6.293195045443928,5.338169247972564,0,02_14_83_2925_ego_83,1,2925,2920,2925,vehicle_vehicle,0.6054704788808625,0.02497140639653817,3.4476720368861087,3.4512454853284553,15.0,3.0,3.5,0.8,6.2876916272985275,22.6356898582747
2,76,2908,307,61.3109,-48.4349,269.6284,2.067,4.304,0.3605,-6.809,2.1919,-0.0958,6.8065,-0.4047,0.0816,-2.1924,car,83,70.3392,-32.585,-4.7188,-4.1638,6.2853,-0.3136,218.568,6.293195045443928,22.65550216359814,-9.028300000000009,-15.849899999999998,5.0793,-2.6452,5.726811637377294,18.240875277793005,0,02_14_83_2925_ego_83,0,2925,2920,2925,vehicle_vehicle,0.6054704788808625,0.02497140639653817,3.4476720368861087,3.4512454853284553,15.0,3.0,3.5,0.8,6.2876916272985275,22.6356898582747
2,79,2908,197,51.9016,-46.1688,335.6958,2.301,5.8366,-0.0151,-0.0008,-0.027,-0.0175,-0.0134,0.007,-0.0174,0.0271,van,83,70.3392,-32.585,-4.7188,-4.1638,6.2853,-0.3136,218.568,6.293195045443928,22.65550216359814,-18.437600000000003,-13.583799999999997,4.7036999999999995,4.163,6.281350387456507,22.901194645694797,0,02_14_83_2925_ego_83,0,2925,2920,2925,vehicle_vehicle,0.6054704788808625,0.02497140639653817,3.4476720368861087,3.4512454853284553,15.0,3.0,3.5,0.8,6.2876916272985275,22.6356898582747
2,82,2908,173,61.5965,-38.2565,244.0985,2.1699,4.6403,-2.5682,-5.9192,1.8414,-0.6857,6.4465,-0.2755,-0.1875,-1.9559,car,83,70.3392,-32.585,-4.7188,-4.1638,6.2853,-0.3136,218.568,6.293195045443928,22.65550216359814,-8.742700000000006,-5.671500000000002,2.1506,-1.7553999999999998,2.7760600713961505,10.421166707235813,0,02_14_83_2925_ego_83,0,2925,2920,2925,vehicle_vehicle,0.6054704788808625,0.02497140639653817,3.4476720368861087,3.4512454853284553,15.0,3.0,3.5,0.8,6.2876916272985275,22.6356898582747
2,83,2908,148,70.3392,-32.585,218.568,2.1172,4.5925,-4.7188,-4.1638,1.2138,-1.5243,6.2853,-0.3136,0.0013,-1.9486,car,83,70.3392,-32.585,-4.7188,-4.1638,6.2853,-0.3136,218.568,6.293195045443928,22.65550216359814,0.0,0.0,0.0,0.0,0.0,0.0,1,02_14_83_2925_ego_83,1,2925,2920,2925,vehicle_vehicle,0.6054704788808625,0.02497140639653817,3.4476720368861087,3.4512454853284553,15.0,3.0,3.5,0.8,6.2876916272985275,22.6356898582747
2,86,2908,103,76.1802,-25.0495,203.5484,2.1226,4.8555,-4.4744,-2.011,-0.4701,-0.9984,4.9052,-0.0559,0.8299,-0.7274,car,83,70.3392,-32.585,-4.7188,-4.1638,6.2853,-0.3136,218.568,6.293195045443928,22.65550216359814,5.840999999999994,7.5355000000000025,0.24439999999999973,2.1528,2.166628532997754,9.534203755427086,0,02_14_83_2925_ego_83,0,2925,2920,2925,vehicle_vehicle,0.6054704788808625,0.02497140639653817,3.4476720368861087,3.4512454853284553,15.0,3.0,3.5,0.8,6.2876916272985275,22.6356898582747
2,14,2909,2909,70.1136,-37.9184,229.0992,2.5807,6.6415,0.0,-0.0,0.0,-0.0,-0.0,-0.0,-0.0,-0.0,truck,83,70.1522,-32.7533,-4.6699,-4.2255,6.2901,-0.3109,219.3103,6.29784219078249,22.672231886816967,-0.0385999999999882,-5.165099999999995,4.6699,4.2255,6.29784219078249,5.165244231398932,0,02_14_83_2925_ego_83,1,2925,2920,2925,vehicle_vehicle,0.6054704788808625,0.02497140639653817,3.4476720368861087,3.4512454853284553,15.0,3.0,3.5,0.8,6.2876916272985275,22.6356898582747
2,76,2909,308,61.327,-48.7083,270.4092,2.067,4.304,0.4492,-6.8127,2.1906,-0.0466,6.8158,-0.4006,0.0622,-2.1902,car,83,70.1522,-32.7533,-4.6699,-4.2255,6.2901,-0.3109,219.3103,6.29784219078249,22.672231886816967,-8.825199999999995,-15.954999999999998,5.1191,-2.5872,5.735746564310526,18.233106702918178,0,02_14_83_2925_ego_83,0,2925,2920,2925,vehicle_vehicle,0.6054704788808625,0.02497140639653817,3.4476720368861087,3.4512454853284553,15.0,3.0,3.5,0.8,6.2876916272985275,22.6356898582747
2,79,2909,198,51.9005,-46.1677,335.7001,2.301,5.8366,-0.0163,-0.0022,-0.0241,-0.0162,-0.014,0.0087,-0.0153,0.0247,van,83,70.1522,-32.7533,-4.6699,-4.2255,6.2901,-0.3109,219.3103,6.29784219078249,22.672231886816967,-18.251699999999992,-13.4144,4.6536,4.2233,6.2842864232942155,22.651063556707438,0,02_14_83_2925_ego_83,0,2925,2920,2925,vehicle_vehicle,0.6054704788808625,0.02497140639653817,3.4476720368861087,3.4512454853284553,15.0,3.0,3.5,0.8,6.2876916272985275,22.6356898582747
2,82,2909,174,61.495,-38.4938,244.7818,2.1699,4.6403,-2.4923,-5.9467,1.8539,-0.6808,6.4418,-0.2789,-0.174,-1.9673,car,83,70.1522,-32.7533,-4.6699,-4.2255,6.2901,-0.3109,219.3103,6.29784219078249,22.672231886816967,-8.657199999999996,-5.740499999999997,2.1776,-1.7211999999999996,2.775692922497011,10.387514240182773,0,02_14_83_2925_ego_83,0,2925,2920,2925,vehicle_vehicle,0.6054704788808625,0.02497140639653817,3.4476720368861087,3.4512454853284553,15.0,3.0,3.5,0.8,6.2876916272985275,22.6356898582747
2,83,2909,149,70.1522,-32.7533,219.3103,2.1172,4.5925,-4.6699,-4.2255,1.2386,-1.4963,6.2901,-0.3109,-0.0104,-1.9424,car,83,70.1522,-32.7533,-4.6699,-4.2255,6.2901,-0.3109,219.3103,6.29784219078249,22.672231886816967,0.0,0.0,0.0,0.0,0.0,0.0,1,02_14_83_2925_ego_83,1,2925,2920,2925,vehicle_vehicle,0.6054704788808625,0.02497140639653817,3.4476720368861087,3.4512454853284553,15.0,3.0,3.5,0.8,6.2876916272985275,22.6356898582747
2,86,2909,104,76.0005,-25.1299,203.7575,2.1226,4.8555,-4.4957,-2.0524,-0.4682,-1.0536,4.9416,-0.0673,0.853,-0.7757,car,83,70.1522,-32.7533,-4.6699,-4.2255,6.2901,-0.3109,219.3103,6.29784219078249,22.672231886816967,5.848300000000009,7.623400000000004,0.1741999999999999,2.1731000000000003,2.180070927745242,9.608269378509334,0,02_14_83_2925_ego_83,0,2925,2920,2925,vehicle_vehicle,0.6054704788808625,0.02497140639653817,3.4476720368861087,3.4512454853284553,15.0,3.0,3.5,0.8,6.2876916272985275,22.6356898582747
2,14,2910,2910,70.1136,-37.9184,229.0992,2.5807,6.6415,0.0,-0.0,0.0,-0.0,-0.0,-0.0,-0.0,-0.0,truck,83,69.9674,-32.9238,-4.6203,-4.286,6.2946,-0.3079,220.049,6.302139961156052,22.687703860161786,0.14620000000000744,-4.994599999999998,4.6203,4.286,6.302139961156052,4.996739296781451,0,02_14_83_2925_ego_83,1,2925,2920,2925,vehicle_vehicle,0.6054704788808625,0.02497140639653817,3.4476720368861087,3.4512454853284553,15.0,3.0,3.5,0.8,6.2876916272985275,22.6356898582747
2,76,2910,309,61.3469,-48.9814,271.1962,2.067,4.304,0.5379,-6.8143,2.1884,0.0025,6.8241,-0.3955,0.0432,-2.1879,car,83,69.9674,-32.9238,-4.6203,-4.286,6.2946,-0.3079,220.049,6.302139961156052,22.687703860161786,-8.6205,-16.0576,5.158200000000001,-2.5283000000000007,5.74450416746302,18.225244525382916,0,02_14_83_2925_ego_83,0,2925,2920,2925,vehicle_vehicle,0.6054704788808625,0.02497140639653817,3.4476720368861087,3.4512454853284553,15.0,3.0,3.5,0.8,6.2876916272985275,22.6356898582747
2,79,2910,199,51.8991,-46.1666,335.7071,2.301,5.8366,-0.0171,-0.004,-0.0213,-0.0141,-0.0139,0.0106,-0.0136,0.0216,van,83,69.9674,-32.9238,-4.6203,-4.286,6.2946,-0.3079,220.049,6.302139961156052,22.687703860161786,-18.0683,-13.242800000000003,4.6032,4.282,6.286889074892287,22.4016788819499,0,02_14_83_2925_ego_83,0,2925,2920,2925,vehicle_vehicle,0.6054704788808625,0.02497140639653817,3.4476720368861087,3.4512454853284553,15.0,3.0,3.5,0.8,6.2876916272985275,22.6356898582747
2,82,2910,175,61.396,-38.7317,245.4776,2.1699,4.6403,-2.4156,-5.9742,1.8641,-0.6757,6.4379,-0.2819,-0.159,-1.9764,car,83,69.9674,-32.9238,-4.6203,-4.286,6.2946,-0.3079,220.049,6.302139961156052,22.687703860161786,-8.571399999999997,-5.8078999999999965,2.2047000000000003,-1.6882000000000001,2.776818562672038,10.353772277291013,0,02_14_83_2925_ego_83,0,2925,2920,2925,vehicle_vehicle,0.6054704788808625,0.02497140639653817,3.4476720368861087,3.4512454853284553,15.0,3.0,3.5,0.8,6.2876916272985275,22.6356898582747
2,83,2910,150,69.9674,-32.9238,220.049,2.1172,4.5925,-4.6203,-4.286,1.2632,-1.4676,6.2946,-0.3079,-0.0226,-1.9362,car,83,69.9674,-32.9238,-4.6203,-4.286,6.2946,-0.3079,220.049,6.302139961156052,22.687703860161786,0.0,0.0,0.0,0.0,0.0,0.0,1,02_14_83_2925_ego_83,1,2925,2920,2925,vehicle_vehicle,0.6054704788808625,0.02497140639653817,3.4476720368861087,3.4512454853284553,15.0,3.0,3.5,0.8,6.2876916272985275,22.6356898582747
2,86,2910,105,75.8203,-25.2125,203.9799,2.1226,4.8555,-4.517,-2.0961,-0.4637,-1.1074,4.979,-0.0794,0.8737,-0.8233,car,83,69.9674,-32.9238,-4.6203,-4.286,6.2946,-0.3079,220.049,6.302139961156052,22.687703860161786,5.852900000000005,7.711300000000001,0.10329999999999995,2.1898999999999997,2.19233503370265,9.680939319095026,0,02_14_83_2925_ego_83,0,2925,2920,2925,vehicle_vehicle,0.6054704788808625,0.02497140639653817,3.4476720368861087,3.4512454853284553,15.0,3.0,3.5,0.8,6.2876916272985275,22.6356898582747
2,14,2911,2911,70.1136,-37.9184,229.0992,2.5807,6.6415,0.0,-0.0,0.0,-0.0,-0.0,-0.0,-0.0,-0.0,truck,83,69.7845,-33.0968,-4.5702,-4.3452,6.2987,-0.3048,220.7834,6.306147086771763,22.70212951237835,0.32910000000001105,-4.8215999999999966,4.5702,4.3452,6.306147086771763,4.832818367164234,0,02_14_83_2925_ego_83,1,2925,2920,2925,vehicle_vehicle,0.6054704788808625,0.02497140639653817,3.4476720368861087,3.4512454853284553,15.0,3.0,3.5,0.8,6.2876916272985275,22.6356898582747
2,76,2911,310,61.3697,-49.2541,271.9741,2.067,4.304,0.6266,-6.8139,2.185,0.0512,6.8314,-0.3915,0.0241,-2.1855,car,83,69.7845,-33.0968,-4.5702,-4.3452,6.2987,-0.3048,220.7834,6.306147086771763,22.70212951237835,-8.414799999999993,-16.1573,5.1968,-2.4687,5.753365096185014,18.217222684317164,0,02_14_83_2925_ego_83,0,2925,2920,2925,vehicle_vehicle,0.6054704788808625,0.02497140639653817,3.4476720368861087,3.4512454853284553,15.0,3.0,3.5,0.8,6.2876916272985275,22.6356898582747
2,79,2911,200,51.8979,-46.1662,335.7114,2.301,5.8366,-0.0175,-0.0059,-0.0188,-0.0107,-0.0136,0.0126,-0.0128,0.0175,van,83,69.7845,-33.0968,-4.5702,-4.3452,6.2987,-0.3048,220.7834,6.306147086771763,22.70212951237835,-17.886599999999994,-13.069400000000002,4.5527,4.339300000000001,6.289403928831412,22.152644896716055,0,02_14_83_2925_ego_83,0,2925,2920,2925,vehicle_vehicle,0.6054704788808625,0.02497140639653817,3.4476720368861087,3.4512454853284553,15.0,3.0,3.5,0.8,6.2876916272985275,22.6356898582747
2,82,2911,176,61.3009,-38.9709,246.1608,2.1699,4.6403,-2.3385,-6.0016,1.8717,-0.6702,6.4347,-0.2867,-0.1434,-1.9829,car,83,69.7845,-33.0968,-4.5702,-4.3452,6.2987,-0.3048,220.7834,6.306147086771763,22.70212951237835,-8.483599999999996,-5.8740999999999985,2.2317,-1.6563999999999997,2.779234759785506,10.318746036704262,0,02_14_83_2925_ego_83,0,2925,2920,2925,vehicle_vehicle,0.6054704788808625,0.02497140639653817,3.4476720368861087,3.4512454853284553,15.0,3.0,3.5,0.8,6.2876916272985275,22.6356898582747
2,83,2911,151,69.7845,-33.0968,220.7834,2.1172,4.5925,-4.5702,-4.3452,1.2879,-1.4383,6.2987,-0.3048,-0.0357,-1.9303,car,83,69.7845,-33.0968,-4.5702,-4.3452,6.2987,-0.3048,220.7834,6.306147086771763,22.70212951237835,0.0,0.0,0.0,0.0,0.0,0.0,1,02_14_83_2925_ego_83,1,2925,2920,2925,vehicle_vehicle,0.6054704788808625,0.02497140639653817,3.4476720368861087,3.4512454853284553,15.0,3.0,3.5,0.8,6.2876916272985275,22.6356898582747
2,86,2911,106,75.6393,-25.297,204.2291,2.1226,4.8555,-4.538,-2.142,-0.4567,-1.1595,5.0174,-0.091,0.8923,-0.8699,car,83,69.7845,-33.0968,-4.5702,-4.3452,6.2987,-0.3048,220.7834,6.306147086771763,22.70212951237835,5.8548000000000116,7.799800000000001,0.03219999999999956,2.2032000000000003,2.203435290631427,9.752720803960306,0,02_14_83_2925_ego_83,0,2925,2920,2925,vehicle_vehicle,0.6054704788808625,0.02497140639653817,3.4476720368861087,3.4512454853284553,15.0,3.0,3.5,0.8,6.2876916272985275,22.6356898582747
2,14,2912,2912,70.1136,-37.9184,229.0992,2.5807,6.6415,0.0,-0.0,0.0,-0.0,-0.0,-0.0,-0.0,-0.0,truck,83,69.6032,-33.2722,-4.5192,-4.403,6.3023,-0.301,221.5199,6.309483151574303,22.71413934566749,0.5104000000000042,-4.6462,4.5192,4.403,6.309483151574303,4.674150468266935,0,02_14_83_2925_ego_83,1,2925,2920,2925,vehicle_vehicle,0.6054704788808625,0.02497140639653817,3.4476720368861087,3.4512454853284553,15.0,3.0,3.5,0.8,6.2876916272985275,22.6356898582747
2,76,2912,311,61.3961,-49.5273,272.7716,2.067,4.304,0.7153,-6.8112,2.1804,0.0995,6.8378,-0.3851,0.006,-2.1827,car,83,69.6032,-33.2722,-4.5192,-4.403,6.3023,-0.301,221.5199,6.309483151574303,22.71413934566749,-8.207100000000004,-16.2551,5.2345,-2.408200000000001,5.761893568090268,18.20946914163068,0,02_14_83_2925_ego_83,0,2925,2920,2925,vehicle_vehicle,0.6054704788808625,0.02497140639653817,3.4476720368861087,3.4512454853284553,15.0,3.0,3.5,0.8,6.2876916272985275,22.6356898582747
2,79,2912,201,51.8971,-46.1666,335.7145,2.301,5.8366,-0.0179,-0.0076,-0.0167,-0.0059,-0.0132,0.0143,-0.0128,0.0123,van,83,69.6032,-33.2722,-4.5192,-4.403,6.3023,-0.301,221.5199,6.309483151574303,22.71413934566749,-17.7061,-12.894400000000005,4.5013,4.3953999999999995,6.2913625590964,21.903687556436704,0,02_14_83_2925_ego_83,0,2925,2920,2925,vehicle_vehicle,0.6054704788808625,0.02497140639653817,3.4476720368861087,3.4512454853284553,15.0,3.0,3.5,0.8,6.2876916272985275,22.6356898582747
2,82,2912,177,61.2089,-39.2113,246.8454,2.1699,4.6403,-2.2611,-6.0289,1.8768,-0.6644,6.4323,-0.2917,-0.1271,-1.9869,car,83,69.6032,-33.2722,-4.5192,-4.403,6.3023,-0.301,221.5199,6.309483151574303,22.71413934566749,-8.394300000000001,-5.939100000000003,2.2580999999999998,-1.6259000000000006,2.782546750730345,10.282858615190625,0,02_14_83_2925_ego_83,0,2925,2920,2925,vehicle_vehicle,0.6054704788808625,0.02497140639653817,3.4476720368861087,3.4512454853284553,15.0,3.0,3.5,0.8,6.2876916272985275,22.6356898582747
2,83,2912,152,69.6032,-33.2722,221.5199,2.1172,4.5925,-4.5192,-4.403,1.3131,-1.4087,6.3023,-0.301,-0.0494,-1.9251,car,83,69.6032,-33.2722,-4.5192,-4.403,6.3023,-0.301,221.5199,6.309483151574303,22.71413934566749,0.0,0.0,0.0,0.0,0.0,0.0,1,02_14_83_2925_ego_83,1,2925,2920,2925,vehicle_vehicle,0.6054704788808625,0.02497140639653817,3.4476720368861087,3.4512454853284553,15.0,3.0,3.5,0.8,6.2876916272985275,22.6356898582747
2,86,2912,107,75.4574,-25.3829,204.5009,2.1226,4.8555,-4.5589,-2.1903,-0.4471,-1.2098,5.0567,-0.1025,0.9086,-0.9155,car,83,69.6032,-33.2722,-4.5192,-4.403,6.3023,-0.301,221.5199,6.309483151574303,22.71413934566749,5.854200000000006,7.889299999999999,-0.039700000000000735,2.2126999999999994,2.2130561176798023,9.824088361267933,0,02_14_83_2925_ego_83,0,2925,2920,2925,vehicle_vehicle,0.6054704788808625,0.02497140639653817,3.4476720368861087,3.4512454853284553,15.0,3.0,3.5,0.8,6.2876916272985275,22.6356898582747
2,14,2913,2913,70.1136,-37.9184,229.0992,2.5807,6.6415,0.0,-0.0,0.0,-0.0,-0.0,-0.0,0.0,-0.0,truck,83,69.424,-33.4501,-4.4674,-4.4594,6.3051,-0.2992,222.2319,6.312203349069166,22.723932056648998,0.6895999999999987,-4.468299999999999,4.4674,4.4594,6.312203349069166,4.521200399230274,0,02_14_83_2925_ego_83,1,2925,2920,2925,vehicle_vehicle,0.6054704788808625,0.02497140639653817,3.4476720368861087,3.4512454853284553,15.0,3.0,3.5,0.8,6.2876916272985275,22.6356898582747
2,76,2913,312,61.4261,-49.8001,273.5527,2.067,4.304,0.804,-6.8064,2.1745,0.1471,6.8431,-0.3807,-0.0121,-2.1794,car,83,69.424,-33.4501,-4.4674,-4.4594,6.3051,-0.2992,222.2319,6.312203349069166,22.723932056648998,-7.9979000000000084,-16.35,5.2714,-2.3470000000000004,5.770274426749563,18.20134347816117,0,02_14_83_2925_ego_83,0,2925,2920,2925,vehicle_vehicle,0.6054704788808625,0.02497140639653817,3.4476720368861087,3.4512454853284553,15.0,3.0,3.5,0.8,6.2876916272985275,22.6356898582747
2,79,2913,202,51.8964,-46.1678,335.7147,2.301,5.8366,-0.0182,-0.0087,-0.015,-0.0001,-0.013,0.0154,-0.0136,0.0063,van,83,69.424,-33.4501,-4.4674,-4.4594,6.3051,-0.2992,222.2319,6.312203349069166,22.723932056648998,-17.527600000000007,-12.7177,4.449199999999999,4.450699999999999,6.293179731264632,21.655407062671443,0,02_14_83_2925_ego_83,0,2925,2920,2925,vehicle_vehicle,0.6054704788808625,0.02497140639653817,3.4476720368861087,3.4512454853284553,15.0,3.0,3.5,0.8,6.2876916272985275,22.6356898582747
2,82,2913,178,61.1198,-39.4528,247.5428,2.1699,4.6403,-2.1834,-6.056,1.8794,-0.6581,6.4308,-0.2955,-0.1097,-1.9882,car,83,69.424,-33.4501,-4.4674,-4.4594,6.3051,-0.2992,222.2319,6.312203349069166,22.723932056648998,-8.304200000000009,-6.002700000000004,2.284,-1.5966000000000005,2.7867162682985867,10.246567470621574,0,02_14_83_2925_ego_83,0,2925,2920,2925,vehicle_vehicle,0.6054704788808625,0.02497140639653817,3.4476720368861087,3.4512454853284553,15.0,3.0,3.5,0.8,6.2876916272985275,22.6356898582747
2,83,2913,153,69.424,-33.4501,222.2319,2.1172,4.5925,-4.4674,-4.4594,1.339,-1.3788,6.3051,-0.2992,-0.0647,-1.9209,car,83,69.424,-33.4501,-4.4674,-4.4594,6.3051,-0.2992,222.2319,6.312203349069166,22.723932056648998,0.0,0.0,0.0,0.0,0.0,0.0,1,02_14_83_2925_ego_83,1,2925,2920,2925,vehicle_vehicle,0.6054704788808625,0.02497140639653817,3.4476720368861087,3.4512454853284553,15.0,3.0,3.5,0.8,6.2876916272985275,22.6356898582747
2,86,2913,108,75.2745,-25.471,204.796,2.1226,4.8555,-4.5792,-2.2409,-0.435,-1.2581,5.0968,-0.1138,0.9226,-0.9597,car,83,69.424,-33.4501,-4.4674,-4.4594,6.3051,-0.2992,222.2319,6.312203349069166,22.723932056648998,5.850499999999997,7.979099999999999,-0.11180000000000057,2.2184999999999997,2.221315261281027,9.894159239672664,0,02_14_83_2925_ego_83,0,2925,2920,2925,vehicle_vehicle,0.6054704788808625,0.02497140639653817,3.4476720368861087,3.4512454853284553,15.0,3.0,3.5,0.8,6.2876916272985275,22.6356898582747
2,14,2914,2914,70.1136,-37.9184,229.0992,2.5807,6.6415,0.0,-0.0,-0.0,0.0,-0.0,-0.0,0.0,0.0,truck,83,69.2467,-33.63,-4.4148,-4.5144,6.3073,-0.2979,222.9354,6.314290648996132,22.731446336386075,0.8669000000000011,-4.288399999999996,4.4148,4.5144,6.314290648996132,4.375144588467902,0,02_14_83_2925_ego_83,1,2925,2920,2925,vehicle_vehicle,0.6054704788808625,0.02497140639653817,3.4476720368861087,3.4512454853284553,15.0,3.0,3.5,0.8,6.2876916272985275,22.6356898582747
2,76,2914,313,61.4602,-50.0726,274.3251,2.067,4.304,0.8923,-6.7996,2.1671,0.1938,6.8475,-0.377,-0.0298,-2.1755,car,83,69.2467,-33.63,-4.4148,-4.5144,6.3073,-0.2979,222.9354,6.314290648996132,22.731446336386075,-7.786500000000004,-16.4426,5.307099999999999,-2.2851999999999997,5.778187384465824,18.193094212090475,0,02_14_83_2925_ego_83,0,2925,2920,2925,vehicle_vehicle,0.6054704788808625,0.02497140639653817,3.4476720368861087,3.4512454853284553,15.0,3.0,3.5,0.8,6.2876916272985275,22.6356898582747
2,79,2914,203,51.8963,-46.1693,335.7094,2.301,5.8366,-0.0186,-0.0092,-0.0135,0.0064,-0.0132,0.0161,-0.015,-0.0002,van,83,69.2467,-33.63,-4.4148,-4.5144,6.3073,-0.2979,222.9354,6.314290648996132,22.731446336386075,-17.350400000000008,-12.539299999999997,4.396199999999999,4.5052,6.294712184047814,21.407251683716904,0,02_14_83_2925_ego_83,0,2925,2920,2925,vehicle_vehicle,0.6054704788808625,0.02497140639653817,3.4476720368861087,3.4512454853284553,15.0,3.0,3.5,0.8,6.2876916272985275,22.6356898582747
2,82,2914,179,61.034,-39.695,248.2534,2.1699,4.6403,-2.1057,-6.0831,1.8793,-0.6511,6.4303,-0.298,-0.0916,-1.9868,car,83,69.2467,-33.63,-4.4148,-4.5144,6.3073,-0.2979,222.9354,6.314290648996132,22.731446336386075,-8.212700000000005,-6.064999999999998,2.3090999999999995,-1.5686999999999998,2.7915519876943,10.209440057613348,0,02_14_83_2925_ego_83,0,2925,2920,2925,vehicle_vehicle,0.6054704788808625,0.02497140639653817,3.4476720368861087,3.4512454853284553,15.0,3.0,3.5,0.8,6.2876916272985275,22.6356898582747
2,83,2914,154,69.2467,-33.63,222.9354,2.1172,4.5925,-4.4148,-4.5144,1.3657,-1.349,6.3073,-0.2979,-0.0809,-1.9179,car,83,69.2467,-33.63,-4.4148,-4.5144,6.3073,-0.2979,222.9354,6.314290648996132,22.731446336386075,0.0,0.0,0.0,0.0,0.0,0.0,1,02_14_83_2925_ego_83,1,2925,2920,2925,vehicle_vehicle,0.6054704788808625,0.02497140639653817,3.4476720368861087,3.4512454853284553,15.0,3.0,3.5,0.8,6.2876916272985275,22.6356898582747
2,86,2914,109,75.0906,-25.5615,205.116,2.1226,4.8555,-4.5989,-2.2934,-0.4206,-1.3042,5.1375,-0.1246,0.9344,-1.0024,car,83,69.2467,-33.63,-4.4148,-4.5144,6.3073,-0.2979,222.9354,6.314290648996132,22.731446336386075,5.843899999999991,8.068500000000004,-0.18410000000000082,2.221,2.228617017345062,9.96252274577077,0,02_14_83_2925_ego_83,0,2925,2920,2925,vehicle_vehicle,0.6054704788808625,0.02497140639653817,3.4476720368861087,3.4512454853284553,15.0,3.0,3.5,0.8,6.2876916272985275,22.6356898582747
2,14,2915,2915,70.1136,-37.9184,229.0992,2.5807,6.6415,0.0,-0.0,-0.0,0.0,-0.0,-0.0,0.0,0.0,truck,83,69.0712,-33.812,-4.361,-4.5681,6.3085,-0.2985,223.6197,6.315525204604919,22.73589073657771,1.0424000000000007,-4.106400000000001,4.361,4.5681,6.315525204604919,4.23664002719136,0,02_14_83_2925_ego_83,1,2925,2920,2925,vehicle_vehicle,0.6054704788808625,0.02497140639653817,3.4476720368861087,3.4512454853284553,15.0,3.0,3.5,0.8,6.2876916272985275,22.6356898582747
2,76,2915,314,61.4978,-50.3447,275.0755,2.067,4.304,0.9803,-6.7908,2.1583,0.2395,6.8509,-0.3757,-0.0476,-2.171,car,83,69.0712,-33.812,-4.361,-4.5681,6.3085,-0.2985,223.6197,6.315525204604919,22.73589073657771,-7.573400000000007,-16.532700000000006,5.3412999999999995,-2.2226999999999997,5.785315979270276,18.184789161549283,0,02_14_83_2925_ego_83,0,2925,2920,2925,vehicle_vehicle,0.6054704788808625,0.02497140639653817,3.4476720368861087,3.4512454853284553,15.0,3.0,3.5,0.8,6.2876916272985275,22.6356898582747
2,79,2915,204,51.8962,-46.1708,335.7109,2.301,5.8366,-0.0193,-0.009,-0.0121,0.0131,-0.0139,0.0161,-0.0164,-0.007,van,83,69.0712,-33.812,-4.361,-4.5681,6.3085,-0.2985,223.6197,6.315525204604919,22.73589073657771,-17.175000000000004,-12.358800000000002,4.3416999999999994,4.5591,6.295693107196379,21.159408366965277,0,02_14_83_2925_ego_83,0,2925,2920,2925,vehicle_vehicle,0.6054704788808625,0.02497140639653817,3.4476720368861087,3.4512454853284553,15.0,3.0,3.5,0.8,6.2876916272985275,22.6356898582747
2,82,2915,180,60.9517,-39.9389,248.9603,2.1699,4.6403,-2.0281,-6.1099,1.8768,-0.6433,6.4307,-0.3006,-0.0734,-1.9826,car,83,69.0712,-33.812,-4.361,-4.5681,6.3085,-0.2985,223.6197,6.315525204604919,22.73589073657771,-8.119500000000002,-6.126899999999999,2.3329,-1.5417999999999994,2.7963493433403483,10.171783710834596,0,02_14_83_2925_ego_83,0,2925,2920,2925,vehicle_vehicle,0.6054704788808625,0.02497140639653817,3.4476720368861087,3.4512454853284553,15.0,3.0,3.5,0.8,6.2876916272985275,22.6356898582747
2,83,2915,155,69.0712,-33.812,223.6197,2.1172,4.5925,-4.361,-4.5681,1.3932,-1.3193,6.3085,-0.2985,-0.0984,-1.9163,car,83,69.0712,-33.812,-4.361,-4.5681,6.3085,-0.2985,223.6197,6.315525204604919,22.73589073657771,0.0,0.0,0.0,0.0,0.0,0.0,1,02_14_83_2925_ego_83,1,2925,2920,2925,vehicle_vehicle,0.6054704788808625,0.02497140639653817,3.4476720368861087,3.4512454853284553,15.0,3.0,3.5,0.8,6.2876916272985275,22.6356898582747
2,86,2915,110,74.9057,-25.6541,205.4583,2.1226,4.8555,-4.6178,-2.3479,-0.404,-1.3481,5.1786,-0.1349,0.9443,-1.0435,car,83,69.0712,-33.812,-4.361,-4.5681,6.3085,-0.2985,223.6197,6.315525204604919,22.73589073657771,5.834499999999991,8.157899999999998,-0.25680000000000014,2.2202,2.235002076061676,10.029592347648029,0,02_14_83_2925_ego_83,0,2925,2920,2925,vehicle_vehicle,0.6054704788808625,0.02497140639653817,3.4476720368861087,3.4512454853284553,15.0,3.0,3.5,0.8,6.2876916272985275,22.6356898582747
2,14,2916,2916,70.1136,-37.9184,229.0992,2.5807,6.6415,0.0,-0.0,-0.0,0.0,-0.0,-0.0,0.0,0.0,truck,83,68.8983,-33.996,-4.3064,-4.6206,6.3091,-0.3,224.2935,6.3162508911537065,22.738503208153343,1.2152999999999992,-3.922399999999996,4.3064,4.6206,6.3162508911537065,4.10635797879337,0,02_14_83_2925_ego_83,1,2925,2920,2925,vehicle_vehicle,0.6054704788808625,0.02497140639653817,3.4476720368861087,3.4512454853284553,15.0,3.0,3.5,0.8,6.2876916272985275,22.6356898582747
2,76,2916,315,61.539,-50.6167,275.834,2.067,4.304,1.0679,-6.78,2.1483,0.2841,6.8534,-0.3732,-0.0643,-2.166,car,83,68.8983,-33.996,-4.3064,-4.6206,6.3091,-0.3,224.2935,6.3162508911537065,22.738503208153343,-7.359300000000005,-16.6207,5.3743,-2.1594000000000007,5.791900279700955,18.17710001567907,0,02_14_83_2925_ego_83,0,2925,2920,2925,vehicle_vehicle,0.6054704788808625,0.02497140639653817,3.4476720368861087,3.4512454853284553,15.0,3.0,3.5,0.8,6.2876916272985275,22.6356898582747
2,79,2916,205,51.8957,-46.1727,335.7169,2.301,5.8366,-0.02,-0.0079,-0.0105,0.0196,-0.015,0.0154,-0.0176,-0.0136,van,83,68.8983,-33.996,-4.3064,-4.6206,6.3091,-0.3,224.2935,6.3162508911537065,22.738503208153343,-17.002600000000008,-12.176699999999997,4.2864,4.612699999999999,6.2968425619511885,20.913164027712313,0,02_14_83_2925_ego_83,0,2925,2920,2925,vehicle_vehicle,0.6054704788808625,0.02497140639653817,3.4476720368861087,3.4512454853284553,15.0,3.0,3.5,0.8,6.2876916272985275,22.6356898582747
2,82,2916,181,60.8723,-40.1839,249.674,2.1699,4.6403,-1.9507,-6.1363,1.8719,-0.6349,6.4318,-0.3023,-0.0549,-1.9759,car,83,68.8983,-33.996,-4.3064,-4.6206,6.3091,-0.3,224.2935,6.3162508911537065,22.738503208153343,-8.026000000000003,-6.187899999999999,2.3556999999999997,-1.5157000000000007,2.8011906361402823,10.134435475644414,0,02_14_83_2925_ego_83,0,2925,2920,2925,vehicle_vehicle,0.6054704788808625,0.02497140639653817,3.4476720368861087,3.4512454853284553,15.0,3.0,3.5,0.8,6.2876916272985275,22.6356898582747
2,83,2916,156,68.8983,-33.996,224.2935,2.1172,4.5925,-4.3064,-4.6206,1.4218,-1.29,6.3091,-0.3,-0.1168,-1.9162,car,83,68.8983,-33.996,-4.3064,-4.6206,6.3091,-0.3,224.2935,6.3162508911537065,22.738503208153343,0.0,0.0,0.0,0.0,0.0,0.0,1,02_14_83_2925_ego_83,1,2925,2920,2925,vehicle_vehicle,0.6054704788808625,0.02497140639653817,3.4476720368861087,3.4512454853284553,15.0,3.0,3.5,0.8,6.2876916272985275,22.6356898582747
2,86,2916,111,74.7207,-25.7491,205.8178,2.1226,4.8555,-4.636,-2.404,-0.3853,-1.3897,5.2202,-0.145,0.9521,-1.0832,car,83,68.8983,-33.996,-4.3064,-4.6206,6.3091,-0.3,224.2935,6.3162508911537065,22.738503208153343,5.822399999999988,8.246900000000004,-0.3296000000000001,2.2165999999999997,2.240971155548415,10.095132558317395,0,02_14_83_2925_ego_83,0,2925,2920,2925,vehicle_vehicle,0.6054704788808625,0.02497140639653817,3.4476720368861087,3.4512454853284553,15.0,3.0,3.5,0.8,6.2876916272985275,22.6356898582747
2,14,2917,2917,70.1136,-37.9184,229.0992,2.5807,6.6415,0.0,-0.0,-0.0,0.0,-0.0,-0.0,0.0,0.0,truck,83,68.7273,-34.182,-4.2506,-4.6718,6.3088,-0.3034,224.9487,6.316115546758151,22.738015968329343,1.3863000000000056,-3.736399999999996,4.2506,4.6718,6.316115546758151,3.9852870222858465,0,02_14_83_2925_ego_83,1,2925,2920,2925,vehicle_vehicle,0.6054704788808625,0.02497140639653817,3.4476720368861087,3.4512454853284553,15.0,3.0,3.5,0.8,6.2876916272985275,22.6356898582747
2,76,2917,316,61.5836,-50.888,276.6012,2.067,4.304,1.1549,-6.7672,2.1371,0.3273,6.8551,-0.3693,-0.0795,-2.1605,car,83,68.7273,-34.182,-4.2506,-4.6718,6.3088,-0.3034,224.9487,6.316115546758151,22.738015968329343,-7.143700000000003,-16.705999999999996,5.4055,-2.0953999999999997,5.797424549746205,18.16928412706455,0,02_14_83_2925_ego_83,0,2925,2920,2925,vehicle_vehicle,0.6054704788808625,0.02497140639653817,3.4476720368861087,3.4512454853284553,15.0,3.0,3.5,0.8,6.2876916272985275,22.6356898582747
2,79,2917,206,51.8951,-46.1741,335.7189,2.301,5.8366,-0.0207,-0.006,-0.0086,0.0253,-0.0164,0.014,-0.0183,-0.0195,van,83,68.7273,-34.182,-4.2506,-4.6718,6.3088,-0.3034,224.9487,6.316115546758151,22.738015968329343,-16.8322,-11.9921,4.229900000000001,4.6658,6.297757033261922,20.667206372657144,0,02_14_83_2925_ego_83,0,2925,2920,2925,vehicle_vehicle,0.6054704788808625,0.02497140639653817,3.4476720368861087,3.4512454853284553,15.0,3.0,3.5,0.8,6.2876916272985275,22.6356898582747
2,82,2917,182,60.7954,-40.4305,250.3854,2.1699,4.6403,-1.8734,-6.1622,1.8646,-0.6258,6.4335,-0.3039,-0.0364,-1.9665,car,83,68.7273,-34.182,-4.2506,-4.6718,6.3088,-0.3034,224.9487,6.316115546758151,22.738015968329343,-7.931899999999999,-6.2485,2.3772,-1.4904000000000002,2.8057747593133704,10.0974645263056,0,02_14_83_2925_ego_83,0,2925,2920,2925,vehicle_vehicle,0.6054704788808625,0.02497140639653817,3.4476720368861087,3.4512454853284553,15.0,3.0,3.5,0.8,6.2876916272985275,22.6356898582747
2,83,2917,157,68.7273,-34.182,224.9487,2.1172,4.5925,-4.2506,-4.6718,1.4515,-1.2611,6.3088,-0.3034,-0.1364,-1.9179,car,83,68.7273,-34.182,-4.2506,-4.6718,6.3088,-0.3034,224.9487,6.316115546758151,22.738015968329343,0.0,0.0,0.0,0.0,0.0,0.0,1,02_14_83_2925_ego_83,1,2925,2920,2925,vehicle_vehicle,0.6054704788808625,0.02497140639653817,3.4476720368861087,3.4512454853284553,15.0,3.0,3.5,0.8,6.2876916272985275,22.6356898582747
2,86,2917,112,74.5346,-25.8464,206.2019,2.1226,4.8555,-4.6533,-2.4619,-0.3647,-1.4291,5.2622,-0.1543,0.9582,-1.1212,car,83,68.7273,-34.182,-4.2506,-4.6718,6.3088,-0.3034,224.9487,6.316115546758151,22.738015968329343,5.807299999999998,8.335600000000003,-0.4026999999999994,2.2099,2.2462914548205895,10.159082667741218,0,02_14_83_2925_ego_83,0,2925,2920,2925,vehicle_vehicle,0.6054704788808625,0.02497140639653817,3.4476720368861087,3.4512454853284553,15.0,3.0,3.5,0.8,6.2876916272985275,22.6356898582747
2,14,2918,2918,70.1136,-37.9184,229.0992,2.5807,6.6415,0.0,-0.0,-0.0,0.0,-0.0,-0.0,0.0,0.0,truck,83,68.5582,-34.3698,-4.1936,-4.7218,6.3077,-0.3074,225.6006,6.315194074610851,22.734698668599062,1.555400000000006,-3.5486000000000004,4.1936,4.7218,6.315194074610851,3.8745104361712617,0,02_14_83_2925_ego_83,1,2925,2920,2925,vehicle_vehicle,0.6054704788808625,0.02497140639653817,3.4476720368861087,3.4512454853284553,15.0,3.0,3.5,0.8,6.2876916272985275,22.6356898582747
2,76,2918,317,61.6323,-51.1586,277.3721,2.067,4.304,1.2413,-6.7526,2.1249,0.3691,6.8561,-0.3645,-0.0934,-2.1547,car,83,68.5582,-34.3698,-4.1936,-4.7218,6.3077,-0.3074,225.6006,6.315194074610851,22.734698668599062,-6.925899999999999,-16.788800000000002,5.4349,-2.0308,5.801920944825084,18.16127463175424,0,02_14_83_2925_ego_83,0,2925,2920,2925,vehicle_vehicle,0.6054704788808625,0.02497140639653817,3.4476720368861087,3.4512454853284553,15.0,3.0,3.5,0.8,6.2876916272985275,22.6356898582747
2,79,2918,207,51.8947,-46.1752,335.7245,2.301,5.8366,-0.0215,-0.0036,-0.0064,0.0297,-0.0181,0.0121,-0.018,-0.0244,van,83,68.5582,-34.3698,-4.1936,-4.7218,6.3077,-0.3074,225.6006,6.315194074610851,22.734698668599062,-16.6635,-11.805399999999999,4.1721,4.7182,6.298240202628033,20.42154992673181,0,02_14_83_2925_ego_83,0,2925,2920,2925,vehicle_vehicle,0.6054704788808625,0.02497140639653817,3.4476720368861087,3.4512454853284553,15.0,3.0,3.5,0.8,6.2876916272985275,22.6356898582747
2,82,2918,183,60.7216,-40.678,251.0942,2.1699,4.6403,-1.7962,-6.1875,1.8548,-0.6164,6.4357,-0.3055,-0.0178,-1.9545,car,83,68.5582,-34.3698,-4.1936,-4.7218,6.3077,-0.3074,225.6006,6.315194074610851,22.734698668599062,-7.836599999999997,-6.308199999999999,2.3974,-1.4657,2.809947197012784,10.06010371715918,0,02_14_83_2925_ego_83,0,2925,2920,2925,vehicle_vehicle,0.6054704788808625,0.02497140639653817,3.4476720368861087,3.4512454853284553,15.0,3.0,3.5,0.8,6.2876916272985275,22.6356898582747
2,83,2918,158,68.5582,-34.3698,225.6006,2.1172,4.5925,-4.1936,-4.7218,1.4822,-1.2325,6.3077,-0.3074,-0.1564,-1.9213,car,83,68.5582,-34.3698,-4.1936,-4.7218,6.3077,-0.3074,225.6006,6.315194074610851,22.734698668599062,0.0,0.0,0.0,0.0,0.0,0.0,1,02_14_83_2925_ego_83,1,2925,2920,2925,vehicle_vehicle,0.6054704788808625,0.02497140639653817,3.4476720368861087,3.4512454853284553,15.0,3.0,3.5,0.8,6.2876916272985275,22.6356898582747
2,86,2918,113,74.348,-25.9462,206.6097,2.1226,4.8555,-4.6698,-2.5212,-0.3421,-1.4662,5.3044,-0.1625,0.9626,-1.1577,car,83,68.5582,-34.3698,-4.1936,-4.7218,6.3077,-0.3074,225.6006,6.315194074610851,22.734698668599062,5.7898,8.423599999999997,-0.4762000000000004,2.2006,2.25153432130181,10.221488198887672,0,02_14_83_2925_ego_83,0,2925,2920,2925,vehicle_vehicle,0.6054704788808625,0.02497140639653817,3.4476720368861087,3.4512454853284553,15.0,3.0,3.5,0.8,6.2876916272985275,22.6356898582747
2,14,2919,2919,70.1136,-37.9184,229.0992,2.5807,6.6415,0.0,-0.0,-0.0,0.0,-0.0,-0.0,0.0,0.0,truck,83,68.3913,-34.5593,-4.1352,-4.7709,6.306,-0.3104,226.2652,6.31358581552512,22.728908935890434,1.7223000000000042,-3.359099999999998,4.1352,4.7709,6.31358581552512,3.7749000119208453,0,02_14_83_2925_ego_83,1,2925,2920,2925,vehicle_vehicle,0.6054704788808625,0.02497140639653817,3.4476720368861087,3.4512454853284553,15.0,3.0,3.5,0.8,6.2876916272985275,22.6356898582747
2,76,2919,318,61.684,-51.4286,278.1251,2.067,4.304,1.3269,-6.7363,2.1119,0.4094,6.8563,-0.3616,-0.1068,-2.1486,car,83,68.3913,-34.5593,-4.1352,-4.7709,6.306,-0.3104,226.2652,6.31358581552512,22.728908935890434,-6.707300000000004,-16.869300000000003,5.4621,-1.9653999999999998,5.804940445000276,18.153819316606633,0,02_14_83_2925_ego_83,0,2925,2920,2925,vehicle_vehicle,0.6054704788808625,0.02497140639653817,3.4476720368861087,3.4512454853284553,15.0,3.0,3.5,0.8,6.2876916272985275,22.6356898582747
2,79,2919,208,51.8942,-46.1763,335.7366,2.301,5.8366,-0.0224,-0.0006,-0.0036,0.0325,-0.0202,0.0098,-0.0166,-0.0281,van,83,68.3913,-34.5593,-4.1352,-4.7709,6.306,-0.3104,226.2652,6.31358581552512,22.728908935890434,-16.497100000000003,-11.616999999999997,4.1128,4.7703,6.298482827633969,20.176942221506213,0,02_14_83_2925_ego_83,0,2925,2920,2925,vehicle_vehicle,0.6054704788808625,0.02497140639653817,3.4476720368861087,3.4512454853284553,15.0,3.0,3.5,0.8,6.2876916272985275,22.6356898582747
2,82,2919,184,60.6512,-40.927,251.7916,2.1699,4.6403,-1.7194,-6.2119,1.8424,-0.607,6.4382,-0.3078,0.0009,-1.9398,car,83,68.3913,-34.5593,-4.1352,-4.7709,6.306,-0.3104,226.2652,6.31358581552512,22.728908935890434,-7.740099999999998,-6.367699999999999,2.4158,-1.4409999999999998,2.812929192141174,10.022811546666931,0,02_14_83_2925_ego_83,0,2925,2920,2925,vehicle_vehicle,0.6054704788808625,0.02497140639653817,3.4476720368861087,3.4512454853284553,15.0,3.0,3.5,0.8,6.2876916272985275,22.6356898582747
2,83,2919,159,68.3913,-34.5593,226.2652,2.1172,4.5925,-4.1352,-4.7709,1.5139,-1.2042,6.306,-0.3104,-0.1765,-1.9263,car,83,68.3913,-34.5593,-4.1352,-4.7709,6.306,-0.3104,226.2652,6.31358581552512,22.728908935890434,0.0,0.0,0.0,0.0,0.0,0.0,1,02_14_83_2925_ego_83,1,2925,2920,2925,vehicle_vehicle,0.6054704788808625,0.02497140639653817,3.4476720368861087,3.4512454853284553,15.0,3.0,3.5,0.8,6.2876916272985275,22.6356898582747
2,86,2919,114,74.1608,-26.0487,207.0386,2.1226,4.8555,-4.6853,-2.5818,-0.3177,-1.5013,5.3468,-0.1698,0.9655,-1.1928,car,83,68.3913,-34.5593,-4.1352,-4.7709,6.306,-0.3104,226.2652,6.31358581552512,22.728908935890434,5.769499999999994,8.5106,-0.5500999999999996,2.1891000000000003,2.257159458257214,10.281898784271315,0,02_14_83_2925_ego_83,0,2925,2920,2925,vehicle_vehicle,0.6054704788808625,0.02497140639653817,3.4476720368861087,3.4512454853284553,15.0,3.0,3.5,0.8,6.2876916272985275,22.6356898582747
2,14,2920,2920,70.1136,-37.9184,229.0992,2.5807,6.6415,0.0,-0.0,-0.0,0.0,-0.0,-0.0,0.0,0.0,truck,83,68.2263,-34.7507,-4.0752,-4.819,6.3034,-0.3123,226.944,6.311102600972353,22.71996936350047,1.8873000000000104,-3.1676999999999964,4.0752,4.819,6.311102600972353,3.6873058701442187,0,02_14_83_2925_ego_83,1,2925,2920,2925,vehicle_vehicle,0.6054704788808625,0.02497140639653817,3.4476720368861087,3.4512454853284553,15.0,3.0,3.5,0.8,6.2876916272985275,22.6356898582747
2,76,2920,319,61.7392,-51.6978,278.8825,2.067,4.304,1.4119,-6.7184,2.0984,0.4482,6.8558,-0.3576,-0.1188,-2.1424,car,83,68.2263,-34.7507,-4.0752,-4.819,6.3034,-0.3123,226.944,6.311102600972353,22.71996936350047,-6.487099999999998,-16.9471,5.4871,-1.8994,5.806546888642164,18.14625759819363,0,02_14_83_2925_ego_83,0,2925,2920,2925,vehicle_vehicle,0.6054704788808625,0.02497140639653817,3.4476720368861087,3.4512454853284553,15.0,3.0,3.5,0.8,6.2876916272985275,22.6356898582747
2,79,2920,209,51.8939,-46.1767,335.7472,2.301,5.8366,-0.0234,0.0026,-0.0001,0.0334,-0.0224,0.0072,-0.0138,-0.0304,van,83,68.2263,-34.7507,-4.0752,-4.819,6.3034,-0.3123,226.944,6.311102600972353,22.71996936350047,-16.332399999999993,-11.425999999999995,4.0518,4.8216,6.298008399486301,19.932404916617553,0,02_14_83_2925_ego_83,0,2925,2920,2925,vehicle_vehicle,0.6054704788808625,0.02497140639653817,3.4476720368861087,3.4512454853284553,15.0,3.0,3.5,0.8,6.2876916272985275,22.6356898582747
2,82,2920,185,60.5849,-41.1762,252.4776,2.1699,4.6403,-1.6435,-6.236,1.8275,-0.5977,6.4414,-0.3103,0.0198,-1.9227,car,83,68.2263,-34.7507,-4.0752,-4.819,6.3034,-0.3123,226.944,6.311102600972353,22.71996936350047,-7.641399999999997,-6.4254999999999995,2.4316999999999998,-1.4169999999999998,2.8144366914180177,9.98388923265878,0,02_14_83_2925_ego_83,0,2925,2920,2925,vehicle_vehicle,0.6054704788808625,0.02497140639653817,3.4476720368861087,3.4512454853284553,15.0,3.0,3.5,0.8,6.2876916272985275,22.6356898582747
2,83,2920,160,68.2263,-34.7507,226.944,2.1172,4.5925,-4.0752,-4.819,1.5463,-1.1761,6.3034,-0.3123,-0.1963,-1.9328,car,83,68.2263,-34.7507,-4.0752,-4.819,6.3034,-0.3123,226.944,6.311102600972353,22.71996936350047,0.0,0.0,0.0,0.0,0.0,0.0,1,02_14_83_2925_ego_83,1,2925,2920,2925,vehicle_vehicle,0.6054704788808625,0.02497140639653817,3.4476720368861087,3.4512454853284553,15.0,3.0,3.5,0.8,6.2876916272985275,22.6356898582747
2,86,2920,115,73.9725,-26.1536,207.473,2.1226,4.8555,-4.6995,-2.6437,-0.2917,-1.5345,5.3892,-0.1775,0.9667,-1.2269,car,83,68.2263,-34.7507,-4.0752,-4.819,6.3034,-0.3123,226.944,6.311102600972353,22.71996936350047,5.746200000000002,8.597100000000001,-0.6242999999999999,2.1753,2.263113028551601,10.340645185383744,0,02_14_83_2925_ego_83,0,2925,2920,2925,vehicle_vehicle,0.6054704788808625,0.02497140639653817,3.4476720368861087,3.4512454853284553,15.0,3.0,3.5,0.8,6.2876916272985275,22.6356898582747
2,14,2921,2921,70.1136,-37.9184,229.0992,2.5807,6.6415,0.0,-0.0,-0.0,0.0,-0.0,-0.0,0.0,0.0,truck,83,68.0639,-34.9439,-4.0137,-4.8662,6.3,-0.3147,227.6243,6.307906953181855,22.70846503145468,2.0497000000000014,-2.974499999999999,4.0137,4.8662,6.307906953181855,3.612328935742148,0,02_14_83_2925_ego_83,1,2925,2920,2925,vehicle_vehicle,0.6054704788808625,0.02497140639653817,3.4476720368861087,3.4512454853284553,15.0,3.0,3.5,0.8,6.2876916272985275,22.6356898582747
2,76,2921,320,61.7975,-51.9663,279.6233,2.067,4.304,1.4964,-6.6988,2.0843,0.4853,6.8547,-0.3555,-0.1301,-2.1361,car,83,68.0639,-34.9439,-4.0137,-4.8662,6.3,-0.3147,227.6243,6.307906953181855,22.70846503145468,-6.266400000000004,-17.022399999999998,5.5100999999999996,-1.8326000000000002,5.806860147274084,18.139180541579048,0,02_14_83_2925_ego_83,0,2925,2920,2925,vehicle_vehicle,0.6054704788808625,0.02497140639653817,3.4476720368861087,3.4512454853284553,15.0,3.0,3.5,0.8,6.2876916272985275,22.6356898582747
2,79,2921,210,51.8938,-46.1765,335.7591,2.301,5.8366,-0.0246,0.0059,0.0045,0.0324,-0.0249,0.0047,-0.0092,-0.0314,van,83,68.0639,-34.9439,-4.0137,-4.8662,6.3,-0.3147,227.6243,6.307906953181855,22.70846503145468,-16.170100000000005,-11.232599999999998,3.9891,4.8721,6.296846609216393,19.688662645542994,0,02_14_83_2925_ego_83,0,2925,2920,2925,vehicle_vehicle,0.6054704788808625,0.02497140639653817,3.4476720368861087,3.4512454853284553,15.0,3.0,3.5,0.8,6.2876916272985275,22.6356898582747
2,82,2921,186,60.522,-41.4261,253.1566,2.1699,4.6403,-1.5687,-6.2597,1.8107,-0.5887,6.4457,-0.3124,0.0388,-1.9036,car,83,68.0639,-34.9439,-4.0137,-4.8662,6.3,-0.3147,227.6243,6.307906953181855,22.70846503145468,-7.541900000000005,-6.482199999999999,2.4450000000000003,-1.3934999999999995,2.8142258704659797,9.94480630530329,0,02_14_83_2925_ego_83,0,2925,2920,2925,vehicle_vehicle,0.6054704788808625,0.02497140639653817,3.4476720368861087,3.4512454853284553,15.0,3.0,3.5,0.8,6.2876916272985275,22.6356898582747
2,83,2921,161,68.0639,-34.9439,227.6243,2.1172,4.5925,-4.0137,-4.8662,1.5792,-1.1479,6.3,-0.3147,-0.2163,-1.9403,car,83,68.0639,-34.9439,-4.0137,-4.8662,6.3,-0.3147,227.6243,6.307906953181855,22.70846503145468,0.0,0.0,0.0,0.0,0.0,0.0,1,02_14_83_2925_ego_83,1,2925,2920,2925,vehicle_vehicle,0.6054704788808625,0.02497140639653817,3.4476720368861087,3.4512454853284553,15.0,3.0,3.5,0.8,6.2876916272985275,22.6356898582747
2,86,2921,116,73.7838,-26.2609,207.9208,2.1226,4.8555,-4.7126,-2.7068,-0.2641,-1.5659,5.4314,-0.185,0.9666,-1.2599,car,83,68.0639,-34.9439,-4.0137,-4.8662,6.3,-0.3147,227.6243,6.307906953181855,22.70846503145468,5.7198999999999955,8.683,-0.6989000000000001,2.1594,2.2696849054439254,10.397679789741552,0,02_14_83_2925_ego_83,0,2925,2920,2925,vehicle_vehicle,0.6054704788808625,0.02497140639653817,3.4476720368861087,3.4512454853284553,15.0,3.0,3.5,0.8,6.2876916272985275,22.6356898582747
2,14,2922,2922,70.1136,-37.9184,229.0992,2.5807,6.6415,0.0,-0.0,-0.0,0.0,-0.0,-0.0,0.0,0.0,truck,83,67.904,-35.139,-3.9506,-4.9124,6.2958,-0.3184,228.299,6.30388087768162,22.693971159653834,2.209600000000009,-2.7793999999999954,3.9506,4.9124,6.30388087768162,3.5506895837287735,0,02_14_83_2925_ego_83,1,2925,2920,2925,vehicle_vehicle,0.6054704788808625,0.02497140639653817,3.4476720368861087,3.4512454853284553,15.0,3.0,3.5,0.8,6.2876916272985275,22.6356898582747
2,76,2922,321,61.8592,-52.2337,280.349,2.067,4.304,1.5801,-6.6779,2.0699,0.5209,6.8531,-0.3548,-0.1406,-2.1298,car,83,67.904,-35.139,-3.9506,-4.9124,6.2958,-0.3184,228.299,6.30388087768162,22.693971159653834,-6.044799999999995,-17.094699999999996,5.5307,-1.7655000000000003,5.8056552377832435,18.13197107680243,0,02_14_83_2925_ego_83,0,2925,2920,2925,vehicle_vehicle,0.6054704788808625,0.02497140639653817,3.4476720368861087,3.4512454853284553,15.0,3.0,3.5,0.8,6.2876916272985275,22.6356898582747
2,79,2922,211,51.8936,-46.1756,335.7711,2.301,5.8366,-0.026,0.0088,0.0105,0.0296,-0.0273,0.0026,-0.0026,-0.0313,van,83,67.904,-35.139,-3.9506,-4.9124,6.2958,-0.3184,228.299,6.30388087768162,22.693971159653834,-16.010399999999997,-11.0366,3.9246000000000003,4.9212,6.294497168162045,19.44580797292825,0,02_14_83_2925_ego_83,0,2925,2920,2925,vehicle_vehicle,0.6054704788808625,0.02497140639653817,3.4476720368861087,3.4512454853284553,15.0,3.0,3.5,0.8,6.2876916272985275,22.6356898582747
2,82,2922,187,60.4627,-41.6772,253.8309,2.1699,4.6403,-1.4954,-6.2829,1.7927,-0.58,6.4508,-0.3133,0.0579,-1.8833,car,83,67.904,-35.139,-3.9506,-4.9124,6.2958,-0.3184,228.299,6.30388087768162,22.693971159653834,-7.441299999999998,-6.538199999999996,2.4552,-1.3704999999999998,2.811810322550225,9.905604723084801,0,02_14_83_2925_ego_83,0,2925,2920,2925,vehicle_vehicle,0.6054704788808625,0.02497140639653817,3.4476720368861087,3.4512454853284553,15.0,3.0,3.5,0.8,6.2876916272985275,22.6356898582747
2,83,2922,162,67.904,-35.139,228.299,2.1172,4.5925,-3.9506,-4.9124,1.6122,-1.1195,6.2958,-0.3184,-0.2366,-1.9485,car,83,67.904,-35.139,-3.9506,-4.9124,6.2958,-0.3184,228.299,6.30388087768162,22.693971159653834,0.0,0.0,0.0,0.0,0.0,0.0,1,02_14_83_2925_ego_83,1,2925,2920,2925,vehicle_vehicle,0.6054704788808625,0.02497140639653817,3.4476720368861087,3.4512454853284553,15.0,3.0,3.5,0.8,6.2876916272985275,22.6356898582747
2,86,2922,117,73.595,-26.3707,208.3832,2.1226,4.8555,-4.7244,-2.771,-0.2353,-1.5957,5.4737,-0.192,0.9655,-1.292,car,83,67.904,-35.139,-3.9506,-4.9124,6.2958,-0.3184,228.299,6.30388087768162,22.693971159653834,5.6910000000000025,8.768300000000004,-0.7738,2.1414,2.276919058728263,10.453256233824945,0,02_14_83_2925_ego_83,0,2925,2920,2925,vehicle_vehicle,0.6054704788808625,0.02497140639653817,3.4476720368861087,3.4512454853284553,15.0,3.0,3.5,0.8,6.2876916272985275,22.6356898582747
2,14,2923,2923,70.1136,-37.9184,229.0992,2.5807,6.6415,0.0,-0.0,-0.0,0.0,-0.0,-0.0,0.0,0.0,truck,83,67.7465,-35.336,-3.8858,-4.9577,6.2908,-0.3226,228.9753,6.299065877572642,22.67663715926151,2.3671000000000078,-2.5824,3.8858,4.9577,6.299065877572642,3.503134620593396,0,02_14_83_2925_ego_83,1,2925,2920,2925,vehicle_vehicle,0.6054704788808625,0.02497140639653817,3.4476720368861087,3.4512454853284553,15.0,3.0,3.5,0.8,6.2876916272985275,22.6356898582747
2,76,2923,322,61.9242,-52.5001,281.0583,2.067,4.304,1.6632,-6.6556,2.055,0.5549,6.851,-0.3558,-0.1504,-2.1233,car,83,67.7465,-35.336,-3.8858,-4.9577,6.2908,-0.3226,228.9753,6.299065877572642,22.67663715926151,-5.8222999999999985,-17.164100000000005,5.549,-1.6978999999999997,5.8029531628301125,18.12472085578148,0,02_14_83_2925_ego_83,0,2925,2920,2925,vehicle_vehicle,0.6054704788808625,0.02497140639653817,3.4476720368861087,3.4512454853284553,15.0,3.0,3.5,0.8,6.2876916272985275,22.6356898582747
2,79,2923,212,51.8931,-46.1749,335.7836,2.301,5.8366,-0.0273,0.0115,0.018,0.0252,-0.0296,0.0007,0.0061,-0.0304,van,83,67.7465,-35.336,-3.8858,-4.9577,6.2908,-0.3226,228.9753,6.299065877572642,22.67663715926151,-15.8534,-10.838900000000002,3.8585000000000003,4.9692,6.291340945299341,19.20447980992977,0,02_14_83_2925_ego_83,0,2925,2920,2925,vehicle_vehicle,0.6054704788808625,0.02497140639653817,3.4476720368861087,3.4512454853284553,15.0,3.0,3.5,0.8,6.2876916272985275,22.6356898582747
2,82,2923,188,60.4066,-41.9294,254.4908,2.1699,4.6403,-1.4238,-6.3056,1.7743,-0.5718,6.4567,-0.3141,0.0765,-1.8625,car,83,67.7465,-35.336,-3.8858,-4.9577,6.2908,-0.3226,228.9753,6.299065877572642,22.67663715926151,-7.3399,-6.593400000000003,2.462,-1.3479,2.8068271072511752,9.866461147240182,0,02_14_83_2925_ego_83,0,2925,2920,2925,vehicle_vehicle,0.6054704788808625,0.02497140639653817,3.4476720368861087,3.4512454853284553,15.0,3.0,3.5,0.8,6.2876916272985275,22.6356898582747
2,83,2923,163,67.7465,-35.336,228.9753,2.1172,4.5925,-3.8858,-4.9577,1.6452,-1.0907,6.2908,-0.3226,-0.257,-1.9571,car,83,67.7465,-35.336,-3.8858,-4.9577,6.2908,-0.3226,228.9753,6.299065877572642,22.67663715926151,0.0,0.0,0.0,0.0,0.0,0.0,1,02_14_83_2925_ego_83,1,2925,2920,2925,vehicle_vehicle,0.6054704788808625,0.02497140639653817,3.4476720368861087,3.4512454853284553,15.0,3.0,3.5,0.8,6.2876916272985275,22.6356898582747
2,86,2923,118,73.4057,-26.4827,208.8567,2.1226,4.8555,-4.7351,-2.8364,-0.2051,-1.6239,5.5161,-0.199,0.9634,-1.3232,car,83,67.7465,-35.336,-3.8858,-4.9577,6.2908,-0.3226,228.9753,6.299065877572642,22.67663715926151,5.6591999999999985,8.853299999999997,-0.8492999999999999,2.1213,2.284999820568921,10.507495683082622,0,02_14_83_2925_ego_83,0,2925,2920,2925,vehicle_vehicle,0.6054704788808625,0.02497140639653817,3.4476720368861087,3.4512454853284553,15.0,3.0,3.5,0.8,6.2876916272985275,22.6356898582747
2,14,2924,2924,70.1136,-37.9184,229.0992,2.5807,6.6415,-0.0,0.0,-0.0,0.0,0.0,0.0,0.0,0.0,truck,83,67.5921,-35.5346,-3.8197,-5.002,6.2852,-0.3262,229.6625,6.293656496028362,22.657163385702102,2.521500000000003,-2.383800000000001,3.8197,5.002,6.293656496028362,3.4699372746492148,0,02_14_83_2925_ego_83,1,2925,2920,2925,vehicle_vehicle,0.6054704788808625,0.02497140639653817,3.4476720368861087,3.4512454853284553,15.0,3.0,3.5,0.8,6.2876916272985275,22.6356898582747
2,76,2924,323,61.9923,-52.7657,281.7746,2.067,4.304,1.7458,-6.632,2.0398,0.5875,6.8487,-0.3557,-0.1589,-2.1168,car,83,67.5921,-35.5346,-3.8197,-5.002,6.2852,-0.3262,229.6625,6.293656496028362,22.657163385702102,-5.599800000000002,-17.231100000000005,5.5655,-1.63,5.799283597997256,18.118183331945843,0,02_14_83_2925_ego_83,0,2925,2920,2925,vehicle_vehicle,0.6054704788808625,0.02497140639653817,3.4476720368861087,3.4512454853284553,15.0,3.0,3.5,0.8,6.2876916272985275,22.6356898582747
2,79,2924,213,51.8922,-46.1743,335.7934,2.301,5.8366,-0.0283,0.014,0.0273,0.0193,-0.0316,-0.0012,0.017,-0.0289,van,83,67.5921,-35.5346,-3.8197,-5.002,6.2852,-0.3262,229.6625,6.293656496028362,22.657163385702102,-15.6999,-10.639700000000005,3.7914,5.016,6.287683990150905,18.965496990587937,0,02_14_83_2925_ego_83,0,2925,2920,2925,vehicle_vehicle,0.6054704788808625,0.02497140639653817,3.4476720368861087,3.4512454853284553,15.0,3.0,3.5,0.8,6.2876916272985275,22.6356898582747
2,82,2924,189,60.3527,-42.1822,255.1355,2.1699,4.6403,-1.3535,-6.3279,1.7562,-0.564,6.4633,-0.3151,0.0946,-1.8421,car,83,67.5921,-35.5346,-3.8197,-5.002,6.2852,-0.3262,229.6625,6.293656496028362,22.657163385702102,-7.239400000000003,-6.647600000000004,2.4662,-1.3258999999999999,2.8000273659376975,9.82850436841741,0,02_14_83_2925_ego_83,0,2925,2920,2925,vehicle_vehicle,0.6054704788808625,0.02497140639653817,3.4476720368861087,3.4512454853284553,15.0,3.0,3.5,0.8,6.2876916272985275,22.6356898582747
2,83,2924,164,67.5921,-35.5346,229.6625,2.1172,4.5925,-3.8197,-5.002,1.6778,-1.0613,6.2852,-0.3262,-0.277,-1.9659,car,83,67.5921,-35.5346,-3.8197,-5.002,6.2852,-0.3262,229.6625,6.293656496028362,22.657163385702102,0.0,0.0,0.0,0.0,0.0,0.0,1,02_14_83_2925_ego_83,1,2925,2920,2925,vehicle_vehicle,0.6054704788808625,0.02497140639653817,3.4476720368861087,3.4512454853284553,15.0,3.0,3.5,0.8,6.2876916272985275,22.6356898582747
2,86,2924,119,73.2164,-26.5974,209.3328,2.1226,4.8555,-4.7447,-2.903,-0.1736,-1.6504,5.5585,-0.2065,0.9599,-1.3538,car,83,67.5921,-35.5346,-3.8197,-5.002,6.2852,-0.3262,229.6625,6.293656496028362,22.657163385702102,5.624299999999991,8.937199999999997,-0.9249999999999998,2.0989999999999998,2.293779849942012,10.559654081929004,0,02_14_83_2925_ego_83,0,2925,2920,2925,vehicle_vehicle,0.6054704788808625,0.02497140639653817,3.4476720368861087,3.4512454853284553,15.0,3.0,3.5,0.8,6.2876916272985275,22.6356898582747
2,14,2925,2925,70.1136,-37.9184,229.0992,2.5807,6.6415,-0.0,0.0,-0.0,0.0,0.0,0.0,0.0,0.0,truck,83,67.4408,-35.735,-3.7522,-5.0454,6.279,-0.3301,230.3526,6.2876916272985275,22.6356898582747,2.6728000000000094,-2.183399999999999,3.7522,5.0454,6.2876916272985275,3.4512454853284553,0,02_14_83_2925_ego_83,1,2925,2920,2925,vehicle_vehicle,0.6054704788808625,0.02497140639653817,3.4476720368861087,3.4512454853284553,15.0,3.0,3.5,0.8,6.2876916272985275,22.6356898582747
2,76,2925,324,62.0635,-53.0299,282.4815,2.067,4.304,1.8279,-6.6074,2.0242,0.6189,6.8463,-0.3567,-0.1668,-2.1101,car,83,67.4408,-35.735,-3.7522,-5.0454,6.279,-0.3301,230.3526,6.2876916272985275,22.6356898582747,-5.377299999999998,-17.2949,5.5801,-1.5620000000000003,5.794597484726614,18.111568714498475,0,02_14_83_2925_ego_83,0,2925,2920,2925,vehicle_vehicle,0.6054704788808625,0.02497140639653817,3.4476720368861087,3.4512454853284553,15.0,3.0,3.5,0.8,6.2876916272985275,22.6356898582747
2,79,2925,214,51.8909,-46.1735,335.8012,2.301,5.8366,-0.029,0.0162,0.0384,0.012,-0.0331,-0.0029,0.0301,-0.0267,van,83,67.4408,-35.735,-3.7522,-5.0454,6.279,-0.3301,230.3526,6.2876916272985275,22.6356898582747,-15.549899999999994,-10.438499999999998,3.7232000000000003,5.0616,6.283471397245316,18.728632418305395,0,02_14_83_2925_ego_83,0,2925,2920,2925,vehicle_vehicle,0.6054704788808625,0.02497140639653817,3.4476720368861087,3.4512454853284553,15.0,3.0,3.5,0.8,6.2876916272985275,22.6356898582747
2,82,2925,190,60.3017,-42.4358,255.7845,2.1699,4.6403,-1.2846,-6.3498,1.7392,-0.5568,6.4709,-0.314,0.1127,-1.8227,car,83,67.4408,-35.735,-3.7522,-5.0454,6.279,-0.3301,230.3526,6.2876916272985275,22.6356898582747,-7.139099999999999,-6.700800000000001,2.4676,-1.3044000000000002,2.79114835148546,9.791193464026742,0,02_14_83_2925_ego_83,0,2925,2920,2925,vehicle_vehicle,0.6054704788808625,0.02497140639653817,3.4476720368861087,3.4512454853284553,15.0,3.0,3.5,0.8,6.2876916272985275,22.6356898582747
2,83,2925,165,67.4408,-35.735,230.3526,2.1172,4.5925,-3.7522,-5.0454,1.7101,-1.0311,6.279,-0.3301,-0.2972,-1.9747,car,83,67.4408,-35.735,-3.7522,-5.0454,6.279,-0.3301,230.3526,6.2876916272985275,22.6356898582747,0.0,0.0,0.0,0.0,0.0,0.0,1,02_14_83_2925_ego_83,1,2925,2920,2925,vehicle_vehicle,0.6054704788808625,0.02497140639653817,3.4476720368861087,3.4512454853284553,15.0,3.0,3.5,0.8,6.2876916272985275,22.6356898582747
2,86,2925,120,73.0269,-26.7147,209.8127,2.1226,4.8555,-4.7532,-2.9707,-0.1407,-1.6753,5.6011,-0.2144,0.955,-1.3837,car,83,67.4408,-35.735,-3.7522,-5.0454,6.279,-0.3301,230.3526,6.2876916272985275,22.6356898582747,5.586100000000002,9.020299999999999,-1.0009999999999994,2.0747,2.303558353938532,10.609916366305626,0,02_14_83_2925_ego_83,0,2925,2920,2925,vehicle_vehicle,0.6054704788808625,0.02497140639653817,3.4476720368861087,3.4512454853284553,15.0,3.0,3.5,0.8,6.2876916272985275,22.6356898582747
2,14,2926,2926,70.1136,-37.9184,229.0992,2.5807,6.6415,-0.0,0.0,-0.0,0.0,0.0,0.0,0.0,0.0,truck,83,67.2917,-35.9373,-3.6834,-5.0877,6.2723,-0.3325,231.0616,6.281092806988287,22.611934105157832,2.8218999999999994,-1.9810999999999979,3.6834,5.0877,6.281092806988287,3.4478800472174185,0,02_14_83_2925_ego_83,1,2925,2920,2925,vehicle_vehicle,0.6054704788808625,0.02497140639653817,3.4476720368861087,3.4512454853284553,15.0,3.0,3.5,0.8,6.2876916272985275,22.6356898582747
2,76,2926,325,62.1385,-53.2928,283.1993,2.067,4.304,1.9092,-6.5818,2.0082,0.6493,6.8439,-0.3559,-0.1736,-2.1034,car,83,67.2917,-35.9373,-3.6834,-5.0877,6.2723,-0.3325,231.0616,6.281092806988287,22.611934105157832,-5.153200000000005,-17.3555,5.5926,-1.4941000000000004,5.788739894830308,18.104387603285566,0,02_14_83_2925_ego_83,0,2925,2920,2925,vehicle_vehicle,0.6054704788808625,0.02497140639653817,3.4476720368861087,3.4512454853284553,15.0,3.0,3.5,0.8,6.2876916272985275,22.6356898582747
2,79,2926,215,51.8899,-46.1727,335.8072,2.301,5.8366,-0.0292,0.018,0.0513,0.0033,-0.034,-0.0045,0.0454,-0.0241,van,83,67.2917,-35.9373,-3.6834,-5.0877,6.2723,-0.3325,231.0616,6.281092806988287,22.611934105157832,-15.401800000000009,-10.235399999999998,3.6542,5.1057,6.278642379527599,18.492670342597908,0,02_14_83_2925_ego_83,0,2925,2920,2925,vehicle_vehicle,0.6054704788808625,0.02497140639653817,3.4476720368861087,3.4512454853284553,15.0,3.0,3.5,0.8,6.2876916272985275,22.6356898582747
2,82,2926,191,60.2532,-42.6899,256.4284,2.1699,4.6403,-1.2171,-6.3717,1.7239,-0.5502,6.4794,-0.3121,0.1303,-1.8048,car,83,67.2917,-35.9373,-3.6834,-5.0877,6.2723,-0.3325,231.0616,6.281092806988287,22.611934105157832,-7.038500000000006,-6.752600000000001,2.4662999999999995,-1.2839999999999998,2.7805200394890157,9.753875589220938,0,02_14_83_2925_ego_83,0,2925,2920,2925,vehicle_vehicle,0.6054704788808625,0.02497140639653817,3.4476720368861087,3.4512454853284553,15.0,3.0,3.5,0.8,6.2876916272985275,22.6356898582747
2,83,2926,166,67.2917,-35.9373,231.0616,2.1172,4.5925,-3.6834,-5.0877,1.7421,-0.9999,6.2723,-0.3325,-0.3171,-1.9835,car,83,67.2917,-35.9373,-3.6834,-5.0877,6.2723,-0.3325,231.0616,6.281092806988287,22.611934105157832,0.0,0.0,0.0,0.0,0.0,0.0,1,02_14_83_2925_ego_83,1,2925,2920,2925,vehicle_vehicle,0.6054704788808625,0.02497140639653817,3.4476720368861087,3.4512454853284553,15.0,3.0,3.5,0.8,6.2876916272985275,22.6356898582747
2,86,2926,121,72.8369,-26.8347,210.3125,2.1226,4.8555,-4.7605,-3.0395,-0.1061,-1.6985,5.6438,-0.2213,0.9488,-1.4127,car,83,67.2917,-35.9373,-3.6834,-5.0877,6.2723,-0.3325,231.0616,6.281092806988287,22.611934105157832,5.545199999999994,9.102599999999999,-1.0771000000000006,2.0482,2.3141451229341694,10.658638271374064,0,02_14_83_2925_ego_83,0,2925,2920,2925,vehicle_vehicle,0.6054704788808625,0.02497140639653817,3.4476720368861087,3.4512454853284553,15.0,3.0,3.5,0.8,6.2876916272985275,22.6356898582747
2,14,2927,2927,70.1136,-37.9184,229.0992,2.5807,6.6415,-0.0,0.0,-0.0,0.0,0.0,0.0,0.0,0.0,truck,83,67.1453,-36.1415,-3.6131,-5.1288,6.2648,-0.3332,231.792,6.27368161847571,22.585253826512556,2.9682999999999993,-1.7768999999999977,3.6131,5.1288,6.27368161847571,3.4595055282511096,0,02_14_83_2925_ego_83,1,2925,2920,2925,vehicle_vehicle,0.6054704788808625,0.02497140639653817,3.4476720368861087,3.4512454853284553,15.0,3.0,3.5,0.8,6.2876916272985275,22.6356898582747
2,76,2927,326,62.2158,-53.5548,283.9233,2.067,4.304,1.9902,-6.5554,1.9916,0.6791,6.8417,-0.3543,-0.18,-2.0965,car,83,67.1453,-36.1415,-3.6131,-5.1288,6.2648,-0.3332,231.792,6.27368161847571,22.585253826512556,-4.929500000000004,-17.4133,5.6033,-1.4265999999999996,5.782054863973533,18.09759617021001,0,02_14_83_2925_ego_83,0,2925,2920,2925,vehicle_vehicle,0.6054704788808625,0.02497140639653817,3.4476720368861087,3.4512454853284553,15.0,3.0,3.5,0.8,6.2876916272985275,22.6356898582747
2,79,2927,216,51.8887,-46.1717,335.817,2.301,5.8366,-0.0289,0.0194,0.0659,-0.0066,-0.0343,-0.0059,0.0628,-0.0209,van,83,67.1453,-36.1415,-3.6131,-5.1288,6.2648,-0.3332,231.792,6.27368161847571,22.585253826512556,-15.256600000000006,-10.0302,3.5842,5.1482,6.272993932724629,18.258388636459685,0,02_14_83_2925_ego_83,0,2925,2920,2925,vehicle_vehicle,0.6054704788808625,0.02497140639653817,3.4476720368861087,3.4512454853284553,15.0,3.0,3.5,0.8,6.2876916272985275,22.6356898582747
2,82,2927,192,60.2072,-42.9451,257.0589,2.1699,4.6403,-1.1506,-6.3933,1.7108,-0.5439,6.4886,-0.3104,0.147,-1.7892,car,83,67.1453,-36.1415,-3.6131,-5.1288,6.2648,-0.3332,231.792,6.27368161847571,22.585253826512556,-6.938100000000006,-6.803599999999996,2.4625000000000004,-1.2645,2.7681883064560475,9.717314678963527,0,02_14_83_2925_ego_83,0,2925,2920,2925,vehicle_vehicle,0.6054704788808625,0.02497140639653817,3.4476720368861087,3.4512454853284553,15.0,3.0,3.5,0.8,6.2876916272985275,22.6356898582747
2,83,2927,167,67.1453,-36.1415,231.792,2.1172,4.5925,-3.6131,-5.1288,1.7735,-0.9677,6.2648,-0.3332,-0.3365,-1.9921,car,83,67.1453,-36.1415,-3.6131,-5.1288,6.2648,-0.3332,231.792,6.27368161847571,22.585253826512556,0.0,0.0,0.0,0.0,0.0,0.0,1,02_14_83_2925_ego_83,1,2925,2920,2925,vehicle_vehicle,0.6054704788808625,0.02497140639653817,3.4476720368861087,3.4512454853284553,15.0,3.0,3.5,0.8,6.2876916272985275,22.6356898582747
2,86,2927,122,72.6462,-26.9574,210.8245,2.1226,4.8555,-4.7663,-3.1093,-0.0699,-1.7198,5.6863,-0.2278,0.9413,-1.441,car,83,67.1453,-36.1415,-3.6131,-5.1288,6.2648,-0.3332,231.792,6.27368161847571,22.585253826512556,5.500899999999987,9.1841,-1.1532,2.0195,2.32556455296343,10.70549361869876,0,02_14_83_2925_ego_83,0,2925,2920,2925,vehicle_vehicle,0.6054704788808625,0.02497140639653817,3.4476720368861087,3.4512454853284553,15.0,3.0,3.5,0.8,6.2876916272985275,22.6356898582747
2,14,2928,2928,70.1136,-37.9184,229.0992,2.5807,6.6415,-0.0,0.0,-0.0,0.0,0.0,0.0,0.0,0.0,truck,83,67.0015,-36.3476,-3.5412,-5.1685,6.2565,-0.3323,232.5424,6.265260544462616,22.554937960065416,3.1121000000000123,-1.5707999999999984,3.5412,5.1685,6.265260544462616,3.486054940760411,0,02_14_83_2925_ego_83,1,2925,2920,2925,vehicle_vehicle,0.6054704788808625,0.02497140639653817,3.4476720368861087,3.4512454853284553,15.0,3.0,3.5,0.8,6.2876916272985275,22.6356898582747
2,76,2928,327,62.2966,-53.8158,284.648,2.067,4.304,2.0706,-6.5281,1.9744,0.7086,6.8395,-0.3525,-0.1863,-2.0894,car,83,67.0015,-36.3476,-3.5412,-5.1685,6.2565,-0.3323,232.5424,6.265260544462616,22.554937960065416,-4.704899999999995,-17.468200000000003,5.611800000000001,-1.3596000000000004,5.774150275148717,18.09071848352077,0,02_14_83_2925_ego_83,0,2925,2920,2925,vehicle_vehicle,0.6054704788808625,0.02497140639653817,3.4476720368861087,3.4512454853284553,15.0,3.0,3.5,0.8,6.2876916272985275,22.6356898582747
2,79,2928,217,51.887,-46.1705,335.8257,2.301,5.8366,-0.0278,0.0202,0.0821,-0.0178,-0.0336,-0.007,0.0822,-0.0174,van,83,67.0015,-36.3476,-3.5412,-5.1685,6.2565,-0.3323,232.5424,6.265260544462616,22.554937960065416,-15.114499999999992,-9.822899999999997,3.5134,5.1887,6.266305709905957,18.0260221529876,0,02_14_83_2925_ego_83,0,2925,2920,2925,vehicle_vehicle,0.6054704788808625,0.02497140639653817,3.4476720368861087,3.4512454853284553,15.0,3.0,3.5,0.8,6.2876916272985275,22.6356898582747
2,82,2928,193,60.1633,-43.2012,257.6886,2.1699,4.6403,-1.085,-6.4147,1.7004,-0.5381,6.4985,-0.3077,0.1631,-1.776,car,83,67.0015,-36.3476,-3.5412,-5.1685,6.2565,-0.3323,232.5424,6.265260544462616,22.554937960065416,-6.838199999999993,-6.8536,2.4562,-1.2462,2.754257228364845,9.681570750658176,0,02_14_83_2925_ego_83,0,2925,2920,2925,vehicle_vehicle,0.6054704788808625,0.02497140639653817,3.4476720368861087,3.4512454853284553,15.0,3.0,3.5,0.8,6.2876916272985275,22.6356898582747
2,83,2928,168,67.0015,-36.3476,232.5424,2.1172,4.5925,-3.5412,-5.1685,1.8041,-0.9343,6.2565,-0.3323,-0.3555,-2.0003,car,83,67.0015,-36.3476,-3.5412,-5.1685,6.2565,-0.3323,232.5424,6.265260544462616,22.554937960065416,0.0,0.0,0.0,0.0,0.0,0.0,1,02_14_83_2925_ego_83,1,2925,2920,2925,vehicle_vehicle,0.6054704788808625,0.02497140639653817,3.4476720368861087,3.4512454853284553,15.0,3.0,3.5,0.8,6.2876916272985275,22.6356898582747
2,86,2928,123,72.4553,-27.0833,211.3561,2.1226,4.8555,-4.7706,-3.18,-0.0322,-1.7393,5.7286,-0.2331,0.9326,-1.4685,car,83,67.0015,-36.3476,-3.5412,-5.1685,6.2565,-0.3323,232.5424,6.265260544462616,22.554937960065416,5.453800000000001,9.264299999999999,-1.2294,1.9884999999999997,2.3378529915287656,10.75040412868279,0,02_14_83_2925_ego_83,0,2925,2920,2925,vehicle_vehicle,0.6054704788808625,0.02497140639653817,3.4476720368861087,3.4512454853284553,15.0,3.0,3.5,0.8,6.2876916272985275,22.6356898582747
2,14,2929,2929,70.1136,-37.9184,229.0992,2.5807,6.6415,-0.0,0.0,-0.0,0.0,0.0,0.0,0.0,0.0,truck,83,66.8603,-36.5556,-3.4677,-5.2067,6.2471,-0.3299,233.3136,6.255770790238401,22.520774844858245,3.25330000000001,-1.3628,3.4677,5.2067,6.255770790238401,3.5272063633986694,0,02_14_83_2925_ego_83,1,2925,2920,2925,vehicle_vehicle,0.6054704788808625,0.02497140639653817,3.4476720368861087,3.4512454853284553,15.0,3.0,3.5,0.8,6.2876916272985275,22.6356898582747
2,76,2929,328,62.3808,-54.076,285.3623,2.067,4.304,2.1505,-6.4997,1.9563,0.738,6.8371,-0.3517,-0.1934,-2.0819,car,83,66.8603,-36.5556,-3.4677,-5.2067,6.2471,-0.3299,233.3136,6.255770790238401,22.520774844858245,-4.4794999999999945,-17.520400000000002,5.6182,-1.2930000000000001,5.765068970966436,18.083980104224846,0,02_14_83_2925_ego_83,0,2925,2920,2925,vehicle_vehicle,0.6054704788808625,0.02497140639653817,3.4476720368861087,3.4512454853284553,15.0,3.0,3.5,0.8,6.2876916272985275,22.6356898582747
2,79,2929,218,51.8848,-46.1695,335.8317,2.301,5.8366,-0.0255,0.0205,0.0996,-0.0299,-0.0317,-0.0082,0.1031,-0.0135,van,83,66.8603,-36.5556,-3.4677,-5.2067,6.2471,-0.3299,233.3136,6.255770790238401,22.520774844858245,-14.975499999999997,-9.613900000000001,3.4421999999999997,5.2272,6.258782683557562,17.795861132858953,0,02_14_83_2925_ego_83,0,2925,2920,2925,vehicle_vehicle,0.6054704788808625,0.02497140639653817,3.4476720368861087,3.4512454853284553,15.0,3.0,3.5,0.8,6.2876916272985275,22.6356898582747
2,82,2929,194,60.1215,-43.4581,258.3304,2.1699,4.6403,-1.0199,-6.4359,1.6929,-0.5326,6.5091,-0.3029,0.1792,-1.7656,car,83,66.8603,-36.5556,-3.4677,-5.2067,6.2471,-0.3299,233.3136,6.255770790238401,22.520774844858245,-6.738799999999998,-6.902500000000003,2.4478,-1.2292000000000005,2.739097931801636,9.646550248145708,0,02_14_83_2925_ego_83,0,2925,2920,2925,vehicle_vehicle,0.6054704788808625,0.02497140639653817,3.4476720368861087,3.4512454853284553,15.0,3.0,3.5,0.8,6.2876916272985275,22.6356898582747
2,83,2929,169,66.8603,-36.5556,233.3136,2.1172,4.5925,-3.4677,-5.2067,1.8336,-0.9001,6.2471,-0.3299,-0.3737,-2.0081,car,83,66.8603,-36.5556,-3.4677,-5.2067,6.2471,-0.3299,233.3136,6.255770790238401,22.520774844858245,0.0,0.0,0.0,0.0,0.0,0.0,1,02_14_83_2925_ego_83,1,2925,2920,2925,vehicle_vehicle,0.6054704788808625,0.02497140639653817,3.4476720368861087,3.4512454853284553,15.0,3.0,3.5,0.8,6.2876916272985275,22.6356898582747
2,86,2929,124,72.2641,-27.2118,211.9053,2.1226,4.8555,-4.7733,-3.2514,0.0069,-1.7569,5.7705,-0.2374,0.9227,-1.4952,car,83,66.8603,-36.5556,-3.4677,-5.2067,6.2471,-0.3299,233.3136,6.255770790238401,22.520774844858245,5.403800000000004,9.343799999999998,-1.3056,1.9552999999999998,2.351125145542023,10.793871079459862,0,02_14_83_2925_ego_83,0,2925,2920,2925,vehicle_vehicle,0.6054704788808625,0.02497140639653817,3.4476720368861087,3.4512454853284553,15.0,3.0,3.5,0.8,6.2876916272985275,22.6356898582747
2,14,2930,2930,70.1136,-37.9184,229.0992,2.5807,6.6415,-0.0,0.0,-0.0,0.0,0.0,0.0,0.0,0.0,truck,83,66.7222,-36.7652,-3.3927,-5.2433,6.2367,-0.3256,234.106,6.245206816431302,22.482744539152687,3.3914000000000044,-1.1531999999999982,3.3927,5.2433,6.245206816431302,3.5821033206762793,0,02_14_83_2925_ego_83,1,2925,2920,2925,vehicle_vehicle,0.6054704788808625,0.02497140639653817,3.4476720368861087,3.4512454853284553,15.0,3.0,3.5,0.8,6.2876916272985275,22.6356898582747
2,76,2930,329,62.469,-54.3355,286.0864,2.067,4.304,2.2294,-6.47,1.9375,0.7673,6.8344,-0.3493,-0.2004,-2.0742,car,83,66.7222,-36.7652,-3.3927,-5.2433,6.2367,-0.3256,234.106,6.245206816431302,22.482744539152687,-4.2532,-17.570300000000003,5.6221,-1.2267000000000001,5.754372363690066,18.077752966837448,0,02_14_83_2925_ego_83,0,2925,2920,2925,vehicle_vehicle,0.6054704788808625,0.02497140639653817,3.4476720368861087,3.4512454853284553,15.0,3.0,3.5,0.8,6.2876916272985275,22.6356898582747
2,79,2930,219,51.8827,-46.1688,335.8369,2.301,5.8366,-0.0221,0.0203,0.1179,-0.043,-0.0285,-0.0094,0.1252,-0.009,van,83,66.7222,-36.7652,-3.3927,-5.2433,6.2367,-0.3256,234.106,6.245206816431302,22.482744539152687,-14.839500000000001,-9.403599999999997,3.3706,5.263599999999999,6.250314337695344,17.568108982187013,0,02_14_83_2925_ego_83,0,2925,2920,2925,vehicle_vehicle,0.6054704788808625,0.02497140639653817,3.4476720368861087,3.4512454853284553,15.0,3.0,3.5,0.8,6.2876916272985275,22.6356898582747
2,82,2930,195,60.082,-43.7158,258.9734,2.1699,4.6403,-0.9551,-6.4569,1.6882,-0.5274,6.5204,-0.2975,0.1947,-1.7579,car,83,66.7222,-36.7652,-3.3927,-5.2433,6.2367,-0.3256,234.106,6.245206816431302,22.482744539152687,-6.6402,-6.950600000000001,2.4376,-1.2136000000000005,2.722998112375402,9.612652932463547,0,02_14_83_2925_ego_83,0,2925,2920,2925,vehicle_vehicle,0.6054704788808625,0.02497140639653817,3.4476720368861087,3.4512454853284553,15.0,3.0,3.5,0.8,6.2876916272985275,22.6356898582747
2,83,2930,170,66.7222,-36.7652,234.106,2.1172,4.5925,-3.3927,-5.2433,1.8616,-0.8651,6.2367,-0.3256,-0.3906,-2.0153,car,83,66.7222,-36.7652,-3.3927,-5.2433,6.2367,-0.3256,234.106,6.245206816431302,22.482744539152687,0.0,0.0,0.0,0.0,0.0,0.0,1,02_14_83_2925_ego_83,1,2925,2920,2925,vehicle_vehicle,0.6054704788808625,0.02497140639653817,3.4476720368861087,3.4512454853284553,15.0,3.0,3.5,0.8,6.2876916272985275,22.6356898582747
2,86,2930,125,72.0727,-27.3431,212.4698,2.1226,4.8555,-4.7742,-3.3236,0.0473,-1.7727,5.8121,-0.241,0.9117,-1.521,car,83,66.7222,-36.7652,-3.3927,-5.2433,6.2367,-0.3256,234.106,6.245206816431302,22.482744539152687,5.350499999999997,9.4221,-1.3815000000000004,1.9196999999999997,2.365119519178682,10.835304271685219,0,02_14_83_2925_ego_83,0,2925,2920,2925,vehicle_vehicle,0.6054704788808625,0.02497140639653817,3.4476720368861087,3.4512454853284553,15.0,3.0,3.5,0.8,6.2876916272985275,22.6356898582747
2,14,2931,2931,70.1136,-37.9184,229.0992,2.5807,6.6415,-0.0,0.0,-0.0,0.0,0.0,0.0,0.0,0.0,truck,83,66.587,-36.9765,-3.3162,-5.2782,6.2253,-0.3197,234.9193,6.233504446136219,22.440616006090387,3.526600000000002,-0.9418999999999969,3.3162,5.2782,6.233504446136219,3.6502168661601475,0,02_14_83_2925_ego_83,1,2925,2920,2925,vehicle_vehicle,0.6054704788808625,0.02497140639653817,3.4476720368861087,3.4512454853284553,15.0,3.0,3.5,0.8,6.2876916272985275,22.6356898582747
2,76,2931,330,62.5609,-54.5941,286.8196,2.067,4.304,2.307,-6.4391,1.9182,0.7964,6.8312,-0.3451,-0.2073,-2.0666,car,83,66.587,-36.9765,-3.3162,-5.2782,6.2253,-0.3197,234.9193,6.233504446136219,22.440616006090387,-4.026100000000007,-17.617599999999996,5.6232,-1.1608999999999998,5.741782567286922,18.0717821747054,0,02_14_83_2925_ego_83,0,2925,2920,2925,vehicle_vehicle,0.6054704788808625,0.02497140639653817,3.4476720368861087,3.4512454853284553,15.0,3.0,3.5,0.8,6.2876916272985275,22.6356898582747
2,79,2931,220,51.8812,-46.1678,335.8397,2.301,5.8366,-0.0177,0.0195,0.1367,-0.0572,-0.0241,-0.0105,0.1481,-0.0038,van,83,66.587,-36.9765,-3.3162,-5.2782,6.2253,-0.3197,234.9193,6.233504446136219,22.440616006090387,-14.705800000000004,-9.191299999999998,3.2984999999999998,5.2977,6.240651211211856,17.341872716924204,0,02_14_83_2925_ego_83,0,2925,2920,2925,vehicle_vehicle,0.6054704788808625,0.02497140639653817,3.4476720368861087,3.4512454853284553,15.0,3.0,3.5,0.8,6.2876916272985275,22.6356898582747
2,82,2931,196,60.0448,-43.9741,259.6154,2.1699,4.6403,-0.8903,-6.4779,1.6864,-0.5223,6.5323,-0.292,0.2098,-1.7529,car,83,66.587,-36.9765,-3.3162,-5.2782,6.2253,-0.3197,234.9193,6.233504446136219,22.440616006090387,-6.542200000000001,-6.9975999999999985,2.4259,-1.1997,2.7063390216305128,9.579498243645123,0,02_14_83_2925_ego_83,0,2925,2920,2925,vehicle_vehicle,0.6054704788808625,0.02497140639653817,3.4476720368861087,3.4512454853284553,15.0,3.0,3.5,0.8,6.2876916272985275,22.6356898582747
2,83,2931,171,66.587,-36.9765,234.9193,2.1172,4.5925,-3.3162,-5.2782,1.8878,-0.8298,6.2253,-0.3197,-0.4059,-2.0217,car,83,66.587,-36.9765,-3.3162,-5.2782,6.2253,-0.3197,234.9193,6.233504446136219,22.440616006090387,0.0,0.0,0.0,0.0,0.0,0.0,1,02_14_83_2925_ego_83,1,2925,2920,2925,vehicle_vehicle,0.6054704788808625,0.02497140639653817,3.4476720368861087,3.4512454853284553,15.0,3.0,3.5,0.8,6.2876916272985275,22.6356898582747
2,86,2931,126,71.8813,-27.4771,213.0472,2.1226,4.8555,-4.7732,-3.3965,0.0888,-1.7865,5.8533,-0.2441,0.8998,-1.5459,car,83,66.587,-36.9765,-3.3162,-5.2782,6.2253,-0.3197,234.9193,6.233504446136219,22.440616006090387,5.294299999999993,9.499400000000001,-1.4570000000000003,1.8817,2.379841148060097,10.875118980958321,0,02_14_83_2925_ego_83,0,2925,2920,2925,vehicle_vehicle,0.6054704788808625,0.02497140639653817,3.4476720368861087,3.4512454853284553,15.0,3.0,3.5,0.8,6.2876916272985275,22.6356898582747
2,14,2932,2932,70.1136,-37.9184,229.0992,2.5807,6.6415,-0.0,0.0,-0.0,0.0,0.0,0.0,0.0,0.0,truck,83,66.4545,-37.1891,-3.2381,-5.3113,6.2126,-0.3137,235.7394,6.220546543512073,22.393967556643464,3.6591000000000093,-0.729299999999995,3.2381,5.3113,6.220546543512073,3.731071066061334,0,02_14_83_2925_ego_83,1,2925,2920,2925,vehicle_vehicle,0.6054704788808625,0.02497140639653817,3.4476720368861087,3.4512454853284553,15.0,3.0,3.5,0.8,6.2876916272985275,22.6356898582747
2,76,2932,331,62.6557,-54.8513,287.5617,2.067,4.304,2.3835,-6.4069,1.8991,0.8252,6.8274,-0.3393,-0.2137,-2.0595,car,83,66.4545,-37.1891,-3.2381,-5.3113,6.2126,-0.3137,235.7394,6.220546543512073,22.393967556643464,-3.798799999999993,-17.6622,5.621600000000001,-1.0956000000000001,5.727366403505193,18.0661061183643,0,02_14_83_2925_ego_83,0,2925,2920,2925,vehicle_vehicle,0.6054704788808625,0.02497140639653817,3.4476720368861087,3.4512454853284553,15.0,3.0,3.5,0.8,6.2876916272985275,22.6356898582747
2,79,2932,221,51.8802,-46.1667,335.8414,2.301,5.8366,-0.0123,0.018,0.1556,-0.0721,-0.0186,-0.0113,0.1715,0.0021,van,83,66.4545,-37.1891,-3.2381,-5.3113,6.2126,-0.3137,235.7394,6.220546543512073,22.393967556643464,-14.574299999999994,-8.977599999999995,3.2258,5.3293,6.229544456057762,17.11746249448205,0,02_14_83_2925_ego_83,0,2925,2920,2925,vehicle_vehicle,0.6054704788808625,0.02497140639653817,3.4476720368861087,3.4512454853284553,15.0,3.0,3.5,0.8,6.2876916272985275,22.6356898582747
2,82,2932,197,60.0102,-44.2335,260.2585,2.1699,4.6403,-0.8255,-6.4987,1.6873,-0.5173,6.5447,-0.286,0.2244,-1.7505,car,83,66.4545,-37.1891,-3.2381,-5.3113,6.2126,-0.3137,235.7394,6.220546543512073,22.393967556643464,-6.444299999999998,-7.044399999999996,2.4126000000000003,-1.1874000000000002,2.6889696019107396,9.547385707616506,0,02_14_83_2925_ego_83,0,2925,2920,2925,vehicle_vehicle,0.6054704788808625,0.02497140639653817,3.4476720368861087,3.4512454853284553,15.0,3.0,3.5,0.8,6.2876916272985275,22.6356898582747
2,83,2932,172,66.4545,-37.1891,235.7394,2.1172,4.5925,-3.2381,-5.3113,1.9116,-0.7943,6.2126,-0.3137,-0.4197,-2.0271,car,83,66.4545,-37.1891,-3.2381,-5.3113,6.2126,-0.3137,235.7394,6.220546543512073,22.393967556643464,0.0,0.0,0.0,0.0,0.0,0.0,1,02_14_83_2925_ego_83,1,2925,2920,2925,vehicle_vehicle,0.6054704788808625,0.02497140639653817,3.4476720368861087,3.4512454853284553,15.0,3.0,3.5,0.8,6.2876916272985275,22.6356898582747
2,86,2932,127,71.6899,-27.6143,213.6367,2.1226,4.8555,-4.7704,-3.4701,0.1311,-1.7981,5.8939,-0.2466,0.8869,-1.5697,car,83,66.4545,-37.1891,-3.2381,-5.3113,6.2126,-0.3137,235.7394,6.220546543512073,22.393967556643464,5.2353999999999985,9.574800000000003,-1.5323000000000002,1.8412000000000002,2.395404084909267,10.912662745636375,0,02_14_83_2925_ego_83,0,2925,2920,2925,vehicle_vehicle,0.6054704788808625,0.02497140639653817,3.4476720368861087,3.4512454853284553,15.0,3.0,3.5,0.8,6.2876916272985275,22.6356898582747
2,14,2933,2933,70.1136,-37.9184,229.0992,2.5807,6.6415,-0.0,0.0,0.0,-0.0,0.0,0.0,-0.0,-0.0,truck,83,66.3258,-37.4031,-3.1588,-5.3426,6.1988,-0.3097,236.5457,6.206560416204775,22.343617498337192,3.7878000000000043,-0.5152999999999963,3.1588,5.3426,6.206560416204775,3.822690535473677,0,02_14_83_2925_ego_83,1,2925,2920,2925,vehicle_vehicle,0.6054704788808625,0.02497140639653817,3.4476720368861087,3.4512454853284553,15.0,3.0,3.5,0.8,6.2876916272985275,22.6356898582747
2,76,2933,332,62.7538,-55.1072,288.3097,2.067,4.304,2.4587,-6.3734,1.8804,0.8536,6.8231,-0.332,-0.2197,-2.0533,car,83,66.3258,-37.4031,-3.1588,-5.3426,6.1988,-0.3097,236.5457,6.206560416204775,22.343617498337192,-3.5720000000000027,-17.704099999999997,5.6175,-1.0308000000000002,5.711291875749303,18.060851054421548,0,02_14_83_2925_ego_83,0,2925,2920,2925,vehicle_vehicle,0.6054704788808625,0.02497140639653817,3.4476720368861087,3.4512454853284553,15.0,3.0,3.5,0.8,6.2876916272985275,22.6356898582747
2,79,2933,222,51.8794,-46.1654,335.8406,2.301,5.8366,-0.0061,0.0156,0.1746,-0.0877,-0.0119,-0.0118,0.1952,0.0086,van,83,66.3258,-37.4031,-3.1588,-5.3426,6.1988,-0.3097,236.5457,6.206560416204775,22.343617498337192,-14.446400000000004,-8.762299999999996,3.1527,5.3582,6.2168983046210435,16.8960461129224,0,02_14_83_2925_ego_83,0,2925,2920,2925,vehicle_vehicle,0.6054704788808625,0.02497140639653817,3.4476720368861087,3.4512454853284553,15.0,3.0,3.5,0.8,6.2876916272985275,22.6356898582747
2,82,2933,198,59.9778,-44.4934,260.8945,2.1699,4.6403,-0.7603,-6.5196,1.6906,-0.5123,6.5577,-0.281,0.2383,-1.7504,car,83,66.3258,-37.4031,-3.1588,-5.3426,6.1988,-0.3097,236.5457,6.206560416204775,22.343617498337192,-6.347999999999999,-7.090299999999999,2.3985,-1.1769999999999996,2.671728139238721,9.516798731191072,0,02_14_83_2925_ego_83,0,2925,2920,2925,vehicle_vehicle,0.6054704788808625,0.02497140639653817,3.4476720368861087,3.4512454853284553,15.0,3.0,3.5,0.8,6.2876916272985275,22.6356898582747
2,83,2933,173,66.3258,-37.4031,236.5457,2.1172,4.5925,-3.1588,-5.3426,1.9327,-0.7591,6.1988,-0.3097,-0.4321,-2.031,car,83,66.3258,-37.4031,-3.1588,-5.3426,6.1988,-0.3097,236.5457,6.206560416204775,22.343617498337192,0.0,0.0,0.0,0.0,0.0,0.0,1,02_14_83_2925_ego_83,1,2925,2920,2925,vehicle_vehicle,0.6054704788808625,0.02497140639653817,3.4476720368861087,3.4512454853284553,15.0,3.0,3.5,0.8,6.2876916272985275,22.6356898582747
2,86,2933,128,71.4988,-27.7546,214.2398,2.1226,4.8555,-4.7658,-3.5441,0.1742,-1.8078,5.9339,-0.2483,0.8732,-1.5925,car,83,66.3258,-37.4031,-3.1588,-5.3426,6.1988,-0.3097,236.5457,6.206560416204775,22.343617498337192,5.173000000000002,9.648500000000002,-1.6069999999999998,1.7985000000000002,2.4118563908325887,10.947761472100133,0,02_14_83_2925_ego_83,0,2925,2920,2925,vehicle_vehicle,0.6054704788808625,0.02497140639653817,3.4476720368861087,3.4512454853284553,15.0,3.0,3.5,0.8,6.2876916272985275,22.6356898582747
2,14,2934,2934,70.1136,-37.9184,229.0992,2.5807,6.6415,-0.0,0.0,0.0,-0.0,0.0,0.0,-0.0,-0.0,truck,83,66.201,-37.6189,-3.0786,-5.3719,6.184,-0.3056,237.354,6.191533539439159,22.289520741980972,3.912600000000012,-0.2995000000000019,3.0786,5.3719,6.191533539439159,3.9240462548242334,0,02_14_83_2925_ego_83,1,2925,2920,2925,vehicle_vehicle,0.6054704788808625,0.02497140639653817,3.4476720368861087,3.4512454853284553,15.0,3.0,3.5,0.8,6.2876916272985275,22.6356898582747
2,76,2934,333,62.8546,-55.3611,289.055,2.067,4.304,2.5328,-6.3389,1.8626,0.8816,6.8185,-0.3245,-0.2252,-2.0483,car,83,66.201,-37.6189,-3.0786,-5.3719,6.184,-0.3056,237.354,6.191533539439159,22.289520741980972,-3.3463999999999956,-17.742200000000004,5.6114,-0.9669999999999996,5.694110901624589,18.055028490700316,0,02_14_83_2925_ego_83,0,2925,2920,2925,vehicle_vehicle,0.6054704788808625,0.02497140639653817,3.4476720368861087,3.4512454853284553,15.0,3.0,3.5,0.8,6.2876916272985275,22.6356898582747
2,79,2934,223,51.879,-46.1643,335.8362,2.301,5.8366,0.0011,0.0124,0.1934,-0.1038,-0.0041,-0.0118,0.219,0.0155,van,83,66.201,-37.6189,-3.0786,-5.3719,6.184,-0.3056,237.354,6.191533539439159,22.289520741980972,-14.321999999999996,-8.5454,3.0797,5.3843000000000005,6.2028411699800925,16.677636078293585,0,02_14_83_2925_ego_83,0,2925,2920,2925,vehicle_vehicle,0.6054704788808625,0.02497140639653817,3.4476720368861087,3.4512454853284553,15.0,3.0,3.5,0.8,6.2876916272985275,22.6356898582747
2,82,2934,199,59.948,-44.7544,261.5283,2.1699,4.6403,-0.6947,-6.5403,1.6961,-0.5071,6.5713,-0.2764,0.2517,-1.7523,car,83,66.201,-37.6189,-3.0786,-5.3719,6.184,-0.3056,237.354,6.191533539439159,22.289520741980972,-6.252999999999993,-7.1355,2.3838999999999997,-1.1684,2.654832908113051,9.487642976524777,0,02_14_83_2925_ego_83,0,2925,2920,2925,vehicle_vehicle,0.6054704788808625,0.02497140639653817,3.4476720368861087,3.4512454853284553,15.0,3.0,3.5,0.8,6.2876916272985275,22.6356898582747
2,83,2934,174,66.201,-37.6189,237.354,2.1172,4.5925,-3.0786,-5.3719,1.951,-0.7247,6.184,-0.3056,-0.4422,-2.0337,car,83,66.201,-37.6189,-3.0786,-5.3719,6.184,-0.3056,237.354,6.191533539439159,22.289520741980972,0.0,0.0,0.0,0.0,0.0,0.0,1,02_14_83_2925_ego_83,1,2925,2920,2925,vehicle_vehicle,0.6054704788808625,0.02497140639653817,3.4476720368861087,3.4512454853284553,15.0,3.0,3.5,0.8,6.2876916272985275,22.6356898582747
2,86,2934,129,71.3075,-27.8979,214.8589,2.1226,4.8555,-4.7591,-3.6184,0.2176,-1.8153,5.9733,-0.249,0.859,-1.614,car,83,66.201,-37.6189,-3.0786,-5.3719,6.184,-0.3056,237.354,6.191533539439159,22.289520741980972,5.106500000000011,9.720999999999997,-1.6805000000000003,1.7535000000000003,2.4287532810065335,10.980627634611787,0,02_14_83_2925_ego_83,0,2925,2920,2925,vehicle_vehicle,0.6054704788808625,0.02497140639653817,3.4476720368861087,3.4512454853284553,15.0,3.0,3.5,0.8,6.2876916272985275,22.6356898582747
2,14,2935,2935,70.1136,-37.9184,229.0992,2.5807,6.6415,-0.0,0.0,0.0,-0.0,0.0,0.0,-0.0,-0.0,truck,83,66.0796,-37.8358,-2.9978,-5.3992,6.1682,-0.303,238.1478,6.175610534999759,22.232197925999134,4.034000000000006,-0.08259999999999934,2.9978,5.3992,6.175610534999759,4.034845568296269,0,02_14_83_2925_ego_83,1,2925,2920,2925,vehicle_vehicle,0.6054704788808625,0.02497140639653817,3.4476720368861087,3.4512454853284553,15.0,3.0,3.5,0.8,6.2876916272985275,22.6356898582747
2,76,2935,334,62.9579,-55.6133,289.7885,2.067,4.304,2.606,-6.3035,1.846,0.9093,6.8136,-0.3181,-0.2307,-2.0449,car,83,66.0796,-37.8358,-2.9978,-5.3992,6.1682,-0.303,238.1478,6.175610534999759,22.232197925999134,-3.121699999999997,-17.777500000000003,5.6038,-0.9042999999999992,5.67629570494702,18.049501852959825,0,02_14_83_2925_ego_83,0,2925,2920,2925,vehicle_vehicle,0.6054704788808625,0.02497140639653817,3.4476720368861087,3.4512454853284553,15.0,3.0,3.5,0.8,6.2876916272985275,22.6356898582747
2,79,2935,224,51.8788,-46.1626,335.8369,2.301,5.8366,0.0091,0.0081,0.2121,-0.1199,0.005,-0.0111,0.2426,0.0225,van,83,66.0796,-37.8358,-2.9978,-5.3992,6.1682,-0.303,238.1478,6.175610534999759,22.232197925999134,-14.200800000000001,-8.326799999999999,3.0069,5.4073,6.187110868571857,16.462026572691467,0,02_14_83_2925_ego_83,0,2925,2920,2925,vehicle_vehicle,0.6054704788808625,0.02497140639653817,3.4476720368861087,3.4512454853284553,15.0,3.0,3.5,0.8,6.2876916272985275,22.6356898582747
2,82,2935,200,59.9201,-45.016,262.1653,2.1699,4.6403,-0.6283,-6.561,1.7034,-0.5016,6.5854,-0.2719,0.2648,-1.7559,car,83,66.0796,-37.8358,-2.9978,-5.3992,6.1682,-0.303,238.1478,6.175610534999759,22.232197925999134,-6.159500000000001,-7.180199999999999,2.3695,-1.1617999999999995,2.6389978192488144,9.460164495927119,0,02_14_83_2925_ego_83,0,2925,2920,2925,vehicle_vehicle,0.6054704788808625,0.02497140639653817,3.4476720368861087,3.4512454853284553,15.0,3.0,3.5,0.8,6.2876916272985275,22.6356898582747
2,83,2935,175,66.0796,-37.8358,238.1478,2.1172,4.5925,-2.9978,-5.3992,1.9664,-0.6917,6.1682,-0.303,-0.4502,-2.0353,car,83,66.0796,-37.8358,-2.9978,-5.3992,6.1682,-0.303,238.1478,6.175610534999759,22.232197925999134,0.0,0.0,0.0,0.0,0.0,0.0,1,02_14_83_2925_ego_83,1,2925,2920,2925,vehicle_vehicle,0.6054704788808625,0.02497140639653817,3.4476720368861087,3.4512454853284553,15.0,3.0,3.5,0.8,6.2876916272985275,22.6356898582747
2,86,2935,130,71.1172,-28.0446,215.4876,2.1226,4.8555,-4.7506,-3.6929,0.2613,-1.821,6.012,-0.249,0.8443,-1.6344,car,83,66.0796,-37.8358,-2.9978,-5.3992,6.1682,-0.303,238.1478,6.175610534999759,22.232197925999134,5.037599999999998,9.7912,-1.7528000000000006,1.7063000000000006,2.4461740596286283,11.011131240703653,0,02_14_83_2925_ego_83,0,2925,2920,2925,vehicle_vehicle,0.6054704788808625,0.02497140639653817,3.4476720368861087,3.4512454853284553,15.0,3.0,3.5,0.8,6.2876916272985275,22.6356898582747
2,14,2936,2936,70.1136,-37.9184,229.0992,2.5807,6.6415,-0.0,0.0,0.0,-0.0,0.0,0.0,-0.0,-0.0,truck,83,65.9615,-38.0537,-2.9164,-5.4247,6.1516,-0.3011,238.9349,6.158957626904085,22.172247456854706,4.152100000000004,0.13530000000000086,2.9164,5.4247,6.158957626904085,4.154303852632838,0,02_14_83_2925_ego_83,1,2925,2920,2925,vehicle_vehicle,0.6054704788808625,0.02497140639653817,3.4476720368861087,3.4512454853284553,15.0,3.0,3.5,0.8,6.2876916272985275,22.6356898582747
2,76,2936,335,63.0636,-55.8644,290.5229,2.067,4.304,2.6786,-6.2672,1.8308,0.9371,6.8085,-0.3114,-0.2358,-2.0431,car,83,65.9615,-38.0537,-2.9164,-5.4247,6.1516,-0.3011,238.9349,6.158957626904085,22.172247456854706,-2.8979,-17.810700000000004,5.595,-0.8425000000000002,5.658076638752783,18.044912271884286,0,02_14_83_2925_ego_83,0,2925,2920,2925,vehicle_vehicle,0.6054704788808625,0.02497140639653817,3.4476720368861087,3.4512454853284553,15.0,3.0,3.5,0.8,6.2876916272985275,22.6356898582747
2,79,2936,225,51.8788,-46.1607,335.8359,2.301,5.8366,0.0181,0.0024,0.2303,-0.1354,0.0156,-0.0096,0.2656,0.0292,van,83,65.9615,-38.0537,-2.9164,-5.4247,6.1516,-0.3011,238.9349,6.158957626904085,22.172247456854706,-14.082700000000003,-8.107,2.9345,5.427099999999999,6.169660011702427,16.24948886242272,0,02_14_83_2925_ego_83,0,2925,2920,2925,vehicle_vehicle,0.6054704788808625,0.02497140639653817,3.4476720368861087,3.4512454853284553,15.0,3.0,3.5,0.8,6.2876916272985275,22.6356898582747
2,82,2936,201,59.895,-45.2785,262.7925,2.1699,4.6403,-0.5611,-6.5816,1.7118,-0.4957,6.6,-0.2691,0.277,-1.7605,car,83,65.9615,-38.0537,-2.9164,-5.4247,6.1516,-0.3011,238.9349,6.158957626904085,22.172247456854706,-6.066499999999998,-7.224800000000002,2.3552999999999997,-1.1569000000000003,2.624091404658001,9.433989468406248,0,02_14_83_2925_ego_83,0,2925,2920,2925,vehicle_vehicle,0.6054704788808625,0.02497140639653817,3.4476720368861087,3.4512454853284553,15.0,3.0,3.5,0.8,6.2876916272985275,22.6356898582747
2,83,2936,176,65.9615,-38.0537,238.9349,2.1172,4.5925,-2.9164,-5.4247,1.9791,-0.6605,6.1516,-0.3011,-0.4555,-2.0361,car,83,65.9615,-38.0537,-2.9164,-5.4247,6.1516,-0.3011,238.9349,6.158957626904085,22.172247456854706,0.0,0.0,0.0,0.0,0.0,0.0,1,02_14_83_2925_ego_83,1,2925,2920,2925,vehicle_vehicle,0.6054704788808625,0.02497140639653817,3.4476720368861087,3.4512454853284553,15.0,3.0,3.5,0.8,6.2876916272985275,22.6356898582747
2,86,2936,131,70.927,-28.1942,216.1246,2.1226,4.8555,-4.7403,-3.7674,0.3052,-1.8249,6.0499,-0.2485,0.8293,-1.654,car,83,65.9615,-38.0537,-2.9164,-5.4247,6.1516,-0.3011,238.9349,6.158957626904085,22.172247456854706,4.965500000000006,9.8595,-1.8239000000000005,1.6572999999999998,2.464397390844261,11.039290307805121,0,02_14_83_2925_ego_83,0,2925,2920,2925,vehicle_vehicle,0.6054704788808625,0.02497140639653817,3.4476720368861087,3.4512454853284553,15.0,3.0,3.5,0.8,6.2876916272985275,22.6356898582747
2,14,2937,2937,70.1136,-37.9184,229.0992,2.5807,6.6415,-0.0,0.0,0.0,-0.0,0.0,0.0,-0.0,-0.0,truck,83,65.8466,-38.272,-2.8346,-5.4486,6.1345,-0.3004,239.7108,6.141840043504878,22.11062415661756,4.26700000000001,0.35360000000000014,2.8346,5.4486,6.141840043504878,4.281626088298706,0,02_14_83_2925_ego_83,1,2925,2920,2925,vehicle_vehicle,0.6054704788808625,0.02497140639653817,3.4476720368861087,3.4512454853284553,15.0,3.0,3.5,0.8,6.2876916272985275,22.6356898582747
2,76,2937,336,63.1723,-56.114,291.2617,2.067,4.304,2.7505,-6.2299,1.8168,0.9649,6.8033,-0.3041,-0.2404,-2.0431,car,83,65.8466,-38.272,-2.8346,-5.4486,6.1345,-0.3004,239.7108,6.141840043504878,22.11062415661756,-2.6742999999999952,-17.842,5.585100000000001,-0.7812999999999999,5.639483283067697,18.041309389564827,0,02_14_83_2925_ego_83,0,2925,2920,2925,vehicle_vehicle,0.6054704788808625,0.02497140639653817,3.4476720368861087,3.4512454853284553,15.0,3.0,3.5,0.8,6.2876916272985275,22.6356898582747
2,79,2937,226,51.8793,-46.1587,335.8292,2.301,5.8366,0.028,-0.0047,0.2479,-0.1496,0.0275,-0.0072,0.2875,0.035,van,83,65.8466,-38.272,-2.8346,-5.4486,6.1345,-0.3004,239.7108,6.141840043504878,22.11062415661756,-13.967299999999994,-7.886700000000005,2.8626,5.4439,6.150652483273625,16.04012176325354,0,02_14_83_2925_ego_83,0,2925,2920,2925,vehicle_vehicle,0.6054704788808625,0.02497140639653817,3.4476720368861087,3.4512454853284553,15.0,3.0,3.5,0.8,6.2876916272985275,22.6356898582747
2,82,2937,202,59.873,-45.5417,263.4062,2.1699,4.6403,-0.4931,-6.6021,1.721,-0.4891,6.6151,-0.2682,0.2883,-1.7658,car,83,65.8466,-38.272,-2.8346,-5.4486,6.1345,-0.3004,239.7108,6.141840043504878,22.11062415661756,-5.973599999999998,-7.2697,2.3415,-1.1535000000000002,2.6102077503524503,9.409167606648314,0,02_14_83_2925_ego_83,0,2925,2920,2925,vehicle_vehicle,0.6054704788808625,0.02497140639653817,3.4476720368861087,3.4512454853284553,15.0,3.0,3.5,0.8,6.2876916272985275,22.6356898582747
2,83,2937,177,65.8466,-38.272,239.7108,2.1172,4.5925,-2.8346,-5.4486,1.9891,-0.6317,6.1345,-0.3004,-0.4578,-2.0361,car,83,65.8466,-38.272,-2.8346,-5.4486,6.1345,-0.3004,239.7108,6.141840043504878,22.11062415661756,0.0,0.0,0.0,0.0,0.0,0.0,1,02_14_83_2925_ego_83,1,2925,2920,2925,vehicle_vehicle,0.6054704788808625,0.02497140639653817,3.4476720368861087,3.4512454853284553,15.0,3.0,3.5,0.8,6.2876916272985275,22.6356898582747
2,86,2937,132,70.7374,-28.3466,216.7739,2.1226,4.8555,-4.728,-3.8419,0.3491,-1.8272,6.0872,-0.2469,0.8142,-1.6726,car,83,65.8466,-38.272,-2.8346,-5.4486,6.1345,-0.3004,239.7108,6.141840043504878,22.11062415661756,4.890799999999999,9.9254,-1.8933999999999997,1.6067,2.4832334666720324,11.064966778079363,0,02_14_83_2925_ego_83,0,2925,2920,2925,vehicle_vehicle,0.6054704788808625,0.02497140639653817,3.4476720368861087,3.4512454853284553,15.0,3.0,3.5,0.8,6.2876916272985275,22.6356898582747
2,14,2938,2938,70.1136,-37.9184,229.0992,2.5807,6.6415,-0.0,0.0,0.0,-0.0,0.0,0.0,-0.0,-0.0,truck,83,65.7353,-38.4913,-2.7526,-5.4711,6.1171,-0.3013,240.4717,6.124519733824033,22.04827104176652,4.37830000000001,0.5729000000000042,2.7526,5.4711,6.124519733824033,4.41562286659539,0,02_14_83_2925_ego_83,1,2925,2920,2925,vehicle_vehicle,0.6054704788808625,0.02497140639653817,3.4476720368861087,3.4512454853284553,15.0,3.0,3.5,0.8,6.2876916272985275,22.6356898582747
2,76,2938,337,63.2832,-56.3626,291.9717,2.067,4.304,2.822,-6.1914,1.8041,0.9929,6.7976,-0.3006,-0.2458,-2.0446,car,83,65.7353,-38.4913,-2.7526,-5.4711,6.1171,-0.3013,240.4717,6.124519733824033,22.04827104176652,-2.4520999999999944,-17.871299999999998,5.5746,-0.7202999999999999,5.620942736765782,18.03874047986721,0,02_14_83_2925_ego_83,0,2925,2920,2925,vehicle_vehicle,0.6054704788808625,0.02497140639653817,3.4476720368861087,3.4512454853284553,15.0,3.0,3.5,0.8,6.2876916272985275,22.6356898582747
2,79,2938,227,51.8798,-46.1579,335.8279,2.301,5.8366,0.039,-0.0128,0.2647,-0.162,0.0408,-0.0043,0.3078,0.0394,van,83,65.7353,-38.4913,-2.7526,-5.4711,6.1171,-0.3013,240.4717,6.124519733824033,22.04827104176652,-13.855499999999992,-7.666599999999995,2.7916000000000003,5.4582999999999995,6.130747870366225,15.835139273463929,0,02_14_83_2925_ego_83,0,2925,2920,2925,vehicle_vehicle,0.6054704788808625,0.02497140639653817,3.4476720368861087,3.4512454853284553,15.0,3.0,3.5,0.8,6.2876916272985275,22.6356898582747
2,82,2938,203,59.8538,-45.8063,264.0295,2.1699,4.6403,-0.4245,-6.6223,1.7305,-0.4819,6.6305,-0.2666,0.2992,-1.7713,car,83,65.7353,-38.4913,-2.7526,-5.4711,6.1171,-0.3013,240.4717,6.124519733824033,22.04827104176652,-5.8814999999999955,-7.314999999999998,2.3281,-1.1512000000000002,2.5971736657374302,9.386227530270078,0,02_14_83_2925_ego_83,0,2925,2920,2925,vehicle_vehicle,0.6054704788808625,0.02497140639653817,3.4476720368861087,3.4512454853284553,15.0,3.0,3.5,0.8,6.2876916272985275,22.6356898582747
2,83,2938,178,65.7353,-38.4913,240.4717,2.1172,4.5925,-2.7526,-5.4711,1.9965,-0.6055,6.1171,-0.3013,-0.4571,-2.0357,car,83,65.7353,-38.4913,-2.7526,-5.4711,6.1171,-0.3013,240.4717,6.124519733824033,22.04827104176652,0.0,0.0,0.0,0.0,0.0,0.0,1,02_14_83_2925_ego_83,1,2925,2920,2925,vehicle_vehicle,0.6054704788808625,0.02497140639653817,3.4476720368861087,3.4512454853284553,15.0,3.0,3.5,0.8,6.2876916272985275,22.6356898582747
2,86,2938,133,70.5483,-28.5022,217.4332,2.1226,4.8555,-4.714,-3.9164,0.393,-1.828,6.1237,-0.2445,0.7991,-1.6904,car,83,65.7353,-38.4913,-2.7526,-5.4711,6.1171,-0.3013,240.4717,6.124519733824033,22.04827104176652,4.813000000000002,9.989100000000004,-1.9614000000000003,1.5547,2.5028348027786413,11.088150784057733,0,02_14_83_2925_ego_83,0,2925,2920,2925,vehicle_vehicle,0.6054704788808625,0.02497140639653817,3.4476720368861087,3.4512454853284553,15.0,3.0,3.5,0.8,6.2876916272985275,22.6356898582747
2,14,2939,2939,70.1136,-37.9184,229.0992,2.5807,6.6415,-0.0,0.0,0.0,-0.0,0.0,0.0,-0.0,-0.0,truck,83,65.6272,-38.711,-2.6705,-5.4923,6.0996,-0.3038,241.2182,6.107121215433668,21.985636375561203,4.486400000000003,0.7926000000000002,2.6705,5.4923,6.107121215433668,4.555875296800827,0,02_14_83_2925_ego_83,1,2925,2920,2925,vehicle_vehicle,0.6054704788808625,0.02497140639653817,3.4476720368861087,3.4512454853284553,15.0,3.0,3.5,0.8,6.2876916272985275,22.6356898582747
2,76,2939,338,63.3972,-56.6098,292.6649,2.067,4.304,2.8933,-6.1517,1.7924,1.021,6.7915,-0.2993,-0.2514,-2.0474,car,83,65.6272,-38.711,-2.6705,-5.4923,6.0996,-0.3038,241.2182,6.107121215433668,21.985636375561203,-2.230000000000004,-17.8988,5.5638000000000005,-0.6593999999999998,5.602738508979337,18.037182192349228,0,02_14_83_2925_ego_83,0,2925,2920,2925,vehicle_vehicle,0.6054704788808625,0.02497140639653817,3.4476720368861087,3.4512454853284553,15.0,3.0,3.5,0.8,6.2876916272985275,22.6356898582747
2,79,2939,228,51.8803,-46.1578,335.8176,2.301,5.8366,0.0511,-0.0217,0.2801,-0.1721,0.0555,-0.0011,0.326,0.0422,van,83,65.6272,-38.711,-2.6705,-5.4923,6.0996,-0.3038,241.2182,6.107121215433668,21.985636375561203,-13.746900000000004,-7.446800000000003,2.7216,5.4706,6.110202199600272,15.63432409316118,0,02_14_83_2925_ego_83,0,2925,2920,2925,vehicle_vehicle,0.6054704788808625,0.02497140639653817,3.4476720368861087,3.4512454853284553,15.0,3.0,3.5,0.8,6.2876916272985275,22.6356898582747
2,82,2939,204,59.8376,-46.0713,264.6373,2.1699,4.6403,-0.3553,-6.6424,1.7401,-0.4739,6.6465,-0.2671,0.3092,-1.7768,car,83,65.6272,-38.711,-2.6705,-5.4923,6.0996,-0.3038,241.2182,6.107121215433668,21.985636375561203,-5.7896,-7.360300000000002,2.3152,-1.1501000000000001,2.5851268924368105,9.364479924160232,0,02_14_83_2925_ego_83,0,2925,2920,2925,vehicle_vehicle,0.6054704788808625,0.02497140639653817,3.4476720368861087,3.4512454853284553,15.0,3.0,3.5,0.8,6.2876916272985275,22.6356898582747
2,83,2939,179,65.6272,-38.711,241.2182,2.1172,4.5925,-2.6705,-5.4923,2.0017,-0.5823,6.0996,-0.3038,-0.4534,-2.0347,car,83,65.6272,-38.711,-2.6705,-5.4923,6.0996,-0.3038,241.2182,6.107121215433668,21.985636375561203,0.0,0.0,0.0,0.0,0.0,0.0,1,02_14_83_2925_ego_83,1,2925,2920,2925,vehicle_vehicle,0.6054704788808625,0.02497140639653817,3.4476720368861087,3.4512454853284553,15.0,3.0,3.5,0.8,6.2876916272985275,22.6356898582747
2,86,2939,134,70.3596,-28.6604,218.0883,2.1226,4.8555,-4.6979,-3.9908,0.4367,-1.8275,6.1594,-0.243,0.7837,-1.7077,car,83,65.6272,-38.711,-2.6705,-5.4923,6.0996,-0.3038,241.2182,6.107121215433668,21.985636375561203,4.732399999999998,10.0506,-2.0273999999999996,1.5015,2.5228660309259388,11.109013012864823,0,02_14_83_2925_ego_83,0,2925,2920,2925,vehicle_vehicle,0.6054704788808625,0.02497140639653817,3.4476720368861087,3.4512454853284553,15.0,3.0,3.5,0.8,6.2876916272985275,22.6356898582747
2,14,2940,2940,70.1136,-37.9184,229.0992,2.5807,6.6415,-0.0,0.0,0.0,-0.0,0.0,0.0,-0.0,-0.0,truck,83,65.5225,-38.9313,-2.5884,-5.5126,6.0822,-0.3079,241.95,6.090038860302945,21.924139897090605,4.5911000000000115,1.012900000000002,2.5884,5.5126,6.090038860302945,4.7015067393336905,0,02_14_83_2925_ego_83,1,2925,2920,2925,vehicle_vehicle,0.6054704788808625,0.02497140639653817,3.4476720368861087,3.4512454853284553,15.0,3.0,3.5,0.8,6.2876916272985275,22.6356898582747
2,76,2940,339,63.5142,-56.8552,293.3335,2.067,4.304,2.9641,-6.1108,1.7816,1.049,6.785,-0.3013,-0.2575,-2.0514,car,83,65.5225,-38.9313,-2.5884,-5.5126,6.0822,-0.3079,241.95,6.090038860302945,21.924139897090605,-2.0082999999999913,-17.923900000000003,5.5525,-0.5982000000000003,5.584630649380494,18.03605999380131,0,02_14_83_2925_ego_83,0,2925,2920,2925,vehicle_vehicle,0.6054704788808625,0.02497140639653817,3.4476720368861087,3.4512454853284553,15.0,3.0,3.5,0.8,6.2876916272985275,22.6356898582747
2,79,2940,229,51.8814,-46.1583,335.8036,2.301,5.8366,0.0643,-0.0312,0.2938,-0.1796,0.0715,0.0021,0.3416,0.0434,van,83,65.5225,-38.9313,-2.5884,-5.5126,6.0822,-0.3079,241.95,6.090038860302945,21.924139897090605,-13.641099999999994,-7.226999999999997,2.6527,5.4814,6.089545405857485,15.437264596099913,0,02_14_83_2925_ego_83,0,2925,2920,2925,vehicle_vehicle,0.6054704788808625,0.02497140639653817,3.4476720368861087,3.4512454853284553,15.0,3.0,3.5,0.8,6.2876916272985275,22.6356898582747
2,82,2940,205,59.8242,-46.3371,265.2543,2.1699,4.6403,-0.2854,-6.6622,1.7496,-0.4651,6.6629,-0.2668,0.3188,-1.7821,car,83,65.5225,-38.9313,-2.5884,-5.5126,6.0822,-0.3079,241.95,6.090038860302945,21.924139897090605,-5.698299999999996,-7.405799999999999,2.303,-1.1496000000000004,2.5739831312578567,9.344329645833346,0,02_14_83_2925_ego_83,0,2925,2920,2925,vehicle_vehicle,0.6054704788808625,0.02497140639653817,3.4476720368861087,3.4512454853284553,15.0,3.0,3.5,0.8,6.2876916272985275,22.6356898582747
2,83,2940,180,65.5225,-38.9313,241.95,2.1172,4.5925,-2.5884,-5.5126,2.0046,-0.5621,6.0822,-0.3079,-0.4466,-2.0335,car,83,65.5225,-38.9313,-2.5884,-5.5126,6.0822,-0.3079,241.95,6.090038860302945,21.924139897090605,0.0,0.0,0.0,0.0,0.0,0.0,1,02_14_83_2925_ego_83,1,2925,2920,2925,vehicle_vehicle,0.6054704788808625,0.02497140639653817,3.4476720368861087,3.4512454853284553,15.0,3.0,3.5,0.8,6.2876916272985275,22.6356898582747
2,86,2940,135,70.1711,-28.8214,218.7396,2.1226,4.8555,-4.6798,-4.0653,0.4798,-1.8256,6.1942,-0.2424,0.7682,-1.7243,car,83,65.5225,-38.9313,-2.5884,-5.5126,6.0822,-0.3079,241.95,6.090038860302945,21.924139897090605,4.648600000000002,10.1099,-2.0914,1.4473000000000003,2.5433503985884447,11.127423779563713,0,02_14_83_2925_ego_83,0,2925,2920,2925,vehicle_vehicle,0.6054704788808625,0.02497140639653817,3.4476720368861087,3.4512454853284553,15.0,3.0,3.5,0.8,6.2876916272985275,22.6356898582747
2,14,2941,2941,70.1136,-37.9184,229.0992,2.5807,6.6415,-0.0,0.0,0.0,-0.0,0.0,0.0,-0.0,-0.0,truck,83,65.4207,-39.152,-2.5062,-5.5321,6.0652,-0.3148,242.6575,6.073316132888193,21.863938078397496,4.692900000000009,1.2336000000000027,2.5062,5.5321,6.073316132888193,4.852327211761392,0,02_14_83_2925_ego_83,1,2925,2920,2925,vehicle_vehicle,0.6054704788808625,0.02497140639653817,3.4476720368861087,3.4512454853284553,15.0,3.0,3.5,0.8,6.2876916272985275,22.6356898582747
2,76,2941,340,63.6346,-57.0987,294.0091,2.067,4.304,3.0343,-6.0687,1.7718,1.0769,6.7783,-0.3025,-0.2628,-2.0567,car,83,65.4207,-39.152,-2.5062,-5.5321,6.0652,-0.3148,242.6575,6.073316132888193,21.863938078397496,-1.7860999999999976,-17.9467,5.5405,-0.5366,5.5664243289566055,18.03535955006165,0,02_14_83_2925_ego_83,0,2925,2920,2925,vehicle_vehicle,0.6054704788808625,0.02497140639653817,3.4476720368861087,3.4512454853284553,15.0,3.0,3.5,0.8,6.2876916272985275,22.6356898582747
2,79,2941,230,51.8828,-46.1597,335.7849,2.301,5.8366,0.0786,-0.0411,0.3053,-0.1845,0.0885,0.0052,0.3541,0.0431,van,83,65.4207,-39.152,-2.5062,-5.5321,6.0652,-0.3148,242.6575,6.073316132888193,21.863938078397496,-13.537899999999993,-7.0077,2.5848000000000004,5.491,6.068959716458826,15.24410035718736,0,02_14_83_2925_ego_83,0,2925,2920,2925,vehicle_vehicle,0.6054704788808625,0.02497140639653817,3.4476720368861087,3.4512454853284553,15.0,3.0,3.5,0.8,6.2876916272985275,22.6356898582747
2,82,2941,206,59.8128,-46.604,265.883,2.1699,4.6403,-0.2146,-6.6817,1.7585,-0.4555,6.6798,-0.2657,0.3281,-1.7866,car,83,65.4207,-39.152,-2.5062,-5.5321,6.0652,-0.3148,242.6575,6.073316132888193,21.863938078397496,-5.607899999999994,-7.451999999999998,2.2916000000000003,-1.1496000000000004,2.5637883531992265,9.326352256375475,0,02_14_83_2925_ego_83,0,2925,2920,2925,vehicle_vehicle,0.6054704788808625,0.02497140639653817,3.4476720368861087,3.4512454853284553,15.0,3.0,3.5,0.8,6.2876916272985275,22.6356898582747
2,83,2941,181,65.4207,-39.152,242.6575,2.1172,4.5925,-2.5062,-5.5321,2.0056,-0.5448,6.0652,-0.3148,-0.4372,-2.0317,car,83,65.4207,-39.152,-2.5062,-5.5321,6.0652,-0.3148,242.6575,6.073316132888193,21.863938078397496,0.0,0.0,0.0,0.0,0.0,0.0,1,02_14_83_2925_ego_83,1,2925,2920,2925,vehicle_vehicle,0.6054704788808625,0.02497140639653817,3.4476720368861087,3.4512454853284553,15.0,3.0,3.5,0.8,6.2876916272985275,22.6356898582747
2,86,2941,136,69.9838,-28.985,219.4019,2.1226,4.8555,-4.6597,-4.1399,0.5222,-1.8223,6.2284,-0.2411,0.7532,-1.7396,car,83,65.4207,-39.152,-2.5062,-5.5321,6.0652,-0.3148,242.6575,6.073316132888193,21.863938078397496,4.563100000000006,10.167000000000002,-2.1534999999999997,1.3921999999999999,2.5643289746052473,11.144046419949985,0,02_14_83_2925_ego_83,0,2925,2920,2925,vehicle_vehicle,0.6054704788808625,0.02497140639653817,3.4476720368861087,3.4512454853284553,15.0,3.0,3.5,0.8,6.2876916272985275,22.6356898582747
2,14,2942,2942,70.1136,-37.9184,229.0992,2.5807,6.6415,-0.0,0.0,0.0,-0.0,0.0,0.0,-0.0,-0.0,truck,83,65.3225,-39.3734,-2.4241,-5.5511,6.0487,-0.3233,243.35,6.057307324215934,21.806306367177363,4.7911,1.4549999999999983,2.4241,5.5511,6.057307324215934,5.007161292588846,0,02_14_83_2925_ego_83,1,2925,2920,2925,vehicle_vehicle,0.6054704788808625,0.02497140639653817,3.4476720368861087,3.4512454853284553,15.0,3.0,3.5,0.8,6.2876916272985275,22.6356898582747
2,76,2942,341,63.7575,-57.3405,294.6697,2.067,4.304,3.104,-6.0256,1.7631,1.1047,6.7712,-0.3057,-0.268,-2.0633,car,83,65.3225,-39.3734,-2.4241,-5.5511,6.0487,-0.3233,243.35,6.057307324215934,21.806306367177363,-1.5650000000000048,-17.967100000000002,5.5281,-0.4744999999999999,5.548426791442778,18.035129814060117,0,02_14_83_2925_ego_83,0,2925,2920,2925,vehicle_vehicle,0.6054704788808625,0.02497140639653817,3.4476720368861087,3.4512454853284553,15.0,3.0,3.5,0.8,6.2876916272985275,22.6356898582747
2,79,2942,231,51.8846,-46.1621,335.7635,2.301,5.8366,0.094,-0.0508,0.3138,-0.187,0.1066,0.0078,0.3629,0.0417,van,83,65.3225,-39.3734,-2.4241,-5.5511,6.0487,-0.3233,243.35,6.057307324215934,21.806306367177363,-13.437900000000006,-6.788700000000006,2.5181,5.5003,6.049308034808609,15.05535134428952,0,02_14_83_2925_ego_83,0,2925,2920,2925,vehicle_vehicle,0.6054704788808625,0.02497140639653817,3.4476720368861087,3.4512454853284553,15.0,3.0,3.5,0.8,6.2876916272985275,22.6356898582747
2,82,2942,207,59.8044,-46.8721,266.5069,2.1699,4.6403,-0.1429,-6.7005,1.7663,-0.4451,6.6968,-0.2656,0.3366,-1.7902,car,83,65.3225,-39.3734,-2.4241,-5.5511,6.0487,-0.3233,243.35,6.057307324215934,21.806306367177363,-5.518100000000004,-7.498700000000007,2.2812,-1.1494,2.5544067413002183,9.310205652938079,0,02_14_83_2925_ego_83,0,2925,2920,2925,vehicle_vehicle,0.6054704788808625,0.02497140639653817,3.4476720368861087,3.4512454853284553,15.0,3.0,3.5,0.8,6.2876916272985275,22.6356898582747
2,83,2942,182,65.3225,-39.3734,243.35,2.1172,4.5925,-2.4241,-5.5511,2.0046,-0.5304,6.0487,-0.3233,-0.425,-2.0295,car,83,65.3225,-39.3734,-2.4241,-5.5511,6.0487,-0.3233,243.35,6.057307324215934,21.806306367177363,0.0,0.0,0.0,0.0,0.0,0.0,1,02_14_83_2925_ego_83,1,2925,2920,2925,vehicle_vehicle,0.6054704788808625,0.02497140639653817,3.4476720368861087,3.4512454853284553,15.0,3.0,3.5,0.8,6.2876916272985275,22.6356898582747
2,86,2942,137,69.7976,-29.1517,220.0574,2.1226,4.8555,-4.6379,-4.2144,0.5637,-1.8174,6.2621,-0.241,0.7381,-1.7538,car,83,65.3225,-39.3734,-2.4241,-5.5511,6.0487,-0.3233,243.35,6.057307324215934,21.806306367177363,4.475099999999998,10.221699999999995,-2.2138,1.3366999999999996,2.586054394246184,11.158390157186648,0,02_14_83_2925_ego_83,0,2925,2920,2925,vehicle_vehicle,0.6054704788808625,0.02497140639653817,3.4476720368861087,3.4512454853284553,15.0,3.0,3.5,0.8,6.2876916272985275,22.6356898582747
2,14,2943,2943,70.1136,-37.9184,229.0992,2.5807,6.6415,-0.0,-0.0,0.0,-0.0,0.0,0.0,-0.0,-0.0,truck,83,65.2281,-39.5953,-2.3425,-5.5697,6.0332,-0.3315,244.0445,6.0422565602595855,21.752123616934508,4.8855000000000075,1.6769000000000034,2.3425,5.5697,6.0422565602595855,5.165278681736358,0,02_14_83_2925_ego_83,1,2925,2920,2925,vehicle_vehicle,0.6054704788808625,0.02497140639653817,3.4476720368861087,3.4512454853284553,15.0,3.0,3.5,0.8,6.2876916272985275,22.6356898582747
2,76,2943,342,63.8836,-57.5804,295.3239,2.067,4.304,3.1732,-5.9815,1.7557,1.1326,6.764,-0.3098,-0.2728,-2.0714,car,83,65.2281,-39.5953,-2.3425,-5.5697,6.0332,-0.3315,244.0445,6.0422565602595855,21.752123616934508,-1.3444999999999965,-17.985099999999996,5.5157,-0.4117999999999995,5.531051051111352,18.035284923172128,0,02_14_83_2925_ego_83,0,2925,2920,2925,vehicle_vehicle,0.6054704788808625,0.02497140639653817,3.4476720368861087,3.4512454853284553,15.0,3.0,3.5,0.8,6.2876916272985275,22.6356898582747
2,79,2943,232,51.8877,-46.1645,335.7399,2.301,5.8366,0.1101,-0.0606,0.319,-0.187,0.1253,0.01,0.3676,0.0394,van,83,65.2281,-39.5953,-2.3425,-5.5697,6.0332,-0.3315,244.0445,6.0422565602595855,21.752123616934508,-13.340399999999995,-6.569199999999995,2.4526,5.5091,6.030375574539284,14.870126455413882,0,02_14_83_2925_ego_83,0,2925,2920,2925,vehicle_vehicle,0.6054704788808625,0.02497140639653817,3.4476720368861087,3.4512454853284553,15.0,3.0,3.5,0.8,6.2876916272985275,22.6356898582747
2,82,2943,208,59.7997,-47.1408,267.1275,2.1699,4.6403,-0.0708,-6.7189,1.7728,-0.4341,6.714,-0.266,0.3447,-1.7923,car,83,65.2281,-39.5953,-2.3425,-5.5697,6.0332,-0.3315,244.0445,6.0422565602595855,21.752123616934508,-5.428399999999996,-7.545499999999997,2.2716999999999996,-1.1491999999999996,2.545836116092314,9.295272820633073,0,02_14_83_2925_ego_83,0,2925,2920,2925,vehicle_vehicle,0.6054704788808625,0.02497140639653817,3.4476720368861087,3.4512454853284553,15.0,3.0,3.5,0.8,6.2876916272985275,22.6356898582747
2,83,2943,183,65.2281,-39.5953,244.0445,2.1172,4.5925,-2.3425,-5.5697,2.002,-0.5188,6.0332,-0.3315,-0.4098,-2.0271,car,83,65.2281,-39.5953,-2.3425,-5.5697,6.0332,-0.3315,244.0445,6.0422565602595855,21.752123616934508,0.0,0.0,0.0,0.0,0.0,0.0,1,02_14_83_2925_ego_83,1,2925,2920,2925,vehicle_vehicle,0.6054704788808625,0.02497140639653817,3.4476720368861087,3.4512454853284553,15.0,3.0,3.5,0.8,6.2876916272985275,22.6356898582747
2,86,2943,138,69.6128,-29.3217,220.7086,2.1226,4.8555,-4.6145,-4.2889,0.6042,-1.8107,6.2952,-0.2415,0.7229,-1.7667,car,83,65.2281,-39.5953,-2.3425,-5.5697,6.0332,-0.3315,244.0445,6.0422565602595855,21.752123616934508,4.384699999999995,10.273600000000002,-2.272,1.2808000000000002,2.6081473578001684,11.170158953658627,0,02_14_83_2925_ego_83,0,2925,2920,2925,vehicle_vehicle,0.6054704788808625,0.02497140639653817,3.4476720368861087,3.4512454853284553,15.0,3.0,3.5,0.8,6.2876916272985275,22.6356898582747
2,14,2944,2944,70.1136,-37.9184,229.0992,2.5807,6.6415,0.0,-0.0,0.0,-0.0,-0.0,-0.0,-0.0,-0.0,truck,83,65.1366,-39.8177,-2.2612,-5.5882,6.0188,-0.3395,244.7415,6.028350079416423,21.702060285899126,4.977000000000004,1.8993000000000038,2.2612,5.5882,6.028350079416423,5.327088275033562,0,02_14_83_2925_ego_83,1,2925,2920,2925,vehicle_vehicle,0.6054704788808625,0.02497140639653817,3.4476720368861087,3.4512454853284553,15.0,3.0,3.5,0.8,6.2876916272985275,22.6356898582747
2,76,2944,343,64.0119,-57.8187,295.9764,2.067,4.304,3.2421,-5.9363,1.7495,1.1606,6.7567,-0.3145,-0.277,-2.0811,car,83,65.1366,-39.8177,-2.2612,-5.5882,6.0188,-0.3395,244.7415,6.028350079416423,21.702060285899126,-1.1247000000000043,-18.000999999999998,5.5033,-0.3481000000000005,5.514298187439631,18.0361013273379,0,02_14_83_2925_ego_83,0,2925,2920,2925,vehicle_vehicle,0.6054704788808625,0.02497140639653817,3.4476720368861087,3.4512454853284553,15.0,3.0,3.5,0.8,6.2876916272985275,22.6356898582747
2,79,2944,233,51.8914,-46.1676,335.7194,2.301,5.8366,0.1268,-0.0702,0.3204,-0.1849,0.1445,0.0118,0.3681,0.0368,van,83,65.1366,-39.8177,-2.2612,-5.5882,6.0188,-0.3395,244.7415,6.028350079416423,21.702060285899126,-13.245200000000004,-6.349899999999998,2.388,5.518,6.0125591888978525,14.688653888290789,0,02_14_83_2925_ego_83,0,2925,2920,2925,vehicle_vehicle,0.6054704788808625,0.02497140639653817,3.4476720368861087,3.4512454853284553,15.0,3.0,3.5,0.8,6.2876916272985275,22.6356898582747
2,82,2944,209,59.7979,-47.4105,267.7538,2.1699,4.6403,0.0018,-6.7366,1.7776,-0.4226,6.7313,-0.2658,0.3526,-1.7928,car,83,65.1366,-39.8177,-2.2612,-5.5882,6.0188,-0.3395,244.7415,6.028350079416423,21.702060285899126,-5.338700000000003,-7.592799999999997,2.263,-1.1484000000000005,2.5377138451764023,9.28182791965031,0,02_14_83_2925_ego_83,0,2925,2920,2925,vehicle_vehicle,0.6054704788808625,0.02497140639653817,3.4476720368861087,3.4512454853284553,15.0,3.0,3.5,0.8,6.2876916272985275,22.6356898582747
2,83,2944,184,65.1366,-39.8177,244.7415,2.1172,4.5925,-2.2612,-5.5882,1.998,-0.5095,6.0188,-0.3395,-0.3917,-2.0244,car,83,65.1366,-39.8177,-2.2612,-5.5882,6.0188,-0.3395,244.7415,6.028350079416423,21.702060285899126,0.0,0.0,0.0,0.0,0.0,0.0,1,02_14_83_2925_ego_83,1,2925,2920,2925,vehicle_vehicle,0.6054704788808625,0.02497140639653817,3.4476720368861087,3.4512454853284553,15.0,3.0,3.5,0.8,6.2876916272985275,22.6356898582747
2,86,2944,139,69.4294,-29.4951,221.3552,2.1226,4.8555,-4.5897,-4.3629,0.6441,-1.8024,6.3278,-0.2423,0.7075,-1.7785,car,83,65.1366,-39.8177,-2.2612,-5.5882,6.0188,-0.3395,244.7415,6.028350079416423,21.702060285899126,4.2928,10.322600000000001,-2.3284999999999996,1.2252999999999998,2.63121119258793,11.179633383971051,0,02_14_83_2925_ego_83,0,2925,2920,2925,vehicle_vehicle,0.6054704788808625,0.02497140639653817,3.4476720368861087,3.4512454853284553,15.0,3.0,3.5,0.8,6.2876916272985275,22.6356898582747
2,14,2945,2945,70.1136,-37.9184,229.0992,2.5807,6.6415,0.0,-0.0,0.0,-0.0,-0.0,-0.0,-0.0,-0.0,truck,83,65.0483,-40.0403,-2.1803,-5.6068,6.0058,-0.3482,245.432,6.015805376672353,21.65689935602047,5.065300000000008,2.1219000000000037,2.1803,5.6068,6.015805376672353,5.491786931409493,0,02_14_83_2925_ego_83,1,2925,2920,2925,vehicle_vehicle,0.6054704788808625,0.02497140639653817,3.4476720368861087,3.4512454853284553,15.0,3.0,3.5,0.8,6.2876916272985275,22.6356898582747
2,76,2945,344,64.1432,-58.0552,296.6291,2.067,4.304,3.3107,-5.89,1.7447,1.1887,6.7492,-0.3195,-0.2806,-2.0924,car,83,65.0483,-40.0403,-2.1803,-5.6068,6.0058,-0.3482,245.432,6.015805376672353,21.65689935602047,-0.9051000000000045,-18.014899999999997,5.491,-0.2831999999999999,5.498298213083753,18.037622571170512,0,02_14_83_2925_ego_83,0,2925,2920,2925,vehicle_vehicle,0.6054704788808625,0.02497140639653817,3.4476720368861087,3.4512454853284553,15.0,3.0,3.5,0.8,6.2876916272985275,22.6356898582747
2,79,2945,234,51.896,-46.1707,335.6924,2.301,5.8366,0.1439,-0.0796,0.3177,-0.1807,0.1639,0.0133,0.3639,0.0339,van,83,65.0483,-40.0403,-2.1803,-5.6068,6.0058,-0.3482,245.432,6.015805376672353,21.65689935602047,-13.152299999999997,-6.1303999999999945,2.3242,5.5272,5.995985780503486,14.510851093233637,0,02_14_83_2925_ego_83,0,2925,2920,2925,vehicle_vehicle,0.6054704788808625,0.02497140639653817,3.4476720368861087,3.4512454853284553,15.0,3.0,3.5,0.8,6.2876916272985275,22.6356898582747
2,82,2945,210,59.799,-47.6803,268.385,2.1699,4.6403,0.0747,-6.7538,1.7808,-0.4108,6.749,-0.265,0.3605,-1.7917,car,83,65.0483,-40.0403,-2.1803,-5.6068,6.0058,-0.3482,245.432,6.015805376672353,21.65689935602047,-5.249299999999998,-7.640000000000001,2.255,-1.1470000000000002,2.5299474302838787,9.269560425931749,0,02_14_83_2925_ego_83,0,2925,2920,2925,vehicle_vehicle,0.6054704788808625,0.02497140639653817,3.4476720368861087,3.4512454853284553,15.0,3.0,3.5,0.8,6.2876916272985275,22.6356898582747
2,83,2945,185,65.0483,-40.0403,245.432,2.1172,4.5925,-2.1803,-5.6068,1.9929,-0.5023,6.0058,-0.3482,-0.3718,-2.0214,car,83,65.0483,-40.0403,-2.1803,-5.6068,6.0058,-0.3482,245.432,6.015805376672353,21.65689935602047,0.0,0.0,0.0,0.0,0.0,0.0,1,02_14_83_2925_ego_83,1,2925,2920,2925,vehicle_vehicle,0.6054704788808625,0.02497140639653817,3.4476720368861087,3.4512454853284553,15.0,3.0,3.5,0.8,6.2876916272985275,22.6356898582747
2,86,2945,140,69.2463,-29.6707,221.986,2.1226,4.8555,-4.5634,-4.4367,0.6833,-1.7925,6.3599,-0.2451,0.6912,-1.7895,car,83,65.0483,-40.0403,-2.1803,-5.6068,6.0058,-0.3482,245.432,6.015805376672353,21.65689935602047,4.1980000000000075,10.369600000000002,-2.3830999999999998,1.1700999999999997,2.6548633900824345,11.187126894784027,0,02_14_83_2925_ego_83,0,2925,2920,2925,vehicle_vehicle,0.6054704788808625,0.02497140639653817,3.4476720368861087,3.4512454853284553,15.0,3.0,3.5,0.8,6.2876916272985275,22.6356898582747
2,14,2946,2946,70.1136,-37.9184,229.0992,2.5807,6.6415,0.0,-0.0,0.0,-0.0,-0.0,-0.0,-0.0,-0.0,truck,83,64.9634,-40.2642,-2.0999,-5.6255,5.994,-0.357,246.1219,6.004650719234217,21.61674258924318,5.150200000000012,2.345800000000004,2.0999,5.6255,6.004650719234217,5.6592700660067585,0,02_14_83_2925_ego_83,1,2925,2920,2925,vehicle_vehicle,0.6054704788808625,0.02497140639653817,3.4476720368861087,3.4512454853284553,15.0,3.0,3.5,0.8,6.2876916272985275,22.6356898582747
2,76,2946,345,64.2769,-58.2895,297.295,2.067,4.304,3.3792,-5.8427,1.7413,1.217,6.7418,-0.3236,-0.283,-2.1055,car,83,64.9634,-40.2642,-2.0999,-5.6255,5.994,-0.357,246.1219,6.004650719234217,21.61674258924318,-0.6864999999999952,-18.025299999999994,5.4791,-0.21720000000000006,5.483403382024708,18.03836806199496,0,02_14_83_2925_ego_83,0,2925,2920,2925,vehicle_vehicle,0.6054704788808625,0.02497140639653817,3.4476720368861087,3.4512454853284553,15.0,3.0,3.5,0.8,6.2876916272985275,22.6356898582747
2,79,2946,235,51.9012,-46.174,335.6663,2.301,5.8366,0.1612,-0.0889,0.3106,-0.1744,0.1835,0.0146,0.3549,0.0309,van,83,64.9634,-40.2642,-2.0999,-5.6255,5.994,-0.357,246.1219,6.004650719234217,21.61674258924318,-13.06219999999999,-5.909799999999997,2.2611,5.5366,5.980511079330929,14.336903601545199,0,02_14_83_2925_ego_83,0,2925,2920,2925,vehicle_vehicle,0.6054704788808625,0.02497140639653817,3.4476720368861087,3.4512454853284553,15.0,3.0,3.5,0.8,6.2876916272985275,22.6356898582747
2,82,2946,211,59.8033,-47.951,269.0024,2.1699,4.6403,0.1477,-6.7704,1.7822,-0.3988,6.7668,-0.2656,0.3677,-1.7888,car,83,64.9634,-40.2642,-2.0999,-5.6255,5.994,-0.357,246.1219,6.004650719234217,21.61674258924318,-5.160099999999993,-7.686799999999998,2.2476,-1.1449000000000007,2.5224000019822395,9.258159981875442,0,02_14_83_2925_ego_83,0,2925,2920,2925,vehicle_vehicle,0.6054704788808625,0.02497140639653817,3.4476720368861087,3.4512454853284553,15.0,3.0,3.5,0.8,6.2876916272985275,22.6356898582747
2,83,2946,186,64.9634,-40.2642,246.1219,2.1172,4.5925,-2.0999,-5.6255,1.987,-0.4966,5.994,-0.357,-0.3502,-2.018,car,83,64.9634,-40.2642,-2.0999,-5.6255,5.994,-0.357,246.1219,6.004650719234217,21.61674258924318,0.0,0.0,0.0,0.0,0.0,0.0,1,02_14_83_2925_ego_83,1,2925,2920,2925,vehicle_vehicle,0.6054704788808625,0.02497140639653817,3.4476720368861087,3.4512454853284553,15.0,3.0,3.5,0.8,6.2876916272985275,22.6356898582747
2,86,2946,141,69.0641,-29.8494,222.6154,2.1226,4.8555,-4.5354,-4.5102,0.7219,-1.7808,6.3914,-0.2483,0.6745,-1.7993,car,83,64.9634,-40.2642,-2.0999,-5.6255,5.994,-0.357,246.1219,6.004650719234217,21.61674258924318,4.100700000000003,10.414800000000003,-2.4355,1.1152999999999995,2.6787225201576965,11.193024592575506,0,02_14_83_2925_ego_83,0,2925,2920,2925,vehicle_vehicle,0.6054704788808625,0.02497140639653817,3.4476720368861087,3.4512454853284553,15.0,3.0,3.5,0.8,6.2876916272985275,22.6356898582747
2,14,2947,2947,70.1136,-37.9184,229.0992,2.5807,6.6415,0.0,-0.0,0.0,-0.0,-0.0,-0.0,-0.0,-0.0,truck,83,64.8816,-40.4884,-2.0199,-5.6444,5.9838,-0.3655,246.8144,5.994935143102051,21.581766515167384,5.231999999999999,2.5700000000000003,2.0199,5.6444,5.994935143102051,5.829127207395631,0,02_14_83_2925_ego_83,1,2925,2920,2925,vehicle_vehicle,0.6054704788808625,0.02497140639653817,3.4476720368861087,3.4512454853284553,15.0,3.0,3.5,0.8,6.2876916272985275,22.6356898582747
2,76,2947,346,64.4133,-58.5223,297.962,2.067,4.304,3.4475,-5.7943,1.7391,1.2455,6.7344,-0.3282,-0.2846,-2.1201,car,83,64.8816,-40.4884,-2.0199,-5.6444,5.9838,-0.3655,246.8144,5.994935143102051,21.581766515167384,-0.4682999999999993,-18.033900000000003,5.4674,-0.1498999999999997,5.469454522162151,18.03997932648483,0,02_14_83_2925_ego_83,0,2925,2920,2925,vehicle_vehicle,0.6054704788808625,0.02497140639653817,3.4476720368861087,3.4512454853284553,15.0,3.0,3.5,0.8,6.2876916272985275,22.6356898582747
2,79,2947,236,51.9077,-46.1775,335.6392,2.301,5.8366,0.1782,-0.098,0.2989,-0.1661,0.2028,0.0157,0.3408,0.028,van,83,64.8816,-40.4884,-2.0199,-5.6444,5.9838,-0.3655,246.8144,5.994935143102051,21.581766515167384,-12.973900000000008,-5.689100000000003,2.1980999999999997,5.5464,5.966087207709924,14.166437096885026,0,02_14_83_2925_ego_83,0,2925,2920,2925,vehicle_vehicle,0.6054704788808625,0.02497140639653817,3.4476720368861087,3.4512454853284553,15.0,3.0,3.5,0.8,6.2876916272985275,22.6356898582747
2,82,2947,212,59.8103,-48.2222,269.6283,2.1699,4.6403,0.221,-6.7866,1.7816,-0.3866,6.785,-0.265,0.375,-1.7841,car,83,64.8816,-40.4884,-2.0199,-5.6444,5.9838,-0.3655,246.8144,5.994935143102051,21.581766515167384,-5.071300000000008,-7.733800000000002,2.2409,-1.1421999999999999,2.515204494668376,9.248229351070405,0,02_14_83_2925_ego_83,0,2925,2920,2925,vehicle_vehicle,0.6054704788808625,0.02497140639653817,3.4476720368861087,3.4512454853284553,15.0,3.0,3.5,0.8,6.2876916272985275,22.6356898582747
2,83,2947,187,64.8816,-40.4884,246.8144,2.1172,4.5925,-2.0199,-5.6444,1.9805,-0.4922,5.9838,-0.3655,-0.3273,-2.0143,car,83,64.8816,-40.4884,-2.0199,-5.6444,5.9838,-0.3655,246.8144,5.994935143102051,21.581766515167384,0.0,0.0,0.0,0.0,0.0,0.0,1,02_14_83_2925_ego_83,1,2925,2920,2925,vehicle_vehicle,0.6054704788808625,0.02497140639653817,3.4476720368861087,3.4512454853284553,15.0,3.0,3.5,0.8,6.2876916272985275,22.6356898582747
2,86,2947,142,68.8829,-30.0314,223.248,2.1226,4.8555,-4.5057,-4.5831,0.7598,-1.7674,6.422,-0.2512,0.6575,-1.808,car,83,64.8816,-40.4884,-2.0199,-5.6444,5.9838,-0.3655,246.8144,5.994935143102051,21.581766515167384,4.0013000000000005,10.456999999999997,-2.4858000000000002,1.0613000000000001,2.7028798215976977,11.196394539761448,0,02_14_83_2925_ego_83,0,2925,2920,2925,vehicle_vehicle,0.6054704788808625,0.02497140639653817,3.4476720368861087,3.4512454853284553,15.0,3.0,3.5,0.8,6.2876916272985275,22.6356898582747
2,14,2948,2948,70.1136,-37.9184,229.0992,2.5807,6.6415,0.0,-0.0,0.0,-0.0,-0.0,-0.0,-0.0,-0.0,truck,83,64.803,-40.714,-1.9405,-5.6634,5.975,-0.3732,247.5124,5.986621736004372,21.551838249615738,5.310600000000008,2.7956000000000003,1.9405,5.6634,5.986621736004372,6.001487458955495,0,02_14_83_2925_ego_83,1,2925,2920,2925,vehicle_vehicle,0.6054704788808625,0.02497140639653817,3.4476720368861087,3.4512454853284553,15.0,3.0,3.5,0.8,6.2876916272985275,22.6356898582747
2,76,2948,347,64.5527,-58.7529,298.6558,2.067,4.304,3.5158,-5.7448,1.7383,1.2743,6.7271,-0.3302,-0.2846,-2.1365,car,83,64.803,-40.714,-1.9405,-5.6634,5.975,-0.3732,247.5124,5.986621736004372,21.551838249615738,-0.25029999999999575,-18.038899999999998,5.4563,-0.08139999999999947,5.456907150575314,18.040636443873034,0,02_14_83_2925_ego_83,0,2925,2920,2925,vehicle_vehicle,0.6054704788808625,0.02497140639653817,3.4476720368861087,3.4512454853284553,15.0,3.0,3.5,0.8,6.2876916272985275,22.6356898582747
2,79,2948,237,51.9156,-46.1824,335.6121,2.301,5.8366,0.1946,-0.1064,0.2827,-0.1558,0.2212,0.0166,0.3219,0.0252,van,83,64.803,-40.714,-1.9405,-5.6634,5.975,-0.3732,247.5124,5.986621736004372,21.551838249615738,-12.8874,-5.468400000000003,2.1351,5.557,5.953058122511488,13.999588469665815,0,02_14_83_2925_ego_83,0,2925,2920,2925,vehicle_vehicle,0.6054704788808625,0.02497140639653817,3.4476720368861087,3.4512454853284553,15.0,3.0,3.5,0.8,6.2876916272985275,22.6356898582747
2,82,2948,213,59.8207,-48.4943,270.2645,2.1699,4.6403,0.2942,-6.8021,1.7791,-0.3742,6.8034,-0.2628,0.3824,-1.7773,car,83,64.803,-40.714,-1.9405,-5.6634,5.975,-0.3732,247.5124,5.986621736004372,21.551838249615738,-4.982299999999995,-7.780300000000004,2.2347,-1.1387,2.508091262294895,9.23885173492897,0,02_14_83_2925_ego_83,0,2925,2920,2925,vehicle_vehicle,0.6054704788808625,0.02497140639653817,3.4476720368861087,3.4512454853284553,15.0,3.0,3.5,0.8,6.2876916272985275,22.6356898582747
2,83,2948,188,64.803,-40.714,247.5124,2.1172,4.5925,-1.9405,-5.6634,1.9737,-0.4885,5.975,-0.3732,-0.3035,-2.0105,car,83,64.803,-40.714,-1.9405,-5.6634,5.975,-0.3732,247.5124,5.986621736004372,21.551838249615738,0.0,0.0,0.0,0.0,0.0,0.0,1,02_14_83_2925_ego_83,1,2925,2920,2925,vehicle_vehicle,0.6054704788808625,0.02497140639653817,3.4476720368861087,3.4512454853284553,15.0,3.0,3.5,0.8,6.2876916272985275,22.6356898582747
2,86,2948,143,68.7028,-30.2163,223.8916,2.1226,4.8555,-4.4743,-4.6554,0.7968,-1.7523,6.452,-0.253,0.6407,-1.8152,car,83,64.803,-40.714,-1.9405,-5.6634,5.975,-0.3732,247.5124,5.986621736004372,21.551838249615738,3.899799999999999,10.497699999999998,-2.5338000000000003,1.008,2.7269408574444736,11.198667122921368,0,02_14_83_2925_ego_83,0,2925,2920,2925,vehicle_vehicle,0.6054704788808625,0.02497140639653817,3.4476720368861087,3.4512454853284553,15.0,3.0,3.5,0.8,6.2876916272985275,22.6356898582747
2,14,2949,2949,70.1136,-37.9184,229.0992,2.5807,6.6415,0.0,-0.0,-0.0,0.0,-0.0,-0.0,-0.0,0.0,truck,83,64.7276,-40.9401,-1.8616,-5.6826,5.9677,-0.3803,248.2147,5.979757296078161,21.527126265881382,5.38600000000001,3.0217000000000027,1.8616,5.6826,5.979757296078161,6.175732093444479,0,02_14_83_2925_ego_83,1,2925,2920,2925,vehicle_vehicle,0.6054704788808625,0.02497140639653817,3.4476720368861087,3.4512454853284553,15.0,3.0,3.5,0.8,6.2876916272985275,22.6356898582747
2,76,2949,348,64.6944,-58.9817,299.3493,2.067,4.304,3.5841,-5.6941,1.7388,1.3034,6.72,-0.3332,-0.2839,-2.1544,car,83,64.7276,-40.9401,-1.8616,-5.6826,5.9677,-0.3803,248.2147,5.979757296078161,21.527126265881382,-0.03319999999999368,-18.041599999999995,5.4456999999999995,-0.011499999999999844,5.445712142594391,18.041630547153986,0,02_14_83_2925_ego_83,0,2925,2920,2925,vehicle_vehicle,0.6054704788808625,0.02497140639653817,3.4476720368861087,3.4512454853284553,15.0,3.0,3.5,0.8,6.2876916272985275,22.6356898582747
2,79,2949,238,51.9241,-46.1872,335.5861,2.301,5.8366,0.2101,-0.1142,0.2622,-0.1439,0.2386,0.0172,0.2982,0.0226,van,83,64.7276,-40.9401,-1.8616,-5.6826,5.9677,-0.3803,248.2147,5.979757296078161,21.527126265881382,-12.803499999999993,-5.247099999999996,2.0717,5.5684,5.9412977917286725,13.83696753844569,0,02_14_83_2925_ego_83,0,2925,2920,2925,vehicle_vehicle,0.6054704788808625,0.02497140639653817,3.4476720368861087,3.4512454853284553,15.0,3.0,3.5,0.8,6.2876916272985275,22.6356898582747
2,82,2949,214,59.8334,-48.7666,270.8885,2.1699,4.6403,0.3675,-6.8172,1.7745,-0.3618,6.8221,-0.2617,0.3893,-1.7687,car,83,64.7276,-40.9401,-1.8616,-5.6826,5.9677,-0.3803,248.2147,5.979757296078161,21.527126265881382,-4.894199999999998,-7.826499999999996,2.2291,-1.1345999999999998,2.501240486238778,9.230779809420216,0,02_14_83_2925_ego_83,0,2925,2920,2925,vehicle_vehicle,0.6054704788808625,0.02497140639653817,3.4476720368861087,3.4512454853284553,15.0,3.0,3.5,0.8,6.2876916272985275,22.6356898582747
2,83,2949,189,64.7276,-40.9401,248.2147,2.1172,4.5925,-1.8616,-5.6826,1.9668,-0.4854,5.9677,-0.3803,-0.2792,-2.0064,car,83,64.7276,-40.9401,-1.8616,-5.6826,5.9677,-0.3803,248.2147,5.979757296078161,21.527126265881382,0.0,0.0,0.0,0.0,0.0,0.0,1,02_14_83_2925_ego_83,1,2925,2920,2925,vehicle_vehicle,0.6054704788808625,0.02497140639653817,3.4476720368861087,3.4512454853284553,15.0,3.0,3.5,0.8,6.2876916272985275,22.6356898582747
2,86,2949,144,68.5239,-30.4042,224.5431,2.1226,4.8555,-4.4412,-4.7271,0.8326,-1.7356,6.4811,-0.2538,0.624,-1.821,car,83,64.7276,-40.9401,-1.8616,-5.6826,5.9677,-0.3803,248.2147,5.979757296078161,21.527126265881382,3.7963000000000022,10.535900000000002,-2.5796,0.9554999999999998,2.750875571522638,11.198976850587737,0,02_14_83_2925_ego_83,0,2925,2920,2925,vehicle_vehicle,0.6054704788808625,0.02497140639653817,3.4476720368861087,3.4512454853284553,15.0,3.0,3.5,0.8,6.2876916272985275,22.6356898582747
2,14,2950,2950,70.1136,-37.9184,229.0992,2.5807,6.6415,0.0,-0.0,-0.0,0.0,-0.0,-0.0,0.0,0.0,truck,83,64.6553,-41.1674,-1.7832,-5.7018,5.9616,-0.3868,248.9211,5.974138053309448,21.506896991914015,5.458300000000008,3.2490000000000023,1.7832,5.7018,5.974138053309448,6.352089411366949,0,02_14_83_2925_ego_83,1,2925,2920,2925,vehicle_vehicle,0.6054704788808625,0.02497140639653817,3.4476720368861087,3.4512454853284553,15.0,3.0,3.5,0.8,6.2876916272985275,22.6356898582747
2,76,2950,349,64.8383,-59.2081,300.0407,2.067,4.304,3.6528,-5.6424,1.7402,1.3329,6.7131,-0.3375,-0.2827,-2.1737,car,83,64.6553,-41.1674,-1.7832,-5.7018,5.9616,-0.3868,248.9211,5.974138053309448,21.506896991914015,0.18300000000000693,-18.0407,5.436,0.05940000000000012,5.436324526736792,18.04162812747231,0,02_14_83_2925_ego_83,0,2925,2920,2925,vehicle_vehicle,0.6054704788808625,0.02497140639653817,3.4476720368861087,3.4512454853284553,15.0,3.0,3.5,0.8,6.2876916272985275,22.6356898582747
2,79,2950,239,51.9336,-46.1926,335.5503,2.301,5.8366,0.2245,-0.1213,0.2376,-0.1305,0.2546,0.0175,0.2703,0.0204,van,83,64.6553,-41.1674,-1.7832,-5.7018,5.9616,-0.3868,248.9211,5.974138053309448,21.506896991914015,-12.721699999999998,-5.025199999999998,2.0077,5.580500000000001,5.9306694006663365,13.678241331764838,0,02_14_83_2925_ego_83,0,2925,2920,2925,vehicle_vehicle,0.6054704788808625,0.02497140639653817,3.4476720368861087,3.4512454853284553,15.0,3.0,3.5,0.8,6.2876916272985275,22.6356898582747
2,82,2950,215,59.8494,-49.0399,271.5051,2.1699,4.6403,0.4406,-6.8316,1.7679,-0.3493,6.8408,-0.261,0.3956,-1.7581,car,83,64.6553,-41.1674,-1.7832,-5.7018,5.9616,-0.3868,248.9211,5.974138053309448,21.506896991914015,-4.805899999999994,-7.872500000000002,2.2237999999999998,-1.1297999999999995,2.4943404899892876,9.223498851303662,0,02_14_83_2925_ego_83,0,2925,2920,2925,vehicle_vehicle,0.6054704788808625,0.02497140639653817,3.4476720368861087,3.4512454853284553,15.0,3.0,3.5,0.8,6.2876916272985275,22.6356898582747
2,83,2950,190,64.6553,-41.1674,248.9211,2.1172,4.5925,-1.7832,-5.7018,1.96,-0.4825,5.9616,-0.3868,-0.2547,-2.0024,car,83,64.6553,-41.1674,-1.7832,-5.7018,5.9616,-0.3868,248.9211,5.974138053309448,21.506896991914015,0.0,0.0,0.0,0.0,0.0,0.0,1,02_14_83_2925_ego_83,1,2925,2920,2925,vehicle_vehicle,0.6054704788808625,0.02497140639653817,3.4476720368861087,3.4512454853284553,15.0,3.0,3.5,0.8,6.2876916272985275,22.6356898582747
2,86,2950,145,68.347,-30.5947,225.1861,2.1226,4.8555,-4.4066,-4.798,0.8672,-1.7174,6.5095,-0.2556,0.6071,-1.8256,car,83,64.6553,-41.1674,-1.7832,-5.7018,5.9616,-0.3868,248.9211,5.974138053309448,21.506896991914015,3.6916999999999973,10.572700000000001,-2.6234,0.9038000000000004,2.7747219680537367,11.19868894915829,0,02_14_83_2925_ego_83,0,2925,2920,2925,vehicle_vehicle,0.6054704788808625,0.02497140639653817,3.4476720368861087,3.4512454853284553,15.0,3.0,3.5,0.8,6.2876916272985275,22.6356898582747
2,14,2951,2951,70.1136,-37.9184,229.0992,2.5807,6.6415,0.0,-0.0,-0.0,0.0,-0.0,-0.0,0.0,0.0,truck,83,64.5863,-41.3952,-1.7054,-5.7212,5.9569,-0.3939,249.6188,5.969968056865966,21.491885004717478,5.527300000000011,3.4768000000000043,1.7054,5.7212,5.969968056865966,6.5298685691214455,0,02_14_83_2925_ego_83,1,2925,2920,2925,vehicle_vehicle,0.6054704788808625,0.02497140639653817,3.4476720368861087,3.4512454853284553,15.0,3.0,3.5,0.8,6.2876916272985275,22.6356898582747
2,76,2951,350,64.9845,-59.4327,300.7197,2.067,4.304,3.7221,-5.5895,1.7423,1.3628,6.7065,-0.3444,-0.2815,-2.194,car,83,64.5863,-41.3952,-1.7054,-5.7212,5.9569,-0.3939,249.6188,5.969968056865966,21.491885004717478,0.3982000000000028,-18.037499999999994,5.4275,0.13169999999999948,5.42909763588757,18.04189484200592,0,02_14_83_2925_ego_83,0,2925,2920,2925,vehicle_vehicle,0.6054704788808625,0.02497140639653817,3.4476720368861087,3.4512454853284553,15.0,3.0,3.5,0.8,6.2876916272985275,22.6356898582747
2,79,2951,240,51.9441,-46.198,335.514,2.301,5.8366,0.2374,-0.1277,0.2094,-0.1158,0.2689,0.0178,0.2386,0.0186,van,83,64.5863,-41.3952,-1.7054,-5.7212,5.9569,-0.3939,249.6188,5.969968056865966,21.491885004717478,-12.642199999999995,-4.802799999999998,1.9428,5.5935,5.921293278499216,13.523760892591966,0,02_14_83_2925_ego_83,0,2925,2920,2925,vehicle_vehicle,0.6054704788808625,0.02497140639653817,3.4476720368861087,3.4512454853284553,15.0,3.0,3.5,0.8,6.2876916272985275,22.6356898582747
2,82,2951,216,59.8684,-49.3139,272.1194,2.1699,4.6403,0.5135,-6.8454,1.7591,-0.337,6.8597,-0.26,0.4018,-1.7454,car,83,64.5863,-41.3952,-1.7054,-5.7212,5.9569,-0.3939,249.6188,5.969968056865966,21.491885004717478,-4.717899999999993,-7.918699999999994,2.2189,-1.1242,2.4874370042274436,9.217613037006915,0,02_14_83_2925_ego_83,0,2925,2920,2925,vehicle_vehicle,0.6054704788808625,0.02497140639653817,3.4476720368861087,3.4512454853284553,15.0,3.0,3.5,0.8,6.2876916272985275,22.6356898582747
2,83,2951,191,64.5863,-41.3952,249.6188,2.1172,4.5925,-1.7054,-5.7212,1.9537,-0.4798,5.9569,-0.3939,-0.2306,-1.9985,car,83,64.5863,-41.3952,-1.7054,-5.7212,5.9569,-0.3939,249.6188,5.969968056865966,21.491885004717478,0.0,0.0,0.0,0.0,0.0,0.0,1,02_14_83_2925_ego_83,1,2925,2920,2925,vehicle_vehicle,0.6054704788808625,0.02497140639653817,3.4476720368861087,3.4512454853284553,15.0,3.0,3.5,0.8,6.2876916272985275,22.6356898582747
2,86,2951,146,68.1716,-30.7885,225.8256,2.1226,4.8555,-4.3708,-4.868,0.9006,-1.6978,6.5372,-0.2574,0.5901,-1.829,car,83,64.5863,-41.3952,-1.7054,-5.7212,5.9569,-0.3939,249.6188,5.969968056865966,21.491885004717478,3.5853000000000037,10.606700000000004,-2.6654,0.8531999999999993,2.798625984300153,11.196269958338808,0,02_14_83_2925_ego_83,0,2925,2920,2925,vehicle_vehicle,0.6054704788808625,0.02497140639653817,3.4476720368861087,3.4512454853284553,15.0,3.0,3.5,0.8,6.2876916272985275,22.6356898582747
2,14,2952,2952,70.1136,-37.9184,229.0992,2.5807,6.6415,0.0,-0.0,-0.0,0.0,-0.0,-0.0,0.0,0.0,truck,83,64.5203,-41.6237,-1.6281,-5.7407,5.9537,-0.3994,250.3284,5.9671053367608655,21.481579212339117,5.593299999999999,3.705300000000001,1.6281,5.7407,5.9671053367608655,6.7092662027974415,0,02_14_83_2925_ego_83,1,2925,2920,2925,vehicle_vehicle,0.6054704788808625,0.02497140639653817,3.4476720368861087,3.4512454853284553,15.0,3.0,3.5,0.8,6.2876916272985275,22.6356898582747
2,76,2952,351,65.134,-59.6555,301.4076,2.067,4.304,3.7917,-5.5353,1.7445,1.393,6.7002,-0.3516,-0.2798,-2.2148,car,83,64.5203,-41.6237,-1.6281,-5.7407,5.9537,-0.3994,250.3284,5.9671053367608655,21.481579212339117,0.6136999999999944,-18.031800000000004,5.4198,0.20540000000000003,5.4236907360209985,18.042240407720993,0,02_14_83_2925_ego_83,0,2925,2920,2925,vehicle_vehicle,0.6054704788808625,0.02497140639653817,3.4476720368861087,3.4512454853284553,15.0,3.0,3.5,0.8,6.2876916272985275,22.6356898582747
2,79,2952,241,51.9555,-46.2038,335.4769,2.301,5.8366,0.2484,-0.1332,0.1782,-0.1001,0.2813,0.0181,0.2037,0.0171,van,83,64.5203,-41.6237,-1.6281,-5.7407,5.9537,-0.3994,250.3284,5.9671053367608655,21.481579212339117,-12.564800000000005,-4.580100000000002,1.8765,5.6075,5.913147089325616,13.373537865875287,0,02_14_83_2925_ego_83,0,2925,2920,2925,vehicle_vehicle,0.6054704788808625,0.02497140639653817,3.4476720368861087,3.4512454853284553,15.0,3.0,3.5,0.8,6.2876916272985275,22.6356898582747
2,82,2952,217,59.8908,-49.5882,272.753,2.1699,4.6403,0.5858,-6.8585,1.7482,-0.3249,6.8788,-0.2557,0.4085,-1.7305,car,83,64.5203,-41.6237,-1.6281,-5.7407,5.9537,-0.3994,250.3284,5.9671053367608655,21.481579212339117,-4.629500000000007,-7.964500000000001,2.2139,-1.1178,2.4800867021134563,9.21224893823436,0,02_14_83_2925_ego_83,0,2925,2920,2925,vehicle_vehicle,0.6054704788808625,0.02497140639653817,3.4476720368861087,3.4512454853284553,15.0,3.0,3.5,0.8,6.2876916272985275,22.6356898582747
2,83,2952,192,64.5203,-41.6237,250.3284,2.1172,4.5925,-1.6281,-5.7407,1.9481,-0.4768,5.9537,-0.3994,-0.2068,-1.9949,car,83,64.5203,-41.6237,-1.6281,-5.7407,5.9537,-0.3994,250.3284,5.9671053367608655,21.481579212339117,0.0,0.0,0.0,0.0,0.0,0.0,1,02_14_83_2925_ego_83,1,2925,2920,2925,vehicle_vehicle,0.6054704788808625,0.02497140639653817,3.4476720368861087,3.4512454853284553,15.0,3.0,3.5,0.8,6.2876916272985275,22.6356898582747
2,86,2952,147,67.9975,-30.9851,226.4557,2.1226,4.8555,-4.3337,-4.937,0.9329,-1.6769,6.5641,-0.26,0.5728,-1.8315,car,83,64.5203,-41.6237,-1.6281,-5.7407,5.9537,-0.3994,250.3284,5.9671053367608655,21.481579212339117,3.4771999999999963,10.6386,-2.7056000000000004,0.8037000000000001,2.822446642542601,11.192440743644791,0,02_14_83_2925_ego_83,0,2925,2920,2925,vehicle_vehicle,0.6054704788808625,0.02497140639653817,3.4476720368861087,3.4512454853284553,15.0,3.0,3.5,0.8,6.2876916272985275,22.6356898582747
2,14,2953,2953,70.1136,-37.9184,229.0992,2.5807,6.6415,0.0,-0.0,-0.0,0.0,-0.0,-0.0,0.0,0.0,truck,83,64.4574,-41.8533,-1.5513,-5.7603,5.9518,-0.4032,251.0521,5.96553331899169,21.475919948370084,5.656199999999998,3.934899999999999,1.5513,5.7603,5.96553331899169,6.890285658084139,0,02_14_83_2925_ego_83,1,2925,2920,2925,vehicle_vehicle,0.6054704788808625,0.02497140639653817,3.4476720368861087,3.4512454853284553,15.0,3.0,3.5,0.8,6.2876916272985275,22.6356898582747
2,76,2953,352,65.2866,-59.8759,302.1151,2.067,4.304,3.8617,-5.4798,1.7467,1.4235,6.6943,-0.3575,-0.2771,-2.2362,car,83,64.4574,-41.8533,-1.5513,-5.7603,5.9518,-0.4032,251.0521,5.96553331899169,21.475919948370084,0.8292000000000002,-18.022600000000004,5.413,0.28049999999999997,5.4202628395678385,18.0416652058506,0,02_14_83_2925_ego_83,0,2925,2920,2925,vehicle_vehicle,0.6054704788808625,0.02497140639653817,3.4476720368861087,3.4512454853284553,15.0,3.0,3.5,0.8,6.2876916272985275,22.6356898582747
2,79,2953,242,51.9678,-46.2096,335.4409,2.301,5.8366,0.2573,-0.138,0.1448,-0.0836,0.2914,0.0185,0.1664,0.0159,van,83,64.4574,-41.8533,-1.5513,-5.7603,5.9518,-0.4032,251.0521,5.96553331899169,21.475919948370084,-12.48960000000001,-4.3563000000000045,1.8085999999999998,5.6223,5.906038541188162,13.227526520479946,0,02_14_83_2925_ego_83,0,2925,2920,2925,vehicle_vehicle,0.6054704788808625,0.02497140639653817,3.4476720368861087,3.4512454853284553,15.0,3.0,3.5,0.8,6.2876916272985275,22.6356898582747
2,82,2953,218,59.9161,-49.8624,273.3757,2.1699,4.6403,0.6575,-6.8714,1.7354,-0.313,6.8982,-0.2518,0.4147,-1.7139,car,83,64.4574,-41.8533,-1.5513,-5.7603,5.9518,-0.4032,251.0521,5.96553331899169,21.475919948370084,-4.541300000000007,-8.009100000000004,2.2088,-1.1111000000000004,2.4725170676862884,9.207013006398988,0,02_14_83_2925_ego_83,0,2925,2920,2925,vehicle_vehicle,0.6054704788808625,0.02497140639653817,3.4476720368861087,3.4512454853284553,15.0,3.0,3.5,0.8,6.2876916272985275,22.6356898582747
2,83,2953,193,64.4574,-41.8533,251.0521,2.1172,4.5925,-1.5513,-5.7603,1.9434,-0.4735,5.9518,-0.4032,-0.1832,-1.9919,car,83,64.4574,-41.8533,-1.5513,-5.7603,5.9518,-0.4032,251.0521,5.96553331899169,21.475919948370084,0.0,0.0,0.0,0.0,0.0,0.0,1,02_14_83_2925_ego_83,1,2925,2920,2925,vehicle_vehicle,0.6054704788808625,0.02497140639653817,3.4476720368861087,3.4512454853284553,15.0,3.0,3.5,0.8,6.2876916272985275,22.6356898582747
2,86,2953,148,67.8251,-31.1846,227.0953,2.1226,4.8555,-4.2953,-5.005,0.9641,-1.6551,6.5902,-0.261,0.5559,-1.833,car,83,64.4574,-41.8533,-1.5513,-5.7603,5.9518,-0.4032,251.0521,5.96553331899169,21.475919948370084,3.3676999999999992,10.668699999999998,-2.744,0.7553000000000001,2.8460523695111446,11.187607562834868,0,02_14_83_2925_ego_83,0,2925,2920,2925,vehicle_vehicle,0.6054704788808625,0.02497140639653817,3.4476720368861087,3.4512454853284553,15.0,3.0,3.5,0.8,6.2876916272985275,22.6356898582747
2,14,2954,2954,70.1136,-37.9184,229.0992,2.5807,6.6415,0.0,-0.0,-0.0,0.0,-0.0,-0.0,0.0,0.0,truck,83,64.3975,-42.0839,-1.4749,-5.7798,5.9512,-0.4055,251.7865,5.965016181872435,21.474058254740765,5.7161000000000115,4.1655000000000015,1.4749,5.7798,5.965016181872435,7.072848751387248,0,02_14_83_2925_ego_83,1,2925,2920,2925,vehicle_vehicle,0.6054704788808625,0.02497140639653817,3.4476720368861087,3.4512454853284553,15.0,3.0,3.5,0.8,6.2876916272985275,22.6356898582747
2,76,2954,353,65.4423,-60.0939,302.8277,2.067,4.304,3.9317,-5.4232,1.7487,1.4544,6.6886,-0.3639,-0.2741,-2.2579,car,83,64.3975,-42.0839,-1.4749,-5.7798,5.9512,-0.4055,251.7865,5.965016181872435,21.474058254740765,1.0448000000000093,-18.009999999999998,5.4066,0.35660000000000025,5.418347268309775,18.040280126428193,0,02_14_83_2925_ego_83,0,2925,2920,2925,vehicle_vehicle,0.6054704788808625,0.02497140639653817,3.4476720368861087,3.4512454853284553,15.0,3.0,3.5,0.8,6.2876916272985275,22.6356898582747
2,79,2954,243,51.9805,-46.2157,335.4179,2.301,5.8366,0.2639,-0.1419,0.11,-0.0665,0.299,0.0192,0.1277,0.0147,van,83,64.3975,-42.0839,-1.4749,-5.7798,5.9512,-0.4055,251.7865,5.965016181872435,21.474058254740765,-12.416999999999994,-4.131799999999998,1.7388000000000001,5.6379,5.899944224312634,13.086392178136792,0,02_14_83_2925_ego_83,0,2925,2920,2925,vehicle_vehicle,0.6054704788808625,0.02497140639653817,3.4476720368861087,3.4512454853284553,15.0,3.0,3.5,0.8,6.2876916272985275,22.6356898582747
2,82,2954,219,59.9435,-50.1376,273.9844,2.1699,4.6403,0.7289,-6.8837,1.7208,-0.3014,6.9177,-0.2488,0.4202,-1.6957,car,83,64.3975,-42.0839,-1.4749,-5.7798,5.9512,-0.4055,251.7865,5.965016181872435,21.474058254740765,-4.4539999999999935,-8.0537,2.2038,-1.1039000000000003,2.464818380733153,9.203271140741206,0,02_14_83_2925_ego_83,0,2925,2920,2925,vehicle_vehicle,0.6054704788808625,0.02497140639653817,3.4476720368861087,3.4512454853284553,15.0,3.0,3.5,0.8,6.2876916272985275,22.6356898582747
2,83,2954,194,64.3975,-42.0839,251.7865,2.1172,4.5925,-1.4749,-5.7798,1.94,-0.4696,5.9512,-0.4055,-0.1603,-1.9896,car,83,64.3975,-42.0839,-1.4749,-5.7798,5.9512,-0.4055,251.7865,5.965016181872435,21.474058254740765,0.0,0.0,0.0,0.0,0.0,0.0,1,02_14_83_2925_ego_83,1,2925,2920,2925,vehicle_vehicle,0.6054704788808625,0.02497140639653817,3.4476720368861087,3.4512454853284553,15.0,3.0,3.5,0.8,6.2876916272985275,22.6356898582747
2,86,2954,149,67.6542,-31.3869,227.7334,2.1226,4.8555,-4.2557,-5.0717,0.9943,-1.6325,6.6155,-0.2618,0.5394,-1.8338,car,83,64.3975,-42.0839,-1.4749,-5.7798,5.9512,-0.4055,251.7865,5.965016181872435,21.474058254740765,3.2567000000000093,10.697,-2.7808,0.7081,2.8695390309246536,11.181766581806295,0,02_14_83_2925_ego_83,0,2925,2920,2925,vehicle_vehicle,0.6054704788808625,0.02497140639653817,3.4476720368861087,3.4512454853284553,15.0,3.0,3.5,0.8,6.2876916272985275,22.6356898582747
2,14,2955,2955,70.1136,-37.9184,229.0992,2.5807,6.6415,0.0,-0.0,-0.0,0.0,-0.0,-0.0,0.0,0.0,truck,83,64.3396,-42.3146,-1.3984,-5.7995,5.9517,-0.4089,252.5132,5.965712263426723,21.4765641483362,5.774000000000001,4.3962,1.3984,5.7995,5.965712263426723,7.2571103367662815,0,02_14_83_2925_ego_83,1,2925,2920,2925,vehicle_vehicle,0.6054704788808625,0.02497140639653817,3.4476720368861087,3.4512454853284553,15.0,3.0,3.5,0.8,6.2876916272985275,22.6356898582747
2,76,2955,354,65.6006,-60.3098,303.5337,2.067,4.304,4.0021,-5.3652,1.7504,1.4854,6.6831,-0.3721,-0.2712,-2.2797,car,83,64.3396,-42.3146,-1.3984,-5.7995,5.9517,-0.4089,252.5132,5.965712263426723,21.4765641483362,1.2609999999999957,-17.995200000000004,5.400500000000001,0.43430000000000035,5.417934730134723,18.039327704767718,0,02_14_83_2925_ego_83,0,2925,2920,2925,vehicle_vehicle,0.6054704788808625,0.02497140639653817,3.4476720368861087,3.4512454853284553,15.0,3.0,3.5,0.8,6.2876916272985275,22.6356898582747
2,79,2955,244,51.9934,-46.222,335.4051,2.301,5.8366,0.2683,-0.1448,0.0749,-0.0489,0.3042,0.02,0.0885,0.0133,van,83,64.3396,-42.3146,-1.3984,-5.7995,5.9517,-0.4089,252.5132,5.965712263426723,21.4765641483362,-12.346200000000003,-3.9074000000000026,1.6667,5.6547,5.895211699337014,12.949765604056319,0,02_14_83_2925_ego_83,0,2925,2920,2925,vehicle_vehicle,0.6054704788808625,0.02497140639653817,3.4476720368861087,3.4512454853284553,15.0,3.0,3.5,0.8,6.2876916272985275,22.6356898582747
2,82,2955,220,59.9736,-50.4129,274.593,2.1699,4.6403,0.7998,-6.8957,1.7041,-0.2898,6.9376,-0.245,0.4253,-1.6754,car,83,64.3396,-42.3146,-1.3984,-5.7995,5.9517,-0.4089,252.5132,5.965712263426723,21.4765641483362,-4.366000000000007,-8.098300000000002,2.1982,-1.0961999999999996,2.4563667641457774,9.20024015393077,0,02_14_83_2925_ego_83,0,2925,2920,2925,vehicle_vehicle,0.6054704788808625,0.02497140639653817,3.4476720368861087,3.4512454853284553,15.0,3.0,3.5,0.8,6.2876916272985275,22.6356898582747
2,83,2955,195,64.3396,-42.3146,252.5132,2.1172,4.5925,-1.3984,-5.7995,1.9378,-0.4649,5.9517,-0.4089,-0.1389,-1.988,car,83,64.3396,-42.3146,-1.3984,-5.7995,5.9517,-0.4089,252.5132,5.965712263426723,21.4765641483362,0.0,0.0,0.0,0.0,0.0,0.0,1,02_14_83_2925_ego_83,1,2925,2920,2925,vehicle_vehicle,0.6054704788808625,0.02497140639653817,3.4476720368861087,3.4512454853284553,15.0,3.0,3.5,0.8,6.2876916272985275,22.6356898582747
2,86,2955,150,67.4849,-31.592,228.3661,2.1226,4.8555,-4.215,-5.1371,1.0235,-1.6097,6.6398,-0.2626,0.5231,-1.8344,car,83,64.3396,-42.3146,-1.3984,-5.7995,5.9517,-0.4089,252.5132,5.965712263426723,21.4765641483362,3.1452999999999918,10.7226,-2.8165999999999998,0.6623999999999999,2.893442468755859,11.174393175917874,0,02_14_83_2925_ego_83,0,2925,2920,2925,vehicle_vehicle,0.6054704788808625,0.02497140639653817,3.4476720368861087,3.4512454853284553,15.0,3.0,3.5,0.8,6.2876916272985275,22.6356898582747
2,14,2956,2956,70.1136,-37.9184,229.0992,2.5807,6.6415,0.0,-0.0,-0.0,0.0,-0.0,-0.0,0.0,0.0,truck,83,64.2846,-42.5462,-1.3218,-5.8193,5.9532,-0.4128,253.2363,5.967529449445557,21.483106018004005,5.829000000000008,4.627800000000001,1.3218,5.8193,5.967529449445557,7.442699365149723,0,02_14_83_2925_ego_83,1,2925,2920,2925,vehicle_vehicle,0.6054704788808625,0.02497140639653817,3.4476720368861087,3.4512454853284553,15.0,3.0,3.5,0.8,6.2876916272985275,22.6356898582747
2,76,2956,355,65.7619,-60.5236,304.2536,2.067,4.304,4.0725,-5.3059,1.7517,1.5166,6.6779,-0.3797,-0.2676,-2.3015,car,83,64.2846,-42.5462,-1.3218,-5.8193,5.9532,-0.4128,253.2363,5.967529449445557,21.483106018004005,1.4772999999999996,-17.977400000000003,5.394299999999999,0.5133999999999999,5.418676226718108,18.03799673051307,0,02_14_83_2925_ego_83,0,2925,2920,2925,vehicle_vehicle,0.6054704788808625,0.02497140639653817,3.4476720368861087,3.4512454853284553,15.0,3.0,3.5,0.8,6.2876916272985275,22.6356898582747
2,79,2956,245,52.0064,-46.2294,335.3964,2.301,5.8366,0.2703,-0.1465,0.0403,-0.0313,0.3068,0.0207,0.0497,0.0117,van,83,64.2846,-42.5462,-1.3218,-5.8193,5.9532,-0.4128,253.2363,5.967529449445557,21.483106018004005,-12.278199999999998,-3.6831999999999994,1.5921,5.6728000000000005,5.891981182081287,12.818742429739352,0,02_14_83_2925_ego_83,0,2925,2920,2925,vehicle_vehicle,0.6054704788808625,0.02497140639653817,3.4476720368861087,3.4512454853284553,15.0,3.0,3.5,0.8,6.2876916272985275,22.6356898582747
2,82,2956,221,60.0063,-50.6891,275.1915,2.1699,4.6403,0.8703,-6.9072,1.6853,-0.2783,6.9576,-0.2417,0.4297,-1.6532,car,83,64.2846,-42.5462,-1.3218,-5.8193,5.9532,-0.4128,253.2363,5.967529449445557,21.483106018004005,-4.278299999999994,-8.142900000000004,2.1921,-1.0878999999999994,2.447208372819936,9.198405910808678,0,02_14_83_2925_ego_83,0,2925,2920,2925,vehicle_vehicle,0.6054704788808625,0.02497140639653817,3.4476720368861087,3.4512454853284553,15.0,3.0,3.5,0.8,6.2876916272985275,22.6356898582747
2,83,2956,196,64.2846,-42.5462,253.2363,2.1172,4.5925,-1.3218,-5.8193,1.9367,-0.4592,5.9532,-0.4128,-0.1189,-1.9868,car,83,64.2846,-42.5462,-1.3218,-5.8193,5.9532,-0.4128,253.2363,5.967529449445557,21.483106018004005,0.0,0.0,0.0,0.0,0.0,0.0,1,02_14_83_2925_ego_83,1,2925,2920,2925,vehicle_vehicle,0.6054704788808625,0.02497140639653817,3.4476720368861087,3.4512454853284553,15.0,3.0,3.5,0.8,6.2876916272985275,22.6356898582747
2,86,2956,151,67.3172,-31.7994,228.9903,2.1226,4.8555,-4.1732,-5.2014,1.0518,-1.5868,6.6634,-0.264,0.5072,-1.8349,car,83,64.2846,-42.5462,-1.3218,-5.8193,5.9532,-0.4128,253.2363,5.967529449445557,21.483106018004005,3.032600000000002,10.7468,-2.8513999999999995,0.6179000000000006,2.917581596116893,11.166484361695941,0,02_14_83_2925_ego_83,0,2925,2920,2925,vehicle_vehicle,0.6054704788808625,0.02497140639653817,3.4476720368861087,3.4512454853284553,15.0,3.0,3.5,0.8,6.2876916272985275,22.6356898582747
2,14,2957,2957,70.1136,-37.9184,229.0992,2.5807,6.6415,0.0,-0.0,-0.0,0.0,-0.0,-0.0,0.0,0.0,truck,83,64.2333,-42.7786,-1.2453,-5.8392,5.9559,-0.417,253.9564,5.970513271905523,21.493847778859884,5.880300000000005,4.860199999999999,1.2453,5.8392,5.970513271905523,7.628857852260721,0,02_14_83_2925_ego_83,1,2925,2920,2925,vehicle_vehicle,0.6054704788808625,0.02497140639653817,3.4476720368861087,3.4512454853284553,15.0,3.0,3.5,0.8,6.2876916272985275,22.6356898582747
2,76,2957,356,65.9257,-60.735,304.9729,2.067,4.304,4.1433,-5.2451,1.7524,1.5478,6.6729,-0.3886,-0.2639,-2.3232,car,83,64.2333,-42.7786,-1.2453,-5.8392,5.9559,-0.417,253.9564,5.970513271905523,21.493847778859884,1.6924000000000063,-17.956400000000002,5.3886,0.5941000000000001,5.42125121812299,18.03597845197205,0,02_14_83_2925_ego_83,0,2925,2920,2925,vehicle_vehicle,0.6054704788808625,0.02497140639653817,3.4476720368861087,3.4512454853284553,15.0,3.0,3.5,0.8,6.2876916272985275,22.6356898582747
2,79,2957,246,52.0191,-46.2362,335.3865,2.301,5.8366,0.2702,-0.1471,0.007,-0.0143,0.3069,0.0211,0.0123,0.0101,van,83,64.2333,-42.7786,-1.2453,-5.8392,5.9559,-0.417,253.9564,5.970513271905523,21.493847778859884,-12.214199999999998,-3.4575999999999993,1.5155,5.6921,5.890394100567465,12.694159263220229,0,02_14_83_2925_ego_83,0,2925,2920,2925,vehicle_vehicle,0.6054704788808625,0.02497140639653817,3.4476720368861087,3.4512454853284553,15.0,3.0,3.5,0.8,6.2876916272985275,22.6356898582747
2,82,2957,222,60.0422,-50.9655,275.7735,2.1699,4.6403,0.9402,-6.9183,1.664,-0.2669,6.9777,-0.2395,0.433,-1.6287,car,83,64.2333,-42.7786,-1.2453,-5.8392,5.9559,-0.417,253.9564,5.970513271905523,21.493847778859884,-4.191099999999999,-8.186900000000001,2.1855,-1.0791000000000004,2.437389394413622,9.197317588297144,0,02_14_83_2925_ego_83,0,2925,2920,2925,vehicle_vehicle,0.6054704788808625,0.02497140639653817,3.4476720368861087,3.4512454853284553,15.0,3.0,3.5,0.8,6.2876916272985275,22.6356898582747
2,83,2957,197,64.2333,-42.7786,253.9564,2.1172,4.5925,-1.2453,-5.8392,1.9365,-0.4521,5.9559,-0.417,-0.1007,-1.986,car,83,64.2333,-42.7786,-1.2453,-5.8392,5.9559,-0.417,253.9564,5.970513271905523,21.493847778859884,0.0,0.0,0.0,0.0,0.0,0.0,1,02_14_83_2925_ego_83,1,2925,2920,2925,vehicle_vehicle,0.6054704788808625,0.02497140639653817,3.4476720368861087,3.4512454853284553,15.0,3.0,3.5,0.8,6.2876916272985275,22.6356898582747
2,86,2957,152,67.1511,-32.0093,229.6166,2.1226,4.8555,-4.1301,-5.2646,1.0792,-1.5641,6.6861,-0.2649,0.4923,-1.8354,car,83,64.2333,-42.7786,-1.2453,-5.8392,5.9559,-0.417,253.9564,5.970513271905523,21.493847778859884,2.9177999999999997,10.769299999999994,-2.8847999999999994,0.5746000000000002,2.9414683748087445,11.157570494063654,0,02_14_83_2925_ego_83,0,2925,2920,2925,vehicle_vehicle,0.6054704788808625,0.02497140639653817,3.4476720368861087,3.4512454853284553,15.0,3.0,3.5,0.8,6.2876916272985275,22.6356898582747
2,14,2958,2958,70.1136,-37.9184,229.0992,2.5807,6.6415,0.0,-0.0,-0.0,0.0,-0.0,-0.0,0.0,0.0,truck,83,64.1844,-43.012,-1.1685,-5.859,5.9596,-0.4198,254.692,5.974384759119553,21.50778513283039,5.929200000000009,5.093600000000002,1.1685,5.859,5.974384759119553,7.816660002840095,0,02_14_83_2925_ego_83,1,2925,2920,2925,vehicle_vehicle,0.6054704788808625,0.02497140639653817,3.4476720368861087,3.4512454853284553,15.0,3.0,3.5,0.8,6.2876916272985275,22.6356898582747
2,76,2958,357,66.0927,-60.9443,305.6973,2.067,4.304,4.214,-5.1829,1.7525,1.5788,6.668,-0.3981,-0.2596,-2.3445,car,83,64.1844,-43.012,-1.1685,-5.859,5.9596,-0.4198,254.692,5.974384759119553,21.50778513283039,1.908299999999997,-17.932299999999998,5.3825,0.6760999999999999,5.424796536276729,18.033551845934287,0,02_14_83_2925_ego_83,0,2925,2920,2925,vehicle_vehicle,0.6054704788808625,0.02497140639653817,3.4476720368861087,3.4512454853284553,15.0,3.0,3.5,0.8,6.2876916272985275,22.6356898582747
2,79,2958,247,52.0317,-46.2431,335.3732,2.301,5.8366,0.2681,-0.1465,-0.0243,0.0019,0.3048,0.0215,-0.0229,0.0084,van,83,64.1844,-43.012,-1.1685,-5.859,5.9596,-0.4198,254.692,5.974384759119553,21.50778513283039,-12.152699999999996,-3.231099999999998,1.4366,5.7125,5.890371449238155,12.574900576147705,0,02_14_83_2925_ego_83,0,2925,2920,2925,vehicle_vehicle,0.6054704788808625,0.02497140639653817,3.4476720368861087,3.4512454853284553,15.0,3.0,3.5,0.8,6.2876916272985275,22.6356898582747
2,82,2958,223,60.0813,-51.2423,276.3404,2.1699,4.6403,1.0091,-6.9289,1.6403,-0.2556,6.998,-0.2378,0.4352,-1.602,car,83,64.1844,-43.012,-1.1685,-5.859,5.9596,-0.4198,254.692,5.974384759119553,21.50778513283039,-4.103099999999998,-8.2303,2.1776,-1.0698999999999996,2.42623736884914,9.196372529427023,0,02_14_83_2925_ego_83,0,2925,2920,2925,vehicle_vehicle,0.6054704788808625,0.02497140639653817,3.4476720368861087,3.4512454853284553,15.0,3.0,3.5,0.8,6.2876916272985275,22.6356898582747
2,83,2958,198,64.1844,-43.012,254.692,2.1172,4.5925,-1.1685,-5.859,1.9371,-0.4434,5.9596,-0.4198,-0.0837,-1.9854,car,83,64.1844,-43.012,-1.1685,-5.859,5.9596,-0.4198,254.692,5.974384759119553,21.50778513283039,0.0,0.0,0.0,0.0,0.0,0.0,1,02_14_83_2925_ego_83,1,2925,2920,2925,vehicle_vehicle,0.6054704788808625,0.02497140639653817,3.4476720368861087,3.4512454853284553,15.0,3.0,3.5,0.8,6.2876916272985275,22.6356898582747
2,86,2958,153,66.9864,-32.2213,230.2279,2.1226,4.8555,-4.0859,-5.3268,1.1055,-1.5418,6.708,-0.2673,0.4778,-1.836,car,83,64.1844,-43.012,-1.1685,-5.859,5.9596,-0.4198,254.692,5.974384759119553,21.50778513283039,2.8020000000000067,10.790700000000001,-2.9173999999999998,0.5321999999999996,2.9655454135790937,11.148560915651851,0,02_14_83_2925_ego_83,0,2925,2920,2925,vehicle_vehicle,0.6054704788808625,0.02497140639653817,3.4476720368861087,3.4512454853284553,15.0,3.0,3.5,0.8,6.2876916272985275,22.6356898582747
2,14,2959,2959,70.1136,-37.9184,229.0992,2.5807,6.6415,-0.0,0.0,-0.0,0.0,0.0,0.0,0.0,0.0,truck,83,64.1389,-43.2462,-1.0916,-5.8786,5.9642,-0.4227,255.427,5.979090944282416,21.524727399416697,5.974699999999999,5.327800000000003,1.0916,5.8786,5.979090944282416,8.005154147797532,0,02_14_83_2925_ego_83,1,2925,2920,2925,vehicle_vehicle,0.6054704788808625,0.02497140639653817,3.4476720368861087,3.4512454853284553,15.0,3.0,3.5,0.8,6.2876916272985275,22.6356898582747
2,76,2959,358,66.2622,-61.1508,306.4322,2.067,4.304,4.285,-5.1192,1.7518,1.6094,6.6634,-0.4074,-0.2545,-2.3652,car,83,64.1389,-43.2462,-1.0916,-5.8786,5.9642,-0.4227,255.427,5.979090944282416,21.524727399416697,2.1233000000000004,-17.904599999999995,5.3766,0.7593999999999994,5.429964633402321,18.030061121637935,0,02_14_83_2925_ego_83,0,2925,2920,2925,vehicle_vehicle,0.6054704788808625,0.02497140639653817,3.4476720368861087,3.4512454853284553,15.0,3.0,3.5,0.8,6.2876916272985275,22.6356898582747
2,79,2959,248,52.0438,-46.2494,335.3664,2.301,5.8366,0.2642,-0.1452,-0.0529,0.017,0.3007,0.0219,-0.0551,0.0066,van,83,64.1389,-43.2462,-1.0916,-5.8786,5.9642,-0.4227,255.427,5.979090944282416,21.524727399416697,-12.09510000000001,-3.0031999999999996,1.3558,5.7334,5.89152520150767,12.4623695279028,0,02_14_83_2925_ego_83,0,2925,2920,2925,vehicle_vehicle,0.6054704788808625,0.02497140639653817,3.4476720368861087,3.4512454853284553,15.0,3.0,3.5,0.8,6.2876916272985275,22.6356898582747
2,82,2959,224,60.123,-51.5192,276.8913,2.1699,4.6403,1.0771,-6.9393,1.6142,-0.2442,7.0184,-0.2367,0.4361,-1.5732,car,83,64.1389,-43.2462,-1.0916,-5.8786,5.9642,-0.4227,255.427,5.979090944282416,21.524727399416697,-4.015900000000009,-8.272999999999996,2.1687,-1.0607000000000006,2.414196383892578,9.196193876272945,0,02_14_83_2925_ego_83,0,2925,2920,2925,vehicle_vehicle,0.6054704788808625,0.02497140639653817,3.4476720368861087,3.4512454853284553,15.0,3.0,3.5,0.8,6.2876916272985275,22.6356898582747
2,83,2959,199,64.1389,-43.2462,255.427,2.1172,4.5925,-1.0916,-5.8786,1.9383,-0.4329,5.9642,-0.4227,-0.0687,-1.9848,car,83,64.1389,-43.2462,-1.0916,-5.8786,5.9642,-0.4227,255.427,5.979090944282416,21.524727399416697,0.0,0.0,0.0,0.0,0.0,0.0,1,02_14_83_2925_ego_83,1,2925,2920,2925,vehicle_vehicle,0.6054704788808625,0.02497140639653817,3.4476720368861087,3.4512454853284553,15.0,3.0,3.5,0.8,6.2876916272985275,22.6356898582747
2,86,2959,154,66.8239,-32.4361,230.8411,2.1226,4.8555,-4.0407,-5.3878,1.1308,-1.52,6.7293,-0.2692,0.4645,-1.8367,car,83,64.1389,-43.2462,-1.0916,-5.8786,5.9642,-0.4227,255.427,5.979090944282416,21.524727399416697,2.684999999999988,10.810099999999998,-2.9491000000000005,0.49079999999999924,2.989661427319154,11.138558569671387,0,02_14_83_2925_ego_83,0,2925,2920,2925,vehicle_vehicle,0.6054704788808625,0.02497140639653817,3.4476720368861087,3.4512454853284553,15.0,3.0,3.5,0.8,6.2876916272985275,22.6356898582747
2,14,2960,2960,70.1136,-37.9184,229.0992,2.5807,6.6415,-0.0,0.0,-0.0,0.0,0.0,0.0,0.0,0.0,truck,83,64.0961,-43.4816,-1.0143,-5.8979,5.9693,-0.4258,256.1613,5.984482341857147,21.54413643068573,6.017499999999998,5.563200000000002,1.0143,5.8979,5.984482341857147,8.195090023300537,0,02_14_83_2925_ego_83,1,2925,2920,2925,vehicle_vehicle,0.6054704788808625,0.02497140639653817,3.4476720368861087,3.4512454853284553,15.0,3.0,3.5,0.8,6.2876916272985275,22.6356898582747
2,76,2960,359,66.4345,-61.3545,307.1868,2.067,4.304,4.3562,-5.0542,1.7501,1.6393,6.6595,-0.4156,-0.2482,-2.3851,car,83,64.0961,-43.4816,-1.0143,-5.8979,5.9693,-0.4258,256.1613,5.984482341857147,21.54413643068573,2.338399999999993,-17.8729,5.3705,0.8437000000000001,5.436368267510949,18.025223132322107,0,02_14_83_2925_ego_83,0,2925,2920,2925,vehicle_vehicle,0.6054704788808625,0.02497140639653817,3.4476720368861087,3.4512454853284553,15.0,3.0,3.5,0.8,6.2876916272985275,22.6356898582747
2,79,2960,249,52.0557,-46.2556,335.355,2.301,5.8366,0.2586,-0.1431,-0.0782,0.0307,0.2947,0.0223,-0.0839,0.0048,van,83,64.0961,-43.4816,-1.0143,-5.8979,5.9693,-0.4258,256.1613,5.984482341857147,21.54413643068573,-12.040400000000005,-2.774000000000001,1.2729,5.7547999999999995,5.893894930349539,12.355820820973415,0,02_14_83_2925_ego_83,0,2925,2920,2925,vehicle_vehicle,0.6054704788808625,0.02497140639653817,3.4476720368861087,3.4512454853284553,15.0,3.0,3.5,0.8,6.2876916272985275,22.6356898582747
2,82,2960,225,60.1677,-51.7969,277.4412,2.1699,4.6403,1.144,-6.9493,1.5858,-0.2326,7.0389,-0.2343,0.436,-1.5423,car,83,64.0961,-43.4816,-1.0143,-5.8979,5.9693,-0.4258,256.1613,5.984482341857147,21.54413643068573,-3.9284000000000034,-8.3153,2.1582999999999997,-1.0514000000000001,2.4007708866112147,9.196550475585942,0,02_14_83_2925_ego_83,0,2925,2920,2925,vehicle_vehicle,0.6054704788808625,0.02497140639653817,3.4476720368861087,3.4512454853284553,15.0,3.0,3.5,0.8,6.2876916272985275,22.6356898582747
2,83,2960,200,64.0961,-43.4816,256.1613,2.1172,4.5925,-1.0143,-5.8979,1.9399,-0.4204,5.9693,-0.4258,-0.0558,-1.9842,car,83,64.0961,-43.4816,-1.0143,-5.8979,5.9693,-0.4258,256.1613,5.984482341857147,21.54413643068573,0.0,0.0,0.0,0.0,0.0,0.0,1,02_14_83_2925_ego_83,1,2925,2920,2925,vehicle_vehicle,0.6054704788808625,0.02497140639653817,3.4476720368861087,3.4512454853284553,15.0,3.0,3.5,0.8,6.2876916272985275,22.6356898582747
2,86,2960,155,66.6632,-32.6531,231.452,2.1226,4.8555,-3.9944,-5.4479,1.1551,-1.4988,6.7499,-0.271,0.4524,-1.8374,car,83,64.0961,-43.4816,-1.0143,-5.8979,5.9693,-0.4258,256.1613,5.984482341857147,21.54413643068573,2.5670999999999964,10.828499999999998,-2.9801,0.4500000000000002,3.013883874670688,11.128630403603129,0,02_14_83_2925_ego_83,0,2925,2920,2925,vehicle_vehicle,0.6054704788808625,0.02497140639653817,3.4476720368861087,3.4512454853284553,15.0,3.0,3.5,0.8,6.2876916272985275,22.6356898582747
2,14,2961,2961,70.1136,-37.9184,229.0992,2.5807,6.6415,-0.0,0.0,-0.0,0.0,0.0,0.0,0.0,0.0,truck,83,64.057,-43.7182,-0.937,-5.9166,5.975,-0.4276,256.9074,5.990335930480025,21.565209349728093,6.056600000000003,5.799800000000005,0.937,5.9166,5.990335930480025,8.385707101968212,0,02_14_83_2925_ego_83,1,2925,2920,2925,vehicle_vehicle,0.6054704788808625,0.02497140639653817,3.4476720368861087,3.4512454853284553,15.0,3.0,3.5,0.8,6.2876916272985275,22.6356898582747
2,76,2961,360,66.6098,-61.5556,307.9651,2.067,4.304,4.4274,-4.9879,1.7472,1.6686,6.656,-0.422,-0.2406,-2.404,car,83,64.057,-43.7182,-0.937,-5.9166,5.975,-0.4276,256.9074,5.990335930480025,21.565209349728093,2.552800000000005,-17.837399999999995,5.3644,0.9287000000000001,5.4441960884964455,18.019146111844474,0,02_14_83_2925_ego_83,0,2925,2920,2925,vehicle_vehicle,0.6054704788808625,0.02497140639653817,3.4476720368861087,3.4512454853284553,15.0,3.0,3.5,0.8,6.2876916272985275,22.6356898582747
2,79,2961,250,52.0672,-46.2611,335.3476,2.301,5.8366,0.2515,-0.1406,-0.0999,0.043,0.2872,0.0229,-0.1087,0.0026,van,83,64.057,-43.7182,-0.937,-5.9166,5.975,-0.4276,256.9074,5.990335930480025,21.565209349728093,-11.989800000000002,-2.542899999999996,1.1885000000000001,5.776,5.897008415289909,12.25649397054476,0,02_14_83_2925_ego_83,0,2925,2920,2925,vehicle_vehicle,0.6054704788808625,0.02497140639653817,3.4476720368861087,3.4512454853284553,15.0,3.0,3.5,0.8,6.2876916272985275,22.6356898582747
2,82,2961,226,60.2148,-52.0747,277.9758,2.1699,4.6403,1.2096,-6.9589,1.5551,-0.2208,7.0594,-0.2323,0.4344,-1.5094,car,83,64.057,-43.7182,-0.937,-5.9166,5.975,-0.4276,256.9074,5.990335930480025,21.565209349728093,-3.8422000000000054,-8.356499999999997,2.1466000000000003,-1.0423,2.386269232505,9.197477539521365,0,02_14_83_2925_ego_83,0,2925,2920,2925,vehicle_vehicle,0.6054704788808625,0.02497140639653817,3.4476720368861087,3.4512454853284553,15.0,3.0,3.5,0.8,6.2876916272985275,22.6356898582747
2,83,2961,201,64.057,-43.7182,256.9074,2.1172,4.5925,-0.937,-5.9166,1.9418,-0.406,5.975,-0.4276,-0.0444,-1.9833,car,83,64.057,-43.7182,-0.937,-5.9166,5.975,-0.4276,256.9074,5.990335930480025,21.565209349728093,0.0,0.0,0.0,0.0,0.0,0.0,1,02_14_83_2925_ego_83,1,2925,2920,2925,vehicle_vehicle,0.6054704788808625,0.02497140639653817,3.4476720368861087,3.4512454853284553,15.0,3.0,3.5,0.8,6.2876916272985275,22.6356898582747
2,86,2961,156,66.5044,-32.8725,232.0566,2.1226,4.8555,-3.9472,-5.5071,1.1783,-1.4784,6.77,-0.2734,0.4414,-1.8383,car,83,64.057,-43.7182,-0.937,-5.9166,5.975,-0.4276,256.9074,5.990335930480025,21.565209349728093,2.447400000000002,10.8457,-3.0102,0.40949999999999953,3.037925984944334,11.118407046425311,0,02_14_83_2925_ego_83,0,2925,2920,2925,vehicle_vehicle,0.6054704788808625,0.02497140639653817,3.4476720368861087,3.4512454853284553,15.0,3.0,3.5,0.8,6.2876916272985275,22.6356898582747
2,14,2962,2962,70.1136,-37.9184,229.0992,2.5807,6.6415,-0.0,0.0,-0.0,0.0,0.0,0.0,0.0,0.0,truck,83,64.0208,-43.9552,-0.8594,-5.9346,5.9812,-0.4289,257.6585,5.996502774117594,21.58740998682334,6.092800000000011,6.0367999999999995,0.8594,5.9346,5.996502774117594,8.577013820672095,0,02_14_83_2925_ego_83,1,2925,2920,2925,vehicle_vehicle,0.6054704788808625,0.02497140639653817,3.4476720368861087,3.4512454853284553,15.0,3.0,3.5,0.8,6.2876916272985275,22.6356898582747
2,76,2962,361,66.7881,-61.7541,308.7724,2.067,4.304,4.4986,-4.9203,1.7431,1.6971,6.6532,-0.426,-0.2315,-2.4218,car,83,64.0208,-43.9552,-0.8594,-5.9346,5.9812,-0.4289,257.6585,5.996502774117594,21.58740998682334,2.767300000000006,-17.798900000000003,5.358,1.0142999999999995,5.453161329907634,18.01273967224309,0,02_14_83_2925_ego_83,0,2925,2920,2925,vehicle_vehicle,0.6054704788808625,0.02497140639653817,3.4476720368861087,3.4512454853284553,15.0,3.0,3.5,0.8,6.2876916272985275,22.6356898582747
2,79,2962,251,52.078,-46.2668,335.3483,2.301,5.8366,0.2432,-0.1374,-0.1173,0.054,0.2783,0.0235,-0.1292,-0.0001,van,83,64.0208,-43.9552,-0.8594,-5.9346,5.9812,-0.4289,257.6585,5.996502774117594,21.58740998682334,-11.942799999999991,-2.3116000000000057,1.1026,5.797199999999999,5.90112316427983,12.16445503917047,0,02_14_83_2925_ego_83,0,2925,2920,2925,vehicle_vehicle,0.6054704788808625,0.02497140639653817,3.4476720368861087,3.4512454853284553,15.0,3.0,3.5,0.8,6.2876916272985275,22.6356898582747
2,82,2962,227,60.2647,-52.3532,278.4921,2.1699,4.6403,1.2739,-6.9681,1.5223,-0.2086,7.0798,-0.231,0.4311,-1.4748,car,83,64.0208,-43.9552,-0.8594,-5.9346,5.9812,-0.4289,257.6585,5.996502774117594,21.58740998682334,-3.7560999999999964,-8.398000000000003,2.1333,-1.0335,2.3704622207493626,9.19971147428005,0,02_14_83_2925_ego_83,0,2925,2920,2925,vehicle_vehicle,0.6054704788808625,0.02497140639653817,3.4476720368861087,3.4512454853284553,15.0,3.0,3.5,0.8,6.2876916272985275,22.6356898582747
2,83,2962,202,64.0208,-43.9552,257.6585,2.1172,4.5925,-0.8594,-5.9346,1.9439,-0.3898,5.9812,-0.4289,-0.0347,-1.9823,car,83,64.0208,-43.9552,-0.8594,-5.9346,5.9812,-0.4289,257.6585,5.996502774117594,21.58740998682334,0.0,0.0,0.0,0.0,0.0,0.0,1,02_14_83_2925_ego_83,1,2925,2920,2925,vehicle_vehicle,0.6054704788808625,0.02497140639653817,3.4476720368861087,3.4512454853284553,15.0,3.0,3.5,0.8,6.2876916272985275,22.6356898582747
2,86,2962,157,66.3482,-33.0941,232.6667,2.1226,4.8555,-3.8993,-5.5653,1.2007,-1.4588,6.7899,-0.2747,0.4318,-1.8394,car,83,64.0208,-43.9552,-0.8594,-5.9346,5.9812,-0.4289,257.6585,5.996502774117594,21.58740998682334,2.3274000000000115,10.8611,-3.0399000000000003,0.36929999999999996,3.0622499081557666,11.107667800668152,0,02_14_83_2925_ego_83,0,2925,2920,2925,vehicle_vehicle,0.6054704788808625,0.02497140639653817,3.4476720368861087,3.4512454853284553,15.0,3.0,3.5,0.8,6.2876916272985275,22.6356898582747
2,14,2963,2963,70.1136,-37.9184,229.0992,2.5807,6.6415,-0.0,0.0,-0.0,0.0,0.0,0.0,0.0,0.0,truck,83,63.9876,-44.1932,-0.7817,-5.952,5.9877,-0.4288,258.4219,6.00311243356311,21.611204760827196,6.126000000000005,6.274799999999999,0.7817,5.952,6.00311243356311,8.769321013624717,0,02_14_83_2925_ego_83,1,2925,2920,2925,vehicle_vehicle,0.6054704788808625,0.02497140639653817,3.4476720368861087,3.4512454853284553,15.0,3.0,3.5,0.8,6.2876916272985275,22.6356898582747
2,76,2963,362,66.9692,-61.9496,309.5959,2.067,4.304,4.5697,-4.8515,1.7377,1.7248,6.651,-0.429,-0.2215,-2.4383,car,83,63.9876,-44.1932,-0.7817,-5.952,5.9877,-0.4288,258.4219,6.00311243356311,21.611204760827196,2.9816000000000003,-17.7564,5.3514,1.1005000000000003,5.463385599607628,18.004990405995777,0,02_14_83_2925_ego_83,0,2925,2920,2925,vehicle_vehicle,0.6054704788808625,0.02497140639653817,3.4476720368861087,3.4512454853284553,15.0,3.0,3.5,0.8,6.2876916272985275,22.6356898582747
2,79,2963,252,52.0885,-46.273,335.3541,2.301,5.8366,0.2338,-0.1336,-0.1303,0.0634,0.2682,0.024,-0.1449,-0.0033,van,83,63.9876,-44.1932,-0.7817,-5.952,5.9877,-0.4288,258.4219,6.00311243356311,21.611204760827196,-11.899099999999997,-2.079800000000006,1.0154999999999998,5.8184,5.906354104690981,12.079492905333401,0,02_14_83_2925_ego_83,0,2925,2920,2925,vehicle_vehicle,0.6054704788808625,0.02497140639653817,3.4476720368861087,3.4512454853284553,15.0,3.0,3.5,0.8,6.2876916272985275,22.6356898582747
2,82,2963,228,60.3174,-52.6324,279.0003,2.1699,4.6403,1.3367,-6.9766,1.4874,-0.1961,7.0998,-0.2289,0.4264,-1.4384,car,83,63.9876,-44.1932,-0.7817,-5.952,5.9877,-0.4288,258.4219,6.00311243356311,21.611204760827196,-3.6702000000000012,-8.4392,2.1184,-1.0246000000000004,2.3531731173035273,9.202742236963937,0,02_14_83_2925_ego_83,0,2925,2920,2925,vehicle_vehicle,0.6054704788808625,0.02497140639653817,3.4476720368861087,3.4512454853284553,15.0,3.0,3.5,0.8,6.2876916272985275,22.6356898582747
2,83,2963,203,63.9876,-44.1932,258.4219,2.1172,4.5925,-0.7817,-5.952,1.946,-0.3719,5.9877,-0.4288,-0.0263,-1.981,car,83,63.9876,-44.1932,-0.7817,-5.952,5.9877,-0.4288,258.4219,6.00311243356311,21.611204760827196,0.0,0.0,0.0,0.0,0.0,0.0,1,02_14_83_2925_ego_83,1,2925,2920,2925,vehicle_vehicle,0.6054704788808625,0.02497140639653817,3.4476720368861087,3.4512454853284553,15.0,3.0,3.5,0.8,6.2876916272985275,22.6356898582747
2,86,2963,158,66.194,-33.3184,233.2628,2.1226,4.8555,-3.8509,-5.6226,1.2226,-1.4402,6.8093,-0.2771,0.4229,-1.8412,car,83,63.9876,-44.1932,-0.7817,-5.952,5.9877,-0.4288,258.4219,6.00311243356311,21.611204760827196,2.206400000000002,10.8748,-3.0692000000000004,0.3293999999999997,3.0868257158446766,11.096372199957967,0,02_14_83_2925_ego_83,0,2925,2920,2925,vehicle_vehicle,0.6054704788808625,0.02497140639653817,3.4476720368861087,3.4512454853284553,15.0,3.0,3.5,0.8,6.2876916272985275,22.6356898582747
2,14,2964,2964,70.1136,-37.9184,229.0992,2.5807,6.6415,-0.0,0.0,-0.0,0.0,0.0,0.0,0.0,0.0,truck,83,63.9581,-44.4316,-0.7039,-5.9685,5.9945,-0.4296,259.175,6.00986417982969,21.635511047386885,6.1555000000000035,6.513200000000005,0.7039,5.9685,6.00986417982969,8.961693728866218,0,02_14_83_2925_ego_83,1,2925,2920,2925,vehicle_vehicle,0.6054704788808625,0.02497140639653817,3.4476720368861087,3.4512454853284553,15.0,3.0,3.5,0.8,6.2876916272985275,22.6356898582747
2,76,2964,363,67.1536,-62.1424,310.4258,2.067,4.304,4.6405,-4.7816,1.7309,1.7515,6.6492,-0.4319,-0.2109,-2.4534,car,83,63.9581,-44.4316,-0.7039,-5.9685,5.9945,-0.4296,259.175,6.00986417982969,21.635511047386885,3.1954999999999956,-17.7108,5.3444,1.1868999999999996,5.474608933065448,17.996767956774903,0,02_14_83_2925_ego_83,0,2925,2920,2925,vehicle_vehicle,0.6054704788808625,0.02497140639653817,3.4476720368861087,3.4512454853284553,15.0,3.0,3.5,0.8,6.2876916272985275,22.6356898582747
2,79,2964,253,52.0982,-46.2793,335.3564,2.301,5.8366,0.2237,-0.129,-0.1385,0.0709,0.2571,0.0239,-0.1555,-0.0067,van,83,63.9581,-44.4316,-0.7039,-5.9685,5.9945,-0.4296,259.175,6.00986417982969,21.635511047386885,-11.859900000000003,-1.8476999999999961,0.9276,5.839499999999999,5.912715282338563,12.002967270637708,0,02_14_83_2925_ego_83,0,2925,2920,2925,vehicle_vehicle,0.6054704788808625,0.02497140639653817,3.4476720368861087,3.4512454853284553,15.0,3.0,3.5,0.8,6.2876916272985275,22.6356898582747
2,82,2964,229,60.3726,-52.9118,279.502,2.1699,4.6403,1.3979,-6.9846,1.4508,-0.1835,7.1196,-0.2257,0.4205,-1.4006,car,83,63.9581,-44.4316,-0.7039,-5.9685,5.9945,-0.4296,259.175,6.00986417982969,21.635511047386885,-3.5855000000000032,-8.480199999999996,2.1018,-1.0161000000000007,2.3345283142425157,9.207040908456959,0,02_14_83_2925_ego_83,0,2925,2920,2925,vehicle_vehicle,0.6054704788808625,0.02497140639653817,3.4476720368861087,3.4512454853284553,15.0,3.0,3.5,0.8,6.2876916272985275,22.6356898582747
2,83,2964,204,63.9581,-44.4316,259.175,2.1172,4.5925,-0.7039,-5.9685,1.9482,-0.3522,5.9945,-0.4296,-0.02,-1.9797,car,83,63.9581,-44.4316,-0.7039,-5.9685,5.9945,-0.4296,259.175,6.00986417982969,21.635511047386885,0.0,0.0,0.0,0.0,0.0,0.0,1,02_14_83_2925_ego_83,1,2925,2920,2925,vehicle_vehicle,0.6054704788808625,0.02497140639653817,3.4476720368861087,3.4512454853284553,15.0,3.0,3.5,0.8,6.2876916272985275,22.6356898582747
2,86,2964,159,66.0414,-33.5446,233.8587,2.1226,4.8555,-3.8018,-5.6791,1.2441,-1.4227,6.8285,-0.2792,0.4152,-1.8438,car,83,63.9581,-44.4316,-0.7039,-5.9685,5.9945,-0.4296,259.175,6.00986417982969,21.635511047386885,2.083299999999994,10.887,-3.0979,0.28939999999999966,3.1113882383913456,11.084534626676936,0,02_14_83_2925_ego_83,0,2925,2920,2925,vehicle_vehicle,0.6054704788808625,0.02497140639653817,3.4476720368861087,3.4512454853284553,15.0,3.0,3.5,0.8,6.2876916272985275,22.6356898582747
2,14,2965,2965,70.1136,-37.9184,229.0992,2.5807,6.6415,-0.0,0.0,-0.0,0.0,0.0,0.0,0.0,0.0,truck,83,63.9317,-44.671,-0.6261,-5.9841,6.0014,-0.4308,259.9214,6.016764414533777,21.6603518923216,6.181900000000006,6.752600000000001,0.6261,5.9841,6.016764414533777,9.154971019615523,0,02_14_83_2925_ego_83,1,2925,2920,2925,vehicle_vehicle,0.6054704788808625,0.02497140639653817,3.4476720368861087,3.4512454853284553,15.0,3.0,3.5,0.8,6.2876916272985275,22.6356898582747
2,76,2965,364,67.3405,-62.3321,311.2796,2.067,4.304,4.7111,-4.7107,1.7227,1.7774,6.6482,-0.4326,-0.1991,-2.4672,car,83,63.9317,-44.671,-0.6261,-5.9841,6.0014,-0.4308,259.9214,6.016764414533777,21.6603518923216,3.4088000000000065,-17.661099999999998,5.3372,1.2733999999999996,5.487007508651688,17.98706120104115,0,02_14_83_2925_ego_83,0,2925,2920,2925,vehicle_vehicle,0.6054704788808625,0.02497140639653817,3.4476720368861087,3.4512454853284553,15.0,3.0,3.5,0.8,6.2876916272985275,22.6356898582747
2,79,2965,254,52.1081,-46.2849,335.3542,2.301,5.8366,0.2129,-0.1239,-0.1417,0.0763,0.2452,0.0238,-0.1606,-0.0103,van,83,63.9317,-44.671,-0.6261,-5.9841,6.0014,-0.4308,259.9214,6.016764414533777,21.6603518923216,-11.823599999999999,-1.613900000000001,0.839,5.8602,5.919954817395147,11.93323888011968,0,02_14_83_2925_ego_83,0,2925,2920,2925,vehicle_vehicle,0.6054704788808625,0.02497140639653817,3.4476720368861087,3.4512454853284553,15.0,3.0,3.5,0.8,6.2876916272985275,22.6356898582747
2,82,2965,230,60.4297,-53.1914,279.9933,2.1699,4.6403,1.4577,-6.9921,1.4124,-0.1707,7.139,-0.2222,0.4132,-1.3614,car,83,63.9317,-44.671,-0.6261,-5.9841,6.0014,-0.4308,259.9214,6.016764414533777,21.6603518923216,-3.5020000000000024,-8.520400000000002,2.0838,-1.008,2.314797278380982,9.212014989132403,0,02_14_83_2925_ego_83,0,2925,2920,2925,vehicle_vehicle,0.6054704788808625,0.02497140639653817,3.4476720368861087,3.4512454853284553,15.0,3.0,3.5,0.8,6.2876916272985275,22.6356898582747
2,83,2965,205,63.9317,-44.671,259.9214,2.1172,4.5925,-0.6261,-5.9841,1.9505,-0.3309,6.0014,-0.4308,-0.0155,-1.9783,car,83,63.9317,-44.671,-0.6261,-5.9841,6.0014,-0.4308,259.9214,6.016764414533777,21.6603518923216,0.0,0.0,0.0,0.0,0.0,0.0,1,02_14_83_2925_ego_83,1,2925,2920,2925,vehicle_vehicle,0.6054704788808625,0.02497140639653817,3.4476720368861087,3.4512454853284553,15.0,3.0,3.5,0.8,6.2876916272985275,22.6356898582747
2,86,2965,160,65.891,-33.7729,234.4672,2.1226,4.8555,-3.7521,-5.7349,1.2656,-1.4064,6.8476,-0.2795,0.4089,-1.8473,car,83,63.9317,-44.671,-0.6261,-5.9841,6.0014,-0.4308,259.9214,6.016764414533777,21.6603518923216,1.959300000000006,10.8981,-3.126,0.2492000000000001,3.1359171927842735,11.072824395789903,0,02_14_83_2925_ego_83,0,2925,2920,2925,vehicle_vehicle,0.6054704788808625,0.02497140639653817,3.4476720368861087,3.4512454853284553,15.0,3.0,3.5,0.8,6.2876916272985275,22.6356898582747
2,14,2966,2966,70.1136,-37.9184,229.0992,2.5807,6.6415,-0.0,0.0,-0.0,0.0,0.0,0.0,0.0,0.0,truck,83,63.9088,-44.9108,-0.5485,-5.9988,6.0084,-0.4317,260.6667,6.023823842875886,21.685765834353187,6.204800000000006,6.9924000000000035,0.5485,5.9988,6.023823842875886,9.348433066562551,0,02_14_83_2925_ego_83,1,2925,2920,2925,vehicle_vehicle,0.6054704788808625,0.02497140639653817,3.4476720368861087,3.4512454853284553,15.0,3.0,3.5,0.8,6.2876916272985275,22.6356898582747
2,76,2966,365,67.5304,-62.5189,312.1699,2.067,4.304,4.7813,-4.6389,1.7133,1.8024,6.648,-0.4295,-0.1857,-2.4798,car,83,63.9088,-44.9108,-0.5485,-5.9988,6.0084,-0.4317,260.6667,6.023823842875886,21.685765834353187,3.621600000000001,-17.6081,5.3298,1.3599000000000006,5.500554158446219,17.976684126111802,0,02_14_83_2925_ego_83,0,2925,2920,2925,vehicle_vehicle,0.6054704788808625,0.02497140639653817,3.4476720368861087,3.4512454853284553,15.0,3.0,3.5,0.8,6.2876916272985275,22.6356898582747
2,79,2966,255,52.1168,-46.2908,335.3483,2.301,5.8366,0.2019,-0.1181,-0.1396,0.0792,0.2328,0.0232,-0.1599,-0.0138,van,83,63.9088,-44.9108,-0.5485,-5.9988,6.0084,-0.4317,260.6667,6.023823842875886,21.685765834353187,-11.792000000000002,-1.3799999999999955,0.7504,5.8807,5.928383645649124,11.87247505788073,0,02_14_83_2925_ego_83,0,2925,2920,2925,vehicle_vehicle,0.6054704788808625,0.02497140639653817,3.4476720368861087,3.4512454853284553,15.0,3.0,3.5,0.8,6.2876916272985275,22.6356898582747
2,82,2966,231,60.4893,-53.471,280.494,2.1699,4.6403,1.5158,-6.9991,1.3724,-0.1577,7.1581,-0.2157,0.4051,-1.3208,car,83,63.9088,-44.9108,-0.5485,-5.9988,6.0084,-0.4317,260.6667,6.023823842875886,21.685765834353187,-3.4194999999999993,-8.560199999999995,2.0643000000000002,-1.0003000000000002,2.293890707945782,9.217917567975963,0,02_14_83_2925_ego_83,0,2925,2920,2925,vehicle_vehicle,0.6054704788808625,0.02497140639653817,3.4476720368861087,3.4512454853284553,15.0,3.0,3.5,0.8,6.2876916272985275,22.6356898582747
2,83,2966,206,63.9088,-44.9108,260.6667,2.1172,4.5925,-0.5485,-5.9988,1.953,-0.3081,6.0084,-0.4317,-0.0127,-1.9771,car,83,63.9088,-44.9108,-0.5485,-5.9988,6.0084,-0.4317,260.6667,6.023823842875886,21.685765834353187,0.0,0.0,0.0,0.0,0.0,0.0,1,02_14_83_2925_ego_83,1,2925,2920,2925,vehicle_vehicle,0.6054704788808625,0.02497140639653817,3.4476720368861087,3.4512454853284553,15.0,3.0,3.5,0.8,6.2876916272985275,22.6356898582747
2,86,2966,161,65.7425,-34.003,235.0862,2.1226,4.8555,-3.7018,-5.7901,1.2873,-1.3911,6.8667,-0.2784,0.4039,-1.8518,car,83,63.9088,-44.9108,-0.5485,-5.9988,6.0084,-0.4317,260.6667,6.023823842875886,21.685765834353187,1.8337000000000074,10.907800000000002,-3.1532999999999998,0.20870000000000033,3.160198819694735,11.060856952786256,0,02_14_83_2925_ego_83,0,2925,2920,2925,vehicle_vehicle,0.6054704788808625,0.02497140639653817,3.4476720368861087,3.4512454853284553,15.0,3.0,3.5,0.8,6.2876916272985275,22.6356898582747
2,14,2967,2967,70.1136,-37.9184,229.0992,2.5807,6.6415,-0.0,0.0,-0.0,0.0,0.0,0.0,0.0,0.0,truck,83,63.8889,-45.1513,-0.4709,-6.0125,6.0154,-0.4325,261.4092,6.030912290856168,21.711284247082208,6.224700000000006,7.232900000000001,0.4709,6.0125,6.030912290856168,9.542627127788244,0,02_14_83_2925_ego_83,1,2925,2920,2925,vehicle_vehicle,0.6054704788808625,0.02497140639653817,3.4476720368861087,3.4512454853284553,15.0,3.0,3.5,0.8,6.2876916272985275,22.6356898582747
2,76,2967,366,67.7228,-62.7027,313.0703,2.067,4.304,4.8513,-4.5661,1.7024,1.8268,6.6485,-0.4258,-0.1719,-2.4912,car,83,63.8889,-45.1513,-0.4709,-6.0125,6.0154,-0.4325,261.4092,6.030912290856168,21.711284247082208,3.833900000000007,-17.5514,5.3222000000000005,1.4464000000000006,5.515241227725221,17.96525622333286,0,02_14_83_2925_ego_83,0,2925,2920,2925,vehicle_vehicle,0.6054704788808625,0.02497140639653817,3.4476720368861087,3.4512454853284553,15.0,3.0,3.5,0.8,6.2876916272985275,22.6356898582747
2,79,2967,256,52.1253,-46.2958,335.3416,2.301,5.8366,0.1907,-0.1122,-0.1319,0.0793,0.2201,0.0224,-0.153,-0.0171,van,83,63.8889,-45.1513,-0.4709,-6.0125,6.0154,-0.4325,261.4092,6.030912290856168,21.711284247082208,-11.763599999999997,-1.1445000000000007,0.6616,5.9003000000000005,5.937276703169561,11.819144013421612,0,02_14_83_2925_ego_83,0,2925,2920,2925,vehicle_vehicle,0.6054704788808625,0.02497140639653817,3.4476720368861087,3.4512454853284553,15.0,3.0,3.5,0.8,6.2876916272985275,22.6356898582747
2,82,2967,232,60.5516,-53.7509,280.9766,2.1699,4.6403,1.5721,-7.0057,1.3309,-0.1445,7.1769,-0.2094,0.3953,-1.2791,car,83,63.8889,-45.1513,-0.4709,-6.0125,6.0154,-0.4325,261.4092,6.030912290856168,21.711284247082208,-3.337299999999999,-8.599600000000002,2.043,-0.9931999999999999,2.271628323471954,9.224461580493466,0,02_14_83_2925_ego_83,0,2925,2920,2925,vehicle_vehicle,0.6054704788808625,0.02497140639653817,3.4476720368861087,3.4512454853284553,15.0,3.0,3.5,0.8,6.2876916272985275,22.6356898582747
2,83,2967,207,63.8889,-45.1513,261.4092,2.1172,4.5925,-0.4709,-6.0125,1.956,-0.2839,6.0154,-0.4325,-0.0114,-1.9765,car,83,63.8889,-45.1513,-0.4709,-6.0125,6.0154,-0.4325,261.4092,6.030912290856168,21.711284247082208,0.0,0.0,0.0,0.0,0.0,0.0,1,02_14_83_2925_ego_83,1,2925,2920,2925,vehicle_vehicle,0.6054704788808625,0.02497140639653817,3.4476720368861087,3.4512454853284553,15.0,3.0,3.5,0.8,6.2876916272985275,22.6356898582747
2,86,2967,162,65.5962,-34.2352,235.7139,2.1226,4.8555,-3.6509,-5.8451,1.3094,-1.3766,6.886,-0.2762,0.3998,-1.8574,car,83,63.8889,-45.1513,-0.4709,-6.0125,6.0154,-0.4325,261.4092,6.030912290856168,21.711284247082208,1.7072999999999965,10.9161,-3.18,0.16739999999999977,3.1844030460982795,11.048805930959237,0,02_14_83_2925_ego_83,0,2925,2920,2925,vehicle_vehicle,0.6054704788808625,0.02497140639653817,3.4476720368861087,3.4512454853284553,15.0,3.0,3.5,0.8,6.2876916272985275,22.6356898582747
2,14,2968,2968,70.1136,-37.9184,229.0992,2.5807,6.6415,-0.0,0.0,-0.0,-0.0,0.0,0.0,0.0,-0.0,truck,83,63.8713,-45.3924,-0.3931,-6.0251,6.0223,-0.4331,262.1529,6.03791003742189,21.736476134718803,6.242300000000007,7.474000000000004,0.3931,6.0251,6.03791003742189,9.73791483275553,0,02_14_83_2925_ego_83,1,2925,2920,2925,vehicle_vehicle,0.6054704788808625,0.02497140639653817,3.4476720368861087,3.4512454853284553,15.0,3.0,3.5,0.8,6.2876916272985275,22.6356898582747
2,76,2968,367,67.9186,-62.8838,313.9852,2.067,4.304,4.9206,-4.4924,1.6903,1.8505,6.6496,-0.4206,-0.1576,-2.5013,car,83,63.8713,-45.3924,-0.3931,-6.0251,6.0223,-0.4331,262.1529,6.03791003742189,21.736476134718803,4.0473,-17.4914,5.313700000000001,1.5327000000000002,5.530332447511633,17.953543139168936,0,02_14_83_2925_ego_83,0,2925,2920,2925,vehicle_vehicle,0.6054704788808625,0.02497140639653817,3.4476720368861087,3.4512454853284553,15.0,3.0,3.5,0.8,6.2876916272985275,22.6356898582747
2,79,2968,257,52.1324,-46.2999,335.3343,2.301,5.8366,0.18,-0.1063,-0.1187,0.0767,0.2079,0.0215,-0.1399,-0.0202,van,83,63.8713,-45.3924,-0.3931,-6.0251,6.0223,-0.4331,262.1529,6.03791003742189,21.736476134718803,-11.738900000000001,-0.9074999999999989,0.5730999999999999,5.9188,5.94648106446157,11.773925830410178,0,02_14_83_2925_ego_83,0,2925,2920,2925,vehicle_vehicle,0.6054704788808625,0.02497140639653817,3.4476720368861087,3.4512454853284553,15.0,3.0,3.5,0.8,6.2876916272985275,22.6356898582747
2,82,2968,233,60.615,-54.0312,281.4582,2.1699,4.6403,1.6269,-7.0118,1.2879,-0.131,7.1953,-0.2016,0.3842,-1.2362,car,83,63.8713,-45.3924,-0.3931,-6.0251,6.0223,-0.4331,262.1529,6.03791003742189,21.736476134718803,-3.256299999999996,-8.638799999999996,2.02,-0.9866999999999999,2.2481051776996557,9.232137083579289,0,02_14_83_2925_ego_83,0,2925,2920,2925,vehicle_vehicle,0.6054704788808625,0.02497140639653817,3.4476720368861087,3.4512454853284553,15.0,3.0,3.5,0.8,6.2876916272985275,22.6356898582747
2,83,2968,208,63.8713,-45.3924,262.1529,2.1172,4.5925,-0.3931,-6.0251,1.9595,-0.2584,6.0223,-0.4331,-0.0115,-1.9765,car,83,63.8713,-45.3924,-0.3931,-6.0251,6.0223,-0.4331,262.1529,6.03791003742189,21.736476134718803,0.0,0.0,0.0,0.0,0.0,0.0,1,02_14_83_2925_ego_83,1,2925,2920,2925,vehicle_vehicle,0.6054704788808625,0.02497140639653817,3.4476720368861087,3.4512454853284553,15.0,3.0,3.5,0.8,6.2876916272985275,22.6356898582747
2,86,2968,163,65.4512,-34.4692,236.3527,2.1226,4.8555,-3.5991,-5.8997,1.3322,-1.3627,6.9055,-0.2728,0.3963,-1.864,car,83,63.8713,-45.3924,-0.3931,-6.0251,6.0223,-0.4331,262.1529,6.03791003742189,21.736476134718803,1.579900000000002,10.923200000000001,-3.206,0.12539999999999996,3.208451520593696,11.03686469292797,0,02_14_83_2925_ego_83,0,2925,2920,2925,vehicle_vehicle,0.6054704788808625,0.02497140639653817,3.4476720368861087,3.4512454853284553,15.0,3.0,3.5,0.8,6.2876916272985275,22.6356898582747
2,14,2969,2969,70.1136,-37.9184,229.0992,2.5807,6.6415,-0.0,0.0,0.0,-0.0,0.0,0.0,0.0,-0.0,truck,83,63.8569,-45.634,-0.3151,-6.0365,6.0291,-0.4338,262.8966,6.044718377228174,21.760986158021424,6.256700000000002,7.715600000000002,0.3151,6.0365,6.044718377228174,9.933618587906427,0,02_14_83_2925_ego_83,1,2925,2920,2925,vehicle_vehicle,0.6054704788808625,0.02497140639653817,3.4476720368861087,3.4512454853284553,15.0,3.0,3.5,0.8,6.2876916272985275,22.6356898582747
2,76,2969,368,68.1168,-63.0619,314.9056,2.067,4.304,4.9895,-4.4178,1.6768,1.8737,6.6513,-0.4152,-0.1433,-2.5104,car,83,63.8569,-45.634,-0.3151,-6.0365,6.0291,-0.4338,262.8966,6.044718377228174,21.760986158021424,4.259899999999995,-17.4279,5.3046,1.6187000000000005,5.546077068523299,17.940971167135853,0,02_14_83_2925_ego_83,0,2925,2920,2925,vehicle_vehicle,0.6054704788808625,0.02497140639653817,3.4476720368861087,3.4512454853284553,15.0,3.0,3.5,0.8,6.2876916272985275,22.6356898582747
2,79,2969,258,52.1384,-46.3046,335.327,2.301,5.8366,0.1703,-0.1003,-0.1003,0.0713,0.1966,0.0201,-0.121,-0.0229,van,83,63.8569,-45.634,-0.3151,-6.0365,6.0291,-0.4338,262.8966,6.044718377228174,21.760986158021424,-11.718500000000006,-0.6706000000000003,0.4854,5.9362,5.956012390853465,11.737672112050163,0,02_14_83_2925_ego_83,0,2925,2920,2925,vehicle_vehicle,0.6054704788808625,0.02497140639653817,3.4476720368861087,3.4512454853284553,15.0,3.0,3.5,0.8,6.2876916272985275,22.6356898582747
2,82,2969,234,60.6811,-54.3119,281.9251,2.1699,4.6403,1.68,-7.0173,1.2433,-0.1172,7.213,-0.1938,0.3715,-1.1922,car,83,63.8569,-45.634,-0.3151,-6.0365,6.0291,-0.4338,262.8966,6.044718377228174,21.760986158021424,-3.1758000000000024,-8.677900000000001,1.9950999999999999,-0.9807999999999995,2.22314926399466,9.240760469247109,0,02_14_83_2925_ego_83,0,2925,2920,2925,vehicle_vehicle,0.6054704788808625,0.02497140639653817,3.4476720368861087,3.4512454853284553,15.0,3.0,3.5,0.8,6.2876916272985275,22.6356898582747
2,83,2969,209,63.8569,-45.634,262.8966,2.1172,4.5925,-0.3151,-6.0365,1.9635,-0.2318,6.0291,-0.4338,-0.0128,-1.9771,car,83,63.8569,-45.634,-0.3151,-6.0365,6.0291,-0.4338,262.8966,6.044718377228174,21.760986158021424,0.0,0.0,0.0,0.0,0.0,0.0,1,02_14_83_2925_ego_83,1,2925,2920,2925,vehicle_vehicle,0.6054704788808625,0.02497140639653817,3.4476720368861087,3.4512454853284553,15.0,3.0,3.5,0.8,6.2876916272985275,22.6356898582747
2,86,2969,164,65.3081,-34.7057,236.9992,2.1226,4.8555,-3.5464,-5.9541,1.3554,-1.3491,6.925,-0.2687,0.3932,-1.8715,car,83,63.8569,-45.634,-0.3151,-6.0365,6.0291,-0.4338,262.8966,6.044718377228174,21.760986158021424,1.451199999999993,10.9283,-3.2313,0.0823999999999998,3.2323504528438747,11.024233412351172,0,02_14_83_2925_ego_83,0,2925,2920,2925,vehicle_vehicle,0.6054704788808625,0.02497140639653817,3.4476720368861087,3.4512454853284553,15.0,3.0,3.5,0.8,6.2876916272985275,22.6356898582747
2,14,2970,2970,70.1136,-37.9184,229.0992,2.5807,6.6415,-0.0,0.0,0.0,-0.0,0.0,0.0,-0.0,-0.0,truck,83,63.8455,-45.8764,-0.2368,-6.0465,6.0355,-0.4347,263.6381,6.05113514061618,21.78408650621825,6.268100000000004,7.957999999999998,0.2368,6.0465,6.05113514061618,10.130095834196242,0,02_14_83_2925_ego_83,1,2925,2920,2925,vehicle_vehicle,0.6054704788808625,0.02497140639653817,3.4476720368861087,3.4512454853284553,15.0,3.0,3.5,0.8,6.2876916272985275,22.6356898582747
2,76,2970,369,68.3175,-63.2374,315.8301,2.067,4.304,5.0579,-4.3422,1.6621,1.8962,6.6535,-0.4097,-0.129,-2.5182,car,83,63.8455,-45.8764,-0.2368,-6.0465,6.0355,-0.4347,263.6381,6.05113514061618,21.78408650621825,4.471999999999994,-17.361000000000004,5.2947,1.7043,5.562237551561421,17.927718901187628,0,02_14_83_2925_ego_83,0,2925,2920,2925,vehicle_vehicle,0.6054704788808625,0.02497140639653817,3.4476720368861087,3.4512454853284553,15.0,3.0,3.5,0.8,6.2876916272985275,22.6356898582747
2,79,2970,259,52.1434,-46.3097,335.3169,2.301,5.8366,0.162,-0.0941,-0.0773,0.0628,0.1865,0.0179,-0.0965,-0.0248,van,83,63.8455,-45.8764,-0.2368,-6.0465,6.0355,-0.4347,263.6381,6.05113514061618,21.78408650621825,-11.702100000000002,-0.4333000000000027,0.39880000000000004,5.9524,5.965744479945482,11.710119269247434,0,02_14_83_2925_ego_83,0,2925,2920,2925,vehicle_vehicle,0.6054704788808625,0.02497140639653817,3.4476720368861087,3.4512454853284553,15.0,3.0,3.5,0.8,6.2876916272985275,22.6356898582747
2,82,2970,235,60.7489,-54.5929,282.3737,2.1699,4.6403,1.7316,-7.0222,1.197,-0.1031,7.2301,-0.1866,0.3572,-1.1471,car,83,63.8455,-45.8764,-0.2368,-6.0465,6.0355,-0.4347,263.6381,6.05113514061618,21.78408650621825,-3.0966000000000022,-8.716500000000003,1.9684,-0.9756999999999998,2.1969499425339665,9.250205609066215,0,02_14_83_2925_ego_83,0,2925,2920,2925,vehicle_vehicle,0.6054704788808625,0.02497140639653817,3.4476720368861087,3.4512454853284553,15.0,3.0,3.5,0.8,6.2876916272985275,22.6356898582747
2,83,2970,210,63.8455,-45.8764,263.6381,2.1172,4.5925,-0.2368,-6.0465,1.9677,-0.2043,6.0355,-0.4347,-0.015,-1.9782,car,83,63.8455,-45.8764,-0.2368,-6.0465,6.0355,-0.4347,263.6381,6.05113514061618,21.78408650621825,0.0,0.0,0.0,0.0,0.0,0.0,1,02_14_83_2925_ego_83,1,2925,2920,2925,vehicle_vehicle,0.6054704788808625,0.02497140639653817,3.4476720368861087,3.4512454853284553,15.0,3.0,3.5,0.8,6.2876916272985275,22.6356898582747
2,86,2970,165,65.1674,-34.9444,237.6576,2.1226,4.8555,-3.4927,-6.0081,1.3792,-1.3355,6.9446,-0.2634,0.3905,-1.8797,car,83,63.8455,-45.8764,-0.2368,-6.0465,6.0355,-0.4347,263.6381,6.05113514061618,21.78408650621825,1.3218999999999994,10.931999999999995,-3.2559,0.03840000000000021,3.256126436427185,11.011632195546666,0,02_14_83_2925_ego_83,0,2925,2920,2925,vehicle_vehicle,0.6054704788808625,0.02497140639653817,3.4476720368861087,3.4512454853284553,15.0,3.0,3.5,0.8,6.2876916272985275,22.6356898582747
2,14,2971,2971,70.1136,-37.9184,229.0992,2.5807,6.6415,-0.0,0.0,0.0,-0.0,0.0,0.0,-0.0,-0.0,truck,83,63.8372,-46.1192,-0.1581,-6.0551,6.0416,-0.4347,264.3891,6.05716366131872,21.805789180747393,6.276400000000002,8.200800000000001,0.1581,6.0551,6.05716366131872,10.32697039794344,0,02_14_83_2925_ego_83,1,2925,2920,2925,vehicle_vehicle,0.6054704788808625,0.02497140639653817,3.4476720368861087,3.4512454853284553,15.0,3.0,3.5,0.8,6.2876916272985275,22.6356898582747
2,76,2971,370,68.5218,-63.4098,316.7509,2.067,4.304,5.1254,-4.2656,1.6462,1.9179,6.6559,-0.4048,-0.115,-2.5249,car,83,63.8372,-46.1192,-0.1581,-6.0551,6.0416,-0.4347,264.3891,6.05716366131872,21.805789180747393,4.684599999999996,-17.290599999999998,5.2835,1.7895000000000003,5.578322552524191,17.91397012166761,0,02_14_83_2925_ego_83,0,2925,2920,2925,vehicle_vehicle,0.6054704788808625,0.02497140639653817,3.4476720368861087,3.4512454853284553,15.0,3.0,3.5,0.8,6.2876916272985275,22.6356898582747
2,79,2971,260,52.1487,-46.3128,335.3059,2.301,5.8366,0.155,-0.0885,-0.0502,0.051,0.1778,0.0157,-0.067,-0.0254,van,83,63.8372,-46.1192,-0.1581,-6.0551,6.0416,-0.4347,264.3891,6.05716366131872,21.805789180747393,-11.688500000000005,-0.19360000000000355,0.3131,5.966600000000001,5.974809383570324,11.690103216396343,0,02_14_83_2925_ego_83,0,2925,2920,2925,vehicle_vehicle,0.6054704788808625,0.02497140639653817,3.4476720368861087,3.4512454853284553,15.0,3.0,3.5,0.8,6.2876916272985275,22.6356898582747
2,82,2971,236,60.8189,-54.8743,282.8131,2.1699,4.6403,1.7813,-7.0263,1.1488,-0.0891,7.2464,-0.1787,0.3416,-1.1005,car,83,63.8372,-46.1192,-0.1581,-6.0551,6.0416,-0.4347,264.3891,6.05716366131872,21.805789180747393,-3.0183000000000035,-8.755099999999999,1.9394,-0.9711999999999996,2.1689863531152054,9.260772694543366,0,02_14_83_2925_ego_83,0,2925,2920,2925,vehicle_vehicle,0.6054704788808625,0.02497140639653817,3.4476720368861087,3.4512454853284553,15.0,3.0,3.5,0.8,6.2876916272985275,22.6356898582747
2,83,2971,211,63.8372,-46.1192,264.3891,2.1172,4.5925,-0.1581,-6.0551,1.9719,-0.1762,6.0416,-0.4347,-0.0175,-1.9797,car,83,63.8372,-46.1192,-0.1581,-6.0551,6.0416,-0.4347,264.3891,6.05716366131872,21.805789180747393,0.0,0.0,0.0,0.0,0.0,0.0,1,02_14_83_2925_ego_83,1,2925,2920,2925,vehicle_vehicle,0.6054704788808625,0.02497140639653817,3.4476720368861087,3.4512454853284553,15.0,3.0,3.5,0.8,6.2876916272985275,22.6356898582747
2,86,2971,166,65.0284,-35.1853,238.3162,2.1226,4.8555,-3.4379,-6.0618,1.4035,-1.3218,6.964,-0.2583,0.3876,-1.8886,car,83,63.8372,-46.1192,-0.1581,-6.0551,6.0416,-0.4347,264.3891,6.05716366131872,21.805789180747393,1.191200000000002,10.933900000000001,-3.2798,-0.006699999999999484,3.279806843397946,10.998596576381917,0,02_14_83_2925_ego_83,0,2925,2920,2925,vehicle_vehicle,0.6054704788808625,0.02497140639653817,3.4476720368861087,3.4512454853284553,15.0,3.0,3.5,0.8,6.2876916272985275,22.6356898582747
2,14,2972,2972,70.1136,-37.9184,229.0992,2.5807,6.6415,-0.0,0.0,0.0,-0.0,0.0,0.0,-0.0,-0.0,truck,83,63.8321,-46.3625,-0.0791,-6.0622,6.0471,-0.4355,265.1335,6.062716029140734,21.825777704906645,6.281500000000008,8.444099999999999,0.0791,6.0622,6.062716029140734,10.524260879510736,0,02_14_83_2925_ego_83,1,2925,2920,2925,vehicle_vehicle,0.6054704788808625,0.02497140639653817,3.4476720368861087,3.4512454853284553,15.0,3.0,3.5,0.8,6.2876916272985275,22.6356898582747
2,76,2972,371,68.728,-63.5793,317.6761,2.067,4.304,5.1924,-4.1879,1.6292,1.9388,6.6588,-0.3998,-0.1009,-2.5305,car,83,63.8321,-46.3625,-0.0791,-6.0622,6.0471,-0.4355,265.1335,6.062716029140734,21.825777704906645,4.8958999999999975,-17.216800000000006,5.2715000000000005,1.8742999999999999,5.594793359901687,17.89938655513088,0,02_14_83_2925_ego_83,0,2925,2920,2925,vehicle_vehicle,0.6054704788808625,0.02497140639653817,3.4476720368861087,3.4512454853284553,15.0,3.0,3.5,0.8,6.2876916272985275,22.6356898582747
2,79,2972,261,52.1545,-46.3147,335.2993,2.301,5.8366,0.1493,-0.084,-0.0194,0.0365,0.1707,0.0139,-0.0328,-0.0251,van,83,63.8321,-46.3625,-0.0791,-6.0622,6.0471,-0.4355,265.1335,6.062716029140734,21.825777704906645,-11.677599999999998,0.04779999999999518,0.2284,5.9782,5.9825614748199625,11.67769782962378,0,02_14_83_2925_ego_83,0,2925,2920,2925,vehicle_vehicle,0.6054704788808625,0.02497140639653817,3.4476720368861087,3.4512454853284553,15.0,3.0,3.5,0.8,6.2876916272985275,22.6356898582747
2,82,2972,237,60.8912,-55.1561,283.2322,2.1699,4.6403,1.8291,-7.0296,1.0988,-0.0751,7.2616,-0.1715,0.3246,-1.0525,car,83,63.8321,-46.3625,-0.0791,-6.0622,6.0471,-0.4355,265.1335,6.062716029140734,21.825777704906645,-2.940899999999999,-8.793600000000005,1.9082,-0.9674000000000005,2.139413471024243,9.272340253139985,0,02_14_83_2925_ego_83,0,2925,2920,2925,vehicle_vehicle,0.6054704788808625,0.02497140639653817,3.4476720368861087,3.4512454853284553,15.0,3.0,3.5,0.8,6.2876916272985275,22.6356898582747
2,83,2972,212,63.8321,-46.3625,265.1335,2.1172,4.5925,-0.0791,-6.0622,1.9762,-0.1478,6.0471,-0.4355,-0.0204,-1.9816,car,83,63.8321,-46.3625,-0.0791,-6.0622,6.0471,-0.4355,265.1335,6.062716029140734,21.825777704906645,0.0,0.0,0.0,0.0,0.0,0.0,1,02_14_83_2925_ego_83,1,2925,2920,2925,vehicle_vehicle,0.6054704788808625,0.02497140639653817,3.4476720368861087,3.4512454853284553,15.0,3.0,3.5,0.8,6.2876916272985275,22.6356898582747
2,86,2972,167,64.8916,-35.4288,238.9778,2.1226,4.8555,-3.382,-6.1149,1.4281,-1.3078,6.9833,-0.2532,0.3847,-1.8978,car,83,63.8321,-46.3625,-0.0791,-6.0622,6.0471,-0.4355,265.1335,6.062716029140734,21.825777704906645,1.0594999999999999,10.933699999999995,-3.3029,-0.05269999999999975,3.3033204052891993,10.98491401604946,0,02_14_83_2925_ego_83,0,2925,2920,2925,vehicle_vehicle,0.6054704788808625,0.02497140639653817,3.4476720368861087,3.4512454853284553,15.0,3.0,3.5,0.8,6.2876916272985275,22.6356898582747
2,14,2973,2973,70.1136,-37.9184,229.0992,2.5807,6.6415,-0.0,0.0,0.0,-0.0,0.0,0.0,-0.0,-0.0,truck,83,63.8301,-46.6058,0.0003,-6.0679,6.0523,-0.4353,265.8886,6.067900007416075,21.84444002669787,6.283500000000004,8.687400000000004,-0.0003,6.0679,6.067900007416075,10.721627255692118,0,02_14_83_2925_ego_83,1,2925,2920,2925,vehicle_vehicle,0.6054704788808625,0.02497140639653817,3.4476720368861087,3.4512454853284553,15.0,3.0,3.5,0.8,6.2876916272985275,22.6356898582747
2,76,2973,372,68.9376,-63.7453,318.5975,2.067,4.304,5.2585,-4.1094,1.6112,1.9588,6.662,-0.3953,-0.0869,-2.5348,car,83,63.8301,-46.6058,0.0003,-6.0679,6.0523,-0.4353,265.8886,6.067900007416075,21.84444002669787,5.107500000000002,-17.139499999999998,5.2581999999999995,1.9585,5.611095213057785,17.884323204974795,0,02_14_83_2925_ego_83,0,2925,2920,2925,vehicle_vehicle,0.6054704788808625,0.02497140639653817,3.4476720368861087,3.4512454853284553,15.0,3.0,3.5,0.8,6.2876916272985275,22.6356898582747
2,79,2973,262,52.1593,-46.317,335.2996,2.301,5.8366,0.1453,-0.0805,0.015,0.0197,0.1656,0.0124,0.0054,-0.0241,van,83,63.8301,-46.6058,0.0003,-6.0679,6.0523,-0.4353,265.8886,6.067900007416075,21.84444002669787,-11.6708,0.28880000000000194,0.14500000000000002,5.9874,5.989155513091975,11.674372706060057,0,02_14_83_2925_ego_83,0,2925,2920,2925,vehicle_vehicle,0.6054704788808625,0.02497140639653817,3.4476720368861087,3.4512454853284553,15.0,3.0,3.5,0.8,6.2876916272985275,22.6356898582747
2,82,2973,238,60.9654,-55.4378,283.6409,2.1699,4.6403,1.8748,-7.0321,1.0471,-0.0615,7.2759,-0.1634,0.3067,-1.003,car,83,63.8301,-46.6058,0.0003,-6.0679,6.0523,-0.4353,265.8886,6.067900007416075,21.84444002669787,-2.864699999999999,-8.832,1.8745,-0.9642,2.107944944726973,9.28497334891167,0,02_14_83_2925_ego_83,0,2925,2920,2925,vehicle_vehicle,0.6054704788808625,0.02497140639653817,3.4476720368861087,3.4512454853284553,15.0,3.0,3.5,0.8,6.2876916272985275,22.6356898582747
2,83,2973,213,63.8301,-46.6058,265.8886,2.1172,4.5925,0.0003,-6.0679,1.9802,-0.1195,6.0523,-0.4353,-0.0228,-1.9837,car,83,63.8301,-46.6058,0.0003,-6.0679,6.0523,-0.4353,265.8886,6.067900007416075,21.84444002669787,0.0,0.0,0.0,0.0,0.0,0.0,1,02_14_83_2925_ego_83,1,2925,2920,2925,vehicle_vehicle,0.6054704788808625,0.02497140639653817,3.4476720368861087,3.4512454853284553,15.0,3.0,3.5,0.8,6.2876916272985275,22.6356898582747
2,86,2973,168,64.7574,-35.6744,239.6441,2.1226,4.8555,-3.325,-6.1675,1.4528,-1.2935,7.0023,-0.2477,0.3819,-1.9073,car,83,63.8301,-46.6058,0.0003,-6.0679,6.0523,-0.4353,265.8886,6.067900007416075,21.84444002669787,0.9273000000000025,10.931400000000004,-3.3253000000000004,-0.09960000000000058,3.326791284406042,10.970660474647827,0,02_14_83_2925_ego_83,0,2925,2920,2925,vehicle_vehicle,0.6054704788808625,0.02497140639653817,3.4476720368861087,3.4512454853284553,15.0,3.0,3.5,0.8,6.2876916272985275,22.6356898582747
2,14,2974,2974,70.1136,-37.9184,229.0992,2.5807,6.6415,-0.0,0.0,0.0,-0.0,0.0,0.0,-0.0,-0.0,truck,83,63.8314,-46.8495,0.0799,-6.0722,6.0571,-0.4344,266.6511,6.072725652456234,21.86181234884244,6.282200000000003,8.9311,-0.0799,6.0722,6.072725652456234,10.919275802451372,0,02_14_83_2925_ego_83,1,2925,2920,2925,vehicle_vehicle,0.6054704788808625,0.02497140639653817,3.4476720368861087,3.4512454853284553,15.0,3.0,3.5,0.8,6.2876916272985275,22.6356898582747
2,76,2974,373,69.1495,-63.908,319.5132,2.067,4.304,5.3237,-4.0301,1.5924,1.9778,6.6656,-0.3914,-0.073,-2.5381,car,83,63.8314,-46.8495,0.0799,-6.0722,6.0571,-0.4344,266.6511,6.072725652456234,21.86181234884244,5.318100000000001,-17.058500000000002,5.243799999999999,2.0420999999999996,5.627398230976727,17.868257045946034,0,02_14_83_2925_ego_83,0,2925,2920,2925,vehicle_vehicle,0.6054704788808625,0.02497140639653817,3.4476720368861087,3.4512454853284553,15.0,3.0,3.5,0.8,6.2876916272985275,22.6356898582747
2,79,2974,263,52.1639,-46.3194,335.3096,2.301,5.8366,0.1431,-0.0779,0.0523,0.001,0.1626,0.011,0.0472,-0.0227,van,83,63.8314,-46.8495,0.0799,-6.0722,6.0571,-0.4344,266.6511,6.072725652456234,21.86181234884244,-11.667500000000004,0.5300999999999974,0.0632,5.9943,5.9946331605862255,11.679536046436095,0,02_14_83_2925_ego_83,0,2925,2920,2925,vehicle_vehicle,0.6054704788808625,0.02497140639653817,3.4476720368861087,3.4512454853284553,15.0,3.0,3.5,0.8,6.2876916272985275,22.6356898582747
2,82,2974,239,61.0411,-55.7193,284.0241,2.1699,4.6403,1.9184,-7.0341,0.9935,-0.0484,7.2893,-0.1567,0.2877,-0.9522,car,83,63.8314,-46.8495,0.0799,-6.0722,6.0571,-0.4344,266.6511,6.072725652456234,21.86181234884244,-2.790300000000002,-8.869799999999998,1.8385,-0.9619,2.0749298445971616,9.298339966359586,0,02_14_83_2925_ego_83,0,2925,2920,2925,vehicle_vehicle,0.6054704788808625,0.02497140639653817,3.4476720368861087,3.4512454853284553,15.0,3.0,3.5,0.8,6.2876916272985275,22.6356898582747
2,83,2974,214,63.8314,-46.8495,266.6511,2.1172,4.5925,0.0799,-6.0722,1.9839,-0.0916,6.0571,-0.4344,-0.0245,-1.9859,car,83,63.8314,-46.8495,0.0799,-6.0722,6.0571,-0.4344,266.6511,6.072725652456234,21.86181234884244,0.0,0.0,0.0,0.0,0.0,0.0,1,02_14_83_2925_ego_83,1,2925,2920,2925,vehicle_vehicle,0.6054704788808625,0.02497140639653817,3.4476720368861087,3.4512454853284553,15.0,3.0,3.5,0.8,6.2876916272985275,22.6356898582747
2,86,2974,169,64.6257,-35.9224,240.3142,2.1226,4.8555,-3.2672,-6.2195,1.4778,-1.2789,7.0212,-0.2418,0.3792,-1.9173,car,83,63.8314,-46.8495,0.0799,-6.0722,6.0571,-0.4344,266.6511,6.072725652456234,21.86181234884244,0.7942999999999927,10.927099999999996,-3.3470999999999997,-0.14730000000000043,3.3503396394992553,10.95593112884523,0,02_14_83_2925_ego_83,0,2925,2920,2925,vehicle_vehicle,0.6054704788808625,0.02497140639653817,3.4476720368861087,3.4512454853284553,15.0,3.0,3.5,0.8,6.2876916272985275,22.6356898582747
2,14,2975,2975,70.1136,-37.9184,229.0992,2.5807,6.6415,-0.0,0.0,0.0,-0.0,0.0,0.0,-0.0,-0.0,truck,83,63.8358,-47.093,0.1598,-6.075,6.0617,-0.4326,267.4244,6.07710136825115,21.877564925704142,6.277800000000006,9.174600000000005,-0.1598,6.075,6.07710136825115,11.116836690353969,0,02_14_83_2925_ego_83,1,2925,2920,2925,vehicle_vehicle,0.6054704788808625,0.02497140639653817,3.4476720368861087,3.4512454853284553,15.0,3.0,3.5,0.8,6.2876916272985275,22.6356898582747
2,76,2975,374,69.3641,-64.0675,320.4225,2.067,4.304,5.388,-3.9502,1.5728,1.9959,6.6696,-0.3882,-0.0593,-2.5404,car,83,63.8358,-47.093,0.1598,-6.075,6.0617,-0.4326,267.4244,6.07710136825115,21.877564925704142,5.528299999999994,-16.974499999999992,5.2282,2.1248,5.643478562021832,17.852051734744656,0,02_14_83_2925_ego_83,0,2925,2920,2925,vehicle_vehicle,0.6054704788808625,0.02497140639653817,3.4476720368861087,3.4512454853284553,15.0,3.0,3.5,0.8,6.2876916272985275,22.6356898582747
2,79,2975,264,52.1679,-46.3216,335.3205,2.301,5.8366,0.1431,-0.0766,0.0921,-0.0193,0.162,0.0098,0.0918,-0.0209,van,83,63.8358,-47.093,0.1598,-6.075,6.0617,-0.4326,267.4244,6.07710136825115,21.877564925704142,-11.667899999999996,0.771400000000007,-0.016699999999999993,5.9984,5.998423246987494,11.693371984590241,0,02_14_83_2925_ego_83,0,2925,2920,2925,vehicle_vehicle,0.6054704788808625,0.02497140639653817,3.4476720368861087,3.4512454853284553,15.0,3.0,3.5,0.8,6.2876916272985275,22.6356898582747
2,82,2975,240,61.1186,-56.0007,284.3994,2.1699,4.6403,1.96,-7.0355,0.9382,-0.0358,7.3019,-0.1488,0.268,-0.8998,car,83,63.8358,-47.093,0.1598,-6.075,6.0617,-0.4326,267.4244,6.07710136825115,21.877564925704142,-2.7171999999999983,-8.907699999999998,1.8002,-0.9604999999999997,2.040411794221941,9.312910132176729,0,02_14_83_2925_ego_83,0,2925,2920,2925,vehicle_vehicle,0.6054704788808625,0.02497140639653817,3.4476720368861087,3.4512454853284553,15.0,3.0,3.5,0.8,6.2876916272985275,22.6356898582747
2,83,2975,215,63.8358,-47.093,267.4244,2.1172,4.5925,0.1598,-6.075,1.9872,-0.0643,6.0617,-0.4326,-0.025,-1.988,car,83,63.8358,-47.093,0.1598,-6.075,6.0617,-0.4326,267.4244,6.07710136825115,21.877564925704142,0.0,0.0,0.0,0.0,0.0,0.0,1,02_14_83_2925_ego_83,1,2925,2920,2925,vehicle_vehicle,0.6054704788808625,0.02497140639653817,3.4476720368861087,3.4512454853284553,15.0,3.0,3.5,0.8,6.2876916272985275,22.6356898582747
2,86,2975,170,64.4962,-36.1727,240.9798,2.1226,4.8555,-3.2083,-6.2706,1.5031,-1.2643,7.0397,-0.2365,0.3764,-1.9277,car,83,63.8358,-47.093,0.1598,-6.075,6.0617,-0.4326,267.4244,6.07710136825115,21.877564925704142,0.6604000000000028,10.920300000000005,-3.3681,-0.19559999999999977,3.3737748843098587,10.940250465597217,0,02_14_83_2925_ego_83,0,2925,2920,2925,vehicle_vehicle,0.6054704788808625,0.02497140639653817,3.4476720368861087,3.4512454853284553,15.0,3.0,3.5,0.8,6.2876916272985275,22.6356898582747
2,14,2976,2976,70.1136,-37.9184,229.0992,2.5807,6.6415,-0.0,0.0,0.0,-0.0,0.0,0.0,-0.0,-0.0,truck,83,63.8427,-47.3364,0.2403,-6.0767,6.0662,-0.4307,268.2024,6.08144941440772,21.893217891867792,6.270900000000005,9.418,-0.2403,6.0767,6.08144941440772,11.314720978000299,0,02_14_83_2925_ego_83,1,2925,2920,2925,vehicle_vehicle,0.6054704788808625,0.02497140639653817,3.4476720368861087,3.4512454853284553,15.0,3.0,3.5,0.8,6.2876916272985275,22.6356898582747
2,76,2976,375,69.5811,-64.2233,321.3461,2.067,4.304,5.4515,-3.8697,1.5527,2.0133,6.6743,-0.3831,-0.045,-2.542,car,83,63.8427,-47.3364,0.2403,-6.0767,6.0662,-0.4307,268.2024,6.08144941440772,21.893217891867792,5.738400000000006,-16.886899999999997,5.2112,2.207,5.659280381815342,17.835263557626504,0,02_14_83_2925_ego_83,0,2925,2920,2925,vehicle_vehicle,0.6054704788808625,0.02497140639653817,3.4476720368861087,3.4512454853284553,15.0,3.0,3.5,0.8,6.2876916272985275,22.6356898582747
2,79,2976,265,52.1716,-46.324,335.3296,2.301,5.8366,0.1456,-0.0762,0.1335,-0.0408,0.1641,0.0085,0.1383,-0.0187,van,83,63.8427,-47.3364,0.2403,-6.0767,6.0662,-0.4307,268.2024,6.08144941440772,21.893217891867792,-11.671100000000003,1.0123999999999995,-0.0947,6.0005,6.001247232034355,11.714927612665818,0,02_14_83_2925_ego_83,0,2925,2920,2925,vehicle_vehicle,0.6054704788808625,0.02497140639653817,3.4476720368861087,3.4512454853284553,15.0,3.0,3.5,0.8,6.2876916272985275,22.6356898582747
2,82,2976,241,61.1973,-56.2816,284.763,2.1699,4.6403,1.9995,-7.0367,0.881,-0.0236,7.3139,-0.1404,0.2473,-0.8459,car,83,63.8427,-47.3364,0.2403,-6.0767,6.0662,-0.4307,268.2024,6.08144941440772,21.893217891867792,-2.645400000000002,-8.9452,1.7592,-0.96,2.004091973937324,9.328169391686668,0,02_14_83_2925_ego_83,0,2925,2920,2925,vehicle_vehicle,0.6054704788808625,0.02497140639653817,3.4476720368861087,3.4512454853284553,15.0,3.0,3.5,0.8,6.2876916272985275,22.6356898582747
2,83,2976,216,63.8427,-47.3364,268.2024,2.1172,4.5925,0.2403,-6.0767,1.9896,-0.0379,6.0662,-0.4307,-0.0245,-1.9898,car,83,63.8427,-47.3364,0.2403,-6.0767,6.0662,-0.4307,268.2024,6.08144941440772,21.893217891867792,0.0,0.0,0.0,0.0,0.0,0.0,1,02_14_83_2925_ego_83,1,2925,2920,2925,vehicle_vehicle,0.6054704788808625,0.02497140639653817,3.4476720368861087,3.4512454853284553,15.0,3.0,3.5,0.8,6.2876916272985275,22.6356898582747
2,86,2976,171,64.3691,-36.425,241.645,2.1226,4.8555,-3.1485,-6.3209,1.5286,-1.2499,7.0579,-0.2313,0.3739,-1.9388,car,83,63.8427,-47.3364,0.2403,-6.0767,6.0662,-0.4307,268.2024,6.08144941440772,21.893217891867792,0.5264000000000024,10.9114,-3.3888,-0.2442000000000002,3.3975872439129504,10.924090210173112,0,02_14_83_2925_ego_83,0,2925,2920,2925,vehicle_vehicle,0.6054704788808625,0.02497140639653817,3.4476720368861087,3.4512454853284553,15.0,3.0,3.5,0.8,6.2876916272985275,22.6356898582747
2,14,2977,2977,70.1136,-37.9184,229.0992,2.5807,6.6415,-0.0,0.0,0.0,-0.0,0.0,0.0,-0.0,-0.0,truck,83,63.8535,-47.5798,0.321,-6.0771,6.0705,-0.4291,268.9796,6.085571904923973,21.908058857726303,6.260100000000008,9.6614,-0.321,6.0771,6.085571904923973,11.512232710035013,0,02_14_83_2925_ego_83,1,2925,2920,2925,vehicle_vehicle,0.6054704788808625,0.02497140639653817,3.4476720368861087,3.4512454853284553,15.0,3.0,3.5,0.8,6.2876916272985275,22.6356898582747
2,76,2977,376,69.8004,-64.3759,322.2676,2.067,4.304,5.5141,-3.7888,1.532,2.0301,6.6797,-0.378,-0.0308,-2.5431,car,83,63.8535,-47.5798,0.321,-6.0771,6.0705,-0.4291,268.9796,6.085571904923973,21.908058857726303,5.946899999999999,-16.796100000000003,5.1931,2.2882999999999996,5.674910087393456,17.8178167804027,0,02_14_83_2925_ego_83,0,2925,2920,2925,vehicle_vehicle,0.6054704788808625,0.02497140639653817,3.4476720368861087,3.4512454853284553,15.0,3.0,3.5,0.8,6.2876916272985275,22.6356898582747
2,79,2977,266,52.1753,-46.3274,335.3369,2.301,5.8366,0.1507,-0.0766,0.1756,-0.0635,0.1689,0.0068,0.1861,-0.0156,van,83,63.8535,-47.5798,0.321,-6.0771,6.0705,-0.4291,268.9796,6.085571904923973,21.908058857726303,-11.678199999999997,1.2524000000000015,-0.1703,6.0005,6.002916153004304,11.745163302398137,0,02_14_83_2925_ego_83,0,2925,2920,2925,vehicle_vehicle,0.6054704788808625,0.02497140639653817,3.4476720368861087,3.4512454853284553,15.0,3.0,3.5,0.8,6.2876916272985275,22.6356898582747
2,82,2977,242,61.2774,-56.5633,285.0961,2.1699,4.6403,2.037,-7.0372,0.8216,-0.0117,7.3249,-0.1339,0.2253,-0.7902,car,83,63.8535,-47.5798,0.321,-6.0771,6.0705,-0.4291,268.9796,6.085571904923973,21.908058857726303,-2.5760999999999967,-8.9835,1.716,-0.9601000000000006,1.9663285610497552,9.34556383852788,0,02_14_83_2925_ego_83,0,2925,2920,2925,vehicle_vehicle,0.6054704788808625,0.02497140639653817,3.4476720368861087,3.4512454853284553,15.0,3.0,3.5,0.8,6.2876916272985275,22.6356898582747
2,83,2977,217,63.8535,-47.5798,268.9796,2.1172,4.5925,0.321,-6.0771,1.991,-0.0125,6.0705,-0.4291,-0.0229,-1.9909,car,83,63.8535,-47.5798,0.321,-6.0771,6.0705,-0.4291,268.9796,6.085571904923973,21.908058857726303,0.0,0.0,0.0,0.0,0.0,0.0,1,02_14_83_2925_ego_83,1,2925,2920,2925,vehicle_vehicle,0.6054704788808625,0.02497140639653817,3.4476720368861087,3.4512454853284553,15.0,3.0,3.5,0.8,6.2876916272985275,22.6356898582747
2,86,2977,172,64.2445,-36.679,242.315,2.1226,4.8555,-3.0876,-6.3706,1.5544,-1.2357,7.0758,-0.2257,0.372,-1.9505,car,83,63.8535,-47.5798,0.321,-6.0771,6.0705,-0.4291,268.9796,6.085571904923973,21.908058857726303,0.39100000000000534,10.900799999999997,-3.4086000000000003,-0.29349999999999987,3.4212126811994605,10.907810121192977,0,02_14_83_2925_ego_83,0,2925,2920,2925,vehicle_vehicle,0.6054704788808625,0.02497140639653817,3.4476720368861087,3.4512454853284553,15.0,3.0,3.5,0.8,6.2876916272985275,22.6356898582747
2,14,2978,2978,70.1136,-37.9184,229.0992,2.5807,6.6415,-0.0,-0.0,0.0,-0.0,0.0,0.0,-0.0,-0.0,truck,83,63.8681,-47.8233,0.4017,-6.0764,6.0746,-0.4279,269.7524,6.089663360974891,21.922788099509606,6.245500000000007,9.904900000000005,-0.4017,6.0764,6.089663360974891,11.709539455503798,0,02_14_83_2925_ego_83,1,2925,2920,2925,vehicle_vehicle,0.6054704788808625,0.02497140639653817,3.4476720368861087,3.4512454853284553,15.0,3.0,3.5,0.8,6.2876916272985275,22.6356898582747
2,76,2978,377,70.022,-64.5252,323.1627,2.067,4.304,5.576,-3.7075,1.5108,2.0468,6.6855,-0.3758,-0.018,-2.5439,car,83,63.8681,-47.8233,0.4017,-6.0764,6.0746,-0.4279,269.7524,6.089663360974891,21.922788099509606,6.153900000000007,-16.701899999999995,5.1743,2.3688999999999996,5.690787968286992,17.79954911844679,0,02_14_83_2925_ego_83,0,2925,2920,2925,vehicle_vehicle,0.6054704788808625,0.02497140639653817,3.4476720368861087,3.4512454853284553,15.0,3.0,3.5,0.8,6.2876916272985275,22.6356898582747
2,79,2978,267,52.1803,-46.3296,335.3369,2.301,5.8366,0.1578,-0.0783,0.2179,-0.0872,0.1761,0.0053,0.2344,-0.0117,van,83,63.8681,-47.8233,0.4017,-6.0764,6.0746,-0.4279,269.7524,6.089663360974891,21.922788099509606,-11.687799999999996,1.493700000000004,-0.2439,5.9981,6.003056789669743,11.782860795664181,0,02_14_83_2925_ego_83,0,2925,2920,2925,vehicle_vehicle,0.6054704788808625,0.02497140639653817,3.4476720368861087,3.4512454853284553,15.0,3.0,3.5,0.8,6.2876916272985275,22.6356898582747
2,82,2978,243,61.3592,-56.845,285.4157,2.1699,4.6403,2.0722,-7.0372,0.76,-0.0002,7.3349,-0.127,0.2023,-0.7326,car,83,63.8681,-47.8233,0.4017,-6.0764,6.0746,-0.4279,269.7524,6.089663360974891,21.922788099509606,-2.508899999999997,-9.021699999999996,1.6705,-0.9608000000000008,1.927098048880752,9.364061624103075,0,02_14_83_2925_ego_83,0,2925,2920,2925,vehicle_vehicle,0.6054704788808625,0.02497140639653817,3.4476720368861087,3.4512454853284553,15.0,3.0,3.5,0.8,6.2876916272985275,22.6356898582747
2,83,2978,218,63.8681,-47.8233,269.7524,2.1172,4.5925,0.4017,-6.0764,1.9913,0.0117,6.0746,-0.4279,-0.0203,-1.9912,car,83,63.8681,-47.8233,0.4017,-6.0764,6.0746,-0.4279,269.7524,6.089663360974891,21.922788099509606,0.0,0.0,0.0,0.0,0.0,0.0,1,02_14_83_2925_ego_83,1,2925,2920,2925,vehicle_vehicle,0.6054704788808625,0.02497140639653817,3.4476720368861087,3.4512454853284553,15.0,3.0,3.5,0.8,6.2876916272985275,22.6356898582747
2,86,2978,173,64.1225,-36.9351,242.9886,2.1226,4.8555,-3.0258,-6.4197,1.5805,-1.2218,7.0936,-0.2198,0.3707,-1.963,car,83,63.8681,-47.8233,0.4017,-6.0764,6.0746,-0.4279,269.7524,6.089663360974891,21.922788099509606,0.25440000000000396,10.888200000000005,-3.4274999999999998,-0.34330000000000016,3.444649639658582,10.891171589870398,0,02_14_83_2925_ego_83,0,2925,2920,2925,vehicle_vehicle,0.6054704788808625,0.02497140639653817,3.4476720368861087,3.4512454853284553,15.0,3.0,3.5,0.8,6.2876916272985275,22.6356898582747
2,14,2979,2979,70.1136,-37.9184,229.0992,2.5807,6.6415,-0.0,-0.0,0.0,-0.0,0.0,0.0,-0.0,-0.0,truck,83,63.8861,-48.0667,0.4823,-6.0746,6.0788,-0.4265,270.5254,6.0937163086248125,21.937378711049327,6.227500000000006,10.148299999999999,-0.4823,6.0746,6.0937163086248125,11.906710256825772,0,02_14_83_2925_ego_83,1,2925,2920,2925,vehicle_vehicle,0.6054704788808625,0.02497140639653817,3.4476720368861087,3.4512454853284553,15.0,3.0,3.5,0.8,6.2876916272985275,22.6356898582747
2,76,2979,378,70.2468,-64.6719,324.0378,2.067,4.304,5.6368,-3.6255,1.489,2.0633,6.6915,-0.3758,-0.0064,-2.5445,car,83,63.8861,-48.0667,0.4823,-6.0746,6.0788,-0.4265,270.5254,6.0937163086248125,21.937378711049327,6.360699999999994,-16.605199999999996,5.1545,2.4491,5.7067469770439265,17.781765141008915,0,02_14_83_2925_ego_83,0,2925,2920,2925,vehicle_vehicle,0.6054704788808625,0.02497140639653817,3.4476720368861087,3.4512454853284553,15.0,3.0,3.5,0.8,6.2876916272985275,22.6356898582747
2,79,2979,268,52.1864,-46.3318,335.3312,2.301,5.8366,0.1668,-0.0813,0.2599,-0.1115,0.1855,0.0043,0.2827,-0.0071,van,83,63.8861,-48.0667,0.4823,-6.0746,6.0788,-0.4265,270.5254,6.0937163086248125,21.937378711049327,-11.6997,1.7348999999999961,-0.3155,5.9933000000000005,6.001598548720166,11.827631127998538,0,02_14_83_2925_ego_83,0,2925,2920,2925,vehicle_vehicle,0.6054704788808625,0.02497140639653817,3.4476720368861087,3.4512454853284553,15.0,3.0,3.5,0.8,6.2876916272985275,22.6356898582747
2,82,2979,244,61.4427,-57.1265,285.7294,2.1699,4.6403,2.1049,-7.0368,0.6961,0.0107,7.3439,-0.1185,0.1784,-0.6729,car,83,63.8861,-48.0667,0.4823,-6.0746,6.0788,-0.4265,270.5254,6.0937163086248125,21.937378711049327,-2.443399999999997,-9.059800000000003,1.6226000000000003,-0.9622000000000002,1.8864409876802406,9.383505720145324,0,02_14_83_2925_ego_83,0,2925,2920,2925,vehicle_vehicle,0.6054704788808625,0.02497140639653817,3.4476720368861087,3.4512454853284553,15.0,3.0,3.5,0.8,6.2876916272985275,22.6356898582747
2,83,2979,219,63.8861,-48.0667,270.5254,2.1172,4.5925,0.4823,-6.0746,1.9906,0.0347,6.0788,-0.4265,-0.0164,-1.9908,car,83,63.8861,-48.0667,0.4823,-6.0746,6.0788,-0.4265,270.5254,6.0937163086248125,21.937378711049327,0.0,0.0,0.0,0.0,0.0,0.0,1,02_14_83_2925_ego_83,1,2925,2920,2925,vehicle_vehicle,0.6054704788808625,0.02497140639653817,3.4476720368861087,3.4512454853284553,15.0,3.0,3.5,0.8,6.2876916272985275,22.6356898582747
2,86,2979,174,64.0031,-37.1927,243.6571,2.1226,4.8555,-2.9632,-6.4682,1.6071,-1.2082,7.1114,-0.2148,0.3696,-1.9764,car,83,63.8861,-48.0667,0.4823,-6.0746,6.0788,-0.4265,270.5254,6.0937163086248125,21.937378711049327,0.11700000000000443,10.873999999999995,-3.4455,-0.39360000000000017,3.467908766100977,10.874629418973315,0,02_14_83_2925_ego_83,0,2925,2920,2925,vehicle_vehicle,0.6054704788808625,0.02497140639653817,3.4476720368861087,3.4512454853284553,15.0,3.0,3.5,0.8,6.2876916272985275,22.6356898582747
2,14,2980,2980,70.1136,-37.9184,229.0992,2.5807,6.6415,0.0,-0.0,0.0,-0.0,0.0,-0.0,-0.0,-0.0,truck,83,63.9072,-48.3099,0.5627,-6.0718,6.083,-0.4244,271.3036,6.097818177840333,21.9521454402252,6.206400000000002,10.3915,-0.5627,6.0718,6.097818177840333,12.1038288656937,0,02_14_83_2925_ego_83,1,2925,2920,2925,vehicle_vehicle,0.6054704788808625,0.02497140639653817,3.4476720368861087,3.4512454853284553,15.0,3.0,3.5,0.8,6.2876916272985275,22.6356898582747
2,76,2980,379,70.4738,-64.8153,324.9136,2.067,4.304,5.6966,-3.5428,1.467,2.0797,6.6979,-0.3755,0.005,-2.545,car,83,63.9072,-48.3099,0.5627,-6.0718,6.083,-0.4244,271.3036,6.097818177840333,21.9521454402252,6.566599999999994,-16.505399999999995,5.133900000000001,2.5289999999999995,5.723003600383282,17.763683872440417,0,02_14_83_2925_ego_83,0,2925,2920,2925,vehicle_vehicle,0.6054704788808625,0.02497140639653817,3.4476720368861087,3.4512454853284553,15.0,3.0,3.5,0.8,6.2876916272985275,22.6356898582747
2,79,2980,269,52.1932,-46.335,335.3206,2.301,5.8366,0.1776,-0.0854,0.3016,-0.1363,0.197,0.0035,0.3309,-0.0021,van,83,63.9072,-48.3099,0.5627,-6.0718,6.083,-0.4244,271.3036,6.097818177840333,21.9521454402252,-11.714000000000006,1.974899999999998,-0.3851,5.9864,5.9987737888671875,11.879310839017561,0,02_14_83_2925_ego_83,0,2925,2920,2925,vehicle_vehicle,0.6054704788808625,0.02497140639653817,3.4476720368861087,3.4512454853284553,15.0,3.0,3.5,0.8,6.2876916272985275,22.6356898582747
2,82,2980,245,61.527,-57.4083,286.0436,2.1699,4.6403,2.1353,-7.0357,0.6297,0.0212,7.3518,-0.1077,0.1537,-0.611,car,83,63.9072,-48.3099,0.5627,-6.0718,6.083,-0.4244,271.3036,6.097818177840333,21.9521454402252,-2.380200000000002,-9.098399999999998,1.5726,-0.9639000000000006,1.8444982976408522,9.404585828201048,0,02_14_83_2925_ego_83,0,2925,2920,2925,vehicle_vehicle,0.6054704788808625,0.02497140639653817,3.4476720368861087,3.4512454853284553,15.0,3.0,3.5,0.8,6.2876916272985275,22.6356898582747
2,83,2980,220,63.9072,-48.3099,271.3036,2.1172,4.5925,0.5627,-6.0718,1.989,0.0563,6.083,-0.4244,-0.011,-1.9898,car,83,63.9072,-48.3099,0.5627,-6.0718,6.083,-0.4244,271.3036,6.097818177840333,21.9521454402252,0.0,0.0,0.0,0.0,0.0,0.0,1,02_14_83_2925_ego_83,1,2925,2920,2925,vehicle_vehicle,0.6054704788808625,0.02497140639653817,3.4476720368861087,3.4512454853284553,15.0,3.0,3.5,0.8,6.2876916272985275,22.6356898582747
2,86,2980,175,63.886,-37.4525,244.3241,2.1226,4.8555,-2.8995,-6.5162,1.6343,-1.1951,7.1291,-0.2101,0.3689,-1.9908,car,83,63.9072,-48.3099,0.5627,-6.0718,6.083,-0.4244,271.3036,6.097818177840333,21.9521454402252,-0.02120000000000033,10.857399999999998,-3.4622,-0.4444000000000008,3.49060456081751,10.857420697384805,0,02_14_83_2925_ego_83,0,2925,2920,2925,vehicle_vehicle,0.6054704788808625,0.02497140639653817,3.4476720368861087,3.4512454853284553,15.0,3.0,3.5,0.8,6.2876916272985275,22.6356898582747
2,14,2981,2981,70.1136,-37.9184,229.0992,2.5807,6.6415,0.0,-0.0,0.0,-0.0,0.0,-0.0,-0.0,-0.0,truck,83,63.9317,-48.5525,0.643,-6.0682,6.0877,-0.4203,272.0987,6.102171764216409,21.967818351179073,6.181900000000006,10.634100000000004,-0.643,6.0682,6.102171764216409,12.300405294948625,0,02_14_83_2925_ego_83,1,2925,2920,2925,vehicle_vehicle,0.6054704788808625,0.02497140639653817,3.4476720368861087,3.4512454853284553,15.0,3.0,3.5,0.8,6.2876916272985275,22.6356898582747
2,76,2981,380,70.7033,-64.9559,325.7988,2.067,4.304,5.7554,-3.4592,1.4448,2.0957,6.7045,-0.3741,0.0169,-2.5454,car,83,63.9317,-48.5525,0.643,-6.0682,6.0877,-0.4203,272.0987,6.102171764216409,21.967818351179073,6.771599999999999,-16.403399999999998,5.1124,2.609,5.739644131825596,17.746157277562933,0,02_14_83_2925_ego_83,0,2925,2920,2925,vehicle_vehicle,0.6054704788808625,0.02497140639653817,3.4476720368861087,3.4512454853284553,15.0,3.0,3.5,0.8,6.2876916272985275,22.6356898582747
2,79,2981,270,52.2002,-46.339,335.3014,2.301,5.8366,0.1901,-0.0903,0.3429,-0.1616,0.2104,0.0026,0.379,0.0035,van,83,63.9317,-48.5525,0.643,-6.0682,6.0877,-0.4203,272.0987,6.102171764216409,21.967818351179073,-11.731499999999997,2.2135000000000034,-0.4529,5.9779,5.995031844786148,11.938495487288167,0,02_14_83_2925_ego_83,0,2925,2920,2925,vehicle_vehicle,0.6054704788808625,0.02497140639653817,3.4476720368861087,3.4512454853284553,15.0,3.0,3.5,0.8,6.2876916272985275,22.6356898582747
2,82,2981,246,61.6124,-57.6901,286.3455,2.1699,4.6403,2.1632,-7.0341,0.5607,0.0309,7.3586,-0.0962,0.1281,-0.5467,car,83,63.9317,-48.5525,0.643,-6.0682,6.0877,-0.4203,272.0987,6.102171764216409,21.967818351179073,-2.3192999999999984,-9.137599999999999,1.5201999999999998,-0.9658999999999995,1.8011026761403688,9.427347784504398,0,02_14_83_2925_ego_83,0,2925,2920,2925,vehicle_vehicle,0.6054704788808625,0.02497140639653817,3.4476720368861087,3.4512454853284553,15.0,3.0,3.5,0.8,6.2876916272985275,22.6356898582747
2,83,2981,221,63.9317,-48.5525,272.0987,2.1172,4.5925,0.643,-6.0682,1.9866,0.0765,6.0877,-0.4203,-0.0037,-1.9881,car,83,63.9317,-48.5525,0.643,-6.0682,6.0877,-0.4203,272.0987,6.102171764216409,21.967818351179073,0.0,0.0,0.0,0.0,0.0,0.0,1,02_14_83_2925_ego_83,1,2925,2920,2925,vehicle_vehicle,0.6054704788808625,0.02497140639653817,3.4476720368861087,3.4512454853284553,15.0,3.0,3.5,0.8,6.2876916272985275,22.6356898582747
2,86,2981,176,63.7706,-37.714,244.9672,2.1226,4.8555,-2.8345,-6.5637,1.662,-1.1822,7.1465,-0.2091,0.3679,-2.0061,car,83,63.9317,-48.5525,0.643,-6.0682,6.0877,-0.4203,272.0987,6.102171764216409,21.967818351179073,-0.16109999999999758,10.838500000000003,-3.4775,-0.49549999999999983,3.5126238768191507,10.839697203335529,0,02_14_83_2925_ego_83,0,2925,2920,2925,vehicle_vehicle,0.6054704788808625,0.02497140639653817,3.4476720368861087,3.4512454853284553,15.0,3.0,3.5,0.8,6.2876916272985275,22.6356898582747
2,14,2982,2982,70.1136,-37.9184,229.0992,2.5807,6.6415,0.0,-0.0,0.0,-0.0,-0.0,-0.0,-0.0,-0.0,truck,83,63.9596,-48.7951,0.7229,-6.0638,6.0925,-0.4175,272.8776,6.106738478926373,21.984258524134944,6.1540000000000035,10.8767,-0.7229,6.0638,6.106738478926373,12.496972388942853,0,02_14_83_2925_ego_83,1,2925,2920,2925,vehicle_vehicle,0.6054704788808625,0.02497140639653817,3.4476720368861087,3.4512454853284553,15.0,3.0,3.5,0.8,6.2876916272985275,22.6356898582747
2,76,2982,381,70.9351,-65.0932,326.7123,2.067,4.304,5.8131,-3.3748,1.4226,2.1113,6.7115,-0.3694,0.0304,-2.5457,car,83,63.9596,-48.7951,0.7229,-6.0638,6.0925,-0.4175,272.8776,6.106738478926373,21.984258524134944,6.975500000000004,-16.298099999999998,5.0902,2.6889999999999996,5.756809623393846,17.72810378636136,0,02_14_83_2925_ego_83,0,2925,2920,2925,vehicle_vehicle,0.6054704788808625,0.02497140639653817,3.4476720368861087,3.4512454853284553,15.0,3.0,3.5,0.8,6.2876916272985275,22.6356898582747
2,79,2982,271,52.2077,-46.3442,335.2861,2.301,5.8366,0.2045,-0.0956,0.3836,-0.1877,0.2257,0.0013,0.427,0.0102,van,83,63.9596,-48.7951,0.7229,-6.0638,6.0925,-0.4175,272.8776,6.106738478926373,21.984258524134944,-11.7519,2.450899999999997,-0.5184,5.9681999999999995,5.990671898877453,12.004751743372287,0,02_14_83_2925_ego_83,0,2925,2920,2925,vehicle_vehicle,0.6054704788808625,0.02497140639653817,3.4476720368861087,3.4512454853284553,15.0,3.0,3.5,0.8,6.2876916272985275,22.6356898582747
2,82,2982,247,61.699,-57.9721,286.6456,2.1699,4.6403,2.1885,-7.0319,0.4889,0.0398,7.3641,-0.0825,0.1019,-0.4798,car,83,63.9596,-48.7951,0.7229,-6.0638,6.0925,-0.4175,272.8776,6.106738478926373,21.984258524134944,-2.2606000000000037,-9.177,1.4655999999999998,-0.9681000000000006,1.7564740163179189,9.451330137075946,0,02_14_83_2925_ego_83,0,2925,2920,2925,vehicle_vehicle,0.6054704788808625,0.02497140639653817,3.4476720368861087,3.4512454853284553,15.0,3.0,3.5,0.8,6.2876916272985275,22.6356898582747
2,83,2982,222,63.9596,-48.7951,272.8776,2.1172,4.5925,0.7229,-6.0638,1.9837,0.0953,6.0925,-0.4175,0.0044,-1.986,car,83,63.9596,-48.7951,0.7229,-6.0638,6.0925,-0.4175,272.8776,6.106738478926373,21.984258524134944,0.0,0.0,0.0,0.0,0.0,0.0,1,02_14_83_2925_ego_83,1,2925,2920,2925,vehicle_vehicle,0.6054704788808625,0.02497140639653817,3.4476720368861087,3.4512454853284553,15.0,3.0,3.5,0.8,6.2876916272985275,22.6356898582747
2,86,2982,177,63.6581,-37.9772,245.6134,2.1226,4.8555,-2.7681,-6.6108,1.6899,-1.1696,7.1639,-0.2084,0.3675,-2.0221,car,83,63.9596,-48.7951,0.7229,-6.0638,6.0925,-0.4175,272.8776,6.106738478926373,21.984258524134944,-0.3015000000000043,10.817899999999995,-3.491,-0.5470000000000006,3.5335944872042124,10.822100658374966,0,02_14_83_2925_ego_83,0,2925,2920,2925,vehicle_vehicle,0.6054704788808625,0.02497140639653817,3.4476720368861087,3.4512454853284553,15.0,3.0,3.5,0.8,6.2876916272985275,22.6356898582747
2,14,2983,2983,70.1136,-37.9184,229.0992,2.5807,6.6415,0.0,-0.0,0.0,-0.0,-0.0,-0.0,-0.0,-0.0,truck,83,63.9912,-49.0372,0.8022,-6.0588,6.0976,-0.4148,273.6514,6.111675897820498,22.002033232153792,6.122400000000006,11.1188,-0.8022,6.0588,6.111675897820498,12.692970306433404,0,02_14_83_2925_ego_83,1,2925,2920,2925,vehicle_vehicle,0.6054704788808625,0.02497140639653817,3.4476720368861087,3.4512454853284553,15.0,3.0,3.5,0.8,6.2876916272985275,22.6356898582747
2,76,2983,382,71.1692,-65.2263,327.6456,2.067,4.304,5.8697,-3.2898,1.4006,2.1263,6.719,-0.3622,0.0452,-2.5458,car,83,63.9912,-49.0372,0.8022,-6.0588,6.0976,-0.4148,273.6514,6.111675897820498,22.002033232153792,7.178000000000004,-16.189099999999996,5.0675,2.7689999999999997,5.774678973761225,17.70905539011045,0,02_14_83_2925_ego_83,0,2925,2920,2925,vehicle_vehicle,0.6054704788808625,0.02497140639653817,3.4476720368861087,3.4512454853284553,15.0,3.0,3.5,0.8,6.2876916272985275,22.6356898582747
2,79,2983,272,52.2164,-46.3486,335.2724,2.301,5.8366,0.2203,-0.1017,0.4237,-0.2151,0.2427,0.0002,0.4749,0.0182,van,83,63.9912,-49.0372,0.8022,-6.0588,6.0976,-0.4148,273.6514,6.111675897820498,22.002033232153792,-11.774799999999999,2.688600000000001,-0.5819000000000001,5.9571,5.985453033814566,12.077851009182055,0,02_14_83_2925_ego_83,0,2925,2920,2925,vehicle_vehicle,0.6054704788808625,0.02497140639653817,3.4476720368861087,3.4512454853284553,15.0,3.0,3.5,0.8,6.2876916272985275,22.6356898582747
2,82,2983,248,61.786,-58.2537,286.9306,2.1699,4.6403,2.2113,-7.0291,0.414,0.0475,7.3684,-0.0685,0.0751,-0.4099,car,83,63.9912,-49.0372,0.8022,-6.0588,6.0976,-0.4148,273.6514,6.111675897820498,22.002033232153792,-2.205199999999998,-9.216500000000003,1.4091,-0.9702999999999999,1.710860865178697,9.476643883253189,0,02_14_83_2925_ego_83,0,2925,2920,2925,vehicle_vehicle,0.6054704788808625,0.02497140639653817,3.4476720368861087,3.4512454853284553,15.0,3.0,3.5,0.8,6.2876916272985275,22.6356898582747
2,83,2983,223,63.9912,-49.0372,273.6514,2.1172,4.5925,0.8022,-6.0588,1.9806,0.113,6.0976,-0.4148,0.0134,-1.9838,car,83,63.9912,-49.0372,0.8022,-6.0588,6.0976,-0.4148,273.6514,6.111675897820498,22.002033232153792,0.0,0.0,0.0,0.0,0.0,0.0,1,02_14_83_2925_ego_83,1,2925,2920,2925,vehicle_vehicle,0.6054704788808625,0.02497140639653817,3.4476720368861087,3.4512454853284553,15.0,3.0,3.5,0.8,6.2876916272985275,22.6356898582747
2,86,2983,178,63.5485,-38.2418,246.2585,2.1226,4.8555,-2.7006,-6.6577,1.7179,-1.1571,7.1815,-0.2084,0.3675,-2.0384,car,83,63.9912,-49.0372,0.8022,-6.0588,6.0976,-0.4148,273.6514,6.111675897820498,22.002033232153792,-0.4427000000000021,10.7954,-3.5028,-0.5989000000000004,3.5536304042485907,10.804473353662363,0,02_14_83_2925_ego_83,0,2925,2920,2925,vehicle_vehicle,0.6054704788808625,0.02497140639653817,3.4476720368861087,3.4512454853284553,15.0,3.0,3.5,0.8,6.2876916272985275,22.6356898582747
2,14,2984,2984,70.1136,-37.9184,229.0992,2.5807,6.6415,0.0,-0.0,0.0,0.0,-0.0,-0.0,-0.0,-0.0,truck,83,64.0255,-49.2792,0.8812,-6.0532,6.1031,-0.4125,274.4162,6.117004469509566,22.02121609023444,6.088100000000011,11.360800000000005,-0.8812,6.0532,6.117004469509566,12.889248940493014,0,02_14_83_2925_ego_83,1,2925,2920,2925,vehicle_vehicle,0.6054704788808625,0.02497140639653817,3.4476720368861087,3.4512454853284553,15.0,3.0,3.5,0.8,6.2876916272985275,22.6356898582747
2,76,2984,383,71.4054,-65.3557,328.5893,2.067,4.304,5.9253,-3.2044,1.379,2.1409,6.727,-0.3533,0.0611,-2.5458,car,83,64.0255,-49.2792,0.8812,-6.0532,6.1031,-0.4125,274.4162,6.117004469509566,22.02121609023444,7.379900000000006,-16.076499999999996,5.0441,2.8488,5.7929790479510626,17.68945381463204,0,02_14_83_2925_ego_83,0,2925,2920,2925,vehicle_vehicle,0.6054704788808625,0.02497140639653817,3.4476720368861087,3.4512454853284553,15.0,3.0,3.5,0.8,6.2876916272985275,22.6356898582747
2,79,2984,273,52.2264,-46.3517,335.2606,2.301,5.8366,0.2375,-0.1094,0.4635,-0.2437,0.2615,0.0,0.523,0.0273,van,83,64.0255,-49.2792,0.8812,-6.0532,6.1031,-0.4125,274.4162,6.117004469509566,22.02121609023444,-11.799099999999996,2.927500000000002,-0.6436999999999999,5.9438,5.978554016649846,12.156850622591358,0,02_14_83_2925_ego_83,0,2925,2920,2925,vehicle_vehicle,0.6054704788808625,0.02497140639653817,3.4476720368861087,3.4512454853284553,15.0,3.0,3.5,0.8,6.2876916272985275,22.6356898582747
2,82,2984,249,61.8743,-58.5352,287.1885,2.1699,4.6403,2.2314,-7.0259,0.3357,0.0541,7.3715,-0.0554,0.0476,-0.3367,car,83,64.0255,-49.2792,0.8812,-6.0532,6.1031,-0.4125,274.4162,6.117004469509566,22.02121609023444,-2.151199999999996,-9.256,1.3501999999999998,-0.9726999999999997,1.6640869358299761,9.502694220062013,0,02_14_83_2925_ego_83,0,2925,2920,2925,vehicle_vehicle,0.6054704788808625,0.02497140639653817,3.4476720368861087,3.4512454853284553,15.0,3.0,3.5,0.8,6.2876916272985275,22.6356898582747
2,83,2984,224,64.0255,-49.2792,274.4162,2.1172,4.5925,0.8812,-6.0532,1.9775,0.1295,6.1031,-0.4125,0.0232,-1.9816,car,83,64.0255,-49.2792,0.8812,-6.0532,6.1031,-0.4125,274.4162,6.117004469509566,22.02121609023444,0.0,0.0,0.0,0.0,0.0,0.0,1,02_14_83_2925_ego_83,1,2925,2920,2925,vehicle_vehicle,0.6054704788808625,0.02497140639653817,3.4476720368861087,3.4512454853284553,15.0,3.0,3.5,0.8,6.2876916272985275,22.6356898582747
2,86,2984,179,63.4414,-38.5085,246.9161,2.1226,4.8555,-2.6317,-6.7043,1.7459,-1.1443,7.1993,-0.2076,0.3682,-2.0548,car,83,64.0255,-49.2792,0.8812,-6.0532,6.1031,-0.4125,274.4162,6.117004469509566,22.02121609023444,-0.5840999999999923,10.770700000000005,-3.5129,-0.6510999999999996,3.5727297154976614,10.786526377847508,0,02_14_83_2925_ego_83,0,2925,2920,2925,vehicle_vehicle,0.6054704788808625,0.02497140639653817,3.4476720368861087,3.4512454853284553,15.0,3.0,3.5,0.8,6.2876916272985275,22.6356898582747
2,14,2985,2985,70.1136,-37.9184,229.0992,2.5807,6.6415,0.0,-0.0,0.0,0.0,-0.0,-0.0,-0.0,-0.0,truck,83,64.0621,-49.521,0.9602,-6.0471,6.1091,-0.4103,275.1796,6.122859009482417,22.0422924341367,6.051500000000004,11.602600000000002,-0.9602,6.0471,6.122859009482417,13.085907649452524,0,02_14_83_2925_ego_83,1,2925,2920,2925,vehicle_vehicle,0.6054704788808625,0.02497140639653817,3.4476720368861087,3.4512454853284553,15.0,3.0,3.5,0.8,6.2876916272985275,22.6356898582747
2,76,2985,384,71.6444,-65.4817,329.5301,2.067,4.304,5.9797,-3.1186,1.3579,2.1552,6.7353,-0.3444,0.0775,-2.5461,car,83,64.0621,-49.521,0.9602,-6.0471,6.1091,-0.4103,275.1796,6.122859009482417,22.0422924341367,7.582300000000004,-15.960700000000003,5.0195,2.9285000000000005,5.811324504792346,17.67017877045957,0,02_14_83_2925_ego_83,0,2925,2920,2925,vehicle_vehicle,0.6054704788808625,0.02497140639653817,3.4476720368861087,3.4512454853284553,15.0,3.0,3.5,0.8,6.2876916272985275,22.6356898582747
2,79,2985,274,52.2367,-46.3558,335.2523,2.301,5.8366,0.256,-0.1185,0.5032,-0.273,0.2821,0.0004,0.5713,0.0373,van,83,64.0621,-49.521,0.9602,-6.0471,6.1091,-0.4103,275.1796,6.122859009482417,22.0422924341367,-11.825400000000002,3.1651999999999987,-0.7042,5.9286,5.970276007020111,12.241673749941224,0,02_14_83_2925_ego_83,0,2925,2920,2925,vehicle_vehicle,0.6054704788808625,0.02497140639653817,3.4476720368861087,3.4512454853284553,15.0,3.0,3.5,0.8,6.2876916272985275,22.6356898582747
2,82,2985,250,61.964,-58.8163,287.4123,2.1699,4.6403,2.2482,-7.0224,0.254,0.0592,7.3733,-0.0438,0.0195,-0.2601,car,83,64.0621,-49.521,0.9602,-6.0471,6.1091,-0.4103,275.1796,6.122859009482417,22.0422924341367,-2.0981000000000023,-9.295299999999997,1.2880000000000003,-0.9752999999999998,1.615597131094259,9.529146115995912,0,02_14_83_2925_ego_83,0,2925,2920,2925,vehicle_vehicle,0.6054704788808625,0.02497140639653817,3.4476720368861087,3.4512454853284553,15.0,3.0,3.5,0.8,6.2876916272985275,22.6356898582747
2,83,2985,225,64.0621,-49.521,275.1796,2.1172,4.5925,0.9602,-6.0471,1.9747,0.1449,6.1091,-0.4103,0.0339,-1.9797,car,83,64.0621,-49.521,0.9602,-6.0471,6.1091,-0.4103,275.1796,6.122859009482417,22.0422924341367,0.0,0.0,0.0,0.0,0.0,0.0,1,02_14_83_2925_ego_83,1,2925,2920,2925,vehicle_vehicle,0.6054704788808625,0.02497140639653817,3.4476720368861087,3.4512454853284553,15.0,3.0,3.5,0.8,6.2876916272985275,22.6356898582747
2,86,2985,180,63.3374,-38.7772,247.5682,2.1226,4.8555,-2.5617,-6.7505,1.7737,-1.1312,7.2172,-0.208,0.3688,-2.0711,car,83,64.0621,-49.521,0.9602,-6.0471,6.1091,-0.4103,275.1796,6.122859009482417,22.0422924341367,-0.7246999999999986,10.7438,-3.5219,-0.7033999999999994,3.591455299735749,10.768213804062398,0,02_14_83_2925_ego_83,0,2925,2920,2925,vehicle_vehicle,0.6054704788808625,0.02497140639653817,3.4476720368861087,3.4512454853284553,15.0,3.0,3.5,0.8,6.2876916272985275,22.6356898582747
2,14,2986,2986,70.1136,-37.9184,229.0992,2.5807,6.6415,0.0,-0.0,0.0,0.0,-0.0,-0.0,-0.0,0.0,truck,83,64.1018,-49.7624,1.0391,-6.0404,6.1154,-0.4102,275.9231,6.129123996950951,22.064846389023423,6.011800000000008,11.844000000000001,-1.0391,6.0404,6.129123996950951,13.282397194783783,0,02_14_83_2925_ego_83,1,2925,2920,2925,vehicle_vehicle,0.6054704788808625,0.02497140639653817,3.4476720368861087,3.4512454853284553,15.0,3.0,3.5,0.8,6.2876916272985275,22.6356898582747
2,76,2986,385,71.884,-65.6065,330.4798,2.067,4.304,6.0336,-3.0315,1.3374,2.169,6.744,-0.335,0.0951,-2.5464,car,83,64.1018,-49.7624,1.0391,-6.0404,6.1154,-0.4102,275.9231,6.129123996950951,22.064846389023423,7.782200000000003,-15.844099999999997,4.9945,3.0089,5.830824080693912,17.652142692885754,0,02_14_83_2925_ego_83,0,2925,2920,2925,vehicle_vehicle,0.6054704788808625,0.02497140639653817,3.4476720368861087,3.4512454853284553,15.0,3.0,3.5,0.8,6.2876916272985275,22.6356898582747
2,79,2986,275,52.2487,-46.3587,335.2469,2.301,5.8366,0.2757,-0.1295,0.5431,-0.3026,0.3046,0.0022,0.6199,0.0474,van,83,64.1018,-49.7624,1.0391,-6.0404,6.1154,-0.4102,275.9231,6.129123996950951,22.064846389023423,-11.853099999999998,3.4037000000000006,-0.7633999999999999,5.9109,5.959993151841703,12.332118767673297,0,02_14_83_2925_ego_83,0,2925,2920,2925,vehicle_vehicle,0.6054704788808625,0.02497140639653817,3.4476720368861087,3.4512454853284553,15.0,3.0,3.5,0.8,6.2876916272985275,22.6356898582747
2,82,2986,251,62.0544,-59.0975,287.5979,2.1699,4.6403,2.2616,-7.0185,0.169,0.063,7.3738,-0.0338,-0.009,-0.1801,car,83,64.1018,-49.7624,1.0391,-6.0404,6.1154,-0.4102,275.9231,6.129123996950951,22.064846389023423,-2.047399999999996,-9.335099999999997,1.2225000000000001,-0.9781000000000004,1.5656263475044105,9.556983769474549,0,02_14_83_2925_ego_83,0,2925,2920,2925,vehicle_vehicle,0.6054704788808625,0.02497140639653817,3.4476720368861087,3.4512454853284553,15.0,3.0,3.5,0.8,6.2876916272985275,22.6356898582747
2,83,2986,226,64.1018,-49.7624,275.9231,2.1172,4.5925,1.0391,-6.0404,1.972,0.1595,6.1154,-0.4102,0.0448,-1.9779,car,83,64.1018,-49.7624,1.0391,-6.0404,6.1154,-0.4102,275.9231,6.129123996950951,22.064846389023423,0.0,0.0,0.0,0.0,0.0,0.0,1,02_14_83_2925_ego_83,1,2925,2920,2925,vehicle_vehicle,0.6054704788808625,0.02497140639653817,3.4476720368861087,3.4512454853284553,15.0,3.0,3.5,0.8,6.2876916272985275,22.6356898582747
2,86,2986,181,63.2354,-39.0478,248.2299,2.1226,4.8555,-2.4902,-6.7963,1.8011,-1.1175,7.2352,-0.208,0.3698,-2.0871,car,83,64.1018,-49.7624,1.0391,-6.0404,6.1154,-0.4102,275.9231,6.129123996950951,22.064846389023423,-0.8663999999999987,10.714599999999997,-3.5293,-0.7558999999999996,3.6093411171569807,10.749572183115006,0,02_14_83_2925_ego_83,0,2925,2920,2925,vehicle_vehicle,0.6054704788808625,0.02497140639653817,3.4476720368861087,3.4512454853284553,15.0,3.0,3.5,0.8,6.2876916272985275,22.6356898582747
2,14,2987,2987,70.1136,-37.9184,229.0992,2.5807,6.6415,0.0,-0.0,-0.0,0.0,-0.0,-0.0,-0.0,0.0,truck,83,64.1442,-50.0032,1.1183,-6.0335,6.1225,-0.4108,276.6612,6.13626247319979,22.090544903519245,5.969400000000007,12.084800000000001,-1.1183,6.0335,6.13626247319979,13.478728701179504,0,02_14_83_2925_ego_83,1,2925,2920,2925,vehicle_vehicle,0.6054704788808625,0.02497140639653817,3.4476720368861087,3.4512454853284553,15.0,3.0,3.5,0.8,6.2876916272985275,22.6356898582747
2,76,2987,386,72.1261,-65.7271,331.4323,2.067,4.304,6.0867,-2.9434,1.3174,2.1817,6.7532,-0.3256,0.1137,-2.546,car,83,64.1442,-50.0032,1.1183,-6.0335,6.1225,-0.4108,276.6612,6.13626247319979,22.090544903519245,7.981899999999996,-15.723899999999993,4.968400000000001,3.0901,5.850958602656491,17.633824282327407,0,02_14_83_2925_ego_83,0,2925,2920,2925,vehicle_vehicle,0.6054704788808625,0.02497140639653817,3.4476720368861087,3.4512454853284553,15.0,3.0,3.5,0.8,6.2876916272985275,22.6356898582747
2,79,2987,276,52.2607,-46.3623,335.2272,2.301,5.8366,0.2966,-0.1425,0.5837,-0.3317,0.329,0.0051,0.669,0.0566,van,83,64.1442,-50.0032,1.1183,-6.0335,6.1225,-0.4108,276.6612,6.13626247319979,22.090544903519245,-11.883499999999998,3.640900000000002,-0.8217000000000001,5.891,5.948030925440789,12.42874591662409,0,02_14_83_2925_ego_83,0,2925,2920,2925,vehicle_vehicle,0.6054704788808625,0.02497140639653817,3.4476720368861087,3.4512454853284553,15.0,3.0,3.5,0.8,6.2876916272985275,22.6356898582747
2,82,2987,252,62.1456,-59.3783,287.7309,2.1699,4.6403,2.2714,-7.0144,0.0808,0.0652,7.373,-0.0273,-0.0375,-0.0968,car,83,64.1442,-50.0032,1.1183,-6.0335,6.1225,-0.4108,276.6612,6.13626247319979,22.090544903519245,-1.9985999999999962,-9.375100000000003,1.1530999999999998,-0.9809000000000001,1.51387067479359,9.585765591229531,0,02_14_83_2925_ego_83,0,2925,2920,2925,vehicle_vehicle,0.6054704788808625,0.02497140639653817,3.4476720368861087,3.4512454853284553,15.0,3.0,3.5,0.8,6.2876916272985275,22.6356898582747
2,83,2987,227,64.1442,-50.0032,276.6612,2.1172,4.5925,1.1183,-6.0335,1.9691,0.1734,6.1225,-0.4108,0.0562,-1.9759,car,83,64.1442,-50.0032,1.1183,-6.0335,6.1225,-0.4108,276.6612,6.13626247319979,22.090544903519245,0.0,0.0,0.0,0.0,0.0,0.0,1,02_14_83_2925_ego_83,1,2925,2920,2925,vehicle_vehicle,0.6054704788808625,0.02497140639653817,3.4476720368861087,3.4512454853284553,15.0,3.0,3.5,0.8,6.2876916272985275,22.6356898582747
2,86,2987,182,63.1362,-39.3202,248.897,2.1226,4.8555,-2.4172,-6.8418,1.8278,-1.1032,7.2532,-0.2083,0.3711,-2.1024,car,83,64.1442,-50.0032,1.1183,-6.0335,6.1225,-0.4108,276.6612,6.13626247319979,22.090544903519245,-1.0079999999999956,10.683,-3.5355,-0.8083,3.6267215415578846,10.73044980417876,0,02_14_83_2925_ego_83,0,2925,2920,2925,vehicle_vehicle,0.6054704788808625,0.02497140639653817,3.4476720368861087,3.4512454853284553,15.0,3.0,3.5,0.8,6.2876916272985275,22.6356898582747
2,14,2988,2988,70.1136,-37.9184,229.0992,2.5807,6.6415,0.0,-0.0,-0.0,0.0,-0.0,-0.0,-0.0,0.0,truck,83,64.1903,-50.2439,1.1974,-6.0262,6.1302,-0.412,277.393,6.144009537753013,22.118434335910848,5.923300000000012,12.325499999999998,-1.1974,6.0262,6.144009537753013,13.674919858631716,0,02_14_83_2925_ego_83,1,2925,2920,2925,vehicle_vehicle,0.6054704788808625,0.02497140639653817,3.4476720368861087,3.4512454853284553,15.0,3.0,3.5,0.8,6.2876916272985275,22.6356898582747
2,76,2988,387,72.3701,-65.8436,332.3972,2.067,4.304,6.1393,-2.8546,1.2975,2.193,6.7632,-0.3148,0.1338,-2.5446,car,83,64.1903,-50.2439,1.1974,-6.0262,6.1302,-0.412,277.393,6.144009537753013,22.118434335910848,8.1798,-15.599699999999999,4.9419,3.1716,5.872088399368661,17.614192236091892,0,02_14_83_2925_ego_83,0,2925,2920,2925,vehicle_vehicle,0.6054704788808625,0.02497140639653817,3.4476720368861087,3.4512454853284553,15.0,3.0,3.5,0.8,6.2876916272985275,22.6356898582747
2,79,2988,277,52.2738,-46.3673,335.1969,2.301,5.8366,0.3189,-0.157,0.6251,-0.3598,0.3554,0.0087,0.7184,0.0644,van,83,64.1903,-50.2439,1.1974,-6.0262,6.1302,-0.412,277.393,6.144009537753013,22.118434335910848,-11.916499999999992,3.8765999999999963,-0.8785000000000001,5.8692,5.934582621381221,12.53120105217372,0,02_14_83_2925_ego_83,0,2925,2920,2925,vehicle_vehicle,0.6054704788808625,0.02497140639653817,3.4476720368861087,3.4512454853284553,15.0,3.0,3.5,0.8,6.2876916272985275,22.6356898582747
2,82,2988,253,62.2372,-59.6589,287.8501,2.1699,4.6403,2.2774,-7.0102,-0.0103,0.0659,7.3709,-0.0189,-0.0659,-0.0104,car,83,64.1903,-50.2439,1.1974,-6.0262,6.1302,-0.412,277.393,6.144009537753013,22.118434335910848,-1.953099999999992,-9.415000000000006,1.08,-0.984,1.4610462005015448,9.615447187208721,0,02_14_83_2925_ego_83,0,2925,2920,2925,vehicle_vehicle,0.6054704788808625,0.02497140639653817,3.4476720368861087,3.4512454853284553,15.0,3.0,3.5,0.8,6.2876916272985275,22.6356898582747
2,83,2988,228,64.1903,-50.2439,277.393,2.1172,4.5925,1.1974,-6.0262,1.9659,0.1868,6.1302,-0.412,0.0678,-1.9736,car,83,64.1903,-50.2439,1.1974,-6.0262,6.1302,-0.412,277.393,6.144009537753013,22.118434335910848,0.0,0.0,0.0,0.0,0.0,0.0,1,02_14_83_2925_ego_83,1,2925,2920,2925,vehicle_vehicle,0.6054704788808625,0.02497140639653817,3.4476720368861087,3.4512454853284553,15.0,3.0,3.5,0.8,6.2876916272985275,22.6356898582747
2,86,2988,183,63.0403,-39.5948,249.5749,2.1226,4.8555,-2.3428,-6.8866,1.8534,-1.0882,7.2712,-0.2078,0.373,-2.1166,car,83,64.1903,-50.2439,1.1974,-6.0262,6.1302,-0.412,277.393,6.144009537753013,22.118434335910848,-1.1499999999999915,10.649099999999997,-3.5402,-0.8603999999999994,3.6432546164109914,10.711014462225318,0,02_14_83_2925_ego_83,0,2925,2920,2925,vehicle_vehicle,0.6054704788808625,0.02497140639653817,3.4476720368861087,3.4512454853284553,15.0,3.0,3.5,0.8,6.2876916272985275,22.6356898582747
2,14,2989,2989,70.1136,-37.9184,229.0992,2.5807,6.6415,0.0,-0.0,-0.0,0.0,-0.0,-0.0,0.0,0.0,truck,83,64.2396,-50.4841,1.2765,-6.0187,6.1388,-0.4116,278.1382,6.152576853644333,22.149276673119598,5.874000000000009,12.5657,-1.2765,6.0187,6.152576853644333,13.870857669589148,0,02_14_83_2925_ego_83,1,2925,2920,2925,vehicle_vehicle,0.6054704788808625,0.02497140639653817,3.4476720368861087,3.4512454853284553,15.0,3.0,3.5,0.8,6.2876916272985275,22.6356898582747
2,76,2989,388,72.6164,-65.9562,333.3382,2.067,4.304,6.1912,-2.7654,1.2778,2.2027,6.7737,-0.3068,0.1535,-2.5419,car,83,64.2396,-50.4841,1.2765,-6.0187,6.1388,-0.4116,278.1382,6.152576853644333,22.149276673119598,8.376800000000003,-15.472099999999998,4.9147,3.2533,5.893915250493512,17.594222251921224,0,02_14_83_2925_ego_83,0,2925,2920,2925,vehicle_vehicle,0.6054704788808625,0.02497140639653817,3.4476720368861087,3.4512454853284553,15.0,3.0,3.5,0.8,6.2876916272985275,22.6356898582747
2,79,2989,278,52.2871,-46.3733,335.1674,2.301,5.8366,0.3429,-0.1729,0.6676,-0.3865,0.3838,0.0129,0.7682,0.0704,van,83,64.2396,-50.4841,1.2765,-6.0187,6.1388,-0.4116,278.1382,6.152576853644333,22.149276673119598,-11.952499999999993,4.110799999999998,-0.9336,5.8458,5.919880623796396,12.639657150809109,0,02_14_83_2925_ego_83,0,2925,2920,2925,vehicle_vehicle,0.6054704788808625,0.02497140639653817,3.4476720368861087,3.4512454853284553,15.0,3.0,3.5,0.8,6.2876916272985275,22.6356898582747
2,82,2989,254,62.3292,-59.9394,287.9383,2.1699,4.6403,2.2794,-7.006,-0.1039,0.065,7.3674,-0.0108,-0.0938,0.0789,car,83,64.2396,-50.4841,1.2765,-6.0187,6.1388,-0.4116,278.1382,6.152576853644333,22.149276673119598,-1.9103999999999957,-9.455300000000001,1.0029,-0.9873000000000003,1.4073271474678517,9.646363369166641,0,02_14_83_2925_ego_83,0,2925,2920,2925,vehicle_vehicle,0.6054704788808625,0.02497140639653817,3.4476720368861087,3.4512454853284553,15.0,3.0,3.5,0.8,6.2876916272985275,22.6356898582747
2,83,2989,229,64.2396,-50.4841,278.1382,2.1172,4.5925,1.2765,-6.0187,1.9624,0.2,6.1388,-0.4116,0.0798,-1.9709,car,83,64.2396,-50.4841,1.2765,-6.0187,6.1388,-0.4116,278.1382,6.152576853644333,22.149276673119598,0.0,0.0,0.0,0.0,0.0,0.0,1,02_14_83_2925_ego_83,1,2925,2920,2925,vehicle_vehicle,0.6054704788808625,0.02497140639653817,3.4476720368861087,3.4512454853284553,15.0,3.0,3.5,0.8,6.2876916272985275,22.6356898582747
2,86,2989,184,62.947,-39.8707,250.2526,2.1226,4.8555,-2.267,-6.931,1.8775,-1.0723,7.2894,-0.2081,0.3749,-2.1294,car,83,64.2396,-50.4841,1.2765,-6.0187,6.1388,-0.4116,278.1382,6.152576853644333,22.149276673119598,-1.292599999999993,10.613399999999999,-3.5435,-0.9123000000000001,3.659055006419007,10.691822778179592,0,02_14_83_2925_ego_83,0,2925,2920,2925,vehicle_vehicle,0.6054704788808625,0.02497140639653817,3.4476720368861087,3.4512454853284553,15.0,3.0,3.5,0.8,6.2876916272985275,22.6356898582747
2,14,2990,2990,70.1136,-37.9184,229.0992,2.5807,6.6415,0.0,-0.0,-0.0,0.0,-0.0,-0.0,0.0,0.0,truck,83,64.2929,-50.7239,1.3551,-6.0109,6.148,-0.4117,278.8736,6.1617541999011936,22.182315119644297,5.820700000000002,12.805500000000002,-1.3551,6.0109,6.1617541999011936,14.066320725051028,0,02_14_83_2925_ego_83,1,2925,2920,2925,vehicle_vehicle,0.6054704788808625,0.02497140639653817,3.4476720368861087,3.4512454853284553,15.0,3.0,3.5,0.8,6.2876916272985275,22.6356898582747
2,76,2990,389,72.8641,-66.0649,334.2616,2.067,4.304,6.2427,-2.6757,1.2579,2.2109,6.7853,-0.3007,0.1729,-2.5378,car,83,64.2929,-50.7239,1.3551,-6.0109,6.148,-0.4117,278.8736,6.1617541999011936,22.182315119644297,8.57119999999999,-15.340999999999994,4.8876,3.3352000000000004,5.917110173049003,17.573040443816193,0,02_14_83_2925_ego_83,0,2925,2920,2925,vehicle_vehicle,0.6054704788808625,0.02497140639653817,3.4476720368861087,3.4512454853284553,15.0,3.0,3.5,0.8,6.2876916272985275,22.6356898582747
2,79,2990,279,52.3014,-46.3808,335.136,2.301,5.8366,0.3685,-0.1897,0.7112,-0.4118,0.4141,0.0171,0.8184,0.0746,van,83,64.2929,-50.7239,1.3551,-6.0109,6.148,-0.4117,278.8736,6.1617541999011936,22.182315119644297,-11.991500000000002,4.3431,-0.9865999999999999,5.8212,5.9042145116857,12.753767673123109,0,02_14_83_2925_ego_83,0,2925,2920,2925,vehicle_vehicle,0.6054704788808625,0.02497140639653817,3.4476720368861087,3.4512454853284553,15.0,3.0,3.5,0.8,6.2876916272985275,22.6356898582747
2,82,2990,255,62.4213,-60.219,287.9673,2.1699,4.6403,2.2772,-7.0019,-0.1998,0.0625,7.3629,-0.0063,-0.1211,0.1708,car,83,64.2929,-50.7239,1.3551,-6.0109,6.148,-0.4117,278.8736,6.1617541999011936,22.182315119644297,-1.8716000000000008,-9.4951,0.9221000000000001,-0.9909999999999997,1.3536430142397218,9.67779988272128,0,02_14_83_2925_ego_83,0,2925,2920,2925,vehicle_vehicle,0.6054704788808625,0.02497140639653817,3.4476720368861087,3.4512454853284553,15.0,3.0,3.5,0.8,6.2876916272985275,22.6356898582747
2,83,2990,230,64.2929,-50.7239,278.8736,2.1172,4.5925,1.3551,-6.0109,1.9585,0.2133,6.148,-0.4117,0.0914,-1.968,car,83,64.2929,-50.7239,1.3551,-6.0109,6.148,-0.4117,278.8736,6.1617541999011936,22.182315119644297,0.0,0.0,0.0,0.0,0.0,0.0,1,02_14_83_2925_ego_83,1,2925,2920,2925,vehicle_vehicle,0.6054704788808625,0.02497140639653817,3.4476720368861087,3.4512454853284553,15.0,3.0,3.5,0.8,6.2876916272985275,22.6356898582747
2,86,2990,185,62.8576,-40.1489,250.9282,2.1226,4.8555,-2.1901,-6.9747,1.8999,-1.0557,7.3075,-0.2091,0.3769,-2.1405,car,83,64.2929,-50.7239,1.3551,-6.0109,6.148,-0.4117,278.8736,6.1617541999011936,22.182315119644297,-1.4353000000000051,10.575000000000003,-3.5452000000000004,-0.9638,3.6738744507672005,10.671959102713993,0,02_14_83_2925_ego_83,0,2925,2920,2925,vehicle_vehicle,0.6054704788808625,0.02497140639653817,3.4476720368861087,3.4512454853284553,15.0,3.0,3.5,0.8,6.2876916272985275,22.6356898582747
2,14,2991,2991,70.1136,-37.9184,229.0992,2.5807,6.6415,0.0,-0.0,-0.0,0.0,-0.0,-0.0,0.0,0.0,truck,83,64.3498,-50.9631,1.4332,-6.0031,6.1581,-0.4109,279.6104,6.171812687533541,22.21852567512075,5.763800000000003,13.044699999999999,-1.4332,6.0031,6.171812687533541,14.261331933939411,0,02_14_83_2925_ego_83,1,2925,2920,2925,vehicle_vehicle,0.6054704788808625,0.02497140639653817,3.4476720368861087,3.4512454853284553,15.0,3.0,3.5,0.8,6.2876916272985275,22.6356898582747
2,76,2991,390,73.1146,-66.1698,335.1647,2.067,4.304,6.2934,-2.5859,1.2375,2.2177,6.7975,-0.2965,0.1916,-2.5324,car,83,64.3498,-50.9631,1.4332,-6.0031,6.1581,-0.4109,279.6104,6.171812687533541,22.21852567512075,8.764799999999994,-15.206699999999998,4.8602,3.4172,5.941279313413904,17.551793182749158,0,02_14_83_2925_ego_83,0,2925,2920,2925,vehicle_vehicle,0.6054704788808625,0.02497140639653817,3.4476720368861087,3.4512454853284553,15.0,3.0,3.5,0.8,6.2876916272985275,22.6356898582747
2,79,2991,280,52.3168,-46.3893,335.1026,2.301,5.8366,0.3958,-0.2073,0.7559,-0.4359,0.4463,0.0214,0.8691,0.0772,van,83,64.3498,-50.9631,1.4332,-6.0031,6.1581,-0.4109,279.6104,6.171812687533541,22.21852567512075,-12.033000000000001,4.5737999999999985,-1.0374,5.7958,5.8879110387301195,12.872945872643138,0,02_14_83_2925_ego_83,0,2925,2920,2925,vehicle_vehicle,0.6054704788808625,0.02497140639653817,3.4476720368861087,3.4512454853284553,15.0,3.0,3.5,0.8,6.2876916272985275,22.6356898582747
2,82,2991,256,62.5134,-60.4987,287.9975,2.1699,4.6403,2.2708,-6.9982,-0.2975,0.0587,7.3574,0.0026,-0.1478,0.2648,car,83,64.3498,-50.9631,1.4332,-6.0031,6.1581,-0.4109,279.6104,6.171812687533541,22.21852567512075,-1.8364000000000047,-9.535600000000002,0.8375999999999999,-0.9950999999999999,1.3006912662119323,9.710820373171366,0,02_14_83_2925_ego_83,0,2925,2920,2925,vehicle_vehicle,0.6054704788808625,0.02497140639653817,3.4476720368861087,3.4512454853284553,15.0,3.0,3.5,0.8,6.2876916272985275,22.6356898582747
2,83,2991,231,64.3498,-50.9631,279.6104,2.1172,4.5925,1.4332,-6.0031,1.9547,0.227,6.1581,-0.4109,0.1025,-1.9652,car,83,64.3498,-50.9631,1.4332,-6.0031,6.1581,-0.4109,279.6104,6.171812687533541,22.21852567512075,0.0,0.0,0.0,0.0,0.0,0.0,1,02_14_83_2925_ego_83,1,2925,2920,2925,vehicle_vehicle,0.6054704788808625,0.02497140639653817,3.4476720368861087,3.4512454853284553,15.0,3.0,3.5,0.8,6.2876916272985275,22.6356898582747
2,86,2991,186,62.7708,-40.4288,251.5895,2.1226,4.8555,-2.1121,-7.0178,1.9203,-1.0381,7.3257,-0.2124,0.3785,-2.1499,car,83,64.3498,-50.9631,1.4332,-6.0031,6.1581,-0.4109,279.6104,6.171812687533541,22.21852567512075,-1.5790000000000006,10.534299999999995,-3.5453,-1.0147000000000004,3.687650767087361,10.651981857382216,0,02_14_83_2925_ego_83,0,2925,2920,2925,vehicle_vehicle,0.6054704788808625,0.02497140639653817,3.4476720368861087,3.4512454853284553,15.0,3.0,3.5,0.8,6.2876916272985275,22.6356898582747
2,14,2992,2992,70.1136,-37.9184,229.0992,2.5807,6.6415,0.0,-0.0,-0.0,0.0,-0.0,-0.0,0.0,0.0,truck,83,64.4099,-51.2023,1.5106,-5.9949,6.1688,-0.4091,280.3479,6.182292323240628,22.256252363666263,5.703700000000012,13.283900000000003,-1.5106,5.9949,6.182292323240628,14.45663145065268,0,02_14_83_2925_ego_83,1,2925,2920,2925,vehicle_vehicle,0.6054704788808625,0.02497140639653817,3.4476720368861087,3.4512454853284553,15.0,3.0,3.5,0.8,6.2876916272985275,22.6356898582747
2,76,2992,391,73.3668,-66.2708,336.0562,2.067,4.304,6.3436,-2.4961,1.2166,2.2232,6.8107,-0.2932,0.2096,-2.5257,car,83,64.4099,-51.2023,1.5106,-5.9949,6.1688,-0.4091,280.3479,6.182292323240628,22.256252363666263,8.956900000000005,-15.068499999999993,4.833,3.4988,5.966530854692699,17.52956787430882,0,02_14_83_2925_ego_83,0,2925,2920,2925,vehicle_vehicle,0.6054704788808625,0.02497140639653817,3.4476720368861087,3.4512454853284553,15.0,3.0,3.5,0.8,6.2876916272985275,22.6356898582747
2,79,2992,281,52.3335,-46.3991,335.0681,2.301,5.8366,0.4248,-0.2254,0.8017,-0.4591,0.4803,0.0253,0.9205,0.0783,van,83,64.4099,-51.2023,1.5106,-5.9949,6.1688,-0.4091,280.3479,6.182292323240628,22.256252363666263,-12.076399999999992,4.803200000000004,-1.0857999999999999,5.769500000000001,5.87078290264595,12.996544433040649,0,02_14_83_2925_ego_83,0,2925,2920,2925,vehicle_vehicle,0.6054704788808625,0.02497140639653817,3.4476720368861087,3.4512454853284553,15.0,3.0,3.5,0.8,6.2876916272985275,22.6356898582747
2,82,2992,257,62.6053,-60.778,288.0056,2.1699,4.6403,2.2599,-6.9948,-0.3964,0.0538,7.3508,0.0129,-0.1737,0.3603,car,83,64.4099,-51.2023,1.5106,-5.9949,6.1688,-0.4091,280.3479,6.182292323240628,22.256252363666263,-1.8045999999999935,-9.575699999999998,0.7493000000000001,-0.9998999999999993,1.2495001000400117,9.744260446539796,0,02_14_83_2925_ego_83,0,2925,2920,2925,vehicle_vehicle,0.6054704788808625,0.02497140639653817,3.4476720368861087,3.4512454853284553,15.0,3.0,3.5,0.8,6.2876916272985275,22.6356898582747
2,83,2992,232,64.4099,-51.2023,280.3479,2.1172,4.5925,1.5106,-5.9949,1.9515,0.2416,6.1688,-0.4091,0.1129,-1.9631,car,83,64.4099,-51.2023,1.5106,-5.9949,6.1688,-0.4091,280.3479,6.182292323240628,22.256252363666263,0.0,0.0,0.0,0.0,0.0,0.0,1,02_14_83_2925_ego_83,1,2925,2920,2925,vehicle_vehicle,0.6054704788808625,0.02497140639653817,3.4476720368861087,3.4512454853284553,15.0,3.0,3.5,0.8,6.2876916272985275,22.6356898582747
2,86,2992,187,62.6878,-40.7107,252.2595,2.1226,4.8555,-2.0332,-7.06,1.9387,-1.0198,7.3438,-0.2147,0.3806,-2.1573,car,83,64.4099,-51.2023,1.5106,-5.9949,6.1688,-0.4091,280.3479,6.182292323240628,22.256252363666263,-1.7220999999999904,10.491599999999998,-3.5438,-1.0650999999999993,3.700399498702809,10.631994120107475,0,02_14_83_2925_ego_83,0,2925,2920,2925,vehicle_vehicle,0.6054704788808625,0.02497140639653817,3.4476720368861087,3.4512454853284553,15.0,3.0,3.5,0.8,6.2876916272985275,22.6356898582747
2,14,2993,2993,70.1136,-37.9184,229.0992,2.5807,6.6415,0.0,-0.0,-0.0,0.0,-0.0,-0.0,0.0,0.0,truck,83,64.4726,-51.4411,1.5876,-5.9866,6.1801,-0.4062,281.0916,6.193533185508898,22.296719467832034,5.641000000000005,13.5227,-1.5876,5.9866,6.193533185508898,14.652108936600222,0,02_14_83_2925_ego_83,1,2925,2920,2925,vehicle_vehicle,0.6054704788808625,0.02497140639653817,3.4476720368861087,3.4512454853284553,15.0,3.0,3.5,0.8,6.2876916272985275,22.6356898582747
2,76,2993,392,73.6213,-66.3683,336.9222,2.067,4.304,6.393,-2.4063,1.195,2.2278,6.8246,-0.2922,0.2261,-2.5179,car,83,64.4726,-51.4411,1.5876,-5.9866,6.1801,-0.4062,281.0916,6.193533185508898,22.296719467832034,9.148700000000005,-14.927200000000006,4.8054,3.5803000000000003,5.992530120908864,17.507712915455297,0,02_14_83_2925_ego_83,0,2925,2920,2925,vehicle_vehicle,0.6054704788808625,0.02497140639653817,3.4476720368861087,3.4512454853284553,15.0,3.0,3.5,0.8,6.2876916272985275,22.6356898582747
2,79,2993,282,52.3504,-46.4095,335.0373,2.301,5.8366,0.456,-0.244,0.8487,-0.4818,0.5164,0.0288,0.9727,0.0786,van,83,64.4726,-51.4411,1.5876,-5.9866,6.1801,-0.4062,281.0916,6.193533185508898,22.296719467832034,-12.1222,5.031599999999997,-1.1316,5.7426,5.853031122418537,13.12496595805109,0,02_14_83_2925_ego_83,0,2925,2920,2925,vehicle_vehicle,0.6054704788808625,0.02497140639653817,3.4476720368861087,3.4512454853284553,15.0,3.0,3.5,0.8,6.2876916272985275,22.6356898582747
2,82,2993,258,62.6978,-61.0571,287.9959,2.1699,4.6403,2.2441,-6.9919,-0.4958,0.0479,7.3432,0.0258,-0.1988,0.4568,car,83,64.4726,-51.4411,1.5876,-5.9866,6.1801,-0.4062,281.0916,6.193533185508898,22.296719467832034,-1.774799999999999,-9.616,0.6565000000000001,-1.0053,1.2006749518500002,9.778413523675505,0,02_14_83_2925_ego_83,0,2925,2920,2925,vehicle_vehicle,0.6054704788808625,0.02497140639653817,3.4476720368861087,3.4512454853284553,15.0,3.0,3.5,0.8,6.2876916272985275,22.6356898582747
2,83,2993,233,64.4726,-51.4411,281.0916,2.1172,4.5925,1.5876,-5.9866,1.9492,0.2573,6.1801,-0.4062,0.1225,-1.9622,car,83,64.4726,-51.4411,1.5876,-5.9866,6.1801,-0.4062,281.0916,6.193533185508898,22.296719467832034,0.0,0.0,0.0,0.0,0.0,0.0,1,02_14_83_2925_ego_83,1,2925,2920,2925,vehicle_vehicle,0.6054704788808625,0.02497140639653817,3.4476720368861087,3.4512454853284553,15.0,3.0,3.5,0.8,6.2876916272985275,22.6356898582747
2,86,2993,188,62.6079,-40.9939,252.9342,2.1226,4.8555,-1.9536,-7.1015,1.9551,-1.0009,7.3621,-0.2165,0.3831,-2.1627,car,83,64.4726,-51.4411,1.5876,-5.9866,6.1801,-0.4062,281.0916,6.193533185508898,22.296719467832034,-1.8646999999999991,10.447200000000002,-3.5412,-1.1148999999999996,3.7125596897558424,10.61230860510568,0,02_14_83_2925_ego_83,0,2925,2920,2925,vehicle_vehicle,0.6054704788808625,0.02497140639653817,3.4476720368861087,3.4512454853284553,15.0,3.0,3.5,0.8,6.2876916272985275,22.6356898582747
2,14,2994,2994,70.1136,-37.9184,229.0992,2.5807,6.6415,0.0,0.0,-0.0,0.0,-0.0,-0.0,0.0,0.0,truck,83,64.5385,-51.6799,1.6641,-5.9777,6.1919,-0.4029,281.8337,6.205008146650575,22.33802932794207,5.575100000000006,13.761500000000005,-1.6641,5.9777,6.205008146650575,14.847916428240032,0,02_14_83_2925_ego_83,1,2925,2920,2925,vehicle_vehicle,0.6054704788808625,0.02497140639653817,3.4476720368861087,3.4512454853284553,15.0,3.0,3.5,0.8,6.2876916272985275,22.6356898582747
2,76,2994,393,73.8779,-66.4623,337.7598,2.067,4.304,6.4416,-2.3165,1.1726,2.2315,6.8391,-0.2939,0.2408,-2.5093,car,83,64.5385,-51.6799,1.6641,-5.9777,6.1919,-0.4029,281.8337,6.205008146650575,22.33802932794207,9.339399999999998,-14.782399999999996,4.7775,3.6611999999999996,6.019044084404101,17.485529506423298,0,02_14_83_2925_ego_83,0,2925,2920,2925,vehicle_vehicle,0.6054704788808625,0.02497140639653817,3.4476720368861087,3.4512454853284553,15.0,3.0,3.5,0.8,6.2876916272985275,22.6356898582747
2,79,2994,283,52.3683,-46.4209,335.0017,2.301,5.8366,0.4894,-0.2631,0.8963,-0.5045,0.5547,0.0316,1.0255,0.0784,van,83,64.5385,-51.6799,1.6641,-5.9777,6.1919,-0.4029,281.8337,6.205008146650575,22.33802932794207,-12.170200000000001,5.259,-1.1746999999999999,5.7146,5.834087182241966,13.25785989668016,0,02_14_83_2925_ego_83,0,2925,2920,2925,vehicle_vehicle,0.6054704788808625,0.02497140639653817,3.4476720368861087,3.4512454853284553,15.0,3.0,3.5,0.8,6.2876916272985275,22.6356898582747
2,82,2994,259,62.7905,-61.3354,287.9527,2.1699,4.6403,2.223,-6.9897,-0.5947,0.0416,7.3346,0.0397,-0.2229,0.5529,car,83,64.5385,-51.6799,1.6641,-5.9777,6.1919,-0.4029,281.8337,6.205008146650575,22.33802932794207,-1.7479999999999976,-9.655499999999996,0.5589,-1.0120000000000005,1.1560766453829956,9.812450471212577,0,02_14_83_2925_ego_83,0,2925,2920,2925,vehicle_vehicle,0.6054704788808625,0.02497140639653817,3.4476720368861087,3.4512454853284553,15.0,3.0,3.5,0.8,6.2876916272985275,22.6356898582747
2,83,2994,234,64.5385,-51.6799,281.8337,2.1172,4.5925,1.6641,-5.9777,1.9481,0.2743,6.1919,-0.4029,0.131,-1.9629,car,83,64.5385,-51.6799,1.6641,-5.9777,6.1919,-0.4029,281.8337,6.205008146650575,22.33802932794207,0.0,0.0,0.0,0.0,0.0,0.0,1,02_14_83_2925_ego_83,1,2925,2920,2925,vehicle_vehicle,0.6054704788808625,0.02497140639653817,3.4476720368861087,3.4512454853284553,15.0,3.0,3.5,0.8,6.2876916272985275,22.6356898582747
2,86,2994,189,62.5314,-41.2791,253.6129,2.1226,4.8555,-1.8733,-7.142,1.9693,-0.9813,7.3804,-0.2177,0.3859,-2.1662,car,83,64.5385,-51.6799,1.6641,-5.9777,6.1919,-0.4029,281.8337,6.205008146650575,22.33802932794207,-2.007100000000001,10.400800000000004,-3.5374,-1.1643000000000008,3.7240828736750746,10.592690453798793,0,02_14_83_2925_ego_83,0,2925,2920,2925,vehicle_vehicle,0.6054704788808625,0.02497140639653817,3.4476720368861087,3.4512454853284553,15.0,3.0,3.5,0.8,6.2876916272985275,22.6356898582747
2,14,2995,2995,70.1136,-37.9184,229.0992,2.5807,6.6415,0.0,0.0,-0.0,0.0,-0.0,-0.0,0.0,0.0,truck,83,64.6066,-51.9185,1.7406,-5.9683,6.2042,-0.3974,282.5945,6.21693600176164,22.380969606341907,5.507000000000005,14.000100000000003,-1.7406,5.9683,6.21693600176164,15.04426299324763,0,02_14_83_2925_ego_83,1,2925,2920,2925,vehicle_vehicle,0.6054704788808625,0.02497140639653817,3.4476720368861087,3.4512454853284553,15.0,3.0,3.5,0.8,6.2876916272985275,22.6356898582747
2,76,2995,394,74.1367,-66.5523,338.5671,2.067,4.304,6.4892,-2.2269,1.1495,2.2348,6.8542,-0.2983,0.2534,-2.5003,car,83,64.6066,-51.9185,1.7406,-5.9683,6.2042,-0.3974,282.5945,6.21693600176164,22.380969606341907,9.530100000000004,-14.6338,4.748600000000001,3.7414,6.045434303670829,17.463416288057733,0,02_14_83_2925_ego_83,0,2925,2920,2925,vehicle_vehicle,0.6054704788808625,0.02497140639653817,3.4476720368861087,3.4512454853284553,15.0,3.0,3.5,0.8,6.2876916272985275,22.6356898582747
2,79,2995,284,52.387,-46.4331,334.9624,2.301,5.8366,0.5254,-0.2825,0.9441,-0.5276,0.5956,0.0336,1.0787,0.0785,van,83,64.6066,-51.9185,1.7406,-5.9683,6.2042,-0.3974,282.5945,6.21693600176164,22.380969606341907,-12.2196,5.4853999999999985,-1.2151999999999998,5.6858,5.81420954902728,13.394336016391405,0,02_14_83_2925_ego_83,0,2925,2920,2925,vehicle_vehicle,0.6054704788808625,0.02497140639653817,3.4476720368861087,3.4512454853284553,15.0,3.0,3.5,0.8,6.2876916272985275,22.6356898582747
2,82,2995,260,62.8827,-61.6133,287.9004,2.1699,4.6403,2.1964,-6.9885,-0.6915,0.0353,7.3253,0.0579,-0.2462,0.6471,car,83,64.6066,-51.9185,1.7406,-5.9683,6.2042,-0.3974,282.5945,6.21693600176164,22.380969606341907,-1.7239000000000004,-9.6948,0.4558000000000002,-1.0202,1.1173905673487674,9.846876573309936,0,02_14_83_2925_ego_83,0,2925,2920,2925,vehicle_vehicle,0.6054704788808625,0.02497140639653817,3.4476720368861087,3.4512454853284553,15.0,3.0,3.5,0.8,6.2876916272985275,22.6356898582747
2,83,2995,235,64.6066,-51.9185,282.5945,2.1172,4.5925,1.7406,-5.9683,1.9484,0.2929,6.2042,-0.3974,0.139,-1.9654,car,83,64.6066,-51.9185,1.7406,-5.9683,6.2042,-0.3974,282.5945,6.21693600176164,22.380969606341907,0.0,0.0,0.0,0.0,0.0,0.0,1,02_14_83_2925_ego_83,1,2925,2920,2925,vehicle_vehicle,0.6054704788808625,0.02497140639653817,3.4476720368861087,3.4512454853284553,15.0,3.0,3.5,0.8,6.2876916272985275,22.6356898582747
2,86,2995,190,62.4577,-41.5655,254.2827,2.1226,4.8555,-1.7923,-7.1819,1.9815,-0.9612,7.3989,-0.2202,0.3885,-2.1678,car,83,64.6066,-51.9185,1.7406,-5.9683,6.2042,-0.3974,282.5945,6.21693600176164,22.380969606341907,-2.1488999999999976,10.353000000000002,-3.5328999999999997,-1.2135999999999996,3.7355330770855177,10.573664464602611,0,02_14_83_2925_ego_83,0,2925,2920,2925,vehicle_vehicle,0.6054704788808625,0.02497140639653817,3.4476720368861087,3.4512454853284553,15.0,3.0,3.5,0.8,6.2876916272985275,22.6356898582747
2,14,2996,2996,70.1136,-37.9184,229.0992,2.5807,6.6415,0.0,0.0,-0.0,0.0,-0.0,0.0,0.0,0.0,truck,83,64.6779,-52.1568,1.8171,-5.9583,6.2169,-0.3918,283.3545,6.22922076186099,22.425194742699563,5.435700000000011,14.238399999999999,-1.8171,5.9583,6.22922076186099,15.240697787503041,0,02_14_83_2925_ego_83,1,2925,2920,2925,vehicle_vehicle,0.6054704788808625,0.02497140639653817,3.4476720368861087,3.4512454853284553,15.0,3.0,3.5,0.8,6.2876916272985275,22.6356898582747
2,76,2996,395,74.3973,-66.6385,339.3558,2.067,4.304,6.5358,-2.1376,1.1258,2.2379,6.8698,-0.3039,0.2645,-2.4911,car,83,64.6779,-52.1568,1.8171,-5.9583,6.2169,-0.3918,283.3545,6.22922076186099,22.425194742699563,9.719400000000007,-14.481699999999996,4.7187,3.8207000000000004,6.071563075518528,17.440939517411326,0,02_14_83_2925_ego_83,0,2925,2920,2925,vehicle_vehicle,0.6054704788808625,0.02497140639653817,3.4476720368861087,3.4512454853284553,15.0,3.0,3.5,0.8,6.2876916272985275,22.6356898582747
2,79,2996,285,52.4075,-46.4455,334.9215,2.301,5.8366,0.5638,-0.3025,0.9916,-0.5517,0.6389,0.0351,1.132,0.0794,van,83,64.6779,-52.1568,1.8171,-5.9583,6.2169,-0.3918,283.3545,6.22922076186099,22.425194742699563,-12.270399999999995,5.711299999999994,-1.2532999999999999,5.6558,5.792998751078755,13.534462082033398,0,02_14_83_2925_ego_83,0,2925,2920,2925,vehicle_vehicle,0.6054704788808625,0.02497140639653817,3.4476720368861087,3.4512454853284553,15.0,3.0,3.5,0.8,6.2876916272985275,22.6356898582747
2,82,2996,261,62.9727,-61.8916,287.8128,2.1699,4.6403,2.1649,-6.988,-0.7849,0.0297,7.3152,0.0766,-0.2684,0.7382,car,83,64.6779,-52.1568,1.8171,-5.9583,6.2169,-0.3918,283.3545,6.22922076186099,22.425194742699563,-1.7051999999999907,-9.7348,0.3477999999999999,-1.0297,1.0868518436291121,9.883017660613582,0,02_14_83_2925_ego_83,0,2925,2920,2925,vehicle_vehicle,0.6054704788808625,0.02497140639653817,3.4476720368861087,3.4512454853284553,15.0,3.0,3.5,0.8,6.2876916272985275,22.6356898582747
2,83,2996,236,64.6779,-52.1568,283.3545,2.1172,4.5925,1.8171,-5.9583,1.9501,0.313,6.2169,-0.3918,0.1459,-1.9697,car,83,64.6779,-52.1568,1.8171,-5.9583,6.2169,-0.3918,283.3545,6.22922076186099,22.425194742699563,0.0,0.0,0.0,0.0,0.0,0.0,1,02_14_83_2925_ego_83,1,2925,2920,2925,vehicle_vehicle,0.6054704788808625,0.02497140639653817,3.4476720368861087,3.4512454853284553,15.0,3.0,3.5,0.8,6.2876916272985275,22.6356898582747
2,86,2996,191,62.3872,-41.8532,254.9535,2.1226,4.8555,-1.7107,-7.2211,1.9913,-0.9404,7.4176,-0.2226,0.3912,-2.1671,car,83,64.6779,-52.1568,1.8171,-5.9583,6.2169,-0.3918,283.3545,6.22922076186099,22.425194742699563,-2.290699999999994,10.303599999999996,-3.5278,-1.2627999999999995,3.7470036936197433,10.555163639186267,0,02_14_83_2925_ego_83,0,2925,2920,2925,vehicle_vehicle,0.6054704788808625,0.02497140639653817,3.4476720368861087,3.4512454853284553,15.0,3.0,3.5,0.8,6.2876916272985275,22.6356898582747
2,14,2997,2997,70.1136,-37.9184,229.0992,2.5807,6.6415,-0.0,0.0,-0.0,0.0,-0.0,0.0,0.0,0.0,truck,83,64.7512,-52.3948,1.8941,-5.9474,6.2297,-0.3872,284.109,6.241729052914745,22.470224590493082,5.362400000000008,14.476399999999998,-1.8941,5.9474,6.241729052914745,15.437664678311938,0,02_14_83_2925_ego_83,1,2925,2920,2925,vehicle_vehicle,0.6054704788808625,0.02497140639653817,3.4476720368861087,3.4512454853284553,15.0,3.0,3.5,0.8,6.2876916272985275,22.6356898582747
2,76,2997,396,74.6593,-66.7211,340.1181,2.067,4.304,6.5816,-2.0487,1.1013,2.2414,6.886,-0.3117,0.2734,-2.4824,car,83,64.7512,-52.3948,1.8941,-5.9474,6.2297,-0.3872,284.109,6.241729052914745,22.470224590493082,9.908100000000005,-14.32630000000001,4.6875,3.8987,6.096926925919319,17.41876336885028,0,02_14_83_2925_ego_83,0,2925,2920,2925,vehicle_vehicle,0.6054704788808625,0.02497140639653817,3.4476720368861087,3.4512454853284553,15.0,3.0,3.5,0.8,6.2876916272985275,22.6356898582747
2,79,2997,286,52.43,-46.458,334.8696,2.301,5.8366,0.6044,-0.3236,1.0383,-0.5768,0.6846,0.0363,1.185,0.0813,van,83,64.7512,-52.3948,1.8941,-5.9474,6.2297,-0.3872,284.109,6.241729052914745,22.470224590493082,-12.321199999999997,5.936799999999998,-1.2896999999999998,5.6238,5.769787910313515,13.676898905819254,0,02_14_83_2925_ego_83,0,2925,2920,2925,vehicle_vehicle,0.6054704788808625,0.02497140639653817,3.4476720368861087,3.4512454853284553,15.0,3.0,3.5,0.8,6.2876916272985275,22.6356898582747
2,82,2997,262,63.0593,-62.1702,287.6798,2.1699,4.6403,2.1293,-6.988,-0.8744,0.0252,7.3047,0.0935,-0.2896,0.8254,car,83,64.7512,-52.3948,1.8941,-5.9474,6.2297,-0.3872,284.109,6.241729052914745,22.470224590493082,-1.6918999999999969,-9.775400000000005,0.2352000000000003,-1.0406000000000004,1.0668492864505281,9.920734386626833,0,02_14_83_2925_ego_83,0,2925,2920,2925,vehicle_vehicle,0.6054704788808625,0.02497140639653817,3.4476720368861087,3.4512454853284553,15.0,3.0,3.5,0.8,6.2876916272985275,22.6356898582747
2,83,2997,237,64.7512,-52.3948,284.109,2.1172,4.5925,1.8941,-5.9474,1.9531,0.3349,6.2297,-0.3872,0.1513,-1.9758,car,83,64.7512,-52.3948,1.8941,-5.9474,6.2297,-0.3872,284.109,6.241729052914745,22.470224590493082,0.0,0.0,0.0,0.0,0.0,0.0,1,02_14_83_2925_ego_83,1,2925,2920,2925,vehicle_vehicle,0.6054704788808625,0.02497140639653817,3.4476720368861087,3.4512454853284553,15.0,3.0,3.5,0.8,6.2876916272985275,22.6356898582747
2,86,2997,192,62.3207,-42.1425,255.6141,2.1226,4.8555,-1.6288,-7.2595,1.9988,-0.9189,7.4365,-0.2259,0.3934,-2.1644,car,83,64.7512,-52.3948,1.8941,-5.9474,6.2297,-0.3872,284.109,6.241729052914745,22.470224590493082,-2.430499999999995,10.252299999999998,-3.5229,-1.3121,3.759312546197775,10.536459820072391,0,02_14_83_2925_ego_83,0,2925,2920,2925,vehicle_vehicle,0.6054704788808625,0.02497140639653817,3.4476720368861087,3.4512454853284553,15.0,3.0,3.5,0.8,6.2876916272985275,22.6356898582747
2,14,2998,2998,70.1136,-37.9184,229.0992,2.5807,6.6415,-0.0,0.0,-0.0,0.0,-0.0,0.0,0.0,0.0,truck,83,64.8275,-52.6325,1.9716,-5.9357,6.2428,-0.3836,284.858,6.254577607640663,22.51647938750639,5.286100000000005,14.714100000000002,-1.9716,5.9357,6.254577607640663,15.634819858891886,0,02_14_83_2925_ego_83,1,2925,2920,2925,vehicle_vehicle,0.6054704788808625,0.02497140639653817,3.4476720368861087,3.4512454853284553,15.0,3.0,3.5,0.8,6.2876916272985275,22.6356898582747
2,76,2998,397,74.9231,-66.8004,340.8737,2.067,4.304,6.6266,-1.9599,1.076,2.2456,6.9029,-0.3195,0.2808,-2.4742,car,83,64.8275,-52.6325,1.9716,-5.9357,6.2428,-0.3836,284.858,6.254577607640663,22.51647938750639,10.095600000000005,-14.167899999999996,4.654999999999999,3.9757999999999996,6.121765320559095,17.396854019333496,0,02_14_83_2925_ego_83,0,2925,2920,2925,vehicle_vehicle,0.6054704788808625,0.02497140639653817,3.4476720368861087,3.4512454853284553,15.0,3.0,3.5,0.8,6.2876916272985275,22.6356898582747
2,79,2998,287,52.4545,-46.4709,334.8159,2.301,5.8366,0.6471,-0.3458,1.0839,-0.6029,0.7327,0.0376,1.2374,0.0843,van,83,64.8275,-52.6325,1.9716,-5.9357,6.2428,-0.3836,284.858,6.254577607640663,22.51647938750639,-12.372999999999998,6.1616,-1.3245,5.5899,5.744674251861458,13.822316866574862,0,02_14_83_2925_ego_83,0,2925,2920,2925,vehicle_vehicle,0.6054704788808625,0.02497140639653817,3.4476720368861087,3.4512454853284553,15.0,3.0,3.5,0.8,6.2876916272985275,22.6356898582747
2,82,2998,263,63.1439,-62.449,287.5204,2.1699,4.6403,2.0902,-6.9886,-0.9597,0.0221,7.2936,0.1107,-0.31,0.9085,car,83,64.8275,-52.6325,1.9716,-5.9357,6.2428,-0.3836,284.858,6.254577607640663,22.51647938750639,-1.6835999999999984,-9.816499999999998,0.11859999999999982,-1.0529000000000002,1.05955857318036,9.959828372517267,0,02_14_83_2925_ego_83,0,2925,2920,2925,vehicle_vehicle,0.6054704788808625,0.02497140639653817,3.4476720368861087,3.4512454853284553,15.0,3.0,3.5,0.8,6.2876916272985275,22.6356898582747
2,83,2998,238,64.8275,-52.6325,284.858,2.1172,4.5925,1.9716,-5.9357,1.957,0.3584,6.2428,-0.3836,0.1554,-1.9834,car,83,64.8275,-52.6325,1.9716,-5.9357,6.2428,-0.3836,284.858,6.254577607640663,22.51647938750639,0.0,0.0,0.0,0.0,0.0,0.0,1,02_14_83_2925_ego_83,1,2925,2920,2925,vehicle_vehicle,0.6054704788808625,0.02497140639653817,3.4476720368861087,3.4512454853284553,15.0,3.0,3.5,0.8,6.2876916272985275,22.6356898582747
2,86,2998,193,62.2569,-42.4334,256.2773,2.1226,4.8555,-1.5465,-7.2972,2.004,-0.8964,7.4557,-0.2287,0.3954,-2.1594,car,83,64.8275,-52.6325,1.9716,-5.9357,6.2428,-0.3836,284.858,6.254577607640663,22.51647938750639,-2.570599999999999,10.199100000000001,-3.5181,-1.3615000000000004,3.7723613109032916,10.518061854258132,0,02_14_83_2925_ego_83,0,2925,2920,2925,vehicle_vehicle,0.6054704788808625,0.02497140639653817,3.4476720368861087,3.4512454853284553,15.0,3.0,3.5,0.8,6.2876916272985275,22.6356898582747
2,14,2999,2999,70.1136,-37.9184,229.0992,2.5807,6.6415,-0.0,0.0,-0.0,0.0,-0.0,0.0,0.0,0.0,truck,83,64.9069,-52.8699,2.0496,-5.9229,6.256,-0.3799,285.6132,6.267503854805356,22.56301387729928,5.206700000000012,14.951500000000003,-2.0496,5.9229,6.267503854805356,15.832153269217685,0,02_14_83_2925_ego_83,1,2925,2920,2925,vehicle_vehicle,0.6054704788808625,0.02497140639653817,3.4476720368861087,3.4512454853284553,15.0,3.0,3.5,0.8,6.2876916272985275,22.6356898582747
2,76,2999,398,75.1892,-66.8762,341.6249,2.067,4.304,6.6705,-1.8713,1.0498,2.2508,6.9203,-0.3269,0.2867,-2.467,car,83,64.9069,-52.8699,2.0496,-5.9229,6.256,-0.3799,285.6132,6.267503854805356,22.56301387729928,10.282300000000006,-14.006299999999996,4.6209,4.0516000000000005,6.145582101802888,17.37533116173617,0,02_14_83_2925_ego_83,0,2925,2920,2925,vehicle_vehicle,0.6054704788808625,0.02497140639653817,3.4476720368861087,3.4512454853284553,15.0,3.0,3.5,0.8,6.2876916272985275,22.6356898582747
2,79,2999,288,52.4806,-46.4852,334.7537,2.301,5.8366,0.6919,-0.3691,1.1283,-0.6297,0.7832,0.0388,1.2891,0.0884,van,83,64.9069,-52.8699,2.0496,-5.9229,6.256,-0.3799,285.6132,6.267503854805356,22.56301387729928,-12.42629999999999,6.384700000000002,-1.3577,5.553800000000001,5.717345864122619,13.970587882404942,0,02_14_83_2925_ego_83,0,2925,2920,2925,vehicle_vehicle,0.6054704788808625,0.02497140639653817,3.4476720368861087,3.4512454853284553,15.0,3.0,3.5,0.8,6.2876916272985275,22.6356898582747
2,82,2999,264,63.2253,-62.7277,287.3438,2.1699,4.6403,2.0482,-6.9896,-1.0411,0.0207,7.2824,0.1286,-0.3301,0.9876,car,83,64.9069,-52.8699,2.0496,-5.9229,6.256,-0.3799,285.6132,6.267503854805356,22.56301387729928,-1.681599999999996,-9.857799999999997,-0.0013999999999998458,-1.0667,1.0667009187208942,10.000199968000636,0,02_14_83_2925_ego_83,0,2925,2920,2925,vehicle_vehicle,0.6054704788808625,0.02497140639653817,3.4476720368861087,3.4512454853284553,15.0,3.0,3.5,0.8,6.2876916272985275,22.6356898582747
2,83,2999,239,64.9069,-52.8699,285.6132,2.1172,4.5925,2.0496,-5.9229,1.9612,0.3835,6.256,-0.3799,0.1585,-1.9921,car,83,64.9069,-52.8699,2.0496,-5.9229,6.256,-0.3799,285.6132,6.267503854805356,22.56301387729928,0.0,0.0,0.0,0.0,0.0,0.0,1,02_14_83_2925_ego_83,1,2925,2920,2925,vehicle_vehicle,0.6054704788808625,0.02497140639653817,3.4476720368861087,3.4512454853284553,15.0,3.0,3.5,0.8,6.2876916272985275,22.6356898582747
2,86,2999,194,62.1966,-42.7261,256.9419,2.1226,4.8555,-1.464,-7.3339,2.0068,-0.8731,7.475,-0.2309,0.3971,-2.1522,car,83,64.9069,-52.8699,2.0496,-5.9229,6.256,-0.3799,285.6132,6.267503854805356,22.56301387729928,-2.7102999999999966,10.143799999999999,-3.5136,-1.4109999999999996,3.786331464623772,10.49963830472269,0,02_14_83_2925_ego_83,0,2925,2920,2925,vehicle_vehicle,0.6054704788808625,0.02497140639653817,3.4476720368861087,3.4512454853284553,15.0,3.0,3.5,0.8,6.2876916272985275,22.6356898582747
2,14,3000,3000,70.1136,-37.9184,229.0992,2.5807,6.6415,-0.0,0.0,-0.0,0.0,0.0,0.0,0.0,0.0,truck,83,64.9889,-53.107,2.1284,-5.9089,6.2692,-0.3775,286.3631,6.280540245074463,22.609944882268067,5.124700000000004,15.188600000000001,-2.1284,5.9089,6.280540245074463,16.029850905420176,0,02_14_83_2925_ego_83,1,2925,2920,2925,vehicle_vehicle,0.6054704788808625,0.02497140639653817,3.4476720368861087,3.4512454853284553,15.0,3.0,3.5,0.8,6.2876916272985275,22.6356898582747
2,76,3000,399,75.4571,-66.9496,342.3738,2.067,4.304,6.7132,-1.7823,1.0228,2.2572,6.9377,-0.3342,0.2912,-2.4609,car,83,64.9889,-53.107,2.1284,-5.9089,6.2692,-0.3775,286.3631,6.280540245074463,22.609944882268067,10.468199999999996,-13.842600000000004,4.5847999999999995,4.1266,6.168404866738239,17.35513716454007,0,02_14_83_2925_ego_83,0,2925,2920,2925,vehicle_vehicle,0.6054704788808625,0.02497140639653817,3.4476720368861087,3.4512454853284553,15.0,3.0,3.5,0.8,6.2876916272985275,22.6356898582747
2,79,3000,289,52.5091,-46.5005,334.6991,2.301,5.8366,0.7384,-0.3935,1.1712,-0.6574,0.8358,0.0402,1.3398,0.0938,van,83,64.9889,-53.107,2.1284,-5.9089,6.2692,-0.3775,286.3631,6.280540245074463,22.609944882268067,-12.479800000000004,6.606499999999997,-1.3900000000000001,5.5154,5.687858750004258,14.1205966690505,0,02_14_83_2925_ego_83,0,2925,2920,2925,vehicle_vehicle,0.6054704788808625,0.02497140639653817,3.4476720368861087,3.4512454853284553,15.0,3.0,3.5,0.8,6.2876916272985275,22.6356898582747
2,82,3000,265,63.3029,-63.0069,287.1389,2.1699,4.6403,2.0044,-6.9908,-1.1196,0.0213,7.271,0.1448,-0.3503,1.0636,car,83,64.9889,-53.107,2.1284,-5.9089,6.2692,-0.3775,286.3631,6.280540245074463,22.609944882268067,-1.686,-9.899900000000002,-0.12400000000000011,-1.0819,1.0889828327388822,10.042440739680771,0,02_14_83_2925_ego_83,0,2925,2920,2925,vehicle_vehicle,0.6054704788808625,0.02497140639653817,3.4476720368861087,3.4512454853284553,15.0,3.0,3.5,0.8,6.2876916272985275,22.6356898582747
2,83,3000,240,64.9889,-53.107,286.3631,2.1172,4.5925,2.1284,-5.9089,1.9654,0.4101,6.2692,-0.3775,0.1603,-2.0014,car,83,64.9889,-53.107,2.1284,-5.9089,6.2692,-0.3775,286.3631,6.280540245074463,22.609944882268067,0.0,0.0,0.0,0.0,0.0,0.0,1,02_14_83_2925_ego_83,1,2925,2920,2925,vehicle_vehicle,0.6054704788808625,0.02497140639653817,3.4476720368861087,3.4512454853284553,15.0,3.0,3.5,0.8,6.2876916272985275,22.6356898582747
2,86,3000,195,62.1401,-43.0201,257.6086,2.1226,4.8555,-1.3815,-7.3697,2.0074,-0.8488,7.4945,-0.2321,0.3983,-2.1428,car,83,64.9889,-53.107,2.1284,-5.9089,6.2692,-0.3775,286.3631,6.280540245074463,22.609944882268067,-2.848800000000004,10.0869,-3.5099,-1.4607999999999999,3.801754154334549,10.481469985169065,0,02_14_83_2925_ego_83,0,2925,2920,2925,vehicle_vehicle,0.6054704788808625,0.02497140639653817,3.4476720368861087,3.4512454853284553,15.0,3.0,3.5,0.8,6.2876916272985275,22.6356898582747
