recordingId,trackId,frame,trackLifetime,xCenter,yCenter,heading,width,length,xVelocity,yVelocity,xAcceleration,yAcceleration,lonVelocity,latVelocity,lonAcceleration,latAcceleration,class,egoTrackId,ego_xCenter,ego_yCenter,ego_xVelocity,ego_yVelocity,ego_lonVelocity,ego_latVelocity,ego_heading,ego_speed_mps,ego_speed_kph,rel_x_to_ego,rel_y_to_ego,rel_vx_to_ego,rel_vy_to_ego,rel_speed_to_ego,distance_to_ego,is_ego,event_id,is_primary_actor,event_peak_frame,event_start_frame,event_end_frame,pair_type,risk_score_peak,event_min_ttc,event_min_dcpa,event_min_distance,dist_threshold_used,ttc_threshold_used,dcpa_threshold_used,min_rel_speed_threshold_used,ego_speed_mps_peak,ego_speed_kph_peak
2,119,4474,88,55.5628,-49.1154,322.7882,2.3818,5.5901,6.5787,-5.7153,-2.3126,-1.5875,8.6957,0.5731,-0.8817,2.6628,car,122,,,,,,,,,,,,,,,,0,02_120_122_4549_ego_122,0,4549,4549,4556,vehicle_vehicle,0.2635826623960191,1.6806759132772684,2.439569178662209,12.728183161787078,15.0,3.0,3.5,0.8,0.02428373941550189,0.0874214618958068
2,120,4474,82,51.3899,-46.1829,330.3537,2.3512,3.4074,7.4354,-4.4793,-1.8982,-1.3587,8.6778,0.2151,-0.9776,2.1198,trailer,122,,,,,,,,,,,,,,,,0,02_120_122_4549_ego_122,1,4549,4549,4556,vehicle_vehicle,0.2635826623960191,1.6806759132772684,2.439569178662209,12.728183161787078,15.0,3.0,3.5,0.8,0.02428373941550189,0.0874214618958068
2,119,4475,89,55.8252,-49.3449,322.054,2.3818,5.5901,6.4829,-5.7841,-2.296,-1.5551,8.6691,0.5748,-0.8544,2.6382,car,122,,,,,,,,,,,,,,,,0,02_120_122_4549_ego_122,0,4549,4549,4556,vehicle_vehicle,0.2635826623960191,1.6806759132772684,2.439569178662209,12.728183161787078,15.0,3.0,3.5,0.8,0.02428373941550189,0.0874214618958068
2,120,4475,83,51.6844,-46.3625,329.6037,2.3512,3.4074,7.3597,-4.5334,-1.9096,-1.3737,8.6419,0.1864,-0.9521,2.1511,trailer,122,,,,,,,,,,,,,,,,0,02_120_122_4549_ego_122,1,4549,4549,4556,vehicle_vehicle,0.2635826623960191,1.6806759132772684,2.439569178662209,12.728183161787078,15.0,3.0,3.5,0.8,0.02428373941550189,0.0874214618958068
2,119,4476,90,56.0842,-49.5776,321.3172,2.3818,5.5901,6.3871,-5.8515,-2.2758,-1.5175,8.6431,0.5758,-0.8281,2.607,car,122,,,,,,,,,,,,,,,,0,02_120_122_4549_ego_122,0,4549,4549,4556,vehicle_vehicle,0.2635826623960191,1.6806759132772684,2.439569178662209,12.728183161787078,15.0,3.0,3.5,0.8,0.02428373941550189,0.0874214618958068
2,120,4476,84,51.9767,-46.5444,328.8166,2.3512,3.4074,7.2838,-4.5882,-1.9213,-1.3889,8.6071,0.1539,-0.9246,2.1831,trailer,122,,,,,,,,,,,,,,,,0,02_120_122_4549_ego_122,1,4549,4549,4556,vehicle_vehicle,0.2635826623960191,1.6806759132772684,2.439569178662209,12.728183161787078,15.0,3.0,3.5,0.8,0.02428373941550189,0.0874214618958068
2,119,4477,91,56.3391,-49.8123,320.5843,2.3818,5.5901,6.2916,-5.9177,-2.2515,-1.4745,8.618,0.5769,-0.8032,2.5687,car,122,,,,,,,,,,,,,,,,0,02_120_122_4549_ego_122,0,4549,4549,4556,vehicle_vehicle,0.2635826623960191,1.6806759132772684,2.439569178662209,12.728183161787078,15.0,3.0,3.5,0.8,0.02428373941550189,0.0874214618958068
2,120,4477,85,52.2674,-46.728,328.0331,2.3512,3.4074,7.207,-4.6441,-1.9333,-1.404,8.5728,0.1242,-0.8968,2.2147,trailer,122,,,,,,,,,,,,,,,,0,02_120_122_4549_ego_122,1,4549,4549,4556,vehicle_vehicle,0.2635826623960191,1.6806759132772684,2.439569178662209,12.728183161787078,15.0,3.0,3.5,0.8,0.02428373941550189,0.0874214618958068
2,119,4478,92,56.5896,-50.0506,319.8273,2.3818,5.5901,6.1969,-5.982,-2.2226,-1.4261,8.594,0.5733,-0.7783,2.5234,car,122,,,,,,,,,,,,,,,,0,02_120_122_4549_ego_122,0,4549,4549,4556,vehicle_vehicle,0.2635826623960191,1.6806759132772684,2.439569178662209,12.728183161787078,15.0,3.0,3.5,0.8,0.02428373941550189,0.0874214618958068
2,120,4478,86,52.5554,-46.9139,327.2763,2.3512,3.4074,7.1293,-4.701,-1.9452,-1.4186,8.5391,0.1009,-0.8696,2.245,trailer,122,,,,,,,,,,,,,,,,0,02_120_122_4549_ego_122,1,4549,4549,4556,vehicle_vehicle,0.2635826623960191,1.6806759132772684,2.439569178662209,12.728183161787078,15.0,3.0,3.5,0.8,0.02428373941550189,0.0874214618958068
2,119,4479,93,56.8346,-50.2911,319.0685,2.3818,5.5901,6.1038,-6.0443,-2.1892,-1.3724,8.5713,0.5675,-0.7548,2.4711,car,122,,,,,,,,,,,,,,,,0,02_120_122_4549_ego_122,0,4549,4549,4556,vehicle_vehicle,0.2635826623960191,1.6806759132772684,2.439569178662209,12.728183161787078,15.0,3.0,3.5,0.8,0.02428373941550189,0.0874214618958068
2,120,4479,87,52.8416,-47.1025,326.5022,2.3512,3.4074,7.05,-4.7587,-1.9561,-1.4324,8.5054,0.0773,-0.8406,2.274,trailer,122,,,,,,,,,,,,,,,,0,02_120_122_4549_ego_122,1,4549,4549,4556,vehicle_vehicle,0.2635826623960191,1.6806759132772684,2.439569178662209,12.728183161787078,15.0,3.0,3.5,0.8,0.02428373941550189,0.0874214618958068
2,119,4480,94,57.0769,-50.5359,318.3026,2.3818,5.5901,6.012,-6.1037,-2.1516,-1.3138,8.5491,0.5583,-0.7326,2.4122,car,122,,,,,,,,,,,,,,,,0,02_120_122_4549_ego_122,0,4549,4549,4556,vehicle_vehicle,0.2635826623960191,1.6806759132772684,2.439569178662209,12.728183161787078,15.0,3.0,3.5,0.8,0.02428373941550189,0.0874214618958068
2,120,4480,88,53.1194,-47.2926,325.7879,2.3512,3.4074,6.9713,-4.8175,-1.966,-1.4449,8.4737,0.0642,-0.8134,2.3003,trailer,122,,,,,,,,,,,,,,,,0,02_120_122_4549_ego_122,1,4549,4549,4556,vehicle_vehicle,0.2635826623960191,1.6806759132772684,2.439569178662209,12.728183161787078,15.0,3.0,3.5,0.8,0.02428373941550189,0.0874214618958068
2,119,4481,95,57.3154,-50.7829,317.5367,2.3818,5.5901,5.9219,-6.16,-2.1099,-1.2511,8.5274,0.5464,-0.7119,2.3474,car,122,,,,,,,,,,,,,,,,0,02_120_122_4549_ego_122,0,4549,4549,4556,vehicle_vehicle,0.2635826623960191,1.6806759132772684,2.439569178662209,12.728183161787078,15.0,3.0,3.5,0.8,0.02428373941550189,0.0874214618958068
2,120,4481,89,53.3967,-47.4851,325.0261,2.3512,3.4074,6.8923,-4.8773,-1.9755,-1.4557,8.4433,0.0458,-0.7844,2.3252,trailer,122,,,,,,,,,,,,,,,,0,02_120_122_4549_ego_122,1,4549,4549,4556,vehicle_vehicle,0.2635826623960191,1.6806759132772684,2.439569178662209,12.728183161787078,15.0,3.0,3.5,0.8,0.02428373941550189,0.0874214618958068
2,119,4482,96,57.5504,-51.0319,316.7873,2.3818,5.5901,5.8335,-6.2132,-2.0641,-1.1849,8.5058,0.5341,-0.6931,2.2769,car,122,,,,,,,,,,,,,,,,0,02_120_122_4549_ego_122,0,4549,4549,4556,vehicle_vehicle,0.2635826623960191,1.6806759132772684,2.439569178662209,12.728183161787078,15.0,3.0,3.5,0.8,0.02428373941550189,0.0874214618958068
2,120,4482,90,53.6721,-47.6805,324.2982,2.3512,3.4074,6.8124,-4.9379,-1.9844,-1.4643,8.4137,0.0344,-0.757,2.3471,trailer,122,,,,,,,,,,,,,,,,0,02_120_122_4549_ego_122,1,4549,4549,4556,vehicle_vehicle,0.2635826623960191,1.6806759132772684,2.439569178662209,12.728183161787078,15.0,3.0,3.5,0.8,0.02428373941550189,0.0874214618958068
2,119,4483,97,57.7821,-51.2833,316.0468,2.3818,5.5901,5.7469,-6.263,-2.0144,-1.116,8.4842,0.52,-0.6756,2.2015,car,122,,,,,,,,,,,,,,,,0,02_120_122_4549_ego_122,0,4549,4549,4556,vehicle_vehicle,0.2635826623960191,1.6806759132772684,2.439569178662209,12.728183161787078,15.0,3.0,3.5,0.8,0.02428373941550189,0.0874214618958068
2,120,4483,91,53.9453,-47.8778,323.5977,2.3512,3.4074,6.7311,-4.9994,-1.9919,-1.4702,8.3846,0.0293,-0.7308,2.3654,trailer,122,,,,,,,,,,,,,,,,0,02_120_122_4549_ego_122,1,4549,4549,4556,vehicle_vehicle,0.2635826623960191,1.6806759132772684,2.439569178662209,12.728183161787078,15.0,3.0,3.5,0.8,0.02428373941550189,0.0874214618958068
2,119,4484,98,58.0103,-51.5365,315.3191,2.3818,5.5901,5.6623,-6.3093,-1.9606,-1.045,8.4625,0.5046,-0.6593,2.1216,car,122,,,,,,,,,,,,,,,,0,02_120_122_4549_ego_122,0,4549,4549,4556,vehicle_vehicle,0.2635826623960191,1.6806759132772684,2.439569178662209,12.728183161787078,15.0,3.0,3.5,0.8,0.02428373941550189,0.0874214618958068
2,120,4484,92,54.2163,-48.0781,322.9106,2.3512,3.4074,6.6483,-5.0615,-1.9969,-1.473,8.3557,0.0282,-0.7046,2.3792,trailer,122,,,,,,,,,,,,,,,,0,02_120_122_4549_ego_122,1,4549,4549,4556,vehicle_vehicle,0.2635826623960191,1.6806759132772684,2.439569178662209,12.728183161787078,15.0,3.0,3.5,0.8,0.02428373941550189,0.0874214618958068
2,119,4485,99,58.2348,-51.7905,314.6059,2.3818,5.5901,5.58,-6.3525,-1.9029,-0.9725,8.4411,0.4881,-0.6439,2.0377,car,122,,,,,,,,,,,,,,,,0,02_120_122_4549_ego_122,0,4549,4549,4556,vehicle_vehicle,0.2635826623960191,1.6806759132772684,2.439569178662209,12.728183161787078,15.0,3.0,3.5,0.8,0.02428373941550189,0.0874214618958068
2,120,4485,93,54.486,-48.2819,322.2371,2.3512,3.4074,6.5631,-5.1236,-1.9976,-1.4725,8.3261,0.0313,-0.6775,2.3874,trailer,122,,,,,,,,,,,,,,,,0,02_120_122_4549_ego_122,1,4549,4549,4556,vehicle_vehicle,0.2635826623960191,1.6806759132772684,2.439569178662209,12.728183161787078,15.0,3.0,3.5,0.8,0.02428373941550189,0.0874214618958068
2,119,4486,100,58.4551,-52.0456,313.918,2.3818,5.5901,5.5006,-6.3926,-1.8417,-0.8987,8.4202,0.4718,-0.6301,1.95,car,122,,,,,,,,,,,,,,,,0,02_120_122_4549_ego_122,0,4549,4549,4556,vehicle_vehicle,0.2635826623960191,1.6806759132772684,2.439569178662209,12.728183161787078,15.0,3.0,3.5,0.8,0.02428373941550189,0.0874214618958068
2,120,4486,94,54.7529,-48.4885,321.5377,2.3512,3.4074,6.4754,-5.1855,-1.9918,-1.4689,8.2958,0.0326,-0.646,2.3891,trailer,122,,,,,,,,,,,,,,,,0,02_120_122_4549_ego_122,1,4549,4549,4556,vehicle_vehicle,0.2635826623960191,1.6806759132772684,2.439569178662209,12.728183161787078,15.0,3.0,3.5,0.8,0.02428373941550189,0.0874214618958068
2,119,4487,101,58.6749,-52.3045,313.2487,2.3818,5.5901,5.4232,-6.4288,-1.7769,-0.8241,8.3985,0.4546,-0.6172,1.859,car,122,,,,,,,,,,,,,,,,0,02_120_122_4549_ego_122,0,4549,4549,4556,vehicle_vehicle,0.2635826623960191,1.6806759132772684,2.439569178662209,12.728183161787078,15.0,3.0,3.5,0.8,0.02428373941550189,0.0874214618958068
2,120,4487,95,55.0063,-48.6959,320.7499,2.3512,3.4074,6.3896,-5.2478,-1.9791,-1.4621,8.2684,0.0211,-0.6075,2.3844,trailer,122,,,,,,,,,,,,,,,,0,02_120_122_4549_ego_122,1,4549,4549,4556,vehicle_vehicle,0.2635826623960191,1.6806759132772684,2.439569178662209,12.728183161787078,15.0,3.0,3.5,0.8,0.02428373941550189,0.0874214618958068
2,119,4488,102,58.8913,-52.5637,312.6136,2.3818,5.5901,5.348,-6.4615,-1.7082,-0.7496,8.3761,0.439,-0.6049,1.7646,car,122,,,,,,,,,,,,,,,,0,02_120_122_4549_ego_122,0,4549,4549,4556,vehicle_vehicle,0.2635826623960191,1.6806759132772684,2.439569178662209,12.728183161787078,15.0,3.0,3.5,0.8,0.02428373941550189,0.0874214618958068
2,120,4488,96,55.255,-48.9054,319.9368,2.3512,3.4074,6.3065,-5.3104,-1.9613,-1.4515,8.2445,0.0052,-0.5668,2.3732,trailer,122,,,,,,,,,,,,,,,,0,02_120_122_4549_ego_122,1,4549,4549,4556,vehicle_vehicle,0.2635826623960191,1.6806759132772684,2.439569178662209,12.728183161787078,15.0,3.0,3.5,0.8,0.02428373941550189,0.0874214618958068
2,119,4489,103,59.1044,-52.8237,312.0128,2.3818,5.5901,5.2753,-6.4909,-1.6352,-0.6755,8.3534,0.4248,-0.5925,1.6671,car,122,,,,,,,,,,,,,,,,0,02_120_122_4549_ego_122,0,4549,4549,4556,vehicle_vehicle,0.2635826623960191,1.6806759132772684,2.439569178662209,12.728183161787078,15.0,3.0,3.5,0.8,0.02428373941550189,0.0874214618958068
2,120,4489,97,55.5008,-49.1179,319.1357,2.3512,3.4074,6.226,-5.373,-1.9405,-1.4365,8.2239,-0.0101,-0.5277,2.356,trailer,122,,,,,,,,,,,,,,,,0,02_120_122_4549_ego_122,1,4549,4549,4556,vehicle_vehicle,0.2635826623960191,1.6806759132772684,2.439569178662209,12.728183161787078,15.0,3.0,3.5,0.8,0.02428373941550189,0.0874214618958068
2,119,4490,104,59.3141,-53.0836,311.4454,2.3818,5.5901,5.2056,-6.5173,-1.5579,-0.602,8.3309,0.4118,-0.5799,1.5662,car,122,,,,,,,,,,,,,,,,0,02_120_122_4549_ego_122,0,4549,4549,4556,vehicle_vehicle,0.2635826623960191,1.6806759132772684,2.439569178662209,12.728183161787078,15.0,3.0,3.5,0.8,0.02428373941550189,0.0874214618958068
2,120,4490,98,55.7453,-49.3332,318.304,2.3512,3.4074,6.1475,-5.4354,-1.9183,-1.4168,8.2058,-0.0307,-0.4899,2.3339,trailer,122,,,,,,,,,,,,,,,,0,02_120_122_4549_ego_122,1,4549,4549,4556,vehicle_vehicle,0.2635826623960191,1.6806759132772684,2.439569178662209,12.728183161787078,15.0,3.0,3.5,0.8,0.02428373941550189,0.0874214618958068
2,119,4491,105,59.5202,-53.3451,310.913,2.3818,5.5901,5.1392,-6.5407,-1.4764,-0.5291,8.3086,0.3999,-0.567,1.4622,car,122,,,,,,,,,,,,,,,,0,02_120_122_4549_ego_122,0,4549,4549,4556,vehicle_vehicle,0.2635826623960191,1.6806759132772684,2.439569178662209,12.728183161787078,15.0,3.0,3.5,0.8,0.02428373941550189,0.0874214618958068
2,120,4491,99,55.9879,-49.5509,317.4538,2.3512,3.4074,6.0707,-5.4972,-1.8955,-1.392,8.1896,-0.0549,-0.4552,2.3073,trailer,122,,,,,,,,,,,,,,,,0,02_120_122_4549_ego_122,1,4549,4549,4556,vehicle_vehicle,0.2635826623960191,1.6806759132772684,2.439569178662209,12.728183161787078,15.0,3.0,3.5,0.8,0.02428373941550189,0.0874214618958068
2,119,4492,106,59.7236,-53.6073,310.406,2.3818,5.5901,5.0766,-6.5611,-1.3911,-0.457,8.2868,0.3873,-0.5537,1.3555,car,122,,,,,,,,,,,,,,,,0,02_120_122_4549_ego_122,0,4549,4549,4556,vehicle_vehicle,0.2635826623960191,1.6806759132772684,2.439569178662209,12.728183161787078,15.0,3.0,3.5,0.8,0.02428373941550189,0.0874214618958068
2,120,4492,100,56.2284,-49.7717,316.6094,2.3512,3.4074,5.995,-5.5582,-1.8729,-1.362,8.1748,-0.0793,-0.4253,2.2764,trailer,122,,,,,,,,,,,,,,,,0,02_120_122_4549_ego_122,1,4549,4549,4556,vehicle_vehicle,0.2635826623960191,1.6806759132772684,2.439569178662209,12.728183161787078,15.0,3.0,3.5,0.8,0.02428373941550189,0.0874214618958068
2,119,4493,107,59.9242,-53.87,309.9222,2.3818,5.5901,5.0179,-6.5787,-1.3025,-0.3855,8.2655,0.3736,-0.5402,1.2463,car,122,,,,,,,,,,,,,,,,0,02_120_122_4549_ego_122,0,4549,4549,4556,vehicle_vehicle,0.2635826623960191,1.6806759132772684,2.439569178662209,12.728183161787078,15.0,3.0,3.5,0.8,0.02428373941550189,0.0874214618958068
2,120,4493,101,56.4674,-49.9957,315.7861,2.3512,3.4074,5.92,-5.6178,-1.8502,-1.3269,8.1606,-0.1018,-0.4009,2.2412,trailer,122,,,,,,,,,,,,,,,,0,02_120_122_4549_ego_122,1,4549,4549,4556,vehicle_vehicle,0.2635826623960191,1.6806759132772684,2.439569178662209,12.728183161787078,15.0,3.0,3.5,0.8,0.02428373941550189,0.0874214618958068
2,119,4494,108,60.1225,-54.1335,309.4647,2.3818,5.5901,4.9633,-6.5935,-1.2111,-0.3148,8.2449,0.3591,-0.5267,1.135,car,122,,,,,,,,,,,,,,,,0,02_120_122_4549_ego_122,0,4549,4549,4556,vehicle_vehicle,0.2635826623960191,1.6806759132772684,2.439569178662209,12.728183161787078,15.0,3.0,3.5,0.8,0.02428373941550189,0.0874214618958068
2,120,4494,102,56.7038,-50.2236,315.0048,2.3512,3.4074,5.8455,-5.675,-1.8272,-1.287,8.1463,-0.1198,-0.3822,2.2021,trailer,122,,,,,,,,,,,,,,,,0,02_120_122_4549_ego_122,1,4549,4549,4556,vehicle_vehicle,0.2635826623960191,1.6806759132772684,2.439569178662209,12.728183161787078,15.0,3.0,3.5,0.8,0.02428373941550189,0.0874214618958068
2,119,4495,109,60.319,-54.398,309.0397,2.3818,5.5901,4.9127,-6.6051,-1.1173,-0.2448,8.2246,0.3445,-0.5136,1.0221,car,122,,,,,,,,,,,,,,,,0,02_120_122_4549_ego_122,0,4549,4549,4556,vehicle_vehicle,0.2635826623960191,1.6806759132772684,2.439569178662209,12.728183161787078,15.0,3.0,3.5,0.8,0.02428373941550189,0.0874214618958068
2,120,4495,103,56.9378,-50.4533,314.2559,2.3512,3.4074,5.7712,-5.7301,-1.8034,-1.2434,8.1316,-0.1347,-0.368,2.1594,trailer,122,,,,,,,,,,,,,,,,0,02_120_122_4549_ego_122,1,4549,4549,4556,vehicle_vehicle,0.2635826623960191,1.6806759132772684,2.439569178662209,12.728183161787078,15.0,3.0,3.5,0.8,0.02428373941550189,0.0874214618958068
2,119,4496,110,60.5134,-54.6625,308.6396,2.3818,5.5901,4.8665,-6.614,-1.0218,-0.1758,8.2048,0.3288,-0.5007,0.9079,car,122,,,,,,,,,,,,,,,,0,02_120_122_4549_ego_122,0,4549,4549,4556,vehicle_vehicle,0.2635826623960191,1.6806759132772684,2.439569178662209,12.728183161787078,15.0,3.0,3.5,0.8,0.02428373941550189,0.0874214618958068
2,120,4496,104,57.1699,-50.6846,313.6244,2.3512,3.4074,5.6968,-5.7829,-1.7779,-1.1964,8.1165,-0.134,-0.3606,2.1124,trailer,122,,,,,,,,,,,,,,,,0,02_120_122_4549_ego_122,1,4549,4549,4556,vehicle_vehicle,0.2635826623960191,1.6806759132772684,2.439569178662209,12.728183161787078,15.0,3.0,3.5,0.8,0.02428373941550189,0.0874214618958068
2,119,4497,111,60.7067,-54.9273,308.2872,2.3818,5.5901,4.8242,-6.62,-0.9247,-0.1078,8.1852,0.3152,-0.4883,0.7926,car,122,,,,,,,,,,,,,,,,0,02_120_122_4549_ego_122,0,4549,4549,4556,vehicle_vehicle,0.2635826623960191,1.6806759132772684,2.439569178662209,12.728183161787078,15.0,3.0,3.5,0.8,0.02428373941550189,0.0874214618958068
2,120,4497,105,57.4004,-50.9181,313.0398,2.3512,3.4074,5.6218,-5.8334,-1.7493,-1.1465,8.1004,-0.1276,-0.3559,2.061,trailer,122,,,,,,,,,,,,,,,,0,02_120_122_4549_ego_122,1,4549,4549,4556,vehicle_vehicle,0.2635826623960191,1.6806759132772684,2.439569178662209,12.728183161787078,15.0,3.0,3.5,0.8,0.02428373941550189,0.0874214618958068
2,119,4498,112,60.8982,-55.1919,307.9632,2.3818,5.5901,4.7861,-6.6235,-0.8265,-0.0407,8.1662,0.301,-0.4763,0.6766,car,122,,,,,,,,,,,,,,,,0,02_120_122_4549_ego_122,0,4549,4549,4556,vehicle_vehicle,0.2635826623960191,1.6806759132772684,2.439569178662209,12.728183161787078,15.0,3.0,3.5,0.8,0.02428373941550189,0.0874214618958068
2,120,4498,106,57.6271,-51.1532,312.4515,2.3512,3.4074,5.5467,-5.8815,-1.7161,-1.0942,8.0835,-0.1228,-0.351,2.0048,trailer,122,,,,,,,,,,,,,,,,0,02_120_122_4549_ego_122,1,4549,4549,4556,vehicle_vehicle,0.2635826623960191,1.6806759132772684,2.439569178662209,12.728183161787078,15.0,3.0,3.5,0.8,0.02428373941550189,0.0874214618958068
2,119,4499,113,61.0881,-55.4565,307.6742,2.3818,5.5901,4.7524,-6.6244,-0.7273,0.0256,8.1477,0.2871,-0.4648,0.56,car,122,,,,,,,,,,,,,,,,0,02_120_122_4549_ego_122,0,4549,4549,4556,vehicle_vehicle,0.2635826623960191,1.6806759132772684,2.439569178662209,12.728183161787078,15.0,3.0,3.5,0.8,0.02428373941550189,0.0874214618958068
2,120,4499,107,57.8513,-51.3893,311.8601,2.3512,3.4074,5.4714,-5.9276,-1.6771,-1.0396,8.0659,-0.1194,-0.3449,1.9428,trailer,122,,,,,,,,,,,,,,,,0,02_120_122_4549_ego_122,1,4549,4549,4556,vehicle_vehicle,0.2635826623960191,1.6806759132772684,2.439569178662209,12.728183161787078,15.0,3.0,3.5,0.8,0.02428373941550189,0.0874214618958068
2,119,4500,114,61.2772,-55.7205,307.4082,2.3818,5.5901,4.7227,-6.623,-0.6275,0.0914,8.1298,0.272,-0.4538,0.4429,car,122,,,,,,,,,,,,,,,,0,02_120_122_4549_ego_122,0,4549,4549,4556,vehicle_vehicle,0.2635826623960191,1.6806759132772684,2.439569178662209,12.728183161787078,15.0,3.0,3.5,0.8,0.02428373941550189,0.0874214618958068
2,120,4500,108,58.067,-51.6279,311.2425,2.3512,3.4074,5.3984,-5.9711,-1.6317,-0.9828,8.0487,-0.1227,-0.3367,1.8749,trailer,122,,,,,,,,,,,,,,,,0,02_120_122_4549_ego_122,1,4549,4549,4556,vehicle_vehicle,0.2635826623960191,1.6806759132772684,2.439569178662209,12.728183161787078,15.0,3.0,3.5,0.8,0.02428373941550189,0.0874214618958068
2,119,4501,115,61.4651,-55.9844,307.1829,2.3818,5.5901,4.6972,-6.6193,-0.5272,0.157,8.1125,0.2581,-0.4437,0.3251,car,122,,,,,,,,,,,,,,,,0,02_120_122_4549_ego_122,0,4549,4549,4556,vehicle_vehicle,0.2635826623960191,1.6806759132772684,2.439569178662209,12.728183161787078,15.0,3.0,3.5,0.8,0.02428373941550189,0.0874214618958068
2,120,4501,109,58.2807,-51.8682,310.6538,2.3512,3.4074,5.3276,-6.0122,-1.5807,-0.9242,8.0321,-0.1249,-0.3286,1.8013,trailer,122,,,,,,,,,,,,,,,,0,02_120_122_4549_ego_122,1,4549,4549,4556,vehicle_vehicle,0.2635826623960191,1.6806759132772684,2.439569178662209,12.728183161787078,15.0,3.0,3.5,0.8,0.02428373941550189,0.0874214618958068
2,119,4502,116,61.652,-56.2482,306.9924,2.3818,5.5901,4.676,-6.6134,-0.4267,0.2228,8.0959,0.2446,-0.4347,0.2067,car,122,,,,,,,,,,,,,,,,0,02_120_122_4549_ego_122,0,4549,4549,4556,vehicle_vehicle,0.2635826623960191,1.6806759132772684,2.439569178662209,12.728183161787078,15.0,3.0,3.5,0.8,0.02428373941550189,0.0874214618958068
2,120,4502,110,58.4913,-52.1092,310.0941,2.3512,3.4074,5.2593,-6.051,-1.5243,-0.8638,8.0162,-0.1262,-0.3209,1.7224,trailer,122,,,,,,,,,,,,,,,,0,02_120_122_4549_ego_122,1,4549,4549,4556,vehicle_vehicle,0.2635826623960191,1.6806759132772684,2.439569178662209,12.728183161787078,15.0,3.0,3.5,0.8,0.02428373941550189,0.0874214618958068
2,119,4503,117,61.8371,-56.5126,306.8367,2.3818,5.5901,4.6594,-6.6049,-0.3263,0.289,8.0797,0.2307,-0.4269,0.0879,car,122,,,,,,,,,,,,,,,,0,02_120_122_4549_ego_122,0,4549,4549,4556,vehicle_vehicle,0.2635826623960191,1.6806759132772684,2.439569178662209,12.728183161787078,15.0,3.0,3.5,0.8,0.02428373941550189,0.0874214618958068
2,120,4503,111,58.6987,-52.3526,309.5581,2.3512,3.4074,5.194,-6.0872,-1.4633,-0.8017,8.0009,-0.1278,-0.3138,1.6387,trailer,122,,,,,,,,,,,,,,,,0,02_120_122_4549_ego_122,1,4549,4549,4556,vehicle_vehicle,0.2635826623960191,1.6806759132772684,2.439569178662209,12.728183161787078,15.0,3.0,3.5,0.8,0.02428373941550189,0.0874214618958068
2,119,4504,118,62.0221,-56.7768,306.7069,2.3818,5.5901,4.6473,-6.5936,-0.2267,0.3555,8.0639,0.2154,-0.4204,-0.0308,car,122,,,,,,,,,,,,,,,,0,02_120_122_4549_ego_122,0,4549,4549,4556,vehicle_vehicle,0.2635826623960191,1.6806759132772684,2.439569178662209,12.728183161787078,15.0,3.0,3.5,0.8,0.02428373941550189,0.0874214618958068
2,120,4504,112,58.9037,-52.5972,309.0465,2.3512,3.4074,5.1317,-6.1206,-1.3982,-0.7381,7.9862,-0.1298,-0.3076,1.5508,trailer,122,,,,,,,,,,,,,,,,0,02_120_122_4549_ego_122,1,4549,4549,4556,vehicle_vehicle,0.2635826623960191,1.6806759132772684,2.439569178662209,12.728183161787078,15.0,3.0,3.5,0.8,0.02428373941550189,0.0874214618958068
2,119,4505,119,62.2069,-57.0403,306.6114,2.3818,5.5901,4.6396,-6.5796,-0.1281,0.4222,8.0484,0.1998,-0.4153,-0.1489,car,122,,,,,,,,,,,,,,,,0,02_120_122_4549_ego_122,0,4549,4549,4556,vehicle_vehicle,0.2635826623960191,1.6806759132772684,2.439569178662209,12.728183161787078,15.0,3.0,3.5,0.8,0.02428373941550189,0.0874214618958068
2,120,4505,113,59.1062,-52.8432,308.5808,2.3512,3.4074,5.0727,-6.1513,-1.3297,-0.6732,7.9721,-0.1295,-0.3029,1.4593,trailer,122,,,,,,,,,,,,,,,,0,02_120_122_4549_ego_122,1,4549,4549,4556,vehicle_vehicle,0.2635826623960191,1.6806759132772684,2.439569178662209,12.728183161787078,15.0,3.0,3.5,0.8,0.02428373941550189,0.0874214618958068
2,119,4506,120,62.3919,-57.3029,306.5499,2.3818,5.5901,4.636,-6.5631,-0.031,0.4892,8.0332,0.1842,-0.4115,-0.2664,car,122,,,,,,,,,,,,,,,,0,02_120_122_4549_ego_122,0,4549,4549,4556,vehicle_vehicle,0.2635826623960191,1.6806759132772684,2.439569178662209,12.728183161787078,15.0,3.0,3.5,0.8,0.02428373941550189,0.0874214618958068
2,120,4506,114,59.3064,-53.0904,308.165,2.3512,3.4074,5.0172,-6.1791,-1.2585,-0.6073,7.9585,-0.1264,-0.3002,1.3647,trailer,122,,,,,,,,,,,,,,,,0,02_120_122_4549_ego_122,1,4549,4549,4556,vehicle_vehicle,0.2635826623960191,1.6806759132772684,2.439569178662209,12.728183161787078,15.0,3.0,3.5,0.8,0.02428373941550189,0.0874214618958068
2,119,4507,121,62.5772,-57.565,306.5124,2.3818,5.5901,4.6362,-6.5438,0.0645,0.5566,8.018,0.1673,-0.4089,-0.383,car,122,,,,,,,,,,,,,,,,0,02_120_122_4549_ego_122,0,4549,4549,4556,vehicle_vehicle,0.2635826623960191,1.6806759132772684,2.439569178662209,12.728183161787078,15.0,3.0,3.5,0.8,0.02428373941550189,0.0874214618958068
2,120,4507,115,59.5051,-53.3391,307.7879,2.3512,3.4074,4.9648,-6.2039,-1.1851,-0.5407,7.945,-0.1222,-0.2989,1.2678,trailer,122,,,,,,,,,,,,,,,,0,02_120_122_4549_ego_122,1,4549,4549,4556,vehicle_vehicle,0.2635826623960191,1.6806759132772684,2.439569178662209,12.728183161787078,15.0,3.0,3.5,0.8,0.02428373941550189,0.0874214618958068
2,119,4508,122,62.761,-57.8272,306.5085,2.3818,5.5901,4.6411,-6.5216,0.1582,0.6241,8.003,0.1496,-0.4075,-0.4985,car,122,75.9208,-75.7191,0.9754,1.0022,1.3823,0.2125,54.5147,1.39850277082314,5.0346099749633035,-13.159799999999997,17.8919,3.6656999999999997,-7.5238000000000005,8.369284493312437,22.210367436177187,0,02_120_122_4549_ego_122,0,4549,4549,4556,vehicle_vehicle,0.2635826623960191,1.6806759132772684,2.439569178662209,12.728183161787078,15.0,3.0,3.5,0.8,0.02428373941550189,0.0874214618958068
2,120,4508,116,59.7014,-53.5884,307.4125,2.3512,3.4074,4.9159,-6.2258,-1.1099,-0.4737,7.9317,-0.1222,-0.2981,1.1694,trailer,122,75.9208,-75.7191,0.9754,1.0022,1.3823,0.2125,54.5147,1.39850277082314,5.0346099749633035,-16.2194,22.130699999999997,3.9404999999999997,-7.228,8.232346217816644,27.43787198107754,0,02_120_122_4549_ego_122,1,4549,4549,4556,vehicle_vehicle,0.2635826623960191,1.6806759132772684,2.439569178662209,12.728183161787078,15.0,3.0,3.5,0.8,0.02428373941550189,0.0874214618958068
2,122,4508,0,75.9208,-75.7191,54.5147,2.1253,4.7703,0.9754,1.0022,-0.6693,-0.6248,1.3823,0.2125,-0.8973,-0.1823,car,122,75.9208,-75.7191,0.9754,1.0022,1.3823,0.2125,54.5147,1.39850277082314,5.0346099749633035,0.0,0.0,0.0,0.0,0.0,0.0,1,02_120_122_4549_ego_122,1,4549,4549,4556,vehicle_vehicle,0.2635826623960191,1.6806759132772684,2.439569178662209,12.728183161787078,15.0,3.0,3.5,0.8,0.02428373941550189,0.0874214618958068
2,119,4509,123,62.9459,-58.0884,306.5339,2.3818,5.5901,4.6499,-6.4962,0.2496,0.6914,7.9879,0.1309,-0.407,-0.6121,car,122,75.9596,-75.6783,0.9503,0.9786,1.3488,0.2033,54.4117,1.3640850596645357,4.910706214792329,-13.013699999999993,17.589899999999993,3.6995999999999998,-7.4748,8.340244312968295,21.880607160222944,0,02_120_122_4549_ego_122,0,4549,4549,4556,vehicle_vehicle,0.2635826623960191,1.6806759132772684,2.439569178662209,12.728183161787078,15.0,3.0,3.5,0.8,0.02428373941550189,0.0874214618958068
2,120,4509,117,59.8961,-53.8389,307.0817,2.3512,3.4074,4.8705,-6.2445,-1.0335,-0.4067,7.9184,-0.1204,-0.2987,1.0697,trailer,122,75.9596,-75.6783,0.9503,0.9786,1.3488,0.2033,54.4117,1.3640850596645357,4.910706214792329,-16.063499999999998,21.83939999999999,3.9202,-7.2231000000000005,8.218341782257538,27.11079904041929,0,02_120_122_4549_ego_122,1,4549,4549,4556,vehicle_vehicle,0.2635826623960191,1.6806759132772684,2.439569178662209,12.728183161787078,15.0,3.0,3.5,0.8,0.02428373941550189,0.0874214618958068
2,122,4509,1,75.9596,-75.6783,54.4117,2.1253,4.7703,0.9503,0.9786,-0.689,-0.6434,1.3488,0.2033,-0.9242,-0.1859,car,122,75.9596,-75.6783,0.9503,0.9786,1.3488,0.2033,54.4117,1.3640850596645357,4.910706214792329,0.0,0.0,0.0,0.0,0.0,0.0,1,02_120_122_4549_ego_122,1,4549,4549,4556,vehicle_vehicle,0.2635826623960191,1.6806759132772684,2.439569178662209,12.728183161787078,15.0,3.0,3.5,0.8,0.02428373941550189,0.0874214618958068
2,119,4510,124,63.1315,-58.348,306.5852,2.3818,5.5901,4.6627,-6.4681,0.3382,0.7583,7.9728,0.1111,-0.4074,-0.7235,car,122,75.998,-75.6384,0.924,0.9537,1.3137,0.1939,54.3043,1.327900481963916,4.780441735070098,-12.866500000000002,17.290400000000005,3.7387,-7.421799999999999,8.310294394905634,21.552372361529027,0,02_120_122_4549_ego_122,0,4549,4549,4556,vehicle_vehicle,0.2635826623960191,1.6806759132772684,2.439569178662209,12.728183161787078,15.0,3.0,3.5,0.8,0.02428373941550189,0.0874214618958068
2,120,4510,118,60.0889,-54.0897,306.7801,2.3512,3.4074,4.8286,-6.2603,-0.9563,-0.3401,7.9052,-0.1191,-0.3002,0.9696,trailer,122,75.998,-75.6384,0.924,0.9537,1.3137,0.1939,54.3043,1.327900481963916,4.780441735070098,-15.909100000000002,21.548700000000004,3.9046,-7.214,8.202907847830549,26.785181248220074,0,02_120_122_4549_ego_122,1,4549,4549,4556,vehicle_vehicle,0.2635826623960191,1.6806759132772684,2.439569178662209,12.728183161787078,15.0,3.0,3.5,0.8,0.02428373941550189,0.0874214618958068
2,122,4510,2,75.998,-75.6384,54.3043,2.1253,4.7703,0.924,0.9537,-0.7101,-0.6631,1.3137,0.1939,-0.9528,-0.1898,car,122,75.998,-75.6384,0.924,0.9537,1.3137,0.1939,54.3043,1.327900481963916,4.780441735070098,0.0,0.0,0.0,0.0,0.0,0.0,1,02_120_122_4549_ego_122,1,4549,4549,4556,vehicle_vehicle,0.2635826623960191,1.6806759132772684,2.439569178662209,12.728183161787078,15.0,3.0,3.5,0.8,0.02428373941550189,0.0874214618958068
2,119,4511,125,63.3175,-58.6067,306.6715,2.3818,5.5901,4.6794,-6.4371,0.4238,0.8247,7.9577,0.0912,-0.4084,-0.8325,car,122,76.0361,-75.5996,0.8962,0.9276,1.2766,0.1841,54.1924,1.289812466988903,4.643324881160051,-12.718600000000002,16.9929,3.7832000000000003,-7.3647,8.279577786940587,21.225490250404114,0,02_120_122_4549_ego_122,0,4549,4549,4556,vehicle_vehicle,0.2635826623960191,1.6806759132772684,2.439569178662209,12.728183161787078,15.0,3.0,3.5,0.8,0.02428373941550189,0.0874214618958068
2,120,4511,119,60.2805,-54.3407,306.5156,2.3512,3.4074,4.7901,-6.2732,-0.8787,-0.2741,7.8921,-0.1169,-0.3026,0.8693,trailer,122,76.0361,-75.5996,0.8962,0.9276,1.2766,0.1841,54.1924,1.289812466988903,4.643324881160051,-15.755600000000001,21.258899999999997,3.8939,-7.2008,8.18620656042834,26.460910048031227,0,02_120_122_4549_ego_122,1,4549,4549,4556,vehicle_vehicle,0.2635826623960191,1.6806759132772684,2.439569178662209,12.728183161787078,15.0,3.0,3.5,0.8,0.02428373941550189,0.0874214618958068
2,122,4511,3,76.0361,-75.5996,54.1924,2.1253,4.7703,0.8962,0.9276,-0.7321,-0.6834,1.2766,0.1841,-0.9826,-0.1939,car,122,76.0361,-75.5996,0.8962,0.9276,1.2766,0.1841,54.1924,1.289812466988903,4.643324881160051,0.0,0.0,0.0,0.0,0.0,0.0,1,02_120_122_4549_ego_122,1,4549,4549,4556,vehicle_vehicle,0.2635826623960191,1.6806759132772684,2.439569178662209,12.728183161787078,15.0,3.0,3.5,0.8,0.02428373941550189,0.0874214618958068
2,119,4512,126,63.5039,-58.8638,306.7847,2.3818,5.5901,4.6999,-6.4033,0.5061,0.8903,7.9427,0.0702,-0.41,-0.9384,car,122,76.0733,-75.5619,0.8667,0.9001,1.2374,0.1737,54.0768,1.2495394751667512,4.498342110600305,-12.569400000000002,16.698099999999997,3.8332000000000006,-7.3034,8.248216401137885,20.90015215183851,0,02_120_122_4549_ego_122,0,4549,4549,4556,vehicle_vehicle,0.2635826623960191,1.6806759132772684,2.439569178662209,12.728183161787078,15.0,3.0,3.5,0.8,0.02428373941550189,0.0874214618958068
2,120,4512,120,60.4719,-54.5924,306.3043,2.3512,3.4074,4.7545,-6.2834,-0.8007,-0.2087,7.8786,-0.1113,-0.3059,0.7689,trailer,122,76.0733,-75.5619,0.8667,0.9001,1.2374,0.1737,54.0768,1.2495394751667512,4.498342110600305,-15.601400000000005,20.969499999999996,3.8878000000000004,-7.1835,8.168087970265747,26.1366335286318,0,02_120_122_4549_ego_122,1,4549,4549,4556,vehicle_vehicle,0.2635826623960191,1.6806759132772684,2.439569178662209,12.728183161787078,15.0,3.0,3.5,0.8,0.02428373941550189,0.0874214618958068
2,122,4512,4,76.0733,-75.5619,54.0768,2.1253,4.7703,0.8667,0.9001,-0.7544,-0.7039,1.2374,0.1737,-1.0126,-0.1979,car,122,76.0733,-75.5619,0.8667,0.9001,1.2374,0.1737,54.0768,1.2495394751667512,4.498342110600305,0.0,0.0,0.0,0.0,0.0,0.0,1,02_120_122_4549_ego_122,1,4549,4549,4556,vehicle_vehicle,0.2635826623960191,1.6806759132772684,2.439569178662209,12.728183161787078,15.0,3.0,3.5,0.8,0.02428373941550189,0.0874214618958068
2,119,4513,127,63.6909,-59.1196,306.9355,2.3818,5.5901,4.7243,-6.3667,0.5845,0.955,7.9279,0.0497,-0.4121,-1.0411,car,122,76.1095,-75.5253,0.8355,0.8714,1.1962,0.1624,53.9388,1.2072274889183066,4.346018960105904,-12.418599999999998,16.405700000000003,3.8888000000000003,-7.238099999999999,8.21662078046687,20.575923270900873,0,02_120_122_4549_ego_122,0,4549,4549,4556,vehicle_vehicle,0.2635826623960191,1.6806759132772684,2.439569178662209,12.728183161787078,15.0,3.0,3.5,0.8,0.02428373941550189,0.0874214618958068
2,120,4513,121,60.6629,-54.8444,306.1428,2.3512,3.4074,4.7214,-6.2907,-0.7219,-0.1444,7.8647,-0.1025,-0.3092,0.6682,trailer,122,76.1095,-75.5253,0.8355,0.8714,1.1962,0.1624,53.9388,1.2072274889183066,4.346018960105904,-15.446599999999997,20.6809,3.8859,-7.162100000000001,8.148367641435922,25.812730897175523,0,02_120_122_4549_ego_122,1,4549,4549,4556,vehicle_vehicle,0.2635826623960191,1.6806759132772684,2.439569178662209,12.728183161787078,15.0,3.0,3.5,0.8,0.02428373941550189,0.0874214618958068
2,122,4513,5,76.1095,-75.5253,53.9388,2.1253,4.7703,0.8355,0.8714,-0.776,-0.724,1.1962,0.1624,-1.0421,-0.2011,car,122,76.1095,-75.5253,0.8355,0.8714,1.1962,0.1624,53.9388,1.2072274889183066,4.346018960105904,0.0,0.0,0.0,0.0,0.0,0.0,1,02_120_122_4549_ego_122,1,4549,4549,4556,vehicle_vehicle,0.2635826623960191,1.6806759132772684,2.439569178662209,12.728183161787078,15.0,3.0,3.5,0.8,0.02428373941550189,0.0874214618958068
2,119,4514,128,63.8798,-59.3741,307.1277,2.3818,5.5901,4.752,-6.3273,0.6587,1.0186,7.913,0.0304,-0.4145,-1.14,car,122,76.1439,-75.4897,0.8027,0.8414,1.1531,0.1508,53.7981,1.162876283187511,4.18635461947504,-12.2641,16.1156,3.9493,-7.1687,8.1845726937941,20.251437286523643,0,02_120_122_4549_ego_122,0,4549,4549,4556,vehicle_vehicle,0.2635826623960191,1.6806759132772684,2.439569178662209,12.728183161787078,15.0,3.0,3.5,0.8,0.02428373941550189,0.0874214618958068
2,120,4514,122,60.853,-55.0969,306.0047,2.3512,3.4074,4.6907,-6.2951,-0.6418,-0.0812,7.85,-0.0941,-0.3116,0.5669,trailer,122,76.1439,-75.4897,0.8027,0.8414,1.1531,0.1508,53.7981,1.162876283187511,4.18635461947504,-15.2909,20.3928,3.888,-7.1365,8.126879859454057,25.488780171871703,0,02_120_122_4549_ego_122,1,4549,4549,4556,vehicle_vehicle,0.2635826623960191,1.6806759132772684,2.439569178662209,12.728183161787078,15.0,3.0,3.5,0.8,0.02428373941550189,0.0874214618958068
2,122,4514,6,76.1439,-75.4897,53.7981,2.1253,4.7703,0.8027,0.8414,-0.7962,-0.7433,1.1531,0.1508,-1.0701,-0.2034,car,122,76.1439,-75.4897,0.8027,0.8414,1.1531,0.1508,53.7981,1.162876283187511,4.18635461947504,0.0,0.0,0.0,0.0,0.0,0.0,1,02_120_122_4549_ego_122,1,4549,4549,4556,vehicle_vehicle,0.2635826623960191,1.6806759132772684,2.439569178662209,12.728183161787078,15.0,3.0,3.5,0.8,0.02428373941550189,0.0874214618958068
2,119,4515,129,64.0701,-59.6272,307.3444,2.3818,5.5901,4.7829,-6.285,0.7285,1.0809,7.8979,0.0101,-0.4174,-1.2348,car,122,76.1765,-75.4551,0.7687,0.81,1.108,0.1393,53.6598,1.1166914032086037,4.020089051550974,-12.106400000000008,15.8279,4.0142,-7.095000000000001,8.151860317743429,19.927050443304452,0,02_120_122_4549_ego_122,0,4549,4549,4556,vehicle_vehicle,0.2635826623960191,1.6806759132772684,2.439569178662209,12.728183161787078,15.0,3.0,3.5,0.8,0.02428373941550189,0.0874214618958068
2,120,4515,123,61.0424,-55.3498,305.8747,2.3512,3.4074,4.6623,-6.2965,-0.5594,-0.0196,7.8343,-0.088,-0.3119,0.4648,trailer,122,76.1765,-75.4551,0.7687,0.81,1.108,0.1393,53.6598,1.1166914032086037,4.020089051550974,-15.134100000000004,20.1053,3.8936,-7.1065000000000005,8.103237822623745,25.164738641599282,0,02_120_122_4549_ego_122,1,4549,4549,4556,vehicle_vehicle,0.2635826623960191,1.6806759132772684,2.439569178662209,12.728183161787078,15.0,3.0,3.5,0.8,0.02428373941550189,0.0874214618958068
2,122,4515,7,76.1765,-75.4551,53.6598,2.1253,4.7703,0.7687,0.81,-0.8145,-0.7613,1.108,0.1393,-1.0959,-0.205,car,122,76.1765,-75.4551,0.7687,0.81,1.108,0.1393,53.6598,1.1166914032086037,4.020089051550974,0.0,0.0,0.0,0.0,0.0,0.0,1,02_120_122_4549_ego_122,1,4549,4549,4556,vehicle_vehicle,0.2635826623960191,1.6806759132772684,2.439569178662209,12.728183161787078,15.0,3.0,3.5,0.8,0.02428373941550189,0.0874214618958068
2,119,4516,130,64.2619,-59.8782,307.5914,2.3818,5.5901,4.8165,-6.2401,0.7938,1.1415,7.8827,-0.0099,-0.4203,-1.3253,car,122,76.2076,-75.4222,0.7336,0.7774,1.0612,0.128,53.5372,1.0688871409087117,3.847993707271362,-11.945700000000002,15.544000000000004,4.0828999999999995,-7.0175,8.118828650735276,19.603971140817368,0,02_120_122_4549_ego_122,0,4549,4549,4556,vehicle_vehicle,0.2635826623960191,1.6806759132772684,2.439569178662209,12.728183161787078,15.0,3.0,3.5,0.8,0.02428373941550189,0.0874214618958068
2,120,4516,124,61.2256,-55.6003,305.7793,2.3512,3.4074,4.6384,-6.2961,-0.4748,0.0404,7.8198,-0.082,-0.3104,0.3616,trailer,122,76.2076,-75.4222,0.7336,0.7774,1.0612,0.128,53.5372,1.0688871409087117,3.847993707271362,-14.982,19.821900000000007,3.9048,-7.0735,8.079719381884496,24.84689203119779,0,02_120_122_4549_ego_122,1,4549,4549,4556,vehicle_vehicle,0.2635826623960191,1.6806759132772684,2.439569178662209,12.728183161787078,15.0,3.0,3.5,0.8,0.02428373941550189,0.0874214618958068
2,122,4516,8,76.2076,-75.4222,53.5372,2.1253,4.7703,0.7336,0.7774,-0.8305,-0.7773,1.0612,0.128,-1.1187,-0.206,car,122,76.2076,-75.4222,0.7336,0.7774,1.0612,0.128,53.5372,1.0688871409087117,3.847993707271362,0.0,0.0,0.0,0.0,0.0,0.0,1,02_120_122_4549_ego_122,1,4549,4549,4556,vehicle_vehicle,0.2635826623960191,1.6806759132772684,2.439569178662209,12.728183161787078,15.0,3.0,3.5,0.8,0.02428373941550189,0.0874214618958068
2,119,4517,131,64.455,-60.1274,307.8636,2.3818,5.5901,4.8529,-6.1925,0.8545,1.2003,7.8674,-0.0303,-0.4231,-1.4113,car,122,76.2378,-75.3914,0.6973,0.744,1.013,0.1166,53.4228,1.0196878394881446,3.6708762221573203,-11.782799999999995,15.264000000000003,4.1556,-6.9365,8.086040045040589,19.282740257546383,0,02_120_122_4549_ego_122,0,4549,4549,4556,vehicle_vehicle,0.2635826623960191,1.6806759132772684,2.439569178662209,12.728183161787078,15.0,3.0,3.5,0.8,0.02428373941550189,0.0874214618958068
2,120,4517,125,61.4084,-55.8514,305.7195,2.3512,3.4074,4.6188,-6.2935,-0.3892,0.0994,7.8062,-0.0757,-0.3079,0.258,trailer,122,76.2378,-75.3914,0.6973,0.744,1.013,0.1166,53.4228,1.0196878394881446,3.6708762221573203,-14.829399999999993,19.540000000000006,3.9215,-7.0375,8.056337163997048,24.530036778610828,0,02_120_122_4549_ego_122,1,4549,4549,4556,vehicle_vehicle,0.2635826623960191,1.6806759132772684,2.439569178662209,12.728183161787078,15.0,3.0,3.5,0.8,0.02428373941550189,0.0874214618958068
2,122,4517,9,76.2378,-75.3914,53.4228,2.1253,4.7703,0.6973,0.744,-0.8436,-0.7911,1.013,0.1166,-1.138,-0.2061,car,122,76.2378,-75.3914,0.6973,0.744,1.013,0.1166,53.4228,1.0196878394881446,3.6708762221573203,0.0,0.0,0.0,0.0,0.0,0.0,1,02_120_122_4549_ego_122,1,4549,4549,4556,vehicle_vehicle,0.2635826623960191,1.6806759132772684,2.439569178662209,12.728183161787078,15.0,3.0,3.5,0.8,0.02428373941550189,0.0874214618958068
2,119,4518,132,64.6501,-60.3744,308.1697,2.3818,5.5901,4.8915,-6.1425,0.9107,1.2571,7.852,-0.0496,-0.4255,-1.4929,car,122,76.2662,-75.3623,0.6599,0.7101,0.9637,0.1051,53.323,0.9693864141816719,3.489791091054019,-11.616100000000003,14.987900000000003,4.231599999999999,-6.8526,8.05385406622196,18.962355487122377,0,02_120_122_4549_ego_122,0,4549,4549,4556,vehicle_vehicle,0.2635826623960191,1.6806759132772684,2.439569178662209,12.728183161787078,15.0,3.0,3.5,0.8,0.02428373941550189,0.0874214618958068
2,120,4518,126,61.5911,-56.1027,305.7242,2.3512,3.4074,4.6034,-6.2888,-0.3034,0.1575,7.7933,-0.0653,-0.305,0.1543,trailer,122,76.2662,-75.3623,0.6599,0.7101,0.9637,0.1051,53.323,0.9693864141816719,3.489791091054019,-14.6751,19.259600000000006,3.9435,-6.9989,8.033417296518337,24.213441559803105,0,02_120_122_4549_ego_122,1,4549,4549,4556,vehicle_vehicle,0.2635826623960191,1.6806759132772684,2.439569178662209,12.728183161787078,15.0,3.0,3.5,0.8,0.02428373941550189,0.0874214618958068
2,122,4518,10,76.2662,-75.3623,53.323,2.1253,4.7703,0.6599,0.7101,-0.8534,-0.8027,0.9637,0.1051,-1.1535,-0.205,car,122,76.2662,-75.3623,0.6599,0.7101,0.9637,0.1051,53.323,0.9693864141816719,3.489791091054019,0.0,0.0,0.0,0.0,0.0,0.0,1,02_120_122_4549_ego_122,1,4549,4549,4556,vehicle_vehicle,0.2635826623960191,1.6806759132772684,2.439569178662209,12.728183161787078,15.0,3.0,3.5,0.8,0.02428373941550189,0.0874214618958068
2,119,4519,133,64.8463,-60.6185,308.5106,2.3818,5.5901,4.9325,-6.0904,0.9624,1.3121,7.837,-0.0674,-0.4274,-1.5701,car,122,76.293,-75.334,0.6217,0.6755,0.9133,0.0936,53.2294,0.9180474606467794,3.304970858328406,-11.446700000000007,14.715500000000006,4.3108,-6.7659,8.022493343718025,18.643306604248085,0,02_120_122_4549_ego_122,0,4549,4549,4556,vehicle_vehicle,0.2635826623960191,1.6806759132772684,2.439569178662209,12.728183161787078,15.0,3.0,3.5,0.8,0.02428373941550189,0.0874214618958068
2,120,4519,127,61.7729,-56.3536,305.7831,2.3512,3.4074,4.5922,-6.2819,-0.218,0.215,7.7812,-0.0522,-0.3019,0.0511,trailer,122,76.293,-75.334,0.6217,0.6755,0.9133,0.0936,53.2294,0.9180474606467794,3.304970858328406,-14.520100000000006,18.980400000000003,3.9705,-6.9574,8.01063574318543,23.897466145388726,0,02_120_122_4549_ego_122,1,4549,4549,4556,vehicle_vehicle,0.2635826623960191,1.6806759132772684,2.439569178662209,12.728183161787078,15.0,3.0,3.5,0.8,0.02428373941550189,0.0874214618958068
2,122,4519,11,76.293,-75.334,53.2294,2.1253,4.7703,0.6217,0.6755,-0.8594,-0.8118,0.9133,0.0936,-1.1647,-0.2024,car,122,76.293,-75.334,0.6217,0.6755,0.9133,0.0936,53.2294,0.9180474606467794,3.304970858328406,0.0,0.0,0.0,0.0,0.0,0.0,1,02_120_122_4549_ego_122,1,4549,4549,4556,vehicle_vehicle,0.2635826623960191,1.6806759132772684,2.439569178662209,12.728183161787078,15.0,3.0,3.5,0.8,0.02428373941550189,0.0874214618958068
2,119,4520,134,65.0448,-60.8603,308.899,2.3818,5.5901,4.9754,-6.0364,1.0096,1.3654,7.8222,-0.0815,-0.4286,-1.6431,car,122,76.3179,-75.3071,0.583,0.6404,0.8621,0.0822,53.1322,0.8660260735104919,3.1176938646377708,-11.2731,14.446800000000003,4.392399999999999,-6.6768,7.9920482981523575,18.324650442777894,0,02_120_122_4549_ego_122,0,4549,4549,4556,vehicle_vehicle,0.2635826623960191,1.6806759132772684,2.439569178662209,12.728183161787078,15.0,3.0,3.5,0.8,0.02428373941550189,0.0874214618958068
2,120,4520,128,61.9547,-56.6041,305.8772,2.3512,3.4074,4.585,-6.2729,-0.1339,0.272,7.7699,-0.0389,-0.2989,-0.0509,trailer,122,76.3179,-75.3071,0.583,0.6404,0.8621,0.0822,53.1322,0.8660260735104919,3.1176938646377708,-14.363199999999992,18.703000000000003,4.002,-6.9133,7.988098703070712,23.581851565133725,0,02_120_122_4549_ego_122,1,4549,4549,4556,vehicle_vehicle,0.2635826623960191,1.6806759132772684,2.439569178662209,12.728183161787078,15.0,3.0,3.5,0.8,0.02428373941550189,0.0874214618958068
2,122,4520,12,76.3179,-75.3071,53.1322,2.1253,4.7703,0.583,0.6404,-0.8611,-0.8184,0.8621,0.0822,-1.1714,-0.1979,car,122,76.3179,-75.3071,0.583,0.6404,0.8621,0.0822,53.1322,0.8660260735104919,3.1176938646377708,0.0,0.0,0.0,0.0,0.0,0.0,1,02_120_122_4549_ego_122,1,4549,4549,4556,vehicle_vehicle,0.2635826623960191,1.6806759132772684,2.439569178662209,12.728183161787078,15.0,3.0,3.5,0.8,0.02428373941550189,0.0874214618958068
2,119,4521,135,65.2451,-61.0993,309.3209,2.3818,5.5901,5.0199,-5.9809,1.0526,1.4175,7.8078,-0.0936,-0.4296,-1.7125,car,122,76.3408,-75.2814,0.5441,0.6046,0.8103,0.071,53.02,0.8133793518402099,2.9281656666247557,-11.095700000000008,14.182100000000005,4.4758,-6.5855,7.962511908311346,18.00684644517191,0,02_120_122_4549_ego_122,0,4549,4549,4556,vehicle_vehicle,0.2635826623960191,1.6806759132772684,2.439569178662209,12.728183161787078,15.0,3.0,3.5,0.8,0.02428373941550189,0.0874214618958068
2,120,4521,129,62.1366,-56.8539,305.9904,2.3512,3.4074,4.5819,-6.2621,-0.0517,0.3288,7.7593,-0.0274,-0.2964,-0.1514,trailer,122,76.3408,-75.2814,0.5441,0.6046,0.8103,0.071,53.02,0.8133793518402099,2.9281656666247557,-14.2042,18.427500000000002,4.0378,-6.8667,7.965889638326657,23.266543660157176,0,02_120_122_4549_ego_122,1,4549,4549,4556,vehicle_vehicle,0.2635826623960191,1.6806759132772684,2.439569178662209,12.728183161787078,15.0,3.0,3.5,0.8,0.02428373941550189,0.0874214618958068
2,122,4521,13,76.3408,-75.2814,53.02,2.1253,4.7703,0.5441,0.6046,-0.8585,-0.8222,0.8103,0.071,-1.1732,-0.1912,car,122,76.3408,-75.2814,0.5441,0.6046,0.8103,0.071,53.02,0.8133793518402099,2.9281656666247557,0.0,0.0,0.0,0.0,0.0,0.0,1,02_120_122_4549_ego_122,1,4549,4549,4556,vehicle_vehicle,0.2635826623960191,1.6806759132772684,2.439569178662209,12.728183161787078,15.0,3.0,3.5,0.8,0.02428373941550189,0.0874214618958068
2,119,4522,136,65.4478,-61.3372,309.7735,2.3818,5.5901,5.0658,-5.9233,1.0916,1.4687,7.7934,-0.104,-0.4305,-1.7786,car,122,76.3618,-75.2573,0.5054,0.5685,0.7583,0.06,52.8909,0.7606716834482535,2.738418060413713,-10.914000000000001,13.920099999999998,4.5604000000000005,-6.4918000000000005,7.9335184754306844,17.68854375040523,0,02_120_122_4549_ego_122,0,4549,4549,4556,vehicle_vehicle,0.2635826623960191,1.6806759132772684,2.439569178662209,12.728183161787078,15.0,3.0,3.5,0.8,0.02428373941550189,0.0874214618958068
2,120,4522,130,62.3183,-57.1034,306.134,2.3512,3.4074,4.5826,-6.2492,0.028,0.3858,7.7494,-0.0161,-0.2951,-0.2501,trailer,122,76.3618,-75.2573,0.5054,0.5685,0.7583,0.06,52.8909,0.7606716834482535,2.738418060413713,-14.043500000000002,18.1539,4.0772,-6.8177,7.9438399486646265,22.951775039416887,0,02_120_122_4549_ego_122,1,4549,4549,4556,vehicle_vehicle,0.2635826623960191,1.6806759132772684,2.439569178662209,12.728183161787078,15.0,3.0,3.5,0.8,0.02428373941550189,0.0874214618958068
2,122,4522,14,76.3618,-75.2573,52.8909,2.1253,4.7703,0.5054,0.5685,-0.8515,-0.8229,0.7583,0.06,-1.1699,-0.1826,car,122,76.3618,-75.2573,0.5054,0.5685,0.7583,0.06,52.8909,0.7606716834482535,2.738418060413713,0.0,0.0,0.0,0.0,0.0,0.0,1,02_120_122_4549_ego_122,1,4549,4549,4556,vehicle_vehicle,0.2635826623960191,1.6806759132772684,2.439569178662209,12.728183161787078,15.0,3.0,3.5,0.8,0.02428373941550189,0.0874214618958068
2,119,4523,137,65.6521,-61.5728,310.2394,2.3818,5.5901,5.1129,-5.8638,1.127,1.5191,7.7789,-0.115,-0.4315,-1.8416,car,122,76.3808,-75.2343,0.4671,0.532,0.7062,0.0501,52.773,0.7079593279278126,2.548653580540125,-10.72869999999999,13.661500000000004,4.6457999999999995,-6.3958,7.905043660853493,17.37071057671504,0,02_120_122_4549_ego_122,0,4549,4549,4556,vehicle_vehicle,0.2635826623960191,1.6806759132772684,2.439569178662209,12.728183161787078,15.0,3.0,3.5,0.8,0.02428373941550189,0.0874214618958068
2,120,4523,131,62.4999,-57.3521,306.2629,2.3512,3.4074,4.5872,-6.2345,0.1045,0.4432,7.7402,-0.011,-0.2956,-0.3465,trailer,122,76.3808,-75.2343,0.4671,0.532,0.7062,0.0501,52.773,0.7079593279278126,2.548653580540125,-13.880899999999997,17.882200000000005,4.1201,-6.7665,7.9221680277560385,22.637412874487225,0,02_120_122_4549_ego_122,1,4549,4549,4556,vehicle_vehicle,0.2635826623960191,1.6806759132772684,2.439569178662209,12.728183161787078,15.0,3.0,3.5,0.8,0.02428373941550189,0.0874214618958068
2,122,4523,15,76.3808,-75.2343,52.773,2.1253,4.7703,0.4671,0.532,-0.8401,-0.8201,0.7062,0.0501,-1.1613,-0.1728,car,122,76.3808,-75.2343,0.4671,0.532,0.7062,0.0501,52.773,0.7079593279278126,2.548653580540125,0.0,0.0,0.0,0.0,0.0,0.0,1,02_120_122_4549_ego_122,1,4549,4549,4556,vehicle_vehicle,0.2635826623960191,1.6806759132772684,2.439569178662209,12.728183161787078,15.0,3.0,3.5,0.8,0.02428373941550189,0.0874214618958068
2,119,4524,138,65.8583,-61.8061,310.7196,2.3818,5.5901,5.1611,-5.8022,1.1591,1.5686,7.7644,-0.1265,-0.4327,-1.9018,car,122,76.3983,-75.2131,0.4295,0.4954,0.6544,0.041,52.6601,0.6556610481033626,2.3603797731721055,-10.540000000000006,13.406999999999996,4.7316,-6.2976,7.87704286645693,17.054009763102638,0,02_120_122_4549_ego_122,0,4549,4549,4556,vehicle_vehicle,0.2635826623960191,1.6806759132772684,2.439569178662209,12.728183161787078,15.0,3.0,3.5,0.8,0.02428373941550189,0.0874214618958068
2,120,4524,132,62.6821,-57.6007,306.4091,2.3512,3.4074,4.5954,-6.2176,0.1774,0.5015,7.7315,-0.0079,-0.2983,-0.4404,trailer,122,76.3983,-75.2131,0.4295,0.4954,0.6544,0.041,52.6601,0.6556610481033626,2.3603797731721055,-13.716200000000008,17.612399999999994,4.1659,-6.713,7.900575410057169,22.323323592153564,0,02_120_122_4549_ego_122,1,4549,4549,4556,vehicle_vehicle,0.2635826623960191,1.6806759132772684,2.439569178662209,12.728183161787078,15.0,3.0,3.5,0.8,0.02428373941550189,0.0874214618958068
2,122,4524,16,76.3983,-75.2131,52.6601,2.1253,4.7703,0.4295,0.4954,-0.8246,-0.8137,0.6544,0.041,-1.1471,-0.1621,car,122,76.3983,-75.2131,0.4295,0.4954,0.6544,0.041,52.6601,0.6556610481033626,2.3603797731721055,0.0,0.0,0.0,0.0,0.0,0.0,1,02_120_122_4549_ego_122,1,4549,4549,4556,vehicle_vehicle,0.2635826623960191,1.6806759132772684,2.439569178662209,12.728183161787078,15.0,3.0,3.5,0.8,0.02428373941550189,0.0874214618958068
2,119,4525,139,66.0654,-62.0383,311.231,2.3818,5.5901,5.2107,-5.7382,1.1881,1.6172,7.7498,-0.1367,-0.4331,-1.9594,car,122,76.4143,-75.1939,0.3928,0.4591,0.6033,0.0328,52.56,0.6042058010314035,2.175140883713053,-10.3489,13.1556,4.8179,-6.1973,7.849757174588269,16.738265817282265,0,02_120_122_4549_ego_122,0,4549,4549,4556,vehicle_vehicle,0.2635826623960191,1.6806759132772684,2.439569178662209,12.728183161787078,15.0,3.0,3.5,0.8,0.02428373941550189,0.0874214618958068
2,120,4525,133,62.8648,-57.8487,306.5711,2.3512,3.4074,4.607,-6.1985,0.2459,0.5606,7.7231,-0.0067,-0.3037,-0.5316,trailer,122,76.4143,-75.1939,0.3928,0.4591,0.6033,0.0328,52.56,0.6042058010314035,2.175140883713053,-13.549499999999995,17.3452,4.2142,-6.6576,7.879284193376959,22.010109342981462,0,02_120_122_4549_ego_122,1,4549,4549,4556,vehicle_vehicle,0.2635826623960191,1.6806759132772684,2.439569178662209,12.728183161787078,15.0,3.0,3.5,0.8,0.02428373941550189,0.0874214618958068
2,122,4525,17,76.4143,-75.1939,52.56,2.1253,4.7703,0.3928,0.4591,-0.8053,-0.8035,0.6033,0.0328,-1.1275,-0.1509,car,122,76.4143,-75.1939,0.3928,0.4591,0.6033,0.0328,52.56,0.6042058010314035,2.175140883713053,0.0,0.0,0.0,0.0,0.0,0.0,1,02_120_122_4549_ego_122,1,4549,4549,4556,vehicle_vehicle,0.2635826623960191,1.6806759132772684,2.439569178662209,12.728183161787078,15.0,3.0,3.5,0.8,0.02428373941550189,0.0874214618958068
2,119,4526,140,66.2747,-62.2676,311.7705,2.3818,5.5901,5.2615,-5.6717,1.2138,1.6642,7.735,-0.1459,-0.4326,-2.0138,car,122,76.4285,-75.1768,0.3571,0.4233,0.5533,0.0252,52.4578,0.5538079992199463,1.9937087971918066,-10.153800000000004,12.909199999999998,4.9044,-6.095000000000001,7.823181217382096,16.423979392339724,0,02_120_122_4549_ego_122,0,4549,4549,4556,vehicle_vehicle,0.2635826623960191,1.6806759132772684,2.439569178662209,12.728183161787078,15.0,3.0,3.5,0.8,0.02428373941550189,0.0874214618958068
2,120,4526,134,63.0487,-58.0967,306.7149,2.3512,3.4074,4.6216,-6.1769,0.3099,0.6207,7.7145,-0.012,-0.3123,-0.6195,trailer,122,76.4285,-75.1768,0.3571,0.4233,0.5533,0.0252,52.4578,0.5538079992199463,1.9937087971918066,-13.379800000000003,17.0801,4.2645,-6.6002,7.858027760831594,21.69674777587646,0,02_120_122_4549_ego_122,1,4549,4549,4556,vehicle_vehicle,0.2635826623960191,1.6806759132772684,2.439569178662209,12.728183161787078,15.0,3.0,3.5,0.8,0.02428373941550189,0.0874214618958068
2,122,4526,18,76.4285,-75.1768,52.4578,2.1253,4.7703,0.3571,0.4233,-0.7823,-0.7895,0.5533,0.0252,-1.1027,-0.1392,car,122,76.4285,-75.1768,0.3571,0.4233,0.5533,0.0252,52.4578,0.5538079992199463,1.9937087971918066,0.0,0.0,0.0,0.0,0.0,0.0,1,02_120_122_4549_ego_122,1,4549,4549,4556,vehicle_vehicle,0.2635826623960191,1.6806759132772684,2.439569178662209,12.728183161787078,15.0,3.0,3.5,0.8,0.02428373941550189,0.0874214618958068
2,119,4527,141,66.4857,-62.4936,312.3184,2.3818,5.5901,5.3135,-5.6032,1.2361,1.7093,7.7204,-0.1565,-0.4317,-2.0648,car,122,76.4418,-75.1616,0.3225,0.3886,0.5047,0.0182,52.372,0.5049912969547099,1.8179686690369556,-9.956100000000006,12.668000000000006,4.9910000000000005,-5.9918000000000005,7.798188779453856,16.11217400632206,0,02_120_122_4549_ego_122,0,4549,4549,4556,vehicle_vehicle,0.2635826623960191,1.6806759132772684,2.439569178662209,12.728183161787078,15.0,3.0,3.5,0.8,0.02428373941550189,0.0874214618958068
2,120,4527,135,63.2331,-58.3439,306.8417,2.3512,3.4074,4.639,-6.1526,0.3689,0.6814,7.7055,-0.0235,-0.3241,-0.7038,trailer,122,76.4418,-75.1616,0.3225,0.3886,0.5047,0.0182,52.372,0.5049912969547099,1.8179686690369556,-13.2087,16.81770000000001,4.3165000000000004,-6.5412,7.8370574637423704,21.38468585179591,0,02_120_122_4549_ego_122,1,4549,4549,4556,vehicle_vehicle,0.2635826623960191,1.6806759132772684,2.439569178662209,12.728183161787078,15.0,3.0,3.5,0.8,0.02428373941550189,0.0874214618958068
2,122,4527,19,76.4418,-75.1616,52.372,2.1253,4.7703,0.3225,0.3886,-0.756,-0.7722,0.5047,0.0182,-1.0732,-0.1273,car,122,76.4418,-75.1616,0.3225,0.3886,0.5047,0.0182,52.372,0.5049912969547099,1.8179686690369556,0.0,0.0,0.0,0.0,0.0,0.0,1,02_120_122_4549_ego_122,1,4549,4549,4556,vehicle_vehicle,0.2635826623960191,1.6806759132772684,2.439569178662209,12.728183161787078,15.0,3.0,3.5,0.8,0.02428373941550189,0.0874214618958068
2,119,4528,142,66.6991,-62.7165,312.881,2.3818,5.5901,5.3664,-5.5329,1.255,1.7525,7.706,-0.1673,-0.4302,-2.1122,car,122,76.4536,-75.1472,0.2892,0.3548,0.4576,0.0118,52.2969,0.45773319739778545,1.6478395106320276,-9.754499999999993,12.430699999999995,5.0771999999999995,-5.8877,7.774507774129497,15.801030749289735,0,02_120_122_4549_ego_122,0,4549,4549,4556,vehicle_vehicle,0.2635826623960191,1.6806759132772684,2.439569178662209,12.728183161787078,15.0,3.0,3.5,0.8,0.02428373941550189,0.0874214618958068
2,120,4528,136,63.418,-58.5898,307.0166,2.3512,3.4074,4.6592,-6.1258,0.4227,0.7426,7.6962,-0.0322,-0.3385,-0.7845,trailer,122,76.4536,-75.1472,0.2892,0.3548,0.4576,0.0118,52.2969,0.45773319739778545,1.6478395106320276,-13.035599999999995,16.5574,4.37,-6.4806,7.8163339462947725,21.073071966849064,0,02_120_122_4549_ego_122,1,4549,4549,4556,vehicle_vehicle,0.2635826623960191,1.6806759132772684,2.439569178662209,12.728183161787078,15.0,3.0,3.5,0.8,0.02428373941550189,0.0874214618958068
2,122,4528,20,76.4536,-75.1472,52.2969,2.1253,4.7703,0.2892,0.3548,-0.7265,-0.7519,0.4576,0.0118,-1.0392,-0.115,car,122,76.4536,-75.1472,0.2892,0.3548,0.4576,0.0118,52.2969,0.45773319739778545,1.6478395106320276,0.0,0.0,0.0,0.0,0.0,0.0,1,02_120_122_4549_ego_122,1,4549,4549,4556,vehicle_vehicle,0.2635826623960191,1.6806759132772684,2.439569178662209,12.728183161787078,15.0,3.0,3.5,0.8,0.02428373941550189,0.0874214618958068
2,119,4529,143,66.9146,-62.9359,313.4632,2.3818,5.5901,5.4201,-5.461,1.2703,1.7938,7.6921,-0.1775,-0.4281,-2.156,car,122,76.4631,-75.1341,0.2576,0.322,0.4123,0.0064,52.2279,0.41236120089067546,1.4845003232064318,-9.548500000000004,12.198200000000007,5.1625,-5.783,7.752063934849867,15.490963026551972,0,02_120_122_4549_ego_122,0,4549,4549,4556,vehicle_vehicle,0.2635826623960191,1.6806759132772684,2.439569178662209,12.728183161787078,15.0,3.0,3.5,0.8,0.02428373941550189,0.0874214618958068
2,120,4529,137,63.6044,-58.8347,307.2727,2.3512,3.4074,4.6817,-6.0963,0.471,0.8041,7.6864,-0.0335,-0.3546,-0.8617,trailer,122,76.4631,-75.1341,0.2576,0.322,0.4123,0.0064,52.2279,0.41236120089067546,1.4845003232064318,-12.858699999999999,16.299400000000006,4.4241,-6.4183,7.7953342263176895,20.76093943081575,0,02_120_122_4549_ego_122,1,4549,4549,4556,vehicle_vehicle,0.2635826623960191,1.6806759132772684,2.439569178662209,12.728183161787078,15.0,3.0,3.5,0.8,0.02428373941550189,0.0874214618958068
2,122,4529,21,76.4631,-75.1341,52.2279,2.1253,4.7703,0.2576,0.322,-0.6942,-0.7287,0.4123,0.0064,-1.0012,-0.1024,car,122,76.4631,-75.1341,0.2576,0.322,0.4123,0.0064,52.2279,0.41236120089067546,1.4845003232064318,0.0,0.0,0.0,0.0,0.0,0.0,1,02_120_122_4549_ego_122,1,4549,4549,4556,vehicle_vehicle,0.2635826623960191,1.6806759132772684,2.439569178662209,12.728183161787078,15.0,3.0,3.5,0.8,0.02428373941550189,0.0874214618958068
2,119,4530,144,67.1333,-63.1526,314.0635,2.3818,5.5901,5.4742,-5.3876,1.2823,1.8334,7.6784,-0.1867,-0.4256,-2.1965,car,122,76.471,-75.1221,0.2281,0.2903,0.3691,0.0021,52.1616,0.369193309798539,1.3290959152747404,-9.337699999999998,11.969500000000004,5.246099999999999,-5.6779,7.730466584883476,15.18096082400584,0,02_120_122_4549_ego_122,0,4549,4549,4556,vehicle_vehicle,0.2635826623960191,1.6806759132772684,2.439569178662209,12.728183161787078,15.0,3.0,3.5,0.8,0.02428373941550189,0.0874214618958068
2,120,4530,138,63.792,-59.0789,307.5522,2.3512,3.4074,4.7061,-6.0639,0.5137,0.8655,7.6757,-0.0351,-0.3731,-0.9348,trailer,122,76.471,-75.1221,0.2281,0.2903,0.3691,0.0021,52.1616,0.369193309798539,1.3290959152747404,-12.679000000000002,16.043200000000006,4.478,-6.3542000000000005,7.773566854411172,20.448503789764185,0,02_120_122_4549_ego_122,1,4549,4549,4556,vehicle_vehicle,0.2635826623960191,1.6806759132772684,2.439569178662209,12.728183161787078,15.0,3.0,3.5,0.8,0.02428373941550189,0.0874214618958068
2,122,4530,22,76.471,-75.1221,52.1616,2.1253,4.7703,0.2281,0.2903,-0.6597,-0.7029,0.3691,0.0021,-0.9598,-0.0899,car,122,76.471,-75.1221,0.2281,0.2903,0.3691,0.0021,52.1616,0.369193309798539,1.3290959152747404,0.0,0.0,0.0,0.0,0.0,0.0,1,02_120_122_4549_ego_122,1,4549,4549,4556,vehicle_vehicle,0.2635826623960191,1.6806759132772684,2.439569178662209,12.728183161787078,15.0,3.0,3.5,0.8,0.02428373941550189,0.0874214618958068
2,119,4531,145,67.3543,-63.3665,314.6778,2.3818,5.5901,5.5282,-5.3126,1.2913,1.8714,7.6647,-0.1956,-0.4228,-2.234,car,122,76.4781,-75.1115,0.2005,0.2597,0.3281,-0.0013,52.1042,0.32809196881362396,1.1811310877290462,-9.123800000000003,11.745000000000005,5.3277,-5.572299999999999,7.709404294755854,14.872415790314637,0,02_120_122_4549_ego_122,0,4549,4549,4556,vehicle_vehicle,0.2635826623960191,1.6806759132772684,2.439569178662209,12.728183161787078,15.0,3.0,3.5,0.8,0.02428373941550189,0.0874214618958068
2,120,4531,139,63.9819,-59.3219,307.8669,2.3512,3.4074,4.7317,-6.0287,0.5511,0.9266,7.6637,-0.0348,-0.3932,-1.0038,trailer,122,76.4781,-75.1115,0.2005,0.2597,0.3281,-0.0013,52.1042,0.32809196881362396,1.1811310877290462,-12.496199999999995,15.789600000000007,4.5312,-6.288399999999999,7.7508546625517365,20.13619831547157,0,02_120_122_4549_ego_122,1,4549,4549,4556,vehicle_vehicle,0.2635826623960191,1.6806759132772684,2.439569178662209,12.728183161787078,15.0,3.0,3.5,0.8,0.02428373941550189,0.0874214618958068
2,122,4531,23,76.4781,-75.1115,52.1042,2.1253,4.7703,0.2005,0.2597,-0.6238,-0.6745,0.3281,-0.0013,-0.9154,-0.078,car,122,76.4781,-75.1115,0.2005,0.2597,0.3281,-0.0013,52.1042,0.32809196881362396,1.1811310877290462,0.0,0.0,0.0,0.0,0.0,0.0,1,02_120_122_4549_ego_122,1,4549,4549,4556,vehicle_vehicle,0.2635826623960191,1.6806759132772684,2.439569178662209,12.728183161787078,15.0,3.0,3.5,0.8,0.02428373941550189,0.0874214618958068
2,119,4532,146,67.5774,-63.5782,315.3193,2.3818,5.5901,5.5823,-5.2359,1.2977,1.9076,7.6509,-0.2023,-0.4186,-2.2688,car,122,76.4843,-75.1021,0.1749,0.2305,0.2893,-0.0038,52.0419,0.28934453511341807,1.0416403264083052,-8.906900000000007,11.52389999999999,5.4074,-5.4664,7.68905089851797,14.56479106681589,0,02_120_122_4549_ego_122,0,4549,4549,4556,vehicle_vehicle,0.2635826623960191,1.6806759132772684,2.439569178662209,12.728183161787078,15.0,3.0,3.5,0.8,0.02428373941550189,0.0874214618958068
2,120,4532,140,64.1732,-59.5641,308.2111,2.3512,3.4074,4.7582,-5.9902,0.5838,0.9867,7.6499,-0.0333,-0.4142,-1.069,trailer,122,76.4843,-75.1021,0.1749,0.2305,0.2893,-0.0038,52.0419,0.28934453511341807,1.0416403264083052,-12.31110000000001,15.53799999999999,4.5833,-6.2207,7.726820004374374,19.824041646697577,0,02_120_122_4549_ego_122,1,4549,4549,4556,vehicle_vehicle,0.2635826623960191,1.6806759132772684,2.439569178662209,12.728183161787078,15.0,3.0,3.5,0.8,0.02428373941550189,0.0874214618958068
2,122,4532,24,76.4843,-75.1021,52.0419,2.1253,4.7703,0.1749,0.2305,-0.587,-0.6438,0.2893,-0.0038,-0.8687,-0.0668,car,122,76.4843,-75.1021,0.1749,0.2305,0.2893,-0.0038,52.0419,0.28934453511341807,1.0416403264083052,0.0,0.0,0.0,0.0,0.0,0.0,1,02_120_122_4549_ego_122,1,4549,4549,4556,vehicle_vehicle,0.2635826623960191,1.6806759132772684,2.439569178662209,12.728183161787078,15.0,3.0,3.5,0.8,0.02428373941550189,0.0874214618958068
2,119,4533,147,67.803,-63.7872,315.9742,2.3818,5.5901,5.6361,-5.1573,1.3019,1.9417,7.6368,-0.2088,-0.4134,-2.3009,car,122,76.4898,-75.094,0.1513,0.2027,0.2529,-0.0057,51.9837,0.252940664978963,0.9105863939242669,-8.686800000000005,11.306799999999996,5.4848,-5.36,7.668939368648053,14.258478897834788,0,02_120_122_4549_ego_122,0,4549,4549,4556,vehicle_vehicle,0.2635826623960191,1.6806759132772684,2.439569178662209,12.728183161787078,15.0,3.0,3.5,0.8,0.02428373941550189,0.0874214618958068
2,120,4533,141,64.3674,-59.8044,308.5756,2.3512,3.4074,4.7846,-5.9488,0.6127,1.0451,7.6341,-0.0311,-0.435,-1.1307,trailer,122,76.4898,-75.094,0.1513,0.2027,0.2529,-0.0057,51.9837,0.252940664978963,0.9105863939242669,-12.122399999999999,15.289599999999993,4.6333,-6.1515,7.701196085024716,19.512161590146793,0,02_120_122_4549_ego_122,1,4549,4549,4556,vehicle_vehicle,0.2635826623960191,1.6806759132772684,2.439569178662209,12.728183161787078,15.0,3.0,3.5,0.8,0.02428373941550189,0.0874214618958068
2,122,4533,25,76.4898,-75.094,51.9837,2.1253,4.7703,0.1513,0.2027,-0.5497,-0.611,0.2529,-0.0057,-0.82,-0.0568,car,122,76.4898,-75.094,0.1513,0.2027,0.2529,-0.0057,51.9837,0.252940664978963,0.9105863939242669,0.0,0.0,0.0,0.0,0.0,0.0,1,02_120_122_4549_ego_122,1,4549,4549,4556,vehicle_vehicle,0.2635826623960191,1.6806759132772684,2.439569178662209,12.728183161787078,15.0,3.0,3.5,0.8,0.02428373941550189,0.0874214618958068
2,119,4534,148,68.0304,-63.9929,316.6404,2.3818,5.5901,5.6897,-5.0769,1.3044,1.9733,7.6225,-0.2152,-0.4065,-2.3303,car,122,76.4949,-75.087,0.1293,0.1765,0.2187,-0.0071,51.9251,0.21879382989472074,0.7876577876209947,-8.464500000000001,11.094100000000005,5.5604000000000005,-5.2534,7.649592127688901,13.954455025546505,0,02_120_122_4549_ego_122,0,4549,4549,4556,vehicle_vehicle,0.2635826623960191,1.6806759132772684,2.439569178662209,12.728183161787078,15.0,3.0,3.5,0.8,0.02428373941550189,0.0874214618958068
2,120,4534,142,64.5644,-60.0432,308.9455,2.3512,3.4074,4.8101,-5.9044,0.6396,1.1013,7.6156,-0.0296,-0.4545,-1.1897,trailer,122,76.4949,-75.087,0.1293,0.1765,0.2187,-0.0071,51.9251,0.21879382989472074,0.7876577876209947,-11.930499999999995,15.043800000000005,4.6808000000000005,-6.0809,7.67380175988408,19.2003319942651,0,02_120_122_4549_ego_122,1,4549,4549,4556,vehicle_vehicle,0.2635826623960191,1.6806759132772684,2.439569178662209,12.728183161787078,15.0,3.0,3.5,0.8,0.02428373941550189,0.0874214618958068
2,122,4534,26,76.4949,-75.087,51.9251,2.1253,4.7703,0.1293,0.1765,-0.5124,-0.5763,0.2187,-0.0071,-0.7697,-0.0479,car,122,76.4949,-75.087,0.1293,0.1765,0.2187,-0.0071,51.9251,0.21879382989472074,0.7876577876209947,0.0,0.0,0.0,0.0,0.0,0.0,1,02_120_122_4549_ego_122,1,4549,4549,4556,vehicle_vehicle,0.2635826623960191,1.6806759132772684,2.439569178662209,12.728183161787078,15.0,3.0,3.5,0.8,0.02428373941550189,0.0874214618958068
2,119,4535,149,68.2596,-64.1944,317.3191,2.3818,5.5901,5.7432,-4.9953,1.3054,2.0022,7.6085,-0.2212,-0.3977,-2.3569,car,122,76.4988,-75.0811,0.1091,0.152,0.1869,-0.008,51.8773,0.18710106894403356,0.6735638481985208,-8.239199999999997,10.886700000000005,5.6341,-5.1473,7.631368166980283,13.653008955171751,0,02_120_122_4549_ego_122,0,4549,4549,4556,vehicle_vehicle,0.2635826623960191,1.6806759132772684,2.439569178662209,12.728183161787078,15.0,3.0,3.5,0.8,0.02428373941550189,0.0874214618958068
2,120,4535,143,64.7646,-60.2805,309.3729,2.3512,3.4074,4.8338,-5.8569,0.6669,1.1544,7.594,-0.0213,-0.4693,-1.2478,trailer,122,76.4988,-75.0811,0.1091,0.152,0.1869,-0.008,51.8773,0.18710106894403356,0.6735638481985208,-11.734200000000001,14.800600000000003,4.7247,-6.008900000000001,7.643930226002852,18.887805854571887,0,02_120_122_4549_ego_122,1,4549,4549,4556,vehicle_vehicle,0.2635826623960191,1.6806759132772684,2.439569178662209,12.728183161787078,15.0,3.0,3.5,0.8,0.02428373941550189,0.0874214618958068
2,122,4535,27,76.4988,-75.0811,51.8773,2.1253,4.7703,0.1091,0.152,-0.4752,-0.54,0.1869,-0.008,-0.7182,-0.0405,car,122,76.4988,-75.0811,0.1091,0.152,0.1869,-0.008,51.8773,0.18710106894403356,0.6735638481985208,0.0,0.0,0.0,0.0,0.0,0.0,1,02_120_122_4549_ego_122,1,4549,4549,4556,vehicle_vehicle,0.2635826623960191,1.6806759132772684,2.439569178662209,12.728183161787078,15.0,3.0,3.5,0.8,0.02428373941550189,0.0874214618958068
2,119,4536,150,68.4908,-64.3923,318.0093,2.3818,5.5901,5.7966,-4.9126,1.3053,2.0285,7.5949,-0.2267,-0.3869,-2.3809,car,122,76.5024,-75.0765,0.0906,0.1293,0.1576,-0.0087,51.8426,0.15788239293854145,0.5683766145787492,-8.011600000000001,10.68419999999999,5.7059999999999995,-5.0419,7.614406845578977,13.354320057569378,0,02_120_122_4549_ego_122,0,4549,4549,4556,vehicle_vehicle,0.2635826623960191,1.6806759132772684,2.439569178662209,12.728183161787078,15.0,3.0,3.5,0.8,0.02428373941550189,0.0874214618958068
2,120,4536,144,64.9614,-60.5145,309.7894,2.3512,3.4074,4.8574,-5.8071,0.6967,1.204,7.5707,-0.0161,-0.4793,-1.3059,trailer,122,76.5024,-75.0765,0.0906,0.1293,0.1576,-0.0087,51.8426,0.15788239293854145,0.5683766145787492,-11.540999999999997,14.561999999999998,4.7668,-5.9364,7.613358470478058,18.580810665845554,0,02_120_122_4549_ego_122,1,4549,4549,4556,vehicle_vehicle,0.2635826623960191,1.6806759132772684,2.439569178662209,12.728183161787078,15.0,3.0,3.5,0.8,0.02428373941550189,0.0874214618958068
2,122,4536,28,76.5024,-75.0765,51.8426,2.1253,4.7703,0.0906,0.1293,-0.4384,-0.5024,0.1576,-0.0087,-0.6659,-0.0343,car,122,76.5024,-75.0765,0.0906,0.1293,0.1576,-0.0087,51.8426,0.15788239293854145,0.5683766145787492,0.0,0.0,0.0,0.0,0.0,0.0,1,02_120_122_4549_ego_122,1,4549,4549,4556,vehicle_vehicle,0.2635826623960191,1.6806759132772684,2.439569178662209,12.728183161787078,15.0,3.0,3.5,0.8,0.02428373941550189,0.0874214618958068
2,119,4537,151,68.7247,-64.5866,318.7097,2.3818,5.5901,5.8495,-4.8291,1.3042,2.0522,7.5818,-0.2315,-0.3743,-2.4026,car,122,76.5054,-75.0726,0.0736,0.1085,0.1308,-0.0092,51.8238,0.13110762754317537,0.47198745915543133,-7.780699999999996,10.48599999999999,5.7759,-4.937600000000001,7.598744275865585,13.057392101411358,0,02_120_122_4549_ego_122,0,4549,4549,4556,vehicle_vehicle,0.2635826623960191,1.6806759132772684,2.439569178662209,12.728183161787078,15.0,3.0,3.5,0.8,0.02428373941550189,0.0874214618958068
2,120,4537,145,65.1562,-60.7454,310.1887,2.3512,3.4074,4.8822,-5.7554,0.7296,1.25,7.5472,-0.0157,-0.4841,-1.364,trailer,122,76.5054,-75.0726,0.0736,0.1085,0.1308,-0.0092,51.8238,0.13110762754317537,0.47198745915543133,-11.349199999999996,14.327199999999998,4.8086,-5.8639,7.583400106152912,18.27766397765316,0,02_120_122_4549_ego_122,1,4549,4549,4556,vehicle_vehicle,0.2635826623960191,1.6806759132772684,2.439569178662209,12.728183161787078,15.0,3.0,3.5,0.8,0.02428373941550189,0.0874214618958068
2,122,4537,29,76.5054,-75.0726,51.8238,2.1253,4.7703,0.0736,0.1085,-0.4022,-0.4639,0.1308,-0.0092,-0.6133,-0.0294,car,122,76.5054,-75.0726,0.0736,0.1085,0.1308,-0.0092,51.8238,0.13110762754317537,0.47198745915543133,0.0,0.0,0.0,0.0,0.0,0.0,1,02_120_122_4549_ego_122,1,4549,4549,4556,vehicle_vehicle,0.2635826623960191,1.6806759132772684,2.439569178662209,12.728183161787078,15.0,3.0,3.5,0.8,0.02428373941550189,0.0874214618958068
2,119,4538,152,68.9606,-64.7773,319.4142,2.3818,5.5901,5.9021,-4.745,1.3025,2.0738,7.5693,-0.2363,-0.3601,-2.4223,car,122,76.5086,-75.0698,0.0579,0.0897,0.1063,-0.01,51.8066,0.10676375789564548,0.38434952842432374,-7.548000000000002,10.292500000000004,5.8442,-4.8347,7.584787256739638,12.76353635361298,0,02_120_122_4549_ego_122,0,4549,4549,4556,vehicle_vehicle,0.2635826623960191,1.6806759132772684,2.439569178662209,12.728183161787078,15.0,3.0,3.5,0.8,0.02428373941550189,0.0874214618958068
2,120,4538,146,65.3541,-60.9749,310.5992,2.3512,3.4074,4.9075,-5.7018,0.7659,1.2924,7.5229,-0.0157,-0.4829,-1.4226,trailer,122,76.5086,-75.0698,0.0579,0.0897,0.1063,-0.01,51.8066,0.10676375789564548,0.38434952842432374,-11.154499999999999,14.094900000000003,4.8496,-5.7915,7.553813103989269,17.974678752623092,0,02_120_122_4549_ego_122,1,4549,4549,4556,vehicle_vehicle,0.2635826623960191,1.6806759132772684,2.439569178662209,12.728183161787078,15.0,3.0,3.5,0.8,0.02428373941550189,0.0874214618958068
2,122,4538,30,76.5086,-75.0698,51.8066,2.1253,4.7703,0.0579,0.0897,-0.3664,-0.425,0.1063,-0.01,-0.5606,-0.0252,car,122,76.5086,-75.0698,0.0579,0.0897,0.1063,-0.01,51.8066,0.10676375789564548,0.38434952842432374,0.0,0.0,0.0,0.0,0.0,0.0,1,02_120_122_4549_ego_122,1,4549,4549,4556,vehicle_vehicle,0.2635826623960191,1.6806759132772684,2.439569178662209,12.728183161787078,15.0,3.0,3.5,0.8,0.02428373941550189,0.0874214618958068
2,119,4539,153,69.1978,-64.9655,320.1192,2.3818,5.5901,5.9546,-4.66,1.3004,2.0934,7.5574,-0.242,-0.3444,-2.4402,car,122,76.5113,-75.0678,0.0433,0.073,0.0841,-0.0111,51.7978,0.08487573269197739,0.3055526376911186,-7.313500000000005,10.1023,5.9113,-4.7330000000000005,7.572632084684955,12.471717906527555,0,02_120_122_4549_ego_122,0,4549,4549,4556,vehicle_vehicle,0.2635826623960191,1.6806759132772684,2.439569178662209,12.728183161787078,15.0,3.0,3.5,0.8,0.02428373941550189,0.0874214618958068
2,120,4539,147,65.5503,-61.2009,311.0547,2.3512,3.4074,4.9346,-5.6469,0.8059,1.3314,7.4992,-0.0124,-0.4747,-1.4822,trailer,122,76.5113,-75.0678,0.0433,0.073,0.0841,-0.0111,51.7978,0.08487573269197739,0.3055526376911186,-10.961000000000013,13.866900000000008,4.891299999999999,-5.7199,7.526092724648029,17.67581501968157,0,02_120_122_4549_ego_122,1,4549,4549,4556,vehicle_vehicle,0.2635826623960191,1.6806759132772684,2.439569178662209,12.728183161787078,15.0,3.0,3.5,0.8,0.02428373941550189,0.0874214618958068
2,122,4539,31,76.5113,-75.0678,51.7978,2.1253,4.7703,0.0433,0.073,-0.3308,-0.386,0.0841,-0.0111,-0.508,-0.0212,car,122,76.5113,-75.0678,0.0433,0.073,0.0841,-0.0111,51.7978,0.08487573269197739,0.3055526376911186,0.0,0.0,0.0,0.0,0.0,0.0,1,02_120_122_4549_ego_122,1,4549,4549,4556,vehicle_vehicle,0.2635826623960191,1.6806759132772684,2.439569178662209,12.728183161787078,15.0,3.0,3.5,0.8,0.02428373941550189,0.0874214618958068
2,119,4540,154,69.4369,-65.1502,320.8272,2.3818,5.5901,6.007,-4.5742,1.298,2.1109,7.5463,-0.2483,-0.3271,-2.4563,car,122,76.513,-75.0662,0.0301,0.0582,0.0643,-0.0124,51.7918,0.06552289676136122,0.2358824283409004,-7.076100000000011,9.915999999999997,5.9769,-4.6324000000000005,7.561908712091148,12.181881923988595,0,02_120_122_4549_ego_122,0,4549,4549,4556,vehicle_vehicle,0.2635826623960191,1.6806759132772684,2.439569178662209,12.728183161787078,15.0,3.0,3.5,0.8,0.02428373941550189,0.0874214618958068
2,120,4540,148,65.7448,-61.4243,311.5583,2.3512,3.4074,4.9647,-5.591,0.8488,1.3675,7.4771,-0.006,-0.4602,-1.5423,trailer,122,76.513,-75.0662,0.0301,0.0582,0.0643,-0.0124,51.7918,0.06552289676136122,0.2358824283409004,-10.768200000000007,13.641899999999993,4.9346,-5.6492,7.500915797421006,17.379745879902845,0,02_120_122_4549_ego_122,1,4549,4549,4556,vehicle_vehicle,0.2635826623960191,1.6806759132772684,2.439569178662209,12.728183161787078,15.0,3.0,3.5,0.8,0.02428373941550189,0.0874214618958068
2,122,4540,32,76.513,-75.0662,51.7918,2.1253,4.7703,0.0301,0.0582,-0.2953,-0.3476,0.0643,-0.0124,-0.4558,-0.0171,car,122,76.513,-75.0662,0.0301,0.0582,0.0643,-0.0124,51.7918,0.06552289676136122,0.2358824283409004,0.0,0.0,0.0,0.0,0.0,0.0,1,02_120_122_4549_ego_122,1,4549,4549,4556,vehicle_vehicle,0.2635826623960191,1.6806759132772684,2.439569178662209,12.728183161787078,15.0,3.0,3.5,0.8,0.02428373941550189,0.0874214618958068
2,119,4541,155,69.6779,-65.3312,321.5549,2.3818,5.5901,6.0595,-4.4879,1.295,2.1265,7.5362,-0.2526,-0.3079,-2.4707,car,122,76.5144,-75.0654,0.0181,0.0455,0.0469,-0.0139,51.7834,0.04896794870116575,0.1762846153241967,-6.836500000000001,9.734200000000001,6.0414,-4.533399999999999,7.5531602339682955,11.895057036012902,0,02_120_122_4549_ego_122,0,4549,4549,4556,vehicle_vehicle,0.2635826623960191,1.6806759132772684,2.439569178662209,12.728183161787078,15.0,3.0,3.5,0.8,0.02428373941550189,0.0874214618958068
2,120,4541,149,65.9371,-61.6449,312.0867,2.3512,3.4074,4.9992,-5.5344,0.8925,1.4013,7.458,-0.0006,-0.4417,-1.6016,trailer,122,76.5144,-75.0654,0.0181,0.0455,0.0469,-0.0139,51.7834,0.04896794870116575,0.1762846153241967,-10.577299999999994,13.420499999999997,4.9811000000000005,-5.579899999999999,7.479748740432395,17.087688420029192,0,02_120_122_4549_ego_122,1,4549,4549,4556,vehicle_vehicle,0.2635826623960191,1.6806759132772684,2.439569178662209,12.728183161787078,15.0,3.0,3.5,0.8,0.02428373941550189,0.0874214618958068
2,122,4541,33,76.5144,-75.0654,51.7834,2.1253,4.7703,0.0181,0.0455,-0.2597,-0.31,0.0469,-0.0139,-0.4042,-0.0122,car,122,76.5144,-75.0654,0.0181,0.0455,0.0469,-0.0139,51.7834,0.04896794870116575,0.1762846153241967,0.0,0.0,0.0,0.0,0.0,0.0,1,02_120_122_4549_ego_122,1,4549,4549,4556,vehicle_vehicle,0.2635826623960191,1.6806759132772684,2.439569178662209,12.728183161787078,15.0,3.0,3.5,0.8,0.02428373941550189,0.0874214618958068
2,119,4542,156,69.9207,-65.5084,322.2836,2.3818,5.5901,6.112,-4.4012,1.2914,2.1402,7.5274,-0.2575,-0.2877,-2.4831,car,122,76.5148,-75.0644,0.0076,0.0344,0.0317,-0.0154,51.7695,0.035229533065313255,0.12682631903512773,-6.594099999999997,9.556000000000012,6.1044,-4.4356,7.545743616105705,11.610309677609816,0,02_120_122_4549_ego_122,0,4549,4549,4556,vehicle_vehicle,0.2635826623960191,1.6806759132772684,2.439569178662209,12.728183161787078,15.0,3.0,3.5,0.8,0.02428373941550189,0.0874214618958068
2,120,4542,150,66.1341,-61.8642,312.5957,2.3512,3.4074,5.0371,-5.4768,0.9348,1.4334,7.4409,-0.0012,-0.4225,-1.6583,trailer,122,76.5148,-75.0644,0.0076,0.0344,0.0317,-0.0154,51.7695,0.035229533065313255,0.12682631903512773,-10.38069999999999,13.20020000000001,5.0295,-5.5112,7.461179242586255,16.79298104953376,0,02_120_122_4549_ego_122,1,4549,4549,4556,vehicle_vehicle,0.2635826623960191,1.6806759132772684,2.439569178662209,12.728183161787078,15.0,3.0,3.5,0.8,0.02428373941550189,0.0874214618958068
2,122,4542,34,76.5148,-75.0644,51.7695,2.1253,4.7703,0.0076,0.0344,-0.2239,-0.2737,0.0317,-0.0154,-0.3536,-0.0065,car,122,76.5148,-75.0644,0.0076,0.0344,0.0317,-0.0154,51.7695,0.035229533065313255,0.12682631903512773,0.0,0.0,0.0,0.0,0.0,0.0,1,02_120_122_4549_ego_122,1,4549,4549,4556,vehicle_vehicle,0.2635826623960191,1.6806759132772684,2.439569178662209,12.728183161787078,15.0,3.0,3.5,0.8,0.02428373941550189,0.0874214618958068
2,119,4543,157,70.1663,-65.6817,323.0234,2.3818,5.5901,6.1644,-4.3143,1.2871,2.1526,7.5197,-0.2612,-0.2665,-2.4938,car,122,76.5147,-75.0635,-0.0014,0.025,0.0187,-0.0166,51.7525,0.025039169315294787,0.09014100953506124,-6.348399999999998,9.381799999999998,6.1658,-4.339300000000001,7.539669364766602,11.327857423184668,0,02_120_122_4549_ego_122,0,4549,4549,4556,vehicle_vehicle,0.2635826623960191,1.6806759132772684,2.439569178662209,12.728183161787078,15.0,3.0,3.5,0.8,0.02428373941550189,0.0874214618958068
2,120,4543,151,66.3353,-62.0817,313.0807,2.3512,3.4074,5.0769,-5.4182,0.9748,1.4641,7.4251,-0.0074,-0.4036,-1.712,trailer,122,76.5147,-75.0635,-0.0014,0.025,0.0187,-0.0166,51.7525,0.025039169315294787,0.09014100953506124,-10.179400000000001,12.981800000000007,5.0783000000000005,-5.4432,7.444296953373099,16.496888058055077,0,02_120_122_4549_ego_122,1,4549,4549,4556,vehicle_vehicle,0.2635826623960191,1.6806759132772684,2.439569178662209,12.728183161787078,15.0,3.0,3.5,0.8,0.02428373941550189,0.0874214618958068
2,122,4543,35,76.5147,-75.0635,51.7525,2.1253,4.7703,-0.0014,0.025,-0.1881,-0.2389,0.0187,-0.0166,-0.304,0.0002,car,122,76.5147,-75.0635,-0.0014,0.025,0.0187,-0.0166,51.7525,0.025039169315294787,0.09014100953506124,0.0,0.0,0.0,0.0,0.0,0.0,1,02_120_122_4549_ego_122,1,4549,4549,4556,vehicle_vehicle,0.2635826623960191,1.6806759132772684,2.439569178662209,12.728183161787078,15.0,3.0,3.5,0.8,0.02428373941550189,0.0874214618958068
2,119,4544,158,70.414,-65.8513,323.7861,2.3818,5.5901,6.2167,-4.2274,1.282,2.1639,7.5133,-0.2621,-0.2441,-2.5032,car,122,76.5137,-75.0625,-0.0087,0.0169,0.0078,-0.0173,51.7309,0.019007893097342483,0.06842841515043294,-6.099699999999999,9.211200000000005,6.2254000000000005,-4.2443,7.534566188573833,11.047739385503265,0,02_120_122_4549_ego_122,0,4549,4549,4556,vehicle_vehicle,0.2635826623960191,1.6806759132772684,2.439569178662209,12.728183161787078,15.0,3.0,3.5,0.8,0.02428373941550189,0.0874214618958068
2,120,4544,152,66.5406,-62.2966,313.5724,2.3512,3.4074,5.1179,-5.3586,1.0126,1.4937,7.4099,-0.0144,-0.3842,-1.7632,trailer,122,76.5137,-75.0625,-0.0087,0.0169,0.0078,-0.0173,51.7309,0.019007893097342483,0.06842841515043294,-9.973100000000002,12.765900000000002,5.1266,-5.3755,7.428191422546944,16.199719948813932,0,02_120_122_4549_ego_122,1,4549,4549,4556,vehicle_vehicle,0.2635826623960191,1.6806759132772684,2.439569178662209,12.728183161787078,15.0,3.0,3.5,0.8,0.02428373941550189,0.0874214618958068
2,122,4544,36,76.5137,-75.0625,51.7309,2.1253,4.7703,-0.0087,0.0169,-0.1523,-0.2055,0.0078,-0.0173,-0.2557,0.0077,car,122,76.5137,-75.0625,-0.0087,0.0169,0.0078,-0.0173,51.7309,0.019007893097342483,0.06842841515043294,0.0,0.0,0.0,0.0,0.0,0.0,1,02_120_122_4549_ego_122,1,4549,4549,4556,vehicle_vehicle,0.2635826623960191,1.6806759132772684,2.439569178662209,12.728183161787078,15.0,3.0,3.5,0.8,0.02428373941550189,0.0874214618958068
2,119,4545,159,70.6634,-66.0172,324.5612,2.3818,5.5901,6.2688,-4.1407,1.2761,2.1747,7.5083,-0.2613,-0.2213,-2.5117,car,122,76.5132,-75.0622,-0.0145,0.0101,-0.001,-0.0177,51.7159,0.017670880000724355,0.06361516800260768,-5.849800000000002,9.045000000000002,6.2833,-4.1508,7.530537798192105,10.771823663614256,0,02_120_122_4549_ego_122,0,4549,4549,4556,vehicle_vehicle,0.2635826623960191,1.6806759132772684,2.439569178662209,12.728183161787078,15.0,3.0,3.5,0.8,0.02428373941550189,0.0874214618958068
2,120,4545,153,66.7442,-62.509,314.0914,2.3512,3.4074,5.1611,-5.298,1.0481,1.5223,7.3963,-0.0204,-0.3641,-1.812,trailer,122,76.5132,-75.0622,-0.0145,0.0101,-0.001,-0.0177,51.7159,0.017670880000724355,0.06361516800260768,-9.768999999999991,12.553200000000004,5.1756,-5.3081000000000005,7.413687407086976,15.906482679712695,0,02_120_122_4549_ego_122,1,4549,4549,4556,vehicle_vehicle,0.2635826623960191,1.6806759132772684,2.439569178662209,12.728183161787078,15.0,3.0,3.5,0.8,0.02428373941550189,0.0874214618958068
2,122,4545,37,76.5132,-75.0622,51.7159,2.1253,4.7703,-0.0145,0.0101,-0.1168,-0.1736,-0.001,-0.0177,-0.2086,0.0158,car,122,76.5132,-75.0622,-0.0145,0.0101,-0.001,-0.0177,51.7159,0.017670880000724355,0.06361516800260768,0.0,0.0,0.0,0.0,0.0,0.0,1,02_120_122_4549_ego_122,1,4549,4549,4556,vehicle_vehicle,0.2635826623960191,1.6806759132772684,2.439569178662209,12.728183161787078,15.0,3.0,3.5,0.8,0.02428373941550189,0.0874214618958068
2,119,4546,160,70.9143,-66.1795,325.3542,2.3818,5.5901,6.321,-4.0542,1.2692,2.1857,7.505,-0.2582,-0.1984,-2.5197,car,122,76.5125,-75.0621,-0.0189,0.0048,-0.008,-0.0178,51.7111,0.0195,0.0702,-5.598200000000006,8.882599999999996,6.3399,-4.059,7.527935507826831,10.499544085340087,0,02_120_122_4549_ego_122,0,4549,4549,4556,vehicle_vehicle,0.2635826623960191,1.6806759132772684,2.439569178662209,12.728183161787078,15.0,3.0,3.5,0.8,0.02428373941550189,0.0874214618958068
2,120,4546,154,66.9525,-62.7193,314.6379,2.3512,3.4074,5.2053,-5.2365,1.081,1.5502,7.3835,-0.0246,-0.3435,-1.8584,trailer,122,76.5125,-75.0621,-0.0189,0.0048,-0.008,-0.0178,51.7111,0.0195,0.0702,-9.560000000000002,12.342800000000004,5.224200000000001,-5.241300000000001,7.400235896915721,15.612120670812153,0,02_120_122_4549_ego_122,1,4549,4549,4556,vehicle_vehicle,0.2635826623960191,1.6806759132772684,2.439569178662209,12.728183161787078,15.0,3.0,3.5,0.8,0.02428373941550189,0.0874214618958068
2,122,4546,38,76.5125,-75.0621,51.7111,2.1253,4.7703,-0.0189,0.0048,-0.0816,-0.1432,-0.008,-0.0178,-0.163,0.0246,car,122,76.5125,-75.0621,-0.0189,0.0048,-0.008,-0.0178,51.7111,0.0195,0.0702,0.0,0.0,0.0,0.0,0.0,0.0,1,02_120_122_4549_ego_122,1,4549,4549,4556,vehicle_vehicle,0.2635826623960191,1.6806759132772684,2.439569178662209,12.728183161787078,15.0,3.0,3.5,0.8,0.02428373941550189,0.0874214618958068
2,119,4547,161,71.1678,-66.3394,326.1595,2.3818,5.5901,6.3731,-3.9675,1.261,2.1973,7.5029,-0.2538,-0.1762,-2.5273,car,122,76.5118,-75.0621,-0.0219,0.0006,-0.0131,-0.0176,51.715,0.021908217636311723,0.0788695834907222,-5.343999999999994,8.722700000000003,6.395,-3.9680999999999997,7.526077504915824,10.229556749439341,0,02_120_122_4549_ego_122,0,4549,4549,4556,vehicle_vehicle,0.2635826623960191,1.6806759132772684,2.439569178662209,12.728183161787078,15.0,3.0,3.5,0.8,0.02428373941550189,0.0874214618958068
2,120,4547,155,67.1601,-62.9272,315.266,2.3512,3.4074,5.2514,-5.174,1.1114,1.5776,7.3721,-0.0205,-0.3208,-1.9029,trailer,122,76.5118,-75.0621,-0.0219,0.0006,-0.0131,-0.0176,51.715,0.021908217636311723,0.0788695834907222,-9.351699999999994,12.134900000000002,5.2733,-5.174600000000001,7.388110587288201,15.320251006429363,0,02_120_122_4549_ego_122,1,4549,4549,4556,vehicle_vehicle,0.2635826623960191,1.6806759132772684,2.439569178662209,12.728183161787078,15.0,3.0,3.5,0.8,0.02428373941550189,0.0874214618958068
2,122,4547,39,76.5118,-75.0621,51.715,2.1253,4.7703,-0.0219,0.0006,-0.0467,-0.1144,-0.0131,-0.0176,-0.1187,0.0342,car,122,76.5118,-75.0621,-0.0219,0.0006,-0.0131,-0.0176,51.715,0.021908217636311723,0.0788695834907222,0.0,0.0,0.0,0.0,0.0,0.0,1,02_120_122_4549_ego_122,1,4549,4549,4556,vehicle_vehicle,0.2635826623960191,1.6806759132772684,2.439569178662209,12.728183161787078,15.0,3.0,3.5,0.8,0.02428373941550189,0.0874214618958068
2,119,4548,162,71.4236,-66.4959,326.9798,2.3818,5.5901,6.4249,-3.8804,1.2515,2.2096,7.5017,-0.2475,-0.1547,-2.5347,car,122,76.5114,-75.0624,-0.0237,-0.0022,-0.0165,-0.0173,51.7188,0.023801890681204297,0.08568680645233547,-5.087800000000001,8.56649999999999,6.4486,-3.8781999999999996,7.524950312128313,9.96346481350739,0,02_120_122_4549_ego_122,0,4549,4549,4556,vehicle_vehicle,0.2635826623960191,1.6806759132772684,2.439569178662209,12.728183161787078,15.0,3.0,3.5,0.8,0.02428373941550189,0.0874214618958068
2,120,4548,156,67.373,-63.1319,315.9204,2.3512,3.4074,5.298,-5.1109,1.1393,1.6047,7.3613,-0.0141,-0.2979,-1.9453,trailer,122,76.5114,-75.0624,-0.0237,-0.0022,-0.0165,-0.0173,51.7188,0.023801890681204297,0.08568680645233547,-9.13839999999999,11.930499999999995,5.3217,-5.1087,7.376944257617784,15.028212961293825,0,02_120_122_4549_ego_122,1,4549,4549,4556,vehicle_vehicle,0.2635826623960191,1.6806759132772684,2.439569178662209,12.728183161787078,15.0,3.0,3.5,0.8,0.02428373941550189,0.0874214618958068
2,122,4548,40,76.5114,-75.0624,51.7188,2.1253,4.7703,-0.0237,-0.0022,-0.0119,-0.0872,-0.0165,-0.0173,-0.0759,0.0447,car,122,76.5114,-75.0624,-0.0237,-0.0022,-0.0165,-0.0173,51.7188,0.023801890681204297,0.08568680645233547,0.0,0.0,0.0,0.0,0.0,0.0,1,02_120_122_4549_ego_122,1,4549,4549,4556,vehicle_vehicle,0.2635826623960191,1.6806759132772684,2.439569178662209,12.728183161787078,15.0,3.0,3.5,0.8,0.02428373941550189,0.0874214618958068
2,119,4549,163,71.6814,-66.6489,327.8081,2.3818,5.5901,6.4764,-3.793,1.2406,2.2228,7.5016,-0.2404,-0.1343,-2.5421,car,122,76.5099,-75.0619,-0.0239,-0.0043,-0.0182,-0.0161,51.7178,0.02428373941550189,0.0874214618958068,-4.828500000000005,8.412999999999997,6.5003,-3.7887,7.5238386333041465,9.700153671463148,0,02_120_122_4549_ego_122,0,4549,4549,4556,vehicle_vehicle,0.2635826623960191,1.6806759132772684,2.439569178662209,12.728183161787078,15.0,3.0,3.5,0.8,0.02428373941550189,0.0874214618958068
2,120,4549,157,67.5843,-63.3341,316.5985,2.3512,3.4074,5.3463,-5.047,1.1648,1.6319,7.3522,-0.0065,-0.275,-1.986,trailer,122,76.5099,-75.0619,-0.0239,-0.0043,-0.0182,-0.0161,51.7178,0.02428373941550189,0.0874214618958068,-8.925600000000003,11.727799999999995,5.3702000000000005,-5.0427,7.366673016362271,14.737965538024573,0,02_120_122_4549_ego_122,1,4549,4549,4556,vehicle_vehicle,0.2635826623960191,1.6806759132772684,2.439569178662209,12.728183161787078,15.0,3.0,3.5,0.8,0.02428373941550189,0.0874214618958068
2,122,4549,41,76.5099,-75.0619,51.7178,2.1253,4.7703,-0.0239,-0.0043,0.0227,-0.0616,-0.0182,-0.0161,-0.0343,0.056,car,122,76.5099,-75.0619,-0.0239,-0.0043,-0.0182,-0.0161,51.7178,0.02428373941550189,0.0874214618958068,0.0,0.0,0.0,0.0,0.0,0.0,1,02_120_122_4549_ego_122,1,4549,4549,4556,vehicle_vehicle,0.2635826623960191,1.6806759132772684,2.439569178662209,12.728183161787078,15.0,3.0,3.5,0.8,0.02428373941550189,0.0874214618958068
2,119,4550,164,71.9412,-66.7986,328.6375,2.3818,5.5901,6.5276,-3.7053,1.2282,2.2372,7.5023,-0.2334,-0.1156,-2.5495,car,122,76.5073,-75.0605,-0.0221,-0.0059,-0.0184,-0.0137,51.6997,0.022874002710500847,0.08234640975780305,-4.566100000000006,8.261900000000011,6.5497,-3.6994,7.522242381763565,9.439717200213163,0,02_120_122_4549_ego_122,0,4549,4549,4556,vehicle_vehicle,0.2635826623960191,1.6806759132772684,2.439569178662209,12.728183161787078,15.0,3.0,3.5,0.8,0.02428373941550189,0.0874214618958068
2,120,4550,158,67.8002,-63.5343,317.2967,2.3512,3.4074,5.3951,-4.9822,1.1878,1.6595,7.3437,0.0023,-0.2526,-2.0251,trailer,122,76.5073,-75.0605,-0.0221,-0.0059,-0.0184,-0.0137,51.6997,0.022874002710500847,0.08234640975780305,-8.707099999999997,11.526200000000003,5.4172,-4.9763,7.355923975273264,14.445306395158255,0,02_120_122_4549_ego_122,1,4549,4549,4556,vehicle_vehicle,0.2635826623960191,1.6806759132772684,2.439569178662209,12.728183161787078,15.0,3.0,3.5,0.8,0.02428373941550189,0.0874214618958068
2,122,4550,42,76.5073,-75.0605,51.6997,2.1253,4.7703,-0.0221,-0.0059,0.0567,-0.0372,-0.0184,-0.0137,0.006,0.0676,car,122,76.5073,-75.0605,-0.0221,-0.0059,-0.0184,-0.0137,51.6997,0.022874002710500847,0.08234640975780305,0.0,0.0,0.0,0.0,0.0,0.0,1,02_120_122_4549_ego_122,1,4549,4549,4556,vehicle_vehicle,0.2635826623960191,1.6806759132772684,2.439569178662209,12.728183161787078,15.0,3.0,3.5,0.8,0.02428373941550189,0.0874214618958068
2,119,4551,165,72.2026,-66.9449,329.476,2.3818,5.5901,6.5786,-3.617,1.2141,2.2527,7.504,-0.2256,-0.0983,-2.5571,car,122,76.5051,-75.0599,-0.0184,-0.007,-0.0169,-0.0101,51.6859,0.01968654362756449,0.07087155705923216,-4.302499999999995,8.114999999999995,6.5969999999999995,-3.61,7.52014022475645,9.185027558477975,0,02_120_122_4549_ego_122,0,4549,4549,4556,vehicle_vehicle,0.2635826623960191,1.6806759132772684,2.439569178662209,12.728183161787078,15.0,3.0,3.5,0.8,0.02428373941550189,0.0874214618958068
2,120,4551,159,68.0201,-63.7309,318.0097,2.3512,3.4074,5.4437,-4.9168,1.2091,1.6878,7.3354,0.0126,-0.2305,-2.0634,trailer,122,76.5051,-75.0599,-0.0184,-0.007,-0.0169,-0.0101,51.6859,0.01968654362756449,0.07087155705923216,-8.485,11.329,5.4620999999999995,-4.909800000000001,7.344431390516219,14.154203121334668,0,02_120_122_4549_ego_122,1,4549,4549,4556,vehicle_vehicle,0.2635826623960191,1.6806759132772684,2.439569178662209,12.728183161787078,15.0,3.0,3.5,0.8,0.02428373941550189,0.0874214618958068
2,122,4551,43,76.5051,-75.0599,51.6859,2.1253,4.7703,-0.0184,-0.007,0.0895,-0.0133,-0.0169,-0.0101,0.045,0.0785,car,122,76.5051,-75.0599,-0.0184,-0.007,-0.0169,-0.0101,51.6859,0.01968654362756449,0.07087155705923216,0.0,0.0,0.0,0.0,0.0,0.0,1,02_120_122_4549_ego_122,1,4549,4549,4556,vehicle_vehicle,0.2635826623960191,1.6806759132772684,2.439569178662209,12.728183161787078,15.0,3.0,3.5,0.8,0.02428373941550189,0.0874214618958068
2,119,4552,166,72.4661,-67.088,330.3204,2.3818,5.5901,6.6293,-3.528,1.198,2.2693,7.5064,-0.2174,-0.0828,-2.5648,car,122,76.5037,-75.0594,-0.013,-0.0074,-0.0139,-0.0056,51.6872,0.014958609561052123,0.05385099441978764,-4.037599999999998,7.971400000000003,6.6423,-3.5206,7.5176308535335785,8.935627102783554,0,02_120_122_4549_ego_122,0,4549,4549,4556,vehicle_vehicle,0.2635826623960191,1.6806759132772684,2.439569178662209,12.728183161787078,15.0,3.0,3.5,0.8,0.02428373941550189,0.0874214618958068
2,120,4552,160,68.2389,-63.9252,318.7871,2.3512,3.4074,5.493,-4.8507,1.2294,1.7174,7.3281,0.0299,-0.2066,-2.1019,trailer,122,76.5037,-75.0594,-0.013,-0.0074,-0.0139,-0.0056,51.6872,0.014958609561052123,0.05385099441978764,-8.264799999999994,11.1342,5.506,-4.8433,7.333047858155571,13.866410086247987,0,02_120_122_4549_ego_122,1,4549,4549,4556,vehicle_vehicle,0.2635826623960191,1.6806759132772684,2.439569178662209,12.728183161787078,15.0,3.0,3.5,0.8,0.02428373941550189,0.0874214618958068
2,122,4552,44,76.5037,-75.0594,51.6872,2.1253,4.7703,-0.013,-0.0074,0.1207,0.0102,-0.0139,-0.0056,0.0829,0.0884,car,122,76.5037,-75.0594,-0.013,-0.0074,-0.0139,-0.0056,51.6872,0.014958609561052123,0.05385099441978764,0.0,0.0,0.0,0.0,0.0,0.0,1,02_120_122_4549_ego_122,1,4549,4549,4556,vehicle_vehicle,0.2635826623960191,1.6806759132772684,2.439569178662209,12.728183161787078,15.0,3.0,3.5,0.8,0.02428373941550189,0.0874214618958068
2,119,4553,167,72.732,-67.2276,331.17,2.3818,5.5901,6.6794,-3.4381,1.1797,2.287,7.5094,-0.2089,-0.0693,-2.5724,car,122,76.5031,-75.0589,-0.0063,-0.0072,-0.0096,-0.0005,51.6883,0.009567131231461185,0.03444167243326027,-3.771100000000004,7.831299999999999,6.685700000000001,-3.4309,7.514629684821468,8.691976466834227,0,02_120_122_4549_ego_122,0,4549,4549,4556,vehicle_vehicle,0.2635826623960191,1.6806759132772684,2.439569178662209,12.728183161787078,15.0,3.0,3.5,0.8,0.02428373941550189,0.0874214618958068
2,120,4553,161,68.4616,-64.1164,319.5803,2.3512,3.4074,5.5424,-4.784,1.2492,1.7486,7.3213,0.0485,-0.1827,-2.1412,trailer,122,76.5031,-75.0589,-0.0063,-0.0072,-0.0096,-0.0005,51.6883,0.009567131231461185,0.03444167243326027,-8.0415,10.942499999999995,5.5487,-4.7768,7.321604327604709,13.579544487942144,0,02_120_122_4549_ego_122,1,4549,4549,4556,vehicle_vehicle,0.2635826623960191,1.6806759132772684,2.439569178662209,12.728183161787078,15.0,3.0,3.5,0.8,0.02428373941550189,0.0874214618958068
2,122,4553,45,76.5031,-75.0589,51.6883,2.1253,4.7703,-0.0063,-0.0072,0.1501,0.0338,-0.0096,-0.0005,0.1196,0.0968,car,122,76.5031,-75.0589,-0.0063,-0.0072,-0.0096,-0.0005,51.6883,0.009567131231461185,0.03444167243326027,0.0,0.0,0.0,0.0,0.0,0.0,1,02_120_122_4549_ego_122,1,4549,4549,4556,vehicle_vehicle,0.2635826623960191,1.6806759132772684,2.439569178662209,12.728183161787078,15.0,3.0,3.5,0.8,0.02428373941550189,0.0874214618958068
2,119,4554,168,72.9996,-67.3636,332.0261,2.3818,5.5901,6.729,-3.3475,1.1592,2.3056,7.513,-0.1999,-0.0577,-2.58,car,122,76.5029,-75.0586,0.0015,-0.0063,-0.004,0.0051,51.6899,0.006476109943476871,0.023313995796516735,-3.503299999999996,7.694999999999993,6.7275,-3.3412,7.5115160713400595,8.454947420889138,0,02_120_122_4549_ego_122,0,4549,4549,4556,vehicle_vehicle,0.2635826623960191,1.6806759132772684,2.439569178662209,12.728183161787078,15.0,3.0,3.5,0.8,0.02428373941550189,0.0874214618958068
2,120,4554,162,68.6833,-64.3062,320.3749,2.3512,3.4074,5.5929,-4.7161,1.2685,1.7818,7.3156,0.0655,-0.1593,-2.1815,trailer,122,76.5029,-75.0586,0.0015,-0.0063,-0.004,0.0051,51.6899,0.006476109943476871,0.023313995796516735,-7.819599999999994,10.752399999999994,5.5914,-4.7097999999999995,7.310675071428083,13.295121282635964,0,02_120_122_4549_ego_122,1,4549,4549,4556,vehicle_vehicle,0.2635826623960191,1.6806759132772684,2.439569178662209,12.728183161787078,15.0,3.0,3.5,0.8,0.02428373941550189,0.0874214618958068
2,122,4554,46,76.5029,-75.0586,51.6899,2.1253,4.7703,0.0015,-0.0063,0.1777,0.0577,-0.004,0.0051,0.1554,0.1036,car,122,76.5029,-75.0586,0.0015,-0.0063,-0.004,0.0051,51.6899,0.006476109943476871,0.023313995796516735,0.0,0.0,0.0,0.0,0.0,0.0,1,02_120_122_4549_ego_122,1,4549,4549,4556,vehicle_vehicle,0.2635826623960191,1.6806759132772684,2.439569178662209,12.728183161787078,15.0,3.0,3.5,0.8,0.02428373941550189,0.0874214618958068
2,119,4555,169,73.2692,-67.4958,332.8598,2.3818,5.5901,6.7779,-3.2561,1.1362,2.325,7.517,-0.1943,-0.0495,-2.5873,car,122,76.503,-75.0582,0.0106,-0.0046,0.0029,0.0111,51.6909,0.011555085460523432,0.04159830765788435,-3.2338000000000022,7.562399999999997,6.7673,-3.2515,7.50790260592131,8.224801286353365,0,02_120_122_4549_ego_122,0,4549,4549,4556,vehicle_vehicle,0.2635826623960191,1.6806759132772684,2.439569178662209,12.728183161787078,15.0,3.0,3.5,0.8,0.02428373941550189,0.0874214618958068
2,120,4555,163,68.909,-64.4929,321.1928,2.3512,3.4074,5.6439,-4.6471,1.2875,1.8172,7.3104,0.0843,-0.1355,-2.223,trailer,122,76.503,-75.0582,0.0106,-0.0046,0.0029,0.0111,51.6909,0.011555085460523432,0.04159830765788435,-7.593999999999994,10.565299999999993,5.6333,-4.6425,7.299785965355423,13.011318153438559,0,02_120_122_4549_ego_122,1,4549,4549,4556,vehicle_vehicle,0.2635826623960191,1.6806759132772684,2.439569178662209,12.728183161787078,15.0,3.0,3.5,0.8,0.02428373941550189,0.0874214618958068
2,122,4555,47,76.503,-75.0582,51.6909,2.1253,4.7703,0.0106,-0.0046,0.2033,0.0822,0.0029,0.0111,0.1905,0.1086,car,122,76.503,-75.0582,0.0106,-0.0046,0.0029,0.0111,51.6909,0.011555085460523432,0.04159830765788435,0.0,0.0,0.0,0.0,0.0,0.0,1,02_120_122_4549_ego_122,1,4549,4549,4556,vehicle_vehicle,0.2635826623960191,1.6806759132772684,2.439569178662209,12.728183161787078,15.0,3.0,3.5,0.8,0.02428373941550189,0.0874214618958068
2,119,4556,170,73.5408,-67.6246,333.6864,2.3818,5.5901,6.8261,-3.1637,1.1105,2.3451,7.5212,-0.19,-0.0442,-2.5944,car,122,76.5037,-75.0578,0.0205,-0.0022,0.011,0.0175,51.692,0.020617710833164774,0.0742237589993932,-2.9628999999999905,7.433199999999999,6.8056,-3.1614999999999998,7.504083795507617,8.0019521774377,0,02_120_122_4549_ego_122,0,4549,4549,4556,vehicle_vehicle,0.2635826623960191,1.6806759132772684,2.439569178662209,12.728183161787078,15.0,3.0,3.5,0.8,0.02428373941550189,0.0874214618958068
2,120,4556,164,69.1391,-64.6766,322.0156,2.3512,3.4074,5.6942,-4.5769,1.307,1.855,7.3049,0.1029,-0.1116,-2.2665,trailer,122,76.5037,-75.0578,0.0205,-0.0022,0.011,0.0175,51.692,0.020617710833164774,0.0742237589993932,-7.364599999999996,10.381200000000007,5.6737,-4.5747,7.288261231597012,12.728183161787078,0,02_120_122_4549_ego_122,1,4549,4549,4556,vehicle_vehicle,0.2635826623960191,1.6806759132772684,2.439569178662209,12.728183161787078,15.0,3.0,3.5,0.8,0.02428373941550189,0.0874214618958068
2,122,4556,48,76.5037,-75.0578,51.692,2.1253,4.7703,0.0205,-0.0022,0.2271,0.1074,0.011,0.0175,0.225,0.1116,car,122,76.5037,-75.0578,0.0205,-0.0022,0.011,0.0175,51.692,0.020617710833164774,0.0742237589993932,0.0,0.0,0.0,0.0,0.0,0.0,1,02_120_122_4549_ego_122,1,4549,4549,4556,vehicle_vehicle,0.2635826623960191,1.6806759132772684,2.439569178662209,12.728183161787078,15.0,3.0,3.5,0.8,0.02428373941550189,0.0874214618958068
2,119,4557,171,73.815,-67.7499,334.5017,2.3818,5.5901,6.8732,-3.0703,1.0821,2.3658,7.5254,-0.1875,-0.0418,-2.6012,car,122,76.5048,-75.0573,0.0314,0.0011,0.0203,0.024,51.6894,0.03141926160812822,0.11310934178926159,-2.6898000000000053,7.307400000000001,6.8418,-3.0714,7.499581668333241,7.78672709166053,0,02_120_122_4549_ego_122,0,4549,4549,4556,vehicle_vehicle,0.2635826623960191,1.6806759132772684,2.439569178662209,12.728183161787078,15.0,3.0,3.5,0.8,0.02428373941550189,0.0874214618958068
2,120,4557,165,69.3686,-64.8585,322.872,2.3512,3.4074,5.7451,-4.5052,1.3277,1.8954,7.2998,0.1242,-0.0855,-2.3125,trailer,122,76.5048,-75.0573,0.0314,0.0011,0.0203,0.024,51.6894,0.03141926160812822,0.11310934178926159,-7.136200000000002,10.198799999999991,5.7137,-4.5063,7.276888578231771,12.447524729037491,0,02_120_122_4549_ego_122,1,4549,4549,4556,vehicle_vehicle,0.2635826623960191,1.6806759132772684,2.439569178662209,12.728183161787078,15.0,3.0,3.5,0.8,0.02428373941550189,0.0874214618958068
2,122,4557,49,76.5048,-75.0573,51.6894,2.1253,4.7703,0.0314,0.0011,0.249,0.1335,0.0203,0.024,0.2592,0.1126,car,122,76.5048,-75.0573,0.0314,0.0011,0.0203,0.024,51.6894,0.03141926160812822,0.11310934178926159,0.0,0.0,0.0,0.0,0.0,0.0,1,02_120_122_4549_ego_122,1,4549,4549,4556,vehicle_vehicle,0.2635826623960191,1.6806759132772684,2.439569178662209,12.728183161787078,15.0,3.0,3.5,0.8,0.02428373941550189,0.0874214618958068
2,119,4558,172,74.0917,-67.8713,335.3102,2.3818,5.5901,6.9187,-2.9759,1.0512,2.3867,7.5293,-0.1862,-0.0418,-2.6076,car,122,76.5071,-75.0572,0.0429,0.0054,0.0308,0.0303,51.688,0.0432385244891636,0.15565868816098896,-2.415399999999991,7.1858999999999895,6.8758,-2.9813,7.494316201629072,7.5809838391860325,0,02_120_122_4549_ego_122,0,4549,4549,4556,vehicle_vehicle,0.2635826623960191,1.6806759132772684,2.439569178662209,12.728183161787078,15.0,3.0,3.5,0.8,0.02428373941550189,0.0874214618958068
2,120,4558,166,69.5965,-65.0386,323.7075,2.3512,3.4074,5.798,-4.4312,1.3492,1.9378,7.2961,0.1397,-0.0595,-2.3605,trailer,122,76.5071,-75.0572,0.0429,0.0054,0.0308,0.0303,51.688,0.0432385244891636,0.15565868816098896,-6.910599999999988,10.018599999999992,5.7551,-4.436599999999999,7.266677065206626,12.17081502283227,0,02_120_122_4549_ego_122,1,4549,4549,4556,vehicle_vehicle,0.2635826623960191,1.6806759132772684,2.439569178662209,12.728183161787078,15.0,3.0,3.5,0.8,0.02428373941550189,0.0874214618958068
2,122,4558,50,76.5071,-75.0572,51.688,2.1253,4.7703,0.0429,0.0054,0.2694,0.1607,0.0308,0.0303,0.2931,0.1117,car,122,76.5071,-75.0572,0.0429,0.0054,0.0308,0.0303,51.688,0.0432385244891636,0.15565868816098896,0.0,0.0,0.0,0.0,0.0,0.0,1,02_120_122_4549_ego_122,1,4549,4549,4556,vehicle_vehicle,0.2635826623960191,1.6806759132772684,2.439569178662209,12.728183161787078,15.0,3.0,3.5,0.8,0.02428373941550189,0.0874214618958068
2,119,4559,173,74.37,-67.9891,336.1188,2.3818,5.5901,6.9628,-2.8803,1.0182,2.4077,7.5327,-0.1851,-0.0437,-2.6138,car,122,76.5106,-75.0575,0.0545,0.011,0.0424,0.0359,51.6989,0.05559901078256699,0.20015643881724116,-2.140599999999992,7.068400000000011,6.9083,-2.8913,7.488940150648822,7.3854212418791745,0,02_120_122_4549_ego_122,0,4549,4549,4556,vehicle_vehicle,0.2635826623960191,1.6806759132772684,2.439569178662209,12.728183161787078,15.0,3.0,3.5,0.8,0.02428373941550189,0.0874214618958068
2,120,4559,167,69.8279,-65.216,324.5189,2.3512,3.4074,5.8524,-4.3549,1.3707,1.9818,7.2934,0.1493,-0.0342,-2.4094,trailer,122,76.5106,-75.0575,0.0545,0.011,0.0424,0.0359,51.6989,0.05559901078256699,0.20015643881724116,-6.682699999999997,9.84150000000001,5.7979,-4.3659,7.257873464038899,11.895948955001453,0,02_120_122_4549_ego_122,1,4549,4549,4556,vehicle_vehicle,0.2635826623960191,1.6806759132772684,2.439569178662209,12.728183161787078,15.0,3.0,3.5,0.8,0.02428373941550189,0.0874214618958068
2,122,4559,51,76.5106,-75.0575,51.6989,2.1253,4.7703,0.0545,0.011,0.2885,0.1888,0.0424,0.0359,0.327,0.1094,car,122,76.5106,-75.0575,0.0545,0.011,0.0424,0.0359,51.6989,0.05559901078256699,0.20015643881724116,0.0,0.0,0.0,0.0,0.0,0.0,1,02_120_122_4549_ego_122,1,4549,4549,4556,vehicle_vehicle,0.2635826623960191,1.6806759132772684,2.439569178662209,12.728183161787078,15.0,3.0,3.5,0.8,0.02428373941550189,0.0874214618958068
2,119,4560,174,74.6504,-68.103,336.9226,2.3818,5.5901,7.0051,-2.7836,0.9834,2.4284,7.5356,-0.1849,-0.0471,-2.6196,car,122,76.515,-75.058,0.0661,0.0182,0.0552,0.0406,51.708,0.06855982788776531,0.24681538039595513,-1.8645999999999958,6.9550000000000125,6.939,-2.8018,7.483301693771273,7.200608179869264,0,02_120_122_4549_ego_122,0,4549,4549,4556,vehicle_vehicle,0.2635826623960191,1.6806759132772684,2.439569178662209,12.728183161787078,15.0,3.0,3.5,0.8,0.02428373941550189,0.0874214618958068
2,120,4560,168,70.0635,-65.3896,325.3169,2.3512,3.4074,5.9075,-4.2764,1.3917,2.0267,7.2912,0.155,-0.0088,-2.4586,trailer,122,76.515,-75.058,0.0661,0.0182,0.0552,0.0406,51.708,0.06855982788776531,0.24681538039595513,-6.451499999999996,9.668400000000005,5.8414,-4.2946,7.250209867307291,11.623244418405735,0,02_120_122_4549_ego_122,1,4549,4549,4556,vehicle_vehicle,0.2635826623960191,1.6806759132772684,2.439569178662209,12.728183161787078,15.0,3.0,3.5,0.8,0.02428373941550189,0.0874214618958068
2,122,4560,52,76.515,-75.058,51.708,2.1253,4.7703,0.0661,0.0182,0.3072,0.2175,0.0552,0.0406,0.3611,0.1063,car,122,76.515,-75.058,0.0661,0.0182,0.0552,0.0406,51.708,0.06855982788776531,0.24681538039595513,0.0,0.0,0.0,0.0,0.0,0.0,1,02_120_122_4549_ego_122,1,4549,4549,4556,vehicle_vehicle,0.2635826623960191,1.6806759132772684,2.439569178662209,12.728183161787078,15.0,3.0,3.5,0.8,0.02428373941550189,0.0874214618958068
2,119,4561,175,74.9321,-68.2125,337.7099,2.3818,5.5901,7.0457,-2.6861,0.9472,2.4488,7.5381,-0.187,-0.0524,-2.6251,car,122,76.5192,-75.0574,0.0779,0.0267,0.0692,0.0446,51.6866,0.08234864904781376,0.2964551365721296,-1.5870999999999924,6.8448999999999955,6.9678,-2.7128,7.477266925822564,7.026488626618556,0,02_120_122_4549_ego_122,0,4549,4549,4556,vehicle_vehicle,0.2635826623960191,1.6806759132772684,2.439569178662209,12.728183161787078,15.0,3.0,3.5,0.8,0.02428373941550189,0.0874214618958068
2,120,4561,169,70.2985,-65.5613,326.1066,2.3512,3.4074,5.9643,-4.1952,1.4121,2.072,7.2903,0.1564,0.0167,-2.5074,trailer,122,76.5192,-75.0574,0.0779,0.0267,0.0692,0.0446,51.6866,0.08234864904781376,0.2964551365721296,-6.220699999999994,9.496099999999998,5.8864,-4.2219,7.243903959192171,11.352225495470035,0,02_120_122_4549_ego_122,1,4549,4549,4556,vehicle_vehicle,0.2635826623960191,1.6806759132772684,2.439569178662209,12.728183161787078,15.0,3.0,3.5,0.8,0.02428373941550189,0.0874214618958068
2,122,4561,53,76.5192,-75.0574,51.6866,2.1253,4.7703,0.0779,0.0267,0.3261,0.2465,0.0692,0.0446,0.3956,0.1031,car,122,76.5192,-75.0574,0.0779,0.0267,0.0692,0.0446,51.6866,0.08234864904781376,0.2964551365721296,0.0,0.0,0.0,0.0,0.0,0.0,1,02_120_122_4549_ego_122,1,4549,4549,4556,vehicle_vehicle,0.2635826623960191,1.6806759132772684,2.439569178662209,12.728183161787078,15.0,3.0,3.5,0.8,0.02428373941550189,0.0874214618958068
2,119,4562,176,75.2153,-68.3182,338.4899,2.3818,5.5901,7.0846,-2.5877,0.9099,2.4688,7.54,-0.1902,-0.0587,-2.6305,car,122,76.523,-75.0557,0.0903,0.0361,0.0844,0.0484,51.6381,0.09724865037623917,0.350095141354461,-1.307699999999997,6.737499999999997,6.9943,-2.6237999999999997,7.470244904285266,6.8632343352096,0,02_120_122_4549_ego_122,0,4549,4549,4556,vehicle_vehicle,0.2635826623960191,1.6806759132772684,2.439569178662209,12.728183161787078,15.0,3.0,3.5,0.8,0.02428373941550189,0.0874214618958068
2,120,4562,170,70.5331,-65.7316,326.8042,2.3512,3.4074,6.0241,-4.1106,1.4302,2.1164,7.2916,0.1415,0.0381,-2.5541,trailer,122,76.523,-75.0557,0.0903,0.0361,0.0844,0.0484,51.6381,0.09724865037623917,0.350095141354461,-5.989899999999992,9.324100000000001,5.9338,-4.1467,7.239136918859872,11.082316672068162,0,02_120_122_4549_ego_122,1,4549,4549,4556,vehicle_vehicle,0.2635826623960191,1.6806759132772684,2.439569178662209,12.728183161787078,15.0,3.0,3.5,0.8,0.02428373941550189,0.0874214618958068
2,122,4562,54,76.523,-75.0557,51.6381,2.1253,4.7703,0.0903,0.0361,0.3456,0.2758,0.0844,0.0484,0.4307,0.0998,car,122,76.523,-75.0557,0.0903,0.0361,0.0844,0.0484,51.6381,0.09724865037623917,0.350095141354461,0.0,0.0,0.0,0.0,0.0,0.0,1,02_120_122_4549_ego_122,1,4549,4549,4556,vehicle_vehicle,0.2635826623960191,1.6806759132772684,2.439569178662209,12.728183161787078,15.0,3.0,3.5,0.8,0.02428373941550189,0.0874214618958068
2,119,4563,177,75.5,-68.4202,339.2703,2.3818,5.5901,7.1218,-2.4883,0.8716,2.4882,7.5415,-0.1936,-0.0655,-2.6356,car,122,76.5275,-75.0533,0.1033,0.0465,0.1006,0.052,51.5884,0.1132834498062272,0.40782041930241797,-1.0275000000000034,6.633099999999999,7.0185,-2.5348,7.462208338689024,6.712210653726534,0,02_120_122_4549_ego_122,0,4549,4549,4556,vehicle_vehicle,0.2635826623960191,1.6806759132772684,2.439569178662209,12.728183161787078,15.0,3.0,3.5,0.8,0.02428373941550189,0.0874214618958068
2,120,4563,171,70.7718,-65.8973,327.4987,2.3512,3.4074,6.0859,-4.023,1.4444,2.1584,7.2944,0.1228,0.0584,-2.5965,trailer,122,76.5275,-75.0533,0.1033,0.0465,0.1006,0.052,51.5884,0.1132834498062272,0.40782041930241797,-5.7557000000000045,9.155999999999992,5.9826,-4.0695,7.235491207236727,10.814824015674036,0,02_120_122_4549_ego_122,1,4549,4549,4556,vehicle_vehicle,0.2635826623960191,1.6806759132772684,2.439569178662209,12.728183161787078,15.0,3.0,3.5,0.8,0.02428373941550189,0.0874214618958068
2,122,4563,55,76.5275,-75.0533,51.5884,2.1253,4.7703,0.1033,0.0465,0.3658,0.3056,0.1006,0.052,0.4667,0.0967,car,122,76.5275,-75.0533,0.1033,0.0465,0.1006,0.052,51.5884,0.1132834498062272,0.40782041930241797,0.0,0.0,0.0,0.0,0.0,0.0,1,02_120_122_4549_ego_122,1,4549,4549,4556,vehicle_vehicle,0.2635826623960191,1.6806759132772684,2.439569178662209,12.728183161787078,15.0,3.0,3.5,0.8,0.02428373941550189,0.0874214618958068
2,119,4564,178,75.7862,-68.5182,340.0391,2.3818,5.5901,7.1572,-2.388,0.8327,2.5069,7.5424,-0.1988,-0.0731,-2.6406,car,122,76.5325,-75.0507,0.1168,0.0578,0.1179,0.0555,51.553,0.13031914671298306,0.46914892816673903,-0.7463000000000051,6.532500000000013,7.0404,-2.4457999999999998,7.45313154318371,6.574992010641547,0,02_120_122_4549_ego_122,0,4549,4549,4556,vehicle_vehicle,0.2635826623960191,1.6806759132772684,2.439569178662209,12.728183161787078,15.0,3.0,3.5,0.8,0.02428373941550189,0.0874214618958068
2,120,4564,172,71.0136,-66.0586,328.2406,2.3512,3.4074,6.1495,-3.9328,1.4533,2.1971,7.2987,0.1072,0.0793,-2.6331,trailer,122,76.5325,-75.0507,0.1168,0.0578,0.1179,0.0555,51.553,0.13031914671298306,0.46914892816673903,-5.518900000000002,8.992100000000008,6.0327,-3.9905999999999997,7.233142999415952,10.550645459875911,0,02_120_122_4549_ego_122,1,4549,4549,4556,vehicle_vehicle,0.2635826623960191,1.6806759132772684,2.439569178662209,12.728183161787078,15.0,3.0,3.5,0.8,0.02428373941550189,0.0874214618958068
2,122,4564,56,76.5325,-75.0507,51.553,2.1253,4.7703,0.1168,0.0578,0.387,0.3362,0.1179,0.0555,0.504,0.094,car,122,76.5325,-75.0507,0.1168,0.0578,0.1179,0.0555,51.553,0.13031914671298306,0.46914892816673903,0.0,0.0,0.0,0.0,0.0,0.0,1,02_120_122_4549_ego_122,1,4549,4549,4556,vehicle_vehicle,0.2635826623960191,1.6806759132772684,2.439569178662209,12.728183161787078,15.0,3.0,3.5,0.8,0.02428373941550189,0.0874214618958068
2,119,4565,179,76.0739,-68.612,340.8073,2.3818,5.5901,7.1907,-2.2867,0.7934,2.5247,7.5428,-0.2043,-0.0807,-2.6452,car,122,76.5383,-75.0482,0.1308,0.0704,0.1365,0.0586,51.5359,0.14854224988197803,0.5347520995751209,-0.4644000000000119,6.4361999999999995,7.0599,-2.3571,7.4429905562213365,6.452932496160177,0,02_120_122_4549_ego_122,0,4549,4549,4556,vehicle_vehicle,0.2635826623960191,1.6806759132772684,2.439569178662209,12.728183161787078,15.0,3.0,3.5,0.8,0.02428373941550189,0.0874214618958068
2,120,4565,173,71.2589,-66.216,329.0299,2.3512,3.4074,6.2141,-3.8404,1.4562,2.2315,7.3044,0.0952,0.1003,-2.6627,trailer,122,76.5383,-75.0482,0.1308,0.0704,0.1365,0.0586,51.5359,0.14854224988197803,0.5347520995751209,-5.27940000000001,8.8322,6.0833,-3.9107999999999996,7.231935807928608,10.289792087306726,0,02_120_122_4549_ego_122,1,4549,4549,4556,vehicle_vehicle,0.2635826623960191,1.6806759132772684,2.439569178662209,12.728183161787078,15.0,3.0,3.5,0.8,0.02428373941550189,0.0874214618958068
2,122,4565,57,76.5383,-75.0482,51.5359,2.1253,4.7703,0.1308,0.0704,0.4095,0.3678,0.1365,0.0586,0.5427,0.0919,car,122,76.5383,-75.0482,0.1308,0.0704,0.1365,0.0586,51.5359,0.14854224988197803,0.5347520995751209,0.0,0.0,0.0,0.0,0.0,0.0,1,02_120_122_4549_ego_122,1,4549,4549,4556,vehicle_vehicle,0.2635826623960191,1.6806759132772684,2.439569178662209,12.728183161787078,15.0,3.0,3.5,0.8,0.02428373941550189,0.0874214618958068
2,119,4566,180,76.3626,-68.7022,341.5623,2.3818,5.5901,7.2226,-2.1845,0.7539,2.5413,7.5427,-0.212,-0.0885,-2.6493,car,122,76.5453,-75.0453,0.1451,0.0843,0.1563,0.0612,51.5303,0.16781090548590696,0.6041192597492651,-0.18269999999999698,6.343099999999993,7.0775,-2.2687999999999997,7.432258047861363,6.3457306041148565,0,02_120_122_4549_ego_122,0,4549,4549,4556,vehicle_vehicle,0.2635826623960191,1.6806759132772684,2.439569178662209,12.728183161787078,15.0,3.0,3.5,0.8,0.02428373941550189,0.0874214618958068
2,120,4566,174,71.5069,-66.3692,329.8739,2.3512,3.4074,6.2795,-3.746,1.4522,2.2612,7.3114,0.0883,0.1212,-2.6846,trailer,122,76.5453,-75.0453,0.1451,0.0843,0.1563,0.0612,51.5303,0.16781090548590696,0.6041192597492651,-5.038399999999996,8.676099999999991,6.134399999999999,-3.8303,7.232016416601942,10.032954986941773,0,02_120_122_4549_ego_122,1,4549,4549,4556,vehicle_vehicle,0.2635826623960191,1.6806759132772684,2.439569178662209,12.728183161787078,15.0,3.0,3.5,0.8,0.02428373941550189,0.0874214618958068
2,122,4566,58,76.5453,-75.0453,51.5303,2.1253,4.7703,0.1451,0.0843,0.4337,0.4001,0.1563,0.0612,0.5831,0.0907,car,122,76.5453,-75.0453,0.1451,0.0843,0.1563,0.0612,51.5303,0.16781090548590696,0.6041192597492651,0.0,0.0,0.0,0.0,0.0,0.0,1,02_120_122_4549_ego_122,1,4549,4549,4556,vehicle_vehicle,0.2635826623960191,1.6806759132772684,2.439569178662209,12.728183161787078,15.0,3.0,3.5,0.8,0.02428373941550189,0.0874214618958068
2,119,4567,181,76.6526,-68.7881,342.3114,2.3818,5.5901,7.2526,-2.0814,0.7144,2.5567,7.5421,-0.2207,-0.0962,-2.6529,car,122,76.5517,-75.0411,0.1604,0.0993,0.1775,0.0637,51.509,0.18864954280358062,0.6791383540928903,0.10090000000000998,6.253,7.0922,-2.1807,7.41988903758001,6.253814021059469,0,02_120_122_4549_ego_122,0,4549,4549,4556,vehicle_vehicle,0.2635826623960191,1.6806759132772684,2.439569178662209,12.728183161787078,15.0,3.0,3.5,0.8,0.02428373941550189,0.0874214618958068
2,120,4567,175,71.7587,-66.5176,330.7758,2.3512,3.4074,6.3449,-3.6503,1.441,2.2856,7.3195,0.0879,0.1417,-2.6982,trailer,122,76.5517,-75.0411,0.1604,0.0993,0.1775,0.0637,51.509,0.18864954280358062,0.6791383540928903,-4.792999999999992,8.523499999999999,6.1845,-3.7496,7.232395205600977,9.778696296030462,0,02_120_122_4549_ego_122,1,4549,4549,4556,vehicle_vehicle,0.2635826623960191,1.6806759132772684,2.439569178662209,12.728183161787078,15.0,3.0,3.5,0.8,0.02428373941550189,0.0874214618958068
2,122,4567,59,76.5517,-75.0411,51.509,2.1253,4.7703,0.1604,0.0993,0.46,0.4334,0.1775,0.0637,0.6255,0.0903,car,122,76.5517,-75.0411,0.1604,0.0993,0.1775,0.0637,51.509,0.18864954280358062,0.6791383540928903,0.0,0.0,0.0,0.0,0.0,0.0,1,02_120_122_4549_ego_122,1,4549,4549,4556,vehicle_vehicle,0.2635826623960191,1.6806759132772684,2.439569178662209,12.728183161787078,15.0,3.0,3.5,0.8,0.02428373941550189,0.0874214618958068
2,119,4568,182,76.9436,-68.8695,343.0594,2.3818,5.5901,7.2809,-1.9776,0.6752,2.5705,7.5412,-0.2297,-0.1031,-2.6557,car,122,76.5589,-75.0364,0.1765,0.1155,0.2003,0.0661,51.4797,0.2109324536433405,0.7593568331160259,0.38470000000000937,6.166899999999998,7.1044,-2.0931,7.406319394274055,6.1788874160321114,0,02_120_122_4549_ego_122,0,4549,4549,4556,vehicle_vehicle,0.2635826623960191,1.6806759132772684,2.439569178662209,12.728183161787078,15.0,3.0,3.5,0.8,0.02428373941550189,0.0874214618958068
2,120,4568,176,72.015,-66.6618,331.6864,2.3512,3.4074,6.4094,-3.5537,1.4227,2.3048,7.3281,0.0885,0.1593,-2.7039,trailer,122,76.5589,-75.0364,0.1765,0.1155,0.2003,0.0661,51.4797,0.2109324536433405,0.7593568331160259,-4.543899999999994,8.374600000000001,6.2329,-3.6692,7.232708417321965,9.527903881232218,0,02_120_122_4549_ego_122,1,4549,4549,4556,vehicle_vehicle,0.2635826623960191,1.6806759132772684,2.439569178662209,12.728183161787078,15.0,3.0,3.5,0.8,0.02428373941550189,0.0874214618958068
2,122,4568,60,76.5589,-75.0364,51.4797,2.1253,4.7703,0.1765,0.1155,0.4886,0.4677,0.2003,0.0661,0.6702,0.091,car,122,76.5589,-75.0364,0.1765,0.1155,0.2003,0.0661,51.4797,0.2109324536433405,0.7593568331160259,0.0,0.0,0.0,0.0,0.0,0.0,1,02_120_122_4549_ego_122,1,4549,4549,4556,vehicle_vehicle,0.2635826623960191,1.6806759132772684,2.439569178662209,12.728183161787078,15.0,3.0,3.5,0.8,0.02428373941550189,0.0874214618958068
2,119,4569,183,77.2362,-68.9465,343.8011,2.3818,5.5901,7.3074,-1.8733,0.6363,2.5828,7.5398,-0.2397,-0.1095,-2.6578,car,122,76.5672,-75.0316,0.1934,0.1331,0.2246,0.0683,51.4594,0.2347747218079493,0.8451889985086175,0.6689999999999969,6.085099999999997,7.114000000000001,-2.0064,7.391524670864598,6.1217646973728055,0,02_120_122_4549_ego_122,0,4549,4549,4556,vehicle_vehicle,0.2635826623960191,1.6806759132772684,2.439569178662209,12.728183161787078,15.0,3.0,3.5,0.8,0.02428373941550189,0.0874214618958068
2,120,4569,177,72.2743,-66.8016,332.5394,2.3512,3.4074,6.4725,-3.4564,1.3978,2.3189,7.3371,0.0823,0.171,-2.7022,trailer,122,76.5672,-75.0316,0.1934,0.1331,0.2246,0.0683,51.4594,0.2347747218079493,0.8451889985086175,-4.292900000000003,8.230000000000004,6.279100000000001,-3.5895,7.232676341438211,9.282342937534688,0,02_120_122_4549_ego_122,1,4549,4549,4556,vehicle_vehicle,0.2635826623960191,1.6806759132772684,2.439569178662209,12.728183161787078,15.0,3.0,3.5,0.8,0.02428373941550189,0.0874214618958068
2,122,4569,61,76.5672,-75.0316,51.4594,2.1253,4.7703,0.1934,0.1331,0.5195,0.5031,0.2246,0.0683,0.7172,0.0929,car,122,76.5672,-75.0316,0.1934,0.1331,0.2246,0.0683,51.4594,0.2347747218079493,0.8451889985086175,0.0,0.0,0.0,0.0,0.0,0.0,1,02_120_122_4549_ego_122,1,4549,4549,4556,vehicle_vehicle,0.2635826623960191,1.6806759132772684,2.439569178662209,12.728183161787078,15.0,3.0,3.5,0.8,0.02428373941550189,0.0874214618958068
2,119,4570,184,77.5301,-69.0194,344.5459,2.3818,5.5901,7.3318,-1.7684,0.5983,2.5936,7.5379,-0.2492,-0.1145,-2.6592,car,122,76.5755,-75.0259,0.2115,0.1522,0.2508,0.0705,51.4273,0.26057070057855697,0.9380545220828052,0.9545999999999992,6.006499999999988,7.1203,-1.9205999999999999,7.374779756033397,6.08188321245976,0,02_120_122_4549_ego_122,0,4549,4549,4556,vehicle_vehicle,0.2635826623960191,1.6806759132772684,2.439569178662209,12.728183161787078,15.0,3.0,3.5,0.8,0.02428373941550189,0.0874214618958068
2,120,4570,178,72.5367,-66.9378,333.3727,2.3512,3.4074,6.5336,-3.3587,1.3673,2.3279,7.3459,0.0742,0.179,-2.6938,trailer,122,76.5755,-75.0259,0.2115,0.1522,0.2508,0.0705,51.4273,0.26057070057855697,0.9380545220828052,-4.038800000000009,8.088099999999997,6.3221,-3.5109,7.231553582737253,9.040424052554174,0,02_120_122_4549_ego_122,1,4549,4549,4556,vehicle_vehicle,0.2635826623960191,1.6806759132772684,2.439569178662209,12.728183161787078,15.0,3.0,3.5,0.8,0.02428373941550189,0.0874214618958068
2,122,4570,62,76.5755,-75.0259,51.4273,2.1253,4.7703,0.2115,0.1522,0.5532,0.5396,0.2508,0.0705,0.7668,0.096,car,122,76.5755,-75.0259,0.2115,0.1522,0.2508,0.0705,51.4273,0.26057070057855697,0.9380545220828052,0.0,0.0,0.0,0.0,0.0,0.0,1,02_120_122_4549_ego_122,1,4549,4549,4556,vehicle_vehicle,0.2635826623960191,1.6806759132772684,2.439569178662209,12.728183161787078,15.0,3.0,3.5,0.8,0.02428373941550189,0.0874214618958068
2,119,4571,185,77.8247,-69.088,345.2848,2.3818,5.5901,7.3544,-1.6632,0.5614,2.6028,7.5356,-0.2595,-0.1182,-2.6601,car,122,76.5844,-75.0194,0.2309,0.1727,0.2791,0.0727,51.3923,0.28834025039872596,1.0380249014354135,1.2403000000000048,5.931400000000011,7.1235,-1.8359,7.356274944562635,6.059690590285954,0,02_120_122_4549_ego_122,0,4549,4549,4556,vehicle_vehicle,0.2635826623960191,1.6806759132772684,2.439569178662209,12.728183161787078,15.0,3.0,3.5,0.8,0.02428373941550189,0.0874214618958068
2,120,4571,179,72.8022,-67.0692,334.1952,2.3512,3.4074,6.5922,-3.2611,1.3323,2.3322,7.3544,0.0662,0.1842,-2.6796,trailer,122,76.5844,-75.0194,0.2309,0.1727,0.2791,0.0727,51.3923,0.28834025039872596,1.0380249014354135,-3.782200000000003,7.9502000000000095,6.3613,-3.4337999999999997,7.2289086403135565,8.804017087670841,0,02_120_122_4549_ego_122,1,4549,4549,4556,vehicle_vehicle,0.2635826623960191,1.6806759132772684,2.439569178662209,12.728183161787078,15.0,3.0,3.5,0.8,0.02428373941550189,0.0874214618958068
2,122,4571,63,76.5844,-75.0194,51.3923,2.1253,4.7703,0.2309,0.1727,0.5895,0.5772,0.2791,0.0727,0.8189,0.1005,car,122,76.5844,-75.0194,0.2309,0.1727,0.2791,0.0727,51.3923,0.28834025039872596,1.0380249014354135,0.0,0.0,0.0,0.0,0.0,0.0,1,02_120_122_4549_ego_122,1,4549,4549,4556,vehicle_vehicle,0.2635826623960191,1.6806759132772684,2.439569178662209,12.728183161787078,15.0,3.0,3.5,0.8,0.02428373941550189,0.0874214618958068
2,119,4572,186,78.12,-69.1524,346.0189,2.3818,5.5901,7.3752,-1.5575,0.526,2.6106,7.533,-0.2704,-0.1203,-2.6603,car,122,76.5946,-75.0126,0.2517,0.195,0.3094,0.0748,51.3638,0.3183989478625832,1.1462362123052996,1.5254000000000048,5.860200000000006,7.123500000000001,-1.7525000000000002,7.335905431506053,6.055475968080469,0,02_120_122_4549_ego_122,0,4549,4549,4556,vehicle_vehicle,0.2635826623960191,1.6806759132772684,2.439569178662209,12.728183161787078,15.0,3.0,3.5,0.8,0.02428373941550189,0.0874214618958068
2,120,4572,180,73.0699,-67.1968,334.9754,2.3512,3.4074,6.6483,-3.1636,1.2939,2.3322,7.3624,0.0544,0.1859,-2.6606,trailer,122,76.5946,-75.0126,0.2517,0.195,0.3094,0.0748,51.3638,0.3183989478625832,1.1462362123052996,-3.5246999999999957,7.81580000000001,6.3966,-3.3586,7.22472736648242,8.573811272123974,0,02_120_122_4549_ego_122,1,4549,4549,4556,vehicle_vehicle,0.2635826623960191,1.6806759132772684,2.439569178662209,12.728183161787078,15.0,3.0,3.5,0.8,0.02428373941550189,0.0874214618958068
2,122,4572,64,76.5946,-75.0126,51.3638,2.1253,4.7703,0.2517,0.195,0.6286,0.6157,0.3094,0.0748,0.8734,0.1066,car,122,76.5946,-75.0126,0.2517,0.195,0.3094,0.0748,51.3638,0.3183989478625832,1.1462362123052996,0.0,0.0,0.0,0.0,0.0,0.0,1,02_120_122_4549_ego_122,1,4549,4549,4556,vehicle_vehicle,0.2635826623960191,1.6806759132772684,2.439569178662209,12.728183161787078,15.0,3.0,3.5,0.8,0.02428373941550189,0.0874214618958068
2,119,4573,187,78.4163,-69.2127,346.7604,2.3818,5.5901,7.3943,-1.4516,0.4924,2.6169,7.5302,-0.2804,-0.12,-2.6601,car,122,76.6051,-75.0048,0.274,0.219,0.3422,0.0771,51.328,0.3507663039688961,1.262758694288026,1.8112000000000137,5.792100000000005,7.1203,-1.6706,7.313656845245065,6.068679250874947,0,02_120_122_4549_ego_122,0,4549,4549,4556,vehicle_vehicle,0.2635826623960191,1.6806759132772684,2.439569178662209,12.728183161787078,15.0,3.0,3.5,0.8,0.02428373941550189,0.0874214618958068
2,120,4573,181,73.3395,-67.3207,335.7052,2.3512,3.4074,6.7018,-3.0665,1.2532,2.3282,7.3699,0.0376,0.1843,-2.6376,trailer,122,76.6051,-75.0048,0.274,0.219,0.3422,0.0771,51.328,0.3507663039688961,1.262758694288026,-3.265599999999992,7.684100000000001,6.4278,-3.2855,7.2188034389364,8.34922368666692,0,02_120_122_4549_ego_122,1,4549,4549,4556,vehicle_vehicle,0.2635826623960191,1.6806759132772684,2.439569178662209,12.728183161787078,15.0,3.0,3.5,0.8,0.02428373941550189,0.0874214618958068
2,122,4573,65,76.6051,-75.0048,51.328,2.1253,4.7703,0.274,0.219,0.6705,0.6549,0.3422,0.0771,0.9303,0.1143,car,122,76.6051,-75.0048,0.274,0.219,0.3422,0.0771,51.328,0.3507663039688961,1.262758694288026,0.0,0.0,0.0,0.0,0.0,0.0,1,02_120_122_4549_ego_122,1,4549,4549,4556,vehicle_vehicle,0.2635826623960191,1.6806759132772684,2.439569178662209,12.728183161787078,15.0,3.0,3.5,0.8,0.02428373941550189,0.0874214618958068
2,119,4574,188,78.7127,-69.2688,347.5097,2.3818,5.5901,7.4119,-1.3454,0.4609,2.6216,7.5274,-0.2895,-0.117,-2.6592,car,122,76.6167,-74.9967,0.2979,0.245,0.3775,0.0791,51.2788,0.38570637796126733,1.3885429606605624,2.0960000000000036,5.727900000000005,7.114,-1.5903999999999998,7.289606859083691,6.099348687359994,0,02_120_122_4549_ego_122,0,4549,4549,4556,vehicle_vehicle,0.2635826623960191,1.6806759132772684,2.439569178662209,12.728183161787078,15.0,3.0,3.5,0.8,0.02428373941550189,0.0874214618958068
2,120,4574,182,73.6108,-67.4406,336.3982,2.3512,3.4074,6.7527,-2.9699,1.2112,2.3205,7.377,0.0179,0.1808,-2.6114,trailer,122,76.6167,-74.9967,0.2979,0.245,0.3775,0.0791,51.2788,0.38570637796126733,1.3885429606605624,-3.005899999999997,7.556100000000001,6.4548,-3.2149,7.211104287832758,8.132040458581105,0,02_120_122_4549_ego_122,1,4549,4549,4556,vehicle_vehicle,0.2635826623960191,1.6806759132772684,2.439569178662209,12.728183161787078,15.0,3.0,3.5,0.8,0.02428373941550189,0.0874214618958068
2,122,4574,66,76.6167,-74.9967,51.2788,2.1253,4.7703,0.2979,0.245,0.7153,0.6945,0.3775,0.0791,0.9893,0.1237,car,122,76.6167,-74.9967,0.2979,0.245,0.3775,0.0791,51.2788,0.38570637796126733,1.3885429606605624,0.0,0.0,0.0,0.0,0.0,0.0,1,02_120_122_4549_ego_122,1,4549,4549,4556,vehicle_vehicle,0.2635826623960191,1.6806759132772684,2.439569178662209,12.728183161787078,15.0,3.0,3.5,0.8,0.02428373941550189,0.0874214618958068
2,119,4575,189,79.0093,-69.3203,348.2684,2.3818,5.5901,7.4284,-1.239,0.4313,2.6247,7.5251,-0.2973,-0.1114,-2.6576,car,122,76.6289,-74.9876,0.3237,0.2732,0.4157,0.0812,51.2146,0.4235798980121696,1.5248876328438106,2.3803999999999945,5.667299999999997,7.1047,-1.5122,7.263849594395523,6.146917394109013,0,02_120_122_4549_ego_122,0,4549,4549,4556,vehicle_vehicle,0.2635826623960191,1.6806759132772684,2.439569178662209,12.728183161787078,15.0,3.0,3.5,0.8,0.02428373941550189,0.0874214618958068
2,120,4575,183,73.8843,-67.5564,337.0393,2.3512,3.4074,6.801,-2.8741,1.1689,2.3096,7.3834,-0.0067,0.1753,-2.5827,trailer,122,76.6289,-74.9876,0.3237,0.2732,0.4157,0.0812,51.2146,0.4235798980121696,1.5248876328438106,-2.7446000000000055,7.431200000000004,6.4773000000000005,-3.1473,7.2014521160665925,7.9218408592952745,0,02_120_122_4549_ego_122,1,4549,4549,4556,vehicle_vehicle,0.2635826623960191,1.6806759132772684,2.439569178662209,12.728183161787078,15.0,3.0,3.5,0.8,0.02428373941550189,0.0874214618958068
2,122,4575,67,76.6289,-74.9876,51.2146,2.1253,4.7703,0.3237,0.2732,0.763,0.734,0.4157,0.0812,1.0501,0.1349,car,122,76.6289,-74.9876,0.3237,0.2732,0.4157,0.0812,51.2146,0.4235798980121696,1.5248876328438106,0.0,0.0,0.0,0.0,0.0,0.0,1,02_120_122_4549_ego_122,1,4549,4549,4556,vehicle_vehicle,0.2635826623960191,1.6806759132772684,2.439569178662209,12.728183161787078,15.0,3.0,3.5,0.8,0.02428373941550189,0.0874214618958068
2,119,4576,190,79.3062,-69.3671,349.0372,2.3818,5.5901,7.4439,-1.1327,0.4036,2.6265,7.5235,-0.3035,-0.1032,-2.6553,car,122,76.6414,-74.9766,0.3518,0.3031,0.4567,0.0839,51.1512,0.4643628430441006,1.6717062349587621,2.6647999999999996,5.609500000000011,7.0921,-1.4358,7.235979826533516,6.21028576556668,0,02_120_122_4549_ego_122,0,4549,4549,4556,vehicle_vehicle,0.2635826623960191,1.6806759132772684,2.439569178662209,12.728183161787078,15.0,3.0,3.5,0.8,0.02428373941550189,0.0874214618958068
2,120,4576,184,74.1591,-67.6682,337.6635,2.3512,3.4074,6.8469,-2.7792,1.1271,2.296,7.3894,-0.0315,0.17,-2.5521,trailer,122,76.6414,-74.9766,0.3518,0.3031,0.4567,0.0839,51.1512,0.4643628430441006,1.6717062349587621,-2.4823000000000093,7.308400000000006,6.4951,-3.0823,7.189360006287068,7.718453462320035,0,02_120_122_4549_ego_122,1,4549,4549,4556,vehicle_vehicle,0.2635826623960191,1.6806759132772684,2.439569178662209,12.728183161787078,15.0,3.0,3.5,0.8,0.02428373941550189,0.0874214618958068
2,122,4576,68,76.6414,-74.9766,51.1512,2.1253,4.7703,0.3518,0.3031,0.8132,0.7731,0.4567,0.0839,1.1121,0.1484,car,122,76.6414,-74.9766,0.3518,0.3031,0.4567,0.0839,51.1512,0.4643628430441006,1.6717062349587621,0.0,0.0,0.0,0.0,0.0,0.0,1,02_120_122_4549_ego_122,1,4549,4549,4556,vehicle_vehicle,0.2635826623960191,1.6806759132772684,2.439569178662209,12.728183161787078,15.0,3.0,3.5,0.8,0.02428373941550189,0.0874214618958068
2,119,4577,191,79.6042,-69.4099,349.8173,2.3818,5.5901,7.4583,-1.0266,0.3776,2.6271,7.5223,-0.3081,-0.0928,-2.6525,car,122,76.6551,-74.9642,0.3824,0.3347,0.5007,0.0873,51.0807,0.5081868258819782,1.8294725731751214,2.9491000000000014,5.554300000000012,7.075900000000001,-1.3613,7.205657395408139,6.288675480576187,0,02_120_122_4549_ego_122,0,4549,4549,4556,vehicle_vehicle,0.2635826623960191,1.6806759132772684,2.439569178662209,12.728183161787078,15.0,3.0,3.5,0.8,0.02428373941550189,0.0874214618958068
2,120,4577,185,74.4356,-67.7762,338.2792,2.3512,3.4074,6.8905,-2.6854,1.0865,2.2801,7.3951,-0.0553,0.1656,-2.5203,trailer,122,76.6551,-74.9642,0.3824,0.3347,0.5007,0.0873,51.0807,0.5081868258819782,1.8294725731751214,-2.2195000000000107,7.188000000000002,6.508100000000001,-3.0201000000000002,7.174703451711437,7.522866757426991,0,02_120_122_4549_ego_122,1,4549,4549,4556,vehicle_vehicle,0.2635826623960191,1.6806759132772684,2.439569178662209,12.728183161787078,15.0,3.0,3.5,0.8,0.02428373941550189,0.0874214618958068
2,122,4577,69,76.6551,-74.9642,51.0807,2.1253,4.7703,0.3824,0.3347,0.8656,0.8115,0.5007,0.0873,1.1751,0.1637,car,122,76.6551,-74.9642,0.3824,0.3347,0.5007,0.0873,51.0807,0.5081868258819782,1.8294725731751214,0.0,0.0,0.0,0.0,0.0,0.0,1,02_120_122_4549_ego_122,1,4549,4549,4556,vehicle_vehicle,0.2635826623960191,1.6806759132772684,2.439569178662209,12.728183161787078,15.0,3.0,3.5,0.8,0.02428373941550189,0.0874214618958068
2,119,4578,192,79.9029,-69.4482,350.6162,2.3818,5.5901,7.4717,-0.9207,0.3534,2.6269,7.5218,-0.3098,-0.0796,-2.6493,car,122,76.6699,-74.9503,0.4156,0.3679,0.5475,0.0915,51.0016,0.5550439351979265,1.9981581667125354,3.233000000000004,5.502099999999999,7.0561,-1.2886,7.172798419724341,6.381645039486293,0,02_120_122_4549_ego_122,0,4549,4549,4556,vehicle_vehicle,0.2635826623960191,1.6806759132772684,2.439569178662209,12.728183161787078,15.0,3.0,3.5,0.8,0.02428373941550189,0.0874214618958068
2,120,4578,186,74.7137,-67.8803,338.8804,2.3512,3.4074,6.9317,-2.5928,1.0478,2.2625,7.4004,-0.0789,0.1622,-2.4881,trailer,122,76.6699,-74.9503,0.4156,0.3679,0.5475,0.0915,51.0016,0.5550439351979265,1.9981581667125354,-1.9561999999999955,7.069999999999993,6.5161,-2.9607,7.1571854593827595,7.335640288345652,0,02_120_122_4549_ego_122,1,4549,4549,4556,vehicle_vehicle,0.2635826623960191,1.6806759132772684,2.439569178662209,12.728183161787078,15.0,3.0,3.5,0.8,0.02428373941550189,0.0874214618958068
2,122,4578,70,76.6699,-74.9503,51.0016,2.1253,4.7703,0.4156,0.3679,0.9197,0.8492,0.5475,0.0915,1.2387,0.1804,car,122,76.6699,-74.9503,0.4156,0.3679,0.5475,0.0915,51.0016,0.5550439351979265,1.9981581667125354,0.0,0.0,0.0,0.0,0.0,0.0,1,02_120_122_4549_ego_122,1,4549,4549,4556,vehicle_vehicle,0.2635826623960191,1.6806759132772684,2.439569178662209,12.728183161787078,15.0,3.0,3.5,0.8,0.02428373941550189,0.0874214618958068
2,119,4579,193,80.2017,-69.4825,351.4231,2.3818,5.5901,7.4842,-0.815,0.3308,2.6258,7.5221,-0.3103,-0.0645,-2.6458,car,122,76.6858,-74.9349,0.4515,0.4026,0.5972,0.0965,50.904,0.6049289297099288,2.1777441469557437,3.515900000000002,5.452399999999997,7.0327,-1.2176,7.137325763197306,6.487697478304609,0,02_120_122_4549_ego_122,0,4549,4549,4556,vehicle_vehicle,0.2635826623960191,1.6806759132772684,2.439569178662209,12.728183161787078,15.0,3.0,3.5,0.8,0.02428373941550189,0.0874214618958068
2,120,4579,187,74.9934,-67.9802,339.5298,2.3512,3.4074,6.9708,-2.5018,1.0116,2.244,7.4055,-0.094,0.163,-2.4561,trailer,122,76.6858,-74.9349,0.4515,0.4026,0.5972,0.0965,50.904,0.6049289297099288,2.1777441469557437,-1.6924000000000063,6.9547000000000025,6.519299999999999,-2.9044,7.137003001960976,7.157658126091246,0,02_120_122_4549_ego_122,1,4549,4549,4556,vehicle_vehicle,0.2635826623960191,1.6806759132772684,2.439569178662209,12.728183161787078,15.0,3.0,3.5,0.8,0.02428373941550189,0.0874214618958068
2,122,4579,71,76.6858,-74.9349,50.904,2.1253,4.7703,0.4515,0.4026,0.975,0.8861,0.5972,0.0965,1.3025,0.1979,car,122,76.6858,-74.9349,0.4515,0.4026,0.5972,0.0965,50.904,0.6049289297099288,2.1777441469557437,0.0,0.0,0.0,0.0,0.0,0.0,1,02_120_122_4549_ego_122,1,4549,4549,4556,vehicle_vehicle,0.2635826623960191,1.6806759132772684,2.439569178662209,12.728183161787078,15.0,3.0,3.5,0.8,0.02428373941550189,0.0874214618958068
2,119,4580,194,80.5004,-69.5126,352.2402,2.3818,5.5901,7.4962,-0.7095,0.3096,2.6243,7.5234,-0.3091,-0.0476,-2.642,car,122,76.7036,-74.9182,0.49,0.4389,0.6498,0.1023,50.7933,0.657824604282935,2.368168575418566,3.7968000000000046,5.405599999999993,7.0062,-1.1484,7.0996944300441545,6.605770326010431,0,02_120_122_4549_ego_122,0,4549,4549,4556,vehicle_vehicle,0.2635826623960191,1.6806759132772684,2.439569178662209,12.728183161787078,15.0,3.0,3.5,0.8,0.02428373941550189,0.0874214618958068
2,120,4580,188,75.2746,-68.076,340.168,2.3512,3.4074,7.0078,-2.4125,0.9786,2.2255,7.4106,-0.1081,0.1655,-2.4255,trailer,122,76.7036,-74.9182,0.49,0.4389,0.6498,0.1023,50.7933,0.657824604282935,2.368168575418566,-1.4289999999999878,6.842200000000005,6.517799999999999,-2.8514,7.114225101864572,6.989831316991851,0,02_120_122_4549_ego_122,1,4549,4549,4556,vehicle_vehicle,0.2635826623960191,1.6806759132772684,2.439569178662209,12.728183161787078,15.0,3.0,3.5,0.8,0.02428373941550189,0.0874214618958068
2,122,4580,72,76.7036,-74.9182,50.7933,2.1253,4.7703,0.49,0.4389,1.0309,0.9223,0.6498,0.1023,1.3663,0.2158,car,122,76.7036,-74.9182,0.49,0.4389,0.6498,0.1023,50.7933,0.657824604282935,2.368168575418566,0.0,0.0,0.0,0.0,0.0,0.0,1,02_120_122_4549_ego_122,1,4549,4549,4556,vehicle_vehicle,0.2635826623960191,1.6806759132772684,2.439569178662209,12.728183161787078,15.0,3.0,3.5,0.8,0.02428373941550189,0.0874214618958068
2,119,4581,195,80.7996,-69.5387,353.0603,2.3818,5.5901,7.5078,-0.6042,0.2894,2.6223,7.5258,-0.3074,-0.0295,-2.6381,car,122,76.7237,-74.9002,0.5309,0.4767,0.7052,0.1087,50.677,0.7135108268274561,2.568638976578842,4.075900000000004,5.361499999999992,6.9769,-1.0809,7.060133031324551,6.734882557253687,0,02_120_122_4549_ego_122,0,4549,4549,4556,vehicle_vehicle,0.2635826623960191,1.6806759132772684,2.439569178662209,12.728183161787078,15.0,3.0,3.5,0.8,0.02428373941550189,0.0874214618958068
2,120,4581,189,75.5554,-68.1674,340.7897,2.3512,3.4074,7.0436,-2.3252,0.949,2.208,7.4165,-0.1219,0.1696,-2.3973,trailer,122,76.7237,-74.9002,0.5309,0.4767,0.7052,0.1087,50.677,0.7135108268274561,2.568638976578842,-1.168299999999988,6.7327999999999975,6.5127,-2.8019000000000003,7.089845195771202,6.833412085481157,0,02_120_122_4549_ego_122,1,4549,4549,4556,vehicle_vehicle,0.2635826623960191,1.6806759132772684,2.439569178662209,12.728183161787078,15.0,3.0,3.5,0.8,0.02428373941550189,0.0874214618958068
2,122,4581,73,76.7237,-74.9002,50.677,2.1253,4.7703,0.5309,0.4767,1.0873,0.9576,0.7052,0.1087,1.4298,0.2343,car,122,76.7237,-74.9002,0.5309,0.4767,0.7052,0.1087,50.677,0.7135108268274561,2.568638976578842,0.0,0.0,0.0,0.0,0.0,0.0,1,02_120_122_4549_ego_122,1,4549,4549,4556,vehicle_vehicle,0.2635826623960191,1.6806759132772684,2.439569178662209,12.728183161787078,15.0,3.0,3.5,0.8,0.02428373941550189,0.0874214618958068
2,119,4582,196,81.0994,-69.5603,353.8832,2.3818,5.5901,7.5188,-0.4991,0.27,2.62,7.5292,-0.3049,-0.0107,-2.6339,car,122,76.7461,-74.881,0.574,0.5161,0.7632,0.1154,50.5597,0.7719036274043541,2.778853058655675,4.353300000000004,5.320700000000002,6.9448,-1.0152,7.018609412127163,6.874668674198056,0,02_120_122_4549_ego_122,0,4549,4549,4556,vehicle_vehicle,0.2635826623960191,1.6806759132772684,2.439569178662209,12.728183161787078,15.0,3.0,3.5,0.8,0.02428373941550189,0.0874214618958068
2,120,4582,190,75.8372,-68.2556,341.4094,2.3512,3.4074,7.0785,-2.2399,0.9225,2.1929,7.4232,-0.1337,0.1753,-2.3726,trailer,122,76.7461,-74.881,0.574,0.5161,0.7632,0.1154,50.5597,0.7719036274043541,2.778853058655675,-0.9089000000000027,6.625399999999999,6.5045,-2.7560000000000002,7.064280306584671,6.687452756468638,0,02_120_122_4549_ego_122,1,4549,4549,4556,vehicle_vehicle,0.2635826623960191,1.6806759132772684,2.439569178662209,12.728183161787078,15.0,3.0,3.5,0.8,0.02428373941550189,0.0874214618958068
2,122,4582,74,76.7461,-74.881,50.5597,2.1253,4.7703,0.574,0.5161,1.144,0.9919,0.7632,0.1154,1.4928,0.2534,car,122,76.7461,-74.881,0.574,0.5161,0.7632,0.1154,50.5597,0.7719036274043541,2.778853058655675,0.0,0.0,0.0,0.0,0.0,0.0,1,02_120_122_4549_ego_122,1,4549,4549,4556,vehicle_vehicle,0.2635826623960191,1.6806759132772684,2.439569178662209,12.728183161787078,15.0,3.0,3.5,0.8,0.02428373941550189,0.0874214618958068
2,119,4583,197,81.4,-69.578,354.707,2.3818,5.5901,7.5292,-0.3942,0.251,2.6176,7.5334,-0.3021,0.0085,-2.6296,car,122,76.7703,-74.8601,0.6191,0.5572,0.8239,0.1223,50.4304,0.8329205544348153,2.998513995965335,4.6297,5.2821,6.9101,-0.9514,6.975288092258269,7.023866634553933,0,02_120_122_4549_ego_122,0,4549,4549,4556,vehicle_vehicle,0.2635826623960191,1.6806759132772684,2.439569178662209,12.728183161787078,15.0,3.0,3.5,0.8,0.02428373941550189,0.0874214618958068
2,120,4583,191,76.1205,-68.3412,342.0322,2.3512,3.4074,7.1126,-2.156,0.899,2.1813,7.4308,-0.1432,0.1823,-2.3522,trailer,122,76.7703,-74.8601,0.6191,0.5572,0.8239,0.1223,50.4304,0.8329205544348153,2.998513995965335,-0.649799999999999,6.518900000000002,6.493499999999999,-2.7132,7.037541935221416,6.551205785960324,0,02_120_122_4549_ego_122,1,4549,4549,4556,vehicle_vehicle,0.2635826623960191,1.6806759132772684,2.439569178662209,12.728183161787078,15.0,3.0,3.5,0.8,0.02428373941550189,0.0874214618958068
2,122,4583,75,76.7703,-74.8601,50.4304,2.1253,4.7703,0.6191,0.5572,1.2013,1.0249,0.8239,0.1223,1.5553,0.2731,car,122,76.7703,-74.8601,0.6191,0.5572,0.8239,0.1223,50.4304,0.8329205544348153,2.998513995965335,0.0,0.0,0.0,0.0,0.0,0.0,1,02_120_122_4549_ego_122,1,4549,4549,4556,vehicle_vehicle,0.2635826623960191,1.6806759132772684,2.439569178662209,12.728183161787078,15.0,3.0,3.5,0.8,0.02428373941550189,0.0874214618958068
2,119,4584,198,81.701,-69.5916,355.5215,2.3818,5.5901,7.5389,-0.2893,0.2324,2.615,7.5385,-0.3002,0.0275,-2.6252,car,122,76.7963,-74.8375,0.6665,0.5998,0.8872,0.1295,50.292,0.8966505952710899,3.2279421429759236,4.904699999999991,5.245900000000006,6.8724,-0.8891,6.9296739151276086,7.181611859464418,0,02_120_122_4549_ego_122,0,4549,4549,4556,vehicle_vehicle,0.2635826623960191,1.6806759132772684,2.439569178662209,12.728183161787078,15.0,3.0,3.5,0.8,0.02428373941550189,0.0874214618958068
2,120,4584,192,76.4054,-68.4238,342.6673,2.3512,3.4074,7.1458,-2.0734,0.8783,2.1739,7.4391,-0.1496,0.1908,-2.3368,trailer,122,76.7963,-74.8375,0.6665,0.5998,0.8872,0.1295,50.292,0.8966505952710899,3.2279421429759236,-0.390900000000002,6.413700000000006,6.4793,-2.6732,7.009088865894054,6.425601178099997,0,02_120_122_4549_ego_122,1,4549,4549,4556,vehicle_vehicle,0.2635826623960191,1.6806759132772684,2.439569178662209,12.728183161787078,15.0,3.0,3.5,0.8,0.02428373941550189,0.0874214618958068
2,122,4584,76,76.7963,-74.8375,50.292,2.1253,4.7703,0.6665,0.5998,1.2592,1.0564,0.8872,0.1295,1.6172,0.2938,car,122,76.7963,-74.8375,0.6665,0.5998,0.8872,0.1295,50.292,0.8966505952710899,3.2279421429759236,0.0,0.0,0.0,0.0,0.0,0.0,1,02_120_122_4549_ego_122,1,4549,4549,4556,vehicle_vehicle,0.2635826623960191,1.6806759132772684,2.439569178662209,12.728183161787078,15.0,3.0,3.5,0.8,0.02428373941550189,0.0874214618958068
2,119,4585,199,82.0026,-69.6013,356.3365,2.3818,5.5901,7.548,-0.1845,0.2141,2.6123,7.5444,-0.2981,0.0467,-2.6206,car,122,76.8234,-74.8129,0.7164,0.6437,0.9532,0.1376,50.154,0.9631088463927637,3.4671918470139493,5.1791999999999945,5.211600000000004,6.8316,-0.8282,6.8816185450808005,7.347440860599015,0,02_120_122_4549_ego_122,0,4549,4549,4556,vehicle_vehicle,0.2635826623960191,1.6806759132772684,2.439569178662209,12.728183161787078,15.0,3.0,3.5,0.8,0.02428373941550189,0.0874214618958068
2,120,4585,193,76.691,-68.5033,343.293,2.3512,3.4074,7.1786,-1.9918,0.8601,2.1714,7.4482,-0.156,0.1996,-2.327,trailer,122,76.8234,-74.8129,0.7164,0.6437,0.9532,0.1376,50.154,0.9631088463927637,3.4671918470139493,-0.13240000000000407,6.309600000000003,6.4622,-2.6355,6.978960459122835,6.310988981134418,0,02_120_122_4549_ego_122,1,4549,4549,4556,vehicle_vehicle,0.2635826623960191,1.6806759132772684,2.439569178662209,12.728183161787078,15.0,3.0,3.5,0.8,0.02428373941550189,0.0874214618958068
2,122,4585,77,76.8234,-74.8129,50.154,2.1253,4.7703,0.7164,0.6437,1.3177,1.0863,0.9532,0.1376,1.6783,0.3156,car,122,76.8234,-74.8129,0.7164,0.6437,0.9532,0.1376,50.154,0.9631088463927637,3.4671918470139493,0.0,0.0,0.0,0.0,0.0,0.0,1,02_120_122_4549_ego_122,1,4549,4549,4556,vehicle_vehicle,0.2635826623960191,1.6806759132772684,2.439569178662209,12.728183161787078,15.0,3.0,3.5,0.8,0.02428373941550189,0.0874214618958068
2,119,4586,200,82.3037,-69.6065,357.146,2.3818,5.5901,7.5568,-0.0799,0.1957,2.6094,7.5514,-0.2965,0.0656,-2.6159,car,122,76.8517,-74.7867,0.7692,0.689,1.0222,0.1465,50.0106,1.0326614353213739,3.717581167156946,5.452000000000012,5.180199999999999,6.7876,-0.7688999999999999,6.831011709110152,7.520556896932575,0,02_120_122_4549_ego_122,0,4549,4549,4556,vehicle_vehicle,0.2635826623960191,1.6806759132772684,2.439569178662209,12.728183161787078,15.0,3.0,3.5,0.8,0.02428373941550189,0.0874214618958068
2,120,4586,194,76.9779,-68.58,343.9563,2.3512,3.4074,7.2111,-1.9107,0.844,2.1746,7.4583,-0.1566,0.2102,-2.3231,trailer,122,76.8517,-74.7867,0.7692,0.689,1.0222,0.1465,50.0106,1.0326614353213739,3.717581167156946,0.12620000000001141,6.206699999999998,6.4419,-2.5997,6.9466909892408495,6.207982871271471,0,02_120_122_4549_ego_122,1,4549,4549,4556,vehicle_vehicle,0.2635826623960191,1.6806759132772684,2.439569178662209,12.728183161787078,15.0,3.0,3.5,0.8,0.02428373941550189,0.0874214618958068
2,122,4586,78,76.8517,-74.7867,50.0106,2.1253,4.7703,0.7692,0.689,1.3763,1.1144,1.0222,0.1465,1.7383,0.3383,car,122,76.8517,-74.7867,0.7692,0.689,1.0222,0.1465,50.0106,1.0326614353213739,3.717581167156946,0.0,0.0,0.0,0.0,0.0,0.0,1,02_120_122_4549_ego_122,1,4549,4549,4556,vehicle_vehicle,0.2635826623960191,1.6806759132772684,2.439569178662209,12.728183161787078,15.0,3.0,3.5,0.8,0.02428373941550189,0.0874214618958068
2,119,4587,201,82.6053,-69.6076,357.9462,2.3818,5.5901,7.5651,0.0247,0.1771,2.6063,7.5593,-0.2957,0.0835,-2.611,car,122,76.8825,-74.7589,0.8248,0.7357,1.0941,0.1566,49.8795,1.1052373184072277,3.97885434626602,5.7228000000000065,5.151299999999992,6.7403,-0.7110000000000001,6.7776961491350445,7.6997617839774755,0,02_120_122_4549_ego_122,0,4549,4549,4556,vehicle_vehicle,0.2635826623960191,1.6806759132772684,2.439569178662209,12.728183161787078,15.0,3.0,3.5,0.8,0.02428373941550189,0.0874214618958068
2,120,4587,195,77.2656,-68.6535,344.6435,2.3512,3.4074,7.2435,-1.83,0.8296,2.1837,7.4695,-0.1536,0.2217,-2.3255,trailer,122,76.8825,-74.7589,0.8248,0.7357,1.0941,0.1566,49.8795,1.1052373184072277,3.97885434626602,0.3831000000000131,6.105400000000003,6.4187,-2.5657,6.912490591675334,6.117407520347165,0,02_120_122_4549_ego_122,1,4549,4549,4556,vehicle_vehicle,0.2635826623960191,1.6806759132772684,2.439569178662209,12.728183161787078,15.0,3.0,3.5,0.8,0.02428373941550189,0.0874214618958068
2,122,4587,79,76.8825,-74.7589,49.8795,2.1253,4.7703,0.8248,0.7357,1.4347,1.1406,1.0941,0.1566,1.7967,0.3621,car,122,76.8825,-74.7589,0.8248,0.7357,1.0941,0.1566,49.8795,1.1052373184072277,3.97885434626602,0.0,0.0,0.0,0.0,0.0,0.0,1,02_120_122_4549_ego_122,1,4549,4549,4556,vehicle_vehicle,0.2635826623960191,1.6806759132772684,2.439569178662209,12.728183161787078,15.0,3.0,3.5,0.8,0.02428373941550189,0.0874214618958068
2,119,4588,202,82.9073,-69.6046,358.7468,2.3818,5.5901,7.573,0.1291,0.1577,2.6031,7.5684,-0.2947,0.1008,-2.6059,car,122,76.9152,-74.7295,0.8832,0.7838,1.169,0.1675,49.7402,1.1808406666438958,4.2510263999180244,5.992100000000008,5.124899999999997,6.6898,-0.6547000000000001,6.72175989827069,7.884786770737688,0,02_120_122_4549_ego_122,0,4549,4549,4556,vehicle_vehicle,0.2635826623960191,1.6806759132772684,2.439569178662209,12.728183161787078,15.0,3.0,3.5,0.8,0.02428373941550189,0.0874214618958068
2,120,4588,196,77.5545,-68.7245,345.3579,2.3512,3.4074,7.2759,-1.7491,0.8163,2.1993,7.4817,-0.1469,0.2339,-2.3342,trailer,122,76.9152,-74.7295,0.8832,0.7838,1.169,0.1675,49.7402,1.1808406666438958,4.2510263999180244,0.6393000000000058,6.0049999999999955,6.3927,-2.5329,6.876205036210017,6.038934466443559,0,02_120_122_4549_ego_122,1,4549,4549,4556,vehicle_vehicle,0.2635826623960191,1.6806759132772684,2.439569178662209,12.728183161787078,15.0,3.0,3.5,0.8,0.02428373941550189,0.0874214618958068
2,122,4588,80,76.9152,-74.7295,49.7402,2.1253,4.7703,0.8832,0.7838,1.4922,1.1644,1.169,0.1675,1.853,0.3862,car,122,76.9152,-74.7295,0.8832,0.7838,1.169,0.1675,49.7402,1.1808406666438958,4.2510263999180244,0.0,0.0,0.0,0.0,0.0,0.0,1,02_120_122_4549_ego_122,1,4549,4549,4556,vehicle_vehicle,0.2635826623960191,1.6806759132772684,2.439569178662209,12.728183161787078,15.0,3.0,3.5,0.8,0.02428373941550189,0.0874214618958068
2,119,4589,203,83.2099,-69.5972,359.5418,2.3818,5.5901,7.5803,0.2333,0.1375,2.5997,7.5782,-0.294,0.1167,-2.6007,car,122,76.9509,-74.6981,0.9444,0.8332,1.2466,0.1792,49.6019,1.2594100206048862,4.5338760741775905,6.259,5.100899999999996,6.6359,-0.5999000000000001,6.662960964916424,8.074296366247648,0,02_120_122_4549_ego_122,0,4549,4549,4556,vehicle_vehicle,0.2635826623960191,1.6806759132772684,2.439569178662209,12.728183161787078,15.0,3.0,3.5,0.8,0.02428373941550189,0.0874214618958068
2,120,4589,197,77.8448,-68.7925,346.0696,2.3512,3.4074,7.3083,-1.6677,0.8035,2.2214,7.4948,-0.1407,0.2451,-2.3495,trailer,122,76.9509,-74.6981,0.9444,0.8332,1.2466,0.1792,49.6019,1.2594100206048862,4.5338760741775905,0.8939000000000021,5.905599999999993,6.3639,-2.5009,6.8376694874789035,5.972869374931944,0,02_120_122_4549_ego_122,1,4549,4549,4556,vehicle_vehicle,0.2635826623960191,1.6806759132772684,2.439569178662209,12.728183161787078,15.0,3.0,3.5,0.8,0.02428373941550189,0.0874214618958068
2,122,4589,81,76.9509,-74.6981,49.6019,2.1253,4.7703,0.9444,0.8332,1.5485,1.1856,1.2466,0.1792,1.9065,0.4109,car,122,76.9509,-74.6981,0.9444,0.8332,1.2466,0.1792,49.6019,1.2594100206048862,4.5338760741775905,0.0,0.0,0.0,0.0,0.0,0.0,1,02_120_122_4549_ego_122,1,4549,4549,4556,vehicle_vehicle,0.2635826623960191,1.6806759132772684,2.439569178662209,12.728183161787078,15.0,3.0,3.5,0.8,0.02428373941550189,0.0874214618958068
2,119,4590,204,83.5125,-69.5862,0.3317,2.3818,5.5901,7.5871,0.3376,0.1161,2.5961,7.5889,-0.2937,0.1311,-2.5953,car,122,76.9896,-74.6648,1.0079,0.8839,1.3268,0.1917,49.4728,1.340575107929429,4.826070388545944,6.522900000000007,5.0785999999999945,6.5792,-0.5463,6.601841889200316,8.26682541063981,0,02_120_122_4549_ego_122,0,4549,4549,4556,vehicle_vehicle,0.2635826623960191,1.6806759132772684,2.439569178662209,12.728183161787078,15.0,3.0,3.5,0.8,0.02428373941550189,0.0874214618958068
2,120,4590,198,78.1364,-68.8586,346.7961,2.3512,3.4074,7.3408,-1.585,0.7906,2.2497,7.5087,-0.1337,0.2558,-2.3708,trailer,122,76.9896,-74.6648,1.0079,0.8839,1.3268,0.1917,49.4728,1.340575107929429,4.826070388545944,1.146799999999999,5.806200000000004,6.3328999999999995,-2.4689,6.797138340507717,5.918370441261685,0,02_120_122_4549_ego_122,1,4549,4549,4556,vehicle_vehicle,0.2635826623960191,1.6806759132772684,2.439569178662209,12.728183161787078,15.0,3.0,3.5,0.8,0.02428373941550189,0.0874214618958068
2,122,4590,82,76.9896,-74.6648,49.4728,2.1253,4.7703,1.0079,0.8839,1.6033,1.2038,1.3268,0.1917,1.9568,0.4365,car,122,76.9896,-74.6648,1.0079,0.8839,1.3268,0.1917,49.4728,1.340575107929429,4.826070388545944,0.0,0.0,0.0,0.0,0.0,0.0,1,02_120_122_4549_ego_122,1,4549,4549,4556,vehicle_vehicle,0.2635826623960191,1.6806759132772684,2.439569178662209,12.728183161787078,15.0,3.0,3.5,0.8,0.02428373941550189,0.0874214618958068
2,119,4591,205,83.8158,-69.5709,1.1329,2.3818,5.5901,7.5931,0.4419,0.0934,2.5921,7.6003,-0.2917,0.1447,-2.5897,car,122,77.031,-74.6295,1.0736,0.9357,1.4094,0.2046,49.3311,1.4241318232523281,5.126874563708381,6.78479999999999,5.058599999999998,6.5195,-0.49379999999999996,6.538173956847584,8.463034030417214,0,02_120_122_4549_ego_122,0,4549,4549,4556,vehicle_vehicle,0.2635826623960191,1.6806759132772684,2.439569178662209,12.728183161787078,15.0,3.0,3.5,0.8,0.02428373941550189,0.0874214618958068
2,120,4591,199,78.4293,-68.9218,347.5045,2.3512,3.4074,7.3732,-1.5004,0.7772,2.2839,7.5232,-0.1304,0.2646,-2.3979,trailer,122,77.031,-74.6295,1.0736,0.9357,1.4094,0.2046,49.3311,1.4241318232523281,5.126874563708381,1.3982999999999919,5.7076999999999884,6.2996,-2.4360999999999997,6.754224113101371,5.8764855296341745,0,02_120_122_4549_ego_122,1,4549,4549,4556,vehicle_vehicle,0.2635826623960191,1.6806759132772684,2.439569178662209,12.728183161787078,15.0,3.0,3.5,0.8,0.02428373941550189,0.0874214618958068
2,122,4591,83,77.031,-74.6295,49.3311,2.1253,4.7703,1.0736,0.9357,1.6565,1.2185,1.4094,0.2046,2.0038,0.4624,car,122,77.031,-74.6295,1.0736,0.9357,1.4094,0.2046,49.3311,1.4241318232523281,5.126874563708381,0.0,0.0,0.0,0.0,0.0,0.0,1,02_120_122_4549_ego_122,1,4549,4549,4556,vehicle_vehicle,0.2635826623960191,1.6806759132772684,2.439569178662209,12.728183161787078,15.0,3.0,3.5,0.8,0.02428373941550189,0.0874214618958068
2,119,4592,206,84.12,-69.5517,1.9388,2.3818,5.5901,7.598,0.5462,0.0694,2.5876,7.6122,-0.2888,0.1569,-2.5838,car,122,77.0749,-74.5916,1.1417,0.9883,1.4942,0.2175,49.1612,1.5100383372616735,5.436138014142025,7.045100000000005,5.039900000000003,6.4563,-0.44209999999999994,6.4714188629696965,8.662218308262618,0,02_120_122_4549_ego_122,0,4549,4549,4556,vehicle_vehicle,0.2635826623960191,1.6806759132772684,2.439569178662209,12.728183161787078,15.0,3.0,3.5,0.8,0.02428373941550189,0.0874214618958068
2,120,4592,200,78.7239,-68.9822,348.226,2.3512,3.4074,7.4056,-1.4136,0.7627,2.323,7.5382,-0.1273,0.2726,-2.4298,trailer,122,77.0749,-74.5916,1.1417,0.9883,1.4942,0.2175,49.1612,1.5100383372616735,5.436138014142025,1.649000000000001,5.609399999999994,6.2639,-2.4019,6.708618845932447,5.84675716615629,0,02_120_122_4549_ego_122,1,4549,4549,4556,vehicle_vehicle,0.2635826623960191,1.6806759132772684,2.439569178662209,12.728183161787078,15.0,3.0,3.5,0.8,0.02428373941550189,0.0874214618958068
2,122,4592,84,77.0749,-74.5916,49.1612,2.1253,4.7703,1.1417,0.9883,1.708,1.2295,1.4942,0.2175,2.0471,0.4882,car,122,77.0749,-74.5916,1.1417,0.9883,1.4942,0.2175,49.1612,1.5100383372616735,5.436138014142025,0.0,0.0,0.0,0.0,0.0,0.0,1,02_120_122_4549_ego_122,1,4549,4549,4556,vehicle_vehicle,0.2635826623960191,1.6806759132772684,2.439569178662209,12.728183161787078,15.0,3.0,3.5,0.8,0.02428373941550189,0.0874214618958068
2,119,4593,207,84.4249,-69.5285,2.7573,2.3818,5.5901,7.6016,0.6506,0.0444,2.5823,7.6241,-0.2842,0.1686,-2.5772,car,122,77.1218,-74.5517,1.2118,1.0415,1.5811,0.2307,48.9808,1.5978677949067,5.75232406166412,7.303100000000001,5.023200000000003,6.3898,-0.39090000000000014,6.401745609597432,8.863848365693089,0,02_120_122_4549_ego_122,0,4549,4549,4556,vehicle_vehicle,0.2635826623960191,1.6806759132772684,2.439569178662209,12.728183161787078,15.0,3.0,3.5,0.8,0.02428373941550189,0.0874214618958068
2,120,4593,201,79.021,-69.0397,348.9015,2.3512,3.4074,7.4372,-1.3241,0.747,2.3661,7.553,-0.1323,0.2775,-2.4657,trailer,122,77.1218,-74.5517,1.2118,1.0415,1.5811,0.2307,48.9808,1.5978677949067,5.75232406166412,1.8992000000000075,5.5120000000000005,6.2254,-2.3656,6.659704837303226,5.8300175505739285,0,02_120_122_4549_ego_122,1,4549,4549,4556,vehicle_vehicle,0.2635826623960191,1.6806759132772684,2.439569178662209,12.728183161787078,15.0,3.0,3.5,0.8,0.02428373941550189,0.0874214618958068
2,122,4593,85,77.1218,-74.5517,48.9808,2.1253,4.7703,1.2118,1.0415,1.7577,1.2365,1.5811,0.2307,2.0865,0.5147,car,122,77.1218,-74.5517,1.2118,1.0415,1.5811,0.2307,48.9808,1.5978677949067,5.75232406166412,0.0,0.0,0.0,0.0,0.0,0.0,1,02_120_122_4549_ego_122,1,4549,4549,4556,vehicle_vehicle,0.2635826623960191,1.6806759132772684,2.439569178662209,12.728183161787078,15.0,3.0,3.5,0.8,0.02428373941550189,0.0874214618958068
2,119,4594,208,84.7303,-69.5011,3.5902,2.3818,5.5901,7.6038,0.7551,0.0188,2.576,7.6361,-0.2775,0.1801,-2.5698,car,122,77.1716,-74.5095,1.284,1.0953,1.67,0.2436,48.7647,1.6877020145748478,6.075727252469452,7.558700000000002,5.008400000000009,6.3198,-0.34019999999999995,6.328949998222454,9.0674150809368,0,02_120_122_4549_ego_122,0,4549,4549,4556,vehicle_vehicle,0.2635826623960191,1.6806759132772684,2.439569178662209,12.728183161787078,15.0,3.0,3.5,0.8,0.02428373941550189,0.0874214618958068
2,120,4594,202,79.3183,-69.094,349.5413,2.3512,3.4074,7.4685,-1.2316,0.73,2.412,7.568,-0.1446,0.28,-2.5044,trailer,122,77.1716,-74.5095,1.284,1.0953,1.67,0.2436,48.7647,1.6877020145748478,6.075727252469452,2.1466999999999956,5.415500000000009,6.1845,-2.3269,6.607760880964141,5.825458019761199,0,02_120_122_4549_ego_122,1,4549,4549,4556,vehicle_vehicle,0.2635826623960191,1.6806759132772684,2.439569178662209,12.728183161787078,15.0,3.0,3.5,0.8,0.02428373941550189,0.0874214618958068
2,122,4594,86,77.1716,-74.5095,48.7647,2.1253,4.7703,1.284,1.0953,1.8056,1.2393,1.67,0.2436,2.1221,0.5409,car,122,77.1716,-74.5095,1.284,1.0953,1.67,0.2436,48.7647,1.6877020145748478,6.075727252469452,0.0,0.0,0.0,0.0,0.0,0.0,1,02_120_122_4549_ego_122,1,4549,4549,4556,vehicle_vehicle,0.2635826623960191,1.6806759132772684,2.439569178662209,12.728183161787078,15.0,3.0,3.5,0.8,0.02428373941550189,0.0874214618958068
2,119,4595,209,85.0352,-69.4693,4.4267,2.3818,5.5901,7.6046,0.8595,-0.007,2.5684,7.6482,-0.27,0.1913,-2.5613,car,122,77.2245,-74.4652,1.358,1.1493,1.7606,0.2558,48.5082,1.7790600017987028,6.40461600647533,7.810699999999997,4.995899999999992,6.246599999999999,-0.28979999999999995,6.253318766862919,9.271787923588409,0,02_120_122_4549_ego_122,0,4549,4549,4556,vehicle_vehicle,0.2635826623960191,1.6806759132772684,2.439569178662209,12.728183161787078,15.0,3.0,3.5,0.8,0.02428373941550189,0.0874214618958068
2,120,4595,203,79.6172,-69.1438,350.1757,2.3512,3.4074,7.4993,-1.1363,0.7115,2.4596,7.5832,-0.16,0.2814,-2.5449,trailer,122,77.2245,-74.4652,1.358,1.1493,1.7606,0.2558,48.5082,1.7790600017987028,6.40461600647533,2.3926999999999907,5.321399999999997,6.141299999999999,-2.2856,6.552826340595331,5.834578926537881,0,02_120_122_4549_ego_122,1,4549,4549,4556,vehicle_vehicle,0.2635826623960191,1.6806759132772684,2.439569178662209,12.728183161787078,15.0,3.0,3.5,0.8,0.02428373941550189,0.0874214618958068
2,122,4595,87,77.2245,-74.4652,48.5082,2.1253,4.7703,1.358,1.1493,1.8516,1.2378,1.7606,0.2558,2.1539,0.5669,car,122,77.2245,-74.4652,1.358,1.1493,1.7606,0.2558,48.5082,1.7790600017987028,6.40461600647533,0.0,0.0,0.0,0.0,0.0,0.0,1,02_120_122_4549_ego_122,1,4549,4549,4556,vehicle_vehicle,0.2635826623960191,1.6806759132772684,2.439569178662209,12.728183161787078,15.0,3.0,3.5,0.8,0.02428373941550189,0.0874214618958068
2,119,4596,210,85.34,-69.4336,5.2604,2.3818,5.5901,7.6041,0.9639,-0.0327,2.5593,7.6604,-0.2627,0.2021,-2.5515,car,122,77.2801,-74.4185,1.434,1.2034,1.8527,0.2679,48.2304,1.8720383436244032,6.739338037047852,8.059899999999999,4.984899999999996,6.1701,-0.23950000000000005,6.174746493581741,9.476877967980803,0,02_120_122_4549_ego_122,0,4549,4549,4556,vehicle_vehicle,0.2635826623960191,1.6806759132772684,2.439569178662209,12.728183161787078,15.0,3.0,3.5,0.8,0.02428373941550189,0.0874214618958068
2,120,4596,204,79.9176,-69.1899,350.8301,2.3512,3.4074,7.5295,-1.038,0.6914,2.5077,7.5986,-0.1752,0.2829,-2.5859,trailer,122,77.2801,-74.4185,1.434,1.2034,1.8527,0.2679,48.2304,1.8720383436244032,6.739338037047852,2.6374999999999886,5.2286,6.0954999999999995,-2.2414,6.494535719356696,5.856164633102448,0,02_120_122_4549_ego_122,1,4549,4549,4556,vehicle_vehicle,0.2635826623960191,1.6806759132772684,2.439569178662209,12.728183161787078,15.0,3.0,3.5,0.8,0.02428373941550189,0.0874214618958068
2,122,4596,88,77.2801,-74.4185,48.2304,2.1253,4.7703,1.434,1.2034,1.8958,1.2317,1.8527,0.2679,2.1815,0.5934,car,122,77.2801,-74.4185,1.434,1.2034,1.8527,0.2679,48.2304,1.8720383436244032,6.739338037047852,0.0,0.0,0.0,0.0,0.0,0.0,1,02_120_122_4549_ego_122,1,4549,4549,4556,vehicle_vehicle,0.2635826623960191,1.6806759132772684,2.439569178662209,12.728183161787078,15.0,3.0,3.5,0.8,0.02428373941550189,0.0874214618958068
2,119,4597,211,85.6449,-69.3938,6.0989,2.3818,5.5901,7.6023,1.0683,-0.0581,2.5483,7.6727,-0.2546,0.213,-2.5401,car,122,77.3382,-74.3694,1.5121,1.2572,1.9463,0.2806,47.9464,1.966468471651656,7.0792864979459615,8.306700000000006,4.9756,6.090199999999999,-0.18890000000000007,6.093128855522423,9.682864258575565,0,02_120_122_4549_ego_122,0,4549,4549,4556,vehicle_vehicle,0.2635826623960191,1.6806759132772684,2.439569178662209,12.728183161787078,15.0,3.0,3.5,0.8,0.02428373941550189,0.0874214618958068
2,120,4597,205,80.219,-69.232,351.5087,2.3512,3.4074,7.5589,-0.9368,0.6695,2.5555,7.6144,-0.1897,0.2848,-2.6263,trailer,122,77.3382,-74.3694,1.5121,1.2572,1.9463,0.2806,47.9464,1.966468471651656,7.0792864979459615,2.8807999999999936,5.1373999999999995,6.0468,-2.194,6.432528759360506,5.889981952434146,0,02_120_122_4549_ego_122,1,4549,4549,4556,vehicle_vehicle,0.2635826623960191,1.6806759132772684,2.439569178662209,12.728183161787078,15.0,3.0,3.5,0.8,0.02428373941550189,0.0874214618958068
2,122,4597,89,77.3382,-74.3694,47.9464,2.1253,4.7703,1.5121,1.2572,1.9378,1.2211,1.9463,0.2806,2.2047,0.6209,car,122,77.3382,-74.3694,1.5121,1.2572,1.9463,0.2806,47.9464,1.966468471651656,7.0792864979459615,0.0,0.0,0.0,0.0,0.0,0.0,1,02_120_122_4549_ego_122,1,4549,4549,4556,vehicle_vehicle,0.2635826623960191,1.6806759132772684,2.439569178662209,12.728183161787078,15.0,3.0,3.5,0.8,0.02428373941550189,0.0874214618958068
2,119,4598,212,85.9496,-69.3493,6.9351,2.3818,5.5901,7.5992,1.1724,-0.0828,2.5353,7.6851,-0.2462,0.2239,-2.5268,car,122,77.3995,-74.3184,1.5921,1.3107,2.0412,0.2936,47.6498,2.0622116525710936,7.423961949255937,8.5501,4.969099999999997,6.007099999999999,-0.13829999999999987,6.008691812699333,9.889194346356025,0,02_120_122_4549_ego_122,0,4549,4549,4556,vehicle_vehicle,0.2635826623960191,1.6806759132772684,2.439569178662209,12.728183161787078,15.0,3.0,3.5,0.8,0.02428373941550189,0.0874214618958068
2,120,4598,206,80.5216,-69.2695,352.1742,2.3512,3.4074,7.5876,-0.8328,0.6458,2.6019,7.6304,-0.2081,0.2855,-2.6656,trailer,122,77.3995,-74.3184,1.5921,1.3107,2.0412,0.2936,47.6498,2.0622116525710936,7.423961949255937,3.122100000000003,5.048900000000003,5.9955,-2.1435,6.367151050509167,5.936236149278434,0,02_120_122_4549_ego_122,1,4549,4549,4556,vehicle_vehicle,0.2635826623960191,1.6806759132772684,2.439569178662209,12.728183161787078,15.0,3.0,3.5,0.8,0.02428373941550189,0.0874214618958068
2,122,4598,90,77.3995,-74.3184,47.6498,2.1253,4.7703,1.5921,1.3107,1.9776,1.2059,2.0412,0.2936,2.2234,0.6491,car,122,77.3995,-74.3184,1.5921,1.3107,2.0412,0.2936,47.6498,2.0622116525710936,7.423961949255937,0.0,0.0,0.0,0.0,0.0,0.0,1,02_120_122_4549_ego_122,1,4549,4549,4556,vehicle_vehicle,0.2635826623960191,1.6806759132772684,2.439569178662209,12.728183161787078,15.0,3.0,3.5,0.8,0.02428373941550189,0.0874214618958068
2,119,4599,213,86.2536,-69.3004,7.7623,2.3818,5.5901,7.595,1.2759,-0.1067,2.5202,7.6978,-0.2384,0.2346,-2.5115,car,122,77.4642,-74.2656,1.6739,1.3639,2.1374,0.3063,47.3282,2.15920458039529,7.773136489423044,8.7894,4.96520000000001,5.9211,-0.08799999999999986,5.921753896439804,10.094887983529095,0,02_120_122_4549_ego_122,0,4549,4549,4556,vehicle_vehicle,0.2635826623960191,1.6806759132772684,2.439569178662209,12.728183161787078,15.0,3.0,3.5,0.8,0.02428373941550189,0.0874214618958068
2,120,4599,207,80.8263,-69.3028,352.9007,2.3512,3.4074,7.6151,-0.7261,0.6202,2.6462,7.6465,-0.2206,0.2884,-2.7025,trailer,122,77.4642,-74.2656,1.6739,1.3639,2.1374,0.3063,47.3282,2.15920458039529,7.773136489423044,3.362099999999998,4.962800000000001,5.9412,-2.09,6.298091571261885,5.994422428391246,0,02_120_122_4549_ego_122,1,4549,4549,4556,vehicle_vehicle,0.2635826623960191,1.6806759132772684,2.439569178662209,12.728183161787078,15.0,3.0,3.5,0.8,0.02428373941550189,0.0874214618958068
2,122,4599,91,77.4642,-74.2656,47.3282,2.1253,4.7703,1.6739,1.3639,2.0146,1.1859,2.1374,0.3063,2.2374,0.6775,car,122,77.4642,-74.2656,1.6739,1.3639,2.1374,0.3063,47.3282,2.15920458039529,7.773136489423044,0.0,0.0,0.0,0.0,0.0,0.0,1,02_120_122_4549_ego_122,1,4549,4549,4556,vehicle_vehicle,0.2635826623960191,1.6806759132772684,2.439569178662209,12.728183161787078,15.0,3.0,3.5,0.8,0.02428373941550189,0.0874214618958068
2,119,4600,214,86.5571,-69.2472,8.5766,2.3818,5.5901,7.5901,1.3788,-0.1299,2.5029,7.7108,-0.2314,0.2448,-2.4943,car,122,77.5318,-74.2105,1.7576,1.4164,2.2346,0.3193,46.9947,2.257287469508481,8.126234890230531,9.025300000000001,4.96329999999999,5.8325,-0.03760000000000008,5.832621195483211,10.30001878541976,0,02_120_122_4549_ego_122,0,4549,4549,4556,vehicle_vehicle,0.2635826623960191,1.6806759132772684,2.439569178662209,12.728183161787078,15.0,3.0,3.5,0.8,0.02428373941550189,0.0874214618958068
2,120,4600,208,81.1318,-69.3315,353.5997,2.3512,3.4074,7.6414,-0.617,0.5931,2.6875,7.6626,-0.2387,0.2898,-2.7369,trailer,122,77.5318,-74.2105,1.7576,1.4164,2.2346,0.3193,46.9947,2.257287469508481,8.126234890230531,3.5999999999999943,4.878999999999991,5.8838,-2.0334000000000003,6.22525646058056,6.063385275570065,0,02_120_122_4549_ego_122,1,4549,4549,4556,vehicle_vehicle,0.2635826623960191,1.6806759132772684,2.439569178662209,12.728183161787078,15.0,3.0,3.5,0.8,0.02428373941550189,0.0874214618958068
2,122,4600,92,77.5318,-74.2105,46.9947,2.1253,4.7703,1.7576,1.4164,2.0488,1.1608,2.2346,0.3193,2.2463,0.7065,car,122,77.5318,-74.2105,1.7576,1.4164,2.2346,0.3193,46.9947,2.257287469508481,8.126234890230531,0.0,0.0,0.0,0.0,0.0,0.0,1,02_120_122_4549_ego_122,1,4549,4549,4556,vehicle_vehicle,0.2635826623960191,1.6806759132772684,2.439569178662209,12.728183161787078,15.0,3.0,3.5,0.8,0.02428373941550189,0.0874214618958068
2,119,4601,215,86.8604,-69.19,9.361,2.3818,5.5901,7.5842,1.4809,-0.1524,2.4836,7.7241,-0.2276,0.2536,-2.4753,car,122,77.6025,-74.1529,1.8432,1.4679,2.3328,0.3317,46.6262,2.3562929889977604,8.482654760391938,9.257899999999992,4.962900000000005,5.741,0.013000000000000123,5.741014718671256,10.504241468092777,0,02_120_122_4549_ego_122,0,4549,4549,4556,vehicle_vehicle,0.2635826623960191,1.6806759132772684,2.439569178662209,12.728183161787078,15.0,3.0,3.5,0.8,0.02428373941550189,0.0874214618958068
2,120,4601,209,81.4375,-69.355,354.2722,2.3512,3.4074,7.6668,-0.5058,0.5645,2.7253,7.679,-0.2619,0.2896,-2.7681,trailer,122,77.6025,-74.1529,1.8432,1.4679,2.3328,0.3317,46.6262,2.3562929889977604,8.482654760391938,3.8349999999999937,4.7978999999999985,5.823600000000001,-1.9737,6.148968096355681,6.142236515309382,0,02_120_122_4549_ego_122,1,4549,4549,4556,vehicle_vehicle,0.2635826623960191,1.6806759132772684,2.439569178662209,12.728183161787078,15.0,3.0,3.5,0.8,0.02428373941550189,0.0874214618958068
2,122,4601,93,77.6025,-74.1529,46.6262,2.1253,4.7703,1.8432,1.4679,2.0796,1.1307,2.3328,0.3317,2.2501,0.7351,car,122,77.6025,-74.1529,1.8432,1.4679,2.3328,0.3317,46.6262,2.3562929889977604,8.482654760391938,0.0,0.0,0.0,0.0,0.0,0.0,1,02_120_122_4549_ego_122,1,4549,4549,4556,vehicle_vehicle,0.2635826623960191,1.6806759132772684,2.439569178662209,12.728183161787078,15.0,3.0,3.5,0.8,0.02428373941550189,0.0874214618958068
2,119,4602,216,87.1638,-69.1289,10.1241,2.3818,5.5901,7.5774,1.5823,-0.1742,2.4623,7.7376,-0.2257,0.2613,-2.4546,car,122,77.6769,-74.0931,1.9304,1.5181,2.4317,0.3439,46.2325,2.4558240511078964,8.840966583988427,9.486899999999991,4.964200000000005,5.647,0.06420000000000003,5.647364928884976,10.707219678796166,0,02_120_122_4549_ego_122,0,4549,4549,4556,vehicle_vehicle,0.2635826623960191,1.6806759132772684,2.439569178662209,12.728183161787078,15.0,3.0,3.5,0.8,0.02428373941550189,0.0874214618958068
2,120,4602,210,81.7443,-69.3738,354.9663,2.3512,3.4074,7.6912,-0.3928,0.534,2.7593,7.696,-0.2836,0.2899,-2.7955,trailer,122,77.6769,-74.0931,1.9304,1.5181,2.4317,0.3439,46.2325,2.4558240511078964,8.840966583988427,4.067399999999992,4.719300000000004,5.760800000000001,-1.9109,6.069460886273179,6.230211493199888,0,02_120_122_4549_ego_122,1,4549,4549,4556,vehicle_vehicle,0.2635826623960191,1.6806759132772684,2.439569178662209,12.728183161787078,15.0,3.0,3.5,0.8,0.02428373941550189,0.0874214618958068
2,122,4602,94,77.6769,-74.0931,46.2325,2.1253,4.7703,1.9304,1.5181,2.1065,1.0956,2.4317,0.3439,2.2483,0.7634,car,122,77.6769,-74.0931,1.9304,1.5181,2.4317,0.3439,46.2325,2.4558240511078964,8.840966583988427,0.0,0.0,0.0,0.0,0.0,0.0,1,02_120_122_4549_ego_122,1,4549,4549,4556,vehicle_vehicle,0.2635826623960191,1.6806759132772684,2.439569178662209,12.728183161787078,15.0,3.0,3.5,0.8,0.02428373941550189,0.0874214618958068
2,119,4603,217,87.4667,-69.0639,10.883,2.3818,5.5901,7.5698,1.683,-0.1954,2.4388,7.7514,-0.2235,0.2686,-2.4318,car,122,77.7552,-74.0307,2.0189,1.5666,2.5305,0.3563,45.8247,2.5554241859229556,9.19952706932264,9.711500000000001,4.966799999999992,5.5509,0.11640000000000006,5.552120294986413,10.907902387260345,0,02_120_122_4549_ego_122,0,4549,4549,4556,vehicle_vehicle,0.2635826623960191,1.6806759132772684,2.439569178662209,12.728183161787078,15.0,3.0,3.5,0.8,0.02428373941550189,0.0874214618958068
2,120,4603,211,82.0522,-69.3881,355.6637,2.3512,3.4074,7.7144,-0.2781,0.5018,2.7892,7.7134,-0.3059,0.2894,-2.8192,trailer,122,77.7552,-74.0307,2.0189,1.5666,2.5305,0.3563,45.8247,2.5554241859229556,9.19952706932264,4.296999999999997,4.642600000000002,5.695500000000001,-1.8447,5.986788650019308,6.325973740065635,0,02_120_122_4549_ego_122,1,4549,4549,4556,vehicle_vehicle,0.2635826623960191,1.6806759132772684,2.439569178662209,12.728183161787078,15.0,3.0,3.5,0.8,0.02428373941550189,0.0874214618958068
2,122,4603,95,77.7552,-74.0307,45.8247,2.1253,4.7703,2.0189,1.5666,2.1293,1.0556,2.5305,0.3563,2.2409,0.7916,car,122,77.7552,-74.0307,2.0189,1.5666,2.5305,0.3563,45.8247,2.5554241859229556,9.19952706932264,0.0,0.0,0.0,0.0,0.0,0.0,1,02_120_122_4549_ego_122,1,4549,4549,4556,vehicle_vehicle,0.2635826623960191,1.6806759132772684,2.439569178662209,12.728183161787078,15.0,3.0,3.5,0.8,0.02428373941550189,0.0874214618958068
2,119,4604,218,87.77,-68.995,11.6392,2.3818,5.5901,7.561,1.7829,-0.2157,2.4131,7.7652,-0.2208,0.2756,-2.407,car,122,77.8385,-73.9654,2.108,1.6128,2.6286,0.3679,45.3858,2.654201921482237,9.555126917336054,9.9315,4.970399999999998,5.452999999999999,0.17009999999999992,5.455652390869491,11.105834881268494,0,02_120_122_4549_ego_122,0,4549,4549,4556,vehicle_vehicle,0.2635826623960191,1.6806759132772684,2.439569178662209,12.728183161787078,15.0,3.0,3.5,0.8,0.02428373941550189,0.0874214618958068
2,120,4604,212,82.3616,-69.3967,356.3897,2.3512,3.4074,7.7362,-0.1624,0.4677,2.8148,7.7311,-0.3251,0.2895,-2.8387,trailer,122,77.8385,-73.9654,2.108,1.6128,2.6286,0.3679,45.3858,2.654201921482237,9.555126917336054,4.5230999999999995,4.568700000000007,5.6282,-1.7752,5.901522708589708,6.428954292884657,0,02_120_122_4549_ego_122,1,4549,4549,4556,vehicle_vehicle,0.2635826623960191,1.6806759132772684,2.439569178662209,12.728183161787078,15.0,3.0,3.5,0.8,0.02428373941550189,0.0874214618958068
2,122,4604,96,77.8385,-73.9654,45.3858,2.1253,4.7703,2.108,1.6128,2.1481,1.0113,2.6286,0.3679,2.2285,0.8189,car,122,77.8385,-73.9654,2.108,1.6128,2.6286,0.3679,45.3858,2.654201921482237,9.555126917336054,0.0,0.0,0.0,0.0,0.0,0.0,1,02_120_122_4549_ego_122,1,4549,4549,4556,vehicle_vehicle,0.2635826623960191,1.6806759132772684,2.439569178662209,12.728183161787078,15.0,3.0,3.5,0.8,0.02428373941550189,0.0874214618958068
2,119,4605,219,88.0727,-68.9223,12.3975,2.3818,5.5901,7.5513,1.882,-0.235,2.3849,7.7792,-0.2169,0.2825,-2.3797,car,122,77.9248,-73.8978,2.1978,1.6563,2.7258,0.3789,44.918,2.7520273490646856,9.90729845663287,10.147899999999993,4.975499999999997,5.3535,0.2256999999999998,5.358255568746231,11.302011973980553,0,02_120_122_4549_ego_122,0,4549,4549,4556,vehicle_vehicle,0.2635826623960191,1.6806759132772684,2.439569178662209,12.728183161787078,15.0,3.0,3.5,0.8,0.02428373941550189,0.0874214618958068
2,120,4605,213,82.6723,-69.4009,357.1274,2.3512,3.4074,7.7563,-0.0456,0.4321,2.8363,7.7488,-0.3431,0.2895,-2.8544,trailer,122,77.9248,-73.8978,2.1978,1.6563,2.7258,0.3789,44.918,2.7520273490646856,9.90729845663287,4.747500000000002,4.496900000000011,5.5585,-1.7019000000000002,5.813207880335952,6.539179295599725,0,02_120_122_4549_ego_122,1,4549,4549,4556,vehicle_vehicle,0.2635826623960191,1.6806759132772684,2.439569178662209,12.728183161787078,15.0,3.0,3.5,0.8,0.02428373941550189,0.0874214618958068
2,122,4605,97,77.9248,-73.8978,44.918,2.1253,4.7703,2.1978,1.6563,2.1629,0.9635,2.7258,0.3789,2.2119,0.845,car,122,77.9248,-73.8978,2.1978,1.6563,2.7258,0.3789,44.918,2.7520273490646856,9.90729845663287,0.0,0.0,0.0,0.0,0.0,0.0,1,02_120_122_4549_ego_122,1,4549,4549,4556,vehicle_vehicle,0.2635826623960191,1.6806759132772684,2.439569178662209,12.728183161787078,15.0,3.0,3.5,0.8,0.02428373941550189,0.0874214618958068
2,119,4606,220,88.3749,-68.8454,13.1569,2.3818,5.5901,7.5406,1.98,-0.2531,2.3541,7.7934,-0.2117,0.2894,-2.3499,car,122,78.0149,-73.8286,2.2879,1.6971,2.8219,0.3891,44.4175,2.848619809662216,10.25503131478398,10.36,4.9831999999999965,5.252700000000001,0.28289999999999993,5.260312699830687,11.496168154650485,0,02_120_122_4549_ego_122,0,4549,4549,4556,vehicle_vehicle,0.2635826623960191,1.6806759132772684,2.439569178662209,12.728183161787078,15.0,3.0,3.5,0.8,0.02428373941550189,0.0874214618958068
2,120,4606,214,82.9828,-69.4004,357.8478,2.3512,3.4074,7.7749,0.072,0.3952,2.8536,7.7667,-0.3639,0.2877,-2.8664,trailer,122,78.0149,-73.8286,2.2879,1.6971,2.8219,0.3891,44.4175,2.848619809662216,10.25503131478398,4.9679,4.42819999999999,5.487,-1.6251,5.722597225910627,6.6549970435755945,0,02_120_122_4549_ego_122,1,4549,4549,4556,vehicle_vehicle,0.2635826623960191,1.6806759132772684,2.439569178662209,12.728183161787078,15.0,3.0,3.5,0.8,0.02428373941550189,0.0874214618958068
2,122,4606,98,78.0149,-73.8286,44.4175,2.1253,4.7703,2.2879,1.6971,2.1741,0.913,2.8219,0.3891,2.1919,0.8695,car,122,78.0149,-73.8286,2.2879,1.6971,2.8219,0.3891,44.4175,2.848619809662216,10.25503131478398,0.0,0.0,0.0,0.0,0.0,0.0,1,02_120_122_4549_ego_122,1,4549,4549,4556,vehicle_vehicle,0.2635826623960191,1.6806759132772684,2.439569178662209,12.728183161787078,15.0,3.0,3.5,0.8,0.02428373941550189,0.0874214618958068
2,119,4607,221,88.6768,-68.7647,13.9142,2.3818,5.5901,7.5291,2.077,-0.2699,2.3206,7.8076,-0.2056,0.2961,-2.3174,car,122,78.1095,-73.7586,2.378,1.7352,2.9167,0.3984,43.896,2.943773605425526,10.597584979531893,10.567300000000003,4.9938999999999965,5.1511,0.3417999999999999,5.162427573341828,11.687894014748766,0,02_120_122_4549_ego_122,0,4549,4549,4556,vehicle_vehicle,0.2635826623960191,1.6806759132772684,2.439569178662209,12.728183161787078,15.0,3.0,3.5,0.8,0.02428373941550189,0.0874214618958068
2,120,4607,215,83.2938,-69.3954,358.5962,2.3512,3.4074,7.7922,0.1903,0.3568,2.8667,7.7852,-0.3812,0.2865,-2.8745,trailer,122,78.1095,-73.7586,2.378,1.7352,2.9167,0.3984,43.896,2.943773605425526,10.597584979531893,5.1843000000000075,4.363200000000006,5.4142,-1.5449000000000002,5.630299960925705,6.7760224859426295,0,02_120_122_4549_ego_122,1,4549,4549,4556,vehicle_vehicle,0.2635826623960191,1.6806759132772684,2.439569178662209,12.728183161787078,15.0,3.0,3.5,0.8,0.02428373941550189,0.0874214618958068
2,122,4607,99,78.1095,-73.7586,43.896,2.1253,4.7703,2.378,1.7352,2.1819,0.8607,2.9167,0.3984,2.169,0.8926,car,122,78.1095,-73.7586,2.378,1.7352,2.9167,0.3984,43.896,2.943773605425526,10.597584979531893,0.0,0.0,0.0,0.0,0.0,0.0,1,02_120_122_4549_ego_122,1,4549,4549,4556,vehicle_vehicle,0.2635826623960191,1.6806759132772684,2.439569178662209,12.728183161787078,15.0,3.0,3.5,0.8,0.02428373941550189,0.0874214618958068
2,119,4608,222,88.9786,-68.6806,14.6711,2.3818,5.5901,7.5165,2.173,-0.285,2.284,7.8218,-0.1984,0.3027,-2.2818,car,122,78.2077,-73.6869,2.4678,1.7706,3.01,0.4064,43.3488,3.037278584522664,10.934202904281591,10.770899999999997,5.006299999999996,5.0487,0.4024000000000001,5.06471099372906,11.877513481364687,0,02_120_122_4549_ego_122,0,4549,4549,4556,vehicle_vehicle,0.2635826623960191,1.6806759132772684,2.439569178662209,12.728183161787078,15.0,3.0,3.5,0.8,0.02428373941550189,0.0874214618958068
2,120,4608,216,83.6064,-69.3857,359.4053,2.3512,3.4074,7.8078,0.3093,0.317,2.8755,7.8042,-0.3903,0.2872,-2.8787,trailer,122,78.2077,-73.6869,2.4678,1.7706,3.01,0.4064,43.3488,3.037278584522664,10.934202904281591,5.398699999999991,4.301199999999994,5.34,-1.4613,5.53633431884311,6.902628711585163,0,02_120_122_4549_ego_122,1,4549,4549,4556,vehicle_vehicle,0.2635826623960191,1.6806759132772684,2.439569178662209,12.728183161787078,15.0,3.0,3.5,0.8,0.02428373941550189,0.0874214618958068
2,122,4608,100,78.2077,-73.6869,43.3488,2.1253,4.7703,2.4678,1.7706,2.1868,0.807,3.01,0.4064,2.1442,0.9143,car,122,78.2077,-73.6869,2.4678,1.7706,3.01,0.4064,43.3488,3.037278584522664,10.934202904281591,0.0,0.0,0.0,0.0,0.0,0.0,1,02_120_122_4549_ego_122,1,4549,4549,4556,vehicle_vehicle,0.2635826623960191,1.6806759132772684,2.439569178662209,12.728183161787078,15.0,3.0,3.5,0.8,0.02428373941550189,0.0874214618958068
2,119,4609,223,89.28,-68.5924,15.4203,2.3818,5.5901,7.5029,2.2678,-0.2982,2.2442,7.8358,-0.1911,0.3092,-2.2427,car,122,78.3093,-73.6139,2.5574,1.8033,3.1018,0.4132,42.7766,3.1292468183254574,11.265288545971647,10.970700000000008,5.021500000000003,4.945500000000001,0.4644999999999999,4.967265897855682,12.065310635868444,0,02_120_122_4549_ego_122,0,4549,4549,4556,vehicle_vehicle,0.2635826623960191,1.6806759132772684,2.439569178662209,12.728183161787078,15.0,3.0,3.5,0.8,0.02428373941550189,0.0874214618958068
2,120,4609,217,83.9195,-69.3713,0.2208,2.3512,3.4074,7.8215,0.4287,0.2761,2.8801,7.8231,-0.3986,0.2872,-2.879,trailer,122,78.3093,-73.6139,2.5574,1.8033,3.1018,0.4132,42.7766,3.1292468183254574,11.265288545971647,5.610200000000006,4.242599999999996,5.264100000000001,-1.3745999999999998,5.440613381779669,7.0337755721944974,0,02_120_122_4549_ego_122,1,4549,4549,4556,vehicle_vehicle,0.2635826623960191,1.6806759132772684,2.439569178662209,12.728183161787078,15.0,3.0,3.5,0.8,0.02428373941550189,0.0874214618958068
2,122,4609,101,78.3093,-73.6139,42.7766,2.1253,4.7703,2.5574,1.8033,2.1894,0.7527,3.1018,0.4132,2.1182,0.9344,car,122,78.3093,-73.6139,2.5574,1.8033,3.1018,0.4132,42.7766,3.1292468183254574,11.265288545971647,0.0,0.0,0.0,0.0,0.0,0.0,1,02_120_122_4549_ego_122,1,4549,4549,4556,vehicle_vehicle,0.2635826623960191,1.6806759132772684,2.439569178662209,12.728183161787078,15.0,3.0,3.5,0.8,0.02428373941550189,0.0874214618958068
2,119,4610,224,89.5809,-68.5003,16.1657,2.3818,5.5901,7.4884,2.3611,-0.309,2.201,7.8497,-0.1828,0.316,-2.2,car,122,78.4142,-73.5398,2.6467,1.8332,3.1921,0.4203,42.2076,3.219571886136416,11.590458790091098,11.166700000000006,5.039500000000004,4.8417,0.5279,4.870393957371416,12.251193784280785,0,02_120_122_4549_ego_122,0,4549,4549,4556,vehicle_vehicle,0.2635826623960191,1.6806759132772684,2.439569178662209,12.728183161787078,15.0,3.0,3.5,0.8,0.02428373941550189,0.0874214618958068
2,120,4610,218,84.2333,-69.3516,1.0619,2.3512,3.4074,7.8333,0.5482,0.2342,2.8802,7.8422,-0.403,0.2875,-2.8754,trailer,122,78.4142,-73.5398,2.6467,1.8332,3.1921,0.4203,42.2076,3.219571886136416,11.590458790091098,5.819100000000006,4.188199999999995,5.1866,-1.285,5.3434113223670145,7.169584649754826,0,02_120_122_4549_ego_122,1,4549,4549,4556,vehicle_vehicle,0.2635826623960191,1.6806759132772684,2.439569178662209,12.728183161787078,15.0,3.0,3.5,0.8,0.02428373941550189,0.0874214618958068
2,122,4610,102,78.4142,-73.5398,42.2076,2.1253,4.7703,2.6467,1.8332,2.1901,0.6982,3.1921,0.4203,2.0913,0.9541,car,122,78.4142,-73.5398,2.6467,1.8332,3.1921,0.4203,42.2076,3.219571886136416,11.590458790091098,0.0,0.0,0.0,0.0,0.0,0.0,1,02_120_122_4549_ego_122,1,4549,4549,4556,vehicle_vehicle,0.2635826623960191,1.6806759132772684,2.439569178662209,12.728183161787078,15.0,3.0,3.5,0.8,0.02428373941550189,0.0874214618958068
2,119,4611,225,89.8808,-68.4041,16.9124,2.3818,5.5901,7.4732,2.4526,-0.3172,2.1542,7.8635,-0.1725,0.3232,-2.1533,car,122,78.5219,-73.4641,2.7361,1.8602,3.2806,0.429,41.6616,3.308562716649029,11.910825779936504,11.358899999999991,5.060000000000002,4.7371,0.5923999999999998,4.773997713656763,12.434959155944172,0,02_120_122_4549_ego_122,0,4549,4549,4556,vehicle_vehicle,0.2635826623960191,1.6806759132772684,2.439569178662209,12.728183161787078,15.0,3.0,3.5,0.8,0.02428373941550189,0.0874214618958068
2,120,4611,219,84.5477,-69.3272,1.9405,2.3512,3.4074,7.8431,0.6676,0.1917,2.8761,7.8612,-0.4017,0.289,-2.868,trailer,122,78.5219,-73.4641,2.7361,1.8602,3.2806,0.429,41.6616,3.308562716649029,11.910825779936504,6.025800000000004,4.136899999999997,5.106999999999999,-1.1926,5.244401182213275,7.3091864971418,0,02_120_122_4549_ego_122,1,4549,4549,4556,vehicle_vehicle,0.2635826623960191,1.6806759132772684,2.439569178662209,12.728183161787078,15.0,3.0,3.5,0.8,0.02428373941550189,0.0874214618958068
2,122,4611,103,78.5219,-73.4641,41.6616,2.1253,4.7703,2.7361,1.8602,2.189,0.6443,3.2806,0.429,2.0637,0.9737,car,122,78.5219,-73.4641,2.7361,1.8602,3.2806,0.429,41.6616,3.308562716649029,11.910825779936504,0.0,0.0,0.0,0.0,0.0,0.0,1,02_120_122_4549_ego_122,1,4549,4549,4556,vehicle_vehicle,0.2635826623960191,1.6806759132772684,2.439569178662209,12.728183161787078,15.0,3.0,3.5,0.8,0.02428373941550189,0.0874214618958068
2,119,4612,226,90.179,-68.3043,17.643,2.3818,5.5901,7.4579,2.5424,-0.3225,2.1038,7.8776,-0.1624,0.3303,-2.1026,car,122,78.6329,-73.3877,2.8254,1.8845,3.3679,0.4383,41.1178,3.396207503966741,12.226347014280268,11.546099999999996,5.0833999999999975,4.6325,0.6579000000000002,4.678983720852211,12.615600690018683,0,02_120_122_4549_ego_122,0,4549,4549,4556,vehicle_vehicle,0.2635826623960191,1.6806759132772684,2.439569178662209,12.728183161787078,15.0,3.0,3.5,0.8,0.02428373941550189,0.0874214618958068
2,120,4612,220,84.8623,-69.2982,2.8099,2.3512,3.4074,7.8509,0.7869,0.149,2.8678,7.8801,-0.4011,0.2894,-2.857,trailer,122,78.6329,-73.3877,2.8254,1.8845,3.3679,0.4383,41.1178,3.396207503966741,12.226347014280268,6.229399999999998,4.089500000000001,5.0255,-1.0976,5.143965008629044,7.451807472687414,0,02_120_122_4549_ego_122,1,4549,4549,4556,vehicle_vehicle,0.2635826623960191,1.6806759132772684,2.439569178662209,12.728183161787078,15.0,3.0,3.5,0.8,0.02428373941550189,0.0874214618958068
2,122,4612,104,78.6329,-73.3877,41.1178,2.1253,4.7703,2.8254,1.8845,2.1861,0.5916,3.3679,0.4383,2.036,0.9919,car,122,78.6329,-73.3877,2.8254,1.8845,3.3679,0.4383,41.1178,3.396207503966741,12.226347014280268,0.0,0.0,0.0,0.0,0.0,0.0,1,02_120_122_4549_ego_122,1,4549,4549,4556,vehicle_vehicle,0.2635826623960191,1.6806759132772684,2.439569178662209,12.728183161787078,15.0,3.0,3.5,0.8,0.02428373941550189,0.0874214618958068
2,119,4613,227,90.4765,-68.2005,18.3592,2.3818,5.5901,7.4426,2.6299,-0.3254,2.05,7.8921,-0.1518,0.3369,-2.0482,car,122,78.7474,-73.3106,2.9148,1.9062,3.454,0.4472,40.5616,3.482765780238459,12.537956808858452,11.729100000000003,5.1100999999999885,4.527799999999999,0.7237000000000002,4.585271478331462,12.793940316415421,0,02_120_122_4549_ego_122,0,4549,4549,4556,vehicle_vehicle,0.2635826623960191,1.6806759132772684,2.439569178662209,12.728183161787078,15.0,3.0,3.5,0.8,0.02428373941550189,0.0874214618958068
2,120,4613,221,85.1772,-69.2642,3.7016,2.3512,3.4074,7.8567,0.9058,0.1063,2.8553,7.8988,-0.3967,0.2905,-2.8424,trailer,122,78.7474,-73.3106,2.9148,1.9062,3.454,0.4472,40.5616,3.482765780238459,12.537956808858452,6.4298,4.046399999999991,4.9419,-1.0004,5.042139999048024,7.59708371679554,0,02_120_122_4549_ego_122,1,4549,4549,4556,vehicle_vehicle,0.2635826623960191,1.6806759132772684,2.439569178662209,12.728183161787078,15.0,3.0,3.5,0.8,0.02428373941550189,0.0874214618958068
2,122,4613,105,78.7474,-73.3106,40.5616,2.1253,4.7703,2.9148,1.9062,2.1814,0.5406,3.454,0.4472,2.0088,1.0078,car,122,78.7474,-73.3106,2.9148,1.9062,3.454,0.4472,40.5616,3.482765780238459,12.537956808858452,0.0,0.0,0.0,0.0,0.0,0.0,1,02_120_122_4549_ego_122,1,4549,4549,4556,vehicle_vehicle,0.2635826623960191,1.6806759132772684,2.439569178662209,12.728183161787078,15.0,3.0,3.5,0.8,0.02428373941550189,0.0874214618958068
2,119,4614,228,90.7735,-68.0935,19.0578,2.3818,5.5901,7.4273,2.7152,-0.3259,1.9929,7.9068,-0.1412,0.3427,-1.99,car,122,78.8653,-73.2327,3.0042,1.9254,3.539,0.4559,39.9967,3.5682464600977326,12.845687256351837,11.908199999999994,5.139199999999988,4.4231,0.7897999999999998,4.493061055672402,12.969834381363539,0,02_120_122_4549_ego_122,0,4549,4549,4556,vehicle_vehicle,0.2635826623960191,1.6806759132772684,2.439569178662209,12.728183161787078,15.0,3.0,3.5,0.8,0.02428373941550189,0.0874214618958068
2,120,4614,222,85.4923,-69.2249,4.583,2.3512,3.4074,7.8605,1.0238,0.064,2.8387,7.9171,-0.3925,0.2906,-2.8246,trailer,122,78.8653,-73.2327,3.0042,1.9254,3.539,0.4559,39.9967,3.5682464600977326,12.845687256351837,6.626999999999995,4.007799999999989,4.8563,-0.9016,4.939284588885317,7.744649110192136,0,02_120_122_4549_ego_122,1,4549,4549,4556,vehicle_vehicle,0.2635826623960191,1.6806759132772684,2.439569178662209,12.728183161787078,15.0,3.0,3.5,0.8,0.02428373941550189,0.0874214618958068
2,122,4614,106,78.8653,-73.2327,39.9967,2.1253,4.7703,3.0042,1.9254,2.1747,0.4918,3.539,0.4559,1.9821,1.021,car,122,78.8653,-73.2327,3.0042,1.9254,3.539,0.4559,39.9967,3.5682464600977326,12.845687256351837,0.0,0.0,0.0,0.0,0.0,0.0,1,02_120_122_4549_ego_122,1,4549,4549,4556,vehicle_vehicle,0.2635826623960191,1.6806759132772684,2.439569178662209,12.728183161787078,15.0,3.0,3.5,0.8,0.02428373941550189,0.0874214618958068
2,119,4615,229,91.0705,-67.9835,19.7324,2.3818,5.5901,7.412,2.7983,-0.3241,1.9323,7.9215,-0.1315,0.3473,-1.9283,car,122,78.9862,-73.1541,3.0936,1.9421,3.6231,0.464,39.4184,3.652685774878534,13.149668789562723,12.084299999999999,5.170599999999993,4.3184000000000005,0.8561999999999999,4.402460334858226,13.144025671383936,0,02_120_122_4549_ego_122,0,4549,4549,4556,vehicle_vehicle,0.2635826623960191,1.6806759132772684,2.439569178662209,12.728183161787078,15.0,3.0,3.5,0.8,0.02428373941550189,0.0874214618958068
2,120,4615,223,85.8076,-69.1819,5.4297,2.3512,3.4074,7.8622,1.1413,0.0223,2.8184,7.9349,-0.3922,0.2889,-2.8036,trailer,122,78.9862,-73.1541,3.0936,1.9421,3.6231,0.464,39.4184,3.652685774878534,13.149668789562723,6.821399999999997,3.972200000000001,4.768599999999999,-0.8008,4.835372436534749,7.893660164967831,0,02_120_122_4549_ego_122,1,4549,4549,4556,vehicle_vehicle,0.2635826623960191,1.6806759132772684,2.439569178662209,12.728183161787078,15.0,3.0,3.5,0.8,0.02428373941550189,0.0874214618958068
2,122,4615,107,78.9862,-73.1541,39.4184,2.1253,4.7703,3.0936,1.9421,2.1656,0.4458,3.6231,0.464,1.9561,1.0308,car,122,78.9862,-73.1541,3.0936,1.9421,3.6231,0.464,39.4184,3.652685774878534,13.149668789562723,0.0,0.0,0.0,0.0,0.0,0.0,1,02_120_122_4549_ego_122,1,4549,4549,4556,vehicle_vehicle,0.2635826623960191,1.6806759132772684,2.439569178662209,12.728183161787078,15.0,3.0,3.5,0.8,0.02428373941550189,0.0874214618958068
2,119,4616,230,91.367,-67.87,20.3771,2.3818,5.5901,7.3966,2.879,-0.32,1.8684,7.9362,-0.1234,0.3506,-1.8629,car,122,79.1117,-73.0757,3.1828,1.9569,3.7063,0.4723,38.846,3.736264638646465,13.450552699127273,12.255300000000005,5.205699999999993,4.213800000000001,0.9220999999999999,4.3135111973889675,13.315092586234616,0,02_120_122_4549_ego_122,0,4549,4549,4556,vehicle_vehicle,0.2635826623960191,1.6806759132772684,2.439569178662209,12.728183161787078,15.0,3.0,3.5,0.8,0.02428373941550189,0.0874214618958068
2,120,4616,224,86.123,-69.1345,6.2565,2.3512,3.4074,7.8619,1.2582,-0.0184,2.7939,7.9522,-0.3939,0.2862,-2.7793,trailer,122,79.1117,-73.0757,3.1828,1.9569,3.7063,0.4723,38.846,3.736264638646465,13.450552699127273,7.011300000000006,3.941199999999995,4.6791,-0.6987000000000001,4.73097859855654,8.043095494273336,0,02_120_122_4549_ego_122,1,4549,4549,4556,vehicle_vehicle,0.2635826623960191,1.6806759132772684,2.439569178662209,12.728183161787078,15.0,3.0,3.5,0.8,0.02428373941550189,0.0874214618958068
2,122,4616,108,79.1117,-73.0757,38.846,2.1253,4.7703,3.1828,1.9569,2.1541,0.4027,3.7063,0.4723,1.9303,1.0375,car,122,79.1117,-73.0757,3.1828,1.9569,3.7063,0.4723,38.846,3.736264638646465,13.450552699127273,0.0,0.0,0.0,0.0,0.0,0.0,1,02_120_122_4549_ego_122,1,4549,4549,4556,vehicle_vehicle,0.2635826623960191,1.6806759132772684,2.439569178662209,12.728183161787078,15.0,3.0,3.5,0.8,0.02428373941550189,0.0874214618958068
2,119,4617,231,91.6632,-67.7526,20.9973,2.3818,5.5901,7.3811,2.9569,-0.3133,1.8012,7.9505,-0.1157,0.3529,-1.7939,car,122,79.2407,-72.9965,3.2714,1.9696,3.7884,0.4797,38.2677,3.8185575967896566,13.746807348442763,12.4225,5.2438999999999965,4.1097,0.9873000000000001,4.226629316606792,13.483953183692085,0,02_120_122_4549_ego_122,0,4549,4549,4556,vehicle_vehicle,0.2635826623960191,1.6806759132772684,2.439569178662209,12.728183161787078,15.0,3.0,3.5,0.8,0.02428373941550189,0.0874214618958068
2,120,4617,225,86.4384,-69.082,7.0813,2.3512,3.4074,7.8596,1.3741,-0.0578,2.7654,7.9691,-0.3947,0.2836,-2.7514,trailer,122,79.2407,-72.9965,3.2714,1.9696,3.7884,0.4797,38.2677,3.8185575967896566,13.746807348442763,7.1976999999999975,3.914500000000004,4.5882000000000005,-0.5954999999999999,4.626683422279939,8.193301870430503,0,02_120_122_4549_ego_122,1,4549,4549,4556,vehicle_vehicle,0.2635826623960191,1.6806759132772684,2.439569178662209,12.728183161787078,15.0,3.0,3.5,0.8,0.02428373941550189,0.0874214618958068
2,122,4617,109,79.2407,-72.9965,38.2677,2.1253,4.7703,3.2714,1.9696,2.1401,0.3629,3.7884,0.4797,1.905,1.0405,car,122,79.2407,-72.9965,3.2714,1.9696,3.7884,0.4797,38.2677,3.8185575967896566,13.746807348442763,0.0,0.0,0.0,0.0,0.0,0.0,1,02_120_122_4549_ego_122,1,4549,4549,4556,vehicle_vehicle,0.2635826623960191,1.6806759132772684,2.439569178662209,12.728183161787078,15.0,3.0,3.5,0.8,0.02428373941550189,0.0874214618958068
2,119,4618,232,91.9583,-67.6324,21.5954,2.3818,5.5901,7.3659,3.0318,-0.3039,1.731,7.9647,-0.108,0.3545,-1.7214,car,122,79.3735,-72.9166,3.3595,1.9805,3.8694,0.486,37.6792,3.8998231370153187,14.039363293255148,12.584799999999987,5.2841999999999985,4.006399999999999,1.0513000000000001,4.142037258403163,13.64917435891269,0,02_120_122_4549_ego_122,0,4549,4549,4556,vehicle_vehicle,0.2635826623960191,1.6806759132772684,2.439569178662209,12.728183161787078,15.0,3.0,3.5,0.8,0.02428373941550189,0.0874214618958068
2,120,4618,226,86.7534,-69.0242,7.9202,2.3512,3.4074,7.8555,1.4886,-0.0954,2.7328,7.9857,-0.392,0.282,-2.7199,trailer,122,79.3735,-72.9166,3.3595,1.9805,3.8694,0.486,37.6792,3.8998231370153187,14.039363293255148,7.379899999999992,3.892400000000009,4.496,-0.4919,4.522828938839054,8.343482592419065,0,02_120_122_4549_ego_122,1,4549,4549,4556,vehicle_vehicle,0.2635826623960191,1.6806759132772684,2.439569178662209,12.728183161787078,15.0,3.0,3.5,0.8,0.02428373941550189,0.0874214618958068
2,122,4618,110,79.3735,-72.9166,37.6792,2.1253,4.7703,3.3595,1.9805,2.1236,0.3265,3.8694,0.486,1.8803,1.0396,car,122,79.3735,-72.9166,3.3595,1.9805,3.8694,0.486,37.6792,3.8998231370153187,14.039363293255148,0.0,0.0,0.0,0.0,0.0,0.0,1,02_120_122_4549_ego_122,1,4549,4549,4556,vehicle_vehicle,0.2635826623960191,1.6806759132772684,2.439569178662209,12.728183161787078,15.0,3.0,3.5,0.8,0.02428373941550189,0.0874214618958068
2,119,4619,233,92.2523,-67.5092,22.1622,2.3818,5.5901,7.3512,3.1037,-0.2919,1.658,7.9789,-0.1014,0.3551,-1.6457,car,122,79.5097,-72.8365,3.4468,1.9896,3.9494,0.4912,37.0851,3.979816377673724,14.327338959625406,12.74260000000001,5.327299999999994,3.9044000000000003,1.1140999999999999,4.060241146779339,13.8113714036659,0,02_120_122_4549_ego_122,0,4549,4549,4556,vehicle_vehicle,0.2635826623960191,1.6806759132772684,2.439569178662209,12.728183161787078,15.0,3.0,3.5,0.8,0.02428373941550189,0.0874214618958068
2,120,4619,227,87.068,-68.9617,8.7577,2.3512,3.4074,7.8497,1.6015,-0.1312,2.6964,8.002,-0.3877,0.2808,-2.685,trailer,122,79.5097,-72.8365,3.4468,1.9896,3.9494,0.4912,37.0851,3.979816377673724,14.327338959625406,7.558300000000003,3.8748000000000076,4.402900000000001,-0.3881000000000001,4.419971721628998,8.493643148260945,0,02_120_122_4549_ego_122,1,4549,4549,4556,vehicle_vehicle,0.2635826623960191,1.6806759132772684,2.439569178662209,12.728183161787078,15.0,3.0,3.5,0.8,0.02428373941550189,0.0874214618958068
2,122,4619,111,79.5097,-72.8365,37.0851,2.1253,4.7703,3.4468,1.9896,2.1047,0.294,3.9494,0.4912,1.8563,1.0346,car,122,79.5097,-72.8365,3.4468,1.9896,3.9494,0.4912,37.0851,3.979816377673724,14.327338959625406,0.0,0.0,0.0,0.0,0.0,0.0,1,02_120_122_4549_ego_122,1,4549,4549,4556,vehicle_vehicle,0.2635826623960191,1.6806759132772684,2.439569178662209,12.728183161787078,15.0,3.0,3.5,0.8,0.02428373941550189,0.0874214618958068
2,119,4620,234,92.5452,-67.3834,22.7,2.3818,5.5901,7.3373,3.1726,-0.2776,1.5824,7.9933,-0.0954,0.3546,-1.567,car,122,79.6492,-72.7562,3.5333,1.9973,4.0285,0.4946,36.4774,4.058745641204927,14.611484308337738,12.896,5.372800000000012,3.804,1.1753,3.9814251330396755,13.970461547135805,0,02_120_122_4549_ego_122,0,4549,4549,4556,vehicle_vehicle,0.2635826623960191,1.6806759132772684,2.439569178662209,12.728183161787078,15.0,3.0,3.5,0.8,0.02428373941550189,0.0874214618958068
2,120,4620,228,87.382,-68.8945,9.5869,2.3512,3.4074,7.8424,1.7125,-0.165,2.6567,8.0181,-0.3825,0.2798,-2.6471,trailer,122,79.6492,-72.7562,3.5333,1.9973,4.0285,0.4946,36.4774,4.058745641204927,14.611484308337738,7.732800000000012,3.8617000000000132,4.309099999999999,-0.28480000000000016,4.318501343058722,8.643432346585486,0,02_120_122_4549_ego_122,1,4549,4549,4556,vehicle_vehicle,0.2635826623960191,1.6806759132772684,2.439569178662209,12.728183161787078,15.0,3.0,3.5,0.8,0.02428373941550189,0.0874214618958068
2,122,4620,112,79.6492,-72.7562,36.4774,2.1253,4.7703,3.5333,1.9973,2.0834,0.2654,4.0285,0.4946,1.8331,1.0252,car,122,79.6492,-72.7562,3.5333,1.9973,4.0285,0.4946,36.4774,4.058745641204927,14.611484308337738,0.0,0.0,0.0,0.0,0.0,0.0,1,02_120_122_4549_ego_122,1,4549,4549,4556,vehicle_vehicle,0.2635826623960191,1.6806759132772684,2.439569178662209,12.728183161787078,15.0,3.0,3.5,0.8,0.02428373941550189,0.0874214618958068
2,119,4621,235,92.8375,-67.2552,23.2186,2.3818,5.5901,7.3244,3.2385,-0.2613,1.5043,8.008,-0.0886,0.3529,-1.4854,car,122,79.7924,-72.6758,3.619,2.0037,4.1068,0.4958,35.8559,4.136662264434939,14.891984151965781,13.045100000000005,5.420599999999993,3.7053999999999996,1.2348000000000003,3.905729150875672,14.126483581203074,0,02_120_122_4549_ego_122,0,4549,4549,4556,vehicle_vehicle,0.2635826623960191,1.6806759132772684,2.439569178662209,12.728183161787078,15.0,3.0,3.5,0.8,0.02428373941550189,0.0874214618958068
2,120,4621,229,87.6959,-68.8237,10.4013,2.3512,3.4074,7.8337,1.8219,-0.1966,2.6139,8.0339,-0.3777,0.2785,-2.6064,trailer,122,79.7924,-72.6758,3.619,2.0037,4.1068,0.4958,35.8559,4.136662264434939,14.891984151965781,7.903499999999994,3.852099999999993,4.214700000000001,-0.18179999999999974,4.218619125970013,8.792268573013443,0,02_120_122_4549_ego_122,1,4549,4549,4556,vehicle_vehicle,0.2635826623960191,1.6806759132772684,2.439569178662209,12.728183161787078,15.0,3.0,3.5,0.8,0.02428373941550189,0.0874214618958068
2,122,4621,113,79.7924,-72.6758,35.8559,2.1253,4.7703,3.619,2.0037,2.0598,0.241,4.1068,0.4958,1.8107,1.0112,car,122,79.7924,-72.6758,3.619,2.0037,4.1068,0.4958,35.8559,4.136662264434939,14.891984151965781,0.0,0.0,0.0,0.0,0.0,0.0,1,02_120_122_4549_ego_122,1,4549,4549,4556,vehicle_vehicle,0.2635826623960191,1.6806759132772684,2.439569178662209,12.728183161787078,15.0,3.0,3.5,0.8,0.02428373941550189,0.0874214618958068
2,119,4622,236,93.1304,-67.1245,23.7142,2.3818,5.5901,7.3122,3.3012,-0.2431,1.4236,8.0224,-0.0817,0.3499,-1.4011,car,122,79.9397,-72.5962,3.7033,2.0094,4.184,0.4961,35.2465,4.21332638778436,15.167974996023695,13.190699999999993,5.4716999999999985,3.6088999999999998,1.2918000000000003,3.8331327201128844,14.280548567194462,0,02_120_122_4549_ego_122,0,4549,4549,4556,vehicle_vehicle,0.2635826623960191,1.6806759132772684,2.439569178662209,12.728183161787078,15.0,3.0,3.5,0.8,0.02428373941550189,0.0874214618958068
2,120,4622,230,88.0092,-68.7483,11.2177,2.3512,3.4074,7.8236,1.9294,-0.2261,2.5679,8.0495,-0.3706,0.2778,-2.5629,trailer,122,79.9397,-72.5962,3.7033,2.0094,4.184,0.4961,35.2465,4.21332638778436,15.167974996023695,8.069500000000005,3.8478999999999957,4.1203,-0.07999999999999985,4.1210765692959415,8.939975652092127,0,02_120_122_4549_ego_122,1,4549,4549,4556,vehicle_vehicle,0.2635826623960191,1.6806759132772684,2.439569178662209,12.728183161787078,15.0,3.0,3.5,0.8,0.02428373941550189,0.0874214618958068
2,122,4622,114,79.9397,-72.5962,35.2465,2.1253,4.7703,3.7033,2.0094,2.0341,0.2207,4.184,0.4961,1.7886,0.9936,car,122,79.9397,-72.5962,3.7033,2.0094,4.184,0.4961,35.2465,4.21332638778436,15.167974996023695,0.0,0.0,0.0,0.0,0.0,0.0,1,02_120_122_4549_ego_122,1,4549,4549,4556,vehicle_vehicle,0.2635826623960191,1.6806759132772684,2.439569178662209,12.728183161787078,15.0,3.0,3.5,0.8,0.02428373941550189,0.0874214618958068
2,119,4623,237,93.4228,-66.991,24.185,2.3818,5.5901,7.3006,3.3606,-0.2232,1.3404,8.0366,-0.0747,0.3455,-1.3141,car,122,80.0902,-72.5163,3.7863,2.0146,4.2604,0.4935,34.6237,4.288902056470864,15.44004740329511,13.3326,5.525300000000001,3.5143,1.3459999999999996,3.7632460044488187,14.43215724865829,0,02_120_122_4549_ego_122,0,4549,4549,4556,vehicle_vehicle,0.2635826623960191,1.6806759132772684,2.439569178662209,12.728183161787078,15.0,3.0,3.5,0.8,0.02428373941550189,0.0874214618958068
2,120,4623,231,88.3225,-68.6688,12.0561,2.3512,3.4074,7.8121,2.035,-0.2533,2.5191,8.0649,-0.3584,0.2785,-2.5165,trailer,122,80.0902,-72.5163,3.7863,2.0146,4.2604,0.4935,34.6237,4.288902056470864,15.44004740329511,8.23230000000001,3.8474999999999966,4.0258,0.020399999999999974,4.025851686289499,9.087024790326046,0,02_120_122_4549_ego_122,1,4549,4549,4556,vehicle_vehicle,0.2635826623960191,1.6806759132772684,2.439569178662209,12.728183161787078,15.0,3.0,3.5,0.8,0.02428373941550189,0.0874214618958068
2,122,4623,115,80.0902,-72.5163,34.6237,2.1253,4.7703,3.7863,2.0146,2.0066,0.2042,4.2604,0.4935,1.7672,0.9721,car,122,80.0902,-72.5163,3.7863,2.0146,4.2604,0.4935,34.6237,4.288902056470864,15.44004740329511,0.0,0.0,0.0,0.0,0.0,0.0,1,02_120_122_4549_ego_122,1,4549,4549,4556,vehicle_vehicle,0.2635826623960191,1.6806759132772684,2.439569178662209,12.728183161787078,15.0,3.0,3.5,0.8,0.02428373941550189,0.0874214618958068
2,119,4624,238,93.7148,-66.8552,24.6279,2.3818,5.5901,7.2897,3.4165,-0.2013,1.2548,8.0503,-0.0679,0.3399,-1.2245,car,122,80.2442,-72.4359,3.8679,2.0192,4.3356,0.4897,34.0106,4.363234929498984,15.707645746196341,13.47059999999999,5.580700000000007,3.4217999999999997,1.3973,3.6961009902328152,14.580853090611669,0,02_120_122_4549_ego_122,0,4549,4549,4556,vehicle_vehicle,0.2635826623960191,1.6806759132772684,2.439569178662209,12.728183161787078,15.0,3.0,3.5,0.8,0.02428373941550189,0.0874214618958068
2,120,4624,232,88.6359,-68.5857,12.8524,2.3512,3.4074,7.7991,2.1387,-0.2778,2.4674,8.0795,-0.3503,0.278,-2.4674,trailer,122,80.2442,-72.4359,3.8679,2.0192,4.3356,0.4897,34.0106,4.363234929498984,15.707645746196341,8.3917,3.850200000000001,3.9312,0.11949999999999994,3.9330158517351546,9.232803958170022,0,02_120_122_4549_ego_122,1,4549,4549,4556,vehicle_vehicle,0.2635826623960191,1.6806759132772684,2.439569178662209,12.728183161787078,15.0,3.0,3.5,0.8,0.02428373941550189,0.0874214618958068
2,122,4624,116,80.2442,-72.4359,34.0106,2.1253,4.7703,3.8679,2.0192,1.9776,0.1913,4.3356,0.4897,1.7463,0.9476,car,122,80.2442,-72.4359,3.8679,2.0192,4.3356,0.4897,34.0106,4.363234929498984,15.707645746196341,0.0,0.0,0.0,0.0,0.0,0.0,1,02_120_122_4549_ego_122,1,4549,4549,4556,vehicle_vehicle,0.2635826623960191,1.6806759132772684,2.439569178662209,12.728183161787078,15.0,3.0,3.5,0.8,0.02428373941550189,0.0874214618958068
