recordingId,trackId,frame,trackLifetime,xCenter,yCenter,heading,width,length,xVelocity,yVelocity,xAcceleration,yAcceleration,lonVelocity,latVelocity,lonAcceleration,latAcceleration,class,egoTrackId,ego_xCenter,ego_yCenter,ego_xVelocity,ego_yVelocity,ego_lonVelocity,ego_latVelocity,ego_heading,ego_speed_mps,ego_speed_kph,rel_x_to_ego,rel_y_to_ego,rel_vx_to_ego,rel_vy_to_ego,rel_speed_to_ego,distance_to_ego,is_ego,event_id,is_primary_actor,event_peak_frame,event_start_frame,event_end_frame,pair_type,risk_score_peak,event_min_ttc,event_min_dcpa,event_min_distance,dist_threshold_used,ttc_threshold_used,dcpa_threshold_used,min_rel_speed_threshold_used,ego_speed_mps_peak,ego_speed_kph_peak
8,23,872,567,89.3245,-66.4421,23.1099,2.5943,5.7054,5.6652,2.5496,-0.9645,1.2659,6.2113,-0.1214,-0.3903,-1.5428,van,32,125.6077,-55.3764,-2.1342,0.8762,2.3065,0.0486,158.8866,2.3070622184934675,8.305423986576484,-36.283199999999994,-11.0657,7.7993999999999994,1.6734,7.976898389725169,37.93310320458899,0,08_23_32_947_ego_32,1,947,947,965,vehicle_vehicle,0.28762159479930155,2.3135356757438617,1.3964417842047585,11.177352622602548,15.0,3.0,3.5,0.8,3.819672777869853,13.750822000331471
8,31,872,235,111.96,-49.3649,155.3944,3.6298,18.2042,-3.1238,1.6029,-0.8142,1.0349,3.5076,0.1567,1.1712,0.6019,truck,32,125.6077,-55.3764,-2.1342,0.8762,2.3065,0.0486,158.8866,2.3070622184934675,8.305423986576484,-13.6477,6.011499999999998,-0.9896000000000003,0.7267,1.227762619564548,14.913009338828967,0,08_23_32_947_ego_32,0,947,947,965,vehicle_vehicle,0.28762159479930155,2.3135356757438617,1.3964417842047585,11.177352622602548,15.0,3.0,3.5,0.8,3.819672777869853,13.750822000331471
8,32,872,201,125.6077,-55.3764,158.8866,1.8544,4.9742,-2.1342,0.8762,-1.7807,0.6858,2.3065,0.0486,1.9082,-0.0016,car,32,125.6077,-55.3764,-2.1342,0.8762,2.3065,0.0486,158.8866,2.3070622184934675,8.305423986576484,0.0,0.0,0.0,0.0,0.0,0.0,1,08_23_32_947_ego_32,1,947,947,965,vehicle_vehicle,0.28762159479930155,2.3135356757438617,1.3964417842047585,11.177352622602548,15.0,3.0,3.5,0.8,3.819672777869853,13.750822000331471
8,35,872,153,133.9725,-58.2913,160.8709,1.8297,4.3769,0.0488,-0.0134,-0.3756,0.1181,-0.0505,0.0033,0.3935,-0.0115,car,32,125.6077,-55.3764,-2.1342,0.8762,2.3065,0.0486,158.8866,2.3070622184934675,8.305423986576484,8.364800000000002,-2.914900000000003,2.183,-0.8896,2.3573029419232476,8.858133045399581,0,08_23_32_947_ego_32,0,947,947,965,vehicle_vehicle,0.28762159479930155,2.3135356757438617,1.3964417842047585,11.177352622602548,15.0,3.0,3.5,0.8,3.819672777869853,13.750822000331471
8,23,873,568,89.5507,-66.3395,23.7042,2.5943,5.7054,5.6256,2.5984,-0.9873,1.2418,6.1956,-0.1177,-0.4048,-1.5339,van,32,125.5218,-55.3404,-2.2103,0.9047,2.3878,0.0474,158.8778,2.388285615247892,8.597828214892411,-35.97109999999999,-10.999099999999999,7.8359000000000005,1.6936999999999998,8.016854027609584,37.61515965697872,0,08_23_32_947_ego_32,1,947,947,965,vehicle_vehicle,0.28762159479930155,2.3135356757438617,1.3964417842047585,11.177352622602548,15.0,3.0,3.5,0.8,3.819672777869853,13.750822000331471
8,31,873,236,111.8343,-49.302,155.2453,3.6298,18.2042,-3.1577,1.6462,-0.7684,1.0599,3.5569,0.1727,1.1416,0.6407,truck,32,125.5218,-55.3404,-2.2103,0.9047,2.3878,0.0474,158.8778,2.388285615247892,8.597828214892411,-13.6875,6.038400000000003,-0.9474,0.7415000000000002,1.203074814797484,14.960278433572018,0,08_23_32_947_ego_32,0,947,947,965,vehicle_vehicle,0.28762159479930155,2.3135356757438617,1.3964417842047585,11.177352622602548,15.0,3.0,3.5,0.8,3.819672777869853,13.750822000331471
8,32,873,202,125.5218,-55.3404,158.8778,1.8544,4.9742,-2.2103,0.9047,-1.7479,0.6675,2.3878,0.0474,1.871,-0.0072,car,32,125.5218,-55.3404,-2.2103,0.9047,2.3878,0.0474,158.8778,2.388285615247892,8.597828214892411,0.0,0.0,0.0,0.0,0.0,0.0,1,08_23_32_947_ego_32,1,947,947,965,vehicle_vehicle,0.28762159479930155,2.3135356757438617,1.3964417842047585,11.177352622602548,15.0,3.0,3.5,0.8,3.819672777869853,13.750822000331471
8,35,873,154,133.975,-58.2915,160.8907,1.8297,4.3769,0.0375,-0.0097,-0.4384,0.1362,-0.0387,0.0031,0.4588,-0.0148,car,32,125.5218,-55.3404,-2.2103,0.9047,2.3878,0.0474,158.8778,2.388285615247892,8.597828214892411,8.453199999999995,-2.9510999999999967,2.2478000000000002,-0.9144,2.4266710119008716,8.953523409809119,0,08_23_32_947_ego_32,0,947,947,965,vehicle_vehicle,0.28762159479930155,2.3135356757438617,1.3964417842047585,11.177352622602548,15.0,3.0,3.5,0.8,3.819672777869853,13.750822000331471
8,23,874,569,89.7751,-66.2348,24.3007,2.5943,5.7054,5.585,2.6464,-1.009,1.2194,6.1792,-0.1136,-0.4178,-1.5266,van,32,125.4316,-55.3027,-2.285,0.932,2.4674,0.0454,158.8629,2.46776194151705,8.88394298946138,-35.65650000000001,-10.932100000000005,7.87,1.7144,8.054568105118983,37.29472888572862,0,08_23_32_947_ego_32,1,947,947,965,vehicle_vehicle,0.28762159479930155,2.3135356757438617,1.3964417842047585,11.177352622602548,15.0,3.0,3.5,0.8,3.819672777869853,13.750822000331471
8,31,874,237,111.7072,-49.237,155.0837,3.6298,18.2042,-3.1897,1.6912,-0.7212,1.0826,3.6053,0.19,1.1102,0.678,truck,32,125.4316,-55.3027,-2.285,0.932,2.4674,0.0454,158.8629,2.46776194151705,8.88394298946138,-13.724400000000003,6.0657,-0.9047000000000001,0.7592,1.1810447620645037,15.00506154102675,0,08_23_32_947_ego_32,0,947,947,965,vehicle_vehicle,0.28762159479930155,2.3135356757438617,1.3964417842047585,11.177352622602548,15.0,3.0,3.5,0.8,3.819672777869853,13.750822000331471
8,32,874,203,125.4316,-55.3027,158.8629,1.8544,4.9742,-2.285,0.932,-1.7103,0.6483,2.4674,0.0454,1.829,-0.0121,car,32,125.4316,-55.3027,-2.285,0.932,2.4674,0.0454,158.8629,2.46776194151705,8.88394298946138,0.0,0.0,0.0,0.0,0.0,0.0,1,08_23_32_947_ego_32,1,947,947,965,vehicle_vehicle,0.28762159479930155,2.3135356757438617,1.3964417842047585,11.177352622602548,15.0,3.0,3.5,0.8,3.819672777869853,13.750822000331471
8,35,874,155,133.9765,-58.2916,160.909,1.8297,4.3769,0.0236,-0.0054,-0.5049,0.1554,-0.0241,0.0026,0.528,-0.0183,car,32,125.4316,-55.3027,-2.285,0.932,2.4674,0.0454,158.8629,2.46776194151705,8.88394298946138,8.544899999999984,-2.988900000000001,2.3086,-0.9374,2.4916566216073996,9.052559815875272,0,08_23_32_947_ego_32,0,947,947,965,vehicle_vehicle,0.28762159479930155,2.3135356757438617,1.3964417842047585,11.177352622602548,15.0,3.0,3.5,0.8,3.819672777869853,13.750822000331471
8,23,875,570,89.9981,-66.1285,24.9025,2.5943,5.7054,5.5433,2.6937,-1.0295,1.1986,6.1622,-0.1091,-0.429,-1.5207,van,32,125.3383,-55.2645,-2.358,0.9584,2.545,0.0427,158.8415,2.5453279867239114,9.163180752206081,-35.34020000000001,-10.864000000000004,7.901300000000001,1.7353,8.089611101901006,36.97237119850445,0,08_23_32_947_ego_32,1,947,947,965,vehicle_vehicle,0.28762159479930155,2.3135356757438617,1.3964417842047585,11.177352622602548,15.0,3.0,3.5,0.8,3.819672777869853,13.750822000331471
8,31,875,238,111.579,-49.17,154.9129,3.6298,18.2042,-3.2198,1.7378,-0.6728,1.1024,3.6528,0.2087,1.0768,0.7131,truck,32,125.3383,-55.2645,-2.358,0.9584,2.545,0.0427,158.8415,2.5453279867239114,9.163180752206081,-13.75930000000001,6.0944999999999965,-0.8618000000000001,0.7794,1.161965403960032,15.048630061902653,0,08_23_32_947_ego_32,0,947,947,965,vehicle_vehicle,0.28762159479930155,2.3135356757438617,1.3964417842047585,11.177352622602548,15.0,3.0,3.5,0.8,3.819672777869853,13.750822000331471
8,32,875,204,125.3383,-55.2645,158.8415,1.8544,4.9742,-2.358,0.9584,-1.668,0.6285,2.545,0.0427,1.7824,-0.0159,car,32,125.3383,-55.2645,-2.358,0.9584,2.545,0.0427,158.8415,2.5453279867239114,9.163180752206081,0.0,0.0,0.0,0.0,0.0,0.0,1,08_23_32_947_ego_32,1,947,947,965,vehicle_vehicle,0.28762159479930155,2.3135356757438617,1.3964417842047585,11.177352622602548,15.0,3.0,3.5,0.8,3.819672777869853,13.750822000331471
8,35,875,156,133.9779,-58.2911,160.9216,1.8297,4.3769,0.0067,-0.0006,-0.5749,0.1759,-0.0065,0.0016,0.6008,-0.0217,car,32,125.3383,-55.2645,-2.358,0.9584,2.545,0.0427,158.8415,2.5453279867239114,9.163180752206081,8.639600000000002,-3.026600000000002,2.3647,-0.9590000000000001,2.5517615660558888,9.154397616446428,0,08_23_32_947_ego_32,0,947,947,965,vehicle_vehicle,0.28762159479930155,2.3135356757438617,1.3964417842047585,11.177352622602548,15.0,3.0,3.5,0.8,3.819672777869853,13.750822000331471
8,23,876,571,90.2185,-66.0202,25.4925,2.5943,5.7054,5.5011,2.7403,-1.0488,1.1793,6.1449,-0.1059,-0.4391,-1.5159,van,32,125.243,-55.2256,-2.4294,0.984,2.6208,0.0395,158.8136,2.621114335545094,9.436011607962339,-35.02449999999999,-10.794600000000003,7.9305,1.7563,8.122648579127377,36.65022495715407,0,08_23_32_947_ego_32,1,947,947,965,vehicle_vehicle,0.28762159479930155,2.3135356757438617,1.3964417842047585,11.177352622602548,15.0,3.0,3.5,0.8,3.819672777869853,13.750822000331471
8,31,876,239,111.4503,-49.1011,154.7317,3.6298,18.2042,-3.2481,1.7857,-0.6231,1.1187,3.6996,0.2284,1.041,0.7457,truck,32,125.243,-55.2256,-2.4294,0.984,2.6208,0.0395,158.8136,2.621114335545094,9.436011607962339,-13.792699999999996,6.124499999999998,-0.8187000000000002,0.8017000000000001,1.1458588831090852,15.0913244461843,0,08_23_32_947_ego_32,0,947,947,965,vehicle_vehicle,0.28762159479930155,2.3135356757438617,1.3964417842047585,11.177352622602548,15.0,3.0,3.5,0.8,3.819672777869853,13.750822000331471
8,32,876,205,125.243,-55.2256,158.8136,1.8544,4.9742,-2.4294,0.984,-1.6211,0.6083,2.6208,0.0395,1.7314,-0.0187,car,32,125.243,-55.2256,-2.4294,0.984,2.6208,0.0395,158.8136,2.621114335545094,9.436011607962339,0.0,0.0,0.0,0.0,0.0,0.0,1,08_23_32_947_ego_32,1,947,947,965,vehicle_vehicle,0.28762159479930155,2.3135356757438617,1.3964417842047585,11.177352622602548,15.0,3.0,3.5,0.8,3.819672777869853,13.750822000331471
8,35,876,157,133.9792,-58.2905,160.9288,1.8297,4.3769,-0.0136,0.0049,-0.6478,0.1978,0.0145,0.0002,0.6769,-0.0247,car,32,125.243,-55.2256,-2.4294,0.984,2.6208,0.0395,158.8136,2.621114335545094,9.436011607962339,8.736199999999997,-3.0649000000000015,2.4158,-0.9791,2.6066696089071204,9.258228904601568,0,08_23_32_947_ego_32,0,947,947,965,vehicle_vehicle,0.28762159479930155,2.3135356757438617,1.3964417842047585,11.177352622602548,15.0,3.0,3.5,0.8,3.819672777869853,13.750822000331471
8,23,877,572,90.4376,-65.9103,26.0827,2.5943,5.7054,5.4581,2.7864,-1.067,1.1612,6.1273,-0.1029,-0.4478,-1.5121,van,32,125.1442,-55.185,-2.4988,1.0085,2.6944,0.036,158.7863,2.6946379515623247,9.700696625624369,-34.706599999999995,-10.725300000000004,7.9569,1.7779,8.1531089787884,36.32602570678493,0,08_23_32_947_ego_32,1,947,947,965,vehicle_vehicle,0.28762159479930155,2.3135356757438617,1.3964417842047585,11.177352622602548,15.0,3.0,3.5,0.8,3.819672777869853,13.750822000331471
8,31,877,240,111.32,-49.0295,154.5421,3.6298,18.2042,-3.2746,1.8346,-0.5719,1.131,3.7452,0.2489,1.0025,0.7753,truck,32,125.1442,-55.185,-2.4988,1.0085,2.6944,0.036,158.7863,2.6946379515623247,9.700696625624369,-13.824200000000005,6.1555000000000035,-0.7757999999999998,0.8261000000000001,1.1332726282761796,15.13270253094272,0,08_23_32_947_ego_32,0,947,947,965,vehicle_vehicle,0.28762159479930155,2.3135356757438617,1.3964417842047585,11.177352622602548,15.0,3.0,3.5,0.8,3.819672777869853,13.750822000331471
8,32,877,206,125.1442,-55.185,158.7863,1.8544,4.9742,-2.4988,1.0085,-1.5696,0.5877,2.6944,0.036,1.6759,-0.0201,car,32,125.1442,-55.185,-2.4988,1.0085,2.6944,0.036,158.7863,2.6946379515623247,9.700696625624369,0.0,0.0,0.0,0.0,0.0,0.0,1,08_23_32_947_ego_32,1,947,947,965,vehicle_vehicle,0.28762159479930155,2.3135356757438617,1.3964417842047585,11.177352622602548,15.0,3.0,3.5,0.8,3.819672777869853,13.750822000331471
8,35,877,158,133.9794,-58.2896,160.9385,1.8297,4.3769,-0.0374,0.011,-0.7232,0.2214,0.0389,-0.0018,0.7558,-0.0269,car,32,125.1442,-55.185,-2.4988,1.0085,2.6944,0.036,158.7863,2.6946379515623247,9.700696625624369,8.8352,-3.104599999999998,2.4614000000000003,-0.9974999999999999,2.65584190229765,9.364790451473006,0,08_23_32_947_ego_32,0,947,947,965,vehicle_vehicle,0.28762159479930155,2.3135356757438617,1.3964417842047585,11.177352622602548,15.0,3.0,3.5,0.8,3.819672777869853,13.750822000331471
8,23,878,573,90.6554,-65.7986,26.6706,2.5943,5.7054,5.4142,2.832,-1.0842,1.144,6.1093,-0.1004,-0.4553,-1.5089,van,32,125.0421,-55.1439,-2.5658,1.0321,2.7654,0.032,158.7509,2.76560301742676,9.956170862736336,-34.386700000000005,-10.654699999999991,7.98,1.7998999999999998,8.180466979946805,35.999552344161174,0,08_23_32_947_ego_32,1,947,947,965,vehicle_vehicle,0.28762159479930155,2.3135356757438617,1.3964417842047585,11.177352622602548,15.0,3.0,3.5,0.8,3.819672777869853,13.750822000331471
8,31,878,241,111.189,-48.9555,154.3402,3.6298,18.2042,-3.2992,1.884,-0.519,1.1391,3.7897,0.2696,0.9611,0.802,truck,32,125.0421,-55.1439,-2.5658,1.0321,2.7654,0.032,158.7509,2.76560301742676,9.956170862736336,-13.853100000000012,6.1884000000000015,-0.7334,0.8518999999999999,1.1241037185242293,15.17249729510605,0,08_23_32_947_ego_32,0,947,947,965,vehicle_vehicle,0.28762159479930155,2.3135356757438617,1.3964417842047585,11.177352622602548,15.0,3.0,3.5,0.8,3.819672777869853,13.750822000331471
8,32,878,207,125.0421,-55.1439,158.7509,1.8544,4.9742,-2.5658,1.0321,-1.5137,0.567,2.7654,0.032,1.6163,-0.0201,car,32,125.0421,-55.1439,-2.5658,1.0321,2.7654,0.032,158.7509,2.76560301742676,9.956170862736336,0.0,0.0,0.0,0.0,0.0,0.0,1,08_23_32_947_ego_32,1,947,947,965,vehicle_vehicle,0.28762159479930155,2.3135356757438617,1.3964417842047585,11.177352622602548,15.0,3.0,3.5,0.8,3.819672777869853,13.750822000331471
8,35,878,159,133.9786,-58.2896,160.957,1.8297,4.3769,-0.0646,0.0183,-0.8005,0.2466,0.0671,-0.0037,0.8371,-0.0281,car,32,125.0421,-55.1439,-2.5658,1.0321,2.7654,0.032,158.7509,2.76560301742676,9.956170862736336,8.936499999999995,-3.145699999999998,2.5012,-1.0138,2.6988501032847303,9.473988639427423,0,08_23_32_947_ego_32,0,947,947,965,vehicle_vehicle,0.28762159479930155,2.3135356757438617,1.3964417842047585,11.177352622602548,15.0,3.0,3.5,0.8,3.819672777869853,13.750822000331471
8,23,879,574,90.8714,-65.6849,27.2602,2.5943,5.7054,5.3696,2.8772,-1.1001,1.1275,6.091,-0.0982,-0.4614,-1.5062,van,32,124.9365,-55.1018,-2.6298,1.0547,2.8333,0.0277,158.7077,2.8334149237271973,10.200293725417911,-34.0651,-10.583100000000002,7.9994,1.8225000000000002,8.204383377804819,35.67117945372706,0,08_23_32_947_ego_32,1,947,947,965,vehicle_vehicle,0.28762159479930155,2.3135356757438617,1.3964417842047585,11.177352622602548,15.0,3.0,3.5,0.8,3.819672777869853,13.750822000331471
8,31,879,242,111.0567,-48.88,154.1321,3.6298,18.2042,-3.3217,1.9342,-0.4644,1.1428,3.8328,0.2911,0.9164,0.8257,truck,32,124.9365,-55.1018,-2.6298,1.0547,2.8333,0.0277,158.7077,2.8334149237271973,10.200293725417911,-13.879799999999989,6.221799999999995,-0.6919,0.8795,1.1190379171413272,15.21051094736793,0,08_23_32_947_ego_32,0,947,947,965,vehicle_vehicle,0.28762159479930155,2.3135356757438617,1.3964417842047585,11.177352622602548,15.0,3.0,3.5,0.8,3.819672777869853,13.750822000331471
8,32,879,208,124.9365,-55.1018,158.7077,1.8544,4.9742,-2.6298,1.0547,-1.4539,0.5464,2.8333,0.0277,1.5531,-0.0189,car,32,124.9365,-55.1018,-2.6298,1.0547,2.8333,0.0277,158.7077,2.8334149237271973,10.200293725417911,0.0,0.0,0.0,0.0,0.0,0.0,1,08_23_32_947_ego_32,1,947,947,965,vehicle_vehicle,0.28762159479930155,2.3135356757438617,1.3964417842047585,11.177352622602548,15.0,3.0,3.5,0.8,3.819672777869853,13.750822000331471
8,35,879,160,133.9768,-58.2894,160.9729,1.8297,4.3769,-0.0955,0.027,-0.8792,0.2732,0.0991,-0.0057,0.9202,-0.0283,car,32,124.9365,-55.1018,-2.6298,1.0547,2.8333,0.0277,158.7077,2.8334149237271973,10.200293725417911,9.040300000000002,-3.1876000000000033,2.5343,-1.0277,2.7347474801158516,9.58581336402916,0,08_23_32_947_ego_32,0,947,947,965,vehicle_vehicle,0.28762159479930155,2.3135356757438617,1.3964417842047585,11.177352622602548,15.0,3.0,3.5,0.8,3.819672777869853,13.750822000331471
8,23,880,575,91.0859,-65.5692,27.8572,2.5943,5.7054,5.324,2.9218,-1.1145,1.1116,6.0723,-0.0954,-0.4659,-1.5036,van,32,124.827,-55.0581,-2.6902,1.076,2.8973,0.0238,158.6712,2.8974043625286408,10.430655705103106,-33.7411,-10.511099999999992,8.014199999999999,1.8458,8.22401235894013,35.34041669844881,0,08_23_32_947_ego_32,1,947,947,965,vehicle_vehicle,0.28762159479930155,2.3135356757438617,1.3964417842047585,11.177352622602548,15.0,3.0,3.5,0.8,3.819672777869853,13.750822000331471
8,31,880,243,110.9232,-48.8013,153.915,3.6298,18.2042,-3.342,1.9843,-0.4081,1.142,3.874,0.3127,0.8686,0.8463,truck,32,124.827,-55.0581,-2.6902,1.076,2.8973,0.0238,158.6712,2.8974043625286408,10.430655705103106,-13.903800000000004,6.2568000000000055,-0.6518000000000002,0.9082999999999999,1.1179678573196994,15.246743936985371,0,08_23_32_947_ego_32,0,947,947,965,vehicle_vehicle,0.28762159479930155,2.3135356757438617,1.3964417842047585,11.177352622602548,15.0,3.0,3.5,0.8,3.819672777869853,13.750822000331471
8,32,880,209,124.827,-55.0581,158.6712,1.8544,4.9742,-2.6902,1.076,-1.3913,0.5261,2.8973,0.0238,1.4874,-0.016,car,32,124.827,-55.0581,-2.6902,1.076,2.8973,0.0238,158.6712,2.8974043625286408,10.430655705103106,0.0,0.0,0.0,0.0,0.0,0.0,1,08_23_32_947_ego_32,1,947,947,965,vehicle_vehicle,0.28762159479930155,2.3135356757438617,1.3964417842047585,11.177352622602548,15.0,3.0,3.5,0.8,3.819672777869853,13.750822000331471
8,35,880,161,133.9734,-58.2887,160.982,1.8297,4.3769,-0.1301,0.0369,-0.9587,0.301,0.135,-0.0075,1.0045,-0.0279,car,32,124.827,-55.0581,-2.6902,1.076,2.8973,0.0238,158.6712,2.8974043625286408,10.430655705103106,9.1464,-3.2305999999999955,2.5601,-1.0391000000000001,2.7629406110157344,9.700175736552403,0,08_23_32_947_ego_32,0,947,947,965,vehicle_vehicle,0.28762159479930155,2.3135356757438617,1.3964417842047585,11.177352622602548,15.0,3.0,3.5,0.8,3.819672777869853,13.750822000331471
8,23,881,576,91.2983,-65.452,28.4342,2.5943,5.7054,5.2778,2.966,-1.1274,1.0961,6.0533,-0.0952,-0.4695,-1.5007,van,32,124.7149,-55.0139,-2.7467,1.0962,2.9573,0.0204,158.6389,2.9573662826914084,10.64651861768907,-33.4166,-10.438099999999999,8.0245,1.8698000000000001,8.23946310690205,35.00890011368538,0,08_23_32_947_ego_32,1,947,947,965,vehicle_vehicle,0.28762159479930155,2.3135356757438617,1.3964417842047585,11.177352622602548,15.0,3.0,3.5,0.8,3.819672777869853,13.750822000331471
8,31,881,244,110.7872,-48.7251,153.6871,3.6298,18.2042,-3.3591,2.0359,-0.3505,1.1361,3.9135,0.336,0.8178,0.863,truck,32,124.7149,-55.0139,-2.7467,1.0962,2.9573,0.0204,158.6389,2.9573662826914084,10.64651861768907,-13.927700000000002,6.288800000000002,-0.6124,0.9396999999999998,1.1216371293783027,15.28168291550378,0,08_23_32_947_ego_32,0,947,947,965,vehicle_vehicle,0.28762159479930155,2.3135356757438617,1.3964417842047585,11.177352622602548,15.0,3.0,3.5,0.8,3.819672777869853,13.750822000331471
8,32,881,210,124.7149,-55.0139,158.6389,1.8544,4.9742,-2.7467,1.0962,-1.3272,0.5064,2.9573,0.0204,1.4205,-0.0118,car,32,124.7149,-55.0139,-2.7467,1.0962,2.9573,0.0204,158.6389,2.9573662826914084,10.64651861768907,0.0,0.0,0.0,0.0,0.0,0.0,1,08_23_32_947_ego_32,1,947,947,965,vehicle_vehicle,0.28762159479930155,2.3135356757438617,1.3964417842047585,11.177352622602548,15.0,3.0,3.5,0.8,3.819672777869853,13.750822000331471
8,35,881,162,133.9687,-58.2877,160.9895,1.8297,4.3769,-0.1683,0.0482,-1.0387,0.3296,0.1748,-0.0092,1.0894,-0.0267,car,32,124.7149,-55.0139,-2.7467,1.0962,2.9573,0.0204,158.6389,2.9573662826914084,10.64651861768907,9.253800000000012,-3.2738000000000014,2.5784000000000002,-1.048,2.7832446101627504,9.815833172991493,0,08_23_32_947_ego_32,0,947,947,965,vehicle_vehicle,0.28762159479930155,2.3135356757438617,1.3964417842047585,11.177352622602548,15.0,3.0,3.5,0.8,3.819672777869853,13.750822000331471
8,23,882,577,91.5086,-65.3328,29.0113,2.5943,5.7054,5.231,3.0097,-1.1386,1.0808,6.0342,-0.0951,-0.4716,-1.4974,van,32,124.6008,-54.9693,-2.7994,1.1155,3.0134,0.019,158.635,3.0134665437001287,10.848479557320463,-33.092200000000005,-10.363500000000009,8.0304,1.8942,8.250776799792853,34.67702168713456,0,08_23_32_947_ego_32,1,947,947,965,vehicle_vehicle,0.28762159479930155,2.3135356757438617,1.3964417842047585,11.177352622602548,15.0,3.0,3.5,0.8,3.819672777869853,13.750822000331471
8,31,882,245,110.6513,-48.6463,153.4489,3.6298,18.2042,-3.3735,2.0888,-0.2923,1.1234,3.9514,0.3606,0.7637,0.8743,truck,32,124.6008,-54.9693,-2.7994,1.1155,3.0134,0.019,158.635,3.0134665437001287,10.848479557320463,-13.9495,6.323,-0.5741,0.9733,1.1300016371669557,15.315641653224981,0,08_23_32_947_ego_32,0,947,947,965,vehicle_vehicle,0.28762159479930155,2.3135356757438617,1.3964417842047585,11.177352622602548,15.0,3.0,3.5,0.8,3.819672777869853,13.750822000331471
8,32,882,211,124.6008,-54.9693,158.635,1.8544,4.9742,-2.7994,1.1155,-1.2628,0.4877,3.0134,0.019,1.3537,-0.0058,car,32,124.6008,-54.9693,-2.7994,1.1155,3.0134,0.019,158.635,3.0134665437001287,10.848479557320463,0.0,0.0,0.0,0.0,0.0,0.0,1,08_23_32_947_ego_32,1,947,947,965,vehicle_vehicle,0.28762159479930155,2.3135356757438617,1.3964417842047585,11.177352622602548,15.0,3.0,3.5,0.8,3.819672777869853,13.750822000331471
8,35,882,163,133.9625,-58.2862,160.9949,1.8297,4.3769,-0.2102,0.0609,-1.1184,0.3588,0.2186,-0.0109,1.1743,-0.025,car,32,124.6008,-54.9693,-2.7994,1.1155,3.0134,0.019,158.635,3.0134665437001287,10.848479557320463,9.361699999999999,-3.316900000000004,2.5892,-1.0546,2.79573564558597,9.931930955257391,0,08_23_32_947_ego_32,0,947,947,965,vehicle_vehicle,0.28762159479930155,2.3135356757438617,1.3964417842047585,11.177352622602548,15.0,3.0,3.5,0.8,3.819672777869853,13.750822000331471
8,23,883,578,91.7164,-65.2118,29.5829,2.5943,5.7054,5.1839,3.0529,-1.1482,1.0655,6.0153,-0.0957,-0.4725,-1.4935,van,32,124.4849,-54.9235,-2.8484,1.1337,3.0656,0.0183,158.6385,3.065723120244227,11.036603232879218,-32.7685,-10.2883,8.0323,1.9192000000000002,8.258400082945847,34.345650512692295,0,08_23_32_947_ego_32,1,947,947,965,vehicle_vehicle,0.28762159479930155,2.3135356757438617,1.3964417842047585,11.177352622602548,15.0,3.0,3.5,0.8,3.819672777869853,13.750822000331471
8,31,883,246,110.5146,-48.5646,153.2026,3.6298,18.2042,-3.3849,2.1423,-0.2342,1.1028,3.9872,0.3862,0.7062,0.8788,truck,32,124.4849,-54.9235,-2.8484,1.1337,3.0656,0.0183,158.6385,3.065723120244227,11.036603232879218,-13.970299999999995,6.358899999999998,-0.5365000000000002,1.0086000000000002,1.1424124517878822,15.349426415993525,0,08_23_32_947_ego_32,0,947,947,965,vehicle_vehicle,0.28762159479930155,2.3135356757438617,1.3964417842047585,11.177352622602548,15.0,3.0,3.5,0.8,3.819672777869853,13.750822000331471
8,32,883,212,124.4849,-54.9235,158.6385,1.8544,4.9742,-2.8484,1.1337,-1.1993,0.4701,3.0656,0.0183,1.2882,0.001,car,32,124.4849,-54.9235,-2.8484,1.1337,3.0656,0.0183,158.6385,3.065723120244227,11.036603232879218,0.0,0.0,0.0,0.0,0.0,0.0,1,08_23_32_947_ego_32,1,947,947,965,vehicle_vehicle,0.28762159479930155,2.3135356757438617,1.3964417842047585,11.177352622602548,15.0,3.0,3.5,0.8,3.819672777869853,13.750822000331471
8,35,883,164,133.9543,-58.2841,160.9996,1.8297,4.3769,-0.2558,0.0751,-1.1976,0.3883,0.2664,-0.0123,1.2588,-0.0227,car,32,124.4849,-54.9235,-2.8484,1.1337,3.0656,0.0183,158.6385,3.065723120244227,11.036603232879218,9.469399999999993,-3.360600000000005,2.5926,-1.0586,2.800394386510586,10.04804302936646,0,08_23_32_947_ego_32,0,947,947,965,vehicle_vehicle,0.28762159479930155,2.3135356757438617,1.3964417842047585,11.177352622602548,15.0,3.0,3.5,0.8,3.819672777869853,13.750822000331471
8,23,884,579,91.9226,-65.0891,30.1511,2.5943,5.7054,5.1366,3.0956,-1.1564,1.0503,5.9965,-0.0967,-0.4724,-1.489,van,32,124.366,-54.8772,-2.8932,1.151,3.1137,0.0193,158.6608,3.1137448899998215,11.209481603999357,-32.4434,-10.2119,8.0298,1.9446,8.26191002129653,34.012602152290555,0,08_23_32_947_ego_32,1,947,947,965,vehicle_vehicle,0.28762159479930155,2.3135356757438617,1.3964417842047585,11.177352622602548,15.0,3.0,3.5,0.8,3.819672777869853,13.750822000331471
8,31,884,247,110.3769,-48.4796,152.9439,3.6298,18.2042,-3.3931,2.1955,-0.1767,1.0733,4.0204,0.4119,0.6456,0.8754,truck,32,124.366,-54.8772,-2.8932,1.151,3.1137,0.0193,158.6608,3.1137448899998215,11.209481603999357,-13.989099999999993,6.397600000000004,-0.4998999999999998,1.0445,1.15796384226797,15.382594208065163,0,08_23_32_947_ego_32,0,947,947,965,vehicle_vehicle,0.28762159479930155,2.3135356757438617,1.3964417842047585,11.177352622602548,15.0,3.0,3.5,0.8,3.819672777869853,13.750822000331471
8,32,884,213,124.366,-54.8772,158.6608,1.8544,4.9742,-2.8932,1.151,-1.1383,0.4539,3.1137,0.0193,1.2254,0.0086,car,32,124.366,-54.8772,-2.8932,1.151,3.1137,0.0193,158.6608,3.1137448899998215,11.209481603999357,0.0,0.0,0.0,0.0,0.0,0.0,1,08_23_32_947_ego_32,1,947,947,965,vehicle_vehicle,0.28762159479930155,2.3135356757438617,1.3964417842047585,11.177352622602548,15.0,3.0,3.5,0.8,3.819672777869853,13.750822000331471
8,35,884,165,133.9436,-58.2812,161.0005,1.8297,4.3769,-0.3048,0.0906,-1.2758,0.418,0.3177,-0.0136,1.3424,-0.0202,car,32,124.366,-54.8772,-2.8932,1.151,3.1137,0.0193,158.6608,3.1137448899998215,11.209481603999357,9.577600000000004,-3.4039999999999964,2.5884,-1.0604,2.79718835976414,10.164528408145655,0,08_23_32_947_ego_32,0,947,947,965,vehicle_vehicle,0.28762159479930155,2.3135356757438617,1.3964417842047585,11.177352622602548,15.0,3.0,3.5,0.8,3.819672777869853,13.750822000331471
8,23,885,580,92.1265,-64.9646,30.7245,2.5943,5.7054,5.0892,3.1377,-1.1633,1.0349,5.978,-0.0971,-0.4713,-1.484,van,32,124.2461,-54.8305,-2.9342,1.1675,3.1579,0.0207,158.6783,3.15794013401141,11.368584482441076,-32.119600000000005,-10.134100000000004,8.0234,1.9702000000000002,8.26175741594971,33.680390243730855,0,08_23_32_947_ego_32,1,947,947,965,vehicle_vehicle,0.28762159479930155,2.3135356757438617,1.3964417842047585,11.177352622602548,15.0,3.0,3.5,0.8,3.819672777869853,13.750822000331471
8,31,885,248,110.2393,-48.3914,152.6737,3.6298,18.2042,-3.3984,2.2478,-0.1208,1.0346,4.051,0.4369,0.5822,0.8637,truck,32,124.2461,-54.8305,-2.9342,1.1675,3.1579,0.0207,158.6783,3.15794013401141,11.368584482441076,-14.006799999999998,6.439100000000003,-0.46419999999999995,1.0802999999999998,1.1758102440445055,15.415980508874549,0,08_23_32_947_ego_32,0,947,947,965,vehicle_vehicle,0.28762159479930155,2.3135356757438617,1.3964417842047585,11.177352622602548,15.0,3.0,3.5,0.8,3.819672777869853,13.750822000331471
8,32,885,214,124.2461,-54.8305,158.6783,1.8544,4.9742,-2.9342,1.1675,-1.081,0.4393,3.1579,0.0207,1.1667,0.0162,car,32,124.2461,-54.8305,-2.9342,1.1675,3.1579,0.0207,158.6783,3.15794013401141,11.368584482441076,0.0,0.0,0.0,0.0,0.0,0.0,1,08_23_32_947_ego_32,1,947,947,965,vehicle_vehicle,0.28762159479930155,2.3135356757438617,1.3964417842047585,11.177352622602548,15.0,3.0,3.5,0.8,3.819672777869853,13.750822000331471
8,35,885,166,133.9311,-58.2785,160.9971,1.8297,4.3769,-0.3572,0.1078,-1.3528,0.4474,0.3728,-0.0144,1.4248,-0.0175,car,32,124.2461,-54.8305,-2.9342,1.1675,3.1579,0.0207,158.6783,3.15794013401141,11.368584482441076,9.684999999999988,-3.4480000000000004,2.577,-1.0596999999999999,2.7863763367499375,10.280463462315295,0,08_23_32_947_ego_32,0,947,947,965,vehicle_vehicle,0.28762159479930155,2.3135356757438617,1.3964417842047585,11.177352622602548,15.0,3.0,3.5,0.8,3.819672777869853,13.750822000331471
8,23,886,581,92.3285,-64.8385,31.3037,2.5943,5.7054,5.0418,3.1793,-1.1692,1.0194,5.9598,-0.0969,-0.4693,-1.4784,van,32,124.1253,-54.7835,-2.972,1.1835,3.1989,0.0233,158.7056,3.198977375662416,11.516318552384698,-31.79679999999999,-10.055,8.0138,1.9958,8.258583902824988,33.348755827466775,0,08_23_32_947_ego_32,1,947,947,965,vehicle_vehicle,0.28762159479930155,2.3135356757438617,1.3964417842047585,11.177352622602548,15.0,3.0,3.5,0.8,3.819672777869853,13.750822000331471
8,31,886,249,110.102,-48.2998,152.3926,3.6298,18.2042,-3.4009,2.2982,-0.0668,0.9867,4.0787,0.4605,0.5165,0.8433,truck,32,124.1253,-54.7835,-2.972,1.1835,3.1989,0.0233,158.7056,3.198977375662416,11.516318552384698,-14.023299999999992,6.483699999999999,-0.42890000000000006,1.1147,1.194366484794345,15.4496378138777,0,08_23_32_947_ego_32,0,947,947,965,vehicle_vehicle,0.28762159479930155,2.3135356757438617,1.3964417842047585,11.177352622602548,15.0,3.0,3.5,0.8,3.819672777869853,13.750822000331471
8,32,886,215,124.1253,-54.7835,158.7056,1.8544,4.9742,-2.972,1.1835,-1.0287,0.4263,3.1989,0.0233,1.1133,0.0237,car,32,124.1253,-54.7835,-2.972,1.1835,3.1989,0.0233,158.7056,3.198977375662416,11.516318552384698,0.0,0.0,0.0,0.0,0.0,0.0,1,08_23_32_947_ego_32,1,947,947,965,vehicle_vehicle,0.28762159479930155,2.3135356757438617,1.3964417842047585,11.177352622602548,15.0,3.0,3.5,0.8,3.819672777869853,13.750822000331471
8,35,886,167,133.9167,-58.2742,160.9908,1.8297,4.3769,-0.413,0.1263,-1.4283,0.4762,0.4316,-0.0151,1.5055,-0.015,car,32,124.1253,-54.7835,-2.972,1.1835,3.1989,0.0233,158.7056,3.198977375662416,11.516318552384698,9.791399999999996,-3.490700000000004,2.559,-1.0572,2.7687818332255794,10.39502286914271,0,08_23_32_947_ego_32,0,947,947,965,vehicle_vehicle,0.28762159479930155,2.3135356757438617,1.3964417842047585,11.177352622602548,15.0,3.0,3.5,0.8,3.819672777869853,13.750822000331471
8,23,887,582,92.5288,-64.7108,31.8798,2.5943,5.7054,4.9943,3.2204,-1.1743,1.0035,5.9418,-0.097,-0.4671,-1.4724,van,32,124.0029,-54.7352,-3.0066,1.1987,3.2366,0.0267,158.7371,3.236746089825398,11.652285923371434,-31.474099999999993,-9.975600000000007,8.0009,2.0217,8.252373700942051,33.01714049050886,0,08_23_32_947_ego_32,1,947,947,965,vehicle_vehicle,0.28762159479930155,2.3135356757438617,1.3964417842047585,11.177352622602548,15.0,3.0,3.5,0.8,3.819672777869853,13.750822000331471
8,31,887,250,109.9646,-48.2037,152.0992,3.6298,18.2042,-3.4007,2.3453,-0.0155,0.9304,4.1029,0.4814,0.4491,0.815,truck,32,124.0029,-54.7352,-3.0066,1.1987,3.2366,0.0267,158.7371,3.236746089825398,11.652285923371434,-14.038299999999992,6.531500000000001,-0.3940999999999999,1.1465999999999998,1.2124381922390928,15.48335748925277,0,08_23_32_947_ego_32,0,947,947,965,vehicle_vehicle,0.28762159479930155,2.3135356757438617,1.3964417842047585,11.177352622602548,15.0,3.0,3.5,0.8,3.819672777869853,13.750822000331471
8,32,887,216,124.0029,-54.7352,158.7371,1.8544,4.9742,-3.0066,1.1987,-0.9824,0.4151,3.2366,0.0267,1.0661,0.0306,car,32,124.0029,-54.7352,-3.0066,1.1987,3.2366,0.0267,158.7371,3.236746089825398,11.652285923371434,0.0,0.0,0.0,0.0,0.0,0.0,1,08_23_32_947_ego_32,1,947,947,965,vehicle_vehicle,0.28762159479930155,2.3135356757438617,1.3964417842047585,11.177352622602548,15.0,3.0,3.5,0.8,3.819672777869853,13.750822000331471
8,35,887,168,133.8994,-58.2683,160.9781,1.8297,4.3769,-0.472,0.1458,-1.502,0.5045,0.4938,-0.016,1.5844,-0.0125,car,32,124.0029,-54.7352,-3.0066,1.1987,3.2366,0.0267,158.7371,3.236746089825398,11.652285923371434,9.896500000000017,-3.5331000000000046,2.5346,-1.0529000000000002,2.744593880704393,10.508259030876635,0,08_23_32_947_ego_32,0,947,947,965,vehicle_vehicle,0.28762159479930155,2.3135356757438617,1.3964417842047585,11.177352622602548,15.0,3.0,3.5,0.8,3.819672777869853,13.750822000331471
8,23,888,583,92.7274,-64.5812,32.4551,2.5943,5.7054,4.9467,3.2609,-1.1787,0.9874,5.9241,-0.097,-0.4647,-1.4657,van,32,123.8802,-54.6871,-3.0387,1.2135,3.2719,0.0305,158.7655,3.272045222792619,11.779362802053429,-31.1528,-9.894099999999995,7.9854,2.0473999999999997,8.243692129137283,32.686238123253034,0,08_23_32_947_ego_32,1,947,947,965,vehicle_vehicle,0.28762159479930155,2.3135356757438617,1.3964417842047585,11.177352622602548,15.0,3.0,3.5,0.8,3.819672777869853,13.750822000331471
8,31,888,251,109.83,-48.1053,151.7921,3.6298,18.2042,-3.399,2.3887,0.0333,0.8673,4.1244,0.4983,0.3806,0.78,truck,32,123.8802,-54.6871,-3.0387,1.2135,3.2719,0.0305,158.7655,3.272045222792619,11.779362802053429,-14.050200000000004,6.581800000000001,-0.36030000000000006,1.1752,1.2291912503756282,15.515418501606721,0,08_23_32_947_ego_32,0,947,947,965,vehicle_vehicle,0.28762159479930155,2.3135356757438617,1.3964417842047585,11.177352622602548,15.0,3.0,3.5,0.8,3.819672777869853,13.750822000331471
8,32,888,217,123.8802,-54.6871,158.7655,1.8544,4.9742,-3.0387,1.2135,-0.943,0.4057,3.2719,0.0305,1.0259,0.0366,car,32,123.8802,-54.6871,-3.0387,1.2135,3.2719,0.0305,158.7655,3.272045222792619,11.779362802053429,0.0,0.0,0.0,0.0,0.0,0.0,1,08_23_32_947_ego_32,1,947,947,965,vehicle_vehicle,0.28762159479930155,2.3135356757438617,1.3964417842047585,11.177352622602548,15.0,3.0,3.5,0.8,3.819672777869853,13.750822000331471
8,35,888,169,133.8797,-58.263,160.9732,1.8297,4.3769,-0.5341,0.1668,-1.5737,0.5322,0.5593,-0.0164,1.6612,-0.0099,car,32,123.8802,-54.6871,-3.0387,1.2135,3.2719,0.0305,158.7655,3.272045222792619,11.779362802053429,9.999500000000012,-3.575899999999997,2.5046,-1.0467,2.7145169091387147,10.619654469896853,0,08_23_32_947_ego_32,0,947,947,965,vehicle_vehicle,0.28762159479930155,2.3135356757438617,1.3964417842047585,11.177352622602548,15.0,3.0,3.5,0.8,3.819672777869853,13.750822000331471
8,23,889,584,92.9245,-64.4493,33.0382,2.5943,5.7054,4.8989,3.3005,-1.1825,0.971,5.9063,-0.096,-0.4619,-1.4587,van,32,123.7582,-54.6388,-3.0693,1.2282,3.3057,0.0343,158.7863,3.3059155660724304,11.90129603786075,-30.833700000000007,-9.81049999999999,7.9682,2.0723000000000003,8.233264147954928,32.3568071036065,0,08_23_32_947_ego_32,1,947,947,965,vehicle_vehicle,0.28762159479930155,2.3135356757438617,1.3964417842047585,11.177352622602548,15.0,3.0,3.5,0.8,3.819672777869853,13.750822000331471
8,31,889,252,109.6962,-48.0025,151.4762,3.6298,18.2042,-3.3963,2.4268,0.0802,0.7994,4.1429,0.5105,0.3113,0.7406,truck,32,123.7582,-54.6388,-3.0693,1.2282,3.3057,0.0343,158.7863,3.3059155660724304,11.90129603786075,-14.061999999999998,6.636300000000006,-0.32699999999999996,1.1986,1.2424053122874195,15.54928685470816,0,08_23_32_947_ego_32,0,947,947,965,vehicle_vehicle,0.28762159479930155,2.3135356757438617,1.3964417842047585,11.177352622602548,15.0,3.0,3.5,0.8,3.819672777869853,13.750822000331471
8,32,889,218,123.7582,-54.6388,158.7863,1.8544,4.9742,-3.0693,1.2282,-0.9108,0.3979,3.3057,0.0343,0.993,0.0414,car,32,123.7582,-54.6388,-3.0693,1.2282,3.3057,0.0343,158.7863,3.3059155660724304,11.90129603786075,0.0,0.0,0.0,0.0,0.0,0.0,1,08_23_32_947_ego_32,1,947,947,965,vehicle_vehicle,0.28762159479930155,2.3135356757438617,1.3964417842047585,11.177352622602548,15.0,3.0,3.5,0.8,3.819672777869853,13.750822000331471
8,35,889,170,133.8581,-58.2564,160.9637,1.8297,4.3769,-0.5995,0.1891,-1.6432,0.559,0.6284,-0.0168,1.7357,-0.0075,car,32,123.7582,-54.6388,-3.0693,1.2282,3.3057,0.0343,158.7863,3.3059155660724304,11.90129603786075,10.099900000000005,-3.617599999999996,2.4698,-1.0391,2.6794851837619853,10.728234233554005,0,08_23_32_947_ego_32,0,947,947,965,vehicle_vehicle,0.28762159479930155,2.3135356757438617,1.3964417842047585,11.177352622602548,15.0,3.0,3.5,0.8,3.819672777869853,13.750822000331471
8,23,890,585,93.1189,-64.3162,33.6147,2.5943,5.7054,4.8512,3.3393,-1.1857,0.9546,5.8887,-0.0953,-0.459,-1.4514,van,32,123.6362,-54.5895,-3.0992,1.2425,3.3388,0.0373,158.7929,3.3389889023475354,12.020360048451128,-30.517300000000006,-9.726699999999994,7.9504,2.0968,8.222252148894487,32.02989684934999,0,08_23_32_947_ego_32,1,947,947,965,vehicle_vehicle,0.28762159479930155,2.3135356757438617,1.3964417842047585,11.177352622602548,15.0,3.0,3.5,0.8,3.819672777869853,13.750822000331471
8,31,890,253,109.5635,-47.894,151.1503,3.6298,18.2042,-3.3929,2.458,0.1263,0.7301,4.1578,0.5158,0.2417,0.7004,truck,32,123.6362,-54.5895,-3.0992,1.2425,3.3388,0.0373,158.7929,3.3389889023475354,12.020360048451128,-14.072699999999998,6.695500000000003,-0.29369999999999985,1.2155000000000002,1.2504798838845832,15.584306386233555,0,08_23_32_947_ego_32,0,947,947,965,vehicle_vehicle,0.28762159479930155,2.3135356757438617,1.3964417842047585,11.177352622602548,15.0,3.0,3.5,0.8,3.819672777869853,13.750822000331471
8,32,890,219,123.6362,-54.5895,158.7929,1.8544,4.9742,-3.0992,1.2425,-0.8854,0.3917,3.3388,0.0373,0.9671,0.0449,car,32,123.6362,-54.5895,-3.0992,1.2425,3.3388,0.0373,158.7929,3.3389889023475354,12.020360048451128,0.0,0.0,0.0,0.0,0.0,0.0,1,08_23_32_947_ego_32,1,947,947,965,vehicle_vehicle,0.28762159479930155,2.3135356757438617,1.3964417842047585,11.177352622602548,15.0,3.0,3.5,0.8,3.819672777869853,13.750822000331471
8,35,890,171,133.8335,-58.2479,160.9507,1.8297,4.3769,-0.6679,0.2123,-1.7102,0.5849,0.7006,-0.0173,1.8074,-0.0053,car,32,123.6362,-54.5895,-3.0992,1.2425,3.3388,0.0373,158.7929,3.3389889023475354,12.020360048451128,10.197299999999984,-3.6584000000000003,2.4313000000000002,-1.0302,2.640555193515182,10.833689023135179,0,08_23_32_947_ego_32,0,947,947,965,vehicle_vehicle,0.28762159479930155,2.3135356757438617,1.3964417842047585,11.177352622602548,15.0,3.0,3.5,0.8,3.819672777869853,13.750822000331471
8,23,891,586,93.312,-64.1819,34.183,2.5943,5.7054,4.8033,3.3775,-1.1885,0.9382,5.8711,-0.0953,-0.4561,-1.4439,van,32,123.5128,-54.5391,-3.1286,1.2566,3.3713,0.0398,158.7943,3.3715251029763964,12.137490370715028,-30.2008,-9.642800000000001,7.931900000000001,2.1209,8.210557497515014,31.702869152176117,0,08_23_32_947_ego_32,1,947,947,965,vehicle_vehicle,0.28762159479930155,2.3135356757438617,1.3964417842047585,11.177352622602548,15.0,3.0,3.5,0.8,3.819672777869853,13.750822000331471
8,31,891,254,109.4318,-47.7796,150.8144,3.6298,18.2042,-3.3892,2.4802,0.173,0.6647,4.1684,0.5126,0.1731,0.6647,truck,32,123.5128,-54.5391,-3.1286,1.2566,3.3713,0.0398,158.7943,3.3715251029763964,12.137490370715028,-14.081000000000003,6.759499999999996,-0.26060000000000016,1.2236,1.251043292616207,15.619391833551012,0,08_23_32_947_ego_32,0,947,947,965,vehicle_vehicle,0.28762159479930155,2.3135356757438617,1.3964417842047585,11.177352622602548,15.0,3.0,3.5,0.8,3.819672777869853,13.750822000331471
8,32,891,220,123.5128,-54.5391,158.7943,1.8544,4.9742,-3.1286,1.2566,-0.8662,0.387,3.3713,0.0398,0.9476,0.0475,car,32,123.5128,-54.5391,-3.1286,1.2566,3.3713,0.0398,158.7943,3.3715251029763964,12.137490370715028,0.0,0.0,0.0,0.0,0.0,0.0,1,08_23_32_947_ego_32,1,947,947,965,vehicle_vehicle,0.28762159479930155,2.3135356757438617,1.3964417842047585,11.177352622602548,15.0,3.0,3.5,0.8,3.819672777869853,13.750822000331471
8,35,891,172,133.8056,-58.2375,160.9349,1.8297,4.3769,-0.7391,0.2359,-1.7744,0.6102,0.7756,-0.0184,1.8764,-0.0029,car,32,123.5128,-54.5391,-3.1286,1.2566,3.3713,0.0398,158.7943,3.3715251029763964,12.137490370715028,10.2928,-3.6983999999999995,2.3895,-1.0207,2.5983723251297146,10.937088021955386,0,08_23_32_947_ego_32,0,947,947,965,vehicle_vehicle,0.28762159479930155,2.3135356757438617,1.3964417842047585,11.177352622602548,15.0,3.0,3.5,0.8,3.819672777869853,13.750822000331471
8,23,892,587,93.5033,-64.0463,34.7372,2.5943,5.7054,4.7553,3.4151,-1.1909,0.9218,5.8537,-0.0968,-0.4534,-1.4361,van,32,123.3893,-54.489,-3.1582,1.2706,3.4039,0.0416,158.7851,3.404210863034192,12.255159106923092,-29.88600000000001,-9.557300000000005,7.9135,2.1445,8.198924472148772,31.376981679090814,0,08_23_32_947_ego_32,1,947,947,965,vehicle_vehicle,0.28762159479930155,2.3135356757438617,1.3964417842047585,11.177352622602548,15.0,3.0,3.5,0.8,3.819672777869853,13.750822000331471
8,31,892,255,109.298,-47.6739,150.47,3.6298,18.2042,-3.3843,2.4974,0.2214,0.6076,4.1756,0.5049,0.1068,0.6378,truck,32,123.3893,-54.489,-3.1582,1.2706,3.4039,0.0416,158.7851,3.404210863034192,12.255159106923092,-14.091300000000004,6.815099999999994,-0.2261000000000002,1.2268,1.2474612018014828,15.652805617524292,0,08_23_32_947_ego_32,0,947,947,965,vehicle_vehicle,0.28762159479930155,2.3135356757438617,1.3964417842047585,11.177352622602548,15.0,3.0,3.5,0.8,3.819672777869853,13.750822000331471
8,32,892,221,123.3893,-54.489,158.7851,1.8544,4.9742,-3.1582,1.2706,-0.8526,0.384,3.4039,0.0416,0.9338,0.0494,car,32,123.3893,-54.489,-3.1582,1.2706,3.4039,0.0416,158.7851,3.404210863034192,12.255159106923092,0.0,0.0,0.0,0.0,0.0,0.0,1,08_23_32_947_ego_32,1,947,947,965,vehicle_vehicle,0.28762159479930155,2.3135356757438617,1.3964417842047585,11.177352622602548,15.0,3.0,3.5,0.8,3.819672777869853,13.750822000331471
8,35,892,173,133.7756,-58.2276,160.923,1.8297,4.3769,-0.8133,0.2606,-1.8356,0.6353,0.8538,-0.0195,1.9424,0.0004,car,32,123.3893,-54.489,-3.1582,1.2706,3.4039,0.0416,158.7851,3.404210863034192,12.255159106923092,10.386299999999991,-3.7386000000000053,2.3449,-1.01,2.553165879844081,11.038675538759161,0,08_23_32_947_ego_32,0,947,947,965,vehicle_vehicle,0.28762159479930155,2.3135356757438617,1.3964417842047585,11.177352622602548,15.0,3.0,3.5,0.8,3.819672777869853,13.750822000331471
8,23,893,588,93.6928,-63.9089,35.2848,2.5943,5.7054,4.7071,3.452,-1.1927,0.9053,5.8363,-0.0988,-0.4506,-1.4279,van,32,123.2653,-54.439,-3.1885,1.2849,3.4374,0.0428,158.7648,3.43765912504425,12.375572850159301,-29.57249999999999,-9.469900000000003,7.8956,2.1671,8.187601710513281,31.05175940683554,0,08_23_32_947_ego_32,1,947,947,965,vehicle_vehicle,0.28762159479930155,2.3135356757438617,1.3964417842047585,11.177352622602548,15.0,3.0,3.5,0.8,3.819672777869853,13.750822000331471
8,31,893,256,109.1626,-47.5769,150.1205,3.6298,18.2042,-3.3774,2.5136,0.2718,0.5592,4.1807,0.4969,0.0429,0.6203,truck,32,123.2653,-54.439,-3.1885,1.2849,3.4374,0.0428,158.7648,3.43765912504425,12.375572850159301,-14.102699999999999,6.862099999999998,-0.1889000000000003,1.2287,1.2431359137278595,15.683576240768556,0,08_23_32_947_ego_32,0,947,947,965,vehicle_vehicle,0.28762159479930155,2.3135356757438617,1.3964417842047585,11.177352622602548,15.0,3.0,3.5,0.8,3.819672777869853,13.750822000331471
8,32,893,222,123.2653,-54.439,158.7648,1.8544,4.9742,-3.1885,1.2849,-0.8434,0.3821,3.4374,0.0428,0.9246,0.0507,car,32,123.2653,-54.439,-3.1885,1.2849,3.4374,0.0428,158.7648,3.43765912504425,12.375572850159301,0.0,0.0,0.0,0.0,0.0,0.0,1,08_23_32_947_ego_32,1,947,947,965,vehicle_vehicle,0.28762159479930155,2.3135356757438617,1.3964417842047585,11.177352622602548,15.0,3.0,3.5,0.8,3.819672777869853,13.750822000331471
8,35,893,174,133.7428,-58.2178,160.9209,1.8297,4.3769,-0.8904,0.2867,-1.8934,0.6599,0.9352,-0.0201,2.0051,0.0047,car,32,123.2653,-54.439,-3.1885,1.2849,3.4374,0.0428,158.7648,3.43765912504425,12.375572850159301,10.477499999999992,-3.778799999999997,2.2981,-0.9982,2.5055272598796443,11.138102876612328,0,08_23_32_947_ego_32,0,947,947,965,vehicle_vehicle,0.28762159479930155,2.3135356757438617,1.3964417842047585,11.177352622602548,15.0,3.0,3.5,0.8,3.819672777869853,13.750822000331471
8,23,894,589,93.8799,-63.77,35.8294,2.5943,5.7054,4.6589,3.4882,-1.1939,0.8888,5.8191,-0.1009,-0.4477,-1.4195,van,32,123.1399,-54.3883,-3.2194,1.2996,3.4716,0.0447,158.7548,3.4718145860630285,12.498532509826903,-29.25999999999999,-9.381700000000002,7.878299999999999,2.1886,8.17664850962789,30.72725003787354,0,08_23_32_947_ego_32,1,947,947,965,vehicle_vehicle,0.28762159479930155,2.3135356757438617,1.3964417842047585,11.177352622602548,15.0,3.0,3.5,0.8,3.819672777869853,13.750822000331471
8,31,894,257,109.0285,-47.4744,149.7654,3.6298,18.2042,-3.3688,2.5273,0.3243,0.5192,4.1832,0.4872,-0.0187,0.6118,truck,32,123.1399,-54.3883,-3.2194,1.2996,3.4716,0.0447,158.7548,3.4718145860630285,12.498532509826903,-14.111400000000003,6.913899999999998,-0.14939999999999998,1.2276999999999998,1.2367569082079144,15.71412177533317,0,08_23_32_947_ego_32,0,947,947,965,vehicle_vehicle,0.28762159479930155,2.3135356757438617,1.3964417842047585,11.177352622602548,15.0,3.0,3.5,0.8,3.819672777869853,13.750822000331471
8,32,894,223,123.1399,-54.3883,158.7548,1.8544,4.9742,-3.2194,1.2996,-0.8376,0.3811,3.4716,0.0447,0.9187,0.0517,car,32,123.1399,-54.3883,-3.2194,1.2996,3.4716,0.0447,158.7548,3.4718145860630285,12.498532509826903,0.0,0.0,0.0,0.0,0.0,0.0,1,08_23_32_947_ego_32,1,947,947,965,vehicle_vehicle,0.28762159479930155,2.3135356757438617,1.3964417842047585,11.177352622602548,15.0,3.0,3.5,0.8,3.819672777869853,13.750822000331471
8,35,894,175,133.7069,-58.2056,160.9139,1.8297,4.3769,-0.9702,0.3137,-1.9472,0.6838,1.0195,-0.0208,2.0638,0.0095,car,32,123.1399,-54.3883,-3.2194,1.2996,3.4716,0.0447,158.7548,3.4718145860630285,12.498532509826903,10.566999999999993,-3.817299999999996,2.2492,-0.9859000000000001,2.4557889669106343,11.235357951129096,0,08_23_32_947_ego_32,0,947,947,965,vehicle_vehicle,0.28762159479930155,2.3135356757438617,1.3964417842047585,11.177352622602548,15.0,3.0,3.5,0.8,3.819672777869853,13.750822000331471
8,23,895,590,94.065,-63.6301,36.3605,2.5943,5.7054,4.6107,3.5239,-1.1947,0.8722,5.8022,-0.1043,-0.445,-1.4107,van,32,123.0124,-54.3377,-3.251,1.3149,3.5065,0.0467,158.7408,3.506845164816947,12.62464259334101,-28.947400000000002,-9.2924,7.861699999999999,2.2089999999999996,8.16615012658964,30.4023134731553,0,08_23_32_947_ego_32,1,947,947,965,vehicle_vehicle,0.28762159479930155,2.3135356757438617,1.3964417842047585,11.177352622602548,15.0,3.0,3.5,0.8,3.819672777869853,13.750822000331471
8,31,895,258,108.8894,-47.3802,149.4059,3.6298,18.2042,-3.3563,2.5424,0.3781,0.4863,4.183,0.4803,-0.078,0.611,truck,32,123.0124,-54.3377,-3.251,1.3149,3.5065,0.0467,158.7408,3.506845164816947,12.62464259334101,-14.123000000000005,6.957499999999996,-0.10530000000000017,1.2275000000000003,1.232008254842475,15.743758612542306,0,08_23_32_947_ego_32,0,947,947,965,vehicle_vehicle,0.28762159479930155,2.3135356757438617,1.3964417842047585,11.177352622602548,15.0,3.0,3.5,0.8,3.819672777869853,13.750822000331471
8,32,895,224,123.0124,-54.3377,158.7408,1.8544,4.9742,-3.251,1.3149,-0.834,0.3804,3.5065,0.0467,0.9152,0.0521,car,32,123.0124,-54.3377,-3.251,1.3149,3.5065,0.0467,158.7408,3.506845164816947,12.62464259334101,0.0,0.0,0.0,0.0,0.0,0.0,1,08_23_32_947_ego_32,1,947,947,965,vehicle_vehicle,0.28762159479930155,2.3135356757438617,1.3964417842047585,11.177352622602548,15.0,3.0,3.5,0.8,3.819672777869853,13.750822000331471
8,35,895,176,133.6671,-58.1929,160.9103,1.8297,4.3769,-1.0525,0.3419,-1.9969,0.707,1.1064,-0.0211,2.1183,0.015,car,32,123.0124,-54.3377,-3.251,1.3149,3.5065,0.0467,158.7408,3.506845164816947,12.62464259334101,10.654700000000005,-3.8552000000000035,2.1985,-0.973,2.404190352280784,11.330719267990013,0,08_23_32_947_ego_32,0,947,947,965,vehicle_vehicle,0.28762159479930155,2.3135356757438617,1.3964417842047585,11.177352622602548,15.0,3.0,3.5,0.8,3.819672777869853,13.750822000331471
8,23,896,591,94.2477,-63.4885,36.8822,2.5943,5.7054,4.5629,3.559,-1.1953,0.8555,5.7857,-0.1082,-0.4427,-1.4016,van,32,122.8844,-54.2868,-3.2835,1.331,3.5427,0.0484,158.7176,3.543011889621597,12.75484280263775,-28.636700000000005,-9.201700000000002,7.8464,2.228,8.156591013407501,30.07876110779831,0,08_23_32_947_ego_32,1,947,947,965,vehicle_vehicle,0.28762159479930155,2.3135356757438617,1.3964417842047585,11.177352622602548,15.0,3.0,3.5,0.8,3.819672777869853,13.750822000331471
8,31,896,259,108.7531,-47.2816,149.0451,3.6298,18.2042,-3.3406,2.5575,0.4319,0.4585,4.1803,0.4749,-0.1346,0.6153,truck,32,122.8844,-54.2868,-3.2835,1.331,3.5427,0.0484,158.7176,3.543011889621597,12.75484280263775,-14.131299999999996,7.005200000000002,-0.05709999999999971,1.2265000000000001,1.2278284326403264,15.772332317384132,0,08_23_32_947_ego_32,0,947,947,965,vehicle_vehicle,0.28762159479930155,2.3135356757438617,1.3964417842047585,11.177352622602548,15.0,3.0,3.5,0.8,3.819672777869853,13.750822000331471
8,32,896,225,122.8844,-54.2868,158.7176,1.8544,4.9742,-3.2835,1.331,-0.8319,0.3791,3.5427,0.0484,0.9128,0.0513,car,32,122.8844,-54.2868,-3.2835,1.331,3.5427,0.0484,158.7176,3.543011889621597,12.75484280263775,0.0,0.0,0.0,0.0,0.0,0.0,1,08_23_32_947_ego_32,1,947,947,965,vehicle_vehicle,0.28762159479930155,2.3135356757438617,1.3964417842047585,11.177352622602548,15.0,3.0,3.5,0.8,3.819672777869853,13.750822000331471
8,35,896,177,133.6244,-58.1798,160.912,1.8297,4.3769,-1.1371,0.3714,-2.0419,0.7292,1.1961,-0.0209,2.1681,0.0214,car,32,122.8844,-54.2868,-3.2835,1.331,3.5427,0.0484,158.7176,3.543011889621597,12.75484280263775,10.740000000000009,-3.8930000000000007,2.1464,-0.9596,2.3511412377821967,11.42379310912099,0,08_23_32_947_ego_32,0,947,947,965,vehicle_vehicle,0.28762159479930155,2.3135356757438617,1.3964417842047585,11.177352622602548,15.0,3.0,3.5,0.8,3.819672777869853,13.750822000331471
8,23,897,592,94.4288,-63.3457,37.3991,2.5943,5.7054,4.5152,3.5935,-1.1959,0.8385,5.7695,-0.1124,-0.4408,-1.3925,van,32,122.7539,-54.2341,-3.3165,1.3473,3.5794,0.0508,158.7043,3.579719198484708,12.88698911454495,-28.325100000000006,-9.111600000000003,7.8317,2.2462,8.147449866676075,29.754538218060123,0,08_23_32_947_ego_32,1,947,947,965,vehicle_vehicle,0.28762159479930155,2.3135356757438617,1.3964417842047585,11.177352622602548,15.0,3.0,3.5,0.8,3.819672777869853,13.750822000331471
8,31,897,260,108.6175,-47.1793,148.6816,3.6298,18.2042,-3.3219,2.5716,0.4847,0.4349,4.1746,0.4702,-0.188,0.6235,truck,32,122.7539,-54.2341,-3.3165,1.3473,3.5794,0.0508,158.7043,3.579719198484708,12.88698911454495,-14.136399999999995,7.0548,-0.005399999999999849,1.2243000000000002,1.2243119087879528,15.798987562499056,0,08_23_32_947_ego_32,0,947,947,965,vehicle_vehicle,0.28762159479930155,2.3135356757438617,1.3964417842047585,11.177352622602548,15.0,3.0,3.5,0.8,3.819672777869853,13.750822000331471
8,32,897,226,122.7539,-54.2341,158.7043,1.8544,4.9742,-3.3165,1.3473,-0.8304,0.3769,3.5794,0.0508,0.9106,0.0496,car,32,122.7539,-54.2341,-3.3165,1.3473,3.5794,0.0508,158.7043,3.579719198484708,12.88698911454495,0.0,0.0,0.0,0.0,0.0,0.0,1,08_23_32_947_ego_32,1,947,947,965,vehicle_vehicle,0.28762159479930155,2.3135356757438617,1.3964417842047585,11.177352622602548,15.0,3.0,3.5,0.8,3.819672777869853,13.750822000331471
8,35,897,178,133.5772,-58.1659,160.9235,1.8297,4.3769,-1.2236,0.4024,-2.0822,0.7498,1.2879,-0.0196,2.2129,0.0281,car,32,122.7539,-54.2341,-3.3165,1.3473,3.5794,0.0508,158.7043,3.579719198484708,12.88698911454495,10.823300000000003,-3.9318000000000026,2.0929,-0.9449,2.2963158362908183,11.515332132856615,0,08_23_32_947_ego_32,0,947,947,965,vehicle_vehicle,0.28762159479930155,2.3135356757438617,1.3964417842047585,11.177352622602548,15.0,3.0,3.5,0.8,3.819672777869853,13.750822000331471
8,23,898,593,94.6086,-63.2022,37.8967,2.5943,5.7054,4.4674,3.6276,-1.1967,0.8211,5.7536,-0.1186,-0.44,-1.383,van,32,122.6215,-54.1806,-3.3498,1.3639,3.6164,0.0531,158.6877,3.6168194936988494,13.020550177315858,-28.012900000000002,-9.0216,7.8172,2.2637,8.138363074353466,29.429777997293833,0,08_23_32_947_ego_32,1,947,947,965,vehicle_vehicle,0.28762159479930155,2.3135356757438617,1.3964417842047585,11.177352622602548,15.0,3.0,3.5,0.8,3.819672777869853,13.750822000331471
8,31,898,261,108.4785,-47.083,148.309,3.6298,18.2042,-3.2984,2.5876,0.5348,0.4142,4.166,0.469,-0.2375,0.6333,truck,32,122.6215,-54.1806,-3.3498,1.3639,3.6164,0.0531,158.6877,3.6168194936988494,13.020550177315858,-14.143,7.0976,0.05140000000000011,1.2237000000000002,1.2247790208849925,15.824044197359916,0,08_23_32_947_ego_32,0,947,947,965,vehicle_vehicle,0.28762159479930155,2.3135356757438617,1.3964417842047585,11.177352622602548,15.0,3.0,3.5,0.8,3.819672777869853,13.750822000331471
8,32,898,227,122.6215,-54.1806,158.6877,1.8544,4.9742,-3.3498,1.3639,-0.8289,0.3733,3.6164,0.0531,0.9079,0.0465,car,32,122.6215,-54.1806,-3.3498,1.3639,3.6164,0.0531,158.6877,3.6168194936988494,13.020550177315858,0.0,0.0,0.0,0.0,0.0,0.0,1,08_23_32_947_ego_32,1,947,947,965,vehicle_vehicle,0.28762159479930155,2.3135356757438617,1.3964417842047585,11.177352622602548,15.0,3.0,3.5,0.8,3.819672777869853,13.750822000331471
8,35,898,179,133.5266,-58.1511,160.937,1.8297,4.3769,-1.3116,0.4351,-2.1177,0.7682,1.3818,-0.0172,2.2525,0.0344,car,32,122.6215,-54.1806,-3.3498,1.3639,3.6164,0.0531,158.6877,3.6168194936988494,13.020550177315858,10.905100000000004,-3.9705000000000013,2.0382,-0.9287999999999998,2.2398501467732164,11.605433049223114,0,08_23_32_947_ego_32,0,947,947,965,vehicle_vehicle,0.28762159479930155,2.3135356757438617,1.3964417842047585,11.177352622602548,15.0,3.0,3.5,0.8,3.819672777869853,13.750822000331471
8,23,899,594,94.7864,-63.0574,38.4044,2.5943,5.7054,4.4196,3.6615,-1.1974,0.8029,5.7379,-0.1238,-0.4396,-1.373,van,32,122.4879,-54.1254,-3.3835,1.3801,3.6537,0.0549,158.6703,3.654141247954162,13.154908492634984,-27.701499999999996,-8.932000000000002,7.803100000000001,2.2814,8.129769711990617,29.10590535011752,0,08_23_32_947_ego_32,1,947,947,965,vehicle_vehicle,0.28762159479930155,2.3135356757438617,1.3964417842047585,11.177352622602548,15.0,3.0,3.5,0.8,3.819672777869853,13.750822000331471
8,31,899,262,108.341,-46.9838,147.9297,3.6298,18.2042,-3.2706,2.6046,0.5796,0.3939,4.1544,0.4706,-0.282,0.6415,truck,32,122.4879,-54.1254,-3.3835,1.3801,3.6537,0.0549,158.6703,3.654141247954162,13.154908492634984,-14.146900000000002,7.141599999999997,0.11290000000000022,1.2245,1.2296937260960552,15.847309871710088,0,08_23_32_947_ego_32,0,947,947,965,vehicle_vehicle,0.28762159479930155,2.3135356757438617,1.3964417842047585,11.177352622602548,15.0,3.0,3.5,0.8,3.819672777869853,13.750822000331471
8,32,899,228,122.4879,-54.1254,158.6703,1.8544,4.9742,-3.3835,1.3801,-0.8272,0.3684,3.6537,0.0549,0.9045,0.0423,car,32,122.4879,-54.1254,-3.3835,1.3801,3.6537,0.0549,158.6703,3.654141247954162,13.154908492634984,0.0,0.0,0.0,0.0,0.0,0.0,1,08_23_32_947_ego_32,1,947,947,965,vehicle_vehicle,0.28762159479930155,2.3135356757438617,1.3964417842047585,11.177352622602548,15.0,3.0,3.5,0.8,3.819672777869853,13.750822000331471
8,35,899,180,133.473,-58.1338,160.9416,1.8297,4.3769,-1.4013,0.4687,-2.1484,0.7838,1.4775,-0.0145,2.2866,0.0393,car,32,122.4879,-54.1254,-3.3835,1.3801,3.6537,0.0549,158.6703,3.654141247954162,13.154908492634984,10.985100000000017,-4.008400000000002,1.9822000000000002,-0.9114000000000001,2.1816889787501794,11.693574841339169,0,08_23_32_947_ego_32,0,947,947,965,vehicle_vehicle,0.28762159479930155,2.3135356757438617,1.3964417842047585,11.177352622602548,15.0,3.0,3.5,0.8,3.819672777869853,13.750822000331471
8,23,900,595,94.9615,-62.9111,38.9269,2.5943,5.7054,4.372,3.6949,-1.1984,0.7835,5.7228,-0.1274,-0.44,-1.3625,van,32,122.353,-54.0691,-3.4176,1.3959,3.6912,0.0574,158.6735,3.691683433069526,13.290060359050294,-27.391499999999994,-8.841999999999999,7.7896,2.2990000000000004,8.12177746309267,28.783245755994923,0,08_23_32_947_ego_32,1,947,947,965,vehicle_vehicle,0.28762159479930155,2.3135356757438617,1.3964417842047585,11.177352622602548,15.0,3.0,3.5,0.8,3.819672777869853,13.750822000331471
8,31,900,263,108.2078,-46.8816,147.5459,3.6298,18.2042,-3.2398,2.6217,0.6173,0.3728,4.1407,0.4737,-0.3209,0.6458,truck,32,122.353,-54.0691,-3.4176,1.3959,3.6912,0.0574,158.6735,3.691683433069526,13.290060359050294,-14.145199999999988,7.1875,0.1778000000000004,1.2258000000000002,1.2386276599527402,15.86653204988411,0,08_23_32_947_ego_32,0,947,947,965,vehicle_vehicle,0.28762159479930155,2.3135356757438617,1.3964417842047585,11.177352622602548,15.0,3.0,3.5,0.8,3.819672777869853,13.750822000331471
8,32,900,229,122.353,-54.0691,158.6735,1.8544,4.9742,-3.4176,1.3959,-0.8247,0.3623,3.6912,0.0574,0.8999,0.0375,car,32,122.353,-54.0691,-3.4176,1.3959,3.6912,0.0574,158.6735,3.691683433069526,13.290060359050294,0.0,0.0,0.0,0.0,0.0,0.0,1,08_23_32_947_ego_32,1,947,947,965,vehicle_vehicle,0.28762159479930155,2.3135356757438617,1.3964417842047585,11.177352622602548,15.0,3.0,3.5,0.8,3.819672777869853,13.750822000331471
8,35,900,181,133.4156,-58.1149,160.9488,1.8297,4.3769,-1.4923,0.5031,-2.1741,0.7964,1.5748,-0.0115,2.315,0.0432,car,32,122.353,-54.0691,-3.4176,1.3959,3.6912,0.0574,158.6735,3.691683433069526,13.290060359050294,11.062600000000018,-4.0458,1.9253000000000002,-0.8927999999999999,2.122232769985423,11.77920270646534,0,08_23_32_947_ego_32,0,947,947,965,vehicle_vehicle,0.28762159479930155,2.3135356757438617,1.3964417842047585,11.177352622602548,15.0,3.0,3.5,0.8,3.819672777869853,13.750822000331471
8,23,901,596,95.135,-62.7631,39.4921,2.5943,5.7054,4.3246,3.7278,-1.1997,0.7626,5.7081,-0.1265,-0.4408,-1.3515,van,32,122.2159,-54.0116,-3.4516,1.4108,3.7284,0.0598,158.6872,3.7287932632421446,13.42365574767172,-27.0809,-8.7515,7.7762,2.3169999999999997,8.1140480304223,28.459864670444233,0,08_23_32_947_ego_32,1,947,947,965,vehicle_vehicle,0.28762159479930155,2.3135356757438617,1.3964417842047585,11.177352622602548,15.0,3.0,3.5,0.8,3.819672777869853,13.750822000331471
8,31,901,264,108.0787,-46.7769,147.1565,3.6298,18.2042,-3.2075,2.6381,0.6475,0.3502,4.1256,0.4768,-0.3541,0.6454,truck,32,122.2159,-54.0116,-3.4516,1.4108,3.7284,0.0598,158.6872,3.7287932632421446,13.42365574767172,-14.137200000000007,7.234700000000004,0.24409999999999998,1.2273,1.2513393224861113,15.880847204415772,0,08_23_32_947_ego_32,0,947,947,965,vehicle_vehicle,0.28762159479930155,2.3135356757438617,1.3964417842047585,11.177352622602548,15.0,3.0,3.5,0.8,3.819672777869853,13.750822000331471
8,32,901,230,122.2159,-54.0116,158.6872,1.8544,4.9742,-3.4516,1.4108,-0.8211,0.3554,3.7284,0.0598,0.8941,0.0327,car,32,122.2159,-54.0116,-3.4516,1.4108,3.7284,0.0598,158.6872,3.7287932632421446,13.42365574767172,0.0,0.0,0.0,0.0,0.0,0.0,1,08_23_32_947_ego_32,1,947,947,965,vehicle_vehicle,0.28762159479930155,2.3135356757438617,1.3964417842047585,11.177352622602548,15.0,3.0,3.5,0.8,3.819672777869853,13.750822000331471
8,35,901,182,133.3537,-58.0938,160.9476,1.8297,4.3769,-1.5842,0.538,-2.1947,0.806,1.673,-0.0086,2.3376,0.0454,car,32,122.2159,-54.0116,-3.4516,1.4108,3.7284,0.0598,158.6872,3.7287932632421446,13.42365574767172,11.137799999999999,-4.0822,1.8674,-0.8728,2.0613011909956294,11.862333062260559,0,08_23_32_947_ego_32,0,947,947,965,vehicle_vehicle,0.28762159479930155,2.3135356757438617,1.3964417842047585,11.177352622602548,15.0,3.0,3.5,0.8,3.819672777869853,13.750822000331471
8,23,902,597,95.3065,-62.6133,40.0529,2.5943,5.7054,4.2773,3.7598,-1.2017,0.7403,5.6934,-0.1255,-0.4434,-1.34,van,32,122.078,-53.9546,-3.4859,1.4254,3.7655,0.0614,158.6945,3.7660674409787194,13.55784278752339,-26.771500000000003,-8.658700000000003,7.7632,2.3343999999999996,8.106583596065608,28.136920548276073,0,08_23_32_947_ego_32,1,947,947,965,vehicle_vehicle,0.28762159479930155,2.3135356757438617,1.3964417842047585,11.177352622602548,15.0,3.0,3.5,0.8,3.819672777869853,13.750822000331471
8,31,902,265,107.9534,-46.6692,146.7601,3.6298,18.2042,-3.175,2.6529,0.6706,0.3265,4.1097,0.4785,-0.3819,0.6406,truck,32,122.078,-53.9546,-3.4859,1.4254,3.7655,0.0614,158.6945,3.7660674409787194,13.55784278752339,-14.124600000000001,7.285400000000003,0.3109000000000002,1.2274999999999998,1.2662602655062662,15.892809012883786,0,08_23_32_947_ego_32,0,947,947,965,vehicle_vehicle,0.28762159479930155,2.3135356757438617,1.3964417842047585,11.177352622602548,15.0,3.0,3.5,0.8,3.819672777869853,13.750822000331471
8,32,902,231,122.078,-53.9546,158.6945,1.8544,4.9742,-3.4859,1.4254,-0.8163,0.3481,3.7655,0.0614,0.887,0.0277,car,32,122.078,-53.9546,-3.4859,1.4254,3.7655,0.0614,158.6945,3.7660674409787194,13.55784278752339,0.0,0.0,0.0,0.0,0.0,0.0,1,08_23_32_947_ego_32,1,947,947,965,vehicle_vehicle,0.28762159479930155,2.3135356757438617,1.3964417842047585,11.177352622602548,15.0,3.0,3.5,0.8,3.819672777869853,13.750822000331471
8,35,902,183,133.2879,-58.0718,160.9454,1.8297,4.3769,-1.6766,0.5732,-2.2106,0.8126,1.7719,-0.0056,2.3548,0.0464,car,32,122.078,-53.9546,-3.4859,1.4254,3.7655,0.0614,158.6945,3.7660674409787194,13.55784278752339,11.209900000000005,-4.117200000000004,1.8093,-0.8522,1.9999528319437936,11.942076613805495,0,08_23_32_947_ego_32,0,947,947,965,vehicle_vehicle,0.28762159479930155,2.3135356757438617,1.3964417842047585,11.177352622602548,15.0,3.0,3.5,0.8,3.819672777869853,13.750822000331471
8,23,903,598,95.476,-62.4622,40.6165,2.5943,5.7054,4.2302,3.7908,-1.2044,0.7166,5.6788,-0.1237,-0.4478,-1.328,van,32,121.9388,-53.897,-3.5203,1.4395,3.8027,0.0621,158.6952,3.803244975018044,13.691681910064958,-26.4628,-8.565200000000004,7.750500000000001,2.3513,8.099312436250376,27.814428537721213,0,08_23_32_947_ego_32,1,947,947,965,vehicle_vehicle,0.28762159479930155,2.3135356757438617,1.3964417842047585,11.177352622602548,15.0,3.0,3.5,0.8,3.819672777869853,13.750822000331471
8,31,903,266,107.8324,-46.5583,146.3566,3.6298,18.2042,-3.1438,2.6649,0.6882,0.3029,4.0936,0.4768,-0.4051,0.6334,truck,32,121.9388,-53.897,-3.5203,1.4395,3.8027,0.0621,158.6952,3.803244975018044,13.691681910064958,-14.106399999999994,7.338699999999996,0.37650000000000006,1.2253999999999998,1.2819350256545765,15.901164694763708,0,08_23_32_947_ego_32,0,947,947,965,vehicle_vehicle,0.28762159479930155,2.3135356757438617,1.3964417842047585,11.177352622602548,15.0,3.0,3.5,0.8,3.819672777869853,13.750822000331471
8,32,903,232,121.9388,-53.897,158.6952,1.8544,4.9742,-3.5203,1.4395,-0.81,0.3406,3.8027,0.0621,0.8784,0.023,car,32,121.9388,-53.897,-3.5203,1.4395,3.8027,0.0621,158.6952,3.803244975018044,13.691681910064958,0.0,0.0,0.0,0.0,0.0,0.0,1,08_23_32_947_ego_32,1,947,947,965,vehicle_vehicle,0.28762159479930155,2.3135356757438617,1.3964417842047585,11.177352622602548,15.0,3.0,3.5,0.8,3.819672777869853,13.750822000331471
8,35,903,184,133.2194,-58.0476,160.9463,1.8297,4.3769,-1.7698,0.6085,-2.2217,0.8164,1.8715,-0.0026,2.3665,0.0463,car,32,121.9388,-53.897,-3.5203,1.4395,3.8027,0.0621,158.6952,3.803244975018044,13.691681910064958,11.280600000000007,-4.150600000000004,1.7505000000000002,-0.831,1.9377335343127033,12.019959098100134,0,08_23_32_947_ego_32,0,947,947,965,vehicle_vehicle,0.28762159479930155,2.3135356757438617,1.3964417842047585,11.177352622602548,15.0,3.0,3.5,0.8,3.819672777869853,13.750822000331471
8,23,904,599,95.6438,-62.31,41.1641,2.5943,5.7054,4.1831,3.8209,-1.2083,0.6914,5.6642,-0.123,-0.4545,-1.3158,van,32,121.7981,-53.8385,-3.5547,1.4531,3.8398,0.0625,158.6976,3.840233287184517,13.824839833864262,-26.154300000000006,-8.471499999999999,7.7378,2.3678,8.091972916415378,27.492066505448445,0,08_23_32_947_ego_32,1,947,947,965,vehicle_vehicle,0.28762159479930155,2.3135356757438617,1.3964417842047585,11.177352622602548,15.0,3.0,3.5,0.8,3.819672777869853,13.750822000331471
8,31,904,267,107.7143,-46.4425,145.9492,3.6298,18.2042,-3.1147,2.6724,0.7027,0.2821,4.077,0.4702,-0.4243,0.6272,truck,32,121.7981,-53.8385,-3.5547,1.4531,3.8398,0.0625,158.6976,3.840233287184517,13.824839833864262,-14.08380000000001,7.396000000000001,0.43999999999999995,1.2193,1.2962609652380959,15.907678599971787,0,08_23_32_947_ego_32,0,947,947,965,vehicle_vehicle,0.28762159479930155,2.3135356757438617,1.3964417842047585,11.177352622602548,15.0,3.0,3.5,0.8,3.819672777869853,13.750822000331471
8,32,904,233,121.7981,-53.8385,158.6976,1.8544,4.9742,-3.5547,1.4531,-0.8017,0.333,3.8398,0.0625,0.8679,0.019,car,32,121.7981,-53.8385,-3.5547,1.4531,3.8398,0.0625,158.6976,3.840233287184517,13.824839833864262,0.0,0.0,0.0,0.0,0.0,0.0,1,08_23_32_947_ego_32,1,947,947,965,vehicle_vehicle,0.28762159479930155,2.3135356757438617,1.3964417842047585,11.177352622602548,15.0,3.0,3.5,0.8,3.819672777869853,13.750822000331471
8,35,904,185,133.1465,-58.0216,160.9504,1.8297,4.3769,-1.8634,0.6435,-2.2282,0.8175,1.9714,0.0001,2.373,0.0455,car,32,121.7981,-53.8385,-3.5547,1.4531,3.8398,0.0625,158.6976,3.840233287184517,13.824839833864262,11.348399999999998,-4.183099999999996,1.6913,-0.8096000000000001,1.8750860913568743,12.094813275532612,0,08_23_32_947_ego_32,0,947,947,965,vehicle_vehicle,0.28762159479930155,2.3135356757438617,1.3964417842047585,11.177352622602548,15.0,3.0,3.5,0.8,3.819672777869853,13.750822000331471
8,23,905,600,95.8102,-62.1571,41.7079,2.5943,5.7054,4.1359,3.8502,-1.2132,0.6647,5.6493,-0.1225,-0.4635,-1.3034,van,32,121.6551,-53.7791,-3.5888,1.466,3.8762,0.0618,158.6935,3.8766791768213165,13.95604503655674,-25.84490000000001,-8.378,7.7247,2.3842,8.084268657708005,27.16891127759816,0,08_23_32_947_ego_32,1,947,947,965,vehicle_vehicle,0.28762159479930155,2.3135356757438617,1.3964417842047585,11.177352622602548,15.0,3.0,3.5,0.8,3.819672777869853,13.750822000331471
8,31,905,268,107.5929,-46.3318,145.5364,3.6298,18.2042,-3.0861,2.6777,0.7163,0.2667,4.0597,0.4613,-0.4397,0.6252,truck,32,121.6551,-53.7791,-3.5888,1.466,3.8762,0.0618,158.6935,3.8766791768213165,13.95604503655674,-14.062200000000004,7.4472999999999985,0.5026999999999999,1.2117000000000002,1.3118399978655935,15.912502824194567,0,08_23_32_947_ego_32,0,947,947,965,vehicle_vehicle,0.28762159479930155,2.3135356757438617,1.3964417842047585,11.177352622602548,15.0,3.0,3.5,0.8,3.819672777869853,13.750822000331471
8,32,905,234,121.6551,-53.7791,158.6935,1.8544,4.9742,-3.5888,1.466,-0.7914,0.3255,3.8762,0.0618,0.8556,0.0157,car,32,121.6551,-53.7791,-3.5888,1.466,3.8762,0.0618,158.6935,3.8766791768213165,13.95604503655674,0.0,0.0,0.0,0.0,0.0,0.0,1,08_23_32_947_ego_32,1,947,947,965,vehicle_vehicle,0.28762159479930155,2.3135356757438617,1.3964417842047585,11.177352622602548,15.0,3.0,3.5,0.8,3.819672777869853,13.750822000331471
8,35,905,186,133.0698,-57.9935,160.9497,1.8297,4.3769,-1.957,0.6779,-2.23,0.8166,2.0711,0.002,2.3744,0.044,car,32,121.6551,-53.7791,-3.5888,1.466,3.8762,0.0618,158.6935,3.8766791768213165,13.95604503655674,11.414699999999982,-4.214399999999998,1.6318,-0.7881,1.8121459240359203,12.167848760154753,0,08_23_32_947_ego_32,0,947,947,965,vehicle_vehicle,0.28762159479930155,2.3135356757438617,1.3964417842047585,11.177352622602548,15.0,3.0,3.5,0.8,3.819672777869853,13.750822000331471
8,23,906,601,95.9748,-62.003,42.2306,2.5943,5.7054,4.0885,3.8786,-1.2193,0.6363,5.6341,-0.1239,-0.4752,-1.2906,van,32,121.5111,-53.7196,-3.6225,1.4784,3.9121,0.06,158.6779,3.912566013500603,14.08523764860217,-25.536299999999997,-8.2834,7.711,2.4002,8.075919826248896,26.8461791182656,0,08_23_32_947_ego_32,1,947,947,965,vehicle_vehicle,0.28762159479930155,2.3135356757438617,1.3964417842047585,11.177352622602548,15.0,3.0,3.5,0.8,3.819672777869853,13.750822000331471
8,31,906,269,107.4759,-46.2157,145.1213,3.6298,18.2042,-3.0593,2.6788,0.7305,0.2591,4.0415,0.4481,-0.4511,0.6303,truck,32,121.5111,-53.7196,-3.6225,1.4784,3.9121,0.06,158.6779,3.912566013500603,14.08523764860217,-14.035200000000003,7.503900000000002,0.5632000000000001,1.2004,1.325954147020175,15.915255393803774,0,08_23_32_947_ego_32,0,947,947,965,vehicle_vehicle,0.28762159479930155,2.3135356757438617,1.3964417842047585,11.177352622602548,15.0,3.0,3.5,0.8,3.819672777869853,13.750822000331471
8,32,906,235,121.5111,-53.7196,158.6779,1.8544,4.9742,-3.6225,1.4784,-0.779,0.3187,3.9121,0.06,0.8416,0.0136,car,32,121.5111,-53.7196,-3.6225,1.4784,3.9121,0.06,158.6779,3.912566013500603,14.08523764860217,0.0,0.0,0.0,0.0,0.0,0.0,1,08_23_32_947_ego_32,1,947,947,965,vehicle_vehicle,0.28762159479930155,2.3135356757438617,1.3964417842047585,11.177352622602548,15.0,3.0,3.5,0.8,3.819672777869853,13.750822000331471
8,35,906,187,132.9904,-57.9649,160.9514,1.8297,4.3769,-2.051,0.7119,-2.2272,0.8142,2.171,0.0036,2.371,0.0427,car,32,121.5111,-53.7196,-3.6225,1.4784,3.9121,0.06,158.6779,3.912566013500603,14.08523764860217,11.479299999999995,-4.2453,1.5715,-0.7665,1.7484663279571613,12.239154406248819,0,08_23_32_947_ego_32,0,947,947,965,vehicle_vehicle,0.28762159479930155,2.3135356757438617,1.3964417842047585,11.177352622602548,15.0,3.0,3.5,0.8,3.819672777869853,13.750822000331471
8,23,907,602,96.1371,-61.8472,42.7489,2.5943,5.7054,4.0409,3.9057,-1.2265,0.6061,5.6185,-0.1253,-0.4892,-1.2776,van,32,121.3664,-53.6606,-3.6561,1.4906,3.9479,0.0574,158.6529,3.948285142944972,14.2138265146019,-25.229299999999995,-8.186599999999999,7.696999999999999,2.4151,8.067001736085098,26.524290717189775,0,08_23_32_947_ego_32,1,947,947,965,vehicle_vehicle,0.28762159479930155,2.3135356757438617,1.3964417842047585,11.177352622602548,15.0,3.0,3.5,0.8,3.819672777869853,13.750822000331471
8,31,907,270,107.363,-46.0942,144.7035,3.6298,18.2042,-3.0355,2.6739,0.7484,0.2639,4.0225,0.4285,-0.4583,0.6478,truck,32,121.3664,-53.6606,-3.6561,1.4906,3.9479,0.0574,158.6529,3.948285142944972,14.2138265146019,-14.0034,7.566400000000002,0.6206,1.1833000000000002,1.3361673734977968,15.916834500616005,0,08_23_32_947_ego_32,0,947,947,965,vehicle_vehicle,0.28762159479930155,2.3135356757438617,1.3964417842047585,11.177352622602548,15.0,3.0,3.5,0.8,3.819672777869853,13.750822000331471
8,32,907,236,121.3664,-53.6606,158.6529,1.8544,4.9742,-3.6561,1.4906,-0.7644,0.3124,3.9479,0.0574,0.8257,0.0127,car,32,121.3664,-53.6606,-3.6561,1.4906,3.9479,0.0574,158.6529,3.948285142944972,14.2138265146019,0.0,0.0,0.0,0.0,0.0,0.0,1,08_23_32_947_ego_32,1,947,947,965,vehicle_vehicle,0.28762159479930155,2.3135356757438617,1.3964417842047585,11.177352622602548,15.0,3.0,3.5,0.8,3.819672777869853,13.750822000331471
8,35,907,188,132.9069,-57.9354,160.9517,1.8297,4.3769,-2.145,0.7457,-2.2195,0.8105,2.2709,0.0049,2.3625,0.0417,car,32,121.3664,-53.6606,-3.6561,1.4906,3.9479,0.0574,158.6529,3.948285142944972,14.2138265146019,11.540500000000009,-4.274799999999999,1.5110999999999999,-0.7448999999999999,1.6847252654364746,12.306788991853244,0,08_23_32_947_ego_32,0,947,947,965,vehicle_vehicle,0.28762159479930155,2.3135356757438617,1.3964417842047585,11.177352622602548,15.0,3.0,3.5,0.8,3.819672777869853,13.750822000331471
8,23,908,603,96.2983,-61.6905,43.2552,2.5943,5.7054,3.9927,3.9317,-1.2347,0.5742,5.6022,-0.1275,-0.5058,-1.2642,van,32,121.2199,-53.6013,-3.6892,1.5028,3.9832,0.0553,158.6314,3.983541700547391,14.340750121970608,-24.921599999999998,-8.089199999999998,7.681900000000001,2.4289000000000005,8.056745175317388,26.201551541845756,0,08_23_32_947_ego_32,1,947,947,965,vehicle_vehicle,0.28762159479930155,2.3135356757438617,1.3964417842047585,11.177352622602548,15.0,3.0,3.5,0.8,3.819672777869853,13.750822000331471
8,31,908,271,107.2434,-45.9848,144.2849,3.6298,18.2042,-3.0114,2.6684,0.7718,0.2843,4.0027,0.4086,-0.4607,0.6814,truck,32,121.2199,-53.6013,-3.6892,1.5028,3.9832,0.0553,158.6314,3.983541700547391,14.340750121970608,-13.976500000000001,7.616500000000002,0.6778,1.1656000000000002,1.3483457271783081,15.917085929905639,0,08_23_32_947_ego_32,0,947,947,965,vehicle_vehicle,0.28762159479930155,2.3135356757438617,1.3964417842047585,11.177352622602548,15.0,3.0,3.5,0.8,3.819672777869853,13.750822000331471
8,32,908,237,121.2199,-53.6013,158.6314,1.8544,4.9742,-3.6892,1.5028,-0.7474,0.3066,3.9832,0.0553,0.8077,0.0132,car,32,121.2199,-53.6013,-3.6892,1.5028,3.9832,0.0553,158.6314,3.983541700547391,14.340750121970608,0.0,0.0,0.0,0.0,0.0,0.0,1,08_23_32_947_ego_32,1,947,947,965,vehicle_vehicle,0.28762159479930155,2.3135356757438617,1.3964417842047585,11.177352622602548,15.0,3.0,3.5,0.8,3.819672777869853,13.750822000331471
8,35,908,189,132.8187,-57.9035,160.9413,1.8297,4.3769,-2.2384,0.7788,-2.2071,0.8058,2.37,0.0052,2.3493,0.0409,car,32,121.2199,-53.6013,-3.6892,1.5028,3.9832,0.0553,158.6314,3.983541700547391,14.340750121970608,11.598800000000011,-4.302199999999999,1.4508,-0.7239999999999999,1.6214180953720727,12.370977579803476,0,08_23_32_947_ego_32,0,947,947,965,vehicle_vehicle,0.28762159479930155,2.3135356757438617,1.3964417842047585,11.177352622602548,15.0,3.0,3.5,0.8,3.819672777869853,13.750822000331471
8,23,909,604,96.458,-61.5327,43.7722,2.5943,5.7054,3.9439,3.9564,-1.2437,0.5405,5.5849,-0.1286,-0.5241,-1.2506,van,32,121.0728,-53.5427,-3.7221,1.5155,4.0184,0.0544,158.6213,4.018801893599633,14.46768681695868,-24.614800000000002,-7.989999999999995,7.666,2.4409,8.045219003234157,25.879112794684442,0,08_23_32_947_ego_32,1,947,947,965,vehicle_vehicle,0.28762159479930155,2.3135356757438617,1.3964417842047585,11.177352622602548,15.0,3.0,3.5,0.8,3.819672777869853,13.750822000331471
8,31,909,272,107.1175,-45.8883,143.865,3.6298,18.2042,-2.984,2.6678,0.8,0.3187,3.9831,0.395,-0.4581,0.7292,truck,32,121.0728,-53.5427,-3.7221,1.5155,4.0184,0.0544,158.6213,4.018801893599633,14.46768681695868,-13.955299999999994,7.6544000000000025,0.7381000000000002,1.1523,1.3684249705409504,15.916665399825426,0,08_23_32_947_ego_32,0,947,947,965,vehicle_vehicle,0.28762159479930155,2.3135356757438617,1.3964417842047585,11.177352622602548,15.0,3.0,3.5,0.8,3.819672777869853,13.750822000331471
8,32,909,238,121.0728,-53.5427,158.6213,1.8544,4.9742,-3.7221,1.5155,-0.7275,0.3006,4.0184,0.0544,0.7871,0.0147,car,32,121.0728,-53.5427,-3.7221,1.5155,4.0184,0.0544,158.6213,4.018801893599633,14.46768681695868,0.0,0.0,0.0,0.0,0.0,0.0,1,08_23_32_947_ego_32,1,947,947,965,vehicle_vehicle,0.28762159479930155,2.3135356757438617,1.3964417842047585,11.177352622602548,15.0,3.0,3.5,0.8,3.819672777869853,13.750822000331471
8,35,909,190,132.7274,-57.8715,160.9292,1.8297,4.3769,-2.3314,0.8116,-2.19,0.8006,2.4686,0.0053,2.3314,0.0411,car,32,121.0728,-53.5427,-3.7221,1.5155,4.0184,0.0544,158.6213,4.018801893599633,14.46768681695868,11.654599999999988,-4.328799999999994,1.3907000000000003,-0.7039000000000001,1.5586923044655097,12.432546424606652,0,08_23_32_947_ego_32,0,947,947,965,vehicle_vehicle,0.28762159479930155,2.3135356757438617,1.3964417842047585,11.177352622602548,15.0,3.0,3.5,0.8,3.819672777869853,13.750822000331471
8,23,910,605,96.6152,-61.3733,44.3017,2.5943,5.7054,3.8945,3.9795,-1.2531,0.5052,5.5666,-0.1279,-0.5439,-1.2368,van,32,120.9236,-53.4832,-3.7543,1.5285,4.0531,0.0553,158.6295,4.05352695069368,14.592697022497248,-24.308399999999992,-7.890100000000004,7.6488,2.4509999999999996,8.031907770884821,25.5568383915147,0,08_23_32_947_ego_32,1,947,947,965,vehicle_vehicle,0.28762159479930155,2.3135356757438617,1.3964417842047585,11.177352622602548,15.0,3.0,3.5,0.8,3.819672777869853,13.750822000331471
8,31,910,273,106.9871,-45.7994,143.4442,3.6298,18.2042,-2.9508,2.6759,0.8293,0.3615,3.964,0.392,-0.4508,0.7843,truck,32,120.9236,-53.4832,-3.7543,1.5285,4.0531,0.0553,158.6295,4.05352695069368,14.592697022497248,-13.936499999999995,7.683799999999998,0.8035000000000001,1.1474,1.4007637238306823,15.914358758366603,0,08_23_32_947_ego_32,0,947,947,965,vehicle_vehicle,0.28762159479930155,2.3135356757438617,1.3964417842047585,11.177352622602548,15.0,3.0,3.5,0.8,3.819672777869853,13.750822000331471
8,32,910,239,120.9236,-53.4832,158.6295,1.8544,4.9742,-3.7543,1.5285,-0.7047,0.294,4.0531,0.0553,0.7634,0.017,car,32,120.9236,-53.4832,-3.7543,1.5285,4.0531,0.0553,158.6295,4.05352695069368,14.592697022497248,0.0,0.0,0.0,0.0,0.0,0.0,1,08_23_32_947_ego_32,1,947,947,965,vehicle_vehicle,0.28762159479930155,2.3135356757438617,1.3964417842047585,11.177352622602548,15.0,3.0,3.5,0.8,3.819672777869853,13.750822000331471
8,35,910,191,132.6322,-57.8376,160.9164,1.8297,4.3769,-2.4235,0.8439,-2.1684,0.7949,2.5662,0.0051,2.3091,0.0423,car,32,120.9236,-53.4832,-3.7543,1.5285,4.0531,0.0553,158.6295,4.05352695069368,14.592697022497248,11.708600000000018,-4.354400000000005,1.3308,-0.6846,1.4965646661604703,12.492082025026912,0,08_23_32_947_ego_32,0,947,947,965,vehicle_vehicle,0.28762159479930155,2.3135356757438617,1.3964417842047585,11.177352622602548,15.0,3.0,3.5,0.8,3.819672777869853,13.750822000331471
8,23,911,606,96.7701,-61.213,44.8336,2.5943,5.7054,3.8447,4.0008,-1.2628,0.4687,5.5473,-0.1265,-0.5651,-1.2228,van,32,120.774,-53.4226,-3.786,1.5415,4.0874,0.058,158.6584,4.087788919452667,14.716040110029601,-24.0039,-7.790399999999998,7.6307,2.4593,8.017215163633816,25.2364329367286,0,08_23_32_947_ego_32,1,947,947,965,vehicle_vehicle,0.28762159479930155,2.3135356757438617,1.3964417842047585,11.177352622602548,15.0,3.0,3.5,0.8,3.819672777869853,13.750822000331471
8,31,911,274,106.8614,-45.7054,143.0216,3.6298,18.2042,-2.913,2.691,0.8556,0.4063,3.9458,0.3975,-0.4392,0.8392,truck,32,120.774,-53.4226,-3.786,1.5415,4.0874,0.058,158.6584,4.087788919452667,14.716040110029601,-13.912599999999998,7.717200000000005,0.8730000000000002,1.1494999999999997,1.4434262191050846,15.909607619297216,0,08_23_32_947_ego_32,0,947,947,965,vehicle_vehicle,0.28762159479930155,2.3135356757438617,1.3964417842047585,11.177352622602548,15.0,3.0,3.5,0.8,3.819672777869853,13.750822000331471
8,32,911,240,120.774,-53.4226,158.6584,1.8544,4.9742,-3.786,1.5415,-0.6785,0.2863,4.0874,0.058,0.7362,0.0198,car,32,120.774,-53.4226,-3.786,1.5415,4.0874,0.058,158.6584,4.087788919452667,14.716040110029601,0.0,0.0,0.0,0.0,0.0,0.0,1,08_23_32_947_ego_32,1,947,947,965,vehicle_vehicle,0.28762159479930155,2.3135356757438617,1.3964417842047585,11.177352622602548,15.0,3.0,3.5,0.8,3.819672777869853,13.750822000331471
8,35,911,192,132.5329,-57.8028,160.9032,1.8297,4.3769,-2.5146,0.8757,-2.1422,0.7891,2.6627,0.0048,2.2825,0.0448,car,32,120.774,-53.4226,-3.786,1.5415,4.0874,0.058,158.6584,4.087788919452667,14.716040110029601,11.758900000000011,-4.380199999999995,1.2713999999999999,-0.6658000000000001,1.435182079040844,12.548222234643449,0,08_23_32_947_ego_32,0,947,947,965,vehicle_vehicle,0.28762159479930155,2.3135356757438617,1.3964417842047585,11.177352622602548,15.0,3.0,3.5,0.8,3.819672777869853,13.750822000331471
8,23,912,607,96.9237,-61.0529,45.3733,2.5943,5.7054,3.7942,4.0208,-1.2728,0.431,5.527,-0.1242,-0.5874,-1.2086,van,32,120.6228,-53.3607,-3.817,1.5542,4.1208,0.0611,158.6943,4.1212894389984305,14.83664198039435,-23.6991,-7.6922,7.6112,2.4666000000000006,8.000905011309658,24.916205201635343,0,08_23_32_947_ego_32,1,947,947,965,vehicle_vehicle,0.28762159479930155,2.3135356757438617,1.3964417842047585,11.177352622602548,15.0,3.0,3.5,0.8,3.819672777869853,13.750822000331471
8,31,912,275,106.7394,-45.607,142.598,3.6298,18.2042,-2.8718,2.7117,0.8762,0.4485,3.9284,0.4098,-0.4236,0.8885,truck,32,120.6228,-53.3607,-3.817,1.5542,4.1208,0.0611,158.6943,4.1212894389984305,14.83664198039435,-13.883399999999995,7.753700000000002,0.9452000000000003,1.1575,1.4943926157472809,15.901844523513613,0,08_23_32_947_ego_32,0,947,947,965,vehicle_vehicle,0.28762159479930155,2.3135356757438617,1.3964417842047585,11.177352622602548,15.0,3.0,3.5,0.8,3.819672777869853,13.750822000331471
8,32,912,241,120.6228,-53.3607,158.6943,1.8544,4.9742,-3.817,1.5542,-0.6487,0.2774,4.1208,0.0611,0.7051,0.0227,car,32,120.6228,-53.3607,-3.817,1.5542,4.1208,0.0611,158.6943,4.1212894389984305,14.83664198039435,0.0,0.0,0.0,0.0,0.0,0.0,1,08_23_32_947_ego_32,1,947,947,965,vehicle_vehicle,0.28762159479930155,2.3135356757438617,1.3964417842047585,11.177352622602548,15.0,3.0,3.5,0.8,3.819672777869853,13.750822000331471
8,35,912,193,132.4291,-57.7675,160.8816,1.8297,4.3769,-2.604,0.9075,-2.112,0.7831,2.7576,0.0046,2.252,0.0482,car,32,120.6228,-53.3607,-3.817,1.5542,4.1208,0.0611,158.6943,4.1212894389984305,14.83664198039435,11.806300000000007,-4.406799999999997,1.213,-0.6467,1.3746235448296382,12.601928659137862,0,08_23_32_947_ego_32,0,947,947,965,vehicle_vehicle,0.28762159479930155,2.3135356757438617,1.3964417842047585,11.177352622602548,15.0,3.0,3.5,0.8,3.819672777869853,13.750822000331471
8,23,913,608,97.0756,-60.8919,45.9157,2.5943,5.7054,3.7428,4.0394,-1.2825,0.392,5.5055,-0.1217,-0.6107,-1.1939,van,32,120.4704,-53.2987,-3.8471,1.5667,4.1534,0.0643,158.7281,4.1538809925177205,14.953971573063795,-23.394800000000004,-7.593200000000003,7.5899,2.4726999999999997,7.982532636951759,24.596206074921398,0,08_23_32_947_ego_32,1,947,947,965,vehicle_vehicle,0.28762159479930155,2.3135356757438617,1.3964417842047585,11.177352622602548,15.0,3.0,3.5,0.8,3.819672777869853,13.750822000331471
8,31,913,276,106.6214,-45.5047,142.169,3.6298,18.2042,-2.8282,2.7367,0.889,0.485,3.9123,0.4269,-0.4047,0.9283,truck,32,120.4704,-53.2987,-3.8471,1.5667,4.1534,0.0643,158.7281,4.1538809925177205,14.953971573063795,-13.849000000000004,7.793999999999997,1.0189000000000004,1.17,1.551469371273568,15.891546085891079,0,08_23_32_947_ego_32,0,947,947,965,vehicle_vehicle,0.28762159479930155,2.3135356757438617,1.3964417842047585,11.177352622602548,15.0,3.0,3.5,0.8,3.819672777869853,13.750822000331471
8,32,913,242,120.4704,-53.2987,158.7281,1.8544,4.9742,-3.8471,1.5667,-0.6149,0.2671,4.1534,0.0643,0.6699,0.0258,car,32,120.4704,-53.2987,-3.8471,1.5667,4.1534,0.0643,158.7281,4.1538809925177205,14.953971573063795,0.0,0.0,0.0,0.0,0.0,0.0,1,08_23_32_947_ego_32,1,947,947,965,vehicle_vehicle,0.28762159479930155,2.3135356757438617,1.3964417842047585,11.177352622602548,15.0,3.0,3.5,0.8,3.819672777869853,13.750822000331471
8,35,913,194,132.3223,-57.7313,160.8616,1.8297,4.3769,-2.6918,0.9393,-2.0783,0.7768,2.851,0.0049,2.2182,0.0525,car,32,120.4704,-53.2987,-3.8471,1.5667,4.1534,0.0643,158.7281,4.1538809925177205,14.953971573063795,11.851900000000015,-4.432600000000001,1.1553,-0.6274,1.3146668209093892,12.653674421684808,0,08_23_32_947_ego_32,0,947,947,965,vehicle_vehicle,0.28762159479930155,2.3135356757438617,1.3964417842047585,11.177352622602548,15.0,3.0,3.5,0.8,3.819672777869853,13.750822000331471
8,23,914,609,97.2251,-60.7298,46.4639,2.5943,5.7054,3.6907,4.0563,-1.2915,0.3517,5.4828,-0.1185,-0.6347,-1.1785,van,32,120.3165,-53.236,-3.876,1.5789,4.1847,0.0664,158.7467,4.185248046412542,15.06689296708515,-23.091400000000007,-7.4938,7.5667,2.4774000000000003,7.961938184261418,24.276939518810856,0,08_23_32_947_ego_32,1,947,947,965,vehicle_vehicle,0.28762159479930155,2.3135356757438617,1.3964417842047585,11.177352622602548,15.0,3.0,3.5,0.8,3.819672777869853,13.750822000331471
8,31,914,277,106.5065,-45.3985,141.7391,3.6298,18.2042,-2.7831,2.7646,0.8928,0.5136,3.8972,0.4474,-0.3829,0.9562,truck,32,120.3165,-53.236,-3.876,1.5789,4.1847,0.0664,158.7467,4.185248046412542,15.06689296708515,-13.810000000000002,7.837499999999999,1.0928999999999998,1.1857000000000002,1.6125491930480755,15.878995756974055,0,08_23_32_947_ego_32,0,947,947,965,vehicle_vehicle,0.28762159479930155,2.3135356757438617,1.3964417842047585,11.177352622602548,15.0,3.0,3.5,0.8,3.819672777869853,13.750822000331471
8,32,914,243,120.3165,-53.236,158.7467,1.8544,4.9742,-3.876,1.5789,-0.5768,0.2553,4.1847,0.0664,0.6301,0.0289,car,32,120.3165,-53.236,-3.876,1.5789,4.1847,0.0664,158.7467,4.185248046412542,15.06689296708515,0.0,0.0,0.0,0.0,0.0,0.0,1,08_23_32_947_ego_32,1,947,947,965,vehicle_vehicle,0.28762159479930155,2.3135356757438617,1.3964417842047585,11.177352622602548,15.0,3.0,3.5,0.8,3.819672777869853,13.750822000331471
8,35,914,195,132.2115,-57.6933,160.8428,1.8297,4.3769,-2.7777,0.971,-2.0416,0.77,2.9425,0.0057,2.1812,0.0573,car,32,120.3165,-53.236,-3.876,1.5789,4.1847,0.0664,158.7467,4.185248046412542,15.06689296708515,11.894999999999996,-4.457300000000004,1.0983,-0.6079,1.2553108379998956,12.702698464893196,0,08_23_32_947_ego_32,0,947,947,965,vehicle_vehicle,0.28762159479930155,2.3135356757438617,1.3964417842047585,11.177352622602548,15.0,3.0,3.5,0.8,3.819672777869853,13.750822000331471
8,23,915,610,97.3719,-60.5665,47.0066,2.5943,5.7054,3.6382,4.0713,-1.2998,0.3102,5.4589,-0.1152,-0.6594,-1.1623,van,32,120.1603,-53.1724,-3.9031,1.5905,4.2142,0.0683,158.7583,4.214721801020798,15.172998483674874,-22.78840000000001,-7.394099999999995,7.5413,2.4808,7.938864801090896,23.957960876710697,0,08_23_32_947_ego_32,1,947,947,965,vehicle_vehicle,0.28762159479930155,2.3135356757438617,1.3964417842047585,11.177352622602548,15.0,3.0,3.5,0.8,3.819672777869853,13.750822000331471
8,31,915,278,106.3944,-45.2887,141.3019,3.6298,18.2042,-2.7372,2.7942,0.8867,0.5335,3.8833,0.4694,-0.3584,0.9708,truck,32,120.1603,-53.1724,-3.9031,1.5905,4.2142,0.0683,158.7583,4.214721801020798,15.172998483674874,-13.765900000000002,7.883700000000005,1.1658999999999997,1.2037,1.6757734035364087,15.863566071347266,0,08_23_32_947_ego_32,0,947,947,965,vehicle_vehicle,0.28762159479930155,2.3135356757438617,1.3964417842047585,11.177352622602548,15.0,3.0,3.5,0.8,3.819672777869853,13.750822000331471
8,32,915,244,120.1603,-53.1724,158.7583,1.8544,4.9742,-3.9031,1.5905,-0.5345,0.2421,4.2142,0.0683,0.5859,0.032,car,32,120.1603,-53.1724,-3.9031,1.5905,4.2142,0.0683,158.7583,4.214721801020798,15.172998483674874,0.0,0.0,0.0,0.0,0.0,0.0,1,08_23_32_947_ego_32,1,947,947,965,vehicle_vehicle,0.28762159479930155,2.3135356757438617,1.3964417842047585,11.177352622602548,15.0,3.0,3.5,0.8,3.819672777869853,13.750822000331471
8,35,915,196,132.096,-57.6542,160.8293,1.8297,4.3769,-2.861,1.0025,-2.0027,0.7624,3.0316,0.0074,2.142,0.0625,car,32,120.1603,-53.1724,-3.9031,1.5905,4.2142,0.0683,158.7583,4.214721801020798,15.172998483674874,11.935699999999997,-4.4818,1.0420999999999996,-0.5880000000000001,1.196543526161919,12.749410407152165,0,08_23_32_947_ego_32,0,947,947,965,vehicle_vehicle,0.28762159479930155,2.3135356757438617,1.3964417842047585,11.177352622602548,15.0,3.0,3.5,0.8,3.819672777869853,13.750822000331471
8,23,916,611,97.516,-60.4029,47.545,2.5943,5.7054,3.5855,4.0845,-1.3073,0.268,5.4339,-0.1117,-0.6847,-1.1454,van,32,120.003,-53.1088,-3.9283,1.6016,4.2416,0.0707,158.7732,4.242247452707114,15.272090829745611,-22.486999999999995,-7.2941,7.5138,2.4829000000000003,7.913405262590815,23.640411667523892,0,08_23_32_947_ego_32,1,947,947,965,vehicle_vehicle,0.28762159479930155,2.3135356757438617,1.3964417842047585,11.177352622602548,15.0,3.0,3.5,0.8,3.819672777869853,13.750822000331471
8,31,916,279,106.2861,-45.1764,140.8608,3.6298,18.2042,-2.6918,2.8245,0.8705,0.5444,3.8706,0.4917,-0.3316,0.9717,truck,32,120.003,-53.1088,-3.9283,1.6016,4.2416,0.0707,158.7732,4.242247452707114,15.272090829745611,-13.716899999999995,7.932400000000001,1.2365,1.2229,1.7390850065479835,15.845387826430754,0,08_23_32_947_ego_32,0,947,947,965,vehicle_vehicle,0.28762159479930155,2.3135356757438617,1.3964417842047585,11.177352622602548,15.0,3.0,3.5,0.8,3.819672777869853,13.750822000331471
8,32,916,245,120.003,-53.1088,158.7732,1.8544,4.9742,-3.9283,1.6016,-0.4883,0.2275,4.2416,0.0707,0.5376,0.0353,car,32,120.003,-53.1088,-3.9283,1.6016,4.2416,0.0707,158.7732,4.242247452707114,15.272090829745611,0.0,0.0,0.0,0.0,0.0,0.0,1,08_23_32_947_ego_32,1,947,947,965,vehicle_vehicle,0.28762159479930155,2.3135356757438617,1.3964417842047585,11.177352622602548,15.0,3.0,3.5,0.8,3.819672777869853,13.750822000331471
8,35,916,197,131.9779,-57.6144,160.824,1.8297,4.3769,-2.9419,1.0341,-1.9625,0.754,3.1184,0.0104,2.1013,0.0675,car,32,120.003,-53.1088,-3.9283,1.6016,4.2416,0.0707,158.7732,4.242247452707114,15.272090829745611,11.974900000000005,-4.505600000000001,0.9864000000000002,-0.5674999999999999,1.1379987741645419,12.794477768553124,0,08_23_32_947_ego_32,0,947,947,965,vehicle_vehicle,0.28762159479930155,2.3135356757438617,1.3964417842047585,11.177352622602548,15.0,3.0,3.5,0.8,3.819672777869853,13.750822000331471
8,23,917,612,97.6581,-60.2382,48.0793,2.5943,5.7054,3.5326,4.0956,-1.3141,0.2252,5.4075,-0.1077,-0.7104,-1.1282,van,32,119.8432,-53.0444,-3.9507,1.6121,4.2663,0.0726,158.7764,4.266954054123386,15.36103459484419,-22.18509999999999,-7.193799999999996,7.4833,2.4835000000000003,7.884640203585703,23.322294493681355,0,08_23_32_947_ego_32,1,947,947,965,vehicle_vehicle,0.28762159479930155,2.3135356757438617,1.3964417842047585,11.177352622602548,15.0,3.0,3.5,0.8,3.819672777869853,13.750822000331471
8,31,917,280,106.1802,-45.0614,140.4166,3.6298,18.2042,-2.6475,2.8546,0.8447,0.5467,3.8594,0.5131,-0.3027,0.9595,truck,32,119.8432,-53.0444,-3.9507,1.6121,4.2663,0.0726,158.7764,4.266954054123386,15.36103459484419,-13.662999999999997,7.983000000000004,1.3032,1.2425,1.8005933716416929,15.824217453005378,0,08_23_32_947_ego_32,0,947,947,965,vehicle_vehicle,0.28762159479930155,2.3135356757438617,1.3964417842047585,11.177352622602548,15.0,3.0,3.5,0.8,3.819672777869853,13.750822000331471
8,32,917,246,119.8432,-53.0444,158.7764,1.8544,4.9742,-3.9507,1.6121,-0.4388,0.2115,4.2663,0.0726,0.4856,0.0383,car,32,119.8432,-53.0444,-3.9507,1.6121,4.2663,0.0726,158.7764,4.266954054123386,15.36103459484419,0.0,0.0,0.0,0.0,0.0,0.0,1,08_23_32_947_ego_32,1,947,947,965,vehicle_vehicle,0.28762159479930155,2.3135356757438617,1.3964417842047585,11.177352622602548,15.0,3.0,3.5,0.8,3.819672777869853,13.750822000331471
8,35,917,198,131.8565,-57.5731,160.8229,1.8297,4.3769,-3.0204,1.0657,-1.9219,0.7443,3.2028,0.0144,2.0598,0.0717,car,32,119.8432,-53.0444,-3.9507,1.6121,4.2663,0.0726,158.7764,4.266954054123386,15.36103459484419,12.013300000000015,-4.5286999999999935,0.9302999999999999,-0.5464,1.078893437740725,12.838555237253152,0,08_23_32_947_ego_32,0,947,947,965,vehicle_vehicle,0.28762159479930155,2.3135356757438617,1.3964417842047585,11.177352622602548,15.0,3.0,3.5,0.8,3.819672777869853,13.750822000331471
8,23,918,613,97.7979,-60.0731,48.6157,2.5943,5.7054,3.4796,4.1044,-1.3203,0.1823,5.3799,-0.1027,-0.7361,-1.1111,van,32,119.6831,-52.9799,-3.9704,1.622,4.2883,0.074,158.7674,4.2889346182939185,15.440164625858108,-21.885199999999998,-7.093199999999996,7.45,2.4824,7.852694426755698,23.005987596275883,0,08_23_32_947_ego_32,1,947,947,965,vehicle_vehicle,0.28762159479930155,2.3135356757438617,1.3964417842047585,11.177352622602548,15.0,3.0,3.5,0.8,3.819672777869853,13.750822000331471
8,31,918,281,106.0776,-44.9444,139.9716,3.6298,18.2042,-2.6052,2.8839,0.8098,0.541,3.8497,0.5327,-0.2721,0.9351,truck,32,119.6831,-52.9799,-3.9704,1.622,4.2883,0.074,158.7674,4.2889346182939185,15.440164625858108,-13.605499999999992,8.035499999999999,1.3652000000000002,1.2619,1.859075751549678,15.801230664097014,0,08_23_32_947_ego_32,0,947,947,965,vehicle_vehicle,0.28762159479930155,2.3135356757438617,1.3964417842047585,11.177352622602548,15.0,3.0,3.5,0.8,3.819672777869853,13.750822000331471
8,32,918,247,119.6831,-52.9799,158.7674,1.8544,4.9742,-3.9704,1.622,-0.3868,0.194,4.2883,0.074,0.4308,0.0408,car,32,119.6831,-52.9799,-3.9704,1.622,4.2883,0.074,158.7674,4.2889346182939185,15.440164625858108,0.0,0.0,0.0,0.0,0.0,0.0,1,08_23_32_947_ego_32,1,947,947,965,vehicle_vehicle,0.28762159479930155,2.3135356757438617,1.3964417842047585,11.177352622602548,15.0,3.0,3.5,0.8,3.819672777869853,13.750822000331471
8,35,918,199,131.733,-57.5306,160.8326,1.8297,4.3769,-3.0968,1.0971,-1.8817,0.7331,3.2853,0.0195,2.018,0.0747,car,32,119.6831,-52.9799,-3.9704,1.622,4.2883,0.074,158.7674,4.2889346182939185,15.440164625858108,12.049900000000008,-4.550699999999999,0.8736000000000002,-0.5249000000000001,1.0191648394641568,12.88056522439913,0,08_23_32_947_ego_32,0,947,947,965,vehicle_vehicle,0.28762159479930155,2.3135356757438617,1.3964417842047585,11.177352622602548,15.0,3.0,3.5,0.8,3.819672777869853,13.750822000331471
8,23,919,614,97.9356,-59.9077,49.146,2.5943,5.7054,3.4266,4.1112,-1.3263,0.1397,5.3511,-0.0975,-0.7619,-1.0946,van,32,119.5226,-52.9147,-3.9875,1.6312,4.3076,0.0759,158.7607,4.308244386057968,15.509679789808684,-21.587000000000003,-6.992999999999995,7.4140999999999995,2.4800000000000004,7.817881990027733,22.691421683094255,0,08_23_32_947_ego_32,1,947,947,965,vehicle_vehicle,0.28762159479930155,2.3135356757438617,1.3964417842047585,11.177352622602548,15.0,3.0,3.5,0.8,3.819672777869853,13.750822000331471
8,31,919,282,105.9788,-44.8233,139.5251,3.6298,18.2042,-2.5662,2.9107,0.7674,0.5291,3.8415,0.5484,-0.2403,0.9006,truck,32,119.5226,-52.9147,-3.9875,1.6312,4.3076,0.0759,158.7607,4.308244386057968,15.509679789808684,-13.54379999999999,8.0914,1.4213,1.2794999999999999,1.9123843599025798,15.776731993667122,0,08_23_32_947_ego_32,0,947,947,965,vehicle_vehicle,0.28762159479930155,2.3135356757438617,1.3964417842047585,11.177352622602548,15.0,3.0,3.5,0.8,3.819672777869853,13.750822000331471
8,32,919,248,119.5226,-52.9147,158.7607,1.8544,4.9742,-3.9875,1.6312,-0.3328,0.1751,4.3076,0.0759,0.3737,0.0426,car,32,119.5226,-52.9147,-3.9875,1.6312,4.3076,0.0759,158.7607,4.308244386057968,15.509679789808684,0.0,0.0,0.0,0.0,0.0,0.0,1,08_23_32_947_ego_32,1,947,947,965,vehicle_vehicle,0.28762159479930155,2.3135356757438617,1.3964417842047585,11.177352622602548,15.0,3.0,3.5,0.8,3.819672777869853,13.750822000331471
8,35,919,200,131.6077,-57.486,160.8421,1.8297,4.3769,-3.1716,1.128,-1.8418,0.7203,3.3661,0.0247,1.9762,0.076,car,32,119.5226,-52.9147,-3.9875,1.6312,4.3076,0.0759,158.7607,4.308244386057968,15.509679789808684,12.085099999999997,-4.571299999999994,0.8158999999999996,-0.5032000000000001,0.9585943093926645,12.920774965148176,0,08_23_32_947_ego_32,0,947,947,965,vehicle_vehicle,0.28762159479930155,2.3135356757438617,1.3964417842047585,11.177352622602548,15.0,3.0,3.5,0.8,3.819672777869853,13.750822000331471
8,23,920,615,98.0715,-59.7423,49.674,2.5943,5.7054,3.3733,4.1159,-1.3321,0.0978,5.3208,-0.0918,-0.7874,-1.0788,van,32,119.3614,-52.8485,-4.0019,1.6393,4.3239,0.0765,158.7376,4.324639649728056,15.568702739021,-21.289900000000003,-6.893799999999999,7.3751999999999995,2.4766,7.779917904451177,22.378210841128478,0,08_23_32_947_ego_32,1,947,947,965,vehicle_vehicle,0.28762159479930155,2.3135356757438617,1.3964417842047585,11.177352622602548,15.0,3.0,3.5,0.8,3.819672777869853,13.750822000331471
8,31,920,283,105.8782,-44.7041,139.0773,3.6298,18.2042,-2.5296,2.9362,0.7187,0.5124,3.8347,0.5616,-0.2074,0.858,truck,32,119.3614,-52.8485,-4.0019,1.6393,4.3239,0.0765,158.7376,4.324639649728056,15.568702739021,-13.483199999999997,8.144400000000005,1.4723000000000002,1.2969,1.9620440616866892,15.752077120176882,0,08_23_32_947_ego_32,0,947,947,965,vehicle_vehicle,0.28762159479930155,2.3135356757438617,1.3964417842047585,11.177352622602548,15.0,3.0,3.5,0.8,3.819672777869853,13.750822000331471
8,32,920,249,119.3614,-52.8485,158.7376,1.8544,4.9742,-4.0019,1.6393,-0.2776,0.1549,4.3239,0.0765,0.3149,0.0437,car,32,119.3614,-52.8485,-4.0019,1.6393,4.3239,0.0765,158.7376,4.324639649728056,15.568702739021,0.0,0.0,0.0,0.0,0.0,0.0,1,08_23_32_947_ego_32,1,947,947,965,vehicle_vehicle,0.28762159479930155,2.3135356757438617,1.3964417842047585,11.177352622602548,15.0,3.0,3.5,0.8,3.819672777869853,13.750822000331471
8,35,920,201,131.4795,-57.4398,160.8563,1.8297,4.3769,-3.2448,1.1582,-1.8024,0.706,3.4452,0.03,1.9343,0.0759,car,32,119.3614,-52.8485,-4.0019,1.6393,4.3239,0.0765,158.7376,4.324639649728056,15.568702739021,12.118099999999998,-4.591299999999997,0.7570999999999999,-0.4811000000000001,0.8970271010398737,12.958718428147126,0,08_23_32_947_ego_32,0,947,947,965,vehicle_vehicle,0.28762159479930155,2.3135356757438617,1.3964417842047585,11.177352622602548,15.0,3.0,3.5,0.8,3.819672777869853,13.750822000331471
8,23,921,616,98.206,-59.577,50.1851,2.5943,5.7054,3.3196,4.1187,-1.3375,0.057,5.2892,-0.0874,-0.8126,-1.0639,van,32,119.2001,-52.7813,-4.0136,1.646,4.3374,0.0762,158.7072,4.338006565232469,15.616823634836889,-20.994100000000003,-6.7956999999999965,7.3332,2.4726999999999997,7.73886732862116,22.06657593057881,0,08_23_32_947_ego_32,1,947,947,965,vehicle_vehicle,0.28762159479930155,2.3135356757438617,1.3964417842047585,11.177352622602548,15.0,3.0,3.5,0.8,3.819672777869853,13.750822000331471
8,31,921,284,105.7819,-44.5807,138.6343,3.6298,18.2042,-2.4965,2.9588,0.6649,0.4925,3.829,0.5707,-0.1736,0.809,truck,32,119.2001,-52.7813,-4.0136,1.646,4.3374,0.0762,158.7072,4.338006565232469,15.616823634836889,-13.418200000000013,8.200600000000001,1.5171000000000001,1.3128000000000002,2.0062492990652983,15.725709255865072,0,08_23_32_947_ego_32,0,947,947,965,vehicle_vehicle,0.28762159479930155,2.3135356757438617,1.3964417842047585,11.177352622602548,15.0,3.0,3.5,0.8,3.819672777869853,13.750822000331471
8,32,921,250,119.2001,-52.7813,158.7072,1.8544,4.9742,-4.0136,1.646,-0.2215,0.134,4.3374,0.0762,0.255,0.0444,car,32,119.2001,-52.7813,-4.0136,1.646,4.3374,0.0762,158.7072,4.338006565232469,15.616823634836889,0.0,0.0,0.0,0.0,0.0,0.0,1,08_23_32_947_ego_32,1,947,947,965,vehicle_vehicle,0.28762159479930155,2.3135356757438617,1.3964417842047585,11.177352622602548,15.0,3.0,3.5,0.8,3.819672777869853,13.750822000331471
8,35,921,202,131.3488,-57.3929,160.8687,1.8297,4.3769,-3.3168,1.1879,-1.7633,0.6903,3.5229,0.0352,1.8922,0.0742,car,32,119.2001,-52.7813,-4.0136,1.646,4.3374,0.0762,158.7072,4.338006565232469,15.616823634836889,12.148700000000005,-4.611599999999996,0.6968000000000001,-0.45809999999999995,0.8338979853675149,12.994528319642852,0,08_23_32_947_ego_32,0,947,947,965,vehicle_vehicle,0.28762159479930155,2.3135356757438617,1.3964417842047585,11.177352622602548,15.0,3.0,3.5,0.8,3.819672777869853,13.750822000331471
8,23,922,617,98.3381,-59.4118,50.6929,2.5943,5.7054,3.2655,4.1196,-1.3424,0.0174,5.2562,-0.083,-0.8369,-1.0497,van,32,119.0389,-52.7138,-4.023,1.6512,4.348,0.0759,158.6842,4.348676860839398,15.655236699021835,-20.7008,-6.698,7.288499999999999,2.4684,7.695143326150592,21.757442971084632,0,08_23_32_947_ego_32,1,947,947,965,vehicle_vehicle,0.28762159479930155,2.3135356757438617,1.3964417842047585,11.177352622602548,15.0,3.0,3.5,0.8,3.819672777869853,13.750822000331471
8,31,922,285,105.6897,-44.4535,138.1898,3.6298,18.2042,-2.4685,2.9772,0.6083,0.4722,3.8247,0.5734,-0.1386,0.7575,truck,32,119.0389,-52.7138,-4.023,1.6512,4.348,0.0759,158.6842,4.348676860839398,15.655236699021835,-13.349199999999996,8.2603,1.5544999999999995,1.3259999999999998,2.043219579487236,15.698206799822708,0,08_23_32_947_ego_32,0,947,947,965,vehicle_vehicle,0.28762159479930155,2.3135356757438617,1.3964417842047585,11.177352622602548,15.0,3.0,3.5,0.8,3.819672777869853,13.750822000331471
8,32,922,251,119.0389,-52.7138,158.6842,1.8544,4.9742,-4.023,1.6512,-0.1648,0.1128,4.348,0.0759,0.1945,0.0452,car,32,119.0389,-52.7138,-4.023,1.6512,4.348,0.0759,158.6842,4.348676860839398,15.655236699021835,0.0,0.0,0.0,0.0,0.0,0.0,1,08_23_32_947_ego_32,1,947,947,965,vehicle_vehicle,0.28762159479930155,2.3135356757438617,1.3964417842047585,11.177352622602548,15.0,3.0,3.5,0.8,3.819672777869853,13.750822000331471
8,35,922,203,131.2151,-57.3445,160.8769,1.8297,4.3769,-3.3872,1.2167,-1.7244,0.6732,3.5989,0.0399,1.8498,0.0712,car,32,119.0389,-52.7138,-4.023,1.6512,4.348,0.0759,158.6842,4.348676860839398,15.655236699021835,12.176200000000009,-4.630699999999997,0.6357999999999997,-0.4345000000000001,0.7700856380948808,13.027019188210332,0,08_23_32_947_ego_32,0,947,947,965,vehicle_vehicle,0.28762159479930155,2.3135356757438617,1.3964417842047585,11.177352622602548,15.0,3.0,3.5,0.8,3.819672777869853,13.750822000331471
8,23,923,618,98.4684,-59.2467,51.2059,2.5943,5.7054,3.2109,4.1189,-1.3465,-0.0209,5.222,-0.078,-0.8599,-1.0364,van,32,118.8772,-52.6468,-4.0297,1.6553,4.3558,0.0761,158.6702,4.35643204698524,15.683155369146863,-20.4088,-6.599899999999998,7.240600000000001,2.4636,7.648242498770552,21.44942417525468,0,08_23_32_947_ego_32,1,947,947,965,vehicle_vehicle,0.28762159479930155,2.3135356757438617,1.3964417842047585,11.177352622602548,15.0,3.0,3.5,0.8,3.819672777869853,13.750822000331471
8,31,923,286,105.6007,-44.3229,137.7427,3.6298,18.2042,-2.4465,2.9904,0.552,0.4554,3.8216,0.5681,-0.1024,0.7083,truck,32,118.8772,-52.6468,-4.0297,1.6553,4.3558,0.0761,158.6702,4.35643204698524,15.683155369146863,-13.276499999999999,8.323900000000002,1.5832000000000002,1.3351000000000002,2.0709935417571925,15.670123275201124,0,08_23_32_947_ego_32,0,947,947,965,vehicle_vehicle,0.28762159479930155,2.3135356757438617,1.3964417842047585,11.177352622602548,15.0,3.0,3.5,0.8,3.819672777869853,13.750822000331471
8,32,923,252,118.8772,-52.6468,158.6702,1.8544,4.9742,-4.0297,1.6553,-0.1078,0.092,4.3558,0.0761,0.1339,0.0465,car,32,118.8772,-52.6468,-4.0297,1.6553,4.3558,0.0761,158.6702,4.35643204698524,15.683155369146863,0.0,0.0,0.0,0.0,0.0,0.0,1,08_23_32_947_ego_32,1,947,947,965,vehicle_vehicle,0.28762159479930155,2.3135356757438617,1.3964417842047585,11.177352622602548,15.0,3.0,3.5,0.8,3.819672777869853,13.750822000331471
8,35,923,204,131.0787,-57.2943,160.8874,1.8297,4.3769,-3.4564,1.2445,-1.6854,0.6551,3.6733,0.0442,1.807,0.0672,car,32,118.8772,-52.6468,-4.0297,1.6553,4.3558,0.0761,158.6702,4.35643204698524,15.683155369146863,12.201499999999996,-4.647500000000001,0.5733000000000001,-0.41080000000000005,0.7052868423556476,13.056640398663045,0,08_23_32_947_ego_32,0,947,947,965,vehicle_vehicle,0.28762159479930155,2.3135356757438617,1.3964417842047585,11.177352622602548,15.0,3.0,3.5,0.8,3.819672777869853,13.750822000331471
8,23,924,619,98.5967,-59.0819,51.6983,2.5943,5.7054,3.1557,4.1167,-1.3496,-0.0577,5.1865,-0.075,-0.8818,-1.0233,van,32,118.7154,-52.58,-4.034,1.6583,4.3609,0.0768,158.6624,4.361549597333498,15.701578550400594,-20.118700000000004,-6.501899999999999,7.1897,2.4583999999999997,7.598389082562171,21.14324462564817,0,08_23_32_947_ego_32,1,947,947,965,vehicle_vehicle,0.28762159479930155,2.3135356757438617,1.3964417842047585,11.177352622602548,15.0,3.0,3.5,0.8,3.819672777869853,13.750822000331471
8,31,924,287,105.5046,-44.2012,137.3025,3.6298,18.2042,-2.4272,3.0022,0.4984,0.4446,3.8197,0.5605,-0.0648,0.6647,truck,32,118.7154,-52.58,-4.034,1.6583,4.3609,0.0768,158.6624,4.361549597333498,15.701578550400594,-13.210800000000006,8.378799999999998,1.6067999999999998,1.3439,2.0947251490350705,15.64383348415599,0,08_23_32_947_ego_32,0,947,947,965,vehicle_vehicle,0.28762159479930155,2.3135356757438617,1.3964417842047585,11.177352622602548,15.0,3.0,3.5,0.8,3.819672777869853,13.750822000331471
8,32,924,253,118.7154,-52.58,158.6624,1.8544,4.9742,-4.034,1.6583,-0.0507,0.0718,4.3609,0.0768,0.0733,0.0484,car,32,118.7154,-52.58,-4.034,1.6583,4.3609,0.0768,158.6624,4.361549597333498,15.701578550400594,0.0,0.0,0.0,0.0,0.0,0.0,1,08_23_32_947_ego_32,1,947,947,965,vehicle_vehicle,0.28762159479930155,2.3135356757438617,1.3964417842047585,11.177352622602548,15.0,3.0,3.5,0.8,3.819672777869853,13.750822000331471
8,35,924,205,130.9402,-57.244,160.8974,1.8297,4.3769,-3.5244,1.2716,-1.646,0.6361,3.7464,0.0482,1.7635,0.0624,car,32,118.7154,-52.58,-4.034,1.6583,4.3609,0.0768,158.6624,4.361549597333498,15.701578550400594,12.224800000000002,-4.6640000000000015,0.5095999999999998,-0.38670000000000004,0.6397101296681176,13.084289474021892,0,08_23_32_947_ego_32,0,947,947,965,vehicle_vehicle,0.28762159479930155,2.3135356757438617,1.3964417842047585,11.177352622602548,15.0,3.0,3.5,0.8,3.819672777869853,13.750822000331471
8,23,925,620,98.723,-58.9169,52.1576,2.5943,5.7054,3.1,4.1128,-1.3511,-0.0931,5.1497,-0.075,-0.9024,-1.0098,van,32,118.5544,-52.5135,-4.0362,1.6604,4.3637,0.0768,158.648,4.364382957532485,15.711778647116947,-19.831400000000002,-6.403399999999998,7.1362000000000005,2.4524,7.54583436075826,20.839576711632127,0,08_23_32_947_ego_32,1,947,947,965,vehicle_vehicle,0.28762159479930155,2.3135356757438617,1.3964417842047585,11.177352622602548,15.0,3.0,3.5,0.8,3.819672777869853,13.750822000331471
8,31,925,288,105.4123,-44.0756,136.8626,3.6298,18.2042,-2.4118,3.0115,0.4484,0.4414,3.819,0.5484,-0.0254,0.6287,truck,32,118.5544,-52.5135,-4.0362,1.6604,4.3637,0.0768,158.648,4.364382957532485,15.711778647116947,-13.1421,8.437899999999999,1.6244,1.3510999999999997,2.112852709016887,15.61771266287096,0,08_23_32_947_ego_32,0,947,947,965,vehicle_vehicle,0.28762159479930155,2.3135356757438617,1.3964417842047585,11.177352622602548,15.0,3.0,3.5,0.8,3.819672777869853,13.750822000331471
8,32,925,254,118.5544,-52.5135,158.648,1.8544,4.9742,-4.0362,1.6604,0.0065,0.0522,4.3637,0.0768,0.013,0.051,car,32,118.5544,-52.5135,-4.0362,1.6604,4.3637,0.0768,158.648,4.364382957532485,15.711778647116947,0.0,0.0,0.0,0.0,0.0,0.0,1,08_23_32_947_ego_32,1,947,947,965,vehicle_vehicle,0.28762159479930155,2.3135356757438617,1.3964417842047585,11.177352622602548,15.0,3.0,3.5,0.8,3.819672777869853,13.750822000331471
8,35,925,206,130.7997,-57.1926,160.9064,1.8297,4.3769,-3.5915,1.2979,-1.6056,0.6163,3.8185,0.0517,1.7189,0.0572,car,32,118.5544,-52.5135,-4.0362,1.6604,4.3637,0.0768,158.648,4.364382957532485,15.711778647116947,12.2453,-4.679099999999998,0.4447000000000001,-0.36250000000000004,0.5737284549331679,13.10882713670449,0,08_23_32_947_ego_32,0,947,947,965,vehicle_vehicle,0.28762159479930155,2.3135356757438617,1.3964417842047585,11.177352622602548,15.0,3.0,3.5,0.8,3.819672777869853,13.750822000331471
8,23,926,621,98.8457,-58.7515,52.6033,2.5943,5.7054,3.0443,4.1071,-1.3509,-0.1266,5.1118,-0.0758,-0.921,-0.9963,van,32,118.3922,-52.4469,-4.0358,1.6617,4.3638,0.0764,158.624,4.364507822194846,15.712228159901446,-19.54650000000001,-6.304600000000001,7.0801,2.4454000000000002,7.490513812149337,20.53810223487069,0,08_23_32_947_ego_32,1,947,947,965,vehicle_vehicle,0.28762159479930155,2.3135356757438617,1.3964417842047585,11.177352622602548,15.0,3.0,3.5,0.8,3.819672777869853,13.750822000331471
8,31,926,289,105.3227,-43.9466,136.4286,3.6298,18.2042,-2.4011,3.0174,0.4043,0.4482,3.8193,0.5312,0.016,0.6034,truck,32,118.3922,-52.4469,-4.0358,1.6617,4.3638,0.0764,158.624,4.364507822194846,15.712228159901446,-13.069500000000005,8.500300000000003,1.6347,1.3557,2.1237152775266273,15.590603911972114,0,08_23_32_947_ego_32,0,947,947,965,vehicle_vehicle,0.28762159479930155,2.3135356757438617,1.3964417842047585,11.177352622602548,15.0,3.0,3.5,0.8,3.819672777869853,13.750822000331471
8,32,926,255,118.3922,-52.4469,158.624,1.8544,4.9742,-4.0358,1.6617,0.0637,0.0334,4.3638,0.0764,-0.0471,0.0544,car,32,118.3922,-52.4469,-4.0358,1.6617,4.3638,0.0764,158.624,4.364507822194846,15.712228159901446,0.0,0.0,0.0,0.0,0.0,0.0,1,08_23_32_947_ego_32,1,947,947,965,vehicle_vehicle,0.28762159479930155,2.3135356757438617,1.3964417842047585,11.177352622602548,15.0,3.0,3.5,0.8,3.819672777869853,13.750822000331471
8,35,926,207,130.6549,-57.1403,160.9255,1.8297,4.3769,-3.6571,1.3234,-1.564,0.5956,3.8888,0.0556,1.6727,0.0518,car,32,118.3922,-52.4469,-4.0358,1.6617,4.3638,0.0764,158.624,4.364507822194846,15.712228159901446,12.262699999999995,-4.693400000000004,0.37870000000000026,-0.33830000000000005,0.507799743993634,13.130187159747567,0,08_23_32_947_ego_32,0,947,947,965,vehicle_vehicle,0.28762159479930155,2.3135356757438617,1.3964417842047585,11.177352622602548,15.0,3.0,3.5,0.8,3.819672777869853,13.750822000331471
8,23,927,622,98.9671,-58.5873,53.0456,2.5943,5.7054,2.9883,4.1,-1.3489,-0.1582,5.0729,-0.0768,-0.9374,-0.9828,van,32,118.2305,-52.3808,-4.033,1.6624,4.3615,0.0757,158.5935,4.3621855485524685,15.703867974788887,-19.263400000000004,-6.206499999999998,7.0213,2.4375999999999998,7.4323984991387535,20.23855779965559,0,08_23_32_947_ego_32,1,947,947,965,vehicle_vehicle,0.28762159479930155,2.3135356757438617,1.3964417842047585,11.177352622602548,15.0,3.0,3.5,0.8,3.819672777869853,13.750822000331471
8,31,927,290,105.2254,-43.8272,136.0026,3.6298,18.2042,-2.3914,3.0242,0.367,0.4665,3.821,0.5144,0.06,0.5905,truck,32,118.2305,-52.3808,-4.033,1.6624,4.3615,0.0757,158.5935,4.3621855485524685,15.703867974788887,-13.005100000000013,8.553600000000003,1.6416000000000004,1.3618,2.1329204860941253,15.565882531035637,0,08_23_32_947_ego_32,0,947,947,965,vehicle_vehicle,0.28762159479930155,2.3135356757438617,1.3964417842047585,11.177352622602548,15.0,3.0,3.5,0.8,3.819672777869853,13.750822000331471
8,32,927,256,118.2305,-52.3808,158.5935,1.8544,4.9742,-4.033,1.6624,0.1206,0.0154,4.3615,0.0757,-0.1067,0.0584,car,32,118.2305,-52.3808,-4.033,1.6624,4.3615,0.0757,158.5935,4.3621855485524685,15.703867974788887,0.0,0.0,0.0,0.0,0.0,0.0,1,08_23_32_947_ego_32,1,947,947,965,vehicle_vehicle,0.28762159479930155,2.3135356757438617,1.3964417842047585,11.177352622602548,15.0,3.0,3.5,0.8,3.819672777869853,13.750822000331471
8,35,927,208,130.5086,-57.0871,160.9484,1.8297,4.3769,-3.7215,1.3482,-1.5207,0.5739,3.9578,0.0596,1.6247,0.0461,car,32,118.2305,-52.3808,-4.033,1.6624,4.3615,0.0757,158.5935,4.3621855485524685,15.703867974788887,12.278099999999995,-4.706299999999999,0.31150000000000055,-0.31420000000000003,0.44244083220245434,13.1491824574762,0,08_23_32_947_ego_32,0,947,947,965,vehicle_vehicle,0.28762159479930155,2.3135356757438617,1.3964417842047585,11.177352622602548,15.0,3.0,3.5,0.8,3.819672777869853,13.750822000331471
8,23,928,623,99.0857,-58.4232,53.4814,2.5943,5.7054,2.9324,4.0916,-1.3449,-0.1877,5.0333,-0.0782,-0.9512,-0.9692,van,32,118.0695,-52.3145,-4.028,1.6624,4.3569,0.0743,158.5506,4.357563282386154,15.687227816590156,-18.983800000000002,-6.108699999999999,6.9604,2.4292,7.372121865514703,19.94243912188276,0,08_23_32_947_ego_32,1,947,947,965,vehicle_vehicle,0.28762159479930155,2.3135356757438617,1.3964417842047585,11.177352622602548,15.0,3.0,3.5,0.8,3.819672777869853,13.750822000331471
8,31,928,291,105.1192,-43.7189,135.5793,3.6298,18.2042,-2.3789,3.037,0.3341,0.4933,3.8247,0.504,0.1066,0.5861,truck,32,118.0695,-52.3145,-4.028,1.6624,4.3569,0.0743,158.5506,4.357563282386154,15.687227816590156,-12.950299999999999,8.595600000000005,1.6490999999999998,1.3745999999999998,2.1468712048001386,15.543313979007182,0,08_23_32_947_ego_32,0,947,947,965,vehicle_vehicle,0.28762159479930155,2.3135356757438617,1.3964417842047585,11.177352622602548,15.0,3.0,3.5,0.8,3.819672777869853,13.750822000331471
8,32,928,257,118.0695,-52.3145,158.5506,1.8544,4.9742,-4.028,1.6624,0.1774,-0.002,4.3569,0.0743,-0.1658,0.063,car,32,118.0695,-52.3145,-4.028,1.6624,4.3569,0.0743,158.5506,4.357563282386154,15.687227816590156,0.0,0.0,0.0,0.0,0.0,0.0,1,08_23_32_947_ego_32,1,947,947,965,vehicle_vehicle,0.28762159479930155,2.3135356757438617,1.3964417842047585,11.177352622602548,15.0,3.0,3.5,0.8,3.819672777869853,13.750822000331471
8,35,928,209,130.36,-57.032,160.9775,1.8297,4.3769,-3.7848,1.3719,-1.4752,0.5515,4.0253,0.0633,1.5744,0.0405,car,32,118.0695,-52.3145,-4.028,1.6624,4.3569,0.0743,158.5506,4.357563282386154,15.687227816590156,12.290500000000009,-4.717499999999994,0.24319999999999942,-0.2905000000000002,0.3788620989225497,13.164771038647052,0,08_23_32_947_ego_32,0,947,947,965,vehicle_vehicle,0.28762159479930155,2.3135356757438617,1.3964417842047585,11.177352622602548,15.0,3.0,3.5,0.8,3.819672777869853,13.750822000331471
8,23,929,624,99.2014,-58.2594,53.8946,2.5943,5.7054,2.8768,4.0819,-1.3391,-0.2152,4.9931,-0.0811,-0.9629,-0.9551,van,32,117.908,-52.2479,-4.0205,1.6617,4.3497,0.0737,158.515,4.350364023849039,15.661310485856541,-18.706599999999995,-6.011499999999998,6.8972999999999995,2.4202000000000004,7.309590640384727,19.64879171374158,0,08_23_32_947_ego_32,1,947,947,965,vehicle_vehicle,0.28762159479930155,2.3135356757438617,1.3964417842047585,11.177352622602548,15.0,3.0,3.5,0.8,3.819672777869853,13.750822000331471
8,31,929,292,105.0169,-43.6063,135.1652,3.6298,18.2042,-2.3648,3.0545,0.3019,0.524,3.8306,0.4988,0.1554,0.5845,truck,32,117.908,-52.2479,-4.0205,1.6617,4.3497,0.0737,158.515,4.350364023849039,15.661310485856541,-12.891099999999994,8.641600000000004,1.6557000000000004,1.3928,2.1636160310923938,15.519591159885621,0,08_23_32_947_ego_32,0,947,947,965,vehicle_vehicle,0.28762159479930155,2.3135356757438617,1.3964417842047585,11.177352622602548,15.0,3.0,3.5,0.8,3.819672777869853,13.750822000331471
8,32,929,258,117.908,-52.2479,158.515,1.8544,4.9742,-4.0205,1.6617,0.2338,-0.0189,4.3497,0.0737,-0.2245,0.068,car,32,117.908,-52.2479,-4.0205,1.6617,4.3497,0.0737,158.515,4.350364023849039,15.661310485856541,0.0,0.0,0.0,0.0,0.0,0.0,1,08_23_32_947_ego_32,1,947,947,965,vehicle_vehicle,0.28762159479930155,2.3135356757438617,1.3964417842047585,11.177352622602548,15.0,3.0,3.5,0.8,3.819672777869853,13.750822000331471
8,35,929,210,130.2084,-56.9756,161.0048,1.8297,4.3769,-3.8467,1.3942,-1.4271,0.5285,4.091,0.0662,1.5214,0.0352,car,32,117.908,-52.2479,-4.0205,1.6617,4.3497,0.0737,158.515,4.350364023849039,15.661310485856541,12.30040000000001,-4.727699999999999,0.1738000000000004,-0.26749999999999985,0.31900264889182356,13.177670031154985,0,08_23_32_947_ego_32,0,947,947,965,vehicle_vehicle,0.28762159479930155,2.3135356757438617,1.3964417842047585,11.177352622602548,15.0,3.0,3.5,0.8,3.819672777869853,13.750822000331471
8,23,930,625,99.3154,-58.0963,54.3018,2.5943,5.7054,2.8215,4.0711,-1.3314,-0.2404,4.9525,-0.0842,-0.9721,-0.941,van,32,117.748,-52.1811,-4.011,1.6603,4.3404,0.0732,158.4802,4.341050228919265,15.627780824109355,-18.432600000000008,-5.915199999999999,6.8325,2.4108,7.245344221636401,19.358469304157296,0,08_23_32_947_ego_32,1,947,947,965,vehicle_vehicle,0.28762159479930155,2.3135356757438617,1.3964417842047585,11.177352622602548,15.0,3.0,3.5,0.8,3.819672777869853,13.750822000331471
8,31,930,293,104.9191,-43.4892,134.7537,3.6298,18.2042,-2.3506,3.0755,0.2683,0.5559,3.839,0.4961,0.2059,0.5819,truck,32,117.748,-52.1811,-4.011,1.6603,4.3404,0.0732,158.4802,4.341050228919265,15.627780824109355,-12.828900000000004,8.691900000000004,1.6604,1.4151999999999998,2.181678069743563,15.496122122002014,0,08_23_32_947_ego_32,0,947,947,965,vehicle_vehicle,0.28762159479930155,2.3135356757438617,1.3964417842047585,11.177352622602548,15.0,3.0,3.5,0.8,3.819672777869853,13.750822000331471
8,32,930,259,117.748,-52.1811,158.4802,1.8544,4.9742,-4.011,1.6603,0.2899,-0.0351,4.3404,0.0732,-0.2826,0.0737,car,32,117.748,-52.1811,-4.011,1.6603,4.3404,0.0732,158.4802,4.341050228919265,15.627780824109355,0.0,0.0,0.0,0.0,0.0,0.0,1,08_23_32_947_ego_32,1,947,947,965,vehicle_vehicle,0.28762159479930155,2.3135356757438617,1.3964417842047585,11.177352622602548,15.0,3.0,3.5,0.8,3.819672777869853,13.750822000331471
8,35,930,211,130.0548,-56.9191,161.0218,1.8297,4.3769,-3.9072,1.4155,-1.3759,0.5053,4.1551,0.0679,1.4655,0.0304,car,32,117.748,-52.1811,-4.011,1.6603,4.3404,0.0732,158.4802,4.341050228919265,15.627780824109355,12.306799999999996,-4.7379999999999995,0.10380000000000011,-0.24480000000000013,0.2658974990480356,13.18734128776532,0,08_23_32_947_ego_32,0,947,947,965,vehicle_vehicle,0.28762159479930155,2.3135356757438617,1.3964417842047585,11.177352622602548,15.0,3.0,3.5,0.8,3.819672777869853,13.750822000331471
8,23,931,626,99.427,-57.9338,54.7082,2.5943,5.7054,2.7665,4.0594,-1.3221,-0.2634,4.9117,-0.0872,-0.9788,-0.9269,van,32,117.5887,-52.1149,-3.9996,1.6582,4.3291,0.0733,158.4511,4.329714470955331,15.586972095439192,-18.161699999999996,-5.818899999999999,6.7661,2.4012000000000002,7.179545295490516,19.071102330489442,0,08_23_32_947_ego_32,1,947,947,965,vehicle_vehicle,0.28762159479930155,2.3135356757438617,1.3964417842047585,11.177352622602548,15.0,3.0,3.5,0.8,3.819672777869853,13.750822000331471
8,31,931,294,104.8251,-43.3675,134.3514,3.6298,18.2042,-2.3377,3.0985,0.2325,0.5874,3.8498,0.4944,0.2575,0.5768,truck,32,117.5887,-52.1149,-3.9996,1.6582,4.3291,0.0733,158.4511,4.329714470955331,15.586972095439192,-12.763599999999997,8.747399999999999,1.6619000000000002,1.4403000000000001,2.1991761411946977,15.473412413556355,0,08_23_32_947_ego_32,0,947,947,965,vehicle_vehicle,0.28762159479930155,2.3135356757438617,1.3964417842047585,11.177352622602548,15.0,3.0,3.5,0.8,3.819672777869853,13.750822000331471
8,32,931,260,117.5887,-52.1149,158.4511,1.8544,4.9742,-3.9996,1.6582,0.3461,-0.0506,4.3291,0.0733,-0.3405,0.08,car,32,117.5887,-52.1149,-3.9996,1.6582,4.3291,0.0733,158.4511,4.329714470955331,15.586972095439192,0.0,0.0,0.0,0.0,0.0,0.0,1,08_23_32_947_ego_32,1,947,947,965,vehicle_vehicle,0.28762159479930155,2.3135356757438617,1.3964417842047585,11.177352622602548,15.0,3.0,3.5,0.8,3.819672777869853,13.750822000331471
8,35,931,212,129.8987,-56.8613,161.0493,1.8297,4.3769,-3.9661,1.4356,-1.321,0.4822,4.2174,0.0697,1.406,0.027,car,32,117.5887,-52.1149,-3.9996,1.6582,4.3291,0.0733,158.4511,4.329714470955331,15.586972095439192,12.309999999999988,-4.746400000000001,0.033500000000000085,-0.2225999999999999,0.22510666360638898,13.193347299302014,0,08_23_32_947_ego_32,0,947,947,965,vehicle_vehicle,0.28762159479930155,2.3135356757438617,1.3964417842047585,11.177352622602548,15.0,3.0,3.5,0.8,3.819672777869853,13.750822000331471
8,23,932,627,99.5362,-57.7716,55.1361,2.5943,5.7054,2.7121,4.0467,-1.3111,-0.2844,4.8707,-0.0879,-0.9828,-0.9132,van,32,117.4289,-52.0491,-3.9859,1.6557,4.3155,0.0738,158.4219,4.316102559022434,15.53796921248076,-17.892700000000005,-5.722499999999997,6.698,2.3910000000000005,7.111967730522967,18.78551887864693,0,08_23_32_947_ego_32,1,947,947,965,vehicle_vehicle,0.28762159479930155,2.3135356757438617,1.3964417842047585,11.177352622602548,15.0,3.0,3.5,0.8,3.819672777869853,13.750822000331471
8,31,932,295,104.7293,-43.2471,133.9556,3.6298,18.2042,-2.3252,3.1243,0.194,0.6173,3.863,0.4948,0.3098,0.5681,truck,32,117.4289,-52.0491,-3.9859,1.6557,4.3155,0.0738,158.4219,4.316102559022434,15.53796921248076,-12.699600000000004,8.802,1.6606999999999998,1.4686,2.2169146239763045,15.451700364684791,0,08_23_32_947_ego_32,0,947,947,965,vehicle_vehicle,0.28762159479930155,2.3135356757438617,1.3964417842047585,11.177352622602548,15.0,3.0,3.5,0.8,3.819672777869853,13.750822000331471
8,32,932,261,117.4289,-52.0491,158.4219,1.8544,4.9742,-3.9859,1.6557,0.4025,-0.0656,4.3155,0.0738,-0.3984,0.087,car,32,117.4289,-52.0491,-3.9859,1.6557,4.3155,0.0738,158.4219,4.316102559022434,15.53796921248076,0.0,0.0,0.0,0.0,0.0,0.0,1,08_23_32_947_ego_32,1,947,947,965,vehicle_vehicle,0.28762159479930155,2.3135356757438617,1.3964417842047585,11.177352622602548,15.0,3.0,3.5,0.8,3.819672777869853,13.750822000331471
8,35,932,213,129.7394,-56.8029,161.0708,1.8297,4.3769,-4.023,1.4544,-1.2621,0.4593,4.2773,0.0707,1.3429,0.025,car,32,117.4289,-52.0491,-3.9859,1.6557,4.3155,0.0738,158.4219,4.316102559022434,15.53796921248076,12.31049999999999,-4.753799999999998,-0.03709999999999969,-0.20130000000000003,0.20469025379826952,13.196477738017814,0,08_23_32_947_ego_32,0,947,947,965,vehicle_vehicle,0.28762159479930155,2.3135356757438617,1.3964417842047585,11.177352622602548,15.0,3.0,3.5,0.8,3.819672777869853,13.750822000331471
8,23,933,628,99.6437,-57.6103,55.5524,2.5943,5.7054,2.658,4.0333,-1.2985,-0.3032,4.8296,-0.0895,-0.9846,-0.8993,van,32,117.2699,-51.9834,-3.97,1.6528,4.2997,0.0754,158.4016,4.300307877350178,15.481108358460643,-17.62620000000001,-5.626899999999999,6.628,2.3804999999999996,7.042525417064534,18.502565499140935,0,08_23_32_947_ego_32,1,947,947,965,vehicle_vehicle,0.28762159479930155,2.3135356757438617,1.3964417842047585,11.177352622602548,15.0,3.0,3.5,0.8,3.819672777869853,13.750822000331471
8,31,933,296,104.6363,-43.1229,133.5619,3.6298,18.2042,-2.3142,3.1519,0.1522,0.6447,3.8787,0.4952,0.3623,0.5546,truck,32,117.2699,-51.9834,-3.97,1.6528,4.2997,0.0754,158.4016,4.300307877350178,15.481108358460643,-12.633600000000001,8.860500000000002,1.6558000000000002,1.4990999999999999,2.2336012289573985,15.431017763258522,0,08_23_32_947_ego_32,0,947,947,965,vehicle_vehicle,0.28762159479930155,2.3135356757438617,1.3964417842047585,11.177352622602548,15.0,3.0,3.5,0.8,3.819672777869853,13.750822000331471
8,32,933,262,117.2699,-51.9834,158.4016,1.8544,4.9742,-3.97,1.6528,0.4591,-0.0802,4.2997,0.0754,-0.4564,0.0945,car,32,117.2699,-51.9834,-3.97,1.6528,4.2997,0.0754,158.4016,4.300307877350178,15.481108358460643,0.0,0.0,0.0,0.0,0.0,0.0,1,08_23_32_947_ego_32,1,947,947,965,vehicle_vehicle,0.28762159479930155,2.3135356757438617,1.3964417842047585,11.177352622602548,15.0,3.0,3.5,0.8,3.819672777869853,13.750822000331471
8,35,933,214,129.5775,-56.7441,161.0862,1.8297,4.3769,-4.0776,1.4723,-1.1991,0.4369,4.3347,0.0711,1.276,0.0246,car,32,117.2699,-51.9834,-3.97,1.6528,4.2997,0.0754,158.4016,4.300307877350178,15.481108358460643,12.30759999999998,-4.7607,-0.10760000000000014,-0.1805000000000001,0.2101380736563464,13.196260161500284,0,08_23_32_947_ego_32,0,947,947,965,vehicle_vehicle,0.28762159479930155,2.3135356757438617,1.3964417842047585,11.177352622602548,15.0,3.0,3.5,0.8,3.819672777869853,13.750822000331471
8,23,934,629,99.7489,-57.4491,55.9522,2.5943,5.7054,2.6045,4.0192,-1.2844,-0.3201,4.7884,-0.0922,-0.9843,-0.885,van,32,117.1114,-51.9182,-3.9519,1.6497,4.2817,0.0777,158.3818,4.282408633000826,15.416671078802974,-17.362499999999997,-5.530900000000003,6.5564,2.3694999999999995,6.971435376592111,18.22216400595714,0,08_23_32_947_ego_32,1,947,947,965,vehicle_vehicle,0.28762159479930155,2.3135356757438617,1.3964417842047585,11.177352622602548,15.0,3.0,3.5,0.8,3.819672777869853,13.750822000331471
8,31,934,297,104.5451,-42.9964,133.1756,3.6298,18.2042,-2.3053,3.1805,0.1075,0.6692,3.8968,0.4951,0.4145,0.5362,truck,32,117.1114,-51.9182,-3.9519,1.6497,4.2817,0.0777,158.3818,4.282408633000826,15.416671078802974,-12.566299999999998,8.921799999999998,1.6466000000000003,1.5308,2.2482526993200747,15.411372778892863,0,08_23_32_947_ego_32,0,947,947,965,vehicle_vehicle,0.28762159479930155,2.3135356757438617,1.3964417842047585,11.177352622602548,15.0,3.0,3.5,0.8,3.819672777869853,13.750822000331471
8,32,934,263,117.1114,-51.9182,158.3818,1.8544,4.9742,-3.9519,1.6497,0.5159,-0.0947,4.2817,0.0777,-0.5145,0.1021,car,32,117.1114,-51.9182,-3.9519,1.6497,4.2817,0.0777,158.3818,4.282408633000826,15.416671078802974,0.0,0.0,0.0,0.0,0.0,0.0,1,08_23_32_947_ego_32,1,947,947,965,vehicle_vehicle,0.28762159479930155,2.3135356757438617,1.3964417842047585,11.177352622602548,15.0,3.0,3.5,0.8,3.819672777869853,13.750822000331471
8,35,934,215,129.4127,-56.6852,161.0974,1.8297,4.3769,-4.1294,1.4894,-1.1322,0.4149,4.3892,0.0713,1.2055,0.0257,car,32,117.1114,-51.9182,-3.9519,1.6497,4.2817,0.0777,158.3818,4.282408633000826,15.416671078802974,12.301299999999998,-4.767000000000003,-0.1775000000000002,-0.1602999999999999,0.23917010682775564,13.192659727666744,0,08_23_32_947_ego_32,0,947,947,965,vehicle_vehicle,0.28762159479930155,2.3135356757438617,1.3964417842047585,11.177352622602548,15.0,3.0,3.5,0.8,3.819672777869853,13.750822000331471
8,23,935,630,99.8517,-57.2885,56.3473,2.5943,5.7054,2.5518,4.0043,-1.2688,-0.3349,4.7473,-0.0949,-0.9818,-0.8706,van,32,116.9533,-51.8532,-3.9312,1.6463,4.2613,0.0805,158.3597,4.261999194040281,15.343197098545012,-17.101600000000005,-5.435299999999998,6.4830000000000005,2.3579999999999997,6.8985109262796716,17.944559304981556,0,08_23_32_947_ego_32,1,947,947,965,vehicle_vehicle,0.28762159479930155,2.3135356757438617,1.3964417842047585,11.177352622602548,15.0,3.0,3.5,0.8,3.819672777869853,13.750822000331471
8,31,935,298,104.4567,-42.8665,132.7912,3.6298,18.2042,-2.2997,3.2093,0.0607,0.6912,3.9174,0.4926,0.466,0.5141,truck,32,116.9533,-51.8532,-3.9312,1.6463,4.2613,0.0805,158.3597,4.261999194040281,15.343197098545012,-12.4966,8.986699999999999,1.6315,1.5629999999999997,2.2593718706755643,15.3923938505354,0,08_23_32_947_ego_32,0,947,947,965,vehicle_vehicle,0.28762159479930155,2.3135356757438617,1.3964417842047585,11.177352622602548,15.0,3.0,3.5,0.8,3.819672777869853,13.750822000331471
8,32,935,264,116.9533,-51.8532,158.3597,1.8544,4.9742,-3.9312,1.6463,0.5728,-0.1094,4.2613,0.0805,-0.5727,0.1095,car,32,116.9533,-51.8532,-3.9312,1.6463,4.2613,0.0805,158.3597,4.261999194040281,15.343197098545012,0.0,0.0,0.0,0.0,0.0,0.0,1,08_23_32_947_ego_32,1,947,947,965,vehicle_vehicle,0.28762159479930155,2.3135356757438617,1.3964417842047585,11.177352622602548,15.0,3.0,3.5,0.8,3.819672777869853,13.750822000331471
8,35,935,216,129.2463,-56.6261,161.0968,1.8297,4.3769,-4.1784,1.506,-1.0615,0.3931,4.4409,0.0711,1.1316,0.028,car,32,116.9533,-51.8532,-3.9312,1.6463,4.2613,0.0805,158.3597,4.261999194040281,15.343197098545012,12.292999999999992,-4.7729,-0.24719999999999986,-0.1403000000000001,0.2842392126361174,13.187055145482626,0,08_23_32_947_ego_32,0,947,947,965,vehicle_vehicle,0.28762159479930155,2.3135356757438617,1.3964417842047585,11.177352622602548,15.0,3.0,3.5,0.8,3.819672777869853,13.750822000331471
8,23,936,631,99.9522,-57.129,56.7458,2.5943,5.7054,2.4999,3.9889,-1.2519,-0.3477,4.7065,-0.0969,-0.9772,-0.8562,van,32,116.7957,-51.7881,-3.908,1.6427,4.2384,0.0838,158.3338,4.239213050791385,15.261166982848986,-16.84349999999999,-5.340899999999998,6.4079,2.3462,6.823916533047572,17.6699944838701,0,08_23_32_947_ego_32,1,947,947,965,vehicle_vehicle,0.28762159479930155,2.3135356757438617,1.3964417842047585,11.177352622602548,15.0,3.0,3.5,0.8,3.819672777869853,13.750822000331471
8,31,936,299,104.3703,-42.7333,132.4072,3.6298,18.2042,-2.2982,3.2373,0.0137,0.7121,3.9403,0.4863,0.5165,0.4904,truck,32,116.7957,-51.7881,-3.908,1.6427,4.2384,0.0838,158.3338,4.239213050791385,15.261166982848986,-12.425399999999996,9.0548,1.6098,1.5945999999999998,2.2658784609947635,15.374653433492409,0,08_23_32_947_ego_32,0,947,947,965,vehicle_vehicle,0.28762159479930155,2.3135356757438617,1.3964417842047585,11.177352622602548,15.0,3.0,3.5,0.8,3.819672777869853,13.750822000331471
8,32,936,265,116.7957,-51.7881,158.3338,1.8544,4.9742,-3.908,1.6427,0.6295,-0.1247,4.2384,0.0838,-0.631,0.1165,car,32,116.7957,-51.7881,-3.908,1.6427,4.2384,0.0838,158.3338,4.239213050791385,15.261166982848986,0.0,0.0,0.0,0.0,0.0,0.0,1,08_23_32_947_ego_32,1,947,947,965,vehicle_vehicle,0.28762159479930155,2.3135356757438617,1.3964417842047585,11.177352622602548,15.0,3.0,3.5,0.8,3.819672777869853,13.750822000331471
8,35,936,217,129.0772,-56.5662,161.0775,1.8297,4.3769,-4.2241,1.5219,-0.9874,0.3712,4.4893,0.0698,1.0544,0.031,car,32,116.7957,-51.7881,-3.908,1.6427,4.2384,0.0838,158.3338,4.239213050791385,15.261166982848986,12.281500000000008,-4.778100000000002,-0.31610000000000005,-0.12080000000000002,0.33839599583919433,13.178219980710605,0,08_23_32_947_ego_32,0,947,947,965,vehicle_vehicle,0.28762159479930155,2.3135356757438617,1.3964417842047585,11.177352622602548,15.0,3.0,3.5,0.8,3.819672777869853,13.750822000331471
8,23,937,632,100.0513,-56.9701,57.1284,2.5943,5.7054,2.4486,3.9733,-1.2338,-0.3586,4.6661,-0.1,-0.9708,-0.8416,van,32,116.6396,-51.7233,-3.8824,1.6387,4.2132,0.0865,158.2931,4.214067803203931,15.170644091534152,-16.588300000000004,-5.2468,6.3309999999999995,2.3346,6.747734298266344,17.39829322462408,0,08_23_32_947_ego_32,1,947,947,965,vehicle_vehicle,0.28762159479930155,2.3135356757438617,1.3964417842047585,11.177352622602548,15.0,3.0,3.5,0.8,3.819672777869853,13.750822000331471
8,31,937,300,104.2861,-42.5972,132.0335,3.6298,18.2042,-2.3017,3.2637,-0.0307,0.7338,3.9653,0.4756,0.5656,0.4685,truck,32,116.6396,-51.7233,-3.8824,1.6387,4.2132,0.0865,158.2931,4.214067803203931,15.170644091534152,-12.353499999999997,9.126100000000001,1.5807000000000002,1.625,2.2669886391422436,15.35886270073406,0,08_23_32_947_ego_32,0,947,947,965,vehicle_vehicle,0.28762159479930155,2.3135356757438617,1.3964417842047585,11.177352622602548,15.0,3.0,3.5,0.8,3.819672777869853,13.750822000331471
8,32,937,266,116.6396,-51.7233,158.2931,1.8544,4.9742,-3.8824,1.6387,0.6858,-0.1409,4.2132,0.0865,-0.6893,0.1228,car,32,116.6396,-51.7233,-3.8824,1.6387,4.2132,0.0865,158.2931,4.214067803203931,15.170644091534152,0.0,0.0,0.0,0.0,0.0,0.0,1,08_23_32_947_ego_32,1,947,947,965,vehicle_vehicle,0.28762159479930155,2.3135356757438617,1.3964417842047585,11.177352622602548,15.0,3.0,3.5,0.8,3.819672777869853,13.750822000331471
8,35,937,218,128.9066,-56.5059,161.0468,1.8297,4.3769,-4.2664,1.5373,-0.9102,0.349,4.5344,0.0682,0.9742,0.0344,car,32,116.6396,-51.7233,-3.8824,1.6387,4.2132,0.0865,158.2931,4.214067803203931,15.170644091534152,12.266999999999996,-4.782599999999995,-0.3839999999999999,-0.10139999999999993,0.39716238492586364,13.166341624004744,0,08_23_32_947_ego_32,0,947,947,965,vehicle_vehicle,0.28762159479930155,2.3135356757438617,1.3964417842047585,11.177352622602548,15.0,3.0,3.5,0.8,3.819672777869853,13.750822000331471
8,23,938,633,100.1477,-56.8113,57.5082,2.5943,5.7054,2.3982,3.9571,-1.2146,-0.3677,4.6259,-0.1029,-0.9626,-0.827,van,32,116.4844,-51.6579,-3.8544,1.6341,4.1855,0.089,158.2426,4.186488047277813,15.071356970200128,-16.336699999999993,-5.153400000000005,6.2526,2.323,6.670182588205514,17.130245136891645,0,08_23_32_947_ego_32,1,947,947,965,vehicle_vehicle,0.28762159479930155,2.3135356757438617,1.3964417842047585,11.177352622602548,15.0,3.0,3.5,0.8,3.819672777869853,13.750822000331471
8,31,938,301,104.1982,-42.4634,131.6623,3.6298,18.2042,-2.3087,3.2899,-0.0703,0.7582,3.9925,0.4622,0.6132,0.4515,truck,32,116.4844,-51.6579,-3.8544,1.6341,4.1855,0.089,158.2426,4.186488047277813,15.071356970200128,-12.286199999999994,9.194499999999998,1.5457,1.6557999999999997,2.265140642432606,15.345668466704206,0,08_23_32_947_ego_32,0,947,947,965,vehicle_vehicle,0.28762159479930155,2.3135356757438617,1.3964417842047585,11.177352622602548,15.0,3.0,3.5,0.8,3.819672777869853,13.750822000331471
8,32,938,267,116.4844,-51.6579,158.2426,1.8544,4.9742,-3.8544,1.6341,0.7417,-0.1581,4.1855,0.089,-0.7474,0.1281,car,32,116.4844,-51.6579,-3.8544,1.6341,4.1855,0.089,158.2426,4.186488047277813,15.071356970200128,0.0,0.0,0.0,0.0,0.0,0.0,1,08_23_32_947_ego_32,1,947,947,965,vehicle_vehicle,0.28762159479930155,2.3135356757438617,1.3964417842047585,11.177352622602548,15.0,3.0,3.5,0.8,3.819672777869853,13.750822000331471
8,35,938,219,128.7336,-56.4447,161.0006,1.8297,4.3769,-4.3051,1.552,-0.8304,0.3261,4.5758,0.0659,0.8913,0.038,car,32,116.4844,-51.6579,-3.8544,1.6341,4.1855,0.089,158.2426,4.186488047277813,15.071356970200128,12.249200000000002,-4.7867999999999995,-0.4507000000000003,-0.08210000000000006,0.45811668819199364,13.151287194795803,0,08_23_32_947_ego_32,0,947,947,965,vehicle_vehicle,0.28762159479930155,2.3135356757438617,1.3964417842047585,11.177352622602548,15.0,3.0,3.5,0.8,3.819672777869853,13.750822000331471
8,23,939,634,100.2418,-56.6528,57.8806,2.5943,5.7054,2.349,3.9403,-1.1946,-0.3749,4.5862,-0.1056,-0.9527,-0.8124,van,32,116.33,-51.5922,-3.8238,1.6286,4.1552,0.0907,158.1801,4.156174250437535,14.962227301575126,-16.0882,-5.060600000000001,6.1728000000000005,2.3117,6.591465446317685,16.865344692593744,0,08_23_32_947_ego_32,1,947,947,965,vehicle_vehicle,0.28762159479930155,2.3135356757438617,1.3964417842047585,11.177352622602548,15.0,3.0,3.5,0.8,3.819672777869853,13.750822000331471
8,31,939,302,104.1005,-42.3385,131.3003,3.6298,18.2042,-2.3151,3.32,-0.1052,0.7843,4.0221,0.452,0.6586,0.4386,truck,32,116.33,-51.5922,-3.8238,1.6286,4.1552,0.0907,158.1801,4.156174250437535,14.962227301575126,-12.229500000000002,9.253699999999995,1.5086999999999997,1.6913999999999998,2.266497220382147,15.335958852970359,0,08_23_32_947_ego_32,0,947,947,965,vehicle_vehicle,0.28762159479930155,2.3135356757438617,1.3964417842047585,11.177352622602548,15.0,3.0,3.5,0.8,3.819672777869853,13.750822000331471
8,32,939,268,116.33,-51.5922,158.1801,1.8544,4.9742,-3.8238,1.6286,0.7967,-0.1762,4.1552,0.0907,-0.8052,0.1326,car,32,116.33,-51.5922,-3.8238,1.6286,4.1552,0.0907,158.1801,4.156174250437535,14.962227301575126,0.0,0.0,0.0,0.0,0.0,0.0,1,08_23_32_947_ego_32,1,947,947,965,vehicle_vehicle,0.28762159479930155,2.3135356757438617,1.3964417842047585,11.177352622602548,15.0,3.0,3.5,0.8,3.819672777869853,13.750822000331471
8,35,939,220,128.5591,-56.3833,160.9374,1.8297,4.3769,-4.3399,1.5662,-0.7487,0.3022,4.6134,0.0629,0.8064,0.0411,car,32,116.33,-51.5922,-3.8238,1.6286,4.1552,0.0907,158.1801,4.156174250437535,14.962227301575126,12.229100000000003,-4.7911,-0.5161000000000002,-0.06240000000000001,0.5198586057766095,13.134135906864984,0,08_23_32_947_ego_32,0,947,947,965,vehicle_vehicle,0.28762159479930155,2.3135356757438617,1.3964417842047585,11.177352622602548,15.0,3.0,3.5,0.8,3.819672777869853,13.750822000331471
8,23,940,635,100.334,-56.4951,58.2786,2.5943,5.7054,2.3008,3.9231,-1.1741,-0.38,4.5468,-0.1056,-0.9405,-0.7989,van,32,116.1762,-51.5265,-3.7904,1.6221,4.1219,0.0921,158.1107,4.122904385260468,14.842455786937686,-15.842199999999991,-4.968600000000002,6.091200000000001,2.3009999999999997,6.511322326532453,16.603080641856792,0,08_23_32_947_ego_32,1,947,947,965,vehicle_vehicle,0.28762159479930155,2.3135356757438617,1.3964417842047585,11.177352622602548,15.0,3.0,3.5,0.8,3.819672777869853,13.750822000331471
8,31,940,303,104.0037,-42.2101,130.9463,3.6298,18.2042,-2.3212,3.3531,-0.1374,0.8096,4.0539,0.4442,0.7015,0.4268,truck,32,116.1762,-51.5265,-3.7904,1.6221,4.1219,0.0921,158.1107,4.122904385260468,14.842455786937686,-12.1725,9.316400000000002,1.4691999999999998,1.7309999999999999,2.270442608832031,15.328570227193403,0,08_23_32_947_ego_32,0,947,947,965,vehicle_vehicle,0.28762159479930155,2.3135356757438617,1.3964417842047585,11.177352622602548,15.0,3.0,3.5,0.8,3.819672777869853,13.750822000331471
8,32,940,269,116.1762,-51.5265,158.1107,1.8544,4.9742,-3.7904,1.6221,0.8506,-0.195,4.1219,0.0921,-0.862,0.1361,car,32,116.1762,-51.5265,-3.7904,1.6221,4.1219,0.0921,158.1107,4.122904385260468,14.842455786937686,0.0,0.0,0.0,0.0,0.0,0.0,1,08_23_32_947_ego_32,1,947,947,965,vehicle_vehicle,0.28762159479930155,2.3135356757438617,1.3964417842047585,11.177352622602548,15.0,3.0,3.5,0.8,3.819672777869853,13.750822000331471
8,35,940,221,128.382,-56.3212,160.869,1.8297,4.3769,-4.3703,1.5798,-0.6661,0.277,4.6466,0.0603,0.7201,0.0434,car,32,116.1762,-51.5265,-3.7904,1.6221,4.1219,0.0921,158.1107,4.122904385260468,14.842455786937686,12.20580000000001,-4.794699999999999,-0.5799000000000003,-0.042300000000000004,0.5814407106489882,13.113760014961393,0,08_23_32_947_ego_32,0,947,947,965,vehicle_vehicle,0.28762159479930155,2.3135356757438617,1.3964417842047585,11.177352622602548,15.0,3.0,3.5,0.8,3.819672777869853,13.750822000331471
8,23,941,636,100.425,-56.3386,58.6951,2.5943,5.7054,2.2536,3.9058,-1.1532,-0.3829,4.5081,-0.1039,-0.9263,-0.7864,van,32,116.024,-51.4617,-3.7543,1.6149,4.0859,0.0926,158.024,4.086890076818803,14.712804276547692,-15.599000000000004,-4.876899999999999,6.0079,2.2909,6.429858880255461,16.34359062782717,0,08_23_32_947_ego_32,1,947,947,965,vehicle_vehicle,0.28762159479930155,2.3135356757438617,1.3964417842047585,11.177352622602548,15.0,3.0,3.5,0.8,3.819672777869853,13.750822000331471
8,31,941,304,103.9083,-42.079,130.595,3.6298,18.2042,-2.3276,3.3887,-0.1681,0.8324,4.0878,0.4376,0.7414,0.414,truck,32,116.024,-51.4617,-3.7543,1.6149,4.0859,0.0926,158.024,4.086890076818803,14.712804276547692,-12.115700000000004,9.3827,1.4267000000000003,1.7738,2.2763653770869037,15.32400880252945,0,08_23_32_947_ego_32,0,947,947,965,vehicle_vehicle,0.28762159479930155,2.3135356757438617,1.3964417842047585,11.177352622602548,15.0,3.0,3.5,0.8,3.819672777869853,13.750822000331471
8,32,941,270,116.024,-51.4617,158.024,1.8544,4.9742,-3.7543,1.6149,0.9027,-0.2144,4.0859,0.0926,-0.9173,0.1389,car,32,116.024,-51.4617,-3.7543,1.6149,4.0859,0.0926,158.024,4.086890076818803,14.712804276547692,0.0,0.0,0.0,0.0,0.0,0.0,1,08_23_32_947_ego_32,1,947,947,965,vehicle_vehicle,0.28762159479930155,2.3135356757438617,1.3964417842047585,11.177352622602548,15.0,3.0,3.5,0.8,3.819672777869853,13.750822000331471
8,35,941,222,128.2042,-56.2583,160.8044,1.8297,4.3769,-4.3963,1.5926,-0.5835,0.2502,4.6755,0.0586,0.6333,0.0444,car,32,116.024,-51.4617,-3.7543,1.6149,4.0859,0.0926,158.024,4.086890076818803,14.712804276547692,12.180199999999985,-4.796599999999998,-0.6419999999999999,-0.022299999999999986,0.6423871807562787,13.090631902242139,0,08_23_32_947_ego_32,0,947,947,965,vehicle_vehicle,0.28762159479930155,2.3135356757438617,1.3964417842047585,11.177352622602548,15.0,3.0,3.5,0.8,3.819672777869853,13.750822000331471
8,23,942,637,100.5139,-56.1825,59.1156,2.5943,5.7054,2.2073,3.8883,-1.1322,-0.3836,4.47,-0.1016,-0.9104,-0.7747,van,32,115.8731,-51.3965,-3.7156,1.6066,4.047,0.0934,157.94,4.048067059721219,14.573041414996387,-15.359199999999987,-4.785999999999994,5.9229,2.2817,6.347196176265548,16.087598349038913,0,08_23_32_947_ego_32,1,947,947,965,vehicle_vehicle,0.28762159479930155,2.3135356757438617,1.3964417842047585,11.177352622602548,15.0,3.0,3.5,0.8,3.819672777869853,13.750822000331471
8,31,942,305,103.8138,-41.9448,130.2515,3.6298,18.2042,-2.3348,3.4261,-0.1981,0.8516,4.1235,0.4317,0.7779,0.399,truck,32,115.8731,-51.3965,-3.7156,1.6066,4.047,0.0934,157.94,4.048067059721219,14.573041414996387,-12.059299999999993,9.451700000000002,1.3807999999999998,1.8195,2.2841166542013567,15.321923814586727,0,08_23_32_947_ego_32,0,947,947,965,vehicle_vehicle,0.28762159479930155,2.3135356757438617,1.3964417842047585,11.177352622602548,15.0,3.0,3.5,0.8,3.819672777869853,13.750822000331471
8,32,942,271,115.8731,-51.3965,157.94,1.8544,4.9742,-3.7156,1.6066,0.9524,-0.2343,4.047,0.0934,-0.9707,0.1406,car,32,115.8731,-51.3965,-3.7156,1.6066,4.047,0.0934,157.94,4.048067059721219,14.573041414996387,0.0,0.0,0.0,0.0,0.0,0.0,1,08_23_32_947_ego_32,1,947,947,965,vehicle_vehicle,0.28762159479930155,2.3135356757438617,1.3964417842047585,11.177352622602548,15.0,3.0,3.5,0.8,3.819672777869853,13.750822000331471
8,35,942,223,128.0252,-56.1931,160.7536,1.8297,4.3769,-4.418,1.6038,-0.502,0.222,4.6998,0.0578,0.5471,0.0441,car,32,115.8731,-51.3965,-3.7156,1.6066,4.047,0.0934,157.94,4.048067059721219,14.573041414996387,12.152100000000019,-4.796599999999998,-0.7024000000000004,-0.0028000000000001357,0.702405580843433,13.064490268280673,0,08_23_32_947_ego_32,0,947,947,965,vehicle_vehicle,0.28762159479930155,2.3135356757438617,1.3964417842047585,11.177352622602548,15.0,3.0,3.5,0.8,3.819672777869853,13.750822000331471
8,23,943,638,100.6005,-56.0269,59.5632,2.5943,5.7054,2.1622,3.8706,-1.1111,-0.3821,4.4325,-0.0966,-0.8923,-0.7644,van,32,115.724,-51.3315,-3.6744,1.5971,4.0054,0.0945,157.8591,4.006487709952447,14.42335575582881,-15.123500000000007,-4.695399999999999,5.8366,2.2735000000000003,6.263760995600007,15.835625450546631,0,08_23_32_947_ego_32,1,947,947,965,vehicle_vehicle,0.28762159479930155,2.3135356757438617,1.3964417842047585,11.177352622602548,15.0,3.0,3.5,0.8,3.819672777869853,13.750822000331471
8,31,943,306,103.7198,-41.8075,129.9086,3.6298,18.2042,-2.343,3.4643,-0.2278,0.8666,4.1606,0.4253,0.8109,0.3813,truck,32,115.724,-51.3315,-3.6744,1.5971,4.0054,0.0945,157.8591,4.006487709952447,14.42335575582881,-12.004199999999997,9.524000000000001,1.3314,1.8672000000000002,2.2932644417947095,15.323426302234104,0,08_23_32_947_ego_32,0,947,947,965,vehicle_vehicle,0.28762159479930155,2.3135356757438617,1.3964417842047585,11.177352622602548,15.0,3.0,3.5,0.8,3.819672777869853,13.750822000331471
8,32,943,272,115.724,-51.3315,157.8591,1.8544,4.9742,-3.6744,1.5971,0.9993,-0.2541,4.0054,0.0945,-1.0214,0.1413,car,32,115.724,-51.3315,-3.6744,1.5971,4.0054,0.0945,157.8591,4.006487709952447,14.42335575582881,0.0,0.0,0.0,0.0,0.0,0.0,1,08_23_32_947_ego_32,1,947,947,965,vehicle_vehicle,0.28762159479930155,2.3135356757438617,1.3964417842047585,11.177352622602548,15.0,3.0,3.5,0.8,3.819672777869853,13.750822000331471
8,35,943,224,127.845,-56.127,160.7,1.8297,4.3769,-4.4352,1.6131,-0.4228,0.1929,4.7191,0.0566,0.4628,0.0423,car,32,115.724,-51.3315,-3.6744,1.5971,4.0054,0.0945,157.8591,4.006487709952447,14.42335575582881,12.120999999999995,-4.795500000000004,-0.7608000000000001,0.016000000000000014,0.7609682253550408,13.035162494192388,0,08_23_32_947_ego_32,0,947,947,965,vehicle_vehicle,0.28762159479930155,2.3135356757438617,1.3964417842047585,11.177352622602548,15.0,3.0,3.5,0.8,3.819672777869853,13.750822000331471
8,23,944,639,100.6865,-55.8728,60.0268,2.5943,5.7054,2.1177,3.8531,-1.0901,-0.3782,4.3958,-0.0905,-0.8722,-0.7553,van,32,115.5774,-51.267,-3.6312,1.5864,3.9614,0.0957,157.7845,3.962610048945013,14.265396176202048,-14.890900000000002,-4.605799999999995,5.748900000000001,2.2667,6.179626210378748,15.586927100939429,0,08_23_32_947_ego_32,1,947,947,965,vehicle_vehicle,0.28762159479930155,2.3135356757438617,1.3964417842047585,11.177352622602548,15.0,3.0,3.5,0.8,3.819672777869853,13.750822000331471
8,31,944,307,103.6267,-41.6677,129.5786,3.6298,18.2042,-2.3527,3.503,-0.257,0.8776,4.199,0.4185,0.8401,0.3611,truck,32,115.5774,-51.267,-3.6312,1.5864,3.9614,0.0957,157.7845,3.962610048945013,14.265396176202048,-11.950699999999998,9.5993,1.2785000000000002,1.9166,2.303891883313972,15.328593900942119,0,08_23_32_947_ego_32,0,947,947,965,vehicle_vehicle,0.28762159479930155,2.3135356757438617,1.3964417842047585,11.177352622602548,15.0,3.0,3.5,0.8,3.819672777869853,13.750822000331471
8,32,944,273,115.5774,-51.267,157.7845,1.8544,4.9742,-3.6312,1.5864,1.043,-0.2737,3.9614,0.0957,-1.0691,0.141,car,32,115.5774,-51.267,-3.6312,1.5864,3.9614,0.0957,157.7845,3.962610048945013,14.265396176202048,0.0,0.0,0.0,0.0,0.0,0.0,1,08_23_32_947_ego_32,1,947,947,965,vehicle_vehicle,0.28762159479930155,2.3135356757438617,1.3964417842047585,11.177352622602548,15.0,3.0,3.5,0.8,3.819672777869853,13.750822000331471
8,35,944,225,127.6654,-56.0612,160.651,1.8297,4.3769,-4.4485,1.6209,-0.3468,0.1636,4.7343,0.0554,0.3814,0.0394,car,32,115.5774,-51.267,-3.6312,1.5864,3.9614,0.0957,157.7845,3.962610048945013,14.265396176202048,12.088000000000008,-4.7941999999999965,-0.8172999999999999,0.034499999999999975,0.8180278357122084,13.00400313903377,0,08_23_32_947_ego_32,0,947,947,965,vehicle_vehicle,0.28762159479930155,2.3135356757438617,1.3964417842047585,11.177352622602548,15.0,3.0,3.5,0.8,3.819672777869853,13.750822000331471
8,23,945,640,100.7709,-55.7193,60.4705,2.5943,5.7054,2.0739,3.8359,-1.0689,-0.3722,4.3598,-0.0861,-0.8507,-0.7466,van,32,115.4334,-51.2031,-3.5864,1.5748,3.9157,0.096,157.6979,3.916919708138016,14.100910949296857,-14.662500000000009,-4.516199999999998,5.660299999999999,2.2611,6.09520871668887,15.342260872830973,0,08_23_32_947_ego_32,1,947,947,965,vehicle_vehicle,0.28762159479930155,2.3135356757438617,1.3964417842047585,11.177352622602548,15.0,3.0,3.5,0.8,3.819672777869853,13.750822000331471
8,31,945,308,103.5345,-41.5251,129.2547,3.6298,18.2042,-2.3645,3.5414,-0.2852,0.8849,4.2384,0.41,0.8657,0.3391,truck,32,115.4334,-51.2031,-3.5864,1.5748,3.9157,0.096,157.6979,3.916919708138016,14.100910949296857,-11.898900000000012,9.677999999999997,1.2218999999999998,1.9666,2.315287275911998,15.337780322132671,0,08_23_32_947_ego_32,0,947,947,965,vehicle_vehicle,0.28762159479930155,2.3135356757438617,1.3964417842047585,11.177352622602548,15.0,3.0,3.5,0.8,3.819672777869853,13.750822000331471
8,32,945,274,115.4334,-51.2031,157.6979,1.8544,4.9742,-3.5864,1.5748,1.0836,-0.2926,3.9157,0.096,-1.1136,0.1405,car,32,115.4334,-51.2031,-3.5864,1.5748,3.9157,0.096,157.6979,3.916919708138016,14.100910949296857,0.0,0.0,0.0,0.0,0.0,0.0,1,08_23_32_947_ego_32,1,947,947,965,vehicle_vehicle,0.28762159479930155,2.3135356757438617,1.3964417842047585,11.177352622602548,15.0,3.0,3.5,0.8,3.819672777869853,13.750822000331471
8,35,945,226,127.4862,-55.9955,160.601,1.8297,4.3769,-4.4584,1.6271,-0.2746,0.1344,4.7457,0.0539,0.3037,0.0355,car,32,115.4334,-51.2031,-3.5864,1.5748,3.9157,0.096,157.6979,3.916919708138016,14.100910949296857,12.05279999999999,-4.792400000000001,-0.8720000000000003,0.05230000000000001,0.8735669922793561,12.970623947983373,0,08_23_32_947_ego_32,0,947,947,965,vehicle_vehicle,0.28762159479930155,2.3135356757438617,1.3964417842047585,11.177352622602548,15.0,3.0,3.5,0.8,3.819672777869853,13.750822000331471
8,23,946,641,100.8536,-55.5662,60.9225,2.5943,5.7054,2.0306,3.8189,-1.0474,-0.3642,4.3245,-0.0813,-0.8273,-0.7384,van,32,115.291,-51.1395,-3.54,1.562,3.8681,0.0951,157.5994,3.8692950262289383,13.929462094424178,-14.437399999999997,-4.426700000000004,5.570600000000001,2.2569,6.010422777974941,15.100801026766757,0,08_23_32_947_ego_32,1,947,947,965,vehicle_vehicle,0.28762159479930155,2.3135356757438617,1.3964417842047585,11.177352622602548,15.0,3.0,3.5,0.8,3.819672777869853,13.750822000331471
8,31,946,309,103.4426,-41.38,128.9449,3.6298,18.2042,-2.3785,3.579,-0.3113,0.8895,4.2786,0.3998,0.8875,0.317,truck,32,115.291,-51.1395,-3.54,1.562,3.8681,0.0951,157.5994,3.8692950262289383,13.929462094424178,-11.848399999999998,9.759499999999996,1.1615000000000002,2.0170000000000003,2.327524704487581,15.350323215163902,0,08_23_32_947_ego_32,0,947,947,965,vehicle_vehicle,0.28762159479930155,2.3135356757438617,1.3964417842047585,11.177352622602548,15.0,3.0,3.5,0.8,3.819672777869853,13.750822000331471
8,32,946,275,115.291,-51.1395,157.5994,1.8544,4.9742,-3.54,1.562,1.121,-0.3107,3.8681,0.0951,-1.1549,0.1399,car,32,115.291,-51.1395,-3.54,1.562,3.8681,0.0951,157.5994,3.8692950262289383,13.929462094424178,0.0,0.0,0.0,0.0,0.0,0.0,1,08_23_32_947_ego_32,1,947,947,965,vehicle_vehicle,0.28762159479930155,2.3135356757438617,1.3964417842047585,11.177352622602548,15.0,3.0,3.5,0.8,3.819672777869853,13.750822000331471
8,35,946,227,127.3067,-55.9293,160.5581,1.8297,4.3769,-4.465,1.6318,-0.2066,0.1057,4.7536,0.0526,0.23,0.0309,car,32,115.291,-51.1395,-3.54,1.562,3.8681,0.0951,157.5994,3.8692950262289383,13.929462094424178,12.01570000000001,-4.7898,-0.9249999999999998,0.06979999999999986,0.9276297968478587,12.935193486376624,0,08_23_32_947_ego_32,0,947,947,965,vehicle_vehicle,0.28762159479930155,2.3135356757438617,1.3964417842047585,11.177352622602548,15.0,3.0,3.5,0.8,3.819672777869853,13.750822000331471
8,23,947,642,100.9343,-55.4138,61.3701,2.5943,5.7054,1.9881,3.8023,-1.0254,-0.3541,4.29,-0.0769,-0.8021,-0.7303,van,32,115.1496,-51.0767,-3.4918,1.5483,3.8185,0.0937,157.4933,3.819672777869853,13.750822000331471,-14.215300000000013,-4.3370999999999995,5.4799,2.2539999999999996,5.925353998707587,14.8622067843238,0,08_23_32_947_ego_32,1,947,947,965,vehicle_vehicle,0.28762159479930155,2.3135356757438617,1.3964417842047585,11.177352622602548,15.0,3.0,3.5,0.8,3.819672777869853,13.750822000331471
8,31,947,310,103.3509,-41.2323,128.6459,3.6298,18.2042,-2.395,3.6152,-0.3342,0.8926,4.3193,0.3872,0.9059,0.2964,truck,32,115.1496,-51.0767,-3.4918,1.5483,3.8185,0.0937,157.4933,3.819672777869853,13.750822000331471,-11.79870000000001,9.8444,1.0968,2.0669000000000004,2.339881588884361,15.366246550475502,0,08_23_32_947_ego_32,0,947,947,965,vehicle_vehicle,0.28762159479930155,2.3135356757438617,1.3964417842047585,11.177352622602548,15.0,3.0,3.5,0.8,3.819672777869853,13.750822000331471
8,32,947,276,115.1496,-51.0767,157.4933,1.8544,4.9742,-3.4918,1.5483,1.1553,-0.3276,3.8185,0.0937,-1.1927,0.1396,car,32,115.1496,-51.0767,-3.4918,1.5483,3.8185,0.0937,157.4933,3.819672777869853,13.750822000331471,0.0,0.0,0.0,0.0,0.0,0.0,1,08_23_32_947_ego_32,1,947,947,965,vehicle_vehicle,0.28762159479930155,2.3135356757438617,1.3964417842047585,11.177352622602548,15.0,3.0,3.5,0.8,3.819672777869853,13.750822000331471
8,35,947,228,127.1272,-55.8617,160.5236,1.8297,4.3769,-4.4686,1.6345,-0.1432,0.0782,4.7579,0.051,0.161,0.026,car,32,115.1496,-51.0767,-3.4918,1.5483,3.8185,0.0937,157.4933,3.819672777869853,13.750822000331471,11.977599999999995,-4.784999999999997,-0.9768000000000003,0.08620000000000005,0.9805960840223669,12.898028018266972,0,08_23_32_947_ego_32,0,947,947,965,vehicle_vehicle,0.28762159479930155,2.3135356757438617,1.3964417842047585,11.177352622602548,15.0,3.0,3.5,0.8,3.819672777869853,13.750822000331471
8,23,948,643,101.013,-55.2624,61.8049,2.5943,5.7054,1.9464,3.7863,-1.0027,-0.3421,4.2567,-0.0734,-0.7752,-0.7221,van,32,115.0111,-51.0149,-3.4424,1.5338,3.7675,0.0919,157.3809,3.7686416916443517,13.567110089919666,-13.998099999999994,-4.247500000000002,5.3888,2.2525000000000004,5.840626823381203,14.628330727051527,0,08_23_32_947_ego_32,1,947,947,965,vehicle_vehicle,0.28762159479930155,2.3135356757438617,1.3964417842047585,11.177352622602548,15.0,3.0,3.5,0.8,3.819672777869853,13.750822000331471
8,31,948,311,103.2601,-41.082,128.3597,3.6298,18.2042,-2.4145,3.6496,-0.3519,0.8961,4.3602,0.3716,0.921,0.2802,truck,32,115.0111,-51.0149,-3.4424,1.5338,3.7675,0.0919,157.3809,3.7686416916443517,13.567110089919666,-11.751000000000005,9.932899999999997,1.0279000000000003,2.1158,2.3522729539745173,15.386633920711835,0,08_23_32_947_ego_32,0,947,947,965,vehicle_vehicle,0.28762159479930155,2.3135356757438617,1.3964417842047585,11.177352622602548,15.0,3.0,3.5,0.8,3.819672777869853,13.750822000331471
8,32,948,277,115.0111,-51.0149,157.3809,1.8544,4.9742,-3.4424,1.5338,1.1864,-0.3432,3.7675,0.0919,-1.2271,0.1394,car,32,115.0111,-51.0149,-3.4424,1.5338,3.7675,0.0919,157.3809,3.7686416916443517,13.567110089919666,0.0,0.0,0.0,0.0,0.0,0.0,1,08_23_32_947_ego_32,1,947,947,965,vehicle_vehicle,0.28762159479930155,2.3135356757438617,1.3964417842047585,11.177352622602548,15.0,3.0,3.5,0.8,3.819672777869853,13.750822000331471
8,35,948,229,126.9484,-55.7955,160.4848,1.8297,4.3769,-4.4697,1.6357,-0.0843,0.0523,4.7593,0.0486,0.097,0.0212,car,32,115.0111,-51.0149,-3.4424,1.5338,3.7675,0.0919,157.3809,3.7686416916443517,13.567110089919666,11.937300000000008,-4.7806,-1.0272999999999994,0.10189999999999988,1.0323414648264395,12.858976150922755,0,08_23_32_947_ego_32,0,947,947,965,vehicle_vehicle,0.28762159479930155,2.3135356757438617,1.3964417842047585,11.177352622602548,15.0,3.0,3.5,0.8,3.819672777869853,13.750822000331471
8,23,949,644,101.0902,-55.1118,62.2317,2.5943,5.7054,1.9057,3.771,-0.9794,-0.3283,4.2246,-0.0707,-0.7468,-0.7137,van,32,114.8749,-50.9544,-3.392,1.519,3.7154,0.0903,157.2684,3.716587816801858,13.37971614048669,-13.7847,-4.157400000000003,5.2977,2.252,5.75648584554848,14.397983499434913,0,08_23_32_947_ego_32,1,947,947,965,vehicle_vehicle,0.28762159479930155,2.3135356757438617,1.3964417842047585,11.177352622602548,15.0,3.0,3.5,0.8,3.819672777869853,13.750822000331471
8,31,949,312,103.1584,-40.9402,128.0856,3.6298,18.2042,-2.4329,3.6861,-0.3644,0.8999,4.402,0.3588,0.933,0.2683,truck,32,114.8749,-50.9544,-3.392,1.519,3.7154,0.0903,157.2684,3.716587816801858,13.37971614048669,-11.716499999999996,10.014200000000002,0.9590999999999998,2.1671000000000005,2.369851307571849,15.413000158632322,0,08_23_32_947_ego_32,0,947,947,965,vehicle_vehicle,0.28762159479930155,2.3135356757438617,1.3964417842047585,11.177352622602548,15.0,3.0,3.5,0.8,3.819672777869853,13.750822000331471
8,32,949,278,114.8749,-50.9544,157.2684,1.8544,4.9742,-3.392,1.519,1.2143,-0.3576,3.7154,0.0903,-1.2582,0.1394,car,32,114.8749,-50.9544,-3.392,1.519,3.7154,0.0903,157.2684,3.716587816801858,13.37971614048669,0.0,0.0,0.0,0.0,0.0,0.0,1,08_23_32_947_ego_32,1,947,947,965,vehicle_vehicle,0.28762159479930155,2.3135356757438617,1.3964417842047585,11.177352622602548,15.0,3.0,3.5,0.8,3.819672777869853,13.750822000331471
8,35,949,230,126.77,-55.73,160.4474,1.8297,4.3769,-4.4686,1.6359,-0.0301,0.0284,4.7584,0.0461,0.0379,0.0167,car,32,114.8749,-50.9544,-3.392,1.519,3.7154,0.0903,157.2684,3.716587816801858,13.37971614048669,11.8951,-4.775599999999997,-1.0766000000000004,0.1169,1.0829280539352562,12.817946768886191,0,08_23_32_947_ego_32,0,947,947,965,vehicle_vehicle,0.28762159479930155,2.3135356757438617,1.3964417842047585,11.177352622602548,15.0,3.0,3.5,0.8,3.819672777869853,13.750822000331471
8,23,950,645,101.1646,-54.9613,62.6451,2.5943,5.7054,1.8662,3.7563,-0.9556,-0.3129,4.1938,-0.0685,-0.717,-0.705,van,32,114.7404,-50.8944,-3.3405,1.5038,3.6623,0.0885,157.1478,3.6633802273310367,13.188168818391732,-13.575800000000001,-4.066900000000004,5.2067,2.2525,5.6730486636375685,14.17187430264607,0,08_23_32_947_ego_32,1,947,947,965,vehicle_vehicle,0.28762159479930155,2.3135356757438617,1.3964417842047585,11.177352622602548,15.0,3.0,3.5,0.8,3.819672777869853,13.750822000331471
8,31,950,313,103.057,-40.7956,127.8203,3.6298,18.2042,-2.4502,3.7242,-0.3734,0.9023,4.4443,0.3481,0.9417,0.2583,truck,32,114.7404,-50.8944,-3.3405,1.5038,3.6623,0.0885,157.1478,3.6633802273310367,13.188168818391732,-11.683399999999992,10.098799999999997,0.8902999999999999,2.2204,2.3922395887536014,15.443043644307936,0,08_23_32_947_ego_32,0,947,947,965,vehicle_vehicle,0.28762159479930155,2.3135356757438617,1.3964417842047585,11.177352622602548,15.0,3.0,3.5,0.8,3.819672777869853,13.750822000331471
8,32,950,279,114.7404,-50.8944,157.1478,1.8544,4.9742,-3.3405,1.5038,1.2393,-0.371,3.6623,0.0885,-1.2861,0.1394,car,32,114.7404,-50.8944,-3.3405,1.5038,3.6623,0.0885,157.1478,3.6633802273310367,13.188168818391732,0.0,0.0,0.0,0.0,0.0,0.0,1,08_23_32_947_ego_32,1,947,947,965,vehicle_vehicle,0.28762159479930155,2.3135356757438617,1.3964417842047585,11.177352622602548,15.0,3.0,3.5,0.8,3.819672777869853,13.750822000331471
8,35,950,231,126.5908,-55.6649,160.4263,1.8297,4.3769,-4.4651,1.6353,0.0196,0.0062,4.755,0.0449,-0.0163,0.0124,car,32,114.7404,-50.8944,-3.3405,1.5038,3.6623,0.0885,157.1478,3.6633802273310367,13.188168818391732,11.850400000000008,-4.7705000000000055,-1.1245999999999996,0.13149999999999995,1.1322620765529503,12.774570458923472,0,08_23_32_947_ego_32,0,947,947,965,vehicle_vehicle,0.28762159479930155,2.3135356757438617,1.3964417842047585,11.177352622602548,15.0,3.0,3.5,0.8,3.819672777869853,13.750822000331471
8,23,951,646,101.2371,-54.8111,63.0336,2.5943,5.7054,1.8283,3.7421,-0.9318,-0.2958,4.1643,-0.0674,-0.6862,-0.6964,van,32,114.6075,-50.8347,-3.2879,1.4881,3.6079,0.0877,157.0411,3.608978805701136,12.99232370052409,-13.370400000000004,-3.9764000000000053,5.1162,2.2540000000000004,5.5907082234722285,13.949170338052372,0,08_23_32_947_ego_32,1,947,947,965,vehicle_vehicle,0.28762159479930155,2.3135356757438617,1.3964417842047585,11.177352622602548,15.0,3.0,3.5,0.8,3.819672777869853,13.750822000331471
8,31,951,314,102.9555,-40.6481,127.5618,3.6298,18.2042,-2.4666,3.7632,-0.3803,0.9022,4.4867,0.3389,0.947,0.2486,truck,32,114.6075,-50.8347,-3.2879,1.4881,3.6079,0.0877,157.0411,3.608978805701136,12.99232370052409,-11.652000000000001,10.186599999999999,0.8212999999999999,2.2751,2.418804188023495,15.476948134564514,0,08_23_32_947_ego_32,0,947,947,965,vehicle_vehicle,0.28762159479930155,2.3135356757438617,1.3964417842047585,11.177352622602548,15.0,3.0,3.5,0.8,3.819672777869853,13.750822000331471
8,32,951,280,114.6075,-50.8347,157.0411,1.8544,4.9742,-3.2879,1.4881,1.2613,-0.3834,3.6079,0.0877,-1.3109,0.1389,car,32,114.6075,-50.8347,-3.2879,1.4881,3.6079,0.0877,157.0411,3.608978805701136,12.99232370052409,0.0,0.0,0.0,0.0,0.0,0.0,1,08_23_32_947_ego_32,1,947,947,965,vehicle_vehicle,0.28762159479930155,2.3135356757438617,1.3964417842047585,11.177352622602548,15.0,3.0,3.5,0.8,3.819672777869853,13.750822000331471
8,35,951,232,126.4122,-55.6001,160.4173,1.8297,4.3769,-4.4597,1.6341,0.0646,-0.0143,4.7495,0.0448,-0.0657,0.0082,car,32,114.6075,-50.8347,-3.2879,1.4881,3.6079,0.0877,157.0411,3.608978805701136,12.99232370052409,11.804699999999997,-4.7654,-1.1717999999999997,0.14600000000000013,1.1808603812475036,12.73027805077328,0,08_23_32_947_ego_32,0,947,947,965,vehicle_vehicle,0.28762159479930155,2.3135356757438617,1.3964417842047585,11.177352622602548,15.0,3.0,3.5,0.8,3.819672777869853,13.750822000331471
8,23,952,647,101.3087,-54.6619,63.4171,2.5943,5.7054,1.7917,3.7287,-0.9085,-0.2772,4.1363,-0.0663,-0.6544,-0.6885,van,32,114.4769,-50.776,-3.2344,1.4721,3.5525,0.0877,156.9433,3.5536490780604657,12.793136681017677,-13.168199999999999,-3.8858999999999995,5.0261,2.2565999999999997,5.509439605803842,13.729592493952614,0,08_23_32_947_ego_32,1,947,947,965,vehicle_vehicle,0.28762159479930155,2.3135356757438617,1.3964417842047585,11.177352622602548,15.0,3.0,3.5,0.8,3.819672777869853,13.750822000331471
8,31,952,315,102.8539,-40.4981,127.3101,3.6298,18.2042,-2.4822,3.8027,-0.3862,0.899,4.5291,0.3307,0.9491,0.2377,truck,32,114.4769,-50.776,-3.2344,1.4721,3.5525,0.0877,156.9433,3.5536490780604657,12.793136681017677,-11.623000000000005,10.277900000000002,0.7521999999999998,2.3306000000000004,2.4489796242517006,15.515455436757252,0,08_23_32_947_ego_32,0,947,947,965,vehicle_vehicle,0.28762159479930155,2.3135356757438617,1.3964417842047585,11.177352622602548,15.0,3.0,3.5,0.8,3.819672777869853,13.750822000331471
8,32,952,281,114.4769,-50.776,156.9433,1.8544,4.9742,-3.2344,1.4721,1.2802,-0.3951,3.5525,0.0877,-1.3327,0.1378,car,32,114.4769,-50.776,-3.2344,1.4721,3.5525,0.0877,156.9433,3.5536490780604657,12.793136681017677,0.0,0.0,0.0,0.0,0.0,0.0,1,08_23_32_947_ego_32,1,947,947,965,vehicle_vehicle,0.28762159479930155,2.3135356757438617,1.3964417842047585,11.177352622602548,15.0,3.0,3.5,0.8,3.819672777869853,13.750822000331471
8,35,952,233,126.2354,-55.5347,160.4078,1.8297,4.3769,-4.4531,1.632,0.1053,-0.0333,4.7425,0.0443,-0.1104,0.0039,car,32,114.4769,-50.776,-3.2344,1.4721,3.5525,0.0877,156.9433,3.5536490780604657,12.793136681017677,11.758499999999998,-4.7586999999999975,-1.2187000000000001,0.15989999999999993,1.2291451094154833,12.684933895767841,0,08_23_32_947_ego_32,0,947,947,965,vehicle_vehicle,0.28762159479930155,2.3135356757438617,1.3964417842047585,11.177352622602548,15.0,3.0,3.5,0.8,3.819672777869853,13.750822000331471
8,23,953,648,101.3788,-54.5135,63.7935,2.5943,5.7054,1.7563,3.7162,-0.886,-0.257,4.1098,-0.0654,-0.6219,-0.6814,van,32,114.3489,-50.7171,-3.1802,1.4555,3.4964,0.0882,156.8534,3.497449397775471,12.590817831991695,-12.970100000000002,-3.7963999999999984,4.9365000000000006,2.2607,5.429530066221202,13.514294172097928,0,08_23_32_947_ego_32,1,947,947,965,vehicle_vehicle,0.28762159479930155,2.3135356757438617,1.3964417842047585,11.177352622602548,15.0,3.0,3.5,0.8,3.819672777869853,13.750822000331471
8,31,953,316,102.7522,-40.3458,127.0638,3.6298,18.2042,-2.4972,3.8423,-0.3922,0.8922,4.5711,0.3231,0.9483,0.2247,truck,32,114.3489,-50.7171,-3.1802,1.4555,3.4964,0.0882,156.8534,3.497449397775471,12.590817831991695,-11.596699999999998,10.371300000000005,0.6830000000000003,2.3868,2.482600096672841,15.557869859977622,0,08_23_32_947_ego_32,0,947,947,965,vehicle_vehicle,0.28762159479930155,2.3135356757438617,1.3964417842047585,11.177352622602548,15.0,3.0,3.5,0.8,3.819672777869853,13.750822000331471
8,32,953,282,114.3489,-50.7171,156.8534,1.8544,4.9742,-3.1802,1.4555,1.2962,-0.4061,3.4964,0.0882,-1.3515,0.1361,car,32,114.3489,-50.7171,-3.1802,1.4555,3.4964,0.0882,156.8534,3.497449397775471,12.590817831991695,0.0,0.0,0.0,0.0,0.0,0.0,1,08_23_32_947_ego_32,1,947,947,965,vehicle_vehicle,0.28762159479930155,2.3135356757438617,1.3964417842047585,11.177352622602548,15.0,3.0,3.5,0.8,3.819672777869853,13.750822000331471
8,35,953,234,126.0597,-55.4694,160.4047,1.8297,4.3769,-4.4458,1.6291,0.1425,-0.0508,4.7347,0.0438,-0.1513,-0.0001,car,32,114.3489,-50.7171,-3.1802,1.4555,3.4964,0.0882,156.8534,3.497449397775471,12.590817831991695,11.710800000000006,-4.752299999999998,-1.2656,0.17359999999999998,1.277450711377938,12.638322354252567,0,08_23_32_947_ego_32,0,947,947,965,vehicle_vehicle,0.28762159479930155,2.3135356757438617,1.3964417842047585,11.177352622602548,15.0,3.0,3.5,0.8,3.819672777869853,13.750822000331471
8,23,954,649,101.4478,-54.3655,64.1802,2.5943,5.7054,1.722,3.7047,-0.8646,-0.2356,4.0849,-0.0635,-0.5886,-0.6756,van,32,114.2231,-50.6591,-3.1256,1.4384,3.4396,0.0885,156.7628,3.4406932324751067,12.386495636910384,-12.775300000000001,-3.706399999999995,4.8476,2.2663,5.351200000934369,13.302093483734055,0,08_23_32_947_ego_32,1,947,947,965,vehicle_vehicle,0.28762159479930155,2.3135356757438617,1.3964417842047585,11.177352622602548,15.0,3.0,3.5,0.8,3.819672777869853,13.750822000331471
8,31,954,317,102.6503,-40.1913,126.8275,3.6298,18.2042,-2.5118,3.8816,-0.399,0.8818,4.6126,0.3161,0.945,0.2092,truck,32,114.2231,-50.6591,-3.1256,1.4384,3.4396,0.0885,156.7628,3.4406932324751067,12.386495636910384,-11.5728,10.467800000000004,0.6137999999999999,2.4432,2.5191222042608414,15.604631898253803,0,08_23_32_947_ego_32,0,947,947,965,vehicle_vehicle,0.28762159479930155,2.3135356757438617,1.3964417842047585,11.177352622602548,15.0,3.0,3.5,0.8,3.819672777869853,13.750822000331471
8,32,954,283,114.2231,-50.6591,156.7628,1.8544,4.9742,-3.1256,1.4384,1.3093,-0.4162,3.4396,0.0885,-1.3673,0.1341,car,32,114.2231,-50.6591,-3.1256,1.4384,3.4396,0.0885,156.7628,3.4406932324751067,12.386495636910384,0.0,0.0,0.0,0.0,0.0,0.0,1,08_23_32_947_ego_32,1,947,947,965,vehicle_vehicle,0.28762159479930155,2.3135356757438617,1.3964417842047585,11.177352622602548,15.0,3.0,3.5,0.8,3.819672777869853,13.750822000331471
8,35,954,235,125.8835,-55.4048,160.4055,1.8297,4.3769,-4.4376,1.6258,0.1769,-0.0669,4.7259,0.0434,-0.1891,-0.0037,car,32,114.2231,-50.6591,-3.1256,1.4384,3.4396,0.0885,156.7628,3.4406932324751067,12.386495636910384,11.660399999999996,-4.745699999999999,-1.3119999999999998,0.1874,1.325316098144137,12.58914598572913,0,08_23_32_947_ego_32,0,947,947,965,vehicle_vehicle,0.28762159479930155,2.3135356757438617,1.3964417842047585,11.177352622602548,15.0,3.0,3.5,0.8,3.819672777869853,13.750822000331471
8,23,955,650,101.5155,-54.2179,64.5618,2.5943,5.7054,1.6888,3.6943,-0.8444,-0.2131,4.0615,-0.0618,-0.5551,-0.671,van,32,114.099,-50.6014,-3.0704,1.4207,3.382,0.0883,156.6649,3.3831560191631715,12.179361668987418,-12.5835,-3.616500000000002,4.7592,2.2736,5.274394903683265,13.092881443746448,0,08_23_32_947_ego_32,1,947,947,965,vehicle_vehicle,0.28762159479930155,2.3135356757438617,1.3964417842047585,11.177352622602548,15.0,3.0,3.5,0.8,3.819672777869853,13.750822000331471
8,31,955,318,102.5477,-40.0348,126.6044,3.6298,18.2042,-2.5259,3.9203,-0.4073,0.8678,4.6532,0.3099,0.9395,0.1906,truck,32,114.099,-50.6014,-3.0704,1.4207,3.382,0.0883,156.6649,3.3831560191631715,12.179361668987418,-11.551299999999998,10.566600000000001,0.5444999999999998,2.4996,2.5582182100047683,15.655208949419997,0,08_23_32_947_ego_32,0,947,947,965,vehicle_vehicle,0.28762159479930155,2.3135356757438617,1.3964417842047585,11.177352622602548,15.0,3.0,3.5,0.8,3.819672777869853,13.750822000331471
8,32,955,284,114.099,-50.6014,156.6649,1.8544,4.9742,-3.0704,1.4207,1.3196,-0.4254,3.382,0.0883,-1.3802,0.1321,car,32,114.099,-50.6014,-3.0704,1.4207,3.382,0.0883,156.6649,3.3831560191631715,12.179361668987418,0.0,0.0,0.0,0.0,0.0,0.0,1,08_23_32_947_ego_32,1,947,947,965,vehicle_vehicle,0.28762159479930155,2.3135356757438617,1.3964417842047585,11.177352622602548,15.0,3.0,3.5,0.8,3.819672777869853,13.750822000331471
8,35,955,236,125.7073,-55.3397,160.4038,1.8297,4.3769,-4.4286,1.6217,0.209,-0.0816,4.716,0.0425,-0.2243,-0.0068,car,32,114.099,-50.6014,-3.0704,1.4207,3.382,0.0883,156.6649,3.3831560191631715,12.179361668987418,11.6083,-4.738300000000002,-1.3582000000000005,0.20099999999999985,1.3729924398917865,12.538106546843506,0,08_23_32_947_ego_32,0,947,947,965,vehicle_vehicle,0.28762159479930155,2.3135356757438617,1.3964417842047585,11.177352622602548,15.0,3.0,3.5,0.8,3.819672777869853,13.750822000331471
8,23,956,651,101.5817,-54.071,64.933,2.5943,5.7054,1.6567,3.685,-0.8257,-0.1897,4.0398,-0.0606,-0.5216,-0.6675,van,32,113.9778,-50.5448,-3.015,1.4026,3.3242,0.0876,156.5617,3.3252837112042033,11.971021360335133,-12.396100000000004,-3.526199999999996,4.6717,2.2824,5.199435608794478,12.88787731358427,0,08_23_32_947_ego_32,1,947,947,965,vehicle_vehicle,0.28762159479930155,2.3135356757438617,1.3964417842047585,11.177352622602548,15.0,3.0,3.5,0.8,3.819672777869853,13.750822000331471
8,31,956,319,102.4452,-39.8765,126.3938,3.6298,18.2042,-2.5399,3.9581,-0.4176,0.8507,4.6931,0.304,0.9325,0.1686,truck,32,113.9778,-50.5448,-3.015,1.4026,3.3242,0.0876,156.5617,3.3252837112042033,11.971021360335133,-11.532600000000002,10.668300000000002,0.4751000000000003,2.5555,2.5992884141626145,15.710298776598748,0,08_23_32_947_ego_32,0,947,947,965,vehicle_vehicle,0.28762159479930155,2.3135356757438617,1.3964417842047585,11.177352622602548,15.0,3.0,3.5,0.8,3.819672777869853,13.750822000331471
8,32,956,285,113.9778,-50.5448,156.5617,1.8544,4.9742,-3.015,1.4026,1.3273,-0.4335,3.3242,0.0876,-1.3902,0.1302,car,32,113.9778,-50.5448,-3.015,1.4026,3.3242,0.0876,156.5617,3.3252837112042033,11.971021360335133,0.0,0.0,0.0,0.0,0.0,0.0,1,08_23_32_947_ego_32,1,947,947,965,vehicle_vehicle,0.28762159479930155,2.3135356757438617,1.3964417842047585,11.177352622602548,15.0,3.0,3.5,0.8,3.819672777869853,13.750822000331471
8,35,956,237,125.5322,-55.275,160.4056,1.8297,4.3769,-4.4189,1.6171,0.2395,-0.0949,4.7054,0.0415,-0.2575,-0.0091,car,32,113.9778,-50.5448,-3.015,1.4026,3.3242,0.0876,156.5617,3.3252837112042033,11.971021360335133,11.554400000000001,-4.730199999999996,-1.4038999999999997,0.2144999999999999,1.420192050393185,12.485149234190194,0,08_23_32_947_ego_32,0,947,947,965,vehicle_vehicle,0.28762159479930155,2.3135356757438617,1.3964417842047585,11.177352622602548,15.0,3.0,3.5,0.8,3.819672777869853,13.750822000331471
8,23,957,652,101.6467,-53.9243,65.3076,2.5943,5.7054,1.6255,3.6769,-0.8087,-0.1656,4.0197,-0.0592,-0.4883,-0.6656,van,32,113.8585,-50.4894,-2.9594,1.3843,3.266,0.0879,156.4738,3.26716005882785,11.76177621178026,-12.21180000000001,-3.434899999999999,4.5849,2.2925999999999997,5.126141118814425,12.685684737135801,0,08_23_32_947_ego_32,1,947,947,965,vehicle_vehicle,0.28762159479930155,2.3135356757438617,1.3964417842047585,11.177352622602548,15.0,3.0,3.5,0.8,3.819672777869853,13.750822000331471
8,31,957,320,102.3429,-39.7169,126.1907,3.6298,18.2042,-2.5541,3.9949,-0.4303,0.8306,4.7323,0.2976,0.9244,0.1432,truck,32,113.8585,-50.4894,-2.9594,1.3843,3.266,0.0879,156.4738,3.26716005882785,11.76177621178026,-11.515600000000006,10.7725,0.4053,2.6106,2.6418744198012134,15.76882365967735,0,08_23_32_947_ego_32,0,947,947,965,vehicle_vehicle,0.28762159479930155,2.3135356757438617,1.3964417842047585,11.177352622602548,15.0,3.0,3.5,0.8,3.819672777869853,13.750822000331471
8,32,957,286,113.8585,-50.4894,156.4738,1.8544,4.9742,-2.9594,1.3843,1.3323,-0.4407,3.266,0.0879,-1.3975,0.1278,car,32,113.8585,-50.4894,-2.9594,1.3843,3.266,0.0879,156.4738,3.26716005882785,11.76177621178026,0.0,0.0,0.0,0.0,0.0,0.0,1,08_23_32_947_ego_32,1,947,947,965,vehicle_vehicle,0.28762159479930155,2.3135356757438617,1.3964417842047585,11.177352622602548,15.0,3.0,3.5,0.8,3.819672777869853,13.750822000331471
8,35,957,238,125.3569,-55.2111,160.4031,1.8297,4.3769,-4.4086,1.6122,0.269,-0.1071,4.694,0.0402,-0.2893,-0.0106,car,32,113.8585,-50.4894,-2.9594,1.3843,3.266,0.0879,156.4738,3.26716005882785,11.76177621178026,11.49839999999999,-4.7216999999999985,-1.4491999999999998,0.2279,1.4670102419547042,12.430110757752713,0,08_23_32_947_ego_32,0,947,947,965,vehicle_vehicle,0.28762159479930155,2.3135356757438617,1.3964417842047585,11.177352622602548,15.0,3.0,3.5,0.8,3.819672777869853,13.750822000331471
8,23,958,653,101.7109,-53.7781,65.7072,2.5943,5.7054,1.5951,3.6701,-0.7937,-0.1412,4.0013,-0.056,-0.4552,-0.6653,van,32,113.7408,-50.4343,-2.9035,1.3657,3.2074,0.088,156.38,3.208652168746248,11.551147807486492,-12.029899999999998,-3.3438000000000017,4.4986,2.3044000000000002,5.054469440010494,12.485971826413833,0,08_23_32_947_ego_32,1,947,947,965,vehicle_vehicle,0.28762159479930155,2.3135356757438617,1.3964417842047585,11.177352622602548,15.0,3.0,3.5,0.8,3.819672777869853,13.750822000331471
8,31,958,321,102.241,-39.5553,125.9947,3.6298,18.2042,-2.5691,4.0306,-0.4453,0.8079,4.7709,0.2902,0.9153,0.1145,truck,32,113.7408,-50.4343,-2.9035,1.3657,3.2074,0.088,156.38,3.208652168746248,11.551147807486492,-11.499799999999993,10.878999999999998,0.33440000000000003,2.6649,2.685798832749765,15.830288722572302,0,08_23_32_947_ego_32,0,947,947,965,vehicle_vehicle,0.28762159479930155,2.3135356757438617,1.3964417842047585,11.177352622602548,15.0,3.0,3.5,0.8,3.819672777869853,13.750822000331471
8,32,958,287,113.7408,-50.4343,156.38,1.8544,4.9742,-2.9035,1.3657,1.3348,-0.4468,3.2074,0.088,-1.402,0.1254,car,32,113.7408,-50.4343,-2.9035,1.3657,3.2074,0.088,156.38,3.208652168746248,11.551147807486492,0.0,0.0,0.0,0.0,0.0,0.0,1,08_23_32_947_ego_32,1,947,947,965,vehicle_vehicle,0.28762159479930155,2.3135356757438617,1.3964417842047585,11.177352622602548,15.0,3.0,3.5,0.8,3.819672777869853,13.750822000331471
8,35,958,239,125.1812,-55.1469,160.4022,1.8297,4.3769,-4.3972,1.607,0.2978,-0.1182,4.6815,0.039,-0.3202,-0.0114,car,32,113.7408,-50.4343,-2.9035,1.3657,3.2074,0.088,156.38,3.208652168746248,11.551147807486492,11.440400000000011,-4.712600000000002,-1.4936999999999996,0.24130000000000007,1.5130648961627517,12.373008967910767,0,08_23_32_947_ego_32,0,947,947,965,vehicle_vehicle,0.28762159479930155,2.3135356757438617,1.3964417842047585,11.177352622602548,15.0,3.0,3.5,0.8,3.819672777869853,13.750822000331471
8,23,959,654,101.7741,-53.6322,66.1105,2.5943,5.7054,1.5652,3.6645,-0.7806,-0.1167,3.9844,-0.0529,-0.4228,-0.6664,van,32,113.6253,-50.3798,-2.8473,1.3468,3.1485,0.0881,156.2897,3.1497599162475862,11.33913569849131,-11.851199999999992,-3.2523999999999944,4.4125,2.3177,4.984163875716768,12.289387584416067,0,08_23_32_947_ego_32,1,947,947,965,vehicle_vehicle,0.28762159479930155,2.3135356757438617,1.3964417842047585,11.177352622602548,15.0,3.0,3.5,0.8,3.819672777869853,13.750822000331471
8,31,959,322,102.139,-39.3925,125.8075,3.6298,18.2042,-2.5852,4.0649,-0.4623,0.7829,4.8091,0.2817,0.9054,0.0831,truck,32,113.6253,-50.3798,-2.8473,1.3468,3.1485,0.0881,156.2897,3.1497599162475862,11.33913569849131,-11.4863,10.987300000000005,0.2621000000000002,2.7180999999999997,2.7307076042667036,15.895151744478568,0,08_23_32_947_ego_32,0,947,947,965,vehicle_vehicle,0.28762159479930155,2.3135356757438617,1.3964417842047585,11.177352622602548,15.0,3.0,3.5,0.8,3.819672777869853,13.750822000331471
8,32,959,288,113.6253,-50.3798,156.2897,1.8544,4.9742,-2.8473,1.3468,1.3346,-0.452,3.1485,0.0881,-1.4037,0.1228,car,32,113.6253,-50.3798,-2.8473,1.3468,3.1485,0.0881,156.2897,3.1497599162475862,11.33913569849131,0.0,0.0,0.0,0.0,0.0,0.0,1,08_23_32_947_ego_32,1,947,947,965,vehicle_vehicle,0.28762159479930155,2.3135356757438617,1.3964417842047585,11.177352622602548,15.0,3.0,3.5,0.8,3.819672777869853,13.750822000331471
8,35,959,240,125.0058,-55.0833,160.391,1.8297,4.3769,-4.3849,1.6015,0.3261,-0.1285,4.668,0.0371,-0.3503,-0.0116,car,32,113.6253,-50.3798,-2.8473,1.3468,3.1485,0.0881,156.2897,3.1497599162475862,11.33913569849131,11.380499999999998,-4.703499999999998,-1.5375999999999999,0.2546999999999999,1.55855248548132,12.314166333942381,0,08_23_32_947_ego_32,0,947,947,965,vehicle_vehicle,0.28762159479930155,2.3135356757438617,1.3964417842047585,11.177352622602548,15.0,3.0,3.5,0.8,3.819672777869853,13.750822000331471
8,23,960,655,101.8364,-53.4865,66.5204,2.5943,5.7054,1.5358,3.6602,-0.7693,-0.0924,3.969,-0.0497,-0.3913,-0.6688,van,32,113.512,-50.3258,-2.7909,1.3274,3.0892,0.0883,156.2012,3.090487594215515,11.125755339175853,-11.675600000000003,-3.1606999999999985,4.326700000000001,2.3328,4.915515103221636,12.095853002165661,0,08_23_32_947_ego_32,1,947,947,965,vehicle_vehicle,0.28762159479930155,2.3135356757438617,1.3964417842047585,11.177352622602548,15.0,3.0,3.5,0.8,3.819672777869853,13.750822000331471
8,31,960,323,102.0365,-39.2284,125.6351,3.6298,18.2042,-2.6024,4.0979,-0.4809,0.7562,4.8467,0.2724,0.8947,0.0497,truck,32,113.512,-50.3258,-2.7909,1.3274,3.0892,0.0883,156.2012,3.090487594215515,11.125755339175853,-11.475499999999997,11.0974,0.18850000000000033,2.7705,2.7769052018389107,15.963689642748632,0,08_23_32_947_ego_32,0,947,947,965,vehicle_vehicle,0.28762159479930155,2.3135356757438617,1.3964417842047585,11.177352622602548,15.0,3.0,3.5,0.8,3.819672777869853,13.750822000331471
8,32,960,289,113.512,-50.3258,156.2012,1.8544,4.9742,-2.7909,1.3274,1.3314,-0.456,3.0892,0.0883,-1.4022,0.1201,car,32,113.512,-50.3258,-2.7909,1.3274,3.0892,0.0883,156.2012,3.090487594215515,11.125755339175853,0.0,0.0,0.0,0.0,0.0,0.0,1,08_23_32_947_ego_32,1,947,947,965,vehicle_vehicle,0.28762159479930155,2.3135356757438617,1.3964417842047585,11.177352622602548,15.0,3.0,3.5,0.8,3.819672777869853,13.750822000331471
8,35,960,241,124.8308,-55.0193,160.3721,1.8297,4.3769,-4.3714,1.5956,0.3539,-0.138,4.6534,0.0345,-0.3797,-0.0111,car,32,113.512,-50.3258,-2.7909,1.3274,3.0892,0.0883,156.2012,3.090487594215515,11.125755339175853,11.318799999999996,-4.6935,-1.5805000000000002,0.2682,1.6030943484399167,12.253333248141091,0,08_23_32_947_ego_32,0,947,947,965,vehicle_vehicle,0.28762159479930155,2.3135356757438617,1.3964417842047585,11.177352622602548,15.0,3.0,3.5,0.8,3.819672777869853,13.750822000331471
8,23,961,656,101.8979,-53.3408,66.9363,2.5943,5.7054,1.5066,3.6571,-0.7597,-0.0687,3.955,-0.0465,-0.3608,-0.6721,van,32,113.4004,-50.2722,-2.7342,1.3076,3.0295,0.0886,156.1168,3.0307865975683606,10.910831751246098,-11.502499999999998,-3.0686000000000035,4.2408,2.3495,4.848147573042718,11.904781065185531,0,08_23_32_947_ego_32,1,947,947,965,vehicle_vehicle,0.28762159479930155,2.3135356757438617,1.3964417842047585,11.177352622602548,15.0,3.0,3.5,0.8,3.819672777869853,13.750822000331471
8,31,961,324,101.9329,-39.0634,125.4807,3.6298,18.2042,-2.6208,4.1296,-0.5005,0.7278,4.8839,0.2628,0.8832,0.0149,truck,32,113.4004,-50.2722,-2.7342,1.3076,3.0295,0.0886,156.1168,3.0307865975683606,10.910831751246098,-11.467500000000001,11.208799999999997,0.11339999999999995,2.822,2.824277528855831,16.03560892794533,0,08_23_32_947_ego_32,0,947,947,965,vehicle_vehicle,0.28762159479930155,2.3135356757438617,1.3964417842047585,11.177352622602548,15.0,3.0,3.5,0.8,3.819672777869853,13.750822000331471
8,32,961,290,113.4004,-50.2722,156.1168,1.8544,4.9742,-2.7342,1.3076,1.3251,-0.4585,3.0295,0.0886,-1.3972,0.1172,car,32,113.4004,-50.2722,-2.7342,1.3076,3.0295,0.0886,156.1168,3.0307865975683606,10.910831751246098,0.0,0.0,0.0,0.0,0.0,0.0,1,08_23_32_947_ego_32,1,947,947,965,vehicle_vehicle,0.28762159479930155,2.3135356757438617,1.3964417842047585,11.177352622602548,15.0,3.0,3.5,0.8,3.819672777869853,13.750822000331471
8,35,961,242,124.6565,-54.9561,160.3562,1.8297,4.3769,-4.3569,1.5896,0.3814,-0.1469,4.6377,0.0324,-0.4086,-0.0101,car,32,113.4004,-50.2722,-2.7342,1.3076,3.0295,0.0886,156.1168,3.0307865975683606,10.910831751246098,11.25609999999999,-4.683900000000001,-1.6227000000000005,0.2819999999999998,1.647021338659582,12.191747471958225,0,08_23_32_947_ego_32,0,947,947,965,vehicle_vehicle,0.28762159479930155,2.3135356757438617,1.3964417842047585,11.177352622602548,15.0,3.0,3.5,0.8,3.819672777869853,13.750822000331471
8,23,962,657,101.9571,-53.1946,67.3418,2.5943,5.7054,1.4779,3.655,-0.7518,-0.0455,3.9423,-0.0442,-0.3316,-0.6762,van,32,113.2903,-50.2194,-2.6771,1.2873,2.9692,0.0894,156.0438,2.9705227991045615,10.693882076776422,-11.333200000000005,-2.975200000000001,4.154999999999999,2.3676999999999997,4.782261838293675,11.717219690694552,0,08_23_32_947_ego_32,1,947,947,965,vehicle_vehicle,0.28762159479930155,2.3135356757438617,1.3964417842047585,11.177352622602548,15.0,3.0,3.5,0.8,3.819672777869853,13.750822000331471
8,31,962,325,101.8286,-38.8976,125.3396,3.6298,18.2042,-2.6403,4.1602,-0.5208,0.698,4.9208,0.2526,0.8706,-0.0211,truck,32,113.2903,-50.2194,-2.6771,1.2873,2.9692,0.0894,156.0438,2.9705227991045615,10.693882076776422,-11.461700000000008,11.321800000000003,0.036799999999999944,2.8728999999999996,2.873135682490473,16.11067106392531,0,08_23_32_947_ego_32,0,947,947,965,vehicle_vehicle,0.28762159479930155,2.3135356757438617,1.3964417842047585,11.177352622602548,15.0,3.0,3.5,0.8,3.819672777869853,13.750822000331471
8,32,962,291,113.2903,-50.2194,156.0438,1.8544,4.9742,-2.6771,1.2873,1.3149,-0.4593,2.9692,0.0894,-1.3881,0.1142,car,32,113.2903,-50.2194,-2.6771,1.2873,2.9692,0.0894,156.0438,2.9705227991045615,10.693882076776422,0.0,0.0,0.0,0.0,0.0,0.0,1,08_23_32_947_ego_32,1,947,947,965,vehicle_vehicle,0.28762159479930155,2.3135356757438617,1.3964417842047585,11.177352622602548,15.0,3.0,3.5,0.8,3.819672777869853,13.750822000331471
8,35,962,243,124.4822,-54.8925,160.3353,1.8297,4.3769,-4.3412,1.5831,0.4085,-0.1552,4.6207,0.0299,-0.4369,-0.0087,car,32,113.2903,-50.2194,-2.6771,1.2873,2.9692,0.0894,156.0438,2.9705227991045615,10.693882076776422,11.191900000000004,-4.673099999999998,-1.6641,0.29579999999999984,1.690185330074782,12.128334148596009,0,08_23_32_947_ego_32,0,947,947,965,vehicle_vehicle,0.28762159479930155,2.3135356757438617,1.3964417842047585,11.177352622602548,15.0,3.0,3.5,0.8,3.819672777869853,13.750822000331471
8,23,963,658,102.0154,-53.0482,67.7413,2.5943,5.7054,1.4496,3.6538,-0.7456,-0.023,3.9306,-0.0424,-0.3037,-0.6813,van,32,113.1834,-50.1677,-2.62,1.2667,2.9088,0.0904,155.9783,2.910142417477193,10.476512702917894,-11.168000000000006,-2.880499999999998,4.0696,2.3871,4.71803884786889,11.533494884465858,0,08_23_32_947_ego_32,1,947,947,965,vehicle_vehicle,0.28762159479930155,2.3135356757438617,1.3964417842047585,11.177352622602548,15.0,3.0,3.5,0.8,3.819672777869853,13.750822000331471
8,31,963,326,101.7238,-38.7313,125.2163,3.6298,18.2042,-2.6611,4.1898,-0.5413,0.6666,4.9576,0.2421,0.8568,-0.0579,truck,32,113.1834,-50.1677,-2.62,1.2667,2.9088,0.0904,155.9783,2.910142417477193,10.476512702917894,-11.459600000000009,11.436400000000006,-0.04109999999999969,2.9231,2.923388927255489,16.189925173391025,0,08_23_32_947_ego_32,0,947,947,965,vehicle_vehicle,0.28762159479930155,2.3135356757438617,1.3964417842047585,11.177352622602548,15.0,3.0,3.5,0.8,3.819672777869853,13.750822000331471
8,32,963,292,113.1834,-50.1677,155.9783,1.8544,4.9742,-2.62,1.2667,1.3005,-0.458,2.9088,0.0904,-1.3743,0.1111,car,32,113.1834,-50.1677,-2.62,1.2667,2.9088,0.0904,155.9783,2.910142417477193,10.476512702917894,0.0,0.0,0.0,0.0,0.0,0.0,1,08_23_32_947_ego_32,1,947,947,965,vehicle_vehicle,0.28762159479930155,2.3135356757438617,1.3964417842047585,11.177352622602548,15.0,3.0,3.5,0.8,3.819672777869853,13.750822000331471
8,35,963,244,124.3091,-54.8291,160.3223,1.8297,4.3769,-4.3245,1.5762,0.4351,-0.1629,4.6027,0.028,-0.4646,-0.0069,car,32,113.1834,-50.1677,-2.62,1.2667,2.9088,0.0904,155.9783,2.910142417477193,10.476512702917894,11.125699999999995,-4.661399999999993,-1.7044999999999995,0.3095000000000001,1.7323713516449057,12.062746389193459,0,08_23_32_947_ego_32,0,947,947,965,vehicle_vehicle,0.28762159479930155,2.3135356757438617,1.3964417842047585,11.177352622602548,15.0,3.0,3.5,0.8,3.819672777869853,13.750822000331471
8,23,964,659,102.0736,-52.9023,68.1472,2.5943,5.7054,1.4213,3.6535,-0.741,-0.0011,3.9201,-0.0408,-0.2769,-0.6873,van,32,113.0801,-50.1176,-2.5637,1.2463,2.8491,0.0906,155.8957,2.850582638689852,10.262097499283467,-11.006500000000003,-2.7846999999999937,3.985,2.4072000000000005,4.655624215934959,11.353307726825696,0,08_23_32_947_ego_32,1,947,947,965,vehicle_vehicle,0.28762159479930155,2.3135356757438617,1.3964417842047585,11.177352622602548,15.0,3.0,3.5,0.8,3.819672777869853,13.750822000331471
8,31,964,327,101.6181,-38.5644,125.1122,3.6298,18.2042,-2.6832,4.2187,-0.5616,0.6332,4.9943,0.2316,0.841,-0.0952,truck,32,113.0801,-50.1176,-2.5637,1.2463,2.8491,0.0906,155.8957,2.850582638689852,10.262097499283467,-11.462000000000003,11.553200000000004,-0.11949999999999994,2.9724000000000004,2.974801171507098,16.274331760167613,0,08_23_32_947_ego_32,0,947,947,965,vehicle_vehicle,0.28762159479930155,2.3135356757438617,1.3964417842047585,11.177352622602548,15.0,3.0,3.5,0.8,3.819672777869853,13.750822000331471
8,32,964,293,113.0801,-50.1176,155.8957,1.8544,4.9742,-2.5637,1.2463,1.2817,-0.4545,2.8491,0.0906,-1.3555,0.1085,car,32,113.0801,-50.1176,-2.5637,1.2463,2.8491,0.0906,155.8957,2.850582638689852,10.262097499283467,0.0,0.0,0.0,0.0,0.0,0.0,1,08_23_32_947_ego_32,1,947,947,965,vehicle_vehicle,0.28762159479930155,2.3135356757438617,1.3964417842047585,11.177352622602548,15.0,3.0,3.5,0.8,3.819672777869853,13.750822000331471
8,35,964,245,124.137,-54.767,160.3186,1.8297,4.3769,-4.3069,1.5693,0.4615,-0.17,4.5838,0.0271,-0.4918,-0.0047,car,32,113.0801,-50.1176,-2.5637,1.2463,2.8491,0.0906,155.8957,2.850582638689852,10.262097499283467,11.056899999999999,-4.6494,-1.7431999999999999,0.32299999999999995,1.7728720314788655,11.994663728925458,0,08_23_32_947_ego_32,0,947,947,965,vehicle_vehicle,0.28762159479930155,2.3135356757438617,1.3964417842047585,11.177352622602548,15.0,3.0,3.5,0.8,3.819672777869853,13.750822000331471
8,23,965,660,102.1305,-52.7562,68.5366,2.5943,5.7054,1.3929,3.6542,-0.7378,0.0201,3.9104,-0.0408,-0.2513,-0.694,van,32,112.9799,-50.0685,-2.5086,1.2262,2.7908,0.0904,155.8076,2.792246479091701,10.052087324730124,-10.849400000000003,-2.6876999999999995,3.9015,2.428,4.59531133330485,11.177352622602548,0,08_23_32_947_ego_32,1,947,947,965,vehicle_vehicle,0.28762159479930155,2.3135356757438617,1.3964417842047585,11.177352622602548,15.0,3.0,3.5,0.8,3.819672777869853,13.750822000331471
8,31,965,328,101.5117,-38.3967,125.0264,3.6298,18.2042,-2.7067,4.2468,-0.5812,0.5973,5.0312,0.221,0.8227,-0.1331,truck,32,112.9799,-50.0685,-2.5086,1.2262,2.7908,0.0904,155.8076,2.792246479091701,10.052087324730124,-11.468199999999996,11.671799999999998,-0.19810000000000016,3.0206000000000004,3.0270890257803784,16.363084259393148,0,08_23_32_947_ego_32,0,947,947,965,vehicle_vehicle,0.28762159479930155,2.3135356757438617,1.3964417842047585,11.177352622602548,15.0,3.0,3.5,0.8,3.819672777869853,13.750822000331471
8,32,965,294,112.9799,-50.0685,155.8076,1.8544,4.9742,-2.5086,1.2262,1.2588,-0.4491,2.7908,0.0904,-1.3323,0.1062,car,32,112.9799,-50.0685,-2.5086,1.2262,2.7908,0.0904,155.8076,2.792246479091701,10.052087324730124,0.0,0.0,0.0,0.0,0.0,0.0,1,08_23_32_947_ego_32,1,947,947,965,vehicle_vehicle,0.28762159479930155,2.3135356757438617,1.3964417842047585,11.177352622602548,15.0,3.0,3.5,0.8,3.819672777869853,13.750822000331471
8,35,965,246,123.966,-54.7056,160.314,1.8297,4.3769,-4.2887,1.5627,0.4879,-0.1771,4.5644,0.0266,-0.5191,-0.0024,car,32,112.9799,-50.0685,-2.5086,1.2262,2.7908,0.0904,155.8076,2.792246479091701,10.052087324730124,10.986099999999993,-4.637099999999997,-1.7801000000000005,0.3365,1.81162586093266,11.92464211706162,0,08_23_32_947_ego_32,0,947,947,965,vehicle_vehicle,0.28762159479930155,2.3135356757438617,1.3964417842047585,11.177352622602548,15.0,3.0,3.5,0.8,3.819672777869853,13.750822000331471
8,23,966,661,102.1857,-52.6096,68.9164,2.5943,5.7054,1.3646,3.6555,-0.7358,0.0407,3.9017,-0.0418,-0.2267,-0.7012,van,32,112.8813,-50.0195,-2.4548,1.2061,2.7337,0.0899,155.718,2.7350905378067467,9.846325936104288,-10.695599999999999,-2.5900999999999996,3.8194,2.4494,4.5373314536189655,11.004747946681922,0,08_23_32_947_ego_32,1,947,947,965,vehicle_vehicle,0.28762159479930155,2.3135356757438617,1.3964417842047585,11.177352622602548,15.0,3.0,3.5,0.8,3.819672777869853,13.750822000331471
8,31,966,329,101.4018,-38.2244,124.9505,3.6298,18.2042,-2.7305,4.2728,-0.6001,0.559,5.0664,0.2097,0.8019,-0.1716,truck,32,112.8813,-50.0195,-2.4548,1.2061,2.7337,0.0899,155.718,2.7350905378067467,9.846325936104288,-11.479500000000002,11.795099999999998,-0.27570000000000006,3.0667,3.0790679401403276,16.4591404471801,0,08_23_32_947_ego_32,0,947,947,965,vehicle_vehicle,0.28762159479930155,2.3135356757438617,1.3964417842047585,11.177352622602548,15.0,3.0,3.5,0.8,3.819672777869853,13.750822000331471
8,32,966,295,112.8813,-50.0195,155.718,1.8544,4.9742,-2.4548,1.2061,1.2323,-0.4416,2.7337,0.0899,-1.3049,0.1042,car,32,112.8813,-50.0195,-2.4548,1.2061,2.7337,0.0899,155.718,2.7350905378067467,9.846325936104288,0.0,0.0,0.0,0.0,0.0,0.0,1,08_23_32_947_ego_32,1,947,947,965,vehicle_vehicle,0.28762159479930155,2.3135356757438617,1.3964417842047585,11.177352622602548,15.0,3.0,3.5,0.8,3.819672777869853,13.750822000331471
8,35,966,247,123.7948,-54.6431,160.3024,1.8297,4.3769,-4.2693,1.5557,0.5145,-0.1842,4.5438,0.0256,-0.5465,-0.0,car,32,112.8813,-50.0195,-2.4548,1.2061,2.7337,0.0899,155.718,2.7350905378067467,9.846325936104288,10.913499999999999,-4.623599999999996,-1.8145000000000002,0.34960000000000013,1.8478718597348682,11.852516998933178,0,08_23_32_947_ego_32,0,947,947,965,vehicle_vehicle,0.28762159479930155,2.3135356757438617,1.3964417842047585,11.177352622602548,15.0,3.0,3.5,0.8,3.819672777869853,13.750822000331471
8,23,967,662,102.2398,-52.4625,69.2808,2.5943,5.7054,1.3363,3.6573,-0.735,0.0609,3.8936,-0.044,-0.2031,-0.709,van,32,112.785,-49.9715,-2.4024,1.1864,2.6779,0.089,155.623,2.6793787936758773,9.645763657233159,-10.545199999999994,-2.4909999999999997,3.7387,2.4709000000000003,4.481431077234147,10.835419882957922,0,08_23_32_947_ego_32,1,947,947,965,vehicle_vehicle,0.28762159479930155,2.3135356757438617,1.3964417842047585,11.177352622602548,15.0,3.0,3.5,0.8,3.819672777869853,13.750822000331471
8,31,967,330,101.2909,-38.0514,124.8905,3.6298,18.2042,-2.7545,4.2966,-0.6186,0.5189,5.0998,0.1983,0.7795,-0.2106,truck,32,112.785,-49.9715,-2.4024,1.1864,2.6779,0.089,155.623,2.6793787936758773,9.645763657233159,-11.494100000000003,11.920099999999998,-0.3521000000000001,3.1102,3.130066844334159,16.559079648941847,0,08_23_32_947_ego_32,0,947,947,965,vehicle_vehicle,0.28762159479930155,2.3135356757438617,1.3964417842047585,11.177352622602548,15.0,3.0,3.5,0.8,3.819672777869853,13.750822000331471
8,32,967,296,112.785,-49.9715,155.623,1.8544,4.9742,-2.4024,1.1864,1.2025,-0.4321,2.6779,0.089,-1.2736,0.1028,car,32,112.785,-49.9715,-2.4024,1.1864,2.6779,0.089,155.623,2.6793787936758773,9.645763657233159,0.0,0.0,0.0,0.0,0.0,0.0,1,08_23_32_947_ego_32,1,947,947,965,vehicle_vehicle,0.28762159479930155,2.3135356757438617,1.3964417842047585,11.177352622602548,15.0,3.0,3.5,0.8,3.819672777869853,13.750822000331471
8,35,967,248,123.6248,-54.581,160.2937,1.8297,4.3769,-4.2491,1.5484,0.5414,-0.1915,4.5223,0.0249,-0.5742,0.0023,car,32,112.785,-49.9715,-2.4024,1.1864,2.6779,0.089,155.623,2.6793787936758773,9.645763657233159,10.839799999999997,-4.609500000000004,-1.8467000000000002,0.3620000000000001,1.8818461387690548,11.77916611182642,0,08_23_32_947_ego_32,0,947,947,965,vehicle_vehicle,0.28762159479930155,2.3135356757438617,1.3964417842047585,11.177352622602548,15.0,3.0,3.5,0.8,3.819672777869853,13.750822000331471
8,23,968,663,102.2931,-52.3153,69.6452,2.5943,5.7054,1.3079,3.6596,-0.7353,0.0811,3.886,-0.0467,-0.1797,-0.7176,van,32,112.691,-49.9245,-2.3517,1.167,2.6239,0.0883,155.5342,2.6253346243860043,9.451204647789616,-10.397900000000007,-2.3907999999999987,3.6596,2.4926000000000004,4.427835466681209,10.669219702021332,0,08_23_32_947_ego_32,1,947,947,965,vehicle_vehicle,0.28762159479930155,2.3135356757438617,1.3964417842047585,11.177352622602548,15.0,3.0,3.5,0.8,3.819672777869853,13.750822000331471
8,31,968,331,101.1783,-37.8786,124.8416,3.6298,18.2042,-2.7785,4.3185,-0.6375,0.4776,5.1317,0.1868,0.7561,-0.2504,truck,32,112.691,-49.9245,-2.3517,1.167,2.6239,0.0883,155.5342,2.6253346243860043,9.451204647789616,-11.51270000000001,12.045900000000003,-0.42680000000000007,3.1515000000000004,3.1802689335966545,16.66271190712965,0,08_23_32_947_ego_32,0,947,947,965,vehicle_vehicle,0.28762159479930155,2.3135356757438617,1.3964417842047585,11.177352622602548,15.0,3.0,3.5,0.8,3.819672777869853,13.750822000331471
8,32,968,297,112.691,-49.9245,155.5342,1.8544,4.9742,-2.3517,1.167,1.1698,-0.4204,2.6239,0.0883,-1.2389,0.1018,car,32,112.691,-49.9245,-2.3517,1.167,2.6239,0.0883,155.5342,2.6253346243860043,9.451204647789616,0.0,0.0,0.0,0.0,0.0,0.0,1,08_23_32_947_ego_32,1,947,947,965,vehicle_vehicle,0.28762159479930155,2.3135356757438617,1.3964417842047585,11.177352622602548,15.0,3.0,3.5,0.8,3.819672777869853,13.750822000331471
8,35,968,249,123.4561,-54.519,160.2932,1.8297,4.3769,-4.2281,1.5407,0.5687,-0.1988,4.5,0.0248,-0.6024,0.0047,car,32,112.691,-49.9245,-2.3517,1.167,2.6239,0.0883,155.5342,2.6253346243860043,9.451204647789616,10.765100000000004,-4.5944999999999965,-1.8764000000000003,0.3736999999999999,1.913250806872952,11.70456356554998,0,08_23_32_947_ego_32,0,947,947,965,vehicle_vehicle,0.28762159479930155,2.3135356757438617,1.3964417842047585,11.177352622602548,15.0,3.0,3.5,0.8,3.819672777869853,13.750822000331471
8,23,969,664,102.3453,-52.1677,70.0131,2.5943,5.7054,1.2793,3.6622,-0.7364,0.1018,3.8789,-0.0496,-0.1561,-0.7268,van,32,112.5995,-49.8786,-2.3029,1.1483,2.5718,0.087,155.4357,2.5733132922362953,9.263927852050664,-10.254200000000012,-2.289100000000005,3.5822000000000003,2.5138999999999996,4.376282674828032,10.50659775807565,0,08_23_32_947_ego_32,1,947,947,965,vehicle_vehicle,0.28762159479930155,2.3135356757438617,1.3964417842047585,11.177352622602548,15.0,3.0,3.5,0.8,3.819672777869853,13.750822000331471
8,31,969,332,101.0647,-37.7056,124.8053,3.6298,18.2042,-2.8025,4.3389,-0.6575,0.435,5.1623,0.1754,0.7324,-0.2916,truck,32,112.5995,-49.8786,-2.3029,1.1483,2.5718,0.087,155.4357,2.5733132922362953,9.263927852050664,-11.534800000000004,12.173000000000002,-0.49960000000000004,3.1906,3.229478056900217,16.770019082875255,0,08_23_32_947_ego_32,0,947,947,965,vehicle_vehicle,0.28762159479930155,2.3135356757438617,1.3964417842047585,11.177352622602548,15.0,3.0,3.5,0.8,3.819672777869853,13.750822000331471
8,32,969,298,112.5995,-49.8786,155.4357,1.8544,4.9742,-2.3029,1.1483,1.1349,-0.4068,2.5718,0.087,-1.2013,0.1018,car,32,112.5995,-49.8786,-2.3029,1.1483,2.5718,0.087,155.4357,2.5733132922362953,9.263927852050664,0.0,0.0,0.0,0.0,0.0,0.0,1,08_23_32_947_ego_32,1,947,947,965,vehicle_vehicle,0.28762159479930155,2.3135356757438617,1.3964417842047585,11.177352622602548,15.0,3.0,3.5,0.8,3.819672777869853,13.750822000331471
8,35,969,250,123.2879,-54.4577,160.2957,1.8297,4.3769,-4.2062,1.5328,0.5968,-0.2061,4.4767,0.0249,-0.6313,0.0072,car,32,112.5995,-49.8786,-2.3029,1.1483,2.5718,0.087,155.4357,2.5733132922362953,9.263927852050664,10.688399999999987,-4.579100000000004,-1.9032999999999998,0.38449999999999984,1.9417495049568054,11.627985697015616,0,08_23_32_947_ego_32,0,947,947,965,vehicle_vehicle,0.28762159479930155,2.3135356757438617,1.3964417842047585,11.177352622602548,15.0,3.0,3.5,0.8,3.819672777869853,13.750822000331471
8,23,970,665,102.396,-52.02,70.3887,2.5943,5.7054,1.2505,3.6652,-0.7383,0.1233,3.8723,-0.0522,-0.1317,-0.7369,van,32,112.5099,-49.8331,-2.2561,1.1302,2.5219,0.086,155.3445,2.5233587240025943,9.084091406409339,-10.113900000000001,-2.1869000000000014,3.5065999999999997,2.535,4.32694679421876,10.347632812387577,0,08_23_32_947_ego_32,1,947,947,965,vehicle_vehicle,0.28762159479930155,2.3135356757438617,1.3964417842047585,11.177352622602548,15.0,3.0,3.5,0.8,3.819672777869853,13.750822000331471
8,31,970,333,100.9504,-37.5326,124.7813,3.6298,18.2042,-2.8267,4.3579,-0.6793,0.391,5.1917,0.1643,0.7086,-0.3349,truck,32,112.5099,-49.8331,-2.2561,1.1302,2.5219,0.086,155.3445,2.5233587240025943,9.084091406409339,-11.5595,12.3005,-0.5706000000000002,3.2276999999999996,3.2777479540074457,16.87970202639845,0,08_23_32_947_ego_32,0,947,947,965,vehicle_vehicle,0.28762159479930155,2.3135356757438617,1.3964417842047585,11.177352622602548,15.0,3.0,3.5,0.8,3.819672777869853,13.750822000331471
8,32,970,299,112.5099,-49.8331,155.3445,1.8544,4.9742,-2.2561,1.1302,1.0982,-0.3913,2.5219,0.086,-1.1613,0.1025,car,32,112.5099,-49.8331,-2.2561,1.1302,2.5219,0.086,155.3445,2.5233587240025943,9.084091406409339,0.0,0.0,0.0,0.0,0.0,0.0,1,08_23_32_947_ego_32,1,947,947,965,vehicle_vehicle,0.28762159479930155,2.3135356757438617,1.3964417842047585,11.177352622602548,15.0,3.0,3.5,0.8,3.819672777869853,13.750822000331471
8,35,970,251,123.1204,-54.3969,160.3006,1.8297,4.3769,-4.1832,1.5248,0.6258,-0.2135,4.4524,0.0254,-0.6611,0.0099,car,32,112.5099,-49.8331,-2.2561,1.1302,2.5219,0.086,155.3445,2.5233587240025943,9.084091406409339,10.610500000000002,-4.5638000000000005,-1.9271000000000003,0.39459999999999984,1.9670850439165055,11.55036712360261,0,08_23_32_947_ego_32,0,947,947,965,vehicle_vehicle,0.28762159479930155,2.3135356757438617,1.3964417842047585,11.177352622602548,15.0,3.0,3.5,0.8,3.819672777869853,13.750822000331471
8,23,971,666,102.4452,-51.8724,70.7674,2.5943,5.7054,1.2218,3.6687,-0.741,0.146,3.8664,-0.0548,-0.1062,-0.7477,van,32,112.4213,-49.7885,-2.2112,1.1128,2.4739,0.0853,155.2607,2.475425070568689,8.911530254047282,-9.976100000000002,-2.0839,3.433,2.5559,4.2799665664582,10.191428281649243,0,08_23_32_947_ego_32,1,947,947,965,vehicle_vehicle,0.28762159479930155,2.3135356757438617,1.3964417842047585,11.177352622602548,15.0,3.0,3.5,0.8,3.819672777869853,13.750822000331471
8,31,971,334,100.8356,-37.3586,124.7772,3.6298,18.2042,-2.8512,4.3754,-0.7035,0.3452,5.2201,0.1537,0.6848,-0.3809,truck,32,112.4213,-49.7885,-2.2112,1.1128,2.4739,0.0853,155.2607,2.475425070568689,8.911530254047282,-11.585700000000003,12.429899999999996,-0.6400000000000001,3.2626,3.324779505471002,16.992082229673912,0,08_23_32_947_ego_32,0,947,947,965,vehicle_vehicle,0.28762159479930155,2.3135356757438617,1.3964417842047585,11.177352622602548,15.0,3.0,3.5,0.8,3.819672777869853,13.750822000331471
8,32,971,300,112.4213,-49.7885,155.2607,1.8544,4.9742,-2.2112,1.1128,1.0603,-0.374,2.4739,0.0853,-1.1195,0.104,car,32,112.4213,-49.7885,-2.2112,1.1128,2.4739,0.0853,155.2607,2.475425070568689,8.911530254047282,0.0,0.0,0.0,0.0,0.0,0.0,1,08_23_32_947_ego_32,1,947,947,965,vehicle_vehicle,0.28762159479930155,2.3135356757438617,1.3964417842047585,11.177352622602548,15.0,3.0,3.5,0.8,3.819672777869853,13.750822000331471
8,35,971,252,122.954,-54.336,160.2954,1.8297,4.3769,-4.1593,1.5164,0.6558,-0.2211,4.4271,0.0252,-0.692,0.013,car,32,112.4213,-49.7885,-2.2112,1.1128,2.4739,0.0853,155.2607,2.475425070568689,8.911530254047282,10.532699999999991,-4.547499999999999,-1.9481000000000002,0.40359999999999996,1.9894689165704502,11.472468153801945,0,08_23_32_947_ego_32,0,947,947,965,vehicle_vehicle,0.28762159479930155,2.3135356757438617,1.3964417842047585,11.177352622602548,15.0,3.0,3.5,0.8,3.819672777869853,13.750822000331471
8,23,972,667,102.4936,-51.7252,71.152,2.5943,5.7054,1.193,3.6729,-0.7445,0.1703,3.8614,-0.0576,-0.0794,-0.7596,van,32,112.334,-49.7444,-2.1678,1.0962,2.4277,0.0851,155.1833,2.429199720072436,8.74511899226077,-9.840400000000002,-1.9808000000000021,3.3608000000000002,2.5766999999999998,4.2348978181297365,10.037780671044773,0,08_23_32_947_ego_32,1,947,947,965,vehicle_vehicle,0.28762159479930155,2.3135356757438617,1.3964417842047585,11.177352622602548,15.0,3.0,3.5,0.8,3.819672777869853,13.750822000331471
8,31,972,335,100.7204,-37.1835,124.7867,3.6298,18.2042,-2.8765,4.3911,-0.7305,0.2976,5.2474,0.1428,0.6611,-0.4301,truck,32,112.334,-49.7444,-2.1678,1.0962,2.4277,0.0851,155.1833,2.429199720072436,8.74511899226077,-11.613600000000005,12.560899999999997,-0.7086999999999999,3.2948999999999997,3.370255435423256,17.107072039656583,0,08_23_32_947_ego_32,0,947,947,965,vehicle_vehicle,0.28762159479930155,2.3135356757438617,1.3964417842047585,11.177352622602548,15.0,3.0,3.5,0.8,3.819672777869853,13.750822000331471
8,32,972,301,112.334,-49.7444,155.1833,1.8544,4.9742,-2.1678,1.0962,1.0214,-0.355,2.4277,0.0851,-1.0761,0.1065,car,32,112.334,-49.7444,-2.1678,1.0962,2.4277,0.0851,155.1833,2.429199720072436,8.74511899226077,0.0,0.0,0.0,0.0,0.0,0.0,1,08_23_32_947_ego_32,1,947,947,965,vehicle_vehicle,0.28762159479930155,2.3135356757438617,1.3964417842047585,11.177352622602548,15.0,3.0,3.5,0.8,3.819672777869853,13.750822000331471
8,35,972,253,122.7888,-54.2757,160.287,1.8297,4.3769,-4.1345,1.5078,0.6871,-0.2289,4.4007,0.0248,-0.724,0.0163,car,32,112.334,-49.7444,-2.1678,1.0962,2.4277,0.0851,155.1833,2.429199720072436,8.74511899226077,10.454799999999992,-4.531300000000002,-1.9667,0.41159999999999997,2.009309197211818,11.394539162686652,0,08_23_32_947_ego_32,0,947,947,965,vehicle_vehicle,0.28762159479930155,2.3135356757438617,1.3964417842047585,11.177352622602548,15.0,3.0,3.5,0.8,3.819672777869853,13.750822000331471
8,23,973,668,102.5409,-51.5784,71.5267,2.5943,5.7054,1.1639,3.6783,-0.7488,0.1961,3.8575,-0.0615,-0.0513,-0.7723,van,32,112.2486,-49.7017,-2.1262,1.0806,2.3835,0.0852,155.1051,2.3850414671447537,8.586149281721113,-9.707700000000003,-1.8766999999999996,3.2901,2.5977,4.191992760012831,9.887438605624817,0,08_23_32_947_ego_32,1,947,947,965,vehicle_vehicle,0.28762159479930155,2.3135356757438617,1.3964417842047585,11.177352622602548,15.0,3.0,3.5,0.8,3.819672777869853,13.750822000331471
8,31,973,336,100.6053,-37.0075,124.8107,3.6298,18.2042,-2.903,4.4049,-0.7602,0.248,5.2738,0.1311,0.6376,-0.4826,truck,32,112.2486,-49.7017,-2.1262,1.0806,2.3835,0.0852,155.1051,2.3850414671447537,8.586149281721113,-11.643299999999996,12.694200000000002,-0.7768000000000002,3.3242999999999996,3.41385247630884,17.225247415639636,0,08_23_32_947_ego_32,0,947,947,965,vehicle_vehicle,0.28762159479930155,2.3135356757438617,1.3964417842047585,11.177352622602548,15.0,3.0,3.5,0.8,3.819672777869853,13.750822000331471
8,32,973,302,112.2486,-49.7017,155.1051,1.8544,4.9742,-2.1262,1.0806,0.9817,-0.3345,2.3835,0.0852,-1.0313,0.1098,car,32,112.2486,-49.7017,-2.1262,1.0806,2.3835,0.0852,155.1051,2.3850414671447537,8.586149281721113,0.0,0.0,0.0,0.0,0.0,0.0,1,08_23_32_947_ego_32,1,947,947,965,vehicle_vehicle,0.28762159479930155,2.3135356757438617,1.3964417842047585,11.177352622602548,15.0,3.0,3.5,0.8,3.819672777869853,13.750822000331471
8,35,973,254,122.624,-54.2167,160.2714,1.8297,4.3769,-4.1084,1.4993,0.7198,-0.2372,4.3734,0.0245,-0.7576,0.0197,car,32,112.2486,-49.7017,-2.1262,1.0806,2.3835,0.0852,155.1051,2.3850414671447537,8.586149281721113,10.375399999999999,-4.515000000000001,-1.9821999999999997,0.41870000000000007,2.02593843193716,11.315217636439874,0,08_23_32_947_ego_32,0,947,947,965,vehicle_vehicle,0.28762159479930155,2.3135356757438617,1.3964417842047585,11.177352622602548,15.0,3.0,3.5,0.8,3.819672777869853,13.750822000331471
8,23,974,669,102.5872,-51.4311,71.9125,2.5943,5.7054,1.1346,3.6846,-0.7537,0.2234,3.8548,-0.0655,-0.0217,-0.7858,van,32,112.1648,-49.6599,-2.0864,1.0664,2.3415,0.0857,155.0237,2.3431333551464797,8.435280078527327,-9.577600000000004,-1.7712000000000003,3.221,2.6182,4.150880899279092,9.739998521560466,0,08_23_32_947_ego_32,1,947,947,965,vehicle_vehicle,0.28762159479930155,2.3135356757438617,1.3964417842047585,11.177352622602548,15.0,3.0,3.5,0.8,3.819672777869853,13.750822000331471
8,31,974,337,100.4898,-36.8304,124.8487,3.6298,18.2042,-2.9312,4.4164,-0.7924,0.1967,5.2993,0.118,0.6142,-0.5378,truck,32,112.1648,-49.6599,-2.0864,1.0664,2.3415,0.0857,155.0237,2.3431333551464797,8.435280078527327,-11.674999999999997,12.829500000000003,-0.8448000000000002,3.3500000000000005,3.454878730143795,17.346518245746033,0,08_23_32_947_ego_32,0,947,947,965,vehicle_vehicle,0.28762159479930155,2.3135356757438617,1.3964417842047585,11.177352622602548,15.0,3.0,3.5,0.8,3.819672777869853,13.750822000331471
8,32,974,303,112.1648,-49.6599,155.0237,1.8544,4.9742,-2.0864,1.0664,0.9413,-0.3129,2.3415,0.0857,-0.9854,0.1138,car,32,112.1648,-49.6599,-2.0864,1.0664,2.3415,0.0857,155.0237,2.3431333551464797,8.435280078527327,0.0,0.0,0.0,0.0,0.0,0.0,1,08_23_32_947_ego_32,1,947,947,965,vehicle_vehicle,0.28762159479930155,2.3135356757438617,1.3964417842047585,11.177352622602548,15.0,3.0,3.5,0.8,3.819672777869853,13.750822000331471
8,35,974,255,122.4604,-54.1564,160.2514,1.8297,4.3769,-4.0811,1.4903,0.7539,-0.246,4.3446,0.0237,-0.7927,0.0232,car,32,112.1648,-49.6599,-2.0864,1.0664,2.3415,0.0857,155.0237,2.3431333551464797,8.435280078527327,10.295600000000007,-4.4964999999999975,-1.9947000000000004,0.42389999999999994,2.039244786679618,11.234673631663721,0,08_23_32_947_ego_32,0,947,947,965,vehicle_vehicle,0.28762159479930155,2.3135356757438617,1.3964417842047585,11.177352622602548,15.0,3.0,3.5,0.8,3.819672777869853,13.750822000331471
8,23,975,670,102.6322,-51.2835,72.309,2.5943,5.7054,1.1049,3.6921,-0.7591,0.2521,3.8532,-0.0693,0.0095,-0.7998,van,32,112.0823,-49.6188,-2.0483,1.0535,2.3017,0.0869,154.9441,2.3033443381309704,8.292039617271493,-9.450100000000006,-1.6646999999999963,3.1532,2.6386,4.111554474891461,9.595603998706913,0,08_23_32_947_ego_32,1,947,947,965,vehicle_vehicle,0.28762159479930155,2.3135356757438617,1.3964417842047585,11.177352622602548,15.0,3.0,3.5,0.8,3.819672777869853,13.750822000331471
8,31,975,338,100.3738,-36.6523,124.9024,3.6298,18.2042,-2.9615,4.4254,-0.8263,0.1441,5.3239,0.1033,0.591,-0.5952,truck,32,112.0823,-49.6188,-2.0483,1.0535,2.3017,0.0869,154.9441,2.3033443381309704,8.292039617271493,-11.7085,12.966500000000003,-0.9132000000000002,3.3718999999999997,3.4933714159819877,17.470520727785996,0,08_23_32_947_ego_32,0,947,947,965,vehicle_vehicle,0.28762159479930155,2.3135356757438617,1.3964417842047585,11.177352622602548,15.0,3.0,3.5,0.8,3.819672777869853,13.750822000331471
8,32,975,304,112.0823,-49.6188,154.9441,1.8544,4.9742,-2.0483,1.0535,0.9004,-0.2907,2.3017,0.0869,-0.9388,0.118,car,32,112.0823,-49.6188,-2.0483,1.0535,2.3017,0.0869,154.9441,2.3033443381309704,8.292039617271493,0.0,0.0,0.0,0.0,0.0,0.0,1,08_23_32_947_ego_32,1,947,947,965,vehicle_vehicle,0.28762159479930155,2.3135356757438617,1.3964417842047585,11.177352622602548,15.0,3.0,3.5,0.8,3.819672777869853,13.750822000331471
8,35,975,256,122.2973,-54.0969,160.241,1.8297,4.3769,-4.0522,1.481,0.7893,-0.2554,4.3143,0.0239,-0.8292,0.0265,car,32,112.0823,-49.6188,-2.0483,1.0535,2.3017,0.0869,154.9441,2.3033443381309704,8.292039617271493,10.215000000000003,-4.478099999999998,-2.0039000000000002,0.4275,2.048992791592982,11.153457069895417,0,08_23_32_947_ego_32,0,947,947,965,vehicle_vehicle,0.28762159479930155,2.3135356757438617,1.3964417842047585,11.177352622602548,15.0,3.0,3.5,0.8,3.819672777869853,13.750822000331471
8,23,976,671,102.6757,-51.1358,72.6999,2.5943,5.7054,1.0751,3.7007,-0.7651,0.2824,3.853,-0.0741,0.0421,-0.8144,van,32,112.0013,-49.578,-2.0119,1.042,2.2639,0.0889,154.8683,2.265724080730043,8.156606690628156,-9.325599999999994,-1.5578000000000003,3.0869999999999997,2.6586999999999996,4.074095567116706,9.454816560885774,0,08_23_32_947_ego_32,1,947,947,965,vehicle_vehicle,0.28762159479930155,2.3135356757438617,1.3964417842047585,11.177352622602548,15.0,3.0,3.5,0.8,3.819672777869853,13.750822000331471
8,31,976,339,100.2568,-36.4734,124.9704,3.6298,18.2042,-2.994,4.4315,-0.8613,0.0908,5.3474,0.0865,0.568,-0.6537,truck,32,112.0013,-49.578,-2.0119,1.042,2.2639,0.0889,154.8683,2.265724080730043,8.156606690628156,-11.744500000000002,13.104600000000005,-0.9821000000000004,3.3895,3.5289135240184053,17.59726744156604,0,08_23_32_947_ego_32,0,947,947,965,vehicle_vehicle,0.28762159479930155,2.3135356757438617,1.3964417842047585,11.177352622602548,15.0,3.0,3.5,0.8,3.819672777869853,13.750822000331471
8,32,976,305,112.0013,-49.578,154.8683,1.8544,4.9742,-2.0119,1.042,0.8591,-0.2683,2.2639,0.0889,-0.8918,0.1219,car,32,112.0013,-49.578,-2.0119,1.042,2.2639,0.0889,154.8683,2.265724080730043,8.156606690628156,0.0,0.0,0.0,0.0,0.0,0.0,1,08_23_32_947_ego_32,1,947,947,965,vehicle_vehicle,0.28762159479930155,2.3135356757438617,1.3964417842047585,11.177352622602548,15.0,3.0,3.5,0.8,3.819672777869853,13.750822000331471
8,35,976,257,122.1346,-54.0375,160.2328,1.8297,4.3769,-4.0214,1.4711,0.8258,-0.2651,4.282,0.0243,-0.8668,0.0298,car,32,112.0013,-49.578,-2.0119,1.042,2.2639,0.0889,154.8683,2.265724080730043,8.156606690628156,10.133300000000006,-4.4594999999999985,-2.0095,0.42910000000000004,2.054803411521404,11.071174695577705,0,08_23_32_947_ego_32,0,947,947,965,vehicle_vehicle,0.28762159479930155,2.3135356757438617,1.3964417842047585,11.177352622602548,15.0,3.0,3.5,0.8,3.819672777869853,13.750822000331471
8,23,977,672,102.7178,-50.9881,73.0883,2.5943,5.7054,1.0451,3.7108,-0.7716,0.3139,3.8544,-0.0796,0.0759,-0.8296,van,32,111.9215,-49.5379,-1.9771,1.0319,2.2283,0.0917,154.796,2.23018878573093,8.028679628631348,-9.203699999999998,-1.4502000000000024,3.0221999999999998,2.6788999999999996,4.038588621040771,9.317251404250074,0,08_23_32_947_ego_32,1,947,947,965,vehicle_vehicle,0.28762159479930155,2.3135356757438617,1.3964417842047585,11.177352622602548,15.0,3.0,3.5,0.8,3.819672777869853,13.750822000331471
8,31,977,340,100.1385,-36.2941,125.0523,3.6298,18.2042,-3.0288,4.4347,-0.8964,0.0375,5.3699,0.0675,0.5455,-0.7123,truck,32,111.9215,-49.5379,-1.9771,1.0319,2.2283,0.0917,154.796,2.23018878573093,8.028679628631348,-11.783000000000001,13.2438,-1.0516999999999999,3.4028,3.56161771250088,17.726740462927754,0,08_23_32_947_ego_32,0,947,947,965,vehicle_vehicle,0.28762159479930155,2.3135356757438617,1.3964417842047585,11.177352622602548,15.0,3.0,3.5,0.8,3.819672777869853,13.750822000331471
8,32,977,306,111.9215,-49.5379,154.796,1.8544,4.9742,-1.9771,1.0319,0.8175,-0.2464,2.2283,0.0917,-0.8445,0.1252,car,32,111.9215,-49.5379,-1.9771,1.0319,2.2283,0.0917,154.796,2.23018878573093,8.028679628631348,0.0,0.0,0.0,0.0,0.0,0.0,1,08_23_32_947_ego_32,1,947,947,965,vehicle_vehicle,0.28762159479930155,2.3135356757438617,1.3964417842047585,11.177352622602548,15.0,3.0,3.5,0.8,3.819672777869853,13.750822000331471
8,35,977,258,121.9726,-53.9795,160.2218,1.8297,4.3769,-3.9884,1.461,0.8628,-0.2753,4.2475,0.0252,-0.905,0.0329,car,32,111.9215,-49.5379,-1.9771,1.0319,2.2283,0.0917,154.796,2.23018878573093,8.028679628631348,10.051100000000005,-4.441600000000001,-2.0113,0.42910000000000004,2.056563760256414,10.988740681715996,0,08_23_32_947_ego_32,0,947,947,965,vehicle_vehicle,0.28762159479930155,2.3135356757438617,1.3964417842047585,11.177352622602548,15.0,3.0,3.5,0.8,3.819672777869853,13.750822000331471
8,23,978,673,102.7593,-50.8405,73.4763,2.5943,5.7054,1.0147,3.7226,-0.7787,0.3464,3.8575,-0.0859,0.1106,-0.8451,van,32,111.8433,-49.4986,-1.9441,1.0234,2.195,0.0951,154.7194,2.1970144218916725,7.909251918810021,-9.084000000000003,-1.3418999999999954,2.9588,2.6992,4.005019111065514,9.182578701541308,0,08_23_32_947_ego_32,1,947,947,965,vehicle_vehicle,0.28762159479930155,2.3135356757438617,1.3964417842047585,11.177352622602548,15.0,3.0,3.5,0.8,3.819672777869853,13.750822000331471
8,31,978,341,100.0183,-36.1154,125.1544,3.6298,18.2042,-3.0656,4.4353,-0.9308,-0.0152,5.3914,0.0473,0.5235,-0.7698,truck,32,111.8433,-49.4986,-1.9441,1.0234,2.195,0.0951,154.7194,2.1970144218916725,7.909251918810021,-11.825000000000003,13.383200000000002,-1.1215,3.4118999999999997,3.5914932632541574,17.858910023850843,0,08_23_32_947_ego_32,0,947,947,965,vehicle_vehicle,0.28762159479930155,2.3135356757438617,1.3964417842047585,11.177352622602548,15.0,3.0,3.5,0.8,3.819672777869853,13.750822000331471
8,32,978,307,111.8433,-49.4986,154.7194,1.8544,4.9742,-1.9441,1.0234,0.7754,-0.2254,2.195,0.0951,-0.7974,0.1273,car,32,111.8433,-49.4986,-1.9441,1.0234,2.195,0.0951,154.7194,2.1970144218916725,7.909251918810021,0.0,0.0,0.0,0.0,0.0,0.0,1,08_23_32_947_ego_32,1,947,947,965,vehicle_vehicle,0.28762159479930155,2.3135356757438617,1.3964417842047585,11.177352622602548,15.0,3.0,3.5,0.8,3.819672777869853,13.750822000331471
8,35,978,259,121.812,-53.9217,160.2117,1.8297,4.3769,-3.9533,1.4507,0.8994,-0.286,4.211,0.0267,-0.9432,0.0353,car,32,111.8433,-49.4986,-1.9441,1.0234,2.195,0.0951,154.7194,2.1970144218916725,7.909251918810021,9.968699999999998,-4.423099999999998,-2.0092,0.4273,2.0541348373463704,10.905906349313657,0,08_23_32_947_ego_32,0,947,947,965,vehicle_vehicle,0.28762159479930155,2.3135356757438617,1.3964417842047585,11.177352622602548,15.0,3.0,3.5,0.8,3.819672777869853,13.750822000331471
8,23,979,674,102.7997,-50.6924,73.8697,2.5943,5.7054,0.9839,3.7362,-0.7862,0.3795,3.8624,-0.0928,0.1461,-0.8607,van,32,111.7661,-49.4594,-1.9128,1.0163,2.1637,0.0994,154.6454,2.166026207136008,7.797694345689629,-8.966399999999993,-1.232999999999997,2.8967,2.7199,3.9735031017982108,9.050779964179876,0,08_23_32_947_ego_32,1,947,947,965,vehicle_vehicle,0.28762159479930155,2.3135356757438617,1.3964417842047585,11.177352622602548,15.0,3.0,3.5,0.8,3.819672777869853,13.750822000331471
8,31,979,342,99.8962,-35.9369,125.2786,3.6298,18.2042,-3.1043,4.4333,-0.964,-0.0667,5.412,0.0262,0.5024,-0.8255,truck,32,111.7661,-49.4594,-1.9128,1.0163,2.1637,0.0994,154.6454,2.166026207136008,7.797694345689629,-11.869900000000001,13.5225,-1.1914999999999998,3.417,3.61877897225017,17.993124583017817,0,08_23_32_947_ego_32,0,947,947,965,vehicle_vehicle,0.28762159479930155,2.3135356757438617,1.3964417842047585,11.177352622602548,15.0,3.0,3.5,0.8,3.819672777869853,13.750822000331471
8,32,979,308,111.7661,-49.4594,154.6454,1.8544,4.9742,-1.9128,1.0163,0.7331,-0.2061,2.1637,0.0994,-0.7507,0.1277,car,32,111.7661,-49.4594,-1.9128,1.0163,2.1637,0.0994,154.6454,2.166026207136008,7.797694345689629,0.0,0.0,0.0,0.0,0.0,0.0,1,08_23_32_947_ego_32,1,947,947,965,vehicle_vehicle,0.28762159479930155,2.3135356757438617,1.3964417842047585,11.177352622602548,15.0,3.0,3.5,0.8,3.819672777869853,13.750822000331471
8,35,979,260,121.6538,-53.8637,160.1955,1.8297,4.3769,-3.9164,1.4399,0.9353,-0.2975,4.1726,0.0278,-0.9808,0.037,car,32,111.7661,-49.4594,-1.9128,1.0163,2.1637,0.0994,154.6454,2.166026207136008,7.797694345689629,9.88770000000001,-4.404299999999999,-2.0035999999999996,0.4236,2.0478891376243977,10.82425377474125,0,08_23_32_947_ego_32,0,947,947,965,vehicle_vehicle,0.28762159479930155,2.3135356757438617,1.3964417842047585,11.177352622602548,15.0,3.0,3.5,0.8,3.819672777869853,13.750822000331471
8,23,980,675,102.8383,-50.5439,74.2597,2.5943,5.7054,0.9529,3.7515,-0.7941,0.4126,3.8693,-0.1006,0.1818,-0.8763,van,32,111.6899,-49.4192,-1.883,1.0102,2.1344,0.1035,154.5652,2.1368652367428322,7.692714852274197,-8.85159999999999,-1.1247000000000043,2.8359,2.7413,3.9442432100467637,8.922767096030235,0,08_23_32_947_ego_32,1,947,947,965,vehicle_vehicle,0.28762159479930155,2.3135356757438617,1.3964417842047585,11.177352622602548,15.0,3.0,3.5,0.8,3.819672777869853,13.750822000331471
8,31,980,343,99.7724,-35.7593,125.4162,3.6298,18.2042,-3.1448,4.4291,-0.9955,-0.1167,5.432,0.0038,0.4818,-0.879,truck,32,111.6899,-49.4192,-1.883,1.0102,2.1344,0.1035,154.5652,2.1368652367428322,7.692714852274197,-11.91749999999999,13.659899999999993,-1.2618,3.4189,3.6443128913417957,18.127870097173567,0,08_23_32_947_ego_32,0,947,947,965,vehicle_vehicle,0.28762159479930155,2.3135356757438617,1.3964417842047585,11.177352622602548,15.0,3.0,3.5,0.8,3.819672777869853,13.750822000331471
8,32,980,309,111.6899,-49.4192,154.5652,1.8544,4.9742,-1.883,1.0102,0.6904,-0.1888,2.1344,0.1035,-0.7045,0.126,car,32,111.6899,-49.4192,-1.883,1.0102,2.1344,0.1035,154.5652,2.1368652367428322,7.692714852274197,0.0,0.0,0.0,0.0,0.0,0.0,1,08_23_32_947_ego_32,1,947,947,965,vehicle_vehicle,0.28762159479930155,2.3135356757438617,1.3964417842047585,11.177352622602548,15.0,3.0,3.5,0.8,3.819672777869853,13.750822000331471
8,35,980,261,121.4969,-53.8058,160.1792,1.8297,4.3769,-3.8776,1.4284,0.97,-0.3095,4.1322,0.029,-1.0175,0.0377,car,32,111.6899,-49.4192,-1.883,1.0102,2.1344,0.1035,154.5652,2.1368652367428322,7.692714852274197,9.807000000000002,-4.386600000000001,-1.9946000000000002,0.4181999999999999,2.0379696759274903,10.743347176741523,0,08_23_32_947_ego_32,0,947,947,965,vehicle_vehicle,0.28762159479930155,2.3135356757438617,1.3964417842047585,11.177352622602548,15.0,3.0,3.5,0.8,3.819672777869853,13.750822000331471
8,23,981,676,102.8753,-50.395,74.6577,2.5943,5.7054,0.9217,3.7687,-0.8024,0.4453,3.8783,-0.1083,0.2172,-0.8917,van,32,111.6148,-49.3788,-1.8548,1.0047,2.1067,0.1074,154.4777,2.1094324189222085,7.593956708119951,-8.739500000000007,-1.0162000000000049,2.7765,2.7640000000000002,3.9177350918611125,8.798381822244368,0,08_23_32_947_ego_32,1,947,947,965,vehicle_vehicle,0.28762159479930155,2.3135356757438617,1.3964417842047585,11.177352622602548,15.0,3.0,3.5,0.8,3.819672777869853,13.750822000331471
8,31,981,344,99.6467,-35.5819,125.5691,3.6298,18.2042,-3.1869,4.4228,-1.0249,-0.1652,5.4514,-0.0196,0.4618,-0.9298,truck,32,111.6148,-49.3788,-1.8548,1.0047,2.1067,0.1074,154.4777,2.1094324189222085,7.593956708119951,-11.968100000000007,13.7969,-1.3321,3.4181,3.668500786424885,18.26444270214671,0,08_23_32_947_ego_32,0,947,947,965,vehicle_vehicle,0.28762159479930155,2.3135356757438617,1.3964417842047585,11.177352622602548,15.0,3.0,3.5,0.8,3.819672777869853,13.750822000331471
8,32,981,310,111.6148,-49.3788,154.4777,1.8544,4.9742,-1.8548,1.0047,0.6471,-0.1736,2.1067,0.1074,-0.6588,0.1222,car,32,111.6148,-49.3788,-1.8548,1.0047,2.1067,0.1074,154.4777,2.1094324189222085,7.593956708119951,0.0,0.0,0.0,0.0,0.0,0.0,1,08_23_32_947_ego_32,1,947,947,965,vehicle_vehicle,0.28762159479930155,2.3135356757438617,1.3964417842047585,11.177352622602548,15.0,3.0,3.5,0.8,3.819672777869853,13.750822000331471
8,35,981,262,121.3418,-53.7491,160.1591,1.8297,4.3769,-3.8372,1.4165,1.0032,-0.322,4.0902,0.0301,-1.0529,0.0376,car,32,111.6148,-49.3788,-1.8548,1.0047,2.1067,0.1074,154.4777,2.1094324189222085,7.593956708119951,9.727000000000004,-4.3703,-1.9824000000000002,0.41180000000000017,2.0247194867437814,10.663679059780451,0,08_23_32_947_ego_32,0,947,947,965,vehicle_vehicle,0.28762159479930155,2.3135356757438617,1.3964417842047585,11.177352622602548,15.0,3.0,3.5,0.8,3.819672777869853,13.750822000331471
8,23,982,677,102.9111,-50.245,75.062,2.5943,5.7054,0.8903,3.7878,-0.8115,0.4771,3.8893,-0.1162,0.2518,-0.907,van,32,111.5409,-49.3388,-1.8283,0.9997,2.0808,0.1109,154.3791,2.083766056926737,7.501557804936253,-8.629799999999989,-0.9061999999999983,2.7186,2.7881,3.894135022055604,8.677248785185302,0,08_23_32_947_ego_32,1,947,947,965,vehicle_vehicle,0.28762159479930155,2.3135356757438617,1.3964417842047585,11.177352622602548,15.0,3.0,3.5,0.8,3.819672777869853,13.750822000331471
8,31,982,345,99.5192,-35.4054,125.7369,3.6298,18.2042,-3.2305,4.4147,-1.0519,-0.2121,5.4703,-0.0438,0.4422,-0.9777,truck,32,111.5409,-49.3388,-1.8283,0.9997,2.0808,0.1109,154.3791,2.083766056926737,7.501557804936253,-12.021699999999996,13.933399999999999,-1.4022000000000001,3.415,3.6916649143712923,18.40274181881602,0,08_23_32_947_ego_32,0,947,947,965,vehicle_vehicle,0.28762159479930155,2.3135356757438617,1.3964417842047585,11.177352622602548,15.0,3.0,3.5,0.8,3.819672777869853,13.750822000331471
8,32,982,311,111.5409,-49.3388,154.3791,1.8544,4.9742,-1.8283,0.9997,0.6033,-0.1604,2.0808,0.1109,-0.6133,0.1163,car,32,111.5409,-49.3388,-1.8283,0.9997,2.0808,0.1109,154.3791,2.083766056926737,7.501557804936253,0.0,0.0,0.0,0.0,0.0,0.0,1,08_23_32_947_ego_32,1,947,947,965,vehicle_vehicle,0.28762159479930155,2.3135356757438617,1.3964417842047585,11.177352622602548,15.0,3.0,3.5,0.8,3.819672777869853,13.750822000331471
8,35,982,263,121.1891,-53.6927,160.1366,1.8297,4.3769,-3.7953,1.4042,1.0347,-0.3349,4.0466,0.0311,-1.087,0.0366,car,32,111.5409,-49.3388,-1.8283,0.9997,2.0808,0.1109,154.3791,2.083766056926737,7.501557804936253,9.648200000000003,-4.353900000000003,-1.967,0.40449999999999986,2.0081606633932454,10.585093691129998,0,08_23_32_947_ego_32,0,947,947,965,vehicle_vehicle,0.28762159479930155,2.3135356757438617,1.3964417842047585,11.177352622602548,15.0,3.0,3.5,0.8,3.819672777869853,13.750822000331471
8,23,983,678,102.9453,-50.0937,75.4801,2.5943,5.7054,0.8589,3.8083,-0.8214,0.5074,3.902,-0.1233,0.2853,-0.9224,van,32,111.4682,-49.2979,-1.8035,0.995,2.0566,0.1139,154.2841,2.0597663095603833,7.41515871441738,-8.522899999999993,-0.7957999999999998,2.6624,2.8133,3.8733745816793914,8.55997208231428,0,08_23_32_947_ego_32,1,947,947,965,vehicle_vehicle,0.28762159479930155,2.3135356757438617,1.3964417842047585,11.177352622602548,15.0,3.0,3.5,0.8,3.819672777869853,13.750822000331471
8,31,983,346,99.3897,-35.2294,125.919,3.6298,18.2042,-3.2754,4.4049,-1.0762,-0.2576,5.4888,-0.0685,0.4227,-1.0226,truck,32,111.4682,-49.2979,-1.8035,0.995,2.0566,0.1139,154.2841,2.0597663095603833,7.41515871441738,-12.078499999999991,14.0685,-1.4718999999999998,3.4098999999999995,3.714015026894748,18.54219120007125,0,08_23_32_947_ego_32,0,947,947,965,vehicle_vehicle,0.28762159479930155,2.3135356757438617,1.3964417842047585,11.177352622602548,15.0,3.0,3.5,0.8,3.819672777869853,13.750822000331471
8,32,983,312,111.4682,-49.2979,154.2841,1.8544,4.9742,-1.8035,0.995,0.5588,-0.149,2.0566,0.1139,-0.5681,0.1082,car,32,111.4682,-49.2979,-1.8035,0.995,2.0566,0.1139,154.2841,2.0597663095603833,7.41515871441738,0.0,0.0,0.0,0.0,0.0,0.0,1,08_23_32_947_ego_32,1,947,947,965,vehicle_vehicle,0.28762159479930155,2.3135356757438617,1.3964417842047585,11.177352622602548,15.0,3.0,3.5,0.8,3.819672777869853,13.750822000331471
8,35,983,264,121.0379,-53.636,160.127,1.8297,4.3769,-3.7522,1.391,1.0645,-0.3482,4.0016,0.0326,-1.1195,0.0344,car,32,111.4682,-49.2979,-1.8035,0.995,2.0566,0.1139,154.2841,2.0597663095603833,7.41515871441738,9.569699999999997,-4.338100000000004,-1.9487,0.396,1.9885290266928468,10.507058089684286,0,08_23_32_947_ego_32,0,947,947,965,vehicle_vehicle,0.28762159479930155,2.3135356757438617,1.3964417842047585,11.177352622602548,15.0,3.0,3.5,0.8,3.819672777869853,13.750822000331471
8,23,984,679,102.978,-49.9412,75.9125,2.5943,5.7054,0.8275,3.8302,-0.8326,0.5363,3.9164,-0.1296,0.3176,-0.9381,van,32,111.3965,-49.2569,-1.7804,0.9901,2.0339,0.1156,154.1739,2.0371848639728305,7.33386551030219,-8.418500000000009,-0.6843000000000004,2.6079,2.8401,3.8558151433905645,8.446265964318206,0,08_23_32_947_ego_32,1,947,947,965,vehicle_vehicle,0.28762159479930155,2.3135356757438617,1.3964417842047585,11.177352622602548,15.0,3.0,3.5,0.8,3.819672777869853,13.750822000331471
8,31,984,347,99.258,-35.054,126.1206,3.6298,18.2042,-3.3214,4.3935,-1.0975,-0.3018,5.5068,-0.093,0.4032,-1.0645,truck,32,111.3965,-49.2569,-1.7804,0.9901,2.0339,0.1156,154.1739,2.0371848639728305,7.33386551030219,-12.138500000000008,14.2029,-1.5410000000000001,3.4034000000000004,3.7360155995391673,18.683296033087956,0,08_23_32_947_ego_32,0,947,947,965,vehicle_vehicle,0.28762159479930155,2.3135356757438617,1.3964417842047585,11.177352622602548,15.0,3.0,3.5,0.8,3.819672777869853,13.750822000331471
8,32,984,313,111.3965,-49.2569,154.1739,1.8544,4.9742,-1.7804,0.9901,0.5136,-0.139,2.0339,0.1156,-0.5229,0.0987,car,32,111.3965,-49.2569,-1.7804,0.9901,2.0339,0.1156,154.1739,2.0371848639728305,7.33386551030219,0.0,0.0,0.0,0.0,0.0,0.0,1,08_23_32_947_ego_32,1,947,947,965,vehicle_vehicle,0.28762159479930155,2.3135356757438617,1.3964417842047585,11.177352622602548,15.0,3.0,3.5,0.8,3.819672777869853,13.750822000331471
8,35,984,265,120.8885,-53.5797,160.121,1.8297,4.3769,-3.7078,1.3769,1.0926,-0.3616,3.9551,0.034,-1.1504,0.0315,car,32,111.3965,-49.2569,-1.7804,0.9901,2.0339,0.1156,154.1739,2.0371848639728305,7.33386551030219,9.49199999999999,-4.322800000000001,-1.9274000000000002,0.38680000000000003,1.9658293415248438,10.429988678804968,0,08_23_32_947_ego_32,0,947,947,965,vehicle_vehicle,0.28762159479930155,2.3135356757438617,1.3964417842047585,11.177352622602548,15.0,3.0,3.5,0.8,3.819672777869853,13.750822000331471
8,23,985,680,103.0093,-49.7873,76.3567,2.5943,5.7054,0.7961,3.8531,-0.8454,0.5637,3.9321,-0.1352,0.3484,-0.9545,van,32,111.3254,-49.2162,-1.7591,0.9852,2.0128,0.1165,154.0612,2.0161973737707326,7.258310545574638,-8.316100000000006,-0.5711000000000013,2.5552,2.8679,3.8410802451914487,8.335686799538482,0,08_23_32_947_ego_32,1,947,947,965,vehicle_vehicle,0.28762159479930155,2.3135356757438617,1.3964417842047585,11.177352622602548,15.0,3.0,3.5,0.8,3.819672777869853,13.750822000331471
8,31,985,348,99.1243,-34.8795,126.3352,3.6298,18.2042,-3.3682,4.3807,-1.116,-0.3452,5.5246,-0.1177,0.3832,-1.1036,truck,32,111.3254,-49.2162,-1.7591,0.9852,2.0128,0.1165,154.0612,2.0161973737707326,7.258310545574638,-12.201099999999997,14.3367,-1.6090999999999998,3.3955,3.757475623340756,18.825721980843124,0,08_23_32_947_ego_32,0,947,947,965,vehicle_vehicle,0.28762159479930155,2.3135356757438617,1.3964417842047585,11.177352622602548,15.0,3.0,3.5,0.8,3.819672777869853,13.750822000331471
8,32,985,314,111.3254,-49.2162,154.0612,1.8544,4.9742,-1.7591,0.9852,0.4677,-0.1298,2.0128,0.1165,-0.4773,0.0878,car,32,111.3254,-49.2162,-1.7591,0.9852,2.0128,0.1165,154.0612,2.0161973737707326,7.258310545574638,0.0,0.0,0.0,0.0,0.0,0.0,1,08_23_32_947_ego_32,1,947,947,965,vehicle_vehicle,0.28762159479930155,2.3135356757438617,1.3964417842047585,11.177352622602548,15.0,3.0,3.5,0.8,3.819672777869853,13.750822000331471
8,35,985,266,120.7406,-53.5247,160.1211,1.8297,4.3769,-3.6621,1.3621,1.1188,-0.3746,3.9071,0.0357,-1.1795,0.0281,car,32,111.3254,-49.2162,-1.7591,0.9852,2.0128,0.1165,154.0612,2.0161973737707326,7.258310545574638,9.415199999999999,-4.308500000000002,-1.903,0.3769000000000001,1.9399645898830216,10.354185785951495,0,08_23_32_947_ego_32,0,947,947,965,vehicle_vehicle,0.28762159479930155,2.3135356757438617,1.3964417842047585,11.177352622602548,15.0,3.0,3.5,0.8,3.819672777869853,13.750822000331471
8,23,986,681,103.0402,-49.6329,76.8191,2.5943,5.7054,0.7643,3.8771,-0.8603,0.5896,3.9493,-0.1399,0.3779,-0.972,van,32,111.2548,-49.1753,-1.7393,0.9799,1.993,0.1163,153.9431,1.9963387738557803,7.1868195858808095,-8.214600000000004,-0.45759999999999934,2.5036,2.8971999999999998,3.829070487729365,8.227335590578525,0,08_23_32_947_ego_32,1,947,947,965,vehicle_vehicle,0.28762159479930155,2.3135356757438617,1.3964417842047585,11.177352622602548,15.0,3.0,3.5,0.8,3.819672777869853,13.750822000331471
8,31,986,349,98.9876,-34.7058,126.564,3.6298,18.2042,-3.4153,4.3666,-1.1318,-0.3881,5.5418,-0.1418,0.3626,-1.1403,truck,32,111.2548,-49.1753,-1.7393,0.9799,1.993,0.1163,153.9431,1.9963387738557803,7.1868195858808095,-12.267200000000003,14.469499999999996,-1.6759999999999997,3.3867000000000003,3.77871841898811,18.9697292044457,0,08_23_32_947_ego_32,0,947,947,965,vehicle_vehicle,0.28762159479930155,2.3135356757438617,1.3964417842047585,11.177352622602548,15.0,3.0,3.5,0.8,3.819672777869853,13.750822000331471
8,32,986,315,111.2548,-49.1753,153.9431,1.8544,4.9742,-1.7393,0.9799,0.4208,-0.121,1.993,0.1163,-0.4312,0.0762,car,32,111.2548,-49.1753,-1.7393,0.9799,1.993,0.1163,153.9431,1.9963387738557803,7.1868195858808095,0.0,0.0,0.0,0.0,0.0,0.0,1,08_23_32_947_ego_32,1,947,947,965,vehicle_vehicle,0.28762159479930155,2.3135356757438617,1.3964417842047585,11.177352622602548,15.0,3.0,3.5,0.8,3.819672777869853,13.750822000331471
8,35,986,267,120.5946,-53.4701,160.1143,1.8297,4.3769,-3.6152,1.3467,1.1428,-0.3874,3.8577,0.0367,-1.2065,0.0245,car,32,111.2548,-49.1753,-1.7393,0.9799,1.993,0.1163,153.9431,1.9963387738557803,7.1868195858808095,9.339799999999997,-4.294800000000002,-1.8759000000000001,0.3668,1.9114243511057403,10.279940227452684,0,08_23_32_947_ego_32,0,947,947,965,vehicle_vehicle,0.28762159479930155,2.3135356757438617,1.3964417842047585,11.177352622602548,15.0,3.0,3.5,0.8,3.819672777869853,13.750822000331471
8,23,987,682,103.0703,-49.4774,77.3024,2.5943,5.7054,0.7319,3.9022,-0.8771,0.614,3.9677,-0.1437,0.4062,-0.9906,van,32,111.186,-49.1341,-1.7217,0.9742,1.9749,0.1144,153.8112,1.9782104362276527,7.12155757041955,-8.115700000000004,-0.3433000000000064,2.4536,2.928,3.8201226367748977,8.122957674394227,0,08_23_32_947_ego_32,1,947,947,965,vehicle_vehicle,0.28762159479930155,2.3135356757438617,1.3964417842047585,11.177352622602548,15.0,3.0,3.5,0.8,3.819672777869853,13.750822000331471
8,31,987,350,98.8484,-34.533,126.8075,3.6298,18.2042,-3.4623,4.3515,-1.1455,-0.4311,5.5584,-0.165,0.3412,-1.1754,truck,32,111.186,-49.1341,-1.7217,0.9742,1.9749,0.1144,153.8112,1.9782104362276527,7.12155757041955,-12.337600000000009,14.601099999999995,-1.7406,3.3773,3.7994530724829327,19.115660987002258,0,08_23_32_947_ego_32,0,947,947,965,vehicle_vehicle,0.28762159479930155,2.3135356757438617,1.3964417842047585,11.177352622602548,15.0,3.0,3.5,0.8,3.819672777869853,13.750822000331471
8,32,987,316,111.186,-49.1341,153.8112,1.8544,4.9742,-1.7217,0.9742,0.373,-0.1117,1.9749,0.1144,-0.384,0.0644,car,32,111.186,-49.1341,-1.7217,0.9742,1.9749,0.1144,153.8112,1.9782104362276527,7.12155757041955,0.0,0.0,0.0,0.0,0.0,0.0,1,08_23_32_947_ego_32,1,947,947,965,vehicle_vehicle,0.28762159479930155,2.3135356757438617,1.3964417842047585,11.177352622602548,15.0,3.0,3.5,0.8,3.819672777869853,13.750822000331471
8,35,987,268,120.4507,-53.4167,160.1037,1.8297,4.3769,-3.5673,1.3308,1.1647,-0.3996,3.8072,0.0373,-1.2312,0.0206,car,32,111.186,-49.1341,-1.7217,0.9742,1.9749,0.1144,153.8112,1.9782104362276527,7.12155757041955,9.26469999999999,-4.282600000000002,-1.8456,0.35660000000000003,1.879734800443935,10.206631611359343,0,08_23_32_947_ego_32,0,947,947,965,vehicle_vehicle,0.28762159479930155,2.3135356757438617,1.3964417842047585,11.177352622602548,15.0,3.0,3.5,0.8,3.819672777869853,13.750822000331471
8,23,988,683,103.0998,-49.3208,77.8023,2.5943,5.7054,0.6983,3.9283,-0.8956,0.6369,3.9872,-0.1474,0.4333,-1.01,van,32,111.1176,-49.0938,-1.7059,0.9683,1.9584,0.1117,153.6828,1.9615554287350638,7.0615995434462295,-8.017799999999994,-0.22699999999999676,2.4042,2.96,3.8133682801428974,8.021012768971254,0,08_23_32_947_ego_32,1,947,947,965,vehicle_vehicle,0.28762159479930155,2.3135356757438617,1.3964417842047585,11.177352622602548,15.0,3.0,3.5,0.8,3.819672777869853,13.750822000331471
8,31,988,351,98.7069,-34.3613,127.0654,3.6298,18.2042,-3.5091,4.3355,-1.1578,-0.4749,5.5745,-0.1869,0.3189,-1.2101,truck,32,111.1176,-49.0938,-1.7059,0.9683,1.9584,0.1117,153.6828,1.9615554287350638,7.0615995434462295,-12.410699999999991,14.732500000000002,-1.8032000000000001,3.3671999999999995,3.8196290500518497,19.263230018353614,0,08_23_32_947_ego_32,0,947,947,965,vehicle_vehicle,0.28762159479930155,2.3135356757438617,1.3964417842047585,11.177352622602548,15.0,3.0,3.5,0.8,3.819672777869853,13.750822000331471
8,32,988,317,111.1176,-49.0938,153.6828,1.8544,4.9742,-1.7059,0.9683,0.3244,-0.1012,1.9584,0.1117,-0.3356,0.0531,car,32,111.1176,-49.0938,-1.7059,0.9683,1.9584,0.1117,153.6828,1.9615554287350638,7.0615995434462295,0.0,0.0,0.0,0.0,0.0,0.0,1,08_23_32_947_ego_32,1,947,947,965,vehicle_vehicle,0.28762159479930155,2.3135356757438617,1.3964417842047585,11.177352622602548,15.0,3.0,3.5,0.8,3.819672777869853,13.750822000331471
8,35,988,269,120.3093,-53.3653,160.0952,1.8297,4.3769,-3.5186,1.315,1.1844,-0.4118,3.7561,0.0385,-1.2539,0.016,car,32,111.1176,-49.0938,-1.7059,0.9683,1.9584,0.1117,153.6828,1.9615554287350638,7.0615995434462295,9.191699999999997,-4.271499999999996,-1.8127000000000002,0.3466999999999999,1.8455574171507103,10.135731899571926,0,08_23_32_947_ego_32,0,947,947,965,vehicle_vehicle,0.28762159479930155,2.3135356757438617,1.3964417842047585,11.177352622602548,15.0,3.0,3.5,0.8,3.819672777869853,13.750822000331471
8,23,989,684,103.1284,-49.1633,78.3139,2.5943,5.7054,0.6635,3.9554,-0.9155,0.6582,4.0078,-0.1514,0.4591,-1.0298,van,32,111.0496,-49.0544,-1.6922,0.9626,1.9438,0.1082,153.5534,1.9468280869147125,7.008581112892966,-7.921199999999999,-0.10889999999999844,2.3556999999999997,2.9928,3.8086971958925795,7.9219485387119235,0,08_23_32_947_ego_32,1,947,947,965,vehicle_vehicle,0.28762159479930155,2.3135356757438617,1.3964417842047585,11.177352622602548,15.0,3.0,3.5,0.8,3.819672777869853,13.750822000331471
8,31,989,352,98.5623,-34.1909,127.3388,3.6298,18.2042,-3.5551,4.3188,-1.1698,-0.5204,5.5899,-0.207,0.2958,-1.2457,truck,32,111.0496,-49.0544,-1.6922,0.9626,1.9438,0.1082,153.5534,1.9468280869147125,7.008581112892966,-12.487300000000005,14.863500000000002,-1.8629,3.3562000000000003,3.8385511394274796,19.412786856605624,0,08_23_32_947_ego_32,0,947,947,965,vehicle_vehicle,0.28762159479930155,2.3135356757438617,1.3964417842047585,11.177352622602548,15.0,3.0,3.5,0.8,3.819672777869853,13.750822000331471
8,32,989,318,111.0496,-49.0544,153.5534,1.8544,4.9742,-1.6922,0.9626,0.2749,-0.0892,1.9438,0.1082,-0.2859,0.0426,car,32,111.0496,-49.0544,-1.6922,0.9626,1.9438,0.1082,153.5534,1.9468280869147125,7.008581112892966,0.0,0.0,0.0,0.0,0.0,0.0,1,08_23_32_947_ego_32,1,947,947,965,vehicle_vehicle,0.28762159479930155,2.3135356757438617,1.3964417842047585,11.177352622602548,15.0,3.0,3.5,0.8,3.819672777869853,13.750822000331471
8,35,989,270,120.1704,-53.3135,160.081,1.8297,4.3769,-3.4694,1.2989,1.2022,-0.4244,3.7044,0.0392,-1.2749,0.0106,car,32,111.0496,-49.0544,-1.6922,0.9626,1.9438,0.1082,153.5534,1.9468280869147125,7.008581112892966,9.120800000000003,-4.2590999999999966,-1.7772,0.33629999999999993,1.8087392100576578,10.066226971909584,0,08_23_32_947_ego_32,0,947,947,965,vehicle_vehicle,0.28762159479930155,2.3135356757438617,1.3964417842047585,11.177352622602548,15.0,3.0,3.5,0.8,3.819672777869853,13.750822000331471
8,23,990,685,103.1556,-49.005,78.8234,2.5943,5.7054,0.6274,3.9834,-0.9361,0.6779,4.0295,-0.1567,0.4835,-1.0497,van,32,110.9819,-49.0155,-1.6802,0.9571,1.9309,0.1043,153.4265,1.9336784763760493,6.961242514953778,-7.826299999999989,0.010500000000000398,2.3076,3.0263,3.80572062164316,7.826307043555079,0,08_23_32_947_ego_32,1,947,947,965,vehicle_vehicle,0.28762159479930155,2.3135356757438617,1.3964417842047585,11.177352622602548,15.0,3.0,3.5,0.8,3.819672777869853,13.750822000331471
8,31,990,353,98.4149,-34.0216,127.6282,3.6298,18.2042,-3.5998,4.3015,-1.1831,-0.5688,5.6045,-0.2248,0.2718,-1.2842,truck,32,110.9819,-49.0155,-1.6802,0.9571,1.9309,0.1043,153.4265,1.9336784763760493,6.961242514953778,-12.566999999999993,14.993900000000004,-1.9196000000000002,3.3444,3.8561477565051887,19.563908766143843,0,08_23_32_947_ego_32,0,947,947,965,vehicle_vehicle,0.28762159479930155,2.3135356757438617,1.3964417842047585,11.177352622602548,15.0,3.0,3.5,0.8,3.819672777869853,13.750822000331471
8,32,990,319,110.9819,-49.0155,153.4265,1.8544,4.9742,-1.6802,0.9571,0.2247,-0.0753,1.9309,0.1043,-0.2346,0.0331,car,32,110.9819,-49.0155,-1.6802,0.9571,1.9309,0.1043,153.4265,1.9336784763760493,6.961242514953778,0.0,0.0,0.0,0.0,0.0,0.0,1,08_23_32_947_ego_32,1,947,947,965,vehicle_vehicle,0.28762159479930155,2.3135356757438617,1.3964417842047585,11.177352622602548,15.0,3.0,3.5,0.8,3.819672777869853,13.750822000331471
8,35,990,271,120.0345,-53.2615,160.0803,1.8297,4.3769,-3.4204,1.2822,1.2186,-0.4372,3.6526,0.0402,-1.2946,0.0041,car,32,110.9819,-49.0155,-1.6802,0.9571,1.9309,0.1043,153.4265,1.9336784763760493,6.961242514953778,9.052599999999998,-4.245999999999995,-1.7402,0.32510000000000006,1.7703067672016621,9.998904077947739,0,08_23_32_947_ego_32,0,947,947,965,vehicle_vehicle,0.28762159479930155,2.3135356757438617,1.3964417842047585,11.177352622602548,15.0,3.0,3.5,0.8,3.819672777869853,13.750822000331471
8,23,991,686,103.1814,-48.8453,79.3202,2.5943,5.7054,0.5898,4.0124,-0.9568,0.6957,4.0522,-0.164,0.5064,-1.0692,van,32,110.9148,-48.9761,-1.6703,0.9517,1.9198,0.0997,153.3015,1.9224034384072453,6.920652378266083,-7.733400000000003,0.1308000000000007,2.2601,3.0607000000000006,3.804725548577716,7.734506073434816,0,08_23_32_947_ego_32,1,947,947,965,vehicle_vehicle,0.28762159479930155,2.3135356757438617,1.3964417842047585,11.177352622602548,15.0,3.0,3.5,0.8,3.819672777869853,13.750822000331471
8,31,991,354,98.2681,-33.8508,127.9341,3.6298,18.2042,-3.6443,4.2825,-1.1987,-0.6209,5.618,-0.2416,0.2472,-1.3272,truck,32,110.9148,-48.9761,-1.6703,0.9517,1.9198,0.0997,153.3015,1.9224034384072453,6.920652378266083,-12.646699999999996,15.125300000000003,-1.974,3.3308,3.8718089622294123,19.71582412632046,0,08_23_32_947_ego_32,0,947,947,965,vehicle_vehicle,0.28762159479930155,2.3135356757438617,1.3964417842047585,11.177352622602548,15.0,3.0,3.5,0.8,3.819672777869853,13.750822000331471
8,32,991,320,110.9148,-48.9761,153.3015,1.8544,4.9742,-1.6703,0.9517,0.1735,-0.0593,1.9198,0.0997,-0.1816,0.0249,car,32,110.9148,-48.9761,-1.6703,0.9517,1.9198,0.0997,153.3015,1.9224034384072453,6.920652378266083,0.0,0.0,0.0,0.0,0.0,0.0,1,08_23_32_947_ego_32,1,947,947,965,vehicle_vehicle,0.28762159479930155,2.3135356757438617,1.3964417842047585,11.177352622602548,15.0,3.0,3.5,0.8,3.819672777869853,13.750822000331471
8,35,991,272,119.9004,-53.2093,160.0841,1.8297,4.3769,-3.3714,1.2645,1.2344,-0.45,3.6005,0.0405,-1.3139,-0.0027,car,32,110.9148,-48.9761,-1.6703,0.9517,1.9198,0.0997,153.3015,1.9224034384072453,6.920652378266083,8.985600000000005,-4.2331999999999965,-1.7011,0.31279999999999997,1.7296199148945992,9.932823848231683,0,08_23_32_947_ego_32,0,947,947,965,vehicle_vehicle,0.28762159479930155,2.3135356757438617,1.3964417842047585,11.177352622602548,15.0,3.0,3.5,0.8,3.819672777869853,13.750822000331471
8,23,992,687,103.205,-48.6841,79.8172,2.5943,5.7054,0.5511,4.042,-0.9773,0.7118,4.0757,-0.1722,0.5278,-1.0878,van,32,110.8478,-48.937,-1.6624,0.9465,1.9106,0.0947,153.1827,1.9129652401442114,6.886674864519161,-7.642800000000008,0.2528999999999968,2.2135000000000002,3.0955,3.805483215046415,7.64698308158192,0,08_23_32_947_ego_32,1,947,947,965,vehicle_vehicle,0.28762159479930155,2.3135356757438617,1.3964417842047585,11.177352622602548,15.0,3.0,3.5,0.8,3.819672777869853,13.750822000331471
8,31,992,355,98.1263,-33.676,128.2535,3.6298,18.2042,-3.6914,4.2599,-1.2162,-0.676,5.6307,-0.2613,0.2222,-1.3736,truck,32,110.8478,-48.937,-1.6624,0.9465,1.9106,0.0947,153.1827,1.9129652401442114,6.886674864519161,-12.721500000000006,15.260999999999996,-2.029,3.3134,3.8852877062065816,19.867931025902017,0,08_23_32_947_ego_32,0,947,947,965,vehicle_vehicle,0.28762159479930155,2.3135356757438617,1.3964417842047585,11.177352622602548,15.0,3.0,3.5,0.8,3.819672777869853,13.750822000331471
8,32,992,321,110.8478,-48.937,153.1827,1.8544,4.9742,-1.6624,0.9465,0.1213,-0.0407,1.9106,0.0947,-0.1266,0.0184,car,32,110.8478,-48.937,-1.6624,0.9465,1.9106,0.0947,153.1827,1.9129652401442114,6.886674864519161,0.0,0.0,0.0,0.0,0.0,0.0,1,08_23_32_947_ego_32,1,947,947,965,vehicle_vehicle,0.28762159479930155,2.3135356757438617,1.3964417842047585,11.177352622602548,15.0,3.0,3.5,0.8,3.819672777869853,13.750822000331471
8,35,992,273,119.7676,-53.1576,160.0944,1.8297,4.3769,-3.3221,1.2456,1.2501,-0.4624,3.5478,0.0401,-1.3328,-0.0091,car,32,110.8478,-48.937,-1.6624,0.9465,1.9106,0.0947,153.1827,1.9129652401442114,6.886674864519161,8.919799999999995,-4.220600000000005,-1.6596999999999997,0.29910000000000003,1.6864355605833266,9.86794286566354,0,08_23_32_947_ego_32,0,947,947,965,vehicle_vehicle,0.28762159479930155,2.3135356757438617,1.3964417842047585,11.177352622602548,15.0,3.0,3.5,0.8,3.819672777869853,13.750822000331471
8,23,993,688,103.2266,-48.5216,80.3148,2.5943,5.7054,0.5114,4.0721,-0.9973,0.7261,4.1001,-0.181,0.548,-1.1052,van,32,110.7817,-48.8987,-1.6566,0.9419,1.9035,0.0893,153.0651,1.9056492778053364,6.860337400099211,-7.555099999999996,0.37709999999999866,2.168,3.1302,3.807673310566441,7.564505299092595,0,08_23_32_947_ego_32,1,947,947,965,vehicle_vehicle,0.28762159479930155,2.3135356757438617,1.3964417842047585,11.177352622602548,15.0,3.0,3.5,0.8,3.819672777869853,13.750822000331471
8,31,993,356,97.9822,-33.5019,128.5874,3.6298,18.2042,-3.741,4.2334,-1.2337,-0.7325,5.6423,-0.2838,0.1969,-1.4212,truck,32,110.7817,-48.8987,-1.6566,0.9419,1.9035,0.0893,153.0651,1.9056492778053364,6.860337400099211,-12.799499999999995,15.396799999999999,-2.0844,3.2914999999999996,3.895984549507351,20.02220393687967,0,08_23_32_947_ego_32,0,947,947,965,vehicle_vehicle,0.28762159479930155,2.3135356757438617,1.3964417842047585,11.177352622602548,15.0,3.0,3.5,0.8,3.819672777869853,13.750822000331471
8,32,993,322,110.7817,-48.8987,153.0651,1.8544,4.9742,-1.6566,0.9419,0.0681,-0.0192,1.9035,0.0893,-0.0694,0.0137,car,32,110.7817,-48.8987,-1.6566,0.9419,1.9035,0.0893,153.0651,1.9056492778053364,6.860337400099211,0.0,0.0,0.0,0.0,0.0,0.0,1,08_23_32_947_ego_32,1,947,947,965,vehicle_vehicle,0.28762159479930155,2.3135356757438617,1.3964417842047585,11.177352622602548,15.0,3.0,3.5,0.8,3.819672777869853,13.750822000331471
8,35,993,274,119.6364,-53.1075,160.1043,1.8297,4.3769,-3.2725,1.226,1.2661,-0.4737,3.4944,0.0392,-1.3517,-0.0145,car,32,110.7817,-48.8987,-1.6566,0.9419,1.9035,0.0893,153.0651,1.9056492778053364,6.860337400099211,8.854699999999994,-4.208800000000004,-1.6159,0.2841,1.6406844973973513,9.804065969280293,0,08_23_32_947_ego_32,0,947,947,965,vehicle_vehicle,0.28762159479930155,2.3135356757438617,1.3964417842047585,11.177352622602548,15.0,3.0,3.5,0.8,3.819672777869853,13.750822000331471
8,23,994,689,103.2464,-48.3583,80.8091,2.5943,5.7054,0.4709,4.1029,-1.0166,0.7388,4.1254,-0.1905,0.5669,-1.1216,van,32,110.716,-48.861,-1.6531,0.9381,1.8989,0.0833,152.9385,1.9007291285188428,6.842624862667834,-7.4696,0.5026999999999973,2.124,3.1648,3.8114741295199686,7.486496607225571,0,08_23_32_947_ego_32,1,947,947,965,vehicle_vehicle,0.28762159479930155,2.3135356757438617,1.3964417842047585,11.177352622602548,15.0,3.0,3.5,0.8,3.819672777869853,13.750822000331471
8,31,994,357,97.8345,-33.3298,128.9361,3.6298,18.2042,-3.7925,4.2032,-1.2496,-0.7887,5.6529,-0.3085,0.1718,-1.4677,truck,32,110.716,-48.861,-1.6531,0.9381,1.8989,0.0833,152.9385,1.9007291285188428,6.842624862667834,-12.881499999999988,15.531199999999998,-2.1394,3.2651,3.903576612543937,20.177988395526437,0,08_23_32_947_ego_32,0,947,947,965,vehicle_vehicle,0.28762159479930155,2.3135356757438617,1.3964417842047585,11.177352622602548,15.0,3.0,3.5,0.8,3.819672777869853,13.750822000331471
8,32,994,323,110.716,-48.861,152.9385,1.8544,4.9742,-1.6531,0.9381,0.0141,0.0053,1.8989,0.0833,-0.0101,0.0111,car,32,110.716,-48.861,-1.6531,0.9381,1.8989,0.0833,152.9385,1.9007291285188428,6.842624862667834,0.0,0.0,0.0,0.0,0.0,0.0,1,08_23_32_947_ego_32,1,947,947,965,vehicle_vehicle,0.28762159479930155,2.3135356757438617,1.3964417842047585,11.177352622602548,15.0,3.0,3.5,0.8,3.819672777869853,13.750822000331471
8,35,994,275,119.5066,-53.0579,160.1123,1.8297,4.3769,-3.2223,1.2056,1.2825,-0.4837,3.4403,0.0375,-1.3706,-0.0186,car,32,110.716,-48.861,-1.6531,0.9381,1.8989,0.0833,152.9385,1.9007291285188428,6.842624862667834,8.790600000000012,-4.196899999999999,-1.5692000000000002,0.26749999999999996,1.5918369545905133,9.7410788914781,0,08_23_32_947_ego_32,0,947,947,965,vehicle_vehicle,0.28762159479930155,2.3135356757438617,1.3964417842047585,11.177352622602548,15.0,3.0,3.5,0.8,3.819672777869853,13.750822000331471
8,23,995,690,103.2648,-48.1936,81.3101,2.5943,5.7054,0.4294,4.1342,-1.0352,0.7497,4.1516,-0.2001,0.5847,-1.1366,van,32,110.6508,-48.8236,-1.6522,0.9353,1.897,0.0771,152.8141,1.8985654926812505,6.834835773652502,-7.38600000000001,0.6299999999999955,2.0816,3.1989,3.8165455283541423,7.412819706427517,0,08_23_32_947_ego_32,1,947,947,965,vehicle_vehicle,0.28762159479930155,2.3135356757438617,1.3964417842047585,11.177352622602548,15.0,3.0,3.5,0.8,3.819672777869853,13.750822000331471
8,31,995,358,97.6837,-33.1599,129.2951,3.6298,18.2042,-3.8454,4.1699,-1.2629,-0.8437,5.6624,-0.3351,0.1469,-1.5117,truck,32,110.6508,-48.8236,-1.6522,0.9353,1.897,0.0771,152.8141,1.8985654926812505,6.834835773652502,-12.967100000000002,15.663699999999999,-2.1932,3.2346000000000004,3.90803830585116,20.33463007039961,0,08_23_32_947_ego_32,0,947,947,965,vehicle_vehicle,0.28762159479930155,2.3135356757438617,1.3964417842047585,11.177352622602548,15.0,3.0,3.5,0.8,3.819672777869853,13.750822000331471
8,32,995,324,110.6508,-48.8236,152.8141,1.8544,4.9742,-1.6522,0.9353,-0.0405,0.0328,1.897,0.0771,0.051,0.0107,car,32,110.6508,-48.8236,-1.6522,0.9353,1.897,0.0771,152.8141,1.8985654926812505,6.834835773652502,0.0,0.0,0.0,0.0,0.0,0.0,1,08_23_32_947_ego_32,1,947,947,965,vehicle_vehicle,0.28762159479930155,2.3135356757438617,1.3964417842047585,11.177352622602548,15.0,3.0,3.5,0.8,3.819672777869853,13.750822000331471
8,35,995,276,119.3778,-53.0096,160.1182,1.8297,4.3769,-3.1711,1.1846,1.2992,-0.4922,3.385,0.0356,-1.3892,-0.021,car,32,110.6508,-48.8236,-1.6522,0.9353,1.897,0.0771,152.8141,1.8985654926812505,6.834835773652502,8.72699999999999,-4.186,-1.5189000000000001,0.24930000000000008,1.5392230832468698,9.679004339290268,0,08_23_32_947_ego_32,0,947,947,965,vehicle_vehicle,0.28762159479930155,2.3135356757438617,1.3964417842047585,11.177352622602548,15.0,3.0,3.5,0.8,3.819672777869853,13.750822000331471
8,23,996,691,103.2813,-48.0281,81.8206,2.5943,5.7054,0.3872,4.1661,-1.053,0.7588,4.1788,-0.2095,0.6013,-1.1503,van,32,110.5858,-48.7864,-1.6539,0.9338,1.8979,0.071,152.6929,1.8993071499891743,6.837505739961028,-7.304500000000004,0.7582999999999984,2.0411,3.2323000000000004,3.8228068876154344,7.343755111657799,0,08_23_32_947_ego_32,1,947,947,965,vehicle_vehicle,0.28762159479930155,2.3135356757438617,1.3964417842047585,11.177352622602548,15.0,3.0,3.5,0.8,3.819672777869853,13.750822000331471
8,31,996,359,97.5299,-32.9923,129.6674,3.6298,18.2042,-3.8993,4.1337,-1.2731,-0.8966,5.671,-0.3628,0.1225,-1.5523,truck,32,110.5858,-48.7864,-1.6539,0.9338,1.8979,0.071,152.6929,1.8993071499891743,6.837505739961028,-13.055900000000008,15.7941,-2.2454,3.1999000000000004,3.909115139005246,20.49170855785335,0,08_23_32_947_ego_32,0,947,947,965,vehicle_vehicle,0.28762159479930155,2.3135356757438617,1.3964417842047585,11.177352622602548,15.0,3.0,3.5,0.8,3.819672777869853,13.750822000331471
8,32,996,325,110.5858,-48.7864,152.6929,1.8544,4.9742,-1.6539,0.9338,-0.0952,0.0633,1.8979,0.071,0.1136,0.0125,car,32,110.5858,-48.7864,-1.6539,0.9338,1.8979,0.071,152.6929,1.8993071499891743,6.837505739961028,0.0,0.0,0.0,0.0,0.0,0.0,1,08_23_32_947_ego_32,1,947,947,965,vehicle_vehicle,0.28762159479930155,2.3135356757438617,1.3964417842047585,11.177352622602548,15.0,3.0,3.5,0.8,3.819672777869853,13.750822000331471
8,35,996,277,119.2515,-52.9621,160.1318,1.8297,4.3769,-3.119,1.1631,1.3159,-0.4989,3.3287,0.0338,-1.4071,-0.0219,car,32,110.5858,-48.7864,-1.6539,0.9338,1.8979,0.071,152.6929,1.8993071499891743,6.837505739961028,8.665699999999987,-4.175699999999999,-1.4651000000000003,0.22930000000000006,1.4829350963545238,9.619294515711626,0,08_23_32_947_ego_32,0,947,947,965,vehicle_vehicle,0.28762159479930155,2.3135356757438617,1.3964417842047585,11.177352622602548,15.0,3.0,3.5,0.8,3.819672777869853,13.750822000331471
8,23,997,692,103.2957,-47.8606,82.3482,2.5943,5.7054,0.3443,4.1983,-1.07,0.766,4.2067,-0.2178,0.6167,-1.1625,van,32,110.5203,-48.7497,-1.658,0.9337,1.9017,0.0653,152.5816,1.9028293906706402,6.850185806414305,-7.2246000000000095,0.8890999999999991,2.0023,3.2645999999999997,3.8297282475392427,7.2791032394107535,0,08_23_32_947_ego_32,1,947,947,965,vehicle_vehicle,0.28762159479930155,2.3135356757438617,1.3964417842047585,11.177352622602548,15.0,3.0,3.5,0.8,3.819672777869853,13.750822000331471
8,31,997,360,97.3726,-32.8269,130.0532,3.6298,18.2042,-3.9534,4.0952,-1.28,-0.9469,5.6786,-0.3909,0.0989,-1.5891,truck,32,110.5203,-48.7497,-1.658,0.9337,1.9017,0.0653,152.5816,1.9028293906706402,6.850185806414305,-13.1477,15.922799999999995,-2.2954,3.1615,3.906909700773746,20.64939648343263,0,08_23_32_947_ego_32,0,947,947,965,vehicle_vehicle,0.28762159479930155,2.3135356757438617,1.3964417842047585,11.177352622602548,15.0,3.0,3.5,0.8,3.819672777869853,13.750822000331471
8,32,997,326,110.5203,-48.7497,152.5816,1.8544,4.9742,-1.658,0.9337,-0.1497,0.0964,1.9017,0.0653,0.1773,0.0167,car,32,110.5203,-48.7497,-1.658,0.9337,1.9017,0.0653,152.5816,1.9028293906706402,6.850185806414305,0.0,0.0,0.0,0.0,0.0,0.0,1,08_23_32_947_ego_32,1,947,947,965,vehicle_vehicle,0.28762159479930155,2.3135356757438617,1.3964417842047585,11.177352622602548,15.0,3.0,3.5,0.8,3.819672777869853,13.750822000331471
8,35,997,278,119.127,-52.9164,160.1418,1.8297,4.3769,-3.066,1.1414,1.3323,-0.5038,3.2714,0.032,-1.4242,-0.0212,car,32,110.5203,-48.7497,-1.658,0.9337,1.9017,0.0653,152.5816,1.9028293906706402,6.850185806414305,8.60669999999999,-4.166700000000006,-1.408,0.2077,1.4232369057890537,9.562252547386514,0,08_23_32_947_ego_32,0,947,947,965,vehicle_vehicle,0.28762159479930155,2.3135356757438617,1.3964417842047585,11.177352622602548,15.0,3.0,3.5,0.8,3.819672777869853,13.750822000331471
8,23,998,693,103.3089,-47.6919,82.8623,2.5943,5.7054,0.3006,4.2307,-1.0862,0.7714,4.2352,-0.2274,0.6305,-1.1737,van,32,110.4548,-48.7131,-1.6648,0.9353,1.9086,0.06,152.4725,1.9095405546884832,6.87434599687854,-7.145900000000012,1.0212000000000003,1.9654,3.2954,3.8369855772468053,7.218499584401191,0,08_23_32_947_ego_32,1,947,947,965,vehicle_vehicle,0.28762159479930155,2.3135356757438617,1.3964417842047585,11.177352622602548,15.0,3.0,3.5,0.8,3.819672777869853,13.750822000331471
8,31,998,361,97.2125,-32.664,130.4525,3.6298,18.2042,-4.0074,4.0547,-1.284,-0.9945,5.6855,-0.4186,0.0763,-1.6223,truck,32,110.4548,-48.7131,-1.6648,0.9353,1.9086,0.06,152.4725,1.9095405546884832,6.87434599687854,-13.2423,16.049099999999996,-2.3425999999999996,3.1194000000000006,3.9010807630706648,20.8070209328486,0,08_23_32_947_ego_32,0,947,947,965,vehicle_vehicle,0.28762159479930155,2.3135356757438617,1.3964417842047585,11.177352622602548,15.0,3.0,3.5,0.8,3.819672777869853,13.750822000331471
8,32,998,327,110.4548,-48.7131,152.4725,1.8544,4.9742,-1.6648,0.9353,-0.2036,0.132,1.9086,0.06,0.2416,0.023,car,32,110.4548,-48.7131,-1.6648,0.9353,1.9086,0.06,152.4725,1.9095405546884832,6.87434599687854,0.0,0.0,0.0,0.0,0.0,0.0,1,08_23_32_947_ego_32,1,947,947,965,vehicle_vehicle,0.28762159479930155,2.3135356757438617,1.3964417842047585,11.177352622602548,15.0,3.0,3.5,0.8,3.819672777869853,13.750822000331471
8,35,998,279,119.0047,-52.8721,160.1442,1.8297,4.3769,-3.0119,1.12,1.3481,-0.5072,3.2133,0.0304,-1.4403,-0.0192,car,32,110.4548,-48.7131,-1.6648,0.9353,1.9086,0.06,152.4725,1.9095405546884832,6.87434599687854,8.549899999999994,-4.159000000000006,-1.3470999999999997,0.1847000000000001,1.3597030925904374,9.507790017138575,0,08_23_32_947_ego_32,0,947,947,965,vehicle_vehicle,0.28762159479930155,2.3135356757438617,1.3964417842047585,11.177352622602548,15.0,3.0,3.5,0.8,3.819672777869853,13.750822000331471
8,23,999,694,103.3204,-47.5218,83.3772,2.5943,5.7054,0.2562,4.2632,-1.1015,0.7751,4.2643,-0.2372,0.6429,-1.1835,van,32,110.3889,-48.6769,-1.674,0.9388,1.9185,0.0557,152.3773,1.919276280268164,6.909394608965391,-7.0685,1.1551000000000045,1.9302,3.3244000000000002,3.8441263506809973,7.162258600469548,0,08_23_32_947_ego_32,1,947,947,965,vehicle_vehicle,0.28762159479930155,2.3135356757438617,1.3964417842047585,11.177352622602548,15.0,3.0,3.5,0.8,3.819672777869853,13.750822000331471
8,31,999,362,97.0555,-32.4992,130.8598,3.6298,18.2042,-4.0633,4.0109,-1.2842,-1.0389,5.6918,-0.4491,0.0544,-1.651,truck,32,110.3889,-48.6769,-1.674,0.9388,1.9185,0.0557,152.3773,1.919276280268164,6.909394608965391,-13.333400000000012,16.1777,-2.3893,3.0721000000000003,3.891857255861268,20.964196451331023,0,08_23_32_947_ego_32,0,947,947,965,vehicle_vehicle,0.28762159479930155,2.3135356757438617,1.3964417842047585,11.177352622602548,15.0,3.0,3.5,0.8,3.819672777869853,13.750822000331471
8,32,999,328,110.3889,-48.6769,152.3773,1.8544,4.9742,-1.674,0.9388,-0.2567,0.1696,1.9185,0.0557,0.3061,0.0313,car,32,110.3889,-48.6769,-1.674,0.9388,1.9185,0.0557,152.3773,1.919276280268164,6.909394608965391,0.0,0.0,0.0,0.0,0.0,0.0,1,08_23_32_947_ego_32,1,947,947,965,vehicle_vehicle,0.28762159479930155,2.3135356757438617,1.3964417842047585,11.177352622602548,15.0,3.0,3.5,0.8,3.819672777869853,13.750822000331471
8,35,999,280,118.8837,-52.8278,160.143,1.8297,4.3769,-2.9566,1.0984,1.3629,-0.5093,3.154,0.0288,-1.4549,-0.0161,car,32,110.3889,-48.6769,-1.674,0.9388,1.9185,0.0557,152.3773,1.919276280268164,6.909394608965391,8.494799999999998,-4.1509,-1.2826,0.15960000000000008,1.2924917485229839,9.454712996701696,0,08_23_32_947_ego_32,0,947,947,965,vehicle_vehicle,0.28762159479930155,2.3135356757438617,1.3964417842047585,11.177352622602548,15.0,3.0,3.5,0.8,3.819672777869853,13.750822000331471
8,23,1000,695,103.3301,-47.3507,83.9066,2.5943,5.7054,0.211,4.2958,-1.1157,0.7772,4.294,-0.2462,0.6544,-1.1919,van,32,110.3227,-48.6405,-1.6857,0.9444,1.9315,0.0521,152.2854,1.9322204454978733,6.955993603792344,-6.992599999999996,1.2897999999999996,1.8967,3.3514,3.8508898776776257,7.110558262190103,0,08_23_32_947_ego_32,1,947,947,965,vehicle_vehicle,0.28762159479930155,2.3135356757438617,1.3964417842047585,11.177352622602548,15.0,3.0,3.5,0.8,3.819672777869853,13.750822000331471
8,31,1000,363,96.8953,-32.3367,131.2782,3.6298,18.2042,-4.1205,3.9642,-1.2793,-1.0787,5.6975,-0.4814,0.0333,-1.6731,truck,32,110.3227,-48.6405,-1.6857,0.9444,1.9315,0.0521,152.2854,1.9322204454978733,6.955993603792344,-13.427399999999992,16.303800000000003,-2.4348,3.0198,3.879103386093235,21.12129175026944,0,08_23_32_947_ego_32,0,947,947,965,vehicle_vehicle,0.28762159479930155,2.3135356757438617,1.3964417842047585,11.177352622602548,15.0,3.0,3.5,0.8,3.819672777869853,13.750822000331471
8,32,1000,329,110.3227,-48.6405,152.2854,1.8544,4.9742,-1.6857,0.9444,-0.3084,0.2087,1.9315,0.0521,0.3701,0.0413,car,32,110.3227,-48.6405,-1.6857,0.9444,1.9315,0.0521,152.2854,1.9322204454978733,6.955993603792344,0.0,0.0,0.0,0.0,0.0,0.0,1,08_23_32_947_ego_32,1,947,947,965,vehicle_vehicle,0.28762159479930155,2.3135356757438617,1.3964417842047585,11.177352622602548,15.0,3.0,3.5,0.8,3.819672777869853,13.750822000331471
8,35,1000,281,118.7644,-52.785,160.1354,1.8297,4.3769,-2.8999,1.0771,1.3759,-0.5104,3.0934,0.0276,-1.4674,-0.0125,car,32,110.3227,-48.6405,-1.6857,0.9444,1.9315,0.0521,152.2854,1.9322204454978733,6.955993603792344,8.441699999999997,-4.144499999999994,-1.2142000000000002,0.13269999999999993,1.2214298710937115,9.404210713292207,0,08_23_32_947_ego_32,0,947,947,965,vehicle_vehicle,0.28762159479930155,2.3135356757438617,1.3964417842047585,11.177352622602548,15.0,3.0,3.5,0.8,3.819672777869853,13.750822000331471
8,23,1001,696,103.3378,-47.1779,84.4666,2.5943,5.7054,0.1651,4.3285,-1.1287,0.7776,4.3242,-0.253,0.6652,-1.1984,van,32,110.2566,-48.6041,-1.7002,0.9522,1.948,0.0495,152.2055,1.9486828577272393,7.015258287818061,-6.9188000000000045,1.4262000000000015,1.8653,3.3763,3.8572977302769877,7.064264992198415,0,08_23_32_947_ego_32,1,947,947,965,vehicle_vehicle,0.28762159479930155,2.3135356757438617,1.3964417842047585,11.177352622602548,15.0,3.0,3.5,0.8,3.819672777869853,13.750822000331471
8,31,1001,364,96.7322,-32.1768,131.7084,3.6298,18.2042,-4.1787,3.915,-1.2679,-1.1129,5.703,-0.5147,0.0128,-1.687,truck,32,110.2566,-48.6041,-1.7002,0.9522,1.948,0.0495,152.2055,1.9486828577272393,7.015258287818061,-13.5244,16.427300000000002,-2.4785000000000004,2.9628,3.8627899360436366,21.278288950242217,0,08_23_32_947_ego_32,0,947,947,965,vehicle_vehicle,0.28762159479930155,2.3135356757438617,1.3964417842047585,11.177352622602548,15.0,3.0,3.5,0.8,3.819672777869853,13.750822000331471
8,32,1001,330,110.2566,-48.6041,152.2055,1.8544,4.9742,-1.7002,0.9522,-0.3584,0.2487,1.948,0.0495,0.433,0.0528,car,32,110.2566,-48.6041,-1.7002,0.9522,1.948,0.0495,152.2055,1.9486828577272393,7.015258287818061,0.0,0.0,0.0,0.0,0.0,0.0,1,08_23_32_947_ego_32,1,947,947,965,vehicle_vehicle,0.28762159479930155,2.3135356757438617,1.3964417842047585,11.177352622602548,15.0,3.0,3.5,0.8,3.819672777869853,13.750822000331471
8,35,1001,282,118.648,-52.7429,160.1241,1.8297,4.3769,-2.8421,1.0559,1.3863,-0.5105,3.0318,0.0267,-1.4773,-0.0088,car,32,110.2566,-48.6041,-1.7002,0.9522,1.948,0.0495,152.2055,1.9486828577272393,7.015258287818061,8.39139999999999,-4.138799999999996,-1.1419,0.10370000000000001,1.1465990144771623,9.356562370871035,0,08_23_32_947_ego_32,0,947,947,965,vehicle_vehicle,0.28762159479930155,2.3135356757438617,1.3964417842047585,11.177352622602548,15.0,3.0,3.5,0.8,3.819672777869853,13.750822000331471
8,23,1002,697,103.3436,-47.0038,85.0388,2.5943,5.7054,0.1188,4.361,-1.1405,0.7766,4.3549,-0.2588,0.6751,-1.2034,van,32,110.1899,-48.5672,-1.7172,0.962,1.9678,0.0477,152.1295,1.9683037976897775,7.085893671683199,-6.846299999999999,1.5634000000000015,1.836,3.399,3.863171883310397,7.02253823414298,0,08_23_32_947_ego_32,1,947,947,965,vehicle_vehicle,0.28762159479930155,2.3135356757438617,1.3964417842047585,11.177352622602548,15.0,3.0,3.5,0.8,3.819672777869853,13.750822000331471
8,31,1002,365,96.5673,-32.0185,132.152,3.6298,18.2042,-4.2377,3.8634,-1.2489,-1.1406,5.7081,-0.5489,-0.0074,-1.6913,truck,32,110.1899,-48.5672,-1.7172,0.962,1.9678,0.0477,152.1295,1.9683037976897775,7.085893671683199,-13.622599999999991,16.548699999999997,-2.5205,2.9013999999999998,3.8433113600123527,21.434427971140252,0,08_23_32_947_ego_32,0,947,947,965,vehicle_vehicle,0.28762159479930155,2.3135356757438617,1.3964417842047585,11.177352622602548,15.0,3.0,3.5,0.8,3.819672777869853,13.750822000331471
8,32,1002,331,110.1899,-48.5672,152.1295,1.8544,4.9742,-1.7172,0.962,-0.406,0.289,1.9678,0.0477,0.494,0.0657,car,32,110.1899,-48.5672,-1.7172,0.962,1.9678,0.0477,152.1295,1.9683037976897775,7.085893671683199,0.0,0.0,0.0,0.0,0.0,0.0,1,08_23_32_947_ego_32,1,947,947,965,vehicle_vehicle,0.28762159479930155,2.3135356757438617,1.3964417842047585,11.177352622602548,15.0,3.0,3.5,0.8,3.819672777869853,13.750822000331471
8,35,1002,283,118.5337,-52.7006,160.1041,1.8297,4.3769,-2.7831,1.0345,1.3937,-0.5099,2.9691,0.0256,-1.484,-0.0051,car,32,110.1899,-48.5672,-1.7172,0.962,1.9678,0.0477,152.1295,1.9683037976897775,7.085893671683199,8.343800000000002,-4.133400000000002,-1.0659,0.07250000000000001,1.0683627941855707,9.311497946087947,0,08_23_32_947_ego_32,0,947,947,965,vehicle_vehicle,0.28762159479930155,2.3135356757438617,1.3964417842047585,11.177352622602548,15.0,3.0,3.5,0.8,3.819672777869853,13.750822000331471
8,23,1003,698,103.3474,-46.8283,85.6125,2.5943,5.7054,0.0719,4.3933,-1.1511,0.7743,4.3859,-0.2644,0.684,-1.2069,van,32,110.1226,-48.5298,-1.7369,0.9741,1.9908,0.0464,152.0499,1.991404634924806,7.169056685729302,-6.775200000000012,1.701500000000003,1.8088000000000002,3.4192,3.8681631403031598,6.985587827090872,0,08_23_32_947_ego_32,1,947,947,965,vehicle_vehicle,0.28762159479930155,2.3135356757438617,1.3964417842047585,11.177352622602548,15.0,3.0,3.5,0.8,3.819672777869853,13.750822000331471
8,31,1003,366,96.3996,-31.8632,132.609,3.6298,18.2042,-4.2971,3.8101,-1.2211,-1.1608,5.7133,-0.5832,-0.0277,-1.6845,truck,32,110.1226,-48.5298,-1.7369,0.9741,1.9908,0.0464,152.0499,1.991404634924806,7.169056685729302,-13.722999999999999,16.666600000000003,-2.5602,2.836,3.8206701035289607,21.5892631777928,0,08_23_32_947_ego_32,0,947,947,965,vehicle_vehicle,0.28762159479930155,2.3135356757438617,1.3964417842047585,11.177352622602548,15.0,3.0,3.5,0.8,3.819672777869853,13.750822000331471
8,32,1003,332,110.1226,-48.5298,152.0499,1.8544,4.9742,-1.7369,0.9741,-0.4505,0.3291,1.9908,0.0464,0.5522,0.0795,car,32,110.1226,-48.5298,-1.7369,0.9741,1.9908,0.0464,152.0499,1.991404634924806,7.169056685729302,0.0,0.0,0.0,0.0,0.0,0.0,1,08_23_32_947_ego_32,1,947,947,965,vehicle_vehicle,0.28762159479930155,2.3135356757438617,1.3964417842047585,11.177352622602548,15.0,3.0,3.5,0.8,3.819672777869853,13.750822000331471
8,35,1003,284,118.4215,-52.6597,160.0761,1.8297,4.3769,-2.7231,1.0132,1.3971,-0.5082,2.9054,0.0246,-1.4866,-0.0017,car,32,110.1226,-48.5298,-1.7369,0.9741,1.9908,0.0464,152.0499,1.991404634924806,7.169056685729302,8.298899999999989,-4.129899999999999,-0.9862,0.039100000000000135,0.9869747970439772,9.26972573596435,0,08_23_32_947_ego_32,0,947,947,965,vehicle_vehicle,0.28762159479930155,2.3135356757438617,1.3964417842047585,11.177352622602548,15.0,3.0,3.5,0.8,3.819672777869853,13.750822000331471
8,23,1004,699,103.3488,-46.6514,86.1919,2.5943,5.7054,0.0249,4.4253,-1.1605,0.7708,4.4172,-0.2691,0.6921,-1.2092,van,32,110.0542,-48.4913,-1.7589,0.988,2.0169,0.0456,151.9727,2.017392676203619,7.262613634333029,-6.705399999999997,1.8399,1.7837999999999998,3.4373,3.8725926367228456,6.953245369609789,0,08_23_32_947_ego_32,1,947,947,965,vehicle_vehicle,0.28762159479930155,2.3135356757438617,1.3964417842047585,11.177352622602548,15.0,3.0,3.5,0.8,3.819672777869853,13.750822000331471
8,31,1004,367,96.2283,-31.7109,133.0773,3.6298,18.2042,-4.356,3.7556,-1.1835,-1.1732,5.7183,-0.6167,-0.0486,-1.6657,truck,32,110.0542,-48.4913,-1.7589,0.988,2.0169,0.0456,151.9727,2.017392676203619,7.262613634333029,-13.82589999999999,16.780400000000004,-2.5971,2.7676,3.7953311014982605,21.74252365688031,0,08_23_32_947_ego_32,0,947,947,965,vehicle_vehicle,0.28762159479930155,2.3135356757438617,1.3964417842047585,11.177352622602548,15.0,3.0,3.5,0.8,3.819672777869853,13.750822000331471
8,32,1004,333,110.0542,-48.4913,151.9727,1.8544,4.9742,-1.7589,0.988,-0.4913,0.3686,2.0169,0.0456,0.6069,0.0945,car,32,110.0542,-48.4913,-1.7589,0.988,2.0169,0.0456,151.9727,2.017392676203619,7.262613634333029,0.0,0.0,0.0,0.0,0.0,0.0,1,08_23_32_947_ego_32,1,947,947,965,vehicle_vehicle,0.28762159479930155,2.3135356757438617,1.3964417842047585,11.177352622602548,15.0,3.0,3.5,0.8,3.819672777869853,13.750822000331471
8,35,1004,285,118.3121,-52.6197,160.0397,1.8297,4.3769,-2.6623,0.992,1.3959,-0.5057,2.841,0.0236,-1.4847,0.0011,car,32,110.0542,-48.4913,-1.7589,0.988,2.0169,0.0456,151.9727,2.017392676203619,7.262613634333029,8.257900000000006,-4.128399999999999,-0.9034000000000002,0.0040000000000000036,0.9034088553916219,9.232366921326301,0,08_23_32_947_ego_32,0,947,947,965,vehicle_vehicle,0.28762159479930155,2.3135356757438617,1.3964417842047585,11.177352622602548,15.0,3.0,3.5,0.8,3.819672777869853,13.750822000331471
8,23,1005,700,103.3482,-46.4733,86.7853,2.5943,5.7054,-0.0222,4.4569,-1.1692,0.7665,4.4486,-0.2721,0.6997,-1.2103,van,32,109.9849,-48.4522,-1.7831,1.0038,2.0457,0.0456,151.8995,2.0462306932503966,7.366430495701428,-6.6366999999999905,1.9788999999999959,1.7609,3.4531,3.876166717260753,6.925448151563901,0,08_23_32_947_ego_32,1,947,947,965,vehicle_vehicle,0.28762159479930155,2.3135356757438617,1.3964417842047585,11.177352622602548,15.0,3.0,3.5,0.8,3.819672777869853,13.750822000331471
8,31,1005,368,96.0535,-31.5621,133.5574,3.6298,18.2042,-4.4135,3.7008,-1.1357,-1.1775,5.7232,-0.6482,-0.0707,-1.6345,truck,32,109.9849,-48.4522,-1.7831,1.0038,2.0457,0.0456,151.8995,2.0462306932503966,7.366430495701428,-13.931399999999996,16.890099999999997,-2.6304,2.697,3.7673350209398686,21.894277425162947,0,08_23_32_947_ego_32,0,947,947,965,vehicle_vehicle,0.28762159479930155,2.3135356757438617,1.3964417842047585,11.177352622602548,15.0,3.0,3.5,0.8,3.819672777869853,13.750822000331471
8,32,1005,334,109.9849,-48.4522,151.8995,1.8544,4.9742,-1.7831,1.0038,-0.5278,0.4071,2.0457,0.0456,0.6574,0.1105,car,32,109.9849,-48.4522,-1.7831,1.0038,2.0457,0.0456,151.8995,2.0462306932503966,7.366430495701428,0.0,0.0,0.0,0.0,0.0,0.0,1,08_23_32_947_ego_32,1,947,947,965,vehicle_vehicle,0.28762159479930155,2.3135356757438617,1.3964417842047585,11.177352622602548,15.0,3.0,3.5,0.8,3.819672777869853,13.750822000331471
8,35,1005,286,118.206,-52.5802,160.0106,1.8297,4.3769,-2.6012,0.9709,1.3896,-0.5023,2.7764,0.0232,-1.4776,0.0029,car,32,109.9849,-48.4522,-1.7831,1.0038,2.0457,0.0456,151.8995,2.0462306932503966,7.366430495701428,8.221100000000007,-4.128,-0.8181,-0.03290000000000004,0.818761271678137,9.199286342428968,0,08_23_32_947_ego_32,0,947,947,965,vehicle_vehicle,0.28762159479930155,2.3135356757438617,1.3964417842047585,11.177352622602548,15.0,3.0,3.5,0.8,3.819672777869853,13.750822000331471
8,23,1006,701,103.3446,-46.2936,87.3945,2.5943,5.7054,-0.069,4.4881,-1.1774,0.7614,4.4803,-0.273,0.7071,-1.2108,van,32,109.9142,-48.4123,-1.8092,1.0214,2.0771,0.046,151.8235,2.0776098286251923,7.479395383050693,-6.569599999999994,2.118700000000004,1.7402,3.4667000000000003,3.8789566806036904,6.902791743200713,0,08_23_32_947_ego_32,1,947,947,965,vehicle_vehicle,0.28762159479930155,2.3135356757438617,1.3964417842047585,11.177352622602548,15.0,3.0,3.5,0.8,3.819672777869853,13.750822000331471
8,31,1006,369,95.8748,-31.4167,134.0467,3.6298,18.2042,-4.4686,3.6465,-1.0781,-1.1744,5.7278,-0.6767,-0.0946,-1.5914,truck,32,109.9142,-48.4123,-1.8092,1.0214,2.0771,0.046,151.8235,2.0776098286251923,7.479395383050693,-14.0394,16.995600000000003,-2.6594000000000007,2.6250999999999998,3.7367844960607512,22.044390935564543,0,08_23_32_947_ego_32,0,947,947,965,vehicle_vehicle,0.28762159479930155,2.3135356757438617,1.3964417842047585,11.177352622602548,15.0,3.0,3.5,0.8,3.819672777869853,13.750822000331471
8,32,1006,335,109.9142,-48.4123,151.8235,1.8544,4.9742,-1.8092,1.0214,-0.5595,0.4446,2.0771,0.046,0.7031,0.1277,car,32,109.9142,-48.4123,-1.8092,1.0214,2.0771,0.046,151.8235,2.0776098286251923,7.479395383050693,0.0,0.0,0.0,0.0,0.0,0.0,1,08_23_32_947_ego_32,1,947,947,965,vehicle_vehicle,0.28762159479930155,2.3135356757438617,1.3964417842047585,11.177352622602548,15.0,3.0,3.5,0.8,3.819672777869853,13.750822000331471
8,35,1006,287,118.1021,-52.5415,159.9811,1.8297,4.3769,-2.54,0.9497,1.3779,-0.4979,2.7116,0.0228,-1.4651,0.0038,car,32,109.9142,-48.4123,-1.8092,1.0214,2.0771,0.046,151.8235,2.0776098286251923,7.479395383050693,8.187899999999999,-4.129199999999997,-0.7308000000000001,-0.0717000000000001,0.7343088791510016,9.170168976087625,0,08_23_32_947_ego_32,0,947,947,965,vehicle_vehicle,0.28762159479930155,2.3135356757438617,1.3964417842047585,11.177352622602548,15.0,3.0,3.5,0.8,3.819672777869853,13.750822000331471
8,23,1007,702,103.3389,-46.1126,88.0131,2.5943,5.7054,-0.1153,4.5187,-1.1861,0.7561,4.512,-0.2719,0.7145,-1.2116,van,32,109.842,-48.3715,-1.8368,1.0406,2.1106,0.0468,151.7364,2.1110856448756405,7.599908321552306,-6.503100000000003,2.258899999999997,1.7215,3.4781,3.8808171639488505,6.884252960198371,0,08_23_32_947_ego_32,1,947,947,965,vehicle_vehicle,0.28762159479930155,2.3135356757438617,1.3964417842047585,11.177352622602548,15.0,3.0,3.5,0.8,3.819672777869853,13.750822000331471
8,31,1007,370,95.6917,-31.2749,134.5414,3.6298,18.2042,-4.52,3.5936,-1.0114,-1.1647,5.7318,-0.701,-0.1207,-1.5378,truck,32,109.842,-48.3715,-1.8368,1.0406,2.1106,0.0468,151.7364,2.1110856448756405,7.599908321552306,-14.150300000000001,17.0966,-2.6831999999999994,2.553,3.703696969245729,22.192898000261255,0,08_23_32_947_ego_32,0,947,947,965,vehicle_vehicle,0.28762159479930155,2.3135356757438617,1.3964417842047585,11.177352622602548,15.0,3.0,3.5,0.8,3.819672777869853,13.750822000331471
8,32,1007,336,109.842,-48.3715,151.7364,1.8544,4.9742,-1.8368,1.0406,-0.5861,0.4806,2.1106,0.0468,0.7438,0.1457,car,32,109.842,-48.3715,-1.8368,1.0406,2.1106,0.0468,151.7364,2.1110856448756405,7.599908321552306,0.0,0.0,0.0,0.0,0.0,0.0,1,08_23_32_947_ego_32,1,947,947,965,vehicle_vehicle,0.28762159479930155,2.3135356757438617,1.3964417842047585,11.177352622602548,15.0,3.0,3.5,0.8,3.819672777869853,13.750822000331471
8,35,1007,288,118.0015,-52.5032,159.9617,1.8297,4.3769,-2.4792,0.9284,1.3605,-0.4923,2.6473,0.0227,-1.4469,0.0037,car,32,109.842,-48.3715,-1.8368,1.0406,2.1106,0.0468,151.7364,2.1110856448756405,7.599908321552306,8.159499999999994,-4.131700000000002,-0.6424000000000001,-0.11219999999999997,0.6521246813301886,9.145949110945235,0,08_23_32_947_ego_32,0,947,947,965,vehicle_vehicle,0.28762159479930155,2.3135356757438617,1.3964417842047585,11.177352622602548,15.0,3.0,3.5,0.8,3.819672777869853,13.750822000331471
8,23,1008,703,103.3325,-45.9306,88.6446,2.5943,5.7054,-0.1617,4.5488,-1.1957,0.7507,4.5437,-0.2692,0.7222,-1.2131,van,32,109.7686,-48.3298,-1.8657,1.0614,2.146,0.0478,151.6404,2.146487002057082,7.727353207405495,-6.43610000000001,2.3992000000000004,1.704,3.4874,3.881439779257177,6.868736699714158,0,08_23_32_947_ego_32,1,947,947,965,vehicle_vehicle,0.28762159479930155,2.3135356757438617,1.3964417842047585,11.177352622602548,15.0,3.0,3.5,0.8,3.819672777869853,13.750822000331471
8,31,1008,371,95.5038,-31.1371,135.0394,3.6298,18.2042,-4.5663,3.5431,-0.9377,-1.15,5.7347,-0.7196,-0.1491,-1.4764,truck,32,109.7686,-48.3298,-1.8657,1.0614,2.146,0.0478,151.6404,2.146487002057082,7.727353207405495,-14.264800000000008,17.1927,-2.7006,2.4817,3.667707083451458,22.339951932132713,0,08_23_32_947_ego_32,0,947,947,965,vehicle_vehicle,0.28762159479930155,2.3135356757438617,1.3964417842047585,11.177352622602548,15.0,3.0,3.5,0.8,3.819672777869853,13.750822000331471
8,32,1008,337,109.7686,-48.3298,151.6404,1.8544,4.9742,-1.8657,1.0614,-0.6074,0.5151,2.146,0.0478,0.7792,0.1648,car,32,109.7686,-48.3298,-1.8657,1.0614,2.146,0.0478,151.6404,2.146487002057082,7.727353207405495,0.0,0.0,0.0,0.0,0.0,0.0,1,08_23_32_947_ego_32,1,947,947,965,vehicle_vehicle,0.28762159479930155,2.3135356757438617,1.3964417842047585,11.177352622602548,15.0,3.0,3.5,0.8,3.819672777869853,13.750822000331471
8,35,1008,289,117.9036,-52.4661,159.9426,1.8297,4.3769,-2.4192,0.9073,1.3376,-0.4853,2.5837,0.0225,-1.4229,0.0029,car,32,109.7686,-48.3298,-1.8657,1.0614,2.146,0.0478,151.6404,2.146487002057082,7.727353207405495,8.134999999999991,-4.1362999999999985,-0.5535000000000001,-0.1540999999999999,0.5745511813581102,9.126182262589316,0,08_23_32_947_ego_32,0,947,947,965,vehicle_vehicle,0.28762159479930155,2.3135356757438617,1.3964417842047585,11.177352622602548,15.0,3.0,3.5,0.8,3.819672777869853,13.750822000331471
8,23,1009,704,103.3246,-45.7479,89.2701,2.5943,5.7054,-0.2082,4.5787,-1.2065,0.7455,4.5757,-0.2665,0.73,-1.2159,van,32,109.6938,-48.2876,-1.8956,1.0839,2.1831,0.0493,151.5346,2.183606780077402,7.8609844082786475,-6.369199999999992,2.5396999999999963,1.6874,3.4948000000000006,3.8808434392538955,6.85687864337702,0,08_23_32_947_ego_32,1,947,947,965,vehicle_vehicle,0.28762159479930155,2.3135356757438617,1.3964417842047585,11.177352622602548,15.0,3.0,3.5,0.8,3.819672777869853,13.750822000331471
8,31,1009,372,95.3154,-30.9996,135.5426,3.6298,18.2042,-4.6076,3.4944,-0.8593,-1.1321,5.7362,-0.7328,-0.1796,-1.4099,truck,32,109.6938,-48.2876,-1.8956,1.0839,2.1831,0.0493,151.5346,2.183606780077402,7.8609844082786475,-14.3784,17.287999999999997,-2.7119999999999997,2.4105,3.6284231079078966,22.4858473391598,0,08_23_32_947_ego_32,0,947,947,965,vehicle_vehicle,0.28762159479930155,2.3135356757438617,1.3964417842047585,11.177352622602548,15.0,3.0,3.5,0.8,3.819672777869853,13.750822000331471
8,32,1009,338,109.6938,-48.2876,151.5346,1.8544,4.9742,-1.8956,1.0839,-0.6231,0.5479,2.1831,0.0493,0.8089,0.1847,car,32,109.6938,-48.2876,-1.8956,1.0839,2.1831,0.0493,151.5346,2.183606780077402,7.8609844082786475,0.0,0.0,0.0,0.0,0.0,0.0,1,08_23_32_947_ego_32,1,947,947,965,vehicle_vehicle,0.28762159479930155,2.3135356757438617,1.3964417842047585,11.177352622602548,15.0,3.0,3.5,0.8,3.819672777869853,13.750822000331471
8,35,1009,290,117.8083,-52.43,159.9206,1.8297,4.3769,-2.3603,0.8863,1.3091,-0.4767,2.5211,0.0221,-1.3933,0.0017,car,32,109.6938,-48.2876,-1.8956,1.0839,2.1831,0.0493,151.5346,2.183606780077402,7.8609844082786475,8.114500000000007,-4.142400000000002,-0.4647000000000001,-0.1976000000000001,0.5049671771511492,9.110685375425941,0,08_23_32_947_ego_32,0,947,947,965,vehicle_vehicle,0.28762159479930155,2.3135356757438617,1.3964417842047585,11.177352622602548,15.0,3.0,3.5,0.8,3.819672777869853,13.750822000331471
8,23,1010,705,103.316,-45.5642,89.8966,2.5943,5.7054,-0.2554,4.6083,-1.2185,0.7404,4.6079,-0.2637,0.7382,-1.2198,van,32,109.6172,-48.2445,-1.9261,1.1079,2.2214,0.0515,151.4206,2.222004414937108,7.999215893773589,-6.301199999999994,2.6803000000000026,1.6706999999999999,3.5004,3.878664544659669,6.847563766041171,0,08_23_32_947_ego_32,1,947,947,965,vehicle_vehicle,0.28762159479930155,2.3135356757438617,1.3964417842047585,11.177352622602548,15.0,3.0,3.5,0.8,3.819672777869853,13.750822000331471
8,31,1010,373,95.1211,-30.8673,136.0476,3.6298,18.2042,-4.642,3.4492,-0.7789,-1.1129,5.7358,-0.7387,-0.2117,-1.3418,truck,32,109.6172,-48.2445,-1.9261,1.1079,2.2214,0.0515,151.4206,2.222004414937108,7.999215893773589,-14.496099999999998,17.377200000000002,-2.7159000000000004,2.3412999999999995,3.5857772518660442,22.629714868950515,0,08_23_32_947_ego_32,0,947,947,965,vehicle_vehicle,0.28762159479930155,2.3135356757438617,1.3964417842047585,11.177352622602548,15.0,3.0,3.5,0.8,3.819672777869853,13.750822000331471
8,32,1010,339,109.6172,-48.2445,151.4206,1.8544,4.9742,-1.9261,1.1079,-0.6333,0.5787,2.2214,0.0515,0.833,0.2052,car,32,109.6172,-48.2445,-1.9261,1.1079,2.2214,0.0515,151.4206,2.222004414937108,7.999215893773589,0.0,0.0,0.0,0.0,0.0,0.0,1,08_23_32_947_ego_32,1,947,947,965,vehicle_vehicle,0.28762159479930155,2.3135356757438617,1.3964417842047585,11.177352622602548,15.0,3.0,3.5,0.8,3.819672777869853,13.750822000331471
8,35,1010,291,117.7153,-52.3946,159.9019,1.8297,4.3769,-2.3026,0.8655,1.2753,-0.4666,2.4598,0.0216,-1.358,0.0001,car,32,109.6172,-48.2445,-1.9261,1.1079,2.2214,0.0515,151.4206,2.222004414937108,7.999215893773589,8.098100000000002,-4.150099999999995,-0.37650000000000006,-0.24240000000000006,0.4477834409622581,9.09959084904371,0,08_23_32_947_ego_32,0,947,947,965,vehicle_vehicle,0.28762159479930155,2.3135356757438617,1.3964417842047585,11.177352622602548,15.0,3.0,3.5,0.8,3.819672777869853,13.750822000331471
8,23,1011,706,103.3062,-45.3794,90.5386,2.5943,5.7054,-0.3037,4.6378,-1.2312,0.7355,4.6405,-0.2601,0.747,-1.2243,van,32,109.5391,-48.2003,-1.9567,1.1334,2.2606,0.0545,151.2999,2.261254176336663,8.140515034811987,-6.232900000000001,2.8209000000000017,1.653,3.5044000000000004,3.8746907437884643,6.8415290118510805,0,08_23_32_947_ego_32,1,947,947,965,vehicle_vehicle,0.28762159479930155,2.3135356757438617,1.3964417842047585,11.177352622602548,15.0,3.0,3.5,0.8,3.819672777869853,13.750822000331471
8,31,1011,374,94.93,-30.7327,136.5599,3.6298,18.2042,-4.6713,3.4056,-0.6994,-1.0941,5.7335,-0.7392,-0.2445,-1.2753,truck,32,109.5391,-48.2003,-1.9567,1.1334,2.2606,0.0545,151.2999,2.261254176336663,8.140515034811987,-14.609099999999998,17.467599999999997,-2.7145999999999995,2.2722,3.5400488697191737,22.77153601692253,0,08_23_32_947_ego_32,0,947,947,965,vehicle_vehicle,0.28762159479930155,2.3135356757438617,1.3964417842047585,11.177352622602548,15.0,3.0,3.5,0.8,3.819672777869853,13.750822000331471
8,32,1011,340,109.5391,-48.2003,151.2999,1.8544,4.9742,-1.9567,1.1334,-0.6381,0.6073,2.2606,0.0545,0.8514,0.2263,car,32,109.5391,-48.2003,-1.9567,1.1334,2.2606,0.0545,151.2999,2.261254176336663,8.140515034811987,0.0,0.0,0.0,0.0,0.0,0.0,1,08_23_32_947_ego_32,1,947,947,965,vehicle_vehicle,0.28762159479930155,2.3135356757438617,1.3964417842047585,11.177352622602548,15.0,3.0,3.5,0.8,3.819672777869853,13.750822000331471
8,35,1011,292,117.6252,-52.3604,159.894,1.8297,4.3769,-2.2467,0.8452,1.2364,-0.4547,2.4004,0.0214,-1.3174,-0.002,car,32,109.5391,-48.2003,-1.9567,1.1334,2.2606,0.0545,151.2999,2.261254176336663,8.140515034811987,8.086100000000002,-4.1601,-0.29000000000000004,-0.2882,0.40885112204811186,9.093483667989954,0,08_23_32_947_ego_32,0,947,947,965,vehicle_vehicle,0.28762159479930155,2.3135356757438617,1.3964417842047585,11.177352622602548,15.0,3.0,3.5,0.8,3.819672777869853,13.750822000331471
8,23,1012,707,103.2948,-45.1934,91.1994,2.5943,5.7054,-0.3531,4.6672,-1.2441,0.7306,4.6735,-0.2554,0.7565,-1.2285,van,32,109.459,-48.1547,-1.9869,1.1601,2.3,0.0585,151.1765,2.3007832622826516,8.282819744217546,-6.164200000000008,2.9613000000000014,1.6338000000000001,3.5071000000000003,3.868986023495045,6.838615307940644,0,08_23_32_947_ego_32,1,947,947,965,vehicle_vehicle,0.28762159479930155,2.3135356757438617,1.3964417842047585,11.177352622602548,15.0,3.0,3.5,0.8,3.819672777869853,13.750822000331471
8,31,1012,375,94.7389,-30.5986,137.0795,3.6298,18.2042,-4.6959,3.3634,-0.6225,-1.0766,5.7292,-0.7349,-0.2773,-1.2123,truck,32,109.459,-48.1547,-1.9869,1.1601,2.3,0.0585,151.1765,2.3007832622826516,8.282819744217546,-14.720100000000002,17.556099999999997,-2.7089999999999996,2.2033,3.491877988991024,22.910652352562987,0,08_23_32_947_ego_32,0,947,947,965,vehicle_vehicle,0.28762159479930155,2.3135356757438617,1.3964417842047585,11.177352622602548,15.0,3.0,3.5,0.8,3.819672777869853,13.750822000331471
8,32,1012,341,109.459,-48.1547,151.1765,1.8544,4.9742,-1.9869,1.1601,-0.638,0.6335,2.3,0.0585,0.8643,0.2475,car,32,109.459,-48.1547,-1.9869,1.1601,2.3,0.0585,151.1765,2.3007832622826516,8.282819744217546,0.0,0.0,0.0,0.0,0.0,0.0,1,08_23_32_947_ego_32,1,947,947,965,vehicle_vehicle,0.28762159479930155,2.3135356757438617,1.3964417842047585,11.177352622602548,15.0,3.0,3.5,0.8,3.819672777869853,13.750822000331471
8,35,1012,293,117.5376,-52.3271,159.8862,1.8297,4.3769,-2.1929,0.8254,1.1929,-0.4412,2.343,0.0209,-1.2718,-0.0041,car,32,109.459,-48.1547,-1.9869,1.1601,2.3,0.0585,151.1765,2.3007832622826516,8.282819744217546,8.078599999999994,-4.172400000000003,-0.20599999999999974,-0.3346999999999999,0.3930141091614903,9.09245289897066,0,08_23_32_947_ego_32,0,947,947,965,vehicle_vehicle,0.28762159479930155,2.3135356757438617,1.3964417842047585,11.177352622602548,15.0,3.0,3.5,0.8,3.819672777869853,13.750822000331471
8,23,1013,708,103.2809,-45.0061,91.8627,2.5943,5.7054,-0.4036,4.6963,-1.2565,0.7259,4.707,-0.2507,0.7663,-1.2322,van,32,109.3767,-48.1079,-2.0162,1.1879,2.3393,0.0637,151.055,2.340121545988584,8.424437565558902,-6.095799999999997,3.1017999999999972,1.6126,3.5084,3.8612626587685015,6.839586309127179,0,08_23_32_947_ego_32,1,947,947,965,vehicle_vehicle,0.28762159479930155,2.3135356757438617,1.3964417842047585,11.177352622602548,15.0,3.0,3.5,0.8,3.819672777869853,13.750822000331471
8,31,1013,376,94.5577,-30.4579,137.6056,3.6298,18.2042,-4.7204,3.319,-0.5475,-1.0592,5.7238,-0.7315,-0.3098,-1.1514,truck,32,109.3767,-48.1079,-2.0162,1.1879,2.3393,0.0637,151.055,2.340121545988584,8.424437565558902,-14.819000000000003,17.650000000000002,-2.7041999999999997,2.1311,3.4430052062115735,23.046155015533504,0,08_23_32_947_ego_32,0,947,947,965,vehicle_vehicle,0.28762159479930155,2.3135356757438617,1.3964417842047585,11.177352622602548,15.0,3.0,3.5,0.8,3.819672777869853,13.750822000331471
8,32,1013,342,109.3767,-48.1079,151.055,1.8544,4.9742,-2.0162,1.1879,-0.6335,0.6573,2.3393,0.0637,0.8725,0.2686,car,32,109.3767,-48.1079,-2.0162,1.1879,2.3393,0.0637,151.055,2.340121545988584,8.424437565558902,0.0,0.0,0.0,0.0,0.0,0.0,1,08_23_32_947_ego_32,1,947,947,965,vehicle_vehicle,0.28762159479930155,2.3135356757438617,1.3964417842047585,11.177352622602548,15.0,3.0,3.5,0.8,3.819672777869853,13.750822000331471
8,35,1013,294,117.4519,-52.294,159.8742,1.8297,4.3769,-2.1412,0.8059,1.1451,-0.426,2.2878,0.02,-1.2218,-0.006,car,32,109.3767,-48.1079,-2.0162,1.1879,2.3393,0.0637,151.055,2.340121545988584,8.424437565558902,8.075199999999995,-4.186099999999996,-0.125,-0.382,0.40193158621835134,9.09572912140637,0,08_23_32_947_ego_32,0,947,947,965,vehicle_vehicle,0.28762159479930155,2.3135356757438617,1.3964417842047585,11.177352622602548,15.0,3.0,3.5,0.8,3.819672777869853,13.750822000331471
8,23,1014,709,103.2645,-44.8177,92.541,2.5943,5.7054,-0.4549,4.7253,-1.2681,0.7212,4.7408,-0.2449,0.7767,-1.2348,van,32,109.2935,-48.0598,-2.0445,1.2167,2.3781,0.0707,150.9467,2.3791467251937197,8.564928210697392,-6.028999999999996,3.2421000000000006,1.5896000000000001,3.5086,3.851895912404695,6.845440337187957,0,08_23_32_947_ego_32,1,947,947,965,vehicle_vehicle,0.28762159479930155,2.3135356757438617,1.3964417842047585,11.177352622602548,15.0,3.0,3.5,0.8,3.819672777869853,13.750822000331471
8,31,1014,377,94.3709,-30.3232,138.139,3.6298,18.2042,-4.7427,3.2742,-0.4725,-1.0399,5.7172,-0.7265,-0.3421,-1.0898,truck,32,109.2935,-48.0598,-2.0445,1.2167,2.3781,0.0707,150.9467,2.3791467251937197,8.564928210697392,-14.922599999999989,17.736600000000003,-2.6982,2.0575,3.393168060971929,23.179106331349356,0,08_23_32_947_ego_32,0,947,947,965,vehicle_vehicle,0.28762159479930155,2.3135356757438617,1.3964417842047585,11.177352622602548,15.0,3.0,3.5,0.8,3.819672777869853,13.750822000331471
8,32,1014,343,109.2935,-48.0598,150.9467,1.8544,4.9742,-2.0445,1.2167,-0.6257,0.6786,2.3781,0.0707,0.8765,0.2893,car,32,109.2935,-48.0598,-2.0445,1.2167,2.3781,0.0707,150.9467,2.3791467251937197,8.564928210697392,0.0,0.0,0.0,0.0,0.0,0.0,1,08_23_32_947_ego_32,1,947,947,965,vehicle_vehicle,0.28762159479930155,2.3135356757438617,1.3964417842047585,11.177352622602548,15.0,3.0,3.5,0.8,3.819672777869853,13.750822000331471
8,35,1014,295,117.3682,-52.2624,159.8569,1.8297,4.3769,-2.0919,0.7872,1.0937,-0.409,2.235,0.0187,-1.1676,-0.0074,car,32,109.2935,-48.0598,-2.0445,1.2167,2.3781,0.0707,150.9467,2.3791467251937197,8.564928210697392,8.074700000000007,-4.202599999999997,-0.047399999999999665,-0.4294999999999999,0.43210763705354693,9.10289112590061,0,08_23_32_947_ego_32,0,947,947,965,vehicle_vehicle,0.28762159479930155,2.3135356757438617,1.3964417842047585,11.177352622602548,15.0,3.0,3.5,0.8,3.819672777869853,13.750822000331471
8,23,1015,710,103.2464,-44.628,93.2177,2.5943,5.7054,-0.507,4.754,-1.2784,0.7166,4.775,-0.2394,0.7872,-1.2362,van,32,109.2093,-48.0106,-2.0718,1.2463,2.4164,0.079,150.8442,2.4177714801031134,8.703977328371208,-5.962900000000005,3.3825999999999965,1.5648,3.5077,3.840905925689927,6.855520342760281,0,08_23_32_947_ego_32,1,947,947,965,vehicle_vehicle,0.28762159479930155,2.3135356757438617,1.3964417842047585,11.177352622602548,15.0,3.0,3.5,0.8,3.819672777869853,13.750822000331471
8,31,1015,378,94.1777,-30.1955,138.682,3.6298,18.2042,-4.7609,3.2311,-0.3976,-1.0187,5.709,-0.7166,-0.3739,-1.0276,truck,32,109.2093,-48.0106,-2.0718,1.2463,2.4164,0.079,150.8442,2.4177714801031134,8.703977328371208,-15.031599999999997,17.815099999999997,-2.6891000000000003,1.9848000000000001,3.342258196190115,23.30937121781709,0,08_23_32_947_ego_32,0,947,947,965,vehicle_vehicle,0.28762159479930155,2.3135356757438617,1.3964417842047585,11.177352622602548,15.0,3.0,3.5,0.8,3.819672777869853,13.750822000331471
8,32,1015,344,109.2093,-48.0106,150.8442,1.8544,4.9742,-2.0718,1.2463,-0.6153,0.6974,2.4164,0.079,0.8771,0.3093,car,32,109.2093,-48.0106,-2.0718,1.2463,2.4164,0.079,150.8442,2.4177714801031134,8.703977328371208,0.0,0.0,0.0,0.0,0.0,0.0,1,08_23_32_947_ego_32,1,947,947,965,vehicle_vehicle,0.28762159479930155,2.3135356757438617,1.3964417842047585,11.177352622602548,15.0,3.0,3.5,0.8,3.819672777869853,13.750822000331471
8,35,1015,296,117.2872,-52.2317,159.8358,1.8297,4.3769,-2.0453,0.7693,1.039,-0.3905,2.1852,0.0171,-1.1099,-0.0084,car,32,109.2093,-48.0106,-2.0718,1.2463,2.4164,0.079,150.8442,2.4177714801031134,8.703977328371208,8.0779,-4.2211,0.026499999999999968,-0.477,0.47773554399897855,9.11428294601391,0,08_23_32_947_ego_32,0,947,947,965,vehicle_vehicle,0.28762159479930155,2.3135356757438617,1.3964417842047585,11.177352622602548,15.0,3.0,3.5,0.8,3.819672777869853,13.750822000331471
8,23,1016,711,103.226,-44.4372,93.902,2.5943,5.7054,-0.56,4.7825,-1.2871,0.7121,4.8096,-0.2332,0.798,-1.2357,van,32,109.1241,-47.9596,-2.0979,1.2764,2.4541,0.088,150.7378,2.455683483268966,8.840460539768277,-5.8980999999999995,3.5224000000000046,1.5379,3.5061,3.8285602541947803,6.86985337325332,0,08_23_32_947_ego_32,1,947,947,965,vehicle_vehicle,0.28762159479930155,2.3135356757438617,1.3964417842047585,11.177352622602548,15.0,3.0,3.5,0.8,3.819672777869853,13.750822000331471
8,31,1016,379,93.9801,-30.0731,139.2312,3.6298,18.2042,-4.7733,3.1913,-0.3248,-0.9972,5.699,-0.7001,-0.4051,-0.9673,truck,32,109.1241,-47.9596,-2.0979,1.2764,2.4541,0.088,150.7378,2.455683483268966,8.840460539768277,-15.144000000000005,17.8865,-2.6754,1.9149,3.290077076604741,23.436459166222193,0,08_23_32_947_ego_32,0,947,947,965,vehicle_vehicle,0.28762159479930155,2.3135356757438617,1.3964417842047585,11.177352622602548,15.0,3.0,3.5,0.8,3.819672777869853,13.750822000331471
8,32,1016,345,109.1241,-47.9596,150.7378,1.8544,4.9742,-2.0979,1.2764,-0.603,0.7139,2.4541,0.088,0.875,0.3281,car,32,109.1241,-47.9596,-2.0979,1.2764,2.4541,0.088,150.7378,2.455683483268966,8.840460539768277,0.0,0.0,0.0,0.0,0.0,0.0,1,08_23_32_947_ego_32,1,947,947,965,vehicle_vehicle,0.28762159479930155,2.3135356757438617,1.3964417842047585,11.177352622602548,15.0,3.0,3.5,0.8,3.819672777869853,13.750822000331471
8,35,1016,297,117.2085,-52.2021,159.8122,1.8297,4.3769,-2.0018,0.7526,0.982,-0.3706,2.1386,0.0155,-1.0496,-0.009,car,32,109.1241,-47.9596,-2.0979,1.2764,2.4541,0.088,150.7378,2.455683483268966,8.840460539768277,8.084400000000002,-4.2425,0.0961000000000003,-0.5237999999999999,0.5325426274017884,9.129968762816224,0,08_23_32_947_ego_32,0,947,947,965,vehicle_vehicle,0.28762159479930155,2.3135356757438617,1.3964417842047585,11.177352622602548,15.0,3.0,3.5,0.8,3.819672777869853,13.750822000331471
8,23,1017,712,103.2025,-44.2448,94.5894,2.5943,5.7054,-0.6133,4.8107,-1.294,0.7079,4.8443,-0.2264,0.8092,-1.2332,van,32,109.0387,-47.9068,-2.1231,1.3067,2.4911,0.0965,150.6067,2.492993882864537,8.974777978312332,-5.836200000000005,3.661999999999999,1.5098,3.5039999999999996,3.8154307803968868,6.8899546036240364,0,08_23_32_947_ego_32,1,947,947,965,vehicle_vehicle,0.28762159479930155,2.3135356757438617,1.3964417842047585,11.177352622602548,15.0,3.0,3.5,0.8,3.819672777869853,13.750822000331471
8,31,1017,380,93.7802,-29.954,139.7877,3.6298,18.2042,-4.7793,3.1555,-0.2573,-0.9782,5.687,-0.6759,-0.435,-0.9131,truck,32,109.0387,-47.9068,-2.1231,1.3067,2.4911,0.0965,150.6067,2.492993882864537,8.974777978312332,-15.258500000000012,17.952799999999996,-2.6562,1.8488,3.236272528697174,23.561087625362294,0,08_23_32_947_ego_32,0,947,947,965,vehicle_vehicle,0.28762159479930155,2.3135356757438617,1.3964417842047585,11.177352622602548,15.0,3.0,3.5,0.8,3.819672777869853,13.750822000331471
8,32,1017,346,109.0387,-47.9068,150.6067,1.8544,4.9742,-2.1231,1.3067,-0.5894,0.7284,2.4911,0.0965,0.871,0.3453,car,32,109.0387,-47.9068,-2.1231,1.3067,2.4911,0.0965,150.6067,2.492993882864537,8.974777978312332,0.0,0.0,0.0,0.0,0.0,0.0,1,08_23_32_947_ego_32,1,947,947,965,vehicle_vehicle,0.28762159479930155,2.3135356757438617,1.3964417842047585,11.177352622602548,15.0,3.0,3.5,0.8,3.819672777869853,13.750822000331471
8,35,1017,298,117.1314,-52.1736,159.797,1.8297,4.3769,-1.9615,0.7371,0.9235,-0.3499,2.0954,0.0144,-0.9875,-0.0094,car,32,109.0387,-47.9068,-2.1231,1.3067,2.4911,0.0965,150.6067,2.492993882864537,8.974777978312332,8.092699999999994,-4.2668000000000035,0.16159999999999997,-0.5696,0.5920799945953249,9.148626975125826,0,08_23_32_947_ego_32,0,947,947,965,vehicle_vehicle,0.28762159479930155,2.3135356757438617,1.3964417842047585,11.177352622602548,15.0,3.0,3.5,0.8,3.819672777869853,13.750822000331471
8,23,1018,713,103.1776,-44.051,95.2905,2.5943,5.7054,-0.6671,4.8384,-1.299,0.7042,4.8792,-0.2181,0.8209,-1.2285,van,32,108.9528,-47.853,-2.1476,1.3372,2.5277,0.1042,150.4524,2.5298793647128712,9.107565712966336,-5.775199999999998,3.8019999999999996,1.4805000000000001,3.5012,3.801352613215459,6.914342994095677,0,08_23_32_947_ego_32,1,947,947,965,vehicle_vehicle,0.28762159479930155,2.3135356757438617,1.3964417842047585,11.177352622602548,15.0,3.0,3.5,0.8,3.819672777869853,13.750822000331471
8,31,1018,381,93.5799,-29.8365,140.3456,3.6298,18.2042,-4.7791,3.1236,-0.1985,-0.9649,5.6728,-0.6449,-0.4629,-0.8695,truck,32,108.9528,-47.853,-2.1476,1.3372,2.5277,0.1042,150.4524,2.5298793647128712,9.107565712966336,-15.372900000000001,18.0165,-2.6314999999999995,1.7864000000000002,3.1805686928598162,23.683756599407957,0,08_23_32_947_ego_32,0,947,947,965,vehicle_vehicle,0.28762159479930155,2.3135356757438617,1.3964417842047585,11.177352622602548,15.0,3.0,3.5,0.8,3.819672777869853,13.750822000331471
8,32,1018,347,108.9528,-47.853,150.4524,1.8544,4.9742,-2.1476,1.3372,-0.5748,0.7413,2.5277,0.1042,0.8657,0.3614,car,32,108.9528,-47.853,-2.1476,1.3372,2.5277,0.1042,150.4524,2.5298793647128712,9.107565712966336,0.0,0.0,0.0,0.0,0.0,0.0,1,08_23_32_947_ego_32,1,947,947,965,vehicle_vehicle,0.28762159479930155,2.3135356757438617,1.3964417842047585,11.177352622602548,15.0,3.0,3.5,0.8,3.819672777869853,13.750822000331471
8,35,1018,299,117.0556,-52.1455,159.7867,1.8297,4.3769,-1.9243,0.723,0.8644,-0.3287,2.0556,0.0136,-0.9247,-0.0098,car,32,108.9528,-47.853,-2.1476,1.3372,2.5277,0.1042,150.4524,2.5298793647128712,9.107565712966336,8.102800000000002,-4.292499999999997,0.22330000000000028,-0.6142,0.6535323480899778,9.169565098193043,0,08_23_32_947_ego_32,0,947,947,965,vehicle_vehicle,0.28762159479930155,2.3135356757438617,1.3964417842047585,11.177352622602548,15.0,3.0,3.5,0.8,3.819672777869853,13.750822000331471
8,23,1019,714,103.1497,-43.8561,95.9843,2.5943,5.7054,-0.721,4.8655,-1.302,0.7012,4.9142,-0.2098,0.8331,-1.2218,van,32,108.8657,-47.7977,-2.1712,1.3678,2.5636,0.1119,150.289,2.5661228107789382,9.238042118804177,-5.716000000000008,3.941600000000001,1.4501999999999997,3.4977,3.786421177048322,6.943260513620392,0,08_23_32_947_ego_32,1,947,947,965,vehicle_vehicle,0.28762159479930155,2.3135356757438617,1.3964417842047585,11.177352622602548,15.0,3.0,3.5,0.8,3.819672777869853,13.750822000331471
8,31,1019,382,93.3813,-29.7188,140.9032,3.6298,18.2042,-4.7736,3.0948,-0.1518,-0.96,5.6564,-0.6085,-0.4877,-0.8408,truck,32,108.8657,-47.7977,-2.1712,1.3678,2.5636,0.1119,150.289,2.5661228107789382,9.238042118804177,-15.484400000000008,18.078899999999997,-2.6024000000000003,1.7270000000000003,3.1233019002331495,23.803639817683347,0,08_23_32_947_ego_32,0,947,947,965,vehicle_vehicle,0.28762159479930155,2.3135356757438617,1.3964417842047585,11.177352622602548,15.0,3.0,3.5,0.8,3.819672777869853,13.750822000331471
8,32,1019,348,108.8657,-47.7977,150.289,1.8544,4.9742,-2.1712,1.3678,-0.5595,0.7531,2.5636,0.1119,0.8592,0.3768,car,32,108.8657,-47.7977,-2.1712,1.3678,2.5636,0.1119,150.289,2.5661228107789382,9.238042118804177,0.0,0.0,0.0,0.0,0.0,0.0,1,08_23_32_947_ego_32,1,947,947,965,vehicle_vehicle,0.28762159479930155,2.3135356757438617,1.3964417842047585,11.177352622602548,15.0,3.0,3.5,0.8,3.819672777869853,13.750822000331471
8,35,1019,300,116.9802,-52.1177,159.7895,1.8297,4.3769,-1.8898,0.7099,0.8051,-0.3075,2.0187,0.0134,-0.8618,-0.0104,car,32,108.8657,-47.7977,-2.1712,1.3678,2.5636,0.1119,150.289,2.5661228107789382,9.238042118804177,8.114499999999992,-4.32,0.2813999999999999,-0.6578999999999999,0.7155545891125288,9.19279665009511,0,08_23_32_947_ego_32,0,947,947,965,vehicle_vehicle,0.28762159479930155,2.3135356757438617,1.3964417842047585,11.177352622602548,15.0,3.0,3.5,0.8,3.819672777869853,13.750822000331471
8,23,1020,715,103.1205,-43.6604,96.6641,2.5943,5.7054,-0.7753,4.8924,-1.3028,0.6994,4.9493,-0.2024,0.8459,-1.2128,van,32,108.778,-47.7413,-2.194,1.3983,2.599,0.1187,150.1043,2.6017069185440547,9.366144906758597,-5.657499999999999,4.0809,1.4186999999999999,3.4941000000000004,3.7711330525453493,6.9757473477757195,0,08_23_32_947_ego_32,1,947,947,965,vehicle_vehicle,0.28762159479930155,2.3135356757438617,1.3964417842047585,11.177352622602548,15.0,3.0,3.5,0.8,3.819672777869853,13.750822000331471
8,31,1020,383,93.1859,-29.5995,141.4671,3.6298,18.2042,-4.7645,3.0677,-0.1193,-0.9658,5.6381,-0.5683,-0.5083,-0.8298,truck,32,108.778,-47.7413,-2.194,1.3983,2.599,0.1187,150.1043,2.6017069185440547,9.366144906758597,-15.592100000000002,18.141800000000003,-2.5705,1.6693999999999998,3.065023101054868,23.92150684321538,0,08_23_32_947_ego_32,0,947,947,965,vehicle_vehicle,0.28762159479930155,2.3135356757438617,1.3964417842047585,11.177352622602548,15.0,3.0,3.5,0.8,3.819672777869853,13.750822000331471
8,32,1020,349,108.778,-47.7413,150.1043,1.8544,4.9742,-2.194,1.3983,-0.5437,0.7643,2.599,0.1187,0.8522,0.3916,car,32,108.778,-47.7413,-2.194,1.3983,2.599,0.1187,150.1043,2.6017069185440547,9.366144906758597,0.0,0.0,0.0,0.0,0.0,0.0,1,08_23_32_947_ego_32,1,947,947,965,vehicle_vehicle,0.28762159479930155,2.3135356757438617,1.3964417842047585,11.177352622602548,15.0,3.0,3.5,0.8,3.819672777869853,13.750822000331471
8,35,1020,301,116.9059,-52.0897,159.7925,1.8297,4.3769,-1.858,0.6979,0.7461,-0.2865,1.9847,0.0131,-0.7992,-0.0112,car,32,108.778,-47.7413,-2.194,1.3983,2.599,0.1187,150.1043,2.6017069185440547,9.366144906758597,8.127899999999997,-4.348399999999998,0.33599999999999985,-0.7004000000000001,0.7768244074435355,9.217990072136113,0,08_23_32_947_ego_32,0,947,947,965,vehicle_vehicle,0.28762159479930155,2.3135356757438617,1.3964417842047585,11.177352622602548,15.0,3.0,3.5,0.8,3.819672777869853,13.750822000331471
8,23,1021,716,103.09,-43.4644,97.3246,2.5943,5.7054,-0.8303,4.9192,-1.3011,0.6987,4.985,-0.1964,0.8589,-1.2014,van,32,108.6897,-47.6839,-2.2161,1.429,2.6339,0.1255,149.9121,2.6368807728071437,9.492770782105717,-5.599699999999999,4.219500000000004,1.3858,3.4901999999999997,3.75525467578432,7.011477757220657,0,08_23_32_947_ego_32,1,947,947,965,vehicle_vehicle,0.28762159479930155,2.3135356757438617,1.3964417842047585,11.177352622602548,15.0,3.0,3.5,0.8,3.819672777869853,13.750822000331471
8,31,1021,384,92.9958,-29.476,142.034,3.6298,18.2042,-4.7543,3.0398,-0.1019,-0.9826,5.6182,-0.5283,-0.5241,-0.8373,truck,32,108.6897,-47.6839,-2.2161,1.429,2.6339,0.1255,149.9121,2.6368807728071437,9.492770782105717,-15.6939,18.207900000000002,-2.5382,1.6108,3.0061829418716353,24.038014053161714,0,08_23_32_947_ego_32,0,947,947,965,vehicle_vehicle,0.28762159479930155,2.3135356757438617,1.3964417842047585,11.177352622602548,15.0,3.0,3.5,0.8,3.819672777869853,13.750822000331471
8,32,1021,350,108.6897,-47.6839,149.9121,1.8544,4.9742,-2.2161,1.429,-0.5274,0.7751,2.6339,0.1255,0.845,0.4063,car,32,108.6897,-47.6839,-2.2161,1.429,2.6339,0.1255,149.9121,2.6368807728071437,9.492770782105717,0.0,0.0,0.0,0.0,0.0,0.0,1,08_23_32_947_ego_32,1,947,947,965,vehicle_vehicle,0.28762159479930155,2.3135356757438617,1.3964417842047585,11.177352622602548,15.0,3.0,3.5,0.8,3.819672777869853,13.750822000331471
8,35,1021,302,116.8334,-52.0619,159.8018,1.8297,4.3769,-1.829,0.6866,0.6877,-0.2657,1.9535,0.0129,-0.7372,-0.012,car,32,108.6897,-47.6839,-2.2161,1.429,2.6339,0.1255,149.9121,2.6368807728071437,9.492770782105717,8.143699999999995,-4.378,0.3871,-0.7424000000000001,0.8372599178271942,9.245903616737518,0,08_23_32_947_ego_32,0,947,947,965,vehicle_vehicle,0.28762159479930155,2.3135356757438617,1.3964417842047585,11.177352622602548,15.0,3.0,3.5,0.8,3.819672777869853,13.750822000331471
8,23,1022,717,103.0574,-43.2672,97.9573,2.5943,5.7054,-0.8859,4.9462,-1.2962,0.6991,5.0212,-0.1927,0.8718,-1.1869,van,32,108.601,-47.6254,-2.2377,1.4598,2.6685,0.1318,149.7076,2.6717629629141877,9.618346666491076,-5.543599999999998,4.3581999999999965,1.3518,3.4864,3.739297821784192,7.051624507870505,0,08_23_32_947_ego_32,1,947,947,965,vehicle_vehicle,0.28762159479930155,2.3135356757438617,1.3964417842047585,11.177352622602548,15.0,3.0,3.5,0.8,3.819672777869853,13.750822000331471
8,31,1022,385,92.8117,-29.3478,142.6061,3.6298,18.2042,-4.7459,3.0082,-0.0982,-1.0085,5.5974,-0.4922,-0.5344,-0.8609,truck,32,108.601,-47.6254,-2.2377,1.4598,2.6685,0.1318,149.7076,2.6717629629141877,9.618346666491076,-15.789299999999997,18.2776,-2.5082,1.5484,2.947644788640585,24.153108624978273,0,08_23_32_947_ego_32,0,947,947,965,vehicle_vehicle,0.28762159479930155,2.3135356757438617,1.3964417842047585,11.177352622602548,15.0,3.0,3.5,0.8,3.819672777869853,13.750822000331471
8,32,1022,351,108.601,-47.6254,149.7076,1.8544,4.9742,-2.2377,1.4598,-0.5108,0.786,2.6685,0.1318,0.8375,0.4211,car,32,108.601,-47.6254,-2.2377,1.4598,2.6685,0.1318,149.7076,2.6717629629141877,9.618346666491076,0.0,0.0,0.0,0.0,0.0,0.0,1,08_23_32_947_ego_32,1,947,947,965,vehicle_vehicle,0.28762159479930155,2.3135356757438617,1.3964417842047585,11.177352622602548,15.0,3.0,3.5,0.8,3.819672777869853,13.750822000331471
8,35,1022,303,116.7617,-52.0347,159.8221,1.8297,4.3769,-1.8027,0.6762,0.6303,-0.2452,1.9253,0.0129,-0.6762,-0.0127,car,32,108.601,-47.6254,-2.2377,1.4598,2.6685,0.1318,149.7076,2.6717629629141877,9.618346666491076,8.160700000000006,-4.409300000000002,0.43499999999999983,-0.7836,0.8962443639990155,9.275718353852714,0,08_23_32_947_ego_32,0,947,947,965,vehicle_vehicle,0.28762159479930155,2.3135356757438617,1.3964417842047585,11.177352622602548,15.0,3.0,3.5,0.8,3.819672777869853,13.750822000331471
