recordingId,trackId,frame,trackLifetime,xCenter,yCenter,heading,width,length,xVelocity,yVelocity,xAcceleration,yAcceleration,lonVelocity,latVelocity,lonAcceleration,latAcceleration,class,egoTrackId,ego_xCenter,ego_yCenter,ego_xVelocity,ego_yVelocity,ego_lonVelocity,ego_latVelocity,ego_heading,ego_speed_mps,ego_speed_kph,rel_x_to_ego,rel_y_to_ego,rel_vx_to_ego,rel_vy_to_ego,rel_speed_to_ego,distance_to_ego,is_ego,event_id,is_primary_actor,event_peak_frame,event_start_frame,event_end_frame,pair_type,risk_score_peak,event_min_ttc,event_min_dcpa,event_min_distance,dist_threshold_used,ttc_threshold_used,dcpa_threshold_used,min_rel_speed_threshold_used,ego_speed_mps_peak,ego_speed_kph_peak
5,169,5497,182,94.9377,-36.526,124.0427,2.0217,4.7798,-3.4038,4.4166,-1.4815,-1.1853,5.5651,-0.348,-0.1528,-1.8911,car,181,90.2435,-15.162,-1.9121,-3.2036,3.7267,0.1758,241.868,3.7308416436509333,13.431029917143361,4.694200000000009,-21.364000000000004,-1.4917,7.6202,7.764832060643681,21.8736373207567,0,05_172_181_5572_ego_181,0,5572,5572,5575,vehicle_vehicle,0.13323555141218008,2.424593253589799,2.85587533691155,14.149965699605069,15.0,3.0,3.5,0.8,0.08175065748971075,0.2943023669629587
5,170,5497,178,100.8196,-40.4515,107.2761,1.9471,3.804,-2.1056,5.7779,-1.7146,-0.7565,6.1425,-0.2947,-0.2132,-1.8619,car,181,90.2435,-15.162,-1.9121,-3.2036,3.7267,0.1758,241.868,3.7308416436509333,13.431029917143361,10.576099999999997,-25.289500000000004,-0.1935,8.9815,8.98358416780296,27.411908022974252,0,05_172_181_5572_ego_181,0,5572,5572,5575,vehicle_vehicle,0.13323555141218008,2.424593253589799,2.85587533691155,14.149965699605069,15.0,3.0,3.5,0.8,0.08175065748971075,0.2943023669629587
5,172,5497,119,101.8115,-49.105,81.0362,2.1205,4.4441,0.8862,7.2056,-2.7629,-0.8309,7.2556,-0.2473,-1.2512,-2.5997,car,181,90.2435,-15.162,-1.9121,-3.2036,3.7267,0.1758,241.868,3.7308416436509333,13.431029917143361,11.567999999999998,-33.943,2.7983,10.409199999999998,10.77877207895222,35.860087465035555,0,05_172_181_5572_ego_181,1,5572,5572,5575,vehicle_vehicle,0.13323555141218008,2.424593253589799,2.85587533691155,14.149965699605069,15.0,3.0,3.5,0.8,0.08175065748971075,0.2943023669629587
5,174,5497,102,96.8821,-54.5026,61.2187,2.0887,4.7936,3.082,6.1844,-2.6946,0.1749,6.9043,-0.2763,-1.144,-2.446,car,181,90.2435,-15.162,-1.9121,-3.2036,3.7267,0.1758,241.868,3.7308416436509333,13.431029917143361,6.638599999999997,-39.3406,4.9940999999999995,9.388,10.633700146703402,39.89678957409982,0,05_172_181_5572_ego_181,0,5572,5572,5575,vehicle_vehicle,0.13323555141218008,2.424593253589799,2.85587533691155,14.149965699605069,15.0,3.0,3.5,0.8,0.08175065748971075,0.2943023669629587
5,176,5497,84,96.8731,-60.2255,52.1675,2.1313,4.7502,4.6319,6.2081,-1.708,1.3729,7.7442,-0.1495,0.0367,-2.1911,car,181,90.2435,-15.162,-1.9121,-3.2036,3.7267,0.1758,241.868,3.7308416436509333,13.431029917143361,6.629599999999996,-45.0635,6.544,9.4117,11.46315981263456,45.548552429358274,0,05_172_181_5572_ego_181,0,5572,5572,5575,vehicle_vehicle,0.13323555141218008,2.424593253589799,2.85587533691155,14.149965699605069,15.0,3.0,3.5,0.8,0.08175065748971075,0.2943023669629587
5,181,5497,3,90.2435,-15.162,241.868,2.1466,4.7117,-1.9121,-3.2036,0.1218,0.6067,3.7267,0.1758,-0.5924,0.1786,car,181,90.2435,-15.162,-1.9121,-3.2036,3.7267,0.1758,241.868,3.7308416436509333,13.431029917143361,0.0,0.0,0.0,0.0,0.0,0.0,1,05_172_181_5572_ego_181,1,5572,5572,5575,vehicle_vehicle,0.13323555141218008,2.424593253589799,2.85587533691155,14.149965699605069,15.0,3.0,3.5,0.8,0.08175065748971075,0.2943023669629587
5,169,5498,183,94.8006,-36.3517,124.7855,2.0217,4.7798,-3.4653,4.3714,-1.4694,-1.1857,5.5671,-0.3521,-0.1355,-1.8833,car,181,90.1657,-15.2926,-1.9097,-3.1835,3.7084,0.1722,241.699,3.7123612889911453,13.364500640368123,4.634900000000002,-21.0591,-1.5556,7.5549,7.713391301496379,21.563116444985408,0,05_172_181_5572_ego_181,0,5572,5572,5575,vehicle_vehicle,0.13323555141218008,2.424593253589799,2.85587533691155,14.149965699605069,15.0,3.0,3.5,0.8,0.08175065748971075,0.2943023669629587
5,170,5498,179,100.7326,-40.2217,107.9813,1.9471,3.804,-2.1737,5.7483,-1.6923,-0.7736,6.1386,-0.293,-0.2134,-1.8485,car,181,90.1657,-15.2926,-1.9097,-3.1835,3.7084,0.1722,241.699,3.7123612889911453,13.364500640368123,10.566900000000004,-24.9291,-0.26400000000000023,8.9318,8.93570071343037,27.07617776607326,0,05_172_181_5572_ego_181,0,5572,5572,5575,vehicle_vehicle,0.13323555141218008,2.424593253589799,2.85587533691155,14.149965699605069,15.0,3.0,3.5,0.8,0.08175065748971075,0.2943023669629587
5,172,5498,120,101.8434,-48.8178,81.8506,2.1205,4.4441,0.7737,7.1657,-2.7283,-0.853,7.203,-0.2498,-1.2311,-2.5798,car,181,90.1657,-15.2926,-1.9097,-3.1835,3.7084,0.1722,241.699,3.7123612889911453,13.364500640368123,11.677700000000002,-33.5252,2.6834,10.3492,10.691425358669441,35.50081284041254,0,05_172_181_5572_ego_181,1,5572,5572,5575,vehicle_vehicle,0.13323555141218008,2.424593253589799,2.85587533691155,14.149965699605069,15.0,3.0,3.5,0.8,0.08175065748971075,0.2943023669629587
5,174,5498,103,97.0034,-54.2543,62.0393,2.0887,4.7936,2.9703,6.1875,-2.6928,0.1088,6.8579,-0.2775,-1.1665,-2.4295,car,181,90.1657,-15.2926,-1.9097,-3.1835,3.7084,0.1722,241.699,3.7123612889911453,13.364500640368123,6.837699999999998,-38.9617,4.88,9.371,10.565511866445469,39.557151163601254,0,05_172_181_5572_ego_181,0,5572,5572,5575,vehicle_vehicle,0.13323555141218008,2.424593253589799,2.85587533691155,14.149965699605069,15.0,3.0,3.5,0.8,0.08175065748971075,0.2943023669629587
5,176,5498,85,97.0564,-59.9758,52.8017,2.1313,4.7502,4.5642,6.2653,-1.7325,1.3514,7.75,-0.1523,0.029,-2.197,car,181,90.1657,-15.2926,-1.9097,-3.1835,3.7084,0.1722,241.699,3.7123612889911453,13.364500640368123,6.890699999999995,-44.6832,6.4738999999999995,9.4488,11.453872823198274,45.21139357208534,0,05_172_181_5572_ego_181,0,5572,5572,5575,vehicle_vehicle,0.13323555141218008,2.424593253589799,2.85587533691155,14.149965699605069,15.0,3.0,3.5,0.8,0.08175065748971075,0.2943023669629587
5,181,5498,4,90.1657,-15.2926,241.699,2.1466,4.7117,-1.9097,-3.1835,0.1406,0.6493,3.7084,0.1722,-0.6384,0.184,car,181,90.1657,-15.2926,-1.9097,-3.1835,3.7084,0.1722,241.699,3.7123612889911453,13.364500640368123,0.0,0.0,0.0,0.0,0.0,0.0,1,05_172_181_5572_ego_181,1,5572,5572,5575,vehicle_vehicle,0.13323555141218008,2.424593253589799,2.85587533691155,14.149965699605069,15.0,3.0,3.5,0.8,0.08175065748971075,0.2943023669629587
5,169,5499,184,94.6602,-36.1787,125.5333,2.0217,4.7798,-3.526,4.3265,-1.4553,-1.1885,5.57,-0.355,-0.1214,-1.875,car,181,90.0887,-15.4228,-1.9063,-3.1603,3.6869,0.1686,241.5194,3.6907283535909277,13.28662207292734,4.5715,-20.755899999999997,-1.6196999999999997,7.486800000000001,7.660000152088772,21.253376133217042,0,05_172_181_5572_ego_181,0,5572,5572,5575,vehicle_vehicle,0.13323555141218008,2.424593253589799,2.85587533691155,14.149965699605069,15.0,3.0,3.5,0.8,0.08175065748971075,0.2943023669629587
5,170,5499,180,100.6425,-39.9924,108.6736,1.9471,3.804,-2.2403,5.718,-1.6708,-0.7913,6.1343,-0.2915,-0.2147,-1.8362,car,181,90.0887,-15.4228,-1.9063,-3.1603,3.6869,0.1686,241.5194,3.6907283535909277,13.28662207292734,10.553799999999995,-24.5696,-0.33399999999999985,8.8783,8.884580287779496,26.740380300212635,0,05_172_181_5572_ego_181,0,5572,5572,5575,vehicle_vehicle,0.13323555141218008,2.424593253589799,2.85587533691155,14.149965699605069,15.0,3.0,3.5,0.8,0.08175065748971075,0.2943023669629587
5,172,5499,121,101.8704,-48.5323,82.6642,2.1205,4.4441,0.6634,7.1252,-2.692,-0.8686,7.1516,-0.2518,-1.2052,-2.559,car,181,90.0887,-15.4228,-1.9063,-3.1603,3.6869,0.1686,241.5194,3.6907283535909277,13.28662207292734,11.7817,-33.1095,2.5697,10.2855,10.601644605437404,35.14324181318508,0,05_172_181_5572_ego_181,1,5572,5572,5575,vehicle_vehicle,0.13323555141218008,2.424593253589799,2.85587533691155,14.149965699605069,15.0,3.0,3.5,0.8,0.08175065748971075,0.2943023669629587
5,174,5499,104,97.1194,-54.006,62.8802,2.0887,4.7936,2.859,6.1876,-2.6873,0.0466,6.8106,-0.276,-1.1835,-2.4131,car,181,90.0887,-15.4228,-1.9063,-3.1603,3.6869,0.1686,241.5194,3.6907283535909277,13.28662207292734,7.030699999999996,-38.5832,4.7653,9.3479,10.492441017227591,39.2185423585579,0,05_172_181_5572_ego_181,0,5572,5572,5575,vehicle_vehicle,0.13323555141218008,2.424593253589799,2.85587533691155,14.149965699605069,15.0,3.0,3.5,0.8,0.08175065748971075,0.2943023669629587
5,176,5499,86,97.2372,-59.724,53.4366,2.1313,4.7502,4.4956,6.3216,-1.7577,1.3276,7.7556,-0.1549,0.0193,-2.2026,car,181,90.0887,-15.4228,-1.9063,-3.1603,3.6869,0.1686,241.5194,3.6907283535909277,13.28662207292734,7.1484999999999985,-44.301199999999994,6.4018999999999995,9.4819,11.44074959170071,44.87423953327788,0,05_172_181_5572_ego_181,0,5572,5572,5575,vehicle_vehicle,0.13323555141218008,2.424593253589799,2.85587533691155,14.149965699605069,15.0,3.0,3.5,0.8,0.08175065748971075,0.2943023669629587
5,181,5499,5,90.0887,-15.4228,241.5194,2.1466,4.7117,-1.9063,-3.1603,0.1618,0.6955,3.6869,0.1686,-0.6885,0.1894,car,181,90.0887,-15.4228,-1.9063,-3.1603,3.6869,0.1686,241.5194,3.6907283535909277,13.28662207292734,0.0,0.0,0.0,0.0,0.0,0.0,1,05_172_181_5572_ego_181,1,5572,5572,5575,vehicle_vehicle,0.13323555141218008,2.424593253589799,2.85587533691155,14.149965699605069,15.0,3.0,3.5,0.8,0.08175065748971075,0.2943023669629587
5,169,5500,185,94.5164,-36.007,126.2937,2.0217,4.7798,-3.5856,4.2816,-1.4395,-1.1939,5.5734,-0.3555,-0.1102,-1.867,car,181,90.0119,-15.552,-1.9017,-3.1339,3.6621,0.1655,241.3373,3.6657594165465905,13.196733899567727,4.504500000000007,-20.455,-1.6839,7.4155,7.604285598266283,20.945107907337217,0,05_172_181_5572_ego_181,0,5572,5572,5575,vehicle_vehicle,0.13323555141218008,2.424593253589799,2.85587533691155,14.149965699605069,15.0,3.0,3.5,0.8,0.08175065748971075,0.2943023669629587
5,170,5500,181,100.5498,-39.7646,109.3378,1.9471,3.804,-2.3052,5.6872,-1.6508,-0.8098,6.1297,-0.2919,-0.2175,-1.8258,car,181,90.0119,-15.552,-1.9017,-3.1339,3.6621,0.1655,241.3373,3.6657594165465905,13.196733899567727,10.537900000000008,-24.212600000000002,-0.4035000000000002,8.8211,8.830323746046913,26.406388150786547,0,05_172_181_5572_ego_181,0,5572,5572,5575,vehicle_vehicle,0.13323555141218008,2.424593253589799,2.85587533691155,14.149965699605069,15.0,3.0,3.5,0.8,0.08175065748971075,0.2943023669629587
5,172,5500,122,101.8931,-48.2494,83.4785,2.1205,4.4441,0.5551,7.0846,-2.6548,-0.878,7.1018,-0.2531,-1.1739,-2.5379,car,181,90.0119,-15.552,-1.9017,-3.1339,3.6621,0.1655,241.3373,3.6657594165465905,13.196733899567727,11.881200000000007,-32.6974,2.4568,10.2185,10.509691170058234,34.78912014121657,0,05_172_181_5572_ego_181,1,5572,5572,5575,vehicle_vehicle,0.13323555141218008,2.424593253589799,2.85587533691155,14.149965699605069,15.0,3.0,3.5,0.8,0.08175065748971075,0.2943023669629587
5,174,5500,105,97.2306,-53.7578,63.7323,2.0887,4.7936,2.7482,6.185,-2.6783,-0.0111,6.7626,-0.2728,-1.1953,-2.3968,car,181,90.0119,-15.552,-1.9017,-3.1339,3.6621,0.1655,241.3373,3.6657594165465905,13.196733899567727,7.218699999999998,-38.2058,4.649900000000001,9.3189,10.414579550802806,38.881779580286704,0,05_172_181_5572_ego_181,0,5572,5572,5575,vehicle_vehicle,0.13323555141218008,2.424593253589799,2.85587533691155,14.149965699605069,15.0,3.0,3.5,0.8,0.08175065748971075,0.2943023669629587
5,176,5500,87,97.4153,-59.4697,54.0879,2.1313,4.7502,4.4262,6.3767,-1.7837,1.3017,7.7608,-0.1554,0.0081,-2.2081,car,181,90.0119,-15.552,-1.9017,-3.1339,3.6621,0.1655,241.3373,3.6657594165465905,13.196733899567727,7.403400000000005,-43.9177,6.3279,9.5106,11.423389635742973,44.53734056777527,0,05_172_181_5572_ego_181,0,5572,5572,5575,vehicle_vehicle,0.13323555141218008,2.424593253589799,2.85587533691155,14.149965699605069,15.0,3.0,3.5,0.8,0.08175065748971075,0.2943023669629587
5,181,5500,6,90.0119,-15.552,241.3373,2.1466,4.7117,-1.9017,-3.1339,0.185,0.7438,3.6621,0.1655,-0.7414,0.1944,car,181,90.0119,-15.552,-1.9017,-3.1339,3.6621,0.1655,241.3373,3.6657594165465905,13.196733899567727,0.0,0.0,0.0,0.0,0.0,0.0,1,05_172_181_5572_ego_181,1,5572,5572,5575,vehicle_vehicle,0.13323555141218008,2.424593253589799,2.85587533691155,14.149965699605069,15.0,3.0,3.5,0.8,0.08175065748971075,0.2943023669629587
5,169,5501,186,94.3706,-35.8372,127.0641,2.0217,4.7798,-3.644,4.2368,-1.4227,-1.2022,5.5771,-0.3542,-0.1019,-1.8598,car,181,89.9349,-15.6799,-1.8958,-3.1044,3.6339,0.1618,241.1389,3.63749323023425,13.0949756288433,4.435699999999997,-20.157300000000003,-1.7482000000000002,7.3412,7.546483994550044,20.639577945781742,0,05_172_181_5572_ego_181,0,5572,5572,5575,vehicle_vehicle,0.13323555141218008,2.424593253589799,2.85587533691155,14.149965699605069,15.0,3.0,3.5,0.8,0.08175065748971075,0.2943023669629587
5,170,5501,182,100.4551,-39.538,110.01,1.9471,3.804,-2.3689,5.6557,-1.6329,-0.8291,6.1249,-0.2906,-0.2203,-1.8181,car,181,89.9349,-15.6799,-1.8958,-3.1044,3.6339,0.1618,241.1389,3.63749323023425,13.0949756288433,10.520200000000003,-23.858099999999997,-0.4731000000000001,8.760100000000001,8.772865872678096,26.074576576619606,0,05_172_181_5572_ego_181,0,5572,5572,5575,vehicle_vehicle,0.13323555141218008,2.424593253589799,2.85587533691155,14.149965699605069,15.0,3.0,3.5,0.8,0.08175065748971075,0.2943023669629587
5,172,5501,123,101.9115,-47.9683,84.2777,2.1205,4.4441,0.4491,7.0443,-2.6174,-0.882,7.0539,-0.2555,-1.1385,-2.5164,car,181,89.9349,-15.6799,-1.8958,-3.1044,3.6339,0.1618,241.1389,3.63749323023425,13.0949756288433,11.976600000000005,-32.288399999999996,2.3449,10.1487,10.416077366264135,34.43805630577893,0,05_172_181_5572_ego_181,1,5572,5572,5575,vehicle_vehicle,0.13323555141218008,2.424593253589799,2.85587533691155,14.149965699605069,15.0,3.0,3.5,0.8,0.08175065748971075,0.2943023669629587
5,174,5501,106,97.338,-53.5097,64.574,2.0887,4.7936,2.638,6.1798,-2.6662,-0.0643,6.7138,-0.2708,-1.2028,-2.3804,car,181,89.9349,-15.6799,-1.8958,-3.1044,3.6339,0.1618,241.1389,3.63749323023425,13.0949756288433,7.403099999999995,-37.829800000000006,4.533799999999999,9.2842,10.332072012912027,38.547369010737945,0,05_172_181_5572_ego_181,0,5572,5572,5575,vehicle_vehicle,0.13323555141218008,2.424593253589799,2.85587533691155,14.149965699605069,15.0,3.0,3.5,0.8,0.08175065748971075,0.2943023669629587
5,176,5501,88,97.5909,-59.2135,54.7302,2.1313,4.7502,4.3558,6.4308,-1.8106,1.2738,7.7655,-0.1571,-0.0055,-2.2137,car,181,89.9349,-15.6799,-1.8958,-3.1044,3.6339,0.1618,241.1389,3.63749323023425,13.0949756288433,7.656000000000006,-43.53360000000001,6.2516,9.5352,11.401865706979713,44.20168169832456,0,05_172_181_5572_ego_181,0,5572,5572,5575,vehicle_vehicle,0.13323555141218008,2.424593253589799,2.85587533691155,14.149965699605069,15.0,3.0,3.5,0.8,0.08175065748971075,0.2943023669629587
5,181,5501,7,89.9349,-15.6799,241.1389,2.1466,4.7117,-1.8958,-3.1044,0.2099,0.7929,3.6339,0.1618,-0.7957,0.1989,car,181,89.9349,-15.6799,-1.8958,-3.1044,3.6339,0.1618,241.1389,3.63749323023425,13.0949756288433,0.0,0.0,0.0,0.0,0.0,0.0,1,05_172_181_5572_ego_181,1,5572,5572,5575,vehicle_vehicle,0.13323555141218008,2.424593253589799,2.85587533691155,14.149965699605069,15.0,3.0,3.5,0.8,0.08175065748971075,0.2943023669629587
5,169,5502,187,94.2227,-35.6694,127.8399,2.0217,4.7798,-3.7013,4.192,-1.4052,-1.2135,5.5811,-0.3515,-0.0964,-1.8542,car,181,89.8578,-15.806,-1.8883,-3.0719,3.6024,0.158,240.9325,3.605862795504011,12.981106063814439,4.364900000000006,-19.863400000000006,-1.8129999999999997,7.2639,7.486735751313786,20.33733049271709,0,05_172_181_5572_ego_181,0,5572,5572,5575,vehicle_vehicle,0.13323555141218008,2.424593253589799,2.85587533691155,14.149965699605069,15.0,3.0,3.5,0.8,0.08175065748971075,0.2943023669629587
5,170,5502,183,100.3585,-39.3127,110.6872,1.9471,3.804,-2.4317,5.6235,-1.6175,-0.8494,6.12,-0.2883,-0.2232,-1.8132,car,181,89.8578,-15.806,-1.8883,-3.0719,3.6024,0.158,240.9325,3.605862795504011,12.981106063814439,10.500700000000009,-23.506700000000002,-0.5434000000000001,8.6954,8.71236275186014,25.745478154037077,0,05_172_181_5572_ego_181,0,5572,5572,5575,vehicle_vehicle,0.13323555141218008,2.424593253589799,2.85587533691155,14.149965699605069,15.0,3.0,3.5,0.8,0.08175065748971075,0.2943023669629587
5,172,5502,124,101.9267,-47.6886,85.0613,2.1205,4.4441,0.3447,7.0043,-2.5802,-0.881,7.008,-0.2596,-1.0998,-2.4948,car,181,89.8578,-15.806,-1.8883,-3.0719,3.6024,0.158,240.9325,3.605862795504011,12.981106063814439,12.0689,-31.882600000000004,2.233,10.0762,10.320663517429487,34.09044631520685,0,05_172_181_5572_ego_181,1,5572,5572,5575,vehicle_vehicle,0.13323555141218008,2.424593253589799,2.85587533691155,14.149965699605069,15.0,3.0,3.5,0.8,0.08175065748971075,0.2943023669629587
5,174,5502,107,97.4411,-53.2618,65.4183,2.0887,4.7936,2.5284,6.1721,-2.651,-0.1125,6.6645,-0.2683,-1.2051,-2.364,car,181,89.8578,-15.806,-1.8883,-3.0719,3.6024,0.158,240.9325,3.605862795504011,12.981106063814439,7.583300000000008,-37.4558,4.4167000000000005,9.244,10.244938989081389,38.21574796507325,0,05_172_181_5572_ego_181,0,5572,5572,5575,vehicle_vehicle,0.13323555141218008,2.424593253589799,2.85587533691155,14.149965699605069,15.0,3.0,3.5,0.8,0.08175065748971075,0.2943023669629587
5,176,5502,89,97.7631,-58.9552,55.3795,2.1313,4.7502,4.2845,6.4838,-1.8385,1.2438,7.7699,-0.1578,-0.0209,-2.2196,car,181,89.8578,-15.806,-1.8883,-3.0719,3.6024,0.158,240.9325,3.605862795504011,12.981106063814439,7.905299999999997,-43.1492,6.1728000000000005,9.5557,11.37606532725617,43.86738228718463,0,05_172_181_5572_ego_181,0,5572,5572,5575,vehicle_vehicle,0.13323555141218008,2.424593253589799,2.85587533691155,14.149965699605069,15.0,3.0,3.5,0.8,0.08175065748971075,0.2943023669629587
5,181,5502,8,89.8578,-15.806,240.9325,2.1466,4.7117,-1.8883,-3.0719,0.2359,0.8418,3.6024,0.158,-0.8504,0.2028,car,181,89.8578,-15.806,-1.8883,-3.0719,3.6024,0.158,240.9325,3.605862795504011,12.981106063814439,0.0,0.0,0.0,0.0,0.0,0.0,1,05_172_181_5572_ego_181,1,5572,5572,5575,vehicle_vehicle,0.13323555141218008,2.424593253589799,2.85587533691155,14.149965699605069,15.0,3.0,3.5,0.8,0.08175065748971075,0.2943023669629587
5,169,5503,188,94.0728,-35.5027,128.6169,2.0217,4.7798,-3.7577,4.1466,-1.3874,-1.2281,5.5851,-0.3481,-0.0937,-1.8505,car,181,89.7813,-15.9309,-1.8793,-3.0363,3.5675,0.1555,240.7406,3.5708383021357886,12.85501788768884,4.291499999999999,-19.571799999999996,-1.8783999999999998,7.1829,7.4244487317241274,20.03677437837737,0,05_172_181_5572_ego_181,0,5572,5572,5575,vehicle_vehicle,0.13323555141218008,2.424593253589799,2.85587533691155,14.149965699605069,15.0,3.0,3.5,0.8,0.08175065748971075,0.2943023669629587
5,170,5503,184,100.2602,-39.0881,111.3786,1.9471,3.804,-2.494,5.5904,-1.6045,-0.8706,6.1149,-0.2845,-0.2258,-1.8115,car,181,89.7813,-15.9309,-1.8793,-3.0363,3.5675,0.1555,240.7406,3.5708383021357886,12.85501788768884,10.478899999999996,-23.157199999999996,-0.6147000000000002,8.6267,8.64857265564671,25.417774431487892,0,05_172_181_5572_ego_181,0,5572,5572,5575,vehicle_vehicle,0.13323555141218008,2.424593253589799,2.85587533691155,14.149965699605069,15.0,3.0,3.5,0.8,0.08175065748971075,0.2943023669629587
5,172,5503,125,101.9372,-47.4106,85.8271,2.1205,4.4441,0.2424,6.965,-2.5436,-0.8756,6.9642,-0.2651,-1.0584,-2.4732,car,181,89.7813,-15.9309,-1.8793,-3.0363,3.5675,0.1555,240.7406,3.5708383021357886,12.85501788768884,12.155900000000003,-31.4797,2.1217,10.0013,10.22387463635974,33.745183610405796,0,05_172_181_5572_ego_181,1,5572,5572,5575,vehicle_vehicle,0.13323555141218008,2.424593253589799,2.85587533691155,14.149965699605069,15.0,3.0,3.5,0.8,0.08175065748971075,0.2943023669629587
5,174,5503,108,97.5392,-53.0149,66.2728,2.0887,4.7936,2.4197,6.1625,-2.6331,-0.1556,6.6153,-0.2645,-1.202,-2.3479,car,181,89.7813,-15.9309,-1.8793,-3.0363,3.5675,0.1555,240.7406,3.5708383021357886,12.85501788768884,7.757899999999992,-37.083999999999996,4.299,9.1988,10.153783651427679,37.886779599353645,0,05_172_181_5572_ego_181,0,5572,5572,5575,vehicle_vehicle,0.13323555141218008,2.424593253589799,2.85587533691155,14.149965699605069,15.0,3.0,3.5,0.8,0.08175065748971075,0.2943023669629587
5,176,5503,90,97.9322,-58.6949,56.0181,2.1313,4.7502,4.2124,6.5356,-1.8677,1.2118,7.7739,-0.1599,-0.039,-2.226,car,181,89.7813,-15.9309,-1.8793,-3.0363,3.5675,0.1555,240.7406,3.5708383021357886,12.85501788768884,8.150899999999993,-42.763999999999996,6.0916999999999994,9.5719,11.345927837775102,43.533858855033735,0,05_172_181_5572_ego_181,0,5572,5572,5575,vehicle_vehicle,0.13323555141218008,2.424593253589799,2.85587533691155,14.149965699605069,15.0,3.0,3.5,0.8,0.08175065748971075,0.2943023669629587
5,181,5503,9,89.7813,-15.9309,240.7406,2.1466,4.7117,-1.8793,-3.0363,0.2626,0.8893,3.5675,0.1555,-0.9042,0.2055,car,181,89.7813,-15.9309,-1.8793,-3.0363,3.5675,0.1555,240.7406,3.5708383021357886,12.85501788768884,0.0,0.0,0.0,0.0,0.0,0.0,1,05_172_181_5572_ego_181,1,5572,5572,5575,vehicle_vehicle,0.13323555141218008,2.424593253589799,2.85587533691155,14.149965699605069,15.0,3.0,3.5,0.8,0.08175065748971075,0.2943023669629587
5,169,5504,189,93.9212,-35.3375,129.3928,2.0217,4.7798,-3.8133,4.1006,-1.3695,-1.2458,5.589,-0.3446,-0.0936,-1.849,car,181,89.7052,-16.0541,-1.8688,-2.9979,3.5293,0.1536,240.5536,3.532678565904348,12.717642837255653,4.215999999999994,-19.2834,-1.9445,7.0985,7.360012398087384,19.738899958204357,0,05_172_181_5572_ego_181,0,5572,5572,5575,vehicle_vehicle,0.13323555141218008,2.424593253589799,2.85587533691155,14.149965699605069,15.0,3.0,3.5,0.8,0.08175065748971075,0.2943023669629587
5,170,5504,185,100.1601,-38.8647,112.0871,1.9471,3.804,-2.5561,5.5563,-1.5938,-0.8926,6.1097,-0.2792,-0.2278,-1.8125,car,181,89.7052,-16.0541,-1.8688,-2.9979,3.5293,0.1536,240.5536,3.532678565904348,12.717642837255653,10.454899999999995,-22.8106,-0.6872999999999998,8.5542,8.581766655531947,25.09239738187645,0,05_172_181_5572_ego_181,0,5572,5572,5575,vehicle_vehicle,0.13323555141218008,2.424593253589799,2.85587533691155,14.149965699605069,15.0,3.0,3.5,0.8,0.08175065748971075,0.2943023669629587
5,172,5504,126,101.9448,-47.1349,86.5972,2.1205,4.4441,0.1415,6.9268,-2.5079,-0.8666,6.923,-0.2699,-1.0139,-2.4521,car,181,89.7052,-16.0541,-1.8688,-2.9979,3.5293,0.1536,240.5536,3.532678565904348,12.717642837255653,12.239599999999996,-31.080800000000004,2.0103,9.9247,10.126251832736534,33.4039509160219,0,05_172_181_5572_ego_181,1,5572,5572,5575,vehicle_vehicle,0.13323555141218008,2.424593253589799,2.85587533691155,14.149965699605069,15.0,3.0,3.5,0.8,0.08175065748971075,0.2943023669629587
5,174,5504,109,97.6333,-52.7692,67.1266,2.0887,4.7936,2.312,6.1514,-2.6126,-0.1938,6.5664,-0.2608,-1.1941,-2.3318,car,181,89.7052,-16.0541,-1.8688,-2.9979,3.5293,0.1536,240.5536,3.532678565904348,12.717642837255653,7.928100000000001,-36.7151,4.1808,9.1493,10.059263349271655,37.56132768713055,0,05_172_181_5572_ego_181,0,5572,5572,5575,vehicle_vehicle,0.13323555141218008,2.424593253589799,2.85587533691155,14.149965699605069,15.0,3.0,3.5,0.8,0.08175065748971075,0.2943023669629587
5,176,5504,91,98.0988,-58.4326,56.6595,2.1313,4.7502,4.1394,6.5861,-1.8985,1.1778,7.7772,-0.1617,-0.0595,-2.2333,car,181,89.7052,-16.0541,-1.8688,-2.9979,3.5293,0.1536,240.5536,3.532678565904348,12.717642837255653,8.393599999999992,-42.3785,6.0082,9.584,11.31156590574444,43.20173356718455,0,05_172_181_5572_ego_181,0,5572,5572,5575,vehicle_vehicle,0.13323555141218008,2.424593253589799,2.85587533691155,14.149965699605069,15.0,3.0,3.5,0.8,0.08175065748971075,0.2943023669629587
5,181,5504,10,89.7052,-16.0541,240.5536,2.1466,4.7117,-1.8688,-2.9979,0.2896,0.9343,3.5293,0.1536,-0.956,0.2072,car,181,89.7052,-16.0541,-1.8688,-2.9979,3.5293,0.1536,240.5536,3.532678565904348,12.717642837255653,0.0,0.0,0.0,0.0,0.0,0.0,1,05_172_181_5572_ego_181,1,5572,5572,5575,vehicle_vehicle,0.13323555141218008,2.424593253589799,2.85587533691155,14.149965699605069,15.0,3.0,3.5,0.8,0.08175065748971075,0.2943023669629587
5,169,5505,190,93.7674,-35.174,130.1729,2.0217,4.7798,-3.868,4.0536,-1.3515,-1.2665,5.5926,-0.3406,-0.0958,-1.8497,car,181,89.6296,-16.1749,-1.8567,-2.9569,3.4882,0.152,240.3691,3.4915028998985522,12.569410439634789,4.137799999999999,-18.9991,-2.0113,7.0105,7.2933146058565175,19.44446424178357,0,05_172_181_5572_ego_181,0,5572,5572,5575,vehicle_vehicle,0.13323555141218008,2.424593253589799,2.85587533691155,14.149965699605069,15.0,3.0,3.5,0.8,0.08175065748971075,0.2943023669629587
5,170,5505,186,100.0578,-38.6427,112.8184,1.9471,3.804,-2.6182,5.5211,-1.5849,-0.9152,6.1044,-0.2722,-0.2289,-1.8158,car,181,89.6296,-16.1749,-1.8567,-2.9569,3.4882,0.152,240.3691,3.4915028998985522,12.569410439634789,10.428200000000004,-22.467799999999997,-0.7614999999999998,8.478,8.512130535300782,24.76992919004816,0,05_172_181_5572_ego_181,0,5572,5572,5575,vehicle_vehicle,0.13323555141218008,2.424593253589799,2.85587533691155,14.149965699605069,15.0,3.0,3.5,0.8,0.08175065748971075,0.2943023669629587
5,172,5505,127,101.9486,-46.8612,87.3647,2.1205,4.4441,0.042,6.89,-2.4731,-0.8549,6.8847,-0.2748,-0.9678,-2.4312,car,181,89.6296,-16.1749,-1.8567,-2.9569,3.4882,0.152,240.3691,3.4915028998985522,12.569410439634789,12.319000000000003,-30.686299999999996,1.8987,9.8469,10.02828506276123,33.066701811490056,0,05_172_181_5572_ego_181,1,5572,5572,5575,vehicle_vehicle,0.13323555141218008,2.424593253589799,2.85587533691155,14.149965699605069,15.0,3.0,3.5,0.8,0.08175065748971075,0.2943023669629587
5,174,5505,110,97.7232,-52.5242,67.9731,2.0887,4.7936,2.2053,6.1392,-2.5899,-0.2273,6.5182,-0.2581,-1.182,-2.3156,car,181,89.6296,-16.1749,-1.8567,-2.9569,3.4882,0.152,240.3691,3.4915028998985522,12.569410439634789,8.09360000000001,-36.3493,4.061999999999999,9.0961,9.961871270499334,37.239467926515815,0,05_172_181_5572_ego_181,0,5572,5572,5575,vehicle_vehicle,0.13323555141218008,2.424593253589799,2.85587533691155,14.149965699605069,15.0,3.0,3.5,0.8,0.08175065748971075,0.2943023669629587
5,176,5505,92,98.2624,-58.168,57.3053,2.1313,4.7502,4.0652,6.6352,-1.931,1.1417,7.7798,-0.163,-0.0822,-2.2417,car,181,89.6296,-16.1749,-1.8567,-2.9569,3.4882,0.152,240.3691,3.4915028998985522,12.569410439634789,8.632800000000003,-41.9931,5.9219,9.5921,11.272855983290127,42.871268740847874,0,05_172_181_5572_ego_181,0,5572,5572,5575,vehicle_vehicle,0.13323555141218008,2.424593253589799,2.85587533691155,14.149965699605069,15.0,3.0,3.5,0.8,0.08175065748971075,0.2943023669629587
5,181,5505,11,89.6296,-16.1749,240.3691,2.1466,4.7117,-1.8567,-2.9569,0.3163,0.9762,3.4882,0.152,-1.0049,0.2078,car,181,89.6296,-16.1749,-1.8567,-2.9569,3.4882,0.152,240.3691,3.4915028998985522,12.569410439634789,0.0,0.0,0.0,0.0,0.0,0.0,1,05_172_181_5572_ego_181,1,5572,5572,5575,vehicle_vehicle,0.13323555141218008,2.424593253589799,2.85587533691155,14.149965699605069,15.0,3.0,3.5,0.8,0.08175065748971075,0.2943023669629587
5,169,5506,191,93.6117,-35.0124,130.9591,2.0217,4.7798,-3.9221,4.0057,-1.3336,-1.29,5.5961,-0.3361,-0.1,-1.8527,car,181,89.5548,-16.2933,-1.8433,-2.914,3.4448,0.1504,240.1831,3.4480648036253614,12.413033293051301,4.056899999999999,-18.7191,-2.0788,6.919700000000001,7.225209860619968,19.153671773840127,0,05_172_181_5572_ego_181,0,5572,5572,5575,vehicle_vehicle,0.13323555141218008,2.424593253589799,2.85587533691155,14.149965699605069,15.0,3.0,3.5,0.8,0.08175065748971075,0.2943023669629587
5,170,5506,187,99.953,-38.4224,113.5495,1.9471,3.804,-2.6805,5.4849,-1.5774,-0.9382,6.099,-0.2659,-0.2298,-1.8208,car,181,89.5548,-16.2933,-1.8433,-2.914,3.4448,0.1504,240.1831,3.4480648036253614,12.413033293051301,10.398200000000003,-22.129100000000005,-0.8371999999999999,8.3989,8.440522794827343,24.45035030526148,0,05_172_181_5572_ego_181,0,5572,5572,5575,vehicle_vehicle,0.13323555141218008,2.424593253589799,2.85587533691155,14.149965699605069,15.0,3.0,3.5,0.8,0.08175065748971075,0.2943023669629587
5,172,5506,128,101.9491,-46.589,88.137,2.1205,4.4441,-0.0564,6.8548,-2.4389,-0.8417,6.8493,-0.2792,-0.9206,-2.4103,car,181,89.5548,-16.2933,-1.8433,-2.914,3.4448,0.1504,240.1831,3.4480648036253614,12.413033293051301,12.394300000000001,-30.2957,1.7869,9.7688,9.930884404221006,32.73298200561629,0,05_172_181_5572_ego_181,1,5572,5572,5575,vehicle_vehicle,0.13323555141218008,2.424593253589799,2.85587533691155,14.149965699605069,15.0,3.0,3.5,0.8,0.08175065748971075,0.2943023669629587
5,174,5506,111,97.8095,-52.2796,68.813,2.0887,4.7936,2.0995,6.1259,-2.5649,-0.2564,6.4707,-0.2564,-1.1661,-2.2989,car,181,89.5548,-16.2933,-1.8433,-2.914,3.4448,0.1504,240.1831,3.4480648036253614,12.413033293051301,8.2547,-35.9863,3.9428,9.0399,9.862325478810765,36.92091358268373,0,05_172_181_5572_ego_181,0,5572,5572,5575,vehicle_vehicle,0.13323555141218008,2.424593253589799,2.85587533691155,14.149965699605069,15.0,3.0,3.5,0.8,0.08175065748971075,0.2943023669629587
5,176,5506,93,98.4235,-57.9011,57.9464,2.1313,4.7502,3.9898,6.6827,-1.9653,1.1038,7.7813,-0.165,-0.1075,-2.2514,car,181,89.5548,-16.2933,-1.8433,-2.914,3.4448,0.1504,240.1831,3.4480648036253614,12.413033293051301,8.868700000000004,-41.6078,5.8331,9.5967,11.23039209021662,42.54248300851749,0,05_172_181_5572_ego_181,0,5572,5572,5575,vehicle_vehicle,0.13323555141218008,2.424593253589799,2.85587533691155,14.149965699605069,15.0,3.0,3.5,0.8,0.08175065748971075,0.2943023669629587
5,181,5506,12,89.5548,-16.2933,240.1831,2.1466,4.7117,-1.8433,-2.914,0.3424,1.0144,3.4448,0.1504,-1.0503,0.2073,car,181,89.5548,-16.2933,-1.8433,-2.914,3.4448,0.1504,240.1831,3.4480648036253614,12.413033293051301,0.0,0.0,0.0,0.0,0.0,0.0,1,05_172_181_5572_ego_181,1,5572,5572,5575,vehicle_vehicle,0.13323555141218008,2.424593253589799,2.85587533691155,14.149965699605069,15.0,3.0,3.5,0.8,0.08175065748971075,0.2943023669629587
5,169,5507,192,93.4547,-34.8519,131.7509,2.0217,4.7798,-3.9759,3.9563,-1.3154,-1.3159,5.5991,-0.3318,-0.1058,-1.8576,car,181,89.4804,-16.4093,-1.8285,-2.8694,3.3993,0.1484,239.9941,3.4024797736356938,12.248927185088498,3.9742999999999995,-18.4426,-2.1474,6.8257,7.155522849519803,18.865962876301857,0,05_172_181_5572_ego_181,0,5572,5572,5575,vehicle_vehicle,0.13323555141218008,2.424593253589799,2.85587533691155,14.149965699605069,15.0,3.0,3.5,0.8,0.08175065748971075,0.2943023669629587
5,170,5507,188,99.8457,-38.2034,114.2751,1.9471,3.804,-2.743,5.4476,-1.5707,-0.9615,6.0936,-0.2609,-0.2307,-1.8271,car,181,89.4804,-16.4093,-1.8285,-2.8694,3.3993,0.1484,239.9941,3.4024797736356938,12.248927185088498,10.36529999999999,-21.7941,-0.9144999999999999,8.317,8.367126104583342,24.133425759721717,0,05_172_181_5572_ego_181,0,5572,5572,5575,vehicle_vehicle,0.13323555141218008,2.424593253589799,2.85587533691155,14.149965699605069,15.0,3.0,3.5,0.8,0.08175065748971075,0.2943023669629587
5,172,5507,129,101.9454,-46.3178,88.9095,2.1205,4.4441,-0.1537,6.821,-2.4052,-0.8279,6.8169,-0.2834,-0.8736,-2.389,car,181,89.4804,-16.4093,-1.8285,-2.8694,3.3993,0.1484,239.9941,3.4024797736356938,12.248927185088498,12.465000000000003,-29.908499999999997,1.6748,9.6904,9.834063615820268,32.402077051479274,0,05_172_181_5572_ego_181,1,5572,5572,5575,vehicle_vehicle,0.13323555141218008,2.424593253589799,2.85587533691155,14.149965699605069,15.0,3.0,3.5,0.8,0.08175065748971075,0.2943023669629587
5,174,5507,112,97.8912,-52.0357,69.6538,2.0887,4.7936,1.9948,6.1119,-2.5378,-0.2816,6.4241,-0.2548,-1.1464,-2.2815,car,181,89.4804,-16.4093,-1.8285,-2.8694,3.3993,0.1484,239.9941,3.4024797736356938,12.248927185088498,8.410799999999995,-35.6264,3.8232999999999997,8.981300000000001,9.761217781609014,36.60576366639548,0,05_172_181_5572_ego_181,0,5572,5572,5575,vehicle_vehicle,0.13323555141218008,2.424593253589799,2.85587533691155,14.149965699605069,15.0,3.0,3.5,0.8,0.08175065748971075,0.2943023669629587
5,176,5507,94,98.5814,-57.6322,58.5822,2.1313,4.7502,3.913,6.7283,-2.0014,1.0642,7.7816,-0.1679,-0.1351,-2.2627,car,181,89.4804,-16.4093,-1.8285,-2.8694,3.3993,0.1484,239.9941,3.4024797736356938,12.248927185088498,9.100999999999999,-41.222899999999996,5.7415,9.5977,11.183946867720715,42.21558581152226,0,05_172_181_5572_ego_181,0,5572,5572,5575,vehicle_vehicle,0.13323555141218008,2.424593253589799,2.85587533691155,14.149965699605069,15.0,3.0,3.5,0.8,0.08175065748971075,0.2943023669629587
5,181,5507,13,89.4804,-16.4093,239.9941,2.1466,4.7117,-1.8285,-2.8694,0.3675,1.0486,3.3993,0.1484,-1.0918,0.2061,car,181,89.4804,-16.4093,-1.8285,-2.8694,3.3993,0.1484,239.9941,3.4024797736356938,12.248927185088498,0.0,0.0,0.0,0.0,0.0,0.0,1,05_172_181_5572_ego_181,1,5572,5572,5575,vehicle_vehicle,0.13323555141218008,2.424593253589799,2.85587533691155,14.149965699605069,15.0,3.0,3.5,0.8,0.08175065748971075,0.2943023669629587
5,169,5508,193,93.2962,-34.6929,132.5488,2.0217,4.7798,-4.0296,3.9051,-1.2964,-1.3437,5.6018,-0.3279,-0.1132,-1.8637,car,181,89.4068,-16.5232,-1.8123,-2.8235,3.3519,0.1461,239.8013,3.3550832389077923,12.078299660068053,3.889399999999995,-18.169700000000002,-2.2173000000000003,6.7286,7.084523784277953,18.581319394757738,0,05_172_181_5572_ego_181,0,5572,5572,5575,vehicle_vehicle,0.13323555141218008,2.424593253589799,2.85587533691155,14.149965699605069,15.0,3.0,3.5,0.8,0.08175065748971075,0.2943023669629587
5,170,5508,189,99.7356,-37.9863,114.9962,1.9471,3.804,-2.8055,5.4094,-1.5645,-0.9851,6.0882,-0.257,-0.2317,-1.8342,car,181,89.4068,-16.5232,-1.8123,-2.8235,3.3519,0.1461,239.8013,3.3550832389077923,12.078299660068053,10.328800000000001,-21.4631,-0.9931999999999999,8.2329,8.292592396229301,23.819084177398594,0,05_172_181_5572_ego_181,0,5572,5572,5575,vehicle_vehicle,0.13323555141218008,2.424593253589799,2.85587533691155,14.149965699605069,15.0,3.0,3.5,0.8,0.08175065748971075,0.2943023669629587
5,172,5508,130,101.9374,-46.0476,89.6915,2.1205,4.4441,-0.2496,6.7886,-2.3717,-0.8144,6.7871,-0.2862,-0.8272,-2.3673,car,181,89.4068,-16.5232,-1.8123,-2.8235,3.3519,0.1461,239.8013,3.3550832389077923,12.078299660068053,12.530599999999993,-29.524400000000004,1.5627,9.6121,9.738300555024988,32.07344901503423,0,05_172_181_5572_ego_181,1,5572,5572,5575,vehicle_vehicle,0.13323555141218008,2.424593253589799,2.85587533691155,14.149965699605069,15.0,3.0,3.5,0.8,0.08175065748971075,0.2943023669629587
5,174,5508,113,97.9683,-51.7926,70.4871,2.0887,4.7936,1.8913,6.0973,-2.5086,-0.3032,6.3788,-0.2539,-1.1237,-2.2633,car,181,89.4068,-16.5232,-1.8123,-2.8235,3.3519,0.1461,239.8013,3.3550832389077923,12.078299660068053,8.561499999999995,-35.269400000000005,3.7036,8.9208,9.659054073769335,36.29366141091307,0,05_172_181_5572_ego_181,0,5572,5572,5575,vehicle_vehicle,0.13323555141218008,2.424593253589799,2.85587533691155,14.149965699605069,15.0,3.0,3.5,0.8,0.08175065748971075,0.2943023669629587
5,176,5508,95,98.7358,-57.3613,59.2265,2.1313,4.7502,3.835,6.7719,-2.0394,1.0233,7.7806,-0.1698,-0.1642,-2.2759,car,181,89.4068,-16.5232,-1.8123,-2.8235,3.3519,0.1461,239.8013,3.3550832389077923,12.078299660068053,9.328999999999994,-40.8381,5.6472999999999995,9.5954,11.133898618633097,41.89010208402457,0,05_172_181_5572_ego_181,0,5572,5572,5575,vehicle_vehicle,0.13323555141218008,2.424593253589799,2.85587533691155,14.149965699605069,15.0,3.0,3.5,0.8,0.08175065748971075,0.2943023669629587
5,181,5508,14,89.4068,-16.5232,239.8013,2.1466,4.7117,-1.8123,-2.8235,0.3913,1.0788,3.3519,0.1461,-1.1292,0.2044,car,181,89.4068,-16.5232,-1.8123,-2.8235,3.3519,0.1461,239.8013,3.3550832389077923,12.078299660068053,0.0,0.0,0.0,0.0,0.0,0.0,1,05_172_181_5572_ego_181,1,5572,5572,5575,vehicle_vehicle,0.13323555141218008,2.424593253589799,2.85587533691155,14.149965699605069,15.0,3.0,3.5,0.8,0.08175065748971075,0.2943023669629587
5,169,5509,194,93.1344,-34.536,133.3596,2.0217,4.7798,-4.0827,3.8521,-1.2763,-1.3726,5.6038,-0.3236,-0.1216,-1.8703,car,181,89.3346,-16.6356,-1.7952,-2.7762,3.303,0.1443,239.6128,3.306059509446253,11.901814234006512,3.7998000000000047,-17.9004,-2.2875,6.628299999999999,7.011919647286326,18.299256820975,0,05_172_181_5572_ego_181,0,5572,5572,5575,vehicle_vehicle,0.13323555141218008,2.424593253589799,2.85587533691155,14.149965699605069,15.0,3.0,3.5,0.8,0.08175065748971075,0.2943023669629587
5,170,5509,190,99.6225,-37.7705,115.6971,1.9471,3.804,-2.868,5.3702,-1.5585,-1.0089,6.0827,-0.2557,-0.2334,-1.8419,car,181,89.3346,-16.6356,-1.7952,-2.7762,3.303,0.1443,239.6128,3.306059509446253,11.901814234006512,10.287900000000008,-21.1349,-1.0728,8.1464,8.216734923313517,23.50584787707093,0,05_172_181_5572_ego_181,0,5572,5572,5575,vehicle_vehicle,0.13323555141218008,2.424593253589799,2.85587533691155,14.149965699605069,15.0,3.0,3.5,0.8,0.08175065748971075,0.2943023669629587
5,172,5509,131,101.926,-45.7786,90.4903,2.1205,4.4441,-0.3444,6.7574,-2.3383,-0.802,6.7601,-0.2866,-0.7819,-2.3451,car,181,89.3346,-16.6356,-1.7952,-2.7762,3.303,0.1443,239.6128,3.306059509446253,11.901814234006512,12.591400000000007,-29.142999999999997,1.4507999999999999,9.5336,9.64335779695019,31.746776260905612,0,05_172_181_5572_ego_181,1,5572,5572,5575,vehicle_vehicle,0.13323555141218008,2.424593253589799,2.85587533691155,14.149965699605069,15.0,3.0,3.5,0.8,0.08175065748971075,0.2943023669629587
5,174,5509,114,98.041,-51.5501,71.3253,2.0887,4.7936,1.7895,6.0823,-2.4777,-0.3217,6.3351,-0.2522,-1.0981,-2.2443,car,181,89.3346,-16.6356,-1.7952,-2.7762,3.303,0.1443,239.6128,3.306059509446253,11.901814234006512,8.706400000000002,-34.914500000000004,3.5846999999999998,8.8585,9.556311858661791,35.983658946944246,0,05_172_181_5572_ego_181,0,5572,5572,5575,vehicle_vehicle,0.13323555141218008,2.424593253589799,2.85587533691155,14.149965699605069,15.0,3.0,3.5,0.8,0.08175065748971075,0.2943023669629587
5,176,5509,96,98.8876,-57.0889,59.8799,2.1313,4.7502,3.7555,6.8137,-2.0795,0.9815,7.7782,-0.1708,-0.1945,-2.2913,car,181,89.3346,-16.6356,-1.7952,-2.7762,3.303,0.1443,239.6128,3.306059509446253,11.901814234006512,9.553000000000011,-40.4533,5.5507,9.5899,11.080453623385642,41.56596311755569,0,05_172_181_5572_ego_181,0,5572,5572,5575,vehicle_vehicle,0.13323555141218008,2.424593253589799,2.85587533691155,14.149965699605069,15.0,3.0,3.5,0.8,0.08175065748971075,0.2943023669629587
5,181,5509,15,89.3346,-16.6356,239.6128,2.1466,4.7117,-1.7952,-2.7762,0.4137,1.105,3.303,0.1443,-1.1625,0.2021,car,181,89.3346,-16.6356,-1.7952,-2.7762,3.303,0.1443,239.6128,3.306059509446253,11.901814234006512,0.0,0.0,0.0,0.0,0.0,0.0,1,05_172_181_5572_ego_181,1,5572,5572,5575,vehicle_vehicle,0.13323555141218008,2.424593253589799,2.85587533691155,14.149965699605069,15.0,3.0,3.5,0.8,0.08175065748971075,0.2943023669629587
5,169,5510,195,92.9701,-34.3803,134.1545,2.0217,4.7798,-4.135,3.7969,-1.255,-1.4017,5.6045,-0.3218,-0.1314,-1.8768,car,181,89.2634,-16.7456,-1.7773,-2.728,3.2527,0.1432,239.437,3.255883795530793,11.721181663910855,3.706699999999998,-17.6347,-2.3576999999999995,6.524900000000001,6.93780003315172,18.020051858415943,0,05_172_181_5572_ego_181,0,5572,5572,5575,vehicle_vehicle,0.13323555141218008,2.424593253589799,2.85587533691155,14.149965699605069,15.0,3.0,3.5,0.8,0.08175065748971075,0.2943023669629587
5,170,5510,191,99.5077,-37.5556,116.3933,1.9471,3.804,-2.9307,5.3297,-1.5524,-1.0328,6.0769,-0.256,-0.2351,-1.8497,car,181,89.2634,-16.7456,-1.7773,-2.728,3.2527,0.1432,239.437,3.255883795530793,11.721181663910855,10.244299999999996,-20.81,-1.1533999999999998,8.0577,8.139831745804086,23.19486543375494,0,05_172_181_5572_ego_181,0,5572,5572,5575,vehicle_vehicle,0.13323555141218008,2.424593253589799,2.85587533691155,14.149965699605069,15.0,3.0,3.5,0.8,0.08175065748971075,0.2943023669629587
5,172,5510,132,101.9104,-45.5109,91.2941,2.1205,4.4441,-0.4379,6.7276,-2.3051,-0.7914,6.7358,-0.2858,-0.7391,-2.3224,car,181,89.2634,-16.7456,-1.7773,-2.728,3.2527,0.1432,239.437,3.255883795530793,11.721181663910855,12.646999999999991,-28.7653,1.3394000000000001,9.4556,9.549992864918801,31.422748019388752,0,05_172_181_5572_ego_181,1,5572,5572,5575,vehicle_vehicle,0.13323555141218008,2.424593253589799,2.85587533691155,14.149965699605069,15.0,3.0,3.5,0.8,0.08175065748971075,0.2943023669629587
5,174,5510,115,98.1094,-51.3086,72.1655,2.0887,4.7936,1.6894,6.0672,-2.4456,-0.3376,6.293,-0.25,-1.0704,-2.2247,car,181,89.2634,-16.7456,-1.7773,-2.728,3.2527,0.1432,239.437,3.255883795530793,11.721181663910855,8.84599999999999,-34.563,3.4667000000000003,8.7952,9.453758613905899,35.677061047681605,0,05_172_181_5572_ego_181,0,5572,5572,5575,vehicle_vehicle,0.13323555141218008,2.424593253589799,2.85587533691155,14.149965699605069,15.0,3.0,3.5,0.8,0.08175065748971075,0.2943023669629587
5,176,5510,97,99.0366,-56.8148,60.539,2.1313,4.7502,3.6741,6.8535,-2.1216,0.939,7.7743,-0.1717,-0.2258,-2.3091,car,181,89.2634,-16.7456,-1.7773,-2.728,3.2527,0.1432,239.437,3.255883795530793,11.721181663910855,9.773200000000003,-40.069199999999995,5.4514000000000005,9.5815,11.023742749629093,41.24386289958786,0,05_172_181_5572_ego_181,0,5572,5572,5575,vehicle_vehicle,0.13323555141218008,2.424593253589799,2.85587533691155,14.149965699605069,15.0,3.0,3.5,0.8,0.08175065748971075,0.2943023669629587
5,181,5510,16,89.2634,-16.7456,239.437,2.1466,4.7117,-1.7773,-2.728,0.4347,1.1271,3.2527,0.1432,-1.1915,0.1988,car,181,89.2634,-16.7456,-1.7773,-2.728,3.2527,0.1432,239.437,3.255883795530793,11.721181663910855,0.0,0.0,0.0,0.0,0.0,0.0,1,05_172_181_5572_ego_181,1,5572,5572,5575,vehicle_vehicle,0.13323555141218008,2.424593253589799,2.85587533691155,14.149965699605069,15.0,3.0,3.5,0.8,0.08175065748971075,0.2943023669629587
5,169,5511,196,92.8023,-34.228,134.9456,2.0217,4.7798,-4.1858,3.7399,-1.2327,-1.4301,5.604,-0.3207,-0.1414,-1.8828,car,181,89.1932,-16.8532,-1.7588,-2.6791,3.2017,0.1422,239.2592,3.2048329519648915,11.53739862707361,3.609099999999998,-17.3748,-2.4270000000000005,6.4190000000000005,6.862498816029042,17.74568335821419,0,05_172_181_5572_ego_181,0,5572,5572,5575,vehicle_vehicle,0.13323555141218008,2.424593253589799,2.85587533691155,14.149965699605069,15.0,3.0,3.5,0.8,0.08175065748971075,0.2943023669629587
5,170,5511,192,99.3912,-37.3421,117.0913,1.9471,3.804,-2.9939,5.2878,-1.5456,-1.0563,6.071,-0.2573,-0.2365,-1.857,car,181,89.1932,-16.8532,-1.7588,-2.6791,3.2017,0.1422,239.2592,3.2048329519648915,11.53739862707361,10.197999999999993,-20.4889,-1.2351,7.9669,8.062069685880914,22.88655123014387,0,05_172_181_5572_ego_181,0,5572,5572,5575,vehicle_vehicle,0.13323555141218008,2.424593253589799,2.85587533691155,14.149965699605069,15.0,3.0,3.5,0.8,0.08175065748971075,0.2943023669629587
5,172,5511,133,101.8908,-45.2438,92.1084,2.1205,4.4441,-0.5299,6.6987,-2.2719,-0.7832,6.7137,-0.2831,-0.6991,-2.2992,car,181,89.1932,-16.8532,-1.7588,-2.6791,3.2017,0.1422,239.2592,3.2048329519648915,11.53739862707361,12.697599999999994,-28.3906,1.2288999999999999,9.3778,9.457976953344728,31.100726906617467,0,05_172_181_5572_ego_181,1,5572,5572,5575,vehicle_vehicle,0.13323555141218008,2.424593253589799,2.85587533691155,14.149965699605069,15.0,3.0,3.5,0.8,0.08175065748971075,0.2943023669629587
5,174,5511,116,98.1737,-51.0671,72.9979,2.0887,4.7936,1.5911,6.0518,-2.4128,-0.3515,6.2525,-0.2481,-1.0416,-2.2045,car,181,89.1932,-16.8532,-1.7588,-2.6791,3.2017,0.1422,239.2592,3.2048329519648915,11.53739862707361,8.980499999999992,-34.2139,3.3499,8.7309,9.351494255999947,35.37287567416593,0,05_172_181_5572_ego_181,0,5572,5572,5575,vehicle_vehicle,0.13323555141218008,2.424593253589799,2.85587533691155,14.149965699605069,15.0,3.0,3.5,0.8,0.08175065748971075,0.2943023669629587
5,176,5511,98,99.1822,-56.5389,61.2054,2.1313,4.7502,3.591,6.8912,-2.1654,0.8962,7.7688,-0.1723,-0.2576,-2.3293,car,181,89.1932,-16.8532,-1.7588,-2.6791,3.2017,0.1422,239.2592,3.2048329519648915,11.53739862707361,9.98899999999999,-39.6857,5.3498,9.5703,10.964077805725386,40.923525086311905,0,05_172_181_5572_ego_181,0,5572,5572,5575,vehicle_vehicle,0.13323555141218008,2.424593253589799,2.85587533691155,14.149965699605069,15.0,3.0,3.5,0.8,0.08175065748971075,0.2943023669629587
5,181,5511,17,89.1932,-16.8532,239.2592,2.1466,4.7117,-1.7588,-2.6791,0.4545,1.1453,3.2017,0.1422,-1.2166,0.1948,car,181,89.1932,-16.8532,-1.7588,-2.6791,3.2017,0.1422,239.2592,3.2048329519648915,11.53739862707361,0.0,0.0,0.0,0.0,0.0,0.0,1,05_172_181_5572_ego_181,1,5572,5572,5575,vehicle_vehicle,0.13323555141218008,2.424593253589799,2.85587533691155,14.149965699605069,15.0,3.0,3.5,0.8,0.08175065748971075,0.2943023669629587
5,169,5512,197,92.6326,-34.0785,135.7253,2.0217,4.7798,-4.2353,3.6813,-1.21,-1.4574,5.6024,-0.3208,-0.1511,-1.8882,car,181,89.1236,-16.9585,-1.7397,-2.6299,3.1501,0.141,239.0782,3.1532412054899956,11.351668339763984,3.5090000000000003,-17.119999999999997,-2.4955999999999996,6.3111999999999995,6.786697635816701,17.47591144976421,0,05_172_181_5572_ego_181,0,5572,5572,5575,vehicle_vehicle,0.13323555141218008,2.424593253589799,2.85587533691155,14.149965699605069,15.0,3.0,3.5,0.8,0.08175065748971075,0.2943023669629587
5,170,5512,193,99.271,-37.1311,117.797,1.9471,3.804,-3.0571,5.2448,-1.5374,-1.0791,6.0652,-0.2585,-0.2376,-1.8633,car,181,89.1236,-16.9585,-1.7397,-2.6299,3.1501,0.141,239.0782,3.1532412054899956,11.351668339763984,10.147400000000005,-20.172600000000003,-1.3174000000000001,7.8747,7.984136950854488,22.581043322220527,0,05_172_181_5572_ego_181,0,5572,5572,5575,vehicle_vehicle,0.13323555141218008,2.424593253589799,2.85587533691155,14.149965699605069,15.0,3.0,3.5,0.8,0.08175065748971075,0.2943023669629587
5,172,5512,134,101.8678,-44.9772,92.9278,2.1205,4.4441,-0.6207,6.6704,-2.239,-0.778,6.6934,-0.2791,-0.6627,-2.2758,car,181,89.1236,-16.9585,-1.7397,-2.6299,3.1501,0.141,239.0782,3.1532412054899956,11.351668339763984,12.744200000000006,-28.018700000000003,1.119,9.3003,9.367376425125661,30.780873660927824,0,05_172_181_5572_ego_181,1,5572,5572,5575,vehicle_vehicle,0.13323555141218008,2.424593253589799,2.85587533691155,14.149965699605069,15.0,3.0,3.5,0.8,0.08175065748971075,0.2943023669629587
5,174,5512,117,98.2344,-50.8262,73.8107,2.0887,4.7936,1.4944,6.0362,-2.3796,-0.3636,6.2135,-0.2478,-1.0127,-2.1838,car,181,89.1236,-16.9585,-1.7397,-2.6299,3.1501,0.141,239.0782,3.1532412054899956,11.351668339763984,9.110799999999998,-33.8677,3.2340999999999998,8.6661,9.249902270835081,35.071751879967444,0,05_172_181_5572_ego_181,0,5572,5572,5575,vehicle_vehicle,0.13323555141218008,2.424593253589799,2.85587533691155,14.149965699605069,15.0,3.0,3.5,0.8,0.08175065748971075,0.2943023669629587
5,176,5512,99,99.3246,-56.2613,61.8922,2.1313,4.7502,3.5059,6.9267,-2.2108,0.8535,7.7615,-0.171,-0.2887,-2.3522,car,181,89.1236,-16.9585,-1.7397,-2.6299,3.1501,0.141,239.0782,3.1532412054899956,11.351668339763984,10.201000000000008,-39.3028,5.2456,9.5566,10.901601851104267,40.605054966592526,0,05_172_181_5572_ego_181,0,5572,5572,5575,vehicle_vehicle,0.13323555141218008,2.424593253589799,2.85587533691155,14.149965699605069,15.0,3.0,3.5,0.8,0.08175065748971075,0.2943023669629587
5,181,5512,18,89.1236,-16.9585,239.0782,2.1466,4.7117,-1.7397,-2.6299,0.4732,1.1598,3.1501,0.141,-1.2381,0.1901,car,181,89.1236,-16.9585,-1.7397,-2.6299,3.1501,0.141,239.0782,3.1532412054899956,11.351668339763984,0.0,0.0,0.0,0.0,0.0,0.0,1,05_172_181_5572_ego_181,1,5572,5572,5575,vehicle_vehicle,0.13323555141218008,2.424593253589799,2.85587533691155,14.149965699605069,15.0,3.0,3.5,0.8,0.08175065748971075,0.2943023669629587
5,169,5513,198,92.4609,-33.9318,136.5027,2.0217,4.7798,-4.2834,3.6214,-1.1874,-1.4833,5.5999,-0.3213,-0.1596,-1.8933,car,181,89.0546,-17.0617,-1.7199,-2.5805,3.098,0.1397,238.8998,3.1011346729866474,11.164084822751931,3.4063000000000017,-16.870100000000004,-2.5635000000000003,6.2019,6.710819313615887,17.210553555885415,0,05_172_181_5572_ego_181,0,5572,5572,5575,vehicle_vehicle,0.13323555141218008,2.424593253589799,2.85587533691155,14.149965699605069,15.0,3.0,3.5,0.8,0.08175065748971075,0.2943023669629587
5,170,5513,194,99.1495,-36.9213,118.5164,1.9471,3.804,-3.1209,5.2005,-1.5275,-1.101,6.0595,-0.2595,-0.2382,-1.8678,car,181,89.0546,-17.0617,-1.7199,-2.5805,3.098,0.1397,238.8998,3.1011346729866474,11.164084822751931,10.09490000000001,-19.859600000000004,-1.4009999999999998,7.781,7.906121805284814,22.278032188009792,0,05_172_181_5572_ego_181,0,5572,5572,5575,vehicle_vehicle,0.13323555141218008,2.424593253589799,2.85587533691155,14.149965699605069,15.0,3.0,3.5,0.8,0.08175065748971075,0.2943023669629587
5,172,5513,135,101.8416,-44.7113,93.7559,2.1205,4.4441,-0.7102,6.6425,-2.206,-0.7759,6.6747,-0.2736,-0.6298,-2.2521,car,181,89.0546,-17.0617,-1.7199,-2.5805,3.098,0.1397,238.8998,3.1011346729866474,11.164084822751931,12.787000000000006,-27.649600000000003,1.0097,9.222999999999999,9.278104498764819,30.46321961250978,0,05_172_181_5572_ego_181,1,5572,5572,5575,vehicle_vehicle,0.13323555141218008,2.424593253589799,2.85587533691155,14.149965699605069,15.0,3.0,3.5,0.8,0.08175065748971075,0.2943023669629587
5,174,5513,118,98.2918,-50.5857,74.6142,2.0887,4.7936,1.3993,6.0203,-2.3464,-0.3743,6.1758,-0.2481,-0.9835,-2.163,car,181,89.0546,-17.0617,-1.7199,-2.5805,3.098,0.1397,238.8998,3.1011346729866474,11.164084822751931,9.237200000000001,-33.524,3.1192,8.6008,9.148943615521958,34.773329432770744,0,05_172_181_5572_ego_181,0,5572,5572,5575,vehicle_vehicle,0.13323555141218008,2.424593253589799,2.85587533691155,14.149965699605069,15.0,3.0,3.5,0.8,0.08175065748971075,0.2943023669629587
5,176,5513,100,99.464,-55.9828,62.5946,2.1313,4.7502,3.4186,6.9601,-2.2576,0.8114,7.7525,-0.1687,-0.3188,-2.3777,car,181,89.0546,-17.0617,-1.7199,-2.5805,3.098,0.1397,238.8998,3.1011346729866474,11.164084822751931,10.409400000000005,-38.921099999999996,5.1385000000000005,9.5406,10.836384572817632,40.289051038340425,0,05_172_181_5572_ego_181,0,5572,5572,5575,vehicle_vehicle,0.13323555141218008,2.424593253589799,2.85587533691155,14.149965699605069,15.0,3.0,3.5,0.8,0.08175065748971075,0.2943023669629587
5,181,5513,19,89.0546,-17.0617,238.8998,2.1466,4.7117,-1.7199,-2.5805,0.4909,1.1712,3.098,0.1397,-1.2565,0.1846,car,181,89.0546,-17.0617,-1.7199,-2.5805,3.098,0.1397,238.8998,3.1011346729866474,11.164084822751931,0.0,0.0,0.0,0.0,0.0,0.0,1,05_172_181_5572_ego_181,1,5572,5572,5575,vehicle_vehicle,0.13323555141218008,2.424593253589799,2.85587533691155,14.149965699605069,15.0,3.0,3.5,0.8,0.08175065748971075,0.2943023669629587
5,169,5514,199,92.2877,-33.7873,137.2766,2.0217,4.7798,-4.3301,3.5602,-1.1654,-1.5073,5.5965,-0.3224,-0.1665,-1.898,car,181,88.9866,-17.163,-1.6995,-2.5311,3.0456,0.1385,238.724,3.048732106958563,10.975435585050828,3.3011000000000053,-16.6243,-2.6306,6.0913,6.635057803063964,16.948882314182256,0,05_172_181_5572_ego_181,0,5572,5572,5575,vehicle_vehicle,0.13323555141218008,2.424593253589799,2.85587533691155,14.149965699605069,15.0,3.0,3.5,0.8,0.08175065748971075,0.2943023669629587
5,170,5514,195,99.0248,-36.7132,119.2426,1.9471,3.804,-3.1848,5.155,-1.515,-1.1215,6.0538,-0.2606,-0.2385,-1.8698,car,181,88.9866,-17.163,-1.6995,-2.5311,3.0456,0.1385,238.724,3.048732106958563,10.975435585050828,10.038200000000003,-19.5502,-1.4853,7.6861,7.8282979823202945,21.976709928467457,0,05_172_181_5572_ego_181,0,5572,5572,5575,vehicle_vehicle,0.13323555141218008,2.424593253589799,2.85587533691155,14.149965699605069,15.0,3.0,3.5,0.8,0.08175065748971075,0.2943023669629587
5,172,5514,136,101.8115,-44.446,94.5899,2.1205,4.4441,-0.7985,6.6145,-2.1731,-0.777,6.6572,-0.2666,-0.6006,-2.2283,car,181,88.9866,-17.163,-1.6995,-2.5311,3.0456,0.1385,238.724,3.048732106958563,10.975435585050828,12.8249,-27.282999999999998,0.901,9.1456,9.189874882717392,30.14697578547473,0,05_172_181_5572_ego_181,1,5572,5572,5575,vehicle_vehicle,0.13323555141218008,2.424593253589799,2.85587533691155,14.149965699605069,15.0,3.0,3.5,0.8,0.08175065748971075,0.2943023669629587
5,174,5514,119,98.345,-50.3454,75.4036,2.0887,4.7936,1.3059,6.0041,-2.3135,-0.3838,6.1395,-0.2493,-0.9544,-2.1421,car,181,88.9866,-17.163,-1.6995,-2.5311,3.0456,0.1385,238.724,3.048732106958563,10.975435585050828,9.358400000000003,-33.1824,3.0054,8.5352,9.048871100861145,34.47682294411711,0,05_172_181_5572_ego_181,0,5572,5572,5575,vehicle_vehicle,0.13323555141218008,2.424593253589799,2.85587533691155,14.149965699605069,15.0,3.0,3.5,0.8,0.08175065748971075,0.2943023669629587
5,176,5514,101,99.6004,-55.703,63.3144,2.1313,4.7502,3.3288,6.9916,-2.3052,0.7701,7.7418,-0.1656,-0.3472,-2.4055,car,181,88.9866,-17.163,-1.6995,-2.5311,3.0456,0.1385,238.724,3.048732106958563,10.975435585050828,10.613799999999998,-38.540000000000006,5.0283,9.5227,10.768733267195357,39.97479644025721,0,05_172_181_5572_ego_181,0,5572,5572,5575,vehicle_vehicle,0.13323555141218008,2.424593253589799,2.85587533691155,14.149965699605069,15.0,3.0,3.5,0.8,0.08175065748971075,0.2943023669629587
5,181,5514,20,88.9866,-17.163,238.724,2.1466,4.7117,-1.6995,-2.5311,0.5079,1.1798,3.0456,0.1385,-1.272,0.1784,car,181,88.9866,-17.163,-1.6995,-2.5311,3.0456,0.1385,238.724,3.048732106958563,10.975435585050828,0.0,0.0,0.0,0.0,0.0,0.0,1,05_172_181_5572_ego_181,1,5572,5572,5575,vehicle_vehicle,0.13323555141218008,2.424593253589799,2.85587533691155,14.149965699605069,15.0,3.0,3.5,0.8,0.08175065748971075,0.2943023669629587
5,169,5515,200,92.1133,-33.6448,138.0383,2.0217,4.7798,-4.3759,3.4974,-1.1441,-1.5292,5.5924,-0.3252,-0.1717,-1.9021,car,181,88.9194,-17.2626,-1.6786,-2.4816,2.9928,0.1369,238.5436,2.996003424564131,10.785612328430872,3.1938999999999993,-16.382199999999997,-2.6972999999999994,5.978999999999999,6.559258211871216,16.690640312762117,0,05_172_181_5572_ego_181,0,5572,5572,5575,vehicle_vehicle,0.13323555141218008,2.424593253589799,2.85587533691155,14.149965699605069,15.0,3.0,3.5,0.8,0.08175065748971075,0.2943023669629587
5,170,5515,196,98.8977,-36.5068,119.9743,1.9471,3.804,-3.2488,5.1082,-1.4994,-1.1404,6.0481,-0.2621,-0.2387,-1.8687,car,181,88.9194,-17.2626,-1.6786,-2.4816,2.9928,0.1369,238.5436,2.996003424564131,10.785612328430872,9.978300000000004,-19.2442,-1.5702,7.5898,7.750522052094298,21.67730851674165,0,05_172_181_5572_ego_181,0,5572,5572,5575,vehicle_vehicle,0.13323555141218008,2.424593253589799,2.85587533691155,14.149965699605069,15.0,3.0,3.5,0.8,0.08175065748971075,0.2943023669629587
5,172,5515,137,101.7777,-44.182,95.4274,2.1205,4.4441,-0.8854,6.5865,-2.1401,-0.7811,6.6407,-0.2585,-0.5752,-2.2044,car,181,88.9194,-17.2626,-1.6786,-2.4816,2.9928,0.1369,238.5436,2.996003424564131,10.785612328430872,12.8583,-26.919400000000003,0.7932000000000001,9.0681,9.102725078238933,29.832699764687742,0,05_172_181_5572_ego_181,1,5572,5572,5575,vehicle_vehicle,0.13323555141218008,2.424593253589799,2.85587533691155,14.149965699605069,15.0,3.0,3.5,0.8,0.08175065748971075,0.2943023669629587
5,174,5515,120,98.3937,-50.1061,76.1802,2.0887,4.7936,1.2145,5.9878,-2.2813,-0.3922,6.1046,-0.251,-0.9258,-2.1216,car,181,88.9194,-17.2626,-1.6786,-2.4816,2.9928,0.1369,238.5436,2.996003424564131,10.785612328430872,9.4743,-32.8435,2.8931,8.4694,8.949903014558314,34.18271277619727,0,05_172_181_5572_ego_181,0,5572,5572,5575,vehicle_vehicle,0.13323555141218008,2.424593253589799,2.85587533691155,14.149965699605069,15.0,3.0,3.5,0.8,0.08175065748971075,0.2943023669629587
5,176,5515,102,99.7326,-55.4221,64.0619,2.1313,4.7502,3.2368,7.0211,-2.3532,0.7299,7.7297,-0.1603,-0.3729,-2.4354,car,181,88.9194,-17.2626,-1.6786,-2.4816,2.9928,0.1369,238.5436,2.996003424564131,10.785612328430872,10.813200000000009,-38.1595,4.9154,9.502699999999999,10.698713214681474,39.661980970319675,0,05_172_181_5572_ego_181,0,5572,5572,5575,vehicle_vehicle,0.13323555141218008,2.424593253589799,2.85587533691155,14.149965699605069,15.0,3.0,3.5,0.8,0.08175065748971075,0.2943023669629587
5,181,5515,21,88.9194,-17.2626,238.5436,2.1466,4.7117,-1.6786,-2.4816,0.5243,1.1859,2.9928,0.1369,-1.2852,0.1716,car,181,88.9194,-17.2626,-1.6786,-2.4816,2.9928,0.1369,238.5436,2.996003424564131,10.785612328430872,0.0,0.0,0.0,0.0,0.0,0.0,1,05_172_181_5572_ego_181,1,5572,5572,5575,vehicle_vehicle,0.13323555141218008,2.424593253589799,2.85587533691155,14.149965699605069,15.0,3.0,3.5,0.8,0.08175065748971075,0.2943023669629587
5,169,5516,201,91.9371,-33.505,138.8054,2.0217,4.7798,-4.4207,3.4333,-1.1237,-1.5484,5.5877,-0.3281,-0.1742,-1.9052,car,181,88.8528,-17.36,-1.6571,-2.4322,2.9399,0.1357,238.374,2.943055767395514,10.595000762623851,3.084299999999999,-16.145000000000003,-2.7636000000000003,5.8655,6.483947502100861,16.436968439770155,0,05_172_181_5572_ego_181,0,5572,5572,5575,vehicle_vehicle,0.13323555141218008,2.424593253589799,2.85587533691155,14.149965699605069,15.0,3.0,3.5,0.8,0.08175065748971075,0.2943023669629587
5,170,5516,197,98.7667,-36.3028,120.7331,1.9471,3.804,-3.3122,5.0604,-1.4805,-1.1572,6.0424,-0.261,-0.2381,-1.8639,car,181,88.8528,-17.36,-1.6571,-2.4322,2.9399,0.1357,238.374,2.943055767395514,10.595000762623851,9.913899999999998,-18.9428,-1.6550999999999998,7.4925999999999995,7.6732268811758715,21.380249882777328,0,05_172_181_5572_ego_181,0,5572,5572,5575,vehicle_vehicle,0.13323555141218008,2.424593253589799,2.85587533691155,14.149965699605069,15.0,3.0,3.5,0.8,0.08175065748971075,0.2943023669629587
5,172,5516,138,101.74,-43.9187,96.2696,2.1205,4.4441,-0.9708,6.5582,-2.1072,-0.7882,6.625,-0.2488,-0.5533,-2.1807,car,181,88.8528,-17.36,-1.6571,-2.4322,2.9399,0.1357,238.374,2.943055767395514,10.595000762623851,12.887199999999993,-26.5587,0.6863,8.990400000000001,9.016556984237388,29.520238304085552,0,05_172_181_5572_ego_181,1,5572,5572,5575,vehicle_vehicle,0.13323555141218008,2.424593253589799,2.85587533691155,14.149965699605069,15.0,3.0,3.5,0.8,0.08175065748971075,0.2943023669629587
5,174,5516,121,98.4396,-49.8675,76.9451,2.0887,4.7936,1.1247,5.9714,-2.2504,-0.3997,6.0711,-0.2532,-0.8977,-2.102,car,181,88.8528,-17.36,-1.6571,-2.4322,2.9399,0.1357,238.374,2.943055767395514,10.595000762623851,9.586799999999997,-32.5075,2.7818,8.4036,8.852056495526902,33.89165517483618,0,05_172_181_5572_ego_181,0,5572,5572,5575,vehicle_vehicle,0.13323555141218008,2.424593253589799,2.85587533691155,14.149965699605069,15.0,3.0,3.5,0.8,0.08175065748971075,0.2943023669629587
5,176,5516,103,99.8617,-55.1402,64.8343,2.1313,4.7502,3.1423,7.0489,-2.4011,0.691,7.7161,-0.1534,-0.3956,-2.467,car,181,88.8528,-17.36,-1.6571,-2.4322,2.9399,0.1357,238.374,2.943055767395514,10.595000762623851,11.008899999999997,-37.7802,4.7994,9.4811,10.626640935403811,39.351485248335926,0,05_172_181_5572_ego_181,0,5572,5572,5575,vehicle_vehicle,0.13323555141218008,2.424593253589799,2.85587533691155,14.149965699605069,15.0,3.0,3.5,0.8,0.08175065748971075,0.2943023669629587
5,181,5516,22,88.8528,-17.36,238.374,2.1466,4.7117,-1.6571,-2.4322,0.5401,1.1899,2.9399,0.1357,-1.2964,0.1641,car,181,88.8528,-17.36,-1.6571,-2.4322,2.9399,0.1357,238.374,2.943055767395514,10.595000762623851,0.0,0.0,0.0,0.0,0.0,0.0,1,05_172_181_5572_ego_181,1,5572,5572,5575,vehicle_vehicle,0.13323555141218008,2.424593253589799,2.85587533691155,14.149965699605069,15.0,3.0,3.5,0.8,0.08175065748971075,0.2943023669629587
5,169,5517,202,91.7588,-33.3684,139.5588,2.0217,4.7798,-4.4645,3.3683,-1.1044,-1.5645,5.5827,-0.3325,-0.1743,-1.9071,car,181,88.7873,-17.4554,-1.6351,-2.383,2.8869,0.1347,238.214,2.8900243960908014,10.404087825926885,2.971499999999992,-15.913,-2.8294,5.7513000000000005,6.40959874329119,16.188062924575007,0,05_172_181_5572_ego_181,0,5572,5572,5575,vehicle_vehicle,0.13323555141218008,2.424593253589799,2.85587533691155,14.149965699605069,15.0,3.0,3.5,0.8,0.08175065748971075,0.2943023669629587
5,170,5517,198,98.6321,-36.1017,121.4953,1.9471,3.804,-3.3745,5.0121,-1.4582,-1.172,6.0367,-0.2589,-0.2375,-1.8557,car,181,88.7873,-17.4554,-1.6351,-2.383,2.8869,0.1347,238.214,2.8900243960908014,10.404087825926885,9.844799999999992,-18.6463,-1.7393999999999998,7.3951,7.596908342872119,21.08564892835883,0,05_172_181_5572_ego_181,0,5572,5572,5575,vehicle_vehicle,0.13323555141218008,2.424593253589799,2.85587533691155,14.149965699605069,15.0,3.0,3.5,0.8,0.08175065748971075,0.2943023669629587
5,172,5517,139,101.699,-43.6568,97.0959,2.1205,4.4441,-1.0547,6.5294,-2.0746,-0.7981,6.6097,-0.24,-0.5357,-2.1573,car,181,88.7873,-17.4554,-1.6351,-2.383,2.8869,0.1347,238.214,2.8900243960908014,10.404087825926885,12.911699999999996,-26.201399999999996,0.5804,8.9124,8.931278627385892,29.210021548263185,0,05_172_181_5572_ego_181,1,5572,5572,5575,vehicle_vehicle,0.13323555141218008,2.424593253589799,2.85587533691155,14.149965699605069,15.0,3.0,3.5,0.8,0.08175065748971075,0.2943023669629587
5,174,5517,122,98.4823,-49.6304,77.7071,2.0887,4.7936,1.0363,5.9552,-2.2211,-0.4067,6.0393,-0.2553,-0.8703,-2.0836,car,181,88.7873,-17.4554,-1.6351,-2.383,2.8869,0.1347,238.214,2.8900243960908014,10.404087825926885,9.694999999999993,-32.175,2.6714,8.3382,8.755681424081168,33.60392313406278,0,05_172_181_5572_ego_181,0,5572,5572,5575,vehicle_vehicle,0.13323555141218008,2.424593253589799,2.85587533691155,14.149965699605069,15.0,3.0,3.5,0.8,0.08175065748971075,0.2943023669629587
5,176,5517,104,99.9872,-54.8575,65.6116,2.1313,4.7502,3.0452,7.075,-2.4482,0.6536,7.7011,-0.148,-0.4157,-2.4996,car,181,88.7873,-17.4554,-1.6351,-2.383,2.8869,0.1347,238.214,2.8900243960908014,10.404087825926885,11.1999,-37.402100000000004,4.6803,9.458,10.552676062970948,39.04298713495165,0,05_172_181_5572_ego_181,0,5572,5572,5575,vehicle_vehicle,0.13323555141218008,2.424593253589799,2.85587533691155,14.149965699605069,15.0,3.0,3.5,0.8,0.08175065748971075,0.2943023669629587
5,181,5517,23,88.7873,-17.4554,238.214,2.1466,4.7117,-1.6351,-2.383,0.5554,1.1921,2.8869,0.1347,-1.3059,0.1558,car,181,88.7873,-17.4554,-1.6351,-2.383,2.8869,0.1347,238.214,2.8900243960908014,10.404087825926885,0.0,0.0,0.0,0.0,0.0,0.0,1,05_172_181_5572_ego_181,1,5572,5572,5575,vehicle_vehicle,0.13323555141218008,2.424593253589799,2.85587533691155,14.149965699605069,15.0,3.0,3.5,0.8,0.08175065748971075,0.2943023669629587
5,169,5518,203,91.5785,-33.235,140.2904,2.0217,4.7798,-4.5072,3.3026,-1.0864,-1.5776,5.5774,-0.339,-0.1722,-1.9077,car,181,88.7225,-17.5488,-1.6126,-2.3341,2.8339,0.1333,238.0522,2.83698811594268,10.213157217393649,2.8560000000000088,-15.6862,-2.8946,5.636699999999999,6.336489252732935,15.944077472215193,0,05_172_181_5572_ego_181,0,5572,5572,5575,vehicle_vehicle,0.13323555141218008,2.424593253589799,2.85587533691155,14.149965699605069,15.0,3.0,3.5,0.8,0.08175065748971075,0.2943023669629587
5,170,5518,199,98.4942,-35.9031,122.2611,1.9471,3.804,-3.4352,4.9636,-1.4332,-1.1849,6.031,-0.2554,-0.237,-1.8444,car,181,88.7225,-17.5488,-1.6126,-2.3341,2.8339,0.1333,238.0522,2.83698811594268,10.213157217393649,9.77170000000001,-18.354300000000002,-1.8226,7.297699999999999,7.521854561875016,20.793423224183176,0,05_172_181_5572_ego_181,0,5572,5572,5575,vehicle_vehicle,0.13323555141218008,2.424593253589799,2.85587533691155,14.149965699605069,15.0,3.0,3.5,0.8,0.08175065748971075,0.2943023669629587
5,172,5518,140,101.6548,-43.3966,97.9064,2.1205,4.4441,-1.1371,6.5004,-2.0425,-0.8109,6.5951,-0.2321,-0.5222,-2.1347,car,181,88.7225,-17.5488,-1.6126,-2.3341,2.8339,0.1333,238.0522,2.83698811594268,10.213157217393649,12.932299999999998,-25.8478,0.47550000000000003,8.8345,8.847287183086124,28.902476505137063,0,05_172_181_5572_ego_181,1,5572,5572,5575,vehicle_vehicle,0.13323555141218008,2.424593253589799,2.85587533691155,14.149965699605069,15.0,3.0,3.5,0.8,0.08175065748971075,0.2943023669629587
5,174,5518,123,98.5223,-49.3936,78.4497,2.0887,4.7936,0.949,5.9392,-2.1934,-0.4139,6.009,-0.2594,-0.8447,-2.0661,car,181,88.7225,-17.5488,-1.6126,-2.3341,2.8339,0.1333,238.0522,2.83698811594268,10.213157217393649,9.799800000000005,-31.8448,2.5616,8.273299999999999,8.660790232421057,33.31857390525591,0,05_172_181_5572_ego_181,0,5572,5572,5575,vehicle_vehicle,0.13323555141218008,2.424593253589799,2.85587533691155,14.149965699605069,15.0,3.0,3.5,0.8,0.08175065748971075,0.2943023669629587
5,176,5518,105,100.1092,-54.5735,66.3918,2.1313,4.7502,2.9453,7.0995,-2.4938,0.6177,7.6849,-0.1444,-0.4327,-2.5325,car,181,88.7225,-17.5488,-1.6126,-2.3341,2.8339,0.1333,238.0522,2.83698811594268,10.213157217393649,11.386700000000005,-37.0247,4.5579,9.4336,10.476987227729163,38.736098757877,0,05_172_181_5572_ego_181,0,5572,5572,5575,vehicle_vehicle,0.13323555141218008,2.424593253589799,2.85587533691155,14.149965699605069,15.0,3.0,3.5,0.8,0.08175065748971075,0.2943023669629587
5,181,5518,24,88.7225,-17.5488,238.0522,2.1466,4.7117,-1.6126,-2.3341,0.5704,1.1929,2.8339,0.1333,-1.3141,0.1472,car,181,88.7225,-17.5488,-1.6126,-2.3341,2.8339,0.1333,238.0522,2.83698811594268,10.213157217393649,0.0,0.0,0.0,0.0,0.0,0.0,1,05_172_181_5572_ego_181,1,5572,5572,5575,vehicle_vehicle,0.13323555141218008,2.424593253589799,2.85587533691155,14.149965699605069,15.0,3.0,3.5,0.8,0.08175065748971075,0.2943023669629587
5,169,5519,204,91.3962,-33.1054,141.0145,2.0217,4.7798,-4.5487,3.237,-1.0701,-1.5879,5.5722,-0.3456,-0.1671,-1.9075,car,181,88.6584,-17.64,-1.5895,-2.2857,2.7809,0.1314,237.8901,2.7840500606131346,10.022580218207285,2.737799999999993,-15.465400000000002,-2.9592,5.5227,6.265547057520197,15.705863427395517,0,05_172_181_5572_ego_181,0,5572,5572,5575,vehicle_vehicle,0.13323555141218008,2.424593253589799,2.85587533691155,14.149965699605069,15.0,3.0,3.5,0.8,0.08175065748971075,0.2943023669629587
5,170,5519,200,98.3534,-35.7076,123.0091,1.9471,3.804,-3.494,4.9154,-1.4063,-1.1966,6.0254,-0.2523,-0.2374,-1.8311,car,181,88.6584,-17.64,-1.5895,-2.2857,2.7809,0.1314,237.8901,2.7840500606131346,10.022580218207285,9.694999999999993,-18.0676,-1.9045000000000003,7.2011,7.448688573165078,20.504418908128066,0,05_172_181_5572_ego_181,0,5572,5572,5575,vehicle_vehicle,0.13323555141218008,2.424593253589799,2.85587533691155,14.149965699605069,15.0,3.0,3.5,0.8,0.08175065748971075,0.2943023669629587
5,172,5519,141,101.6074,-43.137,98.6967,2.1205,4.4441,-1.2182,6.4708,-2.0111,-0.8266,6.5806,-0.2258,-0.513,-2.1129,car,181,88.6584,-17.64,-1.5895,-2.2857,2.7809,0.1314,237.8901,2.7840500606131346,10.022580218207285,12.948999999999998,-25.497,0.37129999999999996,8.756499999999999,8.764368542000044,28.596741247911446,0,05_172_181_5572_ego_181,1,5572,5572,5575,vehicle_vehicle,0.13323555141218008,2.424593253589799,2.85587533691155,14.149965699605069,15.0,3.0,3.5,0.8,0.08175065748971075,0.2943023669629587
5,174,5519,124,98.5592,-49.1573,79.1878,2.0887,4.7936,0.8625,5.9233,-2.167,-0.4214,5.98,-0.2639,-0.8205,-2.0495,car,181,88.6584,-17.64,-1.5895,-2.2857,2.7809,0.1314,237.8901,2.7840500606131346,10.022580218207285,9.900800000000004,-31.5173,2.452,8.209,8.567379120828026,33.03582963889359,0,05_172_181_5572_ego_181,0,5572,5572,5575,vehicle_vehicle,0.13323555141218008,2.424593253589799,2.85587533691155,14.149965699605069,15.0,3.0,3.5,0.8,0.08175065748971075,0.2943023669629587
5,176,5519,106,100.2265,-54.2882,67.1778,2.1313,4.7502,2.843,7.1222,-2.5372,0.5837,7.6674,-0.1421,-0.4461,-2.565,car,181,88.6584,-17.64,-1.5895,-2.2857,2.7809,0.1314,237.8901,2.7840500606131346,10.022580218207285,11.568100000000001,-36.6482,4.4325,9.4079,10.399790318078534,38.43060630343997,0,05_172_181_5572_ego_181,0,5572,5572,5575,vehicle_vehicle,0.13323555141218008,2.424593253589799,2.85587533691155,14.149965699605069,15.0,3.0,3.5,0.8,0.08175065748971075,0.2943023669629587
5,181,5519,25,88.6584,-17.64,237.8901,2.1466,4.7117,-1.5895,-2.2857,0.5851,1.1928,2.7809,0.1314,-1.3213,0.1385,car,181,88.6584,-17.64,-1.5895,-2.2857,2.7809,0.1314,237.8901,2.7840500606131346,10.022580218207285,0.0,0.0,0.0,0.0,0.0,0.0,1,05_172_181_5572_ego_181,1,5572,5572,5575,vehicle_vehicle,0.13323555141218008,2.424593253589799,2.85587533691155,14.149965699605069,15.0,3.0,3.5,0.8,0.08175065748971075,0.2943023669629587
5,169,5520,205,91.2123,-32.9785,141.7431,2.0217,4.7798,-4.5891,3.1714,-1.056,-1.5958,5.5672,-0.3512,-0.1589,-1.907,car,181,88.5952,-17.7298,-1.5657,-2.2375,2.7278,0.1298,237.743,2.730901451901917,9.831245226846901,2.6170999999999935,-15.248699999999996,-3.0234,5.4089,6.19654313064954,15.47165356708842,0,05_172_181_5572_ego_181,0,5572,5572,5575,vehicle_vehicle,0.13323555141218008,2.424593253589799,2.85587533691155,14.149965699605069,15.0,3.0,3.5,0.8,0.08175065748971075,0.2943023669629587
5,170,5520,201,98.2119,-35.5129,123.7583,1.9471,3.804,-3.5515,4.8671,-1.378,-1.2077,6.02,-0.2481,-0.2383,-1.8167,car,181,88.5952,-17.7298,-1.5657,-2.2375,2.7278,0.1298,237.743,2.730901451901917,9.831245226846901,9.616699999999994,-17.7831,-1.9857999999999998,7.1046,7.37690604521977,20.216813905756762,0,05_172_181_5572_ego_181,0,5572,5572,5575,vehicle_vehicle,0.13323555141218008,2.424593253589799,2.85587533691155,14.149965699605069,15.0,3.0,3.5,0.8,0.08175065748971075,0.2943023669629587
5,172,5520,142,101.5575,-42.8776,99.4751,2.1205,4.4441,-1.2981,6.4401,-1.9802,-0.8449,6.566,-0.2202,-0.5074,-2.0923,car,181,88.5952,-17.7298,-1.5657,-2.2375,2.7278,0.1298,237.743,2.730901451901917,9.831245226846901,12.962299999999999,-25.1478,0.26760000000000006,8.6776,8.681725146536257,28.291925811616288,0,05_172_181_5572_ego_181,1,5572,5572,5575,vehicle_vehicle,0.13323555141218008,2.424593253589799,2.85587533691155,14.149965699605069,15.0,3.0,3.5,0.8,0.08175065748971075,0.2943023669629587
5,174,5520,125,98.5932,-48.9209,79.9208,2.0887,4.7936,0.7766,5.9072,-2.1417,-0.4297,5.952,-0.2692,-0.7979,-2.0335,car,181,88.5952,-17.7298,-1.5657,-2.2375,2.7278,0.1298,237.743,2.730901451901917,9.831245226846901,9.99799999999999,-31.191100000000002,2.3423,8.1447,8.474816067620583,32.754308467894724,0,05_172_181_5572_ego_181,0,5572,5572,5575,vehicle_vehicle,0.13323555141218008,2.424593253589799,2.85587533691155,14.149965699605069,15.0,3.0,3.5,0.8,0.08175065748971075,0.2943023669629587
5,176,5520,107,100.3396,-54.002,67.9633,2.1313,4.7502,2.7384,7.1432,-2.5778,0.5519,7.6488,-0.1418,-0.4556,-2.5965,car,181,88.5952,-17.7298,-1.5657,-2.2375,2.7278,0.1298,237.743,2.730901451901917,9.831245226846901,11.744399999999999,-36.2722,4.3041,9.380700000000001,10.320988775306366,38.12615144753008,0,05_172_181_5572_ego_181,0,5572,5572,5575,vehicle_vehicle,0.13323555141218008,2.424593253589799,2.85587533691155,14.149965699605069,15.0,3.0,3.5,0.8,0.08175065748971075,0.2943023669629587
5,181,5520,26,88.5952,-17.7298,237.743,2.1466,4.7117,-1.5657,-2.2375,0.5994,1.1921,2.7278,0.1298,-1.328,0.1294,car,181,88.5952,-17.7298,-1.5657,-2.2375,2.7278,0.1298,237.743,2.730901451901917,9.831245226846901,0.0,0.0,0.0,0.0,0.0,0.0,1,05_172_181_5572_ego_181,1,5572,5572,5575,vehicle_vehicle,0.13323555141218008,2.424593253589799,2.85587533691155,14.149965699605069,15.0,3.0,3.5,0.8,0.08175065748971075,0.2943023669629587
5,169,5521,206,91.0273,-32.854,142.4696,2.0217,4.7798,-4.6287,3.1059,-1.0444,-1.6019,5.5628,-0.3567,-0.1476,-1.9066,car,181,88.5329,-17.818,-1.5413,-2.1895,2.6746,0.1279,237.5951,2.6775951785137346,9.639342642649446,2.494399999999999,-15.035999999999998,-3.0874000000000006,5.2954,6.129706348594524,15.241500167634415,0,05_172_181_5572_ego_181,0,5572,5572,5575,vehicle_vehicle,0.13323555141218008,2.424593253589799,2.85587533691155,14.149965699605069,15.0,3.0,3.5,0.8,0.08175065748971075,0.2943023669629587
5,170,5521,202,98.0677,-35.3203,124.4921,1.9471,3.804,-3.6075,4.8188,-1.3486,-1.2186,6.0146,-0.2444,-0.2407,-1.8016,car,181,88.5329,-17.818,-1.5413,-2.1895,2.6746,0.1279,237.5951,2.6775951785137346,9.639342642649446,9.534800000000004,-17.5023,-2.0662000000000003,7.0083,7.30653483739043,19.93095372354269,0,05_172_181_5572_ego_181,0,5572,5572,5575,vehicle_vehicle,0.13323555141218008,2.424593253589799,2.85587533691155,14.149965699605069,15.0,3.0,3.5,0.8,0.08175065748971075,0.2943023669629587
5,172,5521,143,101.5042,-42.6194,100.2481,2.1205,4.4441,-1.3769,6.4082,-1.9498,-0.8653,6.5509,-0.2148,-0.5046,-2.0726,car,181,88.5329,-17.818,-1.5413,-2.1895,2.6746,0.1279,237.5951,2.6775951785137346,9.639342642649446,12.9713,-24.801399999999997,0.16439999999999988,8.5977,8.599271634853734,27.988641725707232,0,05_172_181_5572_ego_181,1,5572,5572,5575,vehicle_vehicle,0.13323555141218008,2.424593253589799,2.85587533691155,14.149965699605069,15.0,3.0,3.5,0.8,0.08175065748971075,0.2943023669629587
5,174,5521,126,98.6232,-48.6856,80.6523,2.0887,4.7936,0.6914,5.891,-2.117,-0.4388,5.9251,-0.2746,-0.7769,-2.0176,car,181,88.5329,-17.818,-1.5413,-2.1895,2.6746,0.1279,237.5951,2.6775951785137346,9.639342642649446,10.0903,-30.8676,2.2327,8.0805,8.38328274245835,32.4749577959695,0,05_172_181_5572_ego_181,0,5572,5572,5575,vehicle_vehicle,0.13323555141218008,2.424593253589799,2.85587533691155,14.149965699605069,15.0,3.0,3.5,0.8,0.08175065748971075,0.2943023669629587
5,176,5521,108,100.4478,-53.7153,68.7476,2.1313,4.7502,2.6319,7.1627,-2.6151,0.5225,7.6296,-0.1434,-0.4609,-2.6266,car,181,88.5329,-17.818,-1.5413,-2.1895,2.6746,0.1279,237.5951,2.6775951785137346,9.639342642649446,11.914900000000003,-35.8973,4.1732,9.3522,10.241056736489648,37.82302194827907,0,05_172_181_5572_ego_181,0,5572,5572,5575,vehicle_vehicle,0.13323555141218008,2.424593253589799,2.85587533691155,14.149965699605069,15.0,3.0,3.5,0.8,0.08175065748971075,0.2943023669629587
5,181,5521,27,88.5329,-17.818,237.5951,2.1466,4.7117,-1.5413,-2.1895,0.6133,1.191,2.6746,0.1279,-1.3342,0.1205,car,181,88.5329,-17.818,-1.5413,-2.1895,2.6746,0.1279,237.5951,2.6775951785137346,9.639342642649446,0.0,0.0,0.0,0.0,0.0,0.0,1,05_172_181_5572_ego_181,1,5572,5572,5575,vehicle_vehicle,0.13323555141218008,2.424593253589799,2.85587533691155,14.149965699605069,15.0,3.0,3.5,0.8,0.08175065748971075,0.2943023669629587
5,169,5522,207,90.8412,-32.7315,143.1986,2.0217,4.7798,-4.6678,3.0404,-1.0355,-1.6064,5.5589,-0.3617,-0.1332,-1.9066,car,181,88.4716,-17.9043,-1.5162,-2.1417,2.6211,0.1256,237.4473,2.6240696122626015,9.446650604145365,2.3696000000000055,-14.827199999999998,-3.1515999999999997,5.1821,6.065207578475777,15.015354274874767,0,05_172_181_5572_ego_181,0,5572,5572,5575,vehicle_vehicle,0.13323555141218008,2.424593253589799,2.85587533691155,14.149965699605069,15.0,3.0,3.5,0.8,0.08175065748971075,0.2943023669629587
5,170,5522,203,97.921,-35.1293,125.2118,1.9471,3.804,-3.6617,4.7704,-1.3187,-1.2297,6.0089,-0.2411,-0.2443,-1.7865,car,181,88.4716,-17.9043,-1.5162,-2.1417,2.6211,0.1256,237.4473,2.6240696122626015,9.446650604145365,9.449400000000011,-17.225,-2.1455,6.912100000000001,7.2374233439809235,19.646673646192635,0,05_172_181_5572_ego_181,0,5572,5572,5575,vehicle_vehicle,0.13323555141218008,2.424593253589799,2.85587533691155,14.149965699605069,15.0,3.0,3.5,0.8,0.08175065748971075,0.2943023669629587
5,172,5522,144,101.4472,-42.3626,101.0083,2.1205,4.4441,-1.4543,6.3749,-1.9198,-0.8872,6.5353,-0.2103,-0.5043,-2.0539,car,181,88.4716,-17.9043,-1.5162,-2.1417,2.6211,0.1256,237.4473,2.6240696122626015,9.446650604145365,12.9756,-24.4583,0.061900000000000066,8.5166,8.516824946539645,27.687084249700256,0,05_172_181_5572_ego_181,1,5572,5572,5575,vehicle_vehicle,0.13323555141218008,2.424593253589799,2.85587533691155,14.149965699605069,15.0,3.0,3.5,0.8,0.08175065748971075,0.2943023669629587
5,174,5522,127,98.6491,-48.4509,81.3845,2.0887,4.7936,0.6073,5.8747,-2.0928,-0.4491,5.8994,-0.2796,-0.7575,-2.0019,car,181,88.4716,-17.9043,-1.5162,-2.1417,2.6211,0.1256,237.4473,2.6240696122626015,9.446650604145365,10.177500000000009,-30.546599999999998,2.1235,8.0164,8.29288376923251,32.19745762960175,0,05_172_181_5572_ego_181,0,5572,5572,5575,vehicle_vehicle,0.13323555141218008,2.424593253589799,2.85587533691155,14.149965699605069,15.0,3.0,3.5,0.8,0.08175065748971075,0.2943023669629587
5,176,5522,109,100.5513,-53.4283,69.5424,2.1313,4.7502,2.5238,7.181,-2.6489,0.4958,7.6102,-0.1453,-0.4613,-2.6551,car,181,88.4716,-17.9043,-1.5162,-2.1417,2.6211,0.1256,237.4473,2.6240696122626015,9.446650604145365,12.079700000000003,-35.524,4.04,9.322700000000001,10.160429877224685,37.52164346200737,0,05_172_181_5572_ego_181,0,5572,5572,5575,vehicle_vehicle,0.13323555141218008,2.424593253589799,2.85587533691155,14.149965699605069,15.0,3.0,3.5,0.8,0.08175065748971075,0.2943023669629587
5,181,5522,28,88.4716,-17.9043,237.4473,2.1466,4.7117,-1.5162,-2.1417,0.6267,1.1898,2.6211,0.1256,-1.34,0.1119,car,181,88.4716,-17.9043,-1.5162,-2.1417,2.6211,0.1256,237.4473,2.6240696122626015,9.446650604145365,0.0,0.0,0.0,0.0,0.0,0.0,1,05_172_181_5572_ego_181,1,5572,5572,5575,vehicle_vehicle,0.13323555141218008,2.424593253589799,2.85587533691155,14.149965699605069,15.0,3.0,3.5,0.8,0.08175065748971075,0.2943023669629587
5,169,5523,208,90.6534,-32.6115,143.9294,2.0217,4.7798,-4.7065,2.9748,-1.0293,-1.6096,5.5557,-0.3666,-0.1158,-1.907,car,181,88.4115,-17.9888,-1.4907,-2.0941,2.5675,0.123,237.2976,2.570494368793676,9.253779727657234,2.241900000000001,-14.622699999999998,-3.2158,5.0689,6.002925690861082,14.79356180573157,0,05_172_181_5572_ego_181,0,5572,5572,5575,vehicle_vehicle,0.13323555141218008,2.424593253589799,2.85587533691155,14.149965699605069,15.0,3.0,3.5,0.8,0.08175065748971075,0.2943023669629587
5,170,5523,204,97.7724,-34.9404,125.9138,1.9471,3.804,-3.7143,4.722,-1.2888,-1.2413,6.003,-0.2385,-0.2494,-1.7719,car,181,88.4115,-17.9888,-1.4907,-2.0941,2.5675,0.123,237.2976,2.570494368793676,9.253779727657234,9.3609,-16.951599999999996,-2.2236000000000002,6.8161000000000005,7.169631522609792,19.364482729213293,0,05_172_181_5572_ego_181,0,5572,5572,5575,vehicle_vehicle,0.13323555141218008,2.424593253589799,2.85587533691155,14.149965699605069,15.0,3.0,3.5,0.8,0.08175065748971075,0.2943023669629587
5,172,5523,145,101.3869,-42.1075,101.7515,2.1205,4.4441,-1.5303,6.3405,-1.8906,-0.9104,6.5193,-0.2069,-0.5063,-2.0364,car,181,88.4115,-17.9888,-1.4907,-2.0941,2.5675,0.123,237.2976,2.570494368793676,9.253779727657234,12.975399999999993,-24.1187,-0.03960000000000008,8.4346,8.434692959438417,27.38745506340448,0,05_172_181_5572_ego_181,1,5572,5572,5575,vehicle_vehicle,0.13323555141218008,2.424593253589799,2.85587533691155,14.149965699605069,15.0,3.0,3.5,0.8,0.08175065748971075,0.2943023669629587
5,174,5523,128,98.6714,-48.2168,82.1193,2.0887,4.7936,0.5242,5.8582,-2.0692,-0.4607,5.8747,-0.284,-0.74,-1.9865,car,181,88.4115,-17.9888,-1.4907,-2.0941,2.5675,0.123,237.2976,2.570494368793676,9.253779727657234,10.259900000000002,-30.227999999999998,2.0149,7.9523,8.203590512696255,31.92174074216505,0,05_172_181_5572_ego_181,0,5572,5572,5575,vehicle_vehicle,0.13323555141218008,2.424593253589799,2.85587533691155,14.149965699605069,15.0,3.0,3.5,0.8,0.08175065748971075,0.2943023669629587
5,176,5523,110,100.6503,-53.1408,70.3363,2.1313,4.7502,2.4142,7.1983,-2.6792,0.4716,7.5909,-0.1488,-0.4575,-2.6817,car,181,88.4115,-17.9888,-1.4907,-2.0941,2.5675,0.123,237.2976,2.570494368793676,9.253779727657234,12.238799999999998,-35.152,3.9049,9.2924,10.079530830847238,37.221651352942416,0,05_172_181_5572_ego_181,0,5572,5572,5575,vehicle_vehicle,0.13323555141218008,2.424593253589799,2.85587533691155,14.149965699605069,15.0,3.0,3.5,0.8,0.08175065748971075,0.2943023669629587
5,181,5523,29,88.4115,-17.9888,237.2976,2.1466,4.7117,-1.4907,-2.0941,0.6396,1.1883,2.5675,0.123,-1.3455,0.1038,car,181,88.4115,-17.9888,-1.4907,-2.0941,2.5675,0.123,237.2976,2.570494368793676,9.253779727657234,0.0,0.0,0.0,0.0,0.0,0.0,1,05_172_181_5572_ego_181,1,5572,5572,5575,vehicle_vehicle,0.13323555141218008,2.424593253589799,2.85587533691155,14.149965699605069,15.0,3.0,3.5,0.8,0.08175065748971075,0.2943023669629587
5,169,5524,209,90.4646,-32.4942,144.656,2.0217,4.7798,-4.745,2.9093,-1.0258,-1.6115,5.5534,-0.3718,-0.0955,-1.9079,car,181,88.3524,-18.0714,-1.4646,-2.0465,2.5138,0.1198,237.1399,2.5165880493239254,9.059716977566131,2.1122000000000014,-14.422799999999999,-3.2804,4.9558,5.943145446646919,14.576643944337805,0,05_172_181_5572_ego_181,0,5572,5572,5575,vehicle_vehicle,0.13323555141218008,2.424593253589799,2.85587533691155,14.149965699605069,15.0,3.0,3.5,0.8,0.08175065748971075,0.2943023669629587
5,170,5524,205,97.6219,-34.7534,126.6196,1.9471,3.804,-3.7654,4.6734,-1.2591,-1.2538,5.997,-0.2344,-0.2553,-1.7585,car,181,88.3524,-18.0714,-1.4646,-2.0465,2.5138,0.1198,237.1399,2.5165880493239254,9.059716977566131,9.269499999999994,-16.682,-2.3008,6.7199,7.102868198833482,19.084358890201155,0,05_172_181_5572_ego_181,0,5572,5572,5575,vehicle_vehicle,0.13323555141218008,2.424593253589799,2.85587533691155,14.149965699605069,15.0,3.0,3.5,0.8,0.08175065748971075,0.2943023669629587
5,172,5524,146,101.3238,-41.8539,102.4963,2.1205,4.4441,-1.605,6.3048,-1.8622,-0.9345,6.5027,-0.2027,-0.5094,-2.0203,car,181,88.3524,-18.0714,-1.4646,-2.0465,2.5138,0.1198,237.1399,2.5165880493239254,9.059716977566131,12.971400000000003,-23.782500000000002,-0.14040000000000008,8.3513,8.352480101742236,27.089934001580737,0,05_172_181_5572_ego_181,1,5572,5572,5575,vehicle_vehicle,0.13323555141218008,2.424593253589799,2.85587533691155,14.149965699605069,15.0,3.0,3.5,0.8,0.08175065748971075,0.2943023669629587
5,174,5524,129,98.6909,-47.9832,82.8606,2.0887,4.7936,0.442,5.8413,-2.0462,-0.4738,5.851,-0.2874,-0.7244,-1.9714,car,181,88.3524,-18.0714,-1.4646,-2.0465,2.5138,0.1198,237.1399,2.5165880493239254,9.059716977566131,10.338499999999996,-29.911799999999996,1.9065999999999999,7.8878,8.11495609353495,31.64807042285516,0,05_172_181_5572_ego_181,0,5572,5572,5575,vehicle_vehicle,0.13323555141218008,2.424593253589799,2.85587533691155,14.149965699605069,15.0,3.0,3.5,0.8,0.08175065748971075,0.2943023669629587
5,176,5524,111,100.7449,-52.8526,71.1385,2.1313,4.7502,2.3034,7.2147,-2.7059,0.4499,7.5719,-0.1526,-0.449,-2.706,car,181,88.3524,-18.0714,-1.4646,-2.0465,2.5138,0.1198,237.1399,2.5165880493239254,9.059716977566131,12.392499999999998,-34.7812,3.768,9.261199999999999,9.998382341158992,36.92297292594409,0,05_172_181_5572_ego_181,0,5572,5572,5575,vehicle_vehicle,0.13323555141218008,2.424593253589799,2.85587533691155,14.149965699605069,15.0,3.0,3.5,0.8,0.08175065748971075,0.2943023669629587
5,181,5524,30,88.3524,-18.0714,237.1399,2.1466,4.7117,-1.4646,-2.0465,0.6521,1.1869,2.5138,0.1198,-1.3508,0.0962,car,181,88.3524,-18.0714,-1.4646,-2.0465,2.5138,0.1198,237.1399,2.5165880493239254,9.059716977566131,0.0,0.0,0.0,0.0,0.0,0.0,1,05_172_181_5572_ego_181,1,5572,5572,5575,vehicle_vehicle,0.13323555141218008,2.424593253589799,2.85587533691155,14.149965699605069,15.0,3.0,3.5,0.8,0.08175065748971075,0.2943023669629587
5,169,5525,210,90.2744,-32.38,145.3817,2.0217,4.7798,-4.7835,2.8441,-1.0249,-1.6125,5.5523,-0.377,-0.0727,-1.9093,car,181,88.2943,-18.1523,-1.4381,-1.9991,2.4599,0.116,236.9689,2.462627137834715,8.865457696204974,1.980099999999993,-14.227700000000002,-3.3454,4.8432,5.886279589010362,14.364826601807627,0,05_172_181_5572_ego_181,0,5572,5572,5575,vehicle_vehicle,0.13323555141218008,2.424593253589799,2.85587533691155,14.149965699605069,15.0,3.0,3.5,0.8,0.08175065748971075,0.2943023669629587
5,170,5525,206,97.4696,-34.5686,127.3201,1.9471,3.804,-3.815,4.6248,-1.2301,-1.2677,5.9908,-0.23,-0.2624,-1.7468,car,181,88.2943,-18.1523,-1.4381,-1.9991,2.4599,0.116,236.9689,2.462627137834715,8.865457696204974,9.175299999999993,-16.416300000000003,-2.3769,6.6239,7.0374501646548095,18.806409433488362,0,05_172_181_5572_ego_181,0,5572,5572,5575,vehicle_vehicle,0.13323555141218008,2.424593253589799,2.85587533691155,14.149965699605069,15.0,3.0,3.5,0.8,0.08175065748971075,0.2943023669629587
5,172,5525,147,101.2585,-41.6022,103.2356,2.1205,4.4441,-1.6787,6.2681,-1.8348,-0.9593,6.486,-0.199,-0.5137,-2.0057,car,181,88.2943,-18.1523,-1.4381,-1.9991,2.4599,0.116,236.9689,2.462627137834715,8.865457696204974,12.964199999999991,-23.449900000000003,-0.24060000000000015,8.267199999999999,8.270700345194474,26.794930334859988,0,05_172_181_5572_ego_181,1,5572,5572,5575,vehicle_vehicle,0.13323555141218008,2.424593253589799,2.85587533691155,14.149965699605069,15.0,3.0,3.5,0.8,0.08175065748971075,0.2943023669629587
5,174,5525,130,98.7082,-47.7504,83.6065,2.0887,4.7936,0.3602,5.8241,-2.0235,-0.4885,5.828,-0.2906,-0.7108,-1.9565,car,181,88.2943,-18.1523,-1.4381,-1.9991,2.4599,0.116,236.9689,2.462627137834715,8.865457696204974,10.413899999999998,-29.5981,1.7983,7.8232,8.027224995600909,31.37669257299118,0,05_172_181_5572_ego_181,0,5572,5572,5575,vehicle_vehicle,0.13323555141218008,2.424593253589799,2.85587533691155,14.149965699605069,15.0,3.0,3.5,0.8,0.08175065748971075,0.2943023669629587
5,176,5525,112,100.8353,-52.5638,71.9317,2.1313,4.7502,2.1914,7.2303,-2.7288,0.4307,7.5534,-0.1592,-0.4369,-2.7278,car,181,88.2943,-18.1523,-1.4381,-1.9991,2.4599,0.116,236.9689,2.462627137834715,8.865457696204974,12.540999999999997,-34.411500000000004,3.6294999999999997,9.2294,9.917413705699687,36.62551041623857,0,05_172_181_5572_ego_181,0,5572,5572,5575,vehicle_vehicle,0.13323555141218008,2.424593253589799,2.85587533691155,14.149965699605069,15.0,3.0,3.5,0.8,0.08175065748971075,0.2943023669629587
5,181,5525,31,88.2943,-18.1523,236.9689,2.1466,4.7117,-1.4381,-1.9991,0.6641,1.1854,2.4599,0.116,-1.3558,0.0894,car,181,88.2943,-18.1523,-1.4381,-1.9991,2.4599,0.116,236.9689,2.462627137834715,8.865457696204974,0.0,0.0,0.0,0.0,0.0,0.0,1,05_172_181_5572_ego_181,1,5572,5572,5575,vehicle_vehicle,0.13323555141218008,2.424593253589799,2.85587533691155,14.149965699605069,15.0,3.0,3.5,0.8,0.08175065748971075,0.2943023669629587
5,169,5526,211,90.0828,-32.269,146.114,2.0217,4.7798,-4.8222,2.7793,-1.0263,-1.613,5.5528,-0.3813,-0.0473,-1.9113,car,181,88.237,-18.2312,-1.4109,-1.9517,2.4057,0.1123,236.8097,2.4082715170844007,8.669777461503843,1.8458000000000112,-14.037799999999997,-3.4112999999999998,4.731,5.832609080848809,14.158630106051925,0,05_172_181_5572_ego_181,0,5572,5572,5575,vehicle_vehicle,0.13323555141218008,2.424593253589799,2.85587533691155,14.149965699605069,15.0,3.0,3.5,0.8,0.08175065748971075,0.2943023669629587
5,170,5526,207,97.3163,-34.3852,128.0162,1.9471,3.804,-3.8635,4.5759,-1.2018,-1.2832,5.9845,-0.2256,-0.2708,-1.7371,car,181,88.237,-18.2312,-1.4109,-1.9517,2.4057,0.1123,236.8097,2.4082715170844007,8.669777461503843,9.079300000000003,-16.153999999999996,-2.4526000000000003,6.5276,6.97314911069597,18.53066119948233,0,05_172_181_5572_ego_181,0,5572,5572,5575,vehicle_vehicle,0.13323555141218008,2.424593253589799,2.85587533691155,14.149965699605069,15.0,3.0,3.5,0.8,0.08175065748971075,0.2943023669629587
5,172,5526,148,101.1907,-41.3519,103.9654,2.1205,4.4441,-1.7516,6.2303,-1.8079,-0.9847,6.4688,-0.1962,-0.5193,-1.9921,car,181,88.237,-18.2312,-1.4109,-1.9517,2.4057,0.1123,236.8097,2.4082715170844007,8.669777461503843,12.953700000000012,-23.1207,-0.3407,8.182,8.189090333486376,26.502171838926717,0,05_172_181_5572_ego_181,1,5572,5572,5575,vehicle_vehicle,0.13323555141218008,2.424593253589799,2.85587533691155,14.149965699605069,15.0,3.0,3.5,0.8,0.08175065748971075,0.2943023669629587
5,174,5526,131,98.7225,-47.5178,84.3618,2.0887,4.7936,0.2787,5.8063,-2.0005,-0.505,5.8056,-0.293,-0.6991,-1.9412,car,181,88.237,-18.2312,-1.4109,-1.9517,2.4057,0.1123,236.8097,2.4082715170844007,8.669777461503843,10.485500000000002,-29.2866,1.6896,7.758,7.939855928163936,31.10708359538065,0,05_172_181_5572_ego_181,0,5572,5572,5575,vehicle_vehicle,0.13323555141218008,2.424593253589799,2.85587533691155,14.149965699605069,15.0,3.0,3.5,0.8,0.08175065748971075,0.2943023669629587
5,176,5526,113,100.9216,-52.2742,72.7265,2.1313,4.7502,2.0781,7.245,-2.7478,0.4139,7.5353,-0.167,-0.4207,-2.7467,car,181,88.237,-18.2312,-1.4109,-1.9517,2.4057,0.1123,236.8097,2.4082715170844007,8.669777461503843,12.684600000000003,-34.043,3.489,9.1967,9.836280388947847,36.32939479484898,0,05_172_181_5572_ego_181,0,5572,5572,5575,vehicle_vehicle,0.13323555141218008,2.424593253589799,2.85587533691155,14.149965699605069,15.0,3.0,3.5,0.8,0.08175065748971075,0.2943023669629587
5,181,5526,32,88.237,-18.2312,236.8097,2.1466,4.7117,-1.4109,-1.9517,0.6755,1.184,2.4057,0.1123,-1.3607,0.0829,car,181,88.237,-18.2312,-1.4109,-1.9517,2.4057,0.1123,236.8097,2.4082715170844007,8.669777461503843,0.0,0.0,0.0,0.0,0.0,0.0,1,05_172_181_5572_ego_181,1,5572,5572,5575,vehicle_vehicle,0.13323555141218008,2.424593253589799,2.85587533691155,14.149965699605069,15.0,3.0,3.5,0.8,0.08175065748971075,0.2943023669629587
5,169,5527,212,89.8904,-32.1603,146.8612,2.0217,4.7798,-4.8615,2.7151,-1.0298,-1.6135,5.555,-0.3842,-0.0198,-1.9141,car,181,88.1806,-18.3083,-1.3831,-1.9044,2.3512,0.1086,236.6557,2.3536577852355682,8.473168026848047,1.7098000000000013,-13.852,-3.4784000000000006,4.6195,5.782650500419337,13.957124347085255,0,05_172_181_5572_ego_181,0,5572,5572,5575,vehicle_vehicle,0.13323555141218008,2.424593253589799,2.85587533691155,14.149965699605069,15.0,3.0,3.5,0.8,0.08175065748971075,0.2943023669629587
5,170,5527,208,97.1619,-34.2031,128.7105,1.9471,3.804,-3.9114,4.5263,-1.1739,-1.3005,5.9781,-0.2214,-0.2806,-1.7293,car,181,88.1806,-18.3083,-1.3831,-1.9044,2.3512,0.1086,236.6557,2.3536577852355682,8.473168026848047,8.981300000000005,-15.8948,-2.5282999999999998,6.4307,6.909862761299967,18.256736201468215,0,05_172_181_5572_ego_181,0,5572,5572,5575,vehicle_vehicle,0.13323555141218008,2.424593253589799,2.85587533691155,14.149965699605069,15.0,3.0,3.5,0.8,0.08175065748971075,0.2943023669629587
5,172,5527,149,101.1201,-41.1029,104.6791,2.1205,4.4441,-1.8238,6.1912,-1.7813,-1.0105,6.4513,-0.1954,-0.5262,-1.9792,car,181,88.1806,-18.3083,-1.3831,-1.9044,2.3512,0.1086,236.6557,2.3536577852355682,8.473168026848047,12.939499999999995,-22.7946,-0.4407000000000001,8.095600000000001,8.10758631468084,26.21115124159944,0,05_172_181_5572_ego_181,1,5572,5572,5575,vehicle_vehicle,0.13323555141218008,2.424593253589799,2.85587533691155,14.149965699605069,15.0,3.0,3.5,0.8,0.08175065748971075,0.2943023669629587
5,174,5527,132,98.7327,-47.2859,85.1206,2.0887,4.7936,0.198,5.7879,-1.9769,-0.5233,5.7837,-0.2951,-0.6895,-1.9253,car,181,88.1806,-18.3083,-1.3831,-1.9044,2.3512,0.1086,236.6557,2.3536577852355682,8.473168026848047,10.552099999999996,-28.9776,1.5811,7.6922999999999995,7.853111262423321,30.839068017208298,0,05_172_181_5572_ego_181,0,5572,5572,5575,vehicle_vehicle,0.13323555141218008,2.424593253589799,2.85587533691155,14.149965699605069,15.0,3.0,3.5,0.8,0.08175065748971075,0.2943023669629587
5,176,5527,114,101.0025,-51.9844,73.5369,2.1313,4.7502,1.964,7.2593,-2.7626,0.3995,7.5182,-0.1738,-0.3998,-2.7625,car,181,88.1806,-18.3083,-1.3831,-1.9044,2.3512,0.1086,236.6557,2.3536577852355682,8.473168026848047,12.8219,-33.676100000000005,3.3471,9.1637,9.755843177296365,36.03443951027961,0,05_172_181_5572_ego_181,0,5572,5572,5575,vehicle_vehicle,0.13323555141218008,2.424593253589799,2.85587533691155,14.149965699605069,15.0,3.0,3.5,0.8,0.08175065748971075,0.2943023669629587
5,181,5527,33,88.1806,-18.3083,236.6557,2.1466,4.7117,-1.3831,-1.9044,0.6863,1.1827,2.3512,0.1086,-1.3652,0.0768,car,181,88.1806,-18.3083,-1.3831,-1.9044,2.3512,0.1086,236.6557,2.3536577852355682,8.473168026848047,0.0,0.0,0.0,0.0,0.0,0.0,1,05_172_181_5572_ego_181,1,5572,5572,5575,vehicle_vehicle,0.13323555141218008,2.424593253589799,2.85587533691155,14.149965699605069,15.0,3.0,3.5,0.8,0.08175065748971075,0.2943023669629587
5,169,5528,213,89.696,-32.0535,147.6281,2.0217,4.7798,-4.9013,2.651,-1.0349,-1.6144,5.559,-0.3852,0.0097,-1.9176,car,181,88.1257,-18.3835,-1.3548,-1.8572,2.2964,0.1052,236.5123,2.298842073740604,8.275831465466174,1.5703000000000031,-13.669999999999998,-3.5465,4.5081999999999995,5.7359854855116215,13.75989615113428,0,05_172_181_5572_ego_181,0,5572,5572,5575,vehicle_vehicle,0.13323555141218008,2.424593253589799,2.85587533691155,14.149965699605069,15.0,3.0,3.5,0.8,0.08175065748971075,0.2943023669629587
5,170,5528,209,97.0055,-34.0218,129.3855,1.9471,3.804,-3.9585,4.4755,-1.146,-1.3192,5.9709,-0.2197,-0.2924,-1.7229,car,181,88.1257,-18.3835,-1.3548,-1.8572,2.2964,0.1052,236.5123,2.298842073740604,8.275831465466174,8.879800000000003,-15.638299999999997,-2.6037,6.3327,6.8470682032531265,17.983527877755243,0,05_172_181_5572_ego_181,0,5572,5572,5575,vehicle_vehicle,0.13323555141218008,2.424593253589799,2.85587533691155,14.149965699605069,15.0,3.0,3.5,0.8,0.08175065748971075,0.2943023669629587
5,172,5528,150,101.0455,-40.8554,105.3826,2.1205,4.4441,-1.8949,6.1508,-1.7549,-1.0365,6.4331,-0.1954,-0.5339,-1.9669,car,181,88.1257,-18.3835,-1.3548,-1.8572,2.2964,0.1052,236.5123,2.298842073740604,8.275831465466174,12.91980000000001,-22.4719,-0.5401,8.008000000000001,8.026192871467767,25.921179017359535,0,05_172_181_5572_ego_181,1,5572,5572,5575,vehicle_vehicle,0.13323555141218008,2.424593253589799,2.85587533691155,14.149965699605069,15.0,3.0,3.5,0.8,0.08175065748971075,0.2943023669629587
5,174,5528,133,98.739,-47.0549,85.891,2.0887,4.7936,0.1181,5.7687,-1.9526,-0.5433,5.7623,-0.2955,-0.6818,-1.9086,car,181,88.1257,-18.3835,-1.3548,-1.8572,2.2964,0.1052,236.5123,2.298842073740604,8.275831465466174,10.61330000000001,-28.671400000000002,1.4729,7.6259,7.766838817691532,30.572721744228144,0,05_172_181_5572_ego_181,0,5572,5572,5575,vehicle_vehicle,0.13323555141218008,2.424593253589799,2.85587533691155,14.149965699605069,15.0,3.0,3.5,0.8,0.08175065748971075,0.2943023669629587
5,176,5528,115,101.0786,-51.6945,74.3528,2.1313,4.7502,1.8495,7.2732,-2.7733,0.3872,7.5025,-0.1808,-0.3751,-2.7749,car,181,88.1257,-18.3835,-1.3548,-1.8572,2.2964,0.1052,236.5123,2.298842073740604,8.275831465466174,12.9529,-33.31099999999999,3.2043,9.1304,9.676349655216063,35.74073781289356,0,05_172_181_5572_ego_181,0,5572,5572,5575,vehicle_vehicle,0.13323555141218008,2.424593253589799,2.85587533691155,14.149965699605069,15.0,3.0,3.5,0.8,0.08175065748971075,0.2943023669629587
5,181,5528,34,88.1257,-18.3835,236.5123,2.1466,4.7117,-1.3548,-1.8572,0.6962,1.1814,2.2964,0.1052,-1.3694,0.0712,car,181,88.1257,-18.3835,-1.3548,-1.8572,2.2964,0.1052,236.5123,2.298842073740604,8.275831465466174,0.0,0.0,0.0,0.0,0.0,0.0,1,05_172_181_5572_ego_181,1,5572,5572,5575,vehicle_vehicle,0.13323555141218008,2.424593253589799,2.85587533691155,14.149965699605069,15.0,3.0,3.5,0.8,0.08175065748971075,0.2943023669629587
5,169,5529,214,89.4992,-31.95,148.3986,2.0217,4.7798,-4.9414,2.5874,-1.0413,-1.616,5.5645,-0.3856,0.0401,-1.922,car,181,88.0723,-18.457,-1.3262,-1.81,2.2415,0.1017,236.3665,2.243859719322935,8.077894989562566,1.4269000000000034,-13.492999999999999,-3.6151999999999997,4.3974,5.692696882849113,13.568238375338192,0,05_172_181_5572_ego_181,0,5572,5572,5575,vehicle_vehicle,0.13323555141218008,2.424593253589799,2.85587533691155,14.149965699605069,15.0,3.0,3.5,0.8,0.08175065748971075,0.2943023669629587
5,170,5529,210,96.8466,-33.8429,130.0642,1.9471,3.804,-4.0047,4.4236,-1.1179,-1.339,5.9631,-0.2177,-0.3053,-1.7174,car,181,88.0723,-18.457,-1.3262,-1.81,2.2415,0.1017,236.3665,2.243859719322935,8.077894989562566,8.774299999999997,-15.3859,-2.6784999999999997,6.233600000000001,6.78469831385302,17.711980671285747,0,05_172_181_5572_ego_181,0,5572,5572,5575,vehicle_vehicle,0.13323555141218008,2.424593253589799,2.85587533691155,14.149965699605069,15.0,3.0,3.5,0.8,0.08175065748971075,0.2943023669629587
5,172,5529,151,100.9683,-40.6099,106.0901,2.1205,4.4441,-1.9649,6.1093,-1.7286,-1.0625,6.4145,-0.1948,-0.5418,-1.9553,car,181,88.0723,-18.457,-1.3262,-1.81,2.2415,0.1017,236.3665,2.243859719322935,8.077894989562566,12.896,-22.152900000000002,-0.6387,7.9193,7.945014171164202,25.63313859850175,0,05_172_181_5572_ego_181,1,5572,5572,5575,vehicle_vehicle,0.13323555141218008,2.424593253589799,2.85587533691155,14.149965699605069,15.0,3.0,3.5,0.8,0.08175065748971075,0.2943023669629587
5,174,5529,134,98.7422,-46.825,86.6587,2.0887,4.7936,0.0392,5.7489,-1.9275,-0.5651,5.7414,-0.2959,-0.6765,-1.8913,car,181,88.0723,-18.457,-1.3262,-1.81,2.2415,0.1017,236.3665,2.243859719322935,8.077894989562566,10.669899999999998,-28.368000000000002,1.3654,7.5588999999999995,7.681229482966902,30.308252836645007,0,05_172_181_5572_ego_181,0,5572,5572,5575,vehicle_vehicle,0.13323555141218008,2.424593253589799,2.85587533691155,14.149965699605069,15.0,3.0,3.5,0.8,0.08175065748971075,0.2943023669629587
5,176,5529,116,101.1505,-51.4044,75.1882,2.1313,4.7502,1.7344,7.2872,-2.7799,0.3768,7.4884,-0.1861,-0.3464,-2.7839,car,181,88.0723,-18.457,-1.3262,-1.81,2.2415,0.1017,236.3665,2.243859719322935,8.077894989562566,13.078199999999995,-32.9474,3.0606,9.0972,9.598245683456952,35.448137920065705,0,05_172_181_5572_ego_181,0,5572,5572,5575,vehicle_vehicle,0.13323555141218008,2.424593253589799,2.85587533691155,14.149965699605069,15.0,3.0,3.5,0.8,0.08175065748971075,0.2943023669629587
5,181,5529,35,88.0723,-18.457,236.3665,2.1466,4.7117,-1.3262,-1.81,0.7053,1.1802,2.2415,0.1017,-1.3733,0.0665,car,181,88.0723,-18.457,-1.3262,-1.81,2.2415,0.1017,236.3665,2.243859719322935,8.077894989562566,0.0,0.0,0.0,0.0,0.0,0.0,1,05_172_181_5572_ego_181,1,5572,5572,5575,vehicle_vehicle,0.13323555141218008,2.424593253589799,2.85587533691155,14.149965699605069,15.0,3.0,3.5,0.8,0.08175065748971075,0.2943023669629587
5,169,5530,215,89.3005,-31.8499,149.1891,2.0217,4.7798,-4.9816,2.5246,-1.0491,-1.619,5.5716,-0.3833,0.0718,-1.9279,car,181,88.0197,-18.5287,-1.2972,-1.7627,2.1863,0.098,236.2183,2.1885701108257876,7.878852398972835,1.2807999999999993,-13.321200000000001,-3.6844,4.2873,5.652941238859643,13.382631209145682,0,05_172_181_5572_ego_181,0,5572,5572,5575,vehicle_vehicle,0.13323555141218008,2.424593253589799,2.85587533691155,14.149965699605069,15.0,3.0,3.5,0.8,0.08175065748971075,0.2943023669629587
5,170,5530,211,96.6855,-33.6662,130.7603,1.9471,3.804,-4.0498,4.3705,-1.0894,-1.3595,5.9545,-0.214,-0.3185,-1.7128,car,181,88.0197,-18.5287,-1.2972,-1.7627,2.1863,0.098,236.2183,2.1885701108257876,7.878852398972835,8.665800000000004,-15.137500000000003,-2.7526,6.1331999999999995,6.7225701186376625,17.442476770516283,0,05_172_181_5572_ego_181,0,5572,5572,5575,vehicle_vehicle,0.13323555141218008,2.424593253589799,2.85587533691155,14.149965699605069,15.0,3.0,3.5,0.8,0.08175065748971075,0.2943023669629587
5,172,5530,152,100.8883,-40.3659,106.8011,2.1205,4.4441,-2.0338,6.0665,-1.7025,-1.0882,6.3954,-0.1935,-0.5497,-1.9444,car,181,88.0197,-18.5287,-1.2972,-1.7627,2.1863,0.098,236.2183,2.1885701108257876,7.878852398972835,12.8686,-21.837200000000003,-0.7365999999999999,7.829199999999999,7.863774678867649,25.34687692399204,0,05_172_181_5572_ego_181,1,5572,5572,5575,vehicle_vehicle,0.13323555141218008,2.424593253589799,2.85587533691155,14.149965699605069,15.0,3.0,3.5,0.8,0.08175065748971075,0.2943023669629587
5,174,5530,135,98.7418,-46.5951,87.4259,2.0887,4.7936,-0.0385,5.7281,-1.9017,-0.5889,5.7206,-0.2957,-0.6737,-1.8733,car,181,88.0197,-18.5287,-1.2972,-1.7627,2.1863,0.098,236.2183,2.1885701108257876,7.878852398972835,10.722099999999998,-28.0664,1.2587,7.4908,7.595815317001856,30.04473726578417,0,05_172_181_5572_ego_181,0,5572,5572,5575,vehicle_vehicle,0.13323555141218008,2.424593253589799,2.85587533691155,14.149965699605069,15.0,3.0,3.5,0.8,0.08175065748971075,0.2943023669629587
5,176,5530,117,101.2172,-51.1138,76.0341,2.1313,4.7502,1.6193,7.3012,-2.7826,0.3676,7.4762,-0.1907,-0.3148,-2.789,car,181,88.0197,-18.5287,-1.2972,-1.7627,2.1863,0.098,236.2183,2.1885701108257876,7.878852398972835,13.197500000000005,-32.5851,2.9165,9.0639,9.521567909750999,35.15626186414022,0,05_172_181_5572_ego_181,0,5572,5572,5575,vehicle_vehicle,0.13323555141218008,2.424593253589799,2.85587533691155,14.149965699605069,15.0,3.0,3.5,0.8,0.08175065748971075,0.2943023669629587
5,181,5530,36,88.0197,-18.5287,236.2183,2.1466,4.7117,-1.2972,-1.7627,0.7136,1.179,2.1863,0.098,-1.3767,0.0624,car,181,88.0197,-18.5287,-1.2972,-1.7627,2.1863,0.098,236.2183,2.1885701108257876,7.878852398972835,0.0,0.0,0.0,0.0,0.0,0.0,1,05_172_181_5572_ego_181,1,5572,5572,5575,vehicle_vehicle,0.13323555141218008,2.424593253589799,2.85587533691155,14.149965699605069,15.0,3.0,3.5,0.8,0.08175065748971075,0.2943023669629587
5,169,5531,216,89.1006,-31.7525,150.0046,2.0217,4.7798,-5.0222,2.4625,-1.0584,-1.6243,5.5806,-0.378,0.1046,-1.9358,car,181,87.969,-18.5988,-1.2681,-1.7152,2.1309,0.0952,236.0837,2.1330702402874597,7.679052865034855,1.131600000000006,-13.1537,-3.7540999999999998,4.1777,5.616622125441589,13.20228549342878,0,05_172_181_5572_ego_181,0,5572,5572,5575,vehicle_vehicle,0.13323555141218008,2.424593253589799,2.85587533691155,14.149965699605069,15.0,3.0,3.5,0.8,0.08175065748971075,0.2943023669629587
5,170,5531,212,96.5226,-33.4918,131.4735,1.9471,3.804,-4.0936,4.3164,-1.0607,-1.3803,5.9452,-0.2086,-0.3318,-1.7089,car,181,87.969,-18.5988,-1.2681,-1.7152,2.1309,0.0952,236.0837,2.1330702402874597,7.679052865034855,8.553600000000003,-14.892999999999997,-2.8255000000000003,6.0316,6.660604237604875,17.174560313440338,0,05_172_181_5572_ego_181,0,5572,5572,5575,vehicle_vehicle,0.13323555141218008,2.424593253589799,2.85587533691155,14.149965699605069,15.0,3.0,3.5,0.8,0.08175065748971075,0.2943023669629587
5,172,5531,153,100.8063,-40.1232,107.4985,2.1205,4.4441,-2.102,6.0223,-1.6765,-1.1135,6.3756,-0.194,-0.5579,-1.9338,car,181,87.969,-18.5988,-1.2681,-1.7152,2.1309,0.0952,236.0837,2.1330702402874597,7.679052865034855,12.837299999999999,-21.524399999999996,-0.8338999999999999,7.737500000000001,7.782306564252016,25.061844837321928,0,05_172_181_5572_ego_181,1,5572,5572,5575,vehicle_vehicle,0.13323555141218008,2.424593253589799,2.85587533691155,14.149965699605069,15.0,3.0,3.5,0.8,0.08175065748971075,0.2943023669629587
5,174,5531,136,98.7389,-46.3659,88.191,2.0887,4.7936,-0.1152,5.7061,-1.8752,-0.6143,5.6996,-0.2953,-0.6731,-1.8549,car,181,87.969,-18.5988,-1.2681,-1.7152,2.1309,0.0952,236.0837,2.1330702402874597,7.679052865034855,10.769900000000007,-27.767100000000003,1.1529,7.4213000000000005,7.510317709657828,29.782588678958053,0,05_172_181_5572_ego_181,0,5572,5572,5575,vehicle_vehicle,0.13323555141218008,2.424593253589799,2.85587533691155,14.149965699605069,15.0,3.0,3.5,0.8,0.08175065748971075,0.2943023669629587
5,176,5531,118,101.2794,-50.8227,76.8813,2.1313,4.7502,1.5042,7.3153,-2.7813,0.3593,7.4658,-0.1954,-0.2813,-2.7903,car,181,87.969,-18.5988,-1.2681,-1.7152,2.1309,0.0952,236.0837,2.1330702402874597,7.679052865034855,13.310400000000001,-32.2239,2.7723,9.0305,9.44645846547795,34.8646881438799,0,05_172_181_5572_ego_181,0,5572,5572,5575,vehicle_vehicle,0.13323555141218008,2.424593253589799,2.85587533691155,14.149965699605069,15.0,3.0,3.5,0.8,0.08175065748971075,0.2943023669629587
5,181,5531,37,87.969,-18.5988,236.0837,2.1466,4.7117,-1.2681,-1.7152,0.7213,1.1775,2.1309,0.0952,-1.3796,0.0585,car,181,87.969,-18.5988,-1.2681,-1.7152,2.1309,0.0952,236.0837,2.1330702402874597,7.679052865034855,0.0,0.0,0.0,0.0,0.0,0.0,1,05_172_181_5572_ego_181,1,5572,5572,5575,vehicle_vehicle,0.13323555141218008,2.424593253589799,2.85587533691155,14.149965699605069,15.0,3.0,3.5,0.8,0.08175065748971075,0.2943023669629587
5,169,5532,217,88.8985,-31.6563,150.8279,2.0217,4.7798,-5.063,2.4007,-1.069,-1.6325,5.591,-0.3717,0.1377,-1.9465,car,181,87.9198,-18.6667,-1.239,-1.6678,2.0756,0.0925,235.9428,2.07766162788843,7.479581860398349,0.9787000000000035,-12.989600000000003,-3.824,4.0685,5.5835175516872875,13.026417844135052,0,05_172_181_5572_ego_181,0,5572,5572,5575,vehicle_vehicle,0.13323555141218008,2.424593253589799,2.85587533691155,14.149965699605069,15.0,3.0,3.5,0.8,0.08175065748971075,0.2943023669629587
5,170,5532,213,96.3568,-33.3198,132.1842,1.9471,3.804,-4.1359,4.2612,-1.0318,-1.4013,5.9348,-0.2032,-0.3455,-1.7056,car,181,87.9198,-18.6667,-1.239,-1.6678,2.0756,0.0925,235.9428,2.07766162788843,7.479581860398349,8.437000000000012,-14.653100000000002,-2.8969000000000005,5.928999999999999,6.598868888680847,16.908468547151166,0,05_172_181_5572_ego_181,0,5572,5572,5575,vehicle_vehicle,0.13323555141218008,2.424593253589799,2.85587533691155,14.149965699605069,15.0,3.0,3.5,0.8,0.08175065748971075,0.2943023669629587
5,172,5532,154,100.7207,-39.8822,108.2005,2.1205,4.4441,-2.1691,5.9767,-1.6505,-1.138,6.3552,-0.1938,-0.5655,-1.9233,car,181,87.9198,-18.6667,-1.239,-1.6678,2.0756,0.0925,235.9428,2.07766162788843,7.479581860398349,12.800899999999999,-21.2155,-0.9300999999999997,7.6445,7.700874382821732,24.778225946584634,0,05_172_181_5572_ego_181,1,5572,5572,5575,vehicle_vehicle,0.13323555141218008,2.424593253589799,2.85587533691155,14.149965699605069,15.0,3.0,3.5,0.8,0.08175065748971075,0.2943023669629587
5,174,5532,137,98.7318,-46.1374,88.9632,2.0887,4.7936,-0.1905,5.6828,-1.8483,-0.6411,5.6784,-0.2933,-0.6744,-1.8364,car,181,87.9198,-18.6667,-1.239,-1.6678,2.0756,0.0925,235.9428,2.07766162788843,7.479581860398349,10.812000000000012,-27.4707,1.0485000000000002,7.3506,7.425003206059914,29.5218343347767,0,05_172_181_5572_ego_181,0,5572,5572,5575,vehicle_vehicle,0.13323555141218008,2.424593253589799,2.85587533691155,14.149965699605069,15.0,3.0,3.5,0.8,0.08175065748971075,0.2943023669629587
5,176,5532,119,101.3363,-50.5309,77.7282,2.1313,4.7502,1.3896,7.3295,-2.7765,0.3513,7.4574,-0.2001,-0.2468,-2.7878,car,181,87.9198,-18.6667,-1.239,-1.6678,2.0756,0.0925,235.9428,2.07766162788843,7.479581860398349,13.4165,-31.864200000000004,2.6286,8.997300000000001,9.373416946343527,34.57354066175462,0,05_172_181_5572_ego_181,0,5572,5572,5575,vehicle_vehicle,0.13323555141218008,2.424593253589799,2.85587533691155,14.149965699605069,15.0,3.0,3.5,0.8,0.08175065748971075,0.2943023669629587
5,181,5532,38,87.9198,-18.6667,235.9428,2.1466,4.7117,-1.239,-1.6678,0.7286,1.1757,2.0756,0.0925,-1.3821,0.0548,car,181,87.9198,-18.6667,-1.239,-1.6678,2.0756,0.0925,235.9428,2.07766162788843,7.479581860398349,0.0,0.0,0.0,0.0,0.0,0.0,1,05_172_181_5572_ego_181,1,5572,5572,5575,vehicle_vehicle,0.13323555141218008,2.424593253589799,2.85587533691155,14.149965699605069,15.0,3.0,3.5,0.8,0.08175065748971075,0.2943023669629587
5,169,5533,218,88.6949,-31.5614,151.661,2.0217,4.7798,-5.1042,2.3385,-1.0813,-1.6437,5.6025,-0.3647,0.1714,-1.96,car,181,87.8714,-18.7325,-1.2099,-1.6203,2.0202,0.0898,235.7959,2.022184487132665,7.279864153677594,0.8235000000000099,-12.828899999999997,-3.8942999999999994,3.9588,5.553167558249975,12.855303475997754,0,05_172_181_5572_ego_181,0,5572,5572,5575,vehicle_vehicle,0.13323555141218008,2.424593253589799,2.85587533691155,14.149965699605069,15.0,3.0,3.5,0.8,0.08175065748971075,0.2943023669629587
5,170,5533,214,96.1899,-33.1495,132.8914,1.9471,3.804,-4.1767,4.2048,-1.0032,-1.4221,5.9234,-0.1982,-0.3591,-1.7029,car,181,87.8714,-18.7325,-1.2099,-1.6203,2.0202,0.0898,235.7959,2.022184487132665,7.279864153677594,8.3185,-14.417000000000002,-2.9668,5.8251,6.537101211546292,16.6447388459537,0,05_172_181_5572_ego_181,0,5572,5572,5575,vehicle_vehicle,0.13323555141218008,2.424593253589799,2.85587533691155,14.149965699605069,15.0,3.0,3.5,0.8,0.08175065748971075,0.2943023669629587
5,172,5533,155,100.6325,-39.6433,108.9006,2.1205,4.4441,-2.2351,5.9298,-1.6244,-1.1612,6.3341,-0.1937,-0.5724,-1.913,car,181,87.8714,-18.7325,-1.2099,-1.6203,2.0202,0.0898,235.7959,2.022184487132665,7.279864153677594,12.761099999999999,-20.910800000000002,-1.0252000000000001,7.5501000000000005,7.619386133409962,24.497086150193457,0,05_172_181_5572_ego_181,1,5572,5572,5575,vehicle_vehicle,0.13323555141218008,2.424593253589799,2.85587533691155,14.149965699605069,15.0,3.0,3.5,0.8,0.08175065748971075,0.2943023669629587
5,174,5533,138,98.7224,-45.9103,89.7263,2.0887,4.7936,-0.2646,5.6583,-1.8211,-0.6691,5.657,-0.2917,-0.6778,-1.8179,car,181,87.8714,-18.7325,-1.2099,-1.6203,2.0202,0.0898,235.7959,2.022184487132665,7.279864153677594,10.850999999999999,-27.177799999999998,0.9453,7.2786,7.339728200008499,29.26392000125752,0,05_172_181_5572_ego_181,0,5572,5572,5575,vehicle_vehicle,0.13323555141218008,2.424593253589799,2.85587533691155,14.149965699605069,15.0,3.0,3.5,0.8,0.08175065748971075,0.2943023669629587
5,176,5533,120,101.3893,-50.2384,78.5628,2.1313,4.7502,1.2753,7.3439,-2.7684,0.3433,7.4509,-0.2063,-0.2125,-2.7815,car,181,87.8714,-18.7325,-1.2099,-1.6203,2.0202,0.0898,235.7959,2.022184487132665,7.279864153677594,13.517900000000012,-31.505899999999997,2.4852,8.9642,9.302316952243672,34.28345599877586,0,05_172_181_5572_ego_181,0,5572,5572,5575,vehicle_vehicle,0.13323555141218008,2.424593253589799,2.85587533691155,14.149965699605069,15.0,3.0,3.5,0.8,0.08175065748971075,0.2943023669629587
5,181,5533,39,87.8714,-18.7325,235.7959,2.1466,4.7117,-1.2099,-1.6203,0.7358,1.1736,2.0202,0.0898,-1.3842,0.0512,car,181,87.8714,-18.7325,-1.2099,-1.6203,2.0202,0.0898,235.7959,2.022184487132665,7.279864153677594,0.0,0.0,0.0,0.0,0.0,0.0,1,05_172_181_5572_ego_181,1,5572,5572,5575,vehicle_vehicle,0.13323555141218008,2.424593253589799,2.85587533691155,14.149965699605069,15.0,3.0,3.5,0.8,0.08175065748971075,0.2943023669629587
5,169,5534,219,88.4899,-31.4694,152.5103,2.0217,4.7798,-5.1458,2.2759,-1.0951,-1.6581,5.6153,-0.3563,0.2061,-1.9764,car,181,87.8239,-18.7965,-1.1806,-1.573,1.9648,0.0874,235.657,1.9667601175537397,7.080336423193463,0.666000000000011,-12.672899999999998,-3.9652000000000003,3.8489,5.526015042505765,12.690388111086278,0,05_172_181_5572_ego_181,0,5572,5572,5575,vehicle_vehicle,0.13323555141218008,2.424593253589799,2.85587533691155,14.149965699605069,15.0,3.0,3.5,0.8,0.08175065748971075,0.2943023669629587
5,170,5534,215,96.0212,-32.9822,133.607,1.9471,3.804,-4.2161,4.1475,-0.9753,-1.4426,5.9111,-0.1923,-0.3719,-1.7011,car,181,87.8239,-18.7965,-1.1806,-1.573,1.9648,0.0874,235.657,1.9667601175537397,7.080336423193463,8.197299999999998,-14.185699999999997,-3.0355,5.7204999999999995,6.4759849057884615,16.383827751169747,0,05_172_181_5572_ego_181,0,5572,5572,5575,vehicle_vehicle,0.13323555141218008,2.424593253589799,2.85587533691155,14.149965699605069,15.0,3.0,3.5,0.8,0.08175065748971075,0.2943023669629587
5,172,5534,156,100.5421,-39.4066,109.5894,2.1205,4.4441,-2.3001,5.8819,-1.5984,-1.1831,6.3126,-0.1949,-0.5787,-1.9025,car,181,87.8239,-18.7965,-1.1806,-1.573,1.9648,0.0874,235.657,1.9667601175537397,7.080336423193463,12.71820000000001,-20.610099999999996,-1.1195,7.4549,7.538488857854737,24.218357360688195,0,05_172_181_5572_ego_181,1,5572,5572,5575,vehicle_vehicle,0.13323555141218008,2.424593253589799,2.85587533691155,14.149965699605069,15.0,3.0,3.5,0.8,0.08175065748971075,0.2943023669629587
5,174,5534,139,98.7101,-45.6837,90.473,2.0887,4.7936,-0.3375,5.6323,-1.7938,-0.6981,5.6349,-0.291,-0.6832,-1.7995,car,181,87.8239,-18.7965,-1.1806,-1.573,1.9648,0.0874,235.657,1.9667601175537397,7.080336423193463,10.886200000000002,-26.8872,0.8431000000000001,7.205299999999999,7.254458332639315,29.00742791562189,0,05_172_181_5572_ego_181,0,5572,5572,5575,vehicle_vehicle,0.13323555141218008,2.424593253589799,2.85587533691155,14.149965699605069,15.0,3.0,3.5,0.8,0.08175065748971075,0.2943023669629587
5,176,5534,121,101.4379,-49.9453,79.3871,2.1313,4.7502,1.1614,7.3582,-2.7571,0.3349,7.4462,-0.2136,-0.1787,-2.7716,car,181,87.8239,-18.7965,-1.1806,-1.573,1.9648,0.0874,235.657,1.9667601175537397,7.080336423193463,13.614000000000004,-31.1488,2.342,8.9312,9.233162916357537,33.993951483168296,0,05_172_181_5572_ego_181,0,5572,5572,5575,vehicle_vehicle,0.13323555141218008,2.424593253589799,2.85587533691155,14.149965699605069,15.0,3.0,3.5,0.8,0.08175065748971075,0.2943023669629587
5,181,5534,40,87.8239,-18.7965,235.657,2.1466,4.7117,-1.1806,-1.573,0.7431,1.171,1.9648,0.0874,-1.3861,0.0471,car,181,87.8239,-18.7965,-1.1806,-1.573,1.9648,0.0874,235.657,1.9667601175537397,7.080336423193463,0.0,0.0,0.0,0.0,0.0,0.0,1,05_172_181_5572_ego_181,1,5572,5572,5575,vehicle_vehicle,0.13323555141218008,2.424593253589799,2.85587533691155,14.149965699605069,15.0,3.0,3.5,0.8,0.08175065748971075,0.2943023669629587
5,169,5535,220,88.2833,-31.3804,153.3523,2.0217,4.7798,-5.1881,2.213,-1.1105,-1.6758,5.6295,-0.349,0.2409,-1.9959,car,181,87.7775,-18.8584,-1.1511,-1.5257,1.9094,0.0853,235.5221,1.9112277990862314,6.8804200767104335,0.5057999999999936,-12.522000000000002,-4.037000000000001,3.7387,5.502294674951535,12.532211203135704,0,05_172_181_5572_ego_181,0,5572,5572,5575,vehicle_vehicle,0.13323555141218008,2.424593253589799,2.85587533691155,14.149965699605069,15.0,3.0,3.5,0.8,0.08175065748971075,0.2943023669629587
5,170,5535,216,95.8509,-32.8178,134.3047,1.9471,3.804,-4.254,4.0895,-0.9482,-1.4626,5.8979,-0.1879,-0.3844,-1.7002,car,181,87.7775,-18.8584,-1.1511,-1.5257,1.9094,0.0853,235.5221,1.9112277990862314,6.8804200767104335,8.073399999999992,-13.959399999999999,-3.1028999999999995,5.6152,6.41548590911086,16.12589953832033,0,05_172_181_5572_ego_181,0,5572,5572,5575,vehicle_vehicle,0.13323555141218008,2.424593253589799,2.85587533691155,14.149965699605069,15.0,3.0,3.5,0.8,0.08175065748971075,0.2943023669629587
5,172,5535,157,100.4491,-39.1716,110.2725,2.1205,4.4441,-2.3642,5.8327,-1.5722,-1.2032,6.2906,-0.1968,-0.584,-1.8917,car,181,87.7775,-18.8584,-1.1511,-1.5257,1.9094,0.0853,235.5221,1.9112277990862314,6.8804200767104335,12.671599999999998,-20.3132,-1.2130999999999998,7.3584,7.457724999622873,23.941502475826365,0,05_172_181_5572_ego_181,1,5572,5572,5575,vehicle_vehicle,0.13323555141218008,2.424593253589799,2.85587533691155,14.149965699605069,15.0,3.0,3.5,0.8,0.08175065748971075,0.2943023669629587
5,174,5535,140,98.6948,-45.458,91.2108,2.0887,4.7936,-0.4092,5.6049,-1.7665,-0.7277,5.6123,-0.2907,-0.6902,-1.7815,car,181,87.7775,-18.8584,-1.1511,-1.5257,1.9094,0.0853,235.5221,1.9112277990862314,6.8804200767104335,10.917299999999997,-26.5996,0.7419,7.130599999999999,7.169091432671228,28.752846110428788,0,05_172_181_5572_ego_181,0,5572,5572,5575,vehicle_vehicle,0.13323555141218008,2.424593253589799,2.85587533691155,14.149965699605069,15.0,3.0,3.5,0.8,0.08175065748971075,0.2943023669629587
5,176,5535,122,101.4812,-49.651,80.2023,2.1313,4.7502,1.0484,7.3723,-2.7429,0.3257,7.4432,-0.2215,-0.1458,-2.7583,car,181,87.7775,-18.8584,-1.1511,-1.5257,1.9094,0.0853,235.5221,1.9112277990862314,6.8804200767104335,13.703699999999998,-30.792600000000004,2.1995,8.898,9.165817162151992,33.704237247711156,0,05_172_181_5572_ego_181,0,5572,5572,5575,vehicle_vehicle,0.13323555141218008,2.424593253589799,2.85587533691155,14.149965699605069,15.0,3.0,3.5,0.8,0.08175065748971075,0.2943023669629587
5,181,5535,41,87.7775,-18.8584,235.5221,2.1466,4.7117,-1.1511,-1.5257,0.7506,1.1681,1.9094,0.0853,-1.3878,0.0425,car,181,87.7775,-18.8584,-1.1511,-1.5257,1.9094,0.0853,235.5221,1.9112277990862314,6.8804200767104335,0.0,0.0,0.0,0.0,0.0,0.0,1,05_172_181_5572_ego_181,1,5572,5572,5575,vehicle_vehicle,0.13323555141218008,2.424593253589799,2.85587533691155,14.149965699605069,15.0,3.0,3.5,0.8,0.08175065748971075,0.2943023669629587
5,169,5536,221,88.0745,-31.2941,154.1822,2.0217,4.7798,-5.2308,2.1497,-1.1275,-1.6971,5.6449,-0.3429,0.2759,-2.0187,car,181,87.732,-18.9185,-1.1214,-1.4786,1.8539,0.083,235.3873,1.8557467284088094,6.680688222271714,0.34250000000000114,-12.375599999999999,-4.109400000000001,3.6283000000000003,5.481945754018367,12.380338509507727,0,05_172_181_5572_ego_181,0,5572,5572,5575,vehicle_vehicle,0.13323555141218008,2.424593253589799,2.85587533691155,14.149965699605069,15.0,3.0,3.5,0.8,0.08175065748971075,0.2943023669629587
5,170,5536,217,95.6799,-32.6546,135.0162,1.9471,3.804,-4.2908,4.0304,-0.9223,-1.4823,5.884,-0.1825,-0.3955,-1.7004,car,181,87.732,-18.9185,-1.1214,-1.4786,1.8539,0.083,235.3873,1.8557467284088094,6.680688222271714,7.947900000000004,-13.7361,-3.1694,5.509,6.3556413806947925,15.869768669391501,0,05_172_181_5572_ego_181,0,5572,5572,5575,vehicle_vehicle,0.13323555141218008,2.424593253589799,2.85587533691155,14.149965699605069,15.0,3.0,3.5,0.8,0.08175065748971075,0.2943023669629587
5,172,5536,158,100.3529,-38.9391,110.9499,2.1205,4.4441,-2.4272,5.7828,-1.5459,-1.2216,6.2683,-0.1991,-0.5881,-1.8805,car,181,87.732,-18.9185,-1.1214,-1.4786,1.8539,0.083,235.3873,1.8557467284088094,6.680688222271714,12.620900000000006,-20.0206,-1.3058,7.2614,7.3778752767988705,23.6666757524161,0,05_172_181_5572_ego_181,1,5572,5572,5575,vehicle_vehicle,0.13323555141218008,2.424593253589799,2.85587533691155,14.149965699605069,15.0,3.0,3.5,0.8,0.08175065748971075,0.2943023669629587
5,174,5536,141,98.6769,-45.2338,91.9423,2.0887,4.7936,-0.4797,5.576,-1.7393,-0.7576,5.589,-0.2905,-0.6983,-1.764,car,181,87.732,-18.9185,-1.1214,-1.4786,1.8539,0.083,235.3873,1.8557467284088094,6.680688222271714,10.944900000000004,-26.3153,0.6416999999999999,7.0546,7.083725012308143,28.500628942183017,0,05_172_181_5572_ego_181,0,5572,5572,5575,vehicle_vehicle,0.13323555141218008,2.424593253589799,2.85587533691155,14.149965699605069,15.0,3.0,3.5,0.8,0.08175065748971075,0.2943023669629587
5,176,5536,123,101.52,-49.356,81.0048,2.1313,4.7502,0.9363,7.3861,-2.7261,0.3158,7.4417,-0.2301,-0.1143,-2.7419,car,181,87.732,-18.9185,-1.1214,-1.4786,1.8539,0.083,235.3873,1.8557467284088094,6.680688222271714,13.787999999999997,-30.4375,2.0577,8.8647,9.10038655113067,33.41482231360807,0,05_172_181_5572_ego_181,0,5572,5572,5575,vehicle_vehicle,0.13323555141218008,2.424593253589799,2.85587533691155,14.149965699605069,15.0,3.0,3.5,0.8,0.08175065748971075,0.2943023669629587
5,181,5536,42,87.732,-18.9185,235.3873,2.1466,4.7117,-1.1214,-1.4786,0.7583,1.1647,1.8539,0.083,-1.3893,0.0375,car,181,87.732,-18.9185,-1.1214,-1.4786,1.8539,0.083,235.3873,1.8557467284088094,6.680688222271714,0.0,0.0,0.0,0.0,0.0,0.0,1,05_172_181_5572_ego_181,1,5572,5572,5575,vehicle_vehicle,0.13323555141218008,2.424593253589799,2.85587533691155,14.149965699605069,15.0,3.0,3.5,0.8,0.08175065748971075,0.2943023669629587
5,169,5537,222,87.865,-31.2077,155.0016,2.0217,4.7798,-5.2744,2.0849,-1.1461,-1.7218,5.6614,-0.3393,0.3111,-2.0449,car,181,87.6877,-18.9766,-1.0912,-1.4316,1.7983,0.0809,235.2603,1.800054443621081,6.480195997035892,0.17729999999998824,-12.231099999999998,-4.1832,3.5165,5.464881928276219,12.23238498821877,0,05_172_181_5572_ego_181,0,5572,5572,5575,vehicle_vehicle,0.13323555141218008,2.424593253589799,2.85587533691155,14.149965699605069,15.0,3.0,3.5,0.8,0.08175065748971075,0.2943023669629587
5,170,5537,218,95.5077,-32.4938,135.7352,1.9471,3.804,-4.3266,3.9702,-0.8975,-1.5012,5.8695,-0.1767,-0.405,-1.7015,car,181,87.6877,-18.9766,-1.0912,-1.4316,1.7983,0.0809,235.2603,1.800054443621081,6.480195997035892,7.819999999999993,-13.517199999999999,-3.2354000000000003,5.4018,6.296606736965554,15.61624461386283,0,05_172_181_5572_ego_181,0,5572,5572,5575,vehicle_vehicle,0.13323555141218008,2.424593253589799,2.85587533691155,14.149965699605069,15.0,3.0,3.5,0.8,0.08175065748971075,0.2943023669629587
5,172,5537,159,100.2538,-38.7093,111.6345,2.1205,4.4441,-2.4887,5.7323,-1.5197,-1.2382,6.246,-0.2,-0.5907,-1.8691,car,181,87.6877,-18.9766,-1.0912,-1.4316,1.7983,0.0809,235.2603,1.800054443621081,6.480195997035892,12.566099999999992,-19.732699999999998,-1.3975000000000002,7.1639,7.298936186869974,23.394151373794255,0,05_172_181_5572_ego_181,1,5572,5572,5575,vehicle_vehicle,0.13323555141218008,2.424593253589799,2.85587533691155,14.149965699605069,15.0,3.0,3.5,0.8,0.08175065748971075,0.2943023669629587
5,174,5537,142,98.6565,-45.0112,92.6576,2.0887,4.7936,-0.5492,5.5458,-1.7122,-0.7878,5.5653,-0.2915,-0.7075,-1.7469,car,181,87.6877,-18.9766,-1.0912,-1.4316,1.7983,0.0809,235.2603,1.800054443621081,6.480195997035892,10.968799999999987,-26.0346,0.5419999999999999,6.977399999999999,6.99841944727522,28.250928667921695,0,05_172_181_5572_ego_181,0,5572,5572,5575,vehicle_vehicle,0.13323555141218008,2.424593253589799,2.85587533691155,14.149965699605069,15.0,3.0,3.5,0.8,0.08175065748971075,0.2943023669629587
5,176,5537,124,101.5548,-49.0601,81.808,2.1313,4.7502,0.8251,7.3995,-2.707,0.3052,7.4415,-0.2377,-0.0836,-2.7229,car,181,87.6877,-18.9766,-1.0912,-1.4316,1.7983,0.0809,235.2603,1.800054443621081,6.480195997035892,13.867099999999994,-30.083499999999997,1.9163,8.8311,9.036621763690233,33.12572164738452,0,05_172_181_5572_ego_181,0,5572,5572,5575,vehicle_vehicle,0.13323555141218008,2.424593253589799,2.85587533691155,14.149965699605069,15.0,3.0,3.5,0.8,0.08175065748971075,0.2943023669629587
5,181,5537,43,87.6877,-18.9766,235.2603,2.1466,4.7117,-1.0912,-1.4316,0.7663,1.1609,1.7983,0.0809,-1.3906,0.0319,car,181,87.6877,-18.9766,-1.0912,-1.4316,1.7983,0.0809,235.2603,1.800054443621081,6.480195997035892,0.0,0.0,0.0,0.0,0.0,0.0,1,05_172_181_5572_ego_181,1,5572,5572,5575,vehicle_vehicle,0.13323555141218008,2.424593253589799,2.85587533691155,14.149965699605069,15.0,3.0,3.5,0.8,0.08175065748971075,0.2943023669629587
5,169,5538,223,87.6541,-31.1238,155.8193,2.0217,4.7798,-5.3192,2.0184,-1.1659,-1.7493,5.6793,-0.3376,0.3471,-2.0734,car,181,87.6442,-19.0328,-1.0606,-1.3849,1.7426,0.0788,235.1424,1.74436818647899,6.2797254713243635,0.009900000000001796,-12.090999999999998,-4.2586,3.4033,5.451433284008894,12.091004053013958,0,05_172_181_5572_ego_181,0,5572,5572,5575,vehicle_vehicle,0.13323555141218008,2.424593253589799,2.85587533691155,14.149965699605069,15.0,3.0,3.5,0.8,0.08175065748971075,0.2943023669629587
5,170,5538,219,95.3351,-32.3352,136.452,1.9471,3.804,-4.3619,3.9089,-0.8736,-1.519,5.8546,-0.1721,-0.4133,-1.7028,car,181,87.6442,-19.0328,-1.0606,-1.3849,1.7426,0.0788,235.1424,1.74436818647899,6.2797254713243635,7.690899999999999,-13.302399999999999,-3.3013000000000003,5.2938,6.238822014611412,15.365669154644712,0,05_172_181_5572_ego_181,0,5572,5572,5575,vehicle_vehicle,0.13323555141218008,2.424593253589799,2.85587533691155,14.149965699605069,15.0,3.0,3.5,0.8,0.08175065748971075,0.2943023669629587
5,172,5538,160,100.1527,-38.4815,112.3244,2.1205,4.4441,-2.5491,5.6813,-1.4938,-1.2533,6.2238,-0.2,-0.5919,-1.8579,car,181,87.6442,-19.0328,-1.0606,-1.3849,1.7426,0.0788,235.1424,1.74436818647899,6.2797254713243635,12.508499999999998,-19.448699999999995,-1.4885000000000002,7.0662,7.221275142937015,23.123894653366673,0,05_172_181_5572_ego_181,1,5572,5572,5575,vehicle_vehicle,0.13323555141218008,2.424593253589799,2.85587533691155,14.149965699605069,15.0,3.0,3.5,0.8,0.08175065748971075,0.2943023669629587
5,174,5538,143,98.633,-44.7896,93.3612,2.0887,4.7936,-0.6176,5.5143,-1.6853,-0.818,5.541,-0.2932,-0.7177,-1.7303,car,181,87.6442,-19.0328,-1.0606,-1.3849,1.7426,0.0788,235.1424,1.74436818647899,6.2797254713243635,10.988799999999998,-25.7568,0.44299999999999995,6.8992,6.913407961345838,28.002972550784673,0,05_172_181_5572_ego_181,0,5572,5572,5575,vehicle_vehicle,0.13323555141218008,2.424593253589799,2.85587533691155,14.149965699605069,15.0,3.0,3.5,0.8,0.08175065748971075,0.2943023669629587
5,176,5538,125,101.5851,-48.7631,82.5946,2.1313,4.7502,0.7148,7.4121,-2.6859,0.294,7.4424,-0.2465,-0.0546,-2.7014,car,181,87.6442,-19.0328,-1.0606,-1.3849,1.7426,0.0788,235.1424,1.74436818647899,6.2797254713243635,13.9409,-29.7303,1.7753999999999999,8.797,8.974366504662044,32.83655631913919,0,05_172_181_5572_ego_181,0,5572,5572,5575,vehicle_vehicle,0.13323555141218008,2.424593253589799,2.85587533691155,14.149965699605069,15.0,3.0,3.5,0.8,0.08175065748971075,0.2943023669629587
5,181,5538,44,87.6442,-19.0328,235.1424,2.1466,4.7117,-1.0606,-1.3849,0.7743,1.1568,1.7426,0.0788,-1.3918,0.0258,car,181,87.6442,-19.0328,-1.0606,-1.3849,1.7426,0.0788,235.1424,1.74436818647899,6.2797254713243635,0.0,0.0,0.0,0.0,0.0,0.0,1,05_172_181_5572_ego_181,1,5572,5572,5575,vehicle_vehicle,0.13323555141218008,2.424593253589799,2.85587533691155,14.149965699605069,15.0,3.0,3.5,0.8,0.08175065748971075,0.2943023669629587
5,169,5539,224,87.4407,-31.0425,156.6392,2.0217,4.7798,-5.365,1.9499,-1.1868,-1.7786,5.6984,-0.3372,0.3842,-2.1034,car,181,87.6023,-19.0874,-1.0296,-1.3382,1.6867,0.0768,235.0329,1.6884476302213227,6.078411468796762,-0.16159999999999286,-11.955100000000002,-4.3354,3.2881,5.44125856489103,11.956192143404188,0,05_172_181_5572_ego_181,0,5572,5572,5575,vehicle_vehicle,0.13323555141218008,2.424593253589799,2.85587533691155,14.149965699605069,15.0,3.0,3.5,0.8,0.08175065748971075,0.2943023669629587
5,170,5539,220,95.1602,-32.1794,137.1756,1.9471,3.804,-4.3964,3.8466,-0.8502,-1.5353,5.8392,-0.1672,-0.4201,-1.704,car,181,87.6023,-19.0874,-1.0296,-1.3382,1.6867,0.0768,235.0329,1.6884476302213227,6.078411468796762,7.557900000000004,-13.092000000000002,-3.3667999999999996,5.1848,6.182029867284693,15.116954601043165,0,05_172_181_5572_ego_181,0,5572,5572,5575,vehicle_vehicle,0.13323555141218008,2.424593253589799,2.85587533691155,14.149965699605069,15.0,3.0,3.5,0.8,0.08175065748971075,0.2943023669629587
5,172,5539,161,100.0488,-38.2553,113.0059,2.1205,4.4441,-2.6082,5.6298,-1.4685,-1.267,6.2014,-0.2005,-0.5923,-1.8469,car,181,87.6023,-19.0874,-1.0296,-1.3382,1.6867,0.0768,235.0329,1.6884476302213227,6.078411468796762,12.4465,-19.1679,-1.5786,6.968,7.14457850121335,22.854403353839714,0,05_172_181_5572_ego_181,1,5572,5572,5575,vehicle_vehicle,0.13323555141218008,2.424593253589799,2.85587533691155,14.149965699605069,15.0,3.0,3.5,0.8,0.08175065748971075,0.2943023669629587
5,174,5539,144,98.6064,-44.5688,94.0653,2.0887,4.7936,-0.6846,5.4812,-1.6585,-0.848,5.5159,-0.2944,-0.7282,-1.7145,car,181,87.6023,-19.0874,-1.0296,-1.3382,1.6867,0.0768,235.0329,1.6884476302213227,6.078411468796762,11.004099999999994,-25.481400000000004,0.3450000000000001,6.8194,6.828121363889192,27.755935631320376,0,05_172_181_5572_ego_181,0,5572,5572,5575,vehicle_vehicle,0.13323555141218008,2.424593253589799,2.85587533691155,14.149965699605069,15.0,3.0,3.5,0.8,0.08175065748971075,0.2943023669629587
5,176,5539,126,101.6105,-48.465,83.3909,2.1313,4.7502,0.6058,7.4237,-2.6629,0.2827,7.4441,-0.2526,-0.0257,-2.6778,car,181,87.6023,-19.0874,-1.0296,-1.3382,1.6867,0.0768,235.0329,1.6884476302213227,6.078411468796762,14.008200000000002,-29.377600000000005,1.6354000000000002,8.7619,8.913216297723286,32.546475216219655,0,05_172_181_5572_ego_181,0,5572,5572,5575,vehicle_vehicle,0.13323555141218008,2.424593253589799,2.85587533691155,14.149965699605069,15.0,3.0,3.5,0.8,0.08175065748971075,0.2943023669629587
5,181,5539,45,87.6023,-19.0874,235.0329,2.1466,4.7117,-1.0296,-1.3382,0.7824,1.1524,1.6867,0.0768,-1.3927,0.0193,car,181,87.6023,-19.0874,-1.0296,-1.3382,1.6867,0.0768,235.0329,1.6884476302213227,6.078411468796762,0.0,0.0,0.0,0.0,0.0,0.0,1,05_172_181_5572_ego_181,1,5572,5572,5575,vehicle_vehicle,0.13323555141218008,2.424593253589799,2.85587533691155,14.149965699605069,15.0,3.0,3.5,0.8,0.08175065748971075,0.2943023669629587
5,169,5540,225,87.2254,-30.9644,157.4602,2.0217,4.7798,-5.4116,1.8797,-1.2085,-1.8092,5.7187,-0.3383,0.4227,-2.1342,car,181,87.5612,-19.14,-0.9981,-1.2918,1.6307,0.0746,234.9264,1.6324677179044003,5.876883784455841,-0.3358000000000061,-11.8244,-4.4135,3.1715,5.43483159812703,11.829167214981789,0,05_172_181_5572_ego_181,0,5572,5572,5575,vehicle_vehicle,0.13323555141218008,2.424593253589799,2.85587533691155,14.149965699605069,15.0,3.0,3.5,0.8,0.08175065748971075,0.2943023669629587
5,170,5540,221,94.9834,-32.0262,137.9013,1.9471,3.804,-4.4298,3.7834,-0.8273,-1.55,5.8232,-0.1625,-0.4253,-1.7048,car,181,87.5612,-19.14,-0.9981,-1.2918,1.6307,0.0746,234.9264,1.6324677179044003,5.876883784455841,7.422200000000004,-12.886200000000002,-3.4317,5.0752,6.12651776541944,14.870884414855766,0,05_172_181_5572_ego_181,0,5572,5572,5575,vehicle_vehicle,0.13323555141218008,2.424593253589799,2.85587533691155,14.149965699605069,15.0,3.0,3.5,0.8,0.08175065748971075,0.2943023669629587
5,172,5540,162,99.9427,-38.0315,113.684,2.1205,4.4441,-2.666,5.5779,-1.444,-1.2793,6.179,-0.2009,-0.5915,-1.8363,car,181,87.5612,-19.14,-0.9981,-1.2918,1.6307,0.0746,234.9264,1.6324677179044003,5.876883784455841,12.381500000000003,-18.8915,-1.6679,6.8697,7.069276377395355,22.587392822103222,0,05_172_181_5572_ego_181,1,5572,5572,5575,vehicle_vehicle,0.13323555141218008,2.424593253589799,2.85587533691155,14.149965699605069,15.0,3.0,3.5,0.8,0.08175065748971075,0.2943023669629587
5,174,5540,145,98.5777,-44.3499,94.772,2.0887,4.7936,-0.7507,5.4467,-1.6321,-0.8775,5.4903,-0.2949,-0.7387,-1.6995,car,181,87.5612,-19.14,-0.9981,-1.2918,1.6307,0.0746,234.9264,1.6324677179044003,5.876883784455841,11.016499999999994,-25.209899999999998,0.24739999999999995,6.7385,6.743040042147162,27.511857993599772,0,05_172_181_5572_ego_181,0,5572,5572,5575,vehicle_vehicle,0.13323555141218008,2.424593253589799,2.85587533691155,14.149965699605069,15.0,3.0,3.5,0.8,0.08175065748971075,0.2943023669629587
5,176,5540,127,101.6325,-48.1674,84.1917,2.1313,4.7502,0.4978,7.4347,-2.6385,0.2716,7.4469,-0.2572,0.0032,-2.6524,car,181,87.5612,-19.14,-0.9981,-1.2918,1.6307,0.0746,234.9264,1.6324677179044003,5.876883784455841,14.071299999999994,-29.0274,1.4959,8.7265,8.853785577932186,32.258199491757125,0,05_172_181_5572_ego_181,0,5572,5572,5575,vehicle_vehicle,0.13323555141218008,2.424593253589799,2.85587533691155,14.149965699605069,15.0,3.0,3.5,0.8,0.08175065748971075,0.2943023669629587
5,181,5540,46,87.5612,-19.14,234.9264,2.1466,4.7117,-0.9981,-1.2918,0.7904,1.1475,1.6307,0.0746,-1.3933,0.0126,car,181,87.5612,-19.14,-0.9981,-1.2918,1.6307,0.0746,234.9264,1.6324677179044003,5.876883784455841,0.0,0.0,0.0,0.0,0.0,0.0,1,05_172_181_5572_ego_181,1,5572,5572,5575,vehicle_vehicle,0.13323555141218008,2.424593253589799,2.85587533691155,14.149965699605069,15.0,3.0,3.5,0.8,0.08175065748971075,0.2943023669629587
5,169,5541,226,87.0085,-30.8891,158.268,2.0217,4.7798,-5.4593,1.8076,-1.2309,-1.8403,5.7406,-0.3422,0.462,-2.1653,car,181,87.5212,-19.1907,-0.966,-1.2455,1.5746,0.072,234.8239,1.5762062840884756,5.6743426227185125,-0.5126999999999953,-11.6984,-4.4933,3.0531,5.432417923908285,11.709629535130476,0,05_172_181_5572_ego_181,0,5572,5572,5575,vehicle_vehicle,0.13323555141218008,2.424593253589799,2.85587533691155,14.149965699605069,15.0,3.0,3.5,0.8,0.08175065748971075,0.2943023669629587
5,170,5541,222,94.8054,-31.8757,138.6273,1.9471,3.804,-4.4622,3.7194,-0.8051,-1.5629,5.8069,-0.1582,-0.4288,-1.705,car,181,87.5212,-19.1907,-0.966,-1.2455,1.5746,0.072,234.8239,1.5762062840884756,5.6743426227185125,7.284200000000013,-12.684999999999999,-3.4962,4.9649,6.072367450179542,14.627672222195852,0,05_172_181_5572_ego_181,0,5572,5572,5575,vehicle_vehicle,0.13323555141218008,2.424593253589799,2.85587533691155,14.149965699605069,15.0,3.0,3.5,0.8,0.08175065748971075,0.2943023669629587
5,172,5541,163,99.8349,-37.8101,114.3651,2.1205,4.4441,-2.7228,5.5257,-1.4204,-1.2905,6.1569,-0.2007,-0.5896,-1.8263,car,181,87.5212,-19.1907,-0.966,-1.2455,1.5746,0.072,234.8239,1.5762062840884756,5.6743426227185125,12.313700000000011,-18.6194,-1.7568,6.771199999999999,6.995391031243356,22.32284175569948,0,05_172_181_5572_ego_181,1,5572,5572,5575,vehicle_vehicle,0.13323555141218008,2.424593253589799,2.85587533691155,14.149965699605069,15.0,3.0,3.5,0.8,0.08175065748971075,0.2943023669629587
5,174,5541,146,98.5472,-44.1323,95.4839,2.0887,4.7936,-0.8159,5.411,-1.6059,-0.9064,5.4642,-0.2951,-0.7488,-1.6852,car,181,87.5212,-19.1907,-0.966,-1.2455,1.5746,0.072,234.8239,1.5762062840884756,5.6743426227185125,11.02600000000001,-24.9416,0.1501,6.656499999999999,6.658192116483272,27.270058426046695,0,05_172_181_5572_ego_181,0,5572,5572,5575,vehicle_vehicle,0.13323555141218008,2.424593253589799,2.85587533691155,14.149965699605069,15.0,3.0,3.5,0.8,0.08175065748971075,0.2943023669629587
5,176,5541,128,101.6513,-47.8691,84.9954,2.1313,4.7502,0.3903,7.4449,-2.6123,0.261,7.4506,-0.2606,0.0321,-2.6251,car,181,87.5212,-19.1907,-0.966,-1.2455,1.5746,0.072,234.8239,1.5762062840884756,5.6743426227185125,14.130100000000013,-28.678400000000003,1.3563,8.6904,8.795601278480056,31.970460624926886,0,05_172_181_5572_ego_181,0,5572,5572,5575,vehicle_vehicle,0.13323555141218008,2.424593253589799,2.85587533691155,14.149965699605069,15.0,3.0,3.5,0.8,0.08175065748971075,0.2943023669629587
5,181,5541,47,87.5212,-19.1907,234.8239,2.1466,4.7117,-0.966,-1.2455,0.7979,1.1424,1.5746,0.072,-1.3934,0.0059,car,181,87.5212,-19.1907,-0.966,-1.2455,1.5746,0.072,234.8239,1.5762062840884756,5.6743426227185125,0.0,0.0,0.0,0.0,0.0,0.0,1,05_172_181_5572_ego_181,1,5572,5572,5575,vehicle_vehicle,0.13323555141218008,2.424593253589799,2.85587533691155,14.149965699605069,15.0,3.0,3.5,0.8,0.08175065748971075,0.2943023669629587
5,169,5542,227,86.7899,-30.8169,159.0823,2.0217,4.7798,-5.5083,1.7338,-1.2538,-1.8715,5.7642,-0.3471,0.503,-2.1958,car,181,87.4827,-19.2395,-0.9333,-1.1996,1.5183,0.0692,234.7232,1.5198977103739582,5.471631757346249,-0.6927999999999912,-11.5774,-4.575,2.9334,5.434653674338412,11.598110302976085,0,05_172_181_5572_ego_181,0,5572,5572,5575,vehicle_vehicle,0.13323555141218008,2.424593253589799,2.85587533691155,14.149965699605069,15.0,3.0,3.5,0.8,0.08175065748971075,0.2943023669629587
5,170,5542,223,94.6267,-31.7278,139.3556,1.9471,3.804,-4.4939,3.6548,-0.7835,-1.5737,5.7904,-0.154,-0.4306,-1.7044,car,181,87.4827,-19.2395,-0.9333,-1.1996,1.5183,0.0692,234.7232,1.5198977103739582,5.471631757346249,7.1440000000000055,-12.488299999999999,-3.5606,4.8544,6.020221899564833,14.387299013018394,0,05_172_181_5572_ego_181,0,5572,5572,5575,vehicle_vehicle,0.13323555141218008,2.424593253589799,2.85587533691155,14.149965699605069,15.0,3.0,3.5,0.8,0.08175065748971075,0.2943023669629587
5,172,5542,164,99.7251,-37.5905,115.0452,2.1205,4.4441,-2.7788,5.4732,-1.3977,-1.3008,6.135,-0.2005,-0.5868,-1.817,car,181,87.4827,-19.2395,-0.9333,-1.1996,1.5183,0.0692,234.7232,1.5198977103739582,5.471631757346249,12.242400000000004,-18.351,-1.8455,6.6728000000000005,6.923303408778212,22.059817740860872,0,05_172_181_5572_ego_181,1,5572,5572,5575,vehicle_vehicle,0.13323555141218008,2.424593253589799,2.85587533691155,14.149965699605069,15.0,3.0,3.5,0.8,0.08175065748971075,0.2943023669629587
5,174,5542,147,98.5132,-43.916,96.1902,2.0887,4.7936,-0.8802,5.3738,-1.5797,-0.9346,5.4373,-0.2956,-0.7588,-1.6713,car,181,87.4827,-19.2395,-0.9333,-1.1996,1.5183,0.0692,234.7232,1.5198977103739582,5.471631757346249,11.030500000000004,-24.676499999999997,0.053100000000000036,6.5734,6.573614467703442,27.02964266319479,0,05_172_181_5572_ego_181,0,5572,5572,5575,vehicle_vehicle,0.13323555141218008,2.424593253589799,2.85587533691155,14.149965699605069,15.0,3.0,3.5,0.8,0.08175065748971075,0.2943023669629587
5,176,5542,129,101.6654,-47.5698,85.8004,2.1313,4.7502,0.2837,7.4543,-2.5841,0.2513,7.455,-0.263,0.0613,-2.5955,car,181,87.4827,-19.2395,-0.9333,-1.1996,1.5183,0.0692,234.7232,1.5198977103739582,5.471631757346249,14.182700000000011,-28.3303,1.217,8.6539,8.739054537534367,31.682090798746227,0,05_172_181_5572_ego_181,0,5572,5572,5575,vehicle_vehicle,0.13323555141218008,2.424593253589799,2.85587533691155,14.149965699605069,15.0,3.0,3.5,0.8,0.08175065748971075,0.2943023669629587
5,181,5542,48,87.4827,-19.2395,234.7232,2.1466,4.7117,-0.9333,-1.1996,0.8049,1.1369,1.5183,0.0692,-1.393,-0.0005,car,181,87.4827,-19.2395,-0.9333,-1.1996,1.5183,0.0692,234.7232,1.5198977103739582,5.471631757346249,0.0,0.0,0.0,0.0,0.0,0.0,1,05_172_181_5572_ego_181,1,5572,5572,5575,vehicle_vehicle,0.13323555141218008,2.424593253589799,2.85587533691155,14.149965699605069,15.0,3.0,3.5,0.8,0.08175065748971075,0.2943023669629587
5,169,5543,228,86.5688,-30.7473,159.9022,2.0217,4.7798,-5.5582,1.658,-1.277,-1.9022,5.7895,-0.3529,0.5456,-2.2251,car,181,87.4462,-19.2864,-0.9005,-1.1539,1.4622,0.0661,234.6194,1.463688990188831,5.269280364679791,-0.8774000000000086,-11.460899999999999,-4.6577,2.8118999999999996,5.4406755922403605,11.4944360266174,0,05_172_181_5572_ego_181,0,5572,5572,5575,vehicle_vehicle,0.13323555141218008,2.424593253589799,2.85587533691155,14.149965699605069,15.0,3.0,3.5,0.8,0.08175065748971075,0.2943023669629587
5,170,5543,224,94.4458,-31.5825,140.0862,1.9471,3.804,-4.5246,3.5896,-0.7624,-1.5823,5.7736,-0.1499,-0.4305,-1.7028,car,181,87.4462,-19.2864,-0.9005,-1.1539,1.4622,0.0661,234.6194,1.463688990188831,5.269280364679791,6.999600000000001,-12.2961,-3.6241000000000003,4.7435,5.969496884997931,14.148797665172825,0,05_172_181_5572_ego_181,0,5572,5572,5575,vehicle_vehicle,0.13323555141218008,2.424593253589799,2.85587533691155,14.149965699605069,15.0,3.0,3.5,0.8,0.08175065748971075,0.2943023669629587
5,172,5543,165,99.6129,-37.3727,115.7126,2.1205,4.4441,-2.8339,5.4204,-1.3759,-1.3103,6.1132,-0.2016,-0.5836,-1.8081,car,181,87.4462,-19.2864,-0.9005,-1.1539,1.4622,0.0661,234.6194,1.463688990188831,5.269280364679791,12.166699999999992,-18.0863,-1.9333999999999998,6.5743,6.852696990966403,21.79777136727514,0,05_172_181_5572_ego_181,1,5572,5572,5575,vehicle_vehicle,0.13323555141218008,2.424593253589799,2.85587533691155,14.149965699605069,15.0,3.0,3.5,0.8,0.08175065748971075,0.2943023669629587
5,174,5543,148,98.4758,-43.7012,96.9003,2.0887,4.7936,-0.9429,5.3352,-1.5537,-0.9617,5.4099,-0.2951,-0.768,-1.658,car,181,87.4462,-19.2864,-0.9005,-1.1539,1.4622,0.0661,234.6194,1.463688990188831,5.269280364679791,11.029600000000002,-24.4148,-0.04239999999999999,6.4891000000000005,6.489238520042241,26.790568026826158,0,05_172_181_5572_ego_181,0,5572,5572,5575,vehicle_vehicle,0.13323555141218008,2.424593253589799,2.85587533691155,14.149965699605069,15.0,3.0,3.5,0.8,0.08175065748971075,0.2943023669629587
5,176,5543,130,101.6742,-47.2706,86.6099,2.1313,4.7502,0.1784,7.4629,-2.5538,0.2428,7.4604,-0.2633,0.0913,-2.5637,car,181,87.4462,-19.2864,-0.9005,-1.1539,1.4622,0.0661,234.6194,1.463688990188831,5.269280364679791,14.227999999999994,-27.9842,1.0789,8.6168,8.684081266892889,31.39349349212349,0,05_172_181_5572_ego_181,0,5572,5572,5575,vehicle_vehicle,0.13323555141218008,2.424593253589799,2.85587533691155,14.149965699605069,15.0,3.0,3.5,0.8,0.08175065748971075,0.2943023669629587
5,181,5543,49,87.4462,-19.2864,234.6194,2.1466,4.7117,-0.9005,-1.1539,0.8112,1.1311,1.4622,0.0661,-1.3919,-0.0065,car,181,87.4462,-19.2864,-0.9005,-1.1539,1.4622,0.0661,234.6194,1.463688990188831,5.269280364679791,0.0,0.0,0.0,0.0,0.0,0.0,1,05_172_181_5572_ego_181,1,5572,5572,5575,vehicle_vehicle,0.13323555141218008,2.424593253589799,2.85587533691155,14.149965699605069,15.0,3.0,3.5,0.8,0.08175065748971075,0.2943023669629587
5,169,5544,229,86.3455,-30.6811,160.731,2.0217,4.7798,-5.6091,1.5804,-1.3003,-1.9315,5.8164,-0.3592,0.5901,-2.2524,car,181,87.4104,-19.3312,-0.8673,-1.1085,1.4061,0.063,234.5258,1.4074734597852991,5.066904455227077,-1.0648999999999944,-11.349900000000002,-4.7418,2.6889000000000003,5.4511329510478825,11.399747454220204,0,05_172_181_5572_ego_181,0,5572,5572,5575,vehicle_vehicle,0.13323555141218008,2.424593253589799,2.85587533691155,14.149965699605069,15.0,3.0,3.5,0.8,0.08175065748971075,0.2943023669629587
5,170,5544,225,94.263,-31.4402,140.8093,1.9471,3.804,-4.5539,3.524,-0.7423,-1.5887,5.7563,-0.1463,-0.4286,-1.7003,car,181,87.4104,-19.3312,-0.8673,-1.1085,1.4061,0.063,234.5258,1.4074734597852991,5.066904455227077,6.85260000000001,-12.109000000000002,-3.6865999999999994,4.6325,5.920394903213805,13.913518884883155,0,05_172_181_5572_ego_181,0,5572,5572,5575,vehicle_vehicle,0.13323555141218008,2.424593253589799,2.85587533691155,14.149965699605069,15.0,3.0,3.5,0.8,0.08175065748971075,0.2943023669629587
5,172,5544,166,99.4987,-37.1572,116.3801,2.1205,4.4441,-2.8882,5.3673,-1.3548,-1.3191,6.0917,-0.2027,-0.5798,-1.7998,car,181,87.4104,-19.3312,-0.8673,-1.1085,1.4061,0.063,234.5258,1.4074734597852991,5.066904455227077,12.088300000000004,-17.826000000000004,-2.0209,6.4758000000000004,6.783805897134735,21.53818174521703,0,05_172_181_5572_ego_181,1,5572,5572,5575,vehicle_vehicle,0.13323555141218008,2.424593253589799,2.85587533691155,14.149965699605069,15.0,3.0,3.5,0.8,0.08175065748971075,0.2943023669629587
5,174,5544,149,98.4371,-43.4886,97.6218,2.0887,4.7936,-1.0048,5.2956,-1.5281,-0.9876,5.3821,-0.2935,-0.7762,-1.6455,car,181,87.4104,-19.3312,-0.8673,-1.1085,1.4061,0.063,234.5258,1.4074734597852991,5.066904455227077,11.026700000000005,-24.1574,-0.13749999999999996,6.404100000000001,6.405575935074067,26.555001179627165,0,05_172_181_5572_ego_181,0,5572,5572,5575,vehicle_vehicle,0.13323555141218008,2.424593253589799,2.85587533691155,14.149965699605069,15.0,3.0,3.5,0.8,0.08175065748971075,0.2943023669629587
5,176,5544,131,101.6799,-46.9719,87.4124,2.1313,4.7502,0.074,7.4711,-2.5214,0.2357,7.4669,-0.2634,0.1217,-2.5295,car,181,87.4104,-19.3312,-0.8673,-1.1085,1.4061,0.063,234.5258,1.4074734597852991,5.066904455227077,14.269500000000008,-27.6407,0.9412999999999999,8.5796,8.631082310463734,31.10670228005534,0,05_172_181_5572_ego_181,0,5572,5572,5575,vehicle_vehicle,0.13323555141218008,2.424593253589799,2.85587533691155,14.149965699605069,15.0,3.0,3.5,0.8,0.08175065748971075,0.2943023669629587
5,181,5544,50,87.4104,-19.3312,234.5258,2.1466,4.7117,-0.8673,-1.1085,0.8168,1.1252,1.4061,0.063,-1.3904,-0.0122,car,181,87.4104,-19.3312,-0.8673,-1.1085,1.4061,0.063,234.5258,1.4074734597852991,5.066904455227077,0.0,0.0,0.0,0.0,0.0,0.0,1,05_172_181_5572_ego_181,1,5572,5572,5575,vehicle_vehicle,0.13323555141218008,2.424593253589799,2.85587533691155,14.149965699605069,15.0,3.0,3.5,0.8,0.08175065748971075,0.2943023669629587
5,169,5545,230,86.1205,-30.6183,161.5646,2.0217,4.7798,-5.6611,1.5011,-1.3238,-1.9592,5.8453,-0.3661,0.6363,-2.2773,car,181,87.3758,-19.3747,-0.8336,-1.0635,1.3499,0.0596,234.4361,1.3512665207130679,4.864559474567044,-1.2552999999999912,-11.2436,-4.827500000000001,2.5646,5.466436628188422,11.313457431307194,0,05_172_181_5572_ego_181,0,5572,5572,5575,vehicle_vehicle,0.13323555141218008,2.424593253589799,2.85587533691155,14.149965699605069,15.0,3.0,3.5,0.8,0.08175065748971075,0.2943023669629587
5,170,5545,226,94.0792,-31.3009,141.5307,1.9471,3.804,-4.582,3.4584,-0.7235,-1.5928,5.7389,-0.1427,-0.4244,-1.6972,car,181,87.3758,-19.3747,-0.8336,-1.0635,1.3499,0.0596,234.4361,1.3512665207130679,4.864559474567044,6.703400000000002,-11.926199999999998,-3.7483999999999997,4.5219000000000005,5.873506803435236,13.681002083180895,0,05_172_181_5572_ego_181,0,5572,5572,5575,vehicle_vehicle,0.13323555141218008,2.424593253589799,2.85587533691155,14.149965699605069,15.0,3.0,3.5,0.8,0.08175065748971075,0.2943023669629587
5,172,5545,167,99.3827,-36.944,117.0501,2.1205,4.4441,-2.942,5.314,-1.3342,-1.3272,6.0707,-0.2035,-0.5753,-1.7918,car,181,87.3758,-19.3747,-0.8336,-1.0635,1.3499,0.0596,234.4361,1.3512665207130679,4.864559474567044,12.006900000000002,-17.569300000000002,-2.1084,6.3774999999999995,6.716982716220133,21.280177398226737,0,05_172_181_5572_ego_181,1,5572,5572,5575,vehicle_vehicle,0.13323555141218008,2.424593253589799,2.85587533691155,14.149965699605069,15.0,3.0,3.5,0.8,0.08175065748971075,0.2943023669629587
5,174,5545,150,98.3966,-43.2772,98.3365,2.0887,4.7936,-1.066,5.2548,-1.5025,-1.0123,5.3538,-0.2928,-0.7838,-1.6334,car,181,87.3758,-19.3747,-0.8336,-1.0635,1.3499,0.0596,234.4361,1.3512665207130679,4.864559474567044,11.020800000000008,-23.9025,-0.23240000000000005,6.318300000000001,6.322572629080666,26.320857487741545,0,05_172_181_5572_ego_181,0,5572,5572,5575,vehicle_vehicle,0.13323555141218008,2.424593253589799,2.85587533691155,14.149965699605069,15.0,3.0,3.5,0.8,0.08175065748971075,0.2943023669629587
5,176,5545,132,101.6821,-46.6724,88.2008,2.1313,4.7502,-0.0296,7.4789,-2.4866,0.2302,7.4743,-0.2644,0.1521,-2.4926,car,181,87.3758,-19.3747,-0.8336,-1.0635,1.3499,0.0596,234.4361,1.3512665207130679,4.864559474567044,14.306300000000007,-27.297700000000003,0.804,8.5424,8.580152315664334,30.81938748547739,0,05_172_181_5572_ego_181,0,5572,5572,5575,vehicle_vehicle,0.13323555141218008,2.424593253589799,2.85587533691155,14.149965699605069,15.0,3.0,3.5,0.8,0.08175065748971075,0.2943023669629587
5,181,5545,51,87.3758,-19.3747,234.4361,2.1466,4.7117,-0.8336,-1.0635,0.8214,1.1192,1.3499,0.0596,-1.3882,-0.0173,car,181,87.3758,-19.3747,-0.8336,-1.0635,1.3499,0.0596,234.4361,1.3512665207130679,4.864559474567044,0.0,0.0,0.0,0.0,0.0,0.0,1,05_172_181_5572_ego_181,1,5572,5572,5575,vehicle_vehicle,0.13323555141218008,2.424593253589799,2.85587533691155,14.149965699605069,15.0,3.0,3.5,0.8,0.08175065748971075,0.2943023669629587
5,169,5546,231,85.8933,-30.5583,162.4178,2.0217,4.7798,-5.7141,1.4202,-1.3472,-1.9846,5.8762,-0.3722,0.6848,-2.2988,car,181,87.3426,-19.4165,-0.7995,-1.0186,1.2936,0.0563,234.3639,1.2948923545994084,4.66161247655787,-1.449300000000008,-11.1418,-4.9146,2.4387999999999996,5.486441342072291,11.235665433342167,0,05_172_181_5572_ego_181,0,5572,5572,5575,vehicle_vehicle,0.13323555141218008,2.424593253589799,2.85587533691155,14.149965699605069,15.0,3.0,3.5,0.8,0.08175065748971075,0.2943023669629587
5,170,5546,227,93.8946,-31.1647,142.2416,1.9471,3.804,-4.6091,3.3929,-0.7065,-1.5951,5.7215,-0.1399,-0.4182,-1.6937,car,181,87.3426,-19.4165,-0.7995,-1.0186,1.2936,0.0563,234.3639,1.2948923545994084,4.66161247655787,6.5519999999999925,-11.7482,-3.8095999999999997,4.4115,5.828754962253946,13.451725065581735,0,05_172_181_5572_ego_181,0,5572,5572,5575,vehicle_vehicle,0.13323555141218008,2.424593253589799,2.85587533691155,14.149965699605069,15.0,3.0,3.5,0.8,0.08175065748971075,0.2943023669629587
5,172,5546,168,99.2642,-36.7326,117.7222,2.1205,4.4441,-2.995,5.2605,-1.3141,-1.3349,6.0499,-0.2041,-0.5704,-1.7842,car,181,87.3426,-19.4165,-0.7995,-1.0186,1.2936,0.0563,234.3639,1.2948923545994084,4.66161247655787,11.921599999999998,-17.3161,-2.1955,6.279100000000001,6.651865682648742,21.023126926554003,0,05_172_181_5572_ego_181,1,5572,5572,5575,vehicle_vehicle,0.13323555141218008,2.424593253589799,2.85587533691155,14.149965699605069,15.0,3.0,3.5,0.8,0.08175065748971075,0.2943023669629587
5,174,5546,151,98.3531,-43.0671,99.0437,2.0887,4.7936,-1.1263,5.2128,-1.4769,-1.0356,5.325,-0.2929,-0.7906,-1.6213,car,181,87.3426,-19.4165,-0.7995,-1.0186,1.2936,0.0563,234.3639,1.2948923545994084,4.66161247655787,11.010499999999993,-23.650600000000004,-0.3268000000000001,6.2314,6.23996347745722,26.0879663946809,0,05_172_181_5572_ego_181,0,5572,5572,5575,vehicle_vehicle,0.13323555141218008,2.424593253589799,2.85587533691155,14.149965699605069,15.0,3.0,3.5,0.8,0.08175065748971075,0.2943023669629587
5,176,5546,133,101.6796,-46.3723,88.9765,2.1313,4.7502,-0.132,7.4862,-2.4489,0.2265,7.4827,-0.2657,0.1828,-2.4526,car,181,87.3426,-19.4165,-0.7995,-1.0186,1.2936,0.0563,234.3639,1.2948923545994084,4.66161247655787,14.336999999999989,-26.955800000000004,0.6675,8.5048,8.530954184028888,30.53137276049015,0,05_172_181_5572_ego_181,0,5572,5572,5575,vehicle_vehicle,0.13323555141218008,2.424593253589799,2.85587533691155,14.149965699605069,15.0,3.0,3.5,0.8,0.08175065748971075,0.2943023669629587
5,181,5546,52,87.3426,-19.4165,234.3639,2.1466,4.7117,-0.7995,-1.0186,0.825,1.1132,1.2936,0.0563,-1.3854,-0.0219,car,181,87.3426,-19.4165,-0.7995,-1.0186,1.2936,0.0563,234.3639,1.2948923545994084,4.66161247655787,0.0,0.0,0.0,0.0,0.0,0.0,1,05_172_181_5572_ego_181,1,5572,5572,5575,vehicle_vehicle,0.13323555141218008,2.424593253589799,2.85587533691155,14.149965699605069,15.0,3.0,3.5,0.8,0.08175065748971075,0.2943023669629587
5,169,5547,232,85.6636,-30.5012,163.2805,2.0217,4.7798,-5.768,1.3375,-1.3705,-2.007,5.909,-0.3784,0.7352,-2.3165,car,181,87.3116,-19.4567,-0.7654,-0.9738,1.2374,0.0534,234.3015,1.238597432582516,4.458950757297058,-1.6479999999999961,-11.0445,-5.0026,2.3113,5.510727216075932,11.166775911157167,0,05_172_181_5572_ego_181,0,5572,5572,5575,vehicle_vehicle,0.13323555141218008,2.424593253589799,2.85587533691155,14.149965699605069,15.0,3.0,3.5,0.8,0.08175065748971075,0.2943023669629587
5,170,5547,228,93.7088,-31.0305,142.9245,1.9471,3.804,-4.6351,3.3275,-0.6915,-1.5956,5.7041,-0.1396,-0.4102,-1.69,car,181,87.3116,-19.4567,-0.7654,-0.9738,1.2374,0.0534,234.3015,1.238597432582516,4.458950757297058,6.397199999999998,-11.573799999999999,-3.8697000000000004,4.3013,5.7858240363841,13.224107315051551,0,05_172_181_5572_ego_181,0,5572,5572,5575,vehicle_vehicle,0.13323555141218008,2.424593253589799,2.85587533691155,14.149965699605069,15.0,3.0,3.5,0.8,0.08175065748971075,0.2943023669629587
5,172,5547,169,99.1429,-36.5228,118.3895,2.1205,4.4441,-3.047,5.2064,-1.2944,-1.342,6.0291,-0.2051,-0.5652,-1.7768,car,181,87.3116,-19.4567,-0.7654,-0.9738,1.2374,0.0534,234.3015,1.238597432582516,4.458950757297058,11.831299999999999,-17.066099999999995,-2.2816,6.1802,6.5879109435389305,20.766112512937994,0,05_172_181_5572_ego_181,1,5572,5572,5575,vehicle_vehicle,0.13323555141218008,2.424593253589799,2.85587533691155,14.149965699605069,15.0,3.0,3.5,0.8,0.08175065748971075,0.2943023669629587
5,174,5547,152,98.306,-42.8589,99.7488,2.0887,4.7936,-1.1852,5.1696,-1.4512,-1.0572,5.2956,-0.2927,-0.7962,-1.6092,car,181,87.3116,-19.4567,-0.7654,-0.9738,1.2374,0.0534,234.3015,1.238597432582516,4.458950757297058,10.994399999999999,-23.402199999999997,-0.41980000000000006,6.1434,6.1577264960373155,25.856136528878398,0,05_172_181_5572_ego_181,0,5572,5572,5575,vehicle_vehicle,0.13323555141218008,2.424593253589799,2.85587533691155,14.149965699605069,15.0,3.0,3.5,0.8,0.08175065748971075,0.2943023669629587
5,176,5547,134,101.6717,-46.0723,89.7585,2.1313,4.7502,-0.2327,7.4932,-2.4084,0.2248,7.4922,-0.2643,0.2147,-2.4094,car,181,87.3116,-19.4567,-0.7654,-0.9738,1.2374,0.0534,234.3015,1.238597432582516,4.458950757297058,14.360100000000003,-26.615599999999997,0.5327,8.467,8.483740819355575,30.242397976516344,0,05_172_181_5572_ego_181,0,5572,5572,5575,vehicle_vehicle,0.13323555141218008,2.424593253589799,2.85587533691155,14.149965699605069,15.0,3.0,3.5,0.8,0.08175065748971075,0.2943023669629587
5,181,5547,53,87.3116,-19.4567,234.3015,2.1466,4.7117,-0.7654,-0.9738,0.8274,1.1069,1.2374,0.0534,-1.3817,-0.026,car,181,87.3116,-19.4567,-0.7654,-0.9738,1.2374,0.0534,234.3015,1.238597432582516,4.458950757297058,0.0,0.0,0.0,0.0,0.0,0.0,1,05_172_181_5572_ego_181,1,5572,5572,5575,vehicle_vehicle,0.13323555141218008,2.424593253589799,2.85587533691155,14.149965699605069,15.0,3.0,3.5,0.8,0.08175065748971075,0.2943023669629587
5,169,5548,233,85.4314,-30.4483,164.1457,2.0217,4.7798,-5.8228,1.2535,-1.3939,-2.026,5.9437,-0.3849,0.7874,-2.3297,car,181,87.2815,-19.4952,-0.7311,-0.929,1.1812,0.0503,234.2348,1.1821794322352255,4.255845956046812,-1.8500999999999976,-10.9531,-5.0917,2.1825,5.539739627455428,11.108252320684834,0,05_172_181_5572_ego_181,0,5572,5572,5575,vehicle_vehicle,0.13323555141218008,2.424593253589799,2.85587533691155,14.149965699605069,15.0,3.0,3.5,0.8,0.08175065748971075,0.2943023669629587
5,170,5548,229,93.5216,-30.8989,143.5826,1.9471,3.804,-4.66,3.2621,-0.6791,-1.5946,5.6865,-0.1414,-0.4002,-1.6863,car,181,87.2815,-19.4952,-0.7311,-0.929,1.1812,0.0503,234.2348,1.1821794322352255,4.255845956046812,6.240100000000012,-11.4037,-3.9289,4.1911000000000005,5.74469968057513,12.999354664751639,0,05_172_181_5572_ego_181,0,5572,5572,5575,vehicle_vehicle,0.13323555141218008,2.424593253589799,2.85587533691155,14.149965699605069,15.0,3.0,3.5,0.8,0.08175065748971075,0.2943023669629587
5,172,5548,170,99.0189,-36.3152,119.0553,2.1205,4.4441,-3.0979,5.152,-1.2754,-1.3484,6.0081,-0.2059,-0.5593,-1.7698,car,181,87.2815,-19.4952,-0.7311,-0.929,1.1812,0.0503,234.2348,1.1821794322352255,4.255845956046812,11.737400000000008,-16.819999999999997,-2.3668,6.081,6.525358475976627,20.510459740337367,0,05_172_181_5572_ego_181,1,5572,5572,5575,vehicle_vehicle,0.13323555141218008,2.424593253589799,2.85587533691155,14.149965699605069,15.0,3.0,3.5,0.8,0.08175065748971075,0.2943023669629587
5,174,5548,153,98.2567,-42.6527,100.467,2.0887,4.7936,-1.2428,5.1254,-1.4257,-1.077,5.2659,-0.291,-0.8001,-1.5977,car,181,87.2815,-19.4952,-0.7311,-0.929,1.1812,0.0503,234.2348,1.1821794322352255,4.255845956046812,10.975200000000001,-23.157500000000002,-0.5116999999999999,6.0544,6.075985208178177,25.62664280177956,0,05_172_181_5572_ego_181,0,5572,5572,5575,vehicle_vehicle,0.13323555141218008,2.424593253589799,2.85587533691155,14.149965699605069,15.0,3.0,3.5,0.8,0.08175065748971075,0.2943023669629587
5,176,5548,135,101.6599,-45.7723,90.5369,2.1313,4.7502,-0.3315,7.5001,-2.3653,0.2252,7.5029,-0.2612,0.2474,-2.3631,car,181,87.2815,-19.4952,-0.7311,-0.929,1.1812,0.0503,234.2348,1.1821794322352255,4.255845956046812,14.3784,-26.2771,0.39959999999999996,8.4291,8.438566641912594,29.95370379385494,0,05_172_181_5572_ego_181,0,5572,5572,5575,vehicle_vehicle,0.13323555141218008,2.424593253589799,2.85587533691155,14.149965699605069,15.0,3.0,3.5,0.8,0.08175065748971075,0.2943023669629587
5,181,5548,54,87.2815,-19.4952,234.2348,2.1466,4.7117,-0.7311,-0.929,0.8287,1.1003,1.1812,0.0503,-1.3771,-0.0293,car,181,87.2815,-19.4952,-0.7311,-0.929,1.1812,0.0503,234.2348,1.1821794322352255,4.255845956046812,0.0,0.0,0.0,0.0,0.0,0.0,1,05_172_181_5572_ego_181,1,5572,5572,5575,vehicle_vehicle,0.13323555141218008,2.424593253589799,2.85587533691155,14.149965699605069,15.0,3.0,3.5,0.8,0.08175065748971075,0.2943023669629587
5,169,5549,234,85.1981,-30.4,165.0051,2.0217,4.7798,-5.8787,1.1689,-1.4172,-2.0412,5.981,-0.392,0.8408,-2.3384,car,181,87.2526,-19.5324,-0.6967,-0.8842,1.1247,0.0474,234.1756,1.1257000177667227,4.052520063960202,-2.0545000000000044,-10.8676,-5.182,2.0531,5.573898421212931,11.060094936753481,0,05_172_181_5572_ego_181,0,5572,5572,5575,vehicle_vehicle,0.13323555141218008,2.424593253589799,2.85587533691155,14.149965699605069,15.0,3.0,3.5,0.8,0.08175065748971075,0.2943023669629587
5,170,5549,230,93.3343,-30.7695,144.2217,1.9471,3.804,-4.6843,3.1966,-0.6694,-1.5919,5.6692,-0.1453,-0.3876,-1.6828,car,181,87.2526,-19.5324,-0.6967,-0.8842,1.1247,0.0474,234.1756,1.1257000177667227,4.052520063960202,6.081699999999998,-11.237100000000002,-3.9876000000000005,4.0808,5.705600967470474,12.777303757052973,0,05_172_181_5572_ego_181,0,5572,5572,5575,vehicle_vehicle,0.13323555141218008,2.424593253589799,2.85587533691155,14.149965699605069,15.0,3.0,3.5,0.8,0.08175065748971075,0.2943023669629587
5,172,5549,171,98.8932,-36.1103,119.7387,2.1205,4.4441,-3.1476,5.0973,-1.2576,-1.354,5.9873,-0.2046,-0.5519,-1.7636,car,181,87.2526,-19.5324,-0.6967,-0.8842,1.1247,0.0474,234.1756,1.1257000177667227,4.052520063960202,11.640599999999992,-16.577900000000003,-2.4509000000000003,5.9815,6.464151379724951,20.256612174053192,0,05_172_181_5572_ego_181,1,5572,5572,5575,vehicle_vehicle,0.13323555141218008,2.424593253589799,2.85587533691155,14.149965699605069,15.0,3.0,3.5,0.8,0.08175065748971075,0.2943023669629587
5,174,5549,154,98.2058,-42.4482,101.1864,2.0887,4.7936,-1.2994,5.0803,-1.4008,-1.0948,5.2358,-0.2892,-0.8023,-1.5865,car,181,87.2526,-19.5324,-0.6967,-0.8842,1.1247,0.0474,234.1756,1.1257000177667227,4.052520063960202,10.953199999999995,-22.9158,-0.6027000000000001,5.9645,5.994873438197007,25.398946432480226,0,05_172_181_5572_ego_181,0,5572,5572,5575,vehicle_vehicle,0.13323555141218008,2.424593253589799,2.85587533691155,14.149965699605069,15.0,3.0,3.5,0.8,0.08175065748971075,0.2943023669629587
5,176,5549,136,101.6448,-45.4717,91.3049,2.1313,4.7502,-0.4286,7.5068,-2.3197,0.2278,7.5146,-0.2575,0.2806,-2.314,car,181,87.2526,-19.5324,-0.6967,-0.8842,1.1247,0.0474,234.1756,1.1257000177667227,4.052520063960202,14.392200000000003,-25.9393,0.2681,8.391,8.395281925581772,29.664502445347033,0,05_172_181_5572_ego_181,0,5572,5572,5575,vehicle_vehicle,0.13323555141218008,2.424593253589799,2.85587533691155,14.149965699605069,15.0,3.0,3.5,0.8,0.08175065748971075,0.2943023669629587
5,181,5549,55,87.2526,-19.5324,234.1756,2.1466,4.7117,-0.6967,-0.8842,0.8287,1.093,1.1247,0.0474,-1.3713,-0.0322,car,181,87.2526,-19.5324,-0.6967,-0.8842,1.1247,0.0474,234.1756,1.1257000177667227,4.052520063960202,0.0,0.0,0.0,0.0,0.0,0.0,1,05_172_181_5572_ego_181,1,5572,5572,5575,vehicle_vehicle,0.13323555141218008,2.424593253589799,2.85587533691155,14.149965699605069,15.0,3.0,3.5,0.8,0.08175065748971075,0.2943023669629587
5,169,5550,235,84.9633,-30.3558,165.8629,2.0217,4.7798,-5.9362,1.084,-1.4401,-2.0531,6.0212,-0.3987,0.895,-2.3426,car,181,87.2249,-19.5675,-0.6621,-0.8394,1.0682,0.0443,234.1124,1.0690971751903566,3.848749830685284,-2.2616000000000014,-10.7883,-5.274100000000001,1.9234,5.613875521420119,11.022805969897139,0,05_172_181_5572_ego_181,0,5572,5572,5575,vehicle_vehicle,0.13323555141218008,2.424593253589799,2.85587533691155,14.149965699605069,15.0,3.0,3.5,0.8,0.08175065748971075,0.2943023669629587
5,170,5550,231,93.1464,-30.6436,144.8345,1.9471,3.804,-4.7082,3.1316,-0.6626,-1.5877,5.6525,-0.1516,-0.3728,-1.6796,car,181,87.2249,-19.5675,-0.6621,-0.8394,1.0682,0.0443,234.1124,1.0690971751903566,3.848749830685284,5.921499999999995,-11.0761,-4.0461,3.971,5.66919449392945,12.55962393784145,0,05_172_181_5572_ego_181,0,5572,5572,5575,vehicle_vehicle,0.13323555141218008,2.424593253589799,2.85587533691155,14.149965699605069,15.0,3.0,3.5,0.8,0.08175065748971075,0.2943023669629587
5,172,5550,172,98.7666,-35.9074,120.4417,2.1205,4.4441,-3.1968,5.0423,-1.2409,-1.3588,5.9669,-0.2013,-0.5428,-1.7583,car,181,87.2249,-19.5675,-0.6621,-0.8394,1.0682,0.0443,234.1124,1.0690971751903566,3.848749830685284,11.541699999999992,-16.339900000000004,-2.5347,5.8817,6.404615443568802,20.00507862768852,0,05_172_181_5572_ego_181,1,5572,5572,5575,vehicle_vehicle,0.13323555141218008,2.424593253589799,2.85587533691155,14.149965699605069,15.0,3.0,3.5,0.8,0.08175065748971075,0.2943023669629587
5,174,5550,155,98.153,-42.245,101.9,2.0887,4.7936,-1.3551,5.0341,-1.3762,-1.1104,5.2054,-0.2879,-0.8028,-1.5756,car,181,87.2249,-19.5675,-0.6621,-0.8394,1.0682,0.0443,234.1124,1.0690971751903566,3.848749830685284,10.9281,-22.6775,-0.693,5.8735,5.914241392604803,25.173247225179352,0,05_172_181_5572_ego_181,0,5572,5572,5575,vehicle_vehicle,0.13323555141218008,2.424593253589799,2.85587533691155,14.149965699605069,15.0,3.0,3.5,0.8,0.08175065748971075,0.2943023669629587
5,176,5550,137,101.6259,-45.1705,92.0541,2.1313,4.7502,-0.5239,7.5133,-2.2716,0.2328,7.5273,-0.2543,0.3141,-2.2618,car,181,87.2249,-19.5675,-0.6621,-0.8394,1.0682,0.0443,234.1124,1.0690971751903566,3.848749830685284,14.400999999999996,-25.602999999999998,0.1382,8.3527,8.353843219141716,29.375200595059766,0,05_172_181_5572_ego_181,0,5572,5572,5575,vehicle_vehicle,0.13323555141218008,2.424593253589799,2.85587533691155,14.149965699605069,15.0,3.0,3.5,0.8,0.08175065748971075,0.2943023669629587
5,181,5550,56,87.2249,-19.5675,234.1124,2.1466,4.7117,-0.6621,-0.8394,0.8274,1.0848,1.0682,0.0443,-1.3639,-0.0344,car,181,87.2249,-19.5675,-0.6621,-0.8394,1.0682,0.0443,234.1124,1.0690971751903566,3.848749830685284,0.0,0.0,0.0,0.0,0.0,0.0,1,05_172_181_5572_ego_181,1,5572,5572,5575,vehicle_vehicle,0.13323555141218008,2.424593253589799,2.85587533691155,14.149965699605069,15.0,3.0,3.5,0.8,0.08175065748971075,0.2943023669629587
5,169,5551,236,84.726,-30.3148,166.7168,2.0217,4.7798,-5.9951,0.9989,-1.4618,-2.0618,6.0642,-0.4053,0.949,-2.3425,car,181,87.1988,-19.601,-0.6274,-0.7947,1.0116,0.0412,234.042,1.0125111604323183,3.645040177556346,-2.4728000000000065,-10.713800000000003,-5.3677,1.7936,5.659434976214499,10.99546498698441,0,05_172_181_5572_ego_181,0,5572,5572,5575,vehicle_vehicle,0.13323555141218008,2.424593253589799,2.85587533691155,14.149965699605069,15.0,3.0,3.5,0.8,0.08175065748971075,0.2943023669629587
5,170,5551,232,92.9577,-30.5189,145.4468,1.9471,3.804,-4.7319,3.0665,-0.6586,-1.5821,5.6364,-0.1583,-0.3549,-1.6765,car,181,87.1988,-19.601,-0.6274,-0.7947,1.0116,0.0412,234.042,1.0125111604323183,3.645040177556346,5.758899999999997,-10.9179,-4.104500000000001,3.8612,5.635227208374123,12.3436408575428,0,05_172_181_5572_ego_181,0,5572,5572,5575,vehicle_vehicle,0.13323555141218008,2.424593253589799,2.85587533691155,14.149965699605069,15.0,3.0,3.5,0.8,0.08175065748971075,0.2943023669629587
5,172,5551,173,98.6379,-35.7062,121.1383,2.1205,4.4441,-3.2453,4.9869,-1.2254,-1.3627,5.9466,-0.199,-0.5327,-1.7535,car,181,87.1988,-19.601,-0.6274,-0.7947,1.0116,0.0412,234.042,1.0125111604323183,3.645040177556346,11.439099999999996,-16.105200000000004,-2.6178999999999997,5.7816,6.3466762143660675,19.75425209543505,0,05_172_181_5572_ego_181,1,5572,5572,5575,vehicle_vehicle,0.13323555141218008,2.424593253589799,2.85587533691155,14.149965699605069,15.0,3.0,3.5,0.8,0.08175065748971075,0.2943023669629587
5,174,5551,156,98.0973,-42.0444,102.6178,2.0887,4.7936,-1.4097,4.9873,-1.352,-1.1236,5.1748,-0.2862,-0.8012,-1.5648,car,181,87.1988,-19.601,-0.6274,-0.7947,1.0116,0.0412,234.042,1.0125111604323183,3.645040177556346,10.898499999999999,-22.443400000000004,-0.7823,5.782,5.834682278410711,24.949619352006156,0,05_172_181_5572_ego_181,0,5572,5572,5575,vehicle_vehicle,0.13323555141218008,2.424593253589799,2.85587533691155,14.149965699605069,15.0,3.0,3.5,0.8,0.08175065748971075,0.2943023669629587
5,176,5551,138,101.6029,-44.8696,92.8001,2.1313,4.7502,-0.6173,7.52,-2.221,0.2405,7.5411,-0.2492,0.3487,-2.2066,car,181,87.1988,-19.601,-0.6274,-0.7947,1.0116,0.0412,234.042,1.0125111604323183,3.645040177556346,14.4041,-25.2686,0.010099999999999998,8.3147,8.314706134314068,29.085739508735205,0,05_172_181_5572_ego_181,0,5572,5572,5575,vehicle_vehicle,0.13323555141218008,2.424593253589799,2.85587533691155,14.149965699605069,15.0,3.0,3.5,0.8,0.08175065748971075,0.2943023669629587
5,181,5551,57,87.1988,-19.601,234.042,2.1466,4.7117,-0.6274,-0.7947,0.8245,1.0754,1.0116,0.0412,-1.3546,-0.0359,car,181,87.1988,-19.601,-0.6274,-0.7947,1.0116,0.0412,234.042,1.0125111604323183,3.645040177556346,0.0,0.0,0.0,0.0,0.0,0.0,1,05_172_181_5572_ego_181,1,5572,5572,5575,vehicle_vehicle,0.13323555141218008,2.424593253589799,2.85587533691155,14.149965699605069,15.0,3.0,3.5,0.8,0.08175065748971075,0.2943023669629587
5,169,5552,237,84.4861,-30.2784,167.5668,2.0217,4.7798,-6.0553,0.9142,-1.4821,-2.0679,6.1101,-0.411,1.0021,-2.3385,car,181,87.1743,-19.6322,-0.5928,-0.7502,0.9553,0.0381,233.9709,0.9561442778158534,3.4421194001370723,-2.688200000000009,-10.6462,-5.4625,1.6644,5.710440754442691,10.980345790547767,0,05_172_181_5572_ego_181,0,5572,5572,5575,vehicle_vehicle,0.13323555141218008,2.424593253589799,2.85587533691155,14.149965699605069,15.0,3.0,3.5,0.8,0.08175065748971075,0.2943023669629587
5,170,5552,233,92.7679,-30.397,146.0536,1.9471,3.804,-4.7554,3.0013,-0.6575,-1.5747,5.6209,-0.1657,-0.3339,-1.6734,car,181,87.1743,-19.6322,-0.5928,-0.7502,0.9553,0.0381,233.9709,0.9561442778158534,3.4421194001370723,5.593599999999995,-10.764799999999997,-4.162599999999999,3.7515,5.603658716410199,12.13133463391394,0,05_172_181_5572_ego_181,0,5572,5572,5575,vehicle_vehicle,0.13323555141218008,2.424593253589799,2.85587533691155,14.149965699605069,15.0,3.0,3.5,0.8,0.08175065748971075,0.2943023669629587
5,172,5552,174,98.507,-35.5078,121.8218,2.1205,4.4441,-3.2932,4.9313,-1.211,-1.3656,5.9266,-0.198,-0.5218,-1.749,car,181,87.1743,-19.6322,-0.5928,-0.7502,0.9553,0.0381,233.9709,0.9561442778158534,3.4421194001370723,11.332700000000003,-15.875600000000002,-2.7004,5.6815,6.290596347724117,19.505506008560765,0,05_172_181_5572_ego_181,1,5572,5572,5575,vehicle_vehicle,0.13323555141218008,2.424593253589799,2.85587533691155,14.149965699605069,15.0,3.0,3.5,0.8,0.08175065748971075,0.2943023669629587
5,174,5552,157,98.0399,-41.8457,103.3472,2.0887,4.7936,-1.4633,4.9399,-1.3283,-1.1344,5.1442,-0.2834,-0.7971,-1.5543,car,181,87.1743,-19.6322,-0.5928,-0.7502,0.9553,0.0381,233.9709,0.9561442778158534,3.4421194001370723,10.8656,-22.2135,-0.8705,5.690099999999999,5.756301613015078,24.728543135615574,0,05_172_181_5572_ego_181,0,5572,5572,5575,vehicle_vehicle,0.13323555141218008,2.424593253589799,2.85587533691155,14.149965699605069,15.0,3.0,3.5,0.8,0.08175065748971075,0.2943023669629587
5,176,5552,139,101.5765,-44.5688,93.5449,2.1313,4.7502,-0.7086,7.527,-2.168,0.2507,7.5564,-0.2418,0.3843,-2.1483,car,181,87.1743,-19.6322,-0.5928,-0.7502,0.9553,0.0381,233.9709,0.9561442778158534,3.4421194001370723,14.402199999999993,-24.936600000000002,-0.11580000000000001,8.2772,8.278009995161883,28.796829415753393,0,05_172_181_5572_ego_181,0,5572,5572,5575,vehicle_vehicle,0.13323555141218008,2.424593253589799,2.85587533691155,14.149965699605069,15.0,3.0,3.5,0.8,0.08175065748971075,0.2943023669629587
5,181,5552,58,87.1743,-19.6322,233.9709,2.1466,4.7117,-0.5928,-0.7502,0.82,1.0646,0.9553,0.0381,-1.3432,-0.037,car,181,87.1743,-19.6322,-0.5928,-0.7502,0.9553,0.0381,233.9709,0.9561442778158534,3.4421194001370723,0.0,0.0,0.0,0.0,0.0,0.0,1,05_172_181_5572_ego_181,1,5572,5572,5575,vehicle_vehicle,0.13323555141218008,2.424593253589799,2.85587533691155,14.149965699605069,15.0,3.0,3.5,0.8,0.08175065748971075,0.2943023669629587
5,169,5553,238,84.2432,-30.2456,168.4068,2.0217,4.7798,-6.1166,0.8301,-1.5005,-2.0722,6.1586,-0.4161,1.0535,-2.3315,car,181,87.1506,-19.6618,-0.5581,-0.7059,0.8992,0.0352,233.912,0.8998724465167272,3.2395408074602177,-2.9073999999999955,-10.5838,-5.5585,1.536,5.766820462785365,10.975873413993074,0,05_172_181_5572_ego_181,0,5572,5572,5575,vehicle_vehicle,0.13323555141218008,2.424593253589799,2.85587533691155,14.149965699605069,15.0,3.0,3.5,0.8,0.08175065748971075,0.2943023669629587
5,170,5553,234,92.5767,-30.2783,146.6588,1.9471,3.804,-4.7787,2.9365,-0.6592,-1.5654,5.6062,-0.1733,-0.3097,-1.6701,car,181,87.1506,-19.6618,-0.5581,-0.7059,0.8992,0.0352,233.912,0.8998724465167272,3.2395408074602177,5.426100000000005,-10.616500000000002,-4.220599999999999,3.6424000000000003,5.574992566811188,11.922777925466871,0,05_172_181_5572_ego_181,0,5572,5572,5575,vehicle_vehicle,0.13323555141218008,2.424593253589799,2.85587533691155,14.149965699605069,15.0,3.0,3.5,0.8,0.08175065748971075,0.2943023669629587
5,172,5553,175,98.3744,-35.3117,122.5079,2.1205,4.4441,-3.3406,4.8757,-1.1976,-1.3674,5.907,-0.1969,-0.5095,-1.7448,car,181,87.1506,-19.6618,-0.5581,-0.7059,0.8992,0.0352,233.912,0.8998724465167272,3.2395408074602177,11.223799999999997,-15.649900000000002,-2.7824999999999998,5.5816,6.23671105711977,19.25858396793492,0,05_172_181_5572_ego_181,1,5572,5572,5575,vehicle_vehicle,0.13323555141218008,2.424593253589799,2.85587533691155,14.149965699605069,15.0,3.0,3.5,0.8,0.08175065748971075,0.2943023669629587
5,174,5553,158,97.9807,-41.649,104.0891,2.0887,4.7936,-1.5161,4.892,-1.305,-1.1427,5.1139,-0.2796,-0.7907,-1.5439,car,181,87.1506,-19.6618,-0.5581,-0.7059,0.8992,0.0352,233.912,0.8998724465167272,3.2395408074602177,10.830100000000002,-21.9872,-0.958,5.5979,5.679282385125783,24.509753769673004,0,05_172_181_5572_ego_181,0,5572,5572,5575,vehicle_vehicle,0.13323555141218008,2.424593253589799,2.85587533691155,14.149965699605069,15.0,3.0,3.5,0.8,0.08175065748971075,0.2943023669629587
5,176,5553,140,101.5466,-44.2675,94.2857,2.1313,4.7502,-0.7978,7.5345,-2.1124,0.2636,7.573,-0.2325,0.4207,-2.0868,car,181,87.1506,-19.6618,-0.5581,-0.7059,0.8992,0.0352,233.912,0.8998724465167272,3.2395408074602177,14.396,-24.6057,-0.2396999999999999,8.240400000000001,8.24388550684688,28.507635617321895,0,05_172_181_5572_ego_181,0,5572,5572,5575,vehicle_vehicle,0.13323555141218008,2.424593253589799,2.85587533691155,14.149965699605069,15.0,3.0,3.5,0.8,0.08175065748971075,0.2943023669629587
5,181,5553,59,87.1506,-19.6618,233.912,2.1466,4.7117,-0.5581,-0.7059,0.8138,1.0521,0.8992,0.0352,-1.3296,-0.0379,car,181,87.1506,-19.6618,-0.5581,-0.7059,0.8992,0.0352,233.912,0.8998724465167272,3.2395408074602177,0.0,0.0,0.0,0.0,0.0,0.0,1,05_172_181_5572_ego_181,1,5572,5572,5575,vehicle_vehicle,0.13323555141218008,2.424593253589799,2.85587533691155,14.149965699605069,15.0,3.0,3.5,0.8,0.08175065748971075,0.2943023669629587
5,169,5554,239,83.9985,-30.216,169.254,2.0217,4.7798,-6.179,0.7466,-1.5167,-2.0755,6.2098,-0.4186,1.1031,-2.3219,car,181,87.1283,-19.6899,-0.5234,-0.6619,0.8432,0.0323,233.8529,0.8438359852483183,3.037809546893946,-3.129799999999989,-10.5261,-5.655600000000001,1.4085,5.828351706100105,10.981549492216475,0,05_172_181_5572_ego_181,0,5572,5572,5575,vehicle_vehicle,0.13323555141218008,2.424593253589799,2.85587533691155,14.149965699605069,15.0,3.0,3.5,0.8,0.08175065748971075,0.2943023669629587
5,170,5554,235,92.385,-30.1626,147.277,1.9471,3.804,-4.8021,2.8723,-0.664,-1.5545,5.5927,-0.1795,-0.2817,-1.6667,car,181,87.1283,-19.6899,-0.5234,-0.6619,0.8432,0.0323,233.8529,0.8438359852483183,3.037809546893946,5.256700000000009,-10.4727,-4.278700000000001,3.5342000000000002,5.549580464323407,11.717949487004972,0,05_172_181_5572_ego_181,0,5572,5572,5575,vehicle_vehicle,0.13323555141218008,2.424593253589799,2.85587533691155,14.149965699605069,15.0,3.0,3.5,0.8,0.08175065748971075,0.2943023669629587
5,172,5554,176,98.2407,-35.1181,123.186,2.1205,4.4441,-3.3878,4.8201,-1.1852,-1.3682,5.8882,-0.1969,-0.4963,-1.7408,car,181,87.1283,-19.6899,-0.5234,-0.6619,0.8432,0.0323,233.8529,0.8438359852483183,3.037809546893946,11.112400000000008,-15.428199999999997,-2.8644,5.482,6.185233331087842,19.013542252826014,0,05_172_181_5572_ego_181,1,5572,5572,5575,vehicle_vehicle,0.13323555141218008,2.424593253589799,2.85587533691155,14.149965699605069,15.0,3.0,3.5,0.8,0.08175065748971075,0.2943023669629587
5,174,5554,159,97.9198,-41.4547,104.8284,2.0887,4.7936,-1.5683,4.844,-1.2819,-1.1486,5.084,-0.2764,-0.7823,-1.5331,car,181,87.1283,-19.6899,-0.5234,-0.6619,0.8432,0.0323,233.8529,0.8438359852483183,3.037809546893946,10.7915,-21.7648,-1.0449000000000002,5.5059000000000005,5.604172625820872,24.293270493904274,0,05_172_181_5572_ego_181,0,5572,5572,5575,vehicle_vehicle,0.13323555141218008,2.424593253589799,2.85587533691155,14.149965699605069,15.0,3.0,3.5,0.8,0.08175065748971075,0.2943023669629587
5,176,5554,141,101.5143,-43.9663,95.021,2.1313,4.7502,-0.8854,7.5426,-2.054,0.279,7.5911,-0.2219,0.4577,-2.0217,car,181,87.1283,-19.6899,-0.5234,-0.6619,0.8432,0.0323,233.8529,0.8438359852483183,3.037809546893946,14.38600000000001,-24.276399999999995,-0.362,8.2045,8.21248222220298,28.218798574000278,0,05_172_181_5572_ego_181,0,5572,5572,5575,vehicle_vehicle,0.13323555141218008,2.424593253589799,2.85587533691155,14.149965699605069,15.0,3.0,3.5,0.8,0.08175065748971075,0.2943023669629587
5,181,5554,60,87.1283,-19.6899,233.8529,2.1466,4.7117,-0.5234,-0.6619,0.8055,1.0379,0.8432,0.0323,-1.3132,-0.0382,car,181,87.1283,-19.6899,-0.5234,-0.6619,0.8432,0.0323,233.8529,0.8438359852483183,3.037809546893946,0.0,0.0,0.0,0.0,0.0,0.0,1,05_172_181_5572_ego_181,1,5572,5572,5575,vehicle_vehicle,0.13323555141218008,2.424593253589799,2.85587533691155,14.149965699605069,15.0,3.0,3.5,0.8,0.08175065748971075,0.2943023669629587
5,169,5555,240,83.7518,-30.1893,170.1008,2.0217,4.7798,-6.2427,0.6636,-1.5302,-2.0786,6.2639,-0.4195,1.1501,-2.3107,car,181,87.1074,-19.7161,-0.4888,-0.6182,0.7875,0.0294,233.805,0.7880968722181303,2.837148739985269,-3.3555999999999955,-10.473199999999999,-5.7539,1.2818,5.894944991261581,10.997634727522092,0,05_172_181_5572_ego_181,0,5572,5572,5575,vehicle_vehicle,0.13323555141218008,2.424593253589799,2.85587533691155,14.149965699605069,15.0,3.0,3.5,0.8,0.08175065748971075,0.2943023669629587
5,170,5555,236,92.1929,-30.0497,147.9045,1.9471,3.804,-4.8259,2.8088,-0.6716,-1.5421,5.5807,-0.1846,-0.2504,-1.6632,car,181,87.1074,-19.7161,-0.4888,-0.6182,0.7875,0.0294,233.805,0.7880968722181303,2.837148739985269,5.085499999999996,-10.3336,-4.3370999999999995,3.427,5.527636512108949,11.517187122296832,0,05_172_181_5572_ego_181,0,5572,5572,5575,vehicle_vehicle,0.13323555141218008,2.424593253589799,2.85587533691155,14.149965699605069,15.0,3.0,3.5,0.8,0.08175065748971075,0.2943023669629587
5,172,5555,177,98.1057,-34.9267,123.8541,2.1205,4.4441,-3.435,4.7646,-1.1732,-1.3682,5.8704,-0.1984,-0.4827,-1.7365,car,181,87.1074,-19.7161,-0.4888,-0.6182,0.7875,0.0294,233.805,0.7880968722181303,2.837148739985269,10.9983,-15.210599999999996,-2.9462,5.3828,6.136336877975328,18.770321128046795,0,05_172_181_5572_ego_181,1,5572,5572,5575,vehicle_vehicle,0.13323555141218008,2.424593253589799,2.85587533691155,14.149965699605069,15.0,3.0,3.5,0.8,0.08175065748971075,0.2943023669629587
5,174,5555,160,97.8568,-41.2624,105.5707,2.0887,4.7936,-1.6199,4.796,-1.2586,-1.1524,5.0548,-0.273,-0.7722,-1.5217,car,181,87.1074,-19.7161,-0.4888,-0.6182,0.7875,0.0294,233.805,0.7880968722181303,2.837148739985269,10.749400000000009,-21.5463,-1.1311,5.4142,5.531089300490455,24.078883779153887,0,05_172_181_5572_ego_181,0,5572,5572,5575,vehicle_vehicle,0.13323555141218008,2.424593253589799,2.85587533691155,14.149965699605069,15.0,3.0,3.5,0.8,0.08175065748971075,0.2943023669629587
5,176,5555,142,101.4783,-43.6648,95.7343,2.1313,4.7502,-0.9711,7.5515,-1.9923,0.2967,7.6107,-0.2117,0.4943,-1.9527,car,181,87.1074,-19.7161,-0.4888,-0.6182,0.7875,0.0294,233.805,0.7880968722181303,2.837148739985269,14.370900000000006,-23.9487,-0.48229999999999995,8.1697,8.18392395981292,27.92960791883767,0,05_172_181_5572_ego_181,0,5572,5572,5575,vehicle_vehicle,0.13323555141218008,2.424593253589799,2.85587533691155,14.149965699605069,15.0,3.0,3.5,0.8,0.08175065748971075,0.2943023669629587
5,181,5555,61,87.1074,-19.7161,233.805,2.1466,4.7117,-0.4888,-0.6182,0.795,1.0216,0.7875,0.0294,-1.2939,-0.0383,car,181,87.1074,-19.7161,-0.4888,-0.6182,0.7875,0.0294,233.805,0.7880968722181303,2.837148739985269,0.0,0.0,0.0,0.0,0.0,0.0,1,05_172_181_5572_ego_181,1,5572,5572,5575,vehicle_vehicle,0.13323555141218008,2.424593253589799,2.85587533691155,14.149965699605069,15.0,3.0,3.5,0.8,0.08175065748971075,0.2943023669629587
5,169,5556,241,83.5025,-30.165,170.9488,2.0217,4.7798,-6.3077,0.5807,-1.5403,-2.0817,6.3205,-0.4189,1.1937,-2.2981,car,181,87.0886,-19.7406,-0.4547,-0.5749,0.7325,0.027,233.7649,0.7329816505206661,2.6387339418743982,-3.586100000000002,-10.424399999999999,-5.853,1.1556,5.965988632238583,11.023984242096864,0,05_172_181_5572_ego_181,0,5572,5572,5575,vehicle_vehicle,0.13323555141218008,2.424593253589799,2.85587533691155,14.149965699605069,15.0,3.0,3.5,0.8,0.08175065748971075,0.2943023669629587
5,170,5556,237,91.9993,-29.939,148.5253,1.9471,3.804,-4.8499,2.746,-0.6821,-1.5284,5.5701,-0.1903,-0.2163,-1.6597,car,181,87.0886,-19.7406,-0.4547,-0.5749,0.7325,0.027,233.7649,0.7329816505206661,2.6387339418743982,4.910700000000006,-10.1984,-4.3952,3.3209,5.508734868370413,11.31911379260762,0,05_172_181_5572_ego_181,0,5572,5572,5575,vehicle_vehicle,0.13323555141218008,2.424593253589799,2.85587533691155,14.149965699605069,15.0,3.0,3.5,0.8,0.08175065748971075,0.2943023669629587
5,172,5556,178,97.9681,-34.7369,124.4934,2.1205,4.4441,-3.4821,4.7089,-1.1612,-1.3673,5.853,-0.2032,-0.4693,-1.7314,car,181,87.0886,-19.7406,-0.4547,-0.5749,0.7325,0.027,233.7649,0.7329816505206661,2.6387339418743982,10.879500000000007,-14.996299999999998,-3.0274,5.283799999999999,6.089638183012188,18.527075698555347,0,05_172_181_5572_ego_181,1,5572,5572,5575,vehicle_vehicle,0.13323555141218008,2.424593253589799,2.85587533691155,14.149965699605069,15.0,3.0,3.5,0.8,0.08175065748971075,0.2943023669629587
5,174,5556,161,97.7911,-41.0717,106.3133,2.0887,4.7936,-1.6705,4.7479,-1.2349,-1.1541,5.026,-0.2697,-0.7607,-1.5094,car,181,87.0886,-19.7406,-0.4547,-0.5749,0.7325,0.027,233.7649,0.7329816505206661,2.6387339418743982,10.7025,-21.3311,-1.2158000000000002,5.322799999999999,5.459887313855479,23.86544224312636,0,05_172_181_5572_ego_181,0,5572,5572,5575,vehicle_vehicle,0.13323555141218008,2.424593253589799,2.85587533691155,14.149965699605069,15.0,3.0,3.5,0.8,0.08175065748971075,0.2943023669629587
5,176,5556,143,101.4381,-43.3627,96.4238,2.1313,4.7502,-1.0543,7.5612,-1.9271,0.3166,7.6317,-0.2018,0.5302,-1.8796,car,181,87.0886,-19.7406,-0.4547,-0.5749,0.7325,0.027,233.7649,0.7329816505206661,2.6387339418743982,14.349500000000006,-23.622099999999996,-0.5996,8.1361,8.158164215679898,27.63895364625803,0,05_172_181_5572_ego_181,0,5572,5572,5575,vehicle_vehicle,0.13323555141218008,2.424593253589799,2.85587533691155,14.149965699605069,15.0,3.0,3.5,0.8,0.08175065748971075,0.2943023669629587
5,181,5556,62,87.0886,-19.7406,233.7649,2.1466,4.7117,-0.4547,-0.5749,0.7822,1.003,0.7325,0.027,-1.2713,-0.0381,car,181,87.0886,-19.7406,-0.4547,-0.5749,0.7325,0.027,233.7649,0.7329816505206661,2.6387339418743982,0.0,0.0,0.0,0.0,0.0,0.0,1,05_172_181_5572_ego_181,1,5572,5572,5575,vehicle_vehicle,0.13323555141218008,2.424593253589799,2.85587533691155,14.149965699605069,15.0,3.0,3.5,0.8,0.08175065748971075,0.2943023669629587
5,169,5557,242,83.2492,-30.1436,171.7889,2.0217,4.7798,-6.3731,0.4977,-1.5467,-2.0851,6.3788,-0.4176,1.233,-2.2846,car,181,87.0717,-19.7632,-0.4214,-0.5322,0.6783,0.0248,233.7263,0.6788334110810987,2.4438002798919554,-3.822500000000005,-10.380399999999998,-5.9517,1.0299,6.040151231550415,11.061835761301104,0,05_172_181_5572_ego_181,0,5572,5572,5575,vehicle_vehicle,0.13323555141218008,2.424593253589799,2.85587533691155,14.149965699605069,15.0,3.0,3.5,0.8,0.08175065748971075,0.2943023669629587
5,170,5557,238,91.8042,-29.8307,149.1479,1.9471,3.804,-4.8742,2.6838,-0.6954,-1.5137,5.5608,-0.1956,-0.1792,-1.6561,car,181,87.0717,-19.7632,-0.4214,-0.5322,0.6783,0.0248,233.7263,0.6788334110810987,2.4438002798919554,4.7324999999999875,-10.067499999999999,-4.4528,3.216,5.492730089855135,11.124347733687573,0,05_172_181_5572_ego_181,0,5572,5572,5575,vehicle_vehicle,0.13323555141218008,2.424593253589799,2.85587533691155,14.149965699605069,15.0,3.0,3.5,0.8,0.08175065748971075,0.2943023669629587
5,172,5557,179,97.8272,-34.5493,125.1172,2.1205,4.4441,-3.5284,4.6532,-1.1492,-1.3655,5.836,-0.2094,-0.4559,-1.7255,car,181,87.0717,-19.7632,-0.4214,-0.5322,0.6783,0.0248,233.7263,0.6788334110810987,2.4438002798919554,10.755499999999998,-14.786100000000001,-3.107,5.1854,6.04498322247465,18.284133380064805,0,05_172_181_5572_ego_181,1,5572,5572,5575,vehicle_vehicle,0.13323555141218008,2.424593253589799,2.85587533691155,14.149965699605069,15.0,3.0,3.5,0.8,0.08175065748971075,0.2943023669629587
5,174,5557,162,97.7225,-40.883,107.0548,2.0887,4.7936,-1.72,4.6999,-1.2111,-1.1539,4.9977,-0.2659,-0.7479,-1.4963,car,181,87.0717,-19.7632,-0.4214,-0.5322,0.6783,0.0248,233.7263,0.6788334110810987,2.4438002798919554,10.65079999999999,-21.1198,-1.2986,5.232100000000001,5.390847092062621,23.65344568302893,0,05_172_181_5572_ego_181,0,5572,5572,5575,vehicle_vehicle,0.13323555141218008,2.424593253589799,2.85587533691155,14.149965699605069,15.0,3.0,3.5,0.8,0.08175065748971075,0.2943023669629587
5,176,5557,144,101.394,-43.0605,97.107,2.1313,4.7502,-1.1349,7.5719,-1.8584,0.3386,7.6541,-0.1893,0.5659,-1.8022,car,181,87.0717,-19.7632,-0.4214,-0.5322,0.6783,0.0248,233.7263,0.6788334110810987,2.4438002798919554,14.322299999999998,-23.297299999999996,-0.7135,8.1041,8.135448301107937,27.347622649510136,0,05_172_181_5572_ego_181,0,5572,5572,5575,vehicle_vehicle,0.13323555141218008,2.424593253589799,2.85587533691155,14.149965699605069,15.0,3.0,3.5,0.8,0.08175065748971075,0.2943023669629587
5,181,5557,63,87.0717,-19.7632,233.7263,2.1466,4.7117,-0.4214,-0.5322,0.7672,0.9818,0.6783,0.0248,-1.2455,-0.0376,car,181,87.0717,-19.7632,-0.4214,-0.5322,0.6783,0.0248,233.7263,0.6788334110810987,2.4438002798919554,0.0,0.0,0.0,0.0,0.0,0.0,1,05_172_181_5572_ego_181,1,5572,5572,5575,vehicle_vehicle,0.13323555141218008,2.424593253589799,2.85587533691155,14.149965699605069,15.0,3.0,3.5,0.8,0.08175065748971075,0.2943023669629587
5,169,5558,243,82.9927,-30.1252,172.6226,2.0217,4.7798,-6.4387,0.4145,-1.5492,-2.0888,6.4386,-0.4157,1.2682,-2.2704,car,181,87.0557,-19.7839,-0.3887,-0.4902,0.6252,0.0228,233.6817,0.6256066895422395,2.2521840823520622,-4.063000000000002,-10.3413,-6.05,0.9047000000000001,6.117269169327111,11.110826012947914,0,05_172_181_5572_ego_181,0,5572,5572,5575,vehicle_vehicle,0.13323555141218008,2.424593253589799,2.85587533691155,14.149965699605069,15.0,3.0,3.5,0.8,0.08175065748971075,0.2943023669629587
5,170,5558,239,91.6079,-29.7252,149.7725,1.9471,3.804,-4.8986,2.6225,-0.712,-1.4981,5.5528,-0.2002,-0.139,-1.6528,car,181,87.0557,-19.7839,-0.3887,-0.4902,0.6252,0.0228,233.6817,0.6256066895422395,2.2521840823520622,4.552199999999999,-9.941300000000002,-4.5099,3.1127000000000002,5.479790078096058,10.933982372859399,0,05_172_181_5572_ego_181,0,5572,5572,5575,vehicle_vehicle,0.13323555141218008,2.424593253589799,2.85587533691155,14.149965699605069,15.0,3.0,3.5,0.8,0.08175065748971075,0.2943023669629587
5,172,5558,180,97.6848,-34.3644,125.7506,2.1205,4.4441,-3.5741,4.5976,-1.1374,-1.3627,5.8195,-0.2145,-0.4414,-1.7192,car,181,87.0557,-19.7839,-0.3887,-0.4902,0.6252,0.0228,233.6817,0.6256066895422395,2.2521840823520622,10.629099999999994,-14.580500000000004,-3.1854,5.0878,6.002706223029742,18.043523687461935,0,05_172_181_5572_ego_181,1,5572,5572,5575,vehicle_vehicle,0.13323555141218008,2.424593253589799,2.85587533691155,14.149965699605069,15.0,3.0,3.5,0.8,0.08175065748971075,0.2943023669629587
5,174,5558,163,97.6524,-40.6966,107.8074,2.0887,4.7936,-1.7683,4.6522,-1.1874,-1.152,4.97,-0.2609,-0.7336,-1.4828,car,181,87.0557,-19.7839,-0.3887,-0.4902,0.6252,0.0228,233.6817,0.6256066895422395,2.2521840823520622,10.596699999999998,-20.912699999999997,-1.3796,5.142399999999999,5.324243976378242,23.444211912111694,0,05_172_181_5572_ego_181,0,5572,5572,5575,vehicle_vehicle,0.13323555141218008,2.424593253589799,2.85587533691155,14.149965699605069,15.0,3.0,3.5,0.8,0.08175065748971075,0.2943023669629587
5,176,5558,145,101.3476,-42.7585,97.7793,2.1313,4.7502,-1.2128,7.5839,-1.7861,0.3623,7.6783,-0.1751,0.6007,-1.7206,car,181,87.0557,-19.7839,-0.3887,-0.4902,0.6252,0.0228,233.6817,0.6256066895422395,2.2521840823520622,14.291899999999998,-22.9746,-0.8241,8.0741,8.11604778325017,27.05717373950945,0,05_172_181_5572_ego_181,0,5572,5572,5575,vehicle_vehicle,0.13323555141218008,2.424593253589799,2.85587533691155,14.149965699605069,15.0,3.0,3.5,0.8,0.08175065748971075,0.2943023669629587
5,181,5558,64,87.0557,-19.7839,233.6817,2.1466,4.7117,-0.3887,-0.4902,0.7501,0.9581,0.6252,0.0228,-1.2163,-0.0369,car,181,87.0557,-19.7839,-0.3887,-0.4902,0.6252,0.0228,233.6817,0.6256066895422395,2.2521840823520622,0.0,0.0,0.0,0.0,0.0,0.0,1,05_172_181_5572_ego_181,1,5572,5572,5575,vehicle_vehicle,0.13323555141218008,2.424593253589799,2.85587533691155,14.149965699605069,15.0,3.0,3.5,0.8,0.08175065748971075,0.2943023669629587
5,169,5559,244,82.7337,-30.1099,173.4607,2.0217,4.7798,-6.5042,0.3311,-1.5481,-2.0927,6.4996,-0.4118,1.2997,-2.2553,car,181,87.0402,-19.8026,-0.3565,-0.4493,0.5732,0.0207,233.6421,0.5735527351517034,2.064789846546132,-4.3065,-10.307299999999998,-6.1477,0.7804,6.197034730417444,11.170782225967882,0,05_172_181_5572_ego_181,0,5572,5572,5575,vehicle_vehicle,0.13323555141218008,2.424593253589799,2.85587533691155,14.149965699605069,15.0,3.0,3.5,0.8,0.08175065748971075,0.2943023669629587
5,170,5559,240,91.4109,-29.6223,150.418,1.9471,3.804,-4.9236,2.5622,-0.732,-1.4819,5.5466,-0.2024,-0.0949,-1.6501,car,181,87.0402,-19.8026,-0.3565,-0.4493,0.5732,0.0207,233.6421,0.5735527351517034,2.064789846546132,4.370699999999999,-9.819699999999997,-4.567100000000001,3.0115,5.470606425251227,10.748466243143714,0,05_172_181_5572_ego_181,0,5572,5572,5575,vehicle_vehicle,0.13323555141218008,2.424593253589799,2.85587533691155,14.149965699605069,15.0,3.0,3.5,0.8,0.08175065748971075,0.2943023669629587
5,172,5559,181,97.541,-34.182,126.3681,2.1205,4.4441,-3.6194,4.5423,-1.1258,-1.3589,5.8038,-0.221,-0.4267,-1.7123,car,181,87.0402,-19.8026,-0.3565,-0.4493,0.5732,0.0207,233.6421,0.5735527351517034,2.064789846546132,10.500799999999998,-14.3794,-3.2629,4.9916,5.963437512877954,17.80544705981852,0,05_172_181_5572_ego_181,1,5572,5572,5575,vehicle_vehicle,0.13323555141218008,2.424593253589799,2.85587533691155,14.149965699605069,15.0,3.0,3.5,0.8,0.08175065748971075,0.2943023669629587
5,174,5559,164,97.581,-40.5121,108.5611,2.0887,4.7936,-1.8158,4.6047,-1.1637,-1.1486,4.9432,-0.2556,-0.7184,-1.4688,car,181,87.0402,-19.8026,-0.3565,-0.4493,0.5732,0.0207,233.6421,0.5735527351517034,2.064789846546132,10.540800000000004,-20.709499999999995,-1.4593,5.054,5.260463144058705,23.237724821720388,0,05_172_181_5572_ego_181,0,5572,5572,5575,vehicle_vehicle,0.13323555141218008,2.424593253589799,2.85587533691155,14.149965699605069,15.0,3.0,3.5,0.8,0.08175065748971075,0.2943023669629587
5,176,5559,146,101.2989,-42.456,98.4287,2.1313,4.7502,-1.2884,7.5973,-1.71,0.3873,7.7041,-0.1609,0.6338,-1.6347,car,181,87.0402,-19.8026,-0.3565,-0.4493,0.5732,0.0207,233.6421,0.5735527351517034,2.064789846546132,14.258700000000005,-22.6534,-0.9319,8.0466,8.100383273030975,26.76727586531734,0,05_172_181_5572_ego_181,0,5572,5572,5575,vehicle_vehicle,0.13323555141218008,2.424593253589799,2.85587533691155,14.149965699605069,15.0,3.0,3.5,0.8,0.08175065748971075,0.2943023669629587
5,181,5559,65,87.0402,-19.8026,233.6421,2.1466,4.7117,-0.3565,-0.4493,0.731,0.9317,0.5732,0.0207,-1.1837,-0.0363,car,181,87.0402,-19.8026,-0.3565,-0.4493,0.5732,0.0207,233.6421,0.5735527351517034,2.064789846546132,0.0,0.0,0.0,0.0,0.0,0.0,1,05_172_181_5572_ego_181,1,5572,5572,5575,vehicle_vehicle,0.13323555141218008,2.424593253589799,2.85587533691155,14.149965699605069,15.0,3.0,3.5,0.8,0.08175065748971075,0.2943023669629587
5,169,5560,245,82.4721,-30.0968,174.3021,2.0217,4.7798,-6.5697,0.2468,-1.5435,-2.0963,6.5617,-0.4067,1.3278,-2.2392,car,181,87.026,-19.8195,-0.3249,-0.4096,0.5224,0.0185,233.6069,0.5228117921393893,1.8821224517018016,-4.553899999999999,-10.2773,-6.2448,0.6564,6.279202815644673,11.241036451324227,0,05_172_181_5572_ego_181,0,5572,5572,5575,vehicle_vehicle,0.13323555141218008,2.424593253589799,2.85587533691155,14.149965699605069,15.0,3.0,3.5,0.8,0.08175065748971075,0.2943023669629587
5,170,5560,241,91.2135,-29.5218,151.0665,1.9471,3.804,-4.9494,2.5028,-0.7556,-1.4654,5.5424,-0.2041,-0.0477,-1.648,car,181,87.026,-19.8195,-0.3249,-0.4096,0.5224,0.0185,233.6069,0.5228117921393893,1.8821224517018016,4.1875,-9.702299999999997,-4.624499999999999,2.9124000000000003,5.465169165725796,10.56739237182002,0,05_172_181_5572_ego_181,0,5572,5572,5575,vehicle_vehicle,0.13323555141218008,2.424593253589799,2.85587533691155,14.149965699605069,15.0,3.0,3.5,0.8,0.08175065748971075,0.2943023669629587
5,172,5560,182,97.3957,-34.0017,126.9878,2.1205,4.4441,-3.6644,4.4872,-1.1144,-1.3544,5.7889,-0.2273,-0.4114,-1.705,car,181,87.026,-19.8195,-0.3249,-0.4096,0.5224,0.0185,233.6069,0.5228117921393893,1.8821224517018016,10.369700000000009,-14.182199999999998,-3.3395,4.8968,5.927133412535945,17.568878021376324,0,05_172_181_5572_ego_181,1,5572,5572,5575,vehicle_vehicle,0.13323555141218008,2.424593253589799,2.85587533691155,14.149965699605069,15.0,3.0,3.5,0.8,0.08175065748971075,0.2943023669629587
5,174,5560,165,97.5077,-40.329,109.3007,2.0887,4.7936,-1.8625,4.5575,-1.1399,-1.1439,4.917,-0.2514,-0.7028,-1.4539,car,181,87.026,-19.8195,-0.3249,-0.4096,0.5224,0.0185,233.6069,0.5228117921393893,1.8821224517018016,10.481700000000004,-20.5095,-1.5376,4.9671,5.1996438503035955,23.032707724885498,0,05_172_181_5572_ego_181,0,5572,5572,5575,vehicle_vehicle,0.13323555141218008,2.424593253589799,2.85587533691155,14.149965699605069,15.0,3.0,3.5,0.8,0.08175065748971075,0.2943023669629587
5,176,5560,147,101.2467,-42.1525,99.0496,2.1313,4.7502,-1.3612,7.6121,-1.6296,0.4132,7.7314,-0.147,0.6644,-1.5443,car,181,87.026,-19.8195,-0.3249,-0.4096,0.5224,0.0185,233.6069,0.5228117921393893,1.8821224517018016,14.220700000000008,-22.333000000000002,-1.0363,8.0217,8.088361303749975,26.476238356118497,0,05_172_181_5572_ego_181,0,5572,5572,5575,vehicle_vehicle,0.13323555141218008,2.424593253589799,2.85587533691155,14.149965699605069,15.0,3.0,3.5,0.8,0.08175065748971075,0.2943023669629587
5,181,5560,66,87.026,-19.8195,233.6069,2.1466,4.7117,-0.3249,-0.4096,0.7095,0.9028,0.5224,0.0185,-1.1477,-0.0355,car,181,87.026,-19.8195,-0.3249,-0.4096,0.5224,0.0185,233.6069,0.5228117921393893,1.8821224517018016,0.0,0.0,0.0,0.0,0.0,0.0,1,05_172_181_5572_ego_181,1,5572,5572,5575,vehicle_vehicle,0.13323555141218008,2.424593253589799,2.85587533691155,14.149965699605069,15.0,3.0,3.5,0.8,0.08175065748971075,0.2943023669629587
5,169,5561,246,82.2079,-30.0866,175.1489,2.0217,4.7798,-6.6349,0.1617,-1.5354,-2.099,6.6248,-0.4,1.3524,-2.2213,car,181,87.0139,-19.8351,-0.2942,-0.371,0.4732,0.0164,233.5686,0.47349196402895793,1.7045710705042485,-4.806000000000012,-10.2515,-6.3407,0.5327,6.363037464921922,11.322141504591793,0,05_172_181_5572_ego_181,0,5572,5572,5575,vehicle_vehicle,0.13323555141218008,2.424593253589799,2.85587533691155,14.149965699605069,15.0,3.0,3.5,0.8,0.08175065748971075,0.2943023669629587
5,170,5561,242,91.0157,-29.4232,151.7152,1.9471,3.804,-4.9764,2.4442,-0.7824,-1.4489,5.5404,-0.2057,0.0025,-1.6466,car,181,87.0139,-19.8351,-0.2942,-0.371,0.4732,0.0164,233.5686,0.47349196402895793,1.7045710705042485,4.001799999999989,-9.5881,-4.6822,2.8152,5.463364154072104,10.389709565238093,0,05_172_181_5572_ego_181,0,5572,5572,5575,vehicle_vehicle,0.13323555141218008,2.424593253589799,2.85587533691155,14.149965699605069,15.0,3.0,3.5,0.8,0.08175065748971075,0.2943023669629587
5,172,5561,183,97.2485,-33.8239,127.6103,2.1205,4.4441,-3.709,4.4326,-1.103,-1.3494,5.7749,-0.233,-0.3958,-1.6973,car,181,87.0139,-19.8351,-0.2942,-0.371,0.4732,0.0164,233.5686,0.47349196402895793,1.7045710705042485,10.2346,-13.988800000000001,-3.4148,4.803599999999999,5.893677290113533,17.333019431132016,0,05_172_181_5572_ego_181,1,5572,5572,5575,vehicle_vehicle,0.13323555141218008,2.424593253589799,2.85587533691155,14.149965699605069,15.0,3.0,3.5,0.8,0.08175065748971075,0.2943023669629587
5,174,5561,166,97.4316,-40.1476,110.0337,2.0887,4.7936,-1.9079,4.5105,-1.1161,-1.1379,4.8912,-0.2473,-0.6867,-1.4384,car,181,87.0139,-19.8351,-0.2942,-0.371,0.4732,0.0164,233.5686,0.47349196402895793,1.7045710705042485,10.417699999999996,-20.312499999999996,-1.6137,4.881500000000001,5.1413101384763795,22.82818717156489,0,05_172_181_5572_ego_181,0,5572,5572,5575,vehicle_vehicle,0.13323555141218008,2.424593253589799,2.85587533691155,14.149965699605069,15.0,3.0,3.5,0.8,0.08175065748971075,0.2943023669629587
5,176,5561,148,101.1903,-41.8482,99.6285,2.1313,4.7502,-1.4305,7.628,-1.5449,0.4398,7.7598,-0.1345,0.692,-1.4496,car,181,87.0139,-19.8351,-0.2942,-0.371,0.4732,0.0164,233.5686,0.47349196402895793,1.7045710705042485,14.176399999999987,-22.013099999999998,-1.1363,7.9990000000000006,8.079305582164844,26.182950341204858,0,05_172_181_5572_ego_181,0,5572,5572,5575,vehicle_vehicle,0.13323555141218008,2.424593253589799,2.85587533691155,14.149965699605069,15.0,3.0,3.5,0.8,0.08175065748971075,0.2943023669629587
5,181,5561,67,87.0139,-19.8351,233.5686,2.1466,4.7117,-0.2942,-0.371,0.6858,0.8714,0.4732,0.0164,-1.1084,-0.0342,car,181,87.0139,-19.8351,-0.2942,-0.371,0.4732,0.0164,233.5686,0.47349196402895793,1.7045710705042485,0.0,0.0,0.0,0.0,0.0,0.0,1,05_172_181_5572_ego_181,1,5572,5572,5575,vehicle_vehicle,0.13323555141218008,2.424593253589799,2.85587533691155,14.149965699605069,15.0,3.0,3.5,0.8,0.08175065748971075,0.2943023669629587
5,169,5562,247,81.9415,-30.0806,175.9827,2.0217,4.7798,-6.6998,0.0759,-1.5238,-2.1001,6.6887,-0.3937,1.3729,-2.2017,car,181,87.0033,-19.8492,-0.2647,-0.3337,0.4257,0.0146,233.5339,0.4259363567482823,1.5333708842938163,-5.061799999999991,-10.2314,-6.435099999999999,0.40959999999999996,6.448122530628585,11.415049942948121,0,05_172_181_5572_ego_181,0,5572,5572,5575,vehicle_vehicle,0.13323555141218008,2.424593253589799,2.85587533691155,14.149965699605069,15.0,3.0,3.5,0.8,0.08175065748971075,0.2943023669629587
5,170,5562,243,90.8173,-29.3267,152.377,1.9471,3.804,-5.0051,2.3863,-0.8122,-1.4324,5.541,-0.2063,0.0555,-1.6457,car,181,87.0033,-19.8492,-0.2647,-0.3337,0.4257,0.0146,233.5339,0.4259363567482823,1.5333708842938163,3.814000000000007,-9.4775,-4.740399999999999,2.7199999999999998,5.465326354390925,10.216144196809285,0,05_172_181_5572_ego_181,0,5572,5572,5575,vehicle_vehicle,0.13323555141218008,2.424593253589799,2.85587533691155,14.149965699605069,15.0,3.0,3.5,0.8,0.08175065748971075,0.2943023669629587
5,172,5562,184,97.0996,-33.6479,128.2403,2.1205,4.4441,-3.7533,4.3782,-1.0915,-1.3439,5.7619,-0.2379,-0.3799,-1.6891,car,181,87.0033,-19.8492,-0.2647,-0.3337,0.4257,0.0146,233.5339,0.4259363567482823,1.5333708842938163,10.0963,-13.7987,-3.4886,4.7119,5.862792130887808,17.097935412791802,0,05_172_181_5572_ego_181,1,5572,5572,5575,vehicle_vehicle,0.13323555141218008,2.424593253589799,2.85587533691155,14.149965699605069,15.0,3.0,3.5,0.8,0.08175065748971075,0.2943023669629587
5,174,5562,167,97.3539,-39.968,110.7475,2.0887,4.7936,-1.9522,4.4637,-1.0926,-1.1306,4.8658,-0.2444,-0.6703,-1.4223,car,181,87.0033,-19.8492,-0.2647,-0.3337,0.4257,0.0146,233.5339,0.4259363567482823,1.5333708842938163,10.3506,-20.118800000000004,-1.6875,4.7974000000000006,5.0855386155254,22.625230027559944,0,05_172_181_5572_ego_181,0,5572,5572,5575,vehicle_vehicle,0.13323555141218008,2.424593253589799,2.85587533691155,14.149965699605069,15.0,3.0,3.5,0.8,0.08175065748971075,0.2943023669629587
5,176,5562,149,101.1312,-41.5432,100.1813,2.1313,4.7502,-1.4962,7.6452,-1.4562,0.4669,7.7893,-0.1213,0.7169,-1.3507,car,181,87.0033,-19.8492,-0.2647,-0.3337,0.4257,0.0146,233.5339,0.4259363567482823,1.5333708842938163,14.127900000000011,-21.694,-1.2315,7.9789,8.073378317656122,25.888746482014156,0,05_172_181_5572_ego_181,0,5572,5572,5575,vehicle_vehicle,0.13323555141218008,2.424593253589799,2.85587533691155,14.149965699605069,15.0,3.0,3.5,0.8,0.08175065748971075,0.2943023669629587
5,181,5562,68,87.0033,-19.8492,233.5339,2.1466,4.7117,-0.2647,-0.3337,0.6598,0.8376,0.4257,0.0146,-1.0658,-0.0328,car,181,87.0033,-19.8492,-0.2647,-0.3337,0.4257,0.0146,233.5339,0.4259363567482823,1.5333708842938163,0.0,0.0,0.0,0.0,0.0,0.0,1,05_172_181_5572_ego_181,1,5572,5572,5575,vehicle_vehicle,0.13323555141218008,2.424593253589799,2.85587533691155,14.149965699605069,15.0,3.0,3.5,0.8,0.08175065748971075,0.2943023669629587
5,169,5563,248,81.6718,-30.0784,176.8062,2.0217,4.7798,-6.7641,-0.0103,-1.5087,-2.0993,6.7531,-0.3871,1.3894,-2.1801,car,181,86.9938,-19.8618,-0.2366,-0.2978,0.3801,0.013,233.501,0.3803477356314876,1.3692518482733553,-5.3219999999999885,-10.2166,-6.5275,0.28750000000000003,6.533828318834219,11.519661434260986,0,05_172_181_5572_ego_181,0,5572,5572,5575,vehicle_vehicle,0.13323555141218008,2.424593253589799,2.85587533691155,14.149965699605069,15.0,3.0,3.5,0.8,0.08175065748971075,0.2943023669629587
5,170,5563,244,90.6171,-29.2327,153.0467,1.9471,3.804,-5.0352,2.3292,-0.8445,-1.4161,5.544,-0.2061,0.1109,-1.645,car,181,86.9938,-19.8618,-0.2366,-0.2978,0.3801,0.013,233.501,0.3803477356314876,1.3692518482733553,3.6233000000000004,-9.370900000000002,-4.7985999999999995,2.6270000000000002,5.470620710668945,10.046993067579974,0,05_172_181_5572_ego_181,0,5572,5572,5575,vehicle_vehicle,0.13323555141218008,2.424593253589799,2.85587533691155,14.149965699605069,15.0,3.0,3.5,0.8,0.08175065748971075,0.2943023669629587
5,172,5563,185,96.949,-33.4744,128.8676,2.1205,4.4441,-3.7972,4.3244,-1.0798,-1.3382,5.7498,-0.2429,-0.3643,-1.6804,car,181,86.9938,-19.8618,-0.2366,-0.2978,0.3801,0.013,233.501,0.3803477356314876,1.3692518482733553,9.955200000000005,-13.612600000000004,-3.5606,4.622199999999999,5.834604116818895,16.864426637155507,0,05_172_181_5572_ego_181,1,5572,5572,5575,vehicle_vehicle,0.13323555141218008,2.424593253589799,2.85587533691155,14.149965699605069,15.0,3.0,3.5,0.8,0.08175065748971075,0.2943023669629587
5,174,5563,168,97.2746,-39.7906,111.4657,2.0887,4.7936,-1.9955,4.4173,-1.0695,-1.1221,4.8411,-0.2406,-0.6529,-1.406,car,181,86.9938,-19.8618,-0.2366,-0.2978,0.3801,0.013,233.501,0.3803477356314876,1.3692518482733553,10.280800000000013,-19.9288,-1.7589000000000001,4.7151,5.032484199677133,22.424359925759312,0,05_172_181_5572_ego_181,0,5572,5572,5575,vehicle_vehicle,0.13323555141218008,2.424593253589799,2.85587533691155,14.149965699605069,15.0,3.0,3.5,0.8,0.08175065748971075,0.2943023669629587
5,176,5563,150,101.0695,-41.2377,100.693,2.1313,4.7502,-1.5581,7.6638,-1.3637,0.4942,7.8198,-0.109,0.7387,-1.2484,car,181,86.9938,-19.8618,-0.2366,-0.2978,0.3801,0.013,233.501,0.3803477356314876,1.3692518482733553,14.075700000000012,-21.375899999999998,-1.3215000000000001,7.9616,8.070528905220524,25.59403116548857,0,05_172_181_5572_ego_181,0,5572,5572,5575,vehicle_vehicle,0.13323555141218008,2.424593253589799,2.85587533691155,14.149965699605069,15.0,3.0,3.5,0.8,0.08175065748971075,0.2943023669629587
5,181,5563,69,86.9938,-19.8618,233.501,2.1466,4.7117,-0.2366,-0.2978,0.632,0.8013,0.3801,0.013,-1.0201,-0.0314,car,181,86.9938,-19.8618,-0.2366,-0.2978,0.3801,0.013,233.501,0.3803477356314876,1.3692518482733553,0.0,0.0,0.0,0.0,0.0,0.0,1,05_172_181_5572_ego_181,1,5572,5572,5575,vehicle_vehicle,0.13323555141218008,2.424593253589799,2.85587533691155,14.149965699605069,15.0,3.0,3.5,0.8,0.08175065748971075,0.2943023669629587
5,169,5564,249,81.3992,-30.08,177.6286,2.0217,4.7798,-6.8275,-0.0966,-1.4905,-2.0962,6.8176,-0.379,1.4024,-2.156,car,181,86.9854,-19.8727,-0.2097,-0.2635,0.3366,0.0117,233.4722,0.33675857821293875,1.2123308815665796,-5.586200000000005,-10.2073,-6.6178,0.1669,6.619904262902901,11.635918688698373,0,05_172_181_5572_ego_181,0,5572,5572,5575,vehicle_vehicle,0.13323555141218008,2.424593253589799,2.85587533691155,14.149965699605069,15.0,3.0,3.5,0.8,0.08175065748971075,0.2943023669629587
5,170,5564,245,90.4158,-29.1413,153.7075,1.9471,3.804,-5.0668,2.273,-0.8791,-1.4,5.5495,-0.2065,0.168,-1.6446,car,181,86.9854,-19.8727,-0.2097,-0.2635,0.3366,0.0117,233.4722,0.33675857821293875,1.2123308815665796,3.430400000000006,-9.268600000000003,-4.8571,2.5365,5.479530332063142,9.883045589290788,0,05_172_181_5572_ego_181,0,5572,5572,5575,vehicle_vehicle,0.13323555141218008,2.424593253589799,2.85587533691155,14.149965699605069,15.0,3.0,3.5,0.8,0.08175065748971075,0.2943023669629587
5,172,5564,186,96.7959,-33.3032,129.5072,2.1205,4.4441,-3.8406,4.271,-1.0678,-1.3324,5.7385,-0.2461,-0.3487,-1.6715,car,181,86.9854,-19.8727,-0.2097,-0.2635,0.3366,0.0117,233.4722,0.33675857821293875,1.2123308815665796,9.810500000000005,-13.430499999999999,-3.6308999999999996,4.5344999999999995,5.809055436127288,16.632024546037684,0,05_172_181_5572_ego_181,1,5572,5572,5575,vehicle_vehicle,0.13323555141218008,2.424593253589799,2.85587533691155,14.149965699605069,15.0,3.0,3.5,0.8,0.08175065748971075,0.2943023669629587
5,174,5564,169,97.1933,-39.6152,112.1939,2.0887,4.7936,-2.0375,4.3713,-1.047,-1.1125,4.8171,-0.2353,-0.6346,-1.3897,car,181,86.9854,-19.8727,-0.2097,-0.2635,0.3366,0.0117,233.4722,0.33675857821293875,1.2123308815665796,10.207899999999995,-19.742500000000003,-1.8278,4.634799999999999,4.9821906707792705,22.225380281560987,0,05_172_181_5572_ego_181,0,5572,5572,5575,vehicle_vehicle,0.13323555141218008,2.424593253589799,2.85587533691155,14.149965699605069,15.0,3.0,3.5,0.8,0.08175065748971075,0.2943023669629587
5,176,5564,151,101.0055,-40.9313,101.1732,2.1313,4.7502,-1.616,7.6837,-1.2678,0.5215,7.8512,-0.0965,0.7573,-1.1427,car,181,86.9854,-19.8727,-0.2097,-0.2635,0.3366,0.0117,233.4722,0.33675857821293875,1.2123308815665796,14.0201,-21.058600000000002,-1.4063,7.9472,8.07066710563631,25.29877147155569,0,05_172_181_5572_ego_181,0,5572,5572,5575,vehicle_vehicle,0.13323555141218008,2.424593253589799,2.85587533691155,14.149965699605069,15.0,3.0,3.5,0.8,0.08175065748971075,0.2943023669629587
5,181,5564,70,86.9854,-19.8727,233.4722,2.1466,4.7117,-0.2097,-0.2635,0.6025,0.7628,0.3366,0.0117,-0.9716,-0.0301,car,181,86.9854,-19.8727,-0.2097,-0.2635,0.3366,0.0117,233.4722,0.33675857821293875,1.2123308815665796,0.0,0.0,0.0,0.0,0.0,0.0,1,05_172_181_5572_ego_181,1,5572,5572,5575,vehicle_vehicle,0.13323555141218008,2.424593253589799,2.85587533691155,14.149965699605069,15.0,3.0,3.5,0.8,0.08175065748971075,0.2943023669629587
5,169,5565,250,81.1238,-30.0848,178.4392,2.0217,4.7798,-6.8897,-0.1831,-1.4694,-2.0906,6.8821,-0.3707,1.4119,-2.1298,car,181,86.9781,-19.8821,-0.1843,-0.231,0.2953,0.0105,233.4528,0.295512250169092,1.0638441006087311,-5.854299999999995,-10.2027,-6.7054,0.0479,6.705571084553499,11.762989236584378,0,05_172_181_5572_ego_181,0,5572,5572,5575,vehicle_vehicle,0.13323555141218008,2.424593253589799,2.85587533691155,14.149965699605069,15.0,3.0,3.5,0.8,0.08175065748971075,0.2943023669629587
5,170,5565,246,90.2128,-29.0524,154.3753,1.9471,3.804,-5.1001,2.2178,-0.9156,-1.3846,5.5576,-0.206,0.2268,-1.6444,car,181,86.9781,-19.8821,-0.1843,-0.231,0.2953,0.0105,233.4528,0.295512250169092,1.0638441006087311,3.2347000000000037,-9.170299999999997,-4.9158,2.4488,5.491967869534562,9.724077651890692,0,05_172_181_5572_ego_181,0,5572,5572,5575,vehicle_vehicle,0.13323555141218008,2.424593253589799,2.85587533691155,14.149965699605069,15.0,3.0,3.5,0.8,0.08175065748971075,0.2943023669629587
5,172,5565,187,96.641,-33.1339,130.1577,2.1205,4.4441,-3.8833,4.218,-1.0557,-1.3269,5.728,-0.2477,-0.3333,-1.6626,car,181,86.9781,-19.8821,-0.1843,-0.231,0.2953,0.0105,233.4528,0.295512250169092,1.0638441006087311,9.662900000000008,-13.251799999999996,-3.6990000000000003,4.449,5.785862252076176,16.40066582947168,0,05_172_181_5572_ego_181,1,5572,5572,5575,vehicle_vehicle,0.13323555141218008,2.424593253589799,2.85587533691155,14.149965699605069,15.0,3.0,3.5,0.8,0.08175065748971075,0.2943023669629587
5,174,5565,170,97.1101,-39.4412,112.9027,2.0887,4.7936,-2.0783,4.3258,-1.0255,-1.1018,4.7935,-0.231,-0.6159,-1.3734,car,181,86.9781,-19.8821,-0.1843,-0.231,0.2953,0.0105,233.4528,0.295512250169092,1.0638441006087311,10.132000000000005,-19.5591,-1.8940000000000001,4.5568,4.934740341699855,22.02761486884134,0,05_172_181_5572_ego_181,0,5572,5572,5575,vehicle_vehicle,0.13323555141218008,2.424593253589799,2.85587533691155,14.149965699605069,15.0,3.0,3.5,0.8,0.08175065748971075,0.2943023669629587
5,176,5565,152,100.9393,-40.6236,101.6208,2.1313,4.7502,-1.6699,7.7047,-1.1685,0.5487,7.8831,-0.0837,0.7729,-1.034,car,181,86.9781,-19.8821,-0.1843,-0.231,0.2953,0.0105,233.4528,0.295512250169092,1.0638441006087311,13.961200000000005,-20.741500000000002,-1.4856,7.9357,8.073558190166217,25.002498428957058,0,05_172_181_5572_ego_181,0,5572,5572,5575,vehicle_vehicle,0.13323555141218008,2.424593253589799,2.85587533691155,14.149965699605069,15.0,3.0,3.5,0.8,0.08175065748971075,0.2943023669629587
5,181,5565,71,86.9781,-19.8821,233.4528,2.1466,4.7117,-0.1843,-0.231,0.5715,0.7221,0.2953,0.0105,-0.9205,-0.0291,car,181,86.9781,-19.8821,-0.1843,-0.231,0.2953,0.0105,233.4528,0.295512250169092,1.0638441006087311,0.0,0.0,0.0,0.0,0.0,0.0,1,05_172_181_5572_ego_181,1,5572,5572,5575,vehicle_vehicle,0.13323555141218008,2.424593253589799,2.85587533691155,14.149965699605069,15.0,3.0,3.5,0.8,0.08175065748971075,0.2943023669629587
5,169,5566,251,80.8465,-30.0933,179.2356,2.0217,4.7798,-6.9508,-0.2695,-1.4459,-2.0822,6.9466,-0.3623,1.418,-2.1013,car,181,86.9718,-19.8898,-0.1603,-0.2004,0.2565,0.0094,233.4448,0.2566247260105698,0.9238490136380513,-6.125299999999996,-10.203499999999998,-6.7905,-0.06910000000000002,6.790851571047625,11.900870234566877,0,05_172_181_5572_ego_181,0,5572,5572,5575,vehicle_vehicle,0.13323555141218008,2.424593253589799,2.85587533691155,14.149965699605069,15.0,3.0,3.5,0.8,0.08175065748971075,0.2943023669629587
5,170,5566,247,90.0087,-28.9654,155.0544,1.9471,3.804,-5.135,2.1634,-0.954,-1.3701,5.5684,-0.2041,0.2871,-1.6446,car,181,86.9718,-19.8898,-0.1603,-0.2004,0.2565,0.0094,233.4448,0.2566247260105698,0.9238490136380513,3.036900000000003,-9.075599999999998,-4.9746999999999995,2.3638000000000003,5.50773914868887,9.570228679085991,0,05_172_181_5572_ego_181,0,5572,5572,5575,vehicle_vehicle,0.13323555141218008,2.424593253589799,2.85587533691155,14.149965699605069,15.0,3.0,3.5,0.8,0.08175065748971075,0.2943023669629587
5,172,5566,188,96.4845,-32.9665,130.8,2.1205,4.4441,-3.9254,4.1654,-1.0437,-1.3218,5.7181,-0.2498,-0.3187,-1.6538,car,181,86.9718,-19.8898,-0.1603,-0.2004,0.2565,0.0094,233.4448,0.2566247260105698,0.9238490136380513,9.512699999999995,-13.076700000000002,-3.7651,4.3658,5.765083490288757,16.170700175935487,0,05_172_181_5572_ego_181,1,5572,5572,5575,vehicle_vehicle,0.13323555141218008,2.424593253589799,2.85587533691155,14.149965699605069,15.0,3.0,3.5,0.8,0.08175065748971075,0.2943023669629587
5,174,5566,171,97.0251,-39.2696,113.6043,2.0887,4.7936,-2.1178,4.2808,-1.0052,-1.0902,4.7707,-0.2265,-0.5965,-1.3576,car,181,86.9718,-19.8898,-0.1603,-0.2004,0.2565,0.0094,233.4448,0.2566247260105698,0.9238490136380513,10.053299999999993,-19.379799999999996,-1.9575,4.4812,4.890087902072927,21.832212185896317,0,05_172_181_5572_ego_181,0,5572,5572,5575,vehicle_vehicle,0.13323555141218008,2.424593253589799,2.85587533691155,14.149965699605069,15.0,3.0,3.5,0.8,0.08175065748971075,0.2943023669629587
5,176,5566,153,100.8709,-40.3156,102.0356,2.1313,4.7502,-1.7196,7.727,-1.0663,0.5757,7.9157,-0.0705,0.7854,-0.9228,car,181,86.9718,-19.8898,-0.1603,-0.2004,0.2565,0.0094,233.4448,0.2566247260105698,0.9238490136380513,13.899100000000004,-20.425800000000002,-1.5593,7.9274000000000004,8.07929992326068,24.706239828229634,0,05_172_181_5572_ego_181,0,5572,5572,5575,vehicle_vehicle,0.13323555141218008,2.424593253589799,2.85587533691155,14.149965699605069,15.0,3.0,3.5,0.8,0.08175065748971075,0.2943023669629587
5,181,5566,72,86.9718,-19.8898,233.4448,2.1466,4.7117,-0.1603,-0.2004,0.5394,0.6796,0.2565,0.0094,-0.8672,-0.0285,car,181,86.9718,-19.8898,-0.1603,-0.2004,0.2565,0.0094,233.4448,0.2566247260105698,0.9238490136380513,0.0,0.0,0.0,0.0,0.0,0.0,1,05_172_181_5572_ego_181,1,5572,5572,5575,vehicle_vehicle,0.13323555141218008,2.424593253589799,2.85587533691155,14.149965699605069,15.0,3.0,3.5,0.8,0.08175065748971075,0.2943023669629587
5,169,5567,252,80.5668,-30.1046,180.0119,2.0217,4.7798,-7.0108,-0.3561,-1.4201,-2.0708,7.0109,-0.3547,1.4206,-2.0705,car,181,86.9659,-19.8961,-0.1377,-0.1721,0.2203,0.0082,233.4506,0.22040803070668727,0.7934689105440742,-6.399100000000004,-10.2085,-6.8731,-0.18400000000000002,6.87556249408003,12.048317436887196,0,05_172_181_5572_ego_181,0,5572,5572,5575,vehicle_vehicle,0.13323555141218008,2.424593253589799,2.85587533691155,14.149965699605069,15.0,3.0,3.5,0.8,0.08175065748971075,0.2943023669629587
5,170,5567,248,89.8032,-28.8808,155.7289,1.9471,3.804,-5.1718,2.11,-0.9939,-1.3568,5.582,-0.2024,0.3483,-1.6454,car,181,86.9659,-19.8961,-0.1377,-0.1721,0.2203,0.0082,233.4506,0.22040803070668727,0.7934689105440742,2.837299999999999,-8.9847,-5.0341000000000005,2.2821,5.527218398073303,9.422054201712067,0,05_172_181_5572_ego_181,0,5572,5572,5575,vehicle_vehicle,0.13323555141218008,2.424593253589799,2.85587533691155,14.149965699605069,15.0,3.0,3.5,0.8,0.08175065748971075,0.2943023669629587
5,172,5567,189,96.3266,-32.8013,131.4408,2.1205,4.4441,-3.9671,4.1131,-1.0318,-1.3172,5.7089,-0.2517,-0.3046,-1.6452,car,181,86.9659,-19.8961,-0.1377,-0.1721,0.2203,0.0082,233.4506,0.22040803070668727,0.7934689105440742,9.360699999999994,-12.905199999999997,-3.8293999999999997,4.285200000000001,5.746933390948603,15.942612443699428,0,05_172_181_5572_ego_181,1,5572,5572,5575,vehicle_vehicle,0.13323555141218008,2.424593253589799,2.85587533691155,14.149965699605069,15.0,3.0,3.5,0.8,0.08175065748971075,0.2943023669629587
5,174,5567,172,96.9389,-39.0998,114.3045,2.0887,4.7936,-2.1562,4.2366,-0.9866,-1.0778,4.7486,-0.2214,-0.5762,-1.3428,car,181,86.9659,-19.8961,-0.1377,-0.1721,0.2203,0.0082,233.4506,0.22040803070668727,0.7934689105440742,9.972999999999999,-19.2037,-2.0185,4.4087000000000005,4.848812013266755,21.638919166400157,0,05_172_181_5572_ego_181,0,5572,5572,5575,vehicle_vehicle,0.13323555141218008,2.424593253589799,2.85587533691155,14.149965699605069,15.0,3.0,3.5,0.8,0.08175065748971075,0.2943023669629587
5,176,5567,154,100.8014,-40.0066,102.4258,2.1313,4.7502,-1.7652,7.7506,-0.961,0.6022,7.9489,-0.0561,0.7949,-0.809,car,181,86.9659,-19.8961,-0.1377,-0.1721,0.2203,0.0082,233.4506,0.22040803070668727,0.7934689105440742,13.835499999999996,-20.1105,-1.6275000000000002,7.922700000000001,8.088135232548971,24.41010590923357,0,05_172_181_5572_ego_181,0,5572,5572,5575,vehicle_vehicle,0.13323555141218008,2.424593253589799,2.85587533691155,14.149965699605069,15.0,3.0,3.5,0.8,0.08175065748971075,0.2943023669629587
5,181,5567,73,86.9659,-19.8961,233.4506,2.1466,4.7117,-0.1377,-0.1721,0.5062,0.6357,0.2203,0.0082,-0.8121,-0.0281,car,181,86.9659,-19.8961,-0.1377,-0.1721,0.2203,0.0082,233.4506,0.22040803070668727,0.7934689105440742,0.0,0.0,0.0,0.0,0.0,0.0,1,05_172_181_5572_ego_181,1,5572,5572,5575,vehicle_vehicle,0.13323555141218008,2.424593253589799,2.85587533691155,14.149965699605069,15.0,3.0,3.5,0.8,0.08175065748971075,0.2943023669629587
5,169,5568,253,80.2837,-30.1196,180.7823,2.0217,4.7798,-7.0691,-0.4426,-1.3925,-2.0559,7.0745,-0.3461,1.4205,-2.0367,car,181,86.9611,-19.9012,-0.1166,-0.146,0.1867,0.0067,233.4538,0.18684635399172228,0.6726468743702002,-6.677400000000006,-10.218399999999999,-6.9525,-0.2966,6.958823737529209,12.20669362767822,0,05_172_181_5572_ego_181,0,5572,5572,5575,vehicle_vehicle,0.13323555141218008,2.424593253589799,2.85587533691155,14.149965699605069,15.0,3.0,3.5,0.8,0.08175065748971075,0.2943023669629587
5,170,5568,249,89.5963,-28.7977,156.4011,1.9471,3.804,-5.2104,2.0572,-1.035,-1.3449,5.5982,-0.2008,0.41,-1.6467,car,181,86.9611,-19.9012,-0.1166,-0.146,0.1867,0.0067,233.4538,0.18684635399172228,0.6726468743702002,2.6351999999999975,-8.8965,-5.0938,2.2032,5.549854834137556,9.278577007817523,0,05_172_181_5572_ego_181,0,5572,5572,5575,vehicle_vehicle,0.13323555141218008,2.424593253589799,2.85587533691155,14.149965699605069,15.0,3.0,3.5,0.8,0.08175065748971075,0.2943023669629587
5,172,5568,190,96.1667,-32.6382,132.0865,2.1205,4.4441,-4.008,4.0611,-1.02,-1.3133,5.7003,-0.2526,-0.2909,-1.6372,car,181,86.9611,-19.9012,-0.1166,-0.146,0.1867,0.0067,233.4538,0.18684635399172228,0.6726468743702002,9.205600000000004,-12.736999999999998,-3.8914,4.2071,5.7308537208691686,15.71541410081198,0,05_172_181_5572_ego_181,1,5572,5572,5575,vehicle_vehicle,0.13323555141218008,2.424593253589799,2.85587533691155,14.149965699605069,15.0,3.0,3.5,0.8,0.08175065748971075,0.2943023669629587
5,174,5568,173,96.8513,-38.9315,114.9995,2.0887,4.7936,-2.1937,4.193,-0.9699,-1.0649,4.7272,-0.2161,-0.5552,-1.329,car,181,86.9611,-19.9012,-0.1166,-0.146,0.1867,0.0067,233.4538,0.18684635399172228,0.6726468743702002,9.890199999999993,-19.0303,-2.0771,4.3389999999999995,4.810536914939952,21.4468732949584,0,05_172_181_5572_ego_181,0,5572,5572,5575,vehicle_vehicle,0.13323555141218008,2.424593253589799,2.85587533691155,14.149965699605069,15.0,3.0,3.5,0.8,0.08175065748971075,0.2943023669629587
5,176,5568,155,100.7303,-39.6961,102.7803,2.1313,4.7502,-1.8067,7.7753,-0.8528,0.628,7.9823,-0.0419,0.8011,-0.6928,car,181,86.9611,-19.9012,-0.1166,-0.146,0.1867,0.0067,233.4538,0.18684635399172228,0.6726468743702002,13.769199999999998,-19.794900000000002,-1.6901,7.9213,8.099594539234666,24.11283754870007,0,05_172_181_5572_ego_181,0,5572,5572,5575,vehicle_vehicle,0.13323555141218008,2.424593253589799,2.85587533691155,14.149965699605069,15.0,3.0,3.5,0.8,0.08175065748971075,0.2943023669629587
5,181,5568,74,86.9611,-19.9012,233.4538,2.1466,4.7117,-0.1166,-0.146,0.472,0.5908,0.1867,0.0067,-0.7557,-0.0273,car,181,86.9611,-19.9012,-0.1166,-0.146,0.1867,0.0067,233.4538,0.18684635399172228,0.6726468743702002,0.0,0.0,0.0,0.0,0.0,0.0,1,05_172_181_5572_ego_181,1,5572,5572,5575,vehicle_vehicle,0.13323555141218008,2.424593253589799,2.85587533691155,14.149965699605069,15.0,3.0,3.5,0.8,0.08175065748971075,0.2943023669629587
5,169,5569,254,79.9988,-30.1378,181.5293,2.0217,4.7798,-7.126,-0.529,-1.3636,-2.0372,7.1375,-0.3386,1.4175,-2.0,car,181,86.9577,-19.9052,-0.0971,-0.1222,0.156,0.0052,233.4508,0.1560809085058131,0.5618912706209271,-6.9589,-10.232599999999998,-7.0289,-0.40680000000000005,7.040662003675506,12.374667347852222,0,05_172_181_5572_ego_181,0,5572,5572,5575,vehicle_vehicle,0.13323555141218008,2.424593253589799,2.85587533691155,14.149965699605069,15.0,3.0,3.5,0.8,0.08175065748971075,0.2943023669629587
5,170,5569,250,89.3876,-28.7168,157.0791,1.9471,3.804,-5.2509,2.005,-1.0771,-1.3345,5.6172,-0.1984,0.4724,-1.6486,car,181,86.9577,-19.9052,-0.0971,-0.1222,0.156,0.0052,233.4508,0.1560809085058131,0.5618912706209271,2.4299000000000035,-8.811599999999999,-5.1537999999999995,2.1271999999999998,5.575538922830688,9.14049826705306,0,05_172_181_5572_ego_181,0,5572,5572,5575,vehicle_vehicle,0.13323555141218008,2.424593253589799,2.85587533691155,14.149965699605069,15.0,3.0,3.5,0.8,0.08175065748971075,0.2943023669629587
5,172,5569,191,96.0051,-32.4768,132.7237,2.1205,4.4441,-4.0484,4.0093,-1.0087,-1.31,5.692,-0.2539,-0.278,-1.6299,car,181,86.9577,-19.9052,-0.0971,-0.1222,0.156,0.0052,233.4508,0.1560809085058131,0.5618912706209271,9.047399999999996,-12.571599999999997,-3.9513,4.1315,5.716822888633161,15.488724070109837,0,05_172_181_5572_ego_181,1,5572,5572,5575,vehicle_vehicle,0.13323555141218008,2.424593253589799,2.85587533691155,14.149965699605069,15.0,3.0,3.5,0.8,0.08175065748971075,0.2943023669629587
5,174,5569,174,96.7625,-38.7647,115.677,2.0887,4.7936,-2.2304,4.1499,-0.9552,-1.0515,4.7065,-0.212,-0.5337,-1.3165,car,181,86.9577,-19.9052,-0.0971,-0.1222,0.156,0.0052,233.4508,0.1560809085058131,0.5618912706209271,9.8048,-18.859499999999997,-2.1332999999999998,4.2721,4.775123799442272,21.255936659907505,0,05_172_181_5572_ego_181,0,5572,5572,5575,vehicle_vehicle,0.13323555141218008,2.424593253589799,2.85587533691155,14.149965699605069,15.0,3.0,3.5,0.8,0.08175065748971075,0.2943023669629587
5,176,5569,156,100.6571,-39.3847,103.1069,2.1313,4.7502,-1.8437,7.8011,-0.7416,0.6533,8.0159,-0.0267,0.8044,-0.5742,car,181,86.9577,-19.9052,-0.0971,-0.1222,0.156,0.0052,233.4508,0.1560809085058131,0.5618912706209271,13.699399999999997,-19.4795,-1.7466,7.9233,8.113525402067834,23.814375503254333,0,05_172_181_5572_ego_181,0,5572,5572,5575,vehicle_vehicle,0.13323555141218008,2.424593253589799,2.85587533691155,14.149965699605069,15.0,3.0,3.5,0.8,0.08175065748971075,0.2943023669629587
5,181,5569,75,86.9577,-19.9052,233.4508,2.1466,4.7117,-0.0971,-0.1222,0.437,0.5456,0.156,0.0052,-0.6986,-0.0262,car,181,86.9577,-19.9052,-0.0971,-0.1222,0.156,0.0052,233.4508,0.1560809085058131,0.5618912706209271,0.0,0.0,0.0,0.0,0.0,0.0,1,05_172_181_5572_ego_181,1,5572,5572,5575,vehicle_vehicle,0.13323555141218008,2.424593253589799,2.85587533691155,14.149965699605069,15.0,3.0,3.5,0.8,0.08175065748971075,0.2943023669629587
5,169,5570,255,79.7118,-30.1598,182.265,2.0217,4.7798,-7.1813,-0.6149,-1.3337,-2.0141,7.2,-0.3306,1.4122,-1.9598,car,181,86.9554,-19.9084,-0.0795,-0.1008,0.1283,0.0039,233.4442,0.12837791866205028,0.46216050718338103,-7.243600000000001,-10.2514,-7.1018,-0.5141,7.120383560595595,12.552328187232836,0,05_172_181_5572_ego_181,0,5572,5572,5575,vehicle_vehicle,0.13323555141218008,2.424593253589799,2.85587533691155,14.149965699605069,15.0,3.0,3.5,0.8,0.08175065748971075,0.2943023669629587
5,170,5570,251,89.1773,-28.638,157.764,1.9471,3.804,-5.2934,1.9533,-1.1201,-1.3258,5.6389,-0.1951,0.5351,-1.6511,car,181,86.9554,-19.9084,-0.0795,-0.1008,0.1283,0.0039,233.4442,0.12837791866205028,0.46216050718338103,2.221900000000005,-8.729600000000001,-5.2139,2.0541,5.60393433401927,9.007927384809452,0,05_172_181_5572_ego_181,0,5572,5572,5575,vehicle_vehicle,0.13323555141218008,2.424593253589799,2.85587533691155,14.149965699605069,15.0,3.0,3.5,0.8,0.08175065748971075,0.2943023669629587
5,172,5570,192,95.8423,-32.3174,133.3687,2.1205,4.4441,-4.0882,3.9576,-0.9979,-1.3075,5.6843,-0.2543,-0.2653,-1.6233,car,181,86.9554,-19.9084,-0.0795,-0.1008,0.1283,0.0039,233.4442,0.12837791866205028,0.46216050718338103,8.886899999999997,-12.408999999999999,-4.008699999999999,4.0584,5.70440936907582,15.263036153072557,0,05_172_181_5572_ego_181,1,5572,5572,5575,vehicle_vehicle,0.13323555141218008,2.424593253589799,2.85587533691155,14.149965699605069,15.0,3.0,3.5,0.8,0.08175065748971075,0.2943023669629587
5,174,5570,175,96.672,-38.5995,116.338,2.0887,4.7936,-2.2663,4.1074,-0.9428,-1.0375,4.6865,-0.2087,-0.5116,-1.3052,car,181,86.9554,-19.9084,-0.0795,-0.1008,0.1283,0.0039,233.4442,0.12837791866205028,0.46216050718338103,9.7166,-18.6911,-2.1868000000000003,4.2082,4.742472085315843,21.065838097972744,0,05_172_181_5572_ego_181,0,5572,5572,5575,vehicle_vehicle,0.13323555141218008,2.424593253589799,2.85587533691155,14.149965699605069,15.0,3.0,3.5,0.8,0.08175065748971075,0.2943023669629587
5,176,5570,157,100.5817,-39.0722,103.3902,2.1313,4.7502,-1.8759,7.8279,-0.6276,0.6778,8.0495,-0.0121,0.8048,-0.4536,car,181,86.9554,-19.9084,-0.0795,-0.1008,0.1283,0.0039,233.4442,0.12837791866205028,0.46216050718338103,13.6263,-19.163800000000002,-1.7964,7.928699999999999,8.129657843353556,23.514405842589348,0,05_172_181_5572_ego_181,0,5572,5572,5575,vehicle_vehicle,0.13323555141218008,2.424593253589799,2.85587533691155,14.149965699605069,15.0,3.0,3.5,0.8,0.08175065748971075,0.2943023669629587
5,181,5570,76,86.9554,-19.9084,233.4442,2.1466,4.7117,-0.0795,-0.1008,0.4017,0.5005,0.1283,0.0039,-0.6413,-0.0246,car,181,86.9554,-19.9084,-0.0795,-0.1008,0.1283,0.0039,233.4442,0.12837791866205028,0.46216050718338103,0.0,0.0,0.0,0.0,0.0,0.0,1,05_172_181_5572_ego_181,1,5572,5572,5575,vehicle_vehicle,0.13323555141218008,2.424593253589799,2.85587533691155,14.149965699605069,15.0,3.0,3.5,0.8,0.08175065748971075,0.2943023669629587
5,169,5571,256,79.4229,-30.1858,182.9896,2.0217,4.7798,-7.2352,-0.7,-1.3031,-1.9866,7.2619,-0.3217,1.405,-1.9159,car,181,86.9537,-19.9109,-0.0638,-0.0816,0.1036,0.0027,233.4444,0.10358088626768937,0.37289119056368175,-7.530799999999999,-10.274899999999999,-7.1714,-0.6184,7.198013373146788,12.739172604608195,0,05_172_181_5572_ego_181,0,5572,5572,5575,vehicle_vehicle,0.13323555141218008,2.424593253589799,2.85587533691155,14.149965699605069,15.0,3.0,3.5,0.8,0.08175065748971075,0.2943023669629587
5,170,5571,252,88.9657,-28.5617,158.4508,1.9471,3.804,-5.338,1.9023,-1.1634,-1.319,5.6636,-0.1913,0.5976,-1.6541,car,181,86.9537,-19.9109,-0.0638,-0.0816,0.1036,0.0027,233.4444,0.10358088626768937,0.37289119056368175,2.0120000000000005,-8.650799999999997,-5.2742,1.9839000000000002,5.634984015061622,8.881693793415755,0,05_172_181_5572_ego_181,0,5572,5572,5575,vehicle_vehicle,0.13323555141218008,2.424593253589799,2.85587533691155,14.149965699605069,15.0,3.0,3.5,0.8,0.08175065748971075,0.2943023669629587
5,172,5571,193,95.678,-32.1603,134.019,2.1205,4.4441,-4.1276,3.9061,-0.9876,-1.3057,5.6772,-0.2539,-0.2527,-1.6175,car,181,86.9537,-19.9109,-0.0638,-0.0816,0.1036,0.0027,233.4444,0.10358088626768937,0.37289119056368175,8.7243,-12.249399999999998,-4.0638000000000005,3.9877,5.693524543725091,15.038657215655922,0,05_172_181_5572_ego_181,1,5572,5572,5575,vehicle_vehicle,0.13323555141218008,2.424593253589799,2.85587533691155,14.149965699605069,15.0,3.0,3.5,0.8,0.08175065748971075,0.2943023669629587
5,174,5571,176,96.5808,-38.4361,116.9883,2.0887,4.7936,-2.3017,4.0654,-0.9326,-1.0232,4.6672,-0.2062,-0.4885,-1.2953,car,181,86.9537,-19.9109,-0.0638,-0.0816,0.1036,0.0027,233.4444,0.10358088626768937,0.37289119056368175,9.627099999999999,-18.5252,-2.2379,4.147,4.712303620311408,20.87735829672902,0,05_172_181_5572_ego_181,0,5572,5572,5575,vehicle_vehicle,0.13323555141218008,2.424593253589799,2.85587533691155,14.149965699605069,15.0,3.0,3.5,0.8,0.08175065748971075,0.2943023669629587
5,176,5571,158,100.5052,-38.7586,103.6335,2.1313,4.7502,-1.9032,7.8557,-0.5113,0.7017,8.083,0.0021,0.8025,-0.3315,car,181,86.9537,-19.9109,-0.0638,-0.0816,0.1036,0.0027,233.4444,0.10358088626768937,0.37289119056368175,13.551500000000004,-18.8477,-1.8394,7.9373,8.14764528253409,23.21376633680972,0,05_172_181_5572_ego_181,0,5572,5572,5575,vehicle_vehicle,0.13323555141218008,2.424593253589799,2.85587533691155,14.149965699605069,15.0,3.0,3.5,0.8,0.08175065748971075,0.2943023669629587
5,181,5571,77,86.9537,-19.9109,233.4444,2.1466,4.7117,-0.0638,-0.0816,0.3666,0.456,0.1036,0.0027,-0.5846,-0.0229,car,181,86.9537,-19.9109,-0.0638,-0.0816,0.1036,0.0027,233.4444,0.10358088626768937,0.37289119056368175,0.0,0.0,0.0,0.0,0.0,0.0,1,05_172_181_5572_ego_181,1,5572,5572,5575,vehicle_vehicle,0.13323555141218008,2.424593253589799,2.85587533691155,14.149965699605069,15.0,3.0,3.5,0.8,0.08175065748971075,0.2943023669629587
5,169,5572,257,79.1316,-30.2152,183.7013,2.0217,4.7798,-7.2875,-0.784,-1.2722,-1.9545,7.3229,-0.312,1.3957,-1.8683,car,181,86.9528,-19.9128,-0.0501,-0.0646,0.0817,0.0018,233.4423,0.08175065748971075,0.2943023669629587,-7.82119999999999,-10.302399999999999,-7.2374,-0.7194,7.273066417956047,12.934860463105114,0,05_172_181_5572_ego_181,0,5572,5572,5575,vehicle_vehicle,0.13323555141218008,2.424593253589799,2.85587533691155,14.149965699605069,15.0,3.0,3.5,0.8,0.08175065748971075,0.2943023669629587
5,170,5572,253,88.7524,-28.4872,159.1357,1.9471,3.804,-5.3847,1.8518,-1.2068,-1.3143,5.6911,-0.1874,0.6596,-1.6579,car,181,86.9528,-19.9128,-0.0501,-0.0646,0.0817,0.0018,233.4423,0.08175065748971075,0.2943023669629587,1.799599999999998,-8.5744,-5.3346,1.9163999999999999,5.668381260995065,8.76121541340013,0,05_172_181_5572_ego_181,0,5572,5572,5575,vehicle_vehicle,0.13323555141218008,2.424593253589799,2.85587533691155,14.149965699605069,15.0,3.0,3.5,0.8,0.08175065748971075,0.2943023669629587
5,172,5572,194,95.5111,-32.0051,134.6842,2.1205,4.4441,-4.1662,3.8546,-0.978,-1.3047,5.6703,-0.2516,-0.2399,-1.6128,car,181,86.9528,-19.9128,-0.0501,-0.0646,0.0817,0.0018,233.4423,0.08175065748971075,0.2943023669629587,8.558300000000003,-12.092299999999998,-4.1161,3.9192,5.683520726627115,14.81445976672791,0,05_172_181_5572_ego_181,1,5572,5572,5575,vehicle_vehicle,0.13323555141218008,2.424593253589799,2.85587533691155,14.149965699605069,15.0,3.0,3.5,0.8,0.08175065748971075,0.2943023669629587
5,174,5572,177,96.4874,-38.2738,117.6192,2.0887,4.7936,-2.3366,4.0238,-0.9247,-1.0082,4.6485,-0.2049,-0.4646,-1.2868,car,181,86.9528,-19.9128,-0.0501,-0.0646,0.0817,0.0018,233.4423,0.08175065748971075,0.2943023669629587,9.534599999999998,-18.361,-2.2864999999999998,4.0884,4.684345931931159,20.68900476485034,0,05_172_181_5572_ego_181,0,5572,5572,5575,vehicle_vehicle,0.13323555141218008,2.424593253589799,2.85587533691155,14.149965699605069,15.0,3.0,3.5,0.8,0.08175065748971075,0.2943023669629587
5,176,5572,159,100.4273,-38.4432,103.8361,2.1313,4.7502,-1.9252,7.8842,-0.3931,0.725,8.1159,0.0161,0.798,-0.2083,car,181,86.9528,-19.9128,-0.0501,-0.0646,0.0817,0.0018,233.4423,0.08175065748971075,0.2943023669629587,13.474500000000006,-18.530399999999997,-1.8751,7.9488,8.166971375607973,22.911522743152627,0,05_172_181_5572_ego_181,0,5572,5572,5575,vehicle_vehicle,0.13323555141218008,2.424593253589799,2.85587533691155,14.149965699605069,15.0,3.0,3.5,0.8,0.08175065748971075,0.2943023669629587
5,181,5572,78,86.9528,-19.9128,233.4423,2.1466,4.7117,-0.0501,-0.0646,0.3321,0.4125,0.0817,0.0018,-0.5291,-0.0211,car,181,86.9528,-19.9128,-0.0501,-0.0646,0.0817,0.0018,233.4423,0.08175065748971075,0.2943023669629587,0.0,0.0,0.0,0.0,0.0,0.0,1,05_172_181_5572_ego_181,1,5572,5572,5575,vehicle_vehicle,0.13323555141218008,2.424593253589799,2.85587533691155,14.149965699605069,15.0,3.0,3.5,0.8,0.08175065748971075,0.2943023669629587
5,169,5573,258,78.8386,-30.2484,184.3883,2.0217,4.7798,-7.3384,-0.8667,-1.2411,-1.9179,7.3832,-0.3026,1.3842,-1.8173,car,181,86.952,-19.914,-0.0381,-0.0497,0.0627,0.001,233.4375,0.06262347802541791,0.2254445208915045,-8.113399999999999,-10.334399999999999,-7.3003,-0.8170000000000001,7.345874290375517,13.138762609926399,0,05_172_181_5572_ego_181,0,5572,5572,5575,vehicle_vehicle,0.13323555141218008,2.424593253589799,2.85587533691155,14.149965699605069,15.0,3.0,3.5,0.8,0.08175065748971075,0.2943023669629587
5,170,5573,254,88.5369,-28.4147,159.825,1.9471,3.804,-5.4335,1.8017,-1.2498,-1.3119,5.7215,-0.1828,0.7206,-1.6624,car,181,86.952,-19.914,-0.0381,-0.0497,0.0627,0.001,233.4375,0.06262347802541791,0.2254445208915045,1.5849000000000046,-8.500699999999998,-5.3954,1.8514000000000002,5.704210998902478,8.647185004381482,0,05_172_181_5572_ego_181,0,5572,5572,5575,vehicle_vehicle,0.13323555141218008,2.424593253589799,2.85587533691155,14.149965699605069,15.0,3.0,3.5,0.8,0.08175065748971075,0.2943023669629587
5,172,5573,195,95.3428,-31.8518,135.3438,2.1205,4.4441,-4.2041,3.8031,-0.9694,-1.3044,5.6635,-0.2496,-0.2272,-1.6092,car,181,86.952,-19.914,-0.0381,-0.0497,0.0627,0.001,233.4375,0.06262347802541791,0.2254445208915045,8.390799999999999,-11.9378,-4.166,3.8528000000000002,5.674471238802784,14.591661779249133,0,05_172_181_5572_ego_181,1,5572,5572,5575,vehicle_vehicle,0.13323555141218008,2.424593253589799,2.85587533691155,14.149965699605069,15.0,3.0,3.5,0.8,0.08175065748971075,0.2943023669629587
5,174,5573,178,96.3932,-38.1136,118.2364,2.0887,4.7936,-2.3711,3.9828,-0.9194,-0.9926,4.6307,-0.2046,-0.4395,-1.2796,car,181,86.952,-19.914,-0.0381,-0.0497,0.0627,0.001,233.4375,0.06262347802541791,0.2254445208915045,9.441199999999995,-18.199599999999997,-2.333,4.0325,4.658749322511354,20.502724150707383,0,05_172_181_5572_ego_181,0,5572,5572,5575,vehicle_vehicle,0.13323555141218008,2.424593253589799,2.85587533691155,14.149965699605069,15.0,3.0,3.5,0.8,0.08175065748971075,0.2943023669629587
5,176,5573,160,100.3488,-38.1268,104.0042,2.1313,4.7502,-1.9421,7.9135,-0.2736,0.7479,8.1483,0.0306,0.7919,-0.0845,car,181,86.952,-19.914,-0.0381,-0.0497,0.0627,0.001,233.4375,0.06262347802541791,0.2254445208915045,13.396799999999999,-18.2128,-1.904,7.9632,8.187659631420933,22.60929751407593,0,05_172_181_5572_ego_181,0,5572,5572,5575,vehicle_vehicle,0.13323555141218008,2.424593253589799,2.85587533691155,14.149965699605069,15.0,3.0,3.5,0.8,0.08175065748971075,0.2943023669629587
5,181,5573,79,86.952,-19.914,233.4375,2.1466,4.7117,-0.0381,-0.0497,0.2987,0.3704,0.0627,0.001,-0.4755,-0.0193,car,181,86.952,-19.914,-0.0381,-0.0497,0.0627,0.001,233.4375,0.06262347802541791,0.2254445208915045,0.0,0.0,0.0,0.0,0.0,0.0,1,05_172_181_5572_ego_181,1,5572,5572,5575,vehicle_vehicle,0.13323555141218008,2.424593253589799,2.85587533691155,14.149965699605069,15.0,3.0,3.5,0.8,0.08175065748971075,0.2943023669629587
5,169,5574,259,78.5433,-30.2852,185.069,2.0217,4.7798,-7.3878,-0.9477,-1.2102,-1.8769,7.4426,-0.2912,1.3713,-1.7627,car,181,86.9513,-19.9149,-0.0277,-0.0369,0.0461,0.0003,233.4318,0.04614000433463352,0.1661040156046807,-8.408000000000001,-10.3703,-7.3601,-0.9107999999999999,7.416240870548907,13.350565010140958,0,05_172_181_5572_ego_181,0,5572,5572,5575,vehicle_vehicle,0.13323555141218008,2.424593253589799,2.85587533691155,14.149965699605069,15.0,3.0,3.5,0.8,0.08175065748971075,0.2943023669629587
5,170,5574,255,88.3193,-28.3447,160.5066,1.9471,3.804,-5.4844,1.7521,-1.292,-1.3122,5.7547,-0.1785,0.7801,-1.6682,car,181,86.9513,-19.9149,-0.0277,-0.0369,0.0461,0.0003,233.4318,0.04614000433463352,0.1661040156046807,1.367999999999995,-8.4298,-5.4567,1.789,5.742481683906358,8.540079158883715,0,05_172_181_5572_ego_181,0,5572,5572,5575,vehicle_vehicle,0.13323555141218008,2.424593253589799,2.85587533691155,14.149965699605069,15.0,3.0,3.5,0.8,0.08175065748971075,0.2943023669629587
5,172,5574,196,95.1734,-31.7005,136.0062,2.1205,4.4441,-4.2415,3.7515,-0.9622,-1.3048,5.6571,-0.2471,-0.2141,-1.607,car,181,86.9513,-19.9149,-0.0277,-0.0369,0.0461,0.0003,233.4318,0.04614000433463352,0.1661040156046807,8.222099999999998,-11.785600000000002,-4.2138,3.7884,5.666399650571781,14.370222537246946,0,05_172_181_5572_ego_181,1,5572,5572,5575,vehicle_vehicle,0.13323555141218008,2.424593253589799,2.85587533691155,14.149965699605069,15.0,3.0,3.5,0.8,0.08175065748971075,0.2943023669629587
5,174,5574,179,96.2985,-37.9554,118.8513,2.0887,4.7936,-2.4058,3.9425,-0.9163,-0.9763,4.614,-0.2047,-0.413,-1.2737,car,181,86.9513,-19.9149,-0.0277,-0.0369,0.0461,0.0003,233.4318,0.04614000433463352,0.1661040156046807,9.3472,-18.040499999999998,-2.3781000000000003,3.9794,4.63583692228275,20.318213211057707,0,05_172_181_5572_ego_181,0,5572,5572,5575,vehicle_vehicle,0.13323555141218008,2.424593253589799,2.85587533691155,14.149965699605069,15.0,3.0,3.5,0.8,0.08175065748971075,0.2943023669629587
5,176,5574,161,100.27,-37.81,104.1443,2.1313,4.7502,-1.9538,7.9438,-0.153,0.7705,8.1805,0.0466,0.7845,0.0399,car,181,86.9513,-19.9149,-0.0277,-0.0369,0.0461,0.0003,233.4318,0.04614000433463352,0.1661040156046807,13.318699999999993,-17.895100000000003,-1.9261,7.980700000000001,8.209837617151756,22.3074510803005,0,05_172_181_5572_ego_181,0,5572,5572,5575,vehicle_vehicle,0.13323555141218008,2.424593253589799,2.85587533691155,14.149965699605069,15.0,3.0,3.5,0.8,0.08175065748971075,0.2943023669629587
5,181,5574,80,86.9513,-19.9149,233.4318,2.1466,4.7117,-0.0277,-0.0369,0.2668,0.3302,0.0461,0.0003,-0.4241,-0.0175,car,181,86.9513,-19.9149,-0.0277,-0.0369,0.0461,0.0003,233.4318,0.04614000433463352,0.1661040156046807,0.0,0.0,0.0,0.0,0.0,0.0,1,05_172_181_5572_ego_181,1,5572,5572,5575,vehicle_vehicle,0.13323555141218008,2.424593253589799,2.85587533691155,14.149965699605069,15.0,3.0,3.5,0.8,0.08175065748971075,0.2943023669629587
5,169,5575,260,78.2466,-30.3253,185.729,2.0217,4.7798,-7.4358,-1.0267,-1.1796,-1.8318,7.5012,-0.2793,1.3566,-1.7049,car,181,86.9506,-19.9156,-0.0187,-0.0259,0.0319,-0.0004,233.4233,0.031945265689926575,0.11500295648373567,-8.703999999999994,-10.409699999999997,-7.4171000000000005,-1.0008,7.484315135668728,13.569136674453532,0,05_172_181_5572_ego_181,0,5572,5572,5575,vehicle_vehicle,0.13323555141218008,2.424593253589799,2.85587533691155,14.149965699605069,15.0,3.0,3.5,0.8,0.08175065748971075,0.2943023669629587
5,170,5575,256,88.1001,-28.2767,161.183,1.9471,3.804,-5.5374,1.7028,-1.3332,-1.3156,5.7907,-0.1742,0.8376,-1.6753,car,181,86.9506,-19.9156,-0.0187,-0.0259,0.0319,-0.0004,233.4233,0.031945265689926575,0.11500295648373567,1.1495000000000033,-8.3611,-5.5187,1.7287000000000001,5.783117963521062,8.43974783154094,0,05_172_181_5572_ego_181,0,5572,5572,5575,vehicle_vehicle,0.13323555141218008,2.424593253589799,2.85587533691155,14.149965699605069,15.0,3.0,3.5,0.8,0.08175065748971075,0.2943023669629587
5,172,5575,197,95.0033,-31.5507,136.6837,2.1205,4.4441,-4.2786,3.6996,-0.9563,-1.3056,5.6511,-0.2435,-0.1999,-1.606,car,181,86.9506,-19.9156,-0.0187,-0.0259,0.0319,-0.0004,233.4233,0.031945265689926575,0.11500295648373567,8.052700000000002,-11.635099999999998,-4.2599,3.7255000000000003,5.65916056142605,14.149965699605069,0,05_172_181_5572_ego_181,1,5572,5572,5575,vehicle_vehicle,0.13323555141218008,2.424593253589799,2.85587533691155,14.149965699605069,15.0,3.0,3.5,0.8,0.08175065748971075,0.2943023669629587
5,174,5575,180,96.2032,-37.7988,119.4715,2.0887,4.7936,-2.441,3.9031,-0.915,-0.9596,4.5989,-0.2048,-0.3853,-1.2687,car,181,86.9506,-19.9156,-0.0187,-0.0259,0.0319,-0.0004,233.4233,0.031945265689926575,0.11500295648373567,9.252600000000001,-17.8832,-2.4223,3.929,4.615688279119377,20.135030394811924,0,05_172_181_5572_ego_181,0,5572,5572,5575,vehicle_vehicle,0.13323555141218008,2.424593253589799,2.85587533691155,14.149965699605069,15.0,3.0,3.5,0.8,0.08175065748971075,0.2943023669629587
5,176,5575,162,100.1914,-37.4919,104.2543,2.1313,4.7502,-1.9606,7.9752,-0.0318,0.7926,8.2124,0.0635,0.776,0.1643,car,181,86.9506,-19.9156,-0.0187,-0.0259,0.0319,-0.0004,233.4233,0.031945265689926575,0.11500295648373567,13.240800000000007,-17.5763,-1.9419,8.0011,8.233381858021646,22.00556989332474,0,05_172_181_5572_ego_181,0,5572,5572,5575,vehicle_vehicle,0.13323555141218008,2.424593253589799,2.85587533691155,14.149965699605069,15.0,3.0,3.5,0.8,0.08175065748971075,0.2943023669629587
5,181,5575,81,86.9506,-19.9156,233.4233,2.1466,4.7117,-0.0187,-0.0259,0.2364,0.292,0.0319,-0.0004,-0.3754,-0.0158,car,181,86.9506,-19.9156,-0.0187,-0.0259,0.0319,-0.0004,233.4233,0.031945265689926575,0.11500295648373567,0.0,0.0,0.0,0.0,0.0,0.0,1,05_172_181_5572_ego_181,1,5572,5572,5575,vehicle_vehicle,0.13323555141218008,2.424593253589799,2.85587533691155,14.149965699605069,15.0,3.0,3.5,0.8,0.08175065748971075,0.2943023669629587
5,169,5576,261,77.9485,-30.3685,186.3846,2.0217,4.7798,-7.4827,-1.1037,-1.1493,-1.7829,7.5591,-0.2647,1.3405,-1.6441,car,181,86.9501,-19.9161,-0.0108,-0.0165,0.0197,-0.0011,233.415,0.019720294115453757,0.07099305881563353,-9.00160000000001,-10.4524,-7.471900000000001,-1.0872,7.5505823252249895,13.794254902675977,0,05_172_181_5572_ego_181,0,5572,5572,5575,vehicle_vehicle,0.13323555141218008,2.424593253589799,2.85587533691155,14.149965699605069,15.0,3.0,3.5,0.8,0.08175065748971075,0.2943023669629587
5,170,5576,257,87.8792,-28.2104,161.8394,1.9471,3.804,-5.5927,1.6538,-1.3727,-1.3224,5.8296,-0.1717,0.8922,-1.6844,car,181,86.9501,-19.9161,-0.0108,-0.0165,0.0197,-0.0011,233.415,0.019720294115453757,0.07099305881563353,0.9290999999999912,-8.2943,-5.5819,1.6703,5.826449150211473,8.346175129962226,0,05_172_181_5572_ego_181,0,5572,5572,5575,vehicle_vehicle,0.13323555141218008,2.424593253589799,2.85587533691155,14.149965699605069,15.0,3.0,3.5,0.8,0.08175065748971075,0.2943023669629587
5,172,5576,198,94.8318,-31.4027,137.3546,2.1205,4.4441,-4.3158,3.6473,-0.9517,-1.3065,5.6454,-0.241,-0.1851,-1.6057,car,181,86.9501,-19.9161,-0.0108,-0.0165,0.0197,-0.0011,233.415,0.019720294115453757,0.07099305881563353,7.881699999999995,-11.4866,-4.305000000000001,3.6638,5.65300410755202,13.93065592317892,0,05_172_181_5572_ego_181,1,5572,5572,5575,vehicle_vehicle,0.13323555141218008,2.424593253589799,2.85587533691155,14.149965699605069,15.0,3.0,3.5,0.8,0.08175065748971075,0.2943023669629587
5,174,5576,181,96.1063,-37.644,120.0854,2.0887,4.7936,-2.4767,3.8645,-0.9149,-0.9425,4.5854,-0.2058,-0.3569,-1.2641,car,181,86.9501,-19.9161,-0.0108,-0.0165,0.0197,-0.0011,233.415,0.019720294115453757,0.07099305881563353,9.156199999999998,-17.727899999999998,-2.4659,3.8810000000000002,4.5981326438022645,19.95280523761007,0,05_172_181_5572_ego_181,0,5572,5572,5575,vehicle_vehicle,0.13323555141218008,2.424593253589799,2.85587533691155,14.149965699605069,15.0,3.0,3.5,0.8,0.08175065748971075,0.2943023669629587
5,176,5576,163,100.1127,-37.1726,104.3161,2.1313,4.7502,-1.9624,8.0075,0.09,0.8141,8.2441,0.0785,0.7666,0.2885,car,181,86.9501,-19.9161,-0.0108,-0.0165,0.0197,-0.0011,233.415,0.019720294115453757,0.07099305881563353,13.162599999999998,-17.256500000000003,-1.9516,8.024000000000001,8.257924591566576,21.703475090639287,0,05_172_181_5572_ego_181,0,5572,5572,5575,vehicle_vehicle,0.13323555141218008,2.424593253589799,2.85587533691155,14.149965699605069,15.0,3.0,3.5,0.8,0.08175065748971075,0.2943023669629587
5,181,5576,82,86.9501,-19.9161,233.415,2.1466,4.7117,-0.0108,-0.0165,0.2076,0.2561,0.0197,-0.0011,-0.3294,-0.0141,car,181,86.9501,-19.9161,-0.0108,-0.0165,0.0197,-0.0011,233.415,0.019720294115453757,0.07099305881563353,0.0,0.0,0.0,0.0,0.0,0.0,1,05_172_181_5572_ego_181,1,5572,5572,5575,vehicle_vehicle,0.13323555141218008,2.424593253589799,2.85587533691155,14.149965699605069,15.0,3.0,3.5,0.8,0.08175065748971075,0.2943023669629587
5,169,5577,262,77.6485,-30.4146,187.0234,2.0217,4.7798,-7.5285,-1.1785,-1.1193,-1.7304,7.6161,-0.2491,1.3225,-1.5806,car,181,86.9499,-19.9163,-0.0042,-0.0086,0.0094,-0.0018,233.403,0.009570788891204319,0.03445484000833555,-9.301400000000001,-10.4983,-7.5243,-1.1699000000000002,7.614706593165622,14.026059491175705,0,05_172_181_5572_ego_181,0,5572,5572,5575,vehicle_vehicle,0.13323555141218008,2.424593253589799,2.85587533691155,14.149965699605069,15.0,3.0,3.5,0.8,0.08175065748971075,0.2943023669629587
5,170,5577,258,87.656,-28.1457,162.4812,1.9471,3.804,-5.6503,1.6047,-1.4099,-1.3329,5.8712,-0.1706,0.9433,-1.6954,car,181,86.9499,-19.9163,-0.0042,-0.0086,0.0094,-0.0018,233.403,0.009570788891204319,0.03445484000833555,0.7061000000000064,-8.229400000000002,-5.6461,1.6133,5.872067957713023,8.259636890929288,0,05_172_181_5572_ego_181,0,5572,5572,5575,vehicle_vehicle,0.13323555141218008,2.424593253589799,2.85587533691155,14.149965699605069,15.0,3.0,3.5,0.8,0.08175065748971075,0.2943023669629587
5,172,5577,199,94.6582,-31.2567,138.0334,2.1205,4.4441,-4.3526,3.5944,-0.9482,-1.307,5.6399,-0.238,-0.169,-1.6058,car,181,86.9499,-19.9163,-0.0042,-0.0086,0.0094,-0.0018,233.403,0.009570788891204319,0.03445484000833555,7.708299999999994,-11.340399999999999,-4.3484,3.6029999999999998,5.647140122221158,13.71213189296252,0,05_172_181_5572_ego_181,1,5572,5572,5575,vehicle_vehicle,0.13323555141218008,2.424593253589799,2.85587533691155,14.149965699605069,15.0,3.0,3.5,0.8,0.08175065748971075,0.2943023669629587
5,174,5577,182,96.0074,-37.4905,120.6866,2.0887,4.7936,-2.5128,3.8267,-0.9154,-0.9253,4.5732,-0.208,-0.3286,-1.2594,car,181,86.9499,-19.9163,-0.0042,-0.0086,0.0094,-0.0018,233.403,0.009570788891204319,0.03445484000833555,9.057500000000005,-17.574199999999998,-2.5086,3.8353,4.582859374888128,19.77095880047298,0,05_172_181_5572_ego_181,0,5572,5572,5575,vehicle_vehicle,0.13323555141218008,2.424593253589799,2.85587533691155,14.149965699605069,15.0,3.0,3.5,0.8,0.08175065748971075,0.2943023669629587
5,176,5577,164,100.0337,-36.8516,104.3545,2.1313,4.7502,-1.9592,8.0407,0.2123,0.835,8.2754,0.0955,0.7563,0.4127,car,181,86.9499,-19.9163,-0.0042,-0.0086,0.0094,-0.0018,233.403,0.009570788891204319,0.03445484000833555,13.083799999999997,-16.935299999999998,-1.955,8.049299999999999,8.283311867242473,21.40070579513675,0,05_172_181_5572_ego_181,0,5572,5572,5575,vehicle_vehicle,0.13323555141218008,2.424593253589799,2.85587533691155,14.149965699605069,15.0,3.0,3.5,0.8,0.08175065748971075,0.2943023669629587
5,181,5577,83,86.9499,-19.9163,233.403,2.1466,4.7117,-0.0042,-0.0086,0.1805,0.2225,0.0094,-0.0018,-0.2862,-0.0123,car,181,86.9499,-19.9163,-0.0042,-0.0086,0.0094,-0.0018,233.403,0.009570788891204319,0.03445484000833555,0.0,0.0,0.0,0.0,0.0,0.0,1,05_172_181_5572_ego_181,1,5572,5572,5575,vehicle_vehicle,0.13323555141218008,2.424593253589799,2.85587533691155,14.149965699605069,15.0,3.0,3.5,0.8,0.08175065748971075,0.2943023669629587
5,169,5578,263,77.3463,-30.4633,187.6347,2.0217,4.7798,-7.5731,-1.2511,-1.0894,-1.6745,7.6722,-0.2339,1.3023,-1.5149,car,181,86.9501,-19.9162,0.0013,-0.0022,0.001,-0.0024,233.3982,0.0025553864678361277,0.00919939128421006,-9.603800000000007,-10.5471,-7.5744,-1.2489000000000001,7.676671581486341,14.264441554088268,0,05_172_181_5572_ego_181,0,5572,5572,5575,vehicle_vehicle,0.13323555141218008,2.424593253589799,2.85587533691155,14.149965699605069,15.0,3.0,3.5,0.8,0.08175065748971075,0.2943023669629587
5,170,5578,259,87.4299,-28.083,163.1131,1.9471,3.804,-5.7097,1.5553,-1.4443,-1.3471,5.9153,-0.1704,0.9907,-1.7086,car,181,86.9501,-19.9162,0.0013,-0.0022,0.001,-0.0024,233.3982,0.0025553864678361277,0.00919939128421006,0.47979999999999734,-8.166799999999999,-5.710999999999999,1.5574999999999999,5.9195715427723306,8.180881998904518,0,05_172_181_5572_ego_181,0,5572,5572,5575,vehicle_vehicle,0.13323555141218008,2.424593253589799,2.85587533691155,14.149965699605069,15.0,3.0,3.5,0.8,0.08175065748971075,0.2943023669629587
5,172,5578,200,94.4825,-31.1126,138.7081,2.1205,4.4441,-4.389,3.541,-0.9461,-1.3067,5.6344,-0.2357,-0.1514,-1.6061,car,181,86.9501,-19.9162,0.0013,-0.0022,0.001,-0.0024,233.3982,0.0025553864678361277,0.00919939128421006,7.5323999999999955,-11.1964,-4.3903,3.5432,5.6417196252561155,13.494310753795466,0,05_172_181_5572_ego_181,1,5572,5572,5575,vehicle_vehicle,0.13323555141218008,2.424593253589799,2.85587533691155,14.149965699605069,15.0,3.0,3.5,0.8,0.08175065748971075,0.2943023669629587
5,174,5578,183,95.9062,-37.3389,121.2884,2.0887,4.7936,-2.5489,3.7899,-0.9164,-0.9082,4.5625,-0.2099,-0.3002,-1.2548,car,181,86.9501,-19.9162,0.0013,-0.0022,0.001,-0.0024,233.3982,0.0025553864678361277,0.00919939128421006,8.956099999999992,-17.422700000000003,-2.5502000000000002,3.7921,4.569851469139889,19.58984947619557,0,05_172_181_5572_ego_181,0,5572,5572,5575,vehicle_vehicle,0.13323555141218008,2.424593253589799,2.85587533691155,14.149965699605069,15.0,3.0,3.5,0.8,0.08175065748971075,0.2943023669629587
5,176,5578,165,99.9543,-36.5294,104.3579,2.1313,4.7502,-1.9505,8.0748,0.3347,0.8552,8.3062,0.1128,0.7455,0.5363,car,181,86.9501,-19.9162,0.0013,-0.0022,0.001,-0.0024,233.3982,0.0025553864678361277,0.00919939128421006,13.004199999999997,-16.613200000000003,-1.9518,8.077,8.309479661206229,21.097574075708327,0,05_172_181_5572_ego_181,0,5572,5572,5575,vehicle_vehicle,0.13323555141218008,2.424593253589799,2.85587533691155,14.149965699605069,15.0,3.0,3.5,0.8,0.08175065748971075,0.2943023669629587
5,181,5578,84,86.9501,-19.9162,233.3982,2.1466,4.7117,0.0013,-0.0022,0.1551,0.1913,0.001,-0.0024,-0.2461,-0.0105,car,181,86.9501,-19.9162,0.0013,-0.0022,0.001,-0.0024,233.3982,0.0025553864678361277,0.00919939128421006,0.0,0.0,0.0,0.0,0.0,0.0,1,05_172_181_5572_ego_181,1,5572,5572,5575,vehicle_vehicle,0.13323555141218008,2.424593253589799,2.85587533691155,14.149965699605069,15.0,3.0,3.5,0.8,0.08175065748971075,0.2943023669629587
5,169,5579,264,77.042,-30.5148,188.2224,2.0217,4.7798,-7.6162,-1.3214,-1.0599,-1.6151,7.7269,-0.2186,1.28,-1.4469,car,181,86.9503,-19.9161,0.0057,0.0029,-0.0057,-0.0028,233.3893,0.0063953107821277935,0.023023118815660056,-9.908299999999997,-10.598700000000001,-7.6219,-1.3242999999999998,7.7360926894654,14.508854213203742,0,05_172_181_5572_ego_181,0,5572,5572,5575,vehicle_vehicle,0.13323555141218008,2.424593253589799,2.85587533691155,14.149965699605069,15.0,3.0,3.5,0.8,0.08175065748971075,0.2943023669629587
5,170,5579,260,87.2011,-28.0218,163.7258,1.9471,3.804,-5.7709,1.5052,-1.4754,-1.3653,5.9615,-0.1723,1.0337,-1.7241,car,181,86.9503,-19.9161,0.0057,0.0029,-0.0057,-0.0028,233.3893,0.0063953107821277935,0.023023118815660056,0.25079999999999814,-8.105699999999999,-5.7766,1.5023000000000002,5.968753039789802,8.109579096969211,0,05_172_181_5572_ego_181,0,5572,5572,5575,vehicle_vehicle,0.13323555141218008,2.424593253589799,2.85587533691155,14.149965699605069,15.0,3.0,3.5,0.8,0.08175065748971075,0.2943023669629587
5,172,5579,201,94.3053,-30.9714,139.3806,2.1205,4.4441,-4.4249,3.4874,-0.9457,-1.3051,5.6291,-0.2337,-0.1318,-1.6063,car,181,86.9503,-19.9161,0.0057,0.0029,-0.0057,-0.0028,233.3893,0.0063953107821277935,0.023023118815660056,7.355000000000004,-11.055299999999999,-4.4306,3.4845,5.636661832148528,13.278391585203385,0,05_172_181_5572_ego_181,1,5572,5572,5575,vehicle_vehicle,0.13323555141218008,2.424593253589799,2.85587533691155,14.149965699605069,15.0,3.0,3.5,0.8,0.08175065748971075,0.2943023669629587
5,174,5579,184,95.8036,-37.1886,121.8856,2.0887,4.7936,-2.5851,3.754,-0.9179,-0.8914,4.553,-0.2121,-0.272,-1.2503,car,181,86.9503,-19.9161,0.0057,0.0029,-0.0057,-0.0028,233.3893,0.0063953107821277935,0.023023118815660056,8.853300000000004,-17.2725,-2.5908,3.7511,4.558837115975959,19.409280696099998,0,05_172_181_5572_ego_181,0,5572,5572,5575,vehicle_vehicle,0.13323555141218008,2.424593253589799,2.85587533691155,14.149965699605069,15.0,3.0,3.5,0.8,0.08175065748971075,0.2943023669629587
5,176,5579,166,99.8752,-36.206,104.3268,2.1313,4.7502,-1.9364,8.1098,0.4566,0.8748,8.3367,0.1306,0.7346,0.6589,car,181,86.9503,-19.9161,0.0057,0.0029,-0.0057,-0.0028,233.3893,0.0063953107821277935,0.023023118815660056,12.924900000000008,-16.289900000000003,-1.9421,8.1069,8.336280946561242,20.794563761233373,0,05_172_181_5572_ego_181,0,5572,5572,5575,vehicle_vehicle,0.13323555141218008,2.424593253589799,2.85587533691155,14.149965699605069,15.0,3.0,3.5,0.8,0.08175065748971075,0.2943023669629587
5,181,5579,85,86.9503,-19.9161,233.3893,2.1466,4.7117,0.0057,0.0029,0.1315,0.1627,-0.0057,-0.0028,-0.209,-0.0085,car,181,86.9503,-19.9161,0.0057,0.0029,-0.0057,-0.0028,233.3893,0.0063953107821277935,0.023023118815660056,0.0,0.0,0.0,0.0,0.0,0.0,1,05_172_181_5572_ego_181,1,5572,5572,5575,vehicle_vehicle,0.13323555141218008,2.424593253589799,2.85587533691155,14.149965699605069,15.0,3.0,3.5,0.8,0.08175065748971075,0.2943023669629587
5,169,5580,265,76.7362,-30.5687,188.7704,2.0217,4.7798,-7.6581,-1.3895,-1.0309,-1.5523,7.7804,-0.2056,1.2556,-1.377,car,181,86.9505,-19.9162,0.0092,0.007,-0.0112,-0.0032,233.3885,0.01156027681329474,0.041616996527861064,-10.214300000000009,-10.6525,-7.6673,-1.3964999999999999,7.793439647549726,14.758308871276553,0,05_172_181_5572_ego_181,0,5572,5572,5575,vehicle_vehicle,0.13323555141218008,2.424593253589799,2.85587533691155,14.149965699605069,15.0,3.0,3.5,0.8,0.08175065748971075,0.2943023669629587
5,170,5580,261,86.9699,-27.9625,164.315,1.9471,3.804,-5.8336,1.4544,-1.503,-1.3873,6.0096,-0.1768,1.0719,-1.742,car,181,86.9505,-19.9162,0.0092,0.007,-0.0112,-0.0032,233.3885,0.01156027681329474,0.041616996527861064,0.019399999999990314,-8.046299999999999,-5.8427999999999995,1.4474,6.019408492534793,8.046323387112897,0,05_172_181_5572_ego_181,0,5572,5572,5575,vehicle_vehicle,0.13323555141218008,2.424593253589799,2.85587533691155,14.149965699605069,15.0,3.0,3.5,0.8,0.08175065748971075,0.2943023669629587
5,172,5580,202,94.1274,-30.8327,140.0545,2.1205,4.4441,-4.4608,3.4337,-0.9473,-1.3021,5.6246,-0.2317,-0.1098,-1.6064,car,181,86.9505,-19.9162,0.0092,0.007,-0.0112,-0.0032,233.3885,0.01156027681329474,0.041616996527861064,7.176899999999989,-10.9165,-4.47,3.4267,5.6323328106567,13.06437391764335,0,05_172_181_5572_ego_181,1,5572,5572,5575,vehicle_vehicle,0.13323555141218008,2.424593253589799,2.85587533691155,14.149965699605069,15.0,3.0,3.5,0.8,0.08175065748971075,0.2943023669629587
5,174,5580,185,95.7001,-37.0397,122.4696,2.0887,4.7936,-2.6216,3.719,-0.9198,-0.8751,4.545,-0.2153,-0.2445,-1.2458,car,181,86.9505,-19.9162,0.0092,0.007,-0.0112,-0.0032,233.3885,0.01156027681329474,0.041616996527861064,8.749600000000001,-17.123500000000003,-2.6308,3.7119999999999997,4.549731051391938,19.22939812916671,0,05_172_181_5572_ego_181,0,5572,5572,5575,vehicle_vehicle,0.13323555141218008,2.424593253589799,2.85587533691155,14.149965699605069,15.0,3.0,3.5,0.8,0.08175065748971075,0.2943023669629587
5,176,5580,167,99.7976,-35.8811,104.2478,2.1313,4.7502,-1.9172,8.1456,0.5777,0.8935,8.3669,0.1465,0.7238,0.7799,car,181,86.9505,-19.9162,0.0092,0.007,-0.0112,-0.0032,233.3885,0.01156027681329474,0.041616996527861064,12.847099999999998,-15.964900000000004,-1.9264000000000001,8.1386,8.363481746258552,20.492096291497365,0,05_172_181_5572_ego_181,0,5572,5572,5575,vehicle_vehicle,0.13323555141218008,2.424593253589799,2.85587533691155,14.149965699605069,15.0,3.0,3.5,0.8,0.08175065748971075,0.2943023669629587
5,181,5580,86,86.9505,-19.9162,233.3885,2.1466,4.7117,0.0092,0.007,0.1096,0.1365,-0.0112,-0.0032,-0.175,-0.0066,car,181,86.9505,-19.9162,0.0092,0.007,-0.0112,-0.0032,233.3885,0.01156027681329474,0.041616996527861064,0.0,0.0,0.0,0.0,0.0,0.0,1,05_172_181_5572_ego_181,1,5572,5572,5575,vehicle_vehicle,0.13323555141218008,2.424593253589799,2.85587533691155,14.149965699605069,15.0,3.0,3.5,0.8,0.08175065748971075,0.2943023669629587
5,169,5581,266,76.429,-30.6259,189.2835,2.0217,4.7798,-7.6987,-1.4549,-1.0025,-1.4862,7.8326,-0.1939,1.2291,-1.305,car,181,86.9509,-19.9163,0.0119,0.0103,-0.0154,-0.0034,233.3976,0.015738487856207788,0.05665855628234804,-10.521900000000002,-10.709600000000002,-7.7105999999999995,-1.4652,7.848577157676415,15.013524295447759,0,05_172_181_5572_ego_181,0,5572,5572,5575,vehicle_vehicle,0.13323555141218008,2.424593253589799,2.85587533691155,14.149965699605069,15.0,3.0,3.5,0.8,0.08175065748971075,0.2943023669629587
5,170,5581,262,86.7365,-27.9046,164.8942,1.9471,3.804,-5.8979,1.4024,-1.5266,-1.413,6.0595,-0.1831,1.1056,-1.762,car,181,86.9509,-19.9163,0.0119,0.0103,-0.0154,-0.0034,233.3976,0.015738487856207788,0.05665855628234804,-0.2143999999999977,-7.988299999999999,-5.9098,1.3921000000000001,6.071546627507689,7.991176649905818,0,05_172_181_5572_ego_181,0,5572,5572,5575,vehicle_vehicle,0.13323555141218008,2.424593253589799,2.85587533691155,14.149965699605069,15.0,3.0,3.5,0.8,0.08175065748971075,0.2943023669629587
5,172,5581,203,93.9483,-30.6962,140.7385,2.1205,4.4441,-4.4968,3.3801,-0.9507,-1.2975,5.6208,-0.2288,-0.085,-1.6063,car,181,86.9509,-19.9163,0.0119,0.0103,-0.0154,-0.0034,233.3976,0.015738487856207788,0.05665855628234804,6.997399999999999,-10.779900000000001,-4.5087,3.3698,5.6288478154947486,12.851842310346015,0,05_172_181_5572_ego_181,1,5572,5572,5575,vehicle_vehicle,0.13323555141218008,2.424593253589799,2.85587533691155,14.149965699605069,15.0,3.0,3.5,0.8,0.08175065748971075,0.2943023669629587
5,174,5581,186,95.5951,-36.8922,123.0429,2.0887,4.7936,-2.6584,3.6848,-0.9217,-0.8596,4.5384,-0.2192,-0.218,-1.2414,car,181,86.9509,-19.9163,0.0119,0.0103,-0.0154,-0.0034,233.3976,0.015738487856207788,0.05665855628234804,8.644199999999998,-16.975900000000003,-2.6702999999999997,3.6745,4.542295932675457,19.050022951429746,0,05_172_181_5572_ego_181,0,5572,5572,5575,vehicle_vehicle,0.13323555141218008,2.424593253589799,2.85587533691155,14.149965699605069,15.0,3.0,3.5,0.8,0.08175065748971075,0.2943023669629587
5,176,5581,168,99.7211,-35.5544,104.1274,2.1313,4.7502,-1.8931,8.1821,0.6979,0.9114,8.3967,0.1612,0.7135,0.8992,car,181,86.9509,-19.9163,0.0119,0.0103,-0.0154,-0.0034,233.3976,0.015738487856207788,0.05665855628234804,12.770200000000003,-15.638100000000001,-1.905,8.1718,8.39090818922481,20.189803853678224,0,05_172_181_5572_ego_181,0,5572,5572,5575,vehicle_vehicle,0.13323555141218008,2.424593253589799,2.85587533691155,14.149965699605069,15.0,3.0,3.5,0.8,0.08175065748971075,0.2943023669629587
5,181,5581,87,86.9509,-19.9163,233.3976,2.1466,4.7117,0.0119,0.0103,0.0894,0.1126,-0.0154,-0.0034,-0.1437,-0.0047,car,181,86.9509,-19.9163,0.0119,0.0103,-0.0154,-0.0034,233.3976,0.015738487856207788,0.05665855628234804,0.0,0.0,0.0,0.0,0.0,0.0,1,05_172_181_5572_ego_181,1,5572,5572,5575,vehicle_vehicle,0.13323555141218008,2.424593253589799,2.85587533691155,14.149965699605069,15.0,3.0,3.5,0.8,0.08175065748971075,0.2943023669629587
5,169,5582,267,76.1196,-30.6862,189.7804,2.0217,4.7798,-7.738,-1.5173,-0.9747,-1.4169,7.8833,-0.1808,1.2012,-1.2307,car,181,86.9513,-19.9162,0.0139,0.0128,-0.0186,-0.0035,233.4041,0.018895766721676047,0.06802476019803377,-10.831699999999998,-10.77,-7.7519,-1.5301,7.901465662774217,15.274770862111156,0,05_172_181_5572_ego_181,0,5572,5572,5575,vehicle_vehicle,0.13323555141218008,2.424593253589799,2.85587533691155,14.149965699605069,15.0,3.0,3.5,0.8,0.08175065748971075,0.2943023669629587
5,170,5582,263,86.5003,-27.8484,165.4674,1.9471,3.804,-5.9634,1.3488,-1.5459,-1.4418,6.1111,-0.1907,1.1347,-1.7836,car,181,86.9513,-19.9162,0.0139,0.0128,-0.0186,-0.0035,233.4041,0.018895766721676047,0.06802476019803377,-0.4510000000000076,-7.932200000000002,-5.9773,1.336,6.124786632201975,7.945010877273865,0,05_172_181_5572_ego_181,0,5572,5572,5575,vehicle_vehicle,0.13323555141218008,2.424593253589799,2.85587533691155,14.149965699605069,15.0,3.0,3.5,0.8,0.08175065748971075,0.2943023669629587
5,172,5582,204,93.7679,-30.5624,141.3988,2.1205,4.4441,-4.533,3.3267,-0.9561,-1.2915,5.6181,-0.2282,-0.0586,-1.6058,car,181,86.9513,-19.9162,0.0139,0.0128,-0.0186,-0.0035,233.4041,0.018895766721676047,0.06802476019803377,6.816599999999994,-10.6462,-4.5469,3.3139000000000003,5.626387190729056,12.641503470711067,0,05_172_181_5572_ego_181,1,5572,5572,5575,vehicle_vehicle,0.13323555141218008,2.424593253589799,2.85587533691155,14.149965699605069,15.0,3.0,3.5,0.8,0.08175065748971075,0.2943023669629587
5,174,5582,187,95.4889,-36.7462,123.6214,2.0887,4.7936,-2.6957,3.6516,-0.9235,-0.8451,4.5333,-0.2228,-0.1924,-1.2369,car,181,86.9513,-19.9162,0.0139,0.0128,-0.0186,-0.0035,233.4041,0.018895766721676047,0.06802476019803377,8.537599999999998,-16.830000000000002,-2.7096,3.6388000000000003,4.536826820587271,18.87165900921273,0,05_172_181_5572_ego_181,0,5572,5572,5575,vehicle_vehicle,0.13323555141218008,2.424593253589799,2.85587533691155,14.149965699605069,15.0,3.0,3.5,0.8,0.08175065748971075,0.2943023669629587
5,176,5582,169,99.6459,-35.2261,103.9617,2.1313,4.7502,-1.8642,8.2193,0.817,0.9286,8.4262,0.174,0.704,1.0169,car,181,86.9513,-19.9162,0.0139,0.0128,-0.0186,-0.0035,233.4041,0.018895766721676047,0.06802476019803377,12.694599999999994,-15.309900000000003,-1.8781,8.2065,8.418663899930914,19.88833595779194,0,05_172_181_5572_ego_181,0,5572,5572,5575,vehicle_vehicle,0.13323555141218008,2.424593253589799,2.85587533691155,14.149965699605069,15.0,3.0,3.5,0.8,0.08175065748971075,0.2943023669629587
5,181,5582,88,86.9513,-19.9162,233.4041,2.1466,4.7117,0.0139,0.0128,0.0709,0.0908,-0.0186,-0.0035,-0.1152,-0.0028,car,181,86.9513,-19.9162,0.0139,0.0128,-0.0186,-0.0035,233.4041,0.018895766721676047,0.06802476019803377,0.0,0.0,0.0,0.0,0.0,0.0,1,05_172_181_5572_ego_181,1,5572,5572,5575,vehicle_vehicle,0.13323555141218008,2.424593253589799,2.85587533691155,14.149965699605069,15.0,3.0,3.5,0.8,0.08175065748971075,0.2943023669629587
5,169,5583,268,75.8086,-30.7491,190.2383,2.0217,4.7798,-7.7758,-1.5766,-0.948,-1.3448,7.9322,-0.1694,1.1719,-1.1549,car,181,86.9517,-19.916,0.0152,0.0146,-0.0208,-0.0035,233.4088,0.021076052761368768,0.07587378994092757,-11.143100000000004,-10.833099999999998,-7.791,-1.5912,7.951829879971025,15.541066025855498,0,05_172_181_5572_ego_181,0,5572,5572,5575,vehicle_vehicle,0.13323555141218008,2.424593253589799,2.85587533691155,14.149965699605069,15.0,3.0,3.5,0.8,0.08175065748971075,0.2943023669629587
5,170,5583,264,86.2614,-27.794,166.0433,1.9471,3.804,-6.0302,1.2935,-1.5606,-1.4733,6.1641,-0.1991,1.1591,-1.8062,car,181,86.9517,-19.916,0.0152,0.0146,-0.0208,-0.0035,233.4088,0.021076052761368768,0.07587378994092757,-0.6903000000000077,-7.878,-6.0454,1.2789000000000001,6.179194637653033,7.908185511860481,0,05_172_181_5572_ego_181,0,5572,5572,5575,vehicle_vehicle,0.13323555141218008,2.424593253589799,2.85587533691155,14.149965699605069,15.0,3.0,3.5,0.8,0.08175065748971075,0.2943023669629587
5,172,5583,205,93.5854,-30.4311,142.0491,2.1205,4.4441,-4.5692,3.274,-0.9633,-1.2842,5.6165,-0.2284,-0.0302,-1.6051,car,181,86.9517,-19.916,0.0152,0.0146,-0.0208,-0.0035,233.4088,0.021076052761368768,0.07587378994092757,6.633700000000005,-10.5151,-4.5844000000000005,3.2594,5.62498104174583,12.432751252236976,0,05_172_181_5572_ego_181,1,5572,5572,5575,vehicle_vehicle,0.13323555141218008,2.424593253589799,2.85587533691155,14.149965699605069,15.0,3.0,3.5,0.8,0.08175065748971075,0.2943023669629587
5,174,5583,188,95.381,-36.6015,124.199,2.0887,4.7936,-2.7333,3.6192,-0.9247,-0.8319,4.5297,-0.2264,-0.1683,-1.2324,car,181,86.9517,-19.916,0.0152,0.0146,-0.0208,-0.0035,233.4088,0.021076052761368768,0.07587378994092757,8.429299999999998,-16.6855,-2.7485,3.6046,4.53292327422382,18.69382274282069,0,05_172_181_5572_ego_181,0,5572,5572,5575,vehicle_vehicle,0.13323555141218008,2.424593253589799,2.85587533691155,14.149965699605069,15.0,3.0,3.5,0.8,0.08175065748971075,0.2943023669629587
5,176,5583,170,99.5724,-34.8961,103.7617,2.1313,4.7502,-1.8306,8.2569,0.9352,0.9452,8.4553,0.1861,0.6956,1.1332,car,181,86.9517,-19.916,0.0152,0.0146,-0.0208,-0.0035,233.4088,0.021076052761368768,0.07587378994092757,12.6207,-14.980099999999997,-1.8458,8.2423,8.446448184296166,19.587890761896745,0,05_172_181_5572_ego_181,0,5572,5572,5575,vehicle_vehicle,0.13323555141218008,2.424593253589799,2.85587533691155,14.149965699605069,15.0,3.0,3.5,0.8,0.08175065748971075,0.2943023669629587
5,181,5583,89,86.9517,-19.916,233.4088,2.1466,4.7117,0.0152,0.0146,0.054,0.0709,-0.0208,-0.0035,-0.0891,-0.0011,car,181,86.9517,-19.916,0.0152,0.0146,-0.0208,-0.0035,233.4088,0.021076052761368768,0.07587378994092757,0.0,0.0,0.0,0.0,0.0,0.0,1,05_172_181_5572_ego_181,1,5572,5572,5575,vehicle_vehicle,0.13323555141218008,2.424593253589799,2.85587533691155,14.149965699605069,15.0,3.0,3.5,0.8,0.08175065748971075,0.2943023669629587
5,169,5584,269,75.496,-30.8141,190.678,2.0217,4.7798,-7.8123,-1.6326,-0.9225,-1.2704,7.9795,-0.1567,1.1419,-1.0775,car,181,86.9521,-19.9158,0.0159,0.0158,-0.0221,-0.0034,233.4102,0.02241539649437413,0.08069542737974687,-11.456100000000006,-10.898299999999999,-7.8282,-1.6484,7.999871111461734,15.811868014248036,0,05_172_181_5572_ego_181,0,5572,5572,5575,vehicle_vehicle,0.13323555141218008,2.424593253589799,2.85587533691155,14.149965699605069,15.0,3.0,3.5,0.8,0.08175065748971075,0.2943023669629587
5,170,5584,265,86.0198,-27.7423,166.6197,1.9471,3.804,-6.0978,1.2364,-1.5701,-1.5069,6.2184,-0.2082,1.1788,-1.8293,car,181,86.9521,-19.9158,0.0159,0.0158,-0.0221,-0.0034,233.4102,0.02241539649437413,0.08069542737974687,-0.9322999999999979,-7.826499999999999,-6.113700000000001,1.2206,6.234355784682168,7.881832625728612,0,05_172_181_5572_ego_181,0,5572,5572,5575,vehicle_vehicle,0.13323555141218008,2.424593253589799,2.85587533691155,14.149965699605069,15.0,3.0,3.5,0.8,0.08175065748971075,0.2943023669629587
5,172,5584,206,93.4011,-30.302,142.6829,2.1205,4.4441,-4.6055,3.2218,-0.9728,-1.276,5.6158,-0.2297,0.0001,-1.6045,car,181,86.9521,-19.9158,0.0159,0.0158,-0.0221,-0.0034,233.4102,0.02241539649437413,0.08069542737974687,6.448999999999998,-10.386199999999999,-4.6214,3.206,5.624568779915488,12.225495958855818,0,05_172_181_5572_ego_181,1,5572,5572,5575,vehicle_vehicle,0.13323555141218008,2.424593253589799,2.85587533691155,14.149965699605069,15.0,3.0,3.5,0.8,0.08175065748971075,0.2943023669629587
5,174,5584,189,95.2715,-36.4581,124.7761,2.0887,4.7936,-2.7711,3.5877,-0.9252,-0.8202,4.5275,-0.2299,-0.1461,-1.2278,car,181,86.9521,-19.9158,0.0159,0.0158,-0.0221,-0.0034,233.4102,0.02241539649437413,0.08069542737974687,8.319400000000002,-16.5423,-2.787,3.5719,4.530545067649145,18.516481999829235,0,05_172_181_5572_ego_181,0,5572,5572,5575,vehicle_vehicle,0.13323555141218008,2.424593253589799,2.85587533691155,14.149965699605069,15.0,3.0,3.5,0.8,0.08175065748971075,0.2943023669629587
5,176,5584,171,99.4996,-34.5649,103.521,2.1313,4.7502,-1.7922,8.2951,1.0525,0.9614,8.4842,0.1968,0.6886,1.248,car,181,86.9521,-19.9158,0.0159,0.0158,-0.0221,-0.0034,233.4102,0.02241539649437413,0.08069542737974687,12.5475,-14.6491,-1.8081,8.2793,8.474434146301451,19.288231828241802,0,05_172_181_5572_ego_181,0,5572,5572,5575,vehicle_vehicle,0.13323555141218008,2.424593253589799,2.85587533691155,14.149965699605069,15.0,3.0,3.5,0.8,0.08175065748971075,0.2943023669629587
5,181,5584,90,86.9521,-19.9158,233.4102,2.1466,4.7117,0.0159,0.0158,0.0385,0.0528,-0.0221,-0.0034,-0.0654,0.0005,car,181,86.9521,-19.9158,0.0159,0.0158,-0.0221,-0.0034,233.4102,0.02241539649437413,0.08069542737974687,0.0,0.0,0.0,0.0,0.0,0.0,1,05_172_181_5572_ego_181,1,5572,5572,5575,vehicle_vehicle,0.13323555141218008,2.424593253589799,2.85587533691155,14.149965699605069,15.0,3.0,3.5,0.8,0.08175065748971075,0.2943023669629587
5,169,5585,270,75.182,-30.8812,191.083,2.0217,4.7798,-7.8474,-1.6853,-0.8986,-1.194,8.025,-0.1453,1.1114,-0.9989,car,181,86.9525,-19.9156,0.0161,0.0164,-0.0227,-0.0031,233.4087,0.022981949438635532,0.08273501797908792,-11.770499999999998,-10.965599999999998,-7.8635,-1.7017,8.045521433692164,16.08692181898078,0,05_172_181_5572_ego_181,0,5572,5572,5575,vehicle_vehicle,0.13323555141218008,2.424593253589799,2.85587533691155,14.149965699605069,15.0,3.0,3.5,0.8,0.08175065748971075,0.2943023669629587
5,170,5585,266,85.7745,-27.6934,167.2082,1.9471,3.804,-6.1658,1.1778,-1.5745,-1.5423,6.2735,-0.2166,1.1939,-1.8526,car,181,86.9525,-19.9156,0.0161,0.0164,-0.0227,-0.0031,233.4087,0.022981949438635532,0.08273501797908792,-1.1779999999999973,-7.777799999999999,-6.1819,1.1614,6.2900506810358845,7.866502198563221,0,05_172_181_5572_ego_181,0,5572,5572,5575,vehicle_vehicle,0.13323555141218008,2.424593253589799,2.85587533691155,14.149965699605069,15.0,3.0,3.5,0.8,0.08175065748971075,0.2943023669629587
5,172,5585,207,93.2149,-30.1752,143.3105,2.1205,4.4441,-4.6416,3.1704,-0.9847,-1.2672,5.6163,-0.2309,0.0325,-1.6045,car,181,86.9525,-19.9156,0.0161,0.0164,-0.0227,-0.0031,233.4087,0.022981949438635532,0.08273501797908792,6.2623999999999995,-10.259599999999999,-4.6577,3.154,5.625112024662265,12.019860478391584,0,05_172_181_5572_ego_181,1,5572,5572,5575,vehicle_vehicle,0.13323555141218008,2.424593253589799,2.85587533691155,14.149965699605069,15.0,3.0,3.5,0.8,0.08175065748971075,0.2943023669629587
5,174,5585,190,95.1597,-36.316,125.3704,2.0887,4.7936,-2.8089,3.5569,-0.9248,-0.8105,4.5263,-0.2316,-0.1256,-1.2232,car,181,86.9525,-19.9156,0.0161,0.0164,-0.0227,-0.0031,233.4087,0.022981949438635532,0.08273501797908792,8.2072,-16.4004,-2.8249999999999997,3.5405,4.529433215094357,18.33933619300328,0,05_172_181_5572_ego_181,0,5572,5572,5575,vehicle_vehicle,0.13323555141218008,2.424593253589799,2.85587533691155,14.149965699605069,15.0,3.0,3.5,0.8,0.08175065748971075,0.2943023669629587
5,176,5585,172,99.4275,-34.2324,103.235,2.1313,4.7502,-1.7487,8.334,1.1685,0.9771,8.513,0.2058,0.6836,1.3612,car,181,86.9525,-19.9156,0.0161,0.0164,-0.0227,-0.0031,233.4087,0.022981949438635532,0.08273501797908792,12.474999999999994,-14.316799999999997,-1.7648,8.317599999999999,8.502763597795719,18.989375641131538,0,05_172_181_5572_ego_181,0,5572,5572,5575,vehicle_vehicle,0.13323555141218008,2.424593253589799,2.85587533691155,14.149965699605069,15.0,3.0,3.5,0.8,0.08175065748971075,0.2943023669629587
5,181,5585,91,86.9525,-19.9156,233.4087,2.1466,4.7117,0.0161,0.0164,0.0245,0.0363,-0.0227,-0.0031,-0.0437,0.0019,car,181,86.9525,-19.9156,0.0161,0.0164,-0.0227,-0.0031,233.4087,0.022981949438635532,0.08273501797908792,0.0,0.0,0.0,0.0,0.0,0.0,1,05_172_181_5572_ego_181,1,5572,5572,5575,vehicle_vehicle,0.13323555141218008,2.424593253589799,2.85587533691155,14.149965699605069,15.0,3.0,3.5,0.8,0.08175065748971075,0.2943023669629587
5,169,5586,271,74.8668,-30.9505,191.4353,2.0217,4.7798,-7.8814,-1.7345,-0.8766,-1.1158,8.0688,-0.1375,1.0805,-0.9199,car,181,86.9528,-19.9153,0.0158,0.0165,-0.0227,-0.0029,233.4008,0.022844911906155386,0.0822416828621594,-12.085999999999999,-11.035200000000003,-7.8972,-1.751,8.088990594629221,16.366032965871725,0,05_172_181_5572_ego_181,0,5572,5572,5575,vehicle_vehicle,0.13323555141218008,2.424593253589799,2.85587533691155,14.149965699605069,15.0,3.0,3.5,0.8,0.08175065748971075,0.2943023669629587
5,170,5586,267,85.5264,-27.6468,167.8003,1.9471,3.804,-6.2338,1.1174,-1.5737,-1.5791,6.3292,-0.2251,1.2045,-1.876,car,181,86.9528,-19.9153,0.0158,0.0165,-0.0227,-0.0029,233.4008,0.022844911906155386,0.0822416828621594,-1.426400000000001,-7.7315000000000005,-6.249599999999999,1.1009,6.345823900014874,7.861978708315102,0,05_172_181_5572_ego_181,0,5572,5572,5575,vehicle_vehicle,0.13323555141218008,2.424593253589799,2.85587533691155,14.149965699605069,15.0,3.0,3.5,0.8,0.08175065748971075,0.2943023669629587
5,172,5586,208,93.0278,-30.0502,143.9433,2.1205,4.4441,-4.678,3.1197,-0.9996,-1.2582,5.6181,-0.2313,0.0675,-1.6055,car,181,86.9528,-19.9153,0.0158,0.0165,-0.0227,-0.0029,233.4008,0.022844911906155386,0.0822416828621594,6.075000000000003,-10.134900000000002,-4.6937999999999995,3.1031999999999997,5.626864906855325,11.816167864836725,0,05_172_181_5572_ego_181,1,5572,5572,5575,vehicle_vehicle,0.13323555141218008,2.424593253589799,2.85587533691155,14.149965699605069,15.0,3.0,3.5,0.8,0.08175065748971075,0.2943023669629587
5,174,5586,191,95.0467,-36.1746,125.9672,2.0887,4.7936,-2.8468,3.5266,-0.9236,-0.8027,4.5262,-0.2328,-0.1073,-1.219,car,181,86.9528,-19.9153,0.0158,0.0165,-0.0227,-0.0029,233.4008,0.022844911906155386,0.0822416828621594,8.093900000000005,-16.2593,-2.8626,3.5101,4.529379733473448,18.16249029456038,0,05_172_181_5572_ego_181,0,5572,5572,5575,vehicle_vehicle,0.13323555141218008,2.424593253589799,2.85587533691155,14.149965699605069,15.0,3.0,3.5,0.8,0.08175065748971075,0.2943023669629587
5,176,5586,173,99.3577,-33.8986,102.9084,2.1313,4.7502,-1.7001,8.3737,1.2829,0.9923,8.5419,0.2135,0.6806,1.4721,car,181,86.9528,-19.9153,0.0158,0.0165,-0.0227,-0.0029,233.4008,0.022844911906155386,0.0822416828621594,12.404899999999998,-13.983300000000003,-1.7159,8.357199999999999,8.531535890447861,18.692624826385405,0,05_172_181_5572_ego_181,0,5572,5572,5575,vehicle_vehicle,0.13323555141218008,2.424593253589799,2.85587533691155,14.149965699605069,15.0,3.0,3.5,0.8,0.08175065748971075,0.2943023669629587
5,181,5586,92,86.9528,-19.9153,233.4008,2.1466,4.7117,0.0158,0.0165,0.0118,0.0212,-0.0227,-0.0029,-0.024,0.0032,car,181,86.9528,-19.9153,0.0158,0.0165,-0.0227,-0.0029,233.4008,0.022844911906155386,0.0822416828621594,0.0,0.0,0.0,0.0,0.0,0.0,1,05_172_181_5572_ego_181,1,5572,5572,5575,vehicle_vehicle,0.13323555141218008,2.424593253589799,2.85587533691155,14.149965699605069,15.0,3.0,3.5,0.8,0.08175065748971075,0.2943023669629587
5,169,5587,272,74.5505,-31.0215,191.7469,2.0217,4.7798,-7.9144,-1.7803,-0.8567,-1.0363,8.1111,-0.1318,1.0497,-0.8402,car,181,86.9531,-19.9151,0.0153,0.0161,-0.0221,-0.0026,233.3993,0.022210357943986406,0.07995728859835106,-12.402600000000007,-11.1064,-7.9296999999999995,-1.7964,8.13063312725399,16.648621796413064,0,05_172_181_5572_ego_181,0,5572,5572,5575,vehicle_vehicle,0.13323555141218008,2.424593253589799,2.85587533691155,14.149965699605069,15.0,3.0,3.5,0.8,0.08175065748971075,0.2943023669629587
5,170,5587,268,85.2758,-27.6033,168.4043,1.9471,3.804,-6.3019,1.0556,-1.5679,-1.6173,6.3854,-0.2327,1.2108,-1.8994,car,181,86.9531,-19.9151,0.0153,0.0161,-0.0221,-0.0026,233.3993,0.022210357943986406,0.07995728859835106,-1.6773000000000025,-7.688200000000002,-6.3172,1.0395,6.402154019546859,7.869037713087925,0,05_172_181_5572_ego_181,0,5572,5572,5575,vehicle_vehicle,0.13323555141218008,2.424593253589799,2.85587533691155,14.149965699605069,15.0,3.0,3.5,0.8,0.08175065748971075,0.2943023669629587
5,172,5587,209,92.8401,-29.9265,144.5561,2.1205,4.4441,-4.715,3.0693,-1.0174,-1.2492,5.6212,-0.2337,0.1045,-1.6077,car,181,86.9531,-19.9151,0.0153,0.0161,-0.0221,-0.0026,233.3993,0.022210357943986406,0.07995728859835106,5.8870000000000005,-10.011400000000002,-4.7303,3.0532000000000004,5.630077115812891,11.613995822282702,0,05_172_181_5572_ego_181,1,5572,5572,5575,vehicle_vehicle,0.13323555141218008,2.424593253589799,2.85587533691155,14.149965699605069,15.0,3.0,3.5,0.8,0.08175065748971075,0.2943023669629587
5,174,5587,192,94.9321,-36.0341,126.5654,2.0887,4.7936,-2.8846,3.4966,-0.9215,-0.7971,4.5268,-0.2338,-0.0912,-1.215,car,181,86.9531,-19.9151,0.0153,0.0161,-0.0221,-0.0026,233.3993,0.022210357943986406,0.07995728859835106,7.978999999999999,-16.119000000000003,-2.8998999999999997,3.4805,4.530264921613305,17.985733290583404,0,05_172_181_5572_ego_181,0,5572,5572,5575,vehicle_vehicle,0.13323555141218008,2.424593253589799,2.85587533691155,14.149965699605069,15.0,3.0,3.5,0.8,0.08175065748971075,0.2943023669629587
5,176,5587,174,99.2902,-33.5632,102.5485,2.1313,4.7502,-1.6468,8.4141,1.3954,1.0068,8.5709,0.2207,0.6796,1.5808,car,181,86.9531,-19.9151,0.0153,0.0161,-0.0221,-0.0026,233.3993,0.022210357943986406,0.07995728859835106,12.337099999999992,-13.648100000000003,-1.6621000000000001,8.398,8.560898341295731,18.397681104421824,0,05_172_181_5572_ego_181,0,5572,5572,5575,vehicle_vehicle,0.13323555141218008,2.424593253589799,2.85587533691155,14.149965699605069,15.0,3.0,3.5,0.8,0.08175065748971075,0.2943023669629587
5,181,5587,93,86.9531,-19.9151,233.3993,2.1466,4.7117,0.0153,0.0161,0.0002,0.0073,-0.0221,-0.0026,-0.006,0.0042,car,181,86.9531,-19.9151,0.0153,0.0161,-0.0221,-0.0026,233.3993,0.022210357943986406,0.07995728859835106,0.0,0.0,0.0,0.0,0.0,0.0,1,05_172_181_5572_ego_181,1,5572,5572,5575,vehicle_vehicle,0.13323555141218008,2.424593253589799,2.85587533691155,14.149965699605069,15.0,3.0,3.5,0.8,0.08175065748971075,0.2943023669629587
5,169,5588,273,74.2327,-31.0941,192.0374,2.0217,4.7798,-7.9463,-1.8228,-0.839,-0.9557,8.1517,-0.1255,1.0198,-0.7598,car,181,86.9533,-19.9146,0.0144,0.0153,-0.0209,-0.0024,233.3915,0.021010711553871752,0.07563856159393831,-12.720600000000005,-11.1795,-7.9607,-1.8381,8.170150310734805,16.93501947474523,0,05_172_181_5572_ego_181,0,5572,5572,5575,vehicle_vehicle,0.13323555141218008,2.424593253589799,2.85587533691155,14.149965699605069,15.0,3.0,3.5,0.8,0.08175065748971075,0.2943023669629587
5,170,5588,269,85.0218,-27.5614,169.0222,1.9471,3.804,-6.3694,0.9918,-1.5571,-1.6566,6.4417,-0.2392,1.2132,-1.9228,car,181,86.9533,-19.9146,0.0144,0.0153,-0.0209,-0.0024,233.3915,0.021010711553871752,0.07563856159393831,-1.9314999999999998,-7.646799999999999,-6.3838,0.9765,6.458053475312821,7.886966621585258,0,05_172_181_5572_ego_181,0,5572,5572,5575,vehicle_vehicle,0.13323555141218008,2.424593253589799,2.85587533691155,14.149965699605069,15.0,3.0,3.5,0.8,0.08175065748971075,0.2943023669629587
5,172,5588,210,92.6503,-29.8051,145.165,2.1205,4.4441,-4.7526,3.0195,-1.0383,-1.2403,5.6257,-0.2363,0.1438,-1.6111,car,181,86.9533,-19.9146,0.0144,0.0153,-0.0209,-0.0024,233.3915,0.021010711553871752,0.07563856159393831,5.697000000000003,-9.8905,-4.767,3.0042,5.634670056001505,11.413930052790757,0,05_172_181_5572_ego_181,1,5572,5572,5575,vehicle_vehicle,0.13323555141218008,2.424593253589799,2.85587533691155,14.149965699605069,15.0,3.0,3.5,0.8,0.08175065748971075,0.2943023669629587
5,174,5588,193,94.8158,-35.8946,127.1632,2.0887,4.7936,-2.9222,3.4666,-0.9187,-0.7935,4.5279,-0.2346,-0.0774,-1.2115,car,181,86.9533,-19.9146,0.0144,0.0153,-0.0209,-0.0024,233.3915,0.021010711553871752,0.07563856159393831,7.862499999999997,-15.979999999999997,-2.9366000000000003,3.4513000000000003,4.531566092423237,17.809528524079457,0,05_172_181_5572_ego_181,0,5572,5572,5575,vehicle_vehicle,0.13323555141218008,2.424593253589799,2.85587533691155,14.149965699605069,15.0,3.0,3.5,0.8,0.08175065748971075,0.2943023669629587
5,176,5588,175,99.2245,-33.226,102.1646,2.1313,4.7502,-1.5885,8.4552,1.5056,1.0206,8.6,0.2288,0.6804,1.6869,car,181,86.9533,-19.9146,0.0144,0.0153,-0.0209,-0.0024,233.3915,0.021010711553871752,0.07563856159393831,12.271200000000007,-13.311399999999999,-1.6029,8.4399,8.590762505156338,18.10457730520103,0,05_172_181_5572_ego_181,0,5572,5572,5575,vehicle_vehicle,0.13323555141218008,2.424593253589799,2.85587533691155,14.149965699605069,15.0,3.0,3.5,0.8,0.08175065748971075,0.2943023669629587
5,181,5588,94,86.9533,-19.9146,233.3915,2.1466,4.7117,0.0144,0.0153,-0.0105,-0.0054,-0.0209,-0.0024,0.0106,0.0052,car,181,86.9533,-19.9146,0.0144,0.0153,-0.0209,-0.0024,233.3915,0.021010711553871752,0.07563856159393831,0.0,0.0,0.0,0.0,0.0,0.0,1,05_172_181_5572_ego_181,1,5572,5572,5575,vehicle_vehicle,0.13323555141218008,2.424593253589799,2.85587533691155,14.149965699605069,15.0,3.0,3.5,0.8,0.08175065748971075,0.2943023669629587
5,169,5589,274,73.9137,-31.1681,192.3063,2.0217,4.7798,-7.9774,-1.8618,-0.8237,-0.8742,8.1909,-0.1188,0.9911,-0.6786,car,181,86.9534,-19.914,0.0132,0.014,-0.0191,-0.0023,233.3777,0.01924162155328911,0.0692698375918408,-13.039699999999996,-11.254099999999998,-7.990600000000001,-1.8758,8.207820295303742,17.224649282351145,0,05_172_181_5572_ego_181,0,5572,5572,5575,vehicle_vehicle,0.13323555141218008,2.424593253589799,2.85587533691155,14.149965699605069,15.0,3.0,3.5,0.8,0.08175065748971075,0.2943023669629587
5,170,5589,270,84.7645,-27.5222,169.6499,1.9471,3.804,-6.436,0.9261,-1.5418,-1.6966,6.4977,-0.2452,1.2119,-1.946,car,181,86.9534,-19.914,0.0132,0.014,-0.0191,-0.0023,233.3777,0.01924162155328911,0.0692698375918408,-2.188900000000004,-7.6082,-6.4492,0.9121,6.5133790807844125,7.916816939275534,0,05_172_181_5572_ego_181,0,5572,5572,5575,vehicle_vehicle,0.13323555141218008,2.424593253589799,2.85587533691155,14.149965699605069,15.0,3.0,3.5,0.8,0.08175065748971075,0.2943023669629587
5,172,5589,211,92.4592,-29.6859,145.7759,2.1205,4.4441,-4.791,2.9703,-1.0623,-1.2315,5.632,-0.2386,0.1857,-1.6158,car,181,86.9534,-19.914,0.0132,0.014,-0.0191,-0.0023,233.3777,0.01924162155328911,0.0692698375918408,5.505799999999994,-9.771899999999999,-4.804200000000001,2.9563,5.6409261057028575,11.216232132494401,0,05_172_181_5572_ego_181,1,5572,5572,5575,vehicle_vehicle,0.13323555141218008,2.424593253589799,2.85587533691155,14.149965699605069,15.0,3.0,3.5,0.8,0.08175065748971075,0.2943023669629587
5,174,5589,194,94.6978,-35.7564,127.7544,2.0887,4.7936,-2.9596,3.4368,-0.9151,-0.7919,4.5293,-0.2357,-0.0658,-1.2084,car,181,86.9534,-19.914,0.0132,0.014,-0.0191,-0.0023,233.3777,0.01924162155328911,0.0692698375918408,7.744399999999999,-15.842399999999998,-2.9728,3.4228,4.533552655478924,17.63398335941145,0,05_172_181_5572_ego_181,0,5572,5572,5575,vehicle_vehicle,0.13323555141218008,2.424593253589799,2.85587533691155,14.149965699605069,15.0,3.0,3.5,0.8,0.08175065748971075,0.2943023669629587
5,176,5589,176,99.1611,-32.8876,101.7403,2.1313,4.7502,-1.5255,8.497,1.6133,1.0335,8.6296,0.2354,0.6836,1.7898,car,181,86.9534,-19.914,0.0132,0.014,-0.0191,-0.0023,233.3777,0.01924162155328911,0.0692698375918408,12.207700000000003,-12.973599999999998,-1.5387000000000002,8.483,8.621420224649764,17.814102173559014,0,05_172_181_5572_ego_181,0,5572,5572,5575,vehicle_vehicle,0.13323555141218008,2.424593253589799,2.85587533691155,14.149965699605069,15.0,3.0,3.5,0.8,0.08175065748971075,0.2943023669629587
5,181,5589,95,86.9534,-19.914,233.3777,2.1466,4.7117,0.0132,0.014,-0.0203,-0.0169,-0.0191,-0.0023,0.0257,0.0062,car,181,86.9534,-19.914,0.0132,0.014,-0.0191,-0.0023,233.3777,0.01924162155328911,0.0692698375918408,0.0,0.0,0.0,0.0,0.0,0.0,1,05_172_181_5572_ego_181,1,5572,5572,5575,vehicle_vehicle,0.13323555141218008,2.424593253589799,2.85587533691155,14.149965699605069,15.0,3.0,3.5,0.8,0.08175065748971075,0.2943023669629587
5,169,5590,275,73.5941,-31.2436,192.5457,2.0217,4.7798,-8.0078,-1.8975,-0.8109,-0.792,8.2288,-0.1128,0.9635,-0.5969,car,181,86.9541,-19.9136,0.0116,0.0123,-0.0168,-0.002,233.3683,0.01690709910067366,0.06086555676242517,-13.36,-11.330000000000002,-8.0194,-1.9098,8.243671051176168,17.5173770867673,0,05_172_181_5572_ego_181,0,5572,5572,5575,vehicle_vehicle,0.13323555141218008,2.424593253589799,2.85587533691155,14.149965699605069,15.0,3.0,3.5,0.8,0.08175065748971075,0.2943023669629587
5,170,5590,271,84.5051,-27.4859,170.2819,1.9471,3.804,-6.5017,0.8586,-1.5223,-1.7371,6.5533,-0.2512,1.2072,-1.9691,car,181,86.9541,-19.9136,0.0116,0.0123,-0.0168,-0.002,233.3683,0.01690709910067366,0.06086555676242517,-2.448999999999998,-7.572300000000002,-6.513299999999999,0.8463,6.568051505583676,7.958475249066244,0,05_172_181_5572_ego_181,0,5572,5572,5575,vehicle_vehicle,0.13323555141218008,2.424593253589799,2.85587533691155,14.149965699605069,15.0,3.0,3.5,0.8,0.08175065748971075,0.2943023669629587
5,172,5590,212,92.2674,-29.5691,146.3837,2.1205,4.4441,-4.8306,2.9218,-1.0894,-1.2234,5.6403,-0.2412,0.2299,-1.6219,car,181,86.9541,-19.9136,0.0116,0.0123,-0.0168,-0.002,233.3683,0.01690709910067366,0.06086555676242517,5.313299999999998,-9.6555,-4.842199999999999,2.9095,5.649078782421077,11.020881867618398,0,05_172_181_5572_ego_181,1,5572,5572,5575,vehicle_vehicle,0.13323555141218008,2.424593253589799,2.85587533691155,14.149965699605069,15.0,3.0,3.5,0.8,0.08175065748971075,0.2943023669629587
5,174,5590,195,94.5782,-35.6188,128.3407,2.0887,4.7936,-2.9966,3.4067,-0.9111,-0.792,4.5309,-0.237,-0.056,-1.2059,car,181,86.9541,-19.9136,0.0116,0.0123,-0.0168,-0.002,233.3683,0.01690709910067366,0.06086555676242517,7.6240999999999985,-15.705200000000001,-3.0082,3.3943999999999996,4.535550528877393,17.457955431550396,0,05_172_181_5572_ego_181,0,5572,5572,5575,vehicle_vehicle,0.13323555141218008,2.424593253589799,2.85587533691155,14.149965699605069,15.0,3.0,3.5,0.8,0.08175065748971075,0.2943023669629587
5,176,5590,177,99.1009,-32.5474,101.2845,2.1313,4.7502,-1.458,8.5396,1.718,1.0453,8.6598,0.2413,0.6889,1.8893,car,181,86.9541,-19.9136,0.0116,0.0123,-0.0168,-0.002,233.3683,0.01690709910067366,0.06086555676242517,12.146799999999999,-12.633800000000004,-1.4696,8.5273,8.65300927134601,17.52591374736279,0,05_172_181_5572_ego_181,0,5572,5572,5575,vehicle_vehicle,0.13323555141218008,2.424593253589799,2.85587533691155,14.149965699605069,15.0,3.0,3.5,0.8,0.08175065748971075,0.2943023669629587
5,181,5590,96,86.9541,-19.9136,233.3683,2.1466,4.7117,0.0116,0.0123,-0.0294,-0.0274,-0.0168,-0.002,0.0396,0.0072,car,181,86.9541,-19.9136,0.0116,0.0123,-0.0168,-0.002,233.3683,0.01690709910067366,0.06086555676242517,0.0,0.0,0.0,0.0,0.0,0.0,1,05_172_181_5572_ego_181,1,5572,5572,5575,vehicle_vehicle,0.13323555141218008,2.424593253589799,2.85587533691155,14.149965699605069,15.0,3.0,3.5,0.8,0.08175065748971075,0.2943023669629587
5,169,5591,276,73.2735,-31.3204,192.7583,2.0217,4.7798,-8.0379,-1.9298,-0.8005,-0.709,8.2656,-0.1071,0.9373,-0.5148,car,181,86.9547,-19.9132,0.0096,0.0101,-0.0139,-0.0017,233.3529,0.013934489585198303,0.05016416250671389,-13.681200000000004,-11.4072,-8.047500000000001,-1.9399,8.278011129492398,17.81290109106319,0,05_172_181_5572_ego_181,0,5572,5572,5575,vehicle_vehicle,0.13323555141218008,2.424593253589799,2.85587533691155,14.149965699605069,15.0,3.0,3.5,0.8,0.08175065748971075,0.2943023669629587
5,170,5591,272,84.243,-27.452,170.9379,1.9471,3.804,-6.5663,0.7891,-1.4989,-1.7777,6.6086,-0.255,1.2002,-1.9916,car,181,86.9547,-19.9132,0.0096,0.0101,-0.0139,-0.0017,233.3529,0.013934489585198303,0.05016416250671389,-2.7117000000000075,-7.538800000000002,-6.5759,0.779,6.621880534259131,8.011667886900959,0,05_172_181_5572_ego_181,0,5572,5572,5575,vehicle_vehicle,0.13323555141218008,2.424593253589799,2.85587533691155,14.149965699605069,15.0,3.0,3.5,0.8,0.08175065748971075,0.2943023669629587
5,172,5591,213,92.0733,-29.4543,147.0036,2.1205,4.4441,-4.8712,2.8741,-1.1193,-1.2163,5.6507,-0.2423,0.2764,-1.6297,car,181,86.9547,-19.9132,0.0096,0.0101,-0.0139,-0.0017,233.3529,0.013934489585198303,0.05016416250671389,5.118600000000001,-9.5411,-4.8808,2.864,5.6590374305176665,10.827402974397877,0,05_172_181_5572_ego_181,1,5572,5572,5575,vehicle_vehicle,0.13323555141218008,2.424593253589799,2.85587533691155,14.149965699605069,15.0,3.0,3.5,0.8,0.08175065748971075,0.2943023669629587
5,174,5591,196,94.4568,-35.4823,128.9319,2.0887,4.7936,-3.0331,3.3763,-0.9068,-0.7934,4.5324,-0.2378,-0.0474,-1.204,car,181,86.9547,-19.9132,0.0096,0.0101,-0.0139,-0.0017,233.3529,0.013934489585198303,0.05016416250671389,7.502099999999999,-15.569100000000002,-3.0427,3.3662,4.537546223456021,17.282314058597596,0,05_172_181_5572_ego_181,0,5572,5572,5575,vehicle_vehicle,0.13323555141218008,2.424593253589799,2.85587533691155,14.149965699605069,15.0,3.0,3.5,0.8,0.08175065748971075,0.2943023669629587
5,176,5591,178,99.0432,-32.2052,100.8064,2.1313,4.7502,-1.3859,8.5827,1.8196,1.0557,8.6904,0.2478,0.6959,1.9852,car,181,86.9547,-19.9132,0.0096,0.0101,-0.0139,-0.0017,233.3529,0.013934489585198303,0.05016416250671389,12.088499999999996,-12.291999999999998,-1.3955,8.572600000000001,8.685441324998978,17.240217407271867,0,05_172_181_5572_ego_181,0,5572,5572,5575,vehicle_vehicle,0.13323555141218008,2.424593253589799,2.85587533691155,14.149965699605069,15.0,3.0,3.5,0.8,0.08175065748971075,0.2943023669629587
5,181,5591,97,86.9547,-19.9132,233.3529,2.1466,4.7117,0.0096,0.0101,-0.0377,-0.0369,-0.0139,-0.0017,0.0521,0.0082,car,181,86.9547,-19.9132,0.0096,0.0101,-0.0139,-0.0017,233.3529,0.013934489585198303,0.05016416250671389,0.0,0.0,0.0,0.0,0.0,0.0,1,05_172_181_5572_ego_181,1,5572,5572,5575,vehicle_vehicle,0.13323555141218008,2.424593253589799,2.85587533691155,14.149965699605069,15.0,3.0,3.5,0.8,0.08175065748971075,0.2943023669629587
5,169,5592,277,72.9514,-31.3986,192.9391,2.0217,4.7798,-8.0676,-1.9586,-0.7924,-0.6256,8.3013,-0.1024,0.9123,-0.4323,car,181,86.9551,-19.9128,0.0072,0.0076,-0.0105,-0.0012,233.3363,0.01046900186264192,0.037688406705510914,-14.003699999999995,-11.485799999999998,-8.0748,-1.9662,8.31073627785168,18.1115216182959,0,05_172_181_5572_ego_181,0,5572,5572,5575,vehicle_vehicle,0.13323555141218008,2.424593253589799,2.85587533691155,14.149965699605069,15.0,3.0,3.5,0.8,0.08175065748971075,0.2943023669629587
5,170,5592,273,83.9781,-27.4207,171.611,1.9471,3.804,-6.6295,0.7175,-1.4721,-1.8181,6.6632,-0.2574,1.1911,-2.0134,car,181,86.9551,-19.9128,0.0072,0.0076,-0.0105,-0.0012,233.3363,0.01046900186264192,0.037688406705510914,-2.977000000000004,-7.507899999999999,-6.6367,0.7099,6.674559528538194,8.076576713558783,0,05_172_181_5572_ego_181,0,5572,5572,5575,vehicle_vehicle,0.13323555141218008,2.424593253589799,2.85587533691155,14.149965699605069,15.0,3.0,3.5,0.8,0.08175065748971075,0.2943023669629587
5,172,5592,214,91.8773,-29.3417,147.6395,2.1205,4.4441,-4.913,2.8272,-1.1522,-1.2106,5.6633,-0.2416,0.3253,-1.6393,car,181,86.9551,-19.9128,0.0072,0.0076,-0.0105,-0.0012,233.3363,0.01046900186264192,0.037688406705510914,4.922200000000004,-9.428899999999999,-4.9202,2.8196,5.670847573335048,10.636362538480906,0,05_172_181_5572_ego_181,1,5572,5572,5575,vehicle_vehicle,0.13323555141218008,2.424593253589799,2.85587533691155,14.149965699605069,15.0,3.0,3.5,0.8,0.08175065748971075,0.2943023669629587
5,174,5592,197,94.3338,-35.3472,129.5216,2.0887,4.7936,-3.0691,3.3455,-0.9025,-0.796,4.5337,-0.2385,-0.0397,-1.2028,car,181,86.9551,-19.9128,0.0072,0.0076,-0.0105,-0.0012,233.3363,0.01046900186264192,0.037688406705510914,7.378699999999995,-15.4344,-3.0763000000000003,3.3379,4.53929489017843,17.10748131812512,0,05_172_181_5572_ego_181,0,5572,5572,5575,vehicle_vehicle,0.13323555141218008,2.424593253589799,2.85587533691155,14.149965699605069,15.0,3.0,3.5,0.8,0.08175065748971075,0.2943023669629587
5,176,5592,179,98.9881,-31.8616,100.2977,2.1313,4.7502,-1.3094,8.6265,1.9176,1.0648,8.7216,0.2538,0.7048,2.077,car,181,86.9551,-19.9128,0.0072,0.0076,-0.0105,-0.0012,233.3363,0.01046900186264192,0.037688406705510914,12.033000000000001,-11.948799999999999,-1.3166,8.6189,8.718880247485913,16.957797924258916,0,05_172_181_5572_ego_181,0,5572,5572,5575,vehicle_vehicle,0.13323555141218008,2.424593253589799,2.85587533691155,14.149965699605069,15.0,3.0,3.5,0.8,0.08175065748971075,0.2943023669629587
5,181,5592,98,86.9551,-19.9128,233.3363,2.1466,4.7117,0.0072,0.0076,-0.0451,-0.0453,-0.0105,-0.0012,0.0633,0.0091,car,181,86.9551,-19.9128,0.0072,0.0076,-0.0105,-0.0012,233.3363,0.01046900186264192,0.037688406705510914,0.0,0.0,0.0,0.0,0.0,0.0,1,05_172_181_5572_ego_181,1,5572,5572,5575,vehicle_vehicle,0.13323555141218008,2.424593253589799,2.85587533691155,14.149965699605069,15.0,3.0,3.5,0.8,0.08175065748971075,0.2943023669629587
5,169,5593,278,72.6285,-31.478,193.1033,2.0217,4.7798,-8.0972,-1.9838,-0.7865,-0.5418,8.3361,-0.0965,0.8889,-0.3494,car,181,86.9553,-19.9128,0.0046,0.0049,-0.0067,-0.0007,233.3209,0.006720863039818622,0.02419510694334704,-14.326799999999992,-11.5652,-8.1018,-1.9887,8.342307290552178,18.41225269433373,0,05_172_181_5572_ego_181,0,5572,5572,5575,vehicle_vehicle,0.13323555141218008,2.424593253589799,2.85587533691155,14.149965699605069,15.0,3.0,3.5,0.8,0.08175065748971075,0.2943023669629587
5,170,5593,274,83.7111,-27.3929,172.2896,1.9471,3.804,-6.6914,0.644,-1.4421,-1.8578,6.7173,-0.2596,1.1798,-2.0345,car,181,86.9553,-19.9128,0.0046,0.0049,-0.0067,-0.0007,233.3209,0.006720863039818622,0.02419510694334704,-3.244199999999992,-7.4801,-6.696,0.6391,6.726430317040384,8.15332629360557,0,05_172_181_5572_ego_181,0,5572,5572,5575,vehicle_vehicle,0.13323555141218008,2.424593253589799,2.85587533691155,14.149965699605069,15.0,3.0,3.5,0.8,0.08175065748971075,0.2943023669629587
5,172,5593,215,91.6804,-29.2314,148.2707,2.1205,4.4441,-4.9564,2.7812,-1.188,-1.2071,5.6783,-0.241,0.3756,-1.6514,car,181,86.9553,-19.9128,0.0046,0.0049,-0.0067,-0.0007,233.3209,0.006720863039818622,0.02419510694334704,4.725100000000012,-9.3186,-4.961,2.7763,5.685012109925537,10.448103941385734,0,05_172_181_5572_ego_181,1,5572,5572,5575,vehicle_vehicle,0.13323555141218008,2.424593253589799,2.85587533691155,14.149965699605069,15.0,3.0,3.5,0.8,0.08175065748971075,0.2943023669629587
5,174,5593,198,94.2097,-35.2133,130.1053,2.0887,4.7936,-3.1047,3.3143,-0.8987,-0.7994,4.535,-0.2396,-0.0325,-1.2024,car,181,86.9553,-19.9128,0.0046,0.0049,-0.0067,-0.0007,233.3209,0.006720863039818622,0.02419510694334704,7.254400000000004,-15.300499999999996,-3.1092999999999997,3.3093999999999997,4.540911235644229,16.933151496694286,0,05_172_181_5572_ego_181,0,5572,5572,5575,vehicle_vehicle,0.13323555141218008,2.424593253589799,2.85587533691155,14.149965699605069,15.0,3.0,3.5,0.8,0.08175065748971075,0.2943023669629587
5,176,5593,180,98.9367,-31.5164,99.7674,2.1313,4.7502,-1.2287,8.6709,2.0118,1.0721,8.7537,0.2601,0.7153,2.1645,car,181,86.9553,-19.9128,0.0046,0.0049,-0.0067,-0.0007,233.3209,0.006720863039818622,0.02419510694334704,11.981400000000008,-11.6036,-1.2332999999999998,8.666,8.75331850728625,16.67925294849863,0,05_172_181_5572_ego_181,0,5572,5572,5575,vehicle_vehicle,0.13323555141218008,2.424593253589799,2.85587533691155,14.149965699605069,15.0,3.0,3.5,0.8,0.08175065748971075,0.2943023669629587
5,181,5593,99,86.9553,-19.9128,233.3209,2.1466,4.7117,0.0046,0.0049,-0.0517,-0.0528,-0.0067,-0.0007,0.0732,0.0099,car,181,86.9553,-19.9128,0.0046,0.0049,-0.0067,-0.0007,233.3209,0.006720863039818622,0.02419510694334704,0.0,0.0,0.0,0.0,0.0,0.0,1,05_172_181_5572_ego_181,1,5572,5572,5575,vehicle_vehicle,0.13323555141218008,2.424593253589799,2.85587533691155,14.149965699605069,15.0,3.0,3.5,0.8,0.08175065748971075,0.2943023669629587
5,169,5594,279,72.3042,-31.5584,193.2447,2.0217,4.7798,-8.1266,-2.0055,-0.7827,-0.4579,8.3699,-0.0902,0.8668,-0.2664,car,181,86.9553,-19.913,0.0018,0.0021,-0.0027,-0.0002,233.3152,0.002765863337187866,0.009957108013876318,-14.6511,-11.645399999999999,-8.1284,-2.0076,8.372654556351886,18.715503529694306,0,05_172_181_5572_ego_181,0,5572,5572,5575,vehicle_vehicle,0.13323555141218008,2.424593253589799,2.85587533691155,14.149965699605069,15.0,3.0,3.5,0.8,0.08175065748971075,0.2943023669629587
5,170,5594,275,83.4417,-27.3683,172.9926,1.9471,3.804,-6.7518,0.5688,-1.4092,-1.8967,6.7708,-0.2592,1.1673,-2.0545,car,181,86.9553,-19.913,0.0018,0.0021,-0.0027,-0.0002,233.3152,0.002765863337187866,0.009957108013876318,-3.5135999999999967,-7.455300000000001,-6.7536000000000005,0.5667,6.777334420699631,8.241776692558467,0,05_172_181_5572_ego_181,0,5572,5572,5575,vehicle_vehicle,0.13323555141218008,2.424593253589799,2.85587533691155,14.149965699605069,15.0,3.0,3.5,0.8,0.08175065748971075,0.2943023669629587
5,172,5594,216,91.4826,-29.1226,148.9107,2.1205,4.4441,-5.0017,2.7361,-1.2262,-1.2064,5.6961,-0.2397,0.4271,-1.6663,car,181,86.9553,-19.913,0.0018,0.0021,-0.0027,-0.0002,233.3152,0.002765863337187866,0.009957108013876318,4.527300000000011,-9.209599999999998,-5.0035,2.734,5.701733793329885,10.262220882927831,0,05_172_181_5572_ego_181,1,5572,5572,5575,vehicle_vehicle,0.13323555141218008,2.424593253589799,2.85587533691155,14.149965699605069,15.0,3.0,3.5,0.8,0.08175065748971075,0.2943023669629587
5,174,5594,199,94.085,-35.0802,130.6928,2.0887,4.7936,-3.1402,3.2826,-0.8953,-0.8033,4.5363,-0.2407,-0.0253,-1.2026,car,181,86.9553,-19.913,0.0018,0.0021,-0.0027,-0.0002,233.3152,0.002765863337187866,0.009957108013876318,7.1297,-15.167199999999998,-3.142,3.2805,4.5424491466608625,16.759372838206087,0,05_172_181_5572_ego_181,0,5572,5572,5575,vehicle_vehicle,0.13323555141218008,2.424593253589799,2.85587533691155,14.149965699605069,15.0,3.0,3.5,0.8,0.08175065748971075,0.2943023669629587
5,176,5594,181,98.8887,-31.1689,99.2224,2.1313,4.7502,-1.1441,8.7157,2.1019,1.0776,8.7864,0.2675,0.7268,2.2474,car,181,86.9553,-19.913,0.0018,0.0021,-0.0027,-0.0002,233.3152,0.002765863337187866,0.009957108013876318,11.933400000000006,-11.2559,-1.1459,8.7136,8.788623997532264,16.40430798205155,0,05_172_181_5572_ego_181,0,5572,5572,5575,vehicle_vehicle,0.13323555141218008,2.424593253589799,2.85587533691155,14.149965699605069,15.0,3.0,3.5,0.8,0.08175065748971075,0.2943023669629587
5,181,5594,100,86.9553,-19.913,233.3152,2.1466,4.7117,0.0018,0.0021,-0.0574,-0.0595,-0.0027,-0.0002,0.082,0.0105,car,181,86.9553,-19.913,0.0018,0.0021,-0.0027,-0.0002,233.3152,0.002765863337187866,0.009957108013876318,0.0,0.0,0.0,0.0,0.0,0.0,1,05_172_181_5572_ego_181,1,5572,5572,5575,vehicle_vehicle,0.13323555141218008,2.424593253589799,2.85587533691155,14.149965699605069,15.0,3.0,3.5,0.8,0.08175065748971075,0.2943023669629587
5,169,5595,280,71.9787,-31.6395,193.3587,2.0217,4.7798,-8.156,-2.0236,-0.781,-0.3742,8.4028,-0.0844,0.8463,-0.1836,car,181,86.955,-19.9134,-0.0012,-0.0009,0.0015,0.0004,233.3038,0.0014999999999999998,0.005399999999999999,-14.976299999999995,-11.726100000000002,-8.1548,-2.0227,8.401909207436129,19.020803949886027,0,05_172_181_5572_ego_181,0,5572,5572,5575,vehicle_vehicle,0.13323555141218008,2.424593253589799,2.85587533691155,14.149965699605069,15.0,3.0,3.5,0.8,0.08175065748971075,0.2943023669629587
5,170,5595,276,83.1693,-27.3467,173.6978,1.9471,3.804,-6.8105,0.4919,-1.3738,-1.9347,6.8233,-0.2587,1.1531,-2.0738,car,181,86.955,-19.9134,-0.0012,-0.0009,0.0015,0.0004,233.3038,0.0014999999999999998,0.005399999999999999,-3.7856999999999914,-7.433299999999999,-6.8093,0.4928,6.827109075589755,8.341790777764684,0,05_172_181_5572_ego_181,0,5572,5572,5575,vehicle_vehicle,0.13323555141218008,2.424593253589799,2.85587533691155,14.149965699605069,15.0,3.0,3.5,0.8,0.08175065748971075,0.2943023669629587
5,172,5595,217,91.2829,-29.0148,149.5584,2.1205,4.4441,-5.049,2.6912,-1.2664,-1.2089,5.7165,-0.238,0.4793,-1.6839,car,181,86.955,-19.9134,-0.0012,-0.0009,0.0015,0.0004,233.3038,0.0014999999999999998,0.005399999999999999,4.3279,-9.101400000000002,-5.0478000000000005,2.6921,5.720811764950845,10.078005773465305,0,05_172_181_5572_ego_181,1,5572,5572,5575,vehicle_vehicle,0.13323555141218008,2.424593253589799,2.85587533691155,14.149965699605069,15.0,3.0,3.5,0.8,0.08175065748971075,0.2943023669629587
5,174,5595,200,93.959,-34.9483,131.2827,2.0887,4.7936,-3.1758,3.2502,-0.8923,-0.8072,4.5377,-0.2421,-0.0178,-1.2031,car,181,86.955,-19.9134,-0.0012,-0.0009,0.0015,0.0004,233.3038,0.0014999999999999998,0.005399999999999999,7.004000000000005,-15.034900000000004,-3.1746000000000003,3.2511,4.54397803361768,16.586266427680467,0,05_172_181_5572_ego_181,0,5572,5572,5575,vehicle_vehicle,0.13323555141218008,2.424593253589799,2.85587533691155,14.149965699605069,15.0,3.0,3.5,0.8,0.08175065748971075,0.2943023669629587
5,176,5595,182,98.8442,-30.819,98.6476,2.1313,4.7502,-1.0557,8.7606,2.1878,1.0812,8.8197,0.2735,0.74,2.3255,car,181,86.955,-19.9134,-0.0012,-0.0009,0.0015,0.0004,233.3038,0.0014999999999999998,0.005399999999999999,11.889200000000002,-10.9056,-1.0545,8.7615,8.824729599256852,16.133356377394012,0,05_172_181_5572_ego_181,0,5572,5572,5575,vehicle_vehicle,0.13323555141218008,2.424593253589799,2.85587533691155,14.149965699605069,15.0,3.0,3.5,0.8,0.08175065748971075,0.2943023669629587
5,181,5595,101,86.955,-19.9134,233.3038,2.1466,4.7117,-0.0012,-0.0009,-0.0625,-0.0654,0.0015,0.0004,0.0898,0.011,car,181,86.955,-19.9134,-0.0012,-0.0009,0.0015,0.0004,233.3038,0.0014999999999999998,0.005399999999999999,0.0,0.0,0.0,0.0,0.0,0.0,1,05_172_181_5572_ego_181,1,5572,5572,5575,vehicle_vehicle,0.13323555141218008,2.424593253589799,2.85587533691155,14.149965699605069,15.0,3.0,3.5,0.8,0.08175065748971075,0.2943023669629587
5,169,5596,281,71.6526,-31.7212,193.4464,2.0217,4.7798,-8.1856,-2.0381,-0.781,-0.2908,8.4351,-0.0788,0.8272,-0.1012,car,181,86.9547,-19.9137,-0.0043,-0.0041,0.0058,0.001,233.3002,0.0059413803110051795,0.021388969119618646,-15.302099999999996,-11.807500000000001,-8.1813,-2.034,8.430351457086472,19.327993187602274,0,05_172_181_5572_ego_181,0,5572,5572,5575,vehicle_vehicle,0.13323555141218008,2.424593253589799,2.85587533691155,14.149965699605069,15.0,3.0,3.5,0.8,0.08175065748971075,0.2943023669629587
5,170,5596,277,82.8954,-27.3285,174.4095,1.9471,3.804,-6.8676,0.4135,-1.3362,-1.9717,6.8752,-0.2575,1.1378,-2.0925,car,181,86.9547,-19.9137,-0.0043,-0.0041,0.0058,0.001,233.3002,0.0059413803110051795,0.021388969119618646,-4.0593000000000075,-7.4148,-6.863300000000001,0.41759999999999997,6.875992775592482,8.453234619363174,0,05_172_181_5572_ego_181,0,5572,5572,5575,vehicle_vehicle,0.13323555141218008,2.424593253589799,2.85587533691155,14.149965699605069,15.0,3.0,3.5,0.8,0.08175065748971075,0.2943023669629587
5,172,5596,218,91.0823,-28.9081,150.2079,2.1205,4.4441,-5.099,2.6462,-1.3077,-1.2148,5.7398,-0.237,0.5313,-1.704,car,181,86.9547,-19.9137,-0.0043,-0.0041,0.0058,0.001,233.3002,0.0059413803110051795,0.021388969119618646,4.127600000000001,-8.994400000000002,-5.0947000000000005,2.6503,5.742826671596489,9.896277740645726,0,05_172_181_5572_ego_181,1,5572,5572,5575,vehicle_vehicle,0.13323555141218008,2.424593253589799,2.85587533691155,14.149965699605069,15.0,3.0,3.5,0.8,0.08175065748971075,0.2943023669629587
5,174,5596,201,93.8315,-34.8183,131.8777,2.0887,4.7936,-3.2112,3.2174,-0.8895,-0.8106,4.5392,-0.2433,-0.0098,-1.2034,car,181,86.9547,-19.9137,-0.0043,-0.0041,0.0058,0.001,233.3002,0.0059413803110051795,0.021388969119618646,6.876800000000003,-14.904600000000002,-3.2068999999999996,3.2215000000000003,4.545576955679004,16.41455084368744,0,05_172_181_5572_ego_181,0,5572,5572,5575,vehicle_vehicle,0.13323555141218008,2.424593253589799,2.85587533691155,14.149965699605069,15.0,3.0,3.5,0.8,0.08175065748971075,0.2943023669629587
5,176,5596,183,98.8032,-30.4676,98.0516,2.1313,4.7502,-0.9636,8.8055,2.2692,1.0832,8.8537,0.2792,0.7546,2.3985,car,181,86.9547,-19.9137,-0.0043,-0.0041,0.0058,0.001,233.3002,0.0059413803110051795,0.021388969119618646,11.848500000000001,-10.553900000000002,-0.9593,8.8096,8.861676401787642,15.867317273565815,0,05_172_181_5572_ego_181,0,5572,5572,5575,vehicle_vehicle,0.13323555141218008,2.424593253589799,2.85587533691155,14.149965699605069,15.0,3.0,3.5,0.8,0.08175065748971075,0.2943023669629587
5,181,5596,102,86.9547,-19.9137,233.3002,2.1466,4.7117,-0.0043,-0.0041,-0.0669,-0.0708,0.0058,0.001,0.0968,0.0114,car,181,86.9547,-19.9137,-0.0043,-0.0041,0.0058,0.001,233.3002,0.0059413803110051795,0.021388969119618646,0.0,0.0,0.0,0.0,0.0,0.0,1,05_172_181_5572_ego_181,1,5572,5572,5575,vehicle_vehicle,0.13323555141218008,2.424593253589799,2.85587533691155,14.149965699605069,15.0,3.0,3.5,0.8,0.08175065748971075,0.2943023669629587
5,169,5597,282,71.3251,-31.8036,193.4976,2.0217,4.7798,-8.2154,-2.0491,-0.7826,-0.2079,8.4667,-0.075,0.8095,-0.0195,car,181,86.9544,-19.914,-0.0075,-0.0074,0.0104,0.0016,233.3002,0.01053612832116238,0.03793006195618457,-15.6293,-11.889599999999998,-8.2079,-2.0417,8.458023486607258,19.637657870784896,0,05_172_181_5572_ego_181,0,5572,5572,5575,vehicle_vehicle,0.13323555141218008,2.424593253589799,2.85587533691155,14.149965699605069,15.0,3.0,3.5,0.8,0.08175065748971075,0.2943023669629587
5,170,5597,278,82.619,-27.3131,175.1221,1.9471,3.804,-6.9229,0.3334,-1.2966,-2.0075,6.9262,-0.2565,1.1212,-2.1105,car,181,86.9544,-19.914,-0.0075,-0.0074,0.0104,0.0016,233.3002,0.01053612832116238,0.03793006195618457,-4.335400000000007,-7.399099999999997,-6.9154,0.3408,6.923792443451783,8.575685043773472,0,05_172_181_5572_ego_181,0,5572,5572,5575,vehicle_vehicle,0.13323555141218008,2.424593253589799,2.85587533691155,14.149965699605069,15.0,3.0,3.5,0.8,0.08175065748971075,0.2943023669629587
5,172,5597,219,90.8791,-28.8031,150.8516,2.1205,4.4441,-5.1513,2.6009,-1.3495,-1.224,5.7658,-0.2375,0.5824,-1.7263,car,181,86.9544,-19.914,-0.0075,-0.0074,0.0104,0.0016,233.3002,0.01053612832116238,0.03793006195618457,3.924699999999987,-8.8891,-5.1438,2.6083000000000003,5.767313701369122,9.716962946311973,0,05_172_181_5572_ego_181,1,5572,5572,5575,vehicle_vehicle,0.13323555141218008,2.424593253589799,2.85587533691155,14.149965699605069,15.0,3.0,3.5,0.8,0.08175065748971075,0.2943023669629587
5,174,5597,202,93.7021,-34.6897,132.4764,2.0887,4.7936,-3.2465,3.1842,-0.887,-0.8134,4.5408,-0.2442,-0.0009,-1.2035,car,181,86.9544,-19.914,-0.0075,-0.0074,0.0104,0.0016,233.3002,0.01053612832116238,0.03793006195618457,6.747699999999995,-14.7757,-3.2390000000000003,3.1916,4.547244391936726,16.243545357464296,0,05_172_181_5572_ego_181,0,5572,5572,5575,vehicle_vehicle,0.13323555141218008,2.424593253589799,2.85587533691155,14.149965699605069,15.0,3.0,3.5,0.8,0.08175065748971075,0.2943023669629587
5,176,5597,184,98.7659,-30.1141,97.4265,2.1313,4.7502,-0.8681,8.8504,2.346,1.0834,8.8884,0.2831,0.7711,2.4663,car,181,86.9544,-19.914,-0.0075,-0.0074,0.0104,0.0016,233.3002,0.01053612832116238,0.03793006195618457,11.811499999999995,-10.200099999999999,-0.8606,8.857800000000001,8.899508593175245,15.606203005856353,0,05_172_181_5572_ego_181,0,5572,5572,5575,vehicle_vehicle,0.13323555141218008,2.424593253589799,2.85587533691155,14.149965699605069,15.0,3.0,3.5,0.8,0.08175065748971075,0.2943023669629587
5,181,5597,103,86.9544,-19.914,233.3002,2.1466,4.7117,-0.0075,-0.0074,-0.0708,-0.0757,0.0104,0.0016,0.103,0.0116,car,181,86.9544,-19.914,-0.0075,-0.0074,0.0104,0.0016,233.3002,0.01053612832116238,0.03793006195618457,0.0,0.0,0.0,0.0,0.0,0.0,1,05_172_181_5572_ego_181,1,5572,5572,5575,vehicle_vehicle,0.13323555141218008,2.424593253589799,2.85587533691155,14.149965699605069,15.0,3.0,3.5,0.8,0.08175065748971075,0.2943023669629587
5,169,5598,283,70.9965,-31.8863,193.5247,2.0217,4.7798,-8.2455,-2.0565,-0.7854,-0.1258,8.4978,-0.0711,0.7931,0.0613,car,181,86.9539,-19.9143,-0.0108,-0.0109,0.0152,0.0021,233.301,0.015344380078712857,0.05523976828336628,-15.957400000000007,-11.971999999999998,-8.2347,-2.0456000000000003,8.484972801959945,19.949120250276707,0,05_172_181_5572_ego_181,0,5572,5572,5575,vehicle_vehicle,0.13323555141218008,2.424593253589799,2.85587533691155,14.149965699605069,15.0,3.0,3.5,0.8,0.08175065748971075,0.2943023669629587
5,170,5598,279,82.34,-27.3011,175.8316,1.9471,3.804,-6.9763,0.2518,-1.2552,-2.042,6.9761,-0.256,1.1035,-2.1279,car,181,86.9539,-19.9143,-0.0108,-0.0109,0.0152,0.0021,233.301,0.015344380078712857,0.05523976828336628,-4.613900000000001,-7.386800000000001,-6.9655000000000005,0.26270000000000004,6.970452032687694,8.709356316628687,0,05_172_181_5572_ego_181,0,5572,5572,5575,vehicle_vehicle,0.13323555141218008,2.424593253589799,2.85587533691155,14.149965699605069,15.0,3.0,3.5,0.8,0.08175065748971075,0.2943023669629587
5,172,5598,220,90.6737,-28.6995,151.4937,2.1205,4.4441,-5.206,2.555,-1.3909,-1.2364,5.7942,-0.2393,0.6322,-1.7503,car,181,86.9539,-19.9143,-0.0108,-0.0109,0.0152,0.0021,233.301,0.015344380078712857,0.05523976828336628,3.7197999999999922,-8.7852,-5.195200000000001,2.5659,5.794302878690413,9.540264727983178,0,05_172_181_5572_ego_181,1,5572,5572,5575,vehicle_vehicle,0.13323555141218008,2.424593253589799,2.85587533691155,14.149965699605069,15.0,3.0,3.5,0.8,0.08175065748971075,0.2943023669629587
5,174,5598,203,93.571,-34.5627,133.0839,2.0887,4.7936,-3.2815,3.1508,-0.8849,-0.8154,4.5427,-0.2444,0.0089,-1.2033,car,181,86.9539,-19.9143,-0.0108,-0.0109,0.0152,0.0021,233.301,0.015344380078712857,0.05523976828336628,6.6170999999999935,-14.648399999999999,-3.2706999999999997,3.1616999999999997,4.549046645177426,16.07363166711244,0,05_172_181_5572_ego_181,0,5572,5572,5575,vehicle_vehicle,0.13323555141218008,2.424593253589799,2.85587533691155,14.149965699605069,15.0,3.0,3.5,0.8,0.08175065748971075,0.2943023669629587
5,176,5598,185,98.7317,-29.7588,96.7726,2.1313,4.7502,-0.769,8.8951,2.4177,1.0823,8.9237,0.2854,0.7896,2.5285,car,181,86.9539,-19.9143,-0.0108,-0.0109,0.0152,0.0021,233.301,0.015344380078712857,0.05523976828336628,11.7778,-9.8445,-0.7582,8.905999999999999,8.938215886853483,15.350268827939137,0,05_172_181_5572_ego_181,0,5572,5572,5575,vehicle_vehicle,0.13323555141218008,2.424593253589799,2.85587533691155,14.149965699605069,15.0,3.0,3.5,0.8,0.08175065748971075,0.2943023669629587
5,181,5598,104,86.9539,-19.9143,233.301,2.1466,4.7117,-0.0108,-0.0109,-0.0742,-0.08,0.0152,0.0021,0.1085,0.0117,car,181,86.9539,-19.9143,-0.0108,-0.0109,0.0152,0.0021,233.301,0.015344380078712857,0.05523976828336628,0.0,0.0,0.0,0.0,0.0,0.0,1,05_172_181_5572_ego_181,1,5572,5572,5575,vehicle_vehicle,0.13323555141218008,2.424593253589799,2.85587533691155,14.149965699605069,15.0,3.0,3.5,0.8,0.08175065748971075,0.2943023669629587
5,169,5599,284,70.6673,-31.9698,193.539,2.0217,4.7798,-8.2762,-2.0602,-0.7893,-0.0449,8.5285,-0.0654,0.7778,0.1411,car,181,86.9532,-19.9147,-0.0141,-0.0147,0.0202,0.0026,233.299,0.020369094236121547,0.07332873925003756,-16.285899999999998,-12.0551,-8.2621,-2.0455,8.511543142110014,20.262180899893277,0,05_172_181_5572_ego_181,0,5572,5572,5575,vehicle_vehicle,0.13323555141218008,2.424593253589799,2.85587533691155,14.149965699605069,15.0,3.0,3.5,0.8,0.08175065748971075,0.2943023669629587
5,170,5599,280,82.0595,-27.2927,176.5287,1.9471,3.804,-7.0277,0.1688,-1.2126,-2.0753,7.0251,-0.257,1.0847,-2.1449,car,181,86.9532,-19.9147,-0.0141,-0.0147,0.0202,0.0026,233.299,0.020369094236121547,0.07332873925003756,-4.8936999999999955,-7.378,-7.0136,0.1835,7.016000086231471,8.85342779323353,0,05_172_181_5572_ego_181,0,5572,5572,5575,vehicle_vehicle,0.13323555141218008,2.424593253589799,2.85587533691155,14.149965699605069,15.0,3.0,3.5,0.8,0.08175065748971075,0.2943023669629587
5,172,5599,221,90.4668,-28.5973,152.1383,2.1205,4.4441,-5.2633,2.5083,-1.431,-1.2516,5.8254,-0.2422,0.6802,-1.7753,car,181,86.9532,-19.9147,-0.0141,-0.0147,0.0202,0.0026,233.299,0.020369094236121547,0.07332873925003756,3.513600000000011,-8.6826,-5.2492,2.523,5.824056115801083,9.366585702378433,0,05_172_181_5572_ego_181,1,5572,5572,5575,vehicle_vehicle,0.13323555141218008,2.424593253589799,2.85587533691155,14.149965699605069,15.0,3.0,3.5,0.8,0.08175065748971075,0.2943023669629587
5,174,5599,204,93.4392,-34.4373,133.6907,2.0887,4.7936,-3.3164,3.1173,-0.8833,-0.8166,4.5449,-0.2447,0.0197,-1.2028,car,181,86.9532,-19.9147,-0.0141,-0.0147,0.0202,0.0026,233.299,0.020369094236121547,0.07332873925003756,6.486000000000004,-14.5226,-3.3023,3.132,4.551330496678966,15.905159752734333,0,05_172_181_5572_ego_181,0,5572,5572,5575,vehicle_vehicle,0.13323555141218008,2.424593253589799,2.85587533691155,14.149965699605069,15.0,3.0,3.5,0.8,0.08175065748971075,0.2943023669629587
5,176,5599,186,98.7012,-29.4022,96.1141,2.1313,4.7502,-0.6663,8.9398,2.4838,1.0797,8.9599,0.2897,0.809,2.5847,car,181,86.9532,-19.9147,-0.0141,-0.0147,0.0202,0.0026,233.299,0.020369094236121547,0.07332873925003756,11.748000000000005,-9.4875,-0.6522,8.9545,8.97822004018614,15.10060132080839,0,05_172_181_5572_ego_181,0,5572,5572,5575,vehicle_vehicle,0.13323555141218008,2.424593253589799,2.85587533691155,14.149965699605069,15.0,3.0,3.5,0.8,0.08175065748971075,0.2943023669629587
5,181,5599,105,86.9532,-19.9147,233.299,2.1466,4.7117,-0.0141,-0.0147,-0.0772,-0.0839,0.0202,0.0026,0.1134,0.0117,car,181,86.9532,-19.9147,-0.0141,-0.0147,0.0202,0.0026,233.299,0.020369094236121547,0.07332873925003756,0.0,0.0,0.0,0.0,0.0,0.0,1,05_172_181_5572_ego_181,1,5572,5572,5575,vehicle_vehicle,0.13323555141218008,2.424593253589799,2.85587533691155,14.149965699605069,15.0,3.0,3.5,0.8,0.08175065748971075,0.2943023669629587
5,169,5600,285,70.3357,-32.0534,193.539,2.0217,4.7798,-8.3071,-2.0601,-0.7937,0.0344,8.5586,-0.0581,0.7636,0.2193,car,181,86.9527,-19.9154,-0.0177,-0.0186,0.0254,0.0031,233.3022,0.025675864152935532,0.09243311095056791,-16.61699999999999,-12.138000000000002,-8.2894,-2.0414999999999996,8.53708818099005,20.578040067022897,0,05_172_181_5572_ego_181,0,5572,5572,5575,vehicle_vehicle,0.13323555141218008,2.424593253589799,2.85587533691155,14.149965699605069,15.0,3.0,3.5,0.8,0.08175065748971075,0.2943023669629587
5,170,5600,281,81.7767,-27.2877,177.2474,1.9471,3.804,-7.0773,0.0845,-1.1687,-2.1072,7.0732,-0.2554,1.0662,-2.1609,car,181,86.9527,-19.9154,-0.0177,-0.0186,0.0254,0.0031,233.3022,0.025675864152935532,0.09243311095056791,-5.175999999999988,-7.372299999999999,-7.0596000000000005,0.1031,7.060352807756848,9.00787340552696,0,05_172_181_5572_ego_181,0,5572,5572,5575,vehicle_vehicle,0.13323555141218008,2.424593253589799,2.85587533691155,14.149965699605069,15.0,3.0,3.5,0.8,0.08175065748971075,0.2943023669629587
5,172,5600,222,90.2571,-28.497,152.7994,2.1205,4.4441,-5.323,2.4605,-1.4692,-1.2694,5.8591,-0.2448,0.7264,-1.8006,car,181,86.9527,-19.9154,-0.0177,-0.0186,0.0254,0.0031,233.3022,0.025675864152935532,0.09243311095056791,3.304400000000001,-8.581599999999998,-5.305300000000001,2.4791000000000003,5.855949530178689,9.195809802295825,0,05_172_181_5572_ego_181,1,5572,5572,5575,vehicle_vehicle,0.13323555141218008,2.424593253589799,2.85587533691155,14.149965699605069,15.0,3.0,3.5,0.8,0.08175065748971075,0.2943023669629587
5,174,5600,205,93.3051,-34.3133,134.303,2.0887,4.7936,-3.351,3.0838,-0.8823,-0.8168,4.5474,-0.2443,0.0317,-1.202,car,181,86.9527,-19.9154,-0.0177,-0.0186,0.0254,0.0031,233.3022,0.025675864152935532,0.09243311095056791,6.352400000000003,-14.397899999999996,-3.3333,3.1024000000000003,4.553655086850562,15.73697906747035,0,05_172_181_5572_ego_181,0,5572,5572,5575,vehicle_vehicle,0.13323555141218008,2.424593253589799,2.85587533691155,14.149965699605069,15.0,3.0,3.5,0.8,0.08175065748971075,0.2943023669629587
5,176,5600,187,98.6748,-29.0443,95.4371,2.1313,4.7502,-0.5602,8.9846,2.5436,1.0756,8.9973,0.2936,0.8298,2.6341,car,181,86.9527,-19.9154,-0.0177,-0.0186,0.0254,0.0031,233.3022,0.025675864152935532,0.09243311095056791,11.722100000000012,-9.128899999999998,-0.5425,9.0032,9.019529726654266,14.85747096985218,0,05_172_181_5572_ego_181,0,5572,5572,5575,vehicle_vehicle,0.13323555141218008,2.424593253589799,2.85587533691155,14.149965699605069,15.0,3.0,3.5,0.8,0.08175065748971075,0.2943023669629587
5,181,5600,106,86.9527,-19.9154,233.3022,2.1466,4.7117,-0.0177,-0.0186,-0.0797,-0.0872,0.0254,0.0031,0.1176,0.0118,car,181,86.9527,-19.9154,-0.0177,-0.0186,0.0254,0.0031,233.3022,0.025675864152935532,0.09243311095056791,0.0,0.0,0.0,0.0,0.0,0.0,1,05_172_181_5572_ego_181,1,5572,5572,5575,vehicle_vehicle,0.13323555141218008,2.424593253589799,2.85587533691155,14.149965699605069,15.0,3.0,3.5,0.8,0.08175065748971075,0.2943023669629587
5,169,5601,286,70.0019,-32.1367,193.5258,2.0217,4.7798,-8.3379,-2.0566,-0.799,0.1118,8.5876,-0.0494,0.7507,0.2956,car,181,86.9523,-19.9161,-0.0215,-0.0226,0.031,0.0037,233.2944,0.0311931082131935,0.11229518956749661,-16.950399999999988,-12.220599999999997,-8.3164,-2.034,8.561522350610316,20.896390227022454,0,05_172_181_5572_ego_181,0,5572,5572,5575,vehicle_vehicle,0.13323555141218008,2.424593253589799,2.85587533691155,14.149965699605069,15.0,3.0,3.5,0.8,0.08175065748971075,0.2943023669629587
5,170,5601,282,81.492,-27.2861,177.9689,1.9471,3.804,-7.1248,-0.001,-1.124,-2.138,7.1202,-0.2535,1.0475,-2.1765,car,181,86.9523,-19.9161,-0.0215,-0.0226,0.031,0.0037,233.2944,0.0311931082131935,0.11229518956749661,-5.4602999999999895,-7.370000000000001,-7.1033,0.021599999999999998,7.1033328409979495,9.172337547757381,0,05_172_181_5572_ego_181,0,5572,5572,5575,vehicle_vehicle,0.13323555141218008,2.424593253589799,2.85587533691155,14.149965699605069,15.0,3.0,3.5,0.8,0.08175065748971075,0.2943023669629587
5,172,5601,223,90.0443,-28.3985,153.4636,2.1205,4.4441,-5.3847,2.4116,-1.5046,-1.2893,5.8949,-0.2482,0.77,-1.8257,car,181,86.9523,-19.9161,-0.0215,-0.0226,0.031,0.0037,233.2944,0.0311931082131935,0.11229518956749661,3.092000000000013,-8.482399999999998,-5.3632,2.4342,5.889757540001116,9.028376031158652,0,05_172_181_5572_ego_181,1,5572,5572,5575,vehicle_vehicle,0.13323555141218008,2.424593253589799,2.85587533691155,14.149965699605069,15.0,3.0,3.5,0.8,0.08175065748971075,0.2943023669629587
5,174,5601,206,93.1689,-34.1904,134.9194,2.0887,4.7936,-3.385,3.0502,-0.8824,-0.8162,4.55,-0.2431,0.0451,-1.2012,car,181,86.9523,-19.9161,-0.0215,-0.0226,0.031,0.0037,233.2944,0.0311931082131935,0.11229518956749661,6.2166,-14.274299999999997,-3.3634999999999997,3.0728,4.555791049861703,15.569256759717206,0,05_172_181_5572_ego_181,0,5572,5572,5575,vehicle_vehicle,0.13323555141218008,2.424593253589799,2.85587533691155,14.149965699605069,15.0,3.0,3.5,0.8,0.08175065748971075,0.2943023669629587
5,176,5601,188,98.6558,-28.6842,94.7302,2.1313,4.7502,-0.4524,9.0293,2.597,1.0699,9.0359,0.2937,0.8521,2.6764,car,181,86.9523,-19.9161,-0.0215,-0.0226,0.031,0.0037,233.2944,0.0311931082131935,0.11229518956749661,11.703500000000005,-8.7681,-0.4309,9.0519,9.062150319874418,14.623661985289463,0,05_172_181_5572_ego_181,0,5572,5572,5575,vehicle_vehicle,0.13323555141218008,2.424593253589799,2.85587533691155,14.149965699605069,15.0,3.0,3.5,0.8,0.08175065748971075,0.2943023669629587
5,181,5601,107,86.9523,-19.9161,233.2944,2.1466,4.7117,-0.0215,-0.0226,-0.0817,-0.09,0.031,0.0037,0.121,0.0117,car,181,86.9523,-19.9161,-0.0215,-0.0226,0.031,0.0037,233.2944,0.0311931082131935,0.11229518956749661,0.0,0.0,0.0,0.0,0.0,0.0,1,05_172_181_5572_ego_181,1,5572,5572,5575,vehicle_vehicle,0.13323555141218008,2.424593253589799,2.85587533691155,14.149965699605069,15.0,3.0,3.5,0.8,0.08175065748971075,0.2943023669629587
5,169,5602,287,69.6674,-32.22,193.4781,2.0217,4.7798,-8.3687,-2.0494,-0.8054,0.1867,8.6159,-0.0425,0.7397,0.3693,car,181,86.9516,-19.9168,-0.0254,-0.0269,0.0367,0.0043,233.283,0.036996891761335846,0.13318881034080904,-17.2842,-12.3032,-8.343300000000001,-2.0225,8.584938039380367,21.215850204033774,0,05_172_181_5572_ego_181,0,5572,5572,5575,vehicle_vehicle,0.13323555141218008,2.424593253589799,2.85587533691155,14.149965699605069,15.0,3.0,3.5,0.8,0.08175065748971075,0.2943023669629587
5,170,5602,283,81.2055,-27.2878,178.6834,1.9471,3.804,-7.1702,-0.0878,-1.0787,-2.1674,7.1663,-0.2525,1.0286,-2.1916,car,181,86.9516,-19.9168,-0.0254,-0.0269,0.0367,0.0043,233.283,0.036996891761335846,0.13318881034080904,-5.746099999999998,-7.371000000000002,-7.1448,-0.0609,7.145059541389421,9.346085073976163,0,05_172_181_5572_ego_181,0,5572,5572,5575,vehicle_vehicle,0.13323555141218008,2.424593253589799,2.85587533691155,14.149965699605069,15.0,3.0,3.5,0.8,0.08175065748971075,0.2943023669629587
5,172,5602,224,89.8285,-28.3022,154.1422,2.1205,4.4441,-5.4482,2.3615,-1.5368,-1.3109,5.9327,-0.2511,0.8112,-1.8499,car,181,86.9516,-19.9168,-0.0254,-0.0269,0.0367,0.0043,233.283,0.036996891761335846,0.13318881034080904,2.8769000000000062,-8.3854,-5.4228,2.3884,5.9254716605515885,8.865183967070285,0,05_172_181_5572_ego_181,1,5572,5572,5575,vehicle_vehicle,0.13323555141218008,2.424593253589799,2.85587533691155,14.149965699605069,15.0,3.0,3.5,0.8,0.08175065748971075,0.2943023669629587
5,174,5602,207,93.0318,-34.0694,135.5338,2.0887,4.7936,-3.4185,3.0168,-0.8839,-0.8148,4.5529,-0.2417,0.0601,-1.2007,car,181,86.9516,-19.9168,-0.0254,-0.0269,0.0367,0.0043,233.283,0.036996891761335846,0.13318881034080904,6.080200000000005,-14.152600000000003,-3.3931,3.0437,4.55820549119936,15.403406077877715,0,05_172_181_5572_ego_181,0,5572,5572,5575,vehicle_vehicle,0.13323555141218008,2.424593253589799,2.85587533691155,14.149965699605069,15.0,3.0,3.5,0.8,0.08175065748971075,0.2943023669629587
5,176,5602,189,98.6432,-28.3222,94.0168,2.1313,4.7502,-0.3438,9.0738,2.645,1.0625,9.0756,0.2927,0.8746,2.7129,car,181,86.9516,-19.9168,-0.0254,-0.0269,0.0367,0.0043,233.283,0.036996891761335846,0.13318881034080904,11.691599999999994,-8.4054,-0.3184,9.1007,9.106268118719106,14.399453452127961,0,05_172_181_5572_ego_181,0,5572,5572,5575,vehicle_vehicle,0.13323555141218008,2.424593253589799,2.85587533691155,14.149965699605069,15.0,3.0,3.5,0.8,0.08175065748971075,0.2943023669629587
5,181,5602,108,86.9516,-19.9168,233.283,2.1466,4.7117,-0.0254,-0.0269,-0.0831,-0.0921,0.0367,0.0043,0.1235,0.0115,car,181,86.9516,-19.9168,-0.0254,-0.0269,0.0367,0.0043,233.283,0.036996891761335846,0.13318881034080904,0.0,0.0,0.0,0.0,0.0,0.0,1,05_172_181_5572_ego_181,1,5572,5572,5575,vehicle_vehicle,0.13323555141218008,2.424593253589799,2.85587533691155,14.149965699605069,15.0,3.0,3.5,0.8,0.08175065748971075,0.2943023669629587
5,169,5603,288,69.3325,-32.3026,193.4063,2.0217,4.7798,-8.4,-2.039,-0.8128,0.2588,8.6438,-0.0359,0.7307,0.4402,car,181,86.9506,-19.9178,-0.0294,-0.0313,0.0427,0.0049,233.2782,0.04294240328626241,0.15459265183054466,-17.6181,-12.384799999999998,-8.3706,-2.0077000000000003,8.608008111636511,21.535568686477724,0,05_172_181_5572_ego_181,0,5572,5572,5575,vehicle_vehicle,0.13323555141218008,2.424593253589799,2.85587533691155,14.149965699605069,15.0,3.0,3.5,0.8,0.08175065748971075,0.2943023669629587
5,170,5603,284,80.9176,-27.2932,179.399,1.9471,3.804,-7.2138,-0.1757,-1.0329,-2.1957,7.2115,-0.2513,1.0098,-2.2064,car,181,86.9506,-19.9178,-0.0294,-0.0313,0.0427,0.0049,233.2782,0.04294240328626241,0.15459265183054466,-6.033000000000001,-7.375399999999999,-7.1844,-0.1444,7.185851008753243,9.528568316384156,0,05_172_181_5572_ego_181,0,5572,5572,5575,vehicle_vehicle,0.13323555141218008,2.424593253589799,2.85587533691155,14.149965699605069,15.0,3.0,3.5,0.8,0.08175065748971075,0.2943023669629587
5,172,5603,225,89.6105,-28.2084,154.8278,2.1205,4.4441,-5.5134,2.3105,-1.5656,-1.334,5.9726,-0.254,0.8495,-1.8732,car,181,86.9506,-19.9178,-0.0294,-0.0313,0.0427,0.0049,233.2782,0.04294240328626241,0.15459265183054466,2.6599000000000075,-8.290600000000001,-5.484,2.3418,5.963076658906877,8.706843077143406,0,05_172_181_5572_ego_181,1,5572,5572,5575,vehicle_vehicle,0.13323555141218008,2.424593253589799,2.85587533691155,14.149965699605069,15.0,3.0,3.5,0.8,0.08175065748971075,0.2943023669629587
5,174,5603,208,92.8943,-33.9494,136.1482,2.0887,4.7936,-3.4521,2.9834,-0.8872,-0.8125,4.5563,-0.2402,0.0769,-1.2006,car,181,86.9506,-19.9178,-0.0294,-0.0313,0.0427,0.0049,233.2782,0.04294240328626241,0.15459265183054466,5.943700000000007,-14.031599999999997,-3.4227000000000003,3.0147,4.561062527525796,15.238548758001858,0,05_172_181_5572_ego_181,0,5572,5572,5575,vehicle_vehicle,0.13323555141218008,2.424593253589799,2.85587533691155,14.149965699605069,15.0,3.0,3.5,0.8,0.08175065748971075,0.2943023669629587
5,176,5603,190,98.6348,-27.9584,93.3077,2.1313,4.7502,-0.2345,9.118,2.6888,1.0533,9.1164,0.292,0.8964,2.7451,car,181,86.9506,-19.9178,-0.0294,-0.0313,0.0427,0.0049,233.2782,0.04294240328626241,0.15459265183054466,11.684200000000004,-8.040600000000001,-0.20509999999999998,9.1493,9.151598576205142,14.183503727922806,0,05_172_181_5572_ego_181,0,5572,5572,5575,vehicle_vehicle,0.13323555141218008,2.424593253589799,2.85587533691155,14.149965699605069,15.0,3.0,3.5,0.8,0.08175065748971075,0.2943023669629587
5,181,5603,109,86.9506,-19.9178,233.2782,2.1466,4.7117,-0.0294,-0.0313,-0.0838,-0.0935,0.0427,0.0049,0.1251,0.0112,car,181,86.9506,-19.9178,-0.0294,-0.0313,0.0427,0.0049,233.2782,0.04294240328626241,0.15459265183054466,0.0,0.0,0.0,0.0,0.0,0.0,1,05_172_181_5572_ego_181,1,5572,5572,5575,vehicle_vehicle,0.13323555141218008,2.424593253589799,2.85587533691155,14.149965699605069,15.0,3.0,3.5,0.8,0.08175065748971075,0.2943023669629587
5,169,5604,289,68.9956,-32.3841,193.3137,2.0217,4.7798,-8.4315,-2.0257,-0.8212,0.328,8.6713,-0.0296,0.7236,0.5083,car,181,86.9492,-19.9191,-0.0334,-0.0358,0.0487,0.0054,233.2644,0.04896120913539616,0.17626035288742617,-17.95360000000001,-12.464999999999996,-8.3981,-1.9899,8.630630661776692,21.856531700157742,0,05_172_181_5572_ego_181,0,5572,5572,5575,vehicle_vehicle,0.13323555141218008,2.424593253589799,2.85587533691155,14.149965699605069,15.0,3.0,3.5,0.8,0.08175065748971075,0.2943023669629587
5,170,5604,285,80.6272,-27.3013,180.1057,1.9471,3.804,-7.2551,-0.2649,-0.9869,-2.2226,7.2555,-0.2516,0.991,-2.2207,car,181,86.9492,-19.9191,-0.0334,-0.0358,0.0487,0.0054,233.2644,0.04896120913539616,0.17626035288742617,-6.322000000000003,-7.382200000000001,-7.221699999999999,-0.22910000000000003,7.225333051147192,9.719288082982212,0,05_172_181_5572_ego_181,0,5572,5572,5575,vehicle_vehicle,0.13323555141218008,2.424593253589799,2.85587533691155,14.149965699605069,15.0,3.0,3.5,0.8,0.08175065748971075,0.2943023669629587
5,172,5604,226,89.3885,-28.1165,155.5126,2.1205,4.4441,-5.5797,2.2583,-1.5907,-1.3583,6.0138,-0.2576,0.8846,-1.8954,car,181,86.9492,-19.9191,-0.0334,-0.0358,0.0487,0.0054,233.2644,0.04896120913539616,0.17626035288742617,2.4392999999999887,-8.197399999999998,-5.5463,2.2941000000000003,6.002027865646743,8.552634170242516,0,05_172_181_5572_ego_181,1,5572,5572,5575,vehicle_vehicle,0.13323555141218008,2.424593253589799,2.85587533691155,14.149965699605069,15.0,3.0,3.5,0.8,0.08175065748971075,0.2943023669629587
5,174,5604,209,92.7549,-33.8301,136.766,2.0887,4.7936,-3.4856,2.9498,-0.8924,-0.8094,4.5601,-0.2384,0.0958,-1.201,car,181,86.9492,-19.9191,-0.0334,-0.0358,0.0487,0.0054,233.2644,0.04896120913539616,0.17626035288742617,5.805700000000002,-13.911000000000001,-3.4522,2.9856000000000003,4.564152955368608,15.073887139354602,0,05_172_181_5572_ego_181,0,5572,5572,5575,vehicle_vehicle,0.13323555141218008,2.424593253589799,2.85587533691155,14.149965699605069,15.0,3.0,3.5,0.8,0.08175065748971075,0.2943023669629587
5,176,5604,191,98.6292,-27.5925,92.5973,2.1313,4.7502,-0.1242,9.1617,2.7296,1.0426,9.1579,0.2911,0.9178,2.774,car,181,86.9492,-19.9191,-0.0334,-0.0358,0.0487,0.0054,233.2644,0.04896120913539616,0.17626035288742617,11.679999999999993,-7.673400000000001,-0.0908,9.1975,9.197948189134356,13.975101701239954,0,05_172_181_5572_ego_181,0,5572,5572,5575,vehicle_vehicle,0.13323555141218008,2.424593253589799,2.85587533691155,14.149965699605069,15.0,3.0,3.5,0.8,0.08175065748971075,0.2943023669629587
5,181,5604,110,86.9492,-19.9191,233.2644,2.1466,4.7117,-0.0334,-0.0358,-0.0838,-0.0942,0.0487,0.0054,0.1256,0.0108,car,181,86.9492,-19.9191,-0.0334,-0.0358,0.0487,0.0054,233.2644,0.04896120913539616,0.17626035288742617,0.0,0.0,0.0,0.0,0.0,0.0,1,05_172_181_5572_ego_181,1,5572,5572,5575,vehicle_vehicle,0.13323555141218008,2.424593253589799,2.85587533691155,14.149965699605069,15.0,3.0,3.5,0.8,0.08175065748971075,0.2943023669629587
5,169,5605,290,68.6579,-32.4652,193.2058,2.0217,4.7798,-8.4634,-2.0094,-0.8306,0.394,8.6986,-0.0228,0.7186,0.5734,car,181,86.9478,-19.9204,-0.0375,-0.0404,0.0548,0.0058,233.2565,0.05512177428203849,0.19843838741533856,-18.289900000000003,-12.544800000000002,-8.4259,-1.9689999999999999,8.652904241351571,22.178648494667122,0,05_172_181_5572_ego_181,0,5572,5572,5575,vehicle_vehicle,0.13323555141218008,2.424593253589799,2.85587533691155,14.149965699605069,15.0,3.0,3.5,0.8,0.08175065748971075,0.2943023669629587
5,170,5605,286,80.3352,-27.3131,180.8008,1.9471,3.804,-7.2941,-0.3555,-0.9412,-2.2479,7.2984,-0.2536,0.9725,-2.2345,car,181,86.9478,-19.9204,-0.0375,-0.0404,0.0548,0.0058,233.2565,0.05512177428203849,0.19843838741533856,-6.6126000000000005,-7.392699999999998,-7.256600000000001,-0.3151,7.263437999322361,9.91859324954905,0,05_172_181_5572_ego_181,0,5572,5572,5575,vehicle_vehicle,0.13323555141218008,2.424593253589799,2.85587533691155,14.149965699605069,15.0,3.0,3.5,0.8,0.08175065748971075,0.2943023669629587
5,172,5605,227,89.1639,-28.0266,156.2144,2.1205,4.4441,-5.6469,2.2048,-1.6121,-1.3836,6.0565,-0.2599,0.9172,-1.9162,car,181,86.9478,-19.9204,-0.0375,-0.0404,0.0548,0.0058,233.2565,0.05512177428203849,0.19843838741533856,2.2160999999999973,-8.106199999999998,-5.6094,2.2452,6.042043644330948,8.403664536974329,0,05_172_181_5572_ego_181,1,5572,5572,5575,vehicle_vehicle,0.13323555141218008,2.424593253589799,2.85587533691155,14.149965699605069,15.0,3.0,3.5,0.8,0.08175065748971075,0.2943023669629587
5,174,5605,210,92.6144,-33.7127,137.3788,2.0887,4.7936,-3.5192,2.9164,-0.8997,-0.8052,4.5644,-0.237,0.1168,-1.2017,car,181,86.9478,-19.9204,-0.0375,-0.0404,0.0548,0.0058,233.2565,0.05512177428203849,0.19843838741533856,5.6666000000000025,-13.792299999999997,-3.4817,2.9568,4.56781141576576,14.910999123130546,0,05_172_181_5572_ego_181,0,5572,5572,5575,vehicle_vehicle,0.13323555141218008,2.424593253589799,2.85587533691155,14.149965699605069,15.0,3.0,3.5,0.8,0.08175065748971075,0.2943023669629587
5,176,5605,192,98.6274,-27.225,91.8867,2.1313,4.7502,-0.0125,9.2049,2.7677,1.0303,9.2003,0.2905,0.9386,2.8001,car,181,86.9478,-19.9204,-0.0375,-0.0404,0.0548,0.0058,233.2565,0.05512177428203849,0.19843838741533856,11.679599999999994,-7.304600000000001,0.024999999999999998,9.2453,9.245333800896537,13.775711862549967,0,05_172_181_5572_ego_181,0,5572,5572,5575,vehicle_vehicle,0.13323555141218008,2.424593253589799,2.85587533691155,14.149965699605069,15.0,3.0,3.5,0.8,0.08175065748971075,0.2943023669629587
5,181,5605,111,86.9478,-19.9204,233.2565,2.1466,4.7117,-0.0375,-0.0404,-0.0831,-0.0941,0.0548,0.0058,0.1251,0.0103,car,181,86.9478,-19.9204,-0.0375,-0.0404,0.0548,0.0058,233.2565,0.05512177428203849,0.19843838741533856,0.0,0.0,0.0,0.0,0.0,0.0,1,05_172_181_5572_ego_181,1,5572,5572,5575,vehicle_vehicle,0.13323555141218008,2.424593253589799,2.85587533691155,14.149965699605069,15.0,3.0,3.5,0.8,0.08175065748971075,0.2943023669629587
5,169,5606,291,68.3183,-32.5447,193.0758,2.0217,4.7798,-8.4955,-1.9907,-0.8411,0.457,8.7256,-0.0171,0.7158,0.6355,car,181,86.9463,-19.9221,-0.0414,-0.0451,0.0609,0.0063,233.2552,0.06122066644524543,0.22039439920288356,-18.628,-12.622599999999998,-8.4541,-1.9456,8.675088827787299,22.501831364580084,0,05_172_181_5572_ego_181,0,5572,5572,5575,vehicle_vehicle,0.13323555141218008,2.424593253589799,2.85587533691155,14.149965699605069,15.0,3.0,3.5,0.8,0.08175065748971075,0.2943023669629587
5,170,5606,287,80.0422,-27.3283,181.499,1.9471,3.804,-7.3312,-0.4475,-0.8959,-2.2714,7.3404,-0.2556,0.955,-2.2472,car,181,86.9463,-19.9221,-0.0414,-0.0451,0.0609,0.0063,233.2552,0.06122066644524543,0.22039439920288356,-6.9041,-7.406199999999998,-7.2898,-0.4024,7.300897876288915,10.125136801544953,0,05_172_181_5572_ego_181,0,5572,5572,5575,vehicle_vehicle,0.13323555141218008,2.424593253589799,2.85587533691155,14.149965699605069,15.0,3.0,3.5,0.8,0.08175065748971075,0.2943023669629587
5,172,5606,228,88.9366,-27.9395,156.9182,2.1205,4.4441,-5.715,2.1504,-1.6299,-1.4098,6.1005,-0.2623,0.9468,-1.9359,car,181,86.9463,-19.9221,-0.0414,-0.0451,0.0609,0.0063,233.2552,0.06122066644524543,0.22039439920288356,1.9903000000000048,-8.017399999999999,-5.6735999999999995,2.1955,6.0835809528599185,8.26075038056471,0,05_172_181_5572_ego_181,1,5572,5572,5575,vehicle_vehicle,0.13323555141218008,2.424593253589799,2.85587533691155,14.149965699605069,15.0,3.0,3.5,0.8,0.08175065748971075,0.2943023669629587
5,174,5606,211,92.4729,-33.5968,137.9851,2.0887,4.7936,-3.553,2.8832,-0.909,-0.8,4.5696,-0.236,0.1399,-1.2028,car,181,86.9463,-19.9221,-0.0414,-0.0451,0.0609,0.0063,233.2552,0.06122066644524543,0.22039439920288356,5.526600000000002,-13.674700000000001,-3.5116,2.9283,4.5723380725838725,14.749261935771568,0,05_172_181_5572_ego_181,0,5572,5572,5575,vehicle_vehicle,0.13323555141218008,2.424593253589799,2.85587533691155,14.149965699605069,15.0,3.0,3.5,0.8,0.08175065748971075,0.2943023669629587
5,176,5606,193,98.6301,-26.8561,91.1817,2.1313,4.7502,0.1002,9.2476,2.8036,1.0165,9.2436,0.2909,0.9585,2.8239,car,181,86.9463,-19.9221,-0.0414,-0.0451,0.0609,0.0063,233.2552,0.06122066644524543,0.22039439920288356,11.683800000000005,-6.934000000000001,0.1416,9.2927,9.29377877130718,13.586446865902804,0,05_172_181_5572_ego_181,0,5572,5572,5575,vehicle_vehicle,0.13323555141218008,2.424593253589799,2.85587533691155,14.149965699605069,15.0,3.0,3.5,0.8,0.08175065748971075,0.2943023669629587
5,181,5606,112,86.9463,-19.9221,233.2552,2.1466,4.7117,-0.0414,-0.0451,-0.0818,-0.0931,0.0609,0.0063,0.1236,0.0098,car,181,86.9463,-19.9221,-0.0414,-0.0451,0.0609,0.0063,233.2552,0.06122066644524543,0.22039439920288356,0.0,0.0,0.0,0.0,0.0,0.0,1,05_172_181_5572_ego_181,1,5572,5572,5575,vehicle_vehicle,0.13323555141218008,2.424593253589799,2.85587533691155,14.149965699605069,15.0,3.0,3.5,0.8,0.08175065748971075,0.2943023669629587
5,169,5607,292,67.9786,-32.6233,192.9243,2.0217,4.7798,-8.5283,-1.9698,-0.8525,0.5173,8.7528,-0.0124,0.7152,0.6948,car,181,86.9443,-19.924,-0.0453,-0.0496,0.0669,0.0066,233.2531,0.06717328337962944,0.24182382016666598,-18.9657,-12.699300000000001,-8.483,-1.9202,8.697612145870844,22.824767183478563,0,05_172_181_5572_ego_181,0,5572,5572,5575,vehicle_vehicle,0.13323555141218008,2.424593253589799,2.85587533691155,14.149965699605069,15.0,3.0,3.5,0.8,0.08175065748971075,0.2943023669629587
5,170,5607,288,79.7482,-27.3471,182.1923,1.9471,3.804,-7.3664,-0.5407,-0.8512,-2.2927,7.3817,-0.2586,0.9383,-2.2584,car,181,86.9443,-19.924,-0.0453,-0.0496,0.0669,0.0066,233.2531,0.06717328337962944,0.24182382016666598,-7.196100000000001,-7.423100000000002,-7.3210999999999995,-0.4911,7.337553026724917,10.33858156712032,0,05_172_181_5572_ego_181,0,5572,5572,5575,vehicle_vehicle,0.13323555141218008,2.424593253589799,2.85587533691155,14.149965699605069,15.0,3.0,3.5,0.8,0.08175065748971075,0.2943023669629587
5,172,5607,229,88.7066,-27.8555,157.63,2.1205,4.4441,-5.7837,2.0953,-1.6442,-1.4371,6.1459,-0.2636,0.9736,-1.9547,car,181,86.9443,-19.924,-0.0453,-0.0496,0.0669,0.0066,233.2531,0.06717328337962944,0.24182382016666598,1.7622999999999962,-7.9315,-5.7383999999999995,2.1449,6.126159528611706,8.124924217492739,0,05_172_181_5572_ego_181,1,5572,5572,5575,vehicle_vehicle,0.13323555141218008,2.424593253589799,2.85587533691155,14.149965699605069,15.0,3.0,3.5,0.8,0.08175065748971075,0.2943023669629587
5,174,5607,212,92.3307,-33.4832,138.579,2.0887,4.7936,-3.5875,2.8506,-0.9204,-0.7939,4.5761,-0.2359,0.1649,-1.2043,car,181,86.9443,-19.924,-0.0453,-0.0496,0.0669,0.0066,233.2531,0.06717328337962944,0.24182382016666598,5.386399999999995,-13.559199999999997,-3.5422,2.9002,4.578028055833647,14.58990094551707,0,05_172_181_5572_ego_181,0,5572,5572,5575,vehicle_vehicle,0.13323555141218008,2.424593253589799,2.85587533691155,14.149965699605069,15.0,3.0,3.5,0.8,0.08175065748971075,0.2943023669629587
5,176,5607,194,98.6361,-26.4842,90.477,2.1313,4.7502,0.2144,9.2894,2.8374,1.0015,9.2873,0.2918,0.9778,2.8456,car,181,86.9443,-19.924,-0.0453,-0.0496,0.0669,0.0066,233.2531,0.06717328337962944,0.24182382016666598,11.6918,-6.560200000000002,0.2597,9.339,9.342610186131068,13.406506304030145,0,05_172_181_5572_ego_181,0,5572,5572,5575,vehicle_vehicle,0.13323555141218008,2.424593253589799,2.85587533691155,14.149965699605069,15.0,3.0,3.5,0.8,0.08175065748971075,0.2943023669629587
5,181,5607,113,86.9443,-19.924,233.2531,2.1466,4.7117,-0.0453,-0.0496,-0.0798,-0.0913,0.0669,0.0066,0.1209,0.0093,car,181,86.9443,-19.924,-0.0453,-0.0496,0.0669,0.0066,233.2531,0.06717328337962944,0.24182382016666598,0.0,0.0,0.0,0.0,0.0,0.0,1,05_172_181_5572_ego_181,1,5572,5572,5575,vehicle_vehicle,0.13323555141218008,2.424593253589799,2.85587533691155,14.149965699605069,15.0,3.0,3.5,0.8,0.08175065748971075,0.2943023669629587
5,169,5608,293,67.6379,-32.7014,192.7451,2.0217,4.7798,-8.562,-1.9466,-0.8644,0.5749,8.7805,-0.0097,0.7163,0.7515,car,181,86.9421,-19.9263,-0.0489,-0.054,0.0726,0.0069,233.2547,0.0728506005465981,0.26226216196775315,-19.304199999999994,-12.775099999999998,-8.5131,-1.8926,8.720940681486143,23.148548931844513,0,05_172_181_5572_ego_181,0,5572,5572,5575,vehicle_vehicle,0.13323555141218008,2.424593253589799,2.85587533691155,14.149965699605069,15.0,3.0,3.5,0.8,0.08175065748971075,0.2943023669629587
5,170,5608,289,79.4532,-27.3701,182.8865,1.9471,3.804,-7.4,-0.635,-0.8071,-2.3114,7.4226,-0.2616,0.9225,-2.2679,car,181,86.9421,-19.9263,-0.0489,-0.054,0.0726,0.0069,233.2547,0.0728506005465981,0.26226216196775315,-7.488900000000001,-7.4437999999999995,-7.351100000000001,-0.581,7.3740241530659505,10.55906158945955,0,05_172_181_5572_ego_181,0,5572,5572,5575,vehicle_vehicle,0.13323555141218008,2.424593253589799,2.85587533691155,14.149965699605069,15.0,3.0,3.5,0.8,0.08175065748971075,0.2943023669629587
5,172,5608,230,88.4739,-27.7752,158.3363,2.1205,4.4441,-5.853,2.04,-1.655,-1.4661,6.1926,-0.2648,0.9969,-1.9735,car,181,86.9421,-19.9263,-0.0489,-0.054,0.0726,0.0069,233.2547,0.0728506005465981,0.26226216196775315,1.531800000000004,-7.8489,-5.8041,2.094,6.1702846619908875,7.996977081997923,0,05_172_181_5572_ego_181,1,5572,5572,5575,vehicle_vehicle,0.13323555141218008,2.424593253589799,2.85587533691155,14.149965699605069,15.0,3.0,3.5,0.8,0.08175065748971075,0.2943023669629587
5,174,5608,213,92.1875,-33.3709,139.1803,2.0887,4.7936,-3.6229,2.8187,-0.9335,-0.7875,4.5842,-0.2351,0.1916,-1.2062,car,181,86.9421,-19.9263,-0.0489,-0.054,0.0726,0.0069,233.2547,0.0728506005465981,0.26226216196775315,5.245400000000004,-13.444599999999998,-3.574,2.8727,4.58539870567435,14.43161426590941,0,05_172_181_5572_ego_181,0,5572,5572,5575,vehicle_vehicle,0.13323555141218008,2.424593253589799,2.85587533691155,14.149965699605069,15.0,3.0,3.5,0.8,0.08175065748971075,0.2943023669629587
5,176,5608,195,98.6472,-26.111,89.7682,2.1313,4.7502,0.33,9.3301,2.8691,0.9855,9.3314,0.2922,0.9971,2.8651,car,181,86.9421,-19.9263,-0.0489,-0.054,0.0726,0.0069,233.2547,0.0728506005465981,0.26226216196775315,11.705100000000002,-6.184699999999999,0.3789,9.3841,9.391746271061628,13.238575455841161,0,05_172_181_5572_ego_181,0,5572,5572,5575,vehicle_vehicle,0.13323555141218008,2.424593253589799,2.85587533691155,14.149965699605069,15.0,3.0,3.5,0.8,0.08175065748971075,0.2943023669629587
5,181,5608,114,86.9421,-19.9263,233.2547,2.1466,4.7117,-0.0489,-0.054,-0.0774,-0.0887,0.0726,0.0069,0.1174,0.0089,car,181,86.9421,-19.9263,-0.0489,-0.054,0.0726,0.0069,233.2547,0.0728506005465981,0.26226216196775315,0.0,0.0,0.0,0.0,0.0,0.0,1,05_172_181_5572_ego_181,1,5572,5572,5575,vehicle_vehicle,0.13323555141218008,2.424593253589799,2.85587533691155,14.149965699605069,15.0,3.0,3.5,0.8,0.08175065748971075,0.2943023669629587
5,169,5609,294,67.2957,-32.7777,192.5643,2.0217,4.7798,-8.5967,-1.9215,-0.8766,0.6303,8.8088,-0.0054,0.7185,0.8059,car,181,86.9397,-19.9291,-0.0523,-0.058,0.0778,0.0072,233.2584,0.07809795131756019,0.2811526247432167,-19.644000000000005,-12.848600000000005,-8.5444,-1.8635,8.74525034575912,23.47281955709625,0,05_172_181_5572_ego_181,0,5572,5572,5575,vehicle_vehicle,0.13323555141218008,2.424593253589799,2.85587533691155,14.149965699605069,15.0,3.0,3.5,0.8,0.08175065748971075,0.2943023669629587
5,170,5609,290,79.1568,-27.3967,183.5707,1.9471,3.804,-7.4319,-0.7303,-0.7635,-2.3275,7.4629,-0.266,0.9069,-2.2755,car,181,86.9397,-19.9291,-0.0523,-0.058,0.0778,0.0072,233.2584,0.07809795131756019,0.2811526247432167,-7.782899999999998,-7.467600000000001,-7.3796,-0.6722999999999999,7.410160824840443,10.786036443939913,0,05_172_181_5572_ego_181,0,5572,5572,5575,vehicle_vehicle,0.13323555141218008,2.424593253589799,2.85587533691155,14.149965699605069,15.0,3.0,3.5,0.8,0.08175065748971075,0.2943023669629587
5,172,5609,231,88.2388,-27.6964,159.0515,2.1205,4.4441,-5.9228,1.9842,-1.6622,-1.4976,6.2407,-0.2646,1.0169,-1.9929,car,181,86.9397,-19.9291,-0.0523,-0.058,0.0778,0.0072,233.2584,0.07809795131756019,0.2811526247432167,1.2990999999999957,-7.767300000000002,-5.8705,2.0422,6.215573271227683,7.875189527878045,0,05_172_181_5572_ego_181,1,5572,5572,5575,vehicle_vehicle,0.13323555141218008,2.424593253589799,2.85587533691155,14.149965699605069,15.0,3.0,3.5,0.8,0.08175065748971075,0.2943023669629587
5,174,5609,214,92.0426,-33.26,139.7722,2.0887,4.7936,-3.659,2.7876,-0.9479,-0.7813,4.5939,-0.2349,0.2191,-1.2086,car,181,86.9397,-19.9291,-0.0523,-0.058,0.0778,0.0072,233.2584,0.07809795131756019,0.2811526247432167,5.102899999999991,-13.3309,-3.6067,2.8455999999999997,4.594096673993702,14.274189406757916,0,05_172_181_5572_ego_181,0,5572,5572,5575,vehicle_vehicle,0.13323555141218008,2.424593253589799,2.85587533691155,14.149965699605069,15.0,3.0,3.5,0.8,0.08175065748971075,0.2943023669629587
5,176,5609,196,98.6631,-25.7367,89.0597,2.1313,4.7502,0.4466,9.3702,2.8989,0.9688,9.3763,0.2928,1.0163,2.8826,car,181,86.9397,-19.9291,-0.0523,-0.058,0.0778,0.0072,233.2584,0.07809795131756019,0.2811526247432167,11.723399999999998,-5.807600000000001,0.4989,9.4282,9.441390599376769,13.083054892493571,0,05_172_181_5572_ego_181,0,5572,5572,5575,vehicle_vehicle,0.13323555141218008,2.424593253589799,2.85587533691155,14.149965699605069,15.0,3.0,3.5,0.8,0.08175065748971075,0.2943023669629587
5,181,5609,115,86.9397,-19.9291,233.2584,2.1466,4.7117,-0.0523,-0.058,-0.0745,-0.0855,0.0778,0.0072,0.1131,0.0085,car,181,86.9397,-19.9291,-0.0523,-0.058,0.0778,0.0072,233.2584,0.07809795131756019,0.2811526247432167,0.0,0.0,0.0,0.0,0.0,0.0,1,05_172_181_5572_ego_181,1,5572,5572,5575,vehicle_vehicle,0.13323555141218008,2.424593253589799,2.85587533691155,14.149965699605069,15.0,3.0,3.5,0.8,0.08175065748971075,0.2943023669629587
5,169,5610,295,66.9522,-32.8529,192.3829,2.0217,4.7798,-8.6322,-1.8946,-0.8884,0.6838,8.8377,0.0006,0.7211,0.8584,car,181,86.9366,-19.932,-0.0552,-0.0618,0.0825,0.0073,233.2607,0.08286301949603334,0.29830687018572,-19.984399999999994,-12.9209,-8.577,-1.8328,8.77063765298738,23.797602824024096,0,05_172_181_5572_ego_181,0,5572,5572,5575,vehicle_vehicle,0.13323555141218008,2.424593253589799,2.85587533691155,14.149965699605069,15.0,3.0,3.5,0.8,0.08175065748971075,0.2943023669629587
5,170,5610,291,78.8584,-27.4267,184.2589,1.9471,3.804,-7.4618,-0.8266,-0.7203,-2.3406,7.5026,-0.2702,0.8921,-2.2806,car,181,86.9366,-19.932,-0.0552,-0.0618,0.0825,0.0073,233.2607,0.08286301949603334,0.29830687018572,-8.078199999999995,-7.494700000000002,-7.4066,-0.7648,7.445981641126978,11.01943026340291,0,05_172_181_5572_ego_181,0,5572,5572,5575,vehicle_vehicle,0.13323555141218008,2.424593253589799,2.85587533691155,14.149965699605069,15.0,3.0,3.5,0.8,0.08175065748971075,0.2943023669629587
5,172,5610,232,88.0005,-27.6185,159.7715,2.1205,4.4441,-5.993,1.9272,-1.6658,-1.532,6.2897,-0.2638,1.0333,-2.0135,car,181,86.9366,-19.932,-0.0552,-0.0618,0.0825,0.0073,233.2607,0.08286301949603334,0.29830687018572,1.0639000000000038,-7.686500000000002,-5.9378,1.989,6.2620755217419735,7.759778699164045,0,05_172_181_5572_ego_181,1,5572,5572,5575,vehicle_vehicle,0.13323555141218008,2.424593253589799,2.85587533691155,14.149965699605069,15.0,3.0,3.5,0.8,0.08175065748971075,0.2943023669629587
5,174,5610,215,91.8959,-33.1501,140.3514,2.0887,4.7936,-3.696,2.7571,-0.9633,-0.7755,4.605,-0.2355,0.2469,-1.2118,car,181,86.9366,-19.932,-0.0552,-0.0618,0.0825,0.0073,233.2607,0.08286301949603334,0.29830687018572,4.959299999999999,-13.218100000000003,-3.6408,2.8188999999999997,4.604521891575715,14.117819381901727,0,05_172_181_5572_ego_181,0,5572,5572,5575,vehicle_vehicle,0.13323555141218008,2.424593253589799,2.85587533691155,14.149965699605069,15.0,3.0,3.5,0.8,0.08175065748971075,0.2943023669629587
5,176,5610,197,98.6828,-25.3607,88.3391,2.1313,4.7502,0.5646,9.4094,2.9268,0.9517,9.4218,0.2916,1.0361,2.898,car,181,86.9366,-19.932,-0.0552,-0.0618,0.0825,0.0073,233.2607,0.08286301949603334,0.29830687018572,11.746200000000002,-5.428700000000003,0.6198,9.4712,9.491458343163078,12.94001538368483,0,05_172_181_5572_ego_181,0,5572,5572,5575,vehicle_vehicle,0.13323555141218008,2.424593253589799,2.85587533691155,14.149965699605069,15.0,3.0,3.5,0.8,0.08175065748971075,0.2943023669629587
5,181,5610,116,86.9366,-19.932,233.2607,2.1466,4.7117,-0.0552,-0.0618,-0.0716,-0.0819,0.0825,0.0073,0.1085,0.0083,car,181,86.9366,-19.932,-0.0552,-0.0618,0.0825,0.0073,233.2607,0.08286301949603334,0.29830687018572,0.0,0.0,0.0,0.0,0.0,0.0,1,05_172_181_5572_ego_181,1,5572,5572,5575,vehicle_vehicle,0.13323555141218008,2.424593253589799,2.85587533691155,14.149965699605069,15.0,3.0,3.5,0.8,0.08175065748971075,0.2943023669629587
5,169,5611,296,66.6072,-32.9272,192.1902,2.0217,4.7798,-8.6686,-1.866,-0.8997,0.7358,8.8671,0.0065,0.724,0.9092,car,181,86.9332,-19.9349,-0.0576,-0.0652,0.0867,0.0072,233.2775,0.08699885056711956,0.3131958620416304,-20.325999999999993,-12.9923,-8.610999999999999,-1.8008000000000002,8.79728376489016,24.123559755765726,0,05_172_181_5572_ego_181,0,5572,5572,5575,vehicle_vehicle,0.13323555141218008,2.424593253589799,2.85587533691155,14.149965699605069,15.0,3.0,3.5,0.8,0.08175065748971075,0.2943023669629587
5,170,5611,292,78.559,-27.4614,184.9505,1.9471,3.804,-7.4899,-0.9236,-0.6778,-2.3503,7.5416,-0.2738,0.8781,-2.2831,car,181,86.9332,-19.9349,-0.0576,-0.0652,0.0867,0.0072,233.2775,0.08699885056711956,0.3131958620416304,-8.374200000000002,-7.526500000000002,-7.4323,-0.8583999999999999,7.481706613467278,11.259459484806545,0,05_172_181_5572_ego_181,0,5572,5572,5575,vehicle_vehicle,0.13323555141218008,2.424593253589799,2.85587533691155,14.149965699605069,15.0,3.0,3.5,0.8,0.08175065748971075,0.2943023669629587
5,172,5611,233,87.7597,-27.542,160.4898,2.1205,4.4441,-6.0633,1.8686,-1.6656,-1.5693,6.3392,-0.2637,1.0459,-2.0354,car,181,86.9332,-19.9349,-0.0576,-0.0652,0.0867,0.0072,233.2775,0.08699885056711956,0.3131958620416304,0.8264999999999958,-7.607100000000003,-6.0057,1.9338,6.309359312164746,7.65186726622986,0,05_172_181_5572_ego_181,1,5572,5572,5575,vehicle_vehicle,0.13323555141218008,2.424593253589799,2.85587533691155,14.149965699605069,15.0,3.0,3.5,0.8,0.08175065748971075,0.2943023669629587
5,174,5611,216,91.7483,-33.0415,140.9238,2.0887,4.7936,-3.7339,2.7272,-0.9796,-0.7707,4.6177,-0.2365,0.2747,-1.2158,car,181,86.9332,-19.9349,-0.0576,-0.0652,0.0867,0.0072,233.2775,0.08699885056711956,0.3131958620416304,4.815100000000001,-13.1066,-3.6763000000000003,2.7923999999999998,4.616565763638595,13.963099640480978,0,05_172_181_5572_ego_181,0,5572,5572,5575,vehicle_vehicle,0.13323555141218008,2.424593253589799,2.85587533691155,14.149965699605069,15.0,3.0,3.5,0.8,0.08175065748971075,0.2943023669629587
5,176,5611,198,98.7075,-24.9832,87.606,2.1313,4.7502,0.6838,9.4477,2.9526,0.9341,9.4681,0.2885,1.0567,2.911,car,181,86.9332,-19.9349,-0.0576,-0.0652,0.0867,0.0072,233.2775,0.08699885056711956,0.3131958620416304,11.774299999999997,-5.048300000000001,0.7414,9.5129,9.541747238844676,12.810912277429736,0,05_172_181_5572_ego_181,0,5572,5572,5575,vehicle_vehicle,0.13323555141218008,2.424593253589799,2.85587533691155,14.149965699605069,15.0,3.0,3.5,0.8,0.08175065748971075,0.2943023669629587
5,181,5611,117,86.9332,-19.9349,233.2775,2.1466,4.7117,-0.0576,-0.0652,-0.0689,-0.0781,0.0867,0.0072,0.1038,0.0086,car,181,86.9332,-19.9349,-0.0576,-0.0652,0.0867,0.0072,233.2775,0.08699885056711956,0.3131958620416304,0.0,0.0,0.0,0.0,0.0,0.0,1,05_172_181_5572_ego_181,1,5572,5572,5575,vehicle_vehicle,0.13323555141218008,2.424593253589799,2.85587533691155,14.149965699605069,15.0,3.0,3.5,0.8,0.08175065748971075,0.2943023669629587
5,169,5612,297,66.2597,-33.0011,191.9954,2.0217,4.7798,-8.7054,-1.8354,-0.91,0.7866,8.8968,0.014,0.7267,0.9586,car,181,86.9307,-19.9385,-0.0597,-0.0681,0.0903,0.0072,233.2861,0.0905632375746362,0.3260276552686903,-20.671000000000006,-13.0626,-8.6457,-1.7672999999999999,8.824481728690927,24.452438728274124,0,05_172_181_5572_ego_181,0,5572,5572,5575,vehicle_vehicle,0.13323555141218008,2.424593253589799,2.85587533691155,14.149965699605069,15.0,3.0,3.5,0.8,0.08175065748971075,0.2943023669629587
5,170,5612,293,78.2587,-27.5007,185.6567,1.9471,3.804,-7.5162,-1.0208,-0.636,-2.3568,7.5802,-0.275,0.8652,-2.2826,car,181,86.9307,-19.9385,-0.0597,-0.0681,0.0903,0.0072,233.2861,0.0905632375746362,0.3260276552686903,-8.671999999999997,-7.562199999999997,-7.4565,-0.9526999999999999,7.517115772688352,11.506105024724913,0,05_172_181_5572_ego_181,0,5572,5572,5575,vehicle_vehicle,0.13323555141218008,2.424593253589799,2.85587533691155,14.149965699605069,15.0,3.0,3.5,0.8,0.08175065748971075,0.2943023669629587
5,172,5612,234,87.5159,-27.469,161.1996,2.1205,4.4441,-6.1337,1.8087,-1.6618,-1.6093,6.3893,-0.2645,1.0545,-2.0589,car,181,86.9307,-19.9385,-0.0597,-0.0681,0.0903,0.0072,233.2861,0.0905632375746362,0.3260276552686903,0.5852000000000004,-7.5305,-6.074,1.8768,6.357346477894689,7.553203908938246,0,05_172_181_5572_ego_181,1,5572,5572,5575,vehicle_vehicle,0.13323555141218008,2.424593253589799,2.85587533691155,14.149965699605069,15.0,3.0,3.5,0.8,0.08175065748971075,0.2943023669629587
5,174,5612,217,91.5989,-32.9338,141.4906,2.0887,4.7936,-3.7728,2.6978,-0.9963,-0.7672,4.632,-0.2381,0.3019,-1.2207,car,181,86.9307,-19.9385,-0.0597,-0.0681,0.0903,0.0072,233.2861,0.0905632375746362,0.3260276552686903,4.668199999999999,-12.995299999999997,-3.7131000000000003,2.7659,4.6300447535634035,13.808327680425313,0,05_172_181_5572_ego_181,0,5572,5572,5575,vehicle_vehicle,0.13323555141218008,2.424593253589799,2.85587533691155,14.149965699605069,15.0,3.0,3.5,0.8,0.08175065748971075,0.2943023669629587
5,176,5612,199,98.7376,-24.6046,86.858,2.1313,4.7502,0.8039,9.4854,2.9763,0.9163,9.5152,0.2828,1.078,2.9216,car,181,86.9307,-19.9385,-0.0597,-0.0681,0.0903,0.0072,233.2861,0.0905632375746362,0.3260276552686903,11.806899999999999,-4.6661,0.8635999999999999,9.5535,9.592453659517986,12.695486474334096,0,05_172_181_5572_ego_181,0,5572,5572,5575,vehicle_vehicle,0.13323555141218008,2.424593253589799,2.85587533691155,14.149965699605069,15.0,3.0,3.5,0.8,0.08175065748971075,0.2943023669629587
5,181,5612,118,86.9307,-19.9385,233.2861,2.1466,4.7117,-0.0597,-0.0681,-0.0669,-0.0743,0.0903,0.0072,0.0996,0.0092,car,181,86.9307,-19.9385,-0.0597,-0.0681,0.0903,0.0072,233.2861,0.0905632375746362,0.3260276552686903,0.0,0.0,0.0,0.0,0.0,0.0,1,05_172_181_5572_ego_181,1,5572,5572,5575,vehicle_vehicle,0.13323555141218008,2.424593253589799,2.85587533691155,14.149965699605069,15.0,3.0,3.5,0.8,0.08175065748971075,0.2943023669629587
5,169,5613,298,65.9112,-33.0736,191.782,2.0217,4.7798,-8.7428,-1.8028,-0.9194,0.8363,8.9267,0.0204,0.7293,1.0064,car,181,86.9286,-19.9423,-0.0619,-0.0704,0.0935,0.0075,233.2869,0.09374310641321847,0.3374751830875865,-21.01740000000001,-13.1313,-8.680900000000001,-1.7324,8.852075156142767,24.782294939129436,0,05_172_181_5572_ego_181,0,5572,5572,5575,vehicle_vehicle,0.13323555141218008,2.424593253589799,2.85587533691155,14.149965699605069,15.0,3.0,3.5,0.8,0.08175065748971075,0.2943023669629587
5,170,5613,294,77.9577,-27.544,186.3626,1.9471,3.804,-7.5409,-1.118,-0.595,-2.3602,7.6184,-0.2755,0.8529,-2.2797,car,181,86.9286,-19.9423,-0.0619,-0.0704,0.0935,0.0075,233.2869,0.09374310641321847,0.3374751830875865,-8.9709,-7.601700000000001,-7.479,-1.0476,7.552013424246543,11.758524129328476,0,05_172_181_5572_ego_181,0,5572,5572,5575,vehicle_vehicle,0.13323555141218008,2.424593253589799,2.85587533691155,14.149965699605069,15.0,3.0,3.5,0.8,0.08175065748971075,0.2943023669629587
5,172,5613,235,87.2702,-27.3965,161.9,2.1205,4.4441,-6.2043,1.7466,-1.654,-1.6518,6.4399,-0.2673,1.0589,-2.084,car,181,86.9286,-19.9423,-0.0619,-0.0704,0.0935,0.0075,233.2869,0.09374310641321847,0.3374751830875865,0.3415999999999997,-7.4542,-6.1424,1.817,6.405510655677657,7.462023063486202,0,05_172_181_5572_ego_181,1,5572,5572,5575,vehicle_vehicle,0.13323555141218008,2.424593253589799,2.85587533691155,14.149965699605069,15.0,3.0,3.5,0.8,0.08175065748971075,0.2943023669629587
5,174,5613,218,91.4483,-32.8265,142.0611,2.0887,4.7936,-3.8128,2.6686,-1.0131,-0.7652,4.6477,-0.2396,0.3285,-1.2263,car,181,86.9286,-19.9423,-0.0619,-0.0704,0.0935,0.0075,233.2869,0.09374310641321847,0.3374751830875865,4.5197,-12.884200000000003,-3.7509,2.739,4.644499091398339,13.653948063838536,0,05_172_181_5572_ego_181,0,5572,5572,5575,vehicle_vehicle,0.13323555141218008,2.424593253589799,2.85587533691155,14.149965699605069,15.0,3.0,3.5,0.8,0.08175065748971075,0.2943023669629587
5,176,5613,200,98.7728,-24.2246,86.1131,2.1313,4.7502,0.9246,9.5225,2.9982,0.8981,9.5632,0.277,1.0993,2.9304,car,181,86.9286,-19.9423,-0.0619,-0.0704,0.0935,0.0075,233.2869,0.09374310641321847,0.3374751830875865,11.8442,-4.282299999999999,0.9864999999999999,9.5929,9.643490688542194,12.594568945779764,0,05_172_181_5572_ego_181,0,5572,5572,5575,vehicle_vehicle,0.13323555141218008,2.424593253589799,2.85587533691155,14.149965699605069,15.0,3.0,3.5,0.8,0.08175065748971075,0.2943023669629587
5,181,5613,119,86.9286,-19.9423,233.2869,2.1466,4.7117,-0.0619,-0.0704,-0.0654,-0.071,0.0935,0.0075,0.096,0.01,car,181,86.9286,-19.9423,-0.0619,-0.0704,0.0935,0.0075,233.2869,0.09374310641321847,0.3374751830875865,0.0,0.0,0.0,0.0,0.0,0.0,1,05_172_181_5572_ego_181,1,5572,5572,5575,vehicle_vehicle,0.13323555141218008,2.424593253589799,2.85587533691155,14.149965699605069,15.0,3.0,3.5,0.8,0.08175065748971075,0.2943023669629587
5,169,5614,299,65.5611,-33.1446,191.5541,2.0217,4.7798,-8.7808,-1.7684,-0.9278,0.8849,8.9571,0.0261,0.7317,1.0528,car,181,86.9261,-19.9459,-0.0641,-0.0723,0.0963,0.0081,233.2965,0.09662349610731337,0.3478445859863281,-21.36500000000001,-13.198699999999995,-8.7167,-1.6961,8.880180972255014,25.113122201152134,0,05_172_181_5572_ego_181,0,5572,5572,5575,vehicle_vehicle,0.13323555141218008,2.424593253589799,2.85587533691155,14.149965699605069,15.0,3.0,3.5,0.8,0.08175065748971075,0.2943023669629587
5,170,5614,295,77.6559,-27.5908,187.0623,1.9471,3.804,-7.5641,-1.2153,-0.5547,-2.3607,7.6562,-0.2761,0.8408,-2.2746,car,181,86.9261,-19.9459,-0.0641,-0.0723,0.0963,0.0081,233.2965,0.09662349610731337,0.3478445859863281,-9.270200000000003,-7.6449,-7.5,-1.143,7.5865966678083,12.015868842909365,0,05_172_181_5572_ego_181,0,5572,5572,5575,vehicle_vehicle,0.13323555141218008,2.424593253589799,2.85587533691155,14.149965699605069,15.0,3.0,3.5,0.8,0.08175065748971075,0.2943023669629587
5,172,5614,236,87.0217,-27.3257,162.6052,2.1205,4.4441,-6.275,1.6819,-1.6418,-1.6963,6.4909,-0.2709,1.0596,-2.1095,car,181,86.9261,-19.9459,-0.0641,-0.0723,0.0963,0.0081,233.2965,0.09662349610731337,0.3478445859863281,0.09559999999999036,-7.3797999999999995,-6.2109000000000005,1.7542,6.453874530078812,7.380419188636916,0,05_172_181_5572_ego_181,1,5572,5572,5575,vehicle_vehicle,0.13323555141218008,2.424593253589799,2.85587533691155,14.149965699605069,15.0,3.0,3.5,0.8,0.08175065748971075,0.2943023669629587
5,174,5614,219,91.296,-32.7208,142.6284,2.0887,4.7936,-3.8539,2.6396,-1.0295,-0.7647,4.6649,-0.2415,0.354,-1.2326,car,181,86.9261,-19.9459,-0.0641,-0.0723,0.0963,0.0081,233.2965,0.09662349610731337,0.3478445859863281,4.369900000000001,-12.774899999999995,-3.7898,2.7119,4.660148672521082,13.50163308714912,0,05_172_181_5572_ego_181,0,5572,5572,5575,vehicle_vehicle,0.13323555141218008,2.424593253589799,2.85587533691155,14.149965699605069,15.0,3.0,3.5,0.8,0.08175065748971075,0.2943023669629587
5,176,5614,201,98.8125,-23.8428,85.3708,2.1313,4.7502,1.0461,9.5587,3.0184,0.8795,9.6119,0.2713,1.1203,2.9375,car,181,86.9261,-19.9459,-0.0641,-0.0723,0.0963,0.0081,233.2965,0.09662349610731337,0.3478445859863281,11.886399999999995,-3.8968999999999987,1.1102,9.631,9.694777204247655,12.508890221358563,0,05_172_181_5572_ego_181,0,5572,5572,5575,vehicle_vehicle,0.13323555141218008,2.424593253589799,2.85587533691155,14.149965699605069,15.0,3.0,3.5,0.8,0.08175065748971075,0.2943023669629587
5,181,5614,120,86.9261,-19.9459,233.2965,2.1466,4.7117,-0.0641,-0.0723,-0.0643,-0.0684,0.0963,0.0081,0.0933,0.0107,car,181,86.9261,-19.9459,-0.0641,-0.0723,0.0963,0.0081,233.2965,0.09662349610731337,0.3478445859863281,0.0,0.0,0.0,0.0,0.0,0.0,1,05_172_181_5572_ego_181,1,5572,5572,5575,vehicle_vehicle,0.13323555141218008,2.424593253589799,2.85587533691155,14.149965699605069,15.0,3.0,3.5,0.8,0.08175065748971075,0.2943023669629587
5,169,5615,300,65.2098,-33.214,191.3221,2.0217,4.7798,-8.8194,-1.7324,-0.9348,0.9327,8.9878,0.0328,0.7335,1.0981,car,181,86.9231,-19.9494,-0.066,-0.074,0.0988,0.0087,233.2991,0.09915644204992433,0.3569631913797276,-21.713300000000004,-13.264599999999998,-8.7534,-1.6583999999999999,8.909113430639437,25.444390541924953,0,05_172_181_5572_ego_181,0,5572,5572,5575,vehicle_vehicle,0.13323555141218008,2.424593253589799,2.85587533691155,14.149965699605069,15.0,3.0,3.5,0.8,0.08175065748971075,0.2943023669629587
5,170,5615,296,77.3533,-27.6415,187.7826,1.9471,3.804,-7.5859,-1.3125,-0.5149,-2.3584,7.6937,-0.2732,0.8295,-2.2669,car,181,86.9231,-19.9494,-0.066,-0.074,0.0988,0.0087,233.2991,0.09915644204992433,0.3569631913797276,-9.5698,-7.6921,-7.5199,-1.2385,7.621205827164098,12.278007755739528,0,05_172_181_5572_ego_181,0,5572,5572,5575,vehicle_vehicle,0.13323555141218008,2.424593253589799,2.85587533691155,14.149965699605069,15.0,3.0,3.5,0.8,0.08175065748971075,0.2943023669629587
5,172,5615,237,86.7701,-27.2585,163.2936,2.1205,4.4441,-6.3455,1.615,-1.625,-1.7418,6.5419,-0.2773,1.0557,-2.1354,car,181,86.9231,-19.9494,-0.066,-0.074,0.0988,0.0087,233.2991,0.09915644204992433,0.3569631913797276,-0.1530000000000058,-7.309100000000001,-6.2795000000000005,1.689,6.502679543849597,7.310701184564994,0,05_172_181_5572_ego_181,1,5572,5572,5575,vehicle_vehicle,0.13323555141218008,2.424593253589799,2.85587533691155,14.149965699605069,15.0,3.0,3.5,0.8,0.08175065748971075,0.2943023669629587
5,174,5615,220,91.1422,-32.6164,143.1926,2.0887,4.7936,-3.8961,2.6109,-1.0451,-0.766,4.6837,-0.2439,0.3778,-1.2394,car,181,86.9231,-19.9494,-0.066,-0.074,0.0988,0.0087,233.2991,0.09915644204992433,0.3569631913797276,4.219099999999997,-12.666999999999998,-3.8301000000000003,2.6849,4.677430279544528,13.35116825637367,0,05_172_181_5572_ego_181,0,5572,5572,5575,vehicle_vehicle,0.13323555141218008,2.424593253589799,2.85587533691155,14.149965699605069,15.0,3.0,3.5,0.8,0.08175065748971075,0.2943023669629587
5,176,5615,202,98.8568,-23.4594,84.6383,2.1313,4.7502,1.1685,9.594,3.037,0.8608,9.6612,0.2669,1.1408,2.9433,car,181,86.9231,-19.9494,-0.066,-0.074,0.0988,0.0087,233.2991,0.09915644204992433,0.3569631913797276,11.933700000000002,-3.509999999999998,1.2345000000000002,9.668,9.74649753757728,12.439183883599439,0,05_172_181_5572_ego_181,0,5572,5572,5575,vehicle_vehicle,0.13323555141218008,2.424593253589799,2.85587533691155,14.149965699605069,15.0,3.0,3.5,0.8,0.08175065748971075,0.2943023669629587
5,181,5615,121,86.9231,-19.9494,233.2991,2.1466,4.7117,-0.066,-0.074,-0.0638,-0.0669,0.0988,0.0087,0.0917,0.0112,car,181,86.9231,-19.9494,-0.066,-0.074,0.0988,0.0087,233.2991,0.09915644204992433,0.3569631913797276,0.0,0.0,0.0,0.0,0.0,0.0,1,05_172_181_5572_ego_181,1,5572,5572,5575,vehicle_vehicle,0.13323555141218008,2.424593253589799,2.85587533691155,14.149965699605069,15.0,3.0,3.5,0.8,0.08175065748971075,0.2943023669629587
5,169,5616,301,64.8569,-33.2815,191.0758,2.0217,4.7798,-8.8584,-1.6948,-0.9402,0.9801,9.019,0.0385,0.7344,1.1425,car,181,86.9199,-19.9525,-0.0678,-0.0754,0.101,0.0093,233.2888,0.10140019723846695,0.36504071005848104,-22.063000000000002,-13.329,-8.7906,-1.6194000000000002,8.938518038243252,25.77669897407347,0,05_172_181_5572_ego_181,0,5572,5572,5575,vehicle_vehicle,0.13323555141218008,2.424593253589799,2.85587533691155,14.149965699605069,15.0,3.0,3.5,0.8,0.08175065748971075,0.2943023669629587
5,170,5616,297,77.0489,-27.695,188.4792,1.9471,3.804,-7.6058,-1.41,-0.4757,-2.3531,7.7306,-0.2731,0.8174,-2.2573,car,181,86.9199,-19.9525,-0.0678,-0.0754,0.101,0.0093,233.2888,0.10140019723846695,0.36504071005848104,-9.870999999999995,-7.7425,-7.538,-1.3346,7.655233579715253,12.545236038034513,0,05_172_181_5572_ego_181,0,5572,5572,5575,vehicle_vehicle,0.13323555141218008,2.424593253589799,2.85587533691155,14.149965699605069,15.0,3.0,3.5,0.8,0.08175065748971075,0.2943023669629587
5,172,5616,238,86.5147,-27.1943,163.9843,2.1205,4.4441,-6.4152,1.5458,-1.6033,-1.7881,6.5927,-0.2842,1.0478,-2.161,car,181,86.9199,-19.9525,-0.0678,-0.0754,0.101,0.0093,233.2888,0.10140019723846695,0.36504071005848104,-0.40519999999999357,-7.241799999999998,-6.3473999999999995,1.6212,6.551166018351237,7.253127206936327,0,05_172_181_5572_ego_181,1,5572,5572,5575,vehicle_vehicle,0.13323555141218008,2.424593253589799,2.85587533691155,14.149965699605069,15.0,3.0,3.5,0.8,0.08175065748971075,0.2943023669629587
5,174,5616,221,90.9865,-32.5124,143.7582,2.0887,4.7936,-3.9393,2.582,-1.0595,-0.7691,4.7037,-0.2464,0.3998,-1.2466,car,181,86.9199,-19.9525,-0.0678,-0.0754,0.101,0.0093,233.2888,0.10140019723846695,0.36504071005848104,4.066600000000008,-12.559899999999999,-3.8714999999999997,2.6574,4.695773313310599,13.201830311362134,0,05_172_181_5572_ego_181,0,5572,5572,5575,vehicle_vehicle,0.13323555141218008,2.424593253589799,2.85587533691155,14.149965699605069,15.0,3.0,3.5,0.8,0.08175065748971075,0.2943023669629587
5,176,5616,203,98.9063,-23.0739,83.9101,2.1313,4.7502,1.2914,9.6282,3.0541,0.842,9.7109,0.2627,1.1613,2.9475,car,181,86.9199,-19.9525,-0.0678,-0.0754,0.101,0.0093,233.2888,0.10140019723846695,0.36504071005848104,11.986400000000003,-3.1213999999999977,1.3592000000000002,9.7036,9.798330347564324,12.386158521511021,0,05_172_181_5572_ego_181,0,5572,5572,5575,vehicle_vehicle,0.13323555141218008,2.424593253589799,2.85587533691155,14.149965699605069,15.0,3.0,3.5,0.8,0.08175065748971075,0.2943023669629587
5,181,5616,122,86.9199,-19.9525,233.2888,2.1466,4.7117,-0.0678,-0.0754,-0.064,-0.0665,0.101,0.0093,0.0915,0.0115,car,181,86.9199,-19.9525,-0.0678,-0.0754,0.101,0.0093,233.2888,0.10140019723846695,0.36504071005848104,0.0,0.0,0.0,0.0,0.0,0.0,1,05_172_181_5572_ego_181,1,5572,5572,5575,vehicle_vehicle,0.13323555141218008,2.424593253589799,2.85587533691155,14.149965699605069,15.0,3.0,3.5,0.8,0.08175065748971075,0.2943023669629587
5,169,5617,302,64.502,-33.3478,190.8276,2.0217,4.7798,-8.8978,-1.6557,-0.944,1.0274,9.0504,0.0453,0.7342,1.1865,car,181,86.9163,-19.9554,-0.0692,-0.077,0.1031,0.0094,233.2788,0.10352603537275056,0.372693727341902,-22.41430000000001,-13.392399999999999,-8.8286,-1.5787,8.968638227178081,26.11048108040142,0,05_172_181_5572_ego_181,0,5572,5572,5575,vehicle_vehicle,0.13323555141218008,2.424593253589799,2.85587533691155,14.149965699605069,15.0,3.0,3.5,0.8,0.08175065748971075,0.2943023669629587
5,170,5617,298,76.7435,-27.7523,189.1711,1.9471,3.804,-7.6239,-1.5076,-0.4372,-2.3446,7.7667,-0.2732,0.8053,-2.2449,car,181,86.9163,-19.9554,-0.0692,-0.077,0.1031,0.0094,233.2788,0.10352603537275056,0.372693727341902,-10.17280000000001,-7.796900000000001,-7.5546999999999995,-1.4306,7.688960167018685,12.817078818904102,0,05_172_181_5572_ego_181,0,5572,5572,5575,vehicle_vehicle,0.13323555141218008,2.424593253589799,2.85587533691155,14.149965699605069,15.0,3.0,3.5,0.8,0.08175065748971075,0.2943023669629587
5,172,5617,239,86.2559,-27.1331,164.6774,2.1205,4.4441,-6.4837,1.4744,-1.5772,-1.8347,6.6429,-0.2913,1.0363,-2.1862,car,181,86.9163,-19.9554,-0.0692,-0.077,0.1031,0.0094,233.2788,0.10352603537275056,0.372693727341902,-0.6604000000000099,-7.177699999999998,-6.414499999999999,1.5514,6.599443325766196,7.208016748731927,0,05_172_181_5572_ego_181,1,5572,5572,5575,vehicle_vehicle,0.13323555141218008,2.424593253589799,2.85587533691155,14.149965699605069,15.0,3.0,3.5,0.8,0.08175065748971075,0.2943023669629587
5,174,5617,222,90.8286,-32.4097,144.3213,2.0887,4.7936,-3.9833,2.5531,-1.0723,-0.7739,4.7247,-0.2494,0.4197,-1.2541,car,181,86.9163,-19.9554,-0.0692,-0.077,0.1031,0.0094,233.2788,0.10352603537275056,0.372693727341902,3.9122999999999877,-12.4543,-3.9141,2.6301,4.715676496537904,13.054335669807173,0,05_172_181_5572_ego_181,0,5572,5572,5575,vehicle_vehicle,0.13323555141218008,2.424593253589799,2.85587533691155,14.149965699605069,15.0,3.0,3.5,0.8,0.08175065748971075,0.2943023669629587
5,176,5617,204,98.9596,-22.687,83.1829,2.1313,4.7502,1.4154,9.6612,3.0696,0.8238,9.7609,0.2586,1.1823,2.9501,car,181,86.9163,-19.9554,-0.0692,-0.077,0.1031,0.0094,233.2788,0.10352603537275056,0.372693727341902,12.043299999999988,-2.7316000000000003,1.4846,9.738199999999999,9.850714512155959,12.349198899118912,0,05_172_181_5572_ego_181,0,5572,5572,5575,vehicle_vehicle,0.13323555141218008,2.424593253589799,2.85587533691155,14.149965699605069,15.0,3.0,3.5,0.8,0.08175065748971075,0.2943023669629587
5,181,5617,123,86.9163,-19.9554,233.2788,2.1466,4.7117,-0.0692,-0.077,-0.0651,-0.0672,0.1031,0.0094,0.0928,0.012,car,181,86.9163,-19.9554,-0.0692,-0.077,0.1031,0.0094,233.2788,0.10352603537275056,0.372693727341902,0.0,0.0,0.0,0.0,0.0,0.0,1,05_172_181_5572_ego_181,1,5572,5572,5575,vehicle_vehicle,0.13323555141218008,2.424593253589799,2.85587533691155,14.149965699605069,15.0,3.0,3.5,0.8,0.08175065748971075,0.2943023669629587
5,169,5618,303,64.1452,-33.4127,190.5654,2.0217,4.7798,-8.9373,-1.6148,-0.946,1.0749,9.0818,0.0513,0.7328,1.2301,car,181,86.9132,-19.9585,-0.0706,-0.0786,0.1052,0.0096,233.2642,0.10565188119479936,0.3803467723012777,-22.768,-13.4542,-8.8667,-1.5362,8.998793215203914,26.44612110764072,0,05_172_181_5572_ego_181,0,5572,5572,5575,vehicle_vehicle,0.13323555141218008,2.424593253589799,2.85587533691155,14.149965699605069,15.0,3.0,3.5,0.8,0.08175065748971075,0.2943023669629587
5,170,5618,299,76.4375,-27.8134,189.87,1.9471,3.804,-7.6401,-1.6053,-0.3999,-2.3322,7.8022,-0.272,0.7938,-2.2292,car,181,86.9132,-19.9585,-0.0706,-0.0786,0.1052,0.0096,233.2642,0.10565188119479936,0.3803467723012777,-10.475700000000003,-7.854900000000001,-7.569500000000001,-1.5267,7.721926128887793,13.093500085920498,0,05_172_181_5572_ego_181,0,5572,5572,5575,vehicle_vehicle,0.13323555141218008,2.424593253589799,2.85587533691155,14.149965699605069,15.0,3.0,3.5,0.8,0.08175065748971075,0.2943023669629587
5,172,5618,240,85.9946,-27.0742,165.3804,2.1205,4.4441,-6.5509,1.4006,-1.5468,-1.8811,6.6923,-0.2982,1.0219,-2.2106,car,181,86.9132,-19.9585,-0.0706,-0.0786,0.1052,0.0096,233.2642,0.10565188119479936,0.3803467723012777,-0.9185999999999979,-7.1157,-6.480300000000001,1.4792,6.646978315746186,7.174748249938809,0,05_172_181_5572_ego_181,1,5572,5572,5575,vehicle_vehicle,0.13323555141218008,2.424593253589799,2.85587533691155,14.149965699605069,15.0,3.0,3.5,0.8,0.08175065748971075,0.2943023669629587
5,174,5618,223,90.6691,-32.3083,144.895,2.0887,4.7936,-4.0281,2.5239,-1.0834,-0.7806,4.7469,-0.2517,0.4374,-1.2617,car,181,86.9132,-19.9585,-0.0706,-0.0786,0.1052,0.0096,233.2642,0.10565188119479936,0.3803467723012777,3.755899999999997,-12.349800000000002,-3.9575000000000005,2.6025,4.736540140228942,12.908305266377923,0,05_172_181_5572_ego_181,0,5572,5572,5575,vehicle_vehicle,0.13323555141218008,2.424593253589799,2.85587533691155,14.149965699605069,15.0,3.0,3.5,0.8,0.08175065748971075,0.2943023669629587
5,176,5618,205,99.0181,-22.299,82.4568,2.1313,4.7502,1.5401,9.6931,3.0832,0.8064,9.8114,0.2544,1.2042,2.9507,car,181,86.9132,-19.9585,-0.0706,-0.0786,0.1052,0.0096,233.2642,0.10565188119479936,0.3803467723012777,12.1049,-2.3404999999999987,1.6107,9.7717,9.903558723004574,12.329093407870669,0,05_172_181_5572_ego_181,0,5572,5572,5575,vehicle_vehicle,0.13323555141218008,2.424593253589799,2.85587533691155,14.149965699605069,15.0,3.0,3.5,0.8,0.08175065748971075,0.2943023669629587
5,181,5618,124,86.9132,-19.9585,233.2642,2.1466,4.7117,-0.0706,-0.0786,-0.0674,-0.0691,0.1052,0.0096,0.0957,0.0127,car,181,86.9132,-19.9585,-0.0706,-0.0786,0.1052,0.0096,233.2642,0.10565188119479936,0.3803467723012777,0.0,0.0,0.0,0.0,0.0,0.0,1,05_172_181_5572_ego_181,1,5572,5572,5575,vehicle_vehicle,0.13323555141218008,2.424593253589799,2.85587533691155,14.149965699605069,15.0,3.0,3.5,0.8,0.08175065748971075,0.2943023669629587
5,169,5619,304,63.786,-33.4764,190.2852,2.0217,4.7798,-8.9764,-1.5721,-0.9464,1.1226,9.1129,0.0559,0.7308,1.2735,car,181,86.9107,-19.9617,-0.0722,-0.0803,0.1075,0.0098,233.2462,0.10798578610169025,0.3887488299660849,-23.124700000000004,-13.514699999999998,-8.9042,-1.4918,9.028302436227975,26.78430260768423,0,05_172_181_5572_ego_181,0,5572,5572,5575,vehicle_vehicle,0.13323555141218008,2.424593253589799,2.85587533691155,14.149965699605069,15.0,3.0,3.5,0.8,0.08175065748971075,0.2943023669629587
5,170,5619,300,76.1304,-27.878,190.5678,1.9471,3.804,-7.6544,-1.7032,-0.3641,-2.3157,7.8369,-0.2705,0.7826,-2.2096,car,181,86.9107,-19.9617,-0.0722,-0.0803,0.1075,0.0098,233.2462,0.10798578610169025,0.3887488299660849,-10.780300000000011,-7.9163,-7.5822,-1.6229,7.753938434756882,13.37470275482787,0,05_172_181_5572_ego_181,0,5572,5572,5575,vehicle_vehicle,0.13323555141218008,2.424593253589799,2.85587533691155,14.149965699605069,15.0,3.0,3.5,0.8,0.08175065748971075,0.2943023669629587
5,172,5619,241,85.7303,-27.0182,166.0746,2.1205,4.4441,-6.6164,1.3244,-1.5126,-1.9269,6.7407,-0.3068,1.0044,-2.2343,car,181,86.9107,-19.9617,-0.0722,-0.0803,0.1075,0.0098,233.2462,0.10798578610169025,0.3887488299660849,-1.180400000000006,-7.0565,-6.5442,1.4047,6.693260470801954,7.154546555163368,0,05_172_181_5572_ego_181,1,5572,5572,5575,vehicle_vehicle,0.13323555141218008,2.424593253589799,2.85587533691155,14.149965699605069,15.0,3.0,3.5,0.8,0.08175065748971075,0.2943023669629587
5,174,5619,224,90.5073,-32.2079,145.4825,2.0887,4.7936,-4.0735,2.4945,-1.0925,-0.7891,4.7699,-0.2529,0.4531,-1.2693,car,181,86.9107,-19.9617,-0.0722,-0.0803,0.1075,0.0098,233.2462,0.10798578610169025,0.3887488299660849,3.596599999999995,-12.246200000000002,-4.0013000000000005,2.5747999999999998,4.758150557727236,12.763422189992776,0,05_172_181_5572_ego_181,0,5572,5572,5575,vehicle_vehicle,0.13323555141218008,2.424593253589799,2.85587533691155,14.149965699605069,15.0,3.0,3.5,0.8,0.08175065748971075,0.2943023669629587
5,176,5619,206,99.0818,-21.9096,81.7361,2.1313,4.7502,1.6656,9.7238,3.0947,0.7904,9.8623,0.2507,1.227,2.949,car,181,86.9107,-19.9617,-0.0722,-0.0803,0.1075,0.0098,233.2462,0.10798578610169025,0.3887488299660849,12.171099999999996,-1.9479000000000006,1.7378,9.8041,9.95692350327148,12.325988383087171,0,05_172_181_5572_ego_181,0,5572,5572,5575,vehicle_vehicle,0.13323555141218008,2.424593253589799,2.85587533691155,14.149965699605069,15.0,3.0,3.5,0.8,0.08175065748971075,0.2943023669629587
5,181,5619,125,86.9107,-19.9617,233.2462,2.1466,4.7117,-0.0722,-0.0803,-0.0709,-0.072,0.1075,0.0098,0.1001,0.0137,car,181,86.9107,-19.9617,-0.0722,-0.0803,0.1075,0.0098,233.2462,0.10798578610169025,0.3887488299660849,0.0,0.0,0.0,0.0,0.0,0.0,1,05_172_181_5572_ego_181,1,5572,5572,5575,vehicle_vehicle,0.13323555141218008,2.424593253589799,2.85587533691155,14.149965699605069,15.0,3.0,3.5,0.8,0.08175065748971075,0.2943023669629587
5,169,5620,305,63.4253,-33.5379,190.0026,2.0217,4.7798,-9.0152,-1.5276,-0.9458,1.1706,9.1435,0.0615,0.7281,1.3171,car,181,86.9082,-19.9648,-0.0741,-0.0821,0.1101,0.0102,233.2212,0.11059484617286648,0.39814144622231934,-23.482899999999994,-13.5731,-8.9411,-1.4455,9.057192691998996,27.123341166235395,0,05_172_181_5572_ego_181,0,5572,5572,5575,vehicle_vehicle,0.13323555141218008,2.424593253589799,2.85587533691155,14.149965699605069,15.0,3.0,3.5,0.8,0.08175065748971075,0.2943023669629587
5,170,5620,301,75.8226,-27.9463,191.2677,1.9471,3.804,-7.6667,-1.8011,-0.3302,-2.2942,7.8708,-0.2683,0.7721,-2.1854,car,181,86.9082,-19.9648,-0.0741,-0.0821,0.1101,0.0102,233.2212,0.11059484617286648,0.39814144622231934,-11.0856,-7.9815000000000005,-7.5926,-1.7189999999999999,7.784763050986202,13.65997326534719,0,05_172_181_5572_ego_181,0,5572,5572,5575,vehicle_vehicle,0.13323555141218008,2.424593253589799,2.85587533691155,14.149965699605069,15.0,3.0,3.5,0.8,0.08175065748971075,0.2943023669629587
5,172,5620,242,85.4627,-26.9654,166.7759,2.1205,4.4441,-6.6799,1.2458,-1.475,-1.9714,6.7878,-0.3153,0.9849,-2.2565,car,181,86.9082,-19.9648,-0.0741,-0.0821,0.1101,0.0102,233.2212,0.11059484617286648,0.39814144622231934,-1.4454999999999956,-7.000599999999999,-6.6058,1.3279,6.737945684702423,7.14827745754178,0,05_172_181_5572_ego_181,1,5572,5572,5575,vehicle_vehicle,0.13323555141218008,2.424593253589799,2.85587533691155,14.149965699605069,15.0,3.0,3.5,0.8,0.08175065748971075,0.2943023669629587
5,174,5620,225,90.3434,-32.1087,146.0866,2.0887,4.7936,-4.1191,2.4647,-1.0997,-0.7994,4.7935,-0.2528,0.4666,-1.277,car,181,86.9082,-19.9648,-0.0741,-0.0821,0.1101,0.0102,233.2212,0.11059484617286648,0.39814144622231934,3.435200000000009,-12.143899999999999,-4.045000000000001,2.5468,4.779980673601099,12.6204162470974,0,05_172_181_5572_ego_181,0,5572,5572,5575,vehicle_vehicle,0.13323555141218008,2.424593253589799,2.85587533691155,14.149965699605069,15.0,3.0,3.5,0.8,0.08175065748971075,0.2943023669629587
5,176,5620,207,99.1505,-21.5189,81.0144,2.1313,4.7502,1.7917,9.7535,3.104,0.776,9.9137,0.2463,1.2513,2.9447,car,181,86.9082,-19.9648,-0.0741,-0.0821,0.1101,0.0102,233.2212,0.11059484617286648,0.39814144622231934,12.2423,-1.5540999999999983,1.8658000000000001,9.835600000000001,10.011005793625335,12.340548452155602,0,05_172_181_5572_ego_181,0,5572,5572,5575,vehicle_vehicle,0.13323555141218008,2.424593253589799,2.85587533691155,14.149965699605069,15.0,3.0,3.5,0.8,0.08175065748971075,0.2943023669629587
5,181,5620,126,86.9082,-19.9648,233.2212,2.1466,4.7117,-0.0741,-0.0821,-0.0754,-0.076,0.1101,0.0102,0.106,0.0149,car,181,86.9082,-19.9648,-0.0741,-0.0821,0.1101,0.0102,233.2212,0.11059484617286648,0.39814144622231934,0.0,0.0,0.0,0.0,0.0,0.0,1,05_172_181_5572_ego_181,1,5572,5572,5575,vehicle_vehicle,0.13323555141218008,2.424593253589799,2.85587533691155,14.149965699605069,15.0,3.0,3.5,0.8,0.08175065748971075,0.2943023669629587
5,169,5621,306,63.0632,-33.5977,189.7091,2.0217,4.7798,-9.0537,-1.4814,-0.9443,1.2191,9.1739,0.0667,0.7252,1.3609,car,181,86.9056,-19.9679,-0.0763,-0.0842,0.1132,0.0107,233.203,0.1136280335128616,0.4090609206463018,-23.842400000000005,-13.629800000000003,-8.9774,-1.3972,9.08547624508479,27.463275219827665,0,05_172_181_5572_ego_181,0,5572,5572,5575,vehicle_vehicle,0.13323555141218008,2.424593253589799,2.85587533691155,14.149965699605069,15.0,3.0,3.5,0.8,0.08175065748971075,0.2943023669629587
5,170,5621,302,75.5149,-28.0199,191.9639,1.9471,3.804,-7.6773,-1.8982,-0.2987,-2.2674,7.904,-0.2655,0.7623,-2.1562,car,181,86.9056,-19.9679,-0.0763,-0.0842,0.1132,0.0107,233.203,0.1136280335128616,0.4090609206463018,-11.39070000000001,-8.052,-7.601,-1.814,7.814460761946406,13.949292114297421,0,05_172_181_5572_ego_181,0,5572,5572,5575,vehicle_vehicle,0.13323555141218008,2.424593253589799,2.85587533691155,14.149965699605069,15.0,3.0,3.5,0.8,0.08175065748971075,0.2943023669629587
5,172,5621,243,85.1929,-26.9166,167.5063,2.1205,4.4441,-6.7413,1.1652,-1.4347,-2.0142,6.8337,-0.3208,0.965,-2.2769,car,181,86.9056,-19.9679,-0.0763,-0.0842,0.1132,0.0107,233.203,0.1136280335128616,0.4090609206463018,-1.7127000000000123,-6.948699999999999,-6.665,1.2494,6.781093227496581,7.156659344973745,0,05_172_181_5572_ego_181,1,5572,5572,5575,vehicle_vehicle,0.13323555141218008,2.424593253589799,2.85587533691155,14.149965699605069,15.0,3.0,3.5,0.8,0.08175065748971075,0.2943023669629587
5,174,5621,226,90.1776,-32.0112,146.6912,2.0887,4.7936,-4.165,2.4347,-1.1049,-0.8115,4.8178,-0.2525,0.4778,-1.285,car,181,86.9056,-19.9679,-0.0763,-0.0842,0.1132,0.0107,233.203,0.1136280335128616,0.4090609206463018,3.2719999999999914,-12.043300000000002,-4.0887,2.5189,4.802324947356229,12.4798661407084,0,05_172_181_5572_ego_181,0,5572,5572,5575,vehicle_vehicle,0.13323555141218008,2.424593253589799,2.85587533691155,14.149965699605069,15.0,3.0,3.5,0.8,0.08175065748971075,0.2943023669629587
5,176,5621,208,99.2245,-21.1275,80.3103,2.1313,4.7502,1.9182,9.7824,3.111,0.7637,9.9657,0.2443,1.2764,2.9381,car,181,86.9056,-19.9679,-0.0763,-0.0842,0.1132,0.0107,233.203,0.1136280335128616,0.4090609206463018,12.3189,-1.159600000000001,1.9945,9.8666,10.066172351494883,12.373357239245944,0,05_172_181_5572_ego_181,0,5572,5572,5575,vehicle_vehicle,0.13323555141218008,2.424593253589799,2.85587533691155,14.149965699605069,15.0,3.0,3.5,0.8,0.08175065748971075,0.2943023669629587
5,181,5621,127,86.9056,-19.9679,233.203,2.1466,4.7117,-0.0763,-0.0842,-0.0807,-0.081,0.1132,0.0107,0.1132,0.0161,car,181,86.9056,-19.9679,-0.0763,-0.0842,0.1132,0.0107,233.203,0.1136280335128616,0.4090609206463018,0.0,0.0,0.0,0.0,0.0,0.0,1,05_172_181_5572_ego_181,1,5572,5572,5575,vehicle_vehicle,0.13323555141218008,2.424593253589799,2.85587533691155,14.149965699605069,15.0,3.0,3.5,0.8,0.08175065748971075,0.2943023669629587
5,169,5622,307,62.6986,-33.656,189.402,2.0217,4.7798,-9.0915,-1.4332,-0.9425,1.2682,9.2035,0.0713,0.7227,1.4052,car,181,86.903,-19.971,-0.079,-0.0867,0.1167,0.0114,233.1882,0.1172940322437591,0.4222585160775328,-24.204400000000007,-13.684999999999999,-9.0125,-1.3465,9.112530850427886,27.80525497743188,0,05_172_181_5572_ego_181,0,5572,5572,5575,vehicle_vehicle,0.13323555141218008,2.424593253589799,2.85587533691155,14.149965699605069,15.0,3.0,3.5,0.8,0.08175065748971075,0.2943023669629587
5,170,5622,303,75.2064,-28.0969,192.6417,1.9471,3.804,-7.6863,-1.9945,-0.2701,-2.2352,7.9364,-0.264,0.7527,-2.1219,car,181,86.903,-19.971,-0.079,-0.0867,0.1167,0.0114,233.1882,0.1172940322437591,0.4222585160775328,-11.696600000000004,-8.125900000000001,-7.6073,-1.9078,7.842876648908869,14.242215500756899,0,05_172_181_5572_ego_181,0,5572,5572,5575,vehicle_vehicle,0.13323555141218008,2.424593253589799,2.85587533691155,14.149965699605069,15.0,3.0,3.5,0.8,0.08175065748971075,0.2943023669629587
5,172,5622,244,84.9205,-26.8719,168.2435,2.1205,4.4441,-6.8005,1.083,-1.3924,-2.0554,6.8785,-0.3253,0.9444,-2.296,car,181,86.903,-19.971,-0.079,-0.0867,0.1167,0.0114,233.1882,0.1172940322437591,0.4222585160775328,-1.9825000000000017,-6.9009,-6.721500000000001,1.1697,6.822518621447655,7.180022775729894,0,05_172_181_5572_ego_181,1,5572,5572,5575,vehicle_vehicle,0.13323555141218008,2.424593253589799,2.85587533691155,14.149965699605069,15.0,3.0,3.5,0.8,0.08175065748971075,0.2943023669629587
5,174,5622,227,90.0096,-31.9146,147.2917,2.0887,4.7936,-4.2109,2.4042,-1.1084,-0.8257,4.8423,-0.2524,0.4865,-1.2937,car,181,86.903,-19.971,-0.079,-0.0867,0.1167,0.0114,233.1882,0.1172940322437591,0.4222585160775328,3.1066000000000003,-11.9436,-4.1319,2.4909,4.82464303550014,12.341010676601817,0,05_172_181_5572_ego_181,0,5572,5572,5575,vehicle_vehicle,0.13323555141218008,2.424593253589799,2.85587533691155,14.149965699605069,15.0,3.0,3.5,0.8,0.08175065748971075,0.2943023669629587
5,176,5622,209,99.3039,-20.7353,79.6208,2.1313,4.7502,2.0449,9.8106,3.1157,0.7536,10.0185,0.2439,1.3026,2.9289,car,181,86.903,-19.971,-0.079,-0.0867,0.1167,0.0114,233.1882,0.1172940322437591,0.4222585160775328,12.400899999999993,-0.7642999999999986,2.1239000000000003,9.897300000000001,10.122623103721685,12.424430582525696,0,05_172_181_5572_ego_181,0,5572,5572,5575,vehicle_vehicle,0.13323555141218008,2.424593253589799,2.85587533691155,14.149965699605069,15.0,3.0,3.5,0.8,0.08175065748971075,0.2943023669629587
5,181,5622,128,86.903,-19.971,233.1882,2.1466,4.7117,-0.079,-0.0867,-0.0867,-0.0869,0.1167,0.0114,0.1215,0.0174,car,181,86.903,-19.971,-0.079,-0.0867,0.1167,0.0114,233.1882,0.1172940322437591,0.4222585160775328,0.0,0.0,0.0,0.0,0.0,0.0,1,05_172_181_5572_ego_181,1,5572,5572,5575,vehicle_vehicle,0.13323555141218008,2.424593253589799,2.85587533691155,14.149965699605069,15.0,3.0,3.5,0.8,0.08175065748971075,0.2943023669629587
5,169,5623,308,62.3323,-33.7127,189.0869,2.0217,4.7798,-9.1285,-1.3829,-0.9411,1.3179,9.2323,0.0761,0.7211,1.45,car,181,86.9005,-19.974,-0.0822,-0.0895,0.121,0.0122,233.1745,0.12151991606317049,0.43747169782741374,-24.568199999999997,-13.738699999999998,-9.0463,-1.2934,9.138294548218504,28.14868254341577,0,05_172_181_5572_ego_181,0,5572,5572,5575,vehicle_vehicle,0.13323555141218008,2.424593253589799,2.85587533691155,14.149965699605069,15.0,3.0,3.5,0.8,0.08175065748971075,0.2943023669629587
5,170,5623,304,74.898,-28.1788,193.2956,1.9471,3.804,-7.6937,-2.0894,-0.2446,-2.1974,7.968,-0.264,0.7434,-2.0822,car,181,86.9005,-19.974,-0.0822,-0.0895,0.121,0.0122,233.1745,0.12151991606317049,0.43747169782741374,-12.002499999999998,-8.204799999999999,-7.6114999999999995,-1.9999,7.869849570353934,14.538870289331284,0,05_172_181_5572_ego_181,0,5572,5572,5575,vehicle_vehicle,0.13323555141218008,2.424593253589799,2.85587533691155,14.149965699605069,15.0,3.0,3.5,0.8,0.08175065748971075,0.2943023669629587
5,172,5623,245,84.6452,-26.8305,168.99,2.1205,4.4441,-6.8571,0.9993,-1.3487,-2.0951,6.9217,-0.3287,0.9238,-2.3141,car,181,86.9005,-19.974,-0.0822,-0.0895,0.121,0.0122,233.1745,0.12151991606317049,0.43747169782741374,-2.255299999999991,-6.8565000000000005,-6.7749,1.0888,6.861833242654618,7.217892375202055,0,05_172_181_5572_ego_181,1,5572,5572,5575,vehicle_vehicle,0.13323555141218008,2.424593253589799,2.85587533691155,14.149965699605069,15.0,3.0,3.5,0.8,0.08175065748971075,0.2943023669629587
5,174,5623,228,89.8399,-31.8182,147.9018,2.0887,4.7936,-4.2567,2.3729,-1.1102,-0.8416,4.8669,-0.2517,0.4933,-1.3029,car,181,86.9005,-19.974,-0.0822,-0.0895,0.121,0.0122,233.1745,0.12151991606317049,0.43747169782741374,2.9394000000000062,-11.8442,-4.1745,2.4624,4.84663429711795,12.20348909123944,0,05_172_181_5572_ego_181,0,5572,5572,5575,vehicle_vehicle,0.13323555141218008,2.424593253589799,2.85587533691155,14.149965699605069,15.0,3.0,3.5,0.8,0.08175065748971075,0.2943023669629587
5,176,5623,210,99.3893,-20.3425,78.9535,2.1313,4.7502,2.1714,9.8386,3.1183,0.7457,10.0724,0.246,1.3294,2.9176,car,181,86.9005,-19.974,-0.0822,-0.0895,0.121,0.0122,233.1745,0.12151991606317049,0.43747169782741374,12.488800000000012,-0.36850000000000094,2.2536,9.928099999999999,10.180662187205701,12.494235378365508,0,05_172_181_5572_ego_181,0,5572,5572,5575,vehicle_vehicle,0.13323555141218008,2.424593253589799,2.85587533691155,14.149965699605069,15.0,3.0,3.5,0.8,0.08175065748971075,0.2943023669629587
5,181,5623,129,86.9005,-19.974,233.1745,2.1466,4.7117,-0.0822,-0.0895,-0.0931,-0.0934,0.121,0.0122,0.1306,0.0185,car,181,86.9005,-19.974,-0.0822,-0.0895,0.121,0.0122,233.1745,0.12151991606317049,0.43747169782741374,0.0,0.0,0.0,0.0,0.0,0.0,1,05_172_181_5572_ego_181,1,5572,5572,5575,vehicle_vehicle,0.13323555141218008,2.424593253589799,2.85587533691155,14.149965699605069,15.0,3.0,3.5,0.8,0.08175065748971075,0.2943023669629587
5,169,5624,309,61.9639,-33.7681,188.7616,2.0217,4.7798,-9.1643,-1.3302,-0.9409,1.3677,9.26,0.0813,0.7216,1.4951,car,181,86.8978,-19.9769,-0.086,-0.093,0.126,0.0131,233.1659,0.12666885963013957,0.4560078946685025,-24.9339,-13.791199999999996,-9.0783,-1.2372,9.162215601588953,28.493798740252238,0,05_172_181_5572_ego_181,0,5572,5572,5575,vehicle_vehicle,0.13323555141218008,2.424593253589799,2.85587533691155,14.149965699605069,15.0,3.0,3.5,0.8,0.08175065748971075,0.2943023669629587
5,170,5624,305,74.5897,-28.2655,193.9533,1.9471,3.804,-7.7,-2.1822,-0.2225,-2.1544,7.999,-0.2611,0.7354,-2.0371,car,181,86.8978,-19.9769,-0.086,-0.093,0.126,0.0131,233.1659,0.12666885963013957,0.4560078946685025,-12.30810000000001,-8.288599999999999,-7.614,-2.0892,7.895426058168108,14.838807754331217,0,05_172_181_5572_ego_181,0,5572,5572,5575,vehicle_vehicle,0.13323555141218008,2.424593253589799,2.85587533691155,14.149965699605069,15.0,3.0,3.5,0.8,0.08175065748971075,0.2943023669629587
5,172,5624,246,84.368,-26.7928,169.7501,2.1205,4.4441,-6.9112,0.9142,-1.3045,-2.1333,6.9635,-0.3302,0.9041,-2.3314,car,181,86.8978,-19.9769,-0.086,-0.093,0.126,0.0131,233.1659,0.12666885963013957,0.4560078946685025,-2.5298000000000087,-6.815899999999999,-6.8252,1.0072,6.899116384001649,7.270239394270317,0,05_172_181_5572_ego_181,1,5572,5572,5575,vehicle_vehicle,0.13323555141218008,2.424593253589799,2.85587533691155,14.149965699605069,15.0,3.0,3.5,0.8,0.08175065748971075,0.2943023669629587
5,174,5624,229,89.6684,-31.7235,148.5147,2.0887,4.7936,-4.3025,2.3407,-1.1106,-0.8592,4.8916,-0.251,0.4984,-1.3127,car,181,86.8978,-19.9769,-0.086,-0.093,0.126,0.0131,233.1659,0.12666885963013957,0.4560078946685025,2.7706000000000017,-11.7466,-4.2165,2.4337,4.868446152521357,12.068920246650071,0,05_172_181_5572_ego_181,0,5572,5572,5575,vehicle_vehicle,0.13323555141218008,2.424593253589799,2.85587533691155,14.149965699605069,15.0,3.0,3.5,0.8,0.08175065748971075,0.2943023669629587
5,176,5624,211,99.4798,-19.9484,78.3109,2.1313,4.7502,2.2975,9.8662,3.1193,0.7401,10.1271,0.251,1.3567,2.9047,car,181,86.8978,-19.9769,-0.086,-0.093,0.126,0.0131,233.1659,0.12666885963013957,0.4560078946685025,12.581999999999994,0.02850000000000108,2.3834999999999997,9.9592,10.24044612748878,12.582032278213239,0,05_172_181_5572_ego_181,0,5572,5572,5575,vehicle_vehicle,0.13323555141218008,2.424593253589799,2.85587533691155,14.149965699605069,15.0,3.0,3.5,0.8,0.08175065748971075,0.2943023669629587
5,181,5624,130,86.8978,-19.9769,233.1659,2.1466,4.7117,-0.086,-0.093,-0.0996,-0.1004,0.126,0.0131,0.1401,0.0195,car,181,86.8978,-19.9769,-0.086,-0.093,0.126,0.0131,233.1659,0.12666885963013957,0.4560078946685025,0.0,0.0,0.0,0.0,0.0,0.0,1,05_172_181_5572_ego_181,1,5572,5572,5575,vehicle_vehicle,0.13323555141218008,2.424593253589799,2.85587533691155,14.149965699605069,15.0,3.0,3.5,0.8,0.08175065748971075,0.2943023669629587
5,169,5625,310,61.5984,-33.8208,188.4053,2.0217,4.7798,-9.201,-1.2752,-0.9421,1.4174,9.2885,0.0835,0.7248,1.5399,car,181,86.8951,-19.98,-0.0903,-0.097,0.1318,0.0141,233.1622,0.13252580880719048,0.47709291170588575,-25.2967,-13.840799999999998,-9.110700000000001,-1.1782,9.18656680866144,28.835581761601414,0,05_172_181_5572_ego_181,0,5572,5572,5575,vehicle_vehicle,0.13323555141218008,2.424593253589799,2.85587533691155,14.149965699605069,15.0,3.0,3.5,0.8,0.08175065748971075,0.2943023669629587
5,170,5625,306,74.2815,-28.3557,194.6043,1.9471,3.804,-7.7055,-2.2729,-0.2039,-2.1067,8.0296,-0.2565,0.7285,-1.9872,car,181,86.8951,-19.98,-0.0903,-0.097,0.1318,0.0141,233.1622,0.13252580880719048,0.47709291170588575,-12.613600000000005,-8.375699999999998,-7.6152,-2.1759,7.919962869231143,15.141177478980957,0,05_172_181_5572_ego_181,0,5572,5572,5575,vehicle_vehicle,0.13323555141218008,2.424593253589799,2.85587533691155,14.149965699605069,15.0,3.0,3.5,0.8,0.08175065748971075,0.2943023669629587
5,172,5625,247,84.0893,-26.7576,170.5293,2.1205,4.4441,-6.963,0.8275,-1.2604,-2.1702,7.0042,-0.3295,0.8862,-2.348,car,181,86.8951,-19.98,-0.0903,-0.097,0.1318,0.0141,233.1622,0.13252580880719048,0.47709291170588575,-2.805800000000005,-6.7776,-6.8727,0.9245,6.934602046260477,7.335419238189459,0,05_172_181_5572_ego_181,1,5572,5572,5575,vehicle_vehicle,0.13323555141218008,2.424593253589799,2.85587533691155,14.149965699605069,15.0,3.0,3.5,0.8,0.08175065748971075,0.2943023669629587
5,174,5625,230,89.4952,-31.6296,149.1332,2.0887,4.7936,-4.3483,2.3074,-1.1097,-0.878,4.9162,-0.2503,0.5021,-1.323,car,181,86.8951,-19.98,-0.0903,-0.097,0.1318,0.0141,233.1622,0.13252580880719048,0.47709291170588575,2.6000999999999976,-11.6496,-4.258,2.4044,4.8899594435945986,11.936234756823442,0,05_172_181_5572_ego_181,0,5572,5572,5575,vehicle_vehicle,0.13323555141218008,2.424593253589799,2.85587533691155,14.149965699605069,15.0,3.0,3.5,0.8,0.08175065748971075,0.2943023669629587
5,176,5625,212,99.5755,-19.5539,77.6913,2.1313,4.7502,2.4232,9.894,3.1191,0.7364,10.1831,0.2583,1.3844,2.8905,car,181,86.8951,-19.98,-0.0903,-0.097,0.1318,0.0141,233.1622,0.13252580880719048,0.47709291170588575,12.680400000000006,0.4261000000000017,2.5135,9.991,10.30231834346037,12.687557108048821,0,05_172_181_5572_ego_181,0,5572,5572,5575,vehicle_vehicle,0.13323555141218008,2.424593253589799,2.85587533691155,14.149965699605069,15.0,3.0,3.5,0.8,0.08175065748971075,0.2943023669629587
5,181,5625,131,86.8951,-19.98,233.1622,2.1466,4.7117,-0.0903,-0.097,-0.106,-0.1075,0.1318,0.0141,0.1496,0.0203,car,181,86.8951,-19.98,-0.0903,-0.097,0.1318,0.0141,233.1622,0.13252580880719048,0.47709291170588575,0.0,0.0,0.0,0.0,0.0,0.0,1,05_172_181_5572_ego_181,1,5572,5572,5575,vehicle_vehicle,0.13323555141218008,2.424593253589799,2.85587533691155,14.149965699605069,15.0,3.0,3.5,0.8,0.08175065748971075,0.2943023669629587
5,169,5626,311,61.2304,-33.8711,188.0313,2.0217,4.7798,-9.2379,-1.218,-0.9442,1.4668,9.3175,0.0846,0.73,1.5843,car,181,86.8924,-19.9833,-0.0952,-0.1016,0.1384,0.0153,233.1588,0.13923218018834585,0.501235848678045,-25.661999999999992,-13.887799999999999,-9.1427,-1.1164,9.21060867966933,29.178917609123193,0,05_172_181_5572_ego_181,0,5572,5572,5575,vehicle_vehicle,0.13323555141218008,2.424593253589799,2.85587533691155,14.149965699605069,15.0,3.0,3.5,0.8,0.08175065748971075,0.2943023669629587
5,170,5626,307,73.9732,-28.4497,195.2271,1.9471,3.804,-7.7102,-2.3611,-0.1888,-2.0547,8.0596,-0.2531,0.7218,-1.933,car,181,86.8924,-19.9833,-0.0952,-0.1016,0.1384,0.0153,233.1588,0.13923218018834585,0.501235848678045,-12.91919999999999,-8.4664,-7.615,-2.2595,7.943145803143739,15.446218229715639,0,05_172_181_5572_ego_181,0,5572,5572,5575,vehicle_vehicle,0.13323555141218008,2.424593253589799,2.85587533691155,14.149965699605069,15.0,3.0,3.5,0.8,0.08175065748971075,0.2943023669629587
5,172,5626,248,83.809,-26.7256,171.3229,2.1205,4.4441,-7.0128,0.739,-1.2168,-2.2055,7.044,-0.3274,0.8702,-2.3639,car,181,86.8924,-19.9833,-0.0952,-0.1016,0.1384,0.0153,233.1588,0.13923218018834585,0.501235848678045,-3.0833999999999975,-6.7423,-6.9176,0.8406,6.968486070876514,7.413903482646641,0,05_172_181_5572_ego_181,1,5572,5572,5575,vehicle_vehicle,0.13323555141218008,2.424593253589799,2.85587533691155,14.149965699605069,15.0,3.0,3.5,0.8,0.08175065748971075,0.2943023669629587
5,174,5626,231,89.3199,-31.5372,149.7602,2.0887,4.7936,-4.3938,2.273,-1.1075,-0.8977,4.9407,-0.2491,0.5047,-1.3333,car,181,86.8924,-19.9833,-0.0952,-0.1016,0.1384,0.0153,233.1588,0.13923218018834585,0.501235848678045,2.427500000000009,-11.553899999999999,-4.2985999999999995,2.3746,4.910874374284074,11.80615777719407,0,05_172_181_5572_ego_181,0,5572,5572,5575,vehicle_vehicle,0.13323555141218008,2.424593253589799,2.85587533691155,14.149965699605069,15.0,3.0,3.5,0.8,0.08175065748971075,0.2943023669629587
5,176,5626,213,99.6768,-19.1591,77.094,2.1313,4.7502,2.5481,9.9222,3.1185,0.7344,10.2406,0.2675,1.4123,2.8757,car,181,86.8924,-19.9833,-0.0952,-0.1016,0.1384,0.0153,233.1588,0.13923218018834585,0.501235848678045,12.784400000000005,0.8242000000000012,2.6433,10.0238,10.36646522832156,12.810940207494536,0,05_172_181_5572_ego_181,0,5572,5572,5575,vehicle_vehicle,0.13323555141218008,2.424593253589799,2.85587533691155,14.149965699605069,15.0,3.0,3.5,0.8,0.08175065748971075,0.2943023669629587
5,181,5626,132,86.8924,-19.9833,233.1588,2.1466,4.7117,-0.0952,-0.1016,-0.1118,-0.1146,0.1384,0.0153,0.1587,0.0208,car,181,86.8924,-19.9833,-0.0952,-0.1016,0.1384,0.0153,233.1588,0.13923218018834585,0.501235848678045,0.0,0.0,0.0,0.0,0.0,0.0,1,05_172_181_5572_ego_181,1,5572,5572,5575,vehicle_vehicle,0.13323555141218008,2.424593253589799,2.85587533691155,14.149965699605069,15.0,3.0,3.5,0.8,0.08175065748971075,0.2943023669629587
5,169,5627,312,60.8616,-33.9191,187.641,2.0217,4.7798,-9.2756,-1.1588,-0.9467,1.5156,9.3473,0.0849,0.7368,1.628,car,181,86.8893,-19.9868,-0.1008,-0.1067,0.1458,0.0167,233.1614,0.1467839568890279,0.5284222448005005,-26.027700000000003,-13.932300000000001,-9.174800000000001,-1.0521,9.234926607721365,29.522028226055205,0,05_172_181_5572_ego_181,0,5572,5572,5575,vehicle_vehicle,0.13323555141218008,2.424593253589799,2.85587533691155,14.149965699605069,15.0,3.0,3.5,0.8,0.08175065748971075,0.2943023669629587
5,170,5627,308,73.6646,-28.5463,195.8403,1.9471,3.804,-7.7143,-2.447,-0.1771,-1.999,8.0893,-0.2484,0.716,-1.8748,car,181,86.8893,-19.9868,-0.1008,-0.1067,0.1458,0.0167,233.1614,0.1467839568890279,0.5284222448005005,-13.224700000000013,-8.5595,-7.6135,-2.3403,7.965072902365678,15.753022895304898,0,05_172_181_5572_ego_181,0,5572,5572,5575,vehicle_vehicle,0.13323555141218008,2.424593253589799,2.85587533691155,14.149965699605069,15.0,3.0,3.5,0.8,0.08175065748971075,0.2943023669629587
5,172,5627,249,83.5267,-26.6974,172.1214,2.1205,4.4441,-7.0605,0.649,-1.174,-2.2392,7.0828,-0.325,0.856,-2.3789,car,181,86.8893,-19.9868,-0.1008,-0.1067,0.1458,0.0167,233.1614,0.1467839568890279,0.5284222448005005,-3.3626000000000005,-6.7105999999999995,-6.9597,0.7557,7.000607586488476,7.505946384034461,0,05_172_181_5572_ego_181,1,5572,5572,5575,vehicle_vehicle,0.13323555141218008,2.424593253589799,2.85587533691155,14.149965699605069,15.0,3.0,3.5,0.8,0.08175065748971075,0.2943023669629587
5,174,5627,232,89.1427,-31.4464,150.3844,2.0887,4.7936,-4.439,2.2377,-1.1043,-0.9181,4.9649,-0.2483,0.5063,-1.3439,car,181,86.8893,-19.9868,-0.1008,-0.1067,0.1458,0.0167,233.1614,0.1467839568890279,0.5284222448005005,2.253399999999999,-11.459600000000002,-4.3382000000000005,2.3444,4.931144958323574,11.679051490596315,0,05_172_181_5572_ego_181,0,5572,5572,5575,vehicle_vehicle,0.13323555141218008,2.424593253589799,2.85587533691155,14.149965699605069,15.0,3.0,3.5,0.8,0.08175065748971075,0.2943023669629587
5,176,5627,214,99.7821,-18.7626,76.5065,2.1313,4.7502,2.6725,9.9507,3.1179,0.7333,10.2996,0.2769,1.4406,2.8607,car,181,86.8893,-19.9868,-0.1008,-0.1067,0.1458,0.0167,233.1614,0.1467839568890279,0.5284222448005005,12.892799999999994,1.2241999999999997,2.7733,10.0574,10.432760308278915,12.950789840005893,0,05_172_181_5572_ego_181,0,5572,5572,5575,vehicle_vehicle,0.13323555141218008,2.424593253589799,2.85587533691155,14.149965699605069,15.0,3.0,3.5,0.8,0.08175065748971075,0.2943023669629587
5,181,5627,133,86.8893,-19.9868,233.1614,2.1466,4.7117,-0.1008,-0.1067,-0.1167,-0.1212,0.1458,0.0167,0.167,0.0208,car,181,86.8893,-19.9868,-0.1008,-0.1067,0.1458,0.0167,233.1614,0.1467839568890279,0.5284222448005005,0.0,0.0,0.0,0.0,0.0,0.0,1,05_172_181_5572_ego_181,1,5572,5572,5575,vehicle_vehicle,0.13323555141218008,2.424593253589799,2.85587533691155,14.149965699605069,15.0,3.0,3.5,0.8,0.08175065748971075,0.2943023669629587
5,169,5628,313,60.4914,-33.9652,187.2398,2.0217,4.7798,-9.314,-1.0972,-0.949,1.5636,9.378,0.0854,0.7444,1.6707,car,181,86.8858,-19.9904,-0.1067,-0.1124,0.1539,0.0181,233.1692,0.15497951477534055,0.557926253191226,-26.394400000000005,-13.974800000000002,-9.2073,-0.9847999999999999,9.25981664667287,29.86568911644264,0,05_172_181_5572_ego_181,0,5572,5572,5575,vehicle_vehicle,0.13323555141218008,2.424593253589799,2.85587533691155,14.149965699605069,15.0,3.0,3.5,0.8,0.08175065748971075,0.2943023669629587
5,170,5628,309,73.3566,-28.646,196.4558,1.9471,3.804,-7.7182,-2.5305,-0.1687,-1.9396,8.1189,-0.2405,0.7112,-1.8124,car,181,86.8858,-19.9904,-0.1067,-0.1124,0.1539,0.0181,233.1692,0.15497951477534055,0.557926253191226,-13.529200000000003,-8.6556,-7.6115,-2.4181,7.986372133828977,16.06109161918953,0,05_172_181_5572_ego_181,0,5572,5572,5575,vehicle_vehicle,0.13323555141218008,2.424593253589799,2.85587533691155,14.149965699605069,15.0,3.0,3.5,0.8,0.08175065748971075,0.2943023669629587
5,172,5628,250,83.243,-26.6733,172.92,2.1205,4.4441,-7.1063,0.5576,-1.1322,-2.271,7.1209,-0.3225,0.8437,-2.3932,car,181,86.8858,-19.9904,-0.1067,-0.1124,0.1539,0.0181,233.1692,0.15497951477534055,0.557926253191226,-3.6428000000000083,-6.6829,-6.9996,0.6699999999999999,7.03159300301148,7.611251161931267,0,05_172_181_5572_ego_181,1,5572,5572,5575,vehicle_vehicle,0.13323555141218008,2.424593253589799,2.85587533691155,14.149965699605069,15.0,3.0,3.5,0.8,0.08175065748971075,0.2943023669629587
5,174,5628,233,88.9639,-31.3575,151.0079,2.0887,4.7936,-4.4839,2.2014,-1.1003,-0.939,4.989,-0.2478,0.5073,-1.3546,car,181,86.8858,-19.9904,-0.1067,-0.1124,0.1539,0.0181,233.1692,0.15497951477534055,0.557926253191226,2.078099999999992,-11.3671,-4.3772,2.3138,4.951116064080906,11.555494884253118,0,05_172_181_5572_ego_181,0,5572,5572,5575,vehicle_vehicle,0.13323555141218008,2.424593253589799,2.85587533691155,14.149965699605069,15.0,3.0,3.5,0.8,0.08175065748971075,0.2943023669629587
5,176,5628,215,99.8914,-18.365,75.9296,2.1313,4.7502,2.797,9.9795,3.1176,0.733,10.3601,0.287,1.469,2.8458,car,181,86.8858,-19.9904,-0.1067,-0.1124,0.1539,0.0181,233.1692,0.15497951477534055,0.557926253191226,13.005600000000001,1.6254000000000026,2.9037,10.091899999999999,10.501329406318039,13.106775214369096,0,05_172_181_5572_ego_181,0,5572,5572,5575,vehicle_vehicle,0.13323555141218008,2.424593253589799,2.85587533691155,14.149965699605069,15.0,3.0,3.5,0.8,0.08175065748971075,0.2943023669629587
5,181,5628,134,86.8858,-19.9904,233.1692,2.1466,4.7117,-0.1067,-0.1124,-0.1205,-0.1271,0.1539,0.0181,0.174,0.0203,car,181,86.8858,-19.9904,-0.1067,-0.1124,0.1539,0.0181,233.1692,0.15497951477534055,0.557926253191226,0.0,0.0,0.0,0.0,0.0,0.0,1,05_172_181_5572_ego_181,1,5572,5572,5575,vehicle_vehicle,0.13323555141218008,2.424593253589799,2.85587533691155,14.149965699605069,15.0,3.0,3.5,0.8,0.08175065748971075,0.2943023669629587
5,169,5629,314,60.1192,-34.0077,186.823,2.0217,4.7798,-9.3529,-1.0337,-0.9506,1.6107,9.4094,0.0848,0.7525,1.7122,car,181,86.882,-19.9943,-0.1131,-0.1186,0.1627,0.0195,233.1862,0.16388279348363574,0.5899780565410887,-26.762800000000006,-14.0134,-9.2398,-0.9151,9.285004687667099,30.20964818398255,0,05_172_181_5572_ego_181,0,5572,5572,5575,vehicle_vehicle,0.13323555141218008,2.424593253589799,2.85587533691155,14.149965699605069,15.0,3.0,3.5,0.8,0.08175065748971075,0.2943023669629587
5,170,5629,310,73.048,-28.7483,197.0705,1.9471,3.804,-7.7218,-2.6119,-0.1634,-1.8765,8.1484,-0.2301,0.7071,-1.7459,car,181,86.882,-19.9943,-0.1131,-0.1186,0.1627,0.0195,233.1862,0.16388279348363574,0.5899780565410887,-13.834000000000003,-8.754000000000001,-7.6087,-2.4933,8.006800895488784,16.37107424697598,0,05_172_181_5572_ego_181,0,5572,5572,5575,vehicle_vehicle,0.13323555141218008,2.424593253589799,2.85587533691155,14.149965699605069,15.0,3.0,3.5,0.8,0.08175065748971075,0.2943023669629587
5,172,5629,251,82.9573,-26.6528,173.7142,2.1205,4.4441,-7.1503,0.4649,-1.0917,-2.301,7.1582,-0.3207,0.8332,-2.4067,car,181,86.882,-19.9943,-0.1131,-0.1186,0.1627,0.0195,233.1862,0.16388279348363574,0.5899780565410887,-3.9247000000000014,-6.6585,-7.0371999999999995,0.5835,7.061349452477195,7.729093888678026,0,05_172_181_5572_ego_181,1,5572,5572,5575,vehicle_vehicle,0.13323555141218008,2.424593253589799,2.85587533691155,14.149965699605069,15.0,3.0,3.5,0.8,0.08175065748971075,0.2943023669629587
5,174,5629,234,88.7829,-31.2699,151.6419,2.0887,4.7936,-4.5284,2.1642,-1.0957,-0.9603,5.0129,-0.2464,0.5081,-1.3655,car,181,86.882,-19.9943,-0.1131,-0.1186,0.1627,0.0195,233.1862,0.16388279348363574,0.5899780565410887,1.900899999999993,-11.2756,-4.4153,2.2828,4.970518074607515,11.43470927352331,0,05_172_181_5572_ego_181,0,5572,5572,5575,vehicle_vehicle,0.13323555141218008,2.424593253589799,2.85587533691155,14.149965699605069,15.0,3.0,3.5,0.8,0.08175065748971075,0.2943023669629587
5,176,5629,216,100.0059,-17.9662,75.3482,2.1313,4.7502,2.9215,10.0088,3.1175,0.733,10.4223,0.2949,1.4977,2.8307,car,181,86.882,-19.9943,-0.1131,-0.1186,0.1627,0.0195,233.1862,0.16388279348363574,0.5899780565410887,13.123899999999992,2.0280999999999985,3.0346,10.127400000000002,10.57227638306907,13.27968150295781,0,05_172_181_5572_ego_181,0,5572,5572,5575,vehicle_vehicle,0.13323555141218008,2.424593253589799,2.85587533691155,14.149965699605069,15.0,3.0,3.5,0.8,0.08175065748971075,0.2943023669629587
5,181,5629,135,86.882,-19.9943,233.1862,2.1466,4.7117,-0.1131,-0.1186,-0.1228,-0.132,0.1627,0.0195,0.1793,0.0192,car,181,86.882,-19.9943,-0.1131,-0.1186,0.1627,0.0195,233.1862,0.16388279348363574,0.5899780565410887,0.0,0.0,0.0,0.0,0.0,0.0,1,05_172_181_5572_ego_181,1,5572,5572,5575,vehicle_vehicle,0.13323555141218008,2.424593253589799,2.85587533691155,14.149965699605069,15.0,3.0,3.5,0.8,0.08175065748971075,0.2943023669629587
5,169,5630,315,59.7459,-34.0476,186.398,2.0217,4.7798,-9.3925,-0.9684,-0.9509,1.6568,9.4419,0.0843,0.7603,1.7525,car,181,86.8776,-19.9984,-0.1196,-0.1253,0.172,0.0208,233.2096,0.17321734901562255,0.6235824564562412,-27.131700000000002,-14.049200000000003,-9.2729,-0.8431000000000001,9.311148802376643,30.553382227341054,0,05_172_181_5572_ego_181,0,5572,5572,5575,vehicle_vehicle,0.13323555141218008,2.424593253589799,2.85587533691155,14.149965699605069,15.0,3.0,3.5,0.8,0.08175065748971075,0.2943023669629587
5,170,5630,311,72.7387,-28.8533,197.6702,1.9471,3.804,-7.7252,-2.6912,-0.1613,-1.8094,8.1776,-0.2193,0.7029,-1.675,car,181,86.8776,-19.9984,-0.1196,-0.1253,0.172,0.0208,233.2096,0.17321734901562255,0.6235824564562412,-14.138900000000007,-8.8549,-7.6056,-2.5658999999999996,8.026767354919413,16.682857885266547,0,05_172_181_5572_ego_181,0,5572,5572,5575,vehicle_vehicle,0.13323555141218008,2.424593253589799,2.85587533691155,14.149965699605069,15.0,3.0,3.5,0.8,0.08175065748971075,0.2943023669629587
5,172,5630,252,82.6694,-26.6362,174.5217,2.1205,4.4441,-7.1923,0.3712,-1.0526,-2.3292,7.1949,-0.3172,0.8254,-2.419,car,181,86.8776,-19.9984,-0.1196,-0.1253,0.172,0.0208,233.2096,0.17321734901562255,0.6235824564562412,-4.208200000000005,-6.637799999999999,-7.0727,0.49649999999999994,7.090105608522345,7.859347051759454,0,05_172_181_5572_ego_181,1,5572,5572,5575,vehicle_vehicle,0.13323555141218008,2.424593253589799,2.85587533691155,14.149965699605069,15.0,3.0,3.5,0.8,0.08175065748971075,0.2943023669629587
5,174,5630,235,88.5997,-31.1842,152.2682,2.0887,4.7936,-4.5722,2.1262,-1.0909,-0.9819,5.0363,-0.2456,0.5087,-1.3768,car,181,86.8776,-19.9984,-0.1196,-0.1253,0.172,0.0208,233.2096,0.17321734901562255,0.6235824564562412,1.7220999999999975,-11.1858,-4.4525999999999994,2.2515,4.989478831501342,11.317585875530169,0,05_172_181_5572_ego_181,0,5572,5572,5575,vehicle_vehicle,0.13323555141218008,2.424593253589799,2.85587533691155,14.149965699605069,15.0,3.0,3.5,0.8,0.08175065748971075,0.2943023669629587
5,176,5630,217,100.1246,-17.5655,74.7585,2.1313,4.7502,3.0462,10.0381,3.1175,0.733,10.4858,0.3002,1.5267,2.8151,car,181,86.8776,-19.9984,-0.1196,-0.1253,0.172,0.0208,233.2096,0.17321734901562255,0.6235824564562412,13.247,2.4329,3.1658,10.1634,10.645045288771673,13.468556396659592,0,05_172_181_5572_ego_181,0,5572,5572,5575,vehicle_vehicle,0.13323555141218008,2.424593253589799,2.85587533691155,14.149965699605069,15.0,3.0,3.5,0.8,0.08175065748971075,0.2943023669629587
5,181,5630,136,86.8776,-19.9984,233.2096,2.1466,4.7117,-0.1196,-0.1253,-0.1236,-0.1357,0.172,0.0208,0.1827,0.0177,car,181,86.8776,-19.9984,-0.1196,-0.1253,0.172,0.0208,233.2096,0.17321734901562255,0.6235824564562412,0.0,0.0,0.0,0.0,0.0,0.0,1,05_172_181_5572_ego_181,1,5572,5572,5575,vehicle_vehicle,0.13323555141218008,2.424593253589799,2.85587533691155,14.149965699605069,15.0,3.0,3.5,0.8,0.08175065748971075,0.2943023669629587
5,169,5631,316,59.37,-34.0849,185.9712,2.0217,4.7798,-9.4324,-0.9013,-0.9495,1.7021,9.4749,0.0849,0.7673,1.7917,car,181,86.8737,-20.0033,-0.1266,-0.1322,0.1817,0.0223,233.2267,0.18304207166659803,0.658951457999753,-27.503700000000002,-14.081599999999998,-9.3058,-0.7691,9.337527962474864,30.898947753119362,0,05_172_181_5572_ego_181,0,5572,5572,5575,vehicle_vehicle,0.13323555141218008,2.424593253589799,2.85587533691155,14.149965699605069,15.0,3.0,3.5,0.8,0.08175065748971075,0.2943023669629587
5,170,5631,312,72.4293,-28.962,198.2652,1.9471,3.804,-7.7283,-2.768,-0.1625,-1.738,8.2065,-0.2063,0.699,-1.5995,car,181,86.8737,-20.0033,-0.1266,-0.1322,0.1817,0.0223,233.2267,0.18304207166659803,0.658951457999753,-14.444400000000002,-8.9587,-7.6017,-2.6357999999999997,8.04569975390581,16.99702906539846,0,05_172_181_5572_ego_181,0,5572,5572,5575,vehicle_vehicle,0.13323555141218008,2.424593253589799,2.85587533691155,14.149965699605069,15.0,3.0,3.5,0.8,0.08175065748971075,0.2943023669629587
5,172,5631,253,82.3807,-26.6231,175.3332,2.1205,4.4441,-7.2326,0.2762,-1.0153,-2.3556,7.2311,-0.3132,0.8202,-2.4304,car,181,86.8737,-20.0033,-0.1266,-0.1322,0.1817,0.0223,233.2267,0.18304207166659803,0.658951457999753,-4.492999999999995,-6.6198000000000015,-7.106,0.4084,7.117726221202949,8.00055004609058,0,05_172_181_5572_ego_181,1,5572,5572,5575,vehicle_vehicle,0.13323555141218008,2.424593253589799,2.85587533691155,14.149965699605069,15.0,3.0,3.5,0.8,0.08175065748971075,0.2943023669629587
5,174,5631,236,88.4149,-31.0996,152.8972,2.0887,4.7936,-4.6153,2.0872,-1.0864,-1.0039,5.0594,-0.2447,0.5097,-1.3886,car,181,86.8737,-20.0033,-0.1266,-0.1322,0.1817,0.0223,233.2267,0.18304207166659803,0.658951457999753,1.5412000000000035,-11.0963,-4.488700000000001,2.2194000000000003,5.007410912837093,11.202819784768476,0,05_172_181_5572_ego_181,0,5572,5572,5575,vehicle_vehicle,0.13323555141218008,2.424593253589799,2.85587533691155,14.149965699605069,15.0,3.0,3.5,0.8,0.08175065748971075,0.2943023669629587
5,181,5631,137,86.8737,-20.0033,233.2267,2.1466,4.7117,-0.1266,-0.1322,-0.1226,-0.1379,0.1817,0.0223,0.1839,0.0156,car,181,86.8737,-20.0033,-0.1266,-0.1322,0.1817,0.0223,233.2267,0.18304207166659803,0.658951457999753,0.0,0.0,0.0,0.0,0.0,0.0,1,05_172_181_5572_ego_181,1,5572,5572,5575,vehicle_vehicle,0.13323555141218008,2.424593253589799,2.85587533691155,14.149965699605069,15.0,3.0,3.5,0.8,0.08175065748971075,0.2943023669629587
5,169,5632,317,58.992,-34.1197,185.5309,2.0217,4.7798,-9.4722,-0.8323,-0.9462,1.7466,9.5083,0.0845,0.7735,1.8296,car,181,86.8687,-20.0083,-0.1336,-0.1394,0.1916,0.0236,233.2291,0.19308371241510766,0.6951013646943875,-27.876700000000007,-14.111400000000003,-9.338600000000001,-0.6929000000000001,9.364270413118152,31.244871784822553,0,05_172_181_5572_ego_181,0,5572,5572,5575,vehicle_vehicle,0.13323555141218008,2.424593253589799,2.85587533691155,14.149965699605069,15.0,3.0,3.5,0.8,0.08175065748971075,0.2943023669629587
5,170,5632,313,72.1184,-29.0724,198.8303,1.9471,3.804,-7.7309,-2.8425,-0.1672,-1.6618,8.2346,-0.1951,0.6946,-1.5189,car,181,86.8687,-20.0083,-0.1336,-0.1394,0.1916,0.0236,233.2291,0.19308371241510766,0.6951013646943875,-14.75030000000001,-9.0641,-7.5973,-2.7030999999999996,8.063852485009878,17.31269068920254,0,05_172_181_5572_ego_181,0,5572,5572,5575,vehicle_vehicle,0.13323555141218008,2.424593253589799,2.85587533691155,14.149965699605069,15.0,3.0,3.5,0.8,0.08175065748971075,0.2943023669629587
5,172,5632,254,82.09,-26.6135,176.149,2.1205,4.4441,-7.2712,0.18,-0.9798,-2.3802,7.2669,-0.3088,0.8178,-2.4406,car,181,86.8687,-20.0083,-0.1336,-0.1394,0.1916,0.0236,233.2291,0.19308371241510766,0.6951013646943875,-4.778700000000001,-6.6052,-7.1376,0.3194,7.144742830921208,8.15258491093469,0,05_172_181_5572_ego_181,1,5572,5572,5575,vehicle_vehicle,0.13323555141218008,2.424593253589799,2.85587533691155,14.149965699605069,15.0,3.0,3.5,0.8,0.08175065748971075,0.2943023669629587
5,174,5632,237,88.2275,-31.0159,153.5317,2.0887,4.7936,-4.6576,2.0469,-1.0827,-1.0259,5.0817,-0.2436,0.5119,-1.4009,car,181,86.8687,-20.0083,-0.1336,-0.1394,0.1916,0.0236,233.2291,0.19308371241510766,0.6951013646943875,1.3588000000000022,-11.0076,-4.524,2.1863,5.024587912456105,11.09114940842472,0,05_172_181_5572_ego_181,0,5572,5572,5575,vehicle_vehicle,0.13323555141218008,2.424593253589799,2.85587533691155,14.149965699605069,15.0,3.0,3.5,0.8,0.08175065748971075,0.2943023669629587
5,181,5632,138,86.8687,-20.0083,233.2291,2.1466,4.7117,-0.1336,-0.1394,-0.1195,-0.1386,0.1916,0.0236,0.1825,0.0127,car,181,86.8687,-20.0083,-0.1336,-0.1394,0.1916,0.0236,233.2291,0.19308371241510766,0.6951013646943875,0.0,0.0,0.0,0.0,0.0,0.0,1,05_172_181_5572_ego_181,1,5572,5572,5575,vehicle_vehicle,0.13323555141218008,2.424593253589799,2.85587533691155,14.149965699605069,15.0,3.0,3.5,0.8,0.08175065748971075,0.2943023669629587
5,169,5633,318,58.6131,-34.1522,185.0629,2.0217,4.7798,-9.5122,-0.7613,-0.941,1.79,9.5422,0.0811,0.7794,1.8661,car,181,86.8626,-20.0135,-0.1402,-0.1468,0.2015,0.0244,233.2261,0.20299330038205693,0.730775881375405,-28.249499999999998,-14.1387,-9.372,-0.6144999999999999,9.392124054227564,31.59014225893894,0,05_172_181_5572_ego_181,0,5572,5572,5575,vehicle_vehicle,0.13323555141218008,2.424593253589799,2.85587533691155,14.149965699605069,15.0,3.0,3.5,0.8,0.08175065748971075,0.2943023669629587
5,170,5633,314,71.8089,-29.1868,199.3851,1.9471,3.804,-7.7336,-2.9143,-0.1759,-1.5805,8.2625,-0.1822,0.6906,-1.4325,car,181,86.8626,-20.0135,-0.1402,-0.1468,0.2015,0.0244,233.2261,0.20299330038205693,0.730775881375405,-15.053700000000006,-9.173300000000001,-7.5934,-2.7675,8.082003452733733,17.628480268588106,0,05_172_181_5572_ego_181,0,5572,5572,5575,vehicle_vehicle,0.13323555141218008,2.424593253589799,2.85587533691155,14.149965699605069,15.0,3.0,3.5,0.8,0.08175065748971075,0.2943023669629587
5,172,5633,255,81.7985,-26.6078,176.9771,2.1205,4.4441,-7.3084,0.0827,-0.9464,-2.4027,7.3026,-0.3029,0.8184,-2.4493,car,181,86.8626,-20.0135,-0.1402,-0.1468,0.2015,0.0244,233.2261,0.20299330038205693,0.730775881375405,-5.064099999999996,-6.5943000000000005,-7.1682,0.2295,7.171872941568332,8.314439325655096,0,05_172_181_5572_ego_181,1,5572,5572,5575,vehicle_vehicle,0.13323555141218008,2.424593253589799,2.85587533691155,14.149965699605069,15.0,3.0,3.5,0.8,0.08175065748971075,0.2943023669629587
5,174,5633,238,88.0395,-30.9342,154.1701,2.0887,4.7936,-4.6993,2.0054,-1.0803,-1.0477,5.1036,-0.2424,0.5159,-1.4137,car,181,86.8626,-20.0135,-0.1402,-0.1468,0.2015,0.0244,233.2261,0.20299330038205693,0.730775881375405,1.1769000000000034,-10.9207,-4.5591,2.1521999999999997,5.041563016565398,10.98393290675066,0,05_172_181_5572_ego_181,0,5572,5572,5575,vehicle_vehicle,0.13323555141218008,2.424593253589799,2.85587533691155,14.149965699605069,15.0,3.0,3.5,0.8,0.08175065748971075,0.2943023669629587
5,181,5633,139,86.8626,-20.0135,233.2261,2.1466,4.7117,-0.1402,-0.1468,-0.1144,-0.1375,0.2015,0.0244,0.1786,0.0093,car,181,86.8626,-20.0135,-0.1402,-0.1468,0.2015,0.0244,233.2261,0.20299330038205693,0.730775881375405,0.0,0.0,0.0,0.0,0.0,0.0,1,05_172_181_5572_ego_181,1,5572,5572,5575,vehicle_vehicle,0.13323555141218008,2.424593253589799,2.85587533691155,14.149965699605069,15.0,3.0,3.5,0.8,0.08175065748971075,0.2943023669629587
5,169,5634,319,58.232,-34.1823,184.583,2.0217,4.7798,-9.552,-0.6882,-0.9336,1.8321,9.5764,0.0772,0.7843,1.9009,car,181,86.8565,-20.0192,-0.1464,-0.1542,0.2112,0.0249,233.2251,0.2126278438963251,0.7654602380267704,-28.624499999999998,-14.163099999999996,-9.4056,-0.534,9.420746645569023,31.936740626745237,0,05_172_181_5572_ego_181,0,5572,5572,5575,vehicle_vehicle,0.13323555141218008,2.424593253589799,2.85587533691155,14.149965699605069,15.0,3.0,3.5,0.8,0.08175065748971075,0.2943023669629587
5,170,5634,315,71.4993,-29.3046,199.9061,1.9471,3.804,-7.7366,-2.9828,-0.1887,-1.4939,8.2899,-0.1705,0.6861,-1.3404,car,181,86.8565,-20.0192,-0.1464,-0.1542,0.2112,0.0249,233.2251,0.2126278438963251,0.7654602380267704,-15.357199999999992,-9.2854,-7.5902,-2.8286000000000002,8.100130492776028,17.946092750233955,0,05_172_181_5572_ego_181,0,5572,5572,5575,vehicle_vehicle,0.13323555141218008,2.424593253589799,2.85587533691155,14.149965699605069,15.0,3.0,3.5,0.8,0.08175065748971075,0.2943023669629587
5,172,5634,256,81.5053,-26.6064,177.8128,2.1205,4.4441,-7.3443,-0.0156,-0.9149,-2.4231,7.3384,-0.2959,0.8218,-2.4563,car,181,86.8565,-20.0192,-0.1464,-0.1542,0.2112,0.0249,233.2251,0.2126278438963251,0.7654602380267704,-5.3511999999999915,-6.587199999999999,-7.1979,0.1386,7.199234290533959,8.486845425716194,0,05_172_181_5572_ego_181,1,5572,5572,5575,vehicle_vehicle,0.13323555141218008,2.424593253589799,2.85587533691155,14.149965699605069,15.0,3.0,3.5,0.8,0.08175065748971075,0.2943023669629587
5,174,5634,239,87.8496,-30.8545,154.796,2.0887,4.7936,-4.7406,1.963,-1.0797,-1.069,5.1252,-0.2427,0.5217,-1.427,car,181,86.8565,-20.0192,-0.1464,-0.1542,0.2112,0.0249,233.2251,0.2126278438963251,0.7654602380267704,0.9930999999999983,-10.8353,-4.5942,2.1172,5.058577811994197,10.880715679586523,0,05_172_181_5572_ego_181,0,5572,5572,5575,vehicle_vehicle,0.13323555141218008,2.424593253589799,2.85587533691155,14.149965699605069,15.0,3.0,3.5,0.8,0.08175065748971075,0.2943023669629587
5,181,5634,140,86.8565,-20.0192,233.2251,2.1466,4.7117,-0.1464,-0.1542,-0.1076,-0.1345,0.2112,0.0249,0.1721,0.0057,car,181,86.8565,-20.0192,-0.1464,-0.1542,0.2112,0.0249,233.2251,0.2126278438963251,0.7654602380267704,0.0,0.0,0.0,0.0,0.0,0.0,1,05_172_181_5572_ego_181,1,5572,5572,5575,vehicle_vehicle,0.13323555141218008,2.424593253589799,2.85587533691155,14.149965699605069,15.0,3.0,3.5,0.8,0.08175065748971075,0.2943023669629587
5,169,5635,320,57.8493,-34.2095,184.0877,2.0217,4.7798,-9.5915,-0.6129,-0.9241,1.8725,9.6108,0.0724,0.7882,1.9336,car,181,86.8502,-20.0255,-0.1522,-0.1616,0.2205,0.0252,233.2265,0.22198963939787822,0.7991627018323616,-29.0009,-14.183999999999997,-9.4393,-0.45130000000000003,9.450082337207437,32.283711942866795,0,05_172_181_5572_ego_181,0,5572,5572,5575,vehicle_vehicle,0.13323555141218008,2.424593253589799,2.85587533691155,14.149965699605069,15.0,3.0,3.5,0.8,0.08175065748971075,0.2943023669629587
5,170,5635,316,71.191,-29.426,200.3921,1.9471,3.804,-7.7406,-3.0476,-0.2052,-1.4022,8.3174,-0.1594,0.6809,-1.2428,car,181,86.8502,-20.0255,-0.1522,-0.1616,0.2205,0.0252,233.2265,0.22198963939787822,0.7991627018323616,-15.659199999999998,-9.400499999999997,-7.5884,-2.886,8.118670492143403,18.264171070431853,0,05_172_181_5572_ego_181,0,5572,5572,5575,vehicle_vehicle,0.13323555141218008,2.424593253589799,2.85587533691155,14.149965699605069,15.0,3.0,3.5,0.8,0.08175065748971075,0.2943023669629587
5,172,5635,257,81.2115,-26.6087,178.6484,2.1205,4.4441,-7.3792,-0.1147,-0.8853,-2.4413,7.3744,-0.2887,0.8275,-2.4615,car,181,86.8502,-20.0255,-0.1522,-0.1616,0.2205,0.0252,233.2265,0.22198963939787822,0.7991627018323616,-5.6387,-6.583199999999998,-7.227,0.0469,7.2271521784171675,8.66795592570705,0,05_172_181_5572_ego_181,1,5572,5572,5575,vehicle_vehicle,0.13323555141218008,2.424593253589799,2.85587533691155,14.149965699605069,15.0,3.0,3.5,0.8,0.08175065748971075,0.2943023669629587
5,174,5635,240,87.659,-30.7767,155.429,2.0887,4.7936,-4.7817,1.9196,-1.0812,-1.0897,5.1469,-0.2425,0.5301,-1.4406,car,181,86.8502,-20.0255,-0.1522,-0.1616,0.2205,0.0252,233.2265,0.22198963939787822,0.7991627018323616,0.8088000000000051,-10.7512,-4.6295,2.0812,5.075791927374486,10.781579609686144,0,05_172_181_5572_ego_181,0,5572,5572,5575,vehicle_vehicle,0.13323555141218008,2.424593253589799,2.85587533691155,14.149965699605069,15.0,3.0,3.5,0.8,0.08175065748971075,0.2943023669629587
5,181,5635,141,86.8502,-20.0255,233.2265,2.1466,4.7117,-0.1522,-0.1616,-0.0993,-0.1295,0.2205,0.0252,0.1632,0.002,car,181,86.8502,-20.0255,-0.1522,-0.1616,0.2205,0.0252,233.2265,0.22198963939787822,0.7991627018323616,0.0,0.0,0.0,0.0,0.0,0.0,1,05_172_181_5572_ego_181,1,5572,5572,5575,vehicle_vehicle,0.13323555141218008,2.424593253589799,2.85587533691155,14.149965699605069,15.0,3.0,3.5,0.8,0.08175065748971075,0.2943023669629587
5,169,5636,321,57.4643,-34.2348,183.595,2.0217,4.7798,-9.6305,-0.5351,-0.9124,1.9104,9.6451,0.0698,0.7908,1.9638,car,181,86.8437,-20.0323,-0.1576,-0.1686,0.2294,0.0253,233.2341,0.23078934117502048,0.8308416282300738,-29.379399999999997,-14.2025,-9.4729,-0.36650000000000005,9.479987165603125,32.632195001409265,0,05_172_181_5572_ego_181,0,5572,5572,5575,vehicle_vehicle,0.13323555141218008,2.424593253589799,2.85587533691155,14.149965699605069,15.0,3.0,3.5,0.8,0.08175065748971075,0.2943023669629587
5,170,5636,317,70.8817,-29.5491,200.8504,1.9471,3.804,-7.7455,-3.1085,-0.2252,-1.3055,8.3447,-0.1481,0.6751,-1.1398,car,181,86.8437,-20.0323,-0.1576,-0.1686,0.2294,0.0253,233.2341,0.23078934117502048,0.8308416282300738,-15.962000000000003,-9.5168,-7.587899999999999,-2.9398999999999997,8.137520409805433,18.583727458182334,0,05_172_181_5572_ego_181,0,5572,5572,5575,vehicle_vehicle,0.13323555141218008,2.424593253589799,2.85587533691155,14.149965699605069,15.0,3.0,3.5,0.8,0.08175065748971075,0.2943023669629587
5,172,5636,258,80.9159,-26.6149,179.4821,2.1205,4.4441,-7.413,-0.2147,-0.8574,-2.4572,7.4107,-0.2817,0.8351,-2.4649,car,181,86.8437,-20.0323,-0.1576,-0.1686,0.2294,0.0253,233.2341,0.23078934117502048,0.8308416282300738,-5.927800000000005,-6.582599999999999,-7.2554,-0.0461,7.255546455643434,8.858297556528571,0,05_172_181_5572_ego_181,1,5572,5572,5575,vehicle_vehicle,0.13323555141218008,2.424593253589799,2.85587533691155,14.149965699605069,15.0,3.0,3.5,0.8,0.08175065748971075,0.2943023669629587
5,174,5636,241,87.4664,-30.7012,156.0694,2.0887,4.7936,-4.8228,1.8756,-1.0847,-1.11,5.169,-0.2419,0.5412,-1.4546,car,181,86.8437,-20.0323,-0.1576,-0.1686,0.2294,0.0253,233.2341,0.23078934117502048,0.8308416282300738,0.6226999999999947,-10.6689,-4.6652,2.0442,5.093411889882851,10.687056774435138,0,05_172_181_5572_ego_181,0,5572,5572,5575,vehicle_vehicle,0.13323555141218008,2.424593253589799,2.85587533691155,14.149965699605069,15.0,3.0,3.5,0.8,0.08175065748971075,0.2943023669629587
5,181,5636,142,86.8437,-20.0323,233.2341,2.1466,4.7117,-0.1576,-0.1686,-0.0895,-0.1226,0.2294,0.0253,0.1518,-0.0017,car,181,86.8437,-20.0323,-0.1576,-0.1686,0.2294,0.0253,233.2341,0.23078934117502048,0.8308416282300738,0.0,0.0,0.0,0.0,0.0,0.0,1,05_172_181_5572_ego_181,1,5572,5572,5575,vehicle_vehicle,0.13323555141218008,2.424593253589799,2.85587533691155,14.149965699605069,15.0,3.0,3.5,0.8,0.08175065748971075,0.2943023669629587
5,169,5637,322,57.0798,-34.2575,183.098,2.0217,4.7798,-9.6695,-0.4546,-0.8984,1.9448,9.68,0.0686,0.792,1.9905,car,181,86.8361,-20.0391,-0.162,-0.1754,0.2375,0.0248,233.2339,0.23876591046462223,0.85955727767264,-29.756300000000003,-14.218399999999999,-9.507499999999999,-0.2792,9.511598650594966,32.97878542714999,0,05_172_181_5572_ego_181,0,5572,5572,5575,vehicle_vehicle,0.13323555141218008,2.424593253589799,2.85587533691155,14.149965699605069,15.0,3.0,3.5,0.8,0.08175065748971075,0.2943023669629587
5,170,5637,318,70.572,-29.6749,201.2945,1.9471,3.804,-7.7513,-3.1655,-0.2484,-1.2039,8.3717,-0.1344,0.6687,-1.0315,car,181,86.8361,-20.0391,-0.162,-0.1754,0.2375,0.0248,233.2339,0.23876591046462223,0.85955727767264,-16.2641,-9.6358,-7.5893,-2.9901,8.15709338551423,18.904221498120464,0,05_172_181_5572_ego_181,0,5572,5572,5575,vehicle_vehicle,0.13323555141218008,2.424593253589799,2.85587533691155,14.149965699605069,15.0,3.0,3.5,0.8,0.08175065748971075,0.2943023669629587
5,172,5637,259,80.618,-26.6254,180.3115,2.1205,4.4441,-7.4454,-0.3154,-0.8312,-2.4708,7.447,-0.2749,0.8446,-2.4662,car,181,86.8361,-20.0391,-0.162,-0.1754,0.2375,0.0248,233.2339,0.23876591046462223,0.85955727767264,-6.218100000000007,-6.586299999999998,-7.2834,-0.14,7.284745401179097,9.057820670558678,0,05_172_181_5572_ego_181,1,5572,5572,5575,vehicle_vehicle,0.13323555141218008,2.424593253589799,2.85587533691155,14.149965699605069,15.0,3.0,3.5,0.8,0.08175065748971075,0.2943023669629587
5,174,5637,242,87.2713,-30.628,156.7175,2.0887,4.7936,-4.8634,1.8312,-1.0907,-1.13,5.1912,-0.2403,0.5553,-1.4691,car,181,86.8361,-20.0391,-0.162,-0.1754,0.2375,0.0248,233.2339,0.23876591046462223,0.85955727767264,0.4351999999999947,-10.588899999999999,-4.7014000000000005,2.0065999999999997,5.111712581904425,10.597839508597966,0,05_172_181_5572_ego_181,0,5572,5572,5575,vehicle_vehicle,0.13323555141218008,2.424593253589799,2.85587533691155,14.149965699605069,15.0,3.0,3.5,0.8,0.08175065748971075,0.2943023669629587
5,181,5637,143,86.8361,-20.0391,233.2339,2.1466,4.7117,-0.162,-0.1754,-0.0785,-0.1138,0.2375,0.0248,0.1382,-0.0052,car,181,86.8361,-20.0391,-0.162,-0.1754,0.2375,0.0248,233.2339,0.23876591046462223,0.85955727767264,0.0,0.0,0.0,0.0,0.0,0.0,1,05_172_181_5572_ego_181,1,5572,5572,5575,vehicle_vehicle,0.13323555141218008,2.424593253589799,2.85587533691155,14.149965699605069,15.0,3.0,3.5,0.8,0.08175065748971075,0.2943023669629587
5,169,5638,323,56.6921,-34.2761,182.592,2.0217,4.7798,-9.708,-0.372,-0.8819,1.9748,9.7148,0.0674,0.7917,2.0126,car,181,86.8288,-20.0467,-0.1658,-0.1816,0.2447,0.0241,233.2338,0.24590282633593297,0.8852501748093587,-30.136699999999998,-14.229399999999998,-9.5422,-0.19039999999999999,9.544099381293135,33.32711375516938,0,05_172_181_5572_ego_181,0,5572,5572,5575,vehicle_vehicle,0.13323555141218008,2.424593253589799,2.85587533691155,14.149965699605069,15.0,3.0,3.5,0.8,0.08175065748971075,0.2943023669629587
5,170,5638,319,70.2615,-29.8023,201.7157,1.9471,3.804,-7.7579,-3.2185,-0.2749,-1.0976,8.3982,-0.1197,0.6615,-0.918,car,181,86.8288,-20.0467,-0.1658,-0.1816,0.2447,0.0241,233.2338,0.24590282633593297,0.8852501748093587,-16.567300000000003,-9.755599999999998,-7.5921,-3.0369,8.176964230079523,19.226210251893118,0,05_172_181_5572_ego_181,0,5572,5572,5575,vehicle_vehicle,0.13323555141218008,2.424593253589799,2.85587533691155,14.149965699605069,15.0,3.0,3.5,0.8,0.08175065748971075,0.2943023669629587
5,172,5638,260,80.3192,-26.6396,181.1201,2.1205,4.4441,-7.4766,-0.4168,-0.807,-2.4818,7.4833,-0.2706,0.8554,-2.4656,car,181,86.8288,-20.0467,-0.1658,-0.1816,0.2447,0.0241,233.2338,0.24590282633593297,0.8852501748093587,-6.509600000000006,-6.5929,-7.3108,-0.2352,7.314582399563219,9.265053835245647,0,05_172_181_5572_ego_181,1,5572,5572,5575,vehicle_vehicle,0.13323555141218008,2.424593253589799,2.85587533691155,14.149965699605069,15.0,3.0,3.5,0.8,0.08175065748971075,0.2943023669629587
5,174,5638,243,87.075,-30.5565,157.375,2.0887,4.7936,-4.904,1.7863,-1.0997,-1.1501,5.2137,-0.2377,0.5726,-1.4847,car,181,86.8288,-20.0467,-0.1658,-0.1816,0.2447,0.0241,233.2338,0.24590282633593297,0.8852501748093587,0.24620000000000175,-10.509799999999998,-4.7382,1.9679,5.1306110406071515,10.512683314929637,0,05_172_181_5572_ego_181,0,5572,5572,5575,vehicle_vehicle,0.13323555141218008,2.424593253589799,2.85587533691155,14.149965699605069,15.0,3.0,3.5,0.8,0.08175065748971075,0.2943023669629587
5,181,5638,144,86.8288,-20.0467,233.2338,2.1466,4.7117,-0.1658,-0.1816,-0.0669,-0.1032,0.2447,0.0241,0.1227,-0.0082,car,181,86.8288,-20.0467,-0.1658,-0.1816,0.2447,0.0241,233.2338,0.24590282633593297,0.8852501748093587,0.0,0.0,0.0,0.0,0.0,0.0,1,05_172_181_5572_ego_181,1,5572,5572,5575,vehicle_vehicle,0.13323555141218008,2.424593253589799,2.85587533691155,14.149965699605069,15.0,3.0,3.5,0.8,0.08175065748971075,0.2943023669629587
5,169,5639,324,56.3021,-34.2903,182.1052,2.0217,4.7798,-9.7453,-0.2878,-0.8632,1.9997,9.7493,0.0704,0.7892,2.0301,car,181,86.8218,-20.0547,-0.1689,-0.1872,0.251,0.0232,233.2204,0.252133000616738,0.9076788022202568,-30.519699999999993,-14.235600000000002,-9.5764,-0.1006,9.576928386492195,33.67646649293835,0,05_172_181_5572_ego_181,0,5572,5572,5575,vehicle_vehicle,0.13323555141218008,2.424593253589799,2.85587533691155,14.149965699605069,15.0,3.0,3.5,0.8,0.08175065748971075,0.2943023669629587
5,170,5639,320,69.951,-29.9316,202.1017,1.9471,3.804,-7.7656,-3.2674,-0.3047,-0.9864,8.4244,-0.1055,0.6534,-0.7993,car,181,86.8218,-20.0547,-0.1689,-0.1872,0.251,0.0232,233.2204,0.252133000616738,0.9076788022202568,-16.870800000000003,-9.8769,-7.5967,-3.0802,8.197407085780235,19.549348998112446,0,05_172_181_5572_ego_181,0,5572,5572,5575,vehicle_vehicle,0.13323555141218008,2.424593253589799,2.85587533691155,14.149965699605069,15.0,3.0,3.5,0.8,0.08175065748971075,0.2943023669629587
5,172,5639,261,80.0192,-26.6585,181.9301,2.1205,4.4441,-7.5067,-0.5185,-0.7849,-2.4904,7.5199,-0.2654,0.8683,-2.4626,car,181,86.8218,-20.0547,-0.1689,-0.1872,0.251,0.0232,233.2204,0.252133000616738,0.9076788022202568,-6.802599999999998,-6.6038,-7.3378000000000005,-0.33129999999999993,7.345275252160398,9.480798552864625,0,05_172_181_5572_ego_181,1,5572,5572,5575,vehicle_vehicle,0.13323555141218008,2.424593253589799,2.85587533691155,14.149965699605069,15.0,3.0,3.5,0.8,0.08175065748971075,0.2943023669629587
5,174,5639,244,86.8778,-30.4869,158.0357,2.0887,4.7936,-4.9448,1.741,-1.1117,-1.1708,5.2371,-0.2349,0.5931,-1.5016,car,181,86.8218,-20.0547,-0.1689,-0.1872,0.251,0.0232,233.2204,0.252133000616738,0.9076788022202568,0.055999999999997385,-10.432199999999998,-4.7759,1.9282000000000001,5.150453965428679,10.432350302784123,0,05_172_181_5572_ego_181,0,5572,5572,5575,vehicle_vehicle,0.13323555141218008,2.424593253589799,2.85587533691155,14.149965699605069,15.0,3.0,3.5,0.8,0.08175065748971075,0.2943023669629587
5,181,5639,145,86.8218,-20.0547,233.2204,2.1466,4.7117,-0.1689,-0.1872,-0.0547,-0.0911,0.251,0.0232,0.1057,-0.0108,car,181,86.8218,-20.0547,-0.1689,-0.1872,0.251,0.0232,233.2204,0.252133000616738,0.9076788022202568,0.0,0.0,0.0,0.0,0.0,0.0,1,05_172_181_5572_ego_181,1,5572,5572,5575,vehicle_vehicle,0.13323555141218008,2.424593253589799,2.85587533691155,14.149965699605069,15.0,3.0,3.5,0.8,0.08175065748971075,0.2943023669629587
5,169,5640,325,55.9099,-34.3009,181.6138,2.0217,4.7798,-9.7813,-0.2023,-0.8427,2.0193,9.7831,0.0732,0.7855,2.0423,car,181,86.8147,-20.0633,-0.1714,-0.1918,0.2563,0.0223,233.1973,0.25722597069502917,0.926013494502105,-30.9048,-14.237599999999997,-9.6099,-0.01050000000000001,9.609905736270257,34.0266941797172,0,05_172_181_5572_ego_181,0,5572,5572,5575,vehicle_vehicle,0.13323555141218008,2.424593253589799,2.85587533691155,14.149965699605069,15.0,3.0,3.5,0.8,0.08175065748971075,0.2943023669629587
5,170,5640,321,69.6403,-30.0636,202.4594,1.9471,3.804,-7.7746,-3.3116,-0.3378,-0.8703,8.45,-0.0903,0.6446,-0.6752,car,181,86.8147,-20.0633,-0.1714,-0.1918,0.2563,0.0223,233.1973,0.25722597069502917,0.926013494502105,-17.174400000000006,-10.0003,-7.6032,-3.1197999999999997,8.218381974573827,19.873751921818894,0,05_172_181_5572_ego_181,0,5572,5572,5575,vehicle_vehicle,0.13323555141218008,2.424593253589799,2.85587533691155,14.149965699605069,15.0,3.0,3.5,0.8,0.08175065748971075,0.2943023669629587
5,172,5640,262,79.7184,-26.6813,182.7502,2.1205,4.4441,-7.536,-0.6206,-0.7649,-2.4965,7.5571,-0.2583,0.8838,-2.4569,car,181,86.8147,-20.0633,-0.1714,-0.1918,0.2563,0.0223,233.1973,0.25722597069502917,0.926013494502105,-7.096299999999999,-6.6179999999999986,-7.364599999999999,-0.42880000000000007,7.377072766348451,9.703370429392045,0,05_172_181_5572_ego_181,1,5572,5572,5575,vehicle_vehicle,0.13323555141218008,2.424593253589799,2.85587533691155,14.149965699605069,15.0,3.0,3.5,0.8,0.08175065748971075,0.2943023669629587
5,174,5640,245,86.6794,-30.4188,158.6993,2.0887,4.7936,-4.9862,1.695,-1.1269,-1.1922,5.2614,-0.2321,0.6168,-1.5201,car,181,86.8147,-20.0633,-0.1714,-0.1918,0.2563,0.0223,233.1973,0.25722597069502917,0.926013494502105,-0.13530000000000086,-10.3555,-4.8148,1.8868,5.1712970597326935,10.356383844759714,0,05_172_181_5572_ego_181,0,5572,5572,5575,vehicle_vehicle,0.13323555141218008,2.424593253589799,2.85587533691155,14.149965699605069,15.0,3.0,3.5,0.8,0.08175065748971075,0.2943023669629587
5,181,5640,146,86.8147,-20.0633,233.1973,2.1466,4.7117,-0.1714,-0.1918,-0.0421,-0.0778,0.2563,0.0223,0.0875,-0.0129,car,181,86.8147,-20.0633,-0.1714,-0.1918,0.2563,0.0223,233.1973,0.25722597069502917,0.926013494502105,0.0,0.0,0.0,0.0,0.0,0.0,1,05_172_181_5572_ego_181,1,5572,5572,5575,vehicle_vehicle,0.13323555141218008,2.424593253589799,2.85587533691155,14.149965699605069,15.0,3.0,3.5,0.8,0.08175065748971075,0.2943023669629587
5,169,5641,326,55.5155,-34.3087,181.0977,2.0217,4.7798,-9.8154,-0.1155,-0.8212,2.0332,9.8158,0.0725,0.7821,2.0486,car,181,86.8075,-20.072,-0.1733,-0.1956,0.2604,0.0215,233.1737,0.2613278592113745,0.9407802931609484,-31.292,-14.236700000000003,-9.642100000000001,0.08009999999999999,9.642432702383772,34.3783782469447,0,05_172_181_5572_ego_181,0,5572,5572,5575,vehicle_vehicle,0.13323555141218008,2.424593253589799,2.85587533691155,14.149965699605069,15.0,3.0,3.5,0.8,0.08175065748971075,0.2943023669629587
5,170,5641,322,69.3275,-30.1963,202.782,1.9471,3.804,-7.7842,-3.3514,-0.3744,-0.7493,8.4747,-0.0756,0.6353,-0.5459,car,181,86.8075,-20.072,-0.1733,-0.1956,0.2604,0.0215,233.1737,0.2613278592113745,0.9407802931609484,-17.480000000000004,-10.124300000000002,-7.6109,-3.1558,8.239227661012894,20.200293326830682,0,05_172_181_5572_ego_181,0,5572,5572,5575,vehicle_vehicle,0.13323555141218008,2.424593253589799,2.85587533691155,14.149965699605069,15.0,3.0,3.5,0.8,0.08175065748971075,0.2943023669629587
5,172,5641,263,79.4155,-26.7082,183.553,2.1205,4.4441,-7.5642,-0.7228,-0.7471,-2.5002,7.5944,-0.2527,0.9006,-2.4491,car,181,86.8075,-20.072,-0.1733,-0.1956,0.2604,0.0215,233.1737,0.2613278592113745,0.9407802931609484,-7.39200000000001,-6.636200000000002,-7.390899999999999,-0.5272,7.409678984274555,9.933821743921127,0,05_172_181_5572_ego_181,1,5572,5572,5575,vehicle_vehicle,0.13323555141218008,2.424593253589799,2.85587533691155,14.149965699605069,15.0,3.0,3.5,0.8,0.08175065748971075,0.2943023669629587
5,174,5641,246,86.4783,-30.3519,159.3728,2.0887,4.7936,-5.028,1.6482,-1.1452,-1.2146,5.2863,-0.2287,0.6439,-1.5401,car,181,86.8075,-20.072,-0.1733,-0.1956,0.2604,0.0215,233.1737,0.2613278592113745,0.9407802931609484,-0.32920000000000016,-10.279900000000001,-4.854699999999999,1.8438,5.193044437514471,10.285169743373224,0,05_172_181_5572_ego_181,0,5572,5572,5575,vehicle_vehicle,0.13323555141218008,2.424593253589799,2.85587533691155,14.149965699605069,15.0,3.0,3.5,0.8,0.08175065748971075,0.2943023669629587
5,181,5641,147,86.8075,-20.072,233.1737,2.1466,4.7117,-0.1733,-0.1956,-0.0292,-0.0636,0.2604,0.0215,0.0684,-0.0148,car,181,86.8075,-20.072,-0.1733,-0.1956,0.2604,0.0215,233.1737,0.2613278592113745,0.9407802931609484,0.0,0.0,0.0,0.0,0.0,0.0,1,05_172_181_5572_ego_181,1,5572,5572,5575,vehicle_vehicle,0.13323555141218008,2.424593253589799,2.85587533691155,14.149965699605069,15.0,3.0,3.5,0.8,0.08175065748971075,0.2943023669629587
5,169,5642,327,55.1211,-34.3116,180.5908,2.0217,4.7798,-9.8482,-0.0282,-0.7996,2.0411,9.848,0.0733,0.7785,2.0492,car,181,86.7999,-20.0806,-0.1744,-0.1985,0.2634,0.0205,233.1391,0.26423022158716064,0.9512287977137783,-31.678799999999995,-14.230999999999998,-9.6738,0.1703,9.675298885822597,34.72848586448882,0,05_172_181_5572_ego_181,0,5572,5572,5575,vehicle_vehicle,0.13323555141218008,2.424593253589799,2.85587533691155,14.149965699605069,15.0,3.0,3.5,0.8,0.08175065748971075,0.2943023669629587
5,170,5642,323,69.0157,-30.3314,203.076,1.9471,3.804,-7.7953,-3.3861,-0.4148,-0.6236,8.4988,-0.0598,0.626,-0.4111,car,181,86.7999,-20.0806,-0.1744,-0.1985,0.2634,0.0205,233.1391,0.26423022158716064,0.9512287977137783,-17.7842,-10.250799999999998,-7.6209,-3.1875999999999998,8.260684630828125,20.52697421151008,0,05_172_181_5572_ego_181,0,5572,5572,5575,vehicle_vehicle,0.13323555141218008,2.424593253589799,2.85587533691155,14.149965699605069,15.0,3.0,3.5,0.8,0.08175065748971075,0.2943023669629587
5,172,5642,264,79.1121,-26.7393,184.3515,2.1205,4.4441,-7.5915,-0.8251,-0.7319,-2.5016,7.6322,-0.2468,0.9196,-2.4389,car,181,86.7999,-20.0806,-0.1744,-0.1985,0.2634,0.0205,233.1391,0.26423022158716064,0.9512287977137783,-7.687799999999996,-6.6587,-7.4171,-0.6265999999999999,7.4435206703548555,10.170572969602054,0,05_172_181_5572_ego_181,1,5572,5572,5575,vehicle_vehicle,0.13323555141218008,2.424593253589799,2.85587533691155,14.149965699605069,15.0,3.0,3.5,0.8,0.08175065748971075,0.2943023669629587
5,174,5642,247,86.2766,-30.2868,160.0413,2.0887,4.7936,-5.0706,1.6005,-1.1668,-1.2378,5.3124,-0.2264,0.6742,-1.5617,car,181,86.7999,-20.0806,-0.1744,-0.1985,0.2634,0.0205,233.1391,0.26423022158716064,0.9512287977137783,-0.5232999999999919,-10.206199999999999,-4.896199999999999,1.799,5.216241505145251,10.219606711121518,0,05_172_181_5572_ego_181,0,5572,5572,5575,vehicle_vehicle,0.13323555141218008,2.424593253589799,2.85587533691155,14.149965699605069,15.0,3.0,3.5,0.8,0.08175065748971075,0.2943023669629587
5,181,5642,148,86.7999,-20.0806,233.1391,2.1466,4.7117,-0.1744,-0.1985,-0.0163,-0.049,0.2634,0.0205,0.049,-0.0164,car,181,86.7999,-20.0806,-0.1744,-0.1985,0.2634,0.0205,233.1391,0.26423022158716064,0.9512287977137783,0.0,0.0,0.0,0.0,0.0,0.0,1,05_172_181_5572_ego_181,1,5572,5572,5575,vehicle_vehicle,0.13323555141218008,2.424593253589799,2.85587533691155,14.149965699605069,15.0,3.0,3.5,0.8,0.08175065748971075,0.2943023669629587
5,169,5643,328,54.7256,-34.31,180.1028,2.0217,4.7798,-9.8799,0.0589,-0.7781,2.0432,9.8797,0.0767,0.7745,2.0446,car,181,86.7923,-20.0891,-0.1748,-0.2006,0.2653,0.0194,233.1105,0.26607404984327204,0.9578665794357794,-32.0667,-14.220900000000004,-9.7051,0.2595,9.708568702955137,35.078586711838895,0,05_172_181_5572_ego_181,0,5572,5572,5575,vehicle_vehicle,0.13323555141218008,2.424593253589799,2.85587533691155,14.149965699605069,15.0,3.0,3.5,0.8,0.08175065748971075,0.2943023669629587
5,170,5643,324,68.7046,-30.4686,203.3271,1.9471,3.804,-7.8084,-3.4153,-0.459,-0.4933,8.5225,-0.0441,0.6168,-0.2712,car,181,86.7923,-20.0891,-0.1748,-0.2006,0.2653,0.0194,233.1105,0.26607404984327204,0.9578665794357794,-18.087699999999998,-10.3795,-7.6335999999999995,-3.2146999999999997,8.282882653400325,20.85423006346674,0,05_172_181_5572_ego_181,0,5572,5572,5575,vehicle_vehicle,0.13323555141218008,2.424593253589799,2.85587533691155,14.149965699605069,15.0,3.0,3.5,0.8,0.08175065748971075,0.2943023669629587
5,172,5643,265,78.8086,-26.7745,185.148,2.1205,4.4441,-7.6186,-0.9275,-0.719,-2.5007,7.671,-0.2401,0.9405,-2.4261,car,181,86.7923,-20.0891,-0.1748,-0.2006,0.2653,0.0194,233.1105,0.26607404984327204,0.9578665794357794,-7.983699999999999,-6.685400000000001,-7.4437999999999995,-0.7269,7.479207314281373,10.413166610114333,0,05_172_181_5572_ego_181,1,5572,5572,5575,vehicle_vehicle,0.13323555141218008,2.424593253589799,2.85587533691155,14.149965699605069,15.0,3.0,3.5,0.8,0.08175065748971075,0.2943023669629587
5,174,5643,248,86.0744,-30.2239,160.7023,2.0887,4.7936,-5.1147,1.5519,-1.1912,-1.2618,5.3402,-0.2256,0.7073,-1.5846,car,181,86.7923,-20.0891,-0.1748,-0.2006,0.2653,0.0194,233.1105,0.26607404984327204,0.9578665794357794,-0.7179000000000002,-10.134800000000002,-4.9399,1.7525,5.241552085022145,10.160194459261104,0,05_172_181_5572_ego_181,0,5572,5572,5575,vehicle_vehicle,0.13323555141218008,2.424593253589799,2.85587533691155,14.149965699605069,15.0,3.0,3.5,0.8,0.08175065748971075,0.2943023669629587
5,181,5643,149,86.7923,-20.0891,233.1105,2.1466,4.7117,-0.1748,-0.2006,-0.0035,-0.0341,0.2653,0.0194,0.0294,-0.0177,car,181,86.7923,-20.0891,-0.1748,-0.2006,0.2653,0.0194,233.1105,0.26607404984327204,0.9578665794357794,0.0,0.0,0.0,0.0,0.0,0.0,1,05_172_181_5572_ego_181,1,5572,5572,5575,vehicle_vehicle,0.13323555141218008,2.424593253589799,2.85587533691155,14.149965699605069,15.0,3.0,3.5,0.8,0.08175065748971075,0.2943023669629587
5,169,5644,329,54.33,-34.3054,179.6306,2.0217,4.7798,-9.9107,0.146,-0.757,2.0399,9.9114,0.0821,0.7701,2.035,car,181,86.7843,-20.0976,-0.1742,-0.2019,0.266,0.018,233.0859,0.2666631770605008,0.9599874374178029,-32.4543,-14.207799999999999,-9.7365,0.3479,9.742713516264347,35.42799979296037,0,05_172_181_5572_ego_181,0,5572,5572,5575,vehicle_vehicle,0.13323555141218008,2.424593253589799,2.85587533691155,14.149965699605069,15.0,3.0,3.5,0.8,0.08175065748971075,0.2943023669629587
5,170,5644,325,68.394,-30.6079,203.5253,1.9471,3.804,-7.8241,-3.4384,-0.5062,-0.3592,8.5463,-0.0295,0.6075,-0.1272,car,181,86.7843,-20.0976,-0.1742,-0.2019,0.266,0.018,233.0859,0.2666631770605008,0.9599874374178029,-18.390299999999996,-10.5103,-7.6499,-3.2365,8.306377204293096,21.181820983569846,0,05_172_181_5572_ego_181,0,5572,5572,5575,vehicle_vehicle,0.13323555141218008,2.424593253589799,2.85587533691155,14.149965699605069,15.0,3.0,3.5,0.8,0.08175065748971075,0.2943023669629587
5,172,5644,266,78.5045,-26.8136,185.9197,2.1205,4.4441,-7.6456,-1.0297,-0.7082,-2.4975,7.711,-0.2357,0.962,-2.4112,car,181,86.7843,-20.0976,-0.1742,-0.2019,0.266,0.018,233.0859,0.2666631770605008,0.9599874374178029,-8.279800000000009,-6.716000000000001,-7.4714,-0.8278000000000001,7.517118517091506,10.661132399515548,0,05_172_181_5572_ego_181,1,5572,5572,5575,vehicle_vehicle,0.13323555141218008,2.424593253589799,2.85587533691155,14.149965699605069,15.0,3.0,3.5,0.8,0.08175065748971075,0.2943023669629587
5,174,5644,249,85.8712,-30.163,161.3582,2.0887,4.7936,-5.1607,1.5024,-1.2178,-1.2868,5.3702,-0.2261,0.7426,-1.6086,car,181,86.7843,-20.0976,-0.1742,-0.2019,0.266,0.018,233.0859,0.2666631770605008,0.9599874374178029,-0.9131,-10.0654,-4.9865,1.7043,5.269707841996556,10.106731854066378,0,05_172_181_5572_ego_181,0,5572,5572,5575,vehicle_vehicle,0.13323555141218008,2.424593253589799,2.85587533691155,14.149965699605069,15.0,3.0,3.5,0.8,0.08175065748971075,0.2943023669629587
5,181,5644,150,86.7843,-20.0976,233.0859,2.1466,4.7117,-0.1742,-0.2019,0.0088,-0.0192,0.266,0.018,0.0101,-0.0186,car,181,86.7843,-20.0976,-0.1742,-0.2019,0.266,0.018,233.0859,0.2666631770605008,0.9599874374178029,0.0,0.0,0.0,0.0,0.0,0.0,1,05_172_181_5572_ego_181,1,5572,5572,5575,vehicle_vehicle,0.13323555141218008,2.424593253589799,2.85587533691155,14.149965699605069,15.0,3.0,3.5,0.8,0.08175065748971075,0.2943023669629587
5,169,5645,330,53.9331,-34.2964,179.1571,2.0217,4.7798,-9.9407,0.2322,-0.7362,2.0316,9.9431,0.0859,0.766,2.0206,car,181,86.777,-20.106,-0.173,-0.2025,0.2658,0.0166,233.065,0.2663367229654972,0.9588122026757899,-32.8439,-14.190399999999997,-9.7677,0.4347,9.777368121329992,35.778334496871146,0,05_172_181_5572_ego_181,0,5572,5572,5575,vehicle_vehicle,0.13323555141218008,2.424593253589799,2.85587533691155,14.149965699605069,15.0,3.0,3.5,0.8,0.08175065748971075,0.2943023669629587
5,170,5645,326,68.0824,-30.7484,203.6725,1.9471,3.804,-7.8424,-3.455,-0.5557,-0.2223,8.5697,-0.0155,0.5982,0.0196,car,181,86.777,-20.106,-0.173,-0.2025,0.2658,0.0166,233.065,0.2663367229654972,0.9588122026757899,-18.694599999999994,-10.642399999999999,-7.6693999999999996,-3.2525,8.330573366221559,21.511595638631732,0,05_172_181_5572_ego_181,0,5572,5572,5575,vehicle_vehicle,0.13323555141218008,2.424593253589799,2.85587533691155,14.149965699605069,15.0,3.0,3.5,0.8,0.08175065748971075,0.2943023669629587
5,172,5645,267,78.1992,-26.8571,186.6728,2.1205,4.4441,-7.6726,-1.1317,-0.6989,-2.4922,7.7521,-0.2325,0.9837,-2.3941,car,181,86.777,-20.106,-0.173,-0.2025,0.2658,0.0166,233.065,0.2663367229654972,0.9588122026757899,-8.577799999999996,-6.751099999999997,-7.4996,-0.9291999999999999,7.556944673609832,10.915860206598465,0,05_172_181_5572_ego_181,1,5572,5572,5575,vehicle_vehicle,0.13323555141218008,2.424593253589799,2.85587533691155,14.149965699605069,15.0,3.0,3.5,0.8,0.08175065748971075,0.2943023669629587
5,174,5645,250,85.666,-30.1043,162.0125,2.0887,4.7936,-5.2086,1.452,-1.2456,-1.3128,5.4024,-0.2274,0.7793,-1.6333,car,181,86.777,-20.106,-0.173,-0.2025,0.2658,0.0166,233.065,0.2663367229654972,0.9588122026757899,-1.1110000000000042,-9.998299999999997,-5.0356,1.6545,5.300437492320799,10.059837170153399,0,05_172_181_5572_ego_181,0,5572,5572,5575,vehicle_vehicle,0.13323555141218008,2.424593253589799,2.85587533691155,14.149965699605069,15.0,3.0,3.5,0.8,0.08175065748971075,0.2943023669629587
5,181,5645,151,86.777,-20.106,233.065,2.1466,4.7117,-0.173,-0.2025,0.0203,-0.0044,0.2658,0.0166,-0.0087,-0.0189,car,181,86.777,-20.106,-0.173,-0.2025,0.2658,0.0166,233.065,0.2663367229654972,0.9588122026757899,0.0,0.0,0.0,0.0,0.0,0.0,1,05_172_181_5572_ego_181,1,5572,5572,5575,vehicle_vehicle,0.13323555141218008,2.424593253589799,2.85587533691155,14.149965699605069,15.0,3.0,3.5,0.8,0.08175065748971075,0.2943023669629587
5,169,5646,331,53.5351,-34.2837,178.6936,2.0217,4.7798,-9.97,0.3174,-0.7155,2.019,9.9746,0.09,0.7614,2.0022,car,181,86.7699,-20.1145,-0.1713,-0.2023,0.2647,0.0152,233.0377,0.26508296814393795,0.9542986853181766,-33.23480000000001,-14.169200000000004,-9.7987,0.5197,9.812472154355396,36.12918708855764,0,05_172_181_5572_ego_181,0,5572,5572,5575,vehicle_vehicle,0.13323555141218008,2.424593253589799,2.85587533691155,14.149965699605069,15.0,3.0,3.5,0.8,0.08175065748971075,0.2943023669629587
5,170,5646,327,67.7696,-30.8895,203.7695,1.9471,3.804,-7.8633,-3.4651,-0.6069,-0.0836,8.5929,-0.0018,0.5892,0.1681,car,181,86.7699,-20.1145,-0.1713,-0.2023,0.2647,0.0152,233.0377,0.26508296814393795,0.9542986853181766,-19.00030000000001,-10.775000000000002,-7.692,-3.2628,8.355401117839886,21.842894155537184,0,05_172_181_5572_ego_181,0,5572,5572,5575,vehicle_vehicle,0.13323555141218008,2.424593253589799,2.85587533691155,14.149965699605069,15.0,3.0,3.5,0.8,0.08175065748971075,0.2943023669629587
5,172,5646,268,77.8926,-26.9043,187.4111,2.1205,4.4441,-7.6996,-1.2335,-0.6907,-2.4848,7.7944,-0.2301,1.0054,-2.3749,car,181,86.7699,-20.1145,-0.1713,-0.2023,0.2647,0.0152,233.0377,0.26508296814393795,0.9542986853181766,-8.877300000000005,-6.7898,-7.5283,-1.0312000000000001,7.598596865869382,11.176217577069627,0,05_172_181_5572_ego_181,1,5572,5572,5575,vehicle_vehicle,0.13323555141218008,2.424593253589799,2.85587533691155,14.149965699605069,15.0,3.0,3.5,0.8,0.08175065748971075,0.2943023669629587
5,174,5646,251,85.4587,-30.0475,162.6701,2.0887,4.7936,-5.2585,1.4006,-1.2738,-1.34,5.437,-0.2293,0.8169,-1.6586,car,181,86.7699,-20.1145,-0.1713,-0.2023,0.2647,0.0152,233.0377,0.26508296814393795,0.9542986853181766,-1.3112000000000137,-9.933,-5.087199999999999,1.6029,5.333750298804772,10.019168350716543,0,05_172_181_5572_ego_181,0,5572,5572,5575,vehicle_vehicle,0.13323555141218008,2.424593253589799,2.85587533691155,14.149965699605069,15.0,3.0,3.5,0.8,0.08175065748971075,0.2943023669629587
5,181,5646,152,86.7699,-20.1145,233.0377,2.1466,4.7117,-0.1713,-0.2023,0.0309,0.0101,0.2647,0.0152,-0.0267,-0.0186,car,181,86.7699,-20.1145,-0.1713,-0.2023,0.2647,0.0152,233.0377,0.26508296814393795,0.9542986853181766,0.0,0.0,0.0,0.0,0.0,0.0,1,05_172_181_5572_ego_181,1,5572,5572,5575,vehicle_vehicle,0.13323555141218008,2.424593253589799,2.85587533691155,14.149965699605069,15.0,3.0,3.5,0.8,0.08175065748971075,0.2943023669629587
5,169,5647,332,53.1368,-34.2684,178.2421,2.0217,4.7798,-9.9989,0.4017,-0.6948,2.0027,10.0065,0.0948,0.7559,1.9805,car,181,86.763,-20.1234,-0.1691,-0.2012,0.2625,0.014,233.0035,0.2628236100505432,0.9461649961819556,-33.626200000000004,-14.145,-9.8298,0.6029,9.84827174939847,36.48016380774626,0,05_172_181_5572_ego_181,0,5572,5572,5575,vehicle_vehicle,0.13323555141218008,2.424593253589799,2.85587533691155,14.149965699605069,15.0,3.0,3.5,0.8,0.08175065748971075,0.2943023669629587
5,170,5647,328,67.4556,-31.0291,203.8167,1.9471,3.804,-7.8866,-3.4692,-0.6593,0.056,8.6159,0.0109,0.5806,0.3175,car,181,86.763,-20.1234,-0.1691,-0.2012,0.2625,0.014,233.0035,0.2628236100505432,0.9461649961819556,-19.3074,-10.9057,-7.717499999999999,-3.268,8.38090867686792,22.174534656898665,0,05_172_181_5572_ego_181,0,5572,5572,5575,vehicle_vehicle,0.13323555141218008,2.424593253589799,2.85587533691155,14.149965699605069,15.0,3.0,3.5,0.8,0.08175065748971075,0.2943023669629587
5,172,5647,269,77.585,-26.9556,188.139,2.1205,4.4441,-7.7266,-1.3351,-0.6833,-2.4752,7.8378,-0.2277,1.0268,-2.3536,car,181,86.763,-20.1234,-0.1691,-0.2012,0.2625,0.014,233.0035,0.2628236100505432,0.9461649961819556,-9.178000000000011,-6.8322,-7.5575,-1.1339,7.642089731218811,11.441793602403436,0,05_172_181_5572_ego_181,1,5572,5572,5575,vehicle_vehicle,0.13323555141218008,2.424593253589799,2.85587533691155,14.149965699605069,15.0,3.0,3.5,0.8,0.08175065748971075,0.2943023669629587
5,174,5647,252,85.2494,-29.9927,163.3359,2.0887,4.7936,-5.3103,1.3483,-1.3015,-1.3683,5.4739,-0.2311,0.8545,-1.6841,car,181,86.763,-20.1234,-0.1691,-0.2012,0.2625,0.014,233.0035,0.2628236100505432,0.9461649961819556,-1.513600000000011,-9.869299999999999,-5.1411999999999995,1.5495,5.36962640134302,9.98469165522902,0,05_172_181_5572_ego_181,0,5572,5572,5575,vehicle_vehicle,0.13323555141218008,2.424593253589799,2.85587533691155,14.149965699605069,15.0,3.0,3.5,0.8,0.08175065748971075,0.2943023669629587
5,181,5647,153,86.763,-20.1234,233.0035,2.1466,4.7117,-0.1691,-0.2012,0.0407,0.0242,0.2625,0.014,-0.0438,-0.0179,car,181,86.763,-20.1234,-0.1691,-0.2012,0.2625,0.014,233.0035,0.2628236100505432,0.9461649961819556,0.0,0.0,0.0,0.0,0.0,0.0,1,05_172_181_5572_ego_181,1,5572,5572,5575,vehicle_vehicle,0.13323555141218008,2.424593253589799,2.85587533691155,14.149965699605069,15.0,3.0,3.5,0.8,0.08175065748971075,0.2943023669629587
