recordingId,trackId,frame,trackLifetime,xCenter,yCenter,heading,width,length,xVelocity,yVelocity,xAcceleration,yAcceleration,lonVelocity,latVelocity,lonAcceleration,latAcceleration,class,egoTrackId,ego_xCenter,ego_yCenter,ego_xVelocity,ego_yVelocity,ego_lonVelocity,ego_latVelocity,ego_heading,ego_speed_mps,ego_speed_kph,rel_x_to_ego,rel_y_to_ego,rel_vx_to_ego,rel_vy_to_ego,rel_speed_to_ego,distance_to_ego,is_ego,event_id,is_primary_actor,event_peak_frame,event_start_frame,event_end_frame,pair_type,risk_score_peak,event_min_ttc,event_min_dcpa,event_min_distance,dist_threshold_used,ttc_threshold_used,dcpa_threshold_used,min_rel_speed_threshold_used,ego_speed_mps_peak,ego_speed_kph_peak
1,59,4639,327,148.4702,-60.144,73.5092,2.0765,4.828,1.9649,7.1416,0.1243,1.198,7.4055,-0.1431,1.184,-0.2208,car,64,,,,,,,,,,,,,,,,0,01_63_64_4714_ego_64,0,4714,4694,4726,vehicle_vehicle,0.41789704820499335,2.3292293100516033,0.6154321968366799,8.83534517775054,15.0,3.0,3.5,0.8,4.328104634825734,15.581176685372643
1,61,4639,248,146.8649,-45.1328,222.9427,2.0434,4.6049,-0.33,-0.2665,-0.2278,-0.196,0.4231,0.0298,0.3003,0.0118,car,64,,,,,,,,,,,,,,,,0,01_63_64_4714_ego_64,0,4714,4694,4726,vehicle_vehicle,0.41789704820499335,2.3292293100516033,0.6154321968366799,8.83534517775054,15.0,3.0,3.5,0.8,4.328104634825734,15.581176685372643
1,63,4639,121,150.9473,-41.1083,229.9247,2.0859,4.8916,-0.2496,-0.2767,0.1506,0.2421,0.3725,0.0129,-0.2823,0.0406,car,64,,,,,,,,,,,,,,,,0,01_63_64_4714_ego_64,1,4714,4694,4726,vehicle_vehicle,0.41789704820499335,2.3292293100516033,0.6154321968366799,8.83534517775054,15.0,3.0,3.5,0.8,4.328104634825734,15.581176685372643
1,59,4640,328,148.5485,-59.858,73.8046,2.0765,4.828,1.9711,7.1882,0.2716,1.1701,7.4527,-0.112,1.1994,-0.0656,car,64,,,,,,,,,,,,,,,,0,01_63_64_4714_ego_64,0,4714,4694,4726,vehicle_vehicle,0.41789704820499335,2.3292293100516033,0.6154321968366799,8.83534517775054,15.0,3.0,3.5,0.8,4.328104634825734,15.581176685372643
1,61,4640,249,146.8507,-45.1428,222.9275,2.0434,4.6049,-0.3398,-0.2762,-0.2192,-0.1896,0.437,0.0292,0.2896,0.0105,car,64,,,,,,,,,,,,,,,,0,01_63_64_4714_ego_64,0,4714,4694,4726,vehicle_vehicle,0.41789704820499335,2.3292293100516033,0.6154321968366799,8.83534517775054,15.0,3.0,3.5,0.8,4.328104634825734,15.581176685372643
1,63,4640,122,150.9379,-41.1201,229.9101,2.0859,4.8916,-0.2446,-0.2689,0.1389,0.2273,0.3632,0.014,-0.2634,0.0401,car,64,,,,,,,,,,,,,,,,0,01_63_64_4714_ego_64,1,4714,4694,4726,vehicle_vehicle,0.41789704820499335,2.3292293100516033,0.6154321968366799,8.83534517775054,15.0,3.0,3.5,0.8,4.328104634825734,15.581176685372643
1,59,4641,329,148.6272,-59.5705,74.0418,2.0765,4.828,1.9833,7.234,0.4175,1.1434,7.5006,-0.082,1.2141,0.087,car,64,,,,,,,,,,,,,,,,0,01_63_64_4714_ego_64,0,4714,4694,4726,vehicle_vehicle,0.41789704820499335,2.3292293100516033,0.6154321968366799,8.83534517775054,15.0,3.0,3.5,0.8,4.328104634825734,15.581176685372643
1,61,4641,250,146.8367,-45.1538,222.8961,2.0434,4.6049,-0.3492,-0.2859,-0.2099,-0.1812,0.4504,0.0283,0.2771,0.0101,car,64,,,,,,,,,,,,,,,,0,01_63_64_4714_ego_64,0,4714,4694,4726,vehicle_vehicle,0.41789704820499335,2.3292293100516033,0.6154321968366799,8.83534517775054,15.0,3.0,3.5,0.8,4.328104634825734,15.581176685372643
1,63,4641,123,150.9287,-41.1314,229.8847,2.0859,4.8916,-0.2402,-0.2614,0.1282,0.2142,0.3546,0.0153,-0.2464,0.04,car,64,,,,,,,,,,,,,,,,0,01_63_64_4714_ego_64,1,4714,4694,4726,vehicle_vehicle,0.41789704820499335,2.3292293100516033,0.6154321968366799,8.83534517775054,15.0,3.0,3.5,0.8,4.328104634825734,15.581176685372643
1,59,4642,330,148.7059,-59.2816,74.2262,2.0765,4.828,2.0018,7.2794,0.5618,1.1174,7.5495,-0.0524,1.228,0.2369,car,64,,,,,,,,,,,,,,,,0,01_63_64_4714_ego_64,0,4714,4694,4726,vehicle_vehicle,0.41789704820499335,2.3292293100516033,0.6154321968366799,8.83534517775054,15.0,3.0,3.5,0.8,4.328104634825734,15.581176685372643
1,61,4642,251,146.8222,-45.1654,222.855,2.0434,4.6049,-0.3581,-0.2951,-0.2001,-0.1708,0.4632,0.0273,0.2629,0.0108,car,64,,,,,,,,,,,,,,,,0,01_63_64_4714_ego_64,0,4714,4694,4726,vehicle_vehicle,0.41789704820499335,2.3292293100516033,0.6154321968366799,8.83534517775054,15.0,3.0,3.5,0.8,4.328104634825734,15.581176685372643
1,63,4642,124,150.9192,-41.1424,229.8539,2.0859,4.8916,-0.2362,-0.2541,0.1187,0.2025,0.3465,0.0167,-0.2313,0.0398,car,64,,,,,,,,,,,,,,,,0,01_63_64_4714_ego_64,1,4714,4694,4726,vehicle_vehicle,0.41789704820499335,2.3292293100516033,0.6154321968366799,8.83534517775054,15.0,3.0,3.5,0.8,4.328104634825734,15.581176685372643
1,59,4643,331,148.7856,-58.991,74.3597,2.0765,4.828,2.0264,7.3243,0.7042,1.0914,7.5994,-0.0233,1.2408,0.3839,car,64,,,,,,,,,,,,,,,,0,01_63_64_4714_ego_64,0,4714,4694,4726,vehicle_vehicle,0.41789704820499335,2.3292293100516033,0.6154321968366799,8.83534517775054,15.0,3.0,3.5,0.8,4.328104634825734,15.581176685372643
1,61,4643,252,146.8084,-45.1779,222.7868,2.0434,4.6049,-0.3669,-0.3037,-0.1896,-0.1586,0.4755,0.0263,0.2469,0.0124,car,64,,,,,,,,,,,,,,,,0,01_63_64_4714_ego_64,0,4714,4694,4726,vehicle_vehicle,0.41789704820499335,2.3292293100516033,0.6154321968366799,8.83534517775054,15.0,3.0,3.5,0.8,4.328104634825734,15.581176685372643
1,63,4643,125,150.9099,-41.1529,229.8241,2.0859,4.8916,-0.2326,-0.2471,0.1103,0.192,0.3389,0.0183,-0.2179,0.0396,car,64,,,,,,,,,,,,,,,,0,01_63_64_4714_ego_64,1,4714,4694,4726,vehicle_vehicle,0.41789704820499335,2.3292293100516033,0.6154321968366799,8.83534517775054,15.0,3.0,3.5,0.8,4.328104634825734,15.581176685372643
1,59,4644,332,148.8651,-58.6977,74.4443,2.0765,4.828,2.0575,7.3684,0.8442,1.0651,7.6503,0.0061,1.2524,0.5276,car,64,,,,,,,,,,,,,,,,0,01_63_64_4714_ego_64,0,4714,4694,4726,vehicle_vehicle,0.41789704820499335,2.3292293100516033,0.6154321968366799,8.83534517775054,15.0,3.0,3.5,0.8,4.328104634825734,15.581176685372643
1,61,4644,253,146.7946,-45.1914,222.6921,2.0434,4.6049,-0.3757,-0.3113,-0.1781,-0.1448,0.4872,0.0259,0.2291,0.0143,car,64,,,,,,,,,,,,,,,,0,01_63_64_4714_ego_64,0,4714,4694,4726,vehicle_vehicle,0.41789704820499335,2.3292293100516033,0.6154321968366799,8.83534517775054,15.0,3.0,3.5,0.8,4.328104634825734,15.581176685372643
1,63,4644,126,150.9001,-41.1631,229.7931,2.0859,4.8916,-0.2291,-0.2403,0.103,0.1826,0.3315,0.0198,-0.2059,0.0392,car,64,,,,,,,,,,,,,,,,0,01_63_64_4714_ego_64,1,4714,4694,4726,vehicle_vehicle,0.41789704820499335,2.3292293100516033,0.6154321968366799,8.83534517775054,15.0,3.0,3.5,0.8,4.328104634825734,15.581176685372643
1,59,4645,333,148.9467,-58.4023,74.4793,2.0765,4.828,2.0947,7.4115,0.9809,1.0383,7.7017,0.0351,1.2629,0.6673,car,64,,,,,,,,,,,,,,,,0,01_63_64_4714_ego_64,0,4714,4694,4726,vehicle_vehicle,0.41789704820499335,2.3292293100516033,0.6154321968366799,8.83534517775054,15.0,3.0,3.5,0.8,4.328104634825734,15.581176685372643
1,61,4645,254,146.7805,-45.2046,222.5815,2.0434,4.6049,-0.3844,-0.3181,-0.1653,-0.1299,0.4983,0.0259,0.2096,0.0162,car,64,,,,,,,,,,,,,,,,0,01_63_64_4714_ego_64,0,4714,4694,4726,vehicle_vehicle,0.41789704820499335,2.3292293100516033,0.6154321968366799,8.83534517775054,15.0,3.0,3.5,0.8,4.328104634825734,15.581176685372643
1,63,4645,127,150.891,-41.1738,229.7664,2.0859,4.8916,-0.2259,-0.2335,0.0966,0.1738,0.3242,0.0217,-0.1951,0.0385,car,64,,,,,,,,,,,,,,,,0,01_63_64_4714_ego_64,1,4714,4694,4726,vehicle_vehicle,0.41789704820499335,2.3292293100516033,0.6154321968366799,8.83534517775054,15.0,3.0,3.5,0.8,4.328104634825734,15.581176685372643
1,59,4646,334,149.0301,-58.1046,74.4625,2.0765,4.828,2.1379,7.4534,1.1139,1.0111,7.7537,0.0632,1.2725,0.8023,car,64,,,,,,,,,,,,,,,,0,01_63_64_4714_ego_64,0,4714,4694,4726,vehicle_vehicle,0.41789704820499335,2.3292293100516033,0.6154321968366799,8.83534517775054,15.0,3.0,3.5,0.8,4.328104634825734,15.581176685372643
1,61,4646,255,146.765,-45.2181,222.4564,2.0434,4.6049,-0.3926,-0.3241,-0.1508,-0.1141,0.5084,0.0259,0.1883,0.0176,car,64,,,,,,,,,,,,,,,,0,01_63_64_4714_ego_64,0,4714,4694,4726,vehicle_vehicle,0.41789704820499335,2.3292293100516033,0.6154321968366799,8.83534517775054,15.0,3.0,3.5,0.8,4.328104634825734,15.581176685372643
1,63,4646,128,150.8818,-41.1846,229.7491,2.0859,4.8916,-0.2229,-0.2263,0.0911,0.1651,0.3167,0.0239,-0.1849,0.0372,car,64,,,,,,,,,,,,,,,,0,01_63_64_4714_ego_64,1,4714,4694,4726,vehicle_vehicle,0.41789704820499335,2.3292293100516033,0.6154321968366799,8.83534517775054,15.0,3.0,3.5,0.8,4.328104634825734,15.581176685372643
1,59,4647,335,149.1155,-57.8057,74.3907,2.0765,4.828,2.1868,7.4942,1.2427,0.9836,7.8062,0.0896,1.2817,0.9322,car,64,,,,,,,,,,,,,,,,0,01_63_64_4714_ego_64,0,4714,4694,4726,vehicle_vehicle,0.41789704820499335,2.3292293100516033,0.6154321968366799,8.83534517775054,15.0,3.0,3.5,0.8,4.328104634825734,15.581176685372643
1,61,4647,256,146.7495,-45.2313,222.3158,2.0434,4.6049,-0.4004,-0.3293,-0.1347,-0.0976,0.5178,0.026,0.1653,0.0186,car,64,,,,,,,,,,,,,,,,0,01_63_64_4714_ego_64,0,4714,4694,4726,vehicle_vehicle,0.41789704820499335,2.3292293100516033,0.6154321968366799,8.83534517775054,15.0,3.0,3.5,0.8,4.328104634825734,15.581176685372643
1,63,4647,129,150.873,-41.1951,229.7377,2.0859,4.8916,-0.2201,-0.2188,0.0864,0.1559,0.3092,0.0265,-0.1748,0.0348,car,64,,,,,,,,,,,,,,,,0,01_63_64_4714_ego_64,1,4714,4694,4726,vehicle_vehicle,0.41789704820499335,2.3292293100516033,0.6154321968366799,8.83534517775054,15.0,3.0,3.5,0.8,4.328104634825734,15.581176685372643
1,59,4648,336,149.2027,-57.5051,74.269,2.0765,4.828,2.2414,7.5339,1.367,0.9557,7.8594,0.1148,1.2905,1.0567,car,64,,,,,,,,,,,,,,,,0,01_63_64_4714_ego_64,0,4714,4694,4726,vehicle_vehicle,0.41789704820499335,2.3292293100516033,0.6154321968366799,8.83534517775054,15.0,3.0,3.5,0.8,4.328104634825734,15.581176685372643
1,61,4648,257,146.7332,-45.2448,222.16,2.0434,4.6049,-0.4074,-0.3338,-0.1169,-0.0804,0.5261,0.026,0.1406,0.0189,car,64,,,,,,,,,,,,,,,,0,01_63_64_4714_ego_64,0,4714,4694,4726,vehicle_vehicle,0.41789704820499335,2.3292293100516033,0.6154321968366799,8.83534517775054,15.0,3.0,3.5,0.8,4.328104634825734,15.581176685372643
1,63,4648,130,150.8641,-41.2044,229.7325,2.0859,4.8916,-0.2174,-0.2115,0.0825,0.1457,0.3019,0.0292,-0.1645,0.0312,car,64,,,,,,,,,,,,,,,,0,01_63_64_4714_ego_64,1,4714,4694,4726,vehicle_vehicle,0.41789704820499335,2.3292293100516033,0.6154321968366799,8.83534517775054,15.0,3.0,3.5,0.8,4.328104634825734,15.581176685372643
1,59,4649,337,149.2925,-57.2028,74.0884,2.0765,4.828,2.3013,7.5724,1.4862,0.9275,7.9131,0.1371,1.2994,1.175,car,64,,,,,,,,,,,,,,,,0,01_63_64_4714_ego_64,0,4714,4694,4726,vehicle_vehicle,0.41789704820499335,2.3292293100516033,0.6154321968366799,8.83534517775054,15.0,3.0,3.5,0.8,4.328104634825734,15.581176685372643
1,61,4649,258,146.7162,-45.2587,221.986,2.0434,4.6049,-0.4135,-0.3375,-0.0976,-0.0627,0.5331,0.0258,0.1145,0.0187,car,64,,,,,,,,,,,,,,,,0,01_63_64_4714_ego_64,0,4714,4694,4726,vehicle_vehicle,0.41789704820499335,2.3292293100516033,0.6154321968366799,8.83534517775054,15.0,3.0,3.5,0.8,4.328104634825734,15.581176685372643
1,63,4649,131,150.8555,-41.2128,229.7253,2.0859,4.8916,-0.2149,-0.2045,0.0795,0.1343,0.295,0.0318,-0.1539,0.0262,car,64,,,,,,,,,,,,,,,,0,01_63_64_4714_ego_64,1,4714,4694,4726,vehicle_vehicle,0.41789704820499335,2.3292293100516033,0.6154321968366799,8.83534517775054,15.0,3.0,3.5,0.8,4.328104634825734,15.581176685372643
1,59,4650,338,149.3847,-56.8989,73.8493,2.0765,4.828,2.3664,7.6096,1.5999,0.8991,7.9675,0.1562,1.3086,1.2867,car,64,,,,,,,,,,,,,,,,0,01_63_64_4714_ego_64,0,4714,4694,4726,vehicle_vehicle,0.41789704820499335,2.3292293100516033,0.6154321968366799,8.83534517775054,15.0,3.0,3.5,0.8,4.328104634825734,15.581176685372643
1,61,4650,259,146.6986,-45.2731,221.8152,2.0434,4.6049,-0.4184,-0.3401,-0.077,-0.0448,0.5386,0.0255,0.0873,0.018,car,64,,,,,,,,,,,,,,,,0,01_63_64_4714_ego_64,0,4714,4694,4726,vehicle_vehicle,0.41789704820499335,2.3292293100516033,0.6154321968366799,8.83534517775054,15.0,3.0,3.5,0.8,4.328104634825734,15.581176685372643
1,63,4650,132,150.8467,-41.2203,229.7248,2.0859,4.8916,-0.2125,-0.1982,0.0771,0.122,0.2886,0.0339,-0.1429,0.02,car,64,,,,,,,,,,,,,,,,0,01_63_64_4714_ego_64,1,4714,4694,4726,vehicle_vehicle,0.41789704820499335,2.3292293100516033,0.6154321968366799,8.83534517775054,15.0,3.0,3.5,0.8,4.328104634825734,15.581176685372643
1,59,4651,339,149.4799,-56.5928,73.5537,2.0765,4.828,2.4363,7.6453,1.7079,0.8707,8.0223,0.1721,1.3186,1.3915,car,64,,,,,,,,,,,,,,,,0,01_63_64_4714_ego_64,0,4714,4694,4726,vehicle_vehicle,0.41789704820499335,2.3292293100516033,0.6154321968366799,8.83534517775054,15.0,3.0,3.5,0.8,4.328104634825734,15.581176685372643
1,61,4651,260,146.6805,-45.2873,221.6624,2.0434,4.6049,-0.422,-0.3417,-0.0557,-0.0269,0.5424,0.0253,0.0595,0.017,car,64,,,,,,,,,,,,,,,,0,01_63_64_4714_ego_64,0,4714,4694,4726,vehicle_vehicle,0.41789704820499335,2.3292293100516033,0.6154321968366799,8.83534517775054,15.0,3.0,3.5,0.8,4.328104634825734,15.581176685372643
1,63,4651,133,150.8384,-41.2277,229.7165,2.0859,4.8916,-0.2101,-0.1926,0.0755,0.1088,0.2828,0.0357,-0.1319,0.0128,car,64,,,,,,,,,,,,,,,,0,01_63_64_4714_ego_64,1,4714,4694,4726,vehicle_vehicle,0.41789704820499335,2.3292293100516033,0.6154321968366799,8.83534517775054,15.0,3.0,3.5,0.8,4.328104634825734,15.581176685372643
1,59,4652,340,149.578,-56.2854,73.2132,2.0765,4.828,2.5109,7.6796,1.8097,0.8427,8.0775,0.1859,1.3295,1.4892,car,64,,,,,,,,,,,,,,,,0,01_63_64_4714_ego_64,0,4714,4694,4726,vehicle_vehicle,0.41789704820499335,2.3292293100516033,0.6154321968366799,8.83534517775054,15.0,3.0,3.5,0.8,4.328104634825734,15.581176685372643
1,61,4652,261,146.6626,-45.3016,221.5183,2.0434,4.6049,-0.4244,-0.3423,-0.0341,-0.0093,0.5447,0.025,0.0317,0.0156,car,64,,,,,,,,,,,,,,,,0,01_63_64_4714_ego_64,0,4714,4694,4726,vehicle_vehicle,0.41789704820499335,2.3292293100516033,0.6154321968366799,8.83534517775054,15.0,3.0,3.5,0.8,4.328104634825734,15.581176685372643
1,63,4652,134,150.8299,-41.2347,229.707,2.0859,4.8916,-0.2078,-0.1878,0.0746,0.0951,0.2776,0.037,-0.1208,0.0045,car,64,,,,,,,,,,,,,,,,0,01_63_64_4714_ego_64,1,4714,4694,4726,vehicle_vehicle,0.41789704820499335,2.3292293100516033,0.6154321968366799,8.83534517775054,15.0,3.0,3.5,0.8,4.328104634825734,15.581176685372643
1,59,4653,341,149.6796,-55.9768,72.8358,2.0765,4.828,2.5896,7.7124,1.9053,0.8155,8.1331,0.1982,1.3415,1.5798,car,64,,,,,,,,,,,,,,,,0,01_63_64_4714_ego_64,0,4714,4694,4726,vehicle_vehicle,0.41789704820499335,2.3292293100516033,0.6154321968366799,8.83534517775054,15.0,3.0,3.5,0.8,4.328104634825734,15.581176685372643
1,61,4653,262,146.6452,-45.3158,221.3763,2.0434,4.6049,-0.4257,-0.3421,-0.0125,0.0078,0.5456,0.0247,0.0042,0.0141,car,64,,,,,,,,,,,,,,,,0,01_63_64_4714_ego_64,0,4714,4694,4726,vehicle_vehicle,0.41789704820499335,2.3292293100516033,0.6154321968366799,8.83534517775054,15.0,3.0,3.5,0.8,4.328104634825734,15.581176685372643
1,63,4653,135,150.821,-41.2413,229.7015,2.0859,4.8916,-0.2052,-0.1838,0.0743,0.081,0.2729,0.0376,-0.1098,-0.0043,car,64,,,,,,,,,,,,,,,,0,01_63_64_4714_ego_64,1,4714,4694,4726,vehicle_vehicle,0.41789704820499335,2.3292293100516033,0.6154321968366799,8.83534517775054,15.0,3.0,3.5,0.8,4.328104634825734,15.581176685372643
1,59,4654,342,149.7848,-55.6676,72.4247,2.0765,4.828,2.6721,7.7441,1.9946,0.7892,8.1895,0.209,1.3546,1.6632,car,64,,,,,,,,,,,,,,,,0,01_63_64_4714_ego_64,0,4714,4694,4726,vehicle_vehicle,0.41789704820499335,2.3292293100516033,0.6154321968366799,8.83534517775054,15.0,3.0,3.5,0.8,4.328104634825734,15.581176685372643
1,61,4654,263,146.6272,-45.3298,221.233,2.0434,4.6049,-0.4257,-0.3411,0.009,0.0242,0.545,0.0241,-0.0227,0.0123,car,64,,,,,,,,,,,,,,,,0,01_63_64_4714_ego_64,0,4714,4694,4726,vehicle_vehicle,0.41789704820499335,2.3292293100516033,0.6154321968366799,8.83534517775054,15.0,3.0,3.5,0.8,4.328104634825734,15.581176685372643
1,63,4654,136,150.8115,-41.2477,229.7042,2.0859,4.8916,-0.2021,-0.1808,0.0741,0.0669,0.2686,0.0372,-0.099,-0.0132,car,64,,,,,,,,,,,,,,,,0,01_63_64_4714_ego_64,1,4714,4694,4726,vehicle_vehicle,0.41789704820499335,2.3292293100516033,0.6154321968366799,8.83534517775054,15.0,3.0,3.5,0.8,4.328104634825734,15.581176685372643
1,59,4655,343,149.8942,-55.3569,71.9752,2.0765,4.828,2.7578,7.7747,2.0777,0.7638,8.2465,0.2168,1.3693,1.7394,car,64,,,,,,,,,,,,,,,,0,01_63_64_4714_ego_64,0,4714,4694,4726,vehicle_vehicle,0.41789704820499335,2.3292293100516033,0.6154321968366799,8.83534517775054,15.0,3.0,3.5,0.8,4.328104634825734,15.581176685372643
1,61,4655,264,146.6093,-45.3433,221.0903,2.0434,4.6049,-0.4246,-0.3394,0.0298,0.04,0.5431,0.0232,-0.0487,0.0105,car,64,,,,,,,,,,,,,,,,0,01_63_64_4714_ego_64,0,4714,4694,4726,vehicle_vehicle,0.41789704820499335,2.3292293100516033,0.6154321968366799,8.83534517775054,15.0,3.0,3.5,0.8,4.328104634825734,15.581176685372643
1,63,4655,137,150.8028,-41.2536,229.7022,2.0859,4.8916,-0.1988,-0.1788,0.0737,0.0533,0.265,0.0359,-0.0883,-0.0217,car,64,,,,,,,,,,,,,,,,0,01_63_64_4714_ego_64,1,4714,4694,4726,vehicle_vehicle,0.41789704820499335,2.3292293100516033,0.6154321968366799,8.83534517775054,15.0,3.0,3.5,0.8,4.328104634825734,15.581176685372643
1,59,4656,344,150.0076,-55.0451,71.4978,2.0765,4.828,2.8463,7.8041,2.1552,0.7395,8.304,0.2226,1.3852,1.8092,car,64,,,,,,,,,,,,,,,,0,01_63_64_4714_ego_64,0,4714,4694,4726,vehicle_vehicle,0.41789704820499335,2.3292293100516033,0.6154321968366799,8.83534517775054,15.0,3.0,3.5,0.8,4.328104634825734,15.581176685372643
1,61,4656,265,146.5913,-45.357,220.9562,2.0434,4.6049,-0.4222,-0.3371,0.0496,0.055,0.5398,0.0222,-0.0735,0.009,car,64,,,,,,,,,,,,,,,,0,01_63_64_4714_ego_64,0,4714,4694,4726,vehicle_vehicle,0.41789704820499335,2.3292293100516033,0.6154321968366799,8.83534517775054,15.0,3.0,3.5,0.8,4.328104634825734,15.581176685372643
1,63,4656,138,150.7951,-41.2607,229.6999,2.0859,4.8916,-0.1955,-0.1774,0.0729,0.0404,0.2618,0.0343,-0.078,-0.0294,car,64,,,,,,,,,,,,,,,,0,01_63_64_4714_ego_64,1,4714,4694,4726,vehicle_vehicle,0.41789704820499335,2.3292293100516033,0.6154321968366799,8.83534517775054,15.0,3.0,3.5,0.8,4.328104634825734,15.581176685372643
1,59,4657,345,150.124,-54.732,70.9939,2.0765,4.828,2.9376,7.8324,2.2275,0.7164,8.3621,0.2266,1.4028,1.8728,car,64,,,,,,,,,,,,,,,,0,01_63_64_4714_ego_64,0,4714,4694,4726,vehicle_vehicle,0.41789704820499335,2.3292293100516033,0.6154321968366799,8.83534517775054,15.0,3.0,3.5,0.8,4.328104634825734,15.581176685372643
1,61,4657,266,146.5741,-45.3703,220.8312,2.0434,4.6049,-0.4189,-0.3342,0.0682,0.0693,0.5355,0.021,-0.0969,0.0079,car,64,,,,,,,,,,,,,,,,0,01_63_64_4714_ego_64,0,4714,4694,4726,vehicle_vehicle,0.41789704820499335,2.3292293100516033,0.6154321968366799,8.83534517775054,15.0,3.0,3.5,0.8,4.328104634825734,15.581176685372643
1,63,4657,139,150.7877,-41.2673,229.6992,2.0859,4.8916,-0.1924,-0.1767,0.0719,0.0284,0.2593,0.0324,-0.0681,-0.0364,car,64,,,,,,,,,,,,,,,,0,01_63_64_4714_ego_64,1,4714,4694,4726,vehicle_vehicle,0.41789704820499335,2.3292293100516033,0.6154321968366799,8.83534517775054,15.0,3.0,3.5,0.8,4.328104634825734,15.581176685372643
1,59,4658,346,150.2433,-54.4179,70.481,2.0765,4.828,3.0317,7.8598,2.2948,0.6946,8.421,0.2314,1.4214,1.9308,car,64,,,,,,,,,,,,,,,,0,01_63_64_4714_ego_64,0,4714,4694,4726,vehicle_vehicle,0.41789704820499335,2.3292293100516033,0.6154321968366799,8.83534517775054,15.0,3.0,3.5,0.8,4.328104634825734,15.581176685372643
1,61,4658,267,146.557,-45.3838,220.7181,2.0434,4.6049,-0.4147,-0.3307,0.0853,0.0829,0.53,0.0199,-0.1187,0.0072,car,64,,,,,,,,,,,,,,,,0,01_63_64_4714_ego_64,0,4714,4694,4726,vehicle_vehicle,0.41789704820499335,2.3292293100516033,0.6154321968366799,8.83534517775054,15.0,3.0,3.5,0.8,4.328104634825734,15.581176685372643
1,63,4658,140,150.7799,-41.2741,229.7027,2.0859,4.8916,-0.1893,-0.1766,0.0706,0.0173,0.2571,0.0302,-0.0589,-0.0427,car,64,,,,,,,,,,,,,,,,0,01_63_64_4714_ego_64,1,4714,4694,4726,vehicle_vehicle,0.41789704820499335,2.3292293100516033,0.6154321968366799,8.83534517775054,15.0,3.0,3.5,0.8,4.328104634825734,15.581176685372643
1,59,4659,347,150.3661,-54.1022,69.9551,2.0765,4.828,3.1286,7.8859,2.3569,0.6742,8.4806,0.2362,1.4412,1.9831,car,64,,,,,,,,,,,,,,,,0,01_63_64_4714_ego_64,0,4714,4694,4726,vehicle_vehicle,0.41789704820499335,2.3292293100516033,0.6154321968366799,8.83534517775054,15.0,3.0,3.5,0.8,4.328104634825734,15.581176685372643
1,61,4659,268,146.5403,-45.3971,220.6255,2.0434,4.6049,-0.4097,-0.3266,0.1009,0.0957,0.5236,0.0189,-0.1389,0.0069,car,64,,,,,,,,,,,,,,,,0,01_63_64_4714_ego_64,0,4714,4694,4726,vehicle_vehicle,0.41789704820499335,2.3292293100516033,0.6154321968366799,8.83534517775054,15.0,3.0,3.5,0.8,4.328104634825734,15.581176685372643
1,63,4659,141,150.772,-41.2807,229.7166,2.0859,4.8916,-0.1861,-0.1771,0.0691,0.0073,0.2554,0.0275,-0.0502,-0.048,car,64,,,,,,,,,,,,,,,,0,01_63_64_4714_ego_64,1,4714,4694,4726,vehicle_vehicle,0.41789704820499335,2.3292293100516033,0.6154321968366799,8.83534517775054,15.0,3.0,3.5,0.8,4.328104634825734,15.581176685372643
1,59,4660,348,150.4929,-53.7858,69.417,2.0765,4.828,3.2282,7.9111,2.4139,0.6555,8.541,0.2408,1.4623,2.0293,car,64,,,,,,,,,,,,,,,,0,01_63_64_4714_ego_64,0,4714,4694,4726,vehicle_vehicle,0.41789704820499335,2.3292293100516033,0.6154321968366799,8.83534517775054,15.0,3.0,3.5,0.8,4.328104634825734,15.581176685372643
1,61,4660,269,146.5237,-45.4107,220.5426,2.0434,4.6049,-0.404,-0.3217,0.1149,0.1076,0.5161,0.0181,-0.1572,0.0071,car,64,,,,,,,,,,,,,,,,0,01_63_64_4714_ego_64,0,4714,4694,4726,vehicle_vehicle,0.41789704820499335,2.3292293100516033,0.6154321968366799,8.83534517775054,15.0,3.0,3.5,0.8,4.328104634825734,15.581176685372643
1,63,4660,142,150.7636,-41.2873,229.7436,2.0859,4.8916,-0.1826,-0.1782,0.067,-0.0015,0.254,0.0242,-0.0422,-0.0521,car,64,,,,,,,,,,,,,,,,0,01_63_64_4714_ego_64,1,4714,4694,4726,vehicle_vehicle,0.41789704820499335,2.3292293100516033,0.6154321968366799,8.83534517775054,15.0,3.0,3.5,0.8,4.328104634825734,15.581176685372643
1,59,4661,349,150.6233,-53.4685,68.8573,2.0765,4.828,3.3302,7.9354,2.4654,0.6388,8.6024,0.2438,1.485,2.0691,car,64,166.7469,-21.6713,-5.6365,-7.2671,9.1961,0.1131,232.9069,9.19678610493905,33.10842997778058,-16.12360000000001,-31.7972,8.9667,15.2025,17.649864451037576,35.65154140847209,0,01_63_64_4714_ego_64,0,4714,4694,4726,vehicle_vehicle,0.41789704820499335,2.3292293100516033,0.6154321968366799,8.83534517775054,15.0,3.0,3.5,0.8,4.328104634825734,15.581176685372643
1,61,4661,270,146.5081,-45.4237,220.4728,2.0434,4.6049,-0.3979,-0.3162,0.1273,0.1183,0.5079,0.0177,-0.1736,0.0074,car,64,166.7469,-21.6713,-5.6365,-7.2671,9.1961,0.1131,232.9069,9.19678610493905,33.10842997778058,-20.238799999999998,-23.752399999999998,5.2386,6.9509,8.703903766127013,31.205536867677825,0,01_63_64_4714_ego_64,0,4714,4694,4726,vehicle_vehicle,0.41789704820499335,2.3292293100516033,0.6154321968366799,8.83534517775054,15.0,3.0,3.5,0.8,4.328104634825734,15.581176685372643
1,63,4661,143,150.7555,-41.2938,229.7769,2.0859,4.8916,-0.1788,-0.1799,0.064,-0.0087,0.2528,0.0204,-0.0347,-0.0545,car,64,166.7469,-21.6713,-5.6365,-7.2671,9.1961,0.1131,232.9069,9.19678610493905,33.10842997778058,-15.991399999999999,-19.6225,5.4577,7.0872,8.945104422531914,25.313383420830963,0,01_63_64_4714_ego_64,1,4714,4694,4726,vehicle_vehicle,0.41789704820499335,2.3292293100516033,0.6154321968366799,8.83534517775054,15.0,3.0,3.5,0.8,4.328104634825734,15.581176685372643
1,64,4661,0,166.7469,-21.6713,232.9069,2.0116,4.8337,-5.6365,-7.2671,0.6026,0.4116,9.1961,0.1131,-0.6917,-0.2324,car,64,166.7469,-21.6713,-5.6365,-7.2671,9.1961,0.1131,232.9069,9.19678610493905,33.10842997778058,0.0,0.0,0.0,0.0,0.0,0.0,1,01_63_64_4714_ego_64,1,4714,4694,4726,vehicle_vehicle,0.41789704820499335,2.3292293100516033,0.6154321968366799,8.83534517775054,15.0,3.0,3.5,0.8,4.328104634825734,15.581176685372643
1,59,4662,350,150.7573,-53.1508,68.2857,2.0765,4.828,3.4348,7.9591,2.5113,0.6239,8.6651,0.2464,1.5087,2.1022,car,64,166.5236,-21.9612,-5.618,-7.2645,9.1828,0.1042,232.9336,9.183402650978557,33.06024954352281,-15.766300000000001,-31.189599999999995,9.052800000000001,15.223600000000001,17.71189387953756,34.94806666827222,0,01_63_64_4714_ego_64,0,4714,4694,4726,vehicle_vehicle,0.41789704820499335,2.3292293100516033,0.6154321968366799,8.83534517775054,15.0,3.0,3.5,0.8,4.328104634825734,15.581176685372643
1,61,4662,271,146.4927,-45.4363,220.4146,2.0434,4.6049,-0.3914,-0.3103,0.1382,0.128,0.4992,0.0175,-0.1882,0.0078,car,64,166.5236,-21.9612,-5.618,-7.2645,9.1828,0.1042,232.9336,9.183402650978557,33.06024954352281,-20.030899999999974,-23.4751,5.2266,6.9542,8.699324410550512,30.85963828077055,0,01_63_64_4714_ego_64,0,4714,4694,4726,vehicle_vehicle,0.41789704820499335,2.3292293100516033,0.6154321968366799,8.83534517775054,15.0,3.0,3.5,0.8,4.328104634825734,15.581176685372643
1,63,4662,144,150.7476,-41.3005,229.8109,2.0859,4.8916,-0.1748,-0.182,0.0596,-0.0142,0.2518,0.016,-0.0276,-0.0547,car,64,166.5236,-21.9612,-5.618,-7.2645,9.1828,0.1042,232.9336,9.183402650978557,33.06024954352281,-15.775999999999982,-19.339299999999998,5.4432,7.0825,8.932537852704572,24.957778356456316,0,01_63_64_4714_ego_64,1,4714,4694,4726,vehicle_vehicle,0.41789704820499335,2.3292293100516033,0.6154321968366799,8.83534517775054,15.0,3.0,3.5,0.8,4.328104634825734,15.581176685372643
1,64,4662,1,166.5236,-21.9612,232.9336,2.0116,4.8337,-5.618,-7.2645,0.6267,0.448,9.1828,0.1042,-0.7352,-0.23,car,64,166.5236,-21.9612,-5.618,-7.2645,9.1828,0.1042,232.9336,9.183402650978557,33.06024954352281,0.0,0.0,0.0,0.0,0.0,0.0,1,01_63_64_4714_ego_64,1,4714,4694,4726,vehicle_vehicle,0.41789704820499335,2.3292293100516033,0.6154321968366799,8.83534517775054,15.0,3.0,3.5,0.8,4.328104634825734,15.581176685372643
1,59,4663,351,150.8956,-52.8327,67.701,2.0765,4.828,3.5417,7.9825,2.5509,0.6107,8.7294,0.248,1.533,2.1284,car,64,166.2993,-22.2536,-5.5985,-7.2596,9.1671,0.0963,232.9624,9.167605707598904,33.00338054735605,-15.403699999999986,-30.579100000000004,9.1402,15.2421,17.772587556402698,34.23967480131784,0,01_63_64_4714_ego_64,0,4714,4694,4726,vehicle_vehicle,0.41789704820499335,2.3292293100516033,0.6154321968366799,8.83534517775054,15.0,3.0,3.5,0.8,4.328104634825734,15.581176685372643
1,61,4663,272,146.4778,-45.4484,220.359,2.0434,4.6049,-0.3849,-0.3041,0.148,0.1364,0.4902,0.0175,-0.2011,0.0081,car,64,166.2993,-22.2536,-5.5985,-7.2596,9.1671,0.0963,232.9624,9.167605707598904,33.00338054735605,-19.821499999999986,-23.1948,5.2136,6.9555,8.692560336862782,30.510499984267703,0,01_63_64_4714_ego_64,0,4714,4694,4726,vehicle_vehicle,0.41789704820499335,2.3292293100516033,0.6154321968366799,8.83534517775054,15.0,3.0,3.5,0.8,4.328104634825734,15.581176685372643
1,63,4663,145,150.7401,-41.3071,229.8465,2.0859,4.8916,-0.1707,-0.1847,0.0537,-0.0178,0.2512,0.0114,-0.0211,-0.0525,car,64,166.2993,-22.2536,-5.5985,-7.2596,9.1671,0.0963,232.9624,9.167605707598904,33.00338054735605,-15.559199999999976,-19.0535,5.4277999999999995,7.0748999999999995,8.917130864241031,24.59927980429507,0,01_63_64_4714_ego_64,1,4714,4694,4726,vehicle_vehicle,0.41789704820499335,2.3292293100516033,0.6154321968366799,8.83534517775054,15.0,3.0,3.5,0.8,4.328104634825734,15.581176685372643
1,64,4663,2,166.2993,-22.2536,232.9624,2.0116,4.8337,-5.5985,-7.2596,0.6564,0.4978,9.1671,0.0963,-0.7927,-0.2241,car,64,166.2993,-22.2536,-5.5985,-7.2596,9.1671,0.0963,232.9624,9.167605707598904,33.00338054735605,0.0,0.0,0.0,0.0,0.0,0.0,1,01_63_64_4714_ego_64,1,4714,4694,4726,vehicle_vehicle,0.41789704820499335,2.3292293100516033,0.6154321968366799,8.83534517775054,15.0,3.0,3.5,0.8,4.328104634825734,15.581176685372643
1,59,4664,352,151.0388,-52.5141,67.1059,2.0765,4.828,3.6504,8.0058,2.5839,0.5989,8.7953,0.2484,1.5569,2.1474,car,64,166.074,-22.5468,-5.5771,-7.2513,9.1476,0.0887,232.9911,9.147972239791724,32.93270006325021,-15.035200000000003,-29.967299999999998,9.2275,15.257100000000001,17.830475502913544,33.527545516038,0,01_63_64_4714_ego_64,0,4714,4694,4726,vehicle_vehicle,0.41789704820499335,2.3292293100516033,0.6154321968366799,8.83534517775054,15.0,3.0,3.5,0.8,4.328104634825734,15.581176685372643
1,61,4664,273,146.4635,-45.4604,220.3076,2.0434,4.6049,-0.3783,-0.2976,0.1569,0.1438,0.481,0.0177,-0.2127,0.0082,car,64,166.074,-22.5468,-5.5771,-7.2513,9.1476,0.0887,232.9911,9.147972239791724,32.93270006325021,-19.610500000000002,-22.9136,5.198799999999999,6.9536999999999995,8.68225000388724,30.159654759463013,0,01_63_64_4714_ego_64,0,4714,4694,4726,vehicle_vehicle,0.41789704820499335,2.3292293100516033,0.6154321968366799,8.83534517775054,15.0,3.0,3.5,0.8,4.328104634825734,15.581176685372643
1,63,4664,146,150.7326,-41.3139,229.88,2.0859,4.8916,-0.1666,-0.1877,0.046,-0.0191,0.2509,0.0064,-0.0151,-0.0475,car,64,166.074,-22.5468,-5.5771,-7.2513,9.1476,0.0887,232.9911,9.147972239791724,32.93270006325021,-15.341400000000021,-18.767099999999996,5.4105,7.063599999999999,8.897637619615669,24.239690517207528,0,01_63_64_4714_ego_64,1,4714,4694,4726,vehicle_vehicle,0.41789704820499335,2.3292293100516033,0.6154321968366799,8.83534517775054,15.0,3.0,3.5,0.8,4.328104634825734,15.581176685372643
1,64,4664,3,166.074,-22.5468,232.9911,2.0116,4.8337,-5.5771,-7.2513,0.6913,0.5599,9.1476,0.0887,-0.8632,-0.2149,car,64,166.074,-22.5468,-5.5771,-7.2513,9.1476,0.0887,232.9911,9.147972239791724,32.93270006325021,0.0,0.0,0.0,0.0,0.0,0.0,1,01_63_64_4714_ego_64,1,4714,4694,4726,vehicle_vehicle,0.41789704820499335,2.3292293100516033,0.6154321968366799,8.83534517775054,15.0,3.0,3.5,0.8,4.328104634825734,15.581176685372643
1,59,4665,353,151.1874,-52.1914,66.5244,2.0765,4.828,3.7602,8.0279,2.6104,0.5885,8.8613,0.251,1.5797,2.1599,car,64,165.8498,-22.8408,-5.5536,-7.2389,9.1234,0.0823,233.0221,9.123823001900025,32.84576280684009,-14.662399999999991,-29.3506,9.3138,15.2668,17.88356934954541,32.809201363641876,0,01_63_64_4714_ego_64,0,4714,4694,4726,vehicle_vehicle,0.41789704820499335,2.3292293100516033,0.6154321968366799,8.83534517775054,15.0,3.0,3.5,0.8,4.328104634825734,15.581176685372643
1,61,4665,274,146.4493,-45.4719,220.263,2.0434,4.6049,-0.3716,-0.2909,0.1653,0.1503,0.4716,0.0182,-0.2232,0.0078,car,64,165.8498,-22.8408,-5.5536,-7.2389,9.1234,0.0823,233.0221,9.123823001900025,32.84576280684009,-19.400499999999994,-22.631099999999996,5.182,6.948,8.667631048908348,29.80849019088353,0,01_63_64_4714_ego_64,0,4714,4694,4726,vehicle_vehicle,0.41789704820499335,2.3292293100516033,0.6154321968366799,8.83534517775054,15.0,3.0,3.5,0.8,4.328104634825734,15.581176685372643
1,63,4665,147,150.7254,-41.321,229.9026,2.0859,4.8916,-0.1626,-0.191,0.0363,-0.018,0.2509,0.0014,-0.0096,-0.0393,car,64,165.8498,-22.8408,-5.5536,-7.2389,9.1234,0.0823,233.0221,9.123823001900025,32.84576280684009,-15.12439999999998,-18.480199999999996,5.391,7.0479,8.873318173603378,23.880227540791967,0,01_63_64_4714_ego_64,1,4714,4694,4726,vehicle_vehicle,0.41789704820499335,2.3292293100516033,0.6154321968366799,8.83534517775054,15.0,3.0,3.5,0.8,4.328104634825734,15.581176685372643
1,64,4665,4,165.8498,-22.8408,233.0221,2.0116,4.8337,-5.5536,-7.2389,0.7306,0.6329,9.1234,0.0823,-0.9451,-0.203,car,64,165.8498,-22.8408,-5.5536,-7.2389,9.1234,0.0823,233.0221,9.123823001900025,32.84576280684009,0.0,0.0,0.0,0.0,0.0,0.0,1,01_63_64_4714_ego_64,1,4714,4694,4726,vehicle_vehicle,0.41789704820499335,2.3292293100516033,0.6154321968366799,8.83534517775054,15.0,3.0,3.5,0.8,4.328104634825734,15.581176685372643
1,59,4666,354,151.3396,-51.8674,65.9298,2.0765,4.828,3.8712,8.0486,2.6304,0.5805,8.9277,0.2519,1.6028,2.165,car,64,165.626,-23.1343,-5.5276,-7.2218,9.0941,0.0766,233.0518,9.094435496500044,32.73996778740016,-14.286400000000015,-28.733100000000004,9.3988,15.2704,17.93105009752636,32.08881831058913,0,01_63_64_4714_ego_64,0,4714,4694,4726,vehicle_vehicle,0.41789704820499335,2.3292293100516033,0.6154321968366799,8.83534517775054,15.0,3.0,3.5,0.8,4.328104634825734,15.581176685372643
1,61,4666,275,146.4348,-45.4833,220.2214,2.0434,4.6049,-0.3647,-0.284,0.1733,0.1558,0.4619,0.0186,-0.2329,0.007,car,64,165.626,-23.1343,-5.5276,-7.2218,9.0941,0.0766,233.0518,9.094435496500044,32.73996778740016,-19.19120000000001,-22.349,5.1629,6.9378,8.648040543961388,29.458105140011984,0,01_63_64_4714_ego_64,0,4714,4694,4726,vehicle_vehicle,0.41789704820499335,2.3292293100516033,0.6154321968366799,8.83534517775054,15.0,3.0,3.5,0.8,4.328104634825734,15.581176685372643
1,63,4666,148,150.7199,-41.3294,229.9164,2.0859,4.8916,-0.1594,-0.1939,0.0245,-0.0146,0.251,-0.0029,-0.0047,-0.0281,car,64,165.626,-23.1343,-5.5276,-7.2218,9.0941,0.0766,233.0518,9.094435496500044,32.73996778740016,-14.90610000000001,-18.1951,5.3682,7.0279,8.843582399118583,23.52134097410265,0,01_63_64_4714_ego_64,1,4714,4694,4726,vehicle_vehicle,0.41789704820499335,2.3292293100516033,0.6154321968366799,8.83534517775054,15.0,3.0,3.5,0.8,4.328104634825734,15.581176685372643
1,64,4666,5,165.626,-23.1343,233.0518,2.0116,4.8337,-5.5276,-7.2218,0.7737,0.715,9.0941,0.0766,-1.0364,-0.1886,car,64,165.626,-23.1343,-5.5276,-7.2218,9.0941,0.0766,233.0518,9.094435496500044,32.73996778740016,0.0,0.0,0.0,0.0,0.0,0.0,1,01_63_64_4714_ego_64,1,4714,4694,4726,vehicle_vehicle,0.41789704820499335,2.3292293100516033,0.6154321968366799,8.83534517775054,15.0,3.0,3.5,0.8,4.328104634825734,15.581176685372643
1,59,4667,355,151.4971,-51.5438,65.3389,2.0765,4.828,3.9827,8.0685,2.644,0.5755,8.9944,0.2528,1.6262,2.1627,car,64,165.4041,-23.4271,-5.4993,-7.1996,9.0593,0.0715,233.0783,9.059610402771192,32.614597449976294,-13.90700000000001,-28.116699999999998,9.482,15.2681,17.972846230077195,31.368032579203945,0,01_63_64_4714_ego_64,0,4714,4694,4726,vehicle_vehicle,0.41789704820499335,2.3292293100516033,0.6154321968366799,8.83534517775054,15.0,3.0,3.5,0.8,4.328104634825734,15.581176685372643
1,61,4667,276,146.4211,-45.4937,220.1748,2.0434,4.6049,-0.3578,-0.2772,0.1812,0.1605,0.4522,0.019,-0.2421,0.0057,car,64,165.4041,-23.4271,-5.4993,-7.1996,9.0593,0.0715,233.0783,9.059610402771192,32.614597449976294,-18.983000000000004,-22.066599999999998,5.1415,6.9224000000000006,8.622913893226581,29.108231216616378,0,01_63_64_4714_ego_64,0,4714,4694,4726,vehicle_vehicle,0.41789704820499335,2.3292293100516033,0.6154321968366799,8.83534517775054,15.0,3.0,3.5,0.8,4.328104634825734,15.581176685372643
1,63,4667,149,150.714,-41.3372,229.9275,2.0859,4.8916,-0.1568,-0.1967,0.0111,-0.0089,0.2515,-0.0067,-0.0003,-0.0142,car,64,165.4041,-23.4271,-5.4993,-7.1996,9.0593,0.0715,233.0783,9.059610402771192,32.614597449976294,-14.690100000000001,-17.910100000000003,5.3425,7.0029,8.808116408177176,23.16399620143295,0,01_63_64_4714_ego_64,1,4714,4694,4726,vehicle_vehicle,0.41789704820499335,2.3292293100516033,0.6154321968366799,8.83534517775054,15.0,3.0,3.5,0.8,4.328104634825734,15.581176685372643
1,64,4667,6,165.4041,-23.4271,233.0783,2.0116,4.8337,-5.4993,-7.1996,0.8198,0.8043,9.0593,0.0715,-1.1354,-0.1722,car,64,165.4041,-23.4271,-5.4993,-7.1996,9.0593,0.0715,233.0783,9.059610402771192,32.614597449976294,0.0,0.0,0.0,0.0,0.0,0.0,1,01_63_64_4714_ego_64,1,4714,4694,4726,vehicle_vehicle,0.41789704820499335,2.3292293100516033,0.6154321968366799,8.83534517775054,15.0,3.0,3.5,0.8,4.328104634825734,15.581176685372643
1,59,4668,356,151.6574,-51.219,64.7579,2.0765,4.828,4.0952,8.0876,2.6511,0.5742,9.0617,0.2553,1.6499,2.1531,car,64,165.1828,-23.7185,-5.4684,-7.1721,9.0188,0.0668,233.1002,9.019003102893357,32.46841117041609,-13.52539999999999,-27.500500000000002,9.563600000000001,15.2597,18.008911378814656,30.646597615559216,0,01_63_64_4714_ego_64,0,4714,4694,4726,vehicle_vehicle,0.41789704820499335,2.3292293100516033,0.6154321968366799,8.83534517775054,15.0,3.0,3.5,0.8,4.328104634825734,15.581176685372643
1,61,4668,277,146.4074,-45.504,220.1394,2.0434,4.6049,-0.3508,-0.2705,0.1893,0.1649,0.4425,0.0193,-0.251,0.004,car,64,165.1828,-23.7185,-5.4684,-7.1721,9.0188,0.0668,233.1002,9.019003102893357,32.46841117041609,-18.77539999999999,-21.7855,5.1175999999999995,6.9016,8.591967895656966,28.759757568693093,0,01_63_64_4714_ego_64,0,4714,4694,4726,vehicle_vehicle,0.41789704820499335,2.3292293100516033,0.6154321968366799,8.83534517775054,15.0,3.0,3.5,0.8,4.328104634825734,15.581176685372643
1,63,4668,150,150.7098,-41.3459,229.9339,2.0859,4.8916,-0.1556,-0.199,-0.0035,-0.0012,0.2524,-0.009,0.0032,0.0019,car,64,165.1828,-23.7185,-5.4684,-7.1721,9.0188,0.0668,233.1002,9.019003102893357,32.46841117041609,-14.472999999999985,-17.6274,5.3128,6.9731000000000005,8.766411321059492,22.8077390321794,0,01_63_64_4714_ego_64,1,4714,4694,4726,vehicle_vehicle,0.41789704820499335,2.3292293100516033,0.6154321968366799,8.83534517775054,15.0,3.0,3.5,0.8,4.328104634825734,15.581176685372643
1,64,4668,7,165.1828,-23.7185,233.1002,2.0116,4.8337,-5.4684,-7.1721,0.8681,0.8992,9.0188,0.0668,-1.2403,-0.1543,car,64,165.1828,-23.7185,-5.4684,-7.1721,9.0188,0.0668,233.1002,9.019003102893357,32.46841117041609,0.0,0.0,0.0,0.0,0.0,0.0,1,01_63_64_4714_ego_64,1,4714,4694,4726,vehicle_vehicle,0.41789704820499335,2.3292293100516033,0.6154321968366799,8.83534517775054,15.0,3.0,3.5,0.8,4.328104634825734,15.581176685372643
1,59,4669,357,151.8233,-50.8943,64.1646,2.0765,4.828,4.2081,8.1063,2.6514,0.5769,9.1299,0.2548,1.6747,2.1349,car,64,164.9636,-24.0085,-5.4351,-7.1394,8.9726,0.0618,233.1129,8.97281139721548,32.30212102997573,-13.140300000000025,-26.8858,9.6432,15.2457,18.039475456065787,29.925135350236943,0,01_63_64_4714_ego_64,0,4714,4694,4726,vehicle_vehicle,0.41789704820499335,2.3292293100516033,0.6154321968366799,8.83534517775054,15.0,3.0,3.5,0.8,4.328104634825734,15.581176685372643
1,61,4669,278,146.3936,-45.514,220.1141,2.0434,4.6049,-0.3435,-0.2639,0.1976,0.1691,0.4327,0.0195,-0.26,0.002,car,64,164.9636,-24.0085,-5.4351,-7.1394,8.9726,0.0618,233.1129,8.97281139721548,32.30212102997573,-18.57000000000002,-21.5055,5.091600000000001,6.875500000000001,8.555518149708995,28.41357827254429,0,01_63_64_4714_ego_64,0,4714,4694,4726,vehicle_vehicle,0.41789704820499335,2.3292293100516033,0.6154321968366799,8.83534517775054,15.0,3.0,3.5,0.8,4.328104634825734,15.581176685372643
1,63,4669,151,150.7057,-41.3548,229.9379,2.0859,4.8916,-0.1558,-0.2005,-0.0185,0.0082,0.2538,-0.0098,0.0056,0.0194,car,64,164.9636,-24.0085,-5.4351,-7.1394,8.9726,0.0618,233.1129,8.97281139721548,32.30212102997573,-14.257900000000006,-17.346299999999996,5.2793,6.9389,8.718907139085724,22.45399376725664,0,01_63_64_4714_ego_64,1,4714,4694,4726,vehicle_vehicle,0.41789704820499335,2.3292293100516033,0.6154321968366799,8.83534517775054,15.0,3.0,3.5,0.8,4.328104634825734,15.581176685372643
1,64,4669,8,164.9636,-24.0085,233.1129,2.0116,4.8337,-5.4351,-7.1394,0.9181,0.9981,8.9726,0.0618,-1.3493,-0.1352,car,64,164.9636,-24.0085,-5.4351,-7.1394,8.9726,0.0618,233.1129,8.97281139721548,32.30212102997573,0.0,0.0,0.0,0.0,0.0,0.0,1,01_63_64_4714_ego_64,1,4714,4694,4726,vehicle_vehicle,0.41789704820499335,2.3292293100516033,0.6154321968366799,8.83534517775054,15.0,3.0,3.5,0.8,4.328104634825734,15.581176685372643
1,59,4670,358,151.9936,-50.5685,63.5694,2.0765,4.828,4.321,8.1247,2.6448,0.5842,9.1988,0.2529,1.7004,2.1084,car,64,164.7463,-24.2974,-5.3996,-7.101,8.9206,0.0583,233.1252,8.920755638397456,32.11472029823084,-12.752700000000004,-26.2711,9.720600000000001,15.2257,18.064108194151185,29.20277473974006,0,01_63_64_4714_ego_64,0,4714,4694,4726,vehicle_vehicle,0.41789704820499335,2.3292293100516033,0.6154321968366799,8.83534517775054,15.0,3.0,3.5,0.8,4.328104634825734,15.581176685372643
1,61,4670,279,146.38,-45.5242,220.1127,2.0434,4.6049,-0.3358,-0.2572,0.2061,0.1733,0.4225,0.0196,-0.2693,-0.0002,car,64,164.7463,-24.2974,-5.3996,-7.101,8.9206,0.0583,233.1252,8.920755638397456,32.11472029823084,-18.366299999999995,-21.2268,5.0638000000000005,6.8438,8.513499214776495,28.069521084799433,0,01_63_64_4714_ego_64,0,4714,4694,4726,vehicle_vehicle,0.41789704820499335,2.3292293100516033,0.6154321968366799,8.83534517775054,15.0,3.0,3.5,0.8,4.328104634825734,15.581176685372643
1,63,4670,152,150.7015,-41.3644,229.9419,2.0859,4.8916,-0.1574,-0.2011,-0.0329,0.0188,0.2552,-0.0089,0.0068,0.0373,car,64,164.7463,-24.2974,-5.3996,-7.101,8.9206,0.0583,233.1252,8.920755638397456,32.11472029823084,-14.04479999999998,-17.067000000000004,5.2422,6.8999,8.665407137001699,22.102916007622152,0,01_63_64_4714_ego_64,1,4714,4694,4726,vehicle_vehicle,0.41789704820499335,2.3292293100516033,0.6154321968366799,8.83534517775054,15.0,3.0,3.5,0.8,4.328104634825734,15.581176685372643
1,64,4670,9,164.7463,-24.2974,233.1252,2.0116,4.8337,-5.3996,-7.101,0.9694,1.0993,8.9206,0.0583,-1.4611,-0.1158,car,64,164.7463,-24.2974,-5.3996,-7.101,8.9206,0.0583,233.1252,8.920755638397456,32.11472029823084,0.0,0.0,0.0,0.0,0.0,0.0,1,01_63_64_4714_ego_64,1,4714,4694,4726,vehicle_vehicle,0.41789704820499335,2.3292293100516033,0.6154321968366799,8.83534517775054,15.0,3.0,3.5,0.8,4.328104634825734,15.581176685372643
1,59,4671,359,152.1683,-50.2429,62.9867,2.0765,4.828,4.4337,8.1433,2.6314,0.5961,9.2687,0.2513,1.7263,2.0736,car,64,164.5302,-24.5845,-5.3617,-7.057,8.8626,0.0547,233.1275,8.86279165331105,31.90604995191978,-12.36190000000002,-25.6584,9.7954,15.2003,18.083113151501323,28.48104742052161,0,01_63_64_4714_ego_64,0,4714,4694,4726,vehicle_vehicle,0.41789704820499335,2.3292293100516033,0.6154321968366799,8.83534517775054,15.0,3.0,3.5,0.8,4.328104634825734,15.581176685372643
1,61,4671,280,146.366,-45.5341,220.1396,2.0434,4.6049,-0.3275,-0.2504,0.2147,0.1777,0.4118,0.0197,-0.2787,-0.0026,car,64,164.5302,-24.5845,-5.3617,-7.057,8.8626,0.0547,233.1275,8.86279165331105,31.90604995191978,-18.164199999999994,-20.949600000000004,5.0342,6.8066,8.465989203867437,27.727673934176302,0,01_63_64_4714_ego_64,0,4714,4694,4726,vehicle_vehicle,0.41789704820499335,2.3292293100516033,0.6154321968366799,8.83534517775054,15.0,3.0,3.5,0.8,4.328104634825734,15.581176685372643
1,63,4671,153,150.6975,-41.374,229.9517,2.0859,4.8916,-0.1606,-0.2006,-0.0461,0.03,0.2568,-0.0061,0.0067,0.0545,car,64,164.5302,-24.5845,-5.3617,-7.057,8.8626,0.0547,233.1275,8.86279165331105,31.90604995191978,-13.832700000000017,-16.789500000000004,5.2011,6.856400000000001,8.605908561563968,21.753870909334747,0,01_63_64_4714_ego_64,1,4714,4694,4726,vehicle_vehicle,0.41789704820499335,2.3292293100516033,0.6154321968366799,8.83534517775054,15.0,3.0,3.5,0.8,4.328104634825734,15.581176685372643
1,64,4671,10,164.5302,-24.5845,233.1275,2.0116,4.8337,-5.3617,-7.057,1.0217,1.2014,8.8626,0.0547,-1.5741,-0.0964,car,64,164.5302,-24.5845,-5.3617,-7.057,8.8626,0.0547,233.1275,8.86279165331105,31.90604995191978,0.0,0.0,0.0,0.0,0.0,0.0,1,01_63_64_4714_ego_64,1,4714,4694,4726,vehicle_vehicle,0.41789704820499335,2.3292293100516033,0.6154321968366799,8.83534517775054,15.0,3.0,3.5,0.8,4.328104634825734,15.581176685372643
1,59,4672,360,152.3475,-49.9176,62.4063,2.0765,4.828,4.546,8.1628,2.611,0.6127,9.34,0.2479,1.7524,2.0302,car,64,164.3152,-24.8688,-5.3211,-7.0078,8.7989,0.0516,233.1262,8.79905483844714,31.676597418409703,-11.967700000000008,-25.0488,9.8671,15.1706,18.09714802862595,27.760911813735515,0,01_63_64_4714_ego_64,0,4714,4694,4726,vehicle_vehicle,0.41789704820499335,2.3292293100516033,0.6154321968366799,8.83534517775054,15.0,3.0,3.5,0.8,4.328104634825734,15.581176685372643
1,61,4672,281,146.3529,-45.5439,220.1959,2.0434,4.6049,-0.3188,-0.2435,0.2232,0.1822,0.4007,0.0198,-0.2881,-0.0049,car,64,164.3152,-24.8688,-5.3211,-7.0078,8.7989,0.0516,233.1262,8.79905483844714,31.676597418409703,-17.9623,-20.6751,5.0023,6.7642999999999995,8.41301133839721,27.388026239581414,0,01_63_64_4714_ego_64,0,4714,4694,4726,vehicle_vehicle,0.41789704820499335,2.3292293100516033,0.6154321968366799,8.83534517775054,15.0,3.0,3.5,0.8,4.328104634825734,15.581176685372643
1,63,4672,154,150.693,-41.3833,229.9569,2.0859,4.8916,-0.165,-0.1991,-0.057,0.0411,0.2586,-0.0017,0.0052,0.07,car,64,164.3152,-24.8688,-5.3211,-7.0078,8.7989,0.0516,233.1262,8.79905483844714,31.676597418409703,-13.622199999999992,-16.514499999999998,5.1561,6.8087,8.540712083895581,21.407779966404732,0,01_63_64_4714_ego_64,1,4714,4694,4726,vehicle_vehicle,0.41789704820499335,2.3292293100516033,0.6154321968366799,8.83534517775054,15.0,3.0,3.5,0.8,4.328104634825734,15.581176685372643
1,64,4672,11,164.3152,-24.8688,233.1262,2.0116,4.8337,-5.3211,-7.0078,1.0745,1.3028,8.7989,0.0516,-1.687,-0.0778,car,64,164.3152,-24.8688,-5.3211,-7.0078,8.7989,0.0516,233.1262,8.79905483844714,31.676597418409703,0.0,0.0,0.0,0.0,0.0,0.0,1,01_63_64_4714_ego_64,1,4714,4694,4726,vehicle_vehicle,0.41789704820499335,2.3292293100516033,0.6154321968366799,8.83534517775054,15.0,3.0,3.5,0.8,4.328104634825734,15.581176685372643
1,59,4673,361,152.5325,-49.5926,61.8229,2.0765,4.828,4.6571,8.1837,2.5837,0.6331,9.413,0.2408,1.7781,1.9785,car,64,164.1011,-25.1506,-5.2776,-6.9535,8.7293,0.0493,233.126,8.729503079213615,31.42621108516901,-11.568600000000004,-24.441999999999997,9.9347,15.1372,18.106161601233985,27.04152122126268,0,01_63_64_4714_ego_64,0,4714,4694,4726,vehicle_vehicle,0.41789704820499335,2.3292293100516033,0.6154321968366799,8.83534517775054,15.0,3.0,3.5,0.8,4.328104634825734,15.581176685372643
1,61,4673,282,146.3408,-45.5535,220.2801,2.0434,4.6049,-0.3099,-0.2364,0.2317,0.1869,0.3893,0.02,-0.2976,-0.0073,car,64,164.1011,-25.1506,-5.2776,-6.9535,8.7293,0.0493,233.126,8.729503079213615,31.42621108516901,-17.7603,-20.4029,4.9677,6.7171,8.354488356566188,27.050075498970422,0,01_63_64_4714_ego_64,0,4714,4694,4726,vehicle_vehicle,0.41789704820499335,2.3292293100516033,0.6154321968366799,8.83534517775054,15.0,3.0,3.5,0.8,4.328104634825734,15.581176685372643
1,63,4673,155,150.688,-41.3929,229.9586,2.0859,4.8916,-0.1705,-0.1965,-0.065,0.0516,0.2601,0.0042,0.0023,0.0829,car,64,164.1011,-25.1506,-5.2776,-6.9535,8.7293,0.0493,233.126,8.729503079213615,31.42621108516901,-13.413100000000014,-16.242299999999997,5.1071,6.757,8.46991850078854,21.064746874814336,0,01_63_64_4714_ego_64,1,4714,4694,4726,vehicle_vehicle,0.41789704820499335,2.3292293100516033,0.6154321968366799,8.83534517775054,15.0,3.0,3.5,0.8,4.328104634825734,15.581176685372643
1,64,4673,12,164.1011,-25.1506,233.126,2.0116,4.8337,-5.2776,-6.9535,1.1273,1.4026,8.7293,0.0493,-1.7984,-0.0601,car,64,164.1011,-25.1506,-5.2776,-6.9535,8.7293,0.0493,233.126,8.729503079213615,31.42621108516901,0.0,0.0,0.0,0.0,0.0,0.0,1,01_63_64_4714_ego_64,1,4714,4694,4726,vehicle_vehicle,0.41789704820499335,2.3292293100516033,0.6154321968366799,8.83534517775054,15.0,3.0,3.5,0.8,4.328104634825734,15.581176685372643
1,59,4674,362,152.7211,-49.2665,61.2406,2.0765,4.828,4.767,8.2062,2.5498,0.6568,9.4875,0.2307,1.8026,1.9193,car,64,163.8892,-25.4299,-5.2312,-6.8942,8.6541,0.0481,233.1275,8.654215566993926,31.155176041178134,-11.168099999999981,-23.8366,9.9982,15.1004,18.110386064355446,26.323182884484158,0,01_63_64_4714_ego_64,0,4714,4694,4726,vehicle_vehicle,0.41789704820499335,2.3292293100516033,0.6154321968366799,8.83534517775054,15.0,3.0,3.5,0.8,4.328104634825734,15.581176685372643
1,61,4674,283,146.3287,-45.5629,220.3976,2.0434,4.6049,-0.3007,-0.2291,0.2403,0.1918,0.3775,0.0204,-0.3073,-0.0097,car,64,163.8892,-25.4299,-5.2312,-6.8942,8.6541,0.0481,233.1275,8.654215566993926,31.155176041178134,-17.56049999999999,-20.133,4.9305,6.6651,8.290560189757988,26.715329854785615,0,01_63_64_4714_ego_64,0,4714,4694,4726,vehicle_vehicle,0.41789704820499335,2.3292293100516033,0.6154321968366799,8.83534517775054,15.0,3.0,3.5,0.8,4.328104634825734,15.581176685372643
1,63,4674,156,150.6822,-41.4022,229.9594,2.0859,4.8916,-0.1768,-0.1929,-0.0695,0.0608,0.2614,0.0113,-0.0019,0.0923,car,64,163.8892,-25.4299,-5.2312,-6.8942,8.6541,0.0481,233.1275,8.654215566993926,31.155176041178134,-13.206999999999994,-15.9723,5.0544,6.7013,8.393710803333647,20.72532789342547,0,01_63_64_4714_ego_64,1,4714,4694,4726,vehicle_vehicle,0.41789704820499335,2.3292293100516033,0.6154321968366799,8.83534517775054,15.0,3.0,3.5,0.8,4.328104634825734,15.581176685372643
1,64,4674,13,163.8892,-25.4299,233.1275,2.0116,4.8337,-5.2312,-6.8942,1.1791,1.4997,8.6541,0.0481,-1.9072,-0.0434,car,64,163.8892,-25.4299,-5.2312,-6.8942,8.6541,0.0481,233.1275,8.654215566993926,31.155176041178134,0.0,0.0,0.0,0.0,0.0,0.0,1,01_63_64_4714_ego_64,1,4714,4694,4726,vehicle_vehicle,0.41789704820499335,2.3292293100516033,0.6154321968366799,8.83534517775054,15.0,3.0,3.5,0.8,4.328104634825734,15.581176685372643
1,59,4675,363,152.9131,-48.9396,60.6716,2.0765,4.828,4.8758,8.2304,2.5093,0.683,9.5637,0.2194,1.8245,1.8531,car,64,163.679,-25.7067,-5.1821,-6.8302,8.5734,0.0481,233.134,8.573551915629833,30.8647868962674,-10.765900000000016,-23.232899999999997,10.0579,15.060599999999999,18.110301620072484,25.606097813216294,0,01_63_64_4714_ego_64,0,4714,4694,4726,vehicle_vehicle,0.41789704820499335,2.3292293100516033,0.6154321968366799,8.83534517775054,15.0,3.0,3.5,0.8,4.328104634825734,15.581176685372643
1,61,4675,284,146.3169,-45.5719,220.5449,2.0434,4.6049,-0.2913,-0.2216,0.249,0.1968,0.3654,0.021,-0.3172,-0.0123,car,64,163.679,-25.7067,-5.1821,-6.8302,8.5734,0.0481,233.134,8.573551915629833,30.8647868962674,-17.362099999999998,-19.865199999999998,4.8908000000000005,6.6086,8.221527753404473,26.383113679965824,0,01_63_64_4714_ego_64,0,4714,4694,4726,vehicle_vehicle,0.41789704820499335,2.3292293100516033,0.6154321968366799,8.83534517775054,15.0,3.0,3.5,0.8,4.328104634825734,15.581176685372643
1,63,4675,157,150.6759,-41.4112,229.9537,2.0859,4.8916,-0.1836,-0.1884,-0.0701,0.0683,0.2624,0.0194,-0.0071,0.0976,car,64,163.679,-25.7067,-5.1821,-6.8302,8.5734,0.0481,233.134,8.573551915629833,30.8647868962674,-13.00309999999999,-15.7045,4.9985,6.6418,8.31255132254833,20.38901493108482,0,01_63_64_4714_ego_64,1,4714,4694,4726,vehicle_vehicle,0.41789704820499335,2.3292293100516033,0.6154321968366799,8.83534517775054,15.0,3.0,3.5,0.8,4.328104634825734,15.581176685372643
1,64,4675,14,163.679,-25.7067,233.134,2.0116,4.8337,-5.1821,-6.8302,1.2293,1.5932,8.5734,0.0481,-2.0121,-0.0277,car,64,163.679,-25.7067,-5.1821,-6.8302,8.5734,0.0481,233.134,8.573551915629833,30.8647868962674,0.0,0.0,0.0,0.0,0.0,0.0,1,01_63_64_4714_ego_64,1,4714,4694,4726,vehicle_vehicle,0.41789704820499335,2.3292293100516033,0.6154321968366799,8.83534517775054,15.0,3.0,3.5,0.8,4.328104634825734,15.581176685372643
1,59,4676,364,153.1094,-48.6113,60.1031,2.0765,4.828,4.9832,8.2562,2.4618,0.711,9.6413,0.2049,1.8434,1.7798,car,64,163.4716,-25.9811,-5.1304,-6.7615,8.4875,0.0482,233.1352,8.487572468615511,30.55526088701584,-10.362200000000001,-22.6302,10.1136,15.0177,18.105695740567384,24.88977984796169,0,01_63_64_4714_ego_64,0,4714,4694,4726,vehicle_vehicle,0.41789704820499335,2.3292293100516033,0.6154321968366799,8.83534517775054,15.0,3.0,3.5,0.8,4.328104634825734,15.581176685372643
1,61,4676,285,146.3053,-45.5807,220.6996,2.0434,4.6049,-0.2814,-0.2139,0.2578,0.202,0.3528,0.0214,-0.3272,-0.015,car,64,163.4716,-25.9811,-5.1304,-6.7615,8.4875,0.0482,233.1352,8.487572468615511,30.55526088701584,-17.166300000000007,-19.5996,4.849,6.5476,8.14762951784137,26.05429284878022,0,01_63_64_4714_ego_64,0,4714,4694,4726,vehicle_vehicle,0.41789704820499335,2.3292293100516033,0.6154321968366799,8.83534517775054,15.0,3.0,3.5,0.8,4.328104634825734,15.581176685372643
1,63,4676,158,150.6688,-41.419,229.9407,2.0859,4.8916,-0.1906,-0.1834,-0.0667,0.0736,0.263,0.0278,-0.0134,0.0984,car,64,163.4716,-25.9811,-5.1304,-6.7615,8.4875,0.0482,233.1352,8.487572468615511,30.55526088701584,-12.80279999999999,-15.437899999999996,4.9398,6.5781,8.226361507373719,20.055932894034115,0,01_63_64_4714_ego_64,1,4714,4694,4726,vehicle_vehicle,0.41789704820499335,2.3292293100516033,0.6154321968366799,8.83534517775054,15.0,3.0,3.5,0.8,4.328104634825734,15.581176685372643
1,64,4676,15,163.4716,-25.9811,233.1352,2.0116,4.8337,-5.1304,-6.7615,1.2773,1.6822,8.4875,0.0482,-2.1121,-0.0127,car,64,163.4716,-25.9811,-5.1304,-6.7615,8.4875,0.0482,233.1352,8.487572468615511,30.55526088701584,0.0,0.0,0.0,0.0,0.0,0.0,1,01_63_64_4714_ego_64,1,4714,4694,4726,vehicle_vehicle,0.41789704820499335,2.3292293100516033,0.6154321968366799,8.83534517775054,15.0,3.0,3.5,0.8,4.328104634825734,15.581176685372643
1,59,4677,365,153.3099,-48.2819,59.5426,2.0765,4.828,5.0891,8.2836,2.4071,0.7402,9.7202,0.1879,1.8582,1.6997,car,64,163.2664,-26.2526,-5.0765,-6.6883,8.3965,0.0492,233.1364,8.396678458771659,30.22804245157797,-9.956500000000005,-22.0293,10.165600000000001,14.9719,18.096884067982533,24.17482059375002,0,01_63_64_4714_ego_64,0,4714,4694,4726,vehicle_vehicle,0.41789704820499335,2.3292293100516033,0.6154321968366799,8.83534517775054,15.0,3.0,3.5,0.8,4.328104634825734,15.581176685372643
1,61,4677,286,146.2943,-45.5891,220.8101,2.0434,4.6049,-0.2711,-0.2059,0.2667,0.2073,0.3398,0.0214,-0.3373,-0.0174,car,64,163.2664,-26.2526,-5.0765,-6.6883,8.3965,0.0492,233.1364,8.396678458771659,30.22804245157797,-16.97210000000001,-19.3365,4.805400000000001,6.4824,8.069286146865782,25.72843583780406,0,01_63_64_4714_ego_64,0,4714,4694,4726,vehicle_vehicle,0.41789704820499335,2.3292293100516033,0.6154321968366799,8.83534517775054,15.0,3.0,3.5,0.8,4.328104634825734,15.581176685372643
1,63,4677,159,150.6607,-41.4265,229.9269,2.0859,4.8916,-0.1972,-0.1782,-0.0592,0.0766,0.2633,0.0362,-0.0205,0.0947,car,64,163.2664,-26.2526,-5.0765,-6.6883,8.3965,0.0492,233.1364,8.396678458771659,30.22804245157797,-12.605700000000013,-15.173899999999996,4.879300000000001,6.5100999999999996,8.13566042187111,19.726908366492715,0,01_63_64_4714_ego_64,1,4714,4694,4726,vehicle_vehicle,0.41789704820499335,2.3292293100516033,0.6154321968366799,8.83534517775054,15.0,3.0,3.5,0.8,4.328104634825734,15.581176685372643
1,64,4677,16,163.2664,-26.2526,233.1364,2.0116,4.8337,-5.0765,-6.6883,1.3227,1.7657,8.3965,0.0492,-2.2062,0.001,car,64,163.2664,-26.2526,-5.0765,-6.6883,8.3965,0.0492,233.1364,8.396678458771659,30.22804245157797,0.0,0.0,0.0,0.0,0.0,0.0,1,01_63_64_4714_ego_64,1,4714,4694,4726,vehicle_vehicle,0.41789704820499335,2.3292293100516033,0.6154321968366799,8.83534517775054,15.0,3.0,3.5,0.8,4.328104634825734,15.581176685372643
1,59,4678,366,153.5157,-47.9523,58.9832,2.0765,4.828,5.1927,8.3132,2.345,0.77,9.8003,0.1665,1.8683,1.6129,car,64,163.0632,-26.521,-5.0203,-6.6108,8.3008,0.0511,233.1394,8.300969144021678,29.883488918478044,-9.547499999999985,-21.4313,10.213000000000001,14.924,18.08400246073861,23.46178543802666,0,01_63_64_4714_ego_64,0,4714,4694,4726,vehicle_vehicle,0.41789704820499335,2.3292293100516033,0.6154321968366799,8.83534517775054,15.0,3.0,3.5,0.8,4.328104634825734,15.581176685372643
1,61,4678,287,146.2834,-45.5969,220.8827,2.0434,4.6049,-0.2605,-0.1978,0.2756,0.2128,0.3264,0.0209,-0.3477,-0.0195,car,64,163.0632,-26.521,-5.0203,-6.6108,8.3008,0.0511,233.1394,8.300969144021678,29.883488918478044,-16.779799999999994,-19.075899999999997,4.759799999999999,6.413,7.9863799709255,25.405740470413367,0,01_63_64_4714_ego_64,0,4714,4694,4726,vehicle_vehicle,0.41789704820499335,2.3292293100516033,0.6154321968366799,8.83534517775054,15.0,3.0,3.5,0.8,4.328104634825734,15.581176685372643
1,63,4678,160,150.6516,-41.4332,229.9129,2.0859,4.8916,-0.2031,-0.173,-0.048,0.0775,0.2631,0.044,-0.0284,0.0866,car,64,163.0632,-26.521,-5.0203,-6.6108,8.3008,0.0511,233.1394,8.300969144021678,29.883488918478044,-12.411599999999993,-14.912199999999999,4.8172,6.4378,8.040564947813058,19.401585589842902,0,01_63_64_4714_ego_64,1,4714,4694,4726,vehicle_vehicle,0.41789704820499335,2.3292293100516033,0.6154321968366799,8.83534517775054,15.0,3.0,3.5,0.8,4.328104634825734,15.581176685372643
1,64,4678,17,163.0632,-26.521,233.1394,2.0116,4.8337,-5.0203,-6.6108,1.3649,1.8428,8.3008,0.0511,-2.2932,0.0134,car,64,163.0632,-26.521,-5.0203,-6.6108,8.3008,0.0511,233.1394,8.300969144021678,29.883488918478044,0.0,0.0,0.0,0.0,0.0,0.0,1,01_63_64_4714_ego_64,1,4714,4694,4726,vehicle_vehicle,0.41789704820499335,2.3292293100516033,0.6154321968366799,8.83534517775054,15.0,3.0,3.5,0.8,4.328104634825734,15.581176685372643
1,59,4679,367,153.7276,-47.6184,58.4519,2.0765,4.828,5.2929,8.3436,2.2761,0.8,9.8798,0.1451,1.8726,1.5211,car,64,162.862,-26.7853,-4.9618,-6.5297,8.2008,0.053,233.1395,8.201002458846114,29.52360885184601,-9.1344,-20.8331,10.2547,14.8733,18.065822012297144,22.74764425099883,0,01_63_64_4714_ego_64,0,4714,4694,4726,vehicle_vehicle,0.41789704820499335,2.3292293100516033,0.6154321968366799,8.83534517775054,15.0,3.0,3.5,0.8,4.328104634825734,15.581176685372643
1,61,4679,288,146.2728,-45.6049,220.929,2.0434,4.6049,-0.2492,-0.1894,0.2844,0.2185,0.3124,0.0202,-0.358,-0.0212,car,64,162.862,-26.7853,-4.9618,-6.5297,8.2008,0.053,233.1395,8.201002458846114,29.52360885184601,-16.589200000000005,-18.8196,4.7126,6.3403,7.89987359709002,25.087425152852976,0,01_63_64_4714_ego_64,0,4714,4694,4726,vehicle_vehicle,0.41789704820499335,2.3292293100516033,0.6154321968366799,8.83534517775054,15.0,3.0,3.5,0.8,4.328104634825734,15.581176685372643
1,63,4679,161,150.6418,-41.4396,229.8997,2.0859,4.8916,-0.2079,-0.1679,-0.0336,0.0762,0.2623,0.0509,-0.0366,0.0748,car,64,162.862,-26.7853,-4.9618,-6.5297,8.2008,0.053,233.1395,8.201002458846114,29.52360885184601,-12.220200000000006,-14.6543,4.7539,6.3618,7.941792269381011,19.08092755947677,0,01_63_64_4714_ego_64,1,4714,4694,4726,vehicle_vehicle,0.41789704820499335,2.3292293100516033,0.6154321968366799,8.83534517775054,15.0,3.0,3.5,0.8,4.328104634825734,15.581176685372643
1,64,4679,18,162.862,-26.7853,233.1395,2.0116,4.8337,-4.9618,-6.5297,1.4036,1.9128,8.2008,0.053,-2.3724,0.0244,car,64,162.862,-26.7853,-4.9618,-6.5297,8.2008,0.053,233.1395,8.201002458846114,29.52360885184601,0.0,0.0,0.0,0.0,0.0,0.0,1,01_63_64_4714_ego_64,1,4714,4694,4726,vehicle_vehicle,0.41789704820499335,2.3292293100516033,0.6154321968366799,8.83534517775054,15.0,3.0,3.5,0.8,4.328104634825734,15.581176685372643
1,59,4680,368,153.9445,-47.2839,57.9479,2.0765,4.828,5.3889,8.3752,2.2015,0.8303,9.9584,0.1228,1.872,1.4253,car,64,162.6641,-27.0461,-4.9015,-6.4453,8.0971,0.0545,233.1331,8.097320194978089,29.15035270192112,-8.719599999999986,-20.237800000000004,10.2904,14.8205,18.042714662987937,22.036333020718303,0,01_63_64_4714_ego_64,0,4714,4694,4726,vehicle_vehicle,0.41789704820499335,2.3292293100516033,0.6154321968366799,8.83534517775054,15.0,3.0,3.5,0.8,4.328104634825734,15.581176685372643
1,61,4680,289,146.2621,-45.6127,220.9534,2.0434,4.6049,-0.2373,-0.1807,0.2928,0.2242,0.2976,0.0191,-0.3681,-0.0226,car,64,162.6641,-27.0461,-4.9015,-6.4453,8.0971,0.0545,233.1331,8.097320194978089,29.15035270192112,-16.401999999999987,-18.566599999999998,4.6642,6.2646,7.810248062641801,24.773862023511786,0,01_63_64_4714_ego_64,0,4714,4694,4726,vehicle_vehicle,0.41789704820499335,2.3292293100516033,0.6154321968366799,8.83534517775054,15.0,3.0,3.5,0.8,4.328104634825734,15.581176685372643
1,63,4680,162,150.6314,-41.4455,229.8835,2.0859,4.8916,-0.2112,-0.1632,-0.0168,0.0731,0.2609,0.0564,-0.0451,0.06,car,64,162.6641,-27.0461,-4.9015,-6.4453,8.0971,0.0545,233.1331,8.097320194978089,29.15035270192112,-12.032699999999977,-14.399400000000004,4.690300000000001,6.2821,7.839878474823446,18.765089652064002,0,01_63_64_4714_ego_64,1,4714,4694,4726,vehicle_vehicle,0.41789704820499335,2.3292293100516033,0.6154321968366799,8.83534517775054,15.0,3.0,3.5,0.8,4.328104634825734,15.581176685372643
1,64,4680,19,162.6641,-27.0461,233.1331,2.0116,4.8337,-4.9015,-6.4453,1.4382,1.9751,8.0971,0.0545,-2.4431,0.0344,car,64,162.6641,-27.0461,-4.9015,-6.4453,8.0971,0.0545,233.1331,8.097320194978089,29.15035270192112,0.0,0.0,0.0,0.0,0.0,0.0,1,01_63_64_4714_ego_64,1,4714,4694,4726,vehicle_vehicle,0.41789704820499335,2.3292293100516033,0.6154321968366799,8.83534517775054,15.0,3.0,3.5,0.8,4.328104634825734,15.581176685372643
1,59,4681,369,154.1651,-46.9484,57.4788,2.0765,4.828,5.4807,8.4081,2.1225,0.861,10.0362,0.101,1.867,1.3268,car,64,162.4694,-27.3029,-4.8399,-6.3582,7.9905,0.0562,233.1244,7.990703301337123,28.766531884813645,-8.304300000000012,-19.6455,10.320599999999999,14.7663,18.015504435069253,21.328550554128146,0,01_63_64_4714_ego_64,0,4714,4694,4726,vehicle_vehicle,0.41789704820499335,2.3292293100516033,0.6154321968366799,8.83534517775054,15.0,3.0,3.5,0.8,4.328104634825734,15.581176685372643
1,61,4681,290,146.2523,-45.6205,220.9793,2.0434,4.6049,-0.2248,-0.1714,0.3005,0.2298,0.2821,0.018,-0.3775,-0.0236,car,64,162.4694,-27.3029,-4.8399,-6.3582,7.9905,0.0562,233.1244,7.990703301337123,28.766531884813645,-16.217100000000016,-18.3176,4.6151,6.1868,7.718525911726927,24.4648482964845,0,01_63_64_4714_ego_64,0,4714,4694,4726,vehicle_vehicle,0.41789704820499335,2.3292293100516033,0.6154321968366799,8.83534517775054,15.0,3.0,3.5,0.8,4.328104634825734,15.581176685372643
1,63,4681,163,150.6204,-41.45,229.8694,2.0859,4.8916,-0.2129,-0.1593,0.0016,0.0688,0.259,0.0601,-0.0536,0.0431,car,64,162.4694,-27.3029,-4.8399,-6.3582,7.9905,0.0562,233.1244,7.990703301337123,28.766531884813645,-11.849000000000018,-14.147100000000002,4.627,6.1989,7.735340342221537,18.453705303000817,0,01_63_64_4714_ego_64,1,4714,4694,4726,vehicle_vehicle,0.41789704820499335,2.3292293100516033,0.6154321968366799,8.83534517775054,15.0,3.0,3.5,0.8,4.328104634825734,15.581176685372643
1,64,4681,20,162.4694,-27.3029,233.1244,2.0116,4.8337,-4.8399,-6.3582,1.4688,2.0295,7.9905,0.0562,-2.5049,0.043,car,64,162.4694,-27.3029,-4.8399,-6.3582,7.9905,0.0562,233.1244,7.990703301337123,28.766531884813645,0.0,0.0,0.0,0.0,0.0,0.0,1,01_63_64_4714_ego_64,1,4714,4694,4726,vehicle_vehicle,0.41789704820499335,2.3292293100516033,0.6154321968366799,8.83534517775054,15.0,3.0,3.5,0.8,4.328104634825734,15.581176685372643
1,59,4682,370,154.3898,-46.6126,57.0412,2.0765,4.828,5.5678,8.4428,2.0405,0.8917,10.1131,0.0786,1.8583,1.227,car,64,162.2776,-27.5554,-4.7774,-6.269,7.8817,0.0584,233.1153,7.881872351161239,28.374740464180462,-7.887799999999999,-19.0572,10.3452,14.7118,17.984999924381427,20.625088137508648,0,01_63_64_4714_ego_64,0,4714,4694,4726,vehicle_vehicle,0.41789704820499335,2.3292293100516033,0.6154321968366799,8.83534517775054,15.0,3.0,3.5,0.8,4.328104634825734,15.581176685372643
1,61,4682,291,146.243,-45.6278,220.9916,2.0434,4.6049,-0.2118,-0.1616,0.3074,0.2348,0.2658,0.017,-0.386,-0.0244,car,64,162.2776,-27.5554,-4.7774,-6.269,7.8817,0.0584,233.1153,7.881872351161239,28.374740464180462,-16.03460000000001,-18.072400000000002,4.5656,6.1074,7.625289379426857,24.1602988168607,0,01_63_64_4714_ego_64,0,4714,4694,4726,vehicle_vehicle,0.41789704820499335,2.3292293100516033,0.6154321968366799,8.83534517775054,15.0,3.0,3.5,0.8,4.328104634825734,15.581176685372643
1,63,4682,164,150.6089,-41.4536,229.8584,2.0859,4.8916,-0.2126,-0.1568,0.0203,0.0641,0.2569,0.0615,-0.0621,0.0258,car,64,162.2776,-27.5554,-4.7774,-6.269,7.8817,0.0584,233.1153,7.881872351161239,28.374740464180462,-11.668700000000001,-13.898200000000003,4.5648,6.1122000000000005,7.6286557059550155,18.147135391846287,0,01_63_64_4714_ego_64,1,4714,4694,4726,vehicle_vehicle,0.41789704820499335,2.3292293100516033,0.6154321968366799,8.83534517775054,15.0,3.0,3.5,0.8,4.328104634825734,15.581176685372643
1,64,4682,21,162.2776,-27.5554,233.1153,2.0116,4.8337,-4.7774,-6.269,1.4954,2.0759,7.8817,0.0584,-2.5579,0.0499,car,64,162.2776,-27.5554,-4.7774,-6.269,7.8817,0.0584,233.1153,7.881872351161239,28.374740464180462,0.0,0.0,0.0,0.0,0.0,0.0,1,01_63_64_4714_ego_64,1,4714,4694,4726,vehicle_vehicle,0.41789704820499335,2.3292293100516033,0.6154321968366799,8.83534517775054,15.0,3.0,3.5,0.8,4.328104634825734,15.581176685372643
1,59,4683,371,154.617,-46.276,56.632,2.0765,4.828,5.6505,8.4793,1.957,0.9219,10.1894,0.0553,1.8463,1.1273,car,64,162.088,-27.8038,-4.7139,-6.1783,7.771,0.0605,233.103,7.771244694384549,27.976480899784377,-7.471000000000004,-18.472200000000004,10.3644,14.6576,17.951769414740152,19.925812752307,0,01_63_64_4714_ego_64,0,4714,4694,4726,vehicle_vehicle,0.41789704820499335,2.3292293100516033,0.6154321968366799,8.83534517775054,15.0,3.0,3.5,0.8,4.328104634825734,15.581176685372643
1,61,4683,292,146.2343,-45.6349,220.996,2.0434,4.6049,-0.1983,-0.1513,0.3131,0.2391,0.2489,0.0159,-0.3932,-0.0249,car,64,162.088,-27.8038,-4.7139,-6.1783,7.771,0.0605,233.103,7.771244694384549,27.976480899784377,-15.853700000000003,-17.831100000000003,4.5156,6.027,7.530960918767272,23.85975546605623,0,01_63_64_4714_ego_64,0,4714,4694,4726,vehicle_vehicle,0.41789704820499335,2.3292293100516033,0.6154321968366799,8.83534517775054,15.0,3.0,3.5,0.8,4.328104634825734,15.581176685372643
1,63,4683,165,150.5982,-41.4575,229.8526,2.0859,4.8916,-0.2108,-0.1554,0.0384,0.0601,0.2547,0.0609,-0.0707,0.0094,car,64,162.088,-27.8038,-4.7139,-6.1783,7.771,0.0605,233.103,7.771244694384549,27.976480899784377,-11.489800000000002,-13.653700000000004,4.5031,6.0229,7.5201884298200925,17.844859980677914,0,01_63_64_4714_ego_64,1,4714,4694,4726,vehicle_vehicle,0.41789704820499335,2.3292293100516033,0.6154321968366799,8.83534517775054,15.0,3.0,3.5,0.8,4.328104634825734,15.581176685372643
1,64,4683,22,162.088,-27.8038,233.103,2.0116,4.8337,-4.7139,-6.1783,1.5183,2.1144,7.771,0.0605,-2.6025,0.0552,car,64,162.088,-27.8038,-4.7139,-6.1783,7.771,0.0605,233.103,7.771244694384549,27.976480899784377,0.0,0.0,0.0,0.0,0.0,0.0,1,01_63_64_4714_ego_64,1,4714,4694,4726,vehicle_vehicle,0.41789704820499335,2.3292293100516033,0.6154321968366799,8.83534517775054,15.0,3.0,3.5,0.8,4.328104634825734,15.581176685372643
1,59,4684,372,154.848,-45.938,56.2569,2.0765,4.828,5.7285,8.5179,1.873,0.9508,10.2649,0.032,1.831,1.0293,car,64,161.902,-28.0478,-4.65,-6.0865,7.6593,0.0626,233.0888,7.659502741692831,27.574209870094194,-7.053999999999974,-17.890200000000004,10.3785,14.604399999999998,17.91652202884254,19.230657088097637,0,01_63_64_4714_ego_64,0,4714,4694,4726,vehicle_vehicle,0.41789704820499335,2.3292293100516033,0.6154321968366799,8.83534517775054,15.0,3.0,3.5,0.8,4.328104634825734,15.581176685372643
1,61,4684,293,146.226,-45.6414,220.9887,2.0434,4.6049,-0.1843,-0.1405,0.3176,0.2424,0.2313,0.0148,-0.3987,-0.0253,car,64,161.902,-28.0478,-4.65,-6.0865,7.6593,0.0626,233.0888,7.659502741692831,27.574209870094194,-15.675999999999988,-17.5936,4.4657,5.946,7.4362216541735755,23.564204568794583,0,01_63_64_4714_ego_64,0,4714,4694,4726,vehicle_vehicle,0.41789704820499335,2.3292293100516033,0.6154321968366799,8.83534517775054,15.0,3.0,3.5,0.8,4.328104634825734,15.581176685372643
1,63,4684,166,150.5881,-41.4618,229.8518,2.0859,4.8916,-0.2075,-0.1549,0.0551,0.0575,0.2521,0.0587,-0.0795,-0.005,car,64,161.902,-28.0478,-4.65,-6.0865,7.6593,0.0626,233.0888,7.659502741692831,27.574209870094194,-11.31389999999999,-13.413999999999998,4.442500000000001,5.9316,7.410781659852084,17.548211567279434,0,01_63_64_4714_ego_64,1,4714,4694,4726,vehicle_vehicle,0.41789704820499335,2.3292293100516033,0.6154321968366799,8.83534517775054,15.0,3.0,3.5,0.8,4.328104634825734,15.581176685372643
1,64,4684,23,161.902,-28.0478,233.0888,2.0116,4.8337,-4.65,-6.0865,1.5378,2.1454,7.6593,0.0626,-2.639,0.0589,car,64,161.902,-28.0478,-4.65,-6.0865,7.6593,0.0626,233.0888,7.659502741692831,27.574209870094194,0.0,0.0,0.0,0.0,0.0,0.0,1,01_63_64_4714_ego_64,1,4714,4694,4726,vehicle_vehicle,0.41789704820499335,2.3292293100516033,0.6154321968366799,8.83534517775054,15.0,3.0,3.5,0.8,4.328104634825734,15.581176685372643
1,59,4685,373,155.0813,-45.5983,55.9362,2.0765,4.828,5.802,8.5583,1.7898,0.9777,10.3396,0.0129,1.8125,0.9351,car,64,161.7192,-28.2877,-4.5862,-5.9943,7.5472,0.0646,233.0714,7.5475070672374995,27.171025442054997,-6.637900000000002,-17.3106,10.3882,14.552599999999998,17.879957102856817,18.53964910050889,0,01_63_64_4714_ego_64,0,4714,4694,4726,vehicle_vehicle,0.41789704820499335,2.3292293100516033,0.6154321968366799,8.83534517775054,15.0,3.0,3.5,0.8,4.328104634825734,15.581176685372643
1,61,4685,294,146.2181,-45.6474,220.9736,2.0434,4.6049,-0.1699,-0.1294,0.3204,0.2443,0.2131,0.0137,-0.4021,-0.0256,car,64,161.7192,-28.2877,-4.5862,-5.9943,7.5472,0.0646,233.0714,7.5475070672374995,27.171025442054997,-15.501100000000008,-17.359699999999997,4.4163,5.8649,7.341713539767129,23.27323108852744,0,01_63_64_4714_ego_64,0,4714,4694,4726,vehicle_vehicle,0.41789704820499335,2.3292293100516033,0.6154321968366799,8.83534517775054,15.0,3.0,3.5,0.8,4.328104634825734,15.581176685372643
1,63,4685,167,150.5791,-41.4671,229.8576,2.0859,4.8916,-0.2032,-0.1548,0.0699,0.0571,0.2494,0.0556,-0.0887,-0.0166,car,64,161.7192,-28.2877,-4.5862,-5.9943,7.5472,0.0646,233.0714,7.5475070672374995,27.171025442054997,-11.14009999999999,-13.179400000000001,4.383,5.8395,7.301400499219311,17.256836684919975,0,01_63_64_4714_ego_64,1,4714,4694,4726,vehicle_vehicle,0.41789704820499335,2.3292293100516033,0.6154321968366799,8.83534517775054,15.0,3.0,3.5,0.8,4.328104634825734,15.581176685372643
1,64,4685,24,161.7192,-28.2877,233.0714,2.0116,4.8337,-4.5862,-5.9943,1.5546,2.1697,7.5472,0.0646,-2.6684,0.0609,car,64,161.7192,-28.2877,-4.5862,-5.9943,7.5472,0.0646,233.0714,7.5475070672374995,27.171025442054997,0.0,0.0,0.0,0.0,0.0,0.0,1,01_63_64_4714_ego_64,1,4714,4694,4726,vehicle_vehicle,0.41789704820499335,2.3292293100516033,0.6154321968366799,8.83534517775054,15.0,3.0,3.5,0.8,4.328104634825734,15.581176685372643
1,59,4686,374,155.3166,-45.2567,55.6721,2.0765,4.828,5.8715,8.6004,1.7084,1.002,10.4135,-0.0011,1.7909,0.8458,car,64,161.5381,-28.523,-4.522,-5.9022,7.4351,0.0654,233.046,7.435351292306235,26.767264652302448,-6.221499999999992,-16.733700000000002,10.3935,14.502600000000001,17.842372292102866,17.85283669168572,0,01_63_64_4714_ego_64,0,4714,4694,4726,vehicle_vehicle,0.41789704820499335,2.3292293100516033,0.6154321968366799,8.83534517775054,15.0,3.0,3.5,0.8,4.328104634825734,15.581176685372643
1,61,4686,295,146.2102,-45.6531,220.9529,2.0434,4.6049,-0.1548,-0.118,0.3212,0.2448,0.1942,0.0123,-0.403,-0.0257,car,64,161.5381,-28.523,-4.522,-5.9022,7.4351,0.0654,233.046,7.435351292306235,26.767264652302448,-15.3279,-17.130100000000002,4.3672,5.784199999999999,7.2477172599377795,22.986623162613512,0,01_63_64_4714_ego_64,0,4714,4694,4726,vehicle_vehicle,0.41789704820499335,2.3292293100516033,0.6154321968366799,8.83534517775054,15.0,3.0,3.5,0.8,4.328104634825734,15.581176685372643
1,63,4686,168,150.5707,-41.4731,229.8677,2.0859,4.8916,-0.1983,-0.1548,0.0827,0.0589,0.2462,0.0518,-0.0983,-0.0252,car,64,161.5381,-28.523,-4.522,-5.9022,7.4351,0.0654,233.046,7.435351292306235,26.767264652302448,-10.967399999999998,-12.950100000000003,4.3237000000000005,5.7474,7.192147693839442,16.97023726322057,0,01_63_64_4714_ego_64,1,4714,4694,4726,vehicle_vehicle,0.41789704820499335,2.3292293100516033,0.6154321968366799,8.83534517775054,15.0,3.0,3.5,0.8,4.328104634825734,15.581176685372643
1,64,4686,25,161.5381,-28.523,233.046,2.0116,4.8337,-4.522,-5.9022,1.5692,2.1881,7.4351,0.0654,-2.6919,0.0614,car,64,161.5381,-28.523,-4.522,-5.9022,7.4351,0.0654,233.046,7.435351292306235,26.767264652302448,0.0,0.0,0.0,0.0,0.0,0.0,1,01_63_64_4714_ego_64,1,4714,4694,4726,vehicle_vehicle,0.41789704820499335,2.3292293100516033,0.6154321968366799,8.83534517775054,15.0,3.0,3.5,0.8,4.328104634825734,15.581176685372643
1,59,4687,375,155.5536,-44.913,55.4632,2.0765,4.828,5.9375,8.6439,1.6292,1.023,10.4867,-0.0095,1.7664,0.7621,car,64,161.3589,-28.7544,-4.4575,-5.8105,7.3231,0.0649,233.0139,7.323333701259283,26.364001324533422,-5.805300000000017,-16.158599999999996,10.395,14.4544,17.804092348670853,17.169795049737782,0,01_63_64_4714_ego_64,0,4714,4694,4726,vehicle_vehicle,0.41789704820499335,2.3292293100516033,0.6154321968366799,8.83534517775054,15.0,3.0,3.5,0.8,4.328104634825734,15.581176685372643
1,61,4687,296,146.2035,-45.6582,220.9398,2.0434,4.6049,-0.1393,-0.1063,0.3196,0.2434,0.1749,0.011,-0.401,-0.0256,car,64,161.3589,-28.7544,-4.4575,-5.8105,7.3231,0.0649,233.0139,7.323333701259283,26.364001324533422,-15.155400000000014,-16.9038,4.318199999999999,5.7042,7.1543517442183395,22.702964643411672,0,01_63_64_4714_ego_64,0,4714,4694,4726,vehicle_vehicle,0.41789704820499335,2.3292293100516033,0.6154321968366799,8.83534517775054,15.0,3.0,3.5,0.8,4.328104634825734,15.581176685372643
1,63,4687,169,150.563,-41.4798,229.8786,2.0859,4.8916,-0.1929,-0.1545,0.0932,0.0629,0.2424,0.0479,-0.1082,-0.0308,car,64,161.3589,-28.7544,-4.4575,-5.8105,7.3231,0.0649,233.0139,7.323333701259283,26.364001324533422,-10.795900000000017,-12.725399999999997,4.2646,5.656000000000001,7.0835830735581835,16.687937618831164,0,01_63_64_4714_ego_64,1,4714,4694,4726,vehicle_vehicle,0.41789704820499335,2.3292293100516033,0.6154321968366799,8.83534517775054,15.0,3.0,3.5,0.8,4.328104634825734,15.581176685372643
1,64,4687,26,161.3589,-28.7544,233.0139,2.0116,4.8337,-4.4575,-5.8105,1.582,2.2017,7.3231,0.0649,-2.7104,0.061,car,64,161.3589,-28.7544,-4.4575,-5.8105,7.3231,0.0649,233.0139,7.323333701259283,26.364001324533422,0.0,0.0,0.0,0.0,0.0,0.0,1,01_63_64_4714_ego_64,1,4714,4694,4726,vehicle_vehicle,0.41789704820499335,2.3292293100516033,0.6154321968366799,8.83534517775054,15.0,3.0,3.5,0.8,4.328104634825734,15.581176685372643
1,59,4688,376,155.7922,-44.5674,55.2932,2.0765,4.828,6.0003,8.6886,1.5524,1.0404,10.5592,-0.0144,1.7392,0.6838,car,64,161.1825,-28.9831,-4.3928,-5.7191,7.2111,0.0633,232.9752,7.211435131095613,25.961166471944207,-5.390299999999996,-15.584299999999999,10.3931,14.407699999999998,17.765087866374316,16.49017102943447,0,01_63_64_4714_ego_64,0,4714,4694,4726,vehicle_vehicle,0.41789704820499335,2.3292293100516033,0.6154321968366799,8.83534517775054,15.0,3.0,3.5,0.8,4.328104634825734,15.581176685372643
1,61,4688,297,146.1976,-45.6628,220.9309,2.0434,4.6049,-0.1237,-0.0944,0.3153,0.24,0.1553,0.0097,-0.3955,-0.0252,car,64,161.1825,-28.9831,-4.3928,-5.7191,7.2111,0.0633,232.9752,7.211435131095613,25.961166471944207,-14.98490000000001,-16.679699999999997,4.2691,5.6247,7.061335914683567,22.422301846599073,0,01_63_64_4714_ego_64,0,4714,4694,4726,vehicle_vehicle,0.41789704820499335,2.3292293100516033,0.6154321968366799,8.83534517775054,15.0,3.0,3.5,0.8,4.328104634825734,15.581176685372643
1,63,4688,170,150.5558,-41.4873,229.8917,2.0859,4.8916,-0.1872,-0.1535,0.1018,0.0686,0.238,0.0443,-0.1181,-0.0337,car,64,161.1825,-28.9831,-4.3928,-5.7191,7.2111,0.0633,232.9752,7.211435131095613,25.961166471944207,-10.6267,-12.504199999999997,4.2056000000000004,5.5656,6.975885228413667,16.409807144814344,0,01_63_64_4714_ego_64,1,4714,4694,4726,vehicle_vehicle,0.41789704820499335,2.3292293100516033,0.6154321968366799,8.83534517775054,15.0,3.0,3.5,0.8,4.328104634825734,15.581176685372643
1,64,4688,27,161.1825,-28.9831,232.9752,2.0116,4.8337,-4.3928,-5.7191,1.5931,2.2116,7.2111,0.0633,-2.725,0.0598,car,64,161.1825,-28.9831,-4.3928,-5.7191,7.2111,0.0633,232.9752,7.211435131095613,25.961166471944207,0.0,0.0,0.0,0.0,0.0,0.0,1,01_63_64_4714_ego_64,1,4714,4694,4726,vehicle_vehicle,0.41789704820499335,2.3292293100516033,0.6154321968366799,8.83534517775054,15.0,3.0,3.5,0.8,4.328104634825734,15.581176685372643
1,59,4689,377,156.0321,-44.2198,55.1653,2.0765,4.828,6.0607,8.7343,1.4776,1.0538,10.6311,-0.0145,1.709,0.6109,car,64,161.0079,-29.208,-4.3275,-5.6281,7.0992,0.061,232.9355,7.099490535242652,25.55816592687355,-4.9757999999999925,-15.011800000000001,10.3882,14.3624,17.72549669261767,15.814952572802738,0,01_63_64_4714_ego_64,0,4714,4694,4726,vehicle_vehicle,0.41789704820499335,2.3292293100516033,0.6154321968366799,8.83534517775054,15.0,3.0,3.5,0.8,4.328104634825734,15.581176685372643
1,61,4689,298,146.1927,-45.6667,220.9277,2.0434,4.6049,-0.1082,-0.0825,0.3081,0.2344,0.1358,0.0085,-0.3864,-0.0247,car,64,161.0079,-29.208,-4.3275,-5.6281,7.0992,0.061,232.9355,7.099490535242652,25.55816592687355,-14.815200000000004,-16.4587,4.2193,5.5456,6.968225875357371,22.144501726839557,0,01_63_64_4714_ego_64,0,4714,4694,4726,vehicle_vehicle,0.41789704820499335,2.3292293100516033,0.6154321968366799,8.83534517775054,15.0,3.0,3.5,0.8,4.328104634825734,15.581176685372643
1,63,4689,171,150.5488,-41.4951,229.9073,2.0859,4.8916,-0.1814,-0.1516,0.1086,0.0755,0.2328,0.0411,-0.1277,-0.0344,car,64,161.0079,-29.208,-4.3275,-5.6281,7.0992,0.061,232.9355,7.099490535242652,25.55816592687355,-10.459100000000007,-12.287100000000002,4.1461,5.4765,6.868929862795222,16.135848264655944,0,01_63_64_4714_ego_64,1,4714,4694,4726,vehicle_vehicle,0.41789704820499335,2.3292293100516033,0.6154321968366799,8.83534517775054,15.0,3.0,3.5,0.8,4.328104634825734,15.581176685372643
1,64,4689,28,161.0079,-29.208,232.9355,2.0116,4.8337,-4.3275,-5.6281,1.6028,2.2185,7.0992,0.061,-2.7363,0.0582,car,64,161.0079,-29.208,-4.3275,-5.6281,7.0992,0.061,232.9355,7.099490535242652,25.55816592687355,0.0,0.0,0.0,0.0,0.0,0.0,1,01_63_64_4714_ego_64,1,4714,4694,4726,vehicle_vehicle,0.41789704820499335,2.3292293100516033,0.6154321968366799,8.83534517775054,15.0,3.0,3.5,0.8,4.328104634825734,15.581176685372643
1,59,4690,378,156.2764,-43.8712,55.0617,2.0765,4.828,6.1177,8.7813,1.4048,1.0628,10.7022,-0.0139,1.6757,0.5429,car,64,160.8365,-29.4295,-4.262,-5.5375,6.9875,0.0585,232.896,6.987742858033629,25.155874288921066,-4.560100000000006,-14.4417,10.3797,14.3188,17.685197356263796,15.144543931726703,0,01_63_64_4714_ego_64,0,4714,4694,4726,vehicle_vehicle,0.41789704820499335,2.3292293100516033,0.6154321968366799,8.83534517775054,15.0,3.0,3.5,0.8,4.328104634825734,15.581176685372643
1,61,4690,299,146.1887,-45.67,220.932,2.0434,4.6049,-0.093,-0.0708,0.298,0.2265,0.1167,0.0074,-0.3736,-0.0241,car,64,160.8365,-29.4295,-4.262,-5.5375,6.9875,0.0585,232.896,6.987742858033629,25.155874288921066,-14.64779999999999,-16.2405,4.169,5.4666999999999994,6.874981446520419,21.87034259196686,0,01_63_64_4714_ego_64,0,4714,4694,4726,vehicle_vehicle,0.41789704820499335,2.3292293100516033,0.6154321968366799,8.83534517775054,15.0,3.0,3.5,0.8,4.328104634825734,15.581176685372643
1,63,4690,172,150.5421,-41.5027,229.9222,2.0859,4.8916,-0.1755,-0.1488,0.1136,0.083,0.2268,0.0385,-0.1367,-0.0335,car,64,160.8365,-29.4295,-4.262,-5.5375,6.9875,0.0585,232.896,6.987742858033629,25.155874288921066,-10.294399999999996,-12.073199999999996,4.086499999999999,5.3887,6.76295571033849,15.866216612664779,0,01_63_64_4714_ego_64,1,4714,4694,4726,vehicle_vehicle,0.41789704820499335,2.3292293100516033,0.6154321968366799,8.83534517775054,15.0,3.0,3.5,0.8,4.328104634825734,15.581176685372643
1,64,4690,29,160.8365,-29.4295,232.896,2.0116,4.8337,-4.262,-5.5375,1.6109,2.2232,6.9875,0.0585,-2.745,0.0564,car,64,160.8365,-29.4295,-4.262,-5.5375,6.9875,0.0585,232.896,6.987742858033629,25.155874288921066,0.0,0.0,0.0,0.0,0.0,0.0,1,01_63_64_4714_ego_64,1,4714,4694,4726,vehicle_vehicle,0.41789704820499335,2.3292293100516033,0.6154321968366799,8.83534517775054,15.0,3.0,3.5,0.8,4.328104634825734,15.581176685372643
1,59,4691,379,156.5225,-43.5206,54.9769,2.0765,4.828,6.1717,8.8292,1.334,1.0667,10.7724,-0.013,1.6391,0.4803,car,64,160.668,-29.6477,-4.1964,-5.4474,6.8761,0.0567,232.8633,6.876331850630828,24.75479466227098,-4.145499999999998,-13.872900000000001,10.3681,14.2766,17.64422866463706,14.479037421734915,0,01_63_64_4714_ego_64,0,4714,4694,4726,vehicle_vehicle,0.41789704820499335,2.3292293100516033,0.6154321968366799,8.83534517775054,15.0,3.0,3.5,0.8,4.328104634825734,15.581176685372643
1,61,4691,300,146.1858,-45.6725,220.9396,2.0434,4.6049,-0.0784,-0.0595,0.2852,0.2163,0.0982,0.0064,-0.3572,-0.0234,car,64,160.668,-29.6477,-4.1964,-5.4474,6.8761,0.0567,232.8633,6.876331850630828,24.75479466227098,-14.482200000000006,-16.0248,4.117999999999999,5.3879,6.7814003281033335,21.599266929227024,0,01_63_64_4714_ego_64,0,4714,4694,4726,vehicle_vehicle,0.41789704820499335,2.3292293100516033,0.6154321968366799,8.83534517775054,15.0,3.0,3.5,0.8,4.328104634825734,15.581176685372643
1,63,4691,173,150.536,-41.5098,229.9347,2.0859,4.8916,-0.1697,-0.1452,0.1173,0.0904,0.2203,0.0364,-0.1447,-0.0316,car,64,160.668,-29.6477,-4.1964,-5.4474,6.8761,0.0567,232.8633,6.876331850630828,24.75479466227098,-10.132000000000005,-11.862099999999998,4.0267,5.3022,6.657900399525364,15.600219242369642,0,01_63_64_4714_ego_64,1,4714,4694,4726,vehicle_vehicle,0.41789704820499335,2.3292293100516033,0.6154321968366799,8.83534517775054,15.0,3.0,3.5,0.8,4.328104634825734,15.581176685372643
1,64,4691,30,160.668,-29.6477,232.8633,2.0116,4.8337,-4.1964,-5.4474,1.6179,2.2265,6.8761,0.0567,-2.7517,0.0544,car,64,160.668,-29.6477,-4.1964,-5.4474,6.8761,0.0567,232.8633,6.876331850630828,24.75479466227098,0.0,0.0,0.0,0.0,0.0,0.0,1,01_63_64_4714_ego_64,1,4714,4694,4726,vehicle_vehicle,0.41789704820499335,2.3292293100516033,0.6154321968366799,8.83534517775054,15.0,3.0,3.5,0.8,4.328104634825734,15.581176685372643
1,59,4692,380,156.7705,-43.1675,54.8969,2.0765,4.828,6.2229,8.8776,1.2654,1.065,10.8414,-0.014,1.599,0.4228,car,64,160.5019,-29.8625,-4.1308,-5.3577,6.765,0.055,232.8337,6.765238941087004,24.354860187913214,-3.731400000000008,-13.304999999999996,10.3537,14.235299999999999,17.60235409767682,13.81833459429898,0,01_63_64_4714_ego_64,0,4714,4694,4726,vehicle_vehicle,0.41789704820499335,2.3292293100516033,0.6154321968366799,8.83534517775054,15.0,3.0,3.5,0.8,4.328104634825734,15.581176685372643
1,61,4692,301,146.1837,-45.6738,220.9417,2.0434,4.6049,-0.0647,-0.0489,0.2698,0.2041,0.0809,0.0054,-0.3376,-0.0227,car,64,160.5019,-29.8625,-4.1308,-5.3577,6.765,0.055,232.8337,6.765238941087004,24.354860187913214,-14.318200000000019,-15.8113,4.0661,5.308800000000001,6.687041696445447,21.330917911097977,0,01_63_64_4714_ego_64,0,4714,4694,4726,vehicle_vehicle,0.41789704820499335,2.3292293100516033,0.6154321968366799,8.83534517775054,15.0,3.0,3.5,0.8,4.328104634825734,15.581176685372643
1,63,4692,174,150.5302,-41.5162,229.9475,2.0859,4.8916,-0.1641,-0.141,0.1199,0.0974,0.2135,0.0349,-0.1517,-0.0291,car,64,160.5019,-29.8625,-4.1308,-5.3577,6.765,0.055,232.8337,6.765238941087004,24.354860187913214,-9.971699999999998,-11.653699999999997,3.9667,5.2167,6.553523310403344,15.337650556066269,0,01_63_64_4714_ego_64,1,4714,4694,4726,vehicle_vehicle,0.41789704820499335,2.3292293100516033,0.6154321968366799,8.83534517775054,15.0,3.0,3.5,0.8,4.328104634825734,15.581176685372643
1,64,4692,31,160.5019,-29.8625,232.8337,2.0116,4.8337,-4.1308,-5.3577,1.6238,2.2289,6.765,0.055,-2.7571,0.0526,car,64,160.5019,-29.8625,-4.1308,-5.3577,6.765,0.055,232.8337,6.765238941087004,24.354860187913214,0.0,0.0,0.0,0.0,0.0,0.0,1,01_63_64_4714_ego_64,1,4714,4694,4726,vehicle_vehicle,0.41789704820499335,2.3292293100516033,0.6154321968366799,8.83534517775054,15.0,3.0,3.5,0.8,4.328104634825734,15.581176685372643
1,59,4693,381,157.0201,-42.812,54.8322,2.0765,4.828,6.2715,8.9261,1.199,1.0575,10.909,-0.0144,1.5551,0.371,car,64,160.3383,-30.0742,-4.065,-5.2683,6.654,0.0538,232.8092,6.654262535397893,23.955345127432416,-3.3181999999999903,-12.737799999999996,10.336500000000001,14.1944,17.559163522503002,13.162902418539758,0,01_63_64_4714_ego_64,0,4714,4694,4726,vehicle_vehicle,0.41789704820499335,2.3292293100516033,0.6154321968366799,8.83534517775054,15.0,3.0,3.5,0.8,4.328104634825734,15.581176685372643
1,61,4693,302,146.1827,-45.6743,220.9385,2.0434,4.6049,-0.0521,-0.0394,0.2525,0.1901,0.0652,0.0044,-0.3153,-0.0218,car,64,160.3383,-30.0742,-4.065,-5.2683,6.654,0.0538,232.8092,6.654262535397893,23.955345127432416,-14.155599999999993,-15.600100000000001,4.0129,5.2289,6.591264038103769,21.065235136831486,0,01_63_64_4714_ego_64,0,4714,4694,4726,vehicle_vehicle,0.41789704820499335,2.3292293100516033,0.6154321968366799,8.83534517775054,15.0,3.0,3.5,0.8,4.328104634825734,15.581176685372643
1,63,4693,175,150.5246,-41.5223,229.96,2.0859,4.8916,-0.1588,-0.1363,0.1218,0.1037,0.2065,0.0339,-0.1577,-0.0265,car,64,160.3383,-30.0742,-4.065,-5.2683,6.654,0.0538,232.8092,6.654262535397893,23.955345127432416,-9.813700000000011,-11.4481,3.9062000000000006,5.132,6.449482338916821,15.078716832011942,0,01_63_64_4714_ego_64,1,4714,4694,4726,vehicle_vehicle,0.41789704820499335,2.3292293100516033,0.6154321968366799,8.83534517775054,15.0,3.0,3.5,0.8,4.328104634825734,15.581176685372643
1,64,4693,32,160.3383,-30.0742,232.8092,2.0116,4.8337,-4.065,-5.2683,1.6288,2.2308,6.654,0.0538,-2.7616,0.0509,car,64,160.3383,-30.0742,-4.065,-5.2683,6.654,0.0538,232.8092,6.654262535397893,23.955345127432416,0.0,0.0,0.0,0.0,0.0,0.0,1,01_63_64_4714_ego_64,1,4714,4694,4726,vehicle_vehicle,0.41789704820499335,2.3292293100516033,0.6154321968366799,8.83534517775054,15.0,3.0,3.5,0.8,4.328104634825734,15.581176685372643
1,59,4694,382,157.2713,-42.4544,54.7747,2.0765,4.828,6.3177,8.9745,1.1344,1.044,10.9751,-0.0156,1.5072,0.3245,car,64,160.1775,-30.2828,-3.9993,-5.1789,6.5431,0.0531,232.7885,6.5433482025641885,23.55605352923108,-2.9062000000000126,-12.171599999999998,10.317,14.153400000000001,17.51454311593654,12.513746241633639,0,01_63_64_4714_ego_64,0,4714,4694,4726,vehicle_vehicle,0.41789704820499335,2.3292293100516033,0.6154321968366799,8.83534517775054,15.0,3.0,3.5,0.8,4.328104634825734,15.581176685372643
1,61,4694,303,146.1822,-45.6744,220.9378,2.0434,4.6049,-0.0408,-0.0309,0.2336,0.1751,0.0511,0.0034,-0.2912,-0.0208,car,64,160.1775,-30.2828,-3.9993,-5.1789,6.5431,0.0531,232.7885,6.5433482025641885,23.55605352923108,-13.995300000000015,-15.391599999999997,3.9585,5.148,6.493968451571042,20.80311930096062,0,01_63_64_4714_ego_64,0,4714,4694,4726,vehicle_vehicle,0.41789704820499335,2.3292293100516033,0.6154321968366799,8.83534517775054,15.0,3.0,3.5,0.8,4.328104634825734,15.581176685372643
1,63,4694,176,150.5187,-41.528,229.9685,2.0859,4.8916,-0.1535,-0.1312,0.1232,0.1092,0.1992,0.0331,-0.1628,-0.0241,car,64,160.1775,-30.2828,-3.9993,-5.1789,6.5431,0.0531,232.7885,6.5433482025641885,23.55605352923108,-9.658800000000014,-11.245199999999997,3.8457999999999997,5.0477,6.345821690687503,14.823863884966032,0,01_63_64_4714_ego_64,1,4714,4694,4726,vehicle_vehicle,0.41789704820499335,2.3292293100516033,0.6154321968366799,8.83534517775054,15.0,3.0,3.5,0.8,4.328104634825734,15.581176685372643
1,64,4694,33,160.1775,-30.2828,232.7885,2.0116,4.8337,-3.9993,-5.1789,1.6331,2.2324,6.5431,0.0531,-2.7655,0.0494,car,64,160.1775,-30.2828,-3.9993,-5.1789,6.5431,0.0531,232.7885,6.5433482025641885,23.55605352923108,0.0,0.0,0.0,0.0,0.0,0.0,1,01_63_64_4714_ego_64,1,4714,4694,4726,vehicle_vehicle,0.41789704820499335,2.3292293100516033,0.6154321968366799,8.83534517775054,15.0,3.0,3.5,0.8,4.328104634825734,15.581176685372643
1,59,4695,383,157.5234,-42.0947,54.7162,2.0765,4.828,6.3618,9.0223,1.0714,1.0245,11.0397,-0.0184,1.4551,0.2828,car,64,160.019,-30.488,-3.9334,-5.0894,6.4321,0.0516,232.76,6.432233509442891,23.156040633994408,-2.495599999999996,-11.606700000000004,10.2952,14.111699999999999,17.46800560825419,11.871962948476552,0,01_63_64_4714_ego_64,0,4714,4694,4726,vehicle_vehicle,0.41789704820499335,2.3292293100516033,0.6154321968366799,8.83534517775054,15.0,3.0,3.5,0.8,4.328104634825734,15.581176685372643
1,61,4695,304,146.1821,-45.6743,220.9366,2.0434,4.6049,-0.0308,-0.0235,0.2138,0.1594,0.0387,0.0024,-0.2659,-0.0197,car,64,160.019,-30.488,-3.9334,-5.0894,6.4321,0.0516,232.76,6.432233509442891,23.156040633994408,-13.836900000000014,-15.186300000000003,3.9025999999999996,5.0659,6.394812707968858,20.544671068187014,0,01_63_64_4714_ego_64,0,4714,4694,4726,vehicle_vehicle,0.41789704820499335,2.3292293100516033,0.6154321968366799,8.83534517775054,15.0,3.0,3.5,0.8,4.328104634825734,15.581176685372643
1,63,4695,177,150.513,-41.5334,229.9797,2.0859,4.8916,-0.1483,-0.1258,0.1242,0.1137,0.1917,0.0326,-0.167,-0.022,car,64,160.019,-30.488,-3.9334,-5.0894,6.4321,0.0516,232.76,6.432233509442891,23.156040633994408,-9.506,-11.0454,3.7851,4.9636000000000005,6.242139614747495,14.572745011150095,0,01_63_64_4714_ego_64,1,4714,4694,4726,vehicle_vehicle,0.41789704820499335,2.3292293100516033,0.6154321968366799,8.83534517775054,15.0,3.0,3.5,0.8,4.328104634825734,15.581176685372643
1,64,4695,34,160.019,-30.488,232.76,2.0116,4.8337,-3.9334,-5.0894,1.6369,2.2339,6.4321,0.0516,-2.769,0.0487,car,64,160.019,-30.488,-3.9334,-5.0894,6.4321,0.0516,232.76,6.432233509442891,23.156040633994408,0.0,0.0,0.0,0.0,0.0,0.0,1,01_63_64_4714_ego_64,1,4714,4694,4726,vehicle_vehicle,0.41789704820499335,2.3292293100516033,0.6154321968366799,8.83534517775054,15.0,3.0,3.5,0.8,4.328104634825734,15.581176685372643
1,59,4696,384,157.7777,-41.7322,54.6768,2.0765,4.828,6.4039,9.069,1.0093,0.999,11.1021,-0.0186,1.3987,0.2459,car,64,159.8635,-30.6901,-3.8677,-4.9998,6.321,0.049,232.7204,6.321163131101743,22.756187271966276,-2.0857999999999777,-11.042099999999998,10.2716,14.0688,17.41944028951562,11.237372203945185,0,01_63_64_4714_ego_64,0,4714,4694,4726,vehicle_vehicle,0.41789704820499335,2.3292293100516033,0.6154321968366799,8.83534517775054,15.0,3.0,3.5,0.8,4.328104634825734,15.581176685372643
1,61,4696,305,146.1824,-45.6741,220.9346,2.0434,4.6049,-0.0221,-0.0172,0.1935,0.1435,0.0279,0.0015,-0.2402,-0.0184,car,64,159.8635,-30.6901,-3.8677,-4.9998,6.321,0.049,232.7204,6.321163131101743,22.756187271966276,-13.681099999999986,-14.984000000000002,3.8456,4.9826,6.294040206417496,20.290213237174214,0,01_63_64_4714_ego_64,0,4714,4694,4726,vehicle_vehicle,0.41789704820499335,2.3292293100516033,0.6154321968366799,8.83534517775054,15.0,3.0,3.5,0.8,4.328104634825734,15.581176685372643
1,63,4696,178,150.5079,-41.5389,229.9791,2.0859,4.8916,-0.1434,-0.1201,0.1252,0.1171,0.1841,0.0326,-0.1702,-0.0206,car,64,159.8635,-30.6901,-3.8677,-4.9998,6.321,0.049,232.7204,6.321163131101743,22.756187271966276,-9.355599999999981,-10.848799999999997,3.7243,4.8797,6.138557043801092,14.325631322912075,0,01_63_64_4714_ego_64,1,4714,4694,4726,vehicle_vehicle,0.41789704820499335,2.3292293100516033,0.6154321968366799,8.83534517775054,15.0,3.0,3.5,0.8,4.328104634825734,15.581176685372643
1,64,4696,35,159.8635,-30.6901,232.7204,2.0116,4.8337,-3.8677,-4.9998,1.6402,2.2352,6.321,0.049,-2.772,0.0487,car,64,159.8635,-30.6901,-3.8677,-4.9998,6.321,0.049,232.7204,6.321163131101743,22.756187271966276,0.0,0.0,0.0,0.0,0.0,0.0,1,01_63_64_4714_ego_64,1,4714,4694,4726,vehicle_vehicle,0.41789704820499335,2.3292293100516033,0.6154321968366799,8.83534517775054,15.0,3.0,3.5,0.8,4.328104634825734,15.581176685372643
1,59,4697,385,158.033,-41.3669,54.6544,2.0765,4.828,6.4442,9.1141,0.9477,0.9681,11.1621,-0.0162,1.3379,0.213,car,64,159.7103,-30.8884,-3.8018,-4.9101,6.2098,0.0441,232.6575,6.209892531276205,22.35561311259434,-1.6773000000000025,-10.4785,10.246,14.0242,17.368324664169542,10.611894154202632,0,01_63_64_4714_ego_64,0,4714,4694,4726,vehicle_vehicle,0.41789704820499335,2.3292293100516033,0.6154321968366799,8.83534517775054,15.0,3.0,3.5,0.8,4.328104634825734,15.581176685372643
1,61,4697,306,146.1828,-45.6739,220.9342,2.0434,4.6049,-0.0147,-0.0118,0.1734,0.1278,0.0188,0.0007,-0.2147,-0.017,car,64,159.7103,-30.8884,-3.8018,-4.9101,6.2098,0.0441,232.6575,6.209892531276205,22.35561311259434,-13.527500000000003,-14.785500000000003,3.7871,4.8983,6.191564366135589,20.040066529330687,0,01_63_64_4714_ego_64,0,4714,4694,4726,vehicle_vehicle,0.41789704820499335,2.3292293100516033,0.6154321968366799,8.83534517775054,15.0,3.0,3.5,0.8,4.328104634825734,15.581176685372643
1,63,4697,179,150.5025,-41.5437,229.9641,2.0859,4.8916,-0.1385,-0.1141,0.1262,0.1192,0.1764,0.0326,-0.1725,-0.02,car,64,159.7103,-30.8884,-3.8018,-4.9101,6.2098,0.0441,232.6575,6.209892531276205,22.35561311259434,-9.207799999999992,-10.6553,3.6633,4.796,6.035013081178864,14.082577851018607,0,01_63_64_4714_ego_64,1,4714,4694,4726,vehicle_vehicle,0.41789704820499335,2.3292293100516033,0.6154321968366799,8.83534517775054,15.0,3.0,3.5,0.8,4.328104634825734,15.581176685372643
1,64,4697,36,159.7103,-30.8884,232.6575,2.0116,4.8337,-3.8018,-4.9101,1.6433,2.2362,6.2098,0.0441,-2.7746,0.05,car,64,159.7103,-30.8884,-3.8018,-4.9101,6.2098,0.0441,232.6575,6.209892531276205,22.35561311259434,0.0,0.0,0.0,0.0,0.0,0.0,1,01_63_64_4714_ego_64,1,4714,4694,4726,vehicle_vehicle,0.41789704820499335,2.3292293100516033,0.6154321968366799,8.83534517775054,15.0,3.0,3.5,0.8,4.328104634825734,15.581176685372643
1,59,4698,386,158.2917,-41.001,54.6408,2.0765,4.828,6.4819,9.1577,0.8862,0.9323,11.2195,-0.0133,1.2732,0.1833,car,64,159.5592,-31.0834,-3.7357,-4.8202,6.0982,0.0399,232.5992,6.098342605167407,21.954033378602663,-1.2675000000000125,-9.917599999999997,10.217600000000001,13.9779,17.314186038332846,9.998267150361604,0,01_63_64_4714_ego_64,0,4714,4694,4726,vehicle_vehicle,0.41789704820499335,2.3292293100516033,0.6154321968366799,8.83534517775054,15.0,3.0,3.5,0.8,4.328104634825734,15.581176685372643
1,61,4698,307,146.1831,-45.6734,220.9345,2.0434,4.6049,-0.0084,-0.0073,0.1537,0.1127,0.0111,-0.0001,-0.1899,-0.0156,car,64,159.5592,-31.0834,-3.7357,-4.8202,6.0982,0.0399,232.5992,6.098342605167407,21.954033378602663,-13.376100000000008,-14.59,3.7273,4.8129,6.087427346589033,19.793639160346444,0,01_63_64_4714_ego_64,0,4714,4694,4726,vehicle_vehicle,0.41789704820499335,2.3292293100516033,0.6154321968366799,8.83534517775054,15.0,3.0,3.5,0.8,4.328104634825734,15.581176685372643
1,63,4698,180,150.4976,-41.5481,229.9429,2.0859,4.8916,-0.1337,-0.1081,0.1275,0.1201,0.1688,0.0328,-0.1739,-0.0203,car,64,159.5592,-31.0834,-3.7357,-4.8202,6.0982,0.0399,232.5992,6.098342605167407,21.954033378602663,-9.061599999999999,-10.464699999999997,3.602,4.7120999999999995,5.931128932167972,13.842779368681706,0,01_63_64_4714_ego_64,1,4714,4694,4726,vehicle_vehicle,0.41789704820499335,2.3292293100516033,0.6154321968366799,8.83534517775054,15.0,3.0,3.5,0.8,4.328104634825734,15.581176685372643
1,64,4698,37,159.5592,-31.0834,232.5992,2.0116,4.8337,-3.7357,-4.8202,1.646,2.2369,6.0982,0.0399,-2.7768,0.051,car,64,159.5592,-31.0834,-3.7357,-4.8202,6.0982,0.0399,232.5992,6.098342605167407,21.954033378602663,0.0,0.0,0.0,0.0,0.0,0.0,1,01_63_64_4714_ego_64,1,4714,4694,4726,vehicle_vehicle,0.41789704820499335,2.3292293100516033,0.6154321968366799,8.83534517775054,15.0,3.0,3.5,0.8,4.328104634825734,15.581176685372643
1,59,4699,387,158.5522,-40.6335,54.6334,2.0765,4.828,6.5169,9.1996,0.8251,0.8916,11.274,-0.0105,1.2046,0.1567,car,64,159.4108,-31.2747,-3.6693,-4.7302,5.9865,0.037,232.5528,5.986531093212496,21.551511935564985,-0.8585999999999956,-9.358799999999999,10.1862,13.9298,17.256824692857027,9.398102542534849,0,01_63_64_4714_ego_64,0,4714,4694,4726,vehicle_vehicle,0.41789704820499335,2.3292293100516033,0.6154321968366799,8.83534517775054,15.0,3.0,3.5,0.8,4.328104634825734,15.581176685372643
1,61,4699,308,146.1835,-45.673,220.932,2.0434,4.6049,-0.0031,-0.0038,0.1347,0.0983,0.0048,-0.0008,-0.1662,-0.014,car,64,159.4108,-31.2747,-3.6693,-4.7302,5.9865,0.037,232.5528,5.986531093212496,21.551511935564985,-13.227299999999985,-14.398300000000003,3.6662,4.7264,5.981628490636977,19.551790408553373,0,01_63_64_4714_ego_64,0,4714,4694,4726,vehicle_vehicle,0.41789704820499335,2.3292293100516033,0.6154321968366799,8.83534517775054,15.0,3.0,3.5,0.8,4.328104634825734,15.581176685372643
1,63,4699,181,150.4923,-41.5518,229.9227,2.0859,4.8916,-0.129,-0.1023,0.129,0.1198,0.1613,0.0328,-0.1747,-0.0216,car,64,159.4108,-31.2747,-3.6693,-4.7302,5.9865,0.037,232.5528,5.986531093212496,21.551511935564985,-8.918499999999995,-10.2771,3.5403,4.6279,5.826764325077856,13.60729314228219,0,01_63_64_4714_ego_64,1,4714,4694,4726,vehicle_vehicle,0.41789704820499335,2.3292293100516033,0.6154321968366799,8.83534517775054,15.0,3.0,3.5,0.8,4.328104634825734,15.581176685372643
1,64,4699,38,159.4108,-31.2747,232.5528,2.0116,4.8337,-3.6693,-4.7302,1.6483,2.2371,5.9865,0.037,-2.7783,0.0516,car,64,159.4108,-31.2747,-3.6693,-4.7302,5.9865,0.037,232.5528,5.986531093212496,21.551511935564985,0.0,0.0,0.0,0.0,0.0,0.0,1,01_63_64_4714_ego_64,1,4714,4694,4726,vehicle_vehicle,0.41789704820499335,2.3292293100516033,0.6154321968366799,8.83534517775054,15.0,3.0,3.5,0.8,4.328104634825734,15.581176685372643
1,59,4700,388,158.8148,-40.2637,54.6362,2.0765,4.828,6.5491,9.2395,0.7645,0.8465,11.3252,-0.0068,1.1328,0.1335,car,64,159.2656,-31.4621,-3.603,-4.6402,5.8747,0.0356,232.5189,5.874782127023946,21.149215657286206,-0.4508000000000152,-8.8016,10.1521,13.8797,17.196255595332374,8.81313696705095,0,01_63_64_4714_ego_64,0,4714,4694,4726,vehicle_vehicle,0.41789704820499335,2.3292293100516033,0.6154321968366799,8.83534517775054,15.0,3.0,3.5,0.8,4.328104634825734,15.581176685372643
1,61,4700,309,146.1838,-45.6727,220.9273,2.0434,4.6049,0.0013,-0.0009,0.1167,0.0849,-0.0004,-0.0016,-0.1438,-0.0123,car,64,159.2656,-31.4621,-3.603,-4.6402,5.8747,0.0356,232.5189,5.874782127023946,21.149215657286206,-13.081800000000015,-14.2106,3.6043000000000003,4.6393,5.874868762789514,19.315140268711495,0,01_63_64_4714_ego_64,0,4714,4694,4726,vehicle_vehicle,0.41789704820499335,2.3292293100516033,0.6154321968366799,8.83534517775054,15.0,3.0,3.5,0.8,4.328104634825734,15.581176685372643
1,63,4700,182,150.4871,-41.5551,229.9049,2.0859,4.8916,-0.1241,-0.0967,0.1309,0.1187,0.1539,0.0326,-0.1751,-0.0237,car,64,159.2656,-31.4621,-3.603,-4.6402,5.8747,0.0356,232.5189,5.874782127023946,21.149215657286206,-8.778500000000008,-10.093000000000004,3.4789000000000003,4.5435,5.7224240894921445,13.376498467461515,0,01_63_64_4714_ego_64,1,4714,4694,4726,vehicle_vehicle,0.41789704820499335,2.3292293100516033,0.6154321968366799,8.83534517775054,15.0,3.0,3.5,0.8,4.328104634825734,15.581176685372643
1,64,4700,39,159.2656,-31.4621,232.5189,2.0116,4.8337,-3.603,-4.6402,1.6502,2.2367,5.8747,0.0356,-2.7791,0.0515,car,64,159.2656,-31.4621,-3.603,-4.6402,5.8747,0.0356,232.5189,5.874782127023946,21.149215657286206,0.0,0.0,0.0,0.0,0.0,0.0,1,01_63_64_4714_ego_64,1,4714,4694,4726,vehicle_vehicle,0.41789704820499335,2.3292293100516033,0.6154321968366799,8.83534517775054,15.0,3.0,3.5,0.8,4.328104634825734,15.581176685372643
1,59,4701,389,159.0782,-39.8917,54.6517,2.0765,4.828,6.5784,9.277,0.7051,0.7975,11.3727,-0.0015,1.0584,0.1137,car,64,159.1224,-31.6461,-3.5365,-4.5501,5.7627,0.0347,232.4895,5.7628328329043175,20.746198198455545,-0.04419999999998936,-8.2456,10.1149,13.827099999999998,17.131838675985716,8.245718464754905,0,01_63_64_4714_ego_64,0,4714,4694,4726,vehicle_vehicle,0.41789704820499335,2.3292293100516033,0.6154321968366799,8.83534517775054,15.0,3.0,3.5,0.8,4.328104634825734,15.581176685372643
1,61,4701,310,146.1841,-45.6725,220.9215,2.0434,4.6049,0.0049,0.0014,0.0997,0.0727,-0.0046,-0.0022,-0.123,-0.0104,car,64,159.1224,-31.6461,-3.5365,-4.5501,5.7627,0.0347,232.4895,5.7628328329043175,20.746198198455545,-12.938299999999998,-14.026399999999999,3.5414000000000003,4.5515,5.766946003735426,19.08243967237942,0,01_63_64_4714_ego_64,0,4714,4694,4726,vehicle_vehicle,0.41789704820499335,2.3292293100516033,0.6154321968366799,8.83534517775054,15.0,3.0,3.5,0.8,4.328104634825734,15.581176685372643
1,63,4701,183,150.4819,-41.5584,229.8905,2.0859,4.8916,-0.119,-0.0914,0.1329,0.1168,0.1466,0.0321,-0.175,-0.0264,car,64,159.1224,-31.6461,-3.5365,-4.5501,5.7627,0.0347,232.4895,5.7628328329043175,20.746198198455545,-8.640500000000003,-9.912299999999998,3.4175000000000004,4.458699999999999,5.617767522779845,13.149598151274434,0,01_63_64_4714_ego_64,1,4714,4694,4726,vehicle_vehicle,0.41789704820499335,2.3292293100516033,0.6154321968366799,8.83534517775054,15.0,3.0,3.5,0.8,4.328104634825734,15.581176685372643
1,64,4701,40,159.1224,-31.6461,232.4895,2.0116,4.8337,-3.5365,-4.5501,1.6516,2.2358,5.7627,0.0347,-2.7792,0.0513,car,64,159.1224,-31.6461,-3.5365,-4.5501,5.7627,0.0347,232.4895,5.7628328329043175,20.746198198455545,0.0,0.0,0.0,0.0,0.0,0.0,1,01_63_64_4714_ego_64,1,4714,4694,4726,vehicle_vehicle,0.41789704820499335,2.3292293100516033,0.6154321968366799,8.83534517775054,15.0,3.0,3.5,0.8,4.328104634825734,15.581176685372643
1,59,4702,390,159.3424,-39.5181,54.6694,2.0765,4.828,6.6052,9.3116,0.6469,0.7454,11.4165,0.0039,0.9822,0.0967,car,64,158.9821,-31.8268,-3.4698,-4.4599,5.6506,0.0343,232.4647,5.650683148965265,20.342459336274953,0.3602999999999952,-7.691299999999998,10.075,13.7715,17.06340637885648,7.699734526592457,0,01_63_64_4714_ego_64,0,4714,4694,4726,vehicle_vehicle,0.41789704820499335,2.3292293100516033,0.6154321968366799,8.83534517775054,15.0,3.0,3.5,0.8,4.328104634825734,15.581176685372643
1,61,4702,311,146.1845,-45.6724,220.9137,2.0434,4.6049,0.0079,0.0032,0.0838,0.0615,-0.008,-0.0028,-0.1036,-0.0084,car,64,158.9821,-31.8268,-3.4698,-4.4599,5.6506,0.0343,232.4647,5.650683148965265,20.342459336274953,-12.797599999999989,-13.845600000000005,3.4777,4.4631,5.6580614082917124,18.85415617629174,0,01_63_64_4714_ego_64,0,4714,4694,4726,vehicle_vehicle,0.41789704820499335,2.3292293100516033,0.6154321968366799,8.83534517775054,15.0,3.0,3.5,0.8,4.328104634825734,15.581176685372643
1,63,4702,184,150.4765,-41.5617,229.8805,2.0859,4.8916,-0.1135,-0.0863,0.1349,0.1145,0.1391,0.0312,-0.1745,-0.0294,car,64,158.9821,-31.8268,-3.4698,-4.4599,5.6506,0.0343,232.4647,5.650683148965265,20.342459336274953,-8.505600000000015,-9.734900000000003,3.3563,4.373600000000001,5.512996159077204,12.927239046679702,0,01_63_64_4714_ego_64,1,4714,4694,4726,vehicle_vehicle,0.41789704820499335,2.3292293100516033,0.6154321968366799,8.83534517775054,15.0,3.0,3.5,0.8,4.328104634825734,15.581176685372643
1,64,4702,41,158.9821,-31.8268,232.4647,2.0116,4.8337,-3.4698,-4.4599,1.6524,2.2342,5.6506,0.0343,-2.7784,0.0509,car,64,158.9821,-31.8268,-3.4698,-4.4599,5.6506,0.0343,232.4647,5.650683148965265,20.342459336274953,0.0,0.0,0.0,0.0,0.0,0.0,1,01_63_64_4714_ego_64,1,4714,4694,4726,vehicle_vehicle,0.41789704820499335,2.3292293100516033,0.6154321968366799,8.83534517775054,15.0,3.0,3.5,0.8,4.328104634825734,15.581176685372643
1,59,4703,391,159.6077,-39.1426,54.6936,2.0765,4.828,6.6294,9.3433,0.5903,0.6909,11.4563,0.0102,0.905,0.0824,car,64,158.8446,-32.0037,-3.4031,-4.3696,5.5383,0.0343,232.4431,5.5384559012417895,19.938441244470443,0.7630999999999801,-7.1389,10.0325,13.7129,16.9910177052465,7.179569264238626,0,01_63_64_4714_ego_64,0,4714,4694,4726,vehicle_vehicle,0.41789704820499335,2.3292293100516033,0.6154321968366799,8.83534517775054,15.0,3.0,3.5,0.8,4.328104634825734,15.581176685372643
1,61,4703,312,146.1847,-45.6726,220.9049,2.0434,4.6049,0.0102,0.0046,0.0689,0.0514,-0.0107,-0.0032,-0.0858,-0.0062,car,64,158.8446,-32.0037,-3.4031,-4.3696,5.5383,0.0343,232.4431,5.5384559012417895,19.938441244470443,-12.659900000000022,-13.6689,3.4133,4.3742,5.54835493907879,18.630939193180804,0,01_63_64_4714_ego_64,0,4714,4694,4726,vehicle_vehicle,0.41789704820499335,2.3292293100516033,0.6154321968366799,8.83534517775054,15.0,3.0,3.5,0.8,4.328104634825734,15.581176685372643
1,63,4703,185,150.4711,-41.5644,229.8705,2.0859,4.8916,-0.1075,-0.0815,0.1366,0.1119,0.1316,0.0296,-0.1736,-0.0323,car,64,158.8446,-32.0037,-3.4031,-4.3696,5.5383,0.0343,232.4431,5.5384559012417895,19.938441244470443,-8.373500000000007,-9.560699999999997,3.2956,4.2881,5.40821421265837,12.70914972529634,0,01_63_64_4714_ego_64,1,4714,4694,4726,vehicle_vehicle,0.41789704820499335,2.3292293100516033,0.6154321968366799,8.83534517775054,15.0,3.0,3.5,0.8,4.328104634825734,15.581176685372643
1,64,4703,42,158.8446,-32.0037,232.4431,2.0116,4.8337,-3.4031,-4.3696,1.6526,2.2317,5.5383,0.0343,-2.7765,0.0502,car,64,158.8446,-32.0037,-3.4031,-4.3696,5.5383,0.0343,232.4431,5.5384559012417895,19.938441244470443,0.0,0.0,0.0,0.0,0.0,0.0,1,01_63_64_4714_ego_64,1,4714,4694,4726,vehicle_vehicle,0.41789704820499335,2.3292293100516033,0.6154321968366799,8.83534517775054,15.0,3.0,3.5,0.8,4.328104634825734,15.581176685372643
1,59,4704,392,159.875,-38.7656,54.7062,2.0765,4.828,6.6507,9.3716,0.5356,0.6352,11.4917,0.0137,0.8279,0.0702,car,64,158.71,-32.1764,-3.3364,-4.2795,5.4263,0.0343,232.421,5.42638786026211,19.534996296943596,1.164999999999992,-6.589199999999998,9.9871,13.6511,16.914334087394632,6.691396090503083,0,01_63_64_4714_ego_64,0,4714,4694,4726,vehicle_vehicle,0.41789704820499335,2.3292293100516033,0.6154321968366799,8.83534517775054,15.0,3.0,3.5,0.8,4.328104634825734,15.581176685372643
1,61,4704,313,146.1853,-45.6725,220.8927,2.0434,4.6049,0.0119,0.0058,0.0551,0.0423,-0.0128,-0.0034,-0.0693,-0.0041,car,64,158.71,-32.1764,-3.3364,-4.2795,5.4263,0.0343,232.421,5.42638786026211,19.534996296943596,-12.524699999999996,-13.496099999999998,3.3482999999999996,4.285299999999999,5.438281804025973,18.412300923567372,0,01_63_64_4714_ego_64,0,4714,4694,4726,vehicle_vehicle,0.41789704820499335,2.3292293100516033,0.6154321968366799,8.83534517775054,15.0,3.0,3.5,0.8,4.328104634825734,15.581176685372643
1,63,4704,186,150.4663,-41.567,229.8623,2.0859,4.8916,-0.1012,-0.0771,0.1376,0.1092,0.1242,0.0277,-0.1721,-0.0348,car,64,158.71,-32.1764,-3.3364,-4.2795,5.4263,0.0343,232.421,5.42638786026211,19.534996296943596,-8.243700000000018,-9.3906,3.2352,4.2024,5.3034597009876485,12.49567757466558,0,01_63_64_4714_ego_64,1,4714,4694,4726,vehicle_vehicle,0.41789704820499335,2.3292293100516033,0.6154321968366799,8.83534517775054,15.0,3.0,3.5,0.8,4.328104634825734,15.581176685372643
1,64,4704,43,158.71,-32.1764,232.421,2.0116,4.8337,-3.3364,-4.2795,1.6522,2.2283,5.4263,0.0343,-2.7736,0.0496,car,64,158.71,-32.1764,-3.3364,-4.2795,5.4263,0.0343,232.421,5.42638786026211,19.534996296943596,0.0,0.0,0.0,0.0,0.0,0.0,1,01_63_64_4714_ego_64,1,4714,4694,4726,vehicle_vehicle,0.41789704820499335,2.3292293100516033,0.6154321968366799,8.83534517775054,15.0,3.0,3.5,0.8,4.328104634825734,15.581176685372643
1,59,4705,393,160.143,-38.3876,54.7154,2.0765,4.828,6.6692,9.3967,0.4836,0.5793,11.5228,0.0162,0.7523,0.0601,car,64,158.578,-32.3453,-3.2698,-4.1898,5.3146,0.0343,232.3999,5.314698117485132,19.132913222946474,1.5649999999999977,-6.042299999999997,9.939,13.5865,16.83379645980074,6.24168361021287,0,01_63_64_4714_ego_64,0,4714,4694,4726,vehicle_vehicle,0.41789704820499335,2.3292293100516033,0.6154321968366799,8.83534517775054,15.0,3.0,3.5,0.8,4.328104634825734,15.581176685372643
1,61,4705,314,146.1859,-45.6723,220.8779,2.0434,4.6049,0.013,0.0066,0.0423,0.0341,-0.0141,-0.0035,-0.0543,-0.0019,car,64,158.578,-32.3453,-3.2698,-4.1898,5.3146,0.0343,232.3999,5.314698117485132,19.132913222946474,-12.3921,-13.326999999999998,3.2828,4.1964,5.3279028519671785,18.198161209583784,0,01_63_64_4714_ego_64,0,4714,4694,4726,vehicle_vehicle,0.41789704820499335,2.3292293100516033,0.6154321968366799,8.83534517775054,15.0,3.0,3.5,0.8,4.328104634825734,15.581176685372643
1,63,4705,187,150.4621,-41.5698,229.86,2.0859,4.8916,-0.0948,-0.0728,0.1377,0.1065,0.1168,0.0255,-0.1702,-0.0366,car,64,158.578,-32.3453,-3.2698,-4.1898,5.3146,0.0343,232.3999,5.314698117485132,19.132913222946474,-8.11590000000001,-9.224499999999999,3.175,4.117,5.199068570426822,12.28654683220636,0,01_63_64_4714_ego_64,1,4714,4694,4726,vehicle_vehicle,0.41789704820499335,2.3292293100516033,0.6154321968366799,8.83534517775054,15.0,3.0,3.5,0.8,4.328104634825734,15.581176685372643
1,64,4705,44,158.578,-32.3453,232.3999,2.0116,4.8337,-3.2698,-4.1898,1.6513,2.2243,5.3146,0.0343,-2.7698,0.0488,car,64,158.578,-32.3453,-3.2698,-4.1898,5.3146,0.0343,232.3999,5.314698117485132,19.132913222946474,0.0,0.0,0.0,0.0,0.0,0.0,1,01_63_64_4714_ego_64,1,4714,4694,4726,vehicle_vehicle,0.41789704820499335,2.3292293100516033,0.6154321968366799,8.83534517775054,15.0,3.0,3.5,0.8,4.328104634825734,15.581176685372643
1,59,4706,394,160.4115,-38.0086,54.7102,2.0765,4.828,6.6851,9.4184,0.4348,0.5243,11.5498,0.0155,0.6792,0.052,car,64,158.4491,-32.5108,-3.2035,-4.1004,5.2033,0.0347,232.3824,5.203430830711599,18.732350990561756,1.9624000000000024,-5.497799999999998,9.8886,13.518799999999999,16.74939889667686,5.837535318950969,0,01_63_64_4714_ego_64,0,4714,4694,4726,vehicle_vehicle,0.41789704820499335,2.3292293100516033,0.6154321968366799,8.83534517775054,15.0,3.0,3.5,0.8,4.328104634825734,15.581176685372643
1,61,4706,315,146.1868,-45.6721,220.8682,2.0434,4.6049,0.0134,0.0071,0.0307,0.0267,-0.0148,-0.0034,-0.0407,0.0001,car,64,158.4491,-32.5108,-3.2035,-4.1004,5.2033,0.0347,232.3824,5.203430830711599,18.732350990561756,-12.262299999999982,-13.161299999999997,3.2169,4.1075,5.217279162552067,17.98843570130542,0,01_63_64_4714_ego_64,0,4714,4694,4726,vehicle_vehicle,0.41789704820499335,2.3292293100516033,0.6154321968366799,8.83534517775054,15.0,3.0,3.5,0.8,4.328104634825734,15.581176685372643
1,63,4706,188,150.4581,-41.5728,229.8637,2.0859,4.8916,-0.0883,-0.0686,0.1368,0.1039,0.1093,0.0233,-0.1676,-0.0376,car,64,158.4491,-32.5108,-3.2035,-4.1004,5.2033,0.0347,232.3824,5.203430830711599,18.732350990561756,-7.9909999999999854,-9.061999999999998,3.1152,4.0318,5.095084128844194,12.082049701933846,0,01_63_64_4714_ego_64,1,4714,4694,4726,vehicle_vehicle,0.41789704820499335,2.3292293100516033,0.6154321968366799,8.83534517775054,15.0,3.0,3.5,0.8,4.328104634825734,15.581176685372643
1,64,4706,45,158.4491,-32.5108,232.3824,2.0116,4.8337,-3.2035,-4.1004,1.65,2.2197,5.2033,0.0347,-2.7653,0.0479,car,64,158.4491,-32.5108,-3.2035,-4.1004,5.2033,0.0347,232.3824,5.203430830711599,18.732350990561756,0.0,0.0,0.0,0.0,0.0,0.0,1,01_63_64_4714_ego_64,1,4714,4694,4726,vehicle_vehicle,0.41789704820499335,2.3292293100516033,0.6154321968366799,8.83534517775054,15.0,3.0,3.5,0.8,4.328104634825734,15.581176685372643
1,59,4707,395,160.6803,-37.629,54.7017,2.0765,4.828,6.6986,9.437,0.3897,0.4712,11.5728,0.014,0.6097,0.0457,car,64,158.3228,-32.6725,-3.1375,-4.0113,5.0925,0.0352,232.3648,5.092586174037707,18.333310226535744,2.3574999999999875,-4.956499999999998,9.8361,13.4483,16.66150161600088,5.488597134058932,0,01_63_64_4714_ego_64,0,4714,4694,4726,vehicle_vehicle,0.41789704820499335,2.3292293100516033,0.6154321968366799,8.83534517775054,15.0,3.0,3.5,0.8,4.328104634825734,15.581176685372643
1,61,4707,316,146.1876,-45.6722,220.8605,2.0434,4.6049,0.0133,0.0075,0.0205,0.0201,-0.0149,-0.0031,-0.0286,0.0018,car,64,158.3228,-32.6725,-3.1375,-4.0113,5.0925,0.0352,232.3648,5.092586174037707,18.333310226535744,-12.135199999999998,-12.999699999999997,3.1508000000000003,4.018800000000001,5.106691108731759,17.783567671589406,0,01_63_64_4714_ego_64,0,4714,4694,4726,vehicle_vehicle,0.41789704820499335,2.3292293100516033,0.6154321968366799,8.83534517775054,15.0,3.0,3.5,0.8,4.328104634825734,15.581176685372643
1,63,4707,189,150.4544,-41.5759,229.873,2.0859,4.8916,-0.0817,-0.0643,0.1348,0.1013,0.1018,0.021,-0.1644,-0.0378,car,64,158.3228,-32.6725,-3.1375,-4.0113,5.0925,0.0352,232.3648,5.092586174037707,18.333310226535744,-7.868400000000008,-8.903399999999998,3.0558,3.9470000000000005,4.99166531730644,11.882013723270989,0,01_63_64_4714_ego_64,1,4714,4694,4726,vehicle_vehicle,0.41789704820499335,2.3292293100516033,0.6154321968366799,8.83534517775054,15.0,3.0,3.5,0.8,4.328104634825734,15.581176685372643
1,64,4707,46,158.3228,-32.6725,232.3648,2.0116,4.8337,-3.1375,-4.0113,1.6485,2.2147,5.0925,0.0352,-2.7605,0.0469,car,64,158.3228,-32.6725,-3.1375,-4.0113,5.0925,0.0352,232.3648,5.092586174037707,18.333310226535744,0.0,0.0,0.0,0.0,0.0,0.0,1,01_63_64_4714_ego_64,1,4714,4694,4726,vehicle_vehicle,0.41789704820499335,2.3292293100516033,0.6154321968366799,8.83534517775054,15.0,3.0,3.5,0.8,4.328104634825734,15.581176685372643
1,59,4708,396,160.9498,-37.2495,54.6896,2.0765,4.828,6.7098,9.4529,0.3487,0.4208,11.5921,0.0116,0.5449,0.0413,car,64,158.1995,-32.8304,-3.0718,-3.9228,4.9823,0.0354,232.3435,4.982400533879226,17.936641921965215,2.75030000000001,-4.4191,9.781600000000001,13.3757,16.57072868192585,5.205054745149186,0,01_63_64_4714_ego_64,0,4714,4694,4726,vehicle_vehicle,0.41789704820499335,2.3292293100516033,0.6154321968366799,8.83534517775054,15.0,3.0,3.5,0.8,4.328104634825734,15.581176685372643
1,61,4708,317,146.1884,-45.6718,220.8521,2.0434,4.6049,0.0127,0.0075,0.0116,0.0142,-0.0145,-0.0026,-0.0181,0.0031,car,64,158.1995,-32.8304,-3.0718,-3.9228,4.9823,0.0354,232.3435,4.982400533879226,17.936641921965215,-12.011099999999999,-12.8414,3.0845000000000002,3.9303,4.996138342760337,17.583175969374814,0,01_63_64_4714_ego_64,0,4714,4694,4726,vehicle_vehicle,0.41789704820499335,2.3292293100516033,0.6154321968366799,8.83534517775054,15.0,3.0,3.5,0.8,4.328104634825734,15.581176685372643
1,63,4708,190,150.4515,-41.5784,229.8814,2.0859,4.8916,-0.0752,-0.0602,0.1318,0.0986,0.0945,0.0188,-0.1603,-0.0372,car,64,158.1995,-32.8304,-3.0718,-3.9228,4.9823,0.0354,232.3435,4.982400533879226,17.936641921965215,-7.7479999999999905,-8.748000000000005,2.9966,3.8626,4.888690041309634,11.685846481962695,0,01_63_64_4714_ego_64,1,4714,4694,4726,vehicle_vehicle,0.41789704820499335,2.3292293100516033,0.6154321968366799,8.83534517775054,15.0,3.0,3.5,0.8,4.328104634825734,15.581176685372643
1,64,4708,47,158.1995,-32.8304,232.3435,2.0116,4.8337,-3.0718,-3.9228,1.6472,2.2096,4.9823,0.0354,-2.7557,0.0458,car,64,158.1995,-32.8304,-3.0718,-3.9228,4.9823,0.0354,232.3435,4.982400533879226,17.936641921965215,0.0,0.0,0.0,0.0,0.0,0.0,1,01_63_64_4714_ego_64,1,4714,4694,4726,vehicle_vehicle,0.41789704820499335,2.3292293100516033,0.6154321968366799,8.83534517775054,15.0,3.0,3.5,0.8,4.328104634825734,15.581176685372643
1,59,4709,397,161.2191,-36.8702,54.679,2.0765,4.828,6.7191,9.4663,0.3122,0.3736,11.6085,0.0093,0.4853,0.0387,car,64,158.0782,-32.985,-3.0063,-3.8347,4.8725,0.0353,232.3195,4.872654695338056,17.541556903217003,3.140899999999988,-3.8851999999999975,9.7254,13.301,16.477257240208395,4.996001586268754,0,01_63_64_4714_ego_64,0,4714,4694,4726,vehicle_vehicle,0.41789704820499335,2.3292293100516033,0.6154321968366799,8.83534517775054,15.0,3.0,3.5,0.8,4.328104634825734,15.581176685372643
1,61,4709,318,146.1889,-45.6714,220.8527,2.0434,4.6049,0.0117,0.0074,0.0042,0.0091,-0.0136,-0.0021,-0.0091,0.0041,car,64,158.0782,-32.985,-3.0063,-3.8347,4.8725,0.0353,232.3195,4.872654695338056,17.541556903217003,-11.88930000000002,-12.686399999999999,3.018,3.8421000000000003,4.885699173096928,17.38678232019946,0,01_63_64_4714_ego_64,0,4714,4694,4726,vehicle_vehicle,0.41789704820499335,2.3292293100516033,0.6154321968366799,8.83534517775054,15.0,3.0,3.5,0.8,4.328104634825734,15.581176685372643
1,63,4709,191,150.449,-41.5808,229.89,2.0859,4.8916,-0.0691,-0.0561,0.1278,0.0957,0.0874,0.0167,-0.1555,-0.0361,car,64,158.0782,-32.985,-3.0063,-3.8347,4.8725,0.0353,232.3195,4.872654695338056,17.541556903217003,-7.629199999999997,-8.595800000000004,2.9372,3.7786000000000004,4.785912849185618,11.493148840939982,0,01_63_64_4714_ego_64,1,4714,4694,4726,vehicle_vehicle,0.41789704820499335,2.3292293100516033,0.6154321968366799,8.83534517775054,15.0,3.0,3.5,0.8,4.328104634825734,15.581176685372643
1,64,4709,48,158.0782,-32.985,232.3195,2.0116,4.8337,-3.0063,-3.8347,1.6462,2.2047,4.8725,0.0353,-2.7512,0.0448,car,64,158.0782,-32.985,-3.0063,-3.8347,4.8725,0.0353,232.3195,4.872654695338056,17.541556903217003,0.0,0.0,0.0,0.0,0.0,0.0,1,01_63_64_4714_ego_64,1,4714,4694,4726,vehicle_vehicle,0.41789704820499335,2.3292293100516033,0.6154321968366799,8.83534517775054,15.0,3.0,3.5,0.8,4.328104634825734,15.581176685372643
1,59,4710,398,161.4886,-36.4913,54.6681,2.0765,4.828,6.7268,9.4779,0.2804,0.3297,11.6224,0.0066,0.4311,0.0381,car,64,157.9602,-33.1366,-2.9413,-3.7468,4.7632,0.0354,232.2935,4.7633765261629275,17.14815549418654,3.528400000000005,-3.354700000000001,9.668099999999999,13.2247,16.381845063972495,4.8686362207501235,0,01_63_64_4714_ego_64,0,4714,4694,4726,vehicle_vehicle,0.41789704820499335,2.3292293100516033,0.6154321968366799,8.83534517775054,15.0,3.0,3.5,0.8,4.328104634825734,15.581176685372643
1,61,4710,319,146.1892,-45.6709,220.8566,2.0434,4.6049,0.0105,0.0069,-0.0018,0.0047,-0.0124,-0.0017,-0.0017,0.0048,car,64,157.9602,-33.1366,-2.9413,-3.7468,4.7632,0.0354,232.2935,4.7633765261629275,17.14815549418654,-11.770999999999987,-12.534300000000002,2.9518,3.7537,4.775289198572166,17.19491545457551,0,01_63_64_4714_ego_64,0,4714,4694,4726,vehicle_vehicle,0.41789704820499335,2.3292293100516033,0.6154321968366799,8.83534517775054,15.0,3.0,3.5,0.8,4.328104634825734,15.581176685372643
1,63,4710,192,150.4468,-41.5832,229.8953,2.0859,4.8916,-0.0633,-0.052,0.123,0.0926,0.0805,0.0149,-0.1501,-0.0344,car,64,157.9602,-33.1366,-2.9413,-3.7468,4.7632,0.0354,232.2935,4.7633765261629275,17.14815549418654,-7.51339999999999,-8.446599999999997,2.878,3.6948,4.6834208694073185,11.304699514803557,0,01_63_64_4714_ego_64,1,4714,4694,4726,vehicle_vehicle,0.41789704820499335,2.3292293100516033,0.6154321968366799,8.83534517775054,15.0,3.0,3.5,0.8,4.328104634825734,15.581176685372643
1,64,4710,49,157.9602,-33.1366,232.2935,2.0116,4.8337,-2.9413,-3.7468,1.6458,2.2001,4.7632,0.0354,-2.7473,0.0435,car,64,157.9602,-33.1366,-2.9413,-3.7468,4.7632,0.0354,232.2935,4.7633765261629275,17.14815549418654,0.0,0.0,0.0,0.0,0.0,0.0,1,01_63_64_4714_ego_64,1,4714,4694,4726,vehicle_vehicle,0.41789704820499335,2.3292293100516033,0.6154321968366799,8.83534517775054,15.0,3.0,3.5,0.8,4.328104634825734,15.581176685372643
1,59,4711,399,161.7572,-36.1118,54.6493,2.0765,4.828,6.7334,9.4877,0.2533,0.2892,11.6342,0.0026,0.3825,0.0393,car,64,157.8432,-33.2838,-2.8759,-3.6594,4.6542,0.0348,232.2653,4.654246358971558,16.755286892297608,3.9140000000000157,-2.828000000000003,9.6093,13.1471,16.28449830053109,4.828765887884827,0,01_63_64_4714_ego_64,0,4714,4694,4726,vehicle_vehicle,0.41789704820499335,2.3292293100516033,0.6154321968366799,8.83534517775054,15.0,3.0,3.5,0.8,4.328104634825734,15.581176685372643
1,61,4711,320,146.1892,-45.6706,220.868,2.0434,4.6049,0.0092,0.0062,-0.0066,0.0012,-0.011,-0.0013,0.0042,0.0052,car,64,157.8432,-33.2838,-2.8759,-3.6594,4.6542,0.0348,232.2653,4.654246358971558,16.755286892297608,-11.653999999999996,-12.386800000000001,2.8851,3.6656000000000004,4.664807109624149,17.007308142089975,0,01_63_64_4714_ego_64,0,4714,4694,4726,vehicle_vehicle,0.41789704820499335,2.3292293100516033,0.6154321968366799,8.83534517775054,15.0,3.0,3.5,0.8,4.328104634825734,15.581176685372643
1,63,4711,193,150.4445,-41.5855,229.9068,2.0859,4.8916,-0.0577,-0.0479,0.1175,0.0892,0.0738,0.0133,-0.1439,-0.0324,car,64,157.8432,-33.2838,-2.8759,-3.6594,4.6542,0.0348,232.2653,4.654246358971558,16.755286892297608,-7.398699999999991,-8.301700000000004,2.8182,3.6115000000000004,4.58095879592908,11.120206139276373,0,01_63_64_4714_ego_64,1,4714,4694,4726,vehicle_vehicle,0.41789704820499335,2.3292293100516033,0.6154321968366799,8.83534517775054,15.0,3.0,3.5,0.8,4.328104634825734,15.581176685372643
1,64,4711,50,157.8432,-33.2838,232.2653,2.0116,4.8337,-2.8759,-3.6594,1.6461,2.196,4.6542,0.0348,-2.7441,0.0422,car,64,157.8432,-33.2838,-2.8759,-3.6594,4.6542,0.0348,232.2653,4.654246358971558,16.755286892297608,0.0,0.0,0.0,0.0,0.0,0.0,1,01_63_64_4714_ego_64,1,4714,4694,4726,vehicle_vehicle,0.41789704820499335,2.3292293100516033,0.6154321968366799,8.83534517775054,15.0,3.0,3.5,0.8,4.328104634825734,15.581176685372643
1,59,4712,400,162.0257,-35.7322,54.6357,2.0765,4.828,6.7394,9.4959,0.2306,0.2521,11.6444,-0.0001,0.3391,0.0422,car,64,157.7296,-33.4283,-2.8106,-3.5723,4.5453,0.034,232.2335,4.54541523405728,16.36349484260621,4.296099999999996,-2.3038999999999987,9.55,13.068200000000001,16.1858070926352,4.874877477434684,0,01_63_64_4714_ego_64,0,4714,4694,4726,vehicle_vehicle,0.41789704820499335,2.3292293100516033,0.6154321968366799,8.83534517775054,15.0,3.0,3.5,0.8,4.328104634825734,15.581176685372643
1,61,4712,321,146.1892,-45.6706,220.8755,2.0434,4.6049,0.0079,0.0055,-0.0102,-0.0015,-0.0096,-0.001,0.0087,0.0055,car,64,157.7296,-33.4283,-2.8106,-3.5723,4.5453,0.034,232.2335,4.54541523405728,16.36349484260621,-11.540400000000005,-12.2423,2.8185,3.5778,4.554623484987535,16.82423078330775,0,01_63_64_4714_ego_64,0,4714,4694,4726,vehicle_vehicle,0.41789704820499335,2.3292293100516033,0.6154321968366799,8.83534517775054,15.0,3.0,3.5,0.8,4.328104634825734,15.581176685372643
1,63,4712,194,150.4426,-41.5876,229.9148,2.0859,4.8916,-0.0525,-0.0438,0.1114,0.0854,0.0673,0.0119,-0.1371,-0.0303,car,64,157.7296,-33.4283,-2.8106,-3.5723,4.5453,0.034,232.2335,4.54541523405728,16.36349484260621,-7.287000000000006,-8.159300000000002,2.7580999999999998,3.5284999999999997,4.478551982505059,10.93958616630447,0,01_63_64_4714_ego_64,1,4714,4694,4726,vehicle_vehicle,0.41789704820499335,2.3292293100516033,0.6154321968366799,8.83534517775054,15.0,3.0,3.5,0.8,4.328104634825734,15.581176685372643
1,64,4712,51,157.7296,-33.4283,232.2335,2.0116,4.8337,-2.8106,-3.5723,1.6469,2.1926,4.5453,0.034,-2.7419,0.041,car,64,157.7296,-33.4283,-2.8106,-3.5723,4.5453,0.034,232.2335,4.54541523405728,16.36349484260621,0.0,0.0,0.0,0.0,0.0,0.0,1,01_63_64_4714_ego_64,1,4714,4694,4726,vehicle_vehicle,0.41789704820499335,2.3292293100516033,0.6154321968366799,8.83534517775054,15.0,3.0,3.5,0.8,4.328104634825734,15.581176685372643
1,59,4713,401,162.2942,-35.352,54.6241,2.0765,4.828,6.745,9.5026,0.2118,0.2183,11.6531,-0.0018,0.3007,0.0463,car,64,157.6181,-33.5691,-2.7451,-3.4854,4.4365,0.0328,232.1994,4.436618889424693,15.971828001928897,4.676099999999991,-1.782899999999998,9.4901,12.988,16.085712356311735,5.004462370724742,0,01_63_64_4714_ego_64,0,4714,4694,4726,vehicle_vehicle,0.41789704820499335,2.3292293100516033,0.6154321968366799,8.83534517775054,15.0,3.0,3.5,0.8,4.328104634825734,15.581176685372643
1,61,4713,322,146.1892,-45.6705,220.8816,2.0434,4.6049,0.0066,0.0047,-0.0128,-0.0034,-0.0081,-0.0008,0.0119,0.0058,car,64,157.6181,-33.5691,-2.7451,-3.4854,4.4365,0.0328,232.1994,4.436618889424693,15.971828001928897,-11.428899999999999,-12.101399999999998,2.7517,3.4901,4.444395448202151,16.64522866079045,0,01_63_64_4714_ego_64,0,4714,4694,4726,vehicle_vehicle,0.41789704820499335,2.3292293100516033,0.6154321968366799,8.83534517775054,15.0,3.0,3.5,0.8,4.328104634825734,15.581176685372643
1,63,4713,195,150.4412,-41.5894,229.9222,2.0859,4.8916,-0.0477,-0.0399,0.105,0.081,0.0612,0.0108,-0.1296,-0.0282,car,64,157.6181,-33.5691,-2.7451,-3.4854,4.4365,0.0328,232.1994,4.436618889424693,15.971828001928897,-7.176899999999989,-8.020299999999999,2.6974,3.4455,4.375778446173892,10.762578952091355,0,01_63_64_4714_ego_64,1,4714,4694,4726,vehicle_vehicle,0.41789704820499335,2.3292293100516033,0.6154321968366799,8.83534517775054,15.0,3.0,3.5,0.8,4.328104634825734,15.581176685372643
1,64,4713,52,157.6181,-33.5691,232.1994,2.0116,4.8337,-2.7451,-3.4854,1.6481,2.1899,4.4365,0.0328,-2.7405,0.04,car,64,157.6181,-33.5691,-2.7451,-3.4854,4.4365,0.0328,232.1994,4.436618889424693,15.971828001928897,0.0,0.0,0.0,0.0,0.0,0.0,1,01_63_64_4714_ego_64,1,4714,4694,4726,vehicle_vehicle,0.41789704820499335,2.3292293100516033,0.6154321968366799,8.83534517775054,15.0,3.0,3.5,0.8,4.328104634825734,15.581176685372643
1,59,4714,402,162.5637,-34.9717,54.6073,2.0765,4.828,6.75,9.508,0.1966,0.188,11.6603,-0.0042,0.2671,0.0514,car,64,157.5101,-33.7068,-2.6798,-3.3987,4.328,0.032,232.1676,4.328104634825734,15.581176685372643,5.053600000000017,-1.2648999999999972,9.4298,12.906699999999999,15.984493514966308,5.209495654091686,0,01_63_64_4714_ego_64,0,4714,4694,4726,vehicle_vehicle,0.41789704820499335,2.3292293100516033,0.6154321968366799,8.83534517775054,15.0,3.0,3.5,0.8,4.328104634825734,15.581176685372643
1,61,4714,323,146.1891,-45.6705,220.8857,2.0434,4.6049,0.0053,0.004,-0.0146,-0.0047,-0.0066,-0.0005,0.0141,0.006,car,64,157.5101,-33.7068,-2.6798,-3.3987,4.328,0.032,232.1676,4.328104634825734,15.581176685372643,-11.320999999999998,-11.963699999999996,2.6851000000000003,3.4027,4.334527575180483,16.47104000025499,0,01_63_64_4714_ego_64,0,4714,4694,4726,vehicle_vehicle,0.41789704820499335,2.3292293100516033,0.6154321968366799,8.83534517775054,15.0,3.0,3.5,0.8,4.328104634825734,15.581176685372643
1,63,4714,196,150.4395,-41.5905,229.9311,2.0859,4.8916,-0.0433,-0.0363,0.0982,0.0762,0.0556,0.0098,-0.1216,-0.0261,car,64,157.5101,-33.7068,-2.6798,-3.3987,4.328,0.032,232.1676,4.328104634825734,15.581176685372643,-7.070599999999985,-7.8836999999999975,2.6365000000000003,3.3624,4.272805402776963,10.589906045381127,0,01_63_64_4714_ego_64,1,4714,4694,4726,vehicle_vehicle,0.41789704820499335,2.3292293100516033,0.6154321968366799,8.83534517775054,15.0,3.0,3.5,0.8,4.328104634825734,15.581176685372643
1,64,4714,53,157.5101,-33.7068,232.1676,2.0116,4.8337,-2.6798,-3.3987,1.6498,2.188,4.328,0.032,-2.74,0.039,car,64,157.5101,-33.7068,-2.6798,-3.3987,4.328,0.032,232.1676,4.328104634825734,15.581176685372643,0.0,0.0,0.0,0.0,0.0,0.0,1,01_63_64_4714_ego_64,1,4714,4694,4726,vehicle_vehicle,0.41789704820499335,2.3292293100516033,0.6154321968366799,8.83534517775054,15.0,3.0,3.5,0.8,4.328104634825734,15.581176685372643
1,59,4715,403,162.8334,-34.5911,54.592,2.0765,4.828,6.7546,9.512,0.1847,0.161,11.6663,-0.0059,0.2383,0.0573,car,64,157.4045,-33.8412,-2.6145,-3.3119,4.2194,0.0311,232.1336,4.219513225479925,15.19024761172773,5.428899999999999,-0.7498999999999967,9.3691,12.8239,15.881827540305304,5.4804475382946585,0,01_63_64_4714_ego_64,0,4714,4694,4726,vehicle_vehicle,0.41789704820499335,2.3292293100516033,0.6154321968366799,8.83534517775054,15.0,3.0,3.5,0.8,4.328104634825734,15.581176685372643
1,61,4715,324,146.1887,-45.6704,220.8903,2.0434,4.6049,0.0042,0.0032,-0.0158,-0.0053,-0.0052,-0.0003,0.0154,0.0063,car,64,157.4045,-33.8412,-2.6145,-3.3119,4.2194,0.0311,232.1336,4.219513225479925,15.19024761172773,-11.215800000000002,-11.8292,2.6187,3.3151,4.224627522042624,16.30104727555871,0,01_63_64_4714_ego_64,0,4714,4694,4726,vehicle_vehicle,0.41789704820499335,2.3292293100516033,0.6154321968366799,8.83534517775054,15.0,3.0,3.5,0.8,4.328104634825734,15.581176685372643
1,63,4715,197,150.4383,-41.5917,229.9386,2.0859,4.8916,-0.0393,-0.0329,0.0914,0.0711,0.0505,0.0089,-0.1132,-0.0242,car,64,157.4045,-33.8412,-2.6145,-3.3119,4.2194,0.0311,232.1336,4.219513225479925,15.19024761172773,-6.966200000000015,-7.750500000000002,2.5752,3.279,4.16935199281615,10.421045662024529,0,01_63_64_4714_ego_64,1,4714,4694,4726,vehicle_vehicle,0.41789704820499335,2.3292293100516033,0.6154321968366799,8.83534517775054,15.0,3.0,3.5,0.8,4.328104634825734,15.581176685372643
1,64,4715,54,157.4045,-33.8412,232.1336,2.0116,4.8337,-2.6145,-3.3119,1.6522,2.1869,4.2194,0.0311,-2.7406,0.0381,car,64,157.4045,-33.8412,-2.6145,-3.3119,4.2194,0.0311,232.1336,4.219513225479925,15.19024761172773,0.0,0.0,0.0,0.0,0.0,0.0,1,01_63_64_4714_ego_64,1,4714,4694,4726,vehicle_vehicle,0.41789704820499335,2.3292293100516033,0.6154321968366799,8.83534517775054,15.0,3.0,3.5,0.8,4.328104634825734,15.581176685372643
1,59,4716,404,163.1033,-34.2107,54.5753,2.0765,4.828,6.7589,9.5151,0.176,0.1375,11.6713,-0.0076,0.2141,0.0637,car,64,157.3017,-33.9722,-2.5493,-3.225,4.1109,0.0302,232.0957,4.110906893861743,14.799264817902275,5.801599999999979,-0.23850000000000193,9.3082,12.7401,15.778236126069352,5.806500220442582,0,01_63_64_4714_ego_64,0,4714,4694,4726,vehicle_vehicle,0.41789704820499335,2.3292293100516033,0.6154321968366799,8.83534517775054,15.0,3.0,3.5,0.8,4.328104634825734,15.581176685372643
1,61,4716,325,146.1886,-45.6704,220.8991,2.0434,4.6049,0.0031,0.0024,-0.0164,-0.0054,-0.0039,-0.0002,0.016,0.0066,car,64,157.3017,-33.9722,-2.5493,-3.225,4.1109,0.0302,232.0957,4.110906893861743,14.799264817902275,-11.113100000000003,-11.6982,2.5524,3.2274000000000003,4.11471220378777,16.135330019866345,0,01_63_64_4714_ego_64,0,4714,4694,4726,vehicle_vehicle,0.41789704820499335,2.3292293100516033,0.6154321968366799,8.83534517775054,15.0,3.0,3.5,0.8,4.328104634825734,15.581176685372643
1,63,4716,198,150.4374,-41.5926,229.9496,2.0859,4.8916,-0.0359,-0.03,0.0846,0.0658,0.046,0.0082,-0.1048,-0.0224,car,64,157.3017,-33.9722,-2.5493,-3.225,4.1109,0.0302,232.0957,4.110906893861743,14.799264817902275,-6.864300000000014,-7.6203999999999965,2.5134000000000003,3.1950000000000003,4.065120485299298,10.25617426967776,0,01_63_64_4714_ego_64,1,4714,4694,4726,vehicle_vehicle,0.41789704820499335,2.3292293100516033,0.6154321968366799,8.83534517775054,15.0,3.0,3.5,0.8,4.328104634825734,15.581176685372643
1,64,4716,55,157.3017,-33.9722,232.0957,2.0116,4.8337,-2.5493,-3.225,1.6554,2.1866,4.1109,0.0302,-2.7423,0.0371,car,64,157.3017,-33.9722,-2.5493,-3.225,4.1109,0.0302,232.0957,4.110906893861743,14.799264817902275,0.0,0.0,0.0,0.0,0.0,0.0,1,01_63_64_4714_ego_64,1,4714,4694,4726,vehicle_vehicle,0.41789704820499335,2.3292293100516033,0.6154321968366799,8.83534517775054,15.0,3.0,3.5,0.8,4.328104634825734,15.581176685372643
1,59,4717,405,163.3734,-33.8304,54.5674,2.0765,4.828,6.763,9.5174,0.1704,0.1173,11.6755,-0.0072,0.1943,0.0708,car,64,157.2007,-34.1001,-2.4839,-3.1379,4.0019,0.0294,232.0578,4.002021441721671,14.407277190198016,6.172699999999992,0.2697000000000003,9.2469,12.6553,15.673601299637554,6.1785891091737035,0,01_63_64_4714_ego_64,0,4714,4694,4726,vehicle_vehicle,0.41789704820499335,2.3292293100516033,0.6154321968366799,8.83534517775054,15.0,3.0,3.5,0.8,4.328104634825734,15.581176685372643
1,61,4717,326,146.1886,-45.6707,220.915,2.0434,4.6049,0.002,0.0018,-0.0166,-0.005,-0.0027,0.0,0.0158,0.0071,car,64,157.2007,-34.1001,-2.4839,-3.1379,4.0019,0.0294,232.0578,4.002021441721671,14.407277190198016,-11.012100000000004,-11.570599999999999,2.4859,3.1397,4.004674131561768,15.973262996958388,0,01_63_64_4714_ego_64,0,4714,4694,4726,vehicle_vehicle,0.41789704820499335,2.3292293100516033,0.6154321968366799,8.83534517775054,15.0,3.0,3.5,0.8,4.328104634825734,15.581176685372643
1,63,4717,199,150.4363,-41.5936,229.9634,2.0859,4.8916,-0.0328,-0.0273,0.078,0.0604,0.042,0.0075,-0.0964,-0.0209,car,64,157.2007,-34.1001,-2.4839,-3.1379,4.0019,0.0294,232.0578,4.002021441721671,14.407277190198016,-6.764400000000023,-7.4935000000000045,2.4511000000000003,3.1106000000000003,3.960268118448548,10.095030936554894,0,01_63_64_4714_ego_64,1,4714,4694,4726,vehicle_vehicle,0.41789704820499335,2.3292293100516033,0.6154321968366799,8.83534517775054,15.0,3.0,3.5,0.8,4.328104634825734,15.581176685372643
1,64,4717,56,157.2007,-34.1001,232.0578,2.0116,4.8337,-2.4839,-3.1379,1.6594,2.1867,4.0019,0.0294,-2.7448,0.0359,car,64,157.2007,-34.1001,-2.4839,-3.1379,4.0019,0.0294,232.0578,4.002021441721671,14.407277190198016,0.0,0.0,0.0,0.0,0.0,0.0,1,01_63_64_4714_ego_64,1,4714,4694,4726,vehicle_vehicle,0.41789704820499335,2.3292293100516033,0.6154321968366799,8.83534517775054,15.0,3.0,3.5,0.8,4.328104634825734,15.581176685372643
1,59,4718,406,163.6434,-33.4495,54.5578,2.0765,4.828,6.7671,9.5188,0.1675,0.1003,11.6791,-0.0066,0.1788,0.0783,car,64,157.1021,-34.2246,-2.418,-3.0505,3.8925,0.0287,232.0205,3.892592227552226,14.013332019188013,6.541300000000007,0.7751000000000019,9.1851,12.5693,15.567702608284884,6.5870619930284615,0,01_63_64_4714_ego_64,0,4714,4694,4726,vehicle_vehicle,0.41789704820499335,2.3292293100516033,0.6154321968366799,8.83534517775054,15.0,3.0,3.5,0.8,4.328104634825734,15.581176685372643
1,61,4718,327,146.1884,-45.6711,220.937,2.0434,4.6049,0.0011,0.0013,-0.0165,-0.0043,-0.0017,0.0003,0.0152,0.0076,car,64,157.1021,-34.2246,-2.418,-3.0505,3.8925,0.0287,232.0205,3.892592227552226,14.013332019188013,-10.913700000000006,-11.4465,2.4191000000000003,3.0518,3.894294294220713,15.81553697918601,0,01_63_64_4714_ego_64,0,4714,4694,4726,vehicle_vehicle,0.41789704820499335,2.3292293100516033,0.6154321968366799,8.83534517775054,15.0,3.0,3.5,0.8,4.328104634825734,15.581176685372643
1,63,4718,200,150.435,-41.5945,229.9805,2.0859,4.8916,-0.0299,-0.0249,0.0718,0.055,0.0383,0.0069,-0.0883,-0.0196,car,64,157.1021,-34.2246,-2.418,-3.0505,3.8925,0.0287,232.0205,3.892592227552226,14.013332019188013,-6.667100000000005,-7.369899999999994,2.3881,3.0256,3.8545138435346162,9.938090783445277,0,01_63_64_4714_ego_64,1,4714,4694,4726,vehicle_vehicle,0.41789704820499335,2.3292293100516033,0.6154321968366799,8.83534517775054,15.0,3.0,3.5,0.8,4.328104634825734,15.581176685372643
1,64,4718,57,157.1021,-34.2246,232.0205,2.0116,4.8337,-2.418,-3.0505,1.6641,2.187,3.8925,0.0287,-2.7479,0.0342,car,64,157.1021,-34.2246,-2.418,-3.0505,3.8925,0.0287,232.0205,3.892592227552226,14.013332019188013,0.0,0.0,0.0,0.0,0.0,0.0,1,01_63_64_4714_ego_64,1,4714,4694,4726,vehicle_vehicle,0.41789704820499335,2.3292293100516033,0.6154321968366799,8.83534517775054,15.0,3.0,3.5,0.8,4.328104634825734,15.581176685372643
1,59,4719,407,163.9138,-33.0689,54.5446,2.0765,4.828,6.7713,9.5197,0.1672,0.0865,11.6822,-0.0064,0.1675,0.0861,car,64,157.0068,-34.3459,-2.352,-2.9627,3.7827,0.0285,231.9867,3.782789353109686,13.61804167119487,6.907000000000011,1.277000000000001,9.1233,12.4824,15.461077344415557,7.024057089745225,0,01_63_64_4714_ego_64,0,4714,4694,4726,vehicle_vehicle,0.41789704820499335,2.3292293100516033,0.6154321968366799,8.83534517775054,15.0,3.0,3.5,0.8,4.328104634825734,15.581176685372643
1,61,4719,328,146.1883,-45.6712,220.9623,2.0434,4.6049,0.0002,0.001,-0.0161,-0.0034,-0.0008,0.0007,0.0143,0.008,car,64,157.0068,-34.3459,-2.352,-2.9627,3.7827,0.0285,231.9867,3.782789353109686,13.61804167119487,-10.8185,-11.325299999999999,2.3522,2.9637,3.7836969395024225,15.662131474994073,0,01_63_64_4714_ego_64,0,4714,4694,4726,vehicle_vehicle,0.41789704820499335,2.3292293100516033,0.6154321968366799,8.83534517775054,15.0,3.0,3.5,0.8,4.328104634825734,15.581176685372643
1,63,4719,201,150.434,-41.5953,229.9935,2.0859,4.8916,-0.0274,-0.0227,0.0658,0.0495,0.035,0.0064,-0.0803,-0.0186,car,64,157.0068,-34.3459,-2.352,-2.9627,3.7827,0.0285,231.9867,3.782789353109686,13.61804167119487,-6.572800000000001,-7.249400000000001,2.3245999999999998,2.94,3.7479814780758987,9.785473938445701,0,01_63_64_4714_ego_64,1,4714,4694,4726,vehicle_vehicle,0.41789704820499335,2.3292293100516033,0.6154321968366799,8.83534517775054,15.0,3.0,3.5,0.8,4.328104634825734,15.581176685372643
1,64,4719,58,157.0068,-34.3459,231.9867,2.0116,4.8337,-2.352,-2.9627,1.6692,2.1872,3.7827,0.0285,-2.7512,0.0318,car,64,157.0068,-34.3459,-2.352,-2.9627,3.7827,0.0285,231.9867,3.782789353109686,13.61804167119487,0.0,0.0,0.0,0.0,0.0,0.0,1,01_63_64_4714_ego_64,1,4714,4694,4726,vehicle_vehicle,0.41789704820499335,2.3292293100516033,0.6154321968366799,8.83534517775054,15.0,3.0,3.5,0.8,4.328104634825734,15.581176685372643
1,59,4720,408,164.1843,-32.6883,54.5368,2.0765,4.828,6.7757,9.5201,0.1694,0.0758,11.6851,-0.0047,0.16,0.094,car,64,156.9134,-34.4634,-2.2855,-2.8746,3.6723,0.0284,231.9549,3.672442703433234,13.220793732359644,7.270900000000012,1.775100000000002,9.0612,12.3947,15.353629327621531,7.4844483310395145,0,01_63_64_4714_ego_64,0,4714,4694,4726,vehicle_vehicle,0.41789704820499335,2.3292293100516033,0.6154321968366799,8.83534517775054,15.0,3.0,3.5,0.8,4.328104634825734,15.581176685372643
1,61,4720,329,146.1883,-45.6716,220.9981,2.0434,4.6049,-0.0007,0.0009,-0.0154,-0.0024,-0.0,0.0011,0.0132,0.0083,car,64,156.9134,-34.4634,-2.2855,-2.8746,3.6723,0.0284,231.9549,3.672442703433234,13.220793732359644,-10.725099999999998,-11.208199999999998,2.2847999999999997,2.8755,3.672711707989071,15.512946762301478,0,01_63_64_4714_ego_64,0,4714,4694,4726,vehicle_vehicle,0.41789704820499335,2.3292293100516033,0.6154321968366799,8.83534517775054,15.0,3.0,3.5,0.8,4.328104634825734,15.581176685372643
1,63,4720,202,150.4329,-41.5958,230.0096,2.0859,4.8916,-0.025,-0.0209,0.0602,0.0442,0.0321,0.0057,-0.0726,-0.0177,car,64,156.9134,-34.4634,-2.2855,-2.8746,3.6723,0.0284,231.9549,3.672442703433234,13.220793732359644,-6.480500000000006,-7.132399999999997,2.2605,2.8537,3.6405307222986045,9.636804968971823,0,01_63_64_4714_ego_64,1,4714,4694,4726,vehicle_vehicle,0.41789704820499335,2.3292293100516033,0.6154321968366799,8.83534517775054,15.0,3.0,3.5,0.8,4.328104634825734,15.581176685372643
1,64,4720,59,156.9134,-34.4634,231.9549,2.0116,4.8337,-2.2855,-2.8746,1.6748,2.1869,3.6723,0.0284,-2.7544,0.0288,car,64,156.9134,-34.4634,-2.2855,-2.8746,3.6723,0.0284,231.9549,3.672442703433234,13.220793732359644,0.0,0.0,0.0,0.0,0.0,0.0,1,01_63_64_4714_ego_64,1,4714,4694,4726,vehicle_vehicle,0.41789704820499335,2.3292293100516033,0.6154321968366799,8.83534517775054,15.0,3.0,3.5,0.8,4.328104634825734,15.581176685372643
1,59,4721,409,164.4557,-32.3082,54.5343,2.0765,4.828,6.78,9.5203,0.1739,0.068,11.6878,-0.0018,0.1563,0.1022,car,64,156.8227,-34.5773,-2.2186,-2.7862,3.5615,0.0282,231.9239,3.5616142969164977,12.821811468899392,7.63300000000001,2.2691000000000017,8.9986,12.3065,15.245482747686278,7.9631340444576315,0,01_63_64_4714_ego_64,0,4714,4694,4726,vehicle_vehicle,0.41789704820499335,2.3292293100516033,0.6154321968366799,8.83534517775054,15.0,3.0,3.5,0.8,4.328104634825734,15.581176685372643
1,61,4721,330,146.1886,-45.672,221.0328,2.0434,4.6049,-0.0017,0.001,-0.0144,-0.0015,0.0007,0.0019,0.0118,0.0083,car,64,156.8227,-34.5773,-2.2186,-2.7862,3.5615,0.0282,231.9239,3.5616142969164977,12.821811468899392,-10.63409999999999,-11.094699999999996,2.2169,2.7872,3.561338154402078,15.368033410296832,0,01_63_64_4714_ego_64,0,4714,4694,4726,vehicle_vehicle,0.41789704820499335,2.3292293100516033,0.6154321968366799,8.83534517775054,15.0,3.0,3.5,0.8,4.328104634825734,15.581176685372643
1,63,4721,203,150.4321,-41.5965,230.0236,2.0859,4.8916,-0.023,-0.0193,0.0549,0.0391,0.0296,0.0052,-0.0652,-0.0169,car,64,156.8227,-34.5773,-2.2186,-2.7862,3.5615,0.0282,231.9239,3.5616142969164977,12.821811468899392,-6.390600000000006,-7.019199999999998,2.1955999999999998,2.7669,3.532194073093946,9.492572728191238,0,01_63_64_4714_ego_64,1,4714,4694,4726,vehicle_vehicle,0.41789704820499335,2.3292293100516033,0.6154321968366799,8.83534517775054,15.0,3.0,3.5,0.8,4.328104634825734,15.581176685372643
1,64,4721,60,156.8227,-34.5773,231.9239,2.0116,4.8337,-2.2186,-2.7862,1.6806,2.1859,3.5615,0.0282,-2.7571,0.0251,car,64,156.8227,-34.5773,-2.2186,-2.7862,3.5615,0.0282,231.9239,3.5616142969164977,12.821811468899392,0.0,0.0,0.0,0.0,0.0,0.0,1,01_63_64_4714_ego_64,1,4714,4694,4726,vehicle_vehicle,0.41789704820499335,2.3292293100516033,0.6154321968366799,8.83534517775054,15.0,3.0,3.5,0.8,4.328104634825734,15.581176685372643
1,59,4722,410,164.7265,-31.9281,54.527,2.0765,4.828,6.7848,9.5206,0.1807,0.0629,11.6908,0.0004,0.1561,0.1107,car,64,156.7342,-34.6871,-2.1509,-2.6979,3.4503,0.0279,231.8982,3.450367403625301,12.421322653051085,7.9923,2.7590000000000003,8.9357,12.2185,15.137320659218396,8.455113262990627,0,01_63_64_4714_ego_64,0,4714,4694,4726,vehicle_vehicle,0.41789704820499335,2.3292293100516033,0.6154321968366799,8.83534517775054,15.0,3.0,3.5,0.8,4.328104634825734,15.581176685372643
1,61,4722,331,146.1887,-45.6722,221.0584,2.0434,4.6049,-0.0027,0.0012,-0.013,-0.0008,0.0013,0.0027,0.0104,0.0079,car,64,156.7342,-34.6871,-2.1509,-2.6979,3.4503,0.0279,231.8982,3.450367403625301,12.421322653051085,-10.545499999999976,-10.985099999999996,2.1482,2.6991,3.4496237548463164,15.227606255088139,0,01_63_64_4714_ego_64,0,4714,4694,4726,vehicle_vehicle,0.41789704820499335,2.3292293100516033,0.6154321968366799,8.83534517775054,15.0,3.0,3.5,0.8,4.328104634825734,15.581176685372643
1,63,4722,204,150.4313,-41.5968,230.0397,2.0859,4.8916,-0.0212,-0.0182,0.0499,0.0343,0.0276,0.0046,-0.0583,-0.0162,car,64,156.7342,-34.6871,-2.1509,-2.6979,3.4503,0.0279,231.8982,3.450367403625301,12.421322653051085,-6.302899999999994,-6.909700000000001,2.1297,2.6797,3.4229247990570872,9.352566626333111,0,01_63_64_4714_ego_64,1,4714,4694,4726,vehicle_vehicle,0.41789704820499335,2.3292293100516033,0.6154321968366799,8.83534517775054,15.0,3.0,3.5,0.8,4.328104634825734,15.581176685372643
1,64,4722,61,156.7342,-34.6871,231.8982,2.0116,4.8337,-2.1509,-2.6979,1.6862,2.1839,3.4503,0.0279,-2.759,0.0207,car,64,156.7342,-34.6871,-2.1509,-2.6979,3.4503,0.0279,231.8982,3.450367403625301,12.421322653051085,0.0,0.0,0.0,0.0,0.0,0.0,1,01_63_64_4714_ego_64,1,4714,4694,4726,vehicle_vehicle,0.41789704820499335,2.3292293100516033,0.6154321968366799,8.83534517775054,15.0,3.0,3.5,0.8,4.328104634825734,15.581176685372643
1,59,4723,411,164.997,-31.5487,54.523,2.0765,4.828,6.7902,9.5213,0.1895,0.0599,11.6945,0.0037,0.1588,0.1196,car,64,156.6485,-34.7935,-2.0827,-2.6095,3.3386,0.0273,231.8737,3.3387317262697227,12.019434214571001,8.348500000000001,3.2448000000000015,8.8729,12.1308,15.029459838929675,8.956906792526091,0,01_63_64_4714_ego_64,0,4714,4694,4726,vehicle_vehicle,0.41789704820499335,2.3292293100516033,0.6154321968366799,8.83534517775054,15.0,3.0,3.5,0.8,4.328104634825734,15.581176685372643
1,61,4723,332,146.1885,-45.6722,221.0751,2.0434,4.6049,-0.0037,0.0015,-0.0112,-0.0005,0.0018,0.0035,0.0087,0.007,car,64,156.6485,-34.7935,-2.0827,-2.6095,3.3386,0.0273,231.8737,3.3387317262697227,12.019434214571001,-10.460000000000008,-10.878699999999995,2.079,2.611,3.337598238254569,15.091643836573935,0,01_63_64_4714_ego_64,0,4714,4694,4726,vehicle_vehicle,0.41789704820499335,2.3292293100516033,0.6154321968366799,8.83534517775054,15.0,3.0,3.5,0.8,4.328104634825734,15.581176685372643
1,63,4723,205,150.4309,-41.5972,230.0516,2.0859,4.8916,-0.0198,-0.0174,0.0455,0.03,0.026,0.004,-0.0522,-0.0156,car,64,156.6485,-34.7935,-2.0827,-2.6095,3.3386,0.0273,231.8737,3.3387317262697227,12.019434214571001,-6.2176000000000045,-6.803699999999999,2.0629,2.5921000000000003,3.312784149322138,9.216771856241209,0,01_63_64_4714_ego_64,1,4714,4694,4726,vehicle_vehicle,0.41789704820499335,2.3292293100516033,0.6154321968366799,8.83534517775054,15.0,3.0,3.5,0.8,4.328104634825734,15.581176685372643
1,64,4723,62,156.6485,-34.7935,231.8737,2.0116,4.8337,-2.0827,-2.6095,1.6912,2.181,3.3386,0.0273,-2.7598,0.0162,car,64,156.6485,-34.7935,-2.0827,-2.6095,3.3386,0.0273,231.8737,3.3387317262697227,12.019434214571001,0.0,0.0,0.0,0.0,0.0,0.0,1,01_63_64_4714_ego_64,1,4714,4694,4726,vehicle_vehicle,0.41789704820499335,2.3292293100516033,0.6154321968366799,8.83534517775054,15.0,3.0,3.5,0.8,4.328104634825734,15.581176685372643
1,59,4724,412,165.2674,-31.1693,54.5201,2.0765,4.828,6.7966,9.5224,0.1998,0.0584,11.6992,0.0076,0.1635,0.1288,car,64,156.565,-34.8963,-2.0136,-2.5211,3.2265,0.0264,231.8537,3.2265353198128794,11.615527151326367,8.702400000000011,3.7269999999999968,8.8102,12.0435,14.921980977403772,9.466905236665262,0,01_63_64_4714_ego_64,0,4714,4694,4726,vehicle_vehicle,0.41789704820499335,2.3292293100516033,0.6154321968366799,8.83534517775054,15.0,3.0,3.5,0.8,4.328104634825734,15.581176685372643
1,61,4724,333,146.1881,-45.6719,221.0902,2.0434,4.6049,-0.0045,0.0016,-0.009,-0.0003,0.0023,0.0042,0.007,0.0056,car,64,156.565,-34.8963,-2.0136,-2.5211,3.2265,0.0264,231.8537,3.2265353198128794,11.615527151326367,-10.376900000000006,-10.775600000000004,2.0090999999999997,2.5227,3.224980325521382,14.959732917736206,0,01_63_64_4714_ego_64,0,4714,4694,4726,vehicle_vehicle,0.41789704820499335,2.3292293100516033,0.6154321968366799,8.83534517775054,15.0,3.0,3.5,0.8,4.328104634825734,15.581176685372643
1,63,4724,206,150.4303,-41.5974,230.0627,2.0859,4.8916,-0.0186,-0.0169,0.0416,0.0263,0.0249,0.0034,-0.0469,-0.0151,car,64,156.565,-34.8963,-2.0136,-2.5211,3.2265,0.0264,231.8537,3.2265353198128794,11.615527151326367,-6.134700000000009,-6.701100000000004,1.9949999999999999,2.5042,3.2017249475868472,9.085113389496037,0,01_63_64_4714_ego_64,1,4714,4694,4726,vehicle_vehicle,0.41789704820499335,2.3292293100516033,0.6154321968366799,8.83534517775054,15.0,3.0,3.5,0.8,4.328104634825734,15.581176685372643
1,64,4724,63,156.565,-34.8963,231.8537,2.0116,4.8337,-2.0136,-2.5211,1.695,2.1769,3.2265,0.0264,-2.759,0.0116,car,64,156.565,-34.8963,-2.0136,-2.5211,3.2265,0.0264,231.8537,3.2265353198128794,11.615527151326367,0.0,0.0,0.0,0.0,0.0,0.0,1,01_63_64_4714_ego_64,1,4714,4694,4726,vehicle_vehicle,0.41789704820499335,2.3292293100516033,0.6154321968366799,8.83534517775054,15.0,3.0,3.5,0.8,4.328104634825734,15.581176685372643
1,59,4725,413,165.5383,-30.7904,54.5133,2.0765,4.828,6.8038,9.5243,0.2111,0.0578,11.7049,0.011,0.1696,0.1384,car,64,156.4846,-34.9962,-1.9439,-2.4326,3.1138,0.0251,231.8337,3.1138866340957243,11.209991882744609,9.053699999999992,4.2058,8.7477,11.956900000000001,14.815185213152079,9.982897241282204,0,01_63_64_4714_ego_64,0,4714,4694,4726,vehicle_vehicle,0.41789704820499335,2.3292293100516033,0.6154321968366799,8.83534517775054,15.0,3.0,3.5,0.8,4.328104634825734,15.581176685372643
1,61,4725,334,146.1875,-45.6714,221.0965,2.0434,4.6049,-0.005,0.0017,-0.0065,-0.0003,0.0027,0.0046,0.0051,0.004,car,64,156.4846,-34.9962,-1.9439,-2.4326,3.1138,0.0251,231.8337,3.1138866340957243,11.209991882744609,-10.2971,-10.675199999999997,1.9389,2.4343,3.1120973153164733,14.832065380451906,0,01_63_64_4714_ego_64,0,4714,4694,4726,vehicle_vehicle,0.41789704820499335,2.3292293100516033,0.6154321968366799,8.83534517775054,15.0,3.0,3.5,0.8,4.328104634825734,15.581176685372643
1,63,4725,207,150.4294,-41.5979,230.0752,2.0859,4.8916,-0.0175,-0.0166,0.0384,0.0233,0.0239,0.0028,-0.0425,-0.0145,car,64,156.4846,-34.9962,-1.9439,-2.4326,3.1138,0.0251,231.8337,3.1138866340957243,11.209991882744609,-6.0552000000000135,-6.601700000000001,1.9264,2.416,3.089995624592371,8.958118660187537,0,01_63_64_4714_ego_64,1,4714,4694,4726,vehicle_vehicle,0.41789704820499335,2.3292293100516033,0.6154321968366799,8.83534517775054,15.0,3.0,3.5,0.8,4.328104634825734,15.581176685372643
1,64,4725,64,156.4846,-34.9962,231.8337,2.0116,4.8337,-1.9439,-2.4326,1.6972,2.1716,3.1138,0.0251,-2.7562,0.0075,car,64,156.4846,-34.9962,-1.9439,-2.4326,3.1138,0.0251,231.8337,3.1138866340957243,11.209991882744609,0.0,0.0,0.0,0.0,0.0,0.0,1,01_63_64_4714_ego_64,1,4714,4694,4726,vehicle_vehicle,0.41789704820499335,2.3292293100516033,0.6154321968366799,8.83534517775054,15.0,3.0,3.5,0.8,4.328104634825734,15.581176685372643
1,59,4726,414,165.8091,-30.4109,54.4981,2.0765,4.828,6.8121,9.5268,0.2229,0.0573,11.7117,0.0132,0.1761,0.1482,car,64,156.4064,-35.0927,-1.8734,-2.344,3.0006,0.0236,231.8176,3.000660520618752,10.802377874227508,9.40270000000001,4.681799999999999,8.6855,11.8708,14.708970150557787,10.50380971505102,0,01_63_64_4714_ego_64,0,4714,4694,4726,vehicle_vehicle,0.41789704820499335,2.3292293100516033,0.6154321968366799,8.83534517775054,15.0,3.0,3.5,0.8,4.328104634825734,15.581176685372643
1,61,4726,335,146.1869,-45.6711,221.1008,2.0434,4.6049,-0.0053,0.0016,-0.0039,-0.0003,0.0029,0.0047,0.0032,0.0023,car,64,156.4064,-35.0927,-1.8734,-2.344,3.0006,0.0236,231.8176,3.000660520618752,10.802377874227508,-10.219499999999982,-10.578400000000002,1.8680999999999999,2.3455999999999997,2.9986058377185887,14.70852565045184,0,01_63_64_4714_ego_64,0,4714,4694,4726,vehicle_vehicle,0.41789704820499335,2.3292293100516033,0.6154321968366799,8.83534517775054,15.0,3.0,3.5,0.8,4.328104634825734,15.581176685372643
1,63,4726,208,150.4285,-41.5987,230.0885,2.0859,4.8916,-0.0164,-0.0164,0.0356,0.0211,0.0231,0.0021,-0.039,-0.0138,car,64,156.4064,-35.0927,-1.8734,-2.344,3.0006,0.0236,231.8176,3.000660520618752,10.802377874227508,-5.977899999999977,-6.506,1.857,2.3276,2.9776115864900845,8.83534517775054,0,01_63_64_4714_ego_64,1,4714,4694,4726,vehicle_vehicle,0.41789704820499335,2.3292293100516033,0.6154321968366799,8.83534517775054,15.0,3.0,3.5,0.8,4.328104634825734,15.581176685372643
1,64,4726,65,156.4064,-35.0927,231.8176,2.0116,4.8337,-1.8734,-2.344,1.6972,2.1647,3.0006,0.0236,-2.7507,0.0041,car,64,156.4064,-35.0927,-1.8734,-2.344,3.0006,0.0236,231.8176,3.000660520618752,10.802377874227508,0.0,0.0,0.0,0.0,0.0,0.0,1,01_63_64_4714_ego_64,1,4714,4694,4726,vehicle_vehicle,0.41789704820499335,2.3292293100516033,0.6154321968366799,8.83534517775054,15.0,3.0,3.5,0.8,4.328104634825734,15.581176685372643
1,59,4727,415,166.0806,-30.0308,54.4748,2.0765,4.828,6.8213,9.5297,0.2346,0.0565,11.7194,0.0143,0.1823,0.1581,car,64,156.3322,-35.1859,-1.8027,-2.2551,2.887,0.0222,231.8027,2.887075215507902,10.393470775828447,9.748400000000004,5.155099999999997,8.624,11.7848,14.603249194614191,11.027527309873236,0,01_63_64_4714_ego_64,0,4714,4694,4726,vehicle_vehicle,0.41789704820499335,2.3292293100516033,0.6154321968366799,8.83534517775054,15.0,3.0,3.5,0.8,4.328104634825734,15.581176685372643
1,61,4727,336,146.1864,-45.6709,221.0982,2.0434,4.6049,-0.0053,0.0014,-0.0014,-0.0002,0.0031,0.0046,0.0012,0.0008,car,64,156.3322,-35.1859,-1.8027,-2.2551,2.887,0.0222,231.8027,2.887075215507902,10.393470775828447,-10.145800000000008,-10.485000000000007,1.7973999999999999,2.2565,2.884863776679932,14.590150192510023,0,01_63_64_4714_ego_64,0,4714,4694,4726,vehicle_vehicle,0.41789704820499335,2.3292293100516033,0.6154321968366799,8.83534517775054,15.0,3.0,3.5,0.8,4.328104634825734,15.581176685372643
1,63,4727,209,150.4277,-41.5995,230.1005,2.0859,4.8916,-0.0154,-0.0162,0.0333,0.0195,0.0223,0.0014,-0.0363,-0.013,car,64,156.3322,-35.1859,-1.8027,-2.2551,2.887,0.0222,231.8027,2.887075215507902,10.393470775828447,-5.904500000000013,-6.413600000000002,1.7872999999999999,2.2389,2.864806188907026,8.717647917299722,0,01_63_64_4714_ego_64,1,4714,4694,4726,vehicle_vehicle,0.41789704820499335,2.3292293100516033,0.6154321968366799,8.83534517775054,15.0,3.0,3.5,0.8,4.328104634825734,15.581176685372643
1,64,4727,66,156.3322,-35.1859,231.8027,2.0116,4.8337,-1.8027,-2.2551,1.6944,2.1558,2.887,0.0222,-2.742,0.0015,car,64,156.3322,-35.1859,-1.8027,-2.2551,2.887,0.0222,231.8027,2.887075215507902,10.393470775828447,0.0,0.0,0.0,0.0,0.0,0.0,1,01_63_64_4714_ego_64,1,4714,4694,4726,vehicle_vehicle,0.41789704820499335,2.3292293100516033,0.6154321968366799,8.83534517775054,15.0,3.0,3.5,0.8,4.328104634825734,15.581176685372643
1,59,4728,416,166.3526,-29.6499,54.4436,2.0765,4.828,6.8314,9.5326,0.2458,0.055,11.7277,0.0144,0.1877,0.1679,car,64,156.2611,-35.2757,-1.7319,-2.1661,2.7733,0.0208,231.7857,2.773349386572128,9.984057791659662,10.091499999999996,5.625800000000002,8.5633,11.6987,14.497920146696904,11.553700614521736,0,01_63_64_4714_ego_64,0,4714,4694,4726,vehicle_vehicle,0.41789704820499335,2.3292293100516033,0.6154321968366799,8.83534517775054,15.0,3.0,3.5,0.8,4.328104634825734,15.581176685372643
1,61,4728,337,146.1861,-45.6707,221.0943,2.0434,4.6049,-0.0052,0.0012,0.0009,0.0001,0.0031,0.0044,-0.0007,-0.0005,car,64,156.2611,-35.2757,-1.7319,-2.1661,2.7733,0.0208,231.7857,2.773349386572128,9.984057791659662,-10.074999999999989,-10.394999999999996,1.7267,2.1673,2.7710435182436237,14.47624433338978,0,01_63_64_4714_ego_64,0,4714,4694,4726,vehicle_vehicle,0.41789704820499335,2.3292293100516033,0.6154321968366799,8.83534517775054,15.0,3.0,3.5,0.8,4.328104634825734,15.581176685372643
1,63,4728,210,150.4268,-41.6005,230.1127,2.0859,4.8916,-0.0143,-0.0159,0.0313,0.0186,0.0214,0.0008,-0.0343,-0.0121,car,64,156.2611,-35.2757,-1.7319,-2.1661,2.7733,0.0208,231.7857,2.773349386572128,9.984057791659662,-5.834300000000013,-6.324799999999996,1.7176,2.1502000000000003,2.7520010537788684,8.604774926167455,0,01_63_64_4714_ego_64,1,4714,4694,4726,vehicle_vehicle,0.41789704820499335,2.3292293100516033,0.6154321968366799,8.83534517775054,15.0,3.0,3.5,0.8,4.328104634825734,15.581176685372643
1,64,4728,67,156.2611,-35.2757,231.7857,2.0116,4.8337,-1.7319,-2.1661,1.6887,2.1444,2.7733,0.0208,-2.7295,-0.0003,car,64,156.2611,-35.2757,-1.7319,-2.1661,2.7733,0.0208,231.7857,2.773349386572128,9.984057791659662,0.0,0.0,0.0,0.0,0.0,0.0,1,01_63_64_4714_ego_64,1,4714,4694,4726,vehicle_vehicle,0.41789704820499335,2.3292293100516033,0.6154321968366799,8.83534517775054,15.0,3.0,3.5,0.8,4.328104634825734,15.581176685372643
1,59,4729,417,166.6255,-29.2678,54.4127,2.0765,4.828,6.8422,9.5352,0.2562,0.053,11.736,0.0153,0.1922,0.1775,car,64,156.1932,-35.3614,-1.6613,-2.0772,2.6598,0.0197,231.7712,2.659826597731514,9.57537575183345,10.432299999999998,6.093600000000002,8.5035,11.6124,14.392961683058841,12.081591130724462,0,01_63_64_4714_ego_64,0,4714,4694,4726,vehicle_vehicle,0.41789704820499335,2.3292293100516033,0.6154321968366799,8.83534517775054,15.0,3.0,3.5,0.8,4.328104634825734,15.581176685372643
1,61,4729,338,146.1858,-45.6706,221.0937,2.0434,4.6049,-0.005,0.001,0.0031,0.0006,0.0031,0.0041,-0.0027,-0.0016,car,64,156.1932,-35.3614,-1.6613,-2.0772,2.6598,0.0197,231.7712,2.659826597731514,9.57537575183345,-10.00739999999999,-10.309199999999997,1.6563,2.0782,2.6574884628159725,14.367590591327405,0,01_63_64_4714_ego_64,0,4714,4694,4726,vehicle_vehicle,0.41789704820499335,2.3292293100516033,0.6154321968366799,8.83534517775054,15.0,3.0,3.5,0.8,4.328104634825734,15.581176685372643
1,63,4729,211,150.4257,-41.6017,230.1245,2.0859,4.8916,-0.0131,-0.0155,0.0295,0.018,0.0203,0.0001,-0.0327,-0.0111,car,64,156.1932,-35.3614,-1.6613,-2.0772,2.6598,0.0197,231.7712,2.659826597731514,9.57537575183345,-5.767499999999984,-6.240299999999998,1.6482,2.0617,2.6395397572304153,8.497376085592528,0,01_63_64_4714_ego_64,1,4714,4694,4726,vehicle_vehicle,0.41789704820499335,2.3292293100516033,0.6154321968366799,8.83534517775054,15.0,3.0,3.5,0.8,4.328104634825734,15.581176685372643
1,64,4729,68,156.1932,-35.3614,231.7712,2.0116,4.8337,-1.6613,-2.0772,1.68,2.13,2.6598,0.0197,-2.7128,-0.0016,car,64,156.1932,-35.3614,-1.6613,-2.0772,2.6598,0.0197,231.7712,2.659826597731514,9.57537575183345,0.0,0.0,0.0,0.0,0.0,0.0,1,01_63_64_4714_ego_64,1,4714,4694,4726,vehicle_vehicle,0.41789704820499335,2.3292293100516033,0.6154321968366799,8.83534517775054,15.0,3.0,3.5,0.8,4.328104634825734,15.581176685372643
1,59,4730,418,166.8988,-28.8851,54.3737,2.0765,4.828,6.8536,9.5372,0.2655,0.0509,11.7443,0.0154,0.196,0.1862,car,64,156.1282,-35.4434,-1.5912,-1.9887,2.5468,0.0188,231.7587,2.546928567902916,9.168942844450498,10.770600000000002,6.558299999999996,8.4448,11.5259,14.288492497461025,12.610199175667288,0,01_63_64_4714_ego_64,0,4714,4694,4726,vehicle_vehicle,0.41789704820499335,2.3292293100516033,0.6154321968366799,8.83534517775054,15.0,3.0,3.5,0.8,4.328104634825734,15.581176685372643
1,61,4730,339,146.1857,-45.671,221.0964,2.0434,4.6049,-0.0047,0.0011,0.0051,0.0011,0.0029,0.0039,-0.0046,-0.0025,car,64,156.1282,-35.4434,-1.5912,-1.9887,2.5468,0.0188,231.7587,2.546928567902916,9.168942844450498,-9.942499999999995,-10.227600000000002,1.5865,1.9898,2.544854866195713,14.26383917499072,0,01_63_64_4714_ego_64,0,4714,4694,4726,vehicle_vehicle,0.41789704820499335,2.3292293100516033,0.6154321968366799,8.83534517775054,15.0,3.0,3.5,0.8,4.328104634825734,15.581176685372643
1,63,4730,212,150.4247,-41.6029,230.1365,2.0859,4.8916,-0.0118,-0.0148,0.0276,0.0176,0.0189,-0.0004,-0.0312,-0.0099,car,64,156.1282,-35.4434,-1.5912,-1.9887,2.5468,0.0188,231.7587,2.546928567902916,9.168942844450498,-5.703499999999991,-6.159500000000001,1.5794,1.9739,2.528000310522133,8.394602581420989,0,01_63_64_4714_ego_64,1,4714,4694,4726,vehicle_vehicle,0.41789704820499335,2.3292293100516033,0.6154321968366799,8.83534517775054,15.0,3.0,3.5,0.8,4.328104634825734,15.581176685372643
1,64,4730,69,156.1282,-35.4434,231.7587,2.0116,4.8337,-1.5912,-1.9887,1.6683,2.1124,2.5468,0.0188,-2.6917,-0.0028,car,64,156.1282,-35.4434,-1.5912,-1.9887,2.5468,0.0188,231.7587,2.546928567902916,9.168942844450498,0.0,0.0,0.0,0.0,0.0,0.0,1,01_63_64_4714_ego_64,1,4714,4694,4726,vehicle_vehicle,0.41789704820499335,2.3292293100516033,0.6154321968366799,8.83534517775054,15.0,3.0,3.5,0.8,4.328104634825734,15.581176685372643
1,59,4731,419,167.1726,-28.5029,54.3312,2.0765,4.828,6.8656,9.5389,0.2736,0.049,11.7527,0.0155,0.1993,0.1937,car,64,156.0659,-35.5216,-1.5215,-1.9007,2.4346,0.0179,231.7442,2.4346709716099215,8.764815497795718,11.10669999999999,7.018699999999999,8.3871,11.4396,14.1847768600708,13.138528630710509,0,01_63_64_4714_ego_64,0,4714,4694,4726,vehicle_vehicle,0.41789704820499335,2.3292293100516033,0.6154321968366799,8.83534517775054,15.0,3.0,3.5,0.8,4.328104634825734,15.581176685372643
1,61,4731,340,146.186,-45.6711,221.0986,2.0434,4.6049,-0.0046,0.0012,0.0071,0.0017,0.0027,0.0039,-0.0065,-0.0034,car,64,156.0659,-35.5216,-1.5215,-1.9007,2.4346,0.0179,231.7442,2.4346709716099215,8.764815497795718,-9.879899999999992,-10.149500000000003,1.5169000000000001,1.9019000000000001,2.432736981262052,14.16420750554015,0,01_63_64_4714_ego_64,0,4714,4694,4726,vehicle_vehicle,0.41789704820499335,2.3292293100516033,0.6154321968366799,8.83534517775054,15.0,3.0,3.5,0.8,4.328104634825734,15.581176685372643
1,63,4731,213,150.4241,-41.6037,230.1407,2.0859,4.8916,-0.0105,-0.014,0.0255,0.0172,0.0175,-0.001,-0.0295,-0.0085,car,64,156.0659,-35.5216,-1.5215,-1.9007,2.4346,0.0179,231.7442,2.4346709716099215,8.764815497795718,-5.641799999999989,-6.082100000000004,1.5110000000000001,1.8867,2.417179738869247,8.295893420843829,0,01_63_64_4714_ego_64,1,4714,4694,4726,vehicle_vehicle,0.41789704820499335,2.3292293100516033,0.6154321968366799,8.83534517775054,15.0,3.0,3.5,0.8,4.328104634825734,15.581176685372643
1,64,4731,70,156.0659,-35.5216,231.7442,2.0116,4.8337,-1.5215,-1.9007,1.6536,2.0913,2.4346,0.0179,-2.6661,-0.0036,car,64,156.0659,-35.5216,-1.5215,-1.9007,2.4346,0.0179,231.7442,2.4346709716099215,8.764815497795718,0.0,0.0,0.0,0.0,0.0,0.0,1,01_63_64_4714_ego_64,1,4714,4694,4726,vehicle_vehicle,0.41789704820499335,2.3292293100516033,0.6154321968366799,8.83534517775054,15.0,3.0,3.5,0.8,4.328104634825734,15.581176685372643
1,59,4732,420,167.4475,-28.1217,54.2782,2.0765,4.828,6.8779,9.5406,0.2803,0.0473,11.7613,0.0136,0.2021,0.1999,car,64,156.0061,-35.5967,-1.4523,-1.8133,2.3231,0.0172,231.7321,2.323194391349979,8.363499808859926,11.441399999999987,7.474999999999998,8.3302,11.3539,14.082019643857908,13.666794026398424,0,01_63_64_4714_ego_64,0,4714,4694,4726,vehicle_vehicle,0.41789704820499335,2.3292293100516033,0.6154321968366799,8.83534517775054,15.0,3.0,3.5,0.8,4.328104634825734,15.581176685372643
1,61,4732,341,146.1859,-45.6711,221.1128,2.0434,4.6049,-0.0044,0.0013,0.0091,0.0022,0.0025,0.0038,-0.0083,-0.0044,car,64,156.0061,-35.5967,-1.4523,-1.8133,2.3231,0.0172,231.7321,2.323194391349979,8.363499808859926,-9.8202,-10.074400000000004,1.4479,1.8146,2.3214623774681336,14.068754863171085,0,01_63_64_4714_ego_64,0,4714,4694,4726,vehicle_vehicle,0.41789704820499335,2.3292293100516033,0.6154321968366799,8.83534517775054,15.0,3.0,3.5,0.8,4.328104634825734,15.581176685372643
1,63,4732,214,150.4234,-41.6047,230.1405,2.0859,4.8916,-0.0091,-0.0131,0.0231,0.0167,0.0159,-0.0014,-0.0276,-0.0071,car,64,156.0061,-35.5967,-1.4523,-1.8133,2.3231,0.0172,231.7321,2.323194391349979,8.363499808859926,-5.582700000000017,-6.008000000000003,1.4431999999999998,1.8001999999999998,2.3072811445508754,8.201378133582198,0,01_63_64_4714_ego_64,1,4714,4694,4726,vehicle_vehicle,0.41789704820499335,2.3292293100516033,0.6154321968366799,8.83534517775054,15.0,3.0,3.5,0.8,4.328104634825734,15.581176685372643
1,64,4732,71,156.0061,-35.5967,231.7321,2.0116,4.8337,-1.4523,-1.8133,1.636,2.0667,2.3231,0.0172,-2.6358,-0.0044,car,64,156.0061,-35.5967,-1.4523,-1.8133,2.3231,0.0172,231.7321,2.323194391349979,8.363499808859926,0.0,0.0,0.0,0.0,0.0,0.0,1,01_63_64_4714_ego_64,1,4714,4694,4726,vehicle_vehicle,0.41789704820499335,2.3292293100516033,0.6154321968366799,8.83534517775054,15.0,3.0,3.5,0.8,4.328104634825734,15.581176685372643
1,59,4733,421,167.7232,-27.7403,54.2338,2.0765,4.828,6.8903,9.5424,0.2857,0.0459,11.77,0.0135,0.2042,0.205,car,64,155.9492,-35.6681,-1.3838,-1.7266,2.2127,0.0166,231.7203,2.2127019681827917,7.965727085458051,11.774000000000001,7.927800000000001,8.2741,11.269,13.980382391408329,14.19426253244599,0,01_63_64_4714_ego_64,0,4714,4694,4726,vehicle_vehicle,0.41789704820499335,2.3292293100516033,0.6154321968366799,8.83534517775054,15.0,3.0,3.5,0.8,4.328104634825734,15.581176685372643
1,61,4733,342,146.1856,-45.6708,221.1358,2.0434,4.6049,-0.004,0.0013,0.0112,0.0027,0.0022,0.0037,-0.0102,-0.0054,car,64,155.9492,-35.6681,-1.3838,-1.7266,2.2127,0.0166,231.7203,2.2127019681827917,7.965727085458051,-9.763599999999997,-10.002699999999997,1.3798,1.7279,2.2112183180319396,13.977907291508263,0,01_63_64_4714_ego_64,0,4714,4694,4726,vehicle_vehicle,0.41789704820499335,2.3292293100516033,0.6154321968366799,8.83534517775054,15.0,3.0,3.5,0.8,4.328104634825734,15.581176685372643
1,63,4733,215,150.423,-41.6054,230.1325,2.0859,4.8916,-0.0078,-0.0121,0.0205,0.0158,0.0143,-0.0018,-0.0253,-0.0055,car,64,155.9492,-35.6681,-1.3838,-1.7266,2.2127,0.0166,231.7203,2.2127019681827917,7.965727085458051,-5.526199999999989,-5.9373000000000005,1.376,1.7145,2.1983826441272685,8.111129251220195,0,01_63_64_4714_ego_64,1,4714,4694,4726,vehicle_vehicle,0.41789704820499335,2.3292293100516033,0.6154321968366799,8.83534517775054,15.0,3.0,3.5,0.8,4.328104634825734,15.581176685372643
1,64,4733,72,155.9492,-35.6681,231.7203,2.0116,4.8337,-1.3838,-1.7266,1.6152,2.0382,2.2127,0.0166,-2.6006,-0.0053,car,64,155.9492,-35.6681,-1.3838,-1.7266,2.2127,0.0166,231.7203,2.2127019681827917,7.965727085458051,0.0,0.0,0.0,0.0,0.0,0.0,1,01_63_64_4714_ego_64,1,4714,4694,4726,vehicle_vehicle,0.41789704820499335,2.3292293100516033,0.6154321968366799,8.83534517775054,15.0,3.0,3.5,0.8,4.328104634825734,15.581176685372643
1,59,4734,422,167.9994,-27.3587,54.1806,2.0765,4.828,6.9028,9.5442,0.29,0.0445,11.7788,0.0116,0.2058,0.2091,car,64,155.8949,-35.736,-1.316,-1.6409,2.1034,0.016,231.7091,2.103427871356658,7.572340336883968,12.104500000000002,8.377299999999998,8.2188,11.1851,13.880026493130336,14.720668311595094,0,01_63_64_4714_ego_64,0,4714,4694,4726,vehicle_vehicle,0.41789704820499335,2.3292293100516033,0.6154321968366799,8.83534517775054,15.0,3.0,3.5,0.8,4.328104634825734,15.581176685372643
1,61,4734,343,146.1853,-45.6707,221.1553,2.0434,4.6049,-0.0035,0.0014,0.0133,0.0032,0.0018,0.0034,-0.0122,-0.0063,car,64,155.8949,-35.736,-1.316,-1.6409,2.1034,0.016,231.7091,2.103427871356658,7.572340336883968,-9.709599999999995,-9.9347,1.3125,1.6423,2.102333356059405,13.891529658392551,0,01_63_64_4714_ego_64,0,4714,4694,4726,vehicle_vehicle,0.41789704820499335,2.3292293100516033,0.6154321968366799,8.83534517775054,15.0,3.0,3.5,0.8,4.328104634825734,15.581176685372643
1,63,4734,216,150.4227,-41.606,230.1231,2.0859,4.8916,-0.0067,-0.0111,0.0174,0.0147,0.0128,-0.002,-0.0224,-0.004,car,64,155.8949,-35.736,-1.316,-1.6409,2.1034,0.016,231.7091,2.103427871356658,7.572340336883968,-5.472200000000015,-5.8700000000000045,1.3093000000000001,1.6298,2.0905775589535063,8.025077746663905,0,01_63_64_4714_ego_64,1,4714,4694,4726,vehicle_vehicle,0.41789704820499335,2.3292293100516033,0.6154321968366799,8.83534517775054,15.0,3.0,3.5,0.8,4.328104634825734,15.581176685372643
1,64,4734,73,155.8949,-35.736,231.7091,2.0116,4.8337,-1.316,-1.6409,1.5914,2.0056,2.1034,0.016,-2.5603,-0.0062,car,64,155.8949,-35.736,-1.316,-1.6409,2.1034,0.016,231.7091,2.103427871356658,7.572340336883968,0.0,0.0,0.0,0.0,0.0,0.0,1,01_63_64_4714_ego_64,1,4714,4694,4726,vehicle_vehicle,0.41789704820499335,2.3292293100516033,0.6154321968366799,8.83534517775054,15.0,3.0,3.5,0.8,4.328104634825734,15.581176685372643
1,59,4735,423,168.2764,-26.9768,54.1206,2.0765,4.828,6.9152,9.5459,0.2934,0.0431,11.7874,0.0084,0.2069,0.2124,car,64,155.8434,-35.8003,-1.2491,-1.5564,1.9956,0.0155,231.6977,1.9956532188734595,7.184351587944454,12.432999999999993,8.8235,8.164299999999999,11.1023,13.781032609351158,15.245774537556294,0,01_63_64_4714_ego_64,0,4714,4694,4726,vehicle_vehicle,0.41789704820499335,2.3292293100516033,0.6154321968366799,8.83534517775054,15.0,3.0,3.5,0.8,4.328104634825734,15.581176685372643
1,61,4735,344,146.185,-45.6707,221.1698,2.0434,4.6049,-0.0029,0.0015,0.0154,0.0038,0.0012,0.003,-0.0141,-0.0072,car,64,155.8434,-35.8003,-1.2491,-1.5564,1.9956,0.0155,231.6977,1.9956532188734595,7.184351587944454,-9.6584,-9.870399999999997,1.2462000000000002,1.5579,1.9950104886942326,13.809760559835928,0,01_63_64_4714_ego_64,0,4714,4694,4726,vehicle_vehicle,0.41789704820499335,2.3292293100516033,0.6154321968366799,8.83534517775054,15.0,3.0,3.5,0.8,4.328104634825734,15.581176685372643
1,63,4735,217,150.4226,-41.6066,230.1172,2.0859,4.8916,-0.0056,-0.0101,0.014,0.0131,0.0114,-0.0021,-0.019,-0.0024,car,64,155.8434,-35.8003,-1.2491,-1.5564,1.9956,0.0155,231.6977,1.9956532188734595,7.184351587944454,-5.420800000000014,-5.8063,1.2435,1.5463,1.9842721436335289,7.943437060240369,0,01_63_64_4714_ego_64,1,4714,4694,4726,vehicle_vehicle,0.41789704820499335,2.3292293100516033,0.6154321968366799,8.83534517775054,15.0,3.0,3.5,0.8,4.328104634825734,15.581176685372643
1,64,4735,74,155.8434,-35.8003,231.6977,2.0116,4.8337,-1.2491,-1.5564,1.5643,1.9688,1.9956,0.0155,-2.5146,-0.0073,car,64,155.8434,-35.8003,-1.2491,-1.5564,1.9956,0.0155,231.6977,1.9956532188734595,7.184351587944454,0.0,0.0,0.0,0.0,0.0,0.0,1,01_63_64_4714_ego_64,1,4714,4694,4726,vehicle_vehicle,0.41789704820499335,2.3292293100516033,0.6154321968366799,8.83534517775054,15.0,3.0,3.5,0.8,4.328104634825734,15.581176685372643
1,59,4736,424,168.5534,-26.5944,54.0531,2.0765,4.828,6.9276,9.5473,0.296,0.042,11.7959,0.0038,0.2078,0.2149,car,64,155.7945,-35.8612,-1.1831,-1.4733,1.8895,0.0149,231.686,1.8895339372448434,6.802322174081437,12.758900000000011,9.266799999999996,8.1107,11.0206,13.68346004671333,15.769055502787738,0,01_63_64_4714_ego_64,0,4714,4694,4726,vehicle_vehicle,0.41789704820499335,2.3292293100516033,0.6154321968366799,8.83534517775054,15.0,3.0,3.5,0.8,4.328104634825734,15.581176685372643
1,61,4736,345,146.1847,-45.6708,221.1733,2.0434,4.6049,-0.0021,0.0017,0.0173,0.0044,0.0005,0.0027,-0.0159,-0.0081,car,64,155.7945,-35.8612,-1.1831,-1.4733,1.8895,0.0149,231.686,1.8895339372448434,6.802322174081437,-9.609800000000007,-9.809600000000003,1.181,1.475,1.8895465064401036,13.73231619938895,0,01_63_64_4714_ego_64,0,4714,4694,4726,vehicle_vehicle,0.41789704820499335,2.3292293100516033,0.6154321968366799,8.83534517775054,15.0,3.0,3.5,0.8,4.328104634825734,15.581176685372643
1,63,4736,218,150.4226,-41.6071,230.1117,2.0859,4.8916,-0.0048,-0.0091,0.0104,0.0111,0.0101,-0.0021,-0.0152,-0.0009,car,64,155.7945,-35.8612,-1.1831,-1.4733,1.8895,0.0149,231.686,1.8895339372448434,6.802322174081437,-5.371900000000011,-5.745900000000006,1.1783000000000001,1.4642,1.8794340983391784,7.86591866344931,0,01_63_64_4714_ego_64,1,4714,4694,4726,vehicle_vehicle,0.41789704820499335,2.3292293100516033,0.6154321968366799,8.83534517775054,15.0,3.0,3.5,0.8,4.328104634825734,15.581176685372643
1,64,4736,75,155.7945,-35.8612,231.686,2.0116,4.8337,-1.1831,-1.4733,1.5338,1.9277,1.8895,0.0149,-2.4634,-0.0084,car,64,155.7945,-35.8612,-1.1831,-1.4733,1.8895,0.0149,231.686,1.8895339372448434,6.802322174081437,0.0,0.0,0.0,0.0,0.0,0.0,1,01_63_64_4714_ego_64,1,4714,4694,4726,vehicle_vehicle,0.41789704820499335,2.3292293100516033,0.6154321968366799,8.83534517775054,15.0,3.0,3.5,0.8,4.328104634825734,15.581176685372643
1,59,4737,425,168.8313,-26.2124,53.984,2.0765,4.828,6.94,9.5487,0.2979,0.0412,11.8043,-0.0013,0.2085,0.2167,car,64,155.7488,-35.9187,-1.1186,-1.3918,1.7856,0.0144,231.6729,1.7856016353039106,6.428165887094078,13.08250000000001,9.706300000000002,8.0586,10.9405,13.58806734638889,16.289998954573335,0,01_63_64_4714_ego_64,0,4714,4694,4726,vehicle_vehicle,0.41789704820499335,2.3292293100516033,0.6154321968366799,8.83534517775054,15.0,3.0,3.5,0.8,4.328104634825734,15.581176685372643
1,61,4737,346,146.1848,-45.671,221.1645,2.0434,4.6049,-0.0013,0.002,0.019,0.0049,-0.0003,0.0024,-0.0175,-0.0089,car,64,155.7488,-35.9187,-1.1186,-1.3918,1.7856,0.0144,231.6729,1.7856016353039106,6.428165887094078,-9.563999999999993,-9.752299999999998,1.1173,1.3938,1.7863475949545764,13.659335682601839,0,01_63_64_4714_ego_64,0,4714,4694,4726,vehicle_vehicle,0.41789704820499335,2.3292293100516033,0.6154321968366799,8.83534517775054,15.0,3.0,3.5,0.8,4.328104634825734,15.581176685372643
1,63,4737,219,150.4227,-41.6075,230.1055,2.0859,4.8916,-0.0043,-0.0082,0.0065,0.0086,0.009,-0.0019,-0.0108,0.0005,car,64,155.7488,-35.9187,-1.1186,-1.3918,1.7856,0.0144,231.6729,1.7856016353039106,6.428165887094078,-5.326099999999997,-5.6888000000000005,1.1143,1.3836,1.7765172247968777,7.792931839173237,0,01_63_64_4714_ego_64,1,4714,4694,4726,vehicle_vehicle,0.41789704820499335,2.3292293100516033,0.6154321968366799,8.83534517775054,15.0,3.0,3.5,0.8,4.328104634825734,15.581176685372643
1,64,4737,76,155.7488,-35.9187,231.6729,2.0116,4.8337,-1.1186,-1.3918,1.5002,1.8821,1.7856,0.0144,-2.4068,-0.0097,car,64,155.7488,-35.9187,-1.1186,-1.3918,1.7856,0.0144,231.6729,1.7856016353039106,6.428165887094078,0.0,0.0,0.0,0.0,0.0,0.0,1,01_63_64_4714_ego_64,1,4714,4694,4726,vehicle_vehicle,0.41789704820499335,2.3292293100516033,0.6154321968366799,8.83534517775054,15.0,3.0,3.5,0.8,4.328104634825734,15.581176685372643
1,59,4738,426,169.1091,-25.8304,53.9065,2.0765,4.828,6.9524,9.55,0.2994,0.0407,11.8126,-0.008,0.2093,0.2179,car,64,155.7054,-35.9727,-1.0555,-1.3122,1.684,0.014,231.6642,1.6840276393218732,6.062499501558744,13.403700000000015,10.142300000000002,8.0079,10.862200000000001,13.494956511600918,16.808492585000014,0,01_63_64_4714_ego_64,0,4714,4694,4726,vehicle_vehicle,0.41789704820499335,2.3292293100516033,0.6154321968366799,8.83534517775054,15.0,3.0,3.5,0.8,4.328104634825734,15.581176685372643
1,61,4738,347,146.1849,-45.6711,221.1472,2.0434,4.6049,-0.0005,0.0024,0.0207,0.0052,-0.0012,0.0021,-0.019,-0.0097,car,64,155.7054,-35.9727,-1.0555,-1.3122,1.684,0.014,231.6642,1.6840276393218732,6.062499501558744,-9.520499999999998,-9.6984,1.0550000000000002,1.3146,1.685585405727043,13.590396712752721,0,01_63_64_4714_ego_64,0,4714,4694,4726,vehicle_vehicle,0.41789704820499335,2.3292293100516033,0.6154321968366799,8.83534517775054,15.0,3.0,3.5,0.8,4.328104634825734,15.581176685372643
1,63,4738,220,150.4227,-41.6076,230.1006,2.0859,4.8916,-0.004,-0.0074,0.0027,0.0056,0.0083,-0.0017,-0.006,0.0016,car,64,155.7054,-35.9727,-1.0555,-1.3122,1.684,0.014,231.6642,1.6840276393218732,6.062499501558744,-5.2827000000000055,-5.634899999999995,1.0515,1.3048,1.675755140227832,7.723924993162479,0,01_63_64_4714_ego_64,1,4714,4694,4726,vehicle_vehicle,0.41789704820499335,2.3292293100516033,0.6154321968366799,8.83534517775054,15.0,3.0,3.5,0.8,4.328104634825734,15.581176685372643
1,64,4738,77,155.7054,-35.9727,231.6642,2.0116,4.8337,-1.0555,-1.3122,1.4634,1.8322,1.684,0.014,-2.3449,-0.0114,car,64,155.7054,-35.9727,-1.0555,-1.3122,1.684,0.014,231.6642,1.6840276393218732,6.062499501558744,0.0,0.0,0.0,0.0,0.0,0.0,1,01_63_64_4714_ego_64,1,4714,4694,4726,vehicle_vehicle,0.41789704820499335,2.3292293100516033,0.6154321968366799,8.83534517775054,15.0,3.0,3.5,0.8,4.328104634825734,15.581176685372643
1,59,4739,427,169.3877,-25.4486,53.8199,2.0765,4.828,6.9648,9.5513,0.3003,0.0406,11.821,-0.0166,0.2101,0.2185,car,64,155.6647,-36.0232,-0.994,-1.2348,1.5851,0.0137,231.66,1.5851709813140031,5.706615532730411,13.722999999999985,10.574600000000004,7.9588,10.7861,13.404568275405216,17.324632583694225,0,01_63_64_4714_ego_64,0,4714,4694,4726,vehicle_vehicle,0.41789704820499335,2.3292293100516033,0.6154321968366799,8.83534517775054,15.0,3.0,3.5,0.8,4.328104634825734,15.581176685372643
1,61,4739,348,146.1855,-45.671,221.1202,2.0434,4.6049,0.0001,0.0028,0.0224,0.0053,-0.002,0.002,-0.0203,-0.0108,car,64,155.6647,-36.0232,-0.994,-1.2348,1.5851,0.0137,231.66,1.5851709813140031,5.706615532730411,-9.47920000000002,-9.647799999999997,0.9941,1.2375999999999998,1.587415689099739,13.52535683374011,0,01_63_64_4714_ego_64,0,4714,4694,4726,vehicle_vehicle,0.41789704820499335,2.3292293100516033,0.6154321968366799,8.83534517775054,15.0,3.0,3.5,0.8,4.328104634825734,15.581176685372643
1,63,4739,221,150.4231,-41.6075,230.0935,2.0859,4.8916,-0.0041,-0.007,-0.0011,0.0024,0.008,-0.0013,-0.0011,0.0024,car,64,155.6647,-36.0232,-0.994,-1.2348,1.5851,0.0137,231.66,1.5851709813140031,5.706615532730411,-5.241600000000005,-5.584299999999999,0.9899,1.2278,1.5771476944154597,7.6589018174931605,0,01_63_64_4714_ego_64,1,4714,4694,4726,vehicle_vehicle,0.41789704820499335,2.3292293100516033,0.6154321968366799,8.83534517775054,15.0,3.0,3.5,0.8,4.328104634825734,15.581176685372643
1,64,4739,78,155.6647,-36.0232,231.66,2.0116,4.8337,-0.994,-1.2348,1.4236,1.7781,1.5851,0.0137,-2.2777,-0.0136,car,64,155.6647,-36.0232,-0.994,-1.2348,1.5851,0.0137,231.66,1.5851709813140031,5.706615532730411,0.0,0.0,0.0,0.0,0.0,0.0,1,01_63_64_4714_ego_64,1,4714,4694,4726,vehicle_vehicle,0.41789704820499335,2.3292293100516033,0.6154321968366799,8.83534517775054,15.0,3.0,3.5,0.8,4.328104634825734,15.581176685372643
1,59,4740,428,169.6665,-25.067,53.7294,2.0765,4.828,6.9773,9.5529,0.3009,0.0406,11.8296,-0.0262,0.2107,0.2186,car,64,155.6261,-36.0706,-0.9341,-1.1597,1.4891,0.0132,231.6566,1.4891094318417302,5.360793954630228,14.040400000000005,11.003599999999999,7.9113999999999995,10.712599999999998,13.317283834175795,17.838498959273455,0,01_63_64_4714_ego_64,0,4714,4694,4726,vehicle_vehicle,0.41789704820499335,2.3292293100516033,0.6154321968366799,8.83534517775054,15.0,3.0,3.5,0.8,4.328104634825734,15.581176685372643
1,61,4740,349,146.186,-45.671,221.0963,2.0434,4.6049,0.0007,0.0033,0.0244,0.0051,-0.0027,0.002,-0.0217,-0.0122,car,64,155.6261,-36.0706,-0.9341,-1.1597,1.4891,0.0132,231.6566,1.4891094318417302,5.360793954630228,-9.440100000000001,-9.6004,0.9348000000000001,1.163,1.49211931158336,13.464143796394927,0,01_63_64_4714_ego_64,0,4714,4694,4726,vehicle_vehicle,0.41789704820499335,2.3292293100516033,0.6154321968366799,8.83534517775054,15.0,3.0,3.5,0.8,4.328104634825734,15.581176685372643
1,63,4740,222,150.4234,-41.6077,230.0863,2.0859,4.8916,-0.0045,-0.0067,-0.0047,-0.0011,0.008,-0.0008,0.0038,0.0029,car,64,155.6261,-36.0706,-0.9341,-1.1597,1.4891,0.0132,231.6566,1.4891094318417302,5.360793954630228,-5.202700000000021,-5.537100000000002,0.9296000000000001,1.153,1.4810689247972224,7.59786573321747,0,01_63_64_4714_ego_64,1,4714,4694,4726,vehicle_vehicle,0.41789704820499335,2.3292293100516033,0.6154321968366799,8.83534517775054,15.0,3.0,3.5,0.8,4.328104634825734,15.581176685372643
1,64,4740,79,155.6261,-36.0706,231.6566,2.0116,4.8337,-0.9341,-1.1597,1.3808,1.72,1.4891,0.0132,-2.2056,-0.0159,car,64,155.6261,-36.0706,-0.9341,-1.1597,1.4891,0.0132,231.6566,1.4891094318417302,5.360793954630228,0.0,0.0,0.0,0.0,0.0,0.0,1,01_63_64_4714_ego_64,1,4714,4694,4726,vehicle_vehicle,0.41789704820499335,2.3292293100516033,0.6154321968366799,8.83534517775054,15.0,3.0,3.5,0.8,4.328104634825734,15.581176685372643
1,59,4741,429,169.9464,-24.6852,53.6381,2.0765,4.828,6.9896,9.5546,0.3011,0.0405,11.8382,-0.0362,0.2111,0.2184,car,64,155.5904,-36.1144,-0.8761,-1.0875,1.3965,0.0124,231.6551,1.3964982849971566,5.027393825989764,14.356000000000023,11.429200000000005,7.8657,10.642100000000001,13.233424685243046,18.349968627766117,0,01_63_64_4714_ego_64,0,4714,4694,4726,vehicle_vehicle,0.41789704820499335,2.3292293100516033,0.6154321968366799,8.83534517775054,15.0,3.0,3.5,0.8,4.328104634825734,15.581176685372643
1,61,4741,350,146.1863,-45.6707,221.0698,2.0434,4.6049,0.0012,0.0037,0.0268,0.0048,-0.0033,0.002,-0.0233,-0.014,car,64,155.5904,-36.1144,-0.8761,-1.0875,1.3965,0.0124,231.6551,1.3964982849971566,5.027393825989764,-9.4041,-9.556299999999993,0.8773,1.0912,1.4001331115290432,13.407459360370996,0,01_63_64_4714_ego_64,0,4714,4694,4726,vehicle_vehicle,0.41789704820499335,2.3292293100516033,0.6154321968366799,8.83534517775054,15.0,3.0,3.5,0.8,4.328104634825734,15.581176685372643
1,63,4741,223,150.4236,-41.6079,230.0829,2.0859,4.8916,-0.0053,-0.0065,-0.0077,-0.0048,0.0084,-0.0002,0.0086,0.0028,car,64,155.5904,-36.1144,-0.8761,-1.0875,1.3965,0.0124,231.6551,1.3964982849971566,5.027393825989764,-5.166799999999995,-5.493499999999997,0.8708,1.081,1.38811153730527,7.54150943047875,0,01_63_64_4714_ego_64,1,4714,4694,4726,vehicle_vehicle,0.41789704820499335,2.3292293100516033,0.6154321968366799,8.83534517775054,15.0,3.0,3.5,0.8,4.328104634825734,15.581176685372643
1,64,4741,80,155.5904,-36.1144,231.6551,2.0116,4.8337,-0.8761,-1.0875,1.3351,1.6581,1.3965,0.0124,-2.1288,-0.0184,car,64,155.5904,-36.1144,-0.8761,-1.0875,1.3965,0.0124,231.6551,1.3964982849971566,5.027393825989764,0.0,0.0,0.0,0.0,0.0,0.0,1,01_63_64_4714_ego_64,1,4714,4694,4726,vehicle_vehicle,0.41789704820499335,2.3292293100516033,0.6154321968366799,8.83534517775054,15.0,3.0,3.5,0.8,4.328104634825734,15.581176685372643
1,59,4742,430,170.2265,-24.3025,53.5514,2.0765,4.828,7.0017,9.5562,0.3011,0.0405,11.8466,-0.0452,0.2114,0.2182,car,64,155.5567,-36.1553,-0.8201,-1.0183,1.3074,0.0114,231.6504,1.3074780686497194,4.70692104713899,14.66979999999998,11.852799999999998,7.8218,10.5745,13.15296945522189,18.859795859976835,0,01_63_64_4714_ego_64,0,4714,4694,4726,vehicle_vehicle,0.41789704820499335,2.3292293100516033,0.6154321968366799,8.83534517775054,15.0,3.0,3.5,0.8,4.328104634825734,15.581176685372643
1,61,4742,351,146.1863,-45.67,221.0458,2.0434,4.6049,0.0018,0.0038,0.0297,0.0043,-0.0039,0.0017,-0.0252,-0.0162,car,64,155.5567,-36.1553,-0.8201,-1.0183,1.3074,0.0114,231.6504,1.3074780686497194,4.70692104713899,-9.370400000000018,-9.514700000000005,0.8219000000000001,1.0221,1.3115670093441663,13.354172091522575,0,01_63_64_4714_ego_64,0,4714,4694,4726,vehicle_vehicle,0.41789704820499335,2.3292293100516033,0.6154321968366799,8.83534517775054,15.0,3.0,3.5,0.8,4.328104634825734,15.581176685372643
1,63,4742,224,150.4234,-41.6082,230.0803,2.0859,4.8916,-0.0061,-0.0065,-0.0102,-0.0086,0.0089,0.0005,0.0132,0.0023,car,64,155.5567,-36.1553,-0.8201,-1.0183,1.3074,0.0114,231.6504,1.3074780686497194,4.70692104713899,-5.13330000000002,-5.4529,0.8140000000000001,1.0118,1.2985897119567829,7.48898439709953,0,01_63_64_4714_ego_64,1,4714,4694,4726,vehicle_vehicle,0.41789704820499335,2.3292293100516033,0.6154321968366799,8.83534517775054,15.0,3.0,3.5,0.8,4.328104634825734,15.581176685372643
1,64,4742,81,155.5567,-36.1553,231.6504,2.0116,4.8337,-0.8201,-1.0183,1.2868,1.5932,1.3074,0.0114,-2.0478,-0.0207,car,64,155.5567,-36.1553,-0.8201,-1.0183,1.3074,0.0114,231.6504,1.3074780686497194,4.70692104713899,0.0,0.0,0.0,0.0,0.0,0.0,1,01_63_64_4714_ego_64,1,4714,4694,4726,vehicle_vehicle,0.41789704820499335,2.3292293100516033,0.6154321968366799,8.83534517775054,15.0,3.0,3.5,0.8,4.328104634825734,15.581176685372643
1,59,4743,431,170.5071,-23.9205,53.4682,2.0765,4.828,7.0137,9.5578,0.3011,0.0405,11.855,-0.0537,0.2118,0.2178,car,64,155.5258,-36.1938,-0.7663,-0.952,1.2221,0.0101,231.6415,1.2220964323653023,4.399547156515088,14.981300000000005,12.273300000000003,7.78,10.5098,13.076096360917504,19.366807753989818,0,01_63_64_4714_ego_64,0,4714,4694,4726,vehicle_vehicle,0.41789704820499335,2.3292293100516033,0.6154321968366799,8.83534517775054,15.0,3.0,3.5,0.8,4.328104634825734,15.581176685372643
1,61,4743,352,146.1862,-45.6695,221.024,2.0434,4.6049,0.0026,0.0038,0.0329,0.004,-0.0045,0.0012,-0.0275,-0.0186,car,64,155.5258,-36.1938,-0.7663,-0.952,1.2221,0.0101,231.6415,1.2220964323653023,4.399547156515088,-9.33959999999999,-9.475699999999996,0.7689,0.9558,1.2266869405027512,13.304774280310047,0,01_63_64_4714_ego_64,0,4714,4694,4726,vehicle_vehicle,0.41789704820499335,2.3292293100516033,0.6154321968366799,8.83534517775054,15.0,3.0,3.5,0.8,4.328104634825734,15.581176685372643
1,63,4743,225,150.423,-41.6086,230.0745,2.0859,4.8916,-0.007,-0.0066,-0.0123,-0.0127,0.0096,0.0011,0.0176,0.0013,car,64,155.5258,-36.1938,-0.7663,-0.952,1.2221,0.0101,231.6415,1.2220964323653023,4.399547156515088,-5.102800000000002,-5.4148,0.7593,0.9453999999999999,1.2125665548744118,7.440337820287464,0,01_63_64_4714_ego_64,1,4714,4694,4726,vehicle_vehicle,0.41789704820499335,2.3292293100516033,0.6154321968366799,8.83534517775054,15.0,3.0,3.5,0.8,4.328104634825734,15.581176685372643
1,64,4743,82,155.5258,-36.1938,231.6415,2.0116,4.8337,-0.7663,-0.952,1.236,1.5254,1.2221,0.0101,-1.9632,-0.0225,car,64,155.5258,-36.1938,-0.7663,-0.952,1.2221,0.0101,231.6415,1.2220964323653023,4.399547156515088,0.0,0.0,0.0,0.0,0.0,0.0,1,01_63_64_4714_ego_64,1,4714,4694,4726,vehicle_vehicle,0.41789704820499335,2.3292293100516033,0.6154321968366799,8.83534517775054,15.0,3.0,3.5,0.8,4.328104634825734,15.581176685372643
1,61,4744,353,146.1861,-45.6692,221.0078,2.0434,4.6049,0.0037,0.0038,0.0365,0.0039,-0.0052,0.0004,-0.0301,-0.0211,car,64,155.4967,-36.2295,-0.7148,-0.8889,1.1407,0.0088,231.6372,1.1406499243852164,4.1063397277867795,-9.310599999999994,-9.439699999999995,0.7185,0.8927,1.145929989135462,13.258778542912609,0,01_63_64_4714_ego_64,0,4714,4694,4726,vehicle_vehicle,0.41789704820499335,2.3292293100516033,0.6154321968366799,8.83534517775054,15.0,3.0,3.5,0.8,4.328104634825734,15.581176685372643
1,63,4744,226,150.4225,-41.609,230.0649,2.0859,4.8916,-0.0079,-0.0068,-0.0139,-0.0171,0.0103,0.0017,0.022,-0.0003,car,64,155.4967,-36.2295,-0.7148,-0.8889,1.1407,0.0088,231.6372,1.1406499243852164,4.1063397277867795,-5.0741999999999905,-5.3795,0.7069,0.8821,1.130401707358937,7.395033866724337,0,01_63_64_4714_ego_64,1,4714,4694,4726,vehicle_vehicle,0.41789704820499335,2.3292293100516033,0.6154321968366799,8.83534517775054,15.0,3.0,3.5,0.8,4.328104634825734,15.581176685372643
1,64,4744,83,155.4967,-36.2295,231.6372,2.0116,4.8337,-0.7148,-0.8889,1.183,1.4554,1.1407,0.0088,-1.8754,-0.0243,car,64,155.4967,-36.2295,-0.7148,-0.8889,1.1407,0.0088,231.6372,1.1406499243852164,4.1063397277867795,0.0,0.0,0.0,0.0,0.0,0.0,1,01_63_64_4714_ego_64,1,4714,4694,4726,vehicle_vehicle,0.41789704820499335,2.3292293100516033,0.6154321968366799,8.83534517775054,15.0,3.0,3.5,0.8,4.328104634825734,15.581176685372643
1,61,4745,354,146.186,-45.669,220.9947,2.0434,4.6049,0.0049,0.0037,0.0404,0.004,-0.0061,-0.0005,-0.0331,-0.0235,car,64,155.4703,-36.2626,-0.666,-0.8291,1.0635,0.0075,231.6309,1.0634673525783478,3.828482469282052,-9.284300000000002,-9.406399999999998,0.6709,0.8328,1.069421642758365,13.21660271968557,0,01_63_64_4714_ego_64,0,4714,4694,4726,vehicle_vehicle,0.41789704820499335,2.3292293100516033,0.6154321968366799,8.83534517775054,15.0,3.0,3.5,0.8,4.328104634825734,15.581176685372643
1,63,4745,227,150.4221,-41.6096,230.0559,2.0859,4.8916,-0.0088,-0.0071,-0.0151,-0.0218,0.0111,0.0022,0.0264,-0.0024,car,64,155.4703,-36.2626,-0.666,-0.8291,1.0635,0.0075,231.6309,1.0634673525783478,3.828482469282052,-5.0482000000000085,-5.347000000000001,0.6572,0.822,1.0524237929655524,7.353552355154623,0,01_63_64_4714_ego_64,1,4714,4694,4726,vehicle_vehicle,0.41789704820499335,2.3292293100516033,0.6154321968366799,8.83534517775054,15.0,3.0,3.5,0.8,4.328104634825734,15.581176685372643
1,64,4745,84,155.4703,-36.2626,231.6309,2.0116,4.8337,-0.666,-0.8291,1.1282,1.3836,1.0635,0.0075,-1.7851,-0.0257,car,64,155.4703,-36.2626,-0.666,-0.8291,1.0635,0.0075,231.6309,1.0634673525783478,3.828482469282052,0.0,0.0,0.0,0.0,0.0,0.0,1,01_63_64_4714_ego_64,1,4714,4694,4726,vehicle_vehicle,0.41789704820499335,2.3292293100516033,0.6154321968366799,8.83534517775054,15.0,3.0,3.5,0.8,4.328104634825734,15.581176685372643
1,61,4746,355,146.186,-45.6689,220.9855,2.0434,4.6049,0.0065,0.0036,0.0443,0.0043,-0.0072,-0.0015,-0.0363,-0.0258,car,64,155.4457,-36.2931,-0.6198,-0.7729,0.9906,0.0061,231.6284,0.990720167353022,3.5665926024708794,-9.259699999999981,-9.375799999999998,0.6263,0.7765000000000001,0.9975990878103288,13.17754414638781,0,01_63_64_4714_ego_64,0,4714,4694,4726,vehicle_vehicle,0.41789704820499335,2.3292293100516033,0.6154321968366799,8.83534517775054,15.0,3.0,3.5,0.8,4.328104634825734,15.581176685372643
1,63,4746,228,150.4217,-41.6103,230.0508,2.0859,4.8916,-0.0097,-0.0073,-0.016,-0.027,0.0119,0.0027,0.031,-0.0051,car,64,155.4457,-36.2931,-0.6198,-0.7729,0.9906,0.0061,231.6284,0.990720167353022,3.5665926024708794,-5.024000000000001,-5.3172,0.6101,0.7656000000000001,0.9789613730888467,7.315271139199148,0,01_63_64_4714_ego_64,1,4714,4694,4726,vehicle_vehicle,0.41789704820499335,2.3292293100516033,0.6154321968366799,8.83534517775054,15.0,3.0,3.5,0.8,4.328104634825734,15.581176685372643
1,64,4746,85,155.4457,-36.2931,231.6284,2.0116,4.8337,-0.6198,-0.7729,1.0722,1.3105,0.9906,0.0061,-1.693,-0.027,car,64,155.4457,-36.2931,-0.6198,-0.7729,0.9906,0.0061,231.6284,0.990720167353022,3.5665926024708794,0.0,0.0,0.0,0.0,0.0,0.0,1,01_63_64_4714_ego_64,1,4714,4694,4726,vehicle_vehicle,0.41789704820499335,2.3292293100516033,0.6154321968366799,8.83534517775054,15.0,3.0,3.5,0.8,4.328104634825734,15.581176685372643
1,61,4747,356,146.1861,-45.6688,220.976,2.0434,4.6049,0.0082,0.0036,0.0483,0.0049,-0.0086,-0.0027,-0.0397,-0.028,car,64,155.4234,-36.3213,-0.5764,-0.7202,0.9224,0.0049,231.6305,0.9224559610084375,3.3208414596303752,-9.237299999999976,-9.347499999999997,0.5846,0.7238,0.9303996990541216,13.141669130669799,0,01_63_64_4714_ego_64,0,4714,4694,4726,vehicle_vehicle,0.41789704820499335,2.3292293100516033,0.6154321968366799,8.83534517775054,15.0,3.0,3.5,0.8,4.328104634825734,15.581176685372643
1,63,4747,229,150.4211,-41.6109,230.0492,2.0859,4.8916,-0.0107,-0.0077,-0.0165,-0.0329,0.0128,0.0032,0.0359,-0.0085,car,64,155.4234,-36.3213,-0.5764,-0.7202,0.9224,0.0049,231.6305,0.9224559610084375,3.3208414596303752,-5.002299999999991,-5.2896,0.5657,0.7124999999999999,0.9097652114694208,7.280307235961949,0,01_63_64_4714_ego_64,1,4714,4694,4726,vehicle_vehicle,0.41789704820499335,2.3292293100516033,0.6154321968366799,8.83534517775054,15.0,3.0,3.5,0.8,4.328104634825734,15.581176685372643
1,64,4747,86,155.4234,-36.3213,231.6305,2.0116,4.8337,-0.5764,-0.7202,1.0153,1.2369,0.9224,0.0049,-1.6,-0.0283,car,64,155.4234,-36.3213,-0.5764,-0.7202,0.9224,0.0049,231.6305,0.9224559610084375,3.3208414596303752,0.0,0.0,0.0,0.0,0.0,0.0,1,01_63_64_4714_ego_64,1,4714,4694,4726,vehicle_vehicle,0.41789704820499335,2.3292293100516033,0.6154321968366799,8.83534517775054,15.0,3.0,3.5,0.8,4.328104634825734,15.581176685372643
1,61,4748,357,146.1864,-45.6688,220.9689,2.0434,4.6049,0.0102,0.0036,0.0523,0.0056,-0.0101,-0.004,-0.0432,-0.0301,car,64,155.4028,-36.3476,-0.536,-0.671,0.8589,0.0038,231.6347,0.85879974382856,3.091679077782816,-9.216400000000021,-9.321199999999997,0.5462,0.6746000000000001,0.8679974654340876,13.108272136326754,0,01_63_64_4714_ego_64,0,4714,4694,4726,vehicle_vehicle,0.41789704820499335,2.3292293100516033,0.6154321968366799,8.83534517775054,15.0,3.0,3.5,0.8,4.328104634825734,15.581176685372643
1,63,4748,230,150.4206,-41.6112,230.0483,2.0859,4.8916,-0.0116,-0.0084,-0.0168,-0.0395,0.0138,0.0035,0.0411,-0.0125,car,64,155.4028,-36.3476,-0.536,-0.671,0.8589,0.0038,231.6347,0.85879974382856,3.091679077782816,-4.982200000000006,-5.263599999999997,0.5244,0.6626000000000001,0.8450053964324725,7.247606625638564,0,01_63_64_4714_ego_64,1,4714,4694,4726,vehicle_vehicle,0.41789704820499335,2.3292293100516033,0.6154321968366799,8.83534517775054,15.0,3.0,3.5,0.8,4.328104634825734,15.581176685372643
1,64,4748,87,155.4028,-36.3476,231.6347,2.0116,4.8337,-0.536,-0.671,0.9584,1.1632,0.8589,0.0038,-1.5069,-0.0294,car,64,155.4028,-36.3476,-0.536,-0.671,0.8589,0.0038,231.6347,0.85879974382856,3.091679077782816,0.0,0.0,0.0,0.0,0.0,0.0,1,01_63_64_4714_ego_64,1,4714,4694,4726,vehicle_vehicle,0.41789704820499335,2.3292293100516033,0.6154321968366799,8.83534517775054,15.0,3.0,3.5,0.8,4.328104634825734,15.581176685372643
1,61,4749,358,146.1863,-45.669,220.9636,2.0434,4.6049,0.0125,0.0038,0.0562,0.0064,-0.012,-0.0053,-0.0466,-0.032,car,64,155.3836,-36.3716,-0.4985,-0.6256,0.7999,0.0025,231.6327,0.7999235025925917,2.8797246093333304,-9.197300000000013,-9.297399999999996,0.511,0.6294000000000001,0.8107190388784514,13.077919331835632,0,01_63_64_4714_ego_64,0,4714,4694,4726,vehicle_vehicle,0.41789704820499335,2.3292293100516033,0.6154321968366799,8.83534517775054,15.0,3.0,3.5,0.8,4.328104634825734,15.581176685372643
1,63,4749,231,150.4202,-41.6111,230.0547,2.0859,4.8916,-0.0125,-0.0094,-0.0168,-0.0467,0.0153,0.0035,0.0466,-0.0171,car,64,155.3836,-36.3716,-0.4985,-0.6256,0.7999,0.0025,231.6327,0.7999235025925917,2.8797246093333304,-4.963400000000007,-5.2395,0.486,0.6162000000000001,0.7847919724360081,7.217180876907552,0,01_63_64_4714_ego_64,1,4714,4694,4726,vehicle_vehicle,0.41789704820499335,2.3292293100516033,0.6154321968366799,8.83534517775054,15.0,3.0,3.5,0.8,4.328104634825734,15.581176685372643
1,64,4749,88,155.3836,-36.3716,231.6327,2.0116,4.8337,-0.4985,-0.6256,0.9019,1.0903,0.7999,0.0025,-1.4147,-0.0304,car,64,155.3836,-36.3716,-0.4985,-0.6256,0.7999,0.0025,231.6327,0.7999235025925917,2.8797246093333304,0.0,0.0,0.0,0.0,0.0,0.0,1,01_63_64_4714_ego_64,1,4714,4694,4726,vehicle_vehicle,0.41789704820499335,2.3292293100516033,0.6154321968366799,8.83534517775054,15.0,3.0,3.5,0.8,4.328104634825734,15.581176685372643
1,61,4750,359,146.1865,-45.6695,220.9627,2.0434,4.6049,0.0152,0.0043,0.0597,0.0071,-0.0143,-0.0067,-0.0498,-0.0338,car,64,155.3658,-36.3943,-0.4638,-0.5837,0.7456,0.0013,231.6312,0.7455307706594008,2.683910774373843,-9.179300000000012,-9.275199999999998,0.479,0.588,0.7584095199824432,13.049478285740015,0,01_63_64_4714_ego_64,0,4714,4694,4726,vehicle_vehicle,0.41789704820499335,2.3292293100516033,0.6154321968366799,8.83534517775054,15.0,3.0,3.5,0.8,4.328104634825734,15.581176685372643
1,63,4750,232,150.42,-41.611,230.0644,2.0859,4.8916,-0.0136,-0.011,-0.0165,-0.0543,0.0172,0.0034,0.0522,-0.0222,car,64,155.3658,-36.3943,-0.4638,-0.5837,0.7456,0.0013,231.6312,0.7455307706594008,2.683910774373843,-4.94580000000002,-5.216699999999996,0.4502,0.5727,0.7284677961310301,7.188525337647503,0,01_63_64_4714_ego_64,1,4714,4694,4726,vehicle_vehicle,0.41789704820499335,2.3292293100516033,0.6154321968366799,8.83534517775054,15.0,3.0,3.5,0.8,4.328104634825734,15.581176685372643
1,64,4750,89,155.3658,-36.3943,231.6312,2.0116,4.8337,-0.4638,-0.5837,0.8465,1.0188,0.7456,0.0013,-1.3243,-0.0313,car,64,155.3658,-36.3943,-0.4638,-0.5837,0.7456,0.0013,231.6312,0.7455307706594008,2.683910774373843,0.0,0.0,0.0,0.0,0.0,0.0,1,01_63_64_4714_ego_64,1,4714,4694,4726,vehicle_vehicle,0.41789704820499335,2.3292293100516033,0.6154321968366799,8.83534517775054,15.0,3.0,3.5,0.8,4.328104634825734,15.581176685372643
1,61,4751,360,146.1863,-45.6696,220.9641,2.0434,4.6049,0.0183,0.005,0.0627,0.0075,-0.0171,-0.0082,-0.0523,-0.0355,car,64,155.3493,-36.4153,-0.4318,-0.5453,0.6956,0.0001,231.6276,0.6955597242509086,2.504015007303271,-9.163000000000011,-9.2543,0.4501,0.5503,0.7109290400595548,13.02315773881282,0,01_63_64_4714_ego_64,0,4714,4694,4726,vehicle_vehicle,0.41789704820499335,2.3292293100516033,0.6154321968366799,8.83534517775054,15.0,3.0,3.5,0.8,4.328104634825734,15.581176685372643
1,63,4751,233,150.4196,-41.6108,230.0742,2.0859,4.8916,-0.0147,-0.0132,-0.0157,-0.062,0.0196,0.0028,0.0576,-0.0277,car,64,155.3493,-36.4153,-0.4318,-0.5453,0.6956,0.0001,231.6276,0.6955597242509086,2.504015007303271,-4.929699999999997,-5.195499999999996,0.4171,0.5321,0.6760937952680827,7.162064111692936,0,01_63_64_4714_ego_64,1,4714,4694,4726,vehicle_vehicle,0.41789704820499335,2.3292293100516033,0.6154321968366799,8.83534517775054,15.0,3.0,3.5,0.8,4.328104634825734,15.581176685372643
1,64,4751,90,155.3493,-36.4153,231.6276,2.0116,4.8337,-0.4318,-0.5453,0.7928,0.9494,0.6956,0.0001,-1.2364,-0.0322,car,64,155.3493,-36.4153,-0.4318,-0.5453,0.6956,0.0001,231.6276,0.6955597242509086,2.504015007303271,0.0,0.0,0.0,0.0,0.0,0.0,1,01_63_64_4714_ego_64,1,4714,4694,4726,vehicle_vehicle,0.41789704820499335,2.3292293100516033,0.6154321968366799,8.83534517775054,15.0,3.0,3.5,0.8,4.328104634825734,15.581176685372643
1,61,4752,361,146.1863,-45.6698,220.9732,2.0434,4.6049,0.0218,0.0058,0.0648,0.0074,-0.0203,-0.0099,-0.0538,-0.0369,car,64,155.3335,-36.4348,-0.4024,-0.5102,0.6498,-0.0013,231.6214,0.6497921206047361,2.33925163417705,-9.147199999999998,-9.235,0.42419999999999997,0.516,0.6679832632633844,12.998326539981981,0,01_63_64_4714_ego_64,0,4714,4694,4726,vehicle_vehicle,0.41789704820499335,2.3292293100516033,0.6154321968366799,8.83534517775054,15.0,3.0,3.5,0.8,4.328104634825734,15.581176685372643
1,63,4752,234,150.4192,-41.6108,230.0788,2.0859,4.8916,-0.0159,-0.0159,-0.0145,-0.0696,0.0224,0.002,0.0627,-0.0336,car,64,155.3335,-36.4348,-0.4024,-0.5102,0.6498,-0.0013,231.6214,0.6497921206047361,2.33925163417705,-4.914299999999997,-5.175999999999995,0.38649999999999995,0.49429999999999996,0.6274669234310283,7.137318858647126,0,01_63_64_4714_ego_64,1,4714,4694,4726,vehicle_vehicle,0.41789704820499335,2.3292293100516033,0.6154321968366799,8.83534517775054,15.0,3.0,3.5,0.8,4.328104634825734,15.581176685372643
1,64,4752,91,155.3335,-36.4348,231.6214,2.0116,4.8337,-0.4024,-0.5102,0.7412,0.8825,0.6498,-0.0013,-1.152,-0.0331,car,64,155.3335,-36.4348,-0.4024,-0.5102,0.6498,-0.0013,231.6214,0.6497921206047361,2.33925163417705,0.0,0.0,0.0,0.0,0.0,0.0,1,01_63_64_4714_ego_64,1,4714,4694,4726,vehicle_vehicle,0.41789704820499335,2.3292293100516033,0.6154321968366799,8.83534517775054,15.0,3.0,3.5,0.8,4.328104634825734,15.581176685372643
1,61,4753,362,146.1865,-45.6701,220.9844,2.0434,4.6049,0.0258,0.0069,0.0658,0.0067,-0.0239,-0.0117,-0.054,-0.0381,car,64,155.3191,-36.4536,-0.3755,-0.4782,0.608,-0.0026,231.6193,0.6080094489397349,2.1888340161830455,-9.132599999999996,-9.216499999999996,0.4013,0.48510000000000003,0.6295742212003284,12.974908670584155,0,01_63_64_4714_ego_64,0,4714,4694,4726,vehicle_vehicle,0.41789704820499335,2.3292293100516033,0.6154321968366799,8.83534517775054,15.0,3.0,3.5,0.8,4.328104634825734,15.581176685372643
1,63,4753,235,150.4187,-41.6109,230.0803,2.0859,4.8916,-0.0171,-0.0191,-0.0126,-0.0769,0.0256,0.0008,0.0671,-0.0397,car,64,155.3191,-36.4536,-0.3755,-0.4782,0.608,-0.0026,231.6193,0.6080094489397349,2.1888340161830455,-4.9003999999999905,-5.157299999999999,0.3584,0.4591,0.582428854024249,7.11418747644451,0,01_63_64_4714_ego_64,1,4714,4694,4726,vehicle_vehicle,0.41789704820499335,2.3292293100516033,0.6154321968366799,8.83534517775054,15.0,3.0,3.5,0.8,4.328104634825734,15.581176685372643
1,64,4753,92,155.3191,-36.4536,231.6193,2.0116,4.8337,-0.3755,-0.4782,0.692,0.8187,0.608,-0.0026,-1.0714,-0.0341,car,64,155.3191,-36.4536,-0.3755,-0.4782,0.608,-0.0026,231.6193,0.6080094489397349,2.1888340161830455,0.0,0.0,0.0,0.0,0.0,0.0,1,01_63_64_4714_ego_64,1,4714,4694,4726,vehicle_vehicle,0.41789704820499335,2.3292293100516033,0.6154321968366799,8.83534517775054,15.0,3.0,3.5,0.8,4.328104634825734,15.581176685372643
1,61,4754,363,146.187,-45.6706,220.9941,2.0434,4.6049,0.0299,0.0082,0.0653,0.0051,-0.028,-0.0135,-0.0526,-0.039,car,64,155.3059,-36.4718,-0.351,-0.4488,0.5698,-0.0036,231.6152,0.5697564742940618,2.0511233074586226,-9.118899999999996,-9.198799999999999,0.38089999999999996,0.45699999999999996,0.5949233648126453,12.95269310413861,0,01_63_64_4714_ego_64,0,4714,4694,4726,vehicle_vehicle,0.41789704820499335,2.3292293100516033,0.6154321968366799,8.83534517775054,15.0,3.0,3.5,0.8,4.328104634825734,15.581176685372643
1,63,4754,236,150.4184,-41.6113,230.0844,2.0859,4.8916,-0.0183,-0.0228,-0.0101,-0.0836,0.0293,-0.0006,0.0706,-0.0459,car,64,155.3059,-36.4718,-0.351,-0.4488,0.5698,-0.0036,231.6152,0.5697564742940618,2.0511233074586226,-4.887500000000017,-5.139499999999998,0.3327,0.426,0.5405231632409475,7.0923985012124175,0,01_63_64_4714_ego_64,1,4714,4694,4726,vehicle_vehicle,0.41789704820499335,2.3292293100516033,0.6154321968366799,8.83534517775054,15.0,3.0,3.5,0.8,4.328104634825734,15.581176685372643
1,64,4754,93,155.3059,-36.4718,231.6152,2.0116,4.8337,-0.351,-0.4488,0.6458,0.7583,0.5698,-0.0036,-0.9954,-0.0354,car,64,155.3059,-36.4718,-0.351,-0.4488,0.5698,-0.0036,231.6152,0.5697564742940618,2.0511233074586226,0.0,0.0,0.0,0.0,0.0,0.0,1,01_63_64_4714_ego_64,1,4714,4694,4726,vehicle_vehicle,0.41789704820499335,2.3292293100516033,0.6154321968366799,8.83534517775054,15.0,3.0,3.5,0.8,4.328104634825734,15.581176685372643
1,61,4755,364,146.1878,-45.6713,221.0034,2.0434,4.6049,0.0343,0.0098,0.0631,0.0022,-0.0323,-0.0151,-0.0491,-0.0397,car,64,155.2933,-36.489,-0.3287,-0.422,0.5349,-0.0044,231.6106,0.5349090483437348,1.9256725740374452,-9.105499999999978,-9.182300000000005,0.363,0.43179999999999996,0.5641101310914385,12.9315414216558,0,01_63_64_4714_ego_64,0,4714,4694,4726,vehicle_vehicle,0.41789704820499335,2.3292293100516033,0.6154321968366799,8.83534517775054,15.0,3.0,3.5,0.8,4.328104634825734,15.581176685372643
1,63,4755,237,150.4178,-41.612,230.0932,2.0859,4.8916,-0.0196,-0.0269,-0.0068,-0.0897,0.0332,-0.0022,0.0732,-0.0523,car,64,155.2933,-36.489,-0.3287,-0.422,0.5349,-0.0044,231.6106,0.5349090483437348,1.9256725740374452,-4.875499999999988,-5.123000000000005,0.3091,0.3951,0.5016441168796859,7.072172880381244,0,01_63_64_4714_ego_64,1,4714,4694,4726,vehicle_vehicle,0.41789704820499335,2.3292293100516033,0.6154321968366799,8.83534517775054,15.0,3.0,3.5,0.8,4.328104634825734,15.581176685372643
1,64,4755,94,155.2933,-36.489,231.6106,2.0116,4.8337,-0.3287,-0.422,0.603,0.7013,0.5349,-0.0044,-0.9241,-0.0371,car,64,155.2933,-36.489,-0.3287,-0.422,0.5349,-0.0044,231.6106,0.5349090483437348,1.9256725740374452,0.0,0.0,0.0,0.0,0.0,0.0,1,01_63_64_4714_ego_64,1,4714,4694,4726,vehicle_vehicle,0.41789704820499335,2.3292293100516033,0.6154321968366799,8.83534517775054,15.0,3.0,3.5,0.8,4.328104634825734,15.581176685372643
1,61,4756,365,146.1887,-45.6721,221.0104,2.0434,4.6049,0.0388,0.0119,0.0591,-0.0023,-0.0371,-0.0165,-0.043,-0.0405,car,64,155.2813,-36.5055,-0.3084,-0.3973,0.5029,-0.005,231.6063,0.5029491524995345,1.8106169489983244,-9.092599999999976,-9.166600000000003,0.3472,0.4092,0.5366493082078836,12.91131017054426,0,01_63_64_4714_ego_64,0,4714,4694,4726,vehicle_vehicle,0.41789704820499335,2.3292293100516033,0.6154321968366799,8.83534517775054,15.0,3.0,3.5,0.8,4.328104634825734,15.581176685372643
1,63,4756,238,150.4172,-41.6131,230.1015,2.0859,4.8916,-0.0207,-0.0312,-0.0026,-0.095,0.0372,-0.0041,0.0746,-0.059,car,64,155.2813,-36.5055,-0.3084,-0.3973,0.5029,-0.005,231.6063,0.5029491524995345,1.8106169489983244,-4.864099999999979,-5.107600000000005,0.2877,0.3661,0.46561840599357757,7.053158623623876,0,01_63_64_4714_ego_64,1,4714,4694,4726,vehicle_vehicle,0.41789704820499335,2.3292293100516033,0.6154321968366799,8.83534517775054,15.0,3.0,3.5,0.8,4.328104634825734,15.581176685372643
1,64,4756,95,155.2813,-36.5055,231.6063,2.0116,4.8337,-0.3084,-0.3973,0.5638,0.6477,0.5029,-0.005,-0.8578,-0.0397,car,64,155.2813,-36.5055,-0.3084,-0.3973,0.5029,-0.005,231.6063,0.5029491524995345,1.8106169489983244,0.0,0.0,0.0,0.0,0.0,0.0,1,01_63_64_4714_ego_64,1,4714,4694,4726,vehicle_vehicle,0.41789704820499335,2.3292293100516033,0.6154321968366799,8.83534517775054,15.0,3.0,3.5,0.8,4.328104634825734,15.581176685372643
1,61,4757,366,146.1896,-45.6729,221.018,2.0434,4.6049,0.0434,0.0143,0.053,-0.0091,-0.0421,-0.0177,-0.034,-0.0416,car,64,155.2693,-36.521,-0.2896,-0.3747,0.4736,-0.0058,231.596,0.47356968864149235,1.7048508791093724,-9.079699999999974,-9.151899999999998,0.333,0.38899999999999996,0.5120644490686694,12.891789080651277,0,01_63_64_4714_ego_64,0,4714,4694,4726,vehicle_vehicle,0.41789704820499335,2.3292293100516033,0.6154321968366799,8.83534517775054,15.0,3.0,3.5,0.8,4.328104634825734,15.581176685372643
1,63,4757,239,150.4161,-41.6146,230.1087,2.0859,4.8916,-0.0216,-0.0357,0.0024,-0.0997,0.0412,-0.0063,0.0749,-0.0658,car,64,155.2693,-36.521,-0.2896,-0.3747,0.4736,-0.0058,231.596,0.47356968864149235,1.7048508791093724,-4.853199999999987,-5.093600000000002,0.268,0.33899999999999997,0.4321400236034612,7.035503620921525,0,01_63_64_4714_ego_64,1,4714,4694,4726,vehicle_vehicle,0.41789704820499335,2.3292293100516033,0.6154321968366799,8.83534517775054,15.0,3.0,3.5,0.8,4.328104634825734,15.581176685372643
1,64,4757,96,155.2693,-36.521,231.596,2.0116,4.8337,-0.2896,-0.3747,0.5285,0.5974,0.4736,-0.0058,-0.7965,-0.043,car,64,155.2693,-36.521,-0.2896,-0.3747,0.4736,-0.0058,231.596,0.47356968864149235,1.7048508791093724,0.0,0.0,0.0,0.0,0.0,0.0,1,01_63_64_4714_ego_64,1,4714,4694,4726,vehicle_vehicle,0.41789704820499335,2.3292293100516033,0.6154321968366799,8.83534517775054,15.0,3.0,3.5,0.8,4.328104634825734,15.581176685372643
1,61,4758,367,146.1906,-45.6733,221.0273,2.0434,4.6049,0.048,0.0167,0.0445,-0.0186,-0.0472,-0.0189,-0.0214,-0.0432,car,64,155.2584,-36.5358,-0.2724,-0.3541,0.4467,-0.0065,231.5879,0.4467533659638168,1.6083121174697406,-9.067800000000005,-9.137499999999996,0.32039999999999996,0.3708,0.49004979338838617,12.873185429022609,0,01_63_64_4714_ego_64,0,4714,4694,4726,vehicle_vehicle,0.41789704820499335,2.3292293100516033,0.6154321968366799,8.83534517775054,15.0,3.0,3.5,0.8,4.328104634825734,15.581176685372643
1,63,4758,240,150.415,-41.6164,230.1135,2.0859,4.8916,-0.0222,-0.0402,0.0082,-0.1037,0.0451,-0.0087,0.0743,-0.0728,car,64,155.2584,-36.5358,-0.2724,-0.3541,0.4467,-0.0065,231.5879,0.4467533659638168,1.6083121174697406,-4.843400000000003,-5.080599999999997,0.2502,0.3139,0.4014140630321763,7.019331871339323,0,01_63_64_4714_ego_64,1,4714,4694,4726,vehicle_vehicle,0.41789704820499335,2.3292293100516033,0.6154321968366799,8.83534517775054,15.0,3.0,3.5,0.8,4.328104634825734,15.581176685372643
1,64,4758,97,155.2584,-36.5358,231.5879,2.0116,4.8337,-0.2724,-0.3541,0.497,0.5505,0.4467,-0.0065,-0.7401,-0.0474,car,64,155.2584,-36.5358,-0.2724,-0.3541,0.4467,-0.0065,231.5879,0.4467533659638168,1.6083121174697406,0.0,0.0,0.0,0.0,0.0,0.0,1,01_63_64_4714_ego_64,1,4714,4694,4726,vehicle_vehicle,0.41789704820499335,2.3292293100516033,0.6154321968366799,8.83534517775054,15.0,3.0,3.5,0.8,4.328104634825734,15.581176685372643
1,61,4759,368,146.1917,-45.6732,221.0333,2.0434,4.6049,0.0527,0.0191,0.0333,-0.0309,-0.0523,-0.0202,-0.0048,-0.0452,car,64,155.2469,-36.5482,-0.256,-0.3358,0.4222,-0.0081,231.5795,0.4222530520908049,1.5201109875268977,-9.055200000000013,-9.125,0.3087,0.3549,0.4703718741591593,12.855437450355405,0,01_63_64_4714_ego_64,0,4714,4694,4726,vehicle_vehicle,0.41789704820499335,2.3292293100516033,0.6154321968366799,8.83534517775054,15.0,3.0,3.5,0.8,4.328104634825734,15.581176685372643
1,63,4759,241,150.414,-41.6178,230.1187,2.0859,4.8916,-0.0225,-0.0451,0.0146,-0.1071,0.049,-0.0116,0.0728,-0.0799,car,64,155.2469,-36.5482,-0.256,-0.3358,0.4222,-0.0081,231.5795,0.4222530520908049,1.5201109875268977,-4.8329000000000235,-5.069600000000001,0.2335,0.29069999999999996,0.37286557899597006,7.004124968188406,0,01_63_64_4714_ego_64,1,4714,4694,4726,vehicle_vehicle,0.41789704820499335,2.3292293100516033,0.6154321968366799,8.83534517775054,15.0,3.0,3.5,0.8,4.328104634825734,15.581176685372643
1,64,4759,98,155.2469,-36.5482,231.5795,2.0116,4.8337,-0.256,-0.3358,0.4692,0.507,0.4222,-0.0081,-0.6888,-0.0525,car,64,155.2469,-36.5482,-0.256,-0.3358,0.4222,-0.0081,231.5795,0.4222530520908049,1.5201109875268977,0.0,0.0,0.0,0.0,0.0,0.0,1,01_63_64_4714_ego_64,1,4714,4694,4726,vehicle_vehicle,0.41789704820499335,2.3292293100516033,0.6154321968366799,8.83534517775054,15.0,3.0,3.5,0.8,4.328104634825734,15.581176685372643
1,61,4760,369,146.1928,-45.6727,221.0373,2.0434,4.6049,0.0573,0.021,0.019,-0.0464,-0.057,-0.0218,0.0162,-0.0475,car,64,155.2362,-36.5604,-0.2404,-0.3196,0.3998,-0.0103,231.574,0.3999203920782235,1.4397134114816046,-9.043399999999991,-9.112299999999998,0.2977,0.3406,0.45236451010219625,12.838111031222615,0,01_63_64_4714_ego_64,0,4714,4694,4726,vehicle_vehicle,0.41789704820499335,2.3292293100516033,0.6154321968366799,8.83534517775054,15.0,3.0,3.5,0.8,4.328104634825734,15.581176685372643
1,63,4760,242,150.4128,-41.6192,230.1212,2.0859,4.8916,-0.0225,-0.0502,0.0216,-0.1097,0.0529,-0.0149,0.0704,-0.0869,car,64,155.2362,-36.5604,-0.2404,-0.3196,0.3998,-0.0103,231.574,0.3999203920782235,1.4397134114816046,-4.823399999999992,-5.058799999999998,0.2179,0.2694,0.34649209226185806,6.989752856861243,0,01_63_64_4714_ego_64,1,4714,4694,4726,vehicle_vehicle,0.41789704820499335,2.3292293100516033,0.6154321968366799,8.83534517775054,15.0,3.0,3.5,0.8,4.328104634825734,15.581176685372643
1,64,4760,99,155.2362,-36.5604,231.574,2.0116,4.8337,-0.2404,-0.3196,0.4447,0.4674,0.3998,-0.0103,-0.6426,-0.0579,car,64,155.2362,-36.5604,-0.2404,-0.3196,0.3998,-0.0103,231.574,0.3999203920782235,1.4397134114816046,0.0,0.0,0.0,0.0,0.0,0.0,1,01_63_64_4714_ego_64,1,4714,4694,4726,vehicle_vehicle,0.41789704820499335,2.3292293100516033,0.6154321968366799,8.83534517775054,15.0,3.0,3.5,0.8,4.328104634825734,15.581176685372643
1,61,4761,370,146.1941,-45.672,221.0388,2.0434,4.6049,0.0618,0.0223,0.0012,-0.0651,-0.0613,-0.0237,0.0419,-0.0499,car,64,155.2259,-36.5721,-0.2253,-0.3052,0.3792,-0.0132,231.5664,0.3793509325149999,1.3656633570539998,-9.031800000000004,-9.099899999999998,0.2871,0.3275,0.43552572828708985,12.82113845374115,0,01_63_64_4714_ego_64,0,4714,4694,4726,vehicle_vehicle,0.41789704820499335,2.3292293100516033,0.6154321968366799,8.83534517775054,15.0,3.0,3.5,0.8,4.328104634825734,15.581176685372643
1,63,4761,243,150.4114,-41.6211,230.1242,2.0859,4.8916,-0.0219,-0.0555,0.029,-0.1114,0.0567,-0.0188,0.0669,-0.0937,car,64,155.2259,-36.5721,-0.2253,-0.3052,0.3792,-0.0132,231.5664,0.3793509325149999,1.3656633570539998,-4.8145000000000095,-5.0489999999999995,0.2034,0.24970000000000003,0.3220584574265983,6.97651856229166,0,01_63_64_4714_ego_64,1,4714,4694,4726,vehicle_vehicle,0.41789704820499335,2.3292293100516033,0.6154321968366799,8.83534517775054,15.0,3.0,3.5,0.8,4.328104634825734,15.581176685372643
1,64,4761,100,155.2259,-36.5721,231.5664,2.0116,4.8337,-0.2253,-0.3052,0.4232,0.4321,0.3792,-0.0132,-0.6015,-0.063,car,64,155.2259,-36.5721,-0.2253,-0.3052,0.3792,-0.0132,231.5664,0.3793509325149999,1.3656633570539998,0.0,0.0,0.0,0.0,0.0,0.0,1,01_63_64_4714_ego_64,1,4714,4694,4726,vehicle_vehicle,0.41789704820499335,2.3292293100516033,0.6154321968366799,8.83534517775054,15.0,3.0,3.5,0.8,4.328104634825734,15.581176685372643
1,61,4762,371,146.1953,-45.6709,221.0415,2.0434,4.6049,0.0661,0.0228,-0.0206,-0.0869,-0.0648,-0.0262,0.0726,-0.052,car,64,155.2158,-36.5832,-0.2106,-0.2926,0.3601,-0.017,231.5576,0.36050952830681193,1.297834301904523,-9.020499999999998,-9.087700000000005,0.2767,0.3154,0.41957126927376714,12.804519184256787,0,01_63_64_4714_ego_64,0,4714,4694,4726,vehicle_vehicle,0.41789704820499335,2.3292293100516033,0.6154321968366799,8.83534517775054,15.0,3.0,3.5,0.8,4.328104634825734,15.581176685372643
1,63,4762,244,150.4097,-41.6232,230.1263,2.0859,4.8916,-0.0207,-0.061,0.0365,-0.1122,0.0601,-0.0232,0.0627,-0.0999,car,64,155.2158,-36.5832,-0.2106,-0.2926,0.3601,-0.017,231.5576,0.36050952830681193,1.297834301904523,-4.806100000000015,-5.039999999999999,0.1899,0.23160000000000003,0.29950053422322975,6.964208297430522,0,01_63_64_4714_ego_64,1,4714,4694,4726,vehicle_vehicle,0.41789704820499335,2.3292293100516033,0.6154321968366799,8.83534517775054,15.0,3.0,3.5,0.8,4.328104634825734,15.581176685372643
1,64,4762,101,155.2158,-36.5832,231.5576,2.0116,4.8337,-0.2106,-0.2926,0.4042,0.4012,0.3601,-0.017,-0.5655,-0.0671,car,64,155.2158,-36.5832,-0.2106,-0.2926,0.3601,-0.017,231.5576,0.36050952830681193,1.297834301904523,0.0,0.0,0.0,0.0,0.0,0.0,1,01_63_64_4714_ego_64,1,4714,4694,4726,vehicle_vehicle,0.41789704820499335,2.3292293100516033,0.6154321968366799,8.83534517775054,15.0,3.0,3.5,0.8,4.328104634825734,15.581176685372643
1,61,4763,372,146.1968,-45.67,221.0476,2.0434,4.6049,0.0699,0.0224,-0.0468,-0.1119,-0.0675,-0.029,0.1088,-0.0536,car,64,155.2064,-36.5942,-0.1961,-0.2813,0.3423,-0.0214,231.5522,0.34290654703577766,1.2344635693287995,-9.009600000000006,-9.075800000000001,0.266,0.30369999999999997,0.4037198162092121,12.788394652965637,0,01_63_64_4714_ego_64,0,4714,4694,4726,vehicle_vehicle,0.41789704820499335,2.3292293100516033,0.6154321968366799,8.83534517775054,15.0,3.0,3.5,0.8,4.328104634825734,15.581176685372643
1,63,4763,245,150.408,-41.6258,230.1278,2.0859,4.8916,-0.0189,-0.0665,0.0439,-0.1119,0.0632,-0.0282,0.0577,-0.1054,car,64,155.2064,-36.5942,-0.1961,-0.2813,0.3423,-0.0214,231.5522,0.34290654703577766,1.2344635693287995,-4.798400000000015,-5.031599999999997,0.1772,0.2148,0.27845803992702384,6.952815337688764,0,01_63_64_4714_ego_64,1,4714,4694,4726,vehicle_vehicle,0.41789704820499335,2.3292293100516033,0.6154321968366799,8.83534517775054,15.0,3.0,3.5,0.8,4.328104634825734,15.581176685372643
1,64,4763,102,155.2064,-36.5942,231.5522,2.0116,4.8337,-0.1961,-0.2813,0.387,0.3751,0.3423,-0.0214,-0.5344,-0.0699,car,64,155.2064,-36.5942,-0.1961,-0.2813,0.3423,-0.0214,231.5522,0.34290654703577766,1.2344635693287995,0.0,0.0,0.0,0.0,0.0,0.0,1,01_63_64_4714_ego_64,1,4714,4694,4726,vehicle_vehicle,0.41789704820499335,2.3292293100516033,0.6154321968366799,8.83534517775054,15.0,3.0,3.5,0.8,4.328104634825734,15.581176685372643
1,61,4764,373,146.1984,-45.6687,221.0517,2.0434,4.6049,0.0732,0.0209,-0.078,-0.1398,-0.0689,-0.0323,0.1506,-0.0542,car,64,155.1979,-36.6052,-0.1819,-0.2712,0.3255,-0.0262,231.5493,0.3265532881475855,1.175591837331308,-8.999500000000012,-9.063499999999998,0.2551,0.29209999999999997,0.3878123515309949,12.77254996075569,0,01_63_64_4714_ego_64,0,4714,4694,4726,vehicle_vehicle,0.41789704820499335,2.3292293100516033,0.6154321968366799,8.83534517775054,15.0,3.0,3.5,0.8,4.328104634825734,15.581176685372643
1,63,4764,246,150.4062,-41.6287,230.1306,2.0859,4.8916,-0.0163,-0.072,0.0506,-0.1106,0.0657,-0.0336,0.0524,-0.1097,car,64,155.1979,-36.6052,-0.1819,-0.2712,0.3255,-0.0262,231.5493,0.3265532881475855,1.175591837331308,-4.791699999999992,-5.0234999999999985,0.1656,0.1992,0.25904439773907484,6.942329662296361,0,01_63_64_4714_ego_64,1,4714,4694,4726,vehicle_vehicle,0.41789704820499335,2.3292293100516033,0.6154321968366799,8.83534517775054,15.0,3.0,3.5,0.8,4.328104634825734,15.581176685372643
1,64,4764,103,155.1979,-36.6052,231.5493,2.0116,4.8337,-0.1819,-0.2712,0.3713,0.3538,0.3255,-0.0262,-0.508,-0.0708,car,64,155.1979,-36.6052,-0.1819,-0.2712,0.3255,-0.0262,231.5493,0.3265532881475855,1.175591837331308,0.0,0.0,0.0,0.0,0.0,0.0,1,01_63_64_4714_ego_64,1,4714,4694,4726,vehicle_vehicle,0.41789704820499335,2.3292293100516033,0.6154321968366799,8.83534517775054,15.0,3.0,3.5,0.8,4.328104634825734,15.581176685372643
1,61,4765,374,146.2006,-45.6674,221.0538,2.0434,4.6049,0.0754,0.0179,-0.1143,-0.1705,-0.0687,-0.036,0.1982,-0.0535,car,64,155.1903,-36.6155,-0.168,-0.2619,0.3096,-0.0313,231.5498,0.3111520689309329,1.1201474481513585,-8.9897,-9.051900000000003,0.2434,0.27980000000000005,0.3708525313382666,12.757413519205217,0,01_63_64_4714_ego_64,0,4714,4694,4726,vehicle_vehicle,0.41789704820499335,2.3292293100516033,0.6154321968366799,8.83534517775054,15.0,3.0,3.5,0.8,4.328104634825734,15.581176685372643
1,63,4765,247,150.4049,-41.6317,230.1342,2.0859,4.8916,-0.0132,-0.0773,0.0564,-0.1083,0.0678,-0.0394,0.047,-0.1127,car,64,155.1903,-36.6155,-0.168,-0.2619,0.3096,-0.0313,231.5498,0.3111520689309329,1.1201474481513585,-4.78540000000001,-5.016200000000005,0.15480000000000002,0.18460000000000004,0.24091533782638253,6.932699012650135,0,01_63_64_4714_ego_64,1,4714,4694,4726,vehicle_vehicle,0.41789704820499335,2.3292293100516033,0.6154321968366799,8.83534517775054,15.0,3.0,3.5,0.8,4.328104634825734,15.581176685372643
1,64,4765,104,155.1903,-36.6155,231.5498,2.0116,4.8337,-0.168,-0.2619,0.3568,0.3373,0.3096,-0.0313,-0.486,-0.0697,car,64,155.1903,-36.6155,-0.168,-0.2619,0.3096,-0.0313,231.5498,0.3111520689309329,1.1201474481513585,0.0,0.0,0.0,0.0,0.0,0.0,1,01_63_64_4714_ego_64,1,4714,4694,4726,vehicle_vehicle,0.41789704820499335,2.3292293100516033,0.6154321968366799,8.83534517775054,15.0,3.0,3.5,0.8,4.328104634825734,15.581176685372643
1,61,4766,375,146.2028,-45.6666,221.0592,2.0434,4.6049,0.0765,0.0137,-0.1562,-0.2038,-0.0667,-0.04,0.2517,-0.0511,car,64,155.1828,-36.626,-0.1544,-0.2532,0.2943,-0.0365,231.5543,0.29656297813449334,1.0676267212841761,-8.97999999999999,-9.040600000000005,0.2309,0.26689999999999997,0.3529170157416613,12.742560510352694,0,01_63_64_4714_ego_64,0,4714,4694,4726,vehicle_vehicle,0.41789704820499335,2.3292293100516033,0.6154321968366799,8.83534517775054,15.0,3.0,3.5,0.8,4.328104634825734,15.581176685372643
1,63,4766,248,150.4031,-41.6352,230.1373,2.0859,4.8916,-0.0093,-0.0825,0.0608,-0.1052,0.0693,-0.0457,0.0418,-0.1142,car,64,155.1828,-36.626,-0.1544,-0.2532,0.2943,-0.0365,231.5543,0.29656297813449334,1.0676267212841761,-4.779699999999991,-5.0092,0.1451,0.17069999999999996,0.22403682732979413,6.92369964181,0,01_63_64_4714_ego_64,1,4714,4694,4726,vehicle_vehicle,0.41789704820499335,2.3292293100516033,0.6154321968366799,8.83534517775054,15.0,3.0,3.5,0.8,4.328104634825734,15.581176685372643
1,64,4766,105,155.1828,-36.626,231.5543,2.0116,4.8337,-0.1544,-0.2532,0.3431,0.3256,0.2943,-0.0365,-0.4684,-0.0662,car,64,155.1828,-36.626,-0.1544,-0.2532,0.2943,-0.0365,231.5543,0.29656297813449334,1.0676267212841761,0.0,0.0,0.0,0.0,0.0,0.0,1,01_63_64_4714_ego_64,1,4714,4694,4726,vehicle_vehicle,0.41789704820499335,2.3292293100516033,0.6154321968366799,8.83534517775054,15.0,3.0,3.5,0.8,4.328104634825734,15.581176685372643
1,61,4767,376,146.2052,-45.6664,221.0596,2.0434,4.6049,0.0762,0.0082,-0.2039,-0.2397,-0.0628,-0.0439,0.3112,-0.0468,car,64,155.176,-36.6366,-0.1409,-0.2447,0.2792,-0.0418,231.5624,0.2823666056742546,1.0165197804273165,-8.970799999999997,-9.029800000000002,0.21710000000000002,0.2529,0.3333028952769538,12.728414696261273,0,01_63_64_4714_ego_64,0,4714,4694,4726,vehicle_vehicle,0.41789704820499335,2.3292293100516033,0.6154321968366799,8.83534517775054,15.0,3.0,3.5,0.8,4.328104634825734,15.581176685372643
1,63,4767,249,150.4019,-41.6389,230.1364,2.0859,4.8916,-0.005,-0.0873,0.0635,-0.1014,0.0702,-0.0522,0.0371,-0.1137,car,64,155.176,-36.6366,-0.1409,-0.2447,0.2792,-0.0418,231.5624,0.2823666056742546,1.0165197804273165,-4.774099999999976,-5.002299999999998,0.1359,0.15739999999999998,0.20795088362399425,6.914841726315921,0,01_63_64_4714_ego_64,1,4714,4694,4726,vehicle_vehicle,0.41789704820499335,2.3292293100516033,0.6154321968366799,8.83534517775054,15.0,3.0,3.5,0.8,4.328104634825734,15.581176685372643
1,64,4767,106,155.176,-36.6366,231.5624,2.0116,4.8337,-0.1409,-0.2447,0.3298,0.3186,0.2792,-0.0418,-0.4546,-0.0602,car,64,155.176,-36.6366,-0.1409,-0.2447,0.2792,-0.0418,231.5624,0.2823666056742546,1.0165197804273165,0.0,0.0,0.0,0.0,0.0,0.0,1,01_63_64_4714_ego_64,1,4714,4694,4726,vehicle_vehicle,0.41789704820499335,2.3292293100516033,0.6154321968366799,8.83534517775054,15.0,3.0,3.5,0.8,4.328104634825734,15.581176685372643
1,61,4768,377,146.2075,-45.6667,221.0569,2.0434,4.6049,0.0742,0.0014,-0.2576,-0.2784,-0.0568,-0.0476,0.3771,-0.0407,car,64,155.1693,-36.6474,-0.1274,-0.2359,0.264,-0.0468,231.5676,0.2681036553275617,0.9651731591792221,-8.961799999999982,-9.019300000000001,0.2016,0.2373,0.3113741318735389,12.714622752170028,0,01_63_64_4714_ego_64,0,4714,4694,4726,vehicle_vehicle,0.41789704820499335,2.3292293100516033,0.6154321968366799,8.83534517775054,15.0,3.0,3.5,0.8,4.328104634825734,15.581176685372643
1,63,4768,250,150.4007,-41.6431,230.1293,2.0859,4.8916,-0.0,-0.0918,0.064,-0.097,0.0705,-0.0589,0.0334,-0.1113,car,64,155.1693,-36.6474,-0.1274,-0.2359,0.264,-0.0468,231.5676,0.2681036553275617,0.9651731591792221,-4.768599999999992,-4.995699999999999,0.1274,0.1441,0.19234232503533902,6.906269937527776,0,01_63_64_4714_ego_64,1,4714,4694,4726,vehicle_vehicle,0.41789704820499335,2.3292293100516033,0.6154321968366799,8.83534517775054,15.0,3.0,3.5,0.8,4.328104634825734,15.581176685372643
1,64,4768,107,155.1693,-36.6474,231.5676,2.0116,4.8337,-0.1274,-0.2359,0.3164,0.3159,0.264,-0.0468,-0.4441,-0.0515,car,64,155.1693,-36.6474,-0.1274,-0.2359,0.264,-0.0468,231.5676,0.2681036553275617,0.9651731591792221,0.0,0.0,0.0,0.0,0.0,0.0,1,01_63_64_4714_ego_64,1,4714,4694,4726,vehicle_vehicle,0.41789704820499335,2.3292293100516033,0.6154321968366799,8.83534517775054,15.0,3.0,3.5,0.8,4.328104634825734,15.581176685372643
1,61,4769,378,146.2101,-45.6675,221.0553,2.0434,4.6049,0.0701,-0.0067,-0.3175,-0.32,-0.0484,-0.051,0.4496,-0.0328,car,64,155.1635,-36.6593,-0.114,-0.2261,0.248,-0.0512,231.5766,0.25321376344898794,0.9115695484163566,-8.953399999999988,-9.008199999999995,0.18409999999999999,0.21939999999999998,0.28640734976602816,12.700828272203342,0,01_63_64_4714_ego_64,0,4714,4694,4726,vehicle_vehicle,0.41789704820499335,2.3292293100516033,0.6154321968366799,8.83534517775054,15.0,3.0,3.5,0.8,4.328104634825734,15.581176685372643
1,63,4769,251,150.3996,-41.6481,230.1172,2.0859,4.8916,0.0054,-0.0957,0.0618,-0.0924,0.07,-0.0655,0.0312,-0.1067,car,64,155.1635,-36.6593,-0.114,-0.2261,0.248,-0.0512,231.5766,0.25321376344898794,0.9115695484163566,-4.763900000000007,-4.988799999999998,0.1194,0.13040000000000002,0.17680644784622535,6.898033679969969,0,01_63_64_4714_ego_64,1,4714,4694,4726,vehicle_vehicle,0.41789704820499335,2.3292293100516033,0.6154321968366799,8.83534517775054,15.0,3.0,3.5,0.8,4.328104634825734,15.581176685372643
1,64,4769,108,155.1635,-36.6593,231.5766,2.0116,4.8337,-0.114,-0.2261,0.3026,0.3165,0.248,-0.0512,-0.436,-0.0403,car,64,155.1635,-36.6593,-0.114,-0.2261,0.248,-0.0512,231.5766,0.25321376344898794,0.9115695484163566,0.0,0.0,0.0,0.0,0.0,0.0,1,01_63_64_4714_ego_64,1,4714,4694,4726,vehicle_vehicle,0.41789704820499335,2.3292293100516033,0.6154321968366799,8.83534517775054,15.0,3.0,3.5,0.8,4.328104634825734,15.581176685372643
1,61,4770,379,146.2124,-45.6683,221.0513,2.0434,4.6049,0.0637,-0.0163,-0.3836,-0.3647,-0.0373,-0.0541,0.5288,-0.0231,car,64,155.1575,-36.6712,-0.1006,-0.2151,0.2311,-0.0549,231.5826,0.23746235491125747,0.8548644776805269,-8.945099999999996,-8.997100000000003,0.1643,0.1988,0.2579068242602355,12.687104571965977,0,01_63_64_4714_ego_64,0,4714,4694,4726,vehicle_vehicle,0.41789704820499335,2.3292293100516033,0.6154321968366799,8.83534517775054,15.0,3.0,3.5,0.8,4.328104634825734,15.581176685372643
1,63,4770,252,150.3986,-41.6536,230.097,2.0859,4.8916,0.0112,-0.0987,0.0566,-0.0882,0.0685,-0.0719,0.0313,-0.1,car,64,155.1575,-36.6712,-0.1006,-0.2151,0.2311,-0.0549,231.5826,0.23746235491125747,0.8548644776805269,-4.758900000000011,-4.982399999999998,0.1118,0.11640000000000002,0.16139454761546315,6.889952029586279,0,01_63_64_4714_ego_64,1,4714,4694,4726,vehicle_vehicle,0.41789704820499335,2.3292293100516033,0.6154321968366799,8.83534517775054,15.0,3.0,3.5,0.8,4.328104634825734,15.581176685372643
1,64,4770,109,155.1575,-36.6712,231.5826,2.0116,4.8337,-0.1006,-0.2151,0.2877,0.3195,0.2311,-0.0549,-0.4291,-0.0269,car,64,155.1575,-36.6712,-0.1006,-0.2151,0.2311,-0.0549,231.5826,0.23746235491125747,0.8548644776805269,0.0,0.0,0.0,0.0,0.0,0.0,1,01_63_64_4714_ego_64,1,4714,4694,4726,vehicle_vehicle,0.41789704820499335,2.3292293100516033,0.6154321968366799,8.83534517775054,15.0,3.0,3.5,0.8,4.328104634825734,15.581176685372643
1,61,4771,380,146.2148,-45.6696,221.0386,2.0434,4.6049,0.0545,-0.0276,-0.456,-0.4126,-0.023,-0.0566,0.6149,-0.0119,car,64,155.1523,-36.684,-0.0871,-0.2022,0.2126,-0.0573,231.597,0.22016187226674833,0.792582740160294,-8.9375,-8.985600000000005,0.1416,0.17459999999999998,0.22480151245042812,12.673591188372777,0,01_63_64_4714_ego_64,0,4714,4694,4726,vehicle_vehicle,0.41789704820499335,2.3292293100516033,0.6154321968366799,8.83534517775054,15.0,3.0,3.5,0.8,4.328104634825734,15.581176685372643
1,63,4771,253,150.3977,-41.6599,230.0718,2.0859,4.8916,0.0174,-0.1006,0.0477,-0.0851,0.0659,-0.0779,0.0347,-0.0913,car,64,155.1523,-36.684,-0.0871,-0.2022,0.2126,-0.0573,231.597,0.22016187226674833,0.792582740160294,-4.754600000000011,-4.975900000000003,0.1045,0.1016,0.14574913378816357,6.882281741544742,0,01_63_64_4714_ego_64,1,4714,4694,4726,vehicle_vehicle,0.41789704820499335,2.3292293100516033,0.6154321968366799,8.83534517775054,15.0,3.0,3.5,0.8,4.328104634825734,15.581176685372643
1,64,4771,110,155.1523,-36.684,231.597,2.0116,4.8337,-0.0871,-0.2022,0.2712,0.3232,0.2126,-0.0573,-0.4218,-0.0118,car,64,155.1523,-36.684,-0.0871,-0.2022,0.2126,-0.0573,231.597,0.22016187226674833,0.792582740160294,0.0,0.0,0.0,0.0,0.0,0.0,1,01_63_64_4714_ego_64,1,4714,4694,4726,vehicle_vehicle,0.41789704820499335,2.3292293100516033,0.6154321968366799,8.83534517775054,15.0,3.0,3.5,0.8,4.328104634825734,15.581176685372643
1,61,4772,381,146.2196,-45.6699,221.009,2.0434,4.6049,0.0413,-0.0412,-0.534,-0.4637,-0.0041,-0.0582,0.7072,0.0005,car,64,155.1525,-36.6968,-0.0758,-0.1872,0.1937,-0.0569,231.5921,0.20196405620802926,0.7270706023489054,-8.93289999999999,-8.973099999999995,0.11710000000000001,0.14600000000000002,0.18715878285562773,12.66148593254361,0,01_63_64_4714_ego_64,0,4714,4694,4726,vehicle_vehicle,0.41789704820499335,2.3292293100516033,0.6154321968366799,8.83534517775054,15.0,3.0,3.5,0.8,4.328104634825734,15.581176685372643
1,63,4772,254,150.4005,-41.6661,230.0336,2.0859,4.8916,0.0224,-0.1015,0.0354,-0.0842,0.0634,-0.0824,0.0418,-0.0812,car,64,155.1525,-36.6968,-0.0758,-0.1872,0.1937,-0.0569,231.5921,0.20196405620802926,0.7270706023489054,-4.7520000000000095,-4.969299999999997,0.09820000000000001,0.0857,0.1303369863085686,6.875714253079462,0,01_63_64_4714_ego_64,1,4714,4694,4726,vehicle_vehicle,0.41789704820499335,2.3292293100516033,0.6154321968366799,8.83534517775054,15.0,3.0,3.5,0.8,4.328104634825734,15.581176685372643
1,64,4772,111,155.1525,-36.6968,231.5921,2.0116,4.8337,-0.0758,-0.1872,0.2535,0.3258,0.1937,-0.0569,-0.4128,0.0037,car,64,155.1525,-36.6968,-0.0758,-0.1872,0.1937,-0.0569,231.5921,0.20196405620802926,0.7270706023489054,0.0,0.0,0.0,0.0,0.0,0.0,1,01_63_64_4714_ego_64,1,4714,4694,4726,vehicle_vehicle,0.41789704820499335,2.3292293100516033,0.6154321968366799,8.83534517775054,15.0,3.0,3.5,0.8,4.328104634825734,15.581176685372643
1,61,4773,382,146.2233,-45.6705,220.9845,2.0434,4.6049,0.024,-0.0575,-0.6166,-0.5173,0.0196,-0.0591,0.8047,0.0139,car,64,155.1509,-36.7065,-0.0656,-0.1711,0.1748,-0.0548,231.6026,0.18324456335727946,0.6596804280862061,-8.927600000000012,-8.963999999999999,0.08960000000000001,0.1136,0.14468282551844225,12.651297868598313,0,01_63_64_4714_ego_64,0,4714,4694,4726,vehicle_vehicle,0.41789704820499335,2.3292293100516033,0.6154321968366799,8.83534517775054,15.0,3.0,3.5,0.8,4.328104634825734,15.581176685372643
1,63,4773,255,150.4024,-41.6712,230.0073,2.0859,4.8916,0.0265,-0.102,0.0201,-0.0858,0.0611,-0.0858,0.0528,-0.0706,car,64,155.1509,-36.7065,-0.0656,-0.1711,0.1748,-0.0548,231.6026,0.18324456335727946,0.6596804280862061,-4.748500000000007,-4.964700000000001,0.0921,0.06910000000000001,0.1151400017370158,6.869970767041158,0,01_63_64_4714_ego_64,1,4714,4694,4726,vehicle_vehicle,0.41789704820499335,2.3292293100516033,0.6154321968366799,8.83534517775054,15.0,3.0,3.5,0.8,4.328104634825734,15.581176685372643
1,64,4773,112,155.1509,-36.7065,231.6026,2.0116,4.8337,-0.0656,-0.1711,0.2355,0.3258,0.1748,-0.0548,-0.4016,0.0178,car,64,155.1509,-36.7065,-0.0656,-0.1711,0.1748,-0.0548,231.6026,0.18324456335727946,0.6596804280862061,0.0,0.0,0.0,0.0,0.0,0.0,1,01_63_64_4714_ego_64,1,4714,4694,4726,vehicle_vehicle,0.41789704820499335,2.3292293100516033,0.6154321968366799,8.83534517775054,15.0,3.0,3.5,0.8,4.328104634825734,15.581176685372643
1,61,4774,383,146.226,-45.6718,220.9628,2.0434,4.6049,0.0025,-0.0764,-0.7027,-0.573,0.0482,-0.0593,0.9063,0.028,car,64,155.1494,-36.7146,-0.0565,-0.1543,0.156,-0.0515,231.6123,0.16431901898441337,0.5915484683438882,-8.923400000000015,-8.9572,0.059000000000000004,0.0779,0.09772108267922537,12.643516101148457,0,01_63_64_4714_ego_64,0,4714,4694,4726,vehicle_vehicle,0.41789704820499335,2.3292293100516033,0.6154321968366799,8.83534517775054,15.0,3.0,3.5,0.8,4.328104634825734,15.581176685372643
1,63,4774,256,150.4042,-41.6761,229.9937,2.0859,4.8916,0.0297,-0.1023,0.0023,-0.0905,0.0592,-0.0885,0.0679,-0.0599,car,64,155.1494,-36.7146,-0.0565,-0.1543,0.156,-0.0515,231.6123,0.16431901898441337,0.5915484683438882,-4.745200000000011,-4.961500000000001,0.0862,0.05199999999999999,0.10066995579615598,6.865377286792046,0,01_63_64_4714_ego_64,1,4714,4694,4726,vehicle_vehicle,0.41789704820499335,2.3292293100516033,0.6154321968366799,8.83534517775054,15.0,3.0,3.5,0.8,4.328104634825734,15.581176685372643
1,64,4774,113,155.1494,-36.7146,231.6123,2.0116,4.8337,-0.0565,-0.1543,0.2176,0.3223,0.156,-0.0515,-0.3878,0.0296,car,64,155.1494,-36.7146,-0.0565,-0.1543,0.156,-0.0515,231.6123,0.16431901898441337,0.5915484683438882,0.0,0.0,0.0,0.0,0.0,0.0,1,01_63_64_4714_ego_64,1,4714,4694,4726,vehicle_vehicle,0.41789704820499335,2.3292293100516033,0.6154321968366799,8.83534517775054,15.0,3.0,3.5,0.8,4.328104634825734,15.581176685372643
1,61,4775,384,146.2282,-45.6727,220.946,2.0434,4.6049,-0.0235,-0.0986,-0.7915,-0.6298,0.0824,-0.0591,1.0106,0.043,car,64,155.1474,-36.7189,-0.0482,-0.1384,0.1384,-0.0481,231.6162,0.1465530620628583,0.5275910234262899,-8.919200000000018,-8.953800000000001,0.0247,0.0398,0.046841541392230034,12.63814318165451,0,01_63_64_4714_ego_64,0,4714,4694,4726,vehicle_vehicle,0.41789704820499335,2.3292293100516033,0.6154321968366799,8.83534517775054,15.0,3.0,3.5,0.8,4.328104634825734,15.581176685372643
1,63,4775,257,150.4068,-41.6797,229.9964,2.0859,4.8916,0.0316,-0.1029,-0.0176,-0.0983,0.0585,-0.0904,0.0866,-0.0497,car,64,155.1474,-36.7189,-0.0482,-0.1384,0.1384,-0.0481,231.6162,0.1465530620628583,0.5275910234262899,-4.740600000000001,-4.960799999999999,0.07980000000000001,0.03549999999999999,0.08734008243641633,6.861692575451046,0,01_63_64_4714_ego_64,1,4714,4694,4726,vehicle_vehicle,0.41789704820499335,2.3292293100516033,0.6154321968366799,8.83534517775054,15.0,3.0,3.5,0.8,4.328104634825734,15.581176685372643
1,64,4775,114,155.1474,-36.7189,231.6162,2.0116,4.8337,-0.0482,-0.1384,0.2001,0.3155,0.1384,-0.0481,-0.3716,0.039,car,64,155.1474,-36.7189,-0.0482,-0.1384,0.1384,-0.0481,231.6162,0.1465530620628583,0.5275910234262899,0.0,0.0,0.0,0.0,0.0,0.0,1,01_63_64_4714_ego_64,1,4714,4694,4726,vehicle_vehicle,0.41789704820499335,2.3292293100516033,0.6154321968366799,8.83534517775054,15.0,3.0,3.5,0.8,4.328104634825734,15.581176685372643
1,61,4776,385,146.2289,-45.6742,220.9297,2.0434,4.6049,-0.054,-0.1243,-0.8819,-0.6868,0.1222,-0.0586,1.1162,0.0589,car,64,155.1457,-36.7219,-0.0406,-0.1236,0.122,-0.0449,231.6159,0.13009734816667096,0.46835045340001547,-8.916799999999995,-8.952300000000001,-0.013400000000000002,-0.0006999999999999923,0.013418271125595876,12.635386718656456,0,01_63_64_4714_ego_64,0,4714,4694,4726,vehicle_vehicle,0.41789704820499335,2.3292293100516033,0.6154321968366799,8.83534517775054,15.0,3.0,3.5,0.8,4.328104634825734,15.581176685372643
1,63,4776,258,150.4075,-41.6827,230.0066,2.0859,4.8916,0.033,-0.1044,-0.0395,-0.1087,0.0588,-0.0924,0.1087,-0.0396,car,64,155.1457,-36.7219,-0.0406,-0.1236,0.122,-0.0449,231.6159,0.13009734816667096,0.46835045340001547,-4.738200000000006,-4.960799999999999,0.0736,0.019199999999999995,0.07606313167363016,6.860034685043513,0,01_63_64_4714_ego_64,1,4714,4694,4726,vehicle_vehicle,0.41789704820499335,2.3292293100516033,0.6154321968366799,8.83534517775054,15.0,3.0,3.5,0.8,4.328104634825734,15.581176685372643
1,64,4776,115,155.1457,-36.7219,231.6159,2.0116,4.8337,-0.0406,-0.1236,0.183,0.3061,0.122,-0.0449,-0.3536,0.0466,car,64,155.1457,-36.7219,-0.0406,-0.1236,0.122,-0.0449,231.6159,0.13009734816667096,0.46835045340001547,0.0,0.0,0.0,0.0,0.0,0.0,1,01_63_64_4714_ego_64,1,4714,4694,4726,vehicle_vehicle,0.41789704820499335,2.3292293100516033,0.6154321968366799,8.83534517775054,15.0,3.0,3.5,0.8,4.328104634825734,15.581176685372643
1,61,4777,386,146.2286,-45.677,220.907,2.0434,4.6049,-0.0891,-0.1534,-0.973,-0.7427,0.1677,-0.0576,1.2218,0.0759,car,64,155.1448,-36.7245,-0.0339,-0.11,0.1072,-0.0418,231.6154,0.11510521274034465,0.41437876586524075,-8.916200000000003,-8.9525,-0.0552,-0.04340000000000001,0.07021823125086533,12.635105013018295,0,01_63_64_4714_ego_64,0,4714,4694,4726,vehicle_vehicle,0.41789704820499335,2.3292293100516033,0.6154321968366799,8.83534517775054,15.0,3.0,3.5,0.8,4.328104634825734,15.581176685372643
1,63,4777,259,150.4088,-41.6862,230.0174,2.0859,4.8916,0.0335,-0.1066,-0.0635,-0.1215,0.0602,-0.0942,0.1339,-0.0294,car,64,155.1448,-36.7245,-0.0339,-0.11,0.1072,-0.0418,231.6154,0.11510521274034465,0.41437876586524075,-4.73599999999999,-4.9617,0.0674,0.0034000000000000002,0.06748570218942676,6.859166340744326,0,01_63_64_4714_ego_64,1,4714,4694,4726,vehicle_vehicle,0.41789704820499335,2.3292293100516033,0.6154321968366799,8.83534517775054,15.0,3.0,3.5,0.8,4.328104634825734,15.581176685372643
1,64,4777,116,155.1448,-36.7245,231.6154,2.0116,4.8337,-0.0339,-0.11,0.1664,0.2949,0.1072,-0.0418,-0.3345,0.0527,car,64,155.1448,-36.7245,-0.0339,-0.11,0.1072,-0.0418,231.6154,0.11510521274034465,0.41437876586524075,0.0,0.0,0.0,0.0,0.0,0.0,1,01_63_64_4714_ego_64,1,4714,4694,4726,vehicle_vehicle,0.41789704820499335,2.3292293100516033,0.6154321968366799,8.83534517775054,15.0,3.0,3.5,0.8,4.328104634825734,15.581176685372643
1,61,4778,387,146.2257,-45.6819,220.8897,2.0434,4.6049,-0.1284,-0.1854,-1.064,-0.7967,0.2184,-0.0561,1.3259,0.0943,car,64,155.1434,-36.7272,-0.0278,-0.0975,0.0936,-0.0388,231.6119,0.10138584713854297,0.3649890496987547,-8.917700000000025,-8.954699999999995,-0.1006,-0.0879,0.13359180364079226,12.637722317728,0,01_63_64_4714_ego_64,0,4714,4694,4726,vehicle_vehicle,0.41789704820499335,2.3292293100516033,0.6154321968366799,8.83534517775054,15.0,3.0,3.5,0.8,4.328104634825734,15.581176685372643
1,63,4778,260,150.4097,-41.6907,230.0284,2.0859,4.8916,0.0332,-0.1092,-0.0896,-0.1364,0.0624,-0.0956,0.1621,-0.019,car,64,155.1434,-36.7272,-0.0278,-0.0975,0.0936,-0.0388,231.6119,0.10138584713854297,0.3649890496987547,-4.733700000000027,-4.963499999999996,0.061,-0.011700000000000002,0.06211191512101362,6.858880953916624,0,01_63_64_4714_ego_64,1,4714,4694,4726,vehicle_vehicle,0.41789704820499335,2.3292293100516033,0.6154321968366799,8.83534517775054,15.0,3.0,3.5,0.8,4.328104634825734,15.581176685372643
1,64,4778,117,155.1434,-36.7272,231.6119,2.0116,4.8337,-0.0278,-0.0975,0.1503,0.2827,0.0936,-0.0388,-0.315,0.0577,car,64,155.1434,-36.7272,-0.0278,-0.0975,0.0936,-0.0388,231.6119,0.10138584713854297,0.3649890496987547,0.0,0.0,0.0,0.0,0.0,0.0,1,01_63_64_4714_ego_64,1,4714,4694,4726,vehicle_vehicle,0.41789704820499335,2.3292293100516033,0.6154321968366799,8.83534517775054,15.0,3.0,3.5,0.8,4.328104634825734,15.581176685372643
1,61,4779,388,146.2215,-45.6881,220.8679,2.0434,4.6049,-0.1721,-0.2203,-1.1542,-0.848,0.2743,-0.054,1.4277,0.114,car,64,155.1432,-36.7292,-0.0226,-0.0861,0.0816,-0.0357,231.6106,0.08901668382949345,0.3204600617861764,-8.921700000000016,-8.9589,-0.1495,-0.13419999999999999,0.20089771029058542,12.6435208743451,0,01_63_64_4714_ego_64,0,4714,4694,4726,vehicle_vehicle,0.41789704820499335,2.3292293100516033,0.6154321968366799,8.83534517775054,15.0,3.0,3.5,0.8,4.328104634825734,15.581176685372643
1,63,4779,261,150.4115,-41.6952,230.0483,2.0859,4.8916,0.0316,-0.1125,-0.1178,-0.1536,0.066,-0.0964,0.1933,-0.0083,car,64,155.1432,-36.7292,-0.0226,-0.0861,0.0816,-0.0357,231.6106,0.08901668382949345,0.3204600617861764,-4.731700000000018,-4.966000000000001,0.0542,-0.026400000000000007,0.06028764384183545,6.859310525847345,0,01_63_64_4714_ego_64,1,4714,4694,4726,vehicle_vehicle,0.41789704820499335,2.3292293100516033,0.6154321968366799,8.83534517775054,15.0,3.0,3.5,0.8,4.328104634825734,15.581176685372643
1,64,4779,118,155.1432,-36.7292,231.6106,2.0116,4.8337,-0.0226,-0.0861,0.135,0.2701,0.0816,-0.0357,-0.2956,0.0619,car,64,155.1432,-36.7292,-0.0226,-0.0861,0.0816,-0.0357,231.6106,0.08901668382949345,0.3204600617861764,0.0,0.0,0.0,0.0,0.0,0.0,1,01_63_64_4714_ego_64,1,4714,4694,4726,vehicle_vehicle,0.41789704820499335,2.3292293100516033,0.6154321968366799,8.83534517775054,15.0,3.0,3.5,0.8,4.328104634825734,15.581176685372643
1,61,4780,389,146.2148,-45.6968,220.844,2.0434,4.6049,-0.2199,-0.2576,-1.2431,-0.8961,0.3348,-0.0511,1.5264,0.1351,car,64,155.1422,-36.732,-0.018,-0.0754,0.0703,-0.0327,231.6129,0.07751877192009687,0.27906757891234873,-8.927400000000006,-8.964800000000004,-0.20190000000000002,-0.1822,0.2719567061133077,12.651723590088434,0,01_63_64_4714_ego_64,0,4714,4694,4726,vehicle_vehicle,0.41789704820499335,2.3292293100516033,0.6154321968366799,8.83534517775054,15.0,3.0,3.5,0.8,4.328104634825734,15.581176685372643
1,63,4780,262,150.4108,-41.6999,230.0686,2.0859,4.8916,0.0296,-0.1164,-0.1483,-0.173,0.0703,-0.0974,0.2278,0.0027,car,64,155.1422,-36.732,-0.018,-0.0754,0.0703,-0.0327,231.6129,0.07751877192009687,0.27906757891234873,-4.731400000000008,-4.9679,0.0476,-0.04100000000000001,0.06282324410598358,6.8604793105146875,0,01_63_64_4714_ego_64,1,4714,4694,4726,vehicle_vehicle,0.41789704820499335,2.3292293100516033,0.6154321968366799,8.83534517775054,15.0,3.0,3.5,0.8,4.328104634825734,15.581176685372643
1,64,4780,119,155.1422,-36.732,231.6129,2.0116,4.8337,-0.018,-0.0754,0.1206,0.2576,0.0703,-0.0327,-0.2767,0.0654,car,64,155.1422,-36.732,-0.018,-0.0754,0.0703,-0.0327,231.6129,0.07751877192009687,0.27906757891234873,0.0,0.0,0.0,0.0,0.0,0.0,1,01_63_64_4714_ego_64,1,4714,4694,4726,vehicle_vehicle,0.41789704820499335,2.3292293100516033,0.6154321968366799,8.83534517775054,15.0,3.0,3.5,0.8,4.328104634825734,15.581176685372643
1,61,4781,390,146.2066,-45.7071,220.818,2.0434,4.6049,-0.2718,-0.2971,-1.33,-0.9406,0.3999,-0.0472,1.6214,0.1575,car,64,155.1417,-36.7351,-0.014,-0.0651,0.0598,-0.0294,231.6185,0.06658836234658426,0.23971810444770333,-8.935099999999977,-8.971999999999994,-0.2578,-0.23199999999999998,0.3468210489575279,12.662258724650965,0,01_63_64_4714_ego_64,0,4714,4694,4726,vehicle_vehicle,0.41789704820499335,2.3292293100516033,0.6154321968366799,8.83534517775054,15.0,3.0,3.5,0.8,4.328104634825734,15.581176685372643
1,63,4781,263,150.4107,-41.705,230.0947,2.0859,4.8916,0.0269,-0.1209,-0.1818,-0.1947,0.0755,-0.0982,0.266,0.0146,car,64,155.1417,-36.7351,-0.014,-0.0651,0.0598,-0.0294,231.6185,0.06658836234658426,0.23971810444770333,-4.7309999999999945,-4.9698999999999955,0.0409,-0.05579999999999999,0.06918417449099179,6.861651915537534,0,01_63_64_4714_ego_64,1,4714,4694,4726,vehicle_vehicle,0.41789704820499335,2.3292293100516033,0.6154321968366799,8.83534517775054,15.0,3.0,3.5,0.8,4.328104634825734,15.581176685372643
1,64,4781,120,155.1417,-36.7351,231.6185,2.0116,4.8337,-0.014,-0.0651,0.1069,0.2451,0.0598,-0.0294,-0.2585,0.0684,car,64,155.1417,-36.7351,-0.014,-0.0651,0.0598,-0.0294,231.6185,0.06658836234658426,0.23971810444770333,0.0,0.0,0.0,0.0,0.0,0.0,1,01_63_64_4714_ego_64,1,4714,4694,4726,vehicle_vehicle,0.41789704820499335,2.3292293100516033,0.6154321968366799,8.83534517775054,15.0,3.0,3.5,0.8,4.328104634825734,15.581176685372643
1,61,4782,391,146.1962,-45.7188,220.7911,2.0434,4.6049,-0.3279,-0.3388,-1.4144,-0.9813,0.4696,-0.0423,1.7119,0.1811,car,64,155.1411,-36.7373,-0.0105,-0.0554,0.05,-0.0262,231.6231,0.056386257190914876,0.20299052588729355,-8.94489999999999,-8.981500000000004,-0.3174,-0.2834,0.4255094828555528,12.675905421704593,0,01_63_64_4714_ego_64,0,4714,4694,4726,vehicle_vehicle,0.41789704820499335,2.3292293100516033,0.6154321968366799,8.83534517775054,15.0,3.0,3.5,0.8,4.328104634825734,15.581176685372643
1,63,4782,264,150.411,-41.71,230.1155,2.0859,4.8916,0.0231,-0.1263,-0.2187,-0.2187,0.0822,-0.0987,0.3081,0.0276,car,64,155.1411,-36.7373,-0.0105,-0.0554,0.05,-0.0262,231.6231,0.056386257190914876,0.20299052588729355,-4.730099999999993,-4.972700000000003,0.0336,-0.07089999999999999,0.07845871525840835,6.863059907941936,0,01_63_64_4714_ego_64,1,4714,4694,4726,vehicle_vehicle,0.41789704820499335,2.3292293100516033,0.6154321968366799,8.83534517775054,15.0,3.0,3.5,0.8,4.328104634825734,15.581176685372643
1,64,4782,121,155.1411,-36.7373,231.6231,2.0116,4.8337,-0.0105,-0.0554,0.094,0.2326,0.05,-0.0262,-0.2407,0.0707,car,64,155.1411,-36.7373,-0.0105,-0.0554,0.05,-0.0262,231.6231,0.056386257190914876,0.20299052588729355,0.0,0.0,0.0,0.0,0.0,0.0,1,01_63_64_4714_ego_64,1,4714,4694,4726,vehicle_vehicle,0.41789704820499335,2.3292293100516033,0.6154321968366799,8.83534517775054,15.0,3.0,3.5,0.8,4.328104634825734,15.581176685372643
1,61,4783,392,146.1831,-45.7329,220.7628,2.0434,4.6049,-0.3877,-0.3822,-1.4958,-1.0179,0.5432,-0.0363,1.7975,0.2056,car,64,155.141,-36.7401,-0.0076,-0.0459,0.0407,-0.0225,231.6253,0.0465249395485905,0.16748978237492582,-8.957899999999995,-8.992800000000003,-0.3801,-0.3363,0.5075171918270355,12.693085686703606,0,01_63_64_4714_ego_64,0,4714,4694,4726,vehicle_vehicle,0.41789704820499335,2.3292293100516033,0.6154321968366799,8.83534517775054,15.0,3.0,3.5,0.8,4.328104634825734,15.581176685372643
1,63,4783,265,150.412,-41.7158,230.1366,2.0859,4.8916,0.0177,-0.1325,-0.259,-0.2453,0.0904,-0.0985,0.3543,0.0416,car,64,155.141,-36.7401,-0.0076,-0.0459,0.0407,-0.0225,231.6253,0.0465249395485905,0.16748978237492582,-4.728999999999985,-4.975700000000003,0.0253,-0.08660000000000001,0.09022000886721306,6.864476053567373,0,01_63_64_4714_ego_64,1,4714,4694,4726,vehicle_vehicle,0.41789704820499335,2.3292293100516033,0.6154321968366799,8.83534517775054,15.0,3.0,3.5,0.8,4.328104634825734,15.581176685372643
1,64,4783,122,155.141,-36.7401,231.6253,2.0116,4.8337,-0.0076,-0.0459,0.082,0.2201,0.0407,-0.0225,-0.2234,0.0724,car,64,155.141,-36.7401,-0.0076,-0.0459,0.0407,-0.0225,231.6253,0.0465249395485905,0.16748978237492582,0.0,0.0,0.0,0.0,0.0,0.0,1,01_63_64_4714_ego_64,1,4714,4694,4726,vehicle_vehicle,0.41789704820499335,2.3292293100516033,0.6154321968366799,8.83534517775054,15.0,3.0,3.5,0.8,4.328104634825734,15.581176685372643
1,61,4784,393,146.1667,-45.7501,220.7213,2.0434,4.6049,-0.451,-0.4266,-1.5738,-1.0506,0.6201,-0.0291,1.8781,0.2305,car,64,155.1399,-36.7437,-0.0049,-0.0361,0.0313,-0.0186,231.6268,0.03643103072931097,0.1311517106255195,-8.97320000000002,-9.006400000000006,-0.4461,-0.39049999999999996,0.5928705254943949,12.713518757606035,0,01_63_64_4714_ego_64,0,4714,4694,4726,vehicle_vehicle,0.41789704820499335,2.3292293100516033,0.6154321968366799,8.83534517775054,15.0,3.0,3.5,0.8,4.328104634825734,15.581176685372643
1,63,4784,266,150.4125,-41.7233,230.1556,2.0859,4.8916,0.0107,-0.1389,-0.3026,-0.2748,0.0998,-0.0972,0.4049,0.0563,car,64,155.1399,-36.7437,-0.0049,-0.0361,0.0313,-0.0186,231.6268,0.03643103072931097,0.1311517106255195,-4.727400000000017,-4.979600000000005,0.0156,-0.1028,0.10397692051604529,6.866201782645207,0,01_63_64_4714_ego_64,1,4714,4694,4726,vehicle_vehicle,0.41789704820499335,2.3292293100516033,0.6154321968366799,8.83534517775054,15.0,3.0,3.5,0.8,4.328104634825734,15.581176685372643
1,64,4784,123,155.1399,-36.7437,231.6268,2.0116,4.8337,-0.0049,-0.0361,0.0706,0.2069,0.0313,-0.0186,-0.2061,0.0731,car,64,155.1399,-36.7437,-0.0049,-0.0361,0.0313,-0.0186,231.6268,0.03643103072931097,0.1311517106255195,0.0,0.0,0.0,0.0,0.0,0.0,1,01_63_64_4714_ego_64,1,4714,4694,4726,vehicle_vehicle,0.41789704820499335,2.3292293100516033,0.6154321968366799,8.83534517775054,15.0,3.0,3.5,0.8,4.328104634825734,15.581176685372643
1,61,4785,394,146.148,-45.7688,220.674,2.0434,4.6049,-0.5176,-0.472,-1.6482,-1.0797,0.7002,-0.0207,1.9538,0.2553,car,64,155.1402,-36.7456,-0.0028,-0.0265,0.0225,-0.0143,231.6272,0.026647513955339246,0.09593105023922129,-8.992199999999997,-9.023199999999996,-0.5147999999999999,-0.44549999999999995,0.680800477379386,12.738830365461338,0,01_63_64_4714_ego_64,0,4714,4694,4726,vehicle_vehicle,0.41789704820499335,2.3292293100516033,0.6154321968366799,8.83534517775054,15.0,3.0,3.5,0.8,4.328104634825734,15.581176685372643
1,63,4785,267,150.4145,-41.7303,230.1644,2.0859,4.8916,0.0012,-0.146,-0.3492,-0.308,0.1114,-0.0945,0.4602,0.0709,car,64,155.1402,-36.7456,-0.0028,-0.0265,0.0225,-0.0143,231.6272,0.026647513955339246,0.09593105023922129,-4.725699999999989,-4.984699999999997,0.004,-0.1195,0.11956692686524982,6.868731657300339,0,01_63_64_4714_ego_64,1,4714,4694,4726,vehicle_vehicle,0.41789704820499335,2.3292293100516033,0.6154321968366799,8.83534517775054,15.0,3.0,3.5,0.8,4.328104634825734,15.581176685372643
1,64,4785,124,155.1402,-36.7456,231.6272,2.0116,4.8337,-0.0028,-0.0265,0.0599,0.1927,0.0225,-0.0143,-0.1882,0.0726,car,64,155.1402,-36.7456,-0.0028,-0.0265,0.0225,-0.0143,231.6272,0.026647513955339246,0.09593105023922129,0.0,0.0,0.0,0.0,0.0,0.0,1,01_63_64_4714_ego_64,1,4714,4694,4726,vehicle_vehicle,0.41789704820499335,2.3292293100516033,0.6154321968366799,8.83534517775054,15.0,3.0,3.5,0.8,4.328104634825734,15.581176685372643
1,61,4786,395,146.1268,-45.7891,220.623,2.0434,4.6049,-0.5875,-0.5184,-1.7189,-1.1056,0.7834,-0.011,2.0245,0.28,car,64,155.1405,-36.7461,-0.0012,-0.0178,0.0147,-0.01,231.6274,0.017840403582878948,0.06422545289836422,-9.0137,-9.043,-0.5863,-0.5005999999999999,0.7709397187848087,12.768031825226627,0,01_63_64_4714_ego_64,0,4714,4694,4726,vehicle_vehicle,0.41789704820499335,2.3292293100516033,0.6154321968366799,8.83534517775054,15.0,3.0,3.5,0.8,4.328104634825734,15.581176685372643
1,63,4786,268,150.4177,-41.7373,230.1779,2.0859,4.8916,-0.0115,-0.1541,-0.3978,-0.3452,0.1257,-0.0898,0.5199,0.0844,car,64,155.1405,-36.7461,-0.0012,-0.0178,0.0147,-0.01,231.6274,0.017840403582878948,0.06422545289836422,-4.7228000000000065,-4.991199999999999,-0.0103,-0.13629999999999998,0.1366886242523495,6.871456707278308,0,01_63_64_4714_ego_64,1,4714,4694,4726,vehicle_vehicle,0.41789704820499335,2.3292293100516033,0.6154321968366799,8.83534517775054,15.0,3.0,3.5,0.8,4.328104634825734,15.581176685372643
1,64,4786,125,155.1405,-36.7461,231.6274,2.0116,4.8337,-0.0012,-0.0178,0.05,0.1772,0.0147,-0.01,-0.17,0.0708,car,64,155.1405,-36.7461,-0.0012,-0.0178,0.0147,-0.01,231.6274,0.017840403582878948,0.06422545289836422,0.0,0.0,0.0,0.0,0.0,0.0,1,01_63_64_4714_ego_64,1,4714,4694,4726,vehicle_vehicle,0.41789704820499335,2.3292293100516033,0.6154321968366799,8.83534517775054,15.0,3.0,3.5,0.8,4.328104634825734,15.581176685372643
1,61,4787,396,146.1023,-45.8113,220.5615,2.0434,4.6049,-0.6604,-0.5655,-1.7855,-1.1284,0.8694,-0.0002,2.0902,0.3037,car,64,155.1402,-36.7464,0.0,-0.0097,0.0076,-0.006,231.6252,0.0097,0.03492,-9.03789999999998,-9.064900000000002,-0.6604,-0.5558,0.8631580388318236,12.800626876055706,0,01_63_64_4714_ego_64,0,4714,4694,4726,vehicle_vehicle,0.41789704820499335,2.3292293100516033,0.6154321968366799,8.83534517775054,15.0,3.0,3.5,0.8,4.328104634825734,15.581176685372643
1,63,4787,269,150.4184,-41.7442,230.1925,2.0859,4.8916,-0.0267,-0.1635,-0.4474,-0.3868,0.1427,-0.0841,0.5836,0.096,car,64,155.1402,-36.7464,0.0,-0.0097,0.0076,-0.006,231.6252,0.0097,0.03492,-4.721800000000002,-4.997799999999998,-0.0267,-0.1538,0.156100384368521,6.8755654371113355,0,01_63_64_4714_ego_64,1,4714,4694,4726,vehicle_vehicle,0.41789704820499335,2.3292293100516033,0.6154321968366799,8.83534517775054,15.0,3.0,3.5,0.8,4.328104634825734,15.581176685372643
1,64,4787,126,155.1402,-36.7464,231.6252,2.0116,4.8337,0.0,-0.0097,0.0409,0.1608,0.0076,-0.006,-0.1514,0.0678,car,64,155.1402,-36.7464,0.0,-0.0097,0.0076,-0.006,231.6252,0.0097,0.03492,0.0,0.0,0.0,0.0,0.0,0.0,1,01_63_64_4714_ego_64,1,4714,4694,4726,vehicle_vehicle,0.41789704820499335,2.3292293100516033,0.6154321968366799,8.83534517775054,15.0,3.0,3.5,0.8,4.328104634825734,15.581176685372643
1,61,4788,397,146.0749,-45.8348,220.5002,2.0434,4.6049,-0.7361,-0.6136,-1.8478,-1.1483,0.9582,0.0115,2.1509,0.3269,car,64,155.1397,-36.7454,0.0011,-0.0028,0.0015,-0.0026,231.6223,0.0030083217912982648,0.010829958448673753,-9.064799999999991,-9.089400000000005,-0.7372,-0.6108,0.9573612066508648,12.836969712513929,0,01_63_64_4714_ego_64,0,4714,4694,4726,vehicle_vehicle,0.41789704820499335,2.3292293100516033,0.6154321968366799,8.83534517775054,15.0,3.0,3.5,0.8,4.328104634825734,15.581176685372643
1,63,4788,270,150.42,-41.7513,230.2066,2.0859,4.8916,-0.0452,-0.1744,-0.497,-0.4329,0.1629,-0.0769,0.6507,0.1048,car,64,155.1397,-36.7454,0.0011,-0.0028,0.0015,-0.0026,231.6223,0.0030083217912982648,0.010829958448673753,-4.719700000000017,-5.005900000000004,-0.046299999999999994,-0.1716,0.1777364622130192,6.880014745623748,0,01_63_64_4714_ego_64,1,4714,4694,4726,vehicle_vehicle,0.41789704820499335,2.3292293100516033,0.6154321968366799,8.83534517775054,15.0,3.0,3.5,0.8,4.328104634825734,15.581176685372643
1,64,4788,127,155.1397,-36.7454,231.6223,2.0116,4.8337,0.0011,-0.0028,0.0324,0.1435,0.0015,-0.0026,-0.1326,0.0637,car,64,155.1397,-36.7454,0.0011,-0.0028,0.0015,-0.0026,231.6223,0.0030083217912982648,0.010829958448673753,0.0,0.0,0.0,0.0,0.0,0.0,1,01_63_64_4714_ego_64,1,4714,4694,4726,vehicle_vehicle,0.41789704820499335,2.3292293100516033,0.6154321968366799,8.83534517775054,15.0,3.0,3.5,0.8,4.328104634825734,15.581176685372643
1,61,4789,398,146.0434,-45.8589,220.4415,2.0434,4.6049,-0.8141,-0.663,-1.906,-1.165,1.0496,0.0235,2.2063,0.3497,car,64,155.1398,-36.745,0.0019,0.0033,-0.0037,0.0006,231.6158,0.003807886552931954,0.013708391590555034,-9.096400000000017,-9.113900000000001,-0.8160000000000001,-0.6663,1.0534760035235735,12.876632563290773,0,01_63_64_4714_ego_64,0,4714,4694,4726,vehicle_vehicle,0.41789704820499335,2.3292293100516033,0.6154321968366799,8.83534517775054,15.0,3.0,3.5,0.8,4.328104634825734,15.581176685372643
1,63,4789,271,150.4193,-41.758,230.2206,2.0859,4.8916,-0.0662,-0.1874,-0.5458,-0.4834,0.1864,-0.069,0.7207,0.1101,car,64,155.1398,-36.745,0.0019,0.0033,-0.0037,0.0006,231.6158,0.003807886552931954,0.013708391590555034,-4.7205000000000155,-5.013000000000005,-0.0681,-0.1907,0.20249469128843847,6.88573084356339,0,01_63_64_4714_ego_64,1,4714,4694,4726,vehicle_vehicle,0.41789704820499335,2.3292293100516033,0.6154321968366799,8.83534517775054,15.0,3.0,3.5,0.8,4.328104634825734,15.581176685372643
1,64,4789,128,155.1398,-36.745,231.6158,2.0116,4.8337,0.0019,0.0033,0.0244,0.1259,-0.0037,0.0006,-0.1139,0.0591,car,64,155.1398,-36.745,0.0019,0.0033,-0.0037,0.0006,231.6158,0.003807886552931954,0.013708391590555034,0.0,0.0,0.0,0.0,0.0,0.0,1,01_63_64_4714_ego_64,1,4714,4694,4726,vehicle_vehicle,0.41789704820499335,2.3292293100516033,0.6154321968366799,8.83534517775054,15.0,3.0,3.5,0.8,4.328104634825734,15.581176685372643
